# Generated from legacy Unity YAML Mesh assets without Unity.
mtllib collision.mtl

o collision_PZ_snow_01
v -49.3206142 -0.275350213 -32.0885967
v -47.7329071 -0.275350213 -34.5051546
v -45.0450249 1.88724935 -30.6682413
v -42.8945773 1.70409429 -32.166542
v -45.2098133 -0.275350213 -36.806175
v -40.3879553 1.75571859 -33.8619261
v -42.3852973 -0.275350213 -38.2838847
v -38.9495713 -0.275350213 -39.2455381
v -38.7971151 1.70409429 -29.0124034
v -41.3474 0.996757865 -26.8355948
v -35.3265259 -0.275350213 -26.0961208
v -37.8855237 -0.275350213 -24.7056625
v -44.6835623 -0.275350213 -25.1112845
v -40.8779895 -0.275350213 -23.9126143
v -33.4874073 -0.275350213 -28.5466518
v -36.9113619 0.996757865 -31.4990312
v -47.621204 -0.275350213 -28.1886114
v -33.8408902 -0.275350213 -37.373548
v -33.1729662 -0.275350213 -31.4498794
v -41.4113895 -0.117600084 -15.4450928
v -42.9022192 0.741396308 -16.9638176
v -40.4364181 -0.117600084 -17.2314317
v -43.2703486 0.0230249164 -15.1084836
v -44.1751955 0.445593238 -18.8439194
v -41.5498064 -0.117600084 -18.9031792
v -45.1215191 -0.117600084 -19.9914036
v -45.129304 -0.117600084 -14.7718744
v -45.3680204 1.31914365 -16.6961842
v -49.0480741 1.19746244 -16.4702638
v -49.8618783 -0.117600084 -14.2969161
v -53.2986692 1.23176134 -16.2266562
v -51.4703996 1.19746244 -18.3621482
v -46.8005846 0.727537513 -18.7846404
v -53.3351994 -0.117600084 -20.0591755
v -49.2557622 -0.117600084 -20.176326
v -57.3754901 -0.117600084 -19.414109
v -55.5932251 0.727537513 -17.7108001
v -63.7007229 -0.117600084 -15.9446416
v -59.9637544 -0.117600084 -18.3437177
v -54.3210382 -0.117600084 -14.1896613
v -53.2986692 1.23176134 -16.2266562
v -59.1067285 -0.117600084 -14.3822021
v -53.2986692 1.23176134 -16.2266562
v -59.1067285 -0.117600084 -14.3822021
v -55.5932251 0.727537513 -17.7108001
v -63.7007229 -0.117600084 -15.9446416
v -59.9637544 -0.117600084 -18.3437177
v -47.6143156 -0.275350213 8.72852269
v -46.0265971 -0.275350213 6.31196472
v -43.3387187 1.88724935 10.148878
v -41.1882712 1.70409429 8.65057734
v -43.5035071 -0.275350213 4.01094436
v -38.6816453 1.75571859 6.95519005
v -40.6789911 -0.275350213 2.53323143
v -37.2432651 -0.275350213 1.571578
v -37.0908089 1.70409429 11.8047128
v -39.6410976 0.996757865 13.9815246
v -33.6202235 -0.275350213 14.7209954
v -36.1792214 -0.275350213 16.1114536
v -42.9772561 -0.275350213 15.7058316
v -39.1716834 -0.275350213 16.9045083
v -31.781105 -0.275350213 12.2704675
v -35.2050519 0.996757865 9.31808812
v -45.9149054 -0.275350213 12.628508
v -32.134584 -0.275350213 3.44357132
v -31.4666562 -0.275350213 9.36723994
v -41.4113794 -0.117600084 19.2742711
v -42.9022092 0.741396308 17.7555399
v -40.4364042 -0.117600084 17.4879321
v -43.2703386 -0.0746313336 19.6108771
v -44.1751854 0.445593238 15.8754444
v -41.5497925 -0.117600084 15.8161782
v -45.121509 -0.117600084 14.7279539
v -45.1292939 -0.117600084 19.9474895
v -45.3680104 1.31914365 18.0231732
v -49.0480679 1.19746244 18.2490969
v -49.8618721 -0.117600084 20.4224445
v -53.2986629 1.23176134 18.4927012
v -51.4703933 1.19746244 16.3572124
v -46.8005783 0.727537513 15.934717
v -53.3351931 -0.117600084 14.660182
v -49.2557559 -0.117600084 14.5430347
v -57.3754839 -0.117600084 15.3052484
v -55.5932188 0.727537513 17.0085573
v -63.7007167 -0.117600084 18.774719
v -59.9637481 -0.117600084 16.3756462
v -54.3210319 -0.117600084 20.5296994
v -53.2986629 1.23176134 18.4927012
v -59.1067223 -0.117600084 20.3371554
v -53.2986629 1.23176134 18.4927012
v -59.1067223 -0.117600084 20.3371554
v -55.5932188 0.727537513 17.0085573
v -63.7007167 -0.117600084 18.774719
v -59.9637481 -0.117600084 16.3756462
v -18.7000092 -0.049131036 7.37786016
v -17.930852 -0.049131036 6.20719397
v -16.6287505 0.812722564 8.06594034
v -15.5869988 0.909786582 7.34010609
v -16.7085774 -0.049131036 5.09248951
v -14.3726912 0.934795737 6.51879737
v -15.3402762 -0.049131036 4.37663091
v -13.6758838 -0.049131036 3.91077256
v -13.6020265 0.909786582 8.86808687
v -14.8374828 0.567125678 9.92261727
v -11.9207442 -0.049131036 10.2808434
v -13.1604177 -0.049131036 10.9544355
v -16.4536402 -0.049131036 10.7579381
v -14.6100808 -0.049131036 11.338614
v -11.0298066 -0.049131036 9.09370877
v -12.6884983 0.567125678 7.6634732
v -17.8767514 -0.049131036 9.26715741
v -11.2010473 -0.049131036 4.81763691
v -10.8774803 -0.049131036 7.68728471
v -3.60683362 -0.0491300823 16.3158426
v -2.83767642 -0.0491300823 15.1451764
v -1.53557495 1.97350538 17.0039291
v -0.493823219 2.20129812 16.2780981
v -1.61540184 -0.0491300823 14.0304751
v 0.720482511 2.259992 15.456783
v -0.247100578 -0.0491300823 13.3146165
v 1.41729086 -0.0491300823 12.8487581
v 1.49114906 2.20129812 17.8060789
v 0.255692779 1.39712751 18.8606061
v 3.17243135 -0.0491300823 19.2188258
v 1.93275691 -0.0491300823 19.8924243
v -1.3604646 -0.0491300823 19.6959269
v 0.483094767 -0.0491300823 20.2765996
v 4.06336895 -0.0491300823 18.0316976
v 2.40467728 1.39712751 16.6014588
v -2.78357583 -0.0491300823 18.2051398
v 3.89212737 -0.0491300823 13.7556257
v 4.21569528 -0.0491300823 16.6252735
v 8.30244292 -0.049131036 35.1666695
v 9.07160012 -0.049131036 33.9960033
v 10.3737016 0.812722564 35.8547561
v 11.4154533 0.909786582 35.1289218
v 10.2938747 -0.049131036 32.8812988
v 12.629761 0.934795737 34.3076067
v 11.662176 -0.049131036 32.1654402
v 13.3265684 -0.049131036 31.6995819
v 13.4004256 0.909786582 36.6569026
v 12.1649712 0.567125678 37.7114298
v 15.0817098 -0.049131036 38.0696527
v 13.8420363 -0.049131036 38.7432481
v 10.5488138 -0.049131036 38.5467538
v 12.3923732 -0.049131036 39.1274265
v 15.9726455 -0.049131036 36.8825181
v 14.3139538 0.567125678 35.4522857
v 9.12570262 -0.049131036 37.0559667
v 15.8014049 -0.049131036 32.6064526
v 16.1249718 -0.049131036 35.4760972
v -5.23336881 -0.049131036 28.186143
v -6.87616839 0.495094657 27.0300826
v -4.74361156 -0.049131036 26.5552287
v -4.55186806 -0.049131036 24.6396263
v -6.36601969 0.909786582 25.3566428
v -4.50092695 -0.049131036 22.6077426
v -6.6792203 0.720442176 21.9332235
v -4.92062408 -0.049131036 20.8576829
v -5.97318708 -0.049131036 19.2378705
v -13.8013007 -0.049131036 29.3628123
v -13.211694 0.720442176 26.3891535
v -12.6245544 -0.049131036 29.3470218
v -11.4259672 0.909786582 27.6302552
v -10.7089507 -0.049131036 29.4444053
v -8.67084383 -0.049131036 29.2036895
v -9.37283616 0.750960707 27.52164
v -7.0683277 -0.049131036 28.9228918
v -6.87616839 0.495094657 27.0300826
v -5.23336881 -0.049131036 28.186143
v -14.3689102 -0.049131036 20.4856762
v -11.9933417 0.720442176 21.1259088
v -14.633051 -0.049131036 21.8089076
v -12.9118384 0.909786582 23.0627149
v -14.7815798 -0.049131036 23.6188856
v -14.7194113 -0.049131036 25.6702218
v -13.211694 0.720442176 26.3891535
v -14.6612883 -0.049131036 27.3780391
v -13.8013007 -0.049131036 29.3628123
v -5.97318708 -0.049131036 19.2378705
v -6.6792203 0.720442176 21.9332235
v -7.84392039 -0.049131036 18.9542749
v -9.76071611 -0.049131036 19.0242171
v -9.22587417 0.909786582 21.2577418
v -11.7700964 -0.049131036 19.441649
v -11.9933417 0.720442176 21.1259088
v -13.1440435 -0.049131036 19.7959739
v -14.3689102 -0.049131036 20.4856762
v -5.73524868 -0.049131036 -20.5220132
v -7.37804827 0.495094657 -21.6780752
v -5.24549144 -0.049131036 -22.1529179
v -5.05374602 -0.049131036 -24.0685219
v -6.86789766 0.909786582 -23.3515246
v -5.00280302 -0.049131036 -26.1004121
v -7.18109636 0.720442176 -26.7749407
v -5.42250014 -0.049131036 -27.8504749
v -6.47506696 -0.049131036 -29.4702809
v -14.3031787 -0.049131036 -19.3453519
v -13.7135739 0.720442176 -22.3190139
v -13.1264342 -0.049131036 -19.3611328
v -11.9278471 0.909786582 -21.077901
v -11.2108306 -0.049131036 -19.2637557
v -9.1727237 -0.049131036 -19.5044779
v -9.87471604 0.750960707 -21.1865243
v -7.57020758 -0.049131036 -19.7852628
v -7.37804827 0.495094657 -21.6780752
v -5.73524868 -0.049131036 -20.5220132
v -14.8707882 -0.049131036 -28.222488
v -12.4952197 0.720442176 -27.5822522
v -15.134929 -0.049131036 -26.8992534
v -13.4137145 0.909786582 -25.6454429
v -15.2834577 -0.049131036 -25.0892851
v -15.2212931 -0.049131036 -23.037936
v -13.7135739 0.720442176 -22.3190139
v -15.1631682 -0.049131036 -21.33013
v -14.3031787 -0.049131036 -19.3453519
v -6.47506696 -0.049131036 -29.4702809
v -7.18109636 0.720442176 -26.7749407
v -8.34579836 -0.049131036 -29.7538862
v -10.2625941 -0.049131036 -29.6839439
v -9.72775023 0.909786582 -27.4504161
v -12.2719743 -0.049131036 -29.2665056
v -12.4952197 0.720442176 -27.5822522
v -13.6459195 -0.049131036 -28.9121839
v -14.8707882 -0.049131036 -28.222488
v -2.28299311 -0.0491300823 -18.7505858
v -1.51383591 -0.0491300823 -19.921252
v -0.211734445 1.97350538 -18.0625025
v 0.830017286 2.20129812 -18.7883335
v -0.291561335 -0.0491300823 -21.0359597
v 2.04432206 2.259992 -19.6096422
v 1.07673802 -0.0491300823 -21.7518119
v 2.74113136 -0.0491300823 -22.2176671
v 2.81498956 2.20129812 -17.2603527
v 1.57953328 1.39712751 -16.2058255
v 4.49627186 -0.0491300823 -15.8475962
v 3.25659741 -0.0491300823 -15.1740073
v -0.0366221899 -0.0491300823 -15.3705015
v 1.80693718 -0.0491300823 -14.789832
v 5.38720945 -0.0491300823 -17.034734
v 3.72851779 1.39712751 -18.4649792
v -1.45973533 -0.0491300823 -16.8612854
v 5.21596787 -0.0491300823 -21.3108027
v 5.53953578 -0.0491300823 -18.4411581
v 16.2176177 -0.0491300823 -16.2897789
v 16.9867749 -0.0491300823 -17.4604515
v 18.2888763 1.97350538 -15.6017019
v 19.3306281 2.20129812 -16.327533
v 18.2090495 -0.0491300823 -18.5751591
v 20.5449309 2.259992 -17.1488353
v 19.5773488 -0.0491300823 -19.2910114
v 21.2417422 -0.0491300823 -19.7568601
v 21.3156004 2.20129812 -14.7995458
v 20.0801441 1.39712751 -13.7450186
v 22.9968827 -0.0491300823 -13.3867893
v 21.7572082 -0.0491300823 -12.7132067
v 18.4639886 -0.0491300823 -12.909701
v 20.307548 -0.0491300823 -12.3290251
v 23.8878202 -0.0491300823 -14.5739335
v 22.2291286 1.39712751 -16.0041723
v 17.0408755 -0.0491300823 -14.4004849
v 23.7165787 -0.0491300823 -18.8500022
v 24.0401466 -0.0491300823 -15.9803576
v -12.4304546 -0.0491300823 -32.4001882
v -12.7143657 -0.0491300823 -34.1291738
v -10.4793039 1.97350538 -33.633018
v -10.2559117 2.20129812 -35.2084949
v -12.6382972 -0.0491300823 -36.2121675
v -9.97801899 2.259992 -37.0228579
v -12.176948 -0.0491300823 -38.0697851
v -11.3294523 -0.0491300823 -39.9685146
v -7.77187249 2.20129812 -35.6158137
v -7.89981326 1.39712751 -33.574725
v -5.58405973 -0.0491300823 -35.8551351
v -5.98435468 -0.0491300823 -34.14983
v -8.45195405 -0.0491300823 -31.389697
v -6.737759 -0.0491300823 -32.5153176
v -5.79350983 -0.0491300823 -37.7073538
v -7.9777139 1.39712751 -37.5037518
v -10.5123865 -0.0491300823 -31.450005
v -8.93823248 -0.0491300823 -41.3660476
v -6.68028987 -0.0491300823 -39.0967176
v -45.8415327 -0.117600084 -46.2788085
v -44.4887416 0.741396308 -44.6359167
v -46.9684817 -0.117600084 -44.5842434
v -43.9603071 0.0230249164 -46.4521155
v -43.3844703 0.445593238 -42.6520406
v -46.0050376 -0.117600084 -42.8218158
v -42.5417576 -0.117600084 -41.4264459
v -42.0790892 -0.117600084 -46.6254353
v -42.0089976 1.31914365 -44.6876283
v -38.3232562 1.19746244 -44.5919658
v -37.3231269 -0.117600084 -46.6860964
v -34.0676028 1.23176134 -44.4641663
v -36.0750449 1.19746244 -42.4961471
v -40.7639105 0.727537513 -42.4822782
v -34.3652438 -0.117600084 -40.643046
v -38.4393711 -0.117600084 -40.8819056
v -30.2841053 -0.117600084 -40.9335351
v -31.9111388 0.727537513 -42.7856768
v -23.6805558 -0.117600084 -43.8385357
v -27.6123983 -0.117600084 -41.7742646
v -32.8715849 -0.117600084 -46.4043147
v -34.0676028 1.23176134 -44.4641663
v -28.1208867 -0.117600084 -45.7953978
v -34.0676028 1.23176134 -44.4641663
v -28.1208867 -0.117600084 -45.7953978
v -31.9111388 0.727537513 -42.7856768
v -23.6805558 -0.117600084 -43.8385357
v -27.6123983 -0.117600084 -41.7742646
v -26.0182943 -0.117600084 -46.0593274
v -24.6655032 0.741396308 -44.416442
v -27.1452433 -0.117600084 -44.3647623
v -24.1370687 0.0230249164 -46.2326408
v -23.5612319 0.445593238 -42.4325659
v -26.1817992 -0.117600084 -42.6023347
v -22.7185192 -0.117600084 -41.2069648
v -22.2558508 -0.117600084 -46.4059606
v -22.1857592 1.31914365 -44.4681536
v -18.5000178 1.19746244 -44.3724911
v -17.4998884 -0.117600084 -46.4666217
v -14.2443644 1.23176134 -44.2446916
v -16.2518065 1.19746244 -42.2766724
v -20.9406721 0.727537513 -42.2627971
v -14.5420054 -0.117600084 -40.4235712
v -18.6161327 -0.117600084 -40.6624309
v -10.4608669 -0.117600084 -40.7140604
v -12.0879004 0.727537513 -42.5662021
v -3.85731743 -0.117600084 -43.619061
v -7.78915986 -0.117600084 -41.5547899
v -13.0483465 -0.117600084 -46.18484
v -14.2443644 1.23176134 -44.2446916
v -8.29764829 -0.117600084 -45.5759231
v -14.2443644 1.23176134 -44.2446916
v -8.29764829 -0.117600084 -45.5759231
v -12.0879004 0.727537513 -42.5662021
v -3.85731743 -0.117600084 -43.619061
v -7.78915986 -0.117600084 -41.5547899
v -10.6904135 -0.117600084 -46.6255561
v -9.33762239 0.741396308 -44.9826707
v -11.8173625 -0.117600084 -44.930991
v -8.80918797 0.0230249164 -46.7988759
v -8.2333511 0.445593238 -42.9987946
v -10.8539185 -0.117600084 -43.1685634
v -7.39063848 -0.117600084 -41.7731936
v -6.92797004 -0.117600084 -46.9721893
v -6.85787844 1.31914365 -45.0343887
v -3.172137 1.19746244 -44.9387263
v -2.17200768 -0.117600084 -47.0328568
v 1.0835164 1.23176134 -44.8109267
v -0.923925719 1.19746244 -42.8429075
v -5.61279138 0.727537513 -42.8290258
v 0.785875335 -0.117600084 -40.9898064
v -3.28825191 -0.117600084 -41.2286596
v 4.86701389 -0.117600084 -41.2802955
v 3.23998033 0.727537513 -43.1324372
v 11.4705633 -0.117600084 -44.1852897
v 7.5387209 -0.117600084 -42.121025
v 2.27953427 -0.117600084 -46.7510751
v 1.0835164 1.23176134 -44.8109267
v 7.03023247 -0.117600084 -46.1421582
v 1.0835164 1.23176134 -44.8109267
v 7.03023247 -0.117600084 -46.1421582
v 3.23998033 0.727537513 -43.1324372
v 11.4705633 -0.117600084 -44.1852897
v 7.5387209 -0.117600084 -42.121025
v -29.0663928 -0.117600084 44.2219518
v -30.5572187 0.741396308 42.7032142
v -28.0914214 -0.117600084 42.4356128
v -30.9253558 0.0230249164 44.5585642
v -31.8301988 0.445593238 40.8231379
v -29.2048021 -0.117600084 40.7638637
v -32.7765224 -0.117600084 39.6756482
v -32.7843073 -0.117600084 44.8951766
v -33.0230199 1.31914365 42.9708523
v -36.7030812 1.19746244 43.1967888
v -37.5168855 -0.117600084 45.3701157
v -40.9536763 1.23176134 43.4403788
v -39.1253953 1.19746244 41.3048868
v -34.4555803 0.727537513 40.8824121
v -40.9902027 -0.117600084 39.6078579
v -36.9107578 -0.117600084 39.4907242
v -45.0304896 -0.117600084 40.2529348
v -43.2482246 0.727537513 41.9562236
v -51.3557186 -0.117600084 43.7224174
v -47.61875 -0.117600084 41.3233197
v -41.9760491 -0.117600084 45.4773841
v -40.9536763 1.23176134 43.4403788
v -46.7617394 -0.117600084 45.2848345
v -40.9536763 1.23176134 43.4403788
v -46.7617394 -0.117600084 45.2848345
v -43.2482246 0.727537513 41.9562236
v -51.3557186 -0.117600084 43.7224174
v -47.61875 -0.117600084 41.3233197
v -9.19261357 -0.117600084 43.8806362
v -10.6834395 0.741396308 42.3618986
v -8.21764212 -0.117600084 42.0942972
v -11.0515765 0.0230249164 44.2172486
v -11.9564158 0.445593238 40.4818231
v -9.33101904 -0.117600084 40.4225481
v -12.9027394 -0.117600084 39.3343318
v -12.910528 -0.117600084 44.553861
v -13.1492407 1.31914365 42.6295359
v -16.829302 1.19746244 42.8554732
v -17.6431062 -0.117600084 45.0288
v -21.079897 1.23176134 43.0990631
v -19.251616 1.19746244 40.9635711
v -14.5817972 0.727537513 40.5410965
v -21.1164196 -0.117600084 39.2665423
v -17.0369748 -0.117600084 39.1494094
v -25.1567065 -0.117600084 39.9116191
v -23.3744453 0.727537513 41.614908
v -31.4819394 -0.117600084 43.3811017
v -27.7449708 -0.117600084 40.9820041
v -22.1022699 -0.117600084 45.1360684
v -21.079897 1.23176134 43.0990631
v -26.8879602 -0.117600084 44.9435189
v -21.079897 1.23176134 43.0990631
v -26.8879602 -0.117600084 44.9435189
v -23.3744453 0.727537513 41.614908
v -31.4819394 -0.117600084 43.3811017
v -27.7449708 -0.117600084 40.9820041
v 6.51239275 -0.117600084 47.6345076
v 5.46544303 0.741396308 45.7816665
v 7.91648051 -0.117600084 46.1613785
v 4.6296508 0.0230249164 47.4785156
v 4.72244166 0.445593238 43.6361817
v 7.2737218 -0.117600084 44.2584282
v 4.10535691 -0.117600084 42.2828635
v 2.74691838 -0.117600084 47.3225264
v 3.01439316 1.31914365 45.4019873
v -0.598750894 1.19746244 44.6677558
v -1.94732424 -0.117600084 46.5563993
v -4.76755713 1.23176134 43.8029103
v -6.28230825 -0.117600084 45.5058967
v -10.8550967 -0.117600084 44.0812812
v -2.44886425 1.19746244 42.2133793
v 2.17117679 0.727537513 43.0139376
v -3.81090229 -0.117600084 40.0915274
v 0.159854409 -0.117600084 41.034226
v -7.88047863 -0.117600084 39.6689216
v -6.59979283 0.727537513 41.7754526
v -14.8881554 -0.117600084 41.3830921
v -10.6575858 -0.117600084 40.0329425
v -6.59979283 0.727537513 41.7754526
v -14.8881554 -0.117600084 41.3830921
v -10.6575858 -0.117600084 40.0329425
v -10.0482186 -0.0491319897 -3.40977375
v -10.2115052 -0.0491319897 -5.43334813
v -8.01925762 1.97350347 -4.37191947
v -7.687776 2.20129621 -6.15693419
v -9.99171039 -0.0491319897 -7.78320072
v -7.28549366 2.25999105 -8.22535617
v -9.40367136 -0.0491319897 -9.82418714
v -8.42811631 -0.0491319897 -11.8853489
v -5.18503704 2.20129621 -6.12210443
v -5.45361419 1.39712656 -3.70814377
v -2.98899209 -0.0491319897 -5.95199012
v -3.50566959 -0.0491319897 -3.95430959
v -6.15472458 -0.0491319897 -1.24833765
v -4.36922517 -0.0491319897 -2.15373792
v -3.0695818 -0.0491319897 -8.26855406
v -5.25954994 1.39712656 -8.42734616
v -8.20315037 -0.0491319897 -1.8503338
v -5.94935869 -0.0491319897 -13.2033258
v -5.94935869 -0.0491319897 -13.2033258
v -3.85692039 -0.0491319897 -10.1264657
v -5.94935869 -0.0491319897 -13.2033258
v -1.3434068 -0.049131036 -20.5760216
v -2.98620639 0.495094657 -21.7320964
v -0.853649559 -0.049131036 -22.2069263
v -0.661900331 -0.049131036 -24.1225303
v -2.47605387 0.909786582 -23.405533
v -0.610957322 -0.049131036 -26.1544205
v -2.78925067 0.720442176 -26.8289491
v -1.03065444 -0.049131036 -27.9044833
v -2.08322126 -0.049131036 -29.5243021
v -9.91133681 -0.049131036 -19.3993731
v -9.32173202 0.720442176 -22.3730287
v -8.73459235 -0.049131036 -19.415154
v -7.53600525 0.909786582 -21.1319286
v -6.8189887 -0.049131036 -19.3177705
v -4.78087992 -0.049131036 -19.5584863
v -5.48287416 0.750960707 -21.2405391
v -3.17836379 -0.049131036 -19.8392712
v -2.98620639 0.495094657 -21.7320964
v -1.3434068 -0.049131036 -20.5760216
v -10.4789444 -0.049131036 -28.2765092
v -8.10337397 0.720442176 -27.636267
v -10.7430852 -0.049131036 -26.9532746
v -9.0218688 0.909786582 -25.6994705
v -10.891614 -0.049131036 -25.1432999
v -10.8294512 -0.049131036 -23.0919572
v -9.32173202 0.720442176 -22.3730287
v -10.7713263 -0.049131036 -21.3841448
v -9.91133681 -0.049131036 -19.3993731
v -2.08322126 -0.049131036 -29.5243021
v -2.78925067 0.720442176 -26.8289491
v -3.95395267 -0.049131036 -29.807901
v -5.87075029 -0.049131036 -29.7379651
v -5.33590454 0.909786582 -27.5044245
v -7.88012865 -0.049131036 -29.3205268
v -8.10337397 0.720442176 -27.636267
v -9.25407383 -0.049131036 -28.9661987
v -10.4789444 -0.049131036 -28.2765092
v 15.8565618 -0.208739877 -4.61280553
v 14.1397849 0.537213683 -5.87463751
v 15.8565616 -0.208739877 -5.87463782
v 14.1397852 0.224652648 -4.61280523
v 12.4230081 0.456055045 -5.8746372
v 12.4230088 0.456055045 -4.61280492
v 10.7062317 0.511884093 -5.8746369
v 10.706232 0.224652648 -4.61280461
v 8.98945477 -0.208739877 -6.50554633
v 8.98945522 -0.208739877 -3.98188815
v 14.1397847 0.573407531 -7.1364634
v 15.8565613 -0.208739877 -7.13646371
v 14.1397845 -0.065499902 -8.39829569
v 12.4230076 0.314235091 -8.39829538
v 12.4230079 0.456055045 -7.1364631
v 10.7062313 -0.065499902 -8.39829507
v 10.7062315 0.224652648 -7.13646279
v 8.98945443 -0.208739877 -8.39829477
v 11.564619 -0.164434076 -9.66012752
v 14.1397854 0.224652648 -3.35097294
v 15.856562 -0.208739877 -3.35097325
v 15.8565626 -0.208739877 -1.45822481
v 14.1397857 0.45194757 -1.4582245
v 15.8565629 -0.208739877 0.434517222
v 14.1397863 0.224652648 0.434517531
v 12.4230094 0.456055045 -1.4582242
v 12.4230097 0.456055045 0.43451784
v 10.7062325 0.327985167 -1.45822389
v 10.7062329 0.224652648 0.434518149
v 8.98945568 -0.208739877 -1.45822358
v 8.98945613 -0.208739877 1.0654346
v 12.423009 0.456055045 -3.35097263
v 10.7062322 0.224652648 -3.35097232
v 15.8565632 -0.208739877 1.69635271
v 14.1397866 0.464276671 1.69635302
v 15.8565636 -0.208739877 3.58909794
v 14.1397871 0.370313048 3.58909825
v 15.8565641 -0.208739877 5.48184318
v 14.1397875 0.224652648 5.48184349
v 12.4230103 0.456055045 3.58909856
v 12.4230106 0.456055045 5.48184379
v 10.7062339 0.348798156 3.58909887
v 10.7062343 0.472943663 5.4818441
v 8.98945754 -0.208739877 3.58909918
v 8.98945822 -0.208739877 7.37458965
v 12.4230099 0.456055045 1.69635333
v 10.7062331 0.44437921 1.69635364
v 15.8565644 -0.208739877 7.37458841
v 14.1397878 0.351910949 7.37458872
v 14.1397882 -0.065499902 9.26733715
v 12.4230114 0.456055045 7.37458903
v 12.4230118 0.314235091 9.26733746
v 12.4009273 -0.164434076 10.4113675
v 10.7062349 -0.065499902 9.26733777
v 10.7062346 0.224652648 7.37458934
vt 3.03347182 1.38118804
vt 3.03347182 1.03839076
vt 2.78151584 1.03839076
vt 2.78151584 0.695593655
vt 3.03347182 0.695593655
vt 2.78151584 0.352796495
vt 3.03347182 0.352796495
vt 3.15944958 0.00999929197
vt 2.52955985 0.695593655
vt 2.52955985 1.03839076
vt 2.27760386 0.695593655
vt 2.27760386 1.03839076
vt 2.52955985 1.38118804
vt 2.27760386 1.38118804
vt 2.27760386 0.352796495
vt 2.52955985 0.352796495
vt 2.78151584 1.38118804
vt 2.65553784 0.00999929197
vt 2.15162587 0.00999929197
vt 3.03347182 1.38118804
vt 2.78151584 1.2097894
vt 2.78151584 1.38118804
vt 3.03347182 1.2097894
vt 2.52955985 1.2097894
vt 2.52955985 1.38118804
vt 2.27760386 1.38118804
vt 3.03347182 1.03839076
vt 2.78151584 1.03839076
vt 2.78151584 0.695593655
vt 3.03347182 0.695593655
vt 2.78151584 0.352796495
vt 2.52955985 0.695593655
vt 2.52955985 1.03839076
vt 2.27760386 0.695593655
vt 2.27760386 1.03839076
vt 2.27760386 0.352796495
vt 2.52955985 0.352796495
vt 2.65553784 0.00999929197
vt 2.15162587 0.00999929197
vt 3.03347182 0.352796495
vt 2.78151584 0.352796495
vt 3.15944958 0.00999929197
vt 2.78151584 0.352796495
vt 3.15944958 0.00999929197
vt 2.52955985 0.352796495
vt 2.65553784 0.00999929197
vt 2.15162587 0.00999929197
vt 3.03347182 1.38118804
vt 3.03347182 1.03839076
vt 2.78151584 1.03839076
vt 2.78151584 0.695593655
vt 3.03347182 0.695593655
vt 2.78151584 0.352796495
vt 3.03347182 0.352796495
vt 3.15944958 0.00999929197
vt 2.52955985 0.695593655
vt 2.52955985 1.03839076
vt 2.27760386 0.695593655
vt 2.27760386 1.03839076
vt 2.52955985 1.38118804
vt 2.27760386 1.38118804
vt 2.27760386 0.352796495
vt 2.52955985 0.352796495
vt 2.78151584 1.38118804
vt 2.65553784 0.00999929197
vt 2.15162587 0.00999929197
vt 3.03347182 1.38118804
vt 2.78151584 1.2097894
vt 2.78151584 1.38118804
vt 3.03347182 1.2097894
vt 2.52955985 1.2097894
vt 2.52955985 1.38118804
vt 2.27760386 1.38118804
vt 3.03347182 1.03839076
vt 2.78151584 1.03839076
vt 2.78151584 0.695593655
vt 3.03347182 0.695593655
vt 2.78151584 0.352796495
vt 2.52955985 0.695593655
vt 2.52955985 1.03839076
vt 2.27760386 0.695593655
vt 2.27760386 1.03839076
vt 2.27760386 0.352796495
vt 2.52955985 0.352796495
vt 2.65553784 0.00999929197
vt 2.15162587 0.00999929197
vt 3.03347182 0.352796495
vt 2.78151584 0.352796495
vt 3.15944958 0.00999929197
vt 2.78151584 0.352796495
vt 3.15944958 0.00999929197
vt 2.52955985 0.352796495
vt 2.65553784 0.00999929197
vt 2.15162587 0.00999929197
vt 3.03347182 1.38118804
vt 3.03347182 1.03839076
vt 2.78151584 1.03839076
vt 2.78151584 0.695593655
vt 3.03347182 0.695593655
vt 2.78151584 0.352796495
vt 3.03347182 0.352796495
vt 3.15944958 0.00999929197
vt 2.52955985 0.695593655
vt 2.52955985 1.03839076
vt 2.27760386 0.695593655
vt 2.27760386 1.03839076
vt 2.52955985 1.38118804
vt 2.27760386 1.38118804
vt 2.27760386 0.352796495
vt 2.52955985 0.352796495
vt 2.78151584 1.38118804
vt 2.65553784 0.00999929197
vt 2.15162587 0.00999929197
vt 3.03347182 1.38118804
vt 3.03347182 1.03839076
vt 2.78151584 1.03839076
vt 2.78151584 0.695593655
vt 3.03347182 0.695593655
vt 2.78151584 0.352796495
vt 3.03347182 0.352796495
vt 3.15944958 0.00999929197
vt 2.52955985 0.695593655
vt 2.52955985 1.03839076
vt 2.27760386 0.695593655
vt 2.27760386 1.03839076
vt 2.52955985 1.38118804
vt 2.27760386 1.38118804
vt 2.27760386 0.352796495
vt 2.52955985 0.352796495
vt 2.78151584 1.38118804
vt 2.65553784 0.00999929197
vt 2.15162587 0.00999929197
vt 3.03347182 1.38118804
vt 3.03347182 1.03839076
vt 2.78151584 1.03839076
vt 2.78151584 0.695593655
vt 3.03347182 0.695593655
vt 2.78151584 0.352796495
vt 3.03347182 0.352796495
vt 3.15944958 0.00999929197
vt 2.52955985 0.695593655
vt 2.52955985 1.03839076
vt 2.27760386 0.695593655
vt 2.27760386 1.03839076
vt 2.52955985 1.38118804
vt 2.27760386 1.38118804
vt 2.27760386 0.352796495
vt 2.52955985 0.352796495
vt 2.78151584 1.38118804
vt 2.65553784 0.00999929197
vt 2.15162587 0.00999929197
vt 2.46657085 1.38118804
vt 2.65553784 1.03839076
vt 2.27760386 1.03839076
vt 2.27760386 0.695593655
vt 2.65553784 0.695593655
vt 2.27760386 0.352796495
vt 2.65553784 0.352796495
vt 2.15162587 0.00999929197
vt 2.65553784 0.00999929197
vt 2.27760386 1.38118804
vt 2.65553784 1.03839076
vt 2.27760386 1.03839076
vt 2.65553784 0.695593655
vt 2.27760386 0.695593655
vt 2.27760386 0.352796495
vt 2.65553784 0.352796495
vt 2.15162587 0.00999929197
vt 2.65553784 0.159697369
vt 2.65553784 0.00999929197
vt 2.46657085 1.38118804
vt 2.65553784 1.03839076
vt 2.27760386 1.03839076
vt 2.65553784 0.695593655
vt 2.27760386 0.695593655
vt 2.27760386 0.352796495
vt 2.65553784 0.352796495
vt 2.15162587 0.00999929197
vt 2.65553784 0.00999929197
vt 2.46657085 1.38118804
vt 2.65553784 1.03839076
vt 2.27760386 1.03839076
vt 2.27760386 0.695593655
vt 2.65553784 0.695593655
vt 2.27760386 0.352796495
vt 2.65553784 0.352796495
vt 2.15162587 0.00999929197
vt 2.65553784 0.00999929197
vt 2.46657085 1.38118804
vt 2.65553784 1.03839076
vt 2.27760386 1.03839076
vt 2.27760386 0.695593655
vt 2.65553784 0.695593655
vt 2.27760386 0.352796495
vt 2.65553784 0.352796495
vt 2.15162587 0.00999929197
vt 2.65553784 0.00999929197
vt 2.27760386 1.38118804
vt 2.65553784 1.03839076
vt 2.27760386 1.03839076
vt 2.65553784 0.695593655
vt 2.27760386 0.695593655
vt 2.27760386 0.352796495
vt 2.65553784 0.352796495
vt 2.15162587 0.00999929197
vt 2.65553784 0.159697369
vt 2.65553784 0.00999929197
vt 2.46657085 1.38118804
vt 2.65553784 1.03839076
vt 2.27760386 1.03839076
vt 2.65553784 0.695593655
vt 2.27760386 0.695593655
vt 2.27760386 0.352796495
vt 2.65553784 0.352796495
vt 2.15162587 0.00999929197
vt 2.65553784 0.00999929197
vt 2.46657085 1.38118804
vt 2.65553784 1.03839076
vt 2.27760386 1.03839076
vt 2.27760386 0.695593655
vt 2.65553784 0.695593655
vt 2.27760386 0.352796495
vt 2.65553784 0.352796495
vt 2.15162587 0.00999929197
vt 2.65553784 0.00999929197
vt 3.03347182 1.38118804
vt 3.03347182 1.03839076
vt 2.78151584 1.03839076
vt 2.78151584 0.695593655
vt 3.03347182 0.695593655
vt 2.78151584 0.352796495
vt 3.03347182 0.352796495
vt 3.15944958 0.00999929197
vt 2.52955985 0.695593655
vt 2.52955985 1.03839076
vt 2.27760386 0.695593655
vt 2.27760386 1.03839076
vt 2.52955985 1.38118804
vt 2.27760386 1.38118804
vt 2.27760386 0.352796495
vt 2.52955985 0.352796495
vt 2.78151584 1.38118804
vt 2.65553784 0.00999929197
vt 2.15162587 0.00999929197
vt 3.03347182 1.38118804
vt 3.03347182 1.03839076
vt 2.78151584 1.03839076
vt 2.78151584 0.695593655
vt 3.03347182 0.695593655
vt 2.78151584 0.352796495
vt 3.03347182 0.352796495
vt 3.15944958 0.00999929197
vt 2.52955985 0.695593655
vt 2.52955985 1.03839076
vt 2.27760386 0.695593655
vt 2.27760386 1.03839076
vt 2.52955985 1.38118804
vt 2.27760386 1.38118804
vt 2.27760386 0.352796495
vt 2.52955985 0.352796495
vt 2.78151584 1.38118804
vt 2.65553784 0.00999929197
vt 2.15162587 0.00999929197
vt 3.03347182 1.38118804
vt 3.03347182 1.03839076
vt 2.78151584 1.03839076
vt 2.78151584 0.695593655
vt 3.03347182 0.695593655
vt 2.78151584 0.352796495
vt 3.03347182 0.352796495
vt 3.15944958 0.00999929197
vt 2.52955985 0.695593655
vt 2.52955985 1.03839076
vt 2.27760386 0.695593655
vt 2.27760386 1.03839076
vt 2.52955985 1.38118804
vt 2.27760386 1.38118804
vt 2.27760386 0.352796495
vt 2.52955985 0.352796495
vt 2.78151584 1.38118804
vt 2.65553784 0.00999929197
vt 2.15162587 0.00999929197
vt 3.03347182 1.38118804
vt 2.78151584 1.2097894
vt 2.78151584 1.38118804
vt 3.03347182 1.2097894
vt 2.52955985 1.2097894
vt 2.52955985 1.38118804
vt 2.27760386 1.38118804
vt 3.03347182 1.03839076
vt 2.78151584 1.03839076
vt 2.78151584 0.695593655
vt 3.03347182 0.695593655
vt 2.78151584 0.352796495
vt 2.52955985 0.695593655
vt 2.52955985 1.03839076
vt 2.27760386 0.695593655
vt 2.27760386 1.03839076
vt 2.27760386 0.352796495
vt 2.52955985 0.352796495
vt 2.65553784 0.00999929197
vt 2.15162587 0.00999929197
vt 3.03347182 0.352796495
vt 2.78151584 0.352796495
vt 3.15944958 0.00999929197
vt 2.78151584 0.352796495
vt 3.15944958 0.00999929197
vt 2.52955985 0.352796495
vt 2.65553784 0.00999929197
vt 2.15162587 0.00999929197
vt 3.03347182 1.38118804
vt 2.78151584 1.2097894
vt 2.78151584 1.38118804
vt 3.03347182 1.2097894
vt 2.52955985 1.2097894
vt 2.52955985 1.38118804
vt 2.27760386 1.38118804
vt 3.03347182 1.03839076
vt 2.78151584 1.03839076
vt 2.78151584 0.695593655
vt 3.03347182 0.695593655
vt 2.78151584 0.352796495
vt 2.52955985 0.695593655
vt 2.52955985 1.03839076
vt 2.27760386 0.695593655
vt 2.27760386 1.03839076
vt 2.27760386 0.352796495
vt 2.52955985 0.352796495
vt 2.65553784 0.00999929197
vt 2.15162587 0.00999929197
vt 3.03347182 0.352796495
vt 2.78151584 0.352796495
vt 3.15944958 0.00999929197
vt 2.78151584 0.352796495
vt 3.15944958 0.00999929197
vt 2.52955985 0.352796495
vt 2.65553784 0.00999929197
vt 2.15162587 0.00999929197
vt 3.03347182 1.38118804
vt 2.78151584 1.2097894
vt 2.78151584 1.38118804
vt 3.03347182 1.2097894
vt 2.52955985 1.2097894
vt 2.52955985 1.38118804
vt 2.27760386 1.38118804
vt 3.03347182 1.03839076
vt 2.78151584 1.03839076
vt 2.78151584 0.695593655
vt 3.03347182 0.695593655
vt 2.78151584 0.352796495
vt 2.52955985 0.695593655
vt 2.52955985 1.03839076
vt 2.27760386 0.695593655
vt 2.27760386 1.03839076
vt 2.27760386 0.352796495
vt 2.52955985 0.352796495
vt 2.65553784 0.00999929197
vt 2.15162587 0.00999929197
vt 3.03347182 0.352796495
vt 2.78151584 0.352796495
vt 3.15944958 0.00999929197
vt 2.78151584 0.352796495
vt 3.15944958 0.00999929197
vt 2.52955985 0.352796495
vt 2.65553784 0.00999929197
vt 2.15162587 0.00999929197
vt 3.03347182 1.38118804
vt 2.78151584 1.2097894
vt 2.78151584 1.38118804
vt 3.03347182 1.2097894
vt 2.52955985 1.2097894
vt 2.52955985 1.38118804
vt 2.27760386 1.38118804
vt 3.03347182 1.03839076
vt 2.78151584 1.03839076
vt 2.78151584 0.695593655
vt 3.03347182 0.695593655
vt 2.78151584 0.352796495
vt 2.52955985 0.695593655
vt 2.52955985 1.03839076
vt 2.27760386 0.695593655
vt 2.27760386 1.03839076
vt 2.27760386 0.352796495
vt 2.52955985 0.352796495
vt 2.65553784 0.00999929197
vt 2.15162587 0.00999929197
vt 3.03347182 0.352796495
vt 2.78151584 0.352796495
vt 3.15944958 0.00999929197
vt 2.78151584 0.352796495
vt 3.15944958 0.00999929197
vt 2.52955985 0.352796495
vt 2.65553784 0.00999929197
vt 2.15162587 0.00999929197
vt 3.03347182 1.38118804
vt 2.78151584 1.2097894
vt 2.78151584 1.38118804
vt 3.03347182 1.2097894
vt 2.52955985 1.2097894
vt 2.52955985 1.38118804
vt 2.27760386 1.38118804
vt 3.03347182 1.03839076
vt 2.78151584 1.03839076
vt 2.78151584 0.695593655
vt 3.03347182 0.695593655
vt 2.78151584 0.352796495
vt 2.52955985 0.695593655
vt 2.52955985 1.03839076
vt 2.27760386 0.695593655
vt 2.27760386 1.03839076
vt 2.27760386 0.352796495
vt 2.52955985 0.352796495
vt 2.65553784 0.00999929197
vt 2.15162587 0.00999929197
vt 3.03347182 0.352796495
vt 2.78151584 0.352796495
vt 3.15944958 0.00999929197
vt 2.78151584 0.352796495
vt 3.15944958 0.00999929197
vt 2.52955985 0.352796495
vt 2.65553784 0.00999929197
vt 2.15162587 0.00999929197
vt 3.03347182 1.38118804
vt 2.78151584 1.2097894
vt 2.78151584 1.38118804
vt 3.03347182 1.2097894
vt 2.52955985 1.2097894
vt 2.52955985 1.38118804
vt 2.27760386 1.38118804
vt 3.03347182 1.03839076
vt 2.78151584 1.03839076
vt 2.78151584 0.695593655
vt 3.03347182 0.695593655
vt 2.78151584 0.352796495
vt 3.03347182 0.352796495
vt 3.15944958 0.00999929197
vt 2.52955985 0.695593655
vt 2.52955985 1.03839076
vt 2.27760386 0.695593655
vt 2.27760386 1.03839076
vt 2.27760386 0.352796495
vt 2.52955985 0.352796495
vt 2.65553784 0.00999929197
vt 2.15162587 0.00999929197
vt 2.52955985 0.352796495
vt 2.65553784 0.00999929197
vt 2.15162587 0.00999929197
vt 3.03347182 1.38118804
vt 3.03347182 1.03839076
vt 2.78151584 1.03839076
vt 2.78151584 0.695593655
vt 3.03347182 0.695593655
vt 2.78151584 0.352796495
vt 3.03347182 0.352796495
vt 3.15944958 0.00999929197
vt 2.52955985 0.695593655
vt 2.52955985 1.03839076
vt 2.27760386 0.695593655
vt 2.27760386 1.03839076
vt 2.52955985 1.38118804
vt 2.27760386 1.38118804
vt 2.27760386 0.352796495
vt 2.52955985 0.352796495
vt 2.78151584 1.38118804
vt 2.65553784 0.00999929197
vt 2.65553784 0.00999929197
vt 2.15162587 0.00999929197
vt 2.65553784 0.00999929197
vt 2.46657085 1.38118804
vt 2.65553784 1.03839076
vt 2.27760386 1.03839076
vt 2.27760386 0.695593655
vt 2.65553784 0.695593655
vt 2.27760386 0.352796495
vt 2.65553784 0.352796495
vt 2.15162587 0.00999929197
vt 2.65553784 0.00999929197
vt 2.27760386 1.38118804
vt 2.65553784 1.03839076
vt 2.27760386 1.03839076
vt 2.65553784 0.695593655
vt 2.27760386 0.695593655
vt 2.27760386 0.352796495
vt 2.65553784 0.352796495
vt 2.15162587 0.00999929197
vt 2.65553784 0.159697369
vt 2.65553784 0.00999929197
vt 2.46657085 1.38118804
vt 2.65553784 1.03839076
vt 2.27760386 1.03839076
vt 2.65553784 0.695593655
vt 2.27760386 0.695593655
vt 2.27760386 0.352796495
vt 2.65553784 0.352796495
vt 2.15162587 0.00999929197
vt 2.65553784 0.00999929197
vt 2.46657085 1.38118804
vt 2.65553784 1.03839076
vt 2.27760386 1.03839076
vt 2.27760386 0.695593655
vt 2.65553784 0.695593655
vt 2.27760386 0.352796495
vt 2.65553784 0.352796495
vt 2.15162587 0.00999929197
vt 2.65553784 0.00999929197
vt 1.01782382 1.38118804
vt 0.765867889 1.03839076
vt 0.765867829 1.38118804
vt 1.01782382 1.03839076
vt 0.765867889 0.695593655
vt 1.01782382 0.695593655
vt 0.765867889 0.352796495
vt 1.01782382 0.352796495
vt 0.639889956 0.00999929197
vt 1.14380193 0.00999929197
vt 0.513911963 1.03839076
vt 0.513911903 1.38118804
vt 0.261955976 1.03839076
vt 0.261955976 0.695593655
vt 0.513911963 0.695593655
vt 0.261955976 0.352796495
vt 0.513911963 0.352796495
vt 0.261955976 0.00999929197
vt 0.0100000352 0.524195075
vt 1.26977992 1.03839076
vt 1.26977992 1.38118804
vt 1.6477139 1.38118804
vt 1.6477139 1.03839076
vt 2.02564788 1.38118804
vt 2.02564788 1.03839076
vt 1.6477139 0.695593655
vt 2.02564788 0.695593655
vt 1.6477139 0.352796495
vt 2.02564788 0.352796495
vt 1.6477139 0.00999929197
vt 2.15162587 0.00999929197
vt 1.26977992 0.695593655
vt 1.26977992 0.352796495
vt 2.27760386 1.38118804
vt 2.27760386 1.03839076
vt 2.65553784 1.38118804
vt 2.65553784 1.03839076
vt 3.03347182 1.38118804
vt 3.03347182 1.03839076
vt 2.65553784 0.695593655
vt 3.03347182 0.695593655
vt 2.65553784 0.352796495
vt 3.03347182 0.352796495
vt 2.65553784 0.00999929197
vt 3.41140556 0.00999929197
vt 2.27760386 0.695593655
vt 2.27760386 0.352796495
vt 3.41140556 1.38118804
vt 3.41140556 1.03839076
vt 3.78933954 1.03839076
vt 3.41140556 0.695593655
vt 3.78933954 0.695593655
vt 4.04129553 0.524195075
vt 3.78933954 0.352796495
vt 3.41140556 0.352796495
vn -0.432408938 0.899156094 -0.0673856722
vn -0.278538705 0.914870373 -0.292281354
vn -0.252178282 0.965808867 0.0601609999
vn -0.0851883252 0.987022983 -0.136119727
vn -0.20772448 0.925238213 -0.317466203
vn 0.0311960694 0.97973376 -0.197859961
vn -0.149034376 0.925513049 -0.348158514
vn 0.0216250429 0.937305121 -0.347838277
vn 0.157688476 0.974585183 0.159116513
vn -0.0368357506 0.941625191 0.334641789
vn 0.242898441 0.934574801 0.259942857
vn 0.0882997639 0.914913236 0.393874247
vn -0.175945612 0.907739475 0.380857174
vn -0.0239969409 0.915247084 0.402177724
vn 0.332471977 0.938563966 0.0925206235
vn 0.261068978 0.965319095 0.00142627995
vn -0.356617442 0.881479535 0.309544552
vn 0.210487628 0.95983579 -0.185499904
vn 0.32214614 0.946689882 -0.000363915741
vn 0.252906284 0.927232538 0.276185141
vn 0.219519195 0.973932408 0.0571575656
vn 0.258249289 0.966075029 -0.00251855611
vn 0.194050673 0.889597971 0.413472837
vn 0.15199569 0.896613686 -0.415910096
vn 0.233654486 0.925162605 -0.299131637
vn 0.0739135337 0.842630177 -0.533395889
vn 0.0920761981 0.842960066 0.530038018
vn 0.104166081 0.98197444 0.15772009
vn 0.019715874 0.973289648 0.228732476
vn 0.0288940475 0.834992265 0.54950255
vn -0.0392507514 0.969880855 0.240396561
vn -0.0351620341 0.942731616 -0.33169373
vn 0.0524372713 0.916941882 -0.395560258
vn -0.080159142 0.870931807 -0.484821926
vn 0.0151946106 0.820864192 -0.570921275
vn -0.129341074 0.921251619 -0.366832852
vn -0.121222598 0.958505448 -0.258016256
vn -0.136147852 0.990508586 0.0188813227
vn -0.147707351 0.955389209 -0.255761603
vn -0.00364511685 0.839209329 0.5437963
vn -0.0392507514 0.969880855 0.240396561
vn -0.0978998673 0.92460244 0.368138484
vn -0.0392507514 0.969880855 0.240396561
vn -0.0978998673 0.92460244 0.368138484
vn -0.121222598 0.958505448 -0.258016256
vn -0.136147852 0.990508586 0.0188813227
vn -0.147707351 0.955389209 -0.255761603
vn -0.432408179 0.899156419 -0.067386207
vn -0.278538511 0.914870315 -0.292281721
vn -0.252177977 0.965808956 0.0601608604
vn -0.0851884292 0.987022983 -0.136119665
vn -0.207724683 0.925238204 -0.317466095
vn 0.0311960808 0.97973377 -0.19785991
vn -0.149034455 0.925513084 -0.348158387
vn 0.0216251037 0.937305143 -0.347838215
vn 0.157688545 0.974585153 0.159116632
vn -0.0368356811 0.941625193 0.33464179
vn 0.242898517 0.934574696 0.259943162
vn 0.0882998457 0.914913254 0.393874186
vn -0.175945513 0.907739491 0.380857181
vn -0.0239969342 0.915247234 0.402177383
vn 0.332472023 0.938563892 0.0925212136
vn 0.261069006 0.965319087 0.00142649515
vn -0.356617204 0.88147966 0.309544471
vn 0.210487776 0.959835738 -0.185500005
vn 0.32214614 0.946689882 -0.000363620861
vn 0.234336514 0.926614017 0.294062684
vn 0.219303451 0.973358723 0.0669237885
vn 0.249957788 0.968236222 0.00630261918
vn 0.199154765 0.880822677 0.429521583
vn 0.15199533 0.896614284 -0.415908939
vn 0.23365395 0.925162873 -0.299131226
vn 0.0739135114 0.842630785 -0.533394931
vn 0.102273031 0.837265529 0.537146779
vn 0.109767563 0.980606968 0.162360884
vn 0.019715758 0.973289674 0.228732376
vn 0.0288938894 0.834992603 0.549502043
vn -0.0392508691 0.969880932 0.240396228
vn -0.0351620101 0.942731661 -0.331693606
vn 0.0524372865 0.916941831 -0.395560375
vn -0.0801589996 0.870931859 -0.484821856
vn 0.0151946443 0.820864191 -0.570921275
vn -0.129341367 0.921251743 -0.366832437
vn -0.121222627 0.958505444 -0.258016255
vn -0.13614791 0.990508577 0.0188813448
vn -0.147707644 0.955389054 -0.255762012
vn -0.00364539372 0.839209657 0.543795791
vn -0.0392508691 0.969880932 0.240396228
vn -0.0978997908 0.924602359 0.368138707
vn -0.0392508691 0.969880932 0.240396228
vn -0.0978997908 0.924602359 0.368138707
vn -0.121222627 0.958505444 -0.258016255
vn -0.13614791 0.990508577 0.0188813448
vn -0.147707644 0.955389054 -0.255762012
vn -0.367112504 0.928381447 -0.0577606956
vn -0.276685661 0.929713973 -0.243057552
vn -0.253677561 0.965281242 0.0622881937
vn -0.111391198 0.987408556 -0.112322505
vn -0.220204116 0.929677851 -0.295312108
vn 0.0311962696 0.979733768 -0.197859892
vn -0.149034113 0.925513052 -0.348158619
vn 0.0216253113 0.937305105 -0.347838305
vn 0.141362222 0.976230398 0.164289172
vn -0.0490834209 0.944574585 0.324606949
vn 0.242898712 0.934574708 0.259942936
vn 0.0883001079 0.914913123 0.393874432
vn -0.171026553 0.922603603 0.345763661
vn -0.0239968943 0.91524662 0.402178783
vn 0.332472401 0.938563832 0.0925204651
vn 0.261069173 0.965319042 0.00142635887
vn -0.323447736 0.908776237 0.263642395
vn 0.210487878 0.959835726 -0.18549995
vn 0.322146256 0.946689842 -0.000363863287
vn -0.678111705 0.728212495 -0.099353296
vn -0.513748556 0.732167512 -0.447205943
vn -0.483760623 0.867771633 0.113789509
vn -0.221518294 0.950719498 -0.216937968
vn -0.408924108 0.732471194 -0.544304165
vn 0.0836349404 0.912236928 -0.401034891
vn -0.273597269 0.721382933 -0.636200597
vn 0.0388672483 0.753273914 -0.656557497
vn 0.262867196 0.910083496 0.320388621
vn -0.0937425006 0.783321511 0.614507734
vn 0.456241008 0.745978851 0.485138843
vn 0.147886925 0.695380076 0.703260981
vn -0.296414977 0.714252814 0.634019779
vn -0.0427959884 0.695506366 0.717244308
vn 0.629219583 0.758395313 0.170056655
vn 0.531821128 0.846851063 0.0030927898
vn -0.570013335 0.679780972 0.46150041
vn 0.425235354 0.823901377 -0.374648389
vn 0.624028509 0.781401149 -0.000814655467
vn -0.367112306 0.928381518 -0.0577608081
vn -0.276685243 0.929714195 -0.243057179
vn -0.25367769 0.965281165 0.0622888548
vn -0.111390993 0.987408644 -0.112321929
vn -0.220204171 0.929678021 -0.295311531
vn 0.0311960626 0.979733781 -0.19785986
vn -0.149034306 0.925513124 -0.348158345
vn 0.0216256338 0.937305132 -0.347838211
vn 0.141362349 0.976230336 0.164289429
vn -0.0490833643 0.944574555 0.324607044
vn 0.242899162 0.934574619 0.259942839
vn 0.088300435 0.914913002 0.393874639
vn -0.171026529 0.92260355 0.345763816
vn -0.0239964975 0.915246667 0.4021787
vn 0.332472538 0.938563798 0.0925203109
vn 0.261069258 0.965319019 0.00142633305
vn -0.323448324 0.908775937 0.26364271
vn 0.210488296 0.959835671 -0.185499763
vn 0.322146256 0.946689842 -0.000363846868
vn 0.189062684 0.964323281 0.185299515
vn 0.235615441 0.947481684 0.216249447
vn 0.350183118 0.925372682 0.145110938
vn 0.446369745 0.891870639 0.0729439016
vn 0.405693123 0.908376408 0.101318269
vn 0.377463223 0.923624434 -0.0666289752
vn 0.248413267 0.950875739 -0.18473272
vn 0.319092353 0.936088275 -0.148050033
vn 0.123541312 0.962281413 -0.242388174
vn -0.104822339 0.967616327 0.229632144
vn -0.383083885 0.916722796 0.113428621
vn -0.0711882937 0.936051202 0.344587251
vn -0.116080204 0.915632388 0.384893123
vn 0.0317944702 0.894342749 0.446251229
vn 0.0710551932 0.90766656 0.413633383
vn 0.0926600606 0.917479923 0.386839378
vn 0.114877393 0.939620776 0.322360019
vn 0.235615441 0.947481684 0.216249447
vn 0.189062684 0.964323281 0.185299515
vn -0.25910638 0.949047607 -0.179367007
vn -0.178454534 0.929255719 -0.323477648
vn -0.362138079 0.925404843 -0.111722368
vn -0.415495318 0.9042932 -0.0980685916
vn -0.459659852 0.888056725 -0.00825067002
vn -0.457525887 0.889105309 0.0127205607
vn -0.383083885 0.916722796 0.113428621
vn -0.404873186 0.907405252 0.112665041
vn -0.104822339 0.967616327 0.229632144
vn 0.123541312 0.962281413 -0.242388174
vn 0.248413267 0.950875739 -0.18473272
vn 0.06890224 0.947722688 -0.31156731
vn 0.0100112735 0.928529901 -0.371122618
vn 0.0281744509 0.931142512 -0.363565431
vn -0.0792522335 0.909008555 -0.409172984
vn -0.178454534 0.929255719 -0.323477648
vn -0.1602567 0.908119709 -0.386828623
vn -0.25910638 0.949047607 -0.179367007
vn 0.189062515 0.964323323 0.18529947
vn 0.23561496 0.94748183 0.216249329
vn 0.350181952 0.925373157 0.145110717
vn 0.446369082 0.89187092 0.0729445351
vn 0.405692518 0.90837675 0.101317627
vn 0.377463576 0.923624305 -0.0666287614
vn 0.24841336 0.950875639 -0.184733108
vn 0.319092499 0.936088123 -0.148050674
vn 0.123542299 0.962281042 -0.242389144
vn -0.104823188 0.967616311 0.229631823
vn -0.383084301 0.916722687 0.113428097
vn -0.0711890617 0.936051196 0.344587109
vn -0.116079894 0.915632526 0.384892888
vn 0.031795918 0.894342483 0.446251659
vn 0.0710542838 0.907666151 0.413634438
vn 0.092660259 0.91747981 0.386839598
vn 0.114876325 0.939620862 0.322360148
vn 0.23561496 0.94748183 0.216249329
vn 0.189062515 0.964323323 0.18529947
vn -0.259105993 0.949047613 -0.179367534
vn -0.178454409 0.92925564 -0.323477942
vn -0.362137815 0.925404971 -0.111722166
vn -0.415494961 0.904293385 -0.0980684034
vn -0.459659447 0.88805693 -0.00825121066
vn -0.457525628 0.889105445 0.0127203632
vn -0.383084301 0.916722687 0.113428097
vn -0.404873248 0.907405206 0.112665192
vn -0.104823188 0.967616311 0.229631823
vn 0.123542299 0.962281042 -0.242389144
vn 0.24841336 0.950875639 -0.184733108
vn 0.0689025528 0.947722531 -0.311567717
vn 0.0100109648 0.928529868 -0.371122709
vn 0.0281740671 0.931142498 -0.363565496
vn -0.0792521989 0.909008259 -0.409173648
vn -0.178454409 0.92925564 -0.323477942
vn -0.160255962 0.908119199 -0.386830128
vn -0.259105993 0.949047613 -0.179367534
vn -0.678111799 0.728212408 -0.0993532923
vn -0.513749212 0.732167251 -0.447205616
vn -0.483760632 0.86777165 0.113789342
vn -0.221518418 0.950719399 -0.216938273
vn -0.408923303 0.732471528 -0.54430432
vn 0.0836356142 0.912236902 -0.40103481
vn -0.273595571 0.721383383 -0.636200816
vn 0.0388674741 0.753273907 -0.656557492
vn 0.262867074 0.910083643 0.320388302
vn -0.0937428318 0.783321465 0.614507742
vn 0.456239993 0.745979364 0.485139008
vn 0.147885861 0.695380056 0.703261224
vn -0.296414064 0.714253173 0.6340198
vn -0.042795314 0.695506382 0.717244333
vn 0.629219768 0.758395321 0.170055932
vn 0.531820975 0.846851163 0.00309176691
vn -0.570012589 0.679781564 0.461500459
vn 0.425234901 0.823901462 -0.374648714
vn 0.624028473 0.781401178 -0.000814560386
vn -0.67811234 0.728212116 -0.0993517403
vn -0.513749699 0.732167171 -0.447205189
vn -0.483760928 0.867771522 0.113789056
vn -0.221518451 0.950719233 -0.216938968
vn -0.408922676 0.732471749 -0.544304494
vn 0.0836362071 0.912236946 -0.401034587
vn -0.273593731 0.721383954 -0.63620096
vn 0.0388677711 0.753273988 -0.656557381
vn 0.262866829 0.910083607 0.320388604
vn -0.093743348 0.783321157 0.614508055
vn 0.456240092 0.745978936 0.485139574
vn 0.147885601 0.695379444 0.703261884
vn -0.2964148 0.71425297 0.634019685
vn -0.0427953146 0.695506447 0.71724427
vn 0.629219991 0.758395185 0.170055715
vn 0.531821002 0.846851146 0.00309176679
vn -0.570012876 0.679781262 0.461500549
vn 0.425234148 0.823901766 -0.374648902
vn 0.624028473 0.781401178 -0.000814697082
vn -0.514154808 0.749812828 0.416443942
vn -0.679915456 0.732098245 0.0417987075
vn -0.267605889 0.893730634 0.360045334
vn -0.298384236 0.954217454 0.0208781744
vn -0.675143149 0.733685269 -0.0767310593
vn -0.222377575 0.936579187 -0.270864617
vn -0.649602353 0.730116495 -0.212006335
vn -0.41021402 0.799593329 -0.438605706
vn 0.411615588 0.911083875 0.0223333772
vn 0.361627921 0.828397944 0.427764063
vn 0.661805498 0.749556591 -0.0133566296
vn 0.622473017 0.715365825 0.317457208
vn 0.220747401 0.780999273 0.584218042
vn 0.504683219 0.736015376 0.45119421
vn 0.565753603 0.778575795 -0.271555873
vn 0.397966569 0.863881224 -0.308758547
vn -0.0905171967 0.757860966 0.646106333
vn 0.0527931945 0.877131501 -0.47733972
vn 0.446561546 0.812752062 -0.374188283
vn -0.227871669 0.92723313 -0.29717541
vn -0.213554741 0.973810293 -0.0780249039
vn -0.25707156 0.96604626 -0.0258618852
vn -0.158283689 0.89026682 -0.427049486
vn -0.187667521 0.896536407 0.401252256
vn -0.258988726 0.925428068 0.276600308
vn -0.119336089 0.842750758 0.524909571
vn -0.0466545398 0.843217276 -0.535544564
vn -0.0899364663 0.981930695 -0.166503879
vn 8.41793486e-05 0.973358262 -0.229289525
vn 0.0190435773 0.834891667 -0.550084762
vn 0.0601311577 0.969897778 -0.235971488
vn 0.00598499791 0.942664566 0.333688022
vn -0.0862981385 0.917224769 0.388910472
vn 0.0384626525 0.871363434 0.489128194
vn -0.0647776065 0.820739969 0.567617622
vn 0.0970067832 0.921493965 0.376083178
vn 0.0983335897 0.958343098 0.268158556
vn 0.137174882 0.990542833 -0.00281923424
vn 0.124820217 0.955359341 0.267784321
vn 0.0506680486 0.839221056 -0.541424757
vn 0.0601311577 0.969897778 -0.235971488
vn 0.129551802 0.924533037 -0.358406185
vn 0.0601311577 0.969897778 -0.235971488
vn 0.129551802 0.924533037 -0.358406185
vn 0.0983335897 0.958343098 0.268158556
vn 0.137174882 0.990542833 -0.00281923424
vn 0.124820217 0.955359341 0.267784321
vn -0.227872513 0.927232803 -0.297175785
vn -0.213554861 0.97381023 -0.0780253694
vn -0.257071785 0.96604621 -0.0258614995
vn -0.158283919 0.890266633 -0.427049791
vn -0.187667241 0.896537063 0.40125092
vn -0.25898803 0.925428402 0.276599845
vn -0.119335922 0.842751176 0.524908938
vn -0.0466545291 0.843217276 -0.535544564
vn -0.0899365307 0.981930669 -0.166503998
vn 8.42281486e-05 0.973358228 -0.229289668
vn 0.0190435774 0.834891633 -0.550084815
vn 0.0601311614 0.969897778 -0.235971488
vn 0.00598517053 0.942664565 0.333688022
vn -0.0862981073 0.917224746 0.388910531
vn 0.0384627852 0.871363314 0.489128397
vn -0.0647772479 0.820739744 0.567617989
vn 0.0970067832 0.921493965 0.376083178
vn 0.0983335897 0.958343098 0.268158556
vn 0.137174882 0.990542833 -0.00281923424
vn 0.124820217 0.955359341 0.267784321
vn 0.0506680486 0.839221056 -0.541424757
vn 0.0601311614 0.969897778 -0.235971488
vn 0.129551802 0.924533037 -0.358406185
vn 0.0601311614 0.969897778 -0.235971488
vn 0.129551802 0.924533037 -0.358406185
vn 0.0983335897 0.958343098 0.268158556
vn 0.137174882 0.990542833 -0.00281923424
vn 0.124820217 0.955359341 0.267784321
vn -0.227872927 0.927232812 -0.297175438
vn -0.213554909 0.973810247 -0.0780250245
vn -0.257071897 0.966046185 -0.02586133
vn -0.158284086 0.890266676 -0.427049639
vn -0.187667111 0.896537183 0.401250713
vn -0.25898803 0.925428402 0.276599845
vn -0.119335922 0.842751176 0.524908938
vn -0.0466548065 0.843217045 -0.535544904
vn -0.0899364838 0.981930524 -0.166504879
vn 8.41330245e-05 0.973358142 -0.229290036
vn 0.0190434081 0.834891444 -0.550085108
vn 0.0601311616 0.969897782 -0.235971472
vn 0.00598549168 0.942664708 0.333687612
vn -0.0862979281 0.917224816 0.388910407
vn 0.0384629925 0.871363408 0.489128214
vn -0.064776586 0.820740192 0.567617416
vn 0.0970067832 0.921493965 0.376083178
vn 0.0983335368 0.958343085 0.268158623
vn 0.137174882 0.990542833 -0.00281909928
vn 0.124820131 0.955359246 0.267784699
vn 0.0506680486 0.839221056 -0.541424757
vn 0.0601311616 0.969897782 -0.235971472
vn 0.129551927 0.924533214 -0.358405685
vn 0.0601311616 0.969897782 -0.235971472
vn 0.129551927 0.924533214 -0.358405685
vn 0.0983335368 0.958343085 0.268158623
vn 0.137174882 0.990542833 -0.00281909928
vn 0.124820131 0.955359246 0.267784699
vn 0.252905665 0.927232938 0.276184365
vn 0.219519175 0.973932571 0.0571548724
vn 0.258248786 0.966075163 -0.0025185928
vn 0.194050784 0.889598795 0.413471011
vn 0.151994631 0.896614183 -0.415909411
vn 0.233653517 0.925162611 -0.299132375
vn 0.0739134743 0.842631054 -0.533394512
vn 0.0920764107 0.842960591 0.530037146
vn 0.1041663 0.981974706 0.157718288
vn 0.0197157741 0.973289257 0.228734146
vn 0.0288938322 0.834991762 0.549503325
vn -0.0392510144 0.969880991 0.240395967
vn -0.0351610634 0.942731233 -0.331694922
vn 0.0524377238 0.916941791 -0.395560408
vn -0.0801587335 0.870931088 -0.484823285
vn 0.0151964349 0.820863427 -0.570922326
vn -0.129341471 0.921250733 -0.366834937
vn -0.121222909 0.958505161 -0.258017174
vn -0.136148027 0.990508549 0.0188819841
vn -0.14770825 0.955389064 -0.255761627
vn -0.00364577375 0.839209987 0.54379528
vn -0.0392510144 0.969880991 0.240395967
vn -0.0978993413 0.924602133 0.368139395
vn -0.0392510144 0.969880991 0.240395967
vn -0.0978993413 0.924602133 0.368139395
vn -0.121222909 0.958505161 -0.258017174
vn -0.136148027 0.990508549 0.0188819841
vn -0.14770825 0.955389064 -0.255761627
vn 0.25290564 0.927232963 0.276184302
vn 0.219519159 0.973932565 0.0571550319
vn 0.258248786 0.966075163 -0.00251851866
vn 0.194050719 0.889598814 0.413471
vn 0.151994666 0.896614361 -0.415909017
vn 0.233653493 0.925162751 -0.299131961
vn 0.0739134288 0.842631275 -0.53339417
vn 0.0920763803 0.842960639 0.530037075
vn 0.104166301 0.98197472 0.157718202
vn 0.0197157757 0.973289246 0.228734197
vn 0.02889385 0.834991761 0.549503325
vn -0.0392510144 0.969880991 0.240395967
vn -0.0351610882 0.942731211 -0.331694984
vn 0.0524377327 0.916941809 -0.395560365
vn -0.0801586826 0.870931004 -0.484823444
vn 0.0151964521 0.820863345 -0.570922443
vn -0.129341431 0.921250654 -0.366835149
vn -0.121222907 0.958505148 -0.258017224
vn -0.136148027 0.990508549 0.0188819841
vn -0.147708233 0.955389049 -0.255761693
vn -0.00364577375 0.839209987 0.54379528
vn -0.0392510144 0.969880991 0.240395967
vn -0.0978993413 0.924602133 0.368139395
vn -0.0392510144 0.969880991 0.240395967
vn -0.0978993413 0.924602133 0.368139395
vn -0.121222907 0.958505148 -0.258017224
vn -0.136148027 0.990508549 0.0188819841
vn -0.147708233 0.955389049 -0.255761693
vn 0.172806377 0.927232923 0.332230436
vn 0.196008987 0.973538918 0.11748384
vn 0.245868238 0.965893721 0.0812288653
vn 0.0842869342 0.891575852 0.444958665
vn 0.254584859 0.896404644 -0.362829525
vn 0.303007448 0.926125771 -0.224672077
vn 0.207171664 0.842983324 -0.496446389
vn -0.0446155545 0.843737193 0.534899057
vn 0.0596504625 0.981931832 0.17958758
vn -0.03916853 0.973609798 0.224832797
vn -0.114209664 0.834713344 0.538711228
vn -0.100131653 0.969961917 0.221692426
vn -0.143330844 0.839239096 0.52453218
vn -0.189859001 0.924641385 0.330139167
vn 0.0523155914 0.942638945 -0.329689093
vn 0.151406853 0.917947257 -0.366672603
vn 0.0447537521 0.872357561 -0.486815557
vn 0.162158219 0.820446436 -0.548244797
vn -0.0308443059 0.922126353 -0.385657385
vn -0.0502050121 0.957954513 -0.282493553
vn -0.133983751 0.990559 -0.0290038147
vn -0.0764662869 0.955381923 -0.285303851
vn -0.0502050121 0.957954513 -0.282493553
vn -0.133983751 0.990559 -0.0290038147
vn -0.0764662869 0.955381923 -0.285303851
vn -0.585463681 0.742314715 0.325885166
vn -0.680459187 0.732713454 -0.0103096152
vn -0.322076107 0.900497304 0.292184165
vn -0.299174526 0.954144895 -0.0101055795
vn -0.662574521 0.740531235 -0.11228755
vn -0.191276578 0.950567267 -0.244612227
vn -0.623661148 0.746660985 -0.231396083
vn -0.354646507 0.836760654 -0.417201945
vn 0.4034331 0.913764268 0.0477136936
vn 0.289188568 0.86652137 0.406830047
vn 0.65892888 0.750618387 0.0488340918
vn 0.572339287 0.75488658 0.320271746
vn 0.133278645 0.836979049 0.530756888
vn 0.438300027 0.789799123 0.429080914
vn 0.604391394 0.774581382 -0.186372546
vn 0.43783328 0.868753689 -0.231449879
vn -0.197743917 0.800156331 0.566257176
vn 0.0791130085 0.905675107 -0.416525789
vn 0.0791130085 0.905675107 -0.416525789
vn 0.495564633 0.819326565 -0.288304828
vn 0.0791130085 0.905675107 -0.416525789
vn 0.189061569 0.96432362 0.185298893
vn 0.235615048 0.947482006 0.216248464
vn 0.350181178 0.925373373 0.145111209
vn 0.446368687 0.891871084 0.0729449468
vn 0.405692092 0.908376846 0.101318467
vn 0.377463461 0.923624361 -0.0666286414
vn 0.248413484 0.950875717 -0.184732539
vn 0.319092823 0.936088113 -0.148050043
vn 0.123541593 0.962281358 -0.242388248
vn -0.104823329 0.967616199 0.22963223
vn -0.383083651 0.916722923 0.113428391
vn -0.0711890487 0.936051335 0.344586733
vn -0.116080293 0.915632866 0.38489196
vn 0.03179414 0.894343374 0.44625
vn 0.0710532174 0.907666809 0.413633175
vn 0.0926591826 0.917480507 0.386838202
vn 0.114876106 0.939621456 0.322358496
vn 0.235615048 0.947482006 0.216248464
vn 0.189061569 0.96432362 0.185298893
vn -0.25910525 0.949047726 -0.179368011
vn -0.178453993 0.929255846 -0.323477582
vn -0.362137562 0.925405071 -0.111722161
vn -0.415494484 0.904293496 -0.0980693989
vn -0.459659139 0.888057088 -0.00825134209
vn -0.457525392 0.889105571 0.012720017
vn -0.383083651 0.916722923 0.113428391
vn -0.404873094 0.907405246 0.112665421
vn -0.104823329 0.967616199 0.22963223
vn 0.123541593 0.962281358 -0.242388248
vn 0.248413484 0.950875717 -0.184732539
vn 0.068902362 0.947722868 -0.311566735
vn 0.0100113563 0.928530376 -0.371121426
vn 0.0281745637 0.931142968 -0.363564253
vn -0.0792524416 0.9090089 -0.409172177
vn -0.178453993 0.929255846 -0.323477582
vn -0.160255825 0.908119169 -0.386830254
vn -0.25910525 0.949047726 -0.179368011
vn 0.284474331 0.95690456 0.0583782426
vn 0.181105159 0.981161056 0.067259969
vn 0.365402092 0.928583089 0.0649211605
vn 0.189236352 0.98006665 0.0604893844
vn -0.0290901995 0.998981866 0.0344817697
vn -0.00184940485 0.998232653 0.0593982301
vn -0.183435971 0.982882971 -0.0170970467
vn -0.194040937 0.979665247 0.0510305721
vn -0.267878496 0.961545676 -0.0605889806
vn -0.280969746 0.959541237 0.0183470935
vn 0.204030813 0.963440579 -0.173648147
vn 0.405337382 0.903992299 -0.136012975
vn 0.194747387 0.908018807 -0.370911447
vn 0.00317734423 0.950608901 -0.31037497
vn -0.0519848181 0.988506122 -0.141962056
vn -0.185988246 0.970860265 -0.151124844
vn -0.173237968 0.974975067 -0.139327764
vn -0.181023543 0.97934487 -0.0900783142
vn -0.0682053358 0.947314044 -0.312960274
vn 0.189054605 0.981525733 -0.029420953
vn 0.274184254 0.961252102 -0.0285900596
vn 0.303603179 0.952798567 -5.46485706e-08
vn 0.185988671 0.982551889 -3.34779598e-08
vn 0.305111203 0.952173484 -0.0165169884
vn 0.189128919 0.981802966 -0.0171227384
vn -0.0179576061 0.999838749 3.23236901e-09
vn -0.010429428 0.999666271 -0.0236341547
vn -0.186298157 0.982493255 3.35336672e-08
vn -0.185924069 0.981779705 -0.0392536779
vn -0.26805823 0.963402712 4.825048e-08
vn -0.30207641 0.952935732 -0.025755255
vn -0.008997231 0.999720007 -0.0218850747
vn -0.189826478 0.981719253 -0.013900215
vn 0.324547889 0.945278013 -0.0334386936
vn 0.184520526 0.982236216 -0.0341202591
vn 0.312726604 0.949365694 0.0301139363
vn 0.186612986 0.981941914 0.0310752394
vn 0.280458887 0.959863269 0.00230609791
vn 0.189063384 0.981961998 0.00238129652
vn 0.0134161962 0.999813217 0.0139117698
vn 0.0252272332 0.999637637 0.00939052984
vn -0.189887839 0.981803885 -0.00193401098
vn -0.186665143 0.982329225 0.0136168143
vn -0.342665698 0.939457406 -4.98187612e-05
vn -0.272650247 0.957488692 0.0942191483
vn -0.00446447602 0.999450776 -0.0328361827
vn -0.188108771 0.981350465 -0.0395771962
vn 0.289643697 0.955416982 0.0573142213
vn 0.205095162 0.976152187 0.0711539299
vn 0.19349798 0.956399026 0.218767995
vn -9.96508593e-05 0.997347944 0.0727809593
vn -0.00846496635 0.966271231 0.25738736
vn -0.0022087545 0.922519159 0.385944975
vn -0.197515042 0.962360845 0.186679975
vn -0.181190906 0.976942606 0.112929184

g collision_PZ_snow_01_submesh_0
usemtl collision
f 1/1/1 3/3/3 2/2/2
f 2/2/2 3/3/3 4/4/4
f 2/2/2 4/4/4 5/5/5
f 5/5/5 4/4/4 6/6/6
f 5/5/5 6/6/6 7/7/7
f 7/7/7 6/6/6 8/8/8
f 3/3/3 9/9/9 4/4/4
f 3/3/3 10/10/10 9/9/9
f 10/10/10 11/11/11 9/9/9
f 10/10/10 12/12/12 11/11/11
f 13/13/13 12/12/12 10/10/10
f 13/13/13 14/14/14 12/12/12
f 9/9/9 11/11/11 15/15/15
f 9/9/9 15/15/15 16/16/16
f 4/4/4 9/9/9 16/16/16
f 4/4/4 16/16/16 6/6/6
f 17/17/17 13/13/13 10/10/10
f 17/17/17 10/10/10 3/3/3
f 6/6/6 16/16/16 18/18/18
f 6/6/6 18/18/18 8/8/8
f 16/16/16 19/19/19 18/18/18
f 16/16/16 15/15/15 19/19/19
f 1/1/1 17/17/17 3/3/3
f 20/20/20 22/22/22 21/21/21
f 20/20/20 21/21/21 23/23/23
f 22/22/22 24/24/24 21/21/21
f 22/22/22 25/25/25 24/24/24
f 25/25/25 26/26/26 24/24/24
f 21/21/21 27/27/27 23/23/23
f 21/21/21 28/28/28 27/27/27
f 24/24/24 28/28/28 21/21/21
f 27/27/27 28/28/28 29/29/29
f 27/27/27 29/29/29 30/30/30
f 30/30/30 29/29/29 31/31/31
f 28/28/28 32/32/32 29/29/29
f 28/28/28 33/33/33 32/32/32
f 24/24/24 33/33/33 28/28/28
f 26/26/26 33/33/33 24/24/24
f 33/33/33 34/34/34 32/32/32
f 33/33/33 35/35/35 34/34/34
f 26/26/26 35/35/35 33/33/33
f 32/32/32 34/34/34 36/36/36
f 32/32/32 36/36/36 37/37/37
f 29/29/29 32/32/32 37/37/37
f 29/29/29 37/37/37 31/31/31
f 31/31/31 37/37/37 38/38/38
f 37/37/37 36/36/36 39/39/39
f 30/30/30 41/41/41 40/40/40
f 40/40/40 41/41/41 42/42/42
f 43/43/43 38/38/38 44/44/44
f 45/45/45 47/47/47 46/46/46
f 48/48/48 50/50/50 49/49/49
f 49/49/49 50/50/50 51/51/51
f 49/49/49 51/51/51 52/52/52
f 52/52/52 51/51/51 53/53/53
f 52/52/52 53/53/53 54/54/54
f 54/54/54 53/53/53 55/55/55
f 50/50/50 56/56/56 51/51/51
f 50/50/50 57/57/57 56/56/56
f 57/57/57 58/58/58 56/56/56
f 57/57/57 59/59/59 58/58/58
f 60/60/60 59/59/59 57/57/57
f 60/60/60 61/61/61 59/59/59
f 56/56/56 58/58/58 62/62/62
f 56/56/56 62/62/62 63/63/63
f 51/51/51 56/56/56 63/63/63
f 51/51/51 63/63/63 53/53/53
f 64/64/64 60/60/60 57/57/57
f 64/64/64 57/57/57 50/50/50
f 53/53/53 63/63/63 65/65/65
f 53/53/53 65/65/65 55/55/55
f 63/63/63 66/66/66 65/65/65
f 63/63/63 62/62/62 66/66/66
f 48/48/48 64/64/64 50/50/50
f 67/67/67 69/69/69 68/68/68
f 67/67/67 68/68/68 70/70/70
f 69/69/69 71/71/71 68/68/68
f 69/69/69 72/72/72 71/71/71
f 72/72/72 73/73/73 71/71/71
f 68/68/68 74/74/74 70/70/70
f 68/68/68 75/75/75 74/74/74
f 71/71/71 75/75/75 68/68/68
f 74/74/74 75/75/75 76/76/76
f 74/74/74 76/76/76 77/77/77
f 77/77/77 76/76/76 78/78/78
f 75/75/75 79/79/79 76/76/76
f 75/75/75 80/80/80 79/79/79
f 71/71/71 80/80/80 75/75/75
f 73/73/73 80/80/80 71/71/71
f 80/80/80 81/81/81 79/79/79
f 80/80/80 82/82/82 81/81/81
f 73/73/73 82/82/82 80/80/80
f 79/79/79 81/81/81 83/83/83
f 79/79/79 83/83/83 84/84/84
f 76/76/76 79/79/79 84/84/84
f 76/76/76 84/84/84 78/78/78
f 78/78/78 84/84/84 85/85/85
f 84/84/84 83/83/83 86/86/86
f 77/77/77 88/88/88 87/87/87
f 87/87/87 88/88/88 89/89/89
f 90/90/90 85/85/85 91/91/91
f 92/92/92 94/94/94 93/93/93
f 95/95/95 97/97/97 96/96/96
f 96/96/96 97/97/97 98/98/98
f 96/96/96 98/98/98 99/99/99
f 99/99/99 98/98/98 100/100/100
f 99/99/99 100/100/100 101/101/101
f 101/101/101 100/100/100 102/102/102
f 97/97/97 103/103/103 98/98/98
f 97/97/97 104/104/104 103/103/103
f 104/104/104 105/105/105 103/103/103
f 104/104/104 106/106/106 105/105/105
f 107/107/107 106/106/106 104/104/104
f 107/107/107 108/108/108 106/106/106
f 103/103/103 105/105/105 109/109/109
f 103/103/103 109/109/109 110/110/110
f 98/98/98 103/103/103 110/110/110
f 98/98/98 110/110/110 100/100/100
f 111/111/111 107/107/107 104/104/104
f 111/111/111 104/104/104 97/97/97
f 100/100/100 110/110/110 112/112/112
f 100/100/100 112/112/112 102/102/102
f 110/110/110 113/113/113 112/112/112
f 110/110/110 109/109/109 113/113/113
f 95/95/95 111/111/111 97/97/97
f 114/114/114 116/116/116 115/115/115
f 115/115/115 116/116/116 117/117/117
f 115/115/115 117/117/117 118/118/118
f 118/118/118 117/117/117 119/119/119
f 118/118/118 119/119/119 120/120/120
f 120/120/120 119/119/119 121/121/121
f 116/116/116 122/122/122 117/117/117
f 116/116/116 123/123/123 122/122/122
f 123/123/123 124/124/124 122/122/122
f 123/123/123 125/125/125 124/124/124
f 126/126/126 125/125/125 123/123/123
f 126/126/126 127/127/127 125/125/125
f 122/122/122 124/124/124 128/128/128
f 122/122/122 128/128/128 129/129/129
f 117/117/117 122/122/122 129/129/129
f 117/117/117 129/129/129 119/119/119
f 130/130/130 126/126/126 123/123/123
f 130/130/130 123/123/123 116/116/116
f 119/119/119 129/129/129 131/131/131
f 119/119/119 131/131/131 121/121/121
f 129/129/129 132/132/132 131/131/131
f 129/129/129 128/128/128 132/132/132
f 114/114/114 130/130/130 116/116/116
f 133/133/133 135/135/135 134/134/134
f 134/134/134 135/135/135 136/136/136
f 134/134/134 136/136/136 137/137/137
f 137/137/137 136/136/136 138/138/138
f 137/137/137 138/138/138 139/139/139
f 139/139/139 138/138/138 140/140/140
f 135/135/135 141/141/141 136/136/136
f 135/135/135 142/142/142 141/141/141
f 142/142/142 143/143/143 141/141/141
f 142/142/142 144/144/144 143/143/143
f 145/145/145 144/144/144 142/142/142
f 145/145/145 146/146/146 144/144/144
f 141/141/141 143/143/143 147/147/147
f 141/141/141 147/147/147 148/148/148
f 136/136/136 141/141/141 148/148/148
f 136/136/136 148/148/148 138/138/138
f 149/149/149 145/145/145 142/142/142
f 149/149/149 142/142/142 135/135/135
f 138/138/138 148/148/148 150/150/150
f 138/138/138 150/150/150 140/140/140
f 148/148/148 151/151/151 150/150/150
f 148/148/148 147/147/147 151/151/151
f 133/133/133 149/149/149 135/135/135
f 152/152/152 154/154/154 153/153/153
f 153/153/153 154/154/154 155/155/155
f 153/153/153 155/155/155 156/156/156
f 156/156/156 155/155/155 157/157/157
f 156/156/156 157/157/157 158/158/158
f 158/158/158 157/157/157 159/159/159
f 158/158/158 159/159/159 160/160/160
f 161/161/161 163/163/163 162/162/162
f 162/162/162 163/163/163 164/164/164
f 163/163/163 165/165/165 164/164/164
f 164/164/164 165/165/165 166/166/166
f 164/164/164 166/166/166 167/167/167
f 167/167/167 166/166/166 168/168/168
f 167/167/167 168/168/168 169/169/169
f 168/168/168 170/170/170 169/169/169
f 171/171/171 173/173/173 172/172/172
f 172/172/172 173/173/173 174/174/174
f 173/173/173 175/175/175 174/174/174
f 174/174/174 175/175/175 176/176/176
f 174/174/174 176/176/176 177/177/177
f 177/177/177 176/176/176 178/178/178
f 177/177/177 178/178/178 179/179/179
f 180/180/180 182/182/182 181/181/181
f 181/181/181 182/182/182 183/183/183
f 181/181/181 183/183/183 184/184/184
f 184/184/184 183/183/183 185/185/185
f 184/184/184 185/185/185 186/186/186
f 186/186/186 185/185/185 187/187/187
f 186/186/186 187/187/187 188/188/188
f 189/189/189 191/191/191 190/190/190
f 190/190/190 191/191/191 192/192/192
f 190/190/190 192/192/192 193/193/193
f 193/193/193 192/192/192 194/194/194
f 193/193/193 194/194/194 195/195/195
f 195/195/195 194/194/194 196/196/196
f 195/195/195 196/196/196 197/197/197
f 198/198/198 200/200/200 199/199/199
f 199/199/199 200/200/200 201/201/201
f 200/200/200 202/202/202 201/201/201
f 201/201/201 202/202/202 203/203/203
f 201/201/201 203/203/203 204/204/204
f 204/204/204 203/203/203 205/205/205
f 204/204/204 205/205/205 206/206/206
f 205/205/205 207/207/207 206/206/206
f 208/208/208 210/210/210 209/209/209
f 209/209/209 210/210/210 211/211/211
f 210/210/210 212/212/212 211/211/211
f 211/211/211 212/212/212 213/213/213
f 211/211/211 213/213/213 214/214/214
f 214/214/214 213/213/213 215/215/215
f 214/214/214 215/215/215 216/216/216
f 217/217/217 219/219/219 218/218/218
f 218/218/218 219/219/219 220/220/220
f 218/218/218 220/220/220 221/221/221
f 221/221/221 220/220/220 222/222/222
f 221/221/221 222/222/222 223/223/223
f 223/223/223 222/222/222 224/224/224
f 223/223/223 224/224/224 225/225/225
f 226/226/226 228/228/228 227/227/227
f 227/227/227 228/228/228 229/229/229
f 227/227/227 229/229/229 230/230/230
f 230/230/230 229/229/229 231/231/231
f 230/230/230 231/231/231 232/232/232
f 232/232/232 231/231/231 233/233/233
f 228/228/228 234/234/234 229/229/229
f 228/228/228 235/235/235 234/234/234
f 235/235/235 236/236/236 234/234/234
f 235/235/235 237/237/237 236/236/236
f 238/238/238 237/237/237 235/235/235
f 238/238/238 239/239/239 237/237/237
f 234/234/234 236/236/236 240/240/240
f 234/234/234 240/240/240 241/241/241
f 229/229/229 234/234/234 241/241/241
f 229/229/229 241/241/241 231/231/231
f 242/242/242 238/238/238 235/235/235
f 242/242/242 235/235/235 228/228/228
f 231/231/231 241/241/241 243/243/243
f 231/231/231 243/243/243 233/233/233
f 241/241/241 244/244/244 243/243/243
f 241/241/241 240/240/240 244/244/244
f 226/226/226 242/242/242 228/228/228
f 245/245/245 247/247/247 246/246/246
f 246/246/246 247/247/247 248/248/248
f 246/246/246 248/248/248 249/249/249
f 249/249/249 248/248/248 250/250/250
f 249/249/249 250/250/250 251/251/251
f 251/251/251 250/250/250 252/252/252
f 247/247/247 253/253/253 248/248/248
f 247/247/247 254/254/254 253/253/253
f 254/254/254 255/255/255 253/253/253
f 254/254/254 256/256/256 255/255/255
f 257/257/257 256/256/256 254/254/254
f 257/257/257 258/258/258 256/256/256
f 253/253/253 255/255/255 259/259/259
f 253/253/253 259/259/259 260/260/260
f 248/248/248 253/253/253 260/260/260
f 248/248/248 260/260/260 250/250/250
f 261/261/261 257/257/257 254/254/254
f 261/261/261 254/254/254 247/247/247
f 250/250/250 260/260/260 262/262/262
f 250/250/250 262/262/262 252/252/252
f 260/260/260 263/263/263 262/262/262
f 260/260/260 259/259/259 263/263/263
f 245/245/245 261/261/261 247/247/247
f 264/264/264 266/266/266 265/265/265
f 265/265/265 266/266/266 267/267/267
f 265/265/265 267/267/267 268/268/268
f 268/268/268 267/267/267 269/269/269
f 268/268/268 269/269/269 270/270/270
f 270/270/270 269/269/269 271/271/271
f 266/266/266 272/272/272 267/267/267
f 266/266/266 273/273/273 272/272/272
f 273/273/273 274/274/274 272/272/272
f 273/273/273 275/275/275 274/274/274
f 276/276/276 275/275/275 273/273/273
f 276/276/276 277/277/277 275/275/275
f 272/272/272 274/274/274 278/278/278
f 272/272/272 278/278/278 279/279/279
f 267/267/267 272/272/272 279/279/279
f 267/267/267 279/279/279 269/269/269
f 280/280/280 276/276/276 273/273/273
f 280/280/280 273/273/273 266/266/266
f 269/269/269 279/279/279 281/281/281
f 269/269/269 281/281/281 271/271/271
f 279/279/279 282/282/282 281/281/281
f 279/279/279 278/278/278 282/282/282
f 264/264/264 280/280/280 266/266/266
f 283/283/283 285/285/285 284/284/284
f 283/283/283 284/284/284 286/286/286
f 285/285/285 287/287/287 284/284/284
f 285/285/285 288/288/288 287/287/287
f 288/288/288 289/289/289 287/287/287
f 284/284/284 290/290/290 286/286/286
f 284/284/284 291/291/291 290/290/290
f 287/287/287 291/291/291 284/284/284
f 290/290/290 291/291/291 292/292/292
f 290/290/290 292/292/292 293/293/293
f 293/293/293 292/292/292 294/294/294
f 291/291/291 295/295/295 292/292/292
f 291/291/291 296/296/296 295/295/295
f 287/287/287 296/296/296 291/291/291
f 289/289/289 296/296/296 287/287/287
f 296/296/296 297/297/297 295/295/295
f 296/296/296 298/298/298 297/297/297
f 289/289/289 298/298/298 296/296/296
f 295/295/295 297/297/297 299/299/299
f 295/295/295 299/299/299 300/300/300
f 292/292/292 295/295/295 300/300/300
f 292/292/292 300/300/300 294/294/294
f 294/294/294 300/300/300 301/301/301
f 300/300/300 299/299/299 302/302/302
f 293/293/293 304/304/304 303/303/303
f 303/303/303 304/304/304 305/305/305
f 306/306/306 301/301/301 307/307/307
f 308/308/308 310/310/310 309/309/309
f 311/311/311 313/313/313 312/312/312
f 311/311/311 312/312/312 314/314/314
f 313/313/313 315/315/315 312/312/312
f 313/313/313 316/316/316 315/315/315
f 316/316/316 317/317/317 315/315/315
f 312/312/312 318/318/318 314/314/314
f 312/312/312 319/319/319 318/318/318
f 315/315/315 319/319/319 312/312/312
f 318/318/318 319/319/319 320/320/320
f 318/318/318 320/320/320 321/321/321
f 321/321/321 320/320/320 322/322/322
f 319/319/319 323/323/323 320/320/320
f 319/319/319 324/324/324 323/323/323
f 315/315/315 324/324/324 319/319/319
f 317/317/317 324/324/324 315/315/315
f 324/324/324 325/325/325 323/323/323
f 324/324/324 326/326/326 325/325/325
f 317/317/317 326/326/326 324/324/324
f 323/323/323 325/325/325 327/327/327
f 323/323/323 327/327/327 328/328/328
f 320/320/320 323/323/323 328/328/328
f 320/320/320 328/328/328 322/322/322
f 322/322/322 328/328/328 329/329/329
f 328/328/328 327/327/327 330/330/330
f 321/321/321 332/332/332 331/331/331
f 331/331/331 332/332/332 333/333/333
f 334/334/334 329/329/329 335/335/335
f 336/336/336 338/338/338 337/337/337
f 339/339/339 341/341/341 340/340/340
f 339/339/339 340/340/340 342/342/342
f 341/341/341 343/343/343 340/340/340
f 341/341/341 344/344/344 343/343/343
f 344/344/344 345/345/345 343/343/343
f 340/340/340 346/346/346 342/342/342
f 340/340/340 347/347/347 346/346/346
f 343/343/343 347/347/347 340/340/340
f 346/346/346 347/347/347 348/348/348
f 346/346/346 348/348/348 349/349/349
f 349/349/349 348/348/348 350/350/350
f 347/347/347 351/351/351 348/348/348
f 347/347/347 352/352/352 351/351/351
f 343/343/343 352/352/352 347/347/347
f 345/345/345 352/352/352 343/343/343
f 352/352/352 353/353/353 351/351/351
f 352/352/352 354/354/354 353/353/353
f 345/345/345 354/354/354 352/352/352
f 351/351/351 353/353/353 355/355/355
f 351/351/351 355/355/355 356/356/356
f 348/348/348 351/351/351 356/356/356
f 348/348/348 356/356/356 350/350/350
f 350/350/350 356/356/356 357/357/357
f 356/356/356 355/355/355 358/358/358
f 349/349/349 360/360/360 359/359/359
f 359/359/359 360/360/360 361/361/361
f 362/362/362 357/357/357 363/363/363
f 364/364/364 366/366/366 365/365/365
f 367/367/367 369/369/369 368/368/368
f 367/367/367 368/368/368 370/370/370
f 369/369/369 371/371/371 368/368/368
f 369/369/369 372/372/372 371/371/371
f 372/372/372 373/373/373 371/371/371
f 368/368/368 374/374/374 370/370/370
f 368/368/368 375/375/375 374/374/374
f 371/371/371 375/375/375 368/368/368
f 374/374/374 375/375/375 376/376/376
f 374/374/374 376/376/376 377/377/377
f 377/377/377 376/376/376 378/378/378
f 375/375/375 379/379/379 376/376/376
f 375/375/375 380/380/380 379/379/379
f 371/371/371 380/380/380 375/375/375
f 373/373/373 380/380/380 371/371/371
f 380/380/380 381/381/381 379/379/379
f 380/380/380 382/382/382 381/381/381
f 373/373/373 382/382/382 380/380/380
f 379/379/379 381/381/381 383/383/383
f 379/379/379 383/383/383 384/384/384
f 376/376/376 379/379/379 384/384/384
f 376/376/376 384/384/384 378/378/378
f 378/378/378 384/384/384 385/385/385
f 384/384/384 383/383/383 386/386/386
f 377/377/377 388/388/388 387/387/387
f 387/387/387 388/388/388 389/389/389
f 390/390/390 385/385/385 391/391/391
f 392/392/392 394/394/394 393/393/393
f 395/395/395 397/397/397 396/396/396
f 395/395/395 396/396/396 398/398/398
f 397/397/397 399/399/399 396/396/396
f 397/397/397 400/400/400 399/399/399
f 400/400/400 401/401/401 399/399/399
f 396/396/396 402/402/402 398/398/398
f 396/396/396 403/403/403 402/402/402
f 399/399/399 403/403/403 396/396/396
f 402/402/402 403/403/403 404/404/404
f 402/402/402 404/404/404 405/405/405
f 405/405/405 404/404/404 406/406/406
f 403/403/403 407/407/407 404/404/404
f 403/403/403 408/408/408 407/407/407
f 399/399/399 408/408/408 403/403/403
f 401/401/401 408/408/408 399/399/399
f 408/408/408 409/409/409 407/407/407
f 408/408/408 410/410/410 409/409/409
f 401/401/401 410/410/410 408/408/408
f 407/407/407 409/409/409 411/411/411
f 407/407/407 411/411/411 412/412/412
f 404/404/404 407/407/407 412/412/412
f 404/404/404 412/412/412 406/406/406
f 406/406/406 412/412/412 413/413/413
f 412/412/412 411/411/411 414/414/414
f 405/405/405 416/416/416 415/415/415
f 415/415/415 416/416/416 417/417/417
f 418/418/418 413/413/413 419/419/419
f 420/420/420 422/422/422 421/421/421
f 423/423/423 425/425/425 424/424/424
f 423/423/423 424/424/424 426/426/426
f 425/425/425 427/427/427 424/424/424
f 425/425/425 428/428/428 427/427/427
f 428/428/428 429/429/429 427/427/427
f 424/424/424 430/430/430 426/426/426
f 424/424/424 431/431/431 430/430/430
f 427/427/427 431/431/431 424/424/424
f 430/430/430 431/431/431 432/432/432
f 430/430/430 432/432/432 433/433/433
f 433/433/433 432/432/432 434/434/434
f 433/433/433 434/434/434 435/435/435
f 435/435/435 434/434/434 436/436/436
f 431/431/431 437/437/437 432/432/432
f 431/431/431 438/438/438 437/437/437
f 427/427/427 438/438/438 431/431/431
f 429/429/429 438/438/438 427/427/427
f 438/438/438 439/439/439 437/437/437
f 438/438/438 440/440/440 439/439/439
f 429/429/429 440/440/440 438/438/438
f 437/437/437 439/439/439 441/441/441
f 437/437/437 441/441/441 442/442/442
f 432/432/432 437/437/437 442/442/442
f 432/432/432 442/442/442 434/434/434
f 434/434/434 442/442/442 443/443/443
f 434/434/434 443/443/443 436/436/436
f 442/442/442 441/441/441 444/444/444
f 445/445/445 447/447/447 446/446/446
f 448/448/448 450/450/450 449/449/449
f 449/449/449 450/450/450 451/451/451
f 449/449/449 451/451/451 452/452/452
f 452/452/452 451/451/451 453/453/453
f 452/452/452 453/453/453 454/454/454
f 454/454/454 453/453/453 455/455/455
f 450/450/450 456/456/456 451/451/451
f 450/450/450 457/457/457 456/456/456
f 457/457/457 458/458/458 456/456/456
f 457/457/457 459/459/459 458/458/458
f 460/460/460 459/459/459 457/457/457
f 460/460/460 461/461/461 459/459/459
f 456/456/456 458/458/458 462/462/462
f 456/456/456 462/462/462 463/463/463
f 451/451/451 456/456/456 463/463/463
f 451/451/451 463/463/463 453/453/453
f 464/464/464 460/460/460 457/457/457
f 464/464/464 457/457/457 450/450/450
f 453/453/453 463/463/463 465/465/465
f 453/453/453 466/466/466 455/455/455
f 463/463/463 462/462/462 467/467/467
f 463/463/463 467/467/467 468/468/468
f 448/448/448 464/464/464 450/450/450
f 469/469/469 471/471/471 470/470/470
f 470/470/470 471/471/471 472/472/472
f 470/470/470 472/472/472 473/473/473
f 473/473/473 472/472/472 474/474/474
f 473/473/473 474/474/474 475/475/475
f 475/475/475 474/474/474 476/476/476
f 475/475/475 476/476/476 477/477/477
f 478/478/478 480/480/480 479/479/479
f 479/479/479 480/480/480 481/481/481
f 480/480/480 482/482/482 481/481/481
f 481/481/481 482/482/482 483/483/483
f 481/481/481 483/483/483 484/484/484
f 484/484/484 483/483/483 485/485/485
f 484/484/484 485/485/485 486/486/486
f 485/485/485 487/487/487 486/486/486
f 488/488/488 490/490/490 489/489/489
f 489/489/489 490/490/490 491/491/491
f 490/490/490 492/492/492 491/491/491
f 491/491/491 492/492/492 493/493/493
f 491/491/491 493/493/493 494/494/494
f 494/494/494 493/493/493 495/495/495
f 494/494/494 495/495/495 496/496/496
f 497/497/497 499/499/499 498/498/498
f 498/498/498 499/499/499 500/500/500
f 498/498/498 500/500/500 501/501/501
f 501/501/501 500/500/500 502/502/502
f 501/501/501 502/502/502 503/503/503
f 503/503/503 502/502/502 504/504/504
f 503/503/503 504/504/504 505/505/505
f 506/506/506 508/508/508 507/507/507
f 506/506/506 507/507/507 509/509/509
f 509/509/509 507/507/507 510/510/510
f 509/509/509 510/510/510 511/511/511
f 511/511/511 510/510/510 512/512/512
f 511/511/511 512/512/512 513/513/513
f 513/513/513 512/512/512 514/514/514
f 513/513/513 514/514/514 515/515/515
f 508/508/508 516/516/516 507/507/507
f 508/508/508 517/517/517 516/516/516
f 517/517/517 518/518/518 516/516/516
f 516/516/516 518/518/518 519/519/519
f 516/516/516 519/519/519 520/520/520
f 507/507/507 516/516/516 520/520/520
f 507/507/507 520/520/520 510/510/510
f 520/520/520 519/519/519 521/521/521
f 520/520/520 521/521/521 522/522/522
f 510/510/510 520/520/520 522/522/522
f 510/510/510 522/522/522 512/512/512
f 512/512/512 522/522/522 514/514/514
f 522/522/522 521/521/521 523/523/523
f 522/522/522 523/523/523 514/514/514
f 518/518/518 524/524/524 519/519/519
f 519/519/519 524/524/524 521/521/521
f 525/525/525 509/509/509 511/511/511
f 526/526/526 509/509/509 525/525/525
f 527/527/527 526/526/526 525/525/525
f 527/527/527 525/525/525 528/528/528
f 529/529/529 527/527/527 528/528/528
f 529/529/529 528/528/528 530/530/530
f 530/530/530 528/528/528 531/531/531
f 530/530/530 531/531/531 532/532/532
f 532/532/532 531/531/531 533/533/533
f 532/532/532 533/533/533 534/534/534
f 534/534/534 533/533/533 535/535/535
f 534/534/534 535/535/535 536/536/536
f 528/528/528 525/525/525 537/537/537
f 528/528/528 537/537/537 531/531/531
f 531/531/531 537/537/537 538/538/538
f 531/531/531 538/538/538 533/533/533
f 533/533/533 538/538/538 515/515/515
f 533/533/533 515/515/515 535/535/535
f 526/526/526 506/506/506 509/509/509
f 537/537/537 513/513/513 538/538/538
f 538/538/538 513/513/513 515/515/515
f 537/537/537 511/511/511 513/513/513
f 525/525/525 511/511/511 537/537/537
f 539/539/539 529/529/529 530/530/530
f 539/539/539 530/530/530 540/540/540
f 540/540/540 530/530/530 532/532/532
f 541/541/541 539/539/539 540/540/540
f 541/541/541 540/540/540 542/542/542
f 543/543/543 541/541/541 542/542/542
f 543/543/543 542/542/542 544/544/544
f 544/544/544 542/542/542 545/545/545
f 544/544/544 545/545/545 546/546/546
f 546/546/546 545/545/545 547/547/547
f 546/546/546 547/547/547 548/548/548
f 548/548/548 547/547/547 549/549/549
f 548/548/548 549/549/549 550/550/550
f 542/542/542 540/540/540 551/551/551
f 542/542/542 551/551/551 545/545/545
f 545/545/545 551/551/551 552/552/552
f 545/545/545 552/552/552 547/547/547
f 547/547/547 552/552/552 536/536/536
f 547/547/547 536/536/536 549/549/549
f 540/540/540 532/532/532 551/551/551
f 551/551/551 532/532/532 534/534/534
f 551/551/551 534/534/534 552/552/552
f 552/552/552 534/534/534 536/536/536
f 553/553/553 543/543/543 544/544/544
f 553/553/553 544/544/544 554/554/554
f 554/554/554 544/544/544 546/546/546
f 553/553/553 554/554/554 555/555/555
f 555/555/555 554/554/554 556/556/556
f 554/554/554 546/546/546 556/556/556
f 556/556/556 546/546/546 548/548/548
f 555/555/555 556/556/556 557/557/557
f 555/555/555 557/557/557 558/558/558
f 557/557/557 559/559/559 558/558/558
f 557/557/557 556/556/556 560/560/560
f 557/557/557 560/560/560 559/559/559
f 559/559/559 560/560/560 550/550/550
f 556/556/556 548/548/548 560/560/560
f 560/560/560 548/548/548 550/550/550

o collision_PZ_wall_002
v -6.41960889 3.30159564 20.5107799
v -13.2139052 3.53367419 20.3969474
v -13.208164 3.30159564 20.5487399
v -6.54414731 3.53367419 20.3628669
v -6.39146406 3.22847552 21.2552943
v -6.4261511 4.41345878 20.3379321
v -6.41960889 3.30159564 20.5107799
v -6.45756895 4.3323278 21.1691871
v -13.2146986 4.41345878 20.3758731
v -6.48977262 5.32292552 19.9361243
v -13.1632269 5.32292647 19.9703345
v -6.4261511 4.41345878 20.3379321
v -6.4261511 4.41345878 20.3379321
v -6.45756895 4.3323278 21.1691871
v -6.39150983 6.55214877 21.2540812
v -13.2146986 4.41345878 20.3758731
v -13.1800192 3.22847552 21.2932467
v -13.208164 3.30159564 20.5487399
v -13.1161917 4.3323278 21.2029071
v -13.2370947 6.87863631 15.0486026
v -13.2143744 7.16759868 18.5311522
v -13.2261847 6.13626285 17.3112216
v -13.2539747 5.54792018 16.2839293
v -13.2704466 4.57913966 15.4567409
v -13.2560194 4.58965297 14.8051219
v -13.2749441 3.55775065 15.0706725
v -13.1916273 6.26580424 18.3355365
v -13.1745527 6.01465697 19.2286944
v -13.1722372 6.96467586 20.5717673
v -13.1800688 6.55214973 21.2920108
v -13.1632269 5.32292647 19.9703345
v -13.2261847 6.13626285 17.3112216
v -13.2143744 7.16759868 18.5311522
v -13.2139052 3.53367419 20.3969474
v -6.4261511 4.41345878 20.3379321
v -13.2146986 4.41345878 20.3758731
v -6.54414731 3.53367419 20.3628669
v -6.41960889 3.30159564 20.5107799
v -6.4261511 4.41345878 20.3379321
v -6.54414731 3.53367419 20.3628669
v -13.2146986 4.41345878 20.3758731
v -13.208164 3.30159564 20.5487399
v -13.2139052 3.53367419 20.3969474
v -6.4261511 4.41345878 20.3379321
v -6.39150983 6.55214877 21.2540812
v -6.48977262 5.32292552 19.9361243
v -13.2146986 4.41345878 20.3758731
v -13.1800688 6.55214973 21.2920108
v -13.1161917 4.3323278 21.2029071
v -13.1632269 5.32292647 19.9703345
v -6.52988798 6.01465602 19.1954074
v -13.1745527 6.01465697 19.2286944
v -6.48977262 5.32292552 19.9361243
v -13.1632269 5.32292647 19.9703345
v -13.1800688 6.55214973 21.2920108
v -13.2146986 4.41345878 20.3758731
v -6.48977262 5.32292552 19.9361243
v -6.39150983 6.55214877 21.2540812
v -6.52988798 6.01465602 19.1954074
v -6.44602186 6.9657001 20.5056815
v -6.55046064 7.16965003 18.4369559
v -6.57572156 6.26580424 18.3031859
v -6.61748868 6.13626285 17.2791228
v -6.72415906 6.87863536 15.0181289
v -6.65245038 5.54791827 16.2520404
v -6.67612058 4.57913966 15.4250827
v -6.70599157 4.58965297 14.7741752
v -6.68782407 3.55775065 15.0392566
v -13.1916273 6.26580424 18.3355365
v -6.61748868 6.13626285 17.2791228
v -13.2261847 6.13626285 17.3112216
v -6.57572156 6.26580424 18.3031859
v -13.1745527 6.01465697 19.2286944
v -6.57572156 6.26580424 18.3031859
v -13.1916273 6.26580424 18.3355365
v -6.52988798 6.01465602 19.1954074
v -6.55046064 7.16965003 18.4369559
v -13.2370947 6.87863631 15.0486026
v -6.72415906 6.87863536 15.0181289
v -13.2143744 7.16759868 18.5311522
v -6.39150983 6.55214877 21.2540812
v -13.1722372 6.96467586 20.5717673
v -6.44602186 6.9657001 20.5056815
v -13.1800688 6.55214973 21.2920108
v -13.2539747 5.54792018 16.2839293
v -6.67612058 4.57913966 15.4250827
v -13.2704466 4.57913966 15.4567409
v -6.65245038 5.54791827 16.2520404
v -13.2261847 6.13626285 17.3112216
v -6.65245038 5.54791827 16.2520404
v -13.2539747 5.54792018 16.2839293
v -6.61748868 6.13626285 17.2791228
v -13.2704466 4.57913966 15.4567409
v -6.68782407 3.55775065 15.0392566
v -13.2749441 3.55775065 15.0706725
v -6.67612058 4.57913966 15.4250827
v -6.44602186 6.9657001 20.5056815
v -13.2143744 7.16759868 18.5311522
v -6.55046064 7.16965003 18.4369559
v -13.1722372 6.96467586 20.5717673
v -6.72415906 6.87863536 15.0181289
v -13.2560194 4.58965297 14.8051219
v -6.70599157 4.58965297 14.7741752
v -13.2370947 6.87863631 15.0486026
v -6.70599157 4.58965297 14.7741752
v -13.2749441 3.55775065 15.0706725
v -6.68782407 3.55775065 15.0392566
v -13.2560194 4.58965297 14.8051219
v -13.1800192 3.22847552 21.2932467
v -6.41960889 3.30159564 20.5107799
v -13.208164 3.30159564 20.5487399
v -6.39146406 3.22847552 21.2552943
vt 0.00676758913 0.65323931
vt 0.494627476 0.591944933
vt 0.494627476 0.65323931
vt 0.00676758913 0.591944933
vt 0.493198812 0.660499573
vt 0.427004516 0.742224514
vt 0.443477631 0.663456321
vt 0.493198752 0.738953471
vt 0.494627476 0.653284431
vt 0.00676758913 0.592016578
vt 0.494627476 0.592016578
vt 0.00676758913 0.653284431
vt 0.427004516 0.742224514
vt 0.493198752 0.738953471
vt 0.493198752 0.924622476
vt 0.565773189 0.820798635
vt 0.496338427 0.738936663
vt 0.549445808 0.742000222
vt 0.496338427 0.817408681
vt 0.983817935 0.993715107
vt 0.715541005 0.993715107
vt 0.807007015 0.934823275
vt 0.870762229 0.890420437
vt 0.910417199 0.819748163
vt 0.96922034 0.815015376
vt 0.925402164 0.746240497
vt 0.72818166 0.947021723
vt 0.658512533 0.931689143
vt 0.557345629 0.993715107
vt 0.496338427 0.993715107
vt 0.599380195 0.884496331
vt 0.807007015 0.934823275
vt 0.715541005 0.993715107
vt 0.494627476 0.591944933
vt 0.00676758913 0.653284431
vt 0.494627476 0.653284431
vt 0.00676758913 0.591944933
vt 0.443477631 0.663456321
vt 0.427004516 0.742224514
vt 0.431095481 0.679546595
vt 0.565773189 0.820798635
vt 0.549445808 0.742000222
vt 0.561798215 0.758113384
vt 0.427004516 0.742224514
vt 0.493198752 0.924622476
vt 0.39327991 0.805859923
vt 0.565773189 0.820798635
vt 0.496338427 0.993715107
vt 0.496338427 0.817408681
vt 0.494627476 0.592016578
vt 0.00676758913 0.653228939
vt 0.494627476 0.653228939
vt 0.00676758913 0.592016578
vt 0.599380195 0.884496331
vt 0.496338427 0.993715107
vt 0.565773189 0.820798635
vt 0.39327991 0.805859923
vt 0.493198752 0.924622476
vt 0.334060431 0.852943301
vt 0.43247807 0.924622476
vt 0.273109794 0.924622476
vt 0.26436305 0.868146896
vt 0.185560405 0.855802834
vt 0.00719156116 0.924622476
vt 0.1218872 0.811282218
vt 0.0823631808 0.740536571
vt 0.0095238667 0.751285374
vt 0.0675143525 0.667001367
vt 0.494627476 0.591944933
vt 0.00676758913 0.653228939
vt 0.494627476 0.653228939
vt 0.00676758913 0.591944933
vt 0.494627476 0.653228939
vt 0.00676758913 0.591944933
vt 0.494627476 0.591944933
vt 0.00676758913 0.653228939
vt 0.273109794 0.924622476
vt 0.00719156116 0.9942348
vt 0.00719156116 0.924622476
vt 0.273109794 0.9942348
vt 0.493198752 0.924622476
vt 0.43247807 0.9942348
vt 0.43247807 0.924622476
vt 0.493198752 0.9942348
vt 0.494627476 0.592016578
vt 0.00676758913 0.653284431
vt 0.494627476 0.653284431
vt 0.00676758913 0.592016578
vt 0.494627476 0.653228939
vt 0.00676758913 0.592016578
vt 0.494627476 0.592016578
vt 0.00676758913 0.653228939
vt 0.494627476 0.653284431
vt 0.00676758913 0.591944933
vt 0.494627476 0.591944933
vt 0.00676758913 0.653284431
vt 0.43247807 0.924622476
vt 0.273109794 0.9942348
vt 0.273109794 0.924622476
vt 0.43247807 0.9942348
vt 0.273109794 0.924622476
vt 0.140150666 0.9942348
vt 0.140150681 0.924622476
vt 0.273109794 0.9942348
vt 0.140150681 0.924622476
vt 0.00719156116 0.9942348
vt 0.00719156116 0.924622476
vt 0.140150666 0.9942348
vt 0.494627476 0.653228939
vt 0.00676758913 0.591944933
vt 0.494627476 0.591944933
vt 0.00676758913 0.653228939
vn -0.00449377085 -0.543329798 -0.839507318
vn -0.00449377085 -0.543329798 -0.839507318
vn -0.00449377085 -0.543329798 -0.839507318
vn -0.0044937707 -0.54332984 -0.83950729
vn 0.999428004 0.0333930897 0.0053447291
vn 0.999428004 0.033393086 0.0053447291
vn 0.999428004 0.0333930897 0.0053447291
vn 0.999428004 0.033393086 0.00534472863
vn -0.00489865275 -0.405712332 -0.913987695
vn -0.00489865275 -0.405712332 -0.913987695
vn -0.00489865234 -0.405712308 -0.913987706
vn -0.00489865275 -0.405712332 -0.913987695
vn 0.998914354 -0.0310544146 0.0347237175
vn 0.998914354 -0.0310544146 0.0347237175
vn 0.998914354 -0.0310544146 0.0347237175
vn -0.995846247 0.035700058 0.0837601229
vn -0.995846247 0.0357000617 0.0837601229
vn -0.995846246 0.0357000654 0.0837601303
vn -0.995846247 0.035700058 0.0837601229
vn -0.999972329 0.00414068572 0.00618030122
vn -0.999972329 0.00414068525 0.00618030122
vn -0.999972329 0.00414068572 0.00618030075
vn -0.999885572 0.0149323067 0.0024224832
vn -0.999885572 0.0149323076 0.00242248297
vn -0.999702576 0.0106014877 -0.0219628955
vn -0.99967899 0.0126906077 -0.0219286647
vn -0.99955292 -0.0276701641 0.0113279691
vn -0.99955292 -0.0276701603 0.0113279691
vn -0.99955742 -0.0234470327 0.0183084791
vn -0.999886158 -0.01503741 0.00124414987
vn -0.999886158 -0.0150374119 0.00124414999
vn -0.998721851 -0.0334175179 0.0379201015
vn -0.998721851 -0.0334175179 0.0379200978
vn -0.00534959748 -0.0257825161 -0.999653262
vn -0.00534959748 -0.0257825179 -0.999653262
vn -0.00534959748 -0.0257825161 -0.999653262
vn -0.00534959701 -0.0257825179 -0.999653262
vn 0.668095919 -0.110459472 -0.735830516
vn 0.668095919 -0.110459472 -0.735830516
vn 0.668095919 -0.11045948 -0.735830515
vn -0.999285263 -8.39364968e-18 0.0378016376
vn -0.999285263 -8.39364968e-18 0.0378016376
vn -0.999285263 -8.3936505e-18 0.0378016413
vn 0.994796278 0.026077107 -0.0984903517
vn 0.994796278 0.0260771051 -0.0984903517
vn 0.994796278 0.0260771051 -0.0984903517
vn -0.992811381 -0.0331849046 0.114997059
vn -0.992811379 -0.0331849082 0.114997074
vn -0.99281138 -0.0331849083 0.114997066
vn -0.00345770338 -0.73112851 -0.682231006
vn -0.00345770329 -0.73112854 -0.682230974
vn -0.00345770338 -0.73112851 -0.682231006
vn -0.00345770338 -0.73112851 -0.682231006
vn -0.998288965 0.0359267829 -0.0461346821
vn -0.998288965 0.0359267791 -0.0461346822
vn -0.998288965 0.0359267791 -0.0461346859
vn 0.997875723 -0.0109057957 -0.0642269794
vn 0.997875723 -0.0109057948 -0.0642269868
vn 0.997875723 -0.0109057957 -0.0642269794
vn 0.997602851 0.00689165042 -0.0688553284
vn 0.999031575 -0.022308382 -0.0379242387
vn 0.999031575 -0.0223083838 -0.0379242425
vn 0.999031575 -0.0223083838 -0.0379242387
vn 0.998948684 0.013093927 -0.0439326286
vn 0.998948684 0.013093926 -0.0439326286
vn 0.998948684 0.013093926 -0.0439326286
vn 0.998876367 0.0127914684 -0.0456331211
vn 0.998935961 0.00583501325 -0.0457482172
vn 0.000611420517 -0.992098523 0.12545974
vn 0.000611420517 -0.992098523 0.12545974
vn 0.000611420517 -0.992098523 0.12545974
vn 0.000611420516 -0.992098521 0.125459754
vn -0.00134038627 -0.962640237 -0.270780311
vn -0.00134038627 -0.962640237 -0.270780311
vn -0.00134038617 -0.962640245 -0.270780284
vn -0.00134038617 -0.962640245 -0.270780284
vn -0.000947120589 0.996489214 -0.0837158798
vn -0.000947120647 0.996489214 -0.0837158872
vn -0.000947120589 0.996489214 -0.0837158872
vn -0.000947120589 0.996489214 -0.0837158872
vn 0.00370642553 0.8716286 0.490152879
vn 0.00370642553 0.8716286 0.490152879
vn 0.00370642553 0.8716286 0.490152879
vn 0.00370642599 0.8716286 0.490152879
vn 0.00366222227 -0.649331923 0.760496313
vn 0.00366222236 -0.649331957 0.760496284
vn 0.00366222236 -0.649331957 0.760496284
vn 0.00366222283 -0.649331957 0.760496284
vn 0.00240705298 -0.867769908 0.496960353
vn 0.00240705275 -0.867769908 0.496960353
vn 0.00240705293 -0.867769925 0.496960324
vn 0.00240705298 -0.867769908 0.496960353
vn 0.00447606584 -0.353499539 0.93542399
vn 0.00447606542 -0.353499513 0.935424
vn 0.00447606584 -0.353499539 0.93542399
vn 0.00447606584 -0.353499539 0.93542399
vn 0.000950442967 0.995136965 0.0984962811
vn 0.000950442908 0.995136964 0.0984962884
vn 0.000950442966 0.995136964 0.0984962884
vn 0.000950443024 0.995136964 0.0984962884
vn -0.00467538993 0.105875173 -0.994368437
vn -0.00467538947 0.105875166 -0.994368438
vn -0.0046753904 0.105875173 -0.994368437
vn -0.00467538993 0.105875173 -0.994368437
vn -0.004597469 -0.249010178 -0.968489956
vn -0.00459746859 -0.249010136 -0.968489967
vn -0.004597469 -0.249010178 -0.968489956
vn -0.00459746857 -0.24901015 -0.968489963
vn -0.000546381758 -0.995213641 -0.0977216003
vn -0.0005463817 -0.995213642 -0.0977215855
vn -0.000546381758 -0.995213641 -0.0977216003
vn -0.000546381758 -0.995213641 -0.0977216003

g collision_PZ_wall_002_submesh_0
usemtl collision_2
f 561/561/561 563/563/563 562/562/562
f 561/561/561 562/562/562 564/564/564
f 565/565/565 567/567/567 566/566/566
f 565/565/565 566/566/566 568/568/568
f 569/569/569 571/571/571 570/570/570
f 569/569/569 570/570/570 572/572/572
f 573/573/573 575/575/575 574/574/574
f 576/576/576 578/578/578 577/577/577
f 576/576/576 577/577/577 579/579/579
f 580/580/580 582/582/582 581/581/581
f 580/580/580 583/583/583 582/582/582
f 580/580/580 584/584/584 583/583/583
f 580/580/580 585/585/585 584/584/584
f 585/585/585 586/586/586 584/584/584
f 587/587/587 588/588/588 581/581/581
f 588/588/588 589/589/589 581/581/581
f 588/588/588 590/590/590 589/589/589
f 588/588/588 591/591/591 590/590/590
f 592/592/592 587/587/587 593/593/593
f 594/594/594 596/596/596 595/595/595
f 594/594/594 595/595/595 597/597/597
f 598/598/598 600/600/600 599/599/599
f 601/601/601 603/603/603 602/602/602
f 604/604/604 606/606/606 605/605/605
f 607/607/607 609/609/609 608/608/608
f 610/610/610 612/612/612 611/611/611
f 610/610/610 611/611/611 613/613/613
f 614/614/614 616/616/616 615/615/615
f 617/617/617 619/619/619 618/618/618
f 619/619/619 620/620/620 618/618/618
f 619/619/619 621/621/621 620/620/620
f 619/619/619 622/622/622 621/621/621
f 622/622/622 623/623/623 621/621/621
f 623/623/623 624/624/624 621/621/621
f 623/623/623 625/625/625 624/624/624
f 625/625/625 626/626/626 624/624/624
f 626/626/626 627/627/627 624/624/624
f 626/626/626 628/628/628 627/627/627
f 629/629/629 631/631/631 630/630/630
f 629/629/629 630/630/630 632/632/632
f 633/633/633 635/635/635 634/634/634
f 633/633/633 634/634/634 636/636/636
f 637/637/637 639/639/639 638/638/638
f 637/637/637 638/638/638 640/640/640
f 641/641/641 643/643/643 642/642/642
f 641/641/641 642/642/642 644/644/644
f 645/645/645 647/647/647 646/646/646
f 645/645/645 646/646/646 648/648/648
f 649/649/649 651/651/651 650/650/650
f 649/649/649 650/650/650 652/652/652
f 653/653/653 655/655/655 654/654/654
f 653/653/653 654/654/654 656/656/656
f 657/657/657 659/659/659 658/658/658
f 657/657/657 658/658/658 660/660/660
f 661/661/661 663/663/663 662/662/662
f 661/661/661 662/662/662 664/664/664
f 665/665/665 667/667/667 666/666/666
f 665/665/665 666/666/666 668/668/668
f 669/669/669 671/671/671 670/670/670
f 669/669/669 670/670/670 672/672/672

o collision_PZ_wall_003
v -4.84189034 0.96520912 2.48303604
v -6.25191498 1.14310943 2.35883522
v -6.25191498 0.909446829 2.51409912
v -4.84132004 1.15536606 2.33266449
v -4.84085846 0.902305716 3.24603844
v -4.83735466 2.07830917 2.31270981
v -4.84189034 0.96520912 2.48303604
v -4.83649636 2.02642166 3.20225906
v -4.83281517 4.19295322 3.00907135
v -4.84132004 1.15536606 2.33266449
v -4.83377457 2.97966778 1.91165161
v -4.83102417 3.6733781 1.17143249
v -4.82625199 4.30450069 2.49634933
v -4.82538033 4.36157619 0.428657531
v -4.83017159 3.92382252 0.277351379
v -4.83135224 3.78779899 -0.756158829
v -4.83450699 4.19295418 -3.0200386
v -4.83554268 3.18113338 -1.80955124
v -4.84265518 2.18190967 -2.68245316
v -4.84339524 2.18502151 -3.34412384
v -4.85019112 1.12822449 -3.11661148
v -6.25191498 2.03822719 2.34444046
v -4.83377457 2.97966778 1.91165161
v -6.25191498 2.96785938 1.93973541
v -4.83735466 2.07830917 2.31270981
v -6.25191498 2.03822719 2.34444046
v -6.25191498 0.847667807 3.28494453
v -6.25191498 0.909446829 2.51409912
v -6.25191498 1.97678959 3.19227028
v -6.25191498 1.14310943 2.35883522
v -6.23856926 4.19008076 3.00907135
v -6.25191498 2.96785938 1.93973541
v -6.25191498 3.6678611 1.19861793
v -6.25191498 3.92089855 0.302804947
v -6.25191498 4.35948002 0.522800445
v -6.25191498 4.30146324 2.56211853
v -6.25191498 3.78434192 -0.734745026
v -6.23856926 4.19008076 -3.0200386
v -6.25191498 3.17515194 -1.7988224
v -6.25191498 2.17145836 -2.69022751
v -6.25191498 2.18097317 -3.35660553
v -6.23856926 4.19008076 3.00907135
v -6.25191498 1.11400425 -3.14380074
v -6.25191498 1.14310943 2.35883522
v -4.83735466 2.07830917 2.31270981
v -6.25191498 2.03822719 2.34444046
v -4.84132004 1.15536606 2.33266449
v -6.25191498 2.96785938 1.93973541
v -4.83102417 3.6733781 1.17143249
v -6.25191498 3.6678611 1.19861793
v -4.83377457 2.97966778 1.91165161
v -6.25191498 3.92089855 0.302804947
v -4.83135224 3.78779899 -0.756158829
v -6.25191498 3.78434192 -0.734745026
v -4.83017159 3.92382252 0.277351379
v -6.25191498 3.6678611 1.19861793
v -4.83017159 3.92382252 0.277351379
v -6.25191498 3.92089855 0.302804947
v -4.83102417 3.6733781 1.17143249
v -4.82538033 4.36157619 0.428657531
v -6.23856926 4.19008076 -3.0200386
v -4.83450699 4.19295418 -3.0200386
v -6.25191498 4.35948002 0.522800445
v -4.83281517 4.19295322 3.00907135
v -6.25191498 4.30146324 2.56211853
v -4.82625199 4.30450069 2.49634933
v -6.23856926 4.19008076 3.00907135
v -6.25191498 3.17515194 -1.7988224
v -4.84265518 2.18190967 -2.68245316
v -6.25191498 2.17145836 -2.69022751
v -4.83554268 3.18113338 -1.80955124
v -6.25191498 3.78434192 -0.734745026
v -4.83554268 3.18113338 -1.80955124
v -6.25191498 3.17515194 -1.7988224
v -4.83135224 3.78779899 -0.756158829
v -6.25191498 2.17145836 -2.69022751
v -4.85019112 1.12822449 -3.11661148
v -6.25191498 1.11400425 -3.14380074
v -4.84265518 2.18190967 -2.68245316
v -4.82625199 4.30450069 2.49634933
v -6.25191498 4.35948002 0.522800445
v -4.82538033 4.36157619 0.428657531
v -6.25191498 4.30146324 2.56211853
v -4.83450699 4.19295418 -3.0200386
v -6.25191498 2.18097317 -3.35660553
v -4.84339524 2.18502151 -3.34412384
v -6.23856926 4.19008076 -3.0200386
v -4.84339524 2.18502151 -3.34412384
v -6.25191498 1.11400425 -3.14380074
v -4.85019112 1.12822449 -3.11661148
v -6.25191498 2.18097317 -3.35660553
v -4.84085846 0.902305716 3.24603844
v -6.25191498 0.909446829 2.51409912
v -6.25191498 0.847667807 3.28494453
v -4.84189034 0.96520912 2.48303604
v -6.23856926 4.19008076 3.00907135
v -4.83649636 2.02642166 3.20225906
v -6.25191498 1.97678959 3.19227028
v -4.83281517 4.19295322 3.00907135
v -6.25191498 0.847667807 3.28494453
v -6.25191498 0.847667807 3.28494453
v -4.83649636 2.02642166 3.20225906
v -4.84085846 0.902305716 3.24603844
vt 0.00676758913 0.65323931
vt 0.494627476 0.591944933
vt 0.494627476 0.65323931
vt 0.00676758913 0.591944933
vt 0.493198812 0.660499573
vt 0.427004516 0.742224514
vt 0.443477631 0.663456321
vt 0.493198752 0.738953471
vt 0.493198752 0.924622476
vt 0.431095481 0.679546595
vt 0.39327991 0.805859923
vt 0.334060431 0.852943301
vt 0.43247807 0.924622476
vt 0.273109794 0.924622476
vt 0.26436305 0.868146896
vt 0.185560405 0.855802834
vt 0.00719156116 0.924622476
vt 0.1218872 0.811282218
vt 0.0823631808 0.740536571
vt 0.0095238667 0.751285374
vt 0.0675143525 0.667001367
vt 0.494627476 0.653284431
vt 0.00676758913 0.592016578
vt 0.494627476 0.592016578
vt 0.00676758913 0.653284431
vt 0.565773189 0.820798635
vt 0.496338427 0.738936663
vt 0.549445808 0.742000222
vt 0.496338427 0.817408681
vt 0.561798215 0.758113384
vt 0.496338427 0.993715107
vt 0.599380195 0.884496331
vt 0.658512533 0.931689143
vt 0.72818166 0.947021723
vt 0.715541005 0.993715107
vt 0.557345629 0.993715107
vt 0.807007015 0.934823275
vt 0.983817935 0.993715107
vt 0.870762229 0.890420437
vt 0.910417199 0.819748163
vt 0.96922034 0.815015376
vt 0.496338427 0.993715107
vt 0.925402164 0.746240497
vt 0.494627476 0.591944933
vt 0.00676758913 0.653284431
vt 0.494627476 0.653284431
vt 0.00676758913 0.591944933
vt 0.494627476 0.592016578
vt 0.00676758913 0.653228939
vt 0.494627476 0.653228939
vt 0.00676758913 0.592016578
vt 0.494627476 0.591944933
vt 0.00676758913 0.653228939
vt 0.494627476 0.653228939
vt 0.00676758913 0.591944933
vt 0.494627476 0.653228939
vt 0.00676758913 0.591944933
vt 0.494627476 0.591944933
vt 0.00676758913 0.653228939
vt 0.273109794 0.924622476
vt 0.00719156116 0.9942348
vt 0.00719156116 0.924622476
vt 0.273109794 0.9942348
vt 0.493198752 0.924622476
vt 0.43247807 0.9942348
vt 0.43247807 0.924622476
vt 0.493198752 0.9942348
vt 0.494627476 0.592016578
vt 0.00676758913 0.653284431
vt 0.494627476 0.653284431
vt 0.00676758913 0.592016578
vt 0.494627476 0.653228939
vt 0.00676758913 0.592016578
vt 0.494627476 0.592016578
vt 0.00676758913 0.653228939
vt 0.494627476 0.653284431
vt 0.00676758913 0.591944933
vt 0.494627476 0.591944933
vt 0.00676758913 0.653284431
vt 0.43247807 0.924622476
vt 0.273109794 0.9942348
vt 0.273109794 0.924622476
vt 0.43247807 0.9942348
vt 0.273109794 0.924622476
vt 0.140150666 0.9942348
vt 0.140150681 0.924622476
vt 0.273109794 0.9942348
vt 0.140150681 0.924622476
vt 0.00719156116 0.9942348
vt 0.00719156116 0.924622476
vt 0.140150666 0.9942348
vt 0.00676758913 0.65323931
vt 0.494627476 0.591944933
vt 0.494627476 0.65323931
vt 0.00676758913 0.591944933
vt 0.273109794 0.924622476
vt 0.186631799 0.99423486
vt 0.140150681 0.924622476
vt 0.273109794 0.9942348
vt 0.140150666 0.965704441
vt 0.140150666 0.965704441
vt 0.186631799 0.99423486
vt 0.140150666 0.9942348
vn -0.0023529637 -0.584912666 -0.811092865
vn -0.00235296347 -0.584912666 -0.811092865
vn -0.00235296347 -0.584912666 -0.811092865
vn -0.0023529637 -0.584912666 -0.811092865
vn 0.999990516 -0.00411393978 -0.00142955107
vn 0.999990516 -0.00411393978 -0.0014295513
vn 0.999990516 -0.00411393978 -0.00142955119
vn 0.999990516 -0.00411393978 -0.0014295513
vn 0.999997818 -0.00179448042 -0.0010695485
vn 0.999989191 -0.00433287036 -0.00168671736
vn 0.99999295 -0.00292296051 0.0023573441
vn 0.99999618 -0.00224690534 0.00160990818
vn 0.999691444 -0.023630633 0.00765565937
vn 0.999938872 -0.0110523936 0.000312342404
vn 0.999938872 -0.0110523936 0.000312342404
vn 0.999938872 -0.0110523946 0.000312342433
vn 0.999985333 -0.00454589909 -0.00294423591
vn 0.999985333 -0.00454589909 -0.00294423591
vn 0.999985333 -0.00454589862 -0.00294423591
vn 0.999990351 -0.00424278158 -0.00113840169
vn 0.999977041 -0.00667803687 -0.00114983987
vn -0.0119482294 -0.402743627 -0.915234839
vn -0.0119482286 -0.402743602 -0.91523485
vn -0.0119482276 -0.402743627 -0.915234839
vn -0.0119482294 -0.402743627 -0.915234839
vn -1 0 0
vn -1 0 0
vn -1 0 0
vn -1 0 0
vn -1 0 0
vn -0.999981505 0.00606608007 0.000439575749
vn -0.999958696 0.00362783231 0.00833335192
vn -1 0 0
vn -1 0 0
vn -0.999948853 0.00919765414 -0.00420654469
vn -1 0 0
vn -0.999948853 0.00919765321 -0.00420654469
vn -0.999948853 0.00919765321 -0.00420654469
vn -0.999964645 0.00558383259 -0.00628721717
vn -0.999964645 0.00558383352 -0.0062872181
vn -0.999978039 0.0066266142 9.46175326e-05
vn -0.9989381 -0.0417817291 0.0194154597
vn -1 0 0
vn -0.0201380707 -0.0188423365 -0.99961964
vn -0.0201380707 -0.0188423383 -0.99961964
vn -0.0201380707 -0.0188423383 -0.99961964
vn -0.0201380726 -0.0188423383 -0.99961964
vn -0.00889520155 -0.728282506 -0.685219283
vn -0.00889520287 -0.728282478 -0.685219313
vn -0.008895201 -0.728282478 -0.685219313
vn -0.008895201 -0.728282478 -0.685219313
vn 0.00437739442 -0.991440648 0.130484789
vn 0.00437739488 -0.991440646 0.130484803
vn 0.00437739488 -0.991440646 0.130484803
vn 0.00437739442 -0.991440648 0.130484789
vn -0.00215579701 -0.962638043 -0.270782848
vn -0.00215579701 -0.962638043 -0.270782848
vn -0.00215579699 -0.962638035 -0.270782875
vn -0.00215579722 -0.962638035 -0.270782875
vn -0.00335977645 0.998827583 -0.0482925581
vn -0.00335977644 0.998827583 -0.0482925655
vn -0.00335977668 0.998827583 -0.0482925618
vn -0.00335977668 0.998827583 -0.0482925655
vn 0.00322228183 0.974063998 0.226249741
vn 0.00322228229 0.974063998 0.226249741
vn 0.00322228229 0.974063998 0.226249741
vn 0.00322228206 0.974063998 0.226249741
vn 0.00462869987 -0.660997343 0.750373965
vn 0.0046286993 -0.660997276 0.750374024
vn 0.00462869987 -0.660997343 0.750373965
vn 0.00462869959 -0.66099731 0.750373995
vn 0.00852658412 -0.867180942 0.497920185
vn 0.00852658387 -0.867180917 0.49792023
vn 0.00852658412 -0.867180942 0.497920185
vn 0.00852658438 -0.867180968 0.49792014
vn -0.0080637389 -0.387586193 0.921798199
vn -0.0080637389 -0.387586193 0.921798199
vn -0.0080637389 -0.387586193 0.921798199
vn -0.00806373806 -0.387586168 0.921798209
vn -0.000228631498 0.999607552 0.0280123277
vn -0.000228631483 0.999607552 0.0280123259
vn -0.000228631498 0.999607552 0.0280123259
vn -0.000228631483 0.999607552 0.028012324
vn 0.00397963527 0.162259632 -0.986740074
vn 0.00397963527 0.162259632 -0.986740074
vn 0.00397963527 0.162259632 -0.986740074
vn 0.00397963527 0.162259632 -0.986740074
vn 0.0151407409 -0.203034338 -0.979054552
vn 0.01514074 -0.203034323 -0.979054555
vn 0.0151407399 -0.203034338 -0.979054552
vn 0.0151407409 -0.203034338 -0.979054552
vn 0.0369698869 -0.996029084 -0.0809894532
vn 0.0369698906 -0.996029084 -0.0809894532
vn 0.0369698906 -0.996029084 -0.0809894532
vn 0.0369698906 -0.996029084 -0.0809894532
vn -0.00512142519 0.0856395502 0.996313022
vn -0.0051214252 0.0856395428 0.996313023
vn -0.00512142473 0.0856395502 0.996313022
vn -0.00512142519 0.0856395502 0.996313022
vn -0.00990137498 0.0817973198 0.9965998
vn 0.0260397309 0.038802013 0.998907571
vn 0.0260397328 0.038802013 0.998907571
vn 0.0260397328 0.0388020093 0.998907571

g collision_PZ_wall_003_submesh_0
usemtl collision_3
f 673/673/673 675/675/675 674/674/674
f 673/673/673 674/674/674 676/676/676
f 677/677/677 679/679/679 678/678/678
f 677/677/677 678/678/678 680/680/680
f 678/678/678 681/681/681 680/680/680
f 679/679/679 682/682/682 678/678/678
f 678/678/678 683/683/683 681/681/681
f 683/683/683 684/684/684 681/681/681
f 684/684/684 685/685/685 681/681/681
f 684/684/684 686/686/686 685/685/685
f 684/684/684 687/687/687 686/686/686
f 687/687/687 688/688/688 686/686/686
f 688/688/688 689/689/689 686/686/686
f 688/688/688 690/690/690 689/689/689
f 690/690/690 691/691/691 689/689/689
f 691/691/691 692/692/692 689/689/689
f 691/691/691 693/693/693 692/692/692
f 694/694/694 696/696/696 695/695/695
f 694/694/694 695/695/695 697/697/697
f 698/698/698 700/700/700 699/699/699
f 698/698/698 699/699/699 701/701/701
f 698/698/698 702/702/702 700/700/700
f 698/698/698 701/701/701 703/703/703
f 704/704/704 698/698/698 703/703/703
f 705/705/705 704/704/704 703/703/703
f 706/706/706 705/705/705 707/707/707
f 705/705/705 708/708/708 707/707/707
f 709/709/709 706/706/706 707/707/707
f 710/710/710 709/709/709 707/707/707
f 710/710/710 711/711/711 709/709/709
f 710/710/710 712/712/712 711/711/711
f 710/710/710 713/713/713 712/712/712
f 705/705/705 714/714/714 708/708/708
f 713/713/713 715/715/715 712/712/712
f 716/716/716 718/718/718 717/717/717
f 716/716/716 717/717/717 719/719/719
f 720/720/720 722/722/722 721/721/721
f 720/720/720 721/721/721 723/723/723
f 724/724/724 726/726/726 725/725/725
f 724/724/724 725/725/725 727/727/727
f 728/728/728 730/730/730 729/729/729
f 728/728/728 729/729/729 731/731/731
f 732/732/732 734/734/734 733/733/733
f 732/732/732 733/733/733 735/735/735
f 736/736/736 738/738/738 737/737/737
f 736/736/736 737/737/737 739/739/739
f 740/740/740 742/742/742 741/741/741
f 740/740/740 741/741/741 743/743/743
f 744/744/744 746/746/746 745/745/745
f 744/744/744 745/745/745 747/747/747
f 748/748/748 750/750/750 749/749/749
f 748/748/748 749/749/749 751/751/751
f 752/752/752 754/754/754 753/753/753
f 752/752/752 753/753/753 755/755/755
f 756/756/756 758/758/758 757/757/757
f 756/756/756 757/757/757 759/759/759
f 760/760/760 762/762/762 761/761/761
f 760/760/760 761/761/761 763/763/763
f 764/764/764 766/766/766 765/765/765
f 764/764/764 765/765/765 767/767/767
f 768/768/768 770/770/770 769/769/769
f 768/768/768 769/769/769 771/771/771
f 769/769/769 770/770/770 772/772/772
f 773/773/773 775/775/775 774/774/774

o collision_PZ_wall_001
v -6.78935989 3.52461243 -20.6569413
v -13.5836562 3.88584233 -20.3410805
v -6.91389831 3.88584138 -20.307
v -13.5779189 3.52461339 -20.6949013
v -6.76121887 3.58064271 -21.1994294
v -6.79590591 4.76562596 -20.2820672
v -6.82732376 4.68449498 -21.1133202
v -6.78935989 3.52461243 -20.6569413
v -13.5844534 4.76562691 -20.3200081
v -6.85952743 5.67509366 -19.8802537
v -6.79590591 4.76562596 -20.2820672
v -13.5329817 5.67509461 -19.9144639
v -6.79590591 4.76562596 -20.2820672
v -6.76126465 6.90431595 -21.1982163
v -6.82732376 4.68449498 -21.1133202
v -13.5844534 4.76562691 -20.3200081
v -13.549774 3.58064271 -21.2373818
v -13.4859465 4.68449498 -21.1470421
v -13.5779189 3.52461339 -20.6949013
v -13.6068495 7.23080445 -14.9927376
v -13.5959395 6.48843098 -17.2553567
v -13.5841292 7.51976586 -18.4752854
v -13.6237257 5.90008736 -16.4101876
v -13.6401976 4.9313078 -15.8636445
v -13.6446989 3.90991879 -15.0461739
v -13.5613821 6.61797238 -18.2796715
v -13.5443037 6.36682511 -19.1728295
v -13.541992 7.31684304 -20.5159005
v -13.5498236 6.90431786 -21.2361458
v -13.5329817 5.67509461 -19.9144639
v -13.5959395 6.48843098 -17.2553567
v -13.5841292 7.51976586 -18.4752854
v -13.5836562 3.88584233 -20.3410805
v -6.79590591 4.76562596 -20.2820672
v -6.91389831 3.88584138 -20.307
v -13.5844534 4.76562691 -20.3200081
v -6.78935989 3.52461243 -20.6569413
v -6.91389831 3.88584138 -20.307
v -6.79590591 4.76562596 -20.2820672
v -13.5844534 4.76562691 -20.3200081
v -13.5836562 3.88584233 -20.3410805
v -13.5779189 3.52461339 -20.6949013
v -6.79590591 4.76562596 -20.2820672
v -6.85952743 5.67509366 -19.8802537
v -6.76126465 6.90431595 -21.1982163
v -13.5844534 4.76562691 -20.3200081
v -13.4859465 4.68449498 -21.1470421
v -13.5498236 6.90431786 -21.2361458
v -13.5329817 5.67509461 -19.9144639
v -6.89964279 6.36682416 -19.1395424
v -6.85952743 5.67509366 -19.8802537
v -13.5443037 6.36682511 -19.1728295
v -13.5329817 5.67509461 -19.9144639
v -13.5844534 4.76562691 -20.3200081
v -13.5498236 6.90431786 -21.2361458
v -6.85952743 5.67509366 -19.8802537
v -6.89964279 6.36682416 -19.1395424
v -6.76126465 6.90431595 -21.1982163
v -6.81577667 7.31786729 -20.4498147
v -6.92021545 7.52181817 -18.3810853
v -6.94547638 6.61797143 -18.2473153
v -6.9872435 6.48843098 -17.2232522
v -7.09391388 7.23080254 -14.9622582
v -7.0222052 5.90008736 -16.3783043
v -7.0458754 4.9313078 -15.8319863
v -13.5613821 6.61797238 -18.2796715
v -6.9872435 6.48843098 -17.2232522
v -6.94547638 6.61797143 -18.2473153
v -13.5959395 6.48843098 -17.2553567
v -13.5443037 6.36682511 -19.1728295
v -6.94547638 6.61797143 -18.2473153
v -6.89964279 6.36682416 -19.1395424
v -13.5613821 6.61797238 -18.2796715
v -6.92021545 7.52181817 -18.3810853
v -13.6068495 7.23080445 -14.9927376
v -13.5841292 7.51976586 -18.4752854
v -7.09391388 7.23080254 -14.9622582
v -6.76126465 6.90431595 -21.1982163
v -13.541992 7.31684304 -20.5159005
v -13.5498236 6.90431786 -21.2361458
v -6.81577667 7.31786729 -20.4498147
v -13.6237257 5.90008736 -16.4101876
v -7.0458754 4.9313078 -15.8319863
v -7.0222052 5.90008736 -16.3783043
v -13.6401976 4.9313078 -15.8636445
v -13.5959395 6.48843098 -17.2553567
v -7.0222052 5.90008736 -16.3783043
v -6.9872435 6.48843098 -17.2232522
v -13.6237257 5.90008736 -16.4101876
v -13.6401976 4.9313078 -15.8636445
v -7.17016014 3.90889073 -15.0470894
v -7.0458754 4.9313078 -15.8319863
v -13.6446989 3.90991879 -15.0461739
v -7.0458754 4.9313078 -15.8319863
v -7.17016014 3.90889073 -15.0470894
v -7.09391388 7.23080254 -14.9622582
v -6.81577667 7.31786729 -20.4498147
v -13.5841292 7.51976586 -18.4752854
v -13.541992 7.31684304 -20.5159005
v -6.92021545 7.52181817 -18.3810853
v -7.09391388 7.23080254 -14.9622582
v -13.6446989 3.90991879 -15.0461739
v -13.6068495 7.23080445 -14.9927376
v -7.17016014 3.90889073 -15.0470894
v -6.76121887 3.58064271 -21.1994294
v -13.5779189 3.52461339 -20.6949013
v -6.78935989 3.52461243 -20.6569413
v -13.549774 3.58064271 -21.2373818
vt 0.00676758913 0.65323931
vt 0.494627476 0.591944933
vt 0.00676758913 0.591944933
vt 0.494627476 0.65323931
vt 0.493198812 0.660499573
vt 0.427004516 0.742224514
vt 0.493198752 0.738953471
vt 0.443477631 0.663456321
vt 0.494627476 0.653284431
vt 0.00676758913 0.592016578
vt 0.00676758913 0.653284431
vt 0.494627476 0.592016578
vt 0.427004516 0.742224514
vt 0.493198752 0.924622476
vt 0.493198752 0.738953471
vt 0.565773189 0.820798635
vt 0.496338427 0.738936663
vt 0.496338427 0.817408681
vt 0.549445808 0.742000222
vt 0.983817935 0.993715107
vt 0.807007015 0.934823275
vt 0.715541005 0.993715107
vt 0.870762229 0.890420437
vt 0.910417199 0.819748163
vt 0.925402164 0.746240497
vt 0.72818166 0.947021723
vt 0.658512533 0.931689143
vt 0.557345629 0.993715107
vt 0.496338427 0.993715107
vt 0.599380195 0.884496331
vt 0.807007015 0.934823275
vt 0.715541005 0.993715107
vt 0.494627476 0.591944933
vt 0.00676758913 0.653284431
vt 0.00676758913 0.591944933
vt 0.494627476 0.653284431
vt 0.443477631 0.663456321
vt 0.431095481 0.679546595
vt 0.427004516 0.742224514
vt 0.565773189 0.820798635
vt 0.561798215 0.758113384
vt 0.549445808 0.742000222
vt 0.427004516 0.742224514
vt 0.39327991 0.805859923
vt 0.493198752 0.924622476
vt 0.565773189 0.820798635
vt 0.496338427 0.817408681
vt 0.496338427 0.993715107
vt 0.494627476 0.592016578
vt 0.00676758913 0.653228939
vt 0.00676758913 0.592016578
vt 0.494627476 0.653228939
vt 0.599380195 0.884496331
vt 0.565773189 0.820798635
vt 0.496338427 0.993715107
vt 0.39327991 0.805859923
vt 0.334060431 0.852943301
vt 0.493198752 0.924622476
vt 0.43247807 0.924622476
vt 0.273109794 0.924622476
vt 0.26436305 0.868146896
vt 0.185560405 0.855802834
vt 0.00719156116 0.924622476
vt 0.1218872 0.811282218
vt 0.0823631808 0.740536571
vt 0.494627476 0.591944933
vt 0.00676758913 0.653228939
vt 0.00676758913 0.591944933
vt 0.494627476 0.653228939
vt 0.494627476 0.653228939
vt 0.00676758913 0.591944933
vt 0.00676758913 0.653228939
vt 0.494627476 0.591944933
vt 0.273109794 0.924622476
vt 0.00719156116 0.9942348
vt 0.273109794 0.9942348
vt 0.00719156116 0.924622476
vt 0.493198752 0.924622476
vt 0.43247807 0.9942348
vt 0.493198752 0.9942348
vt 0.43247807 0.924622476
vt 0.494627476 0.592016578
vt 0.00676758913 0.653284431
vt 0.00676758913 0.592016578
vt 0.494627476 0.653284431
vt 0.494627476 0.653228939
vt 0.00676758913 0.592016578
vt 0.00676758913 0.653228939
vt 0.494627476 0.592016578
vt 0.494627476 0.653284431
vt 0.00676758913 0.591944933
vt 0.00676758913 0.653284431
vt 0.494627476 0.591944933
vt 0.0823631808 0.740536571
vt 0.0675143525 0.667001367
vt 0.00719156116 0.924622476
vt 0.43247807 0.924622476
vt 0.273109794 0.9942348
vt 0.43247807 0.9942348
vt 0.273109794 0.924622476
vt 0.273109794 0.924622476
vt 0.00719156116 0.9942348
vt 0.273109794 0.9942348
vt 0.00719156116 0.924622476
vt 0.00676758913 0.65323931
vt 0.494627476 0.591944933
vt 0.00676758913 0.591944933
vt 0.494627476 0.65323931
vn -0.00383255536 -0.698126909 0.715963778
vn -0.00383255583 -0.698126969 0.715963719
vn -0.00383255566 -0.698126939 0.715963748
vn -0.00383255566 -0.698126939 0.715963748
vn 0.999497808 0.0315494363 -0.00296059564
vn 0.999497808 0.03154944 -0.00296059541
vn 0.999497808 0.0315494363 -0.00296059518
vn 0.999497808 0.0315494363 -0.00296059564
vn -0.00489867094 -0.405716946 0.913985647
vn -0.00489867147 -0.40571699 0.913985627
vn -0.00489867135 -0.405716971 0.913985636
vn -0.00489867088 -0.405716971 0.913985636
vn 0.99891435 -0.0310544443 -0.0347237956
vn 0.99891435 -0.0310544461 -0.0347237956
vn 0.99891435 -0.031054448 -0.0347237993
vn -0.994770177 0.0427132986 -0.0927785996
vn -0.994770178 0.0427132949 -0.0927785922
vn -0.994770178 0.0427132986 -0.0927785922
vn -0.994770178 0.0427132986 -0.0927785922
vn -0.999972329 0.00414069643 -0.00618030494
vn -0.999972329 0.00414069643 -0.00618030541
vn -0.999972329 0.00414069596 -0.00618030494
vn -0.999876279 0.0155047554 -0.00265145702
vn -0.999876279 0.0155047554 -0.00265145726
vn -0.999899972 0.011258494 0.00856105229
vn -0.99955285 -0.027671039 -0.0113319901
vn -0.99955285 -0.0276710427 -0.011331992
vn -0.999557344 -0.023450541 -0.0183081315
vn -0.999886202 -0.0150346577 -0.00124158402
vn -0.999886202 -0.0150346586 -0.00124158413
vn -0.998721853 -0.0334174732 -0.0379200904
vn -0.998721853 -0.033417477 -0.0379200941
vn -0.00534960103 -0.0257803736 0.999653317
vn -0.00534960103 -0.0257803755 0.999653317
vn -0.0053496015 -0.0257803736 0.999653317
vn -0.00534960103 -0.0257803736 0.999653317
vn 0.883409924 -0.131227286 0.449851427
vn 0.883409924 -0.131227286 0.449851427
vn 0.883409924 -0.131227286 0.449851427
vn -0.999877055 -0.000530742611 -0.015671437
vn -0.999877055 -0.000530742553 -0.015671437
vn -0.999877055 -0.000530742495 -0.0156714351
vn 0.994796359 0.0260767924 0.0984896221
vn 0.994796359 0.0260767905 0.0984896221
vn 0.994796359 0.0260767943 0.0984896147
vn -0.992811385 -0.0331848898 -0.11499703
vn -0.992811386 -0.0331848898 -0.114997022
vn -0.992811386 -0.0331848898 -0.114997022
vn -0.00345771853 -0.731125892 0.682233812
vn -0.00345771845 -0.731125865 0.682233841
vn -0.00345771845 -0.731125865 0.682233841
vn -0.0034577183 -0.731125892 0.682233812
vn -0.998288985 0.0359266383 0.0461343515
vn -0.998288985 0.035926642 0.0461343553
vn -0.998288985 0.035926642 0.0461343515
vn 0.99787572 -0.010905385 0.064227091
vn 0.99787572 -0.010905384 0.064227091
vn 0.99787572 -0.010905385 0.064227091
vn 0.997602857 0.00689143486 0.0688552617
vn 0.999031575 -0.022308354 0.0379242611
vn 0.999031575 -0.022308354 0.0379242574
vn 0.999031575 -0.0223083559 0.0379242648
vn 0.998841247 0.0026924994 0.0480511477
vn 0.998841247 0.0026924994 0.0480511514
vn 0.998841247 0.0026924994 0.0480511514
vn 0.000611454954 -0.992098581 -0.125459285
vn 0.000611455011 -0.992098579 -0.1254593
vn 0.000611454951 -0.992098577 -0.125459314
vn 0.000611454952 -0.992098579 -0.1254593
vn -0.00134056624 -0.962640608 0.270778991
vn -0.00134056634 -0.962640601 0.270779018
vn -0.00134056624 -0.962640608 0.270778991
vn -0.00134056624 -0.962640608 0.270778991
vn -0.000947181474 0.996489214 0.0837158872
vn -0.000947181531 0.996489212 0.083715902
vn -0.000947181473 0.996489213 0.0837158946
vn -0.000947181531 0.996489213 0.0837158946
vn 0.00370647591 0.871629348 -0.490151549
vn 0.00370647581 0.871629323 -0.490151595
vn 0.00370647591 0.871629348 -0.490151549
vn 0.00370647545 0.871629348 -0.490151549
vn 0.00419388412 -0.491341533 -0.870956893
vn 0.00419388412 -0.491341533 -0.870956893
vn 0.00419388365 -0.491341533 -0.870956893
vn 0.00419388365 -0.491341533 -0.870956893
vn 0.00276729133 -0.820733113 -0.571305084
vn 0.00276729133 -0.820733113 -0.571305084
vn 0.00276729137 -0.820733057 -0.571305165
vn 0.00276729147 -0.820733085 -0.571305124
vn 0.00180255815 -0.617061998 -0.786912474
vn 0.00180255815 -0.617061998 -0.786912474
vn 0.00180255827 -0.617061998 -0.786912474
vn 0.00180255815 -0.617061998 -0.786912474
vn 0.992028315 -0.0259187804 0.12332088
vn 0.992028315 -0.0259187804 0.12332088
vn 0.992028315 -0.0259187785 0.12332088
vn 0.000950401741 0.99513695 -0.098496436
vn 0.000950401684 0.995136951 -0.0984964212
vn 0.000950401684 0.995136951 -0.0984964286
vn 0.000950401742 0.995136951 -0.0984964286
vn -0.00227748998 -0.0207709893 0.999781666
vn -0.00227749021 -0.0207709912 0.999781666
vn -0.00227749021 -0.0207709912 0.999781666
vn -0.00227749021 -0.0207709912 0.999781666
vn 0.000574190179 -0.994711415 -0.102707701
vn 0.000574190236 -0.994711414 -0.102707708
vn 0.000574190237 -0.994711415 -0.102707701
vn 0.000574190236 -0.994711414 -0.102707708

g collision_PZ_wall_001_submesh_0
usemtl collision_4
f 776/776/776 778/778/778 777/777/777
f 776/776/776 777/777/777 779/779/779
f 780/780/780 782/782/782 781/781/781
f 780/780/780 781/781/781 783/783/783
f 784/784/784 786/786/786 785/785/785
f 784/784/784 785/785/785 787/787/787
f 788/788/788 790/790/790 789/789/789
f 791/791/791 793/793/793 792/792/792
f 791/791/791 792/792/792 794/794/794
f 795/795/795 797/797/797 796/796/796
f 795/795/795 796/796/796 798/798/798
f 795/795/795 798/798/798 799/799/799
f 795/795/795 799/799/799 800/800/800
f 801/801/801 797/797/797 802/802/802
f 802/802/802 797/797/797 803/803/803
f 802/802/802 803/803/803 804/804/804
f 802/802/802 804/804/804 805/805/805
f 806/806/806 807/807/807 801/801/801
f 808/808/808 810/810/810 809/809/809
f 808/808/808 809/809/809 811/811/811
f 812/812/812 814/814/814 813/813/813
f 815/815/815 817/817/817 816/816/816
f 818/818/818 820/820/820 819/819/819
f 821/821/821 823/823/823 822/822/822
f 824/824/824 826/826/826 825/825/825
f 824/824/824 825/825/825 827/827/827
f 828/828/828 830/830/830 829/829/829
f 831/831/831 833/833/833 832/832/832
f 832/832/832 833/833/833 834/834/834
f 832/832/832 834/834/834 835/835/835
f 832/832/832 835/835/835 836/836/836
f 836/836/836 835/835/835 837/837/837
f 837/837/837 835/835/835 838/838/838
f 837/837/837 838/838/838 839/839/839
f 839/839/839 838/838/838 840/840/840
f 841/841/841 843/843/843 842/842/842
f 841/841/841 842/842/842 844/844/844
f 845/845/845 847/847/847 846/846/846
f 845/845/845 846/846/846 848/848/848
f 849/849/849 851/851/851 850/850/850
f 849/849/849 850/850/850 852/852/852
f 853/853/853 855/855/855 854/854/854
f 853/853/853 854/854/854 856/856/856
f 857/857/857 859/859/859 858/858/858
f 857/857/857 858/858/858 860/860/860
f 861/861/861 863/863/863 862/862/862
f 861/861/861 862/862/862 864/864/864
f 865/865/865 867/867/867 866/866/866
f 865/865/865 866/866/866 868/868/868
f 869/869/869 871/871/871 870/870/870
f 872/872/872 874/874/874 873/873/873
f 872/872/872 873/873/873 875/875/875
f 876/876/876 878/878/878 877/877/877
f 876/876/876 877/877/877 879/879/879
f 880/880/880 882/882/882 881/881/881
f 880/880/880 881/881/881 883/883/883
