# Generated from legacy Unity YAML Mesh assets without Unity.
mtllib collision.mtl

o collision_PZ_item_50
v -13.5182486 0.888487651 21.6637191
v -16.4547482 0.888487651 22.4270152
v -16.5035295 0.888487651 22.0396709
v -13.4694681 0.888487651 22.0510596
v -13.5182486 -0.111512706 21.6637191
v -16.5035295 0.888487651 22.0396709
v -16.5035295 -0.111512706 22.0396709
v -13.5182486 0.888487651 21.6637191
v -16.5035295 -0.111512706 22.0396709
v -16.4547482 0.888487651 22.4270152
v -16.4547482 -0.111512706 22.4270152
v -16.5035295 0.888487651 22.0396709
v -16.4547482 -0.111512706 22.4270152
v -13.4694681 0.888487651 22.0510596
v -13.4694681 -0.111512706 22.0510596
v -16.4547482 0.888487651 22.4270152
v -13.4694681 -0.111512706 22.0510596
v -13.5182486 0.888487651 21.6637191
v -13.5182486 -0.111512706 21.6637191
v -13.4694681 0.888487651 22.0510596
vt 0.411769807 0.801583469
vt 0.438436508 0.625241041
vt 0.411769807 0.625241041
vt 0.438436508 0.801583469
vt 0.525347888 0.677529454
vt 0.441178024 0.996701241
vt 0.525347888 0.996701241
vt 0.441178083 0.677529454
vt 0.439485848 0.931153834
vt 0.409644306 0.831641197
vt 0.409644306 0.931153774
vt 0.439485848 0.831641197
vt 0.525347888 0.677529454
vt 0.441178024 0.996701241
vt 0.525347888 0.996701241
vt 0.441178024 0.677529454
vt 0.439286292 0.931153834
vt 0.409444809 0.831641197
vt 0.409444809 0.931153774
vt 0.439286292 0.831641197
vn 0 1 2.22044605e-16
vn 0 1 2.22044605e-16
vn 0 1 2.22044605e-16
vn 0 1 2.22044605e-16
vn -0.124948214 2.203045e-16 -0.992163265
vn -0.124948214 2.203045e-16 -0.992163265
vn -0.124948214 2.203045e-16 -0.992163265
vn -0.124948214 2.203045e-16 -0.992163265
vn -0.992162907 -2.77447071e-17 0.124951053
vn -0.992162907 -2.77447071e-17 0.124951053
vn -0.992162907 -2.77447071e-17 0.124951053
vn -0.992162907 -2.77447071e-17 0.124951053
vn 0.124949498 -2.20304464e-16 0.992163103
vn 0.124949498 -2.20304464e-16 0.992163103
vn 0.124949498 -2.20304464e-16 0.992163103
vn 0.124949498 -2.20304464e-16 0.992163103
vn 0.992163055 2.77444465e-17 -0.124949879
vn 0.992163055 2.77444465e-17 -0.124949879
vn 0.992163055 2.77444465e-17 -0.124949879
vn 0.992163055 2.77444465e-17 -0.124949879

g collision_PZ_item_50_submesh_0
usemtl collision
f 1/1/1 3/3/3 2/2/2
f 1/1/1 2/2/2 4/4/4
f 5/5/5 7/7/7 6/6/6
f 5/5/5 6/6/6 8/8/8
f 9/9/9 11/11/11 10/10/10
f 9/9/9 10/10/10 12/12/12
f 13/13/13 15/15/15 14/14/14
f 13/13/13 14/14/14 16/16/16
f 17/17/17 19/19/19 18/18/18
f 17/17/17 18/18/18 20/20/20

o collision_PZ_item_64
v -23.7804722 4.22684575 -13.5032155
v -18.9221844 4.85368253 -11.8950403
v -23.5847629 4.85368253 -11.8950403
v -18.8276371 4.22684575 -13.5032155
v -13.5971817 -0.406269538 -1.17626547
v -18.9104923 4.22717286 -1.65164065
v -14.1813225 4.22717286 -1.65164065
v -18.8218197 -0.406269538 -1.17626547
v -23.6396602 4.22717286 -1.6516416
v -24.0464557 -0.406269538 -1.17626547
v -13.5971817 -0.406269538 -1.17626547
v -13.8748039 4.22684575 -13.5032155
v -13.5971807 -0.406270492 -13.8332956
v -14.1813225 4.22717286 -1.65164065
v -23.7804722 4.22684575 -13.5032155
v -23.584658 4.85368325 -1.99577307
v -23.6396602 4.22717286 -1.6516416
v -23.5847629 4.85368253 -11.8950403
v -23.584658 4.85368325 -1.99577307
v -18.9221844 4.85368253 -11.8950403
v -18.9224819 4.85368325 -1.99577307
v -23.5847629 4.85368253 -11.8950403
v -23.6396602 4.22717286 -1.6516416
v -18.9224819 4.85368325 -1.99577307
v -18.9104923 4.22717286 -1.65164065
v -23.584658 4.85368325 -1.99577307
v -14.1813225 4.22717286 -1.65164065
v -14.2603077 4.85368325 -1.99577307
v -23.7804722 4.22684575 -13.5032155
v -18.8218178 -0.406270492 -13.8332956
v -18.8276371 4.22684575 -13.5032155
v -24.0464538 -0.406270492 -13.8332956
v -13.8748039 4.22684575 -13.5032155
v -13.5971807 -0.406270492 -13.8332956
v -14.1813225 4.22717286 -1.65164065
v -14.2596067 4.85368253 -11.8950403
v -13.8748039 4.22684575 -13.5032155
v -14.1813225 4.22717286 -1.65164065
v -14.2603077 4.85368325 -1.99577307
v -23.6396602 4.22717286 -1.6516416
v -24.0464538 -0.406270492 -13.8332956
v -23.7804722 4.22684575 -13.5032155
v -24.0464557 -0.406269538 -1.17626547
v -18.8276371 4.22684575 -13.5032155
v -14.2596067 4.85368253 -11.8950403
v -18.9221844 4.85368253 -11.8950403
v -13.8748039 4.22684575 -13.5032155
v -18.9221844 4.85368253 -11.8950403
v -14.2603077 4.85368325 -1.99577307
v -18.9224819 4.85368325 -1.99577307
v -14.2596067 4.85368253 -11.8950403
vt 0.498021305 0.282796383
vt 0.431439102 0.0654430166
vt 0.431439102 0.282796383
vt 0.498021305 0.0654430166
vt 0.801214337 0.58319211
vt 0.539563537 0.332897365
vt 0.801214337 0.332897425
vt 0.539563537 0.583190203
vt 0.277912796 0.332897335
vt 0.277912796 0.583188295
vt 0.801214337 0.58319211
vt 1.45252514 0.332897723
vt 1.4525249 0.583191395
vt 0.801214337 0.332897425
vt -0.372967392 0.332897127
vt 0.277912796 0.300353736
vt 0.277912796 0.332897335
vt -0.372967392 0.30034259
vt 0.00999999978 0.282796383
vt 0.431439102 0.0654430166
vt 0.00999999978 0.0654430166
vt 0.431439102 0.282796383
vt 0.277912796 0.332897335
vt 0.539563537 0.300355583
vt 0.539563537 0.332897365
vt 0.277912796 0.300353736
vt 0.801214337 0.332897425
vt 0.801214337 0.300357431
vt 1.99983978 0.332897902
vt 1.7261821 0.583194375
vt 1.72618246 0.332897812
vt 1.99983931 0.583197355
vt 1.45252514 0.332897723
vt 1.4525249 0.583191395
vt 0.801214337 0.332897425
vt 1.45252514 0.300350785
vt 1.45252514 0.332897723
vt 0.801214337 0.332897425
vt 0.801214337 0.300357431
vt 0.277912796 0.332897335
vt -0.372967392 0.58317709
vt -0.372967392 0.332897127
vt 0.277912796 0.583188295
vt 0.498021305 0.0654430166
vt 0.431439102 0.282695889
vt 0.431439102 0.0654430166
vt 0.498021305 0.282695889
vt 0.431439102 0.0654430166
vt 0.00999999978 0.282695889
vt 0.00999999978 0.0654430166
vt 0.431439102 0.282695889
vn 0 0.931723494 -0.363168462
vn 0 0.931723504 -0.363168436
vn 0 0.931723504 -0.363168436
vn 0 0.931723504 -0.363168436
vn 0 0.102060796 0.994778163
vn 0 0.102060803 0.994778162
vn 0 0.102060796 0.994778163
vn 0 0.102060796 0.994778163
vn 0 0.102060899 0.994778153
vn 0 0.102060906 0.994778152
vn 0.995608413 0.0927840195 0.0124504439
vn 0.995608414 0.0927840121 0.012450443
vn 0.995608413 0.0927840195 0.0124504439
vn 0.995608413 0.0927840195 0.0124504429
vn -0.981768412 0.189974644 0.00635770456
vn -0.981768414 0.18997463 0.00635770458
vn -0.981768414 0.18997463 0.00635770411
vn -0.981768412 0.189974644 0.00635770363
vn 0 1 2.22044605e-16
vn 0 1 2.22044605e-16
vn 0 1 2.22044605e-16
vn 0 1 2.22044605e-16
vn 0 0.481436694 0.876480867
vn 0 0.481436646 0.876480893
vn 0 0.481436694 0.876480867
vn 0 0.481436646 0.876480893
vn 0 0.481437163 0.876480609
vn 0 0.481437163 0.876480609
vn 0 0.0710635099 -0.997471793
vn 0 0.0710635099 -0.997471793
vn 0 0.0710635173 -0.997471792
vn 0 0.0710635173 -0.997471792
vn 0 0.0710635173 -0.997471792
vn 0 0.0710635173 -0.997471792
vn 0.942058667 0.335184352 0.0133010416
vn 0.942058658 0.335184378 0.0133010415
vn 0.942058658 0.335184378 0.0133010415
vn 0.942058667 0.335184352 0.0133010416
vn 0.942058658 0.335184378 0.0133010424
vn -0.997351938 0.0725002614 0.00572914592
vn -0.997351938 0.0725002688 0.00572914592
vn -0.997351938 0.0725002688 0.00572914639
vn -0.997351938 0.0725002614 0.00572914592
vn 0 0.931723494 -0.363168462
vn 0 0.931723494 -0.363168462
vn 0 0.931723494 -0.363168462
vn 0 0.931723483 -0.363168488
vn 0 1 2.22044605e-16
vn 0 1 2.22044605e-16
vn 0 1 2.22044605e-16
vn 0 1 2.22044605e-16

g collision_PZ_item_64_submesh_0
usemtl collision_2
f 21/21/21 23/23/23 22/22/22
f 21/21/21 22/22/22 24/24/24
f 25/25/25 27/27/27 26/26/26
f 25/25/25 26/26/26 28/28/28
f 28/28/28 26/26/26 29/29/29
f 28/28/28 29/29/29 30/30/30
f 31/31/31 33/33/33 32/32/32
f 31/31/31 32/32/32 34/34/34
f 35/35/35 37/37/37 36/36/36
f 35/35/35 36/36/36 38/38/38
f 39/39/39 41/41/41 40/40/40
f 39/39/39 40/40/40 42/42/42
f 43/43/43 45/45/45 44/44/44
f 43/43/43 44/44/44 46/46/46
f 44/44/44 45/45/45 47/47/47
f 44/44/44 47/47/47 48/48/48
f 49/49/49 51/51/51 50/50/50
f 49/49/49 50/50/50 52/52/52
f 50/50/50 51/51/51 53/53/53
f 50/50/50 53/53/53 54/54/54
f 55/55/55 57/57/57 56/56/56
f 58/58/58 56/56/56 59/59/59
f 60/60/60 62/62/62 61/61/61
f 60/60/60 61/61/61 63/63/63
f 64/64/64 66/66/66 65/65/65
f 64/64/64 65/65/65 67/67/67
f 68/68/68 70/70/70 69/69/69
f 68/68/68 69/69/69 71/71/71

o collision_PZ_item_11
v -41.435944 8.15007068 -11.1279375
v -47.5713505 8.15007068 -17.7783067
v -41.4427494 8.15007068 -17.842653
v -47.5713505 8.15007068 -11.1026244
v -41.3827556 -0.136165607 -1.32373213
v -47.5713505 8.15007068 -11.1026244
v -41.435944 8.15007068 -11.1279375
v -47.5806431 -0.136165607 -1.32373213
v -47.5713505 8.15007068 -22.3885038
v -41.4648594 8.1500702 -27.4745996
v -41.4495586 8.1500702 -22.3579042
v -47.5713505 8.15007068 -27.5433328
v -41.4495586 8.1500702 -22.3579042
v -47.5713505 8.15007068 -17.7783067
v -47.5713505 8.15007068 -22.3885038
v -41.4427494 8.15007068 -17.842653
v -41.4495586 4.85368396 -22.3579042
v -41.4427494 8.15007068 -17.842653
v -41.4495586 8.1500702 -22.3579042
v -41.4359402 4.85368396 -17.803621
v -41.435944 4.85368396 -11.127938
v -41.435944 8.15007068 -11.1279375
v -41.435944 4.85368396 -11.127938
v -41.3827556 -0.136165607 -1.32373213
v -41.435944 8.15007068 -11.1279375
vt -0.746552765 0.285543114
vt -0.986738145 0.0172924083
vt -0.986738145 0.285543114
vt -0.746552765 0.0172924083
vt -0.293391258 0.285543114
vt -0.746552765 0.0172924083
vt -0.746552765 0.285543114
vt -0.293391258 0.0172924083
vt -0.986738145 0.285543114
vt -0.654712915 0.0172924083
vt -0.651644468 0.285543114
vt -0.986738145 0.0172924083
vt -0.295085162 0.285543114
vt -0.527086377 0.0172924083
vt -0.294498682 0.0172924083
vt -0.527086377 0.285543114
vt 0.609215498 0.306082457
vt 0.870634794 0.592728734
vt 0.609215498 0.592728734
vt 1.09410489 0.306082457
vt 1.83202362 0.306082457
vt 1.83202362 0.592728853
vt 1.83202362 0.306082457
vt 1.83202362 0.592728853
vt 1.83202362 0.592728853
vn 0 1 2.22044605e-16
vn 0 1 2.22044605e-16
vn 0 1 2.22044605e-16
vn 0 1 2.22044605e-16
vn 0.00133509462 0.763340384 0.645995106
vn 0.00133511524 0.763352127 0.645981228
vn 0.00133511524 0.763352127 0.645981228
vn 0.00133509462 0.763340384 0.645995106
vn 0 1 2.22044605e-16
vn 0 1 2.22044605e-16
vn 0 1 2.22044605e-16
vn 0 1 2.22044605e-16
vn 0 1 2.22044605e-16
vn 0 1 2.22044605e-16
vn 0 1 2.22044605e-16
vn 0 1 2.22044605e-16
vn 0.999996969 0.00101921306 -0.00224107656
vn 0.999996987 0.00100133216 -0.0022410766
vn 0.999996987 0.00100133216 -0.0022410766
vn 0.999996969 0.00101921306 -0.00224107656
vn 0.999999343 0.00103113608 -0.000500667228
vn 0.999999324 0.0010490171 -0.000500667218
vn 0.999985226 1.20697646e-18 -0.00543573876
vn 0.999985226 1.20697646e-18 -0.00543573876
vn 0.999985226 1.20697646e-18 -0.00543573876

g collision_PZ_item_11_submesh_0
usemtl collision_3
f 72/72/72 74/74/74 73/73/73
f 72/72/72 73/73/73 75/75/75
f 76/76/76 78/78/78 77/77/77
f 76/76/76 77/77/77 79/79/79
f 80/80/80 82/82/82 81/81/81
f 80/80/80 81/81/81 83/83/83
f 84/84/84 86/86/86 85/85/85
f 84/84/84 85/85/85 87/87/87
f 88/88/88 90/90/90 89/89/89
f 88/88/88 89/89/89 91/91/91
f 89/89/89 92/92/92 91/91/91
f 89/89/89 93/93/93 92/92/92
f 94/94/94 96/96/96 95/95/95

o collision_PZ_item_002
v -4.1816509 11.0817206 -27.0808094
v -4.96660712 11.0817206 -26.5299748
v -4.96660712 11.0817206 -27.0808094
v -4.1816509 11.0817206 -26.5299748
v -5.11348059 10.9962898 -27.0808094
v -5.11348059 10.9962898 -26.66973
v -4.1816509 11.0817206 -26.5299748
v -4.96660712 10.6650946 -26.3018254
v -4.96660712 11.0817206 -26.5299748
v -4.1816509 10.6650946 -26.3018254
v -5.11348059 10.9962898 -26.66973
v -5.11348059 10.6650946 -26.4415806
v -4.1816509 10.2484687 -26.5299748
v -4.96660712 10.2484687 -27.0808094
v -4.96660712 10.2484687 -26.5299748
v -4.1816509 10.2484687 -27.0808094
v -5.11348059 10.3338998 -26.66973
v -5.11348059 10.3338998 -27.0808094
v -4.1816509 10.6650946 -26.3018254
v -4.96660712 10.2484687 -26.5299748
v -4.96660712 10.6650946 -26.3018254
v -4.1816509 10.2484687 -26.5299748
v -5.11348059 10.6650946 -26.4415806
v -5.11348059 10.3338998 -26.66973
v -5.11348059 10.9962898 -26.66973
v -9.43953707 10.9652584 -27.0808094
v -5.11348059 10.9962898 -27.0808094
v -9.43953707 10.9652584 -26.66973
v -5.11348059 10.6650946 -26.4415806
v -9.43953707 10.9652584 -26.66973
v -5.11348059 10.9962898 -26.66973
v -9.57950594 10.6650939 -26.4415806
v -5.11348059 10.3338998 -27.0808094
v -9.71947577 10.3649295 -26.66973
v -5.11348059 10.3338998 -26.66973
v -9.71947577 10.3649295 -27.0808094
v -5.11348059 10.3338998 -26.66973
v -9.57950594 10.6650939 -26.4415806
v -5.11348059 10.6650946 -26.4415806
v -9.71947577 10.3649295 -26.66973
v -11.7027111 12.1680829 -26.66973
v -9.71947577 10.3649295 -27.0808094
v -11.7027111 12.1680829 -27.0808094
v -9.71947577 10.3649295 -26.66973
v -11.5627413 12.6847855 -26.4415806
v -9.71947577 10.3649295 -26.66973
v -11.7027111 12.1680829 -26.66973
v -9.57950594 10.6650939 -26.4415806
v -11.4227724 13.2014905 -27.0808094
v -9.43953707 10.9652584 -26.66973
v -11.4227724 13.2014905 -26.66973
v -9.43953707 10.9652584 -27.0808094
v -11.4227724 13.2014905 -26.66973
v -9.57950594 10.6650939 -26.4415806
v -11.5627413 12.6847855 -26.4415806
v -9.43953707 10.9652584 -26.66973
v -37.1120644 12.0493666 -26.5223911
v -36.1418572 12.0493666 -27.0808094
v -37.1120644 12.0493666 -27.0808094
v -36.1418572 12.0493666 -26.5223911
v -35.9483795 12.1680829 -27.0808094
v -35.9483795 12.1680829 -26.66973
v -37.1120644 12.6847869 -26.2942417
v -36.1418572 12.0493666 -26.5223911
v -37.1120644 12.0493666 -26.5223911
v -36.1418572 12.6847865 -26.2942417
v -35.9483795 12.1680829 -26.66973
v -35.9483795 12.6847865 -26.4415806
v -37.1120644 13.3202063 -27.0808094
v -36.1418572 13.3202063 -26.5223911
v -37.1120644 13.3202063 -26.5223911
v -36.1418572 13.3202063 -27.0808094
v -35.9483795 13.2014905 -26.66973
v -35.9483795 13.2014905 -27.0808094
v -37.1120644 13.3202063 -26.5223911
v -36.1418572 12.6847865 -26.2942417
v -37.1120644 12.6847869 -26.2942417
v -36.1418572 13.3202063 -26.5223911
v -4.1816509 9.95824661 -27.0808094
v -4.96660712 9.95824661 -26.5299748
v -4.96660712 9.95824661 -27.0808094
v -4.1816509 9.95824661 -26.5299748
v -5.11348059 9.87281551 -27.0808094
v -5.11348059 9.87281551 -26.66973
v -4.1816509 9.95824661 -26.5299748
v -4.96660712 9.54162064 -26.3018254
v -4.96660712 9.95824661 -26.5299748
v -4.1816509 9.54162064 -26.3018254
v -5.11348059 9.87281551 -26.66973
v -5.11348059 9.54162064 -26.4415806
v -4.1816509 9.12499442 -26.5299748
v -4.96660712 9.12499442 -27.0808094
v -4.96660712 9.12499442 -26.5299748
v -4.1816509 9.12499442 -27.0808094
v -5.11348059 9.21042576 -26.66973
v -5.11348059 9.21042576 -27.0808094
v -4.1816509 9.54162064 -26.3018254
v -4.96660712 9.12499442 -26.5299748
v -4.96660712 9.54162064 -26.3018254
v -4.1816509 9.12499442 -26.5299748
v -5.11348059 9.54162064 -26.4415806
v -5.11348059 9.21042576 -26.66973
v -5.11348059 9.87281551 -26.66973
v -9.43953707 9.84178426 -27.0808094
v -5.11348059 9.87281551 -27.0808094
v -9.43953707 9.84178426 -26.66973
v -5.11348059 9.54162064 -26.4415806
v -9.43953707 9.84178426 -26.66973
v -5.11348059 9.87281551 -26.66973
v -9.57950594 9.54161992 -26.4415806
v -5.11348059 9.21042576 -27.0808094
v -9.71947577 9.24145546 -26.66973
v -5.11348059 9.21042576 -26.66973
v -9.71947577 9.24145546 -27.0808094
v -5.11348059 9.21042576 -26.66973
v -9.57950594 9.54161992 -26.4415806
v -5.11348059 9.54162064 -26.4415806
v -9.71947577 9.24145546 -26.66973
v -12.3073254 9.68913975 -26.66973
v -9.71947577 9.24145546 -27.0808094
v -12.3073254 9.68913975 -27.0808094
v -9.71947577 9.24145546 -26.66973
v -12.1673556 10.2058425 -26.4415806
v -9.71947577 9.24145546 -26.66973
v -12.3073254 9.68913975 -26.66973
v -9.57950594 9.54161992 -26.4415806
v -12.0273867 10.7225473 -27.0808094
v -9.43953707 9.84178426 -26.66973
v -12.0273867 10.7225473 -26.66973
v -9.43953707 9.84178426 -27.0808094
v -12.0273867 10.7225473 -26.66973
v -9.57950594 9.54161992 -26.4415806
v -12.1673556 10.2058425 -26.4415806
v -9.43953707 9.84178426 -26.66973
v -37.1120644 9.56921318 -26.5223911
v -36.1418572 9.56921318 -27.0808094
v -37.1120644 9.56921318 -27.0808094
v -36.1418572 9.56921318 -26.5223911
v -35.9483795 9.68913975 -27.0808094
v -35.9483795 9.68913975 -26.66973
v -37.1120644 10.205844 -26.2942417
v -36.1418572 9.56921318 -26.5223911
v -37.1120644 9.56921318 -26.5223911
v -36.1418572 10.2058435 -26.2942417
v -35.9483795 9.68913975 -26.66973
v -35.9483795 10.205843 -26.4415806
v -37.1120644 10.8424735 -27.0808094
v -36.1418572 10.8424735 -26.5223911
v -37.1120644 10.8424735 -26.5223911
v -36.1418572 10.8424735 -27.0808094
v -35.9483795 10.7225473 -26.66973
v -35.9483795 10.7225473 -27.0808094
v -37.1120644 10.8424735 -26.5223911
v -36.1418572 10.2058435 -26.2942417
v -37.1120644 10.205844 -26.2942417
v -36.1418572 10.8424735 -26.5223911
v -35.9483795 12.1680829 -26.66973
v -11.7027111 12.1680829 -27.0808094
v -35.9483795 12.1680829 -27.0808094
v -11.7027111 12.1680829 -26.66973
v -35.9483795 12.6847865 -26.4415806
v -11.7027111 12.1680829 -26.66973
v -35.9483795 12.1680829 -26.66973
v -11.5627413 12.6847855 -26.4415806
v -35.9483795 13.2014905 -27.0808094
v -11.4227724 13.2014905 -26.66973
v -35.9483795 13.2014905 -26.66973
v -11.4227724 13.2014905 -27.0808094
v -35.9483795 13.2014905 -26.66973
v -11.5627413 12.6847855 -26.4415806
v -35.9483795 12.6847865 -26.4415806
v -11.4227724 13.2014905 -26.66973
v -35.9483795 9.68913975 -26.66973
v -12.3073254 9.68913975 -27.0808094
v -35.9483795 9.68913975 -27.0808094
v -12.3073254 9.68913975 -26.66973
v -35.9483795 10.205843 -26.4415806
v -12.3073254 9.68913975 -26.66973
v -35.9483795 9.68913975 -26.66973
v -12.1673556 10.2058425 -26.4415806
v -35.9483795 10.7225473 -27.0808094
v -12.0273867 10.7225473 -26.66973
v -35.9483795 10.7225473 -26.66973
v -12.0273867 10.7225473 -27.0808094
v -35.9483795 10.7225473 -26.66973
v -12.1673556 10.2058425 -26.4415806
v -35.9483795 10.205843 -26.4415806
v -12.0273867 10.7225473 -26.66973
v -36.1418572 13.3202063 -26.5223911
v -35.9483795 12.6847865 -26.4415806
v -36.1418572 12.6847865 -26.2942417
v -35.9483795 13.2014905 -26.66973
v -36.1418572 10.8424735 -26.5223911
v -35.9483795 10.205843 -26.4415806
v -36.1418572 10.2058435 -26.2942417
v -35.9483795 10.7225473 -26.66973
vt 0.513493776 0.744889975
vt 0.513493776 0.787625194
vt 0.513493776 0.787625194
vt 0.513493776 0.744889975
vt 0.513493776 0.806145251
vt 0.513493776 0.806145251
vt 0.513493776 0.744889975
vt 0.412838221 0.787625194
vt 0.513493776 0.787625194
vt 0.412838221 0.744889975
vt 0.513493776 0.806145251
vt 0.412838221 0.806145251
vt 0.513493776 0.744889975
vt 0.513493776 0.787625194
vt 0.513493776 0.787625194
vt 0.513493776 0.744889975
vt 0.513493776 0.806145251
vt 0.513493776 0.806145251
vt 0.412838221 0.744889975
vt 0.513493776 0.787625194
vt 0.412838221 0.787625194
vt 0.513493776 0.744889975
vt 0.412838221 0.806145251
vt 0.513493776 0.806145251
vt 0.342387915 0.992573142
vt 0.125016332 0.992573142
vt 0.342387915 0.992573142
vt 0.125016332 0.992573142
vt 0.342387915 0.980756283
vt 0.125016332 0.992573142
vt 0.342387915 0.992573142
vt 0.125016421 0.980756283
vt 0.342387915 0.992573142
vt 0.125016332 0.992573142
vt 0.342387915 0.992573142
vt 0.125016332 0.992573142
vt 0.342387915 0.992573142
vt 0.125016421 0.980756283
vt 0.342387915 0.980756283
vt 0.125016332 0.992573142
vt 0.342387915 0.992573142
vt 0.125016332 0.992573142
vt 0.342387915 0.992573142
vt 0.125016332 0.992573142
vt 0.342387915 0.980756283
vt 0.125016332 0.992573142
vt 0.342387915 0.992573142
vt 0.125016421 0.980756283
vt 0.342387915 0.992573142
vt 0.125016332 0.992573142
vt 0.342387915 0.992573142
vt 0.125016332 0.992573142
vt 0.342387915 0.992573142
vt 0.125016421 0.980756283
vt 0.342387915 0.980756283
vt 0.125016332 0.992573142
vt 0.508258045 0.705209076
vt 0.450506449 0.787335992
vt 0.450506449 0.705209076
vt 0.508258045 0.787335992
vt 0.450506449 0.807164133
vt 0.508258045 0.807164133
vt 0.450506449 0.705209076
vt 0.508258045 0.787335992
vt 0.508258045 0.705209076
vt 0.450506449 0.787335992
vt 0.508258045 0.807164133
vt 0.450506449 0.807164133
vt 0.450506449 0.705209076
vt 0.508258045 0.787335992
vt 0.508258045 0.705209076
vt 0.450506449 0.787335992
vt 0.508258045 0.807164133
vt 0.450506449 0.807164133
vt 0.508258045 0.705209076
vt 0.450506449 0.787335992
vt 0.450506449 0.705209076
vt 0.508258045 0.787335992
vt 0.513493776 0.744889975
vt 0.513493776 0.787625194
vt 0.513493776 0.787625194
vt 0.513493776 0.744889975
vt 0.513493776 0.806145251
vt 0.513493776 0.806145251
vt 0.513493776 0.744889975
vt 0.412838221 0.787625194
vt 0.513493776 0.787625194
vt 0.412838221 0.744889975
vt 0.513493776 0.806145251
vt 0.412838221 0.806145251
vt 0.513493776 0.744889975
vt 0.513493776 0.787625194
vt 0.513493776 0.787625194
vt 0.513493776 0.744889975
vt 0.513493776 0.806145251
vt 0.513493776 0.806145251
vt 0.412838221 0.744889975
vt 0.513493776 0.787625194
vt 0.412838221 0.787625194
vt 0.513493776 0.744889975
vt 0.412838221 0.806145251
vt 0.513493776 0.806145251
vt 0.342387915 0.992573142
vt 0.125016332 0.992573142
vt 0.342387915 0.992573142
vt 0.125016332 0.992573142
vt 0.342387915 0.980756283
vt 0.125016332 0.992573142
vt 0.342387915 0.992573142
vt 0.125016421 0.980756283
vt 0.342387915 0.992573142
vt 0.125016332 0.992573142
vt 0.342387915 0.992573142
vt 0.125016332 0.992573142
vt 0.342387915 0.992573142
vt 0.125016421 0.980756283
vt 0.342387915 0.980756283
vt 0.125016332 0.992573142
vt 0.342387915 0.992573142
vt 0.125016332 0.992573142
vt 0.342387915 0.992573142
vt 0.125016332 0.992573142
vt 0.342387915 0.980756283
vt 0.125016332 0.992573142
vt 0.342387915 0.992573142
vt 0.125016421 0.980756283
vt 0.342387915 0.992573142
vt 0.125016332 0.992573142
vt 0.342387915 0.992573142
vt 0.125016332 0.992573142
vt 0.342387915 0.992573142
vt 0.125016421 0.980756283
vt 0.342387915 0.980756283
vt 0.125016332 0.992573142
vt 0.508258045 0.705209076
vt 0.450506449 0.787335992
vt 0.450506449 0.705209076
vt 0.508258045 0.787335992
vt 0.450506449 0.807164133
vt 0.508258045 0.807164133
vt 0.450506449 0.705209076
vt 0.508258045 0.787335992
vt 0.508258045 0.705209076
vt 0.450506449 0.787335992
vt 0.508258045 0.807164133
vt 0.450506449 0.807164133
vt 0.450506449 0.705209076
vt 0.508258045 0.787335992
vt 0.508258045 0.705209076
vt 0.450506449 0.787335992
vt 0.508258045 0.807164133
vt 0.450506449 0.807164133
vt 0.508258045 0.705209076
vt 0.450506449 0.787335992
vt 0.450506449 0.705209076
vt 0.508258045 0.787335992
vt 0.233702123 0.992573142
vt 0.125016332 0.992573142
vt 0.233702123 0.992573142
vt 0.125016332 0.992573142
vt 0.332487345 0.980756521
vt 0.125016332 0.992573142
vt 0.333034545 0.992573321
vt 0.125016421 0.980756283
vt 0.233702123 0.992573142
vt 0.125016332 0.992573142
vt 0.233702123 0.992573142
vt 0.125016332 0.992573142
vt 0.331952035 0.992573321
vt 0.125016421 0.980756283
vt 0.332487345 0.980756521
vt 0.125016332 0.992573142
vt 0.233702123 0.992573142
vt 0.125016332 0.992573142
vt 0.233702123 0.992573142
vt 0.125016332 0.992573142
vt 0.332487345 0.980756521
vt 0.125016332 0.992573142
vt 0.333034545 0.992573321
vt 0.125016421 0.980756283
vt 0.233702123 0.992573142
vt 0.125016332 0.992573142
vt 0.233702123 0.992573142
vt 0.125016332 0.992573142
vt 0.331952035 0.992573321
vt 0.125016421 0.980756283
vt 0.332487345 0.980756521
vt 0.125016332 0.992573142
vt 0.508258045 0.787335992
vt 0.450506449 0.807164133
vt 0.450506449 0.787335992
vt 0.508258045 0.807164133
vt 0.508258045 0.787335992
vt 0.450506449 0.807164133
vt 0.450506449 0.787335992
vt 0.508258045 0.807164133
vn 0 1 2.22044605e-16
vn -0.186789386 0.982399982 2.18136616e-16
vn -0.260377938 0.965506773 2.1438557e-16
vn 0 1 2.22044605e-16
vn -0.263839068 0.964566714 2.14176835e-16
vn -0.309569682 0.950876759 2.11137054e-16
vn 0 0.480309876 0.877098867
vn -0.371963658 -2.06112303e-16 0.928247293
vn -0.369947933 0.461919768 0.806082288
vn 0 -2.22044605e-16 1
vn -0.371155587 0.519571599 0.769603069
vn -0.483266976 0.000163986477 0.875473017
vn 0 -1 -2.22044605e-16
vn -0.260378539 -0.965506611 -2.14385534e-16
vn -0.186789875 -0.982399889 -2.18136595e-16
vn 0 -1 -2.22044605e-16
vn -0.309402741 -0.950931093 -2.11149119e-16
vn -0.263629208 -0.964624093 -2.14189576e-16
vn 0 -2.22044605e-16 1
vn -0.369947856 -0.461919784 0.806082314
vn -0.371963658 -2.06112303e-16 0.928247293
vn 0 -0.480309876 0.877098867
vn -0.483266976 0.000163986477 0.875473017
vn -0.371077364 -0.519261963 0.769849728
vn -0.309569682 0.950876759 2.11137054e-16
vn -0.00717294652 0.999974274 2.22038893e-16
vn -0.263839068 0.964566714 2.14176835e-16
vn -0.00717294652 0.999974274 2.22038893e-16
vn -0.483266976 0.000163986477 0.875473017
vn 0.190412618 0.481286566 0.855632092
vn -0.371155587 0.519571599 0.769603069
vn -0.0335196221 -0.121585891 0.992014771
vn -0.263629208 -0.964624093 -2.14189576e-16
vn -0.00673665404 -0.999977308 -2.22039566e-16
vn -0.309402741 -0.950931093 -2.11149119e-16
vn -0.00673665404 -0.999977308 -2.22039566e-16
vn -0.371077364 -0.519261963 0.769849728
vn -0.0335196221 -0.121585891 0.992014771
vn -0.483266976 0.000163986477 0.875473017
vn -0.431811303 -0.668767333 0.605218351
vn -0.360623985 -0.932711285 -2.07103509e-16
vn -0.672716119 -0.739900685 -1.64290955e-16
vn -0.360623985 -0.932711285 -2.07103509e-16
vn -0.431811303 -0.668767333 0.605218351
vn 0.0698823446 0.0929390094 0.993216391
vn -0.431811303 -0.668767333 0.605218351
vn -0.186454417 -0.388480009 0.902395719
vn -0.0335196221 -0.121585891 0.992014771
vn 0.410172238 0.912008078 2.02506473e-16
vn 0.748160809 0.663517448 1.4733047e-16
vn 0.410172238 0.912008078 2.02506473e-16
vn 0.748160809 0.663517448 1.4733047e-16
vn 0.168353532 0.38748003 0.906375372
vn -0.0335196221 -0.121585891 0.992014771
vn 0.0698823446 0.0929390094 0.993216391
vn 0.190412618 0.481286566 0.855632092
vn 0 -1 -2.22044605e-16
vn 0.271716985 -0.962377202 -2.13690666e-16
vn 0 -1 -2.22044605e-16
vn 0.210327368 -0.977631013 -2.17077692e-16
vn 0.522988479 -0.852339751 -1.89257443e-16
vn 0.522988426 -0.852339783 -1.8925745e-16
vn 0 -2.22044605e-16 1
vn 0.310151636 -0.332750052 0.890552281
vn 0 -0.337930204 0.941171173
vn 0.2137944 -0.0958889073 0.972161135
vn 0.417248905 -0.776293456 0.472516477
vn 0.634537647 -0.284596447 0.718586694
vn 0 1 2.22044605e-16
vn 0.21032666 0.977631166 2.17077726e-16
vn 0 1 2.22044605e-16
vn 0.27171615 0.962377438 2.13690718e-16
vn 0.522986962 0.852340682 1.8925765e-16
vn 0.522986918 0.852340709 1.89257656e-16
vn 0 0.337930408 0.9411711
vn 0.2137944 -0.0958889073 0.972161135
vn 0 -2.22044605e-16 1
vn 0 0.337930408 0.9411711
vn 0 1 2.22044605e-16
vn -0.186789875 0.982399889 2.18136595e-16
vn -0.260378539 0.965506611 2.14385534e-16
vn 0 1 2.22044605e-16
vn -0.263839653 0.964566554 2.14176799e-16
vn -0.309570345 0.950876544 2.11137006e-16
vn 0 0.480309876 0.877098867
vn -0.371963786 -2.06112292e-16 0.928247242
vn -0.369947871 0.46191981 0.806082293
vn 0 -2.22044605e-16 1
vn -0.37115577 0.519571723 0.769602897
vn -0.483267141 0.000164122907 0.875472926
vn 0 -1 -2.22044605e-16
vn -0.260379097 -0.965506461 -2.14385501e-16
vn -0.186790329 -0.982399803 -2.18136576e-16
vn 0 -1 -2.22044605e-16
vn -0.309403377 -0.950930886 -2.11149073e-16
vn -0.263629795 -0.964623932 -2.1418954e-16
vn 0 -2.22044605e-16 1
vn -0.369947881 -0.461919666 0.80608237
vn -0.371963786 -2.06112292e-16 0.928247242
vn 0 -0.480309713 0.877098956
vn -0.483267141 0.000164122907 0.875472926
vn -0.371077661 -0.519261843 0.769849666
vn -0.309570345 0.950876544 2.11137006e-16
vn -0.00717291858 0.999974274 2.22038893e-16
vn -0.263839653 0.964566554 2.14176799e-16
vn -0.00717291858 0.999974274 2.22038893e-16
vn -0.483267141 0.000164122907 0.875472926
vn 0.0571729397 0.528917973 0.846744963
vn -0.37115577 0.519571723 0.769602897
vn 0.0157654128 -0.0553943934 0.998340079
vn -0.263629795 -0.964623932 -2.1418954e-16
vn -0.00673665404 -0.999977308 -2.22039566e-16
vn -0.309403377 -0.950930886 -2.11149073e-16
vn -0.00673665404 -0.999977308 -2.22039566e-16
vn -0.371077661 -0.519261843 0.769849666
vn 0.0157654128 -0.0553943934 0.998340079
vn -0.483267141 0.000164122907 0.875472926
vn -0.110614239 -0.763705413 0.636017714
vn -0.0855449733 -0.99633431 -2.21230658e-16
vn -0.170462769 -0.985364118 -2.18794786e-16
vn -0.0855449733 -0.99633431 -2.21230658e-16
vn -0.110614239 -0.763705413 0.636017714
vn 0.00923806758 0.0296070275 0.999518925
vn -0.110614239 -0.763705413 0.636017714
vn -0.0444971221 -0.429591152 0.90192652
vn 0.0157654128 -0.0553943934 0.998340079
vn 0.163289594 0.986578182 2.19064363e-16
vn 0.322195937 0.946673005 2.10203633e-16
vn 0.163289594 0.986578182 2.19064363e-16
vn 0.322195937 0.946673005 2.10203633e-16
vn 0.0713887633 0.42848563 0.900723992
vn 0.0157654128 -0.0553943934 0.998340079
vn 0.00923806758 0.0296070275 0.999518925
vn 0.0571729397 0.528917973 0.846744963
vn 0 -1 -2.22044605e-16
vn 0.273897005 -0.96175903 -2.13553404e-16
vn 0 -1 -2.22044605e-16
vn 0.212176141 -0.977231439 -2.16988969e-16
vn 0.526845861 -0.849960845 -1.8872922e-16
vn 0.526845861 -0.849960845 -1.8872922e-16
vn 0 -2.22044605e-16 1
vn 0.309909729 -0.332299797 0.890804583
vn 0 -0.337360895 0.941375391
vn 0.213994904 -0.095757796 0.972129943
vn 0.418077351 -0.775637988 0.472860487
vn 0.635067489 -0.284178179 0.718284099
vn 0 1 2.22044605e-16
vn 0.212175604 0.977231555 2.16988995e-16
vn 0 1 2.22044605e-16
vn 0.273896394 0.961759203 2.13553442e-16
vn 0.526844723 0.849961551 1.88729377e-16
vn 0.526844723 0.849961551 1.88729377e-16
vn 0 0.337361223 0.941375273
vn 0.213994904 -0.095757796 0.972129943
vn 0 -2.22044605e-16 1
vn 0 0.337361223 0.941375273
vn 0.417248905 -0.776293456 0.472516477
vn -0.360623985 -0.932711285 -2.07103509e-16
vn 0 -1 -2.22044605e-16
vn -0.360623985 -0.932711285 -2.07103509e-16
vn 0.26414464 0.118471195 0.957179286
vn -0.186454417 -0.388480009 0.902395719
vn 0 -0.403924921 0.91479214
vn 0.0698823446 0.0929390094 0.993216391
vn 0 1 2.22044605e-16
vn 0.410172238 0.912008078 2.02506473e-16
vn 0 1 2.22044605e-16
vn 0.410172238 0.912008078 2.02506473e-16
vn 0.355457685 0.362157723 0.861679533
vn 0.0698823446 0.0929390094 0.993216391
vn 0.26414464 0.118471195 0.957179286
vn 0.168353532 0.38748003 0.906375372
vn 0.418077351 -0.775637988 0.472860487
vn -0.0855449733 -0.99633431 -2.21230658e-16
vn 0 -1 -2.22044605e-16
vn -0.0855449733 -0.99633431 -2.21230658e-16
vn 0.264387143 0.118306672 0.957132682
vn -0.0444971221 -0.429591152 0.90192652
vn 0 -0.403925045 0.914792084
vn 0.00923806758 0.0296070275 0.999518925
vn 0 1 2.22044605e-16
vn 0.163289594 0.986578182 2.19064363e-16
vn 0 1 2.22044605e-16
vn 0.163289594 0.986578182 2.19064363e-16
vn 0.356159764 0.361897397 0.861498982
vn 0.00923806758 0.0296070275 0.999518925
vn 0.264387143 0.118306672 0.957132682
vn 0.0713887633 0.42848563 0.900723992
vn 0.634537491 0.284596428 0.718586839
vn 0.26414464 0.118471195 0.957179286
vn 0.634537527 0.284596417 0.718586812
vn 0.355457685 0.362157723 0.861679533
vn 0.635067739 0.284177886 0.718283994
vn 0.264387143 0.118306672 0.957132682
vn 0.635067734 0.284177914 0.718283988
vn 0.356159764 0.361897397 0.861498982

g collision_PZ_item_002_submesh_0
usemtl collision_4
f 97/97/97 99/99/99 98/98/98
f 97/97/97 98/98/98 100/100/100
f 98/98/98 99/99/99 101/101/101
f 98/98/98 101/101/101 102/102/102
f 103/103/103 105/105/105 104/104/104
f 103/103/103 104/104/104 106/106/106
f 104/104/104 105/105/105 107/107/107
f 104/104/104 107/107/107 108/108/108
f 109/109/109 111/111/111 110/110/110
f 109/109/109 110/110/110 112/112/112
f 110/110/110 111/111/111 113/113/113
f 110/110/110 113/113/113 114/114/114
f 115/115/115 117/117/117 116/116/116
f 115/115/115 116/116/116 118/118/118
f 116/116/116 117/117/117 119/119/119
f 116/116/116 119/119/119 120/120/120
f 121/121/121 123/123/123 122/122/122
f 121/121/121 122/122/122 124/124/124
f 125/125/125 127/127/127 126/126/126
f 125/125/125 126/126/126 128/128/128
f 129/129/129 131/131/131 130/130/130
f 129/129/129 130/130/130 132/132/132
f 133/133/133 135/135/135 134/134/134
f 133/133/133 134/134/134 136/136/136
f 137/137/137 139/139/139 138/138/138
f 137/137/137 138/138/138 140/140/140
f 141/141/141 143/143/143 142/142/142
f 141/141/141 142/142/142 144/144/144
f 145/145/145 147/147/147 146/146/146
f 145/145/145 146/146/146 148/148/148
f 149/149/149 151/151/151 150/150/150
f 149/149/149 150/150/150 152/152/152
f 153/153/153 155/155/155 154/154/154
f 153/153/153 154/154/154 156/156/156
f 156/156/156 154/154/154 157/157/157
f 156/156/156 157/157/157 158/158/158
f 159/159/159 161/161/161 160/160/160
f 159/159/159 160/160/160 162/162/162
f 162/162/162 160/160/160 163/163/163
f 162/162/162 163/163/163 164/164/164
f 165/165/165 167/167/167 166/166/166
f 165/165/165 166/166/166 168/168/168
f 168/168/168 166/166/166 169/169/169
f 168/168/168 169/169/169 170/170/170
f 171/171/171 173/173/173 172/172/172
f 171/171/171 172/172/172 174/174/174
f 175/175/175 177/177/177 176/176/176
f 175/175/175 176/176/176 178/178/178
f 176/176/176 177/177/177 179/179/179
f 176/176/176 179/179/179 180/180/180
f 181/181/181 183/183/183 182/182/182
f 181/181/181 182/182/182 184/184/184
f 182/182/182 183/183/183 185/185/185
f 182/182/182 185/185/185 186/186/186
f 187/187/187 189/189/189 188/188/188
f 187/187/187 188/188/188 190/190/190
f 188/188/188 189/189/189 191/191/191
f 188/188/188 191/191/191 192/192/192
f 193/193/193 195/195/195 194/194/194
f 193/193/193 194/194/194 196/196/196
f 194/194/194 195/195/195 197/197/197
f 194/194/194 197/197/197 198/198/198
f 199/199/199 201/201/201 200/200/200
f 199/199/199 200/200/200 202/202/202
f 203/203/203 205/205/205 204/204/204
f 203/203/203 204/204/204 206/206/206
f 207/207/207 209/209/209 208/208/208
f 207/207/207 208/208/208 210/210/210
f 211/211/211 213/213/213 212/212/212
f 211/211/211 212/212/212 214/214/214
f 215/215/215 217/217/217 216/216/216
f 215/215/215 216/216/216 218/218/218
f 219/219/219 221/221/221 220/220/220
f 219/219/219 220/220/220 222/222/222
f 223/223/223 225/225/225 224/224/224
f 223/223/223 224/224/224 226/226/226
f 227/227/227 229/229/229 228/228/228
f 227/227/227 228/228/228 230/230/230
f 231/231/231 233/233/233 232/232/232
f 231/231/231 232/232/232 234/234/234
f 234/234/234 232/232/232 235/235/235
f 234/234/234 235/235/235 236/236/236
f 237/237/237 239/239/239 238/238/238
f 237/237/237 238/238/238 240/240/240
f 240/240/240 238/238/238 241/241/241
f 240/240/240 241/241/241 242/242/242
f 243/243/243 245/245/245 244/244/244
f 243/243/243 244/244/244 246/246/246
f 246/246/246 244/244/244 247/247/247
f 246/246/246 247/247/247 248/248/248
f 249/249/249 251/251/251 250/250/250
f 249/249/249 250/250/250 252/252/252
f 253/253/253 255/255/255 254/254/254
f 253/253/253 254/254/254 256/256/256
f 257/257/257 259/259/259 258/258/258
f 257/257/257 258/258/258 260/260/260
f 261/261/261 263/263/263 262/262/262
f 261/261/261 262/262/262 264/264/264
f 265/265/265 267/267/267 266/266/266
f 265/265/265 266/266/266 268/268/268
f 269/269/269 271/271/271 270/270/270
f 269/269/269 270/270/270 272/272/272
f 273/273/273 275/275/275 274/274/274
f 273/273/273 274/274/274 276/276/276
f 277/277/277 279/279/279 278/278/278
f 277/277/277 278/278/278 280/280/280
f 281/281/281 283/283/283 282/282/282
f 281/281/281 282/282/282 284/284/284
f 285/285/285 287/287/287 286/286/286
f 285/285/285 286/286/286 288/288/288
f 289/289/289 291/291/291 290/290/290
f 289/289/289 290/290/290 292/292/292

o collision_PZ_item_60
v -41.4495586 8.1500702 -22.3579042
v -36.8443912 4.8536842 -27.42259
v -36.844395 4.85368396 -22.3348844
v -41.4648594 8.1500702 -27.4745996
v -41.4495586 8.1500702 -22.3579042
v -36.844395 4.85368396 -22.3348844
v -41.4495586 4.85368396 -22.3579042
vt -0.651644468 0.285543114
vt -0.404056013 0.0172924083
vt -0.404056013 0.285543114
vt -0.654712915 0.0172924083
vt 0.609215498 0.592728734
vt 0.609215498 0.449405611
vt 0.609215498 0.306082457
vn 0.581419872 0.813603204 -0.000871558013
vn 0.5814199 0.813603184 -0.000871557997
vn 0.581419832 0.813603232 -0.000871557927
vn 0.581419832 0.813603232 -0.000871558044
vn -0.00499862863 -2.22041831e-16 0.999987507
vn -0.00499862863 -2.22041831e-16 0.999987507
vn -0.00499862863 -2.22041831e-16 0.999987507

g collision_PZ_item_60_submesh_0
usemtl collision_5
f 293/293/293 295/295/295 294/294/294
f 293/293/293 294/294/294 296/296/296
f 297/297/297 299/299/299 298/298/298

o collision_PZ_item_15_1
v 47.0124015 4.58469417 -25.2576958
v 45.7025184 7.352196 -25.2143437
v 47.0124015 7.352196 -25.2143437
v 45.7025184 4.58469417 -25.2576958
v 45.7025184 8.52022769 -25.6071087
v 47.0124015 8.52022769 -25.6071087
v 45.7025184 9.09914615 -26.6193291
v 47.0124015 9.09914615 -26.6193291
v 47.0124015 9.09914615 -26.6193291
v 45.7025184 9.6780646 -25.6071087
v 47.0124015 9.6780646 -25.6071087
v 45.7025184 9.09914615 -26.6193291
v 45.7025184 10.8460934 -25.2143437
v 47.0124015 10.8460934 -25.2143437
v 45.702526 17.2223218 -25.2576958
v 47.0124015 17.2223218 -25.2576958
v 45.7025184 10.8460934 -25.2143437
v 45.702526 17.2223218 -27.1225049
v 45.702526 17.2223218 -25.2576958
v 45.7025184 10.2620776 -27.1225049
v 45.7025184 9.6780646 -25.6071087
v 45.7025184 9.09914615 -26.6193291
v 45.7025184 7.93621089 -27.1225049
v 45.7025184 8.52022769 -25.6071087
v 45.7025184 7.352196 -25.2143437
v 45.7025184 4.58469417 -25.2576958
v 45.7025184 4.58469035 -27.1225049
v 40.8567389 4.58469417 -25.2576958
v 39.5468482 7.352196 -25.2143437
v 40.8567389 7.352196 -25.2143437
v 39.5468482 4.58469417 -25.2576958
v 39.5468482 8.52022769 -25.6071087
v 40.8567389 8.52022769 -25.6071087
v 39.5468482 9.09914615 -26.6193291
v 40.8567389 9.09914615 -26.6193291
v 40.8567389 9.09914615 -26.6193291
v 39.5468482 9.6780646 -25.6071087
v 40.8567389 9.6780646 -25.6071087
v 39.5468482 9.09914615 -26.6193291
v 39.5468482 10.8460934 -25.2143437
v 40.8567389 10.8460934 -25.2143437
v 39.5468558 17.2223218 -25.2576958
v 40.8567389 17.2223218 -25.2576958
v 39.5468482 10.8460934 -25.2143437
v 39.5468558 17.2223218 -27.1225049
v 39.5468558 17.2223218 -25.2576958
v 39.5468482 10.2620776 -27.1225049
v 39.5468482 9.6780646 -25.6071087
v 39.5468482 9.09914615 -26.6193291
v 39.5468482 7.93620898 -27.1225049
v 39.5468482 8.52022769 -25.6071087
v 39.5468482 7.352196 -25.2143437
v 39.5468482 4.58469417 -25.2576958
v 39.5468482 4.58469035 -27.1225049
v 40.8567389 10.8460934 -25.2143437
v 40.8567466 17.2223218 -27.1225049
v 40.8567389 10.2620776 -27.1225049
v 40.8567389 17.2223218 -25.2576958
v 40.8567389 9.6780646 -25.6071087
v 40.8567389 9.09914615 -26.6193291
v 40.8567389 7.93620898 -27.1225049
v 40.8567389 8.52022769 -25.6071087
v 40.8567389 7.352196 -25.2143437
v 40.8567389 4.58469417 -25.2576958
v 40.8567389 4.58469035 -27.1225049
v 36.7053813 11.0830519 -25.894817
v 37.9546985 9.45024898 -25.894817
v 36.7093219 9.45024898 -25.894817
v 37.9507235 11.0830519 -25.894817
v 38.1681842 10.8576968 -25.894817
v 38.1642131 9.68350341 -25.894817
v 36.5077113 9.68745496 -25.894817
v 36.5037555 10.8537467 -25.894817
v 36.7093219 9.45024898 -25.894817
v 36.3018016 9.55077006 -26.1561925
v 36.5077113 9.68745496 -25.894817
v 36.594881 9.21635654 -26.1561925
v 38.1681842 10.8576968 -25.894817
v 38.3725223 9.5507734 -26.1561925
v 38.1642131 9.68350341 -25.894817
v 38.3723163 10.9792435 -26.1561925
v 38.1681842 10.8576968 -25.894817
v 38.0791758 11.3136523 -26.1561925
v 38.3723163 10.9792435 -26.1561925
v 37.9507235 11.0830519 -25.894817
v 38.1642131 9.68350341 -25.894817
v 38.0803126 9.21635797 -26.1561925
v 37.9546985 9.45024898 -25.894817
v 38.3725223 9.5507734 -26.1561925
v 37.9546985 9.45024898 -25.894817
v 36.594881 9.21635654 -26.1561925
v 36.7093219 9.45024898 -25.894817
v 38.0803126 9.21635797 -26.1561925
v 36.5077113 9.68745496 -25.894817
v 36.3016871 10.9792416 -26.1561925
v 36.5037555 10.8537467 -25.894817
v 36.3018016 9.55077006 -26.1561925
v 36.5037555 10.8537467 -25.894817
v 36.5939197 11.3136513 -26.1561925
v 36.7053813 11.0830519 -25.894817
v 36.3016871 10.9792416 -26.1561925
v 36.7053813 11.0830519 -25.894817
v 38.0791758 11.3136523 -26.1561925
v 37.9507235 11.0830519 -25.894817
v 36.5939197 11.3136513 -26.1561925
v 36.594881 9.21635654 -26.1561925
v 36.3018054 9.55076959 -27.0632435
v 36.3018016 9.55077006 -26.1561925
v 36.594881 9.21635654 -27.0632435
v 38.3723163 10.9792435 -26.1561925
v 38.3725261 9.55077293 -27.0632435
v 38.3725223 9.5507734 -26.1561925
v 38.3723163 10.9792435 -27.0632435
v 38.0791758 11.3136523 -26.1561925
v 38.3723163 10.9792435 -27.0632435
v 38.3723163 10.9792435 -26.1561925
v 38.0791758 11.3136523 -27.0632435
v 38.3725223 9.5507734 -26.1561925
v 38.0803126 9.21635797 -27.0632435
v 38.0803126 9.21635797 -26.1561925
v 38.3725261 9.55077293 -27.0632435
v 38.0803126 9.21635797 -26.1561925
v 36.594881 9.21635654 -27.0632435
v 36.594881 9.21635654 -26.1561925
v 38.0803126 9.21635797 -27.0632435
v 36.3018016 9.55077006 -26.1561925
v 36.301691 10.9792416 -27.0632435
v 36.3016871 10.9792416 -26.1561925
v 36.3018054 9.55076959 -27.0632435
v 36.3016871 10.9792416 -26.1561925
v 36.5939197 11.3136513 -27.0632435
v 36.5939197 11.3136513 -26.1561925
v 36.301691 10.9792416 -27.0632435
v 36.5939197 11.3136513 -26.1561925
v 38.0791758 11.3136523 -27.0632435
v 38.0791758 11.3136523 -26.1561925
v 36.5939197 11.3136513 -27.0632435
v 36.7053813 13.527715 -25.2443825
v 37.9546985 11.894912 -25.2443825
v 36.7093219 11.894912 -25.2443825
v 37.9507235 13.527715 -25.2443825
v 38.1681842 13.3023598 -25.2443825
v 38.1642131 12.1281665 -25.2443825
v 36.5077113 12.1321185 -25.2443825
v 36.5037555 13.2984097 -25.2443825
v 36.7093219 11.894912 -25.2443825
v 36.3018016 11.9954331 -25.505758
v 36.5077113 12.1321185 -25.2443825
v 36.594881 11.6610196 -25.505758
v 38.1681842 13.3023598 -25.2443825
v 38.3725223 11.995436 -25.505758
v 38.1642131 12.1281665 -25.2443825
v 38.3723163 13.4239066 -25.505758
v 38.1681842 13.3023598 -25.2443825
v 38.0791758 13.7583153 -25.505758
v 38.3723163 13.4239066 -25.505758
v 37.9507235 13.527715 -25.2443825
v 38.1642131 12.1281665 -25.2443825
v 38.0803126 11.6610205 -25.505758
v 37.9546985 11.894912 -25.2443825
v 38.3725223 11.995436 -25.505758
v 37.9546985 11.894912 -25.2443825
v 36.594881 11.6610196 -25.505758
v 36.7093219 11.894912 -25.2443825
v 38.0803126 11.6610205 -25.505758
v 36.5077113 12.1321185 -25.2443825
v 36.3016871 13.4239047 -25.505758
v 36.5037555 13.2984097 -25.2443825
v 36.3018016 11.9954331 -25.505758
v 36.5037555 13.2984097 -25.2443825
v 36.5939197 13.7583144 -25.505758
v 36.7053813 13.527715 -25.2443825
v 36.3016871 13.4239047 -25.505758
v 36.7053813 13.527715 -25.2443825
v 38.0791758 13.7583153 -25.505758
v 37.9507235 13.527715 -25.2443825
v 36.7053813 13.527715 -25.2443825
v 36.5939197 13.7583144 -25.505758
v 38.0791758 13.7583153 -25.505758
v 36.594881 11.6610196 -25.505758
v 36.3018054 11.9954322 -27.0898453
v 36.3018016 11.9954331 -25.505758
v 36.594881 11.6610196 -27.0898453
v 38.3723163 13.4239066 -25.505758
v 38.3725261 11.995436 -27.0898453
v 38.3725223 11.995436 -25.505758
v 38.3723163 13.4239066 -27.0898453
v 38.0791758 13.7583153 -25.505758
v 38.3723163 13.4239066 -27.0898453
v 38.3723163 13.4239066 -25.505758
v 38.0791758 13.7583153 -27.0898453
v 38.3725223 11.995436 -25.505758
v 38.0803126 11.6610205 -27.0898453
v 38.0803126 11.6610205 -25.505758
v 38.3725223 11.995436 -25.505758
v 38.3725261 11.995436 -27.0898453
v 38.0803126 11.6610205 -27.0898453
v 38.0803126 11.6610205 -25.505758
v 36.594881 11.6610196 -27.0898453
v 36.594881 11.6610196 -25.505758
v 38.0803126 11.6610205 -27.0898453
v 36.3018016 11.9954331 -25.505758
v 36.301691 13.4239047 -27.0898453
v 36.3016871 13.4239047 -25.505758
v 36.3018054 11.9954322 -27.0898453
v 36.3016871 13.4239047 -25.505758
v 36.5939197 13.7583144 -27.0898453
v 36.5939197 13.7583144 -25.505758
v 36.301691 13.4239047 -27.0898453
v 36.5939197 13.7583144 -25.505758
v 38.0791758 13.7583153 -27.0898453
v 38.0791758 13.7583153 -25.505758
v 36.5939197 13.7583144 -27.0898453
v 40.7853164 5.70611097 -26.4783036
v 45.7471503 5.99969008 -26.187494
v 45.7471503 5.70611097 -26.4783036
v 40.7853202 5.99968793 -26.187494
v 41.0161361 6.44238569 -27.021093
v 45.7471503 5.70611097 -26.4783036
v 45.5163344 6.44238379 -27.0210969
v 40.7853164 5.70611097 -26.4783036
v 45.5163344 6.44238379 -27.0210969
v 45.7471503 5.99969008 -26.187494
v 45.5163344 6.68066122 -26.5101105
v 45.7471503 5.70611097 -26.4783036
v 45.5163344 6.68066122 -26.5101105
v 40.7853202 5.99968793 -26.187494
v 41.0161361 6.68065931 -26.5101105
v 45.7471503 5.99969008 -26.187494
v 41.0161361 6.68065931 -26.5101105
v 40.7853164 5.70611097 -26.4783036
v 41.0161361 6.44238569 -27.021093
v 40.7853202 5.99968793 -26.187494
v 41.0161361 6.68065931 -26.5101105
v 45.5163344 6.44238379 -27.0210969
v 45.5163344 6.68066122 -26.5101105
v 41.0161361 6.44238569 -27.021093
v 40.7853164 6.75516131 -26.4783036
v 45.7471503 7.04874041 -26.1874978
v 45.7471503 6.75516131 -26.4783036
v 40.7853202 7.0487385 -26.187494
v 41.0161361 7.49143626 -27.021093
v 45.7471503 6.75516131 -26.4783036
v 45.5163344 7.49143412 -27.0210969
v 40.7853164 6.75516131 -26.4783036
v 45.5163344 7.49143412 -27.0210969
v 45.7471503 7.04874041 -26.1874978
v 45.5163344 7.72971155 -26.5101105
v 45.7471503 6.75516131 -26.4783036
v 45.5163344 7.72971155 -26.5101105
v 40.7853202 7.0487385 -26.187494
v 41.0161361 7.72970965 -26.5101105
v 45.7471503 7.04874041 -26.1874978
v 41.0161361 7.72970965 -26.5101105
v 40.7853164 6.75516131 -26.4783036
v 41.0161361 7.49143626 -27.021093
v 40.7853202 7.0487385 -26.187494
v 41.0161361 7.72970965 -26.5101105
v 45.5163344 7.49143412 -27.0210969
v 45.5163344 7.72971155 -26.5101105
v 41.0161361 7.49143626 -27.021093
v 40.7853164 7.80833628 -26.4783036
v 45.7471503 8.10191538 -26.1874978
v 45.7471503 7.80833628 -26.4783036
v 40.7853202 8.10191347 -26.187494
v 41.0161361 8.544611 -27.021093
v 45.7471503 7.80833628 -26.4783036
v 45.5163344 8.54460909 -27.0210969
v 40.7853164 7.80833628 -26.4783036
v 45.5163344 8.54460909 -27.0210969
v 45.7471503 8.10191538 -26.1874978
v 45.5163344 8.78288653 -26.5101105
v 45.7471503 7.80833628 -26.4783036
v 45.5163344 8.78288653 -26.5101105
v 40.7853202 8.10191347 -26.187494
v 41.0161361 8.78288462 -26.5101105
v 45.7471503 8.10191538 -26.1874978
v 41.0161361 8.78288462 -26.5101105
v 40.7853164 7.80833628 -26.4783036
v 41.0161361 8.544611 -27.021093
v 40.7853202 8.10191347 -26.187494
v 41.0161361 8.78288462 -26.5101105
v 45.5163344 8.54460909 -27.0210969
v 45.5163344 8.78288653 -26.5101105
v 41.0161361 8.544611 -27.021093
v 40.7853164 9.40646793 -26.4783036
v 45.7471503 9.70004704 -26.1874978
v 45.7471503 9.40646793 -26.4783036
v 40.7853202 9.70004513 -26.187494
v 41.0161361 10.1427427 -27.021093
v 45.7471503 9.40646793 -26.4783036
v 45.5163344 10.1427403 -27.0210969
v 40.7853164 9.40646793 -26.4783036
v 45.5163344 10.1427403 -27.0210969
v 45.7471503 9.70004704 -26.1874978
v 45.5163344 10.3810182 -26.5101105
v 45.7471503 9.40646793 -26.4783036
v 45.5163344 10.3810182 -26.5101105
v 40.7853202 9.70004513 -26.187494
v 41.0161361 10.3810158 -26.5101105
v 45.7471503 9.70004704 -26.1874978
v 41.0161361 10.3810158 -26.5101105
v 40.7853164 9.40646793 -26.4783036
v 41.0161361 10.1427427 -27.021093
v 40.7853202 9.70004513 -26.187494
v 41.0161361 10.3810158 -26.5101105
v 45.5163344 10.1427403 -27.0210969
v 45.5163344 10.3810182 -26.5101105
v 41.0161361 10.1427427 -27.021093
v 40.7853164 10.4555178 -26.4783036
v 45.7471503 10.7490974 -26.1874978
v 45.7471503 10.4555178 -26.4783036
v 40.7853202 10.749095 -26.187494
v 41.0161361 11.1917939 -27.021093
v 45.7471503 10.4555178 -26.4783036
v 45.5163344 11.1917911 -27.0210969
v 40.7853164 10.4555178 -26.4783036
v 45.5163344 11.1917911 -27.0210969
v 45.7471503 10.7490974 -26.1874978
v 45.5163344 11.4300685 -26.5101105
v 45.7471503 10.4555178 -26.4783036
v 45.5163344 11.4300685 -26.5101105
v 40.7853202 10.749095 -26.187494
v 41.0161361 11.4300661 -26.5101105
v 45.7471503 10.7490974 -26.1874978
v 41.0161361 11.4300661 -26.5101105
v 40.7853164 10.4555178 -26.4783036
v 41.0161361 11.1917939 -27.021093
v 40.7853202 10.749095 -26.187494
v 41.0161361 11.4300661 -26.5101105
v 45.5163344 11.1917911 -27.0210969
v 45.5163344 11.4300685 -26.5101105
v 41.0161361 11.1917939 -27.021093
v 40.7853164 11.5086928 -26.4783036
v 45.7471503 11.8022723 -26.1874978
v 45.7471503 11.5086928 -26.4783036
v 40.7853202 11.80227 -26.187494
v 41.0161361 12.2449677 -27.021093
v 45.7471503 11.5086928 -26.4783036
v 45.5163344 12.2449658 -27.0210969
v 40.7853164 11.5086928 -26.4783036
v 45.5163344 12.2449658 -27.0210969
v 45.7471503 11.8022723 -26.1874978
v 45.5163344 12.4832423 -26.5101105
v 45.7471503 11.5086928 -26.4783036
v 45.5163344 12.4832423 -26.5101105
v 40.7853202 11.80227 -26.187494
v 41.0161361 12.4832413 -26.5101105
v 45.7471503 11.8022723 -26.1874978
v 41.0161361 12.4832413 -26.5101105
v 40.7853164 11.5086928 -26.4783036
v 41.0161361 12.2449677 -27.021093
v 40.7853202 11.80227 -26.187494
v 41.0161361 12.4832413 -26.5101105
v 45.5163344 12.2449658 -27.0210969
v 45.5163344 12.4832423 -26.5101105
v 41.0161361 12.2449677 -27.021093
v 40.7853164 13.1334346 -26.4783036
v 45.7471503 13.4270127 -26.1874978
v 45.7471503 13.1334346 -26.4783036
v 40.7853202 13.4270117 -26.187494
v 41.0161361 13.8697093 -27.021093
v 45.7471503 13.1334346 -26.4783036
v 45.5163344 13.8697064 -27.0210969
v 40.7853164 13.1334346 -26.4783036
v 45.5163344 13.8697064 -27.0210969
v 45.7471503 13.4270127 -26.1874978
v 45.5163344 14.1079848 -26.5101105
v 45.7471503 13.1334346 -26.4783036
v 45.5163344 14.1079848 -26.5101105
v 40.7853202 13.4270117 -26.187494
v 41.0161361 14.1079819 -26.5101105
v 45.7471503 13.4270127 -26.1874978
v 41.0161361 14.1079819 -26.5101105
v 40.7853164 13.1334346 -26.4783036
v 41.0161361 13.8697093 -27.021093
v 40.7853202 13.4270117 -26.187494
v 41.0161361 14.1079819 -26.5101105
v 45.5163344 13.8697064 -27.0210969
v 45.5163344 14.1079848 -26.5101105
v 41.0161361 13.8697093 -27.021093
v 40.7853164 14.1824839 -26.4783036
v 45.7471503 14.476064 -26.1874978
v 45.7471503 14.1824839 -26.4783036
v 40.7853202 14.4760611 -26.187494
v 41.0161361 14.9187596 -27.021093
v 45.7471503 14.1824839 -26.4783036
v 45.5163344 14.9187577 -27.0210969
v 40.7853164 14.1824839 -26.4783036
v 45.5163344 14.9187577 -27.0210969
v 45.7471503 14.476064 -26.1874978
v 45.5163344 15.1570351 -26.5101105
v 45.7471503 14.1824839 -26.4783036
v 45.5163344 15.1570351 -26.5101105
v 40.7853202 14.4760611 -26.187494
v 41.0161361 15.1570323 -26.5101105
v 45.7471503 14.476064 -26.1874978
v 41.0161361 15.1570323 -26.5101105
v 40.7853164 14.1824839 -26.4783036
v 41.0161361 14.9187596 -27.021093
v 40.7853202 14.4760611 -26.187494
v 41.0161361 15.1570323 -26.5101105
v 45.5163344 14.9187577 -27.0210969
v 45.5163344 15.1570351 -26.5101105
v 41.0161361 14.9187596 -27.021093
v 40.7853164 15.2356589 -26.4783036
v 45.7471503 15.529239 -26.1874978
v 45.7471503 15.2356589 -26.4783036
v 40.7853202 15.5292371 -26.187494
v 41.0161361 15.9719346 -27.021093
v 45.7471503 15.2356589 -26.4783036
v 45.5163344 15.9719327 -27.0210969
v 40.7853164 15.2356589 -26.4783036
v 45.5163344 15.9719327 -27.0210969
v 45.7471503 15.529239 -26.1874978
v 45.5163344 16.2102092 -26.5101105
v 45.7471503 15.2356589 -26.4783036
v 45.5163344 16.2102092 -26.5101105
v 40.7853202 15.5292371 -26.187494
v 41.0161361 16.2102072 -26.5101105
v 45.7471503 15.529239 -26.1874978
v 41.0161361 16.2102072 -26.5101105
v 40.7853164 15.2356589 -26.4783036
v 41.0161361 15.9719346 -27.021093
v 40.7853202 15.5292371 -26.187494
v 41.0161361 16.2102072 -26.5101105
v 45.5163344 15.9719327 -27.0210969
v 45.5163344 16.2102092 -26.5101105
v 41.0161361 15.9719346 -27.021093
vt 1.7860415 0.621212244
vt 1.68876553 0.601091981
vt 1.68876576 0.621212244
vt 1.7860415 0.601091981
vt 1.67203355 0.601091981
vt 1.67203355 0.621212244
vt 1.65530133 0.601091981
vt 1.65530133 0.621212244
vt 1.65530133 0.621212244
vt 1.63856936 0.601091981
vt 1.63856936 0.621212244
vt 1.65530133 0.601091981
vt 1.62183738 0.601091981
vt 1.62183738 0.621212244
vt 1.41170454 0.601091981
vt 1.41170454 0.621212244
vt 1.47514594 0.496458411
vt 1.515571 0.382992983
vt 1.47514594 0.382992983
vt 1.515571 0.500975847
vt 1.47514594 0.505493283
vt 1.47514594 0.514528036
vt 1.515571 0.528080285
vt 1.47514594 0.523562908
vt 1.47514594 0.532597661
vt 1.47514594 0.585123718
vt 1.515571 0.585123718
vt 1.7860415 0.621212244
vt 1.68876553 0.601091981
vt 1.68876576 0.621212244
vt 1.7860415 0.601091981
vt 1.67203355 0.601091981
vt 1.67203355 0.621212244
vt 1.65530133 0.601091981
vt 1.65530133 0.621212244
vt 1.65530133 0.621212244
vt 1.63856936 0.601091981
vt 1.63856936 0.621212244
vt 1.65530133 0.601091981
vt 1.62183738 0.601091981
vt 1.62183738 0.621212244
vt 1.41170454 0.601091981
vt 1.41170454 0.621212244
vt 1.47514594 0.496458411
vt 1.515571 0.382992983
vt 1.47514594 0.382992983
vt 1.515571 0.500975847
vt 1.47514594 0.505493283
vt 1.47514594 0.514528036
vt 1.515571 0.528080285
vt 1.47514594 0.523562908
vt 1.47514594 0.532597661
vt 1.47514594 0.585123718
vt 1.515571 0.585123718
vt 1.47514594 0.496458411
vt 1.515571 0.382992983
vt 1.515571 0.500975847
vt 1.47514594 0.382992983
vt 1.47514594 0.505493283
vt 1.47514594 0.514528036
vt 1.515571 0.528080285
vt 1.47514594 0.523562908
vt 1.47514594 0.532597661
vt 1.47514594 0.585123718
vt 1.515571 0.585123718
vt 0.0792225674 0.89217031
vt 0.305032492 0.702685833
vt 0.305030227 0.891603351
vt 0.0792225227 0.703262746
vt 0.110389486 0.670278788
vt 0.2727741 0.670896828
vt 0.272225052 0.922184229
vt 0.110933706 0.922760963
vt 0.305030227 0.891603351
vt 0.295332432 0.960036337
vt 0.272225052 0.922184229
vt 0.343535841 0.91370976
vt 0.110389486 0.670278788
vt 0.295332193 0.632614195
vt 0.2727741 0.670896828
vt 0.0894111842 0.632631719
vt 0.110389486 0.670278788
vt 0.0412075222 0.678969085
vt 0.0894111842 0.632631719
vt 0.0792225227 0.703262746
vt 0.2727741 0.670896828
vt 0.343542695 0.678828835
vt 0.305032492 0.702685833
vt 0.295332193 0.632614195
vt 0.305032492 0.702685833
vt 0.343535841 0.91370976
vt 0.305030227 0.891603351
vt 0.343542695 0.678828835
vt 0.272225052 0.922184229
vt 0.0894113481 0.960031033
vt 0.110933706 0.922760963
vt 0.295332432 0.960036337
vt 0.110933706 0.922760963
vt 0.0412007049 0.9138062
vt 0.0792225674 0.89217031
vt 0.0894113481 0.960031033
vt 0.0792225674 0.89217031
vt 0.0412075222 0.678969085
vt 0.0792225227 0.703262746
vt 0.0412007049 0.9138062
vt 0.967847884 0.297114342
vt 0.492759407 0.351721287
vt 0.967847884 0.351721287
vt 0.492759407 0.297114342
vt 0.967847764 0.351721287
vt 0.492759287 0.589623272
vt 0.967847764 0.589623272
vt 0.492759287 0.351721287
vt 0.967847764 0.297114342
vt 0.492759287 0.351721287
vt 0.967847764 0.351721287
vt 0.492759287 0.297114342
vt 0.967847764 0.297114342
vt 0.492759228 0.351721287
vt 0.967847764 0.351721287
vt 0.492759287 0.297114342
vt 0.967847764 0.351721287
vt 0.492759347 0.589623272
vt 0.967847884 0.589623272
vt 0.492759228 0.351721287
vt 0.967847884 0.351721287
vt 0.492759407 0.589623272
vt 0.967847884 0.589623272
vt 0.492759407 0.351721287
vt 0.967847884 0.297114342
vt 0.492759407 0.351721287
vt 0.967847884 0.351721287
vt 0.492759407 0.297114342
vt 0.967847884 0.351721287
vt 0.492759287 0.589623272
vt 0.967847764 0.589623272
vt 0.492759407 0.351721287
vt 0.0792225674 0.89217031
vt 0.305032492 0.702685833
vt 0.305030227 0.891603351
vt 0.0792225227 0.703262746
vt 0.110389486 0.670278788
vt 0.2727741 0.670896828
vt 0.272225052 0.922184229
vt 0.110933706 0.922760963
vt 0.305030227 0.891603351
vt 0.295332432 0.960036337
vt 0.272225052 0.922184229
vt 0.343535841 0.91370976
vt 0.110389486 0.670278788
vt 0.295332193 0.632614195
vt 0.2727741 0.670896828
vt 0.0894111842 0.632631719
vt 0.110389486 0.670278788
vt 0.0412075222 0.678969085
vt 0.0894111842 0.632631719
vt 0.0792225227 0.703262746
vt 0.2727741 0.670896828
vt 0.343542695 0.678828835
vt 0.305032492 0.702685833
vt 0.295332193 0.632614195
vt 0.305032492 0.702685833
vt 0.343535841 0.91370976
vt 0.305030227 0.891603351
vt 0.343542695 0.678828835
vt 0.272225052 0.922184229
vt 0.0894113481 0.960031033
vt 0.110933706 0.922760963
vt 0.295332432 0.960036337
vt 0.110933706 0.922760963
vt 0.0412007049 0.9138062
vt 0.0792225674 0.89217031
vt 0.0894113481 0.960031033
vt 0.0792225674 0.89217031
vt 0.0412075222 0.678969085
vt 0.0792225227 0.703262746
vt 0.0792225674 0.89217031
vt 0.0412007049 0.9138062
vt 0.0412075222 0.678969085
vt 0.967847884 0.297114342
vt 0.492759407 0.351721287
vt 0.967847884 0.351721287
vt 0.492759407 0.297114342
vt 0.967847764 0.351721287
vt 0.492759287 0.589623272
vt 0.967847764 0.589623272
vt 0.492759287 0.351721287
vt 0.967847764 0.297114342
vt 0.492759287 0.351721287
vt 0.967847764 0.351721287
vt 0.492759287 0.297114342
vt 0.967847764 0.297114342
vt 0.492759228 0.351721287
vt 0.967847764 0.351721287
vt 0.967847764 0.297114342
vt 0.492759287 0.297114342
vt 0.492759228 0.351721287
vt 0.967847764 0.351721287
vt 0.492759347 0.589623272
vt 0.967847884 0.589623272
vt 0.492759228 0.351721287
vt 0.967847884 0.351721287
vt 0.492759407 0.589623272
vt 0.967847884 0.589623272
vt 0.492759407 0.351721287
vt 0.967847884 0.297114342
vt 0.492759407 0.351721287
vt 0.967847884 0.351721287
vt 0.492759407 0.297114342
vt 0.967847884 0.351721287
vt 0.492759287 0.589623272
vt 0.967847764 0.589623272
vt 0.492759407 0.351721287
vt 0.411769807 0.801583469
vt 0.438436508 0.625241041
vt 0.411769807 0.625241041
vt 0.438436508 0.801583469
vt 0.525347888 0.677529454
vt 0.441178024 0.996701241
vt 0.525347888 0.996701241
vt 0.441178083 0.677529454
vt 0.439485848 0.931153834
vt 0.409644306 0.831641197
vt 0.409644306 0.931153774
vt 0.439485848 0.831641197
vt 0.525347888 0.677529454
vt 0.441178024 0.996701241
vt 0.525347888 0.996701241
vt 0.441178024 0.677529454
vt 0.439286292 0.931153834
vt 0.409444809 0.831641197
vt 0.409444809 0.931153774
vt 0.439286292 0.831641197
vt 0.525347888 0.996701241
vt 0.525347888 0.677529454
vt 0.525347888 0.677529454
vt 0.525347888 0.996701241
vt 0.411769807 0.801583469
vt 0.438436508 0.625241041
vt 0.411769807 0.625241041
vt 0.438436508 0.801583469
vt 0.525347888 0.677529454
vt 0.441178024 0.996701241
vt 0.525347888 0.996701241
vt 0.441178083 0.677529454
vt 0.439485848 0.931153834
vt 0.409644306 0.831641197
vt 0.409644306 0.931153774
vt 0.439485848 0.831641197
vt 0.525347888 0.677529454
vt 0.441178024 0.996701241
vt 0.525347888 0.996701241
vt 0.441178024 0.677529454
vt 0.439286292 0.931153834
vt 0.409444809 0.831641197
vt 0.409444809 0.931153774
vt 0.439286292 0.831641197
vt 0.525347888 0.996701241
vt 0.525347888 0.677529454
vt 0.525347888 0.677529454
vt 0.525347888 0.996701241
vt 0.411769807 0.801583469
vt 0.438436508 0.625241041
vt 0.411769807 0.625241041
vt 0.438436508 0.801583469
vt 0.525347888 0.677529454
vt 0.441178024 0.996701241
vt 0.525347888 0.996701241
vt 0.441178083 0.677529454
vt 0.439485848 0.931153834
vt 0.409644306 0.831641197
vt 0.409644306 0.931153774
vt 0.439485848 0.831641197
vt 0.525347888 0.677529454
vt 0.441178024 0.996701241
vt 0.525347888 0.996701241
vt 0.441178024 0.677529454
vt 0.439286292 0.931153834
vt 0.409444809 0.831641197
vt 0.409444809 0.931153774
vt 0.439286292 0.831641197
vt 0.525347888 0.996701241
vt 0.525347888 0.677529454
vt 0.525347888 0.677529454
vt 0.525347888 0.996701241
vt 0.411769807 0.801583469
vt 0.438436508 0.625241041
vt 0.411769807 0.625241041
vt 0.438436508 0.801583469
vt 0.525347888 0.677529454
vt 0.441178024 0.996701241
vt 0.525347888 0.996701241
vt 0.441178083 0.677529454
vt 0.439485848 0.931153834
vt 0.409644306 0.831641197
vt 0.409644306 0.931153774
vt 0.439485848 0.831641197
vt 0.525347888 0.677529454
vt 0.441178024 0.996701241
vt 0.525347888 0.996701241
vt 0.441178024 0.677529454
vt 0.439286292 0.931153834
vt 0.409444809 0.831641197
vt 0.409444809 0.931153774
vt 0.439286292 0.831641197
vt 0.525347888 0.996701241
vt 0.525347888 0.677529454
vt 0.525347888 0.677529454
vt 0.525347888 0.996701241
vt 0.411769807 0.801583469
vt 0.438436508 0.625241041
vt 0.411769807 0.625241041
vt 0.438436508 0.801583469
vt 0.525347888 0.677529454
vt 0.441178024 0.996701241
vt 0.525347888 0.996701241
vt 0.441178083 0.677529454
vt 0.439485848 0.931153834
vt 0.409644306 0.831641197
vt 0.409644306 0.931153774
vt 0.439485848 0.831641197
vt 0.525347888 0.677529454
vt 0.441178024 0.996701241
vt 0.525347888 0.996701241
vt 0.441178024 0.677529454
vt 0.439286292 0.931153834
vt 0.409444809 0.831641197
vt 0.409444809 0.931153774
vt 0.439286292 0.831641197
vt 0.525347888 0.996701241
vt 0.525347888 0.677529454
vt 0.525347888 0.677529454
vt 0.525347888 0.996701241
vt 0.411769807 0.801583469
vt 0.438436508 0.625241041
vt 0.411769807 0.625241041
vt 0.438436508 0.801583469
vt 0.525347888 0.677529454
vt 0.441178024 0.996701241
vt 0.525347888 0.996701241
vt 0.441178083 0.677529454
vt 0.439485848 0.931153834
vt 0.409644306 0.831641197
vt 0.409644306 0.931153774
vt 0.439485848 0.831641197
vt 0.525347888 0.677529454
vt 0.441178024 0.996701241
vt 0.525347888 0.996701241
vt 0.441178024 0.677529454
vt 0.439286292 0.931153834
vt 0.409444809 0.831641197
vt 0.409444809 0.931153774
vt 0.439286292 0.831641197
vt 0.525347888 0.996701241
vt 0.525347888 0.677529454
vt 0.525347888 0.677529454
vt 0.525347888 0.996701241
vt 0.411769807 0.801583469
vt 0.438436508 0.625241041
vt 0.411769807 0.625241041
vt 0.438436508 0.801583469
vt 0.525347888 0.677529454
vt 0.441178024 0.996701241
vt 0.525347888 0.996701241
vt 0.441178083 0.677529454
vt 0.439485848 0.931153834
vt 0.409644306 0.831641197
vt 0.409644306 0.931153774
vt 0.439485848 0.831641197
vt 0.525347888 0.677529454
vt 0.441178024 0.996701241
vt 0.525347888 0.996701241
vt 0.441178024 0.677529454
vt 0.439286292 0.931153834
vt 0.409444809 0.831641197
vt 0.409444809 0.931153774
vt 0.439286292 0.831641197
vt 0.525347888 0.996701241
vt 0.525347888 0.677529454
vt 0.525347888 0.677529454
vt 0.525347888 0.996701241
vt 0.411769807 0.801583469
vt 0.438436508 0.625241041
vt 0.411769807 0.625241041
vt 0.438436508 0.801583469
vt 0.525347888 0.677529454
vt 0.441178024 0.996701241
vt 0.525347888 0.996701241
vt 0.441178083 0.677529454
vt 0.439485848 0.931153834
vt 0.409644306 0.831641197
vt 0.409644306 0.931153774
vt 0.439485848 0.831641197
vt 0.525347888 0.677529454
vt 0.441178024 0.996701241
vt 0.525347888 0.996701241
vt 0.441178024 0.677529454
vt 0.439286292 0.931153834
vt 0.409444809 0.831641197
vt 0.409444809 0.931153774
vt 0.439286292 0.831641197
vt 0.525347888 0.996701241
vt 0.525347888 0.677529454
vt 0.525347888 0.677529454
vt 0.525347888 0.996701241
vt 0.411769807 0.801583469
vt 0.438436508 0.625241041
vt 0.411769807 0.625241041
vt 0.438436508 0.801583469
vt 0.525347888 0.677529454
vt 0.441178024 0.996701241
vt 0.525347888 0.996701241
vt 0.441178083 0.677529454
vt 0.439485848 0.931153834
vt 0.409644306 0.831641197
vt 0.409644306 0.931153774
vt 0.439485848 0.831641197
vt 0.525347888 0.677529454
vt 0.441178024 0.996701241
vt 0.525347888 0.996701241
vt 0.441178024 0.677529454
vt 0.439286292 0.931153834
vt 0.409444809 0.831641197
vt 0.409444809 0.931153774
vt 0.439286292 0.831641197
vt 0.525347888 0.996701241
vt 0.525347888 0.677529454
vt 0.525347888 0.677529454
vt 0.525347888 0.996701241
vn 0 -0.0156627912 0.999877331
vn 0 0.153748184 0.988110063
vn 0 0.153748184 0.988110063
vn 0 -0.0156627912 0.999877331
vn 0 0.634860982 0.772626387
vn 0 0.634860982 0.772626387
vn 0 0.868055874 0.496466514
vn 0 0.868055874 0.496466514
vn 0 -0.8680559 0.496466469
vn 0 -0.634861306 0.772626121
vn 0 -0.634861306 0.772626121
vn 0 -0.8680559 0.496466469
vn 0 -0.158126653 0.987418838
vn 0 -0.158126595 0.987418847
vn 0 0.0067988677 0.999976887
vn 0 0.00679886816 0.999976887
vn -1 0 0
vn -1 0 0
vn -1 0 0
vn -1 0 0
vn -1 0 0
vn -1 0 0
vn -1 0 0
vn -1 0 0
vn -1 0 0
vn -1 0 0
vn -1 0 0
vn 0 -0.0156627912 0.999877331
vn 0 0.153748169 0.988110065
vn 0 0.153748169 0.988110065
vn 0 -0.0156627912 0.999877331
vn 0 0.634861011 0.772626363
vn 0 0.634861011 0.772626363
vn 0 0.868055874 0.496466514
vn 0 0.868055874 0.496466514
vn 0 -0.868055874 0.496466514
vn 0 -0.634861277 0.772626145
vn 0 -0.634861277 0.772626145
vn 0 -0.868055874 0.496466514
vn 0 -0.158126653 0.987418838
vn 0 -0.158126581 0.98741885
vn 0 0.00679886677 0.999976887
vn 0 0.0067988663 0.999976887
vn -1 0 0
vn -1 0 0
vn -1 0 0
vn -1 0 0
vn -1 0 0
vn -1 0 0
vn -1 0 0
vn -1 0 0
vn -1 0 0
vn -1 0 0
vn -1 0 0
vn 1 0 0
vn 1 0 0
vn 1 0 0
vn 1 0 0
vn 1 0 0
vn 1 0 0
vn 1 0 0
vn 1 0 0
vn 1 0 0
vn 1 0 0
vn 1 0 0
vn 0 -2.22044605e-16 1
vn 0 -2.22044605e-16 1
vn 0 -2.22044605e-16 1
vn 0 -2.22044605e-16 1
vn 0 -2.22044605e-16 1
vn 0 -2.22044605e-16 1
vn 0 -2.22044605e-16 1
vn 0 -2.22044605e-16 1
vn -0.554462528 -0.479841978 0.679943366
vn -0.554462481 -0.479842027 0.679943369
vn -0.554462497 -0.479841982 0.679943389
vn -0.554462505 -0.479841959 0.679943398
vn 0.785057974 -0.00113569283 0.619421253
vn 0.785057974 -0.00113569295 0.619421253
vn 0.785057974 -0.00113569283 0.619421253
vn 0.785057974 -0.00113569283 0.619421253
vn 0.542621269 0.494964046 0.678655105
vn 0.542621333 0.49496405 0.678655051
vn 0.542621295 0.494964075 0.678655063
vn 0.542621269 0.494964046 0.678655105
vn 0.545112701 -0.481787501 0.686099808
vn 0.545112679 -0.481787482 0.686099839
vn 0.545112701 -0.481787501 0.686099808
vn 0.545112701 -0.481787501 0.686099808
vn 0 -0.745199482 0.666841609
vn 0 -0.745199512 0.666841576
vn 0 -0.745199482 0.666841609
vn 0 -0.745199482 0.666841609
vn -0.788318873 -0.0012365988 0.615265655
vn -0.788318889 -0.00123659875 0.615265634
vn -0.788318844 -0.00123659875 0.615265692
vn -0.788318873 -0.0012365988 0.615265655
vn -0.559083412 0.489800708 0.668970108
vn -0.559083393 0.489800743 0.668970097
vn -0.559083459 0.489800659 0.668970104
vn -0.559083434 0.489800727 0.668970075
vn 0 0.749874163 0.661580486
vn 0 0.749874134 0.661580519
vn 0 0.749874163 0.661580486
vn 0 0.749874163 0.661580486
vn -0.752057305 -0.659097724 -1.46349094e-16
vn -0.752057305 -0.659097724 -1.46349094e-16
vn -0.752057305 -0.659097724 -1.46349094e-16
vn -0.752057305 -0.659097724 -1.46349094e-16
vn 0.999999989 0.000145540979 3.23165891e-20
vn 0.999999989 0.000145540979 3.23165891e-20
vn 0.999999989 0.000145540979 3.23165891e-20
vn 0.999999989 0.000145540979 3.23165891e-20
vn 0.751982689 0.659182854 1.46367996e-16
vn 0.751982689 0.659182854 1.46367996e-16
vn 0.751982689 0.659182854 1.46367996e-16
vn 0.751982689 0.659182854 1.46367996e-16
vn 0.753024894 -0.657992028 -1.4610358e-16
vn 0.753024868 -0.657992058 -1.46103587e-16
vn 0.753024868 -0.657992058 -1.46103587e-16
vn 0.753024868 -0.657992058 -1.46103587e-16
vn 0 -1 -2.22044605e-16
vn 0 -1 -2.22044605e-16
vn 0 -1 -2.22044605e-16
vn 0 -1 -2.22044605e-16
vn -0.999999997 -8.0114223e-05 -1.7788931e-20
vn -0.999999997 -8.0114223e-05 -1.7788931e-20
vn -0.999999997 -8.0114223e-05 -1.7788931e-20
vn -0.999999997 -8.0114223e-05 -1.7788931e-20
vn -0.752998211 0.658022564 1.4611036e-16
vn -0.752998211 0.658022564 1.4611036e-16
vn -0.752998211 0.658022564 1.4611036e-16
vn -0.752998211 0.658022564 1.4611036e-16
vn 0 1 2.22044605e-16
vn 0 1 2.22044605e-16
vn 0 1 2.22044605e-16
vn 0 1 2.22044605e-16
vn 0 -2.22044605e-16 1
vn 0 -2.22044605e-16 1
vn 0 -2.22044605e-16 1
vn 0 -2.22044605e-16 1
vn 0 -2.22044605e-16 1
vn 0 -2.22044605e-16 1
vn 0 -2.22044605e-16 1
vn 0 -2.22044605e-16 1
vn -0.554462574 -0.479841609 0.679943589
vn -0.554462597 -0.479841629 0.679943557
vn -0.554462574 -0.479841609 0.679943589
vn -0.554462574 -0.479841609 0.679943589
vn 0.785058003 -0.00113569252 0.619421216
vn 0.785057945 -0.00113569256 0.61942129
vn 0.785058003 -0.00113569264 0.619421216
vn 0.785057974 -0.0011356926 0.619421253
vn 0.542621247 0.494964026 0.678655137
vn 0.542621269 0.494964046 0.678655105
vn 0.542621269 0.494964046 0.678655105
vn 0.542621235 0.494964039 0.678655137
vn 0.545112317 -0.481787157 0.686100355
vn 0.54511232 -0.481787212 0.686100314
vn 0.545112362 -0.481787196 0.686100292
vn 0.54511232 -0.481787212 0.686100314
vn 0 -0.745199172 0.666841956
vn 0 -0.745199149 0.666841982
vn 0 -0.745199172 0.666841956
vn 0 -0.745199172 0.666841956
vn -0.788318873 -0.00123659903 0.615265655
vn -0.788318889 -0.0012365991 0.615265634
vn -0.788318844 -0.00123659899 0.615265692
vn -0.788318873 -0.00123659903 0.615265655
vn -0.559083412 0.489800708 0.668970108
vn -0.559083393 0.489800743 0.668970097
vn -0.559083459 0.489800659 0.668970104
vn -0.559083434 0.489800727 0.668970075
vn 0 0.749874219 0.661580423
vn 0 0.749874189 0.661580456
vn 0 0.749874163 0.661580486
vn 0 0.749874219 0.661580423
vn 0 0.749874189 0.661580456
vn 0 0.749874189 0.661580456
vn -0.752057058 -0.659098006 -1.46349156e-16
vn -0.752057058 -0.659098006 -1.46349156e-16
vn -0.752057058 -0.659098006 -1.46349156e-16
vn -0.752057058 -0.659098006 -1.46349156e-16
vn 0.999999989 0.000145540979 3.23165891e-20
vn 0.999999989 0.000145540979 3.23165891e-20
vn 0.999999989 0.000145540979 3.23165891e-20
vn 0.999999989 0.000145540979 3.23165891e-20
vn 0.751982719 0.65918282 1.46367989e-16
vn 0.751982719 0.65918282 1.46367989e-16
vn 0.751982719 0.65918282 1.46367989e-16
vn 0.751982719 0.65918282 1.46367989e-16
vn 0.753025093 -0.6579918 -1.46103529e-16
vn 0.753025119 -0.657991771 -1.46103523e-16
vn 0.753025119 -0.657991771 -1.46103523e-16
vn 0.753025093 -0.6579918 -1.46103529e-16
vn 0.753025089 -0.657991805 -1.4610353e-16
vn 0.753025119 -0.657991771 -1.46103523e-16
vn 0 -1 -2.22044605e-16
vn 0 -1 -2.22044605e-16
vn 0 -1 -2.22044605e-16
vn 0 -1 -2.22044605e-16
vn -0.999999997 -8.01142157e-05 -1.77889294e-20
vn -0.999999997 -8.01142084e-05 -1.77889278e-20
vn -0.999999997 -8.01142084e-05 -1.77889278e-20
vn -0.999999997 -8.01142157e-05 -1.77889294e-20
vn -0.752998241 0.65802253 1.46110353e-16
vn -0.752998241 0.65802253 1.46110353e-16
vn -0.752998241 0.65802253 1.46110353e-16
vn -0.752998241 0.65802253 1.46110353e-16
vn 0 1 2.22044605e-16
vn 0 1 2.22044605e-16
vn 0 1 2.22044605e-16
vn 0 1 2.22044605e-16
vn 0 -0.703749156 0.710448539
vn 0 -0.703749185 0.710448509
vn 0 -0.703749156 0.710448539
vn 0 -0.703749156 0.710448539
vn 0 -0.593393065 -0.804912834
vn 0 -0.593393026 -0.804912863
vn 0 -0.593393026 -0.804912863
vn 0 -0.593393026 -0.804912863
vn 0.963415331 0.22334339 -0.148150704
vn 0.963415334 0.223343376 -0.148150704
vn 0.963415334 0.223343376 -0.148150704
vn 0.963415334 0.223343376 -0.148150704
vn 0 0.428141902 0.90371152
vn 0 0.428141881 0.90371153
vn 0 0.428141856 0.903711542
vn 0 0.428141856 0.903711542
vn -0.96341479 0.223347559 -0.148147935
vn -0.963414787 0.223347573 -0.148147935
vn -0.963414794 0.22334756 -0.148147906
vn -0.96341479 0.223347559 -0.148147935
vn 0 0.906308071 -0.422617652
vn 0 0.906308094 -0.422617603
vn 0 0.906308083 -0.422617627
vn 0 0.906308071 -0.422617652
vn 0 -0.70374667 0.710451001
vn 0 -0.70374664 0.71045103
vn 0 -0.70374667 0.710451001
vn 0 -0.70374664 0.71045103
vn 0 -0.593392959 -0.804912912
vn 0 -0.593392959 -0.804912912
vn 0 -0.59339292 -0.804912941
vn 0 -0.593392959 -0.804912912
vn 0.963415239 0.223343337 -0.148151379
vn 0.963415242 0.223343322 -0.148151379
vn 0.963415241 0.223343337 -0.148151364
vn 0.963415241 0.223343337 -0.148151364
vn 0 0.428139878 0.903712479
vn 0 0.428139878 0.903712479
vn 0 0.428139854 0.90371249
vn 0 0.428139903 0.903712467
vn -0.963414795 0.223347547 -0.148147918
vn -0.96341479 0.223347559 -0.148147935
vn -0.96341479 0.223347559 -0.148147935
vn -0.963414798 0.223347533 -0.148147918
vn 0 0.90630815 -0.422617484
vn 0 0.90630815 -0.422617484
vn 0 0.906308138 -0.422617508
vn 0 0.90630815 -0.422617484
vn 0 -0.70374667 0.710451001
vn 0 -0.70374664 0.71045103
vn 0 -0.70374667 0.710451001
vn 0 -0.70374664 0.71045103
vn 0 -0.593393065 -0.804912834
vn 0 -0.593393026 -0.804912863
vn 0 -0.593393026 -0.804912863
vn 0 -0.593393026 -0.804912863
vn 0.963415239 0.223343337 -0.148151379
vn 0.963415242 0.223343322 -0.148151379
vn 0.963415241 0.223343337 -0.148151364
vn 0.963415241 0.223343337 -0.148151364
vn 0 0.428139878 0.903712479
vn 0 0.428139878 0.903712479
vn 0 0.428139854 0.90371249
vn 0 0.428139903 0.903712467
vn -0.963414788 0.223347529 -0.148147994
vn -0.963414779 0.223347556 -0.148148008
vn -0.963414788 0.223347529 -0.148147994
vn -0.963414788 0.223347529 -0.148147994
vn 0 0.906308071 -0.422617652
vn 0 0.906308094 -0.422617603
vn 0 0.906308083 -0.422617627
vn 0 0.906308071 -0.422617652
vn 0 -0.70374667 0.710451001
vn 0 -0.70374664 0.71045103
vn 0 -0.70374667 0.710451001
vn 0 -0.70374664 0.71045103
vn 0 -0.59339316 -0.804912764
vn 0 -0.59339316 -0.804912764
vn 0 -0.59339316 -0.804912764
vn 0 -0.593393199 -0.804912735
vn 0.96341522 0.223343332 -0.14815151
vn 0.963415223 0.223343318 -0.14815151
vn 0.963415218 0.223343332 -0.148151525
vn 0.96341522 0.223343332 -0.14815151
vn 0 0.428139951 0.903712444
vn 0 0.428139951 0.903712444
vn 0 0.428139951 0.903712444
vn 0 0.428139976 0.903712433
vn -0.963414771 0.223347644 -0.148147932
vn -0.963414765 0.223347657 -0.148147946
vn -0.963414771 0.223347644 -0.148147932
vn -0.963414765 0.223347657 -0.148147946
vn 0 0.906308071 -0.422617652
vn 0 0.906308071 -0.422617652
vn 0 0.906308083 -0.422617627
vn 0 0.906308071 -0.422617652
vn 0 -0.703746371 0.710451297
vn 0 -0.703746371 0.710451297
vn 0 -0.703746401 0.710451267
vn 0 -0.703746371 0.710451297
vn 0 -0.593392613 -0.804913167
vn 0 -0.593392575 -0.804913195
vn 0 -0.593392613 -0.804913167
vn 0 -0.593392575 -0.804913195
vn 0.963415256 0.223343221 -0.148151441
vn 0.963415258 0.223343222 -0.148151426
vn 0.963415253 0.223343235 -0.148151441
vn 0.96341525 0.22334325 -0.14815144
vn 0 0.428139854 0.90371249
vn 0 0.42813983 0.903712502
vn 0 0.42813983 0.903712502
vn 0 0.428139854 0.90371249
vn -0.963414839 0.223347572 -0.148147597
vn -0.963414833 0.223347586 -0.148147611
vn -0.963414837 0.223347572 -0.148147611
vn -0.963414842 0.223347558 -0.148147597
vn 0 0.906308568 -0.422616588
vn 0 0.906308579 -0.422616563
vn 0 0.906308568 -0.422616588
vn 0 0.906308568 -0.422616588
vn 0 -0.703746371 0.710451297
vn 0 -0.703746371 0.710451297
vn 0 -0.703746401 0.710451267
vn 0 -0.703746371 0.710451297
vn 0 -0.59339292 -0.804912941
vn 0 -0.59339292 -0.804912941
vn 0 -0.59339292 -0.804912941
vn 0 -0.593392959 -0.804912912
vn 0.963415208 0.223343491 -0.148151348
vn 0.963415205 0.223343505 -0.148151347
vn 0.963415205 0.223343505 -0.148151347
vn 0.9634152 0.223343519 -0.148151361
vn 0 0.428140121 0.903712364
vn 0 0.428140145 0.903712353
vn 0 0.428140121 0.903712364
vn 0 0.428140121 0.903712364
vn -0.963414802 0.223347489 -0.148147963
vn -0.963414803 0.223347504 -0.148147934
vn -0.963414807 0.223347476 -0.148147949
vn -0.963414807 0.223347476 -0.148147949
vn 0 0.906308399 -0.42261695
vn 0 0.906308399 -0.42261695
vn 0 0.90630841 -0.422616926
vn 0 0.90630841 -0.422616926
vn 0 -0.703747239 0.710450437
vn 0 -0.703747209 0.710450467
vn 0 -0.703747269 0.710450408
vn 0 -0.703747239 0.710450437
vn 0 -0.593393276 -0.804912678
vn 0 -0.593393276 -0.804912678
vn 0 -0.593393276 -0.804912678
vn 0 -0.593393276 -0.804912678
vn 0.963415243 0.223343338 -0.14815135
vn 0.963415238 0.223343351 -0.148151364
vn 0.963415247 0.223343323 -0.14815135
vn 0.963415238 0.223343351 -0.148151364
vn 0 0.428139878 0.903712479
vn 0 0.428139878 0.903712479
vn 0 0.428139903 0.903712467
vn 0 0.428139903 0.903712467
vn -0.963414752 0.223347774 -0.148147855
vn -0.96341475 0.223347773 -0.148147869
vn -0.963414757 0.223347745 -0.14814787
vn -0.963414753 0.223347759 -0.14814787
vn 0 0.906308071 -0.422617652
vn 0 0.906308071 -0.422617652
vn 0 0.906308083 -0.422617627
vn 0 0.906308071 -0.422617652
vn 0 -0.703746101 0.710451564
vn 0 -0.703746071 0.710451594
vn 0 -0.703746101 0.710451564
vn 0 -0.703746101 0.710451564
vn 0 -0.593392536 -0.804913224
vn 0 -0.593392536 -0.804913224
vn 0 -0.593392575 -0.804913195
vn 0 -0.593392536 -0.804913224
vn 0.963415272 0.223343121 -0.148151488
vn 0.963415278 0.223343107 -0.148151474
vn 0.963415269 0.223343135 -0.148151488
vn 0.96341527 0.22334312 -0.148151503
vn 0 0.428139878 0.903712479
vn 0 0.428139878 0.903712479
vn 0 0.428139854 0.90371249
vn 0 0.428139903 0.903712467
vn -0.963414818 0.223347567 -0.148147742
vn -0.963414812 0.223347581 -0.148147756
vn -0.963414818 0.223347567 -0.148147742
vn -0.963414821 0.223347553 -0.148147743
vn 0 0.906308399 -0.42261695
vn 0 0.906308399 -0.42261695
vn 0 0.906308399 -0.42261695
vn 0 0.90630841 -0.422616926
vn 0 -0.703745472 0.710452187
vn 0 -0.703745503 0.710452157
vn 0 -0.703745503 0.710452157
vn 0 -0.703745503 0.710452157
vn 0 -0.593392536 -0.804913224
vn 0 -0.593392536 -0.804913224
vn 0 -0.593392575 -0.804913195
vn 0 -0.593392536 -0.804913224
vn 0.963415239 0.223343337 -0.148151379
vn 0.963415244 0.223343323 -0.148151365
vn 0.963415241 0.223343337 -0.148151364
vn 0.963415236 0.223343351 -0.148151378
vn 0 0.428140337 0.903712262
vn 0 0.428140337 0.903712262
vn 0 0.428140313 0.903712273
vn 0 0.428140337 0.903712262
vn -0.96341479 0.223347529 -0.14814798
vn -0.96341479 0.223347529 -0.14814798
vn -0.963414787 0.223347543 -0.148147979
vn -0.963414785 0.223347543 -0.148147994
vn 0 0.906308724 -0.422616252
vn 0 0.906308736 -0.422616227
vn 0 0.906308713 -0.422616276
vn 0 0.906308713 -0.422616276

g collision_PZ_item_15_1_submesh_0
usemtl collision_6
f 300/300/300 302/302/302 301/301/301
f 300/300/300 301/301/301 303/303/303
f 302/302/302 304/304/304 301/301/301
f 302/302/302 305/305/305 304/304/304
f 305/305/305 306/306/306 304/304/304
f 305/305/305 307/307/307 306/306/306
f 308/308/308 310/310/310 309/309/309
f 308/308/308 309/309/309 311/311/311
f 310/310/310 312/312/312 309/309/309
f 310/310/310 313/313/313 312/312/312
f 313/313/313 314/314/314 312/312/312
f 313/313/313 315/315/315 314/314/314
f 316/316/316 318/318/318 317/317/317
f 316/316/316 317/317/317 319/319/319
f 320/320/320 316/316/316 319/319/319
f 321/321/321 320/320/320 319/319/319
f 321/321/321 319/319/319 322/322/322
f 323/323/323 321/321/321 322/322/322
f 324/324/324 323/323/323 322/322/322
f 325/325/325 324/324/324 322/322/322
f 325/325/325 322/322/322 326/326/326
f 327/327/327 329/329/329 328/328/328
f 327/327/327 328/328/328 330/330/330
f 329/329/329 331/331/331 328/328/328
f 329/329/329 332/332/332 331/331/331
f 332/332/332 333/333/333 331/331/331
f 332/332/332 334/334/334 333/333/333
f 335/335/335 337/337/337 336/336/336
f 335/335/335 336/336/336 338/338/338
f 337/337/337 339/339/339 336/336/336
f 337/337/337 340/340/340 339/339/339
f 340/340/340 341/341/341 339/339/339
f 340/340/340 342/342/342 341/341/341
f 343/343/343 345/345/345 344/344/344
f 343/343/343 344/344/344 346/346/346
f 347/347/347 343/343/343 346/346/346
f 348/348/348 347/347/347 346/346/346
f 348/348/348 346/346/346 349/349/349
f 350/350/350 348/348/348 349/349/349
f 351/351/351 350/350/350 349/349/349
f 352/352/352 351/351/351 349/349/349
f 352/352/352 349/349/349 353/353/353
f 354/354/354 356/356/356 355/355/355
f 354/354/354 355/355/355 357/357/357
f 358/358/358 356/356/356 354/354/354
f 359/359/359 356/356/356 358/358/358
f 359/359/359 360/360/360 356/356/356
f 361/361/361 360/360/360 359/359/359
f 362/362/362 360/360/360 361/361/361
f 363/363/363 360/360/360 362/362/362
f 363/363/363 364/364/364 360/360/360
f 365/365/365 367/367/367 366/366/366
f 365/365/365 366/366/366 368/368/368
f 366/366/366 369/369/369 368/368/368
f 366/366/366 370/370/370 369/369/369
f 365/365/365 371/371/371 367/367/367
f 365/365/365 372/372/372 371/371/371
f 373/373/373 375/375/375 374/374/374
f 373/373/373 374/374/374 376/376/376
f 377/377/377 379/379/379 378/378/378
f 377/377/377 378/378/378 380/380/380
f 381/381/381 383/383/383 382/382/382
f 381/381/381 382/382/382 384/384/384
f 385/385/385 387/387/387 386/386/386
f 385/385/385 386/386/386 388/388/388
f 389/389/389 391/391/391 390/390/390
f 389/389/389 390/390/390 392/392/392
f 393/393/393 395/395/395 394/394/394
f 393/393/393 394/394/394 396/396/396
f 397/397/397 399/399/399 398/398/398
f 397/397/397 398/398/398 400/400/400
f 401/401/401 403/403/403 402/402/402
f 401/401/401 402/402/402 404/404/404
f 405/405/405 407/407/407 406/406/406
f 405/405/405 406/406/406 408/408/408
f 409/409/409 411/411/411 410/410/410
f 409/409/409 410/410/410 412/412/412
f 413/413/413 415/415/415 414/414/414
f 413/413/413 414/414/414 416/416/416
f 417/417/417 419/419/419 418/418/418
f 417/417/417 418/418/418 420/420/420
f 421/421/421 423/423/423 422/422/422
f 421/421/421 422/422/422 424/424/424
f 425/425/425 427/427/427 426/426/426
f 425/425/425 426/426/426 428/428/428
f 429/429/429 431/431/431 430/430/430
f 429/429/429 430/430/430 432/432/432
f 433/433/433 435/435/435 434/434/434
f 433/433/433 434/434/434 436/436/436
f 437/437/437 439/439/439 438/438/438
f 437/437/437 438/438/438 440/440/440
f 438/438/438 441/441/441 440/440/440
f 438/438/438 442/442/442 441/441/441
f 437/437/437 443/443/443 439/439/439
f 437/437/437 444/444/444 443/443/443
f 445/445/445 447/447/447 446/446/446
f 445/445/445 446/446/446 448/448/448
f 449/449/449 451/451/451 450/450/450
f 449/449/449 450/450/450 452/452/452
f 453/453/453 455/455/455 454/454/454
f 453/453/453 454/454/454 456/456/456
f 457/457/457 459/459/459 458/458/458
f 457/457/457 458/458/458 460/460/460
f 461/461/461 463/463/463 462/462/462
f 461/461/461 462/462/462 464/464/464
f 465/465/465 467/467/467 466/466/466
f 465/465/465 466/466/466 468/468/468
f 469/469/469 471/471/471 470/470/470
f 469/469/469 470/470/470 472/472/472
f 473/473/473 475/475/475 474/474/474
f 476/476/476 478/478/478 477/477/477
f 479/479/479 481/481/481 480/480/480
f 479/479/479 480/480/480 482/482/482
f 483/483/483 485/485/485 484/484/484
f 483/483/483 484/484/484 486/486/486
f 487/487/487 489/489/489 488/488/488
f 487/487/487 488/488/488 490/490/490
f 491/491/491 493/493/493 492/492/492
f 494/494/494 496/496/496 495/495/495
f 497/497/497 499/499/499 498/498/498
f 497/497/497 498/498/498 500/500/500
f 501/501/501 503/503/503 502/502/502
f 501/501/501 502/502/502 504/504/504
f 505/505/505 507/507/507 506/506/506
f 505/505/505 506/506/506 508/508/508
f 509/509/509 511/511/511 510/510/510
f 509/509/509 510/510/510 512/512/512
f 513/513/513 515/515/515 514/514/514
f 513/513/513 514/514/514 516/516/516
f 517/517/517 519/519/519 518/518/518
f 517/517/517 518/518/518 520/520/520
f 521/521/521 523/523/523 522/522/522
f 521/521/521 522/522/522 524/524/524
f 525/525/525 527/527/527 526/526/526
f 525/525/525 526/526/526 528/528/528
f 529/529/529 531/531/531 530/530/530
f 529/529/529 530/530/530 532/532/532
f 533/533/533 535/535/535 534/534/534
f 533/533/533 534/534/534 536/536/536
f 537/537/537 539/539/539 538/538/538
f 537/537/537 538/538/538 540/540/540
f 541/541/541 543/543/543 542/542/542
f 541/541/541 542/542/542 544/544/544
f 545/545/545 547/547/547 546/546/546
f 545/545/545 546/546/546 548/548/548
f 549/549/549 551/551/551 550/550/550
f 549/549/549 550/550/550 552/552/552
f 553/553/553 555/555/555 554/554/554
f 553/553/553 554/554/554 556/556/556
f 557/557/557 559/559/559 558/558/558
f 557/557/557 558/558/558 560/560/560
f 561/561/561 563/563/563 562/562/562
f 561/561/561 562/562/562 564/564/564
f 565/565/565 567/567/567 566/566/566
f 565/565/565 566/566/566 568/568/568
f 569/569/569 571/571/571 570/570/570
f 569/569/569 570/570/570 572/572/572
f 573/573/573 575/575/575 574/574/574
f 573/573/573 574/574/574 576/576/576
f 577/577/577 579/579/579 578/578/578
f 577/577/577 578/578/578 580/580/580
f 581/581/581 583/583/583 582/582/582
f 581/581/581 582/582/582 584/584/584
f 585/585/585 587/587/587 586/586/586
f 585/585/585 586/586/586 588/588/588
f 589/589/589 591/591/591 590/590/590
f 589/589/589 590/590/590 592/592/592
f 593/593/593 595/595/595 594/594/594
f 593/593/593 594/594/594 596/596/596
f 597/597/597 599/599/599 598/598/598
f 597/597/597 598/598/598 600/600/600
f 601/601/601 603/603/603 602/602/602
f 601/601/601 602/602/602 604/604/604
f 605/605/605 607/607/607 606/606/606
f 605/605/605 606/606/606 608/608/608
f 609/609/609 611/611/611 610/610/610
f 609/609/609 610/610/610 612/612/612
f 613/613/613 615/615/615 614/614/614
f 613/613/613 614/614/614 616/616/616
f 617/617/617 619/619/619 618/618/618
f 617/617/617 618/618/618 620/620/620
f 621/621/621 623/623/623 622/622/622
f 621/621/621 622/622/622 624/624/624
f 625/625/625 627/627/627 626/626/626
f 625/625/625 626/626/626 628/628/628
f 629/629/629 631/631/631 630/630/630
f 629/629/629 630/630/630 632/632/632
f 633/633/633 635/635/635 634/634/634
f 633/633/633 634/634/634 636/636/636
f 637/637/637 639/639/639 638/638/638
f 637/637/637 638/638/638 640/640/640
f 641/641/641 643/643/643 642/642/642
f 641/641/641 642/642/642 644/644/644
f 645/645/645 647/647/647 646/646/646
f 645/645/645 646/646/646 648/648/648
f 649/649/649 651/651/651 650/650/650
f 649/649/649 650/650/650 652/652/652
f 653/653/653 655/655/655 654/654/654
f 653/653/653 654/654/654 656/656/656
f 657/657/657 659/659/659 658/658/658
f 657/657/657 658/658/658 660/660/660
f 661/661/661 663/663/663 662/662/662
f 661/661/661 662/662/662 664/664/664
f 665/665/665 667/667/667 666/666/666
f 665/665/665 666/666/666 668/668/668
f 669/669/669 671/671/671 670/670/670
f 669/669/669 670/670/670 672/672/672
f 673/673/673 675/675/675 674/674/674
f 673/673/673 674/674/674 676/676/676
f 677/677/677 679/679/679 678/678/678
f 677/677/677 678/678/678 680/680/680
f 681/681/681 683/683/683 682/682/682
f 681/681/681 682/682/682 684/684/684
f 685/685/685 687/687/687 686/686/686
f 685/685/685 686/686/686 688/688/688
f 689/689/689 691/691/691 690/690/690
f 689/689/689 690/690/690 692/692/692
f 693/693/693 695/695/695 694/694/694
f 693/693/693 694/694/694 696/696/696
f 697/697/697 699/699/699 698/698/698
f 697/697/697 698/698/698 700/700/700
f 701/701/701 703/703/703 702/702/702
f 701/701/701 702/702/702 704/704/704
f 705/705/705 707/707/707 706/706/706
f 705/705/705 706/706/706 708/708/708
f 709/709/709 711/711/711 710/710/710
f 709/709/709 710/710/710 712/712/712
f 713/713/713 715/715/715 714/714/714
f 713/713/713 714/714/714 716/716/716
f 717/717/717 719/719/719 718/718/718
f 717/717/717 718/718/718 720/720/720
f 721/721/721 723/723/723 722/722/722
f 721/721/721 722/722/722 724/724/724
f 725/725/725 727/727/727 726/726/726
f 725/725/725 726/726/726 728/728/728

o collision_PZ_item_62
v -8.93052042 7.54201318 -22.0911844
v -0.348661784 7.54201318 -27.0906732
v -0.348661784 7.54201318 -22.0911844
v -8.93052042 7.54201318 -27.0906732
v -8.93052042 7.54201318 -27.0906732
v -21.9054378 4.8536842 -22.2157381
v -21.9025539 4.8536842 -27.30142
v -8.93052042 7.54201318 -22.0911844
v -8.93052042 7.54201318 -22.0911844
v -0.357954387 4.85390998 -22.1032255
v -21.9054378 4.8536842 -22.2157381
v -0.348661784 7.54201318 -22.0911844
v -21.9054378 4.8536842 -22.2157381
v -29.0400337 4.8536842 -27.3620031
v -21.9025539 4.8536842 -27.30142
v -29.05695 4.85368396 -22.3348825
v -36.8443912 4.8536842 -27.42259
v -35.2239689 4.85368396 -22.3348844
v -36.844395 4.85368396 -22.3348844
v -0.357954387 4.85390998 -22.1032255
v -21.9204773 -0.0957870365 -22.2250745
v -21.9054378 4.8536842 -22.2157381
v -0.357954387 -0.10535239 -22.1032236
v -29.05695 4.85368396 -22.3348825
v -28.5758823 -0.0957870365 -22.3348844
vt -0.919971049 0.285543114
vt -0.293391258 0.0172924083
vt -0.293391258 0.285543114
vt -0.915976465 0.0172924083
vt -0.915976465 0.0172924083
vt -0.293391258 0.285543114
vt -0.293391258 0.0172924083
vt -0.919971049 0.285543114
vt -0.311056614 0.380130053
vt 0.191593647 0.594777584
vt -1.07101202 0.594777584
vt 0.191593647 0.380130053
vt -0.293391258 0.285543114
vt -0.64568758 0.0172924083
vt -0.293391258 0.0172924083
vt -0.645694852 0.285543114
vt -0.986738145 0.0172924083
vt -0.916601479 0.285543114
vt -0.986738145 0.285543114
vt -1.06839979 0.5927459
vt 0.195057988 0.306082457
vt 0.194173813 0.592733145
vt -1.06839979 0.306082457
vt 0.609215498 0.592728734
vt 0.609215498 0.306082457
vn 0 1 2.22044605e-16
vn 0 1 2.22044605e-16
vn 0 1 2.22044605e-16
vn 0 1 2.22044605e-16
vn -0.202906098 0.979198199 -5.8025659e-05
vn -0.202906084 0.979198201 -5.80256555e-05
vn -0.202906098 0.979198199 -5.80256554e-05
vn -0.202906112 0.979198196 -5.80256552e-05
vn -0.00373366955 -0.0163857235 0.999858774
vn -0.00373366931 -0.0163857216 0.999858774
vn -0.00373366908 -0.0163857216 0.999858774
vn -0.00373366931 -0.0163857235 0.999858774
vn 0 1 2.22044605e-16
vn 0 1 2.22044605e-16
vn 0 1 2.22044605e-16
vn 0 1 2.22044605e-16
vn 0 1 2.22044605e-16
vn 0 1 2.22044605e-16
vn 0 1 2.22044605e-16
vn -0.00543652714 -0.00093378824 0.999984786
vn -0.00543652714 -0.000933788182 0.999984786
vn -0.00543652714 -0.000933788182 0.999984786
vn -0.00543652714 -0.000933788182 0.999984786
vn -0.0165802752 -0.00172381636 0.999861052
vn -0.016580277 -0.00172381647 0.999861052

g collision_PZ_item_62_submesh_0
usemtl collision_7
f 729/729/729 731/731/731 730/730/730
f 729/729/729 730/730/730 732/732/732
f 733/733/733 735/735/735 734/734/734
f 733/733/733 734/734/734 736/736/736
f 737/737/737 739/739/739 738/738/738
f 737/737/737 738/738/738 740/740/740
f 741/741/741 743/743/743 742/742/742
f 741/741/741 742/742/742 744/744/744
f 744/744/744 742/742/742 745/745/745
f 744/744/744 745/745/745 746/746/746
f 746/746/746 745/745/745 747/747/747
f 748/748/748 750/750/750 749/749/749
f 748/748/748 749/749/749 751/751/751
f 752/752/752 749/749/749 750/750/750
f 752/752/752 753/753/753 749/749/749

o collision_PZ_item_47
v 4.01423264 0.888487651 19.6281051
v 1.07773304 0.888487651 20.3914012
v 1.0289526 0.888487651 20.0040568
v 4.06301308 0.888487651 20.0154456
v 4.01423264 -0.111512706 19.6281051
v 1.0289526 0.888487651 20.0040568
v 1.0289526 -0.111512706 20.0040568
v 4.01423264 0.888487651 19.6281051
v 1.0289526 -0.111512706 20.0040568
v 1.07773304 0.888487651 20.3914012
v 1.07773304 -0.111512706 20.3914012
v 1.0289526 0.888487651 20.0040568
v 1.07773304 -0.111512706 20.3914012
v 4.06301308 0.888487651 20.0154456
v 4.06301308 -0.111512706 20.0154456
v 1.07773304 0.888487651 20.3914012
v 4.06301308 -0.111512706 20.0154456
v 4.01423264 0.888487651 19.6281051
v 4.01423264 -0.111512706 19.6281051
v 4.06301308 0.888487651 20.0154456
vt 0.411769807 0.801583469
vt 0.438436508 0.625241041
vt 0.411769807 0.625241041
vt 0.438436508 0.801583469
vt 0.525347888 0.677529454
vt 0.441178024 0.996701241
vt 0.525347888 0.996701241
vt 0.441178083 0.677529454
vt 0.439485848 0.931153834
vt 0.409644306 0.831641197
vt 0.409644306 0.931153774
vt 0.439485848 0.831641197
vt 0.525347888 0.677529454
vt 0.441178024 0.996701241
vt 0.525347888 0.996701241
vt 0.441178024 0.677529454
vt 0.439286292 0.931153834
vt 0.409444809 0.831641197
vt 0.409444809 0.931153774
vt 0.439286292 0.831641197
vn 0 1 2.22044605e-16
vn 0 1 2.22044605e-16
vn 0 1 2.22044605e-16
vn 0 1 2.22044605e-16
vn -0.124948243 2.20304499e-16 -0.992163261
vn -0.124948243 2.20304499e-16 -0.992163261
vn -0.124948243 2.20304499e-16 -0.992163261
vn -0.124948243 2.20304499e-16 -0.992163261
vn -0.992163207 -2.77441778e-17 0.124948669
vn -0.992163207 -2.77441778e-17 0.124948669
vn -0.992163207 -2.77441778e-17 0.124948669
vn -0.992163207 -2.77441778e-17 0.124948669
vn 0.124949498 -2.20304464e-16 0.992163103
vn 0.124949498 -2.20304464e-16 0.992163103
vn 0.124949498 -2.20304464e-16 0.992163103
vn 0.124949498 -2.20304464e-16 0.992163103
vn 0.992163055 2.77444465e-17 -0.124949879
vn 0.992163055 2.77444465e-17 -0.124949879
vn 0.992163055 2.77444465e-17 -0.124949879
vn 0.992163055 2.77444465e-17 -0.124949879

g collision_PZ_item_47_submesh_0
usemtl collision_8
f 754/754/754 756/756/756 755/755/755
f 754/754/754 755/755/755 757/757/757
f 758/758/758 760/760/760 759/759/759
f 758/758/758 759/759/759 761/761/761
f 762/762/762 764/764/764 763/763/763
f 762/762/762 763/763/763 765/765/765
f 766/766/766 768/768/768 767/767/767
f 766/766/766 767/767/767 769/769/769
f 770/770/770 772/772/772 771/771/771
f 770/770/770 771/771/771 773/773/773

o collision_PZ_item_006
v 35.0680389 -0.0957883967 -26.9743109
v 40.4875603 8.49260195 -26.9743109
v 40.4875603 -0.0957883967 -26.9743109
v 35.0680389 8.49260195 -26.9743109
v 23.2655678 -0.0957883967 -26.9743109
v 23.2655678 8.49260195 -26.9743109
v 11.4630976 -0.0957883967 -26.9743109
v 11.4630976 8.49260195 -26.9743109
v -0.339372264 -0.0957883967 -26.9743109
v -0.339372264 8.49260195 -26.9743109
v -12.0919399 -0.0957883967 -26.9743109
v -12.0919399 8.49260195 -26.9743109
v -23.8445072 -0.0957883967 -26.9743109
v -23.8445072 8.49260195 -26.9743109
v -35.5970764 -0.0957883967 -26.9743109
v -35.5970764 8.49260195 -26.9743109
v -47.3496437 -0.0957883967 -26.9743109
v -47.3496437 8.49260195 -26.9743109
v 46.8705101 8.49260195 -26.9743109
v 40.4875603 8.86467703 -26.9743109
v 46.8705101 8.86467703 -26.9743109
v 40.4875603 8.49260195 -26.9743109
v -0.339372264 8.49260195 -26.9743109
v -12.0919399 8.86467703 -26.9743109
v -0.339372264 8.86467703 -26.9743109
v -12.0919399 8.49260195 -26.9743109
v -23.8445072 8.86467703 -26.9743109
v -23.8445072 8.49260195 -26.9743109
v -35.5970764 8.86467703 -26.9743109
v -35.5970764 8.49260195 -26.9743109
v -47.3496437 8.86467703 -26.9743109
v -47.3496437 8.49260195 -26.9743109
v 11.4630976 8.49260195 -26.9743109
v 11.4630976 8.86467703 -26.9743109
v 23.2655678 8.49260195 -26.9743109
v 23.2655678 8.86467703 -26.9743109
v 35.0680389 8.49260195 -26.9743109
v 35.0680389 8.86467703 -26.9743109
v 40.4875603 8.86467703 -26.9743109
v 40.4875603 8.49260195 -26.9743109
v 46.8705101 8.86467703 -26.9743109
v 40.4875603 17.0809904 -26.9743109
v 46.8705101 17.0809904 -26.9743109
v 40.4875603 8.86467703 -26.9743109
v -0.339372264 8.86467703 -26.9743109
v -12.0919399 17.0809904 -26.9743109
v -0.339372264 17.0809904 -26.9743109
v -12.0919399 8.86467703 -26.9743109
v -23.8445072 17.0809904 -26.9743109
v -23.8445072 8.86467703 -26.9743109
v -35.5970764 17.0809904 -26.9743109
v -35.5970764 8.86467703 -26.9743109
v -47.3496437 17.0809904 -26.9743109
v -47.3496437 8.86467703 -26.9743109
v 11.4630976 8.86467703 -26.9743109
v 11.4630976 17.0809904 -26.9743109
v 23.2655678 8.86467703 -26.9743109
v 23.2655678 17.0809904 -26.9743109
v 35.0680389 8.86467703 -26.9743109
v 35.0680389 17.0809904 -26.9743109
v 40.4875603 17.0809904 -26.9743109
v 40.4875603 8.86467703 -26.9743109
v 40.4875603 -0.0957883967 -26.9743109
v 46.8705101 8.49260195 -26.9743109
v 46.8705101 -0.0957883967 -26.9743109
v 40.4875603 8.49260195 -26.9743109
vt 1.57318354 0.584461868
vt 1.51681411 0.374681473
vt 1.51681411 0.584461868
vt 1.57318354 0.374681473
vt 1.695943 0.584461868
vt 1.695943 0.374681473
vt 1.81870246 0.584461868
vt 1.81870246 0.374681473
vt 1.94146204 0.584461868
vt 1.94146204 0.374681473
vt 2.06370258 0.584461868
vt 2.06370258 0.374681473
vt 2.18594313 0.584461868
vt 2.18594313 0.374681473
vt 2.30818343 0.584461868
vt 2.30818343 0.374681473
vt 2.43042397 0.584461868
vt 2.43042397 0.374681473
vt 1.78644919 0.258061588
vt 1.7471348 0.0627925768
vt 1.7471348 0.258061588
vt 1.78644919 0.0627925768
vt 1.94146204 0.319413781
vt 2.06370258 0.301371098
vt 1.94146204 0.301371098
vt 2.06370258 0.319413781
vt 2.18594313 0.301371098
vt 2.18594313 0.319413781
vt 2.30818343 0.301371098
vt 2.30818343 0.319413781
vt 2.43042397 0.301371098
vt 2.43042397 0.319413781
vt 1.81870246 0.319413781
vt 1.81870246 0.301371098
vt 1.695943 0.319413781
vt 1.695943 0.301371098
vt 1.57318354 0.319413781
vt 1.57318354 0.301371098
vt 1.51681411 0.301371098
vt 1.51681411 0.319413781
vt 1.73809481 0.284337819
vt 1.00580835 0.0415213108
vt 1.00580835 0.284337819
vt 1.73809528 0.0415213108
vt 1.94146204 0.585123777
vt 2.06370258 0.37501961
vt 1.94146204 0.37501961
vt 2.06370258 0.585123777
vt 2.18594313 0.37501961
vt 2.18594313 0.585123777
vt 2.30818343 0.37501961
vt 2.30818343 0.585123777
vt 2.43042397 0.37501961
vt 2.43042397 0.585123777
vt 1.81870246 0.585123777
vt 1.81870246 0.37501961
vt 1.695943 0.585123777
vt 1.695943 0.37501961
vt 1.57318354 0.585123777
vt 1.57318354 0.37501961
vt 1.51681411 0.37501964
vt 1.51681411 0.585123777
vt 1.73578787 0.0415213108
vt 1.00463009 0.284337819
vt 1.73578787 0.284337819
vt 1.00463009 0.0415213108
vn 0 -2.22044605e-16 1
vn 0 -2.22044605e-16 1
vn 0 -2.22044605e-16 1
vn 0 -2.22044605e-16 1
vn 0 -2.22044605e-16 1
vn 0 -2.22044605e-16 1
vn 0 -2.22044605e-16 1
vn 0 -2.22044605e-16 1
vn 0 -2.22044605e-16 1
vn 0 -2.22044605e-16 1
vn 0 -2.22044605e-16 1
vn 0 -2.22044605e-16 1
vn 0 -2.22044605e-16 1
vn 0 -2.22044605e-16 1
vn 0 -2.22044605e-16 1
vn 0 -2.22044605e-16 1
vn 0 -2.22044605e-16 1
vn 0 -2.22044605e-16 1
vn 0 -2.22044605e-16 1
vn 0 -2.22044605e-16 1
vn 0 -2.22044605e-16 1
vn 0 -2.22044605e-16 1
vn 0 -2.22044605e-16 1
vn 0 -2.22044605e-16 1
vn 0 -2.22044605e-16 1
vn 0 -2.22044605e-16 1
vn 0 -2.22044605e-16 1
vn 0 -2.22044605e-16 1
vn 0 -2.22044605e-16 1
vn 0 -2.22044605e-16 1
vn 0 -2.22044605e-16 1
vn 0 -2.22044605e-16 1
vn 0 -2.22044605e-16 1
vn 0 -2.22044605e-16 1
vn 0 -2.22044605e-16 1
vn 0 -2.22044605e-16 1
vn 0 -2.22044605e-16 1
vn 0 -2.22044605e-16 1
vn 0 -2.22044605e-16 1
vn 0 -2.22044605e-16 1
vn 0 -2.22044605e-16 1
vn 0 -2.22044605e-16 1
vn 0 -2.22044605e-16 1
vn 0 -2.22044605e-16 1
vn 0 -2.22044605e-16 1
vn 0 -2.22044605e-16 1
vn 0 -2.22044605e-16 1
vn 0 -2.22044605e-16 1
vn 0 -2.22044605e-16 1
vn 0 -2.22044605e-16 1
vn 0 -2.22044605e-16 1
vn 0 -2.22044605e-16 1
vn 0 -2.22044605e-16 1
vn 0 -2.22044605e-16 1
vn 0 -2.22044605e-16 1
vn 0 -2.22044605e-16 1
vn 0 -2.22044605e-16 1
vn 0 -2.22044605e-16 1
vn 0 -2.22044605e-16 1
vn 0 -2.22044605e-16 1
vn 0 -2.22044605e-16 1
vn 0 -2.22044605e-16 1
vn 0 -2.22044605e-16 1
vn 0 -2.22044605e-16 1
vn 0 -2.22044605e-16 1
vn 0 -2.22044605e-16 1

g collision_PZ_item_006_submesh_0
usemtl collision_9
f 774/774/774 776/776/776 775/775/775
f 774/774/774 775/775/775 777/777/777
f 778/778/778 774/774/774 777/777/777
f 778/778/778 777/777/777 779/779/779
f 780/780/780 778/778/778 779/779/779
f 780/780/780 779/779/779 781/781/781
f 782/782/782 780/780/780 781/781/781
f 782/782/782 781/781/781 783/783/783
f 784/784/784 782/782/782 783/783/783
f 784/784/784 783/783/783 785/785/785
f 786/786/786 784/784/784 785/785/785
f 786/786/786 785/785/785 787/787/787
f 788/788/788 786/786/786 787/787/787
f 788/788/788 787/787/787 789/789/789
f 790/790/790 788/788/788 789/789/789
f 790/790/790 789/789/789 791/791/791
f 792/792/792 794/794/794 793/793/793
f 792/792/792 793/793/793 795/795/795
f 796/796/796 798/798/798 797/797/797
f 796/796/796 797/797/797 799/799/799
f 799/799/799 797/797/797 800/800/800
f 799/799/799 800/800/800 801/801/801
f 801/801/801 800/800/800 802/802/802
f 801/801/801 802/802/802 803/803/803
f 803/803/803 802/802/802 804/804/804
f 803/803/803 804/804/804 805/805/805
f 806/806/806 798/798/798 796/796/796
f 806/806/806 807/807/807 798/798/798
f 808/808/808 807/807/807 806/806/806
f 808/808/808 809/809/809 807/807/807
f 810/810/810 809/809/809 808/808/808
f 810/810/810 811/811/811 809/809/809
f 812/812/812 811/811/811 810/810/810
f 812/812/812 810/810/810 813/813/813
f 814/814/814 816/816/816 815/815/815
f 814/814/814 815/815/815 817/817/817
f 818/818/818 820/820/820 819/819/819
f 818/818/818 819/819/819 821/821/821
f 821/821/821 819/819/819 822/822/822
f 821/821/821 822/822/822 823/823/823
f 823/823/823 822/822/822 824/824/824
f 823/823/823 824/824/824 825/825/825
f 825/825/825 824/824/824 826/826/826
f 825/825/825 826/826/826 827/827/827
f 828/828/828 820/820/820 818/818/818
f 828/828/828 829/829/829 820/820/820
f 830/830/830 829/829/829 828/828/828
f 830/830/830 831/831/831 829/829/829
f 832/832/832 831/831/831 830/830/830
f 832/832/832 833/833/833 831/831/831
f 834/834/834 833/833/833 832/832/832
f 834/834/834 832/832/832 835/835/835
f 836/836/836 838/838/838 837/837/837
f 836/836/836 837/837/837 839/839/839

o collision_PZ_item_10_1
v 27.8785399 -0.0957877436 -22.3348843
v 28.3596076 4.85368325 -22.3348824
v 28.3596076 4.85368325 -17.8586632
v 28.3596076 4.85368325 -11.153998
v 27.8785399 -0.0957877436 -1.39704099
v 28.3596076 4.85368301 -1.39704099
v 27.8785399 -0.0957877436 -1.39704099
v 28.3596076 4.85368301 -1.39704099
v 34.5490989 4.85368301 -1.39704099
v 40.738594 -0.0957877436 -1.39704099
v 40.738594 4.85368301 -1.39704099
v 28.3596076 4.85368325 -11.153998
v 34.5490989 4.85368301 -1.39704099
v 28.3596076 4.85368301 -1.39704099
v 34.5491065 4.85368325 -11.140967
v 40.738594 4.85368301 -1.39704099
v 40.6854133 -0.136166314 -3.42483679
v 40.738594 -0.0957877436 -1.39704099
v 40.7386016 4.85368325 -11.1279379
v 36.1470527 4.85368325 -22.3348843
v 40.7522162 4.85368325 -22.3579041
v 40.7385978 4.85368325 -17.803621
v 34.5491027 4.85368325 -17.8311421
v 40.7386016 4.85368325 -11.1279379
v 34.5491065 4.85368325 -11.140967
v 34.5266265 4.85368325 -22.3348843
v 34.5266265 4.85368325 -22.3348843
v 28.3596076 4.85368325 -17.8586632
v 28.3596076 4.85368325 -22.3348824
v 34.5491027 4.85368325 -17.8311421
v 28.3596076 4.85368325 -11.153998
v 34.5491065 4.85368325 -11.140967
v 34.5490989 4.85368301 -1.39704099
v 40.7386016 4.85368325 -11.1279379
v 40.738594 4.85368301 -1.39704099
v 34.5491065 4.85368325 -11.140967
vt 0.609215498 0.306082457
vt 0.609215498 0.592728734
vt 0.870634794 0.592728734
vt 1.26219952 0.592728794
vt 1.83202362 0.306082457
vt 1.83202362 0.592728853
vt 1.83202362 0.306082457
vt 1.83202362 0.592728853
vt 2.19972515 0.592728913
vt 2.56742668 0.306082457
vt 2.56742668 0.592728972
vt 1.00839221 0.0167702492
vt 1.72577417 0.274190068
vt 1.72577417 0.0167702492
vt 1.00757611 0.274190068
vt 2.56742668 0.592728972
vt 2.68624353 0.306082457
vt 2.56742668 0.306082457
vt 3.13357353 0.592729092
vt 1.71769607 0.203921825
vt 1.71769607 0.0167702492
vt 1.41988599 0.0167702492
vt 1.41988599 0.274190068
vt 1.00676024 0.0167702492
vt 1.00757611 0.274190068
vt 1.71769607 0.274190068
vt 1.71769607 0.274190068
vt 1.41988599 0.0167702492
vt 1.71769607 0.0167702492
vt 1.41988599 0.274190068
vt 1.00839221 0.0167702492
vt 1.00757611 0.274190068
vt 1.72577417 0.274190068
vt 1.00676024 0.0167702492
vt 1.72577417 0.0167702492
vt 1.00757611 0.274190068
vn -0.995309698 0.0967398886 2.14805703e-17
vn -0.995309696 0.0967399033 2.14805736e-17
vn -0.995309697 0.096739896 2.1480572e-17
vn -0.995309697 0.096739896 2.1480572e-17
vn -0.995309697 0.096739896 2.1480572e-17
vn -0.995309695 0.0967399107 2.14805753e-17
vn 0 -2.22044605e-16 1
vn 0 -2.22044605e-16 1
vn 0 -2.22044605e-16 1
vn 0 -2.22044605e-16 1
vn 0 -2.22044605e-16 1
vn 0 1 2.22044605e-16
vn 0 1 2.22044605e-16
vn 0 1 2.22044605e-16
vn 0 1 2.22044605e-16
vn 0.99995091 -0.00883199017 -0.00449147133
vn 0.99995091 -0.00883198924 -0.00449147086
vn 0.99995091 -0.00883198924 -0.00449147086
vn 0.99995091 -0.00883199017 -0.00449147133
vn 0 1 2.22044605e-16
vn 0 1 2.22044605e-16
vn 0 1 2.22044605e-16
vn 0 1 2.22044605e-16
vn 0 1 2.22044605e-16
vn 0 1 2.22044605e-16
vn 0 1 2.22044605e-16
vn 0 1 2.22044605e-16
vn 0 1 2.22044605e-16
vn 0 1 2.22044605e-16
vn 0 1 2.22044605e-16
vn 0 1 2.22044605e-16
vn 0 1 2.22044605e-16
vn 0 1 2.22044605e-16
vn 0 1 2.22044605e-16
vn 0 1 2.22044605e-16
vn 0 1 2.22044605e-16

g collision_PZ_item_10_1_submesh_0
usemtl collision_10
f 840/840/840 842/842/842 841/841/841
f 840/840/840 843/843/843 842/842/842
f 840/840/840 844/844/844 843/843/843
f 844/844/844 845/845/845 843/843/843
f 846/846/846 848/848/848 847/847/847
f 846/846/846 849/849/849 848/848/848
f 849/849/849 850/850/850 848/848/848
f 851/851/851 853/853/853 852/852/852
f 851/851/851 852/852/852 854/854/854
f 855/855/855 857/857/857 856/856/856
f 855/855/855 856/856/856 858/858/858
f 859/859/859 861/861/861 860/860/860
f 862/862/862 861/861/861 859/859/859
f 863/863/863 861/861/861 862/862/862
f 863/863/863 862/862/862 864/864/864
f 862/862/862 859/859/859 865/865/865
f 866/866/866 868/868/868 867/867/867
f 866/866/866 867/867/867 869/869/869
f 869/869/869 867/867/867 870/870/870
f 869/869/869 870/870/870 871/871/871
f 872/872/872 874/874/874 873/873/873
f 872/872/872 873/873/873 875/875/875

o collision_PZ_item_16
v -0.782079244 11.7049328 -27.0808094
v -0.782079244 12.4898893 -26.5299748
v -0.782079244 11.7049328 -26.5299748
v -0.782079244 12.4898893 -27.0808094
v -0.696648145 12.6367618 -27.0808094
v -0.696648145 12.6367618 -26.66973
v -0.782079244 11.7049328 -26.5299748
v -0.365453267 12.4898893 -26.3407658
v -0.365453267 11.7049328 -26.3407658
v -0.782079244 12.4898893 -26.5299748
v -0.696648145 12.6367618 -26.66973
v -0.365453267 12.6367618 -26.480522
v 0.0511727091 11.7049328 -26.5299748
v 0.0511727091 12.4898893 -27.0808094
v 0.0511727091 11.7049328 -27.0808094
v 0.0511727091 12.4898893 -26.5299748
v -0.0342583898 12.6367618 -26.66973
v -0.0342583898 12.6367618 -27.0808094
v -0.365453267 11.7049328 -26.3407658
v 0.0511727091 12.4898893 -26.5299748
v 0.0511727091 11.7049328 -26.5299748
v -0.365453267 12.4898893 -26.3407658
v -0.365453267 12.6367618 -26.480522
v -0.0342583898 12.6367618 -26.66973
v -0.696648145 12.6367618 -26.66973
v -0.696648145 17.1027881 -27.0808094
v -0.696648145 17.1027881 -26.66973
v -0.696648145 12.6367618 -27.0808094
v -0.365453267 12.6367618 -26.480522
v -0.696648145 17.1027881 -26.66973
v -0.365453267 17.1027881 -26.480522
v -0.696648145 12.6367618 -26.66973
v -0.0342583898 12.6367618 -27.0808094
v -0.0342583898 17.1027881 -26.66973
v -0.0342583898 17.1027881 -27.0808094
v -0.0342583898 12.6367618 -26.66973
v -0.0342583898 12.6367618 -26.66973
v -0.365453267 17.1027881 -26.480522
v -0.0342583898 17.1027881 -26.66973
v -0.365453267 12.6367618 -26.480522
v 0.188806986 11.7049328 -27.0808094
v 0.188806986 12.4898893 -26.5299748
v 0.188806986 11.7049328 -26.5299748
v 0.188806986 12.4898893 -27.0808094
v 0.274238085 12.6367618 -27.0808094
v 0.274238085 12.6367618 -26.66973
v 0.188806986 11.7049328 -26.5299748
v 0.605432963 12.4898893 -26.3407658
v 0.605432963 11.7049328 -26.3407658
v 0.188806986 12.4898893 -26.5299748
v 0.274238085 12.6367618 -26.66973
v 0.605432963 12.6367618 -26.480522
v 1.02205894 11.7049328 -26.5299748
v 1.02205894 12.4898893 -27.0808094
v 1.02205894 11.7049328 -27.0808094
v 1.02205894 12.4898893 -26.5299748
v 0.936627841 12.6367618 -26.66973
v 0.936627841 12.6367618 -27.0808094
v 0.605432963 11.7049328 -26.3407658
v 1.02205894 12.4898893 -26.5299748
v 1.02205894 11.7049328 -26.5299748
v 0.605432963 12.4898893 -26.3407658
v 0.605432963 12.6367618 -26.480522
v 0.936627841 12.6367618 -26.66973
v 0.274238085 12.6367618 -26.66973
v 0.274238085 17.1027881 -27.0808094
v 0.274238085 17.1027881 -26.66973
v 0.274238085 12.6367618 -27.0808094
v 0.605432963 12.6367618 -26.480522
v 0.274238085 17.1027881 -26.66973
v 0.605432963 17.1027881 -26.480522
v 0.274238085 12.6367618 -26.66973
v 0.936627841 12.6367618 -27.0808094
v 0.936627841 17.1027881 -26.66973
v 0.936627841 17.1027881 -27.0808094
v 0.936627841 12.6367618 -26.66973
v 0.936627841 12.6367618 -26.66973
v 0.605432963 17.1027881 -26.480522
v 0.936627841 17.1027881 -26.66973
v 0.605432963 12.6367618 -26.480522
v -1.76137307 11.7049328 -27.0808094
v -1.76137307 12.4898893 -26.5299748
v -1.76137307 11.7049328 -26.5299748
v -1.76137307 12.4898893 -27.0808094
v -1.67594197 12.6367618 -27.0808094
v -1.67594197 12.6367618 -26.66973
v -1.76137307 11.7049328 -26.5299748
v -1.34474733 12.4898893 -26.3407658
v -1.34474733 11.7049328 -26.3407658
v -1.76137307 12.4898893 -26.5299748
v -1.67594197 12.6367618 -26.66973
v -1.34474733 12.6367618 -26.480522
v -0.928121114 11.7049328 -26.5299748
v -0.928121114 12.4898893 -27.0808094
v -0.928121114 11.7049328 -27.0808094
v -0.928121114 12.4898893 -26.5299748
v -1.01355221 12.6367618 -26.66973
v -1.01355221 12.6367618 -27.0808094
v -1.34474733 11.7049328 -26.3407658
v -0.928121114 12.4898893 -26.5299748
v -0.928121114 11.7049328 -26.5299748
v -1.34474733 12.4898893 -26.3407658
v -1.34474733 12.6367618 -26.480522
v -1.01355221 12.6367618 -26.66973
v -1.67594197 12.6367618 -26.66973
v -1.67594197 17.1027881 -27.0808094
v -1.67594197 17.1027881 -26.66973
v -1.67594197 12.6367618 -27.0808094
v -1.34474733 12.6367618 -26.480522
v -1.67594197 17.1027881 -26.66973
v -1.34474733 17.1027881 -26.480522
v -1.67594197 12.6367618 -26.66973
v -1.01355221 12.6367618 -27.0808094
v -1.01355221 17.1027881 -26.66973
v -1.01355221 17.1027881 -27.0808094
v -1.01355221 12.6367618 -26.66973
v -1.01355221 12.6367618 -26.66973
v -1.34474733 17.1027881 -26.480522
v -1.01355221 17.1027881 -26.66973
v -1.34474733 12.6367618 -26.480522
v -0.696648383 16.6919948 -26.6806877
v -0.696648383 17.1030733 -8.42886336
v -0.696648383 16.6919948 -8.42886336
v -0.696648383 17.1030733 -26.6806877
v -0.365453267 16.5026638 -26.6806877
v -0.696648383 16.6919948 -8.42886336
v -0.365453267 16.5026638 -8.42886336
v -0.696648383 16.6919948 -26.6806877
v -0.0342583898 17.1030733 -26.6806877
v -0.0342583898 16.6919948 -8.42886336
v -0.0342583898 17.1030733 -8.42886336
v -0.0342583898 16.6919948 -26.6806877
v -0.0342583898 16.6919948 -26.6806877
v -0.365453267 16.5026638 -8.42886336
v -0.0342583898 16.6919948 -8.42886336
v -0.365453267 16.5026638 -26.6806877
v 0.274238324 16.6919948 -26.6806877
v 0.274238324 17.1030733 -8.42886336
v 0.274238324 16.6919948 -8.42886336
v 0.274238324 17.1030733 -26.6806877
v 0.605433201 16.5026638 -26.6806877
v 0.274238324 16.6919948 -8.42886336
v 0.60543344 16.5026638 -8.42886336
v 0.274238324 16.6919948 -26.6806877
v 0.936628318 17.1030733 -26.6806877
v 0.936628318 16.6919948 -8.42886336
v 0.936628318 17.1030733 -8.42886336
v 0.936628318 16.6919948 -26.6806877
v 0.936628318 16.6919948 -26.6806877
v 0.60543344 16.5026638 -8.42886336
v 0.936628318 16.6919948 -8.42886336
v 0.605433201 16.5026638 -26.6806877
v -1.67594197 16.6919948 -26.6806877
v -1.67594209 17.1030733 -8.42886336
v -1.67594209 16.6919948 -8.42886336
v -1.67594197 17.1030733 -26.6806877
v -1.34474781 16.5026638 -26.6806877
v -1.67594209 16.6919948 -8.42886336
v -1.34474804 16.5026638 -8.42886336
v -1.67594197 16.6919948 -26.6806877
v -1.01355221 17.1030733 -26.6806877
v -1.01355221 16.6919948 -8.42886336
v -1.01355221 17.1030733 -8.42886336
v -1.01355221 16.6919948 -26.6806877
v -1.01355221 16.6919948 -26.6806877
v -1.34474804 16.5026638 -8.42886336
v -1.01355221 16.6919948 -8.42886336
v -1.34474781 16.5026638 -26.6806877
v 9.90945528 16.6919967 2.2330858
v 12.6122055 17.1030752 2.2330858
v 12.6122055 16.6919967 2.2330858
v 9.90945528 17.1030752 2.2330858
v 9.90945528 16.5026638 1.90188806
v 12.6122055 16.6919967 2.2330858
v 12.6122055 16.5026638 1.90188806
v 9.90945528 16.6919967 2.2330858
v 9.90945528 17.1030752 1.57069414
v 12.6122055 16.6919967 1.57069414
v 12.6122055 17.1030752 1.57069414
v 9.90945528 16.6919967 1.57069414
v 9.90945528 16.6919967 1.57069414
v 12.6122055 16.5026638 1.90188806
v 12.6122055 16.6919967 1.57069414
v 9.90945528 16.5026638 1.90188806
v 9.90945528 16.6919967 1.26219957
v 12.6122055 17.1030752 1.26219957
v 12.6122055 16.6919967 1.26219957
v 9.90945528 17.1030752 1.26219957
v 9.90945528 16.5026638 0.931003741
v 12.6122055 16.6919967 1.26219957
v 12.6122055 16.5026638 0.931003741
v 9.90945528 16.6919967 1.26219957
v 9.90945528 17.1030752 0.599806002
v 12.6122055 16.6919967 0.599806002
v 12.6122055 17.1030752 0.599806002
v 9.90945528 16.6919967 0.599806002
v 9.90945528 16.6919967 0.599806002
v 12.6122055 16.5026638 0.931003741
v 12.6122055 16.6919967 0.599806002
v 9.90945528 16.5026638 0.931003741
v 9.90945528 16.6919967 3.21237772
v 12.6122055 17.1030752 3.21237772
v 12.6122055 16.6919967 3.21237772
v 9.90945528 17.1030752 3.21237772
v 9.90945528 16.5026638 2.88118379
v 12.6122055 16.6919967 3.21237772
v 12.6122055 16.5026638 2.88118379
v 9.90945528 16.6919967 3.21237772
v 9.90945528 17.1030752 2.54998987
v 12.6122055 16.6919967 2.54998987
v 12.6122055 17.1030752 2.54998987
v 9.90945528 16.6919967 2.54998987
v 9.90945528 16.6919967 2.54998987
v 12.6122055 16.5026638 2.88118379
v 12.6122055 16.6919967 2.54998987
v 9.90945528 16.5026638 2.88118379
v -13.2517481 16.6919986 2.21144502
v -10.6351624 17.103079 2.21144693
v -10.6351624 16.6920005 2.21144693
v -13.2517481 17.1030771 2.21144502
v -13.2517481 16.5026638 1.88024538
v -10.6351624 16.6920005 2.21144693
v -10.6351624 16.5026638 1.88024729
v -13.2517481 16.6919986 2.21144502
v -13.2517481 17.1030771 1.54905145
v -10.6351624 16.6920005 1.54905336
v -10.6351624 17.103079 1.54905336
v -13.2517481 16.6919986 1.54905145
v -13.2517481 16.6919986 1.54905145
v -10.6351624 16.5026638 1.88024729
v -10.6351624 16.6920005 1.54905336
v -13.2517481 16.5026638 1.88024538
v -13.2517481 16.6919986 1.24055498
v -10.6351624 17.103079 1.24055689
v -10.6351624 16.6920005 1.24055689
v -13.2517481 17.1030771 1.24055498
v -13.2517481 16.5026638 0.909359148
v -10.6351624 16.6920005 1.24055689
v -10.6351624 16.5026638 0.909361056
v -13.2517481 16.6919986 1.24055498
v -13.2517481 17.1030771 0.578165224
v -10.6351624 16.6920005 0.578167132
v -10.6351624 17.103079 0.578167132
v -13.2517481 16.6919986 0.578165224
v -13.2517481 16.6919986 0.578165224
v -10.6351624 16.5026638 0.909361056
v -10.6351624 16.6920005 0.578167132
v -13.2517481 16.5026638 0.909359148
v -13.2517481 16.6919986 3.19073503
v -10.6351624 17.103079 3.19073694
v -10.6351624 16.6920005 3.19073694
v -13.2517481 17.1030771 3.19073503
v -13.2517481 16.5026638 2.85954302
v -10.6351624 16.6920005 3.19073694
v -10.6351624 16.5026638 2.85954302
v -13.2517481 16.6919986 3.19073503
v -13.2517481 17.1030771 2.52834909
v -10.6351624 16.6920005 2.528351
v -10.6351624 17.103079 2.528351
v -13.2517481 16.6919986 2.52834909
v -13.2517481 16.6919986 2.52834909
v -10.6351624 16.5026638 2.85954302
v -10.6351624 16.6920005 2.528351
v -13.2517481 16.5026638 2.85954302
v 47.0020218 15.2397977 11.8737604
v 46.2170677 14.6889612 11.8737604
v 47.0020218 14.6889612 11.8737604
v 46.2170677 15.2397977 11.8737604
v 46.070198 15.2397977 11.9591905
v 46.070198 14.8287174 11.9591905
v 47.0020218 14.6889612 11.8737604
v 46.2170677 14.4997527 12.2903864
v 47.0020218 14.4997527 12.2903864
v 46.2170677 14.6889612 11.8737604
v 46.070198 14.8287174 11.9591905
v 46.070198 14.6395089 12.2903864
v 47.0020218 14.6889612 12.7070123
v 46.2170677 15.2397977 12.7070123
v 47.0020218 15.2397977 12.7070123
v 46.2170677 14.6889612 12.7070123
v 46.070198 14.8287174 12.6215784
v 46.070198 15.2397977 12.6215784
v 47.0020218 14.4997527 12.2903864
v 46.2170677 14.6889612 12.7070123
v 47.0020218 14.6889612 12.7070123
v 46.2170677 14.4997527 12.2903864
v 46.070198 14.6395089 12.2903864
v 46.070198 14.8287174 12.6215784
v 46.070198 14.8287174 11.9591905
v -46.5444718 15.2398035 21.4677545
v -46.5444718 14.828725 21.4677545
v 46.070198 15.2397977 11.9591905
v 46.070198 14.6395089 12.2903864
v -46.5444718 14.828725 21.4677545
v -46.5444718 14.6395146 21.7989466
v 46.070198 14.8287174 11.9591905
v 46.070198 15.2397977 12.6215784
v -46.5444718 14.828725 22.1301386
v -46.5444718 15.2398035 22.1301386
v 46.070198 14.8287174 12.6215784
v 46.070198 14.8287174 12.6215784
v -46.5444718 14.6395146 21.7989466
v -46.5444718 14.828725 22.1301386
v 46.070198 14.6395089 12.2903864
v 47.0020218 15.2397977 12.8446466
v 46.2170677 14.6889612 12.8446466
v 47.0020218 14.6889612 12.8446466
v 46.2170677 15.2397977 12.8446466
v 46.070198 15.2397977 12.9300768
v 46.070198 14.8287174 12.9300768
v 47.0020218 14.6889612 12.8446466
v 46.2170677 14.4997527 13.2612726
v 47.0020218 14.4997527 13.2612726
v 46.2170677 14.6889612 12.8446466
v 46.070198 14.8287174 12.9300768
v 46.070198 14.6395089 13.2612726
v 47.0020218 14.6889612 13.6778986
v 46.2170677 15.2397977 13.6778986
v 47.0020218 15.2397977 13.6778986
v 46.2170677 14.6889612 13.6778986
v 46.070198 14.8287174 13.5924646
v 46.070198 15.2397977 13.5924646
v 47.0020218 14.4997527 13.2612726
v 46.2170677 14.6889612 13.6778986
v 47.0020218 14.6889612 13.6778986
v 46.2170677 14.4997527 13.2612726
v 46.070198 14.6395089 13.2612726
v 46.070198 14.8287174 13.5924646
v 46.070198 14.8287174 12.9300768
v -46.5444718 15.2398035 22.4428446
v -46.5444718 14.828725 22.4428446
v 46.070198 15.2397977 12.9300768
v 46.070198 14.6395089 13.2612726
v -46.5444718 14.828725 22.4428446
v -46.5444718 14.6395146 22.7740366
v 46.070198 14.8287174 12.9300768
v 46.070198 15.2397977 13.5924646
v -46.5444718 14.828725 23.1052286
v -46.5444718 15.2398035 23.1052286
v 46.070198 14.8287174 13.5924646
v 46.070198 14.8287174 13.5924646
v -46.5444718 14.6395146 22.7740366
v -46.5444718 14.828725 23.1052286
v 46.070198 14.6395089 13.2612726
v 47.0020218 15.2397977 10.8944666
v 46.2170677 14.6889612 10.8944666
v 47.0020218 14.6889612 10.8944666
v 46.2170677 15.2397977 10.8944666
v 46.070198 15.2397977 10.9798929
v 46.070198 14.8287174 10.9798929
v 47.0020218 14.6889612 10.8944666
v 46.2170677 14.4997527 11.3110925
v 47.0020218 14.4997527 11.3110925
v 46.2170677 14.6889612 10.8944666
v 46.070198 14.8287174 10.9798929
v 46.070198 14.6395089 11.3110925
v 47.0020218 14.6889612 11.7277185
v 46.2170677 15.2397977 11.7277185
v 47.0020218 15.2397977 11.7277185
v 46.2170677 14.6889612 11.7277185
v 46.070198 14.8287174 11.6422846
v 46.070198 15.2397977 11.6422846
v 47.0020218 14.4997527 11.3110925
v 46.2170677 14.6889612 11.7277185
v 47.0020218 14.6889612 11.7277185
v 46.2170677 14.4997527 11.3110925
v 46.070198 14.6395089 11.3110925
v 46.070198 14.8287174 11.6422846
v 46.070198 14.8287174 10.9798929
v -46.5444718 15.2398035 20.4926645
v -46.5444718 14.828725 20.4926645
v 46.070198 15.2397977 10.9798929
v 46.070198 14.6395089 11.3110925
v -46.5444718 14.828725 20.4926645
v -46.5444718 14.6395146 20.8238565
v 46.070198 14.8287174 10.9798929
v 46.070198 15.2397977 11.6422846
v -46.5444718 14.828725 21.1550562
v -46.5444718 15.2398035 21.1550562
v 46.070198 14.8287174 11.6422846
v 46.070198 14.8287174 11.6422846
v -46.5444718 14.6395146 20.8238565
v -46.5444718 14.828725 21.1550562
v 46.070198 14.6395089 11.3110925
v -47.4762993 15.2398035 22.2155725
v -46.6913452 14.6889612 22.2155725
v -47.4762993 14.6889612 22.2155725
v -46.6913452 15.2398035 22.2155725
v -46.5444718 15.2398035 22.1301386
v -46.5444718 14.828725 22.1301386
v -47.4762993 14.6889612 22.2155725
v -46.6913452 14.4997679 21.7989466
v -47.4763069 14.4997679 21.7989466
v -46.6913452 14.6889612 22.2155725
v -46.5444718 14.828725 22.1301386
v -46.5444718 14.6395146 21.7989466
v -47.4762993 14.6889612 21.3823206
v -46.6913452 15.2398035 21.3823206
v -47.4762993 15.2398035 21.3823206
v -46.6913452 14.6889612 21.3823206
v -46.5444718 14.828725 21.4677545
v -46.5444718 15.2398035 21.4677545
v -47.4763069 14.4997679 21.7989466
v -46.6913452 14.6889612 21.3823206
v -47.4762993 14.6889612 21.3823206
v -46.6913452 14.4997679 21.7989466
v -46.5444718 14.6395146 21.7989466
v -46.5444718 14.828725 21.4677545
v -47.4762993 15.2398035 21.2446863
v -46.6913452 14.6889612 21.2446863
v -47.4762993 14.6889612 21.2446863
v -46.6913452 15.2398035 21.2446863
v -46.5444718 15.2398035 21.1550562
v -46.5444718 14.828725 21.1550562
v -47.4762993 14.6889612 21.2446863
v -46.6913452 14.4997679 20.8280603
v -47.4763069 14.4997679 20.8280603
v -46.6913452 14.6889612 21.2446863
v -46.5444718 14.828725 21.1550562
v -46.5444718 14.6395146 20.8238565
v -47.4762993 14.6889612 20.4114343
v -46.6913452 15.2398035 20.4114343
v -47.4762993 15.2398035 20.4114343
v -46.6913452 14.6889612 20.4114343
v -46.5444718 14.828725 20.4926645
v -46.5444718 15.2398035 20.4926645
v -47.4763069 14.4997679 20.8280603
v -46.6913452 14.6889612 20.4114343
v -47.4762993 14.6889612 20.4114343
v -46.6913452 14.4997679 20.8280603
v -46.5444718 14.6395146 20.8238565
v -46.5444718 14.828725 20.4926645
v -47.4762993 15.2398035 23.1948664
v -46.6913452 14.6889612 23.1948664
v -47.4762993 14.6889612 23.1948664
v -46.6913452 15.2398035 23.1948664
v -46.5444718 15.2398035 23.1052286
v -46.5444718 14.828725 23.1052286
v -47.4762993 14.6889612 23.1948664
v -46.6913452 14.4997679 22.7782404
v -47.4763069 14.4997679 22.7782404
v -46.6913452 14.6889612 23.1948664
v -46.5444718 14.828725 23.1052286
v -46.5444718 14.6395146 22.7740366
v -47.4762993 14.6889612 22.3616144
v -46.6913452 15.2398035 22.3616144
v -47.4762993 15.2398035 22.3616144
v -46.6913452 14.6889612 22.3616144
v -46.5444718 14.828725 22.4428446
v -46.5444718 15.2398035 22.4428446
v -47.4763069 14.4997679 22.7782404
v -46.6913452 14.6889612 22.3616144
v -47.4762993 14.6889612 22.3616144
v -46.6913452 14.4997679 22.7782404
v -46.5444718 14.6395146 22.7740366
v -46.5444718 14.828725 22.4428446
vt 0.518944204 0.716972888
vt 0.518944144 0.78891772
vt 0.518944204 0.716972888
vt 0.518944144 0.78891772
vt 0.518944144 0.824890196
vt 0.518944144 0.824890196
vt 0.518944204 0.716972888
vt 0.389869094 0.78891772
vt 0.389869153 0.716972828
vt 0.518944144 0.78891772
vt 0.518944144 0.824890196
vt 0.389869094 0.824890137
vt 0.518944204 0.716972888
vt 0.518944144 0.78891772
vt 0.518944204 0.716972888
vt 0.518944144 0.78891772
vt 0.518944144 0.824890196
vt 0.518944144 0.824890196
vt 0.389869153 0.716972828
vt 0.518944144 0.78891772
vt 0.518944204 0.716972888
vt 0.389869094 0.78891772
vt 0.389869094 0.824890137
vt 0.518944144 0.824890196
vt 0.342387915 0.992573142
vt 0.125016332 0.992573142
vt 0.125016332 0.992573142
vt 0.342387915 0.992573142
vt 0.342387915 0.980756283
vt 0.125016332 0.992573142
vt 0.125016421 0.980756283
vt 0.342387915 0.992573142
vt 0.342387915 0.992573142
vt 0.125016332 0.992573142
vt 0.125016332 0.992573142
vt 0.342387915 0.992573142
vt 0.342387915 0.992573142
vt 0.125016421 0.980756283
vt 0.125016332 0.992573142
vt 0.342387915 0.980756283
vt 0.518944204 0.716972888
vt 0.518944144 0.78891772
vt 0.518944204 0.716972888
vt 0.518944144 0.78891772
vt 0.518944144 0.824890196
vt 0.518944144 0.824890196
vt 0.518944204 0.716972888
vt 0.389869094 0.78891772
vt 0.389869153 0.716972828
vt 0.518944144 0.78891772
vt 0.518944144 0.824890196
vt 0.389869094 0.824890137
vt 0.518944204 0.716972888
vt 0.518944144 0.78891772
vt 0.518944204 0.716972888
vt 0.518944144 0.78891772
vt 0.518944144 0.824890196
vt 0.518944144 0.824890196
vt 0.389869153 0.716972828
vt 0.518944144 0.78891772
vt 0.518944204 0.716972888
vt 0.389869094 0.78891772
vt 0.389869094 0.824890137
vt 0.518944144 0.824890196
vt 0.342387915 0.992573142
vt 0.125016332 0.992573142
vt 0.125016332 0.992573142
vt 0.342387915 0.992573142
vt 0.342387915 0.980756283
vt 0.125016332 0.992573142
vt 0.125016421 0.980756283
vt 0.342387915 0.992573142
vt 0.342387915 0.992573142
vt 0.125016332 0.992573142
vt 0.125016332 0.992573142
vt 0.342387915 0.992573142
vt 0.342387915 0.992573142
vt 0.125016421 0.980756283
vt 0.125016332 0.992573142
vt 0.342387915 0.980756283
vt 0.518944204 0.716972888
vt 0.518944144 0.78891772
vt 0.518944204 0.716972888
vt 0.518944144 0.78891772
vt 0.518944144 0.824890196
vt 0.518944144 0.824890196
vt 0.518944204 0.716972888
vt 0.389869094 0.78891772
vt 0.389869153 0.716972828
vt 0.518944144 0.78891772
vt 0.518944144 0.824890196
vt 0.389869094 0.824890137
vt 0.518944204 0.716972888
vt 0.518944144 0.78891772
vt 0.518944204 0.716972888
vt 0.518944144 0.78891772
vt 0.518944144 0.824890196
vt 0.518944144 0.824890196
vt 0.389869153 0.716972828
vt 0.518944144 0.78891772
vt 0.518944204 0.716972888
vt 0.389869094 0.78891772
vt 0.389869094 0.824890137
vt 0.518944144 0.824890196
vt 0.342387915 0.992573142
vt 0.125016332 0.992573142
vt 0.125016332 0.992573142
vt 0.342387915 0.992573142
vt 0.342387915 0.980756283
vt 0.125016332 0.992573142
vt 0.125016421 0.980756283
vt 0.342387915 0.992573142
vt 0.342387915 0.992573142
vt 0.125016332 0.992573142
vt 0.125016332 0.992573142
vt 0.342387915 0.992573142
vt 0.342387915 0.992573142
vt 0.125016421 0.980756283
vt 0.125016332 0.992573142
vt 0.342387915 0.980756283
vt 0.342387915 0.992573142
vt 0.125016332 0.992573142
vt 0.125016332 0.992573142
vt 0.342387915 0.992573142
vt 0.342387915 0.980756283
vt 0.125016332 0.992573142
vt 0.125016421 0.980756283
vt 0.342387915 0.992573142
vt 0.342387915 0.992573142
vt 0.125016332 0.992573142
vt 0.125016332 0.992573142
vt 0.342387915 0.992573142
vt 0.342387915 0.992573142
vt 0.125016421 0.980756283
vt 0.125016332 0.992573142
vt 0.342387915 0.980756283
vt 0.342387915 0.992573142
vt 0.125016332 0.992573142
vt 0.125016332 0.992573142
vt 0.342387915 0.992573142
vt 0.342387915 0.980756283
vt 0.125016332 0.992573142
vt 0.125016421 0.980756283
vt 0.342387915 0.992573142
vt 0.342387915 0.992573142
vt 0.125016332 0.992573142
vt 0.125016332 0.992573142
vt 0.342387915 0.992573142
vt 0.342387915 0.992573142
vt 0.125016421 0.980756283
vt 0.125016332 0.992573142
vt 0.342387915 0.980756283
vt 0.342387915 0.992573142
vt 0.125016332 0.992573142
vt 0.125016332 0.992573142
vt 0.342387915 0.992573142
vt 0.342387915 0.980756283
vt 0.125016332 0.992573142
vt 0.125016421 0.980756283
vt 0.342387915 0.992573142
vt 0.342387915 0.992573142
vt 0.125016332 0.992573142
vt 0.125016332 0.992573142
vt 0.342387915 0.992573142
vt 0.342387915 0.992573142
vt 0.125016421 0.980756283
vt 0.125016332 0.992573142
vt 0.342387915 0.980756283
vt 0.342387915 0.992573142
vt 0.125016332 0.992573142
vt 0.125016332 0.992573142
vt 0.342387915 0.992573142
vt 0.342387915 0.980756283
vt 0.125016332 0.992573142
vt 0.125016421 0.980756283
vt 0.342387915 0.992573142
vt 0.342387915 0.992573142
vt 0.125016332 0.992573142
vt 0.125016332 0.992573142
vt 0.342387915 0.992573142
vt 0.342387915 0.992573142
vt 0.125016421 0.980756283
vt 0.125016332 0.992573142
vt 0.342387915 0.980756283
vt 0.342387915 0.992573142
vt 0.125016332 0.992573142
vt 0.125016332 0.992573142
vt 0.342387915 0.992573142
vt 0.342387915 0.980756283
vt 0.125016332 0.992573142
vt 0.125016421 0.980756283
vt 0.342387915 0.992573142
vt 0.342387915 0.992573142
vt 0.125016332 0.992573142
vt 0.125016332 0.992573142
vt 0.342387915 0.992573142
vt 0.342387915 0.992573142
vt 0.125016421 0.980756283
vt 0.125016332 0.992573142
vt 0.342387915 0.980756283
vt 0.342387915 0.992573142
vt 0.125016332 0.992573142
vt 0.125016332 0.992573142
vt 0.342387915 0.992573142
vt 0.342387915 0.980756283
vt 0.125016332 0.992573142
vt 0.125016421 0.980756283
vt 0.342387915 0.992573142
vt 0.342387915 0.992573142
vt 0.125016332 0.992573142
vt 0.125016332 0.992573142
vt 0.342387915 0.992573142
vt 0.342387915 0.992573142
vt 0.125016421 0.980756283
vt 0.125016332 0.992573142
vt 0.342387915 0.980756283
vt 0.342387915 0.992573142
vt 0.125016332 0.992573142
vt 0.125016332 0.992573142
vt 0.342387915 0.992573142
vt 0.342387915 0.980756283
vt 0.125016332 0.992573142
vt 0.125016421 0.980756283
vt 0.342387915 0.992573142
vt 0.342387915 0.992573142
vt 0.125016332 0.992573142
vt 0.125016332 0.992573142
vt 0.342387915 0.992573142
vt 0.342387915 0.992573142
vt 0.125016421 0.980756283
vt 0.125016332 0.992573142
vt 0.342387915 0.980756283
vt 0.342387915 0.992573142
vt 0.125016332 0.992573142
vt 0.125016332 0.992573142
vt 0.342387915 0.992573142
vt 0.342387915 0.980756283
vt 0.125016332 0.992573142
vt 0.125016421 0.980756283
vt 0.342387915 0.992573142
vt 0.342387915 0.992573142
vt 0.125016332 0.992573142
vt 0.125016332 0.992573142
vt 0.342387915 0.992573142
vt 0.342387915 0.992573142
vt 0.125016421 0.980756283
vt 0.125016332 0.992573142
vt 0.342387915 0.980756283
vt 0.342387915 0.992573142
vt 0.125016332 0.992573142
vt 0.125016332 0.992573142
vt 0.342387915 0.992573142
vt 0.342387915 0.980756283
vt 0.125016332 0.992573142
vt 0.125016421 0.980756283
vt 0.342387915 0.992573142
vt 0.342387915 0.992573142
vt 0.125016332 0.992573142
vt 0.125016332 0.992573142
vt 0.342387915 0.992573142
vt 0.342387915 0.992573142
vt 0.125016421 0.980756283
vt 0.125016332 0.992573142
vt 0.342387915 0.980756283
vt 0.518944204 0.716972888
vt 0.518944144 0.78891772
vt 0.518944204 0.716972888
vt 0.518944144 0.78891772
vt 0.518944144 0.824890196
vt 0.518944144 0.824890196
vt 0.518944204 0.716972888
vt 0.389869094 0.78891772
vt 0.389869153 0.716972828
vt 0.518944144 0.78891772
vt 0.518944144 0.824890196
vt 0.389869094 0.824890137
vt 0.518944204 0.716972888
vt 0.518944144 0.78891772
vt 0.518944204 0.716972888
vt 0.518944144 0.78891772
vt 0.518944144 0.824890196
vt 0.518944144 0.824890196
vt 0.389869153 0.716972828
vt 0.518944144 0.78891772
vt 0.518944204 0.716972888
vt 0.389869094 0.78891772
vt 0.389869094 0.824890137
vt 0.518944144 0.824890196
vt 0.342387915 0.992573142
vt 0.125016332 0.992573142
vt 0.125016332 0.992573142
vt 0.342387915 0.992573142
vt 0.342387915 0.980756283
vt 0.125016332 0.992573142
vt 0.125016421 0.980756283
vt 0.342387915 0.992573142
vt 0.342387915 0.992573142
vt 0.125016332 0.992573142
vt 0.125016332 0.992573142
vt 0.342387915 0.992573142
vt 0.342387915 0.992573142
vt 0.125016421 0.980756283
vt 0.125016332 0.992573142
vt 0.342387915 0.980756283
vt 0.518944204 0.716972888
vt 0.518944144 0.78891772
vt 0.518944204 0.716972888
vt 0.518944144 0.78891772
vt 0.518944144 0.824890196
vt 0.518944144 0.824890196
vt 0.518944204 0.716972888
vt 0.389869094 0.78891772
vt 0.389869153 0.716972828
vt 0.518944144 0.78891772
vt 0.518944144 0.824890196
vt 0.389869094 0.824890137
vt 0.518944204 0.716972888
vt 0.518944144 0.78891772
vt 0.518944204 0.716972888
vt 0.518944144 0.78891772
vt 0.518944144 0.824890196
vt 0.518944144 0.824890196
vt 0.389869153 0.716972828
vt 0.518944144 0.78891772
vt 0.518944204 0.716972888
vt 0.389869094 0.78891772
vt 0.389869094 0.824890137
vt 0.518944144 0.824890196
vt 0.342387915 0.992573142
vt 0.125016332 0.992573142
vt 0.125016332 0.992573142
vt 0.342387915 0.992573142
vt 0.342387915 0.980756283
vt 0.125016332 0.992573142
vt 0.125016421 0.980756283
vt 0.342387915 0.992573142
vt 0.342387915 0.992573142
vt 0.125016332 0.992573142
vt 0.125016332 0.992573142
vt 0.342387915 0.992573142
vt 0.342387915 0.992573142
vt 0.125016421 0.980756283
vt 0.125016332 0.992573142
vt 0.342387915 0.980756283
vt 0.518944204 0.716972888
vt 0.518944144 0.78891772
vt 0.518944204 0.716972888
vt 0.518944144 0.78891772
vt 0.518944144 0.824890196
vt 0.518944144 0.824890196
vt 0.518944204 0.716972888
vt 0.389869094 0.78891772
vt 0.389869153 0.716972828
vt 0.518944144 0.78891772
vt 0.518944144 0.824890196
vt 0.389869094 0.824890137
vt 0.518944204 0.716972888
vt 0.518944144 0.78891772
vt 0.518944204 0.716972888
vt 0.518944144 0.78891772
vt 0.518944144 0.824890196
vt 0.518944144 0.824890196
vt 0.389869153 0.716972828
vt 0.518944144 0.78891772
vt 0.518944204 0.716972888
vt 0.389869094 0.78891772
vt 0.389869094 0.824890137
vt 0.518944144 0.824890196
vt 0.342387915 0.992573142
vt 0.125016332 0.992573142
vt 0.125016332 0.992573142
vt 0.342387915 0.992573142
vt 0.342387915 0.980756283
vt 0.125016332 0.992573142
vt 0.125016421 0.980756283
vt 0.342387915 0.992573142
vt 0.342387915 0.992573142
vt 0.125016332 0.992573142
vt 0.125016332 0.992573142
vt 0.342387915 0.992573142
vt 0.342387915 0.992573142
vt 0.125016421 0.980756283
vt 0.125016332 0.992573142
vt 0.342387915 0.980756283
vt 0.518944204 0.716972888
vt 0.518944144 0.78891772
vt 0.518944204 0.716972888
vt 0.518944144 0.78891772
vt 0.518944144 0.824890196
vt 0.518944144 0.824890196
vt 0.518944204 0.716972888
vt 0.389869094 0.78891772
vt 0.389869153 0.716972828
vt 0.518944144 0.78891772
vt 0.518944144 0.824890196
vt 0.389869094 0.824890137
vt 0.518944204 0.716972888
vt 0.518944144 0.78891772
vt 0.518944204 0.716972888
vt 0.518944144 0.78891772
vt 0.518944144 0.824890196
vt 0.518944144 0.824890196
vt 0.389869153 0.716972828
vt 0.518944144 0.78891772
vt 0.518944204 0.716972888
vt 0.389869094 0.78891772
vt 0.389869094 0.824890137
vt 0.518944144 0.824890196
vt 0.518944204 0.716972888
vt 0.518944144 0.78891772
vt 0.518944204 0.716972888
vt 0.518944144 0.78891772
vt 0.518944144 0.824890196
vt 0.518944144 0.824890196
vt 0.518944204 0.716972888
vt 0.389869094 0.78891772
vt 0.389869153 0.716972828
vt 0.518944144 0.78891772
vt 0.518944144 0.824890196
vt 0.389869094 0.824890137
vt 0.518944204 0.716972888
vt 0.518944144 0.78891772
vt 0.518944204 0.716972888
vt 0.518944144 0.78891772
vt 0.518944144 0.824890196
vt 0.518944144 0.824890196
vt 0.389869153 0.716972828
vt 0.518944144 0.78891772
vt 0.518944204 0.716972888
vt 0.389869094 0.78891772
vt 0.389869094 0.824890137
vt 0.518944144 0.824890196
vt 0.518944204 0.716972888
vt 0.518944144 0.78891772
vt 0.518944204 0.716972888
vt 0.518944144 0.78891772
vt 0.518944144 0.824890196
vt 0.518944144 0.824890196
vt 0.518944204 0.716972888
vt 0.389869094 0.78891772
vt 0.389869153 0.716972828
vt 0.518944144 0.78891772
vt 0.518944144 0.824890196
vt 0.389869094 0.824890137
vt 0.518944204 0.716972888
vt 0.518944144 0.78891772
vt 0.518944204 0.716972888
vt 0.518944144 0.78891772
vt 0.518944144 0.824890196
vt 0.518944144 0.824890196
vt 0.389869153 0.716972828
vt 0.518944144 0.78891772
vt 0.518944204 0.716972888
vt 0.389869094 0.78891772
vt 0.389869094 0.824890137
vt 0.518944144 0.824890196
vn -1 0 0
vn -0.982396246 0.186809033 4.1479938e-17
vn -1 0 0
vn -0.965504895 0.260384904 5.78170631e-17
vn -0.965504895 0.260384904 5.78170631e-17
vn -0.951767255 0.306820945 6.81279355e-17
vn -0.413498483 -2.0217268e-16 0.910504807
vn 0 0.370878056 0.928681575
vn 0 -2.22044605e-16 1
vn -0.39900138 0.366858292 0.840364737
vn -0.441589914 0.380828314 0.812384234
vn 0 0.460981301 0.887409849
vn 1 0 0
vn 0.965504895 0.260384904 5.78170631e-17
vn 1 0 0
vn 0.982396246 0.186809033 4.1479938e-17
vn 0.951767255 0.306820945 6.81279355e-17
vn 0.965504895 0.260384904 5.78170631e-17
vn 0 -2.22044605e-16 1
vn 0.39900138 0.366858292 0.840364737
vn 0.413498483 -2.0217268e-16 0.910504807
vn 0 0.370878056 0.928681575
vn 0 0.460981301 0.887409849
vn 0.441589914 0.380828314 0.812384234
vn -0.951767255 0.306820945 6.81279355e-17
vn -1 0 0
vn -1 0 0
vn -0.965504895 0.260384904 5.78170631e-17
vn 0 0.460981301 0.887409849
vn -0.496098916 -1.92793783e-16 0.868266011
vn 0 -2.22044605e-16 1
vn -0.441589914 0.380828314 0.812384234
vn 0.965504895 0.260384904 5.78170631e-17
vn 1 0 0
vn 1 0 0
vn 0.951767255 0.306820945 6.81279355e-17
vn 0.441589914 0.380828314 0.812384234
vn 0 -2.22044605e-16 1
vn 0.496098916 -1.92793783e-16 0.868266011
vn 0 0.460981301 0.887409849
vn -1 0 0
vn -0.982396246 0.186809033 4.1479938e-17
vn -1 0 0
vn -0.965504895 0.260384904 5.78170631e-17
vn -0.965504895 0.260384904 5.78170631e-17
vn -0.951762891 0.306834482 6.81309412e-17
vn -0.413459989 -2.02176562e-16 0.910522288
vn 0 0.370878056 0.928681575
vn 0 -2.22044605e-16 1
vn -0.39900138 0.366858292 0.840364737
vn -0.441589914 0.380828314 0.812384234
vn 0 0.460981301 0.887409849
vn 1 0 0
vn 0.965501754 0.260396548 5.78196486e-17
vn 1 0 0
vn 0.982394626 0.186817555 4.14818301e-17
vn 0.951767255 0.306820945 6.81279355e-17
vn 0.965508049 0.260373206 5.78144658e-17
vn 0 -2.22044605e-16 1
vn 0.39900138 0.366858292 0.840364737
vn 0.413459989 -2.02176562e-16 0.910522288
vn 0 0.370878056 0.928681575
vn 0 0.460981301 0.887409849
vn 0.441589914 0.380828314 0.812384234
vn -0.951762891 0.306834482 6.81309412e-17
vn -1 0 0
vn -1 0 0
vn -0.965504895 0.260384904 5.78170631e-17
vn 0 0.460981301 0.887409849
vn -0.496098916 -1.92793783e-16 0.868266011
vn 0 -2.22044605e-16 1
vn -0.441589914 0.380828314 0.812384234
vn 0.965508049 0.260373206 5.78144658e-17
vn 1 0 0
vn 1 0 0
vn 0.951767255 0.306820945 6.81279355e-17
vn 0.441589914 0.380828314 0.812384234
vn 0 -2.22044605e-16 1
vn 0.496098916 -1.92793783e-16 0.868266011
vn 0 0.460981301 0.887409849
vn -1 0 0
vn -0.982396246 0.186809033 4.1479938e-17
vn -1 0 0
vn -0.965504895 0.260384904 5.78170631e-17
vn -0.965504895 0.260384904 5.78170631e-17
vn -0.951765077 0.3068277 6.81294354e-17
vn -0.413479251 -2.0217462e-16 0.910513541
vn 0 0.370878056 0.928681575
vn 0 -2.22044605e-16 1
vn -0.39900138 0.366858292 0.840364737
vn -0.44157124 0.380832233 0.812392546
vn 0 0.460981301 0.887409849
vn 1 0 0
vn 0.965504895 0.260384904 5.78170631e-17
vn 1 0 0
vn 0.982396246 0.186809033 4.1479938e-17
vn 0.951762891 0.306834482 6.81309412e-17
vn 0.965504895 0.260384904 5.78170631e-17
vn 0 -2.22044605e-16 1
vn 0.39900138 0.366858292 0.840364737
vn 0.413459989 -2.02176562e-16 0.910522288
vn 0 0.370878056 0.928681575
vn 0 0.460981301 0.887409849
vn 0.441589914 0.380828314 0.812384234
vn -0.951765077 0.3068277 6.81294354e-17
vn -1 0 0
vn -1 0 0
vn -0.965504895 0.260384904 5.78170631e-17
vn 0 0.460981301 0.887409849
vn -0.496098916 -1.92793783e-16 0.868266011
vn 0 -2.22044605e-16 1
vn -0.44157124 0.380832233 0.812392546
vn 0.965504895 0.260384904 5.78170631e-17
vn 1 0 0
vn 1 0 0
vn 0.951762891 0.306834482 6.81309412e-17
vn 0.441589914 0.380828314 0.812384234
vn 0 -2.22044605e-16 1
vn 0.496098916 -1.92793783e-16 0.868266011
vn 0 0.460981301 0.887409849
vn -1 0 0
vn -1 0 0
vn -1 0 0
vn -1 0 0
vn 0 -1 -2.22044605e-16
vn -0.496273991 -0.868165956 -1.92771567e-16
vn 0 -1 -2.22044605e-16
vn -0.496273991 -0.868165956 -1.92771567e-16
vn 1 0 0
vn 1 0 0
vn 1 0 0
vn 1 0 0
vn 0.496273991 -0.868165956 -1.92771567e-16
vn 0 -1 -2.22044605e-16
vn 0.496273991 -0.868165956 -1.92771567e-16
vn 0 -1 -2.22044605e-16
vn -1 0 0
vn -1 0 0
vn -1 0 0
vn -1 0 0
vn 0 -1 -2.22044605e-16
vn -0.496273991 -0.868165956 -1.92771567e-16
vn 0 -1 -2.22044605e-16
vn -0.496273991 -0.868165956 -1.92771567e-16
vn 1 0 0
vn 1 0 0
vn 1 0 0
vn 1 0 0
vn 0.496238968 -0.868185975 -1.92776012e-16
vn 0 -1 -2.22044605e-16
vn 0.496238968 -0.868185975 -1.92776012e-16
vn 0 -1 -2.22044605e-16
vn -1 0 0
vn -1 0 0
vn -1 0 0
vn -1 0 0
vn 0 -1 -2.22044605e-16
vn -0.496273991 -0.868165956 -1.92771567e-16
vn 0 -1 -2.22044605e-16
vn -0.496273991 -0.868165956 -1.92771567e-16
vn 1 0 0
vn 1 0 0
vn 1 0 0
vn 1 0 0
vn 0.496273991 -0.868165956 -1.92771567e-16
vn 0 -1 -2.22044605e-16
vn 0.496273991 -0.868165956 -1.92771567e-16
vn 0 -1 -2.22044605e-16
vn 0 -2.22044605e-16 1
vn 0 -2.22044605e-16 1
vn 0 -2.22044605e-16 1
vn 0 -2.22044605e-16 1
vn 0 -1 -2.22044605e-16
vn 0 -0.868266011 0.496098916
vn 0 -1 -2.22044605e-16
vn 0 -0.868266011 0.496098916
vn 0 2.22044605e-16 -1
vn 0 2.22044605e-16 -1
vn 0 2.22044605e-16 -1
vn 0 2.22044605e-16 -1
vn 0 -0.86810593 -0.496378982
vn 0 -1 -2.22044605e-16
vn 0 -0.86810593 -0.496378982
vn 0 -1 -2.22044605e-16
vn 0 -2.22044605e-16 1
vn 0 -2.22044605e-16 1
vn 0 -2.22044605e-16 1
vn 0 -2.22044605e-16 1
vn 0 -1 -2.22044605e-16
vn 0 -0.868266011 0.496098916
vn 0 -1 -2.22044605e-16
vn 0 -0.868266011 0.496098916
vn 0 2.22044605e-16 -1
vn 0 2.22044605e-16 -1
vn 0 2.22044605e-16 -1
vn 0 2.22044605e-16 -1
vn 0 -0.868266011 -0.496098916
vn 0 -1 -2.22044605e-16
vn 0 -0.868266011 -0.496098916
vn 0 -1 -2.22044605e-16
vn 0 -2.22044605e-16 1
vn 0 -2.22044605e-16 1
vn 0 -2.22044605e-16 1
vn 0 -2.22044605e-16 1
vn 0 -1 -2.22044605e-16
vn 0 -0.86810593 0.496378982
vn 0 -1 -2.22044605e-16
vn 0 -0.86810593 0.496378982
vn 0 2.22044605e-16 -1
vn 0 2.22044605e-16 -1
vn 0 2.22044605e-16 -1
vn 0 2.22044605e-16 -1
vn 0 -0.86810593 -0.496378982
vn 0 -1 -2.22044605e-16
vn 0 -0.86810593 -0.496378982
vn 0 -1 -2.22044605e-16
vn 0 -2.22044605e-16 1
vn 0 -2.22044605e-16 1
vn 0 -2.22044605e-16 1
vn 0 -2.22044605e-16 1
vn 0 -1 -2.22044605e-16
vn 0 -0.868266011 0.496098916
vn 0 -1 -2.22044605e-16
vn 0 -0.868266011 0.496098916
vn 0 2.22044605e-16 -1
vn 0 2.22044605e-16 -1
vn 0 2.22044605e-16 -1
vn 0 2.22044605e-16 -1
vn 0 -0.868266011 -0.496098916
vn 0 -1 -2.22044605e-16
vn 0 -0.86810593 -0.496378982
vn 0 -1 -2.22044605e-16
vn 0 -2.22044605e-16 1
vn 0 -2.22044605e-16 1
vn 0 -2.22044605e-16 1
vn 0 -2.22044605e-16 1
vn 0 -1 -2.22044605e-16
vn 0 -0.86810593 0.496378982
vn 0 -1 -2.22044605e-16
vn 0 -0.86810593 0.496378982
vn 0 2.22044605e-16 -1
vn 0 2.22044605e-16 -1
vn 0 2.22044605e-16 -1
vn 0 2.22044605e-16 -1
vn 0 -0.86810593 -0.496378982
vn 0 -1 -2.22044605e-16
vn 0 -0.86810593 -0.496378982
vn 0 -1 -2.22044605e-16
vn 0 -2.22044605e-16 1
vn 0 -2.22044605e-16 1
vn 0 -2.22044605e-16 1
vn 0 -2.22044605e-16 1
vn 0 -1 -2.22044605e-16
vn 0 -0.868266011 0.496098916
vn 0 -1 -2.22044605e-16
vn 0 -0.868266011 0.496098916
vn 0 2.22044605e-16 -1
vn 0 2.22044605e-16 -1
vn 0 2.22044605e-16 -1
vn 0 2.22044605e-16 -1
vn 0 -0.86810593 -0.496378982
vn 0 -1 -2.22044605e-16
vn 0 -0.86810593 -0.496378982
vn 0 -1 -2.22044605e-16
vn 0 2.22044605e-16 -1
vn -0.332804802 -0.533193354 -0.777782625
vn 0 -0.541301814 -0.840828369
vn -0.259973469 2.1440977e-16 -0.96561576
vn -0.309976761 2.11107606e-16 -0.950744134
vn -0.425659711 -0.393345232 -0.814919223
vn 0 -0.541301814 -0.840828369
vn -0.370814053 -0.928707133 -2.06214408e-16
vn 0 -1 -2.22044605e-16
vn -0.332804802 -0.533193354 -0.777782625
vn -0.425659711 -0.393345232 -0.814919223
vn -0.462298975 -0.886599511 -0.0148649193
vn 0 -0.541640055 0.840610523
vn -0.260160059 -2.14398611e-16 0.965565505
vn 0 -2.22044605e-16 1
vn -0.332997145 -0.533501569 0.777488892
vn -0.346179785 -0.423345956 0.837220257
vn -0.210949209 -2.1704794e-16 0.977497024
vn 0 -1 -2.22044605e-16
vn -0.332997145 -0.533501569 0.777488892
vn 0 -0.541640055 0.840610523
vn -0.370814053 -0.928707133 -2.06214408e-16
vn -0.462298975 -0.886599511 -0.0148649193
vn -0.346179785 -0.423345956 0.837220257
vn -0.425659711 -0.393345232 -0.814919223
vn 0.210239312 2.17081898e-16 -0.977649954
vn 0.345964595 -0.423082816 -0.837442195
vn -0.309976761 2.11107606e-16 -0.950744134
vn -0.462298975 -0.886599511 -0.0148649193
vn 0.345964595 -0.423082816 -0.837442195
vn 0.462298975 -0.886599511 0.0148649193
vn -0.425659711 -0.393345232 -0.814919223
vn -0.210949209 -2.1704794e-16 0.977497024
vn 0.425417671 -0.393028747 0.815198264
vn 0.309757869 -2.11123446e-16 0.950815472
vn -0.346179785 -0.423345956 0.837220257
vn -0.346179785 -0.423345956 0.837220257
vn 0.462298975 -0.886599511 0.0148649193
vn 0.425417671 -0.393028747 0.815198264
vn -0.462298975 -0.886599511 -0.0148649193
vn 0 2.22044605e-16 -1
vn -0.332804802 -0.533193354 -0.777782625
vn 0 -0.541301814 -0.840828369
vn -0.259973469 2.1440977e-16 -0.96561576
vn -0.309757869 2.11123446e-16 -0.950815472
vn -0.425659711 -0.393345232 -0.814919223
vn 0 -0.541301814 -0.840828369
vn -0.370814053 -0.928707133 -2.06214408e-16
vn 0 -1 -2.22044605e-16
vn -0.332804802 -0.533193354 -0.777782625
vn -0.425659711 -0.393345232 -0.814919223
vn -0.462293721 -0.88658948 -0.0156079878
vn 0 -0.541640055 0.840610523
vn -0.260160059 -2.14398611e-16 0.965565505
vn 0 -2.22044605e-16 1
vn -0.332997145 -0.533501569 0.777488892
vn -0.346179785 -0.423345956 0.837220257
vn -0.210949209 -2.1704794e-16 0.977497024
vn 0 -1 -2.22044605e-16
vn -0.332997145 -0.533501569 0.777488892
vn 0 -0.541640055 0.840610523
vn -0.370814053 -0.928707133 -2.06214408e-16
vn -0.462293721 -0.88658948 -0.0156079878
vn -0.346179785 -0.423345956 0.837220257
vn -0.425659711 -0.393345232 -0.814919223
vn 0.199974572 2.17559545e-16 -0.979801087
vn 0.336042799 -0.422841462 -0.841593925
vn -0.309757869 2.11123446e-16 -0.950815472
vn -0.462293721 -0.88658948 -0.0156079878
vn 0.336042799 -0.422841462 -0.841593925
vn 0.462279299 -0.886654636 0.0118914288
vn -0.425659711 -0.393345232 -0.814919223
vn -0.210949209 -2.1704794e-16 0.977497024
vn 0.434664113 -0.393891137 0.809886956
vn 0.319345251 -2.10418003e-16 0.947638439
vn -0.346179785 -0.423345956 0.837220257
vn -0.346179785 -0.423345956 0.837220257
vn 0.462279299 -0.886654636 0.0118914288
vn 0.434664113 -0.393891137 0.809886956
vn -0.462293721 -0.88658948 -0.0156079878
vn 0 2.22044605e-16 -1
vn -0.332804802 -0.533193354 -0.777782625
vn 0 -0.541301814 -0.840828369
vn -0.259973469 2.1440977e-16 -0.96561576
vn -0.309976761 2.11107606e-16 -0.950744134
vn -0.425917521 -0.39358346 -0.814669458
vn 0 -0.541301814 -0.840828369
vn -0.370814053 -0.928707133 -2.06214408e-16
vn 0 -1 -2.22044605e-16
vn -0.332804802 -0.533193354 -0.777782625
vn -0.425917521 -0.39358346 -0.814669458
vn -0.462293721 -0.88658948 -0.0156079878
vn 0 -0.541640055 0.840610523
vn -0.26034692 -2.14387427e-16 0.965515138
vn 0 -2.22044605e-16 1
vn -0.332997145 -0.533501569 0.777488892
vn -0.346179785 -0.423345956 0.837220257
vn -0.210949209 -2.1704794e-16 0.977497024
vn 0 -1 -2.22044605e-16
vn -0.332997145 -0.533501569 0.777488892
vn 0 -0.541640055 0.840610523
vn -0.370814053 -0.928707133 -2.06214408e-16
vn -0.462293721 -0.88658948 -0.0156079878
vn -0.346179785 -0.423345956 0.837220257
vn -0.425917521 -0.39358346 -0.814669458
vn 0.199974572 2.17559545e-16 -0.979801087
vn 0.336042799 -0.422841462 -0.841593925
vn -0.309976761 2.11107606e-16 -0.950744134
vn -0.462293721 -0.88658948 -0.0156079878
vn 0.336042799 -0.422841462 -0.841593925
vn 0.462279299 -0.886654636 0.0118914288
vn -0.425917521 -0.39358346 -0.814669458
vn -0.210949209 -2.1704794e-16 0.977497024
vn 0.435187664 -0.394365603 0.809374739
vn 0.319795342 -2.10384297e-16 0.947486643
vn -0.346179785 -0.423345956 0.837220257
vn -0.346179785 -0.423345956 0.837220257
vn 0.462279299 -0.886654636 0.0118914288
vn 0.435187664 -0.394365603 0.809374739
vn -0.462293721 -0.88658948 -0.0156079878
vn 0 -2.22044605e-16 1
vn 0.33233604 -0.533633532 0.777681175
vn 0 -0.541978624 0.840392272
vn 0.259973469 -2.1440977e-16 0.96561576
vn 0.309757869 -2.11123446e-16 0.950815472
vn 0.425417671 -0.393028747 0.815198264
vn 0 -0.541978624 0.840392272
vn 0.370846052 -0.928694355 -2.06211571e-16
vn 0 -1 -2.22044605e-16
vn 0.33233604 -0.533633532 0.777681175
vn 0.425417671 -0.393028747 0.815198264
vn 0.462298975 -0.886599511 0.0148649193
vn 0 -0.541978624 -0.840392272
vn 0.259973469 2.1440977e-16 -0.96561576
vn 0 2.22044605e-16 -1
vn 0.33233604 -0.533633532 -0.777681175
vn 0.345964595 -0.423082816 -0.837442195
vn 0.210239312 2.17081898e-16 -0.977649954
vn 0 -1 -2.22044605e-16
vn 0.33233604 -0.533633532 -0.777681175
vn 0 -0.541978624 -0.840392272
vn 0.370846052 -0.928694355 -2.06211571e-16
vn 0.462298975 -0.886599511 0.0148649193
vn 0.345964595 -0.423082816 -0.837442195
vn 0 -2.22044605e-16 1
vn 0.337319797 -0.531241546 0.777172937
vn 0 -0.541978624 0.840392272
vn 0.270401372 -2.13772929e-16 0.962747681
vn 0.319795342 -2.10384297e-16 0.947486643
vn 0.435187664 -0.394365603 0.809374739
vn 0 -0.541978624 0.840392272
vn 0.370845632 -0.928693334 0.00148635527
vn 0 -1 -2.22044605e-16
vn 0.337319797 -0.531241546 0.777172937
vn 0.435187664 -0.394365603 0.809374739
vn 0.462279299 -0.886654636 0.0118914288
vn 0 -0.541301814 -0.840828369
vn 0.250575086 2.14960753e-16 -0.968097168
vn 0 2.22044605e-16 -1
vn 0.327983289 -0.535947738 -0.777937648
vn 0.336042799 -0.422841462 -0.841593925
vn 0.199974572 2.17559545e-16 -0.979801087
vn 0 -1 -2.22044605e-16
vn 0.327983289 -0.535947738 -0.777937648
vn 0 -0.541301814 -0.840828369
vn 0.370845632 -0.928693334 0.00148635527
vn 0.462279299 -0.886654636 0.0118914288
vn 0.336042799 -0.422841462 -0.841593925
vn 0 -2.22044605e-16 1
vn 0.337319797 -0.531241546 0.777172937
vn 0 -0.541301814 0.840828369
vn 0.270401372 -2.13772929e-16 0.962747681
vn 0.319345251 -2.10418003e-16 0.947638439
vn 0.434664113 -0.393891137 0.809886956
vn 0 -0.541301814 0.840828369
vn 0.370845632 -0.928693334 0.00148635527
vn 0 -1 -2.22044605e-16
vn 0.337319797 -0.531241546 0.777172937
vn 0.434664113 -0.393891137 0.809886956
vn 0.462279299 -0.886654636 0.0118914288
vn 0 -0.541301814 -0.840828369
vn 0.250575086 2.14960753e-16 -0.968097168
vn 0 2.22044605e-16 -1
vn 0.327604068 -0.535328052 -0.778523893
vn 0.336042799 -0.422841462 -0.841593925
vn 0.199974572 2.17559545e-16 -0.979801087
vn 0 -1 -2.22044605e-16
vn 0.327604068 -0.535328052 -0.778523893
vn 0 -0.541301814 -0.840828369
vn 0.370845632 -0.928693334 0.00148635527
vn 0.462279299 -0.886654636 0.0118914288
vn 0.336042799 -0.422841462 -0.841593925

g collision_PZ_item_16_submesh_0
usemtl collision_11
f 876/876/876 878/878/878 877/877/877
f 876/876/876 877/877/877 879/879/879
f 877/877/877 880/880/880 879/879/879
f 877/877/877 881/881/881 880/880/880
f 882/882/882 884/884/884 883/883/883
f 882/882/882 883/883/883 885/885/885
f 883/883/883 886/886/886 885/885/885
f 883/883/883 887/887/887 886/886/886
f 888/888/888 890/890/890 889/889/889
f 888/888/888 889/889/889 891/891/891
f 889/889/889 892/892/892 891/891/891
f 889/889/889 893/893/893 892/892/892
f 894/894/894 896/896/896 895/895/895
f 894/894/894 895/895/895 897/897/897
f 895/895/895 898/898/898 897/897/897
f 895/895/895 899/899/899 898/898/898
f 900/900/900 902/902/902 901/901/901
f 900/900/900 901/901/901 903/903/903
f 904/904/904 906/906/906 905/905/905
f 904/904/904 905/905/905 907/907/907
f 908/908/908 910/910/910 909/909/909
f 908/908/908 909/909/909 911/911/911
f 912/912/912 914/914/914 913/913/913
f 912/912/912 913/913/913 915/915/915
f 916/916/916 918/918/918 917/917/917
f 916/916/916 917/917/917 919/919/919
f 917/917/917 920/920/920 919/919/919
f 917/917/917 921/921/921 920/920/920
f 922/922/922 924/924/924 923/923/923
f 922/922/922 923/923/923 925/925/925
f 923/923/923 926/926/926 925/925/925
f 923/923/923 927/927/927 926/926/926
f 928/928/928 930/930/930 929/929/929
f 928/928/928 929/929/929 931/931/931
f 929/929/929 932/932/932 931/931/931
f 929/929/929 933/933/933 932/932/932
f 934/934/934 936/936/936 935/935/935
f 934/934/934 935/935/935 937/937/937
f 935/935/935 938/938/938 937/937/937
f 935/935/935 939/939/939 938/938/938
f 940/940/940 942/942/942 941/941/941
f 940/940/940 941/941/941 943/943/943
f 944/944/944 946/946/946 945/945/945
f 944/944/944 945/945/945 947/947/947
f 948/948/948 950/950/950 949/949/949
f 948/948/948 949/949/949 951/951/951
f 952/952/952 954/954/954 953/953/953
f 952/952/952 953/953/953 955/955/955
f 956/956/956 958/958/958 957/957/957
f 956/956/956 957/957/957 959/959/959
f 957/957/957 960/960/960 959/959/959
f 957/957/957 961/961/961 960/960/960
f 962/962/962 964/964/964 963/963/963
f 962/962/962 963/963/963 965/965/965
f 963/963/963 966/966/966 965/965/965
f 963/963/963 967/967/967 966/966/966
f 968/968/968 970/970/970 969/969/969
f 968/968/968 969/969/969 971/971/971
f 969/969/969 972/972/972 971/971/971
f 969/969/969 973/973/973 972/972/972
f 974/974/974 976/976/976 975/975/975
f 974/974/974 975/975/975 977/977/977
f 975/975/975 978/978/978 977/977/977
f 975/975/975 979/979/979 978/978/978
f 980/980/980 982/982/982 981/981/981
f 980/980/980 981/981/981 983/983/983
f 984/984/984 986/986/986 985/985/985
f 984/984/984 985/985/985 987/987/987
f 988/988/988 990/990/990 989/989/989
f 988/988/988 989/989/989 991/991/991
f 992/992/992 994/994/994 993/993/993
f 992/992/992 993/993/993 995/995/995
f 996/996/996 998/998/998 997/997/997
f 996/996/996 997/997/997 999/999/999
f 1000/1000/1000 1002/1002/1002 1001/1001/1001
f 1000/1000/1000 1001/1001/1001 1003/1003/1003
f 1004/1004/1004 1006/1006/1006 1005/1005/1005
f 1004/1004/1004 1005/1005/1005 1007/1007/1007
f 1008/1008/1008 1010/1010/1010 1009/1009/1009
f 1008/1008/1008 1009/1009/1009 1011/1011/1011
f 1012/1012/1012 1014/1014/1014 1013/1013/1013
f 1012/1012/1012 1013/1013/1013 1015/1015/1015
f 1016/1016/1016 1018/1018/1018 1017/1017/1017
f 1016/1016/1016 1017/1017/1017 1019/1019/1019
f 1020/1020/1020 1022/1022/1022 1021/1021/1021
f 1020/1020/1020 1021/1021/1021 1023/1023/1023
f 1024/1024/1024 1026/1026/1026 1025/1025/1025
f 1024/1024/1024 1025/1025/1025 1027/1027/1027
f 1028/1028/1028 1030/1030/1030 1029/1029/1029
f 1028/1028/1028 1029/1029/1029 1031/1031/1031
f 1032/1032/1032 1034/1034/1034 1033/1033/1033
f 1032/1032/1032 1033/1033/1033 1035/1035/1035
f 1036/1036/1036 1038/1038/1038 1037/1037/1037
f 1036/1036/1036 1037/1037/1037 1039/1039/1039
f 1040/1040/1040 1042/1042/1042 1041/1041/1041
f 1040/1040/1040 1041/1041/1041 1043/1043/1043
f 1044/1044/1044 1046/1046/1046 1045/1045/1045
f 1044/1044/1044 1045/1045/1045 1047/1047/1047
f 1048/1048/1048 1050/1050/1050 1049/1049/1049
f 1048/1048/1048 1049/1049/1049 1051/1051/1051
f 1052/1052/1052 1054/1054/1054 1053/1053/1053
f 1052/1052/1052 1053/1053/1053 1055/1055/1055
f 1056/1056/1056 1058/1058/1058 1057/1057/1057
f 1056/1056/1056 1057/1057/1057 1059/1059/1059
f 1060/1060/1060 1062/1062/1062 1061/1061/1061
f 1060/1060/1060 1061/1061/1061 1063/1063/1063
f 1064/1064/1064 1066/1066/1066 1065/1065/1065
f 1064/1064/1064 1065/1065/1065 1067/1067/1067
f 1068/1068/1068 1070/1070/1070 1069/1069/1069
f 1068/1068/1068 1069/1069/1069 1071/1071/1071
f 1072/1072/1072 1074/1074/1074 1073/1073/1073
f 1072/1072/1072 1073/1073/1073 1075/1075/1075
f 1076/1076/1076 1078/1078/1078 1077/1077/1077
f 1076/1076/1076 1077/1077/1077 1079/1079/1079
f 1080/1080/1080 1082/1082/1082 1081/1081/1081
f 1080/1080/1080 1081/1081/1081 1083/1083/1083
f 1084/1084/1084 1086/1086/1086 1085/1085/1085
f 1084/1084/1084 1085/1085/1085 1087/1087/1087
f 1088/1088/1088 1090/1090/1090 1089/1089/1089
f 1088/1088/1088 1089/1089/1089 1091/1091/1091
f 1092/1092/1092 1094/1094/1094 1093/1093/1093
f 1092/1092/1092 1093/1093/1093 1095/1095/1095
f 1096/1096/1096 1098/1098/1098 1097/1097/1097
f 1096/1096/1096 1097/1097/1097 1099/1099/1099
f 1100/1100/1100 1102/1102/1102 1101/1101/1101
f 1100/1100/1100 1101/1101/1101 1103/1103/1103
f 1104/1104/1104 1106/1106/1106 1105/1105/1105
f 1104/1104/1104 1105/1105/1105 1107/1107/1107
f 1108/1108/1108 1110/1110/1110 1109/1109/1109
f 1108/1108/1108 1109/1109/1109 1111/1111/1111
f 1112/1112/1112 1114/1114/1114 1113/1113/1113
f 1112/1112/1112 1113/1113/1113 1115/1115/1115
f 1116/1116/1116 1118/1118/1118 1117/1117/1117
f 1116/1116/1116 1117/1117/1117 1119/1119/1119
f 1120/1120/1120 1122/1122/1122 1121/1121/1121
f 1120/1120/1120 1121/1121/1121 1123/1123/1123
f 1124/1124/1124 1126/1126/1126 1125/1125/1125
f 1124/1124/1124 1125/1125/1125 1127/1127/1127
f 1128/1128/1128 1130/1130/1130 1129/1129/1129
f 1128/1128/1128 1129/1129/1129 1131/1131/1131
f 1132/1132/1132 1134/1134/1134 1133/1133/1133
f 1132/1132/1132 1133/1133/1133 1135/1135/1135
f 1136/1136/1136 1138/1138/1138 1137/1137/1137
f 1136/1136/1136 1137/1137/1137 1139/1139/1139
f 1140/1140/1140 1142/1142/1142 1141/1141/1141
f 1140/1140/1140 1141/1141/1141 1143/1143/1143
f 1141/1141/1141 1144/1144/1144 1143/1143/1143
f 1141/1141/1141 1145/1145/1145 1144/1144/1144
f 1146/1146/1146 1148/1148/1148 1147/1147/1147
f 1146/1146/1146 1147/1147/1147 1149/1149/1149
f 1147/1147/1147 1150/1150/1150 1149/1149/1149
f 1147/1147/1147 1151/1151/1151 1150/1150/1150
f 1152/1152/1152 1154/1154/1154 1153/1153/1153
f 1152/1152/1152 1153/1153/1153 1155/1155/1155
f 1153/1153/1153 1156/1156/1156 1155/1155/1155
f 1153/1153/1153 1157/1157/1157 1156/1156/1156
f 1158/1158/1158 1160/1160/1160 1159/1159/1159
f 1158/1158/1158 1159/1159/1159 1161/1161/1161
f 1159/1159/1159 1162/1162/1162 1161/1161/1161
f 1159/1159/1159 1163/1163/1163 1162/1162/1162
f 1164/1164/1164 1166/1166/1166 1165/1165/1165
f 1164/1164/1164 1165/1165/1165 1167/1167/1167
f 1168/1168/1168 1170/1170/1170 1169/1169/1169
f 1168/1168/1168 1169/1169/1169 1171/1171/1171
f 1172/1172/1172 1174/1174/1174 1173/1173/1173
f 1172/1172/1172 1173/1173/1173 1175/1175/1175
f 1176/1176/1176 1178/1178/1178 1177/1177/1177
f 1176/1176/1176 1177/1177/1177 1179/1179/1179
f 1180/1180/1180 1182/1182/1182 1181/1181/1181
f 1180/1180/1180 1181/1181/1181 1183/1183/1183
f 1181/1181/1181 1184/1184/1184 1183/1183/1183
f 1181/1181/1181 1185/1185/1185 1184/1184/1184
f 1186/1186/1186 1188/1188/1188 1187/1187/1187
f 1186/1186/1186 1187/1187/1187 1189/1189/1189
f 1187/1187/1187 1190/1190/1190 1189/1189/1189
f 1187/1187/1187 1191/1191/1191 1190/1190/1190
f 1192/1192/1192 1194/1194/1194 1193/1193/1193
f 1192/1192/1192 1193/1193/1193 1195/1195/1195
f 1193/1193/1193 1196/1196/1196 1195/1195/1195
f 1193/1193/1193 1197/1197/1197 1196/1196/1196
f 1198/1198/1198 1200/1200/1200 1199/1199/1199
f 1198/1198/1198 1199/1199/1199 1201/1201/1201
f 1199/1199/1199 1202/1202/1202 1201/1201/1201
f 1199/1199/1199 1203/1203/1203 1202/1202/1202
f 1204/1204/1204 1206/1206/1206 1205/1205/1205
f 1204/1204/1204 1205/1205/1205 1207/1207/1207
f 1208/1208/1208 1210/1210/1210 1209/1209/1209
f 1208/1208/1208 1209/1209/1209 1211/1211/1211
f 1212/1212/1212 1214/1214/1214 1213/1213/1213
f 1212/1212/1212 1213/1213/1213 1215/1215/1215
f 1216/1216/1216 1218/1218/1218 1217/1217/1217
f 1216/1216/1216 1217/1217/1217 1219/1219/1219
f 1220/1220/1220 1222/1222/1222 1221/1221/1221
f 1220/1220/1220 1221/1221/1221 1223/1223/1223
f 1221/1221/1221 1224/1224/1224 1223/1223/1223
f 1221/1221/1221 1225/1225/1225 1224/1224/1224
f 1226/1226/1226 1228/1228/1228 1227/1227/1227
f 1226/1226/1226 1227/1227/1227 1229/1229/1229
f 1227/1227/1227 1230/1230/1230 1229/1229/1229
f 1227/1227/1227 1231/1231/1231 1230/1230/1230
f 1232/1232/1232 1234/1234/1234 1233/1233/1233
f 1232/1232/1232 1233/1233/1233 1235/1235/1235
f 1233/1233/1233 1236/1236/1236 1235/1235/1235
f 1233/1233/1233 1237/1237/1237 1236/1236/1236
f 1238/1238/1238 1240/1240/1240 1239/1239/1239
f 1238/1238/1238 1239/1239/1239 1241/1241/1241
f 1239/1239/1239 1242/1242/1242 1241/1241/1241
f 1239/1239/1239 1243/1243/1243 1242/1242/1242
f 1244/1244/1244 1246/1246/1246 1245/1245/1245
f 1244/1244/1244 1245/1245/1245 1247/1247/1247
f 1248/1248/1248 1250/1250/1250 1249/1249/1249
f 1248/1248/1248 1249/1249/1249 1251/1251/1251
f 1252/1252/1252 1254/1254/1254 1253/1253/1253
f 1252/1252/1252 1253/1253/1253 1255/1255/1255
f 1256/1256/1256 1258/1258/1258 1257/1257/1257
f 1256/1256/1256 1257/1257/1257 1259/1259/1259
f 1260/1260/1260 1262/1262/1262 1261/1261/1261
f 1260/1260/1260 1261/1261/1261 1263/1263/1263
f 1261/1261/1261 1264/1264/1264 1263/1263/1263
f 1261/1261/1261 1265/1265/1265 1264/1264/1264
f 1266/1266/1266 1268/1268/1268 1267/1267/1267
f 1266/1266/1266 1267/1267/1267 1269/1269/1269
f 1267/1267/1267 1270/1270/1270 1269/1269/1269
f 1267/1267/1267 1271/1271/1271 1270/1270/1270
f 1272/1272/1272 1274/1274/1274 1273/1273/1273
f 1272/1272/1272 1273/1273/1273 1275/1275/1275
f 1273/1273/1273 1276/1276/1276 1275/1275/1275
f 1273/1273/1273 1277/1277/1277 1276/1276/1276
f 1278/1278/1278 1280/1280/1280 1279/1279/1279
f 1278/1278/1278 1279/1279/1279 1281/1281/1281
f 1279/1279/1279 1282/1282/1282 1281/1281/1281
f 1279/1279/1279 1283/1283/1283 1282/1282/1282
f 1284/1284/1284 1286/1286/1286 1285/1285/1285
f 1284/1284/1284 1285/1285/1285 1287/1287/1287
f 1285/1285/1285 1288/1288/1288 1287/1287/1287
f 1285/1285/1285 1289/1289/1289 1288/1288/1288
f 1290/1290/1290 1292/1292/1292 1291/1291/1291
f 1290/1290/1290 1291/1291/1291 1293/1293/1293
f 1291/1291/1291 1294/1294/1294 1293/1293/1293
f 1291/1291/1291 1295/1295/1295 1294/1294/1294
f 1296/1296/1296 1298/1298/1298 1297/1297/1297
f 1296/1296/1296 1297/1297/1297 1299/1299/1299
f 1297/1297/1297 1300/1300/1300 1299/1299/1299
f 1297/1297/1297 1301/1301/1301 1300/1300/1300
f 1302/1302/1302 1304/1304/1304 1303/1303/1303
f 1302/1302/1302 1303/1303/1303 1305/1305/1305
f 1303/1303/1303 1306/1306/1306 1305/1305/1305
f 1303/1303/1303 1307/1307/1307 1306/1306/1306
f 1308/1308/1308 1310/1310/1310 1309/1309/1309
f 1308/1308/1308 1309/1309/1309 1311/1311/1311
f 1309/1309/1309 1312/1312/1312 1311/1311/1311
f 1309/1309/1309 1313/1313/1313 1312/1312/1312
f 1314/1314/1314 1316/1316/1316 1315/1315/1315
f 1314/1314/1314 1315/1315/1315 1317/1317/1317
f 1315/1315/1315 1318/1318/1318 1317/1317/1317
f 1315/1315/1315 1319/1319/1319 1318/1318/1318
f 1320/1320/1320 1322/1322/1322 1321/1321/1321
f 1320/1320/1320 1321/1321/1321 1323/1323/1323
f 1321/1321/1321 1324/1324/1324 1323/1323/1323
f 1321/1321/1321 1325/1325/1325 1324/1324/1324
f 1326/1326/1326 1328/1328/1328 1327/1327/1327
f 1326/1326/1326 1327/1327/1327 1329/1329/1329
f 1327/1327/1327 1330/1330/1330 1329/1329/1329
f 1327/1327/1327 1331/1331/1331 1330/1330/1330

o collision_PZ_item_005
v -47.3496437 -0.0957883967 -13.7411499
v -47.3496437 8.49260195 -26.9743109
v -47.3496437 -0.0957883967 -26.9743109
v -47.3496437 8.49260195 -13.7411509
v -47.3496437 -0.0957883967 -2.43682575
v -47.3496437 8.49260195 -2.43682575
v -47.3496437 -0.0957883967 10.1240759
v -47.3496437 8.49260195 10.1240759
v -47.3496437 -0.0957883967 27.3079882
v -47.3496437 8.49260195 27.3079882
v -47.3496437 8.49260195 -26.9743109
v -47.3496437 8.86467703 -13.7411509
v -47.3496437 8.86467703 -26.9743109
v -47.3496437 8.49260195 -13.7411509
v -47.3496437 8.86467703 -2.43682575
v -47.3496437 8.49260195 -2.43682575
v -47.3496437 8.86467703 10.1240768
v -47.3496437 8.49260195 10.1240759
v -47.3496437 8.86467703 27.3079882
v -47.3496437 8.49260195 27.3079882
v -47.3496437 8.86467703 -26.9743109
v -47.3496437 17.0809904 -13.7411509
v -47.3496437 17.0809904 -26.9743109
v -47.3496437 8.86467703 -13.7411509
v -47.3496437 17.0809904 -2.43682575
v -47.3496437 8.86467703 -2.43682575
v -47.3496437 17.0809904 10.1240759
v -47.3496437 8.86467703 10.1240768
v -47.3496437 17.0809904 27.3079882
v -47.3496437 8.86467703 27.3079882
vt 2.56806445 0.584461868
vt 2.43042397 0.374681473
vt 2.43042397 0.584461868
vt 2.56806445 0.374681473
vt 2.68564248 0.584461868
vt 2.68564248 0.374681473
vt 2.81629062 0.584461868
vt 2.81629062 0.374681473
vt 2.99502349 0.584461868
vt 2.99502349 0.374681473
vt 2.43042397 0.319413781
vt 2.56806445 0.301371098
vt 2.43042397 0.301371098
vt 2.56806445 0.319413781
vt 2.68564248 0.301371098
vt 2.68564248 0.319413781
vt 2.81629062 0.301371098
vt 2.81629062 0.319413781
vt 2.99502349 0.301371098
vt 2.99502349 0.319413781
vt 2.43042397 0.585123777
vt 2.56806445 0.37501961
vt 2.43042397 0.37501961
vt 2.56806445 0.585123777
vt 2.68564248 0.37501961
vt 2.68564248 0.585123777
vt 2.81629062 0.37501961
vt 2.81629062 0.585123777
vt 2.99502349 0.37501961
vt 2.99502349 0.585123777
vn 1 0 0
vn 1 0 0
vn 1 0 0
vn 1 0 0
vn 1 0 0
vn 1 0 0
vn 1 0 0
vn 1 0 0
vn 1 0 0
vn 1 0 0
vn 1 0 0
vn 1 0 0
vn 1 0 0
vn 1 0 0
vn 1 0 0
vn 1 0 0
vn 1 0 0
vn 1 0 0
vn 1 0 0
vn 1 0 0
vn 1 0 0
vn 1 0 0
vn 1 0 0
vn 1 0 0
vn 1 0 0
vn 1 0 0
vn 1 0 0
vn 1 0 0
vn 1 0 0
vn 1 0 0

g collision_PZ_item_005_submesh_0
usemtl collision_12
f 1332/1332/1332 1334/1334/1334 1333/1333/1333
f 1332/1332/1332 1333/1333/1333 1335/1335/1335
f 1336/1336/1336 1332/1332/1332 1335/1335/1335
f 1336/1336/1336 1335/1335/1335 1337/1337/1337
f 1338/1338/1338 1336/1336/1336 1337/1337/1337
f 1338/1338/1338 1337/1337/1337 1339/1339/1339
f 1340/1340/1340 1338/1338/1338 1339/1339/1339
f 1340/1340/1340 1339/1339/1339 1341/1341/1341
f 1342/1342/1342 1344/1344/1344 1343/1343/1343
f 1342/1342/1342 1343/1343/1343 1345/1345/1345
f 1345/1345/1345 1343/1343/1343 1346/1346/1346
f 1345/1345/1345 1346/1346/1346 1347/1347/1347
f 1347/1347/1347 1346/1346/1346 1348/1348/1348
f 1347/1347/1347 1348/1348/1348 1349/1349/1349
f 1349/1349/1349 1348/1348/1348 1350/1350/1350
f 1349/1349/1349 1350/1350/1350 1351/1351/1351
f 1352/1352/1352 1354/1354/1354 1353/1353/1353
f 1352/1352/1352 1353/1353/1353 1355/1355/1355
f 1355/1355/1355 1353/1353/1353 1356/1356/1356
f 1355/1355/1355 1356/1356/1356 1357/1357/1357
f 1357/1357/1357 1356/1356/1356 1358/1358/1358
f 1357/1357/1357 1358/1358/1358 1359/1359/1359
f 1359/1359/1359 1358/1358/1358 1360/1360/1360
f 1359/1359/1359 1360/1360/1360 1361/1361/1361

o collision_PZ_item_19
v -23.6243943 -0.124441387 1.95785146
v -28.8838471 0.286925076 2.41437631
v -28.6530283 -0.124441387 3.28738789
v -23.8552121 0.286924837 1.08483891
v -28.6530283 -0.124441387 3.28738789
v -28.8838471 0.286925076 2.41437631
v -28.5179642 -0.124441387 3.79823499
v -28.5179642 -0.124441387 3.79823499
v -23.8557385 0.531595228 1.08284383
v -23.4893292 -0.124441387 2.46869855
v -28.8843745 0.531595228 2.41238122
v -23.4893292 -0.124441387 2.46869855
v -23.8557385 0.531595228 1.08284383
v -23.8552121 0.286924837 1.08483891
v -29.1201371 -0.124441387 1.52066808
v -23.8552121 0.286924837 1.08483891
v -24.091502 -0.124441387 0.191131639
v -28.8838471 0.286925076 2.41437631
v -24.091502 -0.124441387 0.191131639
v -23.8552121 0.286924837 1.08483891
v -24.2221497 -0.124441387 -0.303008986
v -24.2221497 -0.124441387 -0.303008986
v -28.8843745 0.531595228 2.41238122
v -29.2507838 -0.124441387 1.02652936
v -23.8557385 0.531595228 1.08284383
v -29.2507838 -0.124441387 1.02652936
v -28.8843745 0.531595228 2.41238122
v -28.8838471 0.286925076 2.41437631
v -24.2221497 -0.124441387 -0.303008986
v -23.8552121 0.286924837 1.08483891
v -23.8557385 0.531595228 1.08284383
v -23.4893292 -0.124441387 2.46869855
v -23.8552121 0.286924837 1.08483891
v -23.6243943 -0.124441387 1.95785146
v -29.2507838 -0.124441387 1.02652936
v -28.8838471 0.286925076 2.41437631
v -29.1201371 -0.124441387 1.52066808
v -28.5179642 -0.124441387 3.79823499
v -28.8838471 0.286925076 2.41437631
v -28.8843745 0.531595228 2.41238122
vt 0.491687179 0.677529395
vt 0.47388792 0.996701241
vt 0.491687119 0.996701241
vt 0.47388798 0.677529454
vt 0.439453125 0.896484375
vt 0.439485848 0.870313585
vt 0.409644306 0.931153774
vt 0.525347888 0.677529454
vt 0.441178024 0.996701241
vt 0.525347888 0.996701241
vt 0.441178024 0.677529454
vt 0.439286292 0.931153834
vt 0.439286292 0.831641197
vt 0.409373552 0.870313585
vt 0.492492557 0.677529454
vt 0.473614484 0.996701241
vt 0.492492527 0.996701241
vt 0.473614514 0.677529454
vt 0.439453125 0.896484375
vt 0.439485848 0.869990289
vt 0.409644306 0.931153774
vt 0.525347888 0.677529454
vt 0.441178024 0.996701241
vt 0.525347888 0.996701241
vt 0.441178024 0.677529454
vt 0.439286292 0.931153834
vt 0.439286292 0.831641197
vt 0.409374148 0.86999023
vt 0.409644306 0.931153774
vt 0.439485848 0.869990289
vt 0.409644306 0.831641197
vt 0.439286292 0.931153834
vt 0.409373552 0.870313585
vt 0.409398198 0.891357243
vt 0.439286292 0.931153834
vt 0.409374148 0.86999023
vt 0.409399927 0.892309427
vt 0.409644306 0.931153774
vt 0.439485848 0.870313585
vt 0.409644306 0.831641197
vn -0.105861569 -0.910051841 -0.400748019
vn -0.00114439895 -0.999990137 -0.00429149633
vn -0.105955872 -0.910042661 -0.400743943
vn -0.00114439935 -0.999990541 -0.00419613096
vn -0.96678982 -5.67485561e-17 0.255572776
vn -0.96678982 -5.67485561e-17 0.255572776
vn -0.96678982 -5.67485561e-17 0.255572776
vn 0.106427287 0.909280998 0.402344752
vn 0 1 2.22044605e-16
vn 0.106427287 0.909280998 0.402344752
vn 0 1 2.22044605e-16
vn 0.96678982 5.67485561e-17 -0.255572776
vn 0.96678982 5.67485561e-17 -0.255572776
vn 0.96678982 5.67485561e-17 -0.255572776
vn 0.103948509 -0.913602459 0.393097004
vn -0.00114439935 -0.999990541 -0.00419613096
vn 0.103948509 -0.913602459 0.393097004
vn -0.00114439895 -0.999990137 -0.00429149633
vn 0.96678982 5.67485561e-17 -0.255572776
vn 0.96678982 5.67485561e-17 -0.255572776
vn 0.96678982 5.67485561e-17 -0.255572776
vn -0.106337077 0.909325118 -0.402268885
vn 0 1 2.22044605e-16
vn -0.10642321 0.909246118 -0.402424647
vn 0 1 2.22044605e-16
vn -0.96678982 -5.67485561e-17 0.255572776
vn -0.96678982 -5.67485561e-17 0.255572776
vn -0.96678982 -5.67485561e-17 0.255572776
vn 0.96678982 5.67485561e-17 -0.255572776
vn 0.96678982 5.67485561e-17 -0.255572776
vn 0.96678982 5.67485561e-17 -0.255572776
vn 0.96678982 5.67485561e-17 -0.255572776
vn 0.96678982 5.67485561e-17 -0.255572776
vn 0.96678982 5.67485561e-17 -0.255572776
vn -0.96678982 -5.67485561e-17 0.255572776
vn -0.96678982 -5.67485561e-17 0.255572776
vn -0.96678982 -5.67485561e-17 0.255572776
vn -0.96678982 -5.67485561e-17 0.255572776
vn -0.96678982 -5.67485561e-17 0.255572776
vn -0.96678982 -5.67485561e-17 0.255572776

g collision_PZ_item_19_submesh_0
usemtl collision_13
f 1362/1362/1362 1364/1364/1364 1363/1363/1363
f 1362/1362/1362 1363/1363/1363 1365/1365/1365
f 1366/1366/1366 1368/1368/1368 1367/1367/1367
f 1369/1369/1369 1371/1371/1371 1370/1370/1370
f 1369/1369/1369 1370/1370/1370 1372/1372/1372
f 1373/1373/1373 1375/1375/1375 1374/1374/1374
f 1376/1376/1376 1378/1378/1378 1377/1377/1377
f 1376/1376/1376 1377/1377/1377 1379/1379/1379
f 1380/1380/1380 1382/1382/1382 1381/1381/1381
f 1383/1383/1383 1385/1385/1385 1384/1384/1384
f 1383/1383/1383 1384/1384/1384 1386/1386/1386
f 1387/1387/1387 1389/1389/1389 1388/1388/1388
f 1390/1390/1390 1392/1392/1392 1391/1391/1391
f 1393/1393/1393 1395/1395/1395 1394/1394/1394
f 1396/1396/1396 1398/1398/1398 1397/1397/1397
f 1399/1399/1399 1401/1401/1401 1400/1400/1400

o collision_PZ_item_37
v -34.546278 5.77105613 15.8956231
v -36.879097 5.77105613 14.3119296
v -36.6281548 5.77105613 14.0128612
v -34.7972279 5.77105613 16.1946868
v -34.546278 4.77105565 15.8956231
v -36.6281548 5.77105613 14.0128612
v -36.6281548 4.77105565 14.0128612
v -34.546278 5.77105613 15.8956231
v -36.6281548 4.77105565 14.0128612
v -36.879097 5.77105613 14.3119296
v -36.879097 4.77105565 14.3119296
v -36.6281548 5.77105613 14.0128612
v -36.879097 4.77105565 14.3119296
v -34.7972279 5.77105613 16.1946868
v -34.7972279 4.77105565 16.1946868
v -36.879097 5.77105613 14.3119296
v -34.7972279 4.77105565 16.1946868
v -34.546278 5.77105613 15.8956231
v -34.546278 4.77105565 15.8956231
v -34.7972279 5.77105613 16.1946868
vt 0.411769807 0.801583469
vt 0.438436508 0.625241041
vt 0.411769807 0.625241041
vt 0.438436508 0.801583469
vt 0.525347888 0.677529454
vt 0.441178024 0.996701241
vt 0.525347888 0.996701241
vt 0.441178083 0.677529454
vt 0.439485848 0.931153834
vt 0.409644306 0.831641197
vt 0.409644306 0.931153774
vt 0.439485848 0.831641197
vt 0.525347888 0.677529454
vt 0.441178024 0.996701241
vt 0.525347888 0.996701241
vt 0.441178024 0.677529454
vt 0.439286292 0.931153834
vt 0.409444809 0.831641197
vt 0.409444809 0.931153774
vt 0.439286292 0.831641197
vn 0 1 2.22044605e-16
vn 0 1 2.22044605e-16
vn 0 1 2.22044605e-16
vn 0 1 2.22044605e-16
vn 0.670748619 1.64687101e-16 -0.741684765
vn 0.670748619 1.64687101e-16 -0.741684765
vn 0.670748619 1.64687101e-16 -0.741684765
vn 0.670748619 1.64687101e-16 -0.741684765
vn -0.766052042 1.4272551e-16 -0.642778554
vn -0.766052042 1.4272551e-16 -0.642778554
vn -0.766052042 1.4272551e-16 -0.642778554
vn -0.766052042 1.4272551e-16 -0.642778554
vn -0.670749029 -1.64687018e-16 0.741684394
vn -0.670749029 -1.64687018e-16 0.741684394
vn -0.670749029 -1.64687018e-16 0.741684394
vn -0.670749029 -1.64687018e-16 0.741684394
vn 0.766037355 -1.42729397e-16 0.642796057
vn 0.766037355 -1.42729397e-16 0.642796057
vn 0.766037355 -1.42729397e-16 0.642796057
vn 0.766037355 -1.42729397e-16 0.642796057

g collision_PZ_item_37_submesh_0
usemtl collision_14
f 1402/1402/1402 1404/1404/1404 1403/1403/1403
f 1402/1402/1402 1403/1403/1403 1405/1405/1405
f 1406/1406/1406 1408/1408/1408 1407/1407/1407
f 1406/1406/1406 1407/1407/1407 1409/1409/1409
f 1410/1410/1410 1412/1412/1412 1411/1411/1411
f 1410/1410/1410 1411/1411/1411 1413/1413/1413
f 1414/1414/1414 1416/1416/1416 1415/1415/1415
f 1414/1414/1414 1415/1415/1415 1417/1417/1417
f 1418/1418/1418 1420/1420/1420 1419/1419/1419
f 1418/1418/1418 1419/1419/1419 1421/1421/1421

o collision_PZ_item_38
v -43.0729847 5.77105613 9.26766625
v -45.8851089 5.77105613 9.06255665
v -45.8173218 5.77105613 8.67808333
v -43.1407795 5.77105613 9.65213671
v -43.0729847 4.77105565 9.26766625
v -45.8173218 5.77105613 8.67808333
v -45.8173218 4.77105565 8.67808333
v -43.0729847 5.77105613 9.26766625
v -45.8173218 4.77105565 8.67808333
v -45.8851089 5.77105613 9.06255665
v -45.8851089 4.77105565 9.06255665
v -45.8173218 5.77105613 8.67808333
v -45.8851089 4.77105565 9.06255665
v -43.1407795 5.77105613 9.65213671
v -43.1407795 4.77105565 9.65213671
v -45.8851089 5.77105613 9.06255665
v -43.1407795 4.77105565 9.65213671
v -43.0729847 5.77105613 9.26766625
v -43.0729847 4.77105565 9.26766625
v -43.1407795 5.77105613 9.65213671
vt 0.411769807 0.801583469
vt 0.438436508 0.625241041
vt 0.411769807 0.625241041
vt 0.438436508 0.801583469
vt 0.525347888 0.677529454
vt 0.441178024 0.996701241
vt 0.525347888 0.996701241
vt 0.441178083 0.677529454
vt 0.439485848 0.931153834
vt 0.409644306 0.831641197
vt 0.409644306 0.931153774
vt 0.439485848 0.831641197
vt 0.525347888 0.677529454
vt 0.441178024 0.996701241
vt 0.525347888 0.996701241
vt 0.441178024 0.677529454
vt 0.439286292 0.931153834
vt 0.409444809 0.831641197
vt 0.409444809 0.931153774
vt 0.439286292 0.831641197
vn 0 1 2.22044605e-16
vn 0 1 2.22044605e-16
vn 0 1 2.22044605e-16
vn 0 1 2.22044605e-16
vn 0.21004364 2.17091236e-16 -0.977692012
vn 0.21004364 2.17091236e-16 -0.977692012
vn 0.21004364 2.17091236e-16 -0.977692012
vn 0.21004364 2.17091236e-16 -0.977692012
vn -0.984810316 3.85544128e-17 -0.173633639
vn -0.984810316 3.85544128e-17 -0.173633639
vn -0.984810316 3.85544128e-17 -0.173633639
vn -0.984810316 3.85544128e-17 -0.173633639
vn -0.210043231 -2.17091256e-16 0.977692099
vn -0.210043231 -2.17091256e-16 0.977692099
vn -0.210043231 -2.17091256e-16 0.977692099
vn -0.210043231 -2.17091256e-16 0.977692099
vn 0.984806755 -3.85588977e-17 0.173653837
vn 0.984806755 -3.85588977e-17 0.173653837
vn 0.984806755 -3.85588977e-17 0.173653837
vn 0.984806755 -3.85588977e-17 0.173653837

g collision_PZ_item_38_submesh_0
usemtl collision_15
f 1422/1422/1422 1424/1424/1424 1423/1423/1423
f 1422/1422/1422 1423/1423/1423 1425/1425/1425
f 1426/1426/1426 1428/1428/1428 1427/1427/1427
f 1426/1426/1426 1427/1427/1427 1429/1429/1429
f 1430/1430/1430 1432/1432/1432 1431/1431/1431
f 1430/1430/1430 1431/1431/1431 1433/1433/1433
f 1434/1434/1434 1436/1436/1436 1435/1435/1435
f 1434/1434/1434 1435/1435/1435 1437/1437/1437
f 1438/1438/1438 1440/1440/1440 1439/1439/1439
f 1438/1438/1438 1439/1439/1439 1441/1441/1441

o collision_ground01
v 35.0680389 -0.095788 -26.9743109
v 46.8705101 -0.095788 -26.9743109
v 39.4613419 -0.095788 -24.3549166
v 35.0680389 -0.095788 -24.3547583
v 43.8546486 -0.095788 -24.355073
v -12.0919399 -0.095788 -26.9743109
v -0.339372264 -0.095788 -26.9743109
v -6.21565628 -0.095788 -24.3529043
v -0.339372264 -0.095788 -24.3531504
v -12.0919399 -0.095788 -24.3526602
v -35.5970764 -0.095788 -26.9743109
v -23.8445072 -0.095788 -26.9743109
v -29.7207928 -0.095788 -24.3520613
v -23.8445072 -0.095788 -24.35217
v -35.5970764 -0.095788 -24.3519545
v 11.4630976 -0.095788 -26.9743109
v 23.2655678 -0.095788 -26.9743109
v 17.3643322 -0.095788 -24.3538885
v 23.2655678 -0.095788 -24.3541307
v 11.4630976 -0.095788 -24.3536425
v 23.2655678 -0.095788 10.1001711
v 29.1668053 -0.095788 3.34760809
v 29.1668034 -0.095788 10.0970306
v 23.2655678 -0.095788 3.34980607
v -23.8445072 -0.095788 10.1197929
v -17.9682236 -0.095788 3.3618207
v -17.9682236 -0.095788 10.1173382
v -23.8445053 -0.095788 3.36353898
v -47.3496437 -0.095788 10.1240759
v -47.3496437 -0.095788 -2.43682575
v -44.4760551 -0.095788 3.36616922
v -44.4760551 -0.095788 -2.4370346
v -44.4760551 -0.095788 10.1235523
v -0.339372264 -0.095788 10.1099768
v 5.56186294 -0.095788 3.35495305
v 5.56186294 -0.095788 10.1075249
v -0.339372279 -0.095788 3.35666871
v 23.2655678 -0.095788 -2.4463799
v 29.1668053 -0.095788 -8.09536457
v 29.1668034 -0.095788 -2.44763493
v 23.2655678 -0.095788 -8.09442329
v -23.8445072 -0.095788 -2.43853473
v -17.9682236 -0.095788 -8.08927631
v -17.9682236 -0.095788 -2.43951726
v -23.8445053 -0.095788 -8.08854103
v -47.3496437 -0.095788 -2.43682575
v -47.3496437 -0.095788 -13.7411499
v -44.4760551 -0.095788 -8.08741378
v -44.4760551 -0.095788 -13.7412538
v -44.4760551 -0.095788 -2.4370346
v -0.339372264 -0.095788 -2.44246006
v 5.56186294 -0.095788 -8.09221935
v 5.56186294 -0.095788 -2.44343996
v -0.339372279 -0.095788 -8.09148311
v -23.8445072 -0.095788 -26.9743109
v -12.0919399 -0.095788 -26.9743109
v -17.9682236 -0.095788 -24.3524141
v -12.0919399 -0.095788 -24.3526602
v -23.8445072 -0.095788 -24.35217
v -0.339372264 -0.095788 23.9541712
v -12.0919399 -0.095788 25.2816782
v -6.21565628 -0.095788 21.23734
v -0.339372264 -0.095788 20.5638514
v -12.0919399 -0.095788 21.9108305
v -0.339372264 -0.095788 -2.44246006
v -6.21565628 -0.095788 -8.09074688
v -0.339372279 -0.095788 -8.09148311
v -6.21565628 -0.095788 -2.44147992
v -47.3496437 -0.095788 -26.9743109
v -35.5970764 -0.095788 -26.9743109
v -40.0365639 -0.095788 -24.3518724
v -44.4760551 -0.095788 -24.3517923
v -35.5970764 -0.095788 -24.3519545
v -23.8445072 -0.095788 26.2822561
v -35.5970764 -0.095788 26.7951212
v -29.7207928 -0.095788 23.4650106
v -23.8445072 -0.095788 23.1541739
v -35.5970764 -0.095788 23.7758493
v -23.8445072 -0.095788 -2.43853473
v -29.7207928 -0.095788 -8.08821868
v -23.8445053 -0.095788 -8.08854103
v -29.7207928 -0.095788 -2.43810749
v 23.2655678 -0.095788 17.2482557
v 29.1668034 -0.095788 16.4140024
v 23.2655678 -0.095788 20.6345854
v 35.0680389 -0.095788 18.6693926
v 35.0680389 -0.095788 15.5797482
v -23.8445072 -0.095788 23.1541739
v -17.9682236 -0.095788 22.5325003
v -23.8445072 -0.095788 26.2822561
v -12.0919399 -0.095788 25.2816782
v -12.0919399 -0.095788 21.9108305
v -47.3496437 -0.095788 27.3079882
v -47.3496437 -0.095788 10.1240759
v -44.4760551 -0.095788 17.1062613
v -44.4760551 -0.095788 10.1235523
v -44.4760551 -0.095788 24.0889711
v -0.339372264 -0.095788 20.5638514
v 5.56186294 -0.095788 19.7867613
v -0.339372264 -0.095788 23.9541712
v 11.4630976 -0.095788 22.4598665
v 11.4630976 -0.095788 19.0096731
v -0.339372264 -0.095788 10.1099768
v -6.21565628 -0.095788 3.35838533
v -0.339372279 -0.095788 3.35666871
v -6.21565628 -0.095788 10.1124306
v -23.8445072 -0.095788 10.1197929
v -29.7207928 -0.095788 3.36428786
v -23.8445053 -0.095788 3.36353898
v -29.7207928 -0.095788 10.120863
v -0.339372264 -0.095788 -26.9743109
v 11.4630976 -0.095788 -26.9743109
v 5.56186294 -0.095788 -24.3533964
v 11.4630976 -0.095788 -24.3536425
v -0.339372264 -0.095788 -24.3531504
v 23.2655678 -0.095788 10.1001711
v 17.3643322 -0.095788 3.35152173
v 23.2655678 -0.095788 3.34980607
v 17.3643322 -0.095788 10.102623
v 23.2655678 -0.095788 -2.4463799
v 17.3643322 -0.095788 -8.09368896
v 23.2655678 -0.095788 -8.09442329
v 17.3643322 -0.095788 -2.4454
v 23.2655678 -0.095788 20.6345854
v 11.4630976 -0.095788 22.4598665
v 17.3643322 -0.095788 18.1289644
v 23.2655678 -0.095788 17.2482557
v 11.4630976 -0.095788 19.0096731
v 23.2655678 -0.095788 -26.9743109
v 35.0680389 -0.095788 -26.9743109
v 29.1668034 -0.095788 -24.3544435
v 35.0680389 -0.095788 -24.3547583
v 23.2655678 -0.095788 -24.3541307
v 46.8705101 -0.095788 10.0876102
v 43.8546486 -0.095788 10.0907517
v 43.8546524 -0.095788 3.34321309
v 46.8705101 -0.095788 -2.45140004
v 43.8546486 -0.095788 -2.45014476
v 46.8705101 -0.095788 -2.45140004
v 43.8546486 -0.095788 -2.45014476
v 43.8546524 -0.095788 -8.09724712
v 46.8705101 -0.095788 -13.7484398
v 43.8546486 -0.095788 -13.7478123
v 46.8705101 -0.095788 17.2922297
v 35.0680389 -0.095788 18.6693926
v 39.4613419 -0.095788 15.1706505
v 43.8546486 -0.095788 14.7615519
v 35.0680389 -0.095788 15.5797482
v 43.8546486 -0.095788 -13.7478123
v 43.8546524 -0.095788 -19.1385069
v 46.8705101 -0.095788 -13.7484398
v 46.8705101 -0.095788 -26.9743109
v 43.8546486 -0.095788 -24.355073
v 43.8546486 -0.095788 -2.45014476
v 39.4613419 -0.095788 3.34431196
v 39.4613419 -0.095788 -2.44951748
v 43.8546524 -0.095788 3.34321309
v 43.8546486 -0.095788 -13.7478123
v 39.4613419 -0.095788 -8.09677696
v 39.4613419 -0.095788 -13.7474985
v 43.8546524 -0.095788 -8.09724712
v 35.0680389 -0.095788 -24.3547583
v 39.4613419 -0.095788 -19.1382704
v 35.0680428 -0.095788 -19.1380358
v 39.4613419 -0.095788 -24.3549166
v -12.0919399 -0.095788 -24.3526602
v -6.21565628 -0.095788 -19.1352568
v -12.0919399 -0.095788 -19.1348867
v -6.21565628 -0.095788 -24.3529043
v -35.5970764 -0.095788 -24.3519545
v -29.7207928 -0.095788 -19.1339922
v -35.5970764 -0.095788 -19.1338301
v -29.7207928 -0.095788 -24.3520613
v 11.4630976 -0.095788 -24.3536425
v 17.3643322 -0.095788 -19.1367292
v 11.4630976 -0.095788 -19.1363611
v 17.3643322 -0.095788 -24.3538885
v -23.8445072 -0.095788 -24.35217
v -17.9682236 -0.095788 -19.1345205
v -23.8445053 -0.095788 -19.1341543
v -17.9682236 -0.095788 -24.3524141
v -0.339372264 -0.095788 -24.3531504
v 5.56186294 -0.095788 -19.135993
v -0.339372279 -0.095788 -19.1356249
v 5.56186294 -0.095788 -24.3533964
v 23.2655678 -0.095788 -24.3541307
v 29.1668053 -0.095788 -19.1375647
v 23.2655678 -0.095788 -19.1370954
v 29.1668034 -0.095788 -24.3544435
v -44.4760551 -0.095788 10.1235523
v -40.0365639 -0.095788 3.36560297
v -40.0365639 -0.095788 10.1227436
v -44.4760551 -0.095788 3.36616922
v -44.4760551 -0.095788 -2.4370346
v -40.0365639 -0.095788 -8.08765602
v -40.0365639 -0.095788 -2.43735742
v -44.4760551 -0.095788 -8.08741378
v -44.4760551 -0.095788 -13.7412538
v -40.0365639 -0.095788 -19.133708
v -40.0365677 -0.095788 -13.741415
v -44.4760551 -0.095788 -19.1335878
v 46.8705101 -0.095788 17.2922297
v 43.8546486 -0.095788 14.7615519
v 46.8705101 -0.095788 10.0876102
v 43.8546486 -0.095788 10.0907517
v 43.8546486 -0.095788 14.7615519
v 39.4613419 -0.095788 10.0923204
v 43.8546486 -0.095788 10.0907517
v 39.4613419 -0.095788 15.1706505
v 35.0680389 -0.095788 15.5797482
v 29.1668034 -0.095788 10.0970306
v 35.0680389 -0.095788 10.0938911
v 29.1668034 -0.095788 16.4140024
v 23.2655678 -0.095788 17.2482557
v 17.3643322 -0.095788 14.1157932
v 23.2655678 -0.095788 13.6742134
v 17.3643322 -0.095788 18.1289644
v 17.3643322 -0.095788 10.102623
v 23.2655678 -0.095788 10.1001711
v 11.4630976 -0.095788 19.0096731
v 5.56186294 -0.095788 14.9471436
v 11.4630976 -0.095788 14.5573731
v 5.56186294 -0.095788 19.7867613
v 5.56186294 -0.095788 10.1075249
v 11.4630976 -0.095788 10.1050739
v -0.339372264 -0.095788 20.5638514
v -6.21565628 -0.095788 15.6748867
v -0.339372264 -0.095788 15.3369131
v -6.21565628 -0.095788 21.23734
v -6.21565628 -0.095788 10.1124306
v -0.339372264 -0.095788 10.1099768
v -12.0919399 -0.095788 21.9108305
v -17.9682236 -0.095788 16.3249197
v -12.0919399 -0.095788 16.0128565
v -17.9682236 -0.095788 22.5325003
v -17.9682236 -0.095788 10.1173382
v -12.0919399 -0.095788 10.1148844
v -23.8445072 -0.095788 23.1541739
v -29.7207928 -0.095788 16.7929373
v -23.8445072 -0.095788 16.6369829
v -29.7207928 -0.095788 23.4650106
v -29.7207928 -0.095788 10.120863
v -23.8445072 -0.095788 10.1197929
v -35.5970764 -0.095788 23.7758493
v -40.0365639 -0.095788 17.0275774
v -35.5970764 -0.095788 16.9488916
v -40.0365639 -0.095788 23.9324102
v -40.0365639 -0.095788 10.1227436
v -35.5970764 -0.095788 10.1219339
v -47.3496437 -0.095788 27.3079882
v -44.4760551 -0.095788 24.0889711
v -40.0365639 -0.095788 23.9324102
v -35.5970764 -0.095788 26.7951212
v -35.5970764 -0.095788 23.7758493
v -47.3496437 -0.095788 -26.9743109
v -44.4760551 -0.095788 -24.3517923
v -44.4760551 -0.095788 -19.1335878
v -47.3496437 -0.095788 -13.7411499
v -44.4760551 -0.095788 -13.7412538
v 29.1668034 -0.095788 10.0970306
v 35.0680428 -0.095788 3.34541059
v 35.0680389 -0.095788 10.0938911
v 29.1668053 -0.095788 3.34760809
v -17.9682236 -0.095788 10.1173382
v -12.0919399 -0.095788 3.36010218
v -12.0919399 -0.095788 10.1148844
v -17.9682236 -0.095788 3.3618207
v 5.56186294 -0.095788 10.1075249
v 11.4630976 -0.095788 3.35323739
v 11.4630976 -0.095788 10.1050739
v 5.56186294 -0.095788 3.35495305
v 29.1668034 -0.095788 -2.44763493
v 35.0680428 -0.095788 -8.09630584
v 35.0680389 -0.095788 -2.44888997
v 29.1668053 -0.095788 -8.09536457
v -17.9682236 -0.095788 -2.43951726
v -12.0919399 -0.095788 -8.09001255
v -12.0919399 -0.095788 -2.44050002
v -17.9682236 -0.095788 -8.08927631
v 5.56186294 -0.095788 -2.44343996
v 11.4630976 -0.095788 -8.09295463
v 11.4630976 -0.095788 -2.4444201
v 5.56186294 -0.095788 -8.09221935
v -6.21565628 -0.095788 -13.7434778
v -12.0919399 -0.095788 -8.09001255
v -12.091939 -0.095788 -13.7429886
v -6.21565628 -0.095788 -8.09074688
v -29.7207947 -0.095788 -13.7417936
v -35.5970764 -0.095788 -8.0878973
v -35.5970802 -0.095788 -13.7415771
v -29.7207928 -0.095788 -8.08821868
v -6.21565628 -0.095788 -2.44147992
v -12.0919399 -0.095788 3.36010218
v -12.0919399 -0.095788 -2.44050002
v -6.21565628 -0.095788 3.35838533
v -29.7207928 -0.095788 -2.43810749
v -35.5970764 -0.095788 3.36503721
v -35.5970764 -0.095788 -2.43768024
v -29.7207928 -0.095788 3.36428786
v 17.3643322 -0.095788 -2.4454
v 11.4630976 -0.095788 3.35323739
v 11.4630976 -0.095788 -2.4444201
v 17.3643322 -0.095788 3.35152173
v 17.3643322 -0.095788 -13.7454405
v 11.4630976 -0.095788 -8.09295463
v 11.4630976 -0.095788 -13.7449522
v 17.3643322 -0.095788 -8.09368896
v 39.4613419 -0.095788 -2.44951748
v 35.0680428 -0.095788 3.34541059
v 35.0680389 -0.095788 -2.44888997
v 39.4613419 -0.095788 3.34431196
v 39.4613419 -0.095788 -13.7474985
v 35.0680428 -0.095788 -8.09630584
v 35.0680389 -0.095788 -13.7471847
v 39.4613419 -0.095788 -8.09677696
v 39.4613419 -0.095788 -13.7474985
v 43.8546524 -0.095788 -19.1385069
v 43.8546486 -0.095788 -13.7478123
v 39.4613419 -0.095788 -19.1382704
v -6.21565628 -0.095788 -13.7434778
v -0.339372279 -0.095788 -19.1356249
v -0.339372264 -0.095788 -13.7439699
v -6.21565628 -0.095788 -19.1352568
v -29.7207947 -0.095788 -13.7417936
v -23.8445053 -0.095788 -19.1341543
v -23.8445072 -0.095788 -13.7420092
v -29.7207928 -0.095788 -19.1339922
v 17.3643322 -0.095788 -13.7454405
v 23.2655678 -0.095788 -19.1370954
v 23.2655678 -0.095788 -13.7459297
v 17.3643322 -0.095788 -19.1367292
v -17.9682236 -0.095788 -13.7424984
v -12.0919399 -0.095788 -19.1348867
v -12.091939 -0.095788 -13.7429886
v -17.9682236 -0.095788 -19.1345205
v 5.56186294 -0.095788 -13.7444611
v 11.4630976 -0.095788 -19.1363611
v 11.4630976 -0.095788 -13.7449522
v 5.56186294 -0.095788 -19.135993
v 29.1668034 -0.095788 -13.7465572
v 35.0680428 -0.095788 -19.1380358
v 35.0680389 -0.095788 -13.7471847
v 29.1668053 -0.095788 -19.1375647
v -40.0365639 -0.095788 10.1227436
v -35.5970764 -0.095788 3.36503721
v -35.5970764 -0.095788 10.1219339
v -40.0365639 -0.095788 3.36560297
v -40.0365639 -0.095788 -2.43735742
v -35.5970764 -0.095788 -8.0878973
v -35.5970764 -0.095788 -2.43768024
v -40.0365639 -0.095788 -8.08765602
v -40.0365677 -0.095788 -13.741415
v -35.5970764 -0.095788 -19.1338301
v -35.5970802 -0.095788 -13.7415771
v -40.0365639 -0.095788 -19.133708
v 39.4613419 -0.095788 10.0923204
v 35.0680389 -0.095788 15.5797482
v 35.0680389 -0.095788 10.0938911
v 39.4613419 -0.095788 15.1706505
v 29.1668034 -0.095788 10.0970306
v 29.1668034 -0.095788 16.4140024
v 23.2655678 -0.095788 13.6742134
v 23.2655678 -0.095788 10.1001711
v 23.2655678 -0.095788 17.2482557
v 17.3643322 -0.095788 10.102623
v 11.4630976 -0.095788 14.5573731
v 11.4630976 -0.095788 10.1050739
v 17.3643322 -0.095788 14.1157932
v 17.3643322 -0.095788 18.1289644
v 11.4630976 -0.095788 19.0096731
v 5.56186294 -0.095788 10.1075249
v -0.339372264 -0.095788 15.3369131
v -0.339372264 -0.095788 10.1099768
v 5.56186294 -0.095788 14.9471436
v 5.56186294 -0.095788 19.7867613
v -0.339372264 -0.095788 20.5638514
v -6.21565628 -0.095788 10.1124306
v -12.0919399 -0.095788 16.0128565
v -12.0919399 -0.095788 10.1148844
v -6.21565628 -0.095788 15.6748867
v -6.21565628 -0.095788 21.23734
v -12.0919399 -0.095788 21.9108305
v -17.9682236 -0.095788 10.1173382
v -23.8445072 -0.095788 16.6369829
v -23.8445072 -0.095788 10.1197929
v -17.9682236 -0.095788 16.3249197
v -17.9682236 -0.095788 22.5325003
v -23.8445072 -0.095788 23.1541739
v -29.7207928 -0.095788 10.120863
v -35.5970764 -0.095788 16.9488916
v -35.5970764 -0.095788 10.1219339
v -29.7207928 -0.095788 16.7929373
v -29.7207928 -0.095788 23.4650106
v -35.5970764 -0.095788 23.7758493
v -40.0365639 -0.095788 10.1227436
v -44.4760551 -0.095788 17.1062613
v -44.4760551 -0.095788 10.1235523
v -40.0365639 -0.095788 17.0275774
v -40.0365639 -0.095788 23.9324102
v -44.4760551 -0.095788 24.0889711
v 29.1668053 -0.095788 3.34760809
v 23.2655678 -0.095788 -2.4463799
v 29.1668034 -0.095788 -2.44763493
v 23.2655678 -0.095788 3.34980607
v -17.9682236 -0.095788 3.3618207
v -23.8445072 -0.095788 -2.43853473
v -17.9682236 -0.095788 -2.43951726
v -23.8445053 -0.095788 3.36353898
v 5.56186294 -0.095788 3.35495305
v -0.339372264 -0.095788 -2.44246006
v 5.56186294 -0.095788 -2.44343996
v -0.339372279 -0.095788 3.35666871
v 29.1668053 -0.095788 -8.09536457
v 23.2655678 -0.095788 -13.7459297
v 29.1668034 -0.095788 -13.7465572
v 23.2655678 -0.095788 -8.09442329
v -17.9682236 -0.095788 -8.08927631
v -23.8445072 -0.095788 -13.7420092
v -17.9682236 -0.095788 -13.7424984
v -23.8445053 -0.095788 -8.08854103
v 5.56186294 -0.095788 -8.09221935
v -0.339372264 -0.095788 -13.7439699
v 5.56186294 -0.095788 -13.7444611
v -0.339372279 -0.095788 -8.09148311
v -0.339372279 -0.095788 -8.09148311
v -6.21565628 -0.095788 -13.7434778
v -0.339372264 -0.095788 -13.7439699
v -6.21565628 -0.095788 -8.09074688
v -23.8445053 -0.095788 -8.08854103
v -29.7207947 -0.095788 -13.7417936
v -23.8445072 -0.095788 -13.7420092
v -29.7207928 -0.095788 -8.08821868
v -0.339372279 -0.095788 3.35666871
v -6.21565628 -0.095788 -2.44147992
v -0.339372264 -0.095788 -2.44246006
v -6.21565628 -0.095788 3.35838533
v -23.8445053 -0.095788 3.36353898
v -29.7207928 -0.095788 -2.43810749
v -23.8445072 -0.095788 -2.43853473
v -29.7207928 -0.095788 3.36428786
v 23.2655678 -0.095788 3.34980607
v 17.3643322 -0.095788 -2.4454
v 23.2655678 -0.095788 -2.4463799
v 17.3643322 -0.095788 3.35152173
v 23.2655678 -0.095788 -8.09442329
v 17.3643322 -0.095788 -13.7454405
v 23.2655678 -0.095788 -13.7459297
v 17.3643322 -0.095788 -8.09368896
v 39.4613419 -0.095788 3.34431196
v 43.8546486 -0.095788 10.0907517
v 39.4613419 -0.095788 10.0923204
v 43.8546524 -0.095788 3.34321309
v 39.4613419 -0.095788 -8.09677696
v 43.8546486 -0.095788 -2.45014476
v 39.4613419 -0.095788 -2.44951748
v 43.8546524 -0.095788 -8.09724712
v 35.0680428 -0.095788 -19.1380358
v 39.4613419 -0.095788 -13.7474985
v 35.0680389 -0.095788 -13.7471847
v 39.4613419 -0.095788 -19.1382704
v -12.0919399 -0.095788 -19.1348867
v -6.21565628 -0.095788 -13.7434778
v -12.091939 -0.095788 -13.7429886
v -6.21565628 -0.095788 -19.1352568
v -35.5970764 -0.095788 -19.1338301
v -29.7207947 -0.095788 -13.7417936
v -35.5970802 -0.095788 -13.7415771
v -29.7207928 -0.095788 -19.1339922
v 11.4630976 -0.095788 -19.1363611
v 17.3643322 -0.095788 -13.7454405
v 11.4630976 -0.095788 -13.7449522
v 17.3643322 -0.095788 -19.1367292
v -23.8445053 -0.095788 -19.1341543
v -17.9682236 -0.095788 -13.7424984
v -23.8445072 -0.095788 -13.7420092
v -17.9682236 -0.095788 -19.1345205
v -0.339372279 -0.095788 -19.1356249
v 5.56186294 -0.095788 -13.7444611
v -0.339372264 -0.095788 -13.7439699
v 5.56186294 -0.095788 -19.135993
v 23.2655678 -0.095788 -19.1370954
v 29.1668034 -0.095788 -13.7465572
v 23.2655678 -0.095788 -13.7459297
v 29.1668053 -0.095788 -19.1375647
v -40.0365639 -0.095788 3.36560297
v -44.4760551 -0.095788 -2.4370346
v -40.0365639 -0.095788 -2.43735742
v -44.4760551 -0.095788 3.36616922
v -40.0365639 -0.095788 -8.08765602
v -44.4760551 -0.095788 -13.7412538
v -40.0365677 -0.095788 -13.741415
v -44.4760551 -0.095788 -8.08741378
v -40.0365639 -0.095788 -19.133708
v -44.4760551 -0.095788 -24.3517923
v -40.0365639 -0.095788 -24.3518724
v -44.4760551 -0.095788 -19.1335878
v 35.0680428 -0.095788 3.34541059
v 29.1668034 -0.095788 -2.44763493
v 35.0680389 -0.095788 -2.44888997
v 29.1668053 -0.095788 3.34760809
v -12.0919399 -0.095788 3.36010218
v -17.9682236 -0.095788 -2.43951726
v -12.0919399 -0.095788 -2.44050002
v -17.9682236 -0.095788 3.3618207
v 11.4630976 -0.095788 3.35323739
v 5.56186294 -0.095788 -2.44343996
v 11.4630976 -0.095788 -2.4444201
v 5.56186294 -0.095788 3.35495305
v 35.0680428 -0.095788 -8.09630584
v 29.1668034 -0.095788 -13.7465572
v 35.0680389 -0.095788 -13.7471847
v 29.1668053 -0.095788 -8.09536457
v -12.0919399 -0.095788 -8.09001255
v -17.9682236 -0.095788 -13.7424984
v -12.091939 -0.095788 -13.7429886
v -17.9682236 -0.095788 -8.08927631
v 11.4630976 -0.095788 -8.09295463
v 5.56186294 -0.095788 -13.7444611
v 11.4630976 -0.095788 -13.7449522
v 5.56186294 -0.095788 -8.09221935
v -12.0919399 -0.095788 -8.09001255
v -6.21565628 -0.095788 -2.44147992
v -12.0919399 -0.095788 -2.44050002
v -6.21565628 -0.095788 -8.09074688
v -35.5970764 -0.095788 -8.0878973
v -29.7207928 -0.095788 -2.43810749
v -35.5970764 -0.095788 -2.43768024
v -29.7207928 -0.095788 -8.08821868
v -12.0919399 -0.095788 3.36010218
v -6.21565628 -0.095788 10.1124306
v -12.0919399 -0.095788 10.1148844
v -6.21565628 -0.095788 3.35838533
v -35.5970764 -0.095788 3.36503721
v -29.7207928 -0.095788 10.120863
v -35.5970764 -0.095788 10.1219339
v -29.7207928 -0.095788 3.36428786
v 11.4630976 -0.095788 3.35323739
v 17.3643322 -0.095788 10.102623
v 11.4630976 -0.095788 10.1050739
v 17.3643322 -0.095788 3.35152173
v 11.4630976 -0.095788 -8.09295463
v 17.3643322 -0.095788 -2.4454
v 11.4630976 -0.095788 -2.4444201
v 17.3643322 -0.095788 -8.09368896
v 35.0680428 -0.095788 3.34541059
v 39.4613419 -0.095788 10.0923204
v 35.0680389 -0.095788 10.0938911
v 39.4613419 -0.095788 3.34431196
v 35.0680428 -0.095788 -8.09630584
v 39.4613419 -0.095788 -2.44951748
v 35.0680389 -0.095788 -2.44888997
v 39.4613419 -0.095788 -8.09677696
v 43.8546524 -0.095788 -19.1385069
v 39.4613419 -0.095788 -24.3549166
v 43.8546486 -0.095788 -24.355073
v 39.4613419 -0.095788 -19.1382704
v -0.339372279 -0.095788 -19.1356249
v -6.21565628 -0.095788 -24.3529043
v -0.339372264 -0.095788 -24.3531504
v -6.21565628 -0.095788 -19.1352568
v -23.8445053 -0.095788 -19.1341543
v -29.7207928 -0.095788 -24.3520613
v -23.8445072 -0.095788 -24.35217
v -29.7207928 -0.095788 -19.1339922
v 23.2655678 -0.095788 -19.1370954
v 17.3643322 -0.095788 -24.3538885
v 23.2655678 -0.095788 -24.3541307
v 17.3643322 -0.095788 -19.1367292
v -12.0919399 -0.095788 -19.1348867
v -17.9682236 -0.095788 -24.3524141
v -12.0919399 -0.095788 -24.3526602
v -17.9682236 -0.095788 -19.1345205
v 11.4630976 -0.095788 -19.1363611
v 5.56186294 -0.095788 -24.3533964
v 11.4630976 -0.095788 -24.3536425
v 5.56186294 -0.095788 -19.135993
v 35.0680428 -0.095788 -19.1380358
v 29.1668034 -0.095788 -24.3544435
v 35.0680389 -0.095788 -24.3547583
v 29.1668053 -0.095788 -19.1375647
v -35.5970764 -0.095788 3.36503721
v -40.0365639 -0.095788 -2.43735742
v -35.5970764 -0.095788 -2.43768024
v -40.0365639 -0.095788 3.36560297
v -35.5970764 -0.095788 -8.0878973
v -40.0365677 -0.095788 -13.741415
v -35.5970802 -0.095788 -13.7415771
v -40.0365639 -0.095788 -8.08765602
v -35.5970764 -0.095788 -19.1338301
v -40.0365639 -0.095788 -24.3518724
v -35.5970764 -0.095788 -24.3519545
v -40.0365639 -0.095788 -19.133708
vt 0.731307924 0.000585774542
vt 0.731307924 0.276985317
vt 0.792595625 0.10341353
vt 0.792595625 0.000585774542
vt 0.792595625 0.206241295
vt 0.731307924 0.000585774542
vt 0.731307924 0.276985317
vt 0.792884767 0.138785556
vt 0.792884767 0.276985317
vt 0.792884767 0.000585774542
vt 0.731307924 0.000585774542
vt 0.731307924 0.276985317
vt 0.792884767 0.138785556
vt 0.792884767 0.276985317
vt 0.792884767 0.000585774542
vt 0.731307924 0.000585774542
vt 0.731307924 0.276985317
vt 0.792884767 0.138785556
vt 0.792884767 0.276985317
vt 0.792884767 0.000585774542
vt 0.999138474 0.278737813
vt 0.794003189 0.112050369
vt 0.794003189 0.278737813
vt 0.999138474 0.11196959
vt 0.999138474 0.278737813
vt 0.794003189 0.111481398
vt 0.794003189 0.278737813
vt 0.999138474 0.111420244
vt 0.731173038 0.000585774542
vt 0.731173038 0.276985317
vt 0.792941093 0.138785556
vt 0.792941093 0.276985317
vt 0.792941093 0.000585774542
vt 0.999138474 0.278737813
vt 0.794003189 0.111756369
vt 0.794003189 0.278737813
vt 0.999138474 0.111694887
vt 0.999138474 0.278737813
vt 0.794003189 0.111382321
vt 0.794003189 0.278737813
vt 0.999138474 0.111360006
vt 0.999138474 0.278737813
vt 0.794003189 0.111192413
vt 0.794003189 0.278737813
vt 0.999138474 0.111177139
vt 0.731173038 0.000585774542
vt 0.731173038 0.276985317
vt 0.792941093 0.138785556
vt 0.792941093 0.276985317
vt 0.792941093 0.000585774542
vt 0.999138474 0.278737813
vt 0.794003189 0.111284249
vt 0.794003189 0.278737813
vt 0.999138474 0.111268446
vt 0.731307924 0.000585774542
vt 0.731307924 0.276985317
vt 0.792884767 0.138785556
vt 0.792884767 0.276985317
vt 0.792884767 0.000585774542
vt 0.731307924 0.000585774542
vt 0.731307924 0.276985317
vt 0.792884767 0.138785556
vt 0.792884767 0.000585774542
vt 0.792884767 0.276985317
vt 0.999138474 0.278737813
vt 0.794003189 0.111238368
vt 0.999138474 0.111268446
vt 0.794003189 0.278737813
vt 0.731307924 0.000585774542
vt 0.731307924 0.276985317
vt 0.792595625 0.172360599
vt 0.792595625 0.0677358806
vt 0.792595625 0.276985317
vt 0.731307924 0.000585774542
vt 0.731307924 0.276985317
vt 0.792884767 0.138785556
vt 0.792884767 0.000585774542
vt 0.792884767 0.276985317
vt 0.999138474 0.278737813
vt 0.794003189 0.111159861
vt 0.999138474 0.111177139
vt 0.794003189 0.278737813
vt 0.731307924 0.000585774542
vt 0.731307924 0.138785541
vt 0.792884767 0.000585774542
vt 0.792884767 0.276985317
vt 0.731307924 0.276985317
vt 0.731307924 0.000585774542
vt 0.731307924 0.138785541
vt 0.792884767 0.000585774542
vt 0.792884767 0.276985317
vt 0.731307924 0.276985317
vt 0.731173038 0.0694009587
vt 0.731173038 0.27651614
vt 0.792941093 0.19138521
vt 0.792941093 0.27651614
vt 0.792941093 0.106254272
vt 0.731307924 0.000585774542
vt 0.731307924 0.138785541
vt 0.792884767 0.000585774542
vt 0.792884767 0.276985317
vt 0.731307924 0.276985317
vt 0.999138474 0.278737813
vt 0.794003189 0.111618914
vt 0.999138474 0.111694887
vt 0.794003189 0.278737813
vt 0.999138474 0.278737813
vt 0.794003189 0.111382596
vt 0.999138474 0.111420244
vt 0.794003189 0.278737813
vt 0.731307924 0.000585774542
vt 0.731307924 0.276985317
vt 0.792884767 0.138785556
vt 0.792884767 0.276985317
vt 0.792884767 0.000585774542
vt 0.999138474 0.278737813
vt 0.794003189 0.111893557
vt 0.999138474 0.11196959
vt 0.794003189 0.278737813
vt 0.999138474 0.278737813
vt 0.794003189 0.111329943
vt 0.999138474 0.111360006
vt 0.794003189 0.278737813
vt 0.731307924 0.000585774542
vt 0.731307924 0.276985317
vt 0.792884767 0.138785556
vt 0.792884767 0.000585774542
vt 0.792884767 0.276985317
vt 0.731307924 0.000585774542
vt 0.731307924 0.276985317
vt 0.792884767 0.138785556
vt 0.792884767 0.276985317
vt 0.792884767 0.000585774542
vt 0.731173038 0.27651614
vt 0.792941093 0.27651614
vt 0.792941093 0.172961056
vt 0.731173038 0.0694009587
vt 0.792941093 0.0694059655
vt 0.731173038 0.27651614
vt 0.792941093 0.27651614
vt 0.792941093 0.172959805
vt 0.731173038 0.0694009587
vt 0.792941093 0.0694034621
vt 0.731307924 0.000585774542
vt 0.731307924 0.276985317
vt 0.792595625 0.173456162
vt 0.792595625 0.069927007
vt 0.792595625 0.276985317
vt 0.731173038 0.0693983361
vt 0.731173038 0.150726974
vt 0.792941093 0.0694009587
vt 0.792941093 0.27651614
vt 0.731173038 0.232055604
vt 0.999138474 0.278737813
vt 0.794003189 0.112182282
vt 0.794003189 0.278737813
vt 0.999138474 0.112233721
vt 0.999138474 0.278737813
vt 0.794003189 0.111426003
vt 0.794003189 0.278737813
vt 0.999138474 0.111448027
vt 0.999138474 0.278737813
vt 0.794003189 0.111153305
vt 0.999138474 0.111156844
vt 0.794003189 0.278737813
vt 0.999138474 0.278737813
vt 0.794003189 0.111106396
vt 0.999138474 0.111107677
vt 0.794003189 0.278737813
vt 0.999138474 0.278737813
vt 0.794003189 0.111086845
vt 0.999138474 0.111091606
vt 0.794003189 0.278737813
vt 0.999138474 0.278737813
vt 0.794003189 0.111129254
vt 0.999138474 0.11113099
vt 0.794003189 0.278737813
vt 0.999138474 0.278737813
vt 0.794003189 0.111094877
vt 0.999138474 0.111096904
vt 0.794003189 0.278737813
vt 0.999138474 0.278737813
vt 0.794003189 0.111117929
vt 0.999138474 0.111119471
vt 0.794003189 0.278737813
vt 0.999138474 0.278737813
vt 0.794003189 0.11114224
vt 0.999138474 0.11114224
vt 0.794003189 0.278737813
vt 0.999138474 0.278737813
vt 0.794003189 0.111330412
vt 0.794003189 0.278737813
vt 0.999138474 0.111314595
vt 0.999138474 0.278737813
vt 0.794003189 0.11114224
vt 0.794003189 0.278737813
vt 0.999138474 0.111142039
vt 0.999138474 0.278737813
vt 0.794003189 0.111082293
vt 0.794003189 0.278737813
vt 0.999138474 0.111087583
vt 0.731173038 0.27651614
vt 0.792941093 0.196013391
vt 0.731173038 0.0694009587
vt 0.792941093 0.0694211051
vt 0.999138474 0.0611548871
vt 0.794003189 0.278737813
vt 0.999138474 0.278737813
vt 0.794003189 0.0420529842
vt 0.999138474 0.0229656231
vt 0.794003189 0.278737813
vt 0.999138474 0.278737813
vt 0.794003189 -0.015980592
vt 0.999138474 -0.0549123362
vt 0.794003189 0.0913550854
vt 0.999138474 0.11196959
vt 0.794003189 -0.0960310474
vt 0.794003189 0.278737813
vt 0.999138474 0.278737813
vt 0.999138474 -0.137134939
vt 0.794003189 0.052560132
vt 0.999138474 0.0707553029
vt 0.794003189 -0.173415124
vt 0.794003189 0.278737813
vt 0.999138474 0.278737813
vt 0.999138474 -0.20968093
vt 0.794003189 0.0186025985
vt 0.999138474 0.0343792289
vt 0.794003189 -0.24112384
vt 0.794003189 0.278737813
vt 0.999138474 0.278737813
vt 0.999138474 -0.272552311
vt 0.794003189 -0.0117264222
vt 0.999138474 0.00284036994
vt 0.794003189 -0.301575601
vt 0.794003189 0.278737813
vt 0.999138474 0.278737813
vt 0.999138474 -0.330584109
vt 0.794003189 -0.0335629769
vt 0.999138474 -0.0262784734
vt 0.794003189 -0.345100462
vt 0.794003189 0.278737813
vt 0.999138474 0.278737813
vt 0.999138474 -0.359602153
vt 0.794003189 -0.0445098206
vt 0.999138474 -0.0408326052
vt 0.794003189 -0.366915673
vt 0.794003189 0.278737813
vt 0.999138474 0.278737813
vt 0.793217778 0.000585774542
vt 0.731307924 0.067735061
vt 0.731307924 0.172360182
vt 0.793217778 0.276985317
vt 0.731307924 0.276985317
vt 0.731173038 0.27651614
vt 0.792941093 0.232024252
vt 0.792941093 0.150712132
vt 0.731173038 0.0694009587
vt 0.792941093 0.069400005
vt 0.794003189 0.278737813
vt 0.999138474 0.112145431
vt 0.999138474 0.278737813
vt 0.794003189 0.112050369
vt 0.794003189 0.278737813
vt 0.999138474 0.111557432
vt 0.999138474 0.278737813
vt 0.794003189 0.111481398
vt 0.794003189 0.278737813
vt 0.999138474 0.111832343
vt 0.999138474 0.278737813
vt 0.794003189 0.111756369
vt 0.794003189 0.278737813
vt 0.999138474 0.111418433
vt 0.999138474 0.278737813
vt 0.794003189 0.111382321
vt 0.794003189 0.278737813
vt 0.999138474 0.111222565
vt 0.999138474 0.278737813
vt 0.794003189 0.111192413
vt 0.794003189 0.278737813
vt 0.999138474 0.111314327
vt 0.999138474 0.278737813
vt 0.794003189 0.111284249
vt 0.794003189 0.278737813
vt 0.999138474 0.111222565
vt 0.999138474 0.278737813
vt 0.794003189 0.111238368
vt 0.794003189 0.278737813
vt 0.999138474 0.111156844
vt 0.999138474 0.278737813
vt 0.794003189 0.111159861
vt 0.794003189 0.278737813
vt 0.999138474 0.111557432
vt 0.999138474 0.278737813
vt 0.794003189 0.111618914
vt 0.794003189 0.278737813
vt 0.999138474 0.111360006
vt 0.999138474 0.278737813
vt 0.794003189 0.111382596
vt 0.794003189 0.278737813
vt 0.999138474 0.111832343
vt 0.999138474 0.278737813
vt 0.794003189 0.111893557
vt 0.794003189 0.278737813
vt 0.999138474 0.111314327
vt 0.999138474 0.278737813
vt 0.794003189 0.111329943
vt 0.794003189 0.278737813
vt 0.999138474 0.112145431
vt 0.999138474 0.278737813
vt 0.794003189 0.112182282
vt 0.794003189 0.278737813
vt 0.999138474 0.111418433
vt 0.999138474 0.278737813
vt 0.794003189 0.111426003
vt 0.794003189 0.278737813
vt 0.999138474 0.111164354
vt 0.999138474 0.278737813
vt 0.794003189 0.111153305
vt 0.794003189 0.278737813
vt 0.999138474 0.111119471
vt 0.999138474 0.278737813
vt 0.794003189 0.111106396
vt 0.794003189 0.278737813
vt 0.999138474 0.111096904
vt 0.999138474 0.278737813
vt 0.794003189 0.111086845
vt 0.794003189 0.278737813
vt 0.999138474 0.11114224
vt 0.999138474 0.278737813
vt 0.794003189 0.111129254
vt 0.794003189 0.278737813
vt 0.999138474 0.111107677
vt 0.999138474 0.278737813
vt 0.794003189 0.111094877
vt 0.794003189 0.278737813
vt 0.999138474 0.11113099
vt 0.999138474 0.278737813
vt 0.794003189 0.111117929
vt 0.794003189 0.278737813
vt 0.999138474 0.111156844
vt 0.999138474 0.278737813
vt 0.794003189 0.11114224
vt 0.794003189 0.278737813
vt 0.999138474 0.111360006
vt 0.999138474 0.278737813
vt 0.794003189 0.111330412
vt 0.794003189 0.278737813
vt 0.999138474 0.111156844
vt 0.999138474 0.278737813
vt 0.794003189 0.11114224
vt 0.794003189 0.278737813
vt 0.999138474 0.111091606
vt 0.999138474 0.278737813
vt 0.794003189 0.111082293
vt 0.794003189 0.278737813
vt 0.999138474 0.0229656231
vt 0.999138474 0.278737813
vt 0.794003189 0.0420529842
vt 0.794003189 0.278737813
vt 0.794003189 -0.015980592
vt 0.999138474 0.11196959
vt 0.999138474 0.278737813
vt 0.999138474 -0.0549123362
vt 0.794003189 0.278737813
vt 0.999138474 0.0707553029
vt 0.999138474 0.278737813
vt 0.794003189 0.0913550854
vt 0.794003189 -0.0960310474
vt 0.999138474 -0.137134939
vt 0.794003189 0.278737813
vt 0.999138474 0.0343792289
vt 0.999138474 0.278737813
vt 0.794003189 0.052560132
vt 0.794003189 -0.173415124
vt 0.999138474 -0.20968093
vt 0.794003189 0.278737813
vt 0.999138474 0.00284036994
vt 0.999138474 0.278737813
vt 0.794003189 0.0186025985
vt 0.794003189 -0.24112384
vt 0.999138474 -0.272552311
vt 0.794003189 0.278737813
vt 0.999138474 -0.0262784734
vt 0.999138474 0.278737813
vt 0.794003189 -0.0117264222
vt 0.794003189 -0.301575601
vt 0.999138474 -0.330584109
vt 0.794003189 0.278737813
vt 0.999138474 -0.0408326052
vt 0.999138474 0.278737813
vt 0.794003189 -0.0335629769
vt 0.794003189 -0.345100462
vt 0.999138474 -0.359602153
vt 0.794003189 0.278737813
vt 0.999138474 -0.0481731072
vt 0.999138474 0.278737813
vt 0.794003189 -0.0445098206
vt 0.794003189 -0.366915673
vt 0.999138474 -0.374215156
vt 0.794003189 0.112050369
vt 0.999138474 0.278737813
vt 0.794003189 0.278737813
vt 0.999138474 0.11196959
vt 0.794003189 0.111481398
vt 0.999138474 0.278737813
vt 0.794003189 0.278737813
vt 0.999138474 0.111420244
vt 0.794003189 0.111756369
vt 0.999138474 0.278737813
vt 0.794003189 0.278737813
vt 0.999138474 0.111694887
vt 0.794003189 0.111382321
vt 0.999138474 0.278737813
vt 0.794003189 0.278737813
vt 0.999138474 0.111360006
vt 0.794003189 0.111192413
vt 0.999138474 0.278737813
vt 0.794003189 0.278737813
vt 0.999138474 0.111177139
vt 0.794003189 0.111284249
vt 0.999138474 0.278737813
vt 0.794003189 0.278737813
vt 0.999138474 0.111268446
vt 0.999138474 0.111268446
vt 0.794003189 0.278737813
vt 0.999138474 0.278737813
vt 0.794003189 0.111238368
vt 0.999138474 0.111177139
vt 0.794003189 0.278737813
vt 0.999138474 0.278737813
vt 0.794003189 0.111159861
vt 0.999138474 0.111694887
vt 0.794003189 0.278737813
vt 0.999138474 0.278737813
vt 0.794003189 0.111618914
vt 0.999138474 0.111420244
vt 0.794003189 0.278737813
vt 0.999138474 0.278737813
vt 0.794003189 0.111382596
vt 0.999138474 0.11196959
vt 0.794003189 0.278737813
vt 0.999138474 0.278737813
vt 0.794003189 0.111893557
vt 0.999138474 0.111360006
vt 0.794003189 0.278737813
vt 0.999138474 0.278737813
vt 0.794003189 0.111329943
vt 0.794003189 0.112182282
vt 0.999138474 0.278737813
vt 0.794003189 0.278737813
vt 0.999138474 0.112233721
vt 0.794003189 0.111426003
vt 0.999138474 0.278737813
vt 0.794003189 0.278737813
vt 0.999138474 0.111448027
vt 0.999138474 0.111156844
vt 0.794003189 0.278737813
vt 0.999138474 0.278737813
vt 0.794003189 0.111153305
vt 0.999138474 0.111107677
vt 0.794003189 0.278737813
vt 0.999138474 0.278737813
vt 0.794003189 0.111106396
vt 0.999138474 0.111091606
vt 0.794003189 0.278737813
vt 0.999138474 0.278737813
vt 0.794003189 0.111086845
vt 0.999138474 0.11113099
vt 0.794003189 0.278737813
vt 0.999138474 0.278737813
vt 0.794003189 0.111129254
vt 0.999138474 0.111096904
vt 0.794003189 0.278737813
vt 0.999138474 0.278737813
vt 0.794003189 0.111094877
vt 0.999138474 0.111119471
vt 0.794003189 0.278737813
vt 0.999138474 0.278737813
vt 0.794003189 0.111117929
vt 0.999138474 0.11114224
vt 0.794003189 0.278737813
vt 0.999138474 0.278737813
vt 0.794003189 0.11114224
vt 0.794003189 0.111330412
vt 0.999138474 0.278737813
vt 0.794003189 0.278737813
vt 0.999138474 0.111314595
vt 0.794003189 0.11114224
vt 0.999138474 0.278737813
vt 0.794003189 0.278737813
vt 0.999138474 0.111142039
vt 0.794003189 0.111082293
vt 0.999138474 0.278737813
vt 0.794003189 0.278737813
vt 0.999138474 0.111087583
vt 0.999138474 0.112145431
vt 0.794003189 0.278737813
vt 0.999138474 0.278737813
vt 0.794003189 0.112050369
vt 0.999138474 0.111557432
vt 0.794003189 0.278737813
vt 0.999138474 0.278737813
vt 0.794003189 0.111481398
vt 0.999138474 0.111832343
vt 0.794003189 0.278737813
vt 0.999138474 0.278737813
vt 0.794003189 0.111756369
vt 0.999138474 0.111418433
vt 0.794003189 0.278737813
vt 0.999138474 0.278737813
vt 0.794003189 0.111382321
vt 0.999138474 0.111222565
vt 0.794003189 0.278737813
vt 0.999138474 0.278737813
vt 0.794003189 0.111192413
vt 0.999138474 0.111314327
vt 0.794003189 0.278737813
vt 0.999138474 0.278737813
vt 0.794003189 0.111284249
vt 0.999138474 0.111222565
vt 0.794003189 0.278737813
vt 0.999138474 0.278737813
vt 0.794003189 0.111238368
vt 0.999138474 0.111156844
vt 0.794003189 0.278737813
vt 0.999138474 0.278737813
vt 0.794003189 0.111159861
vt 0.999138474 0.111557432
vt 0.794003189 0.278737813
vt 0.999138474 0.278737813
vt 0.794003189 0.111618914
vt 0.999138474 0.111360006
vt 0.794003189 0.278737813
vt 0.999138474 0.278737813
vt 0.794003189 0.111382596
vt 0.999138474 0.111832343
vt 0.794003189 0.278737813
vt 0.999138474 0.278737813
vt 0.794003189 0.111893557
vt 0.999138474 0.111314327
vt 0.794003189 0.278737813
vt 0.999138474 0.278737813
vt 0.794003189 0.111329943
vt 0.999138474 0.112145431
vt 0.794003189 0.278737813
vt 0.999138474 0.278737813
vt 0.794003189 0.112182282
vt 0.999138474 0.111418433
vt 0.794003189 0.278737813
vt 0.999138474 0.278737813
vt 0.794003189 0.111426003
vt 0.999138474 0.111164354
vt 0.794003189 0.278737813
vt 0.999138474 0.278737813
vt 0.794003189 0.111153305
vt 0.999138474 0.111119471
vt 0.794003189 0.278737813
vt 0.999138474 0.278737813
vt 0.794003189 0.111106396
vt 0.999138474 0.111096904
vt 0.794003189 0.278737813
vt 0.999138474 0.278737813
vt 0.794003189 0.111086845
vt 0.999138474 0.11114224
vt 0.794003189 0.278737813
vt 0.999138474 0.278737813
vt 0.794003189 0.111129254
vt 0.999138474 0.111107677
vt 0.794003189 0.278737813
vt 0.999138474 0.278737813
vt 0.794003189 0.111094877
vt 0.999138474 0.11113099
vt 0.794003189 0.278737813
vt 0.999138474 0.278737813
vt 0.794003189 0.111117929
vt 0.999138474 0.111156844
vt 0.794003189 0.278737813
vt 0.999138474 0.278737813
vt 0.794003189 0.11114224
vt 0.999138474 0.111360006
vt 0.794003189 0.278737813
vt 0.999138474 0.278737813
vt 0.794003189 0.111330412
vt 0.999138474 0.111156844
vt 0.794003189 0.278737813
vt 0.999138474 0.278737813
vt 0.794003189 0.11114224
vt 0.999138474 0.111091606
vt 0.794003189 0.278737813
vt 0.999138474 0.278737813
vt 0.794003189 0.111082293
vn 0 1 2.22044605e-16
vn 0 1 2.22044605e-16
vn 0 1 2.22044605e-16
vn 0 1 2.22044605e-16
vn 0 1 2.22044605e-16
vn 0 1 2.22044605e-16
vn 0 1 2.22044605e-16
vn 0 1 2.22044605e-16
vn 0 1 2.22044605e-16
vn 0 1 2.22044605e-16
vn 0 1 2.22044605e-16
vn 0 1 2.22044605e-16
vn 0 1 2.22044605e-16
vn 0 1 2.22044605e-16
vn 0 1 2.22044605e-16
vn 0 1 2.22044605e-16
vn 0 1 2.22044605e-16
vn 0 1 2.22044605e-16
vn 0 1 2.22044605e-16
vn 0 1 2.22044605e-16
vn 0 1 2.22044605e-16
vn 0 1 2.22044605e-16
vn 0 1 2.22044605e-16
vn 0 1 2.22044605e-16
vn 0 1 2.22044605e-16
vn 0 1 2.22044605e-16
vn 0 1 2.22044605e-16
vn 0 1 2.22044605e-16
vn 0 1 2.22044605e-16
vn 0 1 2.22044605e-16
vn 0 1 2.22044605e-16
vn 0 1 2.22044605e-16
vn 0 1 2.22044605e-16
vn 0 1 2.22044605e-16
vn 0 1 2.22044605e-16
vn 0 1 2.22044605e-16
vn 0 1 2.22044605e-16
vn 0 1 2.22044605e-16
vn 0 1 2.22044605e-16
vn 0 1 2.22044605e-16
vn 0 1 2.22044605e-16
vn 0 1 2.22044605e-16
vn 0 1 2.22044605e-16
vn 0 1 2.22044605e-16
vn 0 1 2.22044605e-16
vn 0 1 2.22044605e-16
vn 0 1 2.22044605e-16
vn 0 1 2.22044605e-16
vn 0 1 2.22044605e-16
vn 0 1 2.22044605e-16
vn 0 1 2.22044605e-16
vn 0 1 2.22044605e-16
vn 0 1 2.22044605e-16
vn 0 1 2.22044605e-16
vn 0 1 2.22044605e-16
vn 0 1 2.22044605e-16
vn 0 1 2.22044605e-16
vn 0 1 2.22044605e-16
vn 0 1 2.22044605e-16
vn 0 1 2.22044605e-16
vn 0 1 2.22044605e-16
vn 0 1 2.22044605e-16
vn 0 1 2.22044605e-16
vn 0 1 2.22044605e-16
vn 0 1 2.22044605e-16
vn 0 1 2.22044605e-16
vn 0 1 2.22044605e-16
vn 0 1 2.22044605e-16
vn 0 1 2.22044605e-16
vn 0 1 2.22044605e-16
vn 0 1 2.22044605e-16
vn 0 1 2.22044605e-16
vn 0 1 2.22044605e-16
vn 0 1 2.22044605e-16
vn 0 1 2.22044605e-16
vn 0 1 2.22044605e-16
vn 0 1 2.22044605e-16
vn 0 1 2.22044605e-16
vn 0 1 2.22044605e-16
vn 0 1 2.22044605e-16
vn 0 1 2.22044605e-16
vn 0 1 2.22044605e-16
vn 0 1 2.22044605e-16
vn 0 1 2.22044605e-16
vn 0 1 2.22044605e-16
vn 0 1 2.22044605e-16
vn 0 1 2.22044605e-16
vn 0 1 2.22044605e-16
vn 0 1 2.22044605e-16
vn 0 1 2.22044605e-16
vn 0 1 2.22044605e-16
vn 0 1 2.22044605e-16
vn 0 1 2.22044605e-16
vn 0 1 2.22044605e-16
vn 0 1 2.22044605e-16
vn 0 1 2.22044605e-16
vn 0 1 2.22044605e-16
vn 0 1 2.22044605e-16
vn 0 1 2.22044605e-16
vn 0 1 2.22044605e-16
vn 0 1 2.22044605e-16
vn 0 1 2.22044605e-16
vn 0 1 2.22044605e-16
vn 0 1 2.22044605e-16
vn 0 1 2.22044605e-16
vn 0 1 2.22044605e-16
vn 0 1 2.22044605e-16
vn 0 1 2.22044605e-16
vn 0 1 2.22044605e-16
vn 0 1 2.22044605e-16
vn 0 1 2.22044605e-16
vn 0 1 2.22044605e-16
vn 0 1 2.22044605e-16
vn 0 1 2.22044605e-16
vn 0 1 2.22044605e-16
vn 0 1 2.22044605e-16
vn 0 1 2.22044605e-16
vn 0 1 2.22044605e-16
vn 0 1 2.22044605e-16
vn 0 1 2.22044605e-16
vn 0 1 2.22044605e-16
vn 0 1 2.22044605e-16
vn 0 1 2.22044605e-16
vn 0 1 2.22044605e-16
vn 0 1 2.22044605e-16
vn 0 1 2.22044605e-16
vn 0 1 2.22044605e-16
vn 0 1 2.22044605e-16
vn 0 1 2.22044605e-16
vn 0 1 2.22044605e-16
vn 0 1 2.22044605e-16
vn 0 1 2.22044605e-16
vn 0 1 2.22044605e-16
vn 0 1 2.22044605e-16
vn 0 1 2.22044605e-16
vn 0 1 2.22044605e-16
vn 0 1 2.22044605e-16
vn 0 1 2.22044605e-16
vn 0 1 2.22044605e-16
vn 0 1 2.22044605e-16
vn 0 1 2.22044605e-16
vn 0 1 2.22044605e-16
vn 0 1 2.22044605e-16
vn 0 1 2.22044605e-16
vn 0 1 2.22044605e-16
vn 0 1 2.22044605e-16
vn 0 1 2.22044605e-16
vn 0 1 2.22044605e-16
vn 0 1 2.22044605e-16
vn 0 1 2.22044605e-16
vn 0 1 2.22044605e-16
vn 0 1 2.22044605e-16
vn 0 1 2.22044605e-16
vn 0 1 2.22044605e-16
vn 0 1 2.22044605e-16
vn 0 1 2.22044605e-16
vn 0 1 2.22044605e-16
vn 0 1 2.22044605e-16
vn 0 1 2.22044605e-16
vn 0 1 2.22044605e-16
vn 0 1 2.22044605e-16
vn 0 1 2.22044605e-16
vn 0 1 2.22044605e-16
vn 0 1 2.22044605e-16
vn 0 1 2.22044605e-16
vn 0 1 2.22044605e-16
vn 0 1 2.22044605e-16
vn 0 1 2.22044605e-16
vn 0 1 2.22044605e-16
vn 0 1 2.22044605e-16
vn 0 1 2.22044605e-16
vn 0 1 2.22044605e-16
vn 0 1 2.22044605e-16
vn 0 1 2.22044605e-16
vn 0 1 2.22044605e-16
vn 0 1 2.22044605e-16
vn 0 1 2.22044605e-16
vn 0 1 2.22044605e-16
vn 0 1 2.22044605e-16
vn 0 1 2.22044605e-16
vn 0 1 2.22044605e-16
vn 0 1 2.22044605e-16
vn 0 1 2.22044605e-16
vn 0 1 2.22044605e-16
vn 0 1 2.22044605e-16
vn 0 1 2.22044605e-16
vn 0 1 2.22044605e-16
vn 0 1 2.22044605e-16
vn 0 1 2.22044605e-16
vn 0 1 2.22044605e-16
vn 0 1 2.22044605e-16
vn 0 1 2.22044605e-16
vn 0 1 2.22044605e-16
vn 0 1 2.22044605e-16
vn 0 1 2.22044605e-16
vn 0 1 2.22044605e-16
vn 0 1 2.22044605e-16
vn 0 1 2.22044605e-16
vn 0 1 2.22044605e-16
vn 0 1 2.22044605e-16
vn 0 1 2.22044605e-16
vn 0 1 2.22044605e-16
vn 0 1 2.22044605e-16
vn 0 1 2.22044605e-16
vn 0 1 2.22044605e-16
vn 0 1 2.22044605e-16
vn 0 1 2.22044605e-16
vn 0 1 2.22044605e-16
vn 0 1 2.22044605e-16
vn 0 1 2.22044605e-16
vn 0 1 2.22044605e-16
vn 0 1 2.22044605e-16
vn 0 1 2.22044605e-16
vn 0 1 2.22044605e-16
vn 0 1 2.22044605e-16
vn 0 1 2.22044605e-16
vn 0 1 2.22044605e-16
vn 0 1 2.22044605e-16
vn 0 1 2.22044605e-16
vn 0 1 2.22044605e-16
vn 0 1 2.22044605e-16
vn 0 1 2.22044605e-16
vn 0 1 2.22044605e-16
vn 0 1 2.22044605e-16
vn 0 1 2.22044605e-16
vn 0 1 2.22044605e-16
vn 0 1 2.22044605e-16
vn 0 1 2.22044605e-16
vn 0 1 2.22044605e-16
vn 0 1 2.22044605e-16
vn 0 1 2.22044605e-16
vn 0 1 2.22044605e-16
vn 0 1 2.22044605e-16
vn 0 1 2.22044605e-16
vn 0 1 2.22044605e-16
vn 0 1 2.22044605e-16
vn 0 1 2.22044605e-16
vn 0 1 2.22044605e-16
vn 0 1 2.22044605e-16
vn 0 1 2.22044605e-16
vn 0 1 2.22044605e-16
vn 0 1 2.22044605e-16
vn 0 1 2.22044605e-16
vn 0 1 2.22044605e-16
vn 0 1 2.22044605e-16
vn 0 1 2.22044605e-16
vn 0 1 2.22044605e-16
vn 0 1 2.22044605e-16
vn 0 1 2.22044605e-16
vn 0 1 2.22044605e-16
vn 0 1 2.22044605e-16
vn 0 1 2.22044605e-16
vn 0 1 2.22044605e-16
vn 0 1 2.22044605e-16
vn 0 1 2.22044605e-16
vn 0 1 2.22044605e-16
vn 0 1 2.22044605e-16
vn 0 1 2.22044605e-16
vn 0 1 2.22044605e-16
vn 0 1 2.22044605e-16
vn 0 1 2.22044605e-16
vn 0 1 2.22044605e-16
vn 0 1 2.22044605e-16
vn 0 1 2.22044605e-16
vn 0 1 2.22044605e-16
vn 0 1 2.22044605e-16
vn 0 1 2.22044605e-16
vn 0 1 2.22044605e-16
vn 0 1 2.22044605e-16
vn 0 1 2.22044605e-16
vn 0 1 2.22044605e-16
vn 0 1 2.22044605e-16
vn 0 1 2.22044605e-16
vn 0 1 2.22044605e-16
vn 0 1 2.22044605e-16
vn 0 1 2.22044605e-16
vn 0 1 2.22044605e-16
vn 0 1 2.22044605e-16
vn 0 1 2.22044605e-16
vn 0 1 2.22044605e-16
vn 0 1 2.22044605e-16
vn 0 1 2.22044605e-16
vn 0 1 2.22044605e-16
vn 0 1 2.22044605e-16
vn 0 1 2.22044605e-16
vn 0 1 2.22044605e-16
vn 0 1 2.22044605e-16
vn 0 1 2.22044605e-16
vn 0 1 2.22044605e-16
vn 0 1 2.22044605e-16
vn 0 1 2.22044605e-16
vn 0 1 2.22044605e-16
vn 0 1 2.22044605e-16
vn 0 1 2.22044605e-16
vn 0 1 2.22044605e-16
vn 0 1 2.22044605e-16
vn 0 1 2.22044605e-16
vn 0 1 2.22044605e-16
vn 0 1 2.22044605e-16
vn 0 1 2.22044605e-16
vn 0 1 2.22044605e-16
vn 0 1 2.22044605e-16
vn 0 1 2.22044605e-16
vn 0 1 2.22044605e-16
vn 0 1 2.22044605e-16
vn 0 1 2.22044605e-16
vn 0 1 2.22044605e-16
vn 0 1 2.22044605e-16
vn 0 1 2.22044605e-16
vn 0 1 2.22044605e-16
vn 0 1 2.22044605e-16
vn 0 1 2.22044605e-16
vn 0 1 2.22044605e-16
vn 0 1 2.22044605e-16
vn 0 1 2.22044605e-16
vn 0 1 2.22044605e-16
vn 0 1 2.22044605e-16
vn 0 1 2.22044605e-16
vn 0 1 2.22044605e-16
vn 0 1 2.22044605e-16
vn 0 1 2.22044605e-16
vn 0 1 2.22044605e-16
vn 0 1 2.22044605e-16
vn 0 1 2.22044605e-16
vn 0 1 2.22044605e-16
vn 0 1 2.22044605e-16
vn 0 1 2.22044605e-16
vn 0 1 2.22044605e-16
vn 0 1 2.22044605e-16
vn 0 1 2.22044605e-16
vn 0 1 2.22044605e-16
vn 0 1 2.22044605e-16
vn 0 1 2.22044605e-16
vn 0 1 2.22044605e-16
vn 0 1 2.22044605e-16
vn 0 1 2.22044605e-16
vn 0 1 2.22044605e-16
vn 0 1 2.22044605e-16
vn 0 1 2.22044605e-16
vn 0 1 2.22044605e-16
vn 0 1 2.22044605e-16
vn 0 1 2.22044605e-16
vn 0 1 2.22044605e-16
vn 0 1 2.22044605e-16
vn 0 1 2.22044605e-16
vn 0 1 2.22044605e-16
vn 0 1 2.22044605e-16
vn 0 1 2.22044605e-16
vn 0 1 2.22044605e-16
vn 0 1 2.22044605e-16
vn 0 1 2.22044605e-16
vn 0 1 2.22044605e-16
vn 0 1 2.22044605e-16
vn 0 1 2.22044605e-16
vn 0 1 2.22044605e-16
vn 0 1 2.22044605e-16
vn 0 1 2.22044605e-16
vn 0 1 2.22044605e-16
vn 0 1 2.22044605e-16
vn 0 1 2.22044605e-16
vn 0 1 2.22044605e-16
vn 0 1 2.22044605e-16
vn 0 1 2.22044605e-16
vn 0 1 2.22044605e-16
vn 0 1 2.22044605e-16
vn 0 1 2.22044605e-16
vn 0 1 2.22044605e-16
vn 0 1 2.22044605e-16
vn 0 1 2.22044605e-16
vn 0 1 2.22044605e-16
vn 0 1 2.22044605e-16
vn 0 1 2.22044605e-16
vn 0 1 2.22044605e-16
vn 0 1 2.22044605e-16
vn 0 1 2.22044605e-16
vn 0 1 2.22044605e-16
vn 0 1 2.22044605e-16
vn 0 1 2.22044605e-16
vn 0 1 2.22044605e-16
vn 0 1 2.22044605e-16
vn 0 1 2.22044605e-16
vn 0 1 2.22044605e-16
vn 0 1 2.22044605e-16
vn 0 1 2.22044605e-16
vn 0 1 2.22044605e-16
vn 0 1 2.22044605e-16
vn 0 1 2.22044605e-16
vn 0 1 2.22044605e-16
vn 0 1 2.22044605e-16
vn 0 1 2.22044605e-16
vn 0 1 2.22044605e-16
vn 0 1 2.22044605e-16
vn 0 1 2.22044605e-16
vn 0 1 2.22044605e-16
vn 0 1 2.22044605e-16
vn 0 1 2.22044605e-16
vn 0 1 2.22044605e-16
vn 0 1 2.22044605e-16
vn 0 1 2.22044605e-16
vn 0 1 2.22044605e-16
vn 0 1 2.22044605e-16
vn 0 1 2.22044605e-16
vn 0 1 2.22044605e-16
vn 0 1 2.22044605e-16
vn 0 1 2.22044605e-16
vn 0 1 2.22044605e-16
vn 0 1 2.22044605e-16
vn 0 1 2.22044605e-16
vn 0 1 2.22044605e-16
vn 0 1 2.22044605e-16
vn 0 1 2.22044605e-16
vn 0 1 2.22044605e-16
vn 0 1 2.22044605e-16
vn 0 1 2.22044605e-16
vn 0 1 2.22044605e-16
vn 0 1 2.22044605e-16
vn 0 1 2.22044605e-16
vn 0 1 2.22044605e-16
vn 0 1 2.22044605e-16
vn 0 1 2.22044605e-16
vn 0 1 2.22044605e-16
vn 0 1 2.22044605e-16
vn 0 1 2.22044605e-16
vn 0 1 2.22044605e-16
vn 0 1 2.22044605e-16
vn 0 1 2.22044605e-16
vn 0 1 2.22044605e-16
vn 0 1 2.22044605e-16
vn 0 1 2.22044605e-16
vn 0 1 2.22044605e-16
vn 0 1 2.22044605e-16
vn 0 1 2.22044605e-16
vn 0 1 2.22044605e-16
vn 0 1 2.22044605e-16
vn 0 1 2.22044605e-16
vn 0 1 2.22044605e-16
vn 0 1 2.22044605e-16
vn 0 1 2.22044605e-16
vn 0 1 2.22044605e-16
vn 0 1 2.22044605e-16
vn 0 1 2.22044605e-16
vn 0 1 2.22044605e-16
vn 0 1 2.22044605e-16
vn 0 1 2.22044605e-16
vn 0 1 2.22044605e-16
vn 0 1 2.22044605e-16
vn 0 1 2.22044605e-16
vn 0 1 2.22044605e-16
vn 0 1 2.22044605e-16
vn 0 1 2.22044605e-16
vn 0 1 2.22044605e-16
vn 0 1 2.22044605e-16
vn 0 1 2.22044605e-16
vn 0 1 2.22044605e-16
vn 0 1 2.22044605e-16
vn 0 1 2.22044605e-16
vn 0 1 2.22044605e-16
vn 0 1 2.22044605e-16
vn 0 1 2.22044605e-16
vn 0 1 2.22044605e-16
vn 0 1 2.22044605e-16
vn 0 1 2.22044605e-16
vn 0 1 2.22044605e-16
vn 0 1 2.22044605e-16
vn 0 1 2.22044605e-16
vn 0 1 2.22044605e-16
vn 0 1 2.22044605e-16
vn 0 1 2.22044605e-16
vn 0 1 2.22044605e-16
vn 0 1 2.22044605e-16
vn 0 1 2.22044605e-16
vn 0 1 2.22044605e-16
vn 0 1 2.22044605e-16
vn 0 1 2.22044605e-16
vn 0 1 2.22044605e-16
vn 0 1 2.22044605e-16
vn 0 1 2.22044605e-16
vn 0 1 2.22044605e-16
vn 0 1 2.22044605e-16
vn 0 1 2.22044605e-16
vn 0 1 2.22044605e-16
vn 0 1 2.22044605e-16
vn 0 1 2.22044605e-16
vn 0 1 2.22044605e-16
vn 0 1 2.22044605e-16
vn 0 1 2.22044605e-16
vn 0 1 2.22044605e-16
vn 0 1 2.22044605e-16
vn 0 1 2.22044605e-16
vn 0 1 2.22044605e-16
vn 0 1 2.22044605e-16
vn 0 1 2.22044605e-16
vn 0 1 2.22044605e-16
vn 0 1 2.22044605e-16
vn 0 1 2.22044605e-16
vn 0 1 2.22044605e-16
vn 0 1 2.22044605e-16
vn 0 1 2.22044605e-16
vn 0 1 2.22044605e-16
vn 0 1 2.22044605e-16
vn 0 1 2.22044605e-16
vn 0 1 2.22044605e-16
vn 0 1 2.22044605e-16
vn 0 1 2.22044605e-16
vn 0 1 2.22044605e-16
vn 0 1 2.22044605e-16
vn 0 1 2.22044605e-16
vn 0 1 2.22044605e-16
vn 0 1 2.22044605e-16
vn 0 1 2.22044605e-16
vn 0 1 2.22044605e-16
vn 0 1 2.22044605e-16
vn 0 1 2.22044605e-16
vn 0 1 2.22044605e-16
vn 0 1 2.22044605e-16
vn 0 1 2.22044605e-16
vn 0 1 2.22044605e-16
vn 0 1 2.22044605e-16
vn 0 1 2.22044605e-16
vn 0 1 2.22044605e-16
vn 0 1 2.22044605e-16
vn 0 1 2.22044605e-16
vn 0 1 2.22044605e-16
vn 0 1 2.22044605e-16
vn 0 1 2.22044605e-16
vn 0 1 2.22044605e-16
vn 0 1 2.22044605e-16
vn 0 1 2.22044605e-16
vn 0 1 2.22044605e-16
vn 0 1 2.22044605e-16
vn 0 1 2.22044605e-16
vn 0 1 2.22044605e-16
vn 0 1 2.22044605e-16
vn 0 1 2.22044605e-16
vn 0 1 2.22044605e-16
vn 0 1 2.22044605e-16
vn 0 1 2.22044605e-16
vn 0 1 2.22044605e-16
vn 0 1 2.22044605e-16
vn 0 1 2.22044605e-16
vn 0 1 2.22044605e-16
vn 0 1 2.22044605e-16
vn 0 1 2.22044605e-16
vn 0 1 2.22044605e-16
vn 0 1 2.22044605e-16
vn 0 1 2.22044605e-16
vn 0 1 2.22044605e-16
vn 0 1 2.22044605e-16
vn 0 1 2.22044605e-16
vn 0 1 2.22044605e-16
vn 0 1 2.22044605e-16
vn 0 1 2.22044605e-16
vn 0 1 2.22044605e-16
vn 0 1 2.22044605e-16
vn 0 1 2.22044605e-16
vn 0 1 2.22044605e-16
vn 0 1 2.22044605e-16
vn 0 1 2.22044605e-16
vn 0 1 2.22044605e-16
vn 0 1 2.22044605e-16
vn 0 1 2.22044605e-16
vn 0 1 2.22044605e-16
vn 0 1 2.22044605e-16
vn 0 1 2.22044605e-16
vn 0 1 2.22044605e-16
vn 0 1 2.22044605e-16
vn 0 1 2.22044605e-16
vn 0 1 2.22044605e-16
vn 0 1 2.22044605e-16
vn 0 1 2.22044605e-16
vn 0 1 2.22044605e-16
vn 0 1 2.22044605e-16
vn 0 1 2.22044605e-16
vn 0 1 2.22044605e-16
vn 0 1 2.22044605e-16
vn 0 1 2.22044605e-16
vn 0 1 2.22044605e-16
vn 0 1 2.22044605e-16
vn 0 1 2.22044605e-16
vn 0 1 2.22044605e-16
vn 0 1 2.22044605e-16
vn 0 1 2.22044605e-16
vn 0 1 2.22044605e-16
vn 0 1 2.22044605e-16
vn 0 1 2.22044605e-16
vn 0 1 2.22044605e-16
vn 0 1 2.22044605e-16
vn 0 1 2.22044605e-16
vn 0 1 2.22044605e-16
vn 0 1 2.22044605e-16
vn 0 1 2.22044605e-16
vn 0 1 2.22044605e-16

g collision_ground01_submesh_0
usemtl collision_16
f 1442/1442/1442 1444/1444/1444 1443/1443/1443
f 1442/1442/1442 1445/1445/1445 1444/1444/1444
f 1444/1444/1444 1446/1446/1446 1443/1443/1443
f 1447/1447/1447 1449/1449/1449 1448/1448/1448
f 1449/1449/1449 1450/1450/1450 1448/1448/1448
f 1447/1447/1447 1451/1451/1451 1449/1449/1449
f 1452/1452/1452 1454/1454/1454 1453/1453/1453
f 1454/1454/1454 1455/1455/1455 1453/1453/1453
f 1452/1452/1452 1456/1456/1456 1454/1454/1454
f 1457/1457/1457 1459/1459/1459 1458/1458/1458
f 1459/1459/1459 1460/1460/1460 1458/1458/1458
f 1457/1457/1457 1461/1461/1461 1459/1459/1459
f 1462/1462/1462 1464/1464/1464 1463/1463/1463
f 1462/1462/1462 1463/1463/1463 1465/1465/1465
f 1466/1466/1466 1468/1468/1468 1467/1467/1467
f 1466/1466/1466 1467/1467/1467 1469/1469/1469
f 1470/1470/1470 1472/1472/1472 1471/1471/1471
f 1472/1472/1472 1473/1473/1473 1471/1471/1471
f 1470/1470/1470 1474/1474/1474 1472/1472/1472
f 1475/1475/1475 1477/1477/1477 1476/1476/1476
f 1475/1475/1475 1476/1476/1476 1478/1478/1478
f 1479/1479/1479 1481/1481/1481 1480/1480/1480
f 1479/1479/1479 1480/1480/1480 1482/1482/1482
f 1483/1483/1483 1485/1485/1485 1484/1484/1484
f 1483/1483/1483 1484/1484/1484 1486/1486/1486
f 1487/1487/1487 1489/1489/1489 1488/1488/1488
f 1489/1489/1489 1490/1490/1490 1488/1488/1488
f 1487/1487/1487 1491/1491/1491 1489/1489/1489
f 1492/1492/1492 1494/1494/1494 1493/1493/1493
f 1492/1492/1492 1493/1493/1493 1495/1495/1495
f 1496/1496/1496 1498/1498/1498 1497/1497/1497
f 1498/1498/1498 1499/1499/1499 1497/1497/1497
f 1496/1496/1496 1500/1500/1500 1498/1498/1498
f 1501/1501/1501 1503/1503/1503 1502/1502/1502
f 1501/1501/1501 1504/1504/1504 1503/1503/1503
f 1503/1503/1503 1505/1505/1505 1502/1502/1502
f 1506/1506/1506 1508/1508/1508 1507/1507/1507
f 1506/1506/1506 1507/1507/1507 1509/1509/1509
f 1510/1510/1510 1512/1512/1512 1511/1511/1511
f 1510/1510/1510 1513/1513/1513 1512/1512/1512
f 1512/1512/1512 1514/1514/1514 1511/1511/1511
f 1515/1515/1515 1517/1517/1517 1516/1516/1516
f 1515/1515/1515 1518/1518/1518 1517/1517/1517
f 1517/1517/1517 1519/1519/1519 1516/1516/1516
f 1520/1520/1520 1522/1522/1522 1521/1521/1521
f 1520/1520/1520 1521/1521/1521 1523/1523/1523
f 1524/1524/1524 1526/1526/1526 1525/1525/1525
f 1526/1526/1526 1527/1527/1527 1525/1525/1525
f 1527/1527/1527 1528/1528/1528 1525/1525/1525
f 1529/1529/1529 1531/1531/1531 1530/1530/1530
f 1531/1531/1531 1532/1532/1532 1530/1530/1530
f 1532/1532/1532 1533/1533/1533 1530/1530/1530
f 1534/1534/1534 1536/1536/1536 1535/1535/1535
f 1536/1536/1536 1537/1537/1537 1535/1535/1535
f 1534/1534/1534 1538/1538/1538 1536/1536/1536
f 1539/1539/1539 1541/1541/1541 1540/1540/1540
f 1541/1541/1541 1542/1542/1542 1540/1540/1540
f 1542/1542/1542 1543/1543/1543 1540/1540/1540
f 1544/1544/1544 1546/1546/1546 1545/1545/1545
f 1544/1544/1544 1545/1545/1545 1547/1547/1547
f 1548/1548/1548 1550/1550/1550 1549/1549/1549
f 1548/1548/1548 1549/1549/1549 1551/1551/1551
f 1552/1552/1552 1554/1554/1554 1553/1553/1553
f 1554/1554/1554 1555/1555/1555 1553/1553/1553
f 1552/1552/1552 1556/1556/1556 1554/1554/1554
f 1557/1557/1557 1559/1559/1559 1558/1558/1558
f 1557/1557/1557 1558/1558/1558 1560/1560/1560
f 1561/1561/1561 1563/1563/1563 1562/1562/1562
f 1561/1561/1561 1562/1562/1562 1564/1564/1564
f 1565/1565/1565 1567/1567/1567 1566/1566/1566
f 1565/1565/1565 1568/1568/1568 1567/1567/1567
f 1567/1567/1567 1569/1569/1569 1566/1566/1566
f 1570/1570/1570 1572/1572/1572 1571/1571/1571
f 1572/1572/1572 1573/1573/1573 1571/1571/1571
f 1570/1570/1570 1574/1574/1574 1572/1572/1572
f 1575/1575/1575 1577/1577/1577 1576/1576/1576
f 1575/1575/1575 1578/1578/1578 1577/1577/1577
f 1578/1578/1578 1579/1579/1579 1577/1577/1577
f 1580/1580/1580 1582/1582/1582 1581/1581/1581
f 1580/1580/1580 1583/1583/1583 1582/1582/1582
f 1583/1583/1583 1584/1584/1584 1582/1582/1582
f 1585/1585/1585 1587/1587/1587 1586/1586/1586
f 1585/1585/1585 1588/1588/1588 1587/1587/1587
f 1587/1587/1587 1589/1589/1589 1586/1586/1586
f 1590/1590/1590 1592/1592/1592 1591/1591/1591
f 1592/1592/1592 1593/1593/1593 1591/1591/1591
f 1593/1593/1593 1594/1594/1594 1591/1591/1591
f 1595/1595/1595 1597/1597/1597 1596/1596/1596
f 1595/1595/1595 1596/1596/1596 1598/1598/1598
f 1599/1599/1599 1601/1601/1601 1600/1600/1600
f 1599/1599/1599 1600/1600/1600 1602/1602/1602
f 1603/1603/1603 1605/1605/1605 1604/1604/1604
f 1603/1603/1603 1604/1604/1604 1606/1606/1606
f 1607/1607/1607 1609/1609/1609 1608/1608/1608
f 1607/1607/1607 1608/1608/1608 1610/1610/1610
f 1611/1611/1611 1613/1613/1613 1612/1612/1612
f 1611/1611/1611 1612/1612/1612 1614/1614/1614
f 1615/1615/1615 1617/1617/1617 1616/1616/1616
f 1615/1615/1615 1616/1616/1616 1618/1618/1618
f 1619/1619/1619 1621/1621/1621 1620/1620/1620
f 1619/1619/1619 1620/1620/1620 1622/1622/1622
f 1623/1623/1623 1625/1625/1625 1624/1624/1624
f 1623/1623/1623 1624/1624/1624 1626/1626/1626
f 1627/1627/1627 1629/1629/1629 1628/1628/1628
f 1627/1627/1627 1628/1628/1628 1630/1630/1630
f 1631/1631/1631 1633/1633/1633 1632/1632/1632
f 1631/1631/1631 1632/1632/1632 1634/1634/1634
f 1635/1635/1635 1637/1637/1637 1636/1636/1636
f 1635/1635/1635 1636/1636/1636 1638/1638/1638
f 1639/1639/1639 1641/1641/1641 1640/1640/1640
f 1639/1639/1639 1640/1640/1640 1642/1642/1642
f 1643/1643/1643 1645/1645/1645 1644/1644/1644
f 1645/1645/1645 1646/1646/1646 1644/1644/1644
f 1647/1647/1647 1649/1649/1649 1648/1648/1648
f 1647/1647/1647 1648/1648/1648 1650/1650/1650
f 1651/1651/1651 1653/1653/1653 1652/1652/1652
f 1651/1651/1651 1652/1652/1652 1654/1654/1654
f 1655/1655/1655 1657/1657/1657 1656/1656/1656
f 1655/1655/1655 1656/1656/1656 1658/1658/1658
f 1657/1657/1657 1659/1659/1659 1656/1656/1656
f 1657/1657/1657 1660/1660/1660 1659/1659/1659
f 1661/1661/1661 1663/1663/1663 1662/1662/1662
f 1661/1661/1661 1662/1662/1662 1664/1664/1664
f 1663/1663/1663 1665/1665/1665 1662/1662/1662
f 1663/1663/1663 1666/1666/1666 1665/1665/1665
f 1667/1667/1667 1669/1669/1669 1668/1668/1668
f 1667/1667/1667 1668/1668/1668 1670/1670/1670
f 1669/1669/1669 1671/1671/1671 1668/1668/1668
f 1669/1669/1669 1672/1672/1672 1671/1671/1671
f 1673/1673/1673 1675/1675/1675 1674/1674/1674
f 1673/1673/1673 1674/1674/1674 1676/1676/1676
f 1675/1675/1675 1677/1677/1677 1674/1674/1674
f 1675/1675/1675 1678/1678/1678 1677/1677/1677
f 1679/1679/1679 1681/1681/1681 1680/1680/1680
f 1679/1679/1679 1680/1680/1680 1682/1682/1682
f 1681/1681/1681 1683/1683/1683 1680/1680/1680
f 1681/1681/1681 1684/1684/1684 1683/1683/1683
f 1685/1685/1685 1687/1687/1687 1686/1686/1686
f 1685/1685/1685 1686/1686/1686 1688/1688/1688
f 1687/1687/1687 1689/1689/1689 1686/1686/1686
f 1687/1687/1687 1690/1690/1690 1689/1689/1689
f 1691/1691/1691 1693/1693/1693 1692/1692/1692
f 1691/1691/1691 1694/1694/1694 1693/1693/1693
f 1694/1694/1694 1695/1695/1695 1693/1693/1693
f 1696/1696/1696 1698/1698/1698 1697/1697/1697
f 1696/1696/1696 1699/1699/1699 1698/1698/1698
f 1699/1699/1699 1700/1700/1700 1698/1698/1698
f 1701/1701/1701 1703/1703/1703 1702/1702/1702
f 1701/1701/1701 1702/1702/1702 1704/1704/1704
f 1705/1705/1705 1707/1707/1707 1706/1706/1706
f 1705/1705/1705 1706/1706/1706 1708/1708/1708
f 1709/1709/1709 1711/1711/1711 1710/1710/1710
f 1709/1709/1709 1710/1710/1710 1712/1712/1712
f 1713/1713/1713 1715/1715/1715 1714/1714/1714
f 1713/1713/1713 1714/1714/1714 1716/1716/1716
f 1717/1717/1717 1719/1719/1719 1718/1718/1718
f 1717/1717/1717 1718/1718/1718 1720/1720/1720
f 1721/1721/1721 1723/1723/1723 1722/1722/1722
f 1721/1721/1721 1722/1722/1722 1724/1724/1724
f 1725/1725/1725 1727/1727/1727 1726/1726/1726
f 1725/1725/1725 1726/1726/1726 1728/1728/1728
f 1729/1729/1729 1731/1731/1731 1730/1730/1730
f 1729/1729/1729 1730/1730/1730 1732/1732/1732
f 1733/1733/1733 1735/1735/1735 1734/1734/1734
f 1733/1733/1733 1734/1734/1734 1736/1736/1736
f 1737/1737/1737 1739/1739/1739 1738/1738/1738
f 1737/1737/1737 1738/1738/1738 1740/1740/1740
f 1741/1741/1741 1743/1743/1743 1742/1742/1742
f 1741/1741/1741 1742/1742/1742 1744/1744/1744
f 1745/1745/1745 1747/1747/1747 1746/1746/1746
f 1745/1745/1745 1746/1746/1746 1748/1748/1748
f 1749/1749/1749 1751/1751/1751 1750/1750/1750
f 1749/1749/1749 1750/1750/1750 1752/1752/1752
f 1753/1753/1753 1755/1755/1755 1754/1754/1754
f 1753/1753/1753 1754/1754/1754 1756/1756/1756
f 1757/1757/1757 1759/1759/1759 1758/1758/1758
f 1757/1757/1757 1758/1758/1758 1760/1760/1760
f 1761/1761/1761 1763/1763/1763 1762/1762/1762
f 1761/1761/1761 1762/1762/1762 1764/1764/1764
f 1765/1765/1765 1767/1767/1767 1766/1766/1766
f 1765/1765/1765 1766/1766/1766 1768/1768/1768
f 1769/1769/1769 1771/1771/1771 1770/1770/1770
f 1769/1769/1769 1770/1770/1770 1772/1772/1772
f 1773/1773/1773 1775/1775/1775 1774/1774/1774
f 1773/1773/1773 1774/1774/1774 1776/1776/1776
f 1777/1777/1777 1779/1779/1779 1778/1778/1778
f 1777/1777/1777 1778/1778/1778 1780/1780/1780
f 1781/1781/1781 1783/1783/1783 1782/1782/1782
f 1781/1781/1781 1782/1782/1782 1784/1784/1784
f 1785/1785/1785 1787/1787/1787 1786/1786/1786
f 1785/1785/1785 1786/1786/1786 1788/1788/1788
f 1789/1789/1789 1791/1791/1791 1790/1790/1790
f 1789/1789/1789 1790/1790/1790 1792/1792/1792
f 1793/1793/1793 1795/1795/1795 1794/1794/1794
f 1793/1793/1793 1794/1794/1794 1796/1796/1796
f 1797/1797/1797 1799/1799/1799 1798/1798/1798
f 1797/1797/1797 1798/1798/1798 1800/1800/1800
f 1801/1801/1801 1803/1803/1803 1802/1802/1802
f 1801/1801/1801 1804/1804/1804 1803/1803/1803
f 1803/1803/1803 1805/1805/1805 1802/1802/1802
f 1806/1806/1806 1808/1808/1808 1807/1807/1807
f 1806/1806/1806 1807/1807/1807 1809/1809/1809
f 1807/1807/1807 1810/1810/1810 1809/1809/1809
f 1807/1807/1807 1811/1811/1811 1810/1810/1810
f 1812/1812/1812 1814/1814/1814 1813/1813/1813
f 1812/1812/1812 1813/1813/1813 1815/1815/1815
f 1813/1813/1813 1816/1816/1816 1815/1815/1815
f 1813/1813/1813 1817/1817/1817 1816/1816/1816
f 1818/1818/1818 1820/1820/1820 1819/1819/1819
f 1818/1818/1818 1819/1819/1819 1821/1821/1821
f 1819/1819/1819 1822/1822/1822 1821/1821/1821
f 1819/1819/1819 1823/1823/1823 1822/1822/1822
f 1824/1824/1824 1826/1826/1826 1825/1825/1825
f 1824/1824/1824 1825/1825/1825 1827/1827/1827
f 1825/1825/1825 1828/1828/1828 1827/1827/1827
f 1825/1825/1825 1829/1829/1829 1828/1828/1828
f 1830/1830/1830 1832/1832/1832 1831/1831/1831
f 1830/1830/1830 1831/1831/1831 1833/1833/1833
f 1831/1831/1831 1834/1834/1834 1833/1833/1833
f 1831/1831/1831 1835/1835/1835 1834/1834/1834
f 1836/1836/1836 1838/1838/1838 1837/1837/1837
f 1836/1836/1836 1837/1837/1837 1839/1839/1839
f 1837/1837/1837 1840/1840/1840 1839/1839/1839
f 1837/1837/1837 1841/1841/1841 1840/1840/1840
f 1842/1842/1842 1844/1844/1844 1843/1843/1843
f 1842/1842/1842 1843/1843/1843 1845/1845/1845
f 1846/1846/1846 1848/1848/1848 1847/1847/1847
f 1846/1846/1846 1847/1847/1847 1849/1849/1849
f 1850/1850/1850 1852/1852/1852 1851/1851/1851
f 1850/1850/1850 1851/1851/1851 1853/1853/1853
f 1854/1854/1854 1856/1856/1856 1855/1855/1855
f 1854/1854/1854 1855/1855/1855 1857/1857/1857
f 1858/1858/1858 1860/1860/1860 1859/1859/1859
f 1858/1858/1858 1859/1859/1859 1861/1861/1861
f 1862/1862/1862 1864/1864/1864 1863/1863/1863
f 1862/1862/1862 1863/1863/1863 1865/1865/1865
f 1866/1866/1866 1868/1868/1868 1867/1867/1867
f 1866/1866/1866 1867/1867/1867 1869/1869/1869
f 1870/1870/1870 1872/1872/1872 1871/1871/1871
f 1870/1870/1870 1871/1871/1871 1873/1873/1873
f 1874/1874/1874 1876/1876/1876 1875/1875/1875
f 1874/1874/1874 1875/1875/1875 1877/1877/1877
f 1878/1878/1878 1880/1880/1880 1879/1879/1879
f 1878/1878/1878 1879/1879/1879 1881/1881/1881
f 1882/1882/1882 1884/1884/1884 1883/1883/1883
f 1882/1882/1882 1883/1883/1883 1885/1885/1885
f 1886/1886/1886 1888/1888/1888 1887/1887/1887
f 1886/1886/1886 1887/1887/1887 1889/1889/1889
f 1890/1890/1890 1892/1892/1892 1891/1891/1891
f 1890/1890/1890 1891/1891/1891 1893/1893/1893
f 1894/1894/1894 1896/1896/1896 1895/1895/1895
f 1894/1894/1894 1895/1895/1895 1897/1897/1897
f 1898/1898/1898 1900/1900/1900 1899/1899/1899
f 1898/1898/1898 1899/1899/1899 1901/1901/1901
f 1902/1902/1902 1904/1904/1904 1903/1903/1903
f 1902/1902/1902 1903/1903/1903 1905/1905/1905
f 1906/1906/1906 1908/1908/1908 1907/1907/1907
f 1906/1906/1906 1907/1907/1907 1909/1909/1909
f 1910/1910/1910 1912/1912/1912 1911/1911/1911
f 1910/1910/1910 1911/1911/1911 1913/1913/1913
f 1914/1914/1914 1916/1916/1916 1915/1915/1915
f 1914/1914/1914 1915/1915/1915 1917/1917/1917
f 1918/1918/1918 1920/1920/1920 1919/1919/1919
f 1918/1918/1918 1919/1919/1919 1921/1921/1921
f 1922/1922/1922 1924/1924/1924 1923/1923/1923
f 1922/1922/1922 1923/1923/1923 1925/1925/1925
f 1926/1926/1926 1928/1928/1928 1927/1927/1927
f 1926/1926/1926 1927/1927/1927 1929/1929/1929
f 1930/1930/1930 1932/1932/1932 1931/1931/1931
f 1930/1930/1930 1931/1931/1931 1933/1933/1933
f 1934/1934/1934 1936/1936/1936 1935/1935/1935
f 1934/1934/1934 1935/1935/1935 1937/1937/1937
f 1938/1938/1938 1940/1940/1940 1939/1939/1939
f 1938/1938/1938 1939/1939/1939 1941/1941/1941
f 1942/1942/1942 1944/1944/1944 1943/1943/1943
f 1942/1942/1942 1943/1943/1943 1945/1945/1945
f 1946/1946/1946 1948/1948/1948 1947/1947/1947
f 1946/1946/1946 1947/1947/1947 1949/1949/1949
f 1950/1950/1950 1952/1952/1952 1951/1951/1951
f 1950/1950/1950 1951/1951/1951 1953/1953/1953
f 1954/1954/1954 1956/1956/1956 1955/1955/1955
f 1954/1954/1954 1955/1955/1955 1957/1957/1957
f 1958/1958/1958 1960/1960/1960 1959/1959/1959
f 1958/1958/1958 1959/1959/1959 1961/1961/1961
f 1962/1962/1962 1964/1964/1964 1963/1963/1963
f 1962/1962/1962 1963/1963/1963 1965/1965/1965
f 1966/1966/1966 1968/1968/1968 1967/1967/1967
f 1966/1966/1966 1967/1967/1967 1969/1969/1969
f 1970/1970/1970 1972/1972/1972 1971/1971/1971
f 1970/1970/1970 1971/1971/1971 1973/1973/1973
f 1974/1974/1974 1976/1976/1976 1975/1975/1975
f 1974/1974/1974 1975/1975/1975 1977/1977/1977
f 1978/1978/1978 1980/1980/1980 1979/1979/1979
f 1978/1978/1978 1979/1979/1979 1981/1981/1981
f 1982/1982/1982 1984/1984/1984 1983/1983/1983
f 1982/1982/1982 1983/1983/1983 1985/1985/1985
f 1986/1986/1986 1988/1988/1988 1987/1987/1987
f 1986/1986/1986 1987/1987/1987 1989/1989/1989
f 1990/1990/1990 1992/1992/1992 1991/1991/1991
f 1990/1990/1990 1991/1991/1991 1993/1993/1993
f 1994/1994/1994 1996/1996/1996 1995/1995/1995
f 1994/1994/1994 1995/1995/1995 1997/1997/1997
f 1998/1998/1998 2000/2000/2000 1999/1999/1999
f 1998/1998/1998 1999/1999/1999 2001/2001/2001
f 2002/2002/2002 2004/2004/2004 2003/2003/2003
f 2002/2002/2002 2003/2003/2003 2005/2005/2005
f 2006/2006/2006 2008/2008/2008 2007/2007/2007
f 2006/2006/2006 2007/2007/2007 2009/2009/2009
f 2010/2010/2010 2012/2012/2012 2011/2011/2011
f 2010/2010/2010 2011/2011/2011 2013/2013/2013
f 2014/2014/2014 2016/2016/2016 2015/2015/2015
f 2014/2014/2014 2015/2015/2015 2017/2017/2017
f 2018/2018/2018 2020/2020/2020 2019/2019/2019
f 2018/2018/2018 2019/2019/2019 2021/2021/2021
f 2022/2022/2022 2024/2024/2024 2023/2023/2023
f 2022/2022/2022 2023/2023/2023 2025/2025/2025
f 2026/2026/2026 2028/2028/2028 2027/2027/2027
f 2026/2026/2026 2027/2027/2027 2029/2029/2029
f 2030/2030/2030 2032/2032/2032 2031/2031/2031
f 2030/2030/2030 2031/2031/2031 2033/2033/2033

o collision_PZ_item_004
v 46.8705101 -0.0957883967 -26.9743109
v 46.8705101 8.49260195 -13.7484407
v 46.8705101 -0.0957883967 -13.7484398
v 46.8705101 8.49260195 -26.9743109
v 46.8705101 8.49260195 -2.45140004
v 46.8705101 -0.0957883967 -2.45140004
v 46.8705101 8.49260195 10.0876102
v 46.8705101 -0.0957883967 10.0876102
v 46.8705101 8.49260195 17.2922297
v 46.8705101 -0.0957883967 17.2922297
v 46.8705101 8.49260195 -13.7484407
v 46.8705101 8.86467703 -26.9743109
v 46.8705101 8.86467703 -13.7484407
v 46.8705101 8.49260195 -26.9743109
v 46.8705101 8.49260195 -2.45140004
v 46.8705101 8.86467703 -2.45140004
v 46.8705101 8.49260195 10.0876102
v 46.8705101 8.86467703 10.0876112
v 46.8705101 8.49260195 17.2922297
v 46.8705101 8.86467703 17.2922297
v 46.8705101 8.86467703 -13.7484407
v 46.8705101 17.0809904 -26.9743109
v 46.8705101 17.0809904 -13.7484407
v 46.8705101 8.86467703 -26.9743109
v 46.8705101 8.86467703 -2.45140004
v 46.8705101 17.0809904 -2.45140004
v 46.8705101 8.86467703 10.0876112
v 46.8705101 17.0809904 10.0876102
v 46.8705101 8.86467703 17.2922297
v 46.8705101 17.0809904 17.2922297
vt 1.45042396 0.584461868
vt 1.3128593 0.374681473
vt 1.3128593 0.584461868
vt 1.45042396 0.374681473
vt 1.19535685 0.374681473
vt 1.19535685 0.584461868
vt 1.06493652 0.374681473
vt 1.06493652 0.584461868
vt 0.99000001 0.374681473
vt 0.99000001 0.584461868
vt 1.3128593 0.319413781
vt 1.45042396 0.301371098
vt 1.3128593 0.301371098
vt 1.45042396 0.319413781
vt 1.19535685 0.319413781
vt 1.19535685 0.301371098
vt 1.06493652 0.319413781
vt 1.06493652 0.301371098
vt 0.99000001 0.319413781
vt 0.99000001 0.301371098
vt 1.3128593 0.585123718
vt 1.45042396 0.37501967
vt 1.3128593 0.37501967
vt 1.45042396 0.585123718
vt 1.19535685 0.585123718
vt 1.19535685 0.37501967
vt 1.06493652 0.585123718
vt 1.06493652 0.37501967
vt 0.99000001 0.585123718
vt 0.99000001 0.37501967
vn -1 0 0
vn -1 0 0
vn -1 0 0
vn -1 0 0
vn -1 0 0
vn -1 0 0
vn -1 0 0
vn -1 0 0
vn -1 0 0
vn -1 0 0
vn -1 0 0
vn -1 0 0
vn -1 0 0
vn -1 0 0
vn -1 0 0
vn -1 0 0
vn -1 0 0
vn -1 0 0
vn -1 0 0
vn -1 0 0
vn -1 0 0
vn -1 0 0
vn -1 0 0
vn -1 0 0
vn -1 0 0
vn -1 0 0
vn -1 0 0
vn -1 0 0
vn -1 0 0
vn -1 0 0

g collision_PZ_item_004_submesh_0
usemtl collision_17
f 2034/2034/2034 2036/2036/2036 2035/2035/2035
f 2034/2034/2034 2035/2035/2035 2037/2037/2037
f 2036/2036/2036 2038/2038/2038 2035/2035/2035
f 2036/2036/2036 2039/2039/2039 2038/2038/2038
f 2039/2039/2039 2040/2040/2040 2038/2038/2038
f 2039/2039/2039 2041/2041/2041 2040/2040/2040
f 2041/2041/2041 2042/2042/2042 2040/2040/2040
f 2041/2041/2041 2043/2043/2043 2042/2042/2042
f 2044/2044/2044 2046/2046/2046 2045/2045/2045
f 2044/2044/2044 2045/2045/2045 2047/2047/2047
f 2048/2048/2048 2046/2046/2046 2044/2044/2044
f 2048/2048/2048 2049/2049/2049 2046/2046/2046
f 2050/2050/2050 2049/2049/2049 2048/2048/2048
f 2050/2050/2050 2051/2051/2051 2049/2049/2049
f 2052/2052/2052 2051/2051/2051 2050/2050/2050
f 2052/2052/2052 2053/2053/2053 2051/2051/2051
f 2054/2054/2054 2056/2056/2056 2055/2055/2055
f 2054/2054/2054 2055/2055/2055 2057/2057/2057
f 2058/2058/2058 2056/2056/2056 2054/2054/2054
f 2058/2058/2058 2059/2059/2059 2056/2056/2056
f 2060/2060/2060 2059/2059/2059 2058/2058/2058
f 2060/2060/2060 2061/2061/2061 2059/2059/2059
f 2062/2062/2062 2061/2061/2061 2060/2060/2060
f 2062/2062/2062 2063/2063/2063 2061/2061/2061

o collision_collision
v -13.9146757 -0.406269557 -1.43913171
v -18.9085369 4.22717284 -1.89422128
v -14.4636965 4.22717284 -1.89422128
v -18.8251953 -0.406269557 -1.43913171
v -23.3533745 4.22717284 -1.89422223
v -23.7357121 -0.406269557 -1.43913171
v -13.9146757 -0.406269557 -1.43913171
v -14.1756067 4.22684573 -13.2400446
v -13.9146748 -0.406270511 -13.5560388
v -14.4636965 4.22717284 -1.89422128
v -23.4857216 4.22684573 -13.2400446
v -18.8251934 -0.406270511 -13.5560388
v -18.8306618 4.22684573 -13.2400446
v -23.7357101 -0.406270511 -13.5560388
v -14.1756067 4.22684573 -13.2400446
v -13.9146748 -0.406270511 -13.5560388
v -23.3533745 4.22717284 -1.89422223
v -23.7357101 -0.406270511 -13.5560388
v -23.4857216 4.22684573 -13.2400446
v -23.7357121 -0.406269557 -1.43913171
v 27.9818802 -0.0957880089 -22.5062589
v 28.452858 4.85368299 -22.506257
v 28.452858 4.85368299 -18.0300378
v 28.452858 4.85368299 -11.3253727
v 27.9818802 -0.0957880089 -1.56841561
v 28.452858 4.85368275 -1.56841561
v 27.9818802 -0.0957880089 -1.56841561
v 28.452858 4.85368275 -1.56841561
v 34.5125618 4.85368275 -1.56841561
v 40.5722656 -0.0957880089 -1.56841561
v 40.5722656 4.85368275 -1.56841561
v 40.5722656 4.85368275 -1.56841561
v 40.5202026 -0.13616658 -3.5962114
v 40.5722656 -0.0957880089 -1.56841561
v 40.5722733 4.85368299 -11.2993126
v 8.23317718 7.54201221 -22.2447748
v -0.357954026 4.85391092 -22.2568159
v -0.348680497 7.54201221 -22.2447748
v 21.2080955 4.85368323 -22.3693285
v -0.357954026 4.85391092 -22.2568159
v 21.2231369 -0.0957880089 -22.3786649
v -0.357954026 -0.105351455 -22.256814
v 21.2080955 4.85368323 -22.3693285
v 28.3596077 4.85368299 -22.4884729
v 27.87854 -0.0957880089 -22.4884748
v -8.93052006 7.54201316 -22.2525625
v -0.357954026 4.85390996 -22.2646036
v -21.9054375 4.85368418 -22.3771162
v -0.348661424 7.54201316 -22.2525625
v -0.357954026 4.85390996 -22.2646036
v -21.9204769 -0.0957870553 -22.3864526
v -21.9054375 4.85368418 -22.3771162
v -0.357954026 -0.105352409 -22.2646017
v -29.0569496 4.85368394 -22.4962606
v -28.575882 -0.0957870553 -22.4962625
v -28.7215633 -0.0957870553 -22.3348856
v -29.1884117 4.85368394 -17.8586645
v -29.1884117 4.85368394 -22.3348837
v -29.1884117 4.85368394 -11.1539993
v -28.7215633 -0.0957870553 -1.60953614
v -29.1884117 4.8536837 -1.60953614
v -28.7215633 -0.0957870553 -1.60953614
v -35.194931 4.8536837 -1.60953614
v -29.1884117 4.8536837 -1.60953614
v -41.201458 -0.0957870553 -1.60953614
v -41.201458 4.8536837 -1.60953614
v -41.201458 4.8536837 -1.60953614
v -41.1498489 -0.136165626 -3.42483804
v -41.2014656 4.85368394 -11.1279392
v -41.201458 -0.0957870553 -1.60953614
v -41.5315895 4.85368394 -22.3579054
v -41.5247803 8.15007066 -17.8426542
v -41.5315895 8.15007018 -22.3579054
v -41.517971 4.85368394 -17.8036222
v -41.5179749 4.85368394 -11.1279392
v -41.5179749 8.15007066 -11.1279382
v -41.5179749 4.85368394 -11.1279392
v -41.4647865 -0.136165626 -1.3237333
v -41.5179749 8.15007066 -11.1279382
v -41.4495583 8.15007018 -22.4116773
v -36.8443947 4.85368394 -22.3886575
v -41.4495583 4.85368394 -22.4116773
v -29.0620232 4.22684573 5.76195434
v -35.3739929 4.85368227 6.24140456
v -35.49683 4.22684609 5.76195243
v -29.316288 4.85368203 6.24140647
v -29.0620232 4.22684573 5.76195434
v -29.3164291 4.85368227 27.6054678
v -29.316288 4.85368203 6.24140647
v -29.2449722 4.22717189 27.6054678
v -29.0620232 4.22684573 5.76195434
v -35.5043945 -0.406270511 5.34204009
v -28.7164497 -0.406270511 5.34204009
v -35.49683 4.22684609 5.76195243
v -47.601387 4.22684573 5.76195052
v -47.601387 -0.406270511 5.34203819
v -29.2449722 4.22717189 27.6054678
v -28.7164497 -0.406270511 5.34204009
v -28.7164536 -0.406270988 27.6054678
v -29.0620232 4.22684573 5.76195434
v -35.49683 4.22684609 5.76195243
v -47.601387 4.85368227 6.24140266
v -47.601387 4.22684573 5.76195052
v -35.3739929 4.85368227 6.24140456
v -19.2638817 -0.406270034 5.59382156
v -12.1367226 -0.209653861 6.06919578
v -19.3525543 4.22717237 6.06919578
v -24.222538 4.22684657 17.5097285
v -19.2638817 -0.406270034 17.8398085
v -24.4885178 -0.406270034 17.8398085
v -19.2697029 4.22684657 17.5097285
v -12.2892094 -0.209653861 17.5097285
v -19.2638817 -0.406270034 5.59382156
v -24.0817223 4.22717237 6.06919578
v -24.4885178 -0.406270034 5.59382156
v -19.3525543 4.22717237 6.06919578
v -0.132873536 -0.178064353 12.4681597
v 2.54820061 0.422749512 11.8854361
v 2.60766601 -0.178064353 12.1073599
v -0.132873536 0.422749512 12.2384043
v 2.60766601 -0.178064353 12.1073599
v 5.0465641 0.422749512 10.8505793
v 5.1614418 -0.178064353 11.049552
v 2.54820061 0.422749512 11.8854361
v 5.1614418 -0.178064353 11.049552
v 7.19195938 0.422749512 9.20436004
v 7.35441971 -0.178064353 9.36682037
v 5.0465641 0.422749512 10.8505793
v 7.35441971 -0.178064353 9.36682037
v 8.83817673 0.422749512 7.05896667
v 9.03715134 -0.178064353 7.17384437
v 7.19195938 0.422749512 9.20436004
v 9.03715134 -0.178064353 7.17384437
v 9.87303543 0.422749512 4.56060317
v 10.0949631 -0.178064353 4.62006858
v 8.83817673 0.422749512 7.05896667
v 10.0949631 -0.178064353 4.62006858
v 10.2260056 0.422749512 1.87951949
v 10.455761 -0.178064353 1.87951949
v 9.87303543 0.422749512 4.56060317
v -0.132873536 -0.178064353 -8.70912072
v 2.54820061 0.422749512 -8.12639615
v -0.132873536 0.422749512 -8.47936627
v 2.60766601 -0.178064353 -8.34832188
v 2.60766601 -0.178064353 -8.34832188
v 5.0465641 0.422748559 -7.09154031
v 2.54820061 0.422749512 -8.12639615
v 5.1614418 -0.178064353 -7.29051301
v 5.1614418 -0.178064353 -7.29051301
v 7.19195938 0.422749512 -5.44532296
v 5.0465641 0.422748559 -7.09154031
v 7.35441971 -0.178064353 -5.60778329
v 7.35441971 -0.178064353 -5.60778329
v 8.83817673 0.422749512 -3.29992863
v 7.19195938 0.422749512 -5.44532296
v 9.03715134 -0.178064353 -3.41480538
v 9.03715134 -0.178064353 -3.41480538
v 9.87303543 0.422749512 -0.801564186
v 8.83817673 0.422749512 -3.29992863
v 10.0949631 -0.178064353 -0.861029595
v 10.0949631 -0.178064353 -0.861029595
v 10.2260056 0.422749512 1.87951949
v 9.87303543 0.422749512 -0.801564186
v 10.455761 -0.178064353 1.87951949
v -0.132873536 -0.178064353 12.4681597
v -2.81394768 0.422749512 11.8854361
v -0.132873536 0.422749512 12.2384043
v -2.87341309 -0.178064353 12.1073599
v -2.87341309 -0.178064353 12.1073599
v -5.31231213 0.422749512 10.8505793
v -2.81394768 0.422749512 11.8854361
v -5.42718887 -0.178064353 11.049552
v -5.42718887 -0.178064353 11.049552
v -7.45770645 0.422749512 9.20436004
v -5.31231213 0.422749512 10.8505793
v -7.62016678 -0.178064353 9.36682037
v -7.62016678 -0.178064353 9.36682037
v -9.10392475 0.422749512 7.05896667
v -7.45770645 0.422749512 9.20436004
v -9.30289841 -0.178064353 7.17384437
v -9.30289841 -0.178064353 7.17384437
v -10.1387835 0.422749512 4.56060317
v -9.10392475 0.422749512 7.05896667
v -10.3607092 -0.178064353 4.62006858
v -10.3607092 -0.178064353 4.62006858
v -10.4917536 0.422749512 1.87951949
v -10.1387835 0.422749512 4.56060317
v -10.721508 -0.178064353 1.87951949
v -0.132873536 -0.178064353 -8.70912072
v -2.81394768 0.422749512 -8.12639615
v -2.87341309 -0.178064353 -8.34832188
v -0.132873536 0.422749512 -8.47936627
v -2.87341309 -0.178064353 -8.34832188
v -5.31231213 0.422748559 -7.09154031
v -5.42718887 -0.178064353 -7.29051301
v -2.81394768 0.422749512 -8.12639615
v -5.42718887 -0.178064353 -7.29051301
v -7.45770645 0.422749512 -5.44532296
v -7.62016678 -0.178064353 -5.60778329
v -5.31231213 0.422748559 -7.09154031
v -7.62016678 -0.178064353 -5.60778329
v -9.10392475 0.422749512 -3.29992863
v -9.30289841 -0.178064353 -3.41480538
v -7.45770645 0.422749512 -5.44532296
v -9.30289841 -0.178064353 -3.41480538
v -10.1387835 0.422749512 -0.801564186
v -10.3607092 -0.178064353 -0.861029595
v -9.10392475 0.422749512 -3.29992863
v -10.3607092 -0.178064353 -0.861029595
v -10.4917536 0.422749512 1.87951949
v -10.721508 -0.178064353 1.87951949
v -10.1387835 0.422749512 -0.801564186
v 2.54820061 0.422749512 11.8854361
v -0.132873536 6.47816467 10.2750407
v 2.04004478 6.47816467 9.98897079
v -0.132873536 0.422749512 12.2384043
v 5.0465641 0.422749512 10.8505793
v 4.06488418 6.47816467 9.15025619
v 7.19195938 0.422749512 9.20436004
v 5.8036499 6.47816467 7.81605247
v 8.83817673 0.422749512 7.05896667
v 7.13785553 6.47816467 6.07728484
v 9.87303543 0.422749512 4.56060317
v 7.97657204 6.47816467 4.05244735
v 10.2260056 0.422749512 1.87951949
v 8.26264381 6.47816467 1.87951949
v -0.132873536 0.422749512 -8.47936627
v 2.04004478 6.47816467 -6.22993275
v -0.132873536 6.47816467 -6.51600262
v 2.54820061 0.422749512 -8.12639615
v 4.06488418 6.47816467 -5.3912172
v 5.0465641 0.422748559 -7.09154031
v 5.8036499 6.47816467 -4.05701348
v 7.19195938 0.422749512 -5.44532296
v 7.19195938 0.422749512 -5.44532296
v 7.13785553 6.47816467 -2.31824586
v 5.8036499 6.47816467 -4.05701348
v 8.83817673 0.422749512 -3.29992863
v 7.97657204 6.47816467 -0.293408363
v 9.87303543 0.422749512 -0.801564186
v 8.26264381 6.47816467 1.87951949
v 10.2260056 0.422749512 1.87951949
v -0.132873536 0.422749512 12.2384043
v -2.30579186 6.47816467 9.98897079
v -0.132873536 6.47816467 10.2750407
v -2.81394768 0.422749512 11.8854361
v -4.33063126 6.47816467 9.15025619
v -5.31231213 0.422749512 10.8505793
v -6.06939793 6.47816467 7.81605247
v -7.45770645 0.422749512 9.20436004
v -7.45770645 0.422749512 9.20436004
v -7.4036026 6.47816467 6.07728484
v -6.06939793 6.47816467 7.81605247
v -9.10392475 0.422749512 7.05896667
v -8.24231911 6.47816467 4.05244735
v -10.1387835 0.422749512 4.56060317
v -8.52839089 6.47816467 1.87951949
v -10.4917536 0.422749512 1.87951949
v -2.81394768 0.422749512 -8.12639615
v -0.132873536 6.47816467 -6.51600262
v -2.30579186 6.47816467 -6.22993275
v -0.132873536 0.422749512 -8.47936627
v -5.31231213 0.422748559 -7.09154031
v -4.33063126 6.47816467 -5.3912172
v -7.45770645 0.422749512 -5.44532296
v -6.06939793 6.47816467 -4.05701348
v -9.10392475 0.422749512 -3.29992863
v -7.4036026 6.47816467 -2.31824586
v -10.1387835 0.422749512 -0.801564186
v -8.24231911 6.47816467 -0.293408363
v -10.4917536 0.422749512 1.87951949
v -8.52839089 6.47816467 1.87951949
v 22.6547775 -0.406271941 3.43808654
v 22.3604431 4.22691035 11.4923506
v 22.1930771 4.85368132 11.4923506
v 22.6547775 -0.406271941 11.4923506
v 22.3604431 4.22691035 11.4923506
v 22.6547775 -0.406271941 3.43808654
v 17.5910873 -0.406271941 11.4923506
v 17.4906921 -0.406271941 3.43808463
v 17.5910873 4.22691035 11.4923506
v 17.5910873 4.85368132 11.4923506
v 12.3244743 -0.406271941 11.5715742
v 17.5426178 4.22691035 11.5715742
v 12.6570053 4.22691035 11.5715742
v 17.5426178 -0.406271941 11.5715742
v 12.7917557 4.2270565 18.9953909
v 12.3244743 -0.406271941 11.5715742
v 12.6570053 4.22691035 11.5715742
v 12.3244743 -0.406271941 19.0784827
v 22.5639954 -0.406271941 17.2500983
v 22.2755699 4.22691035 11.4923506
v 22.5639954 -0.406271941 11.4923506
v 22.2313576 4.22701477 17.3108778
v 22.5639954 -0.406271941 17.2500983
v 12.7917557 4.2270565 18.9953909
v 22.2313576 4.22701477 17.3108778
v 12.3244743 -0.406271941 19.0784827
v 47.449646 4.22684454 5.19592956
v 37.6717186 4.85368108 5.61159805
v 37.5771713 4.22684454 5.19592765
v 47.2539291 4.85368108 5.61160186
v 27.6013031 -0.406271941 20.2059622
v 27.8789291 4.22684454 5.19592574
v 28.1854477 4.2271707 20.2059622
v 27.6013107 -0.406271941 5.37036231
v 47.449646 4.22684454 5.19592956
v 37.5713539 -0.406271941 5.37036422
v 47.7156219 -0.406271941 5.37036613
v 37.5771713 4.22684454 5.19592765
v 27.8789291 4.22684454 5.19592574
v 27.6013107 -0.406271941 5.37036231
v 28.1854477 4.2271707 20.2059622
v 28.2637329 4.85368108 5.61159614
v 28.2644348 4.85368108 20.2059622
v 27.8789291 4.22684454 5.19592574
v 37.5771713 4.22684454 5.19592765
v 28.2637329 4.85368108 5.61159614
v 27.8789291 4.22684454 5.19592574
v 37.6717186 4.85368108 5.61159805
v 47.6439819 8.46268415 10.3649359
v 42.95187 8.85764789 10.7806044
v 42.8573227 8.46268415 10.364934
v 47.4482651 8.85764789 10.7806082
v 31.3086395 4.71237993 19.8377333
v 42.8573227 8.46268415 10.364934
v 31.2626877 8.4630103 19.8377333
v 42.8515053 4.71237993 10.5393706
v 47.6439819 8.46268415 10.3649359
v 42.8515053 4.71237993 10.5393706
v 47.9099579 4.71237993 10.5393725
v 42.8573227 8.46268415 10.364934
v 31.2626877 8.4630103 19.8377333
v 42.95187 8.85764789 10.7806044
v 31.3416748 8.85764789 19.8377333
v 42.8573227 8.46268415 10.364934
v 27.9865112 -0.380700118 -22.4420633
v 28.4675789 4.56877088 -22.4420614
v 28.4675789 4.56877088 -17.9658422
v 28.4675789 4.56877088 -11.261177
v 27.9865112 -0.380700118 -1.50421998
v 28.4675789 4.56877064 -1.50421998
v 27.9865112 -0.380700118 -1.50421998
v 28.4675789 4.56877064 -1.50421998
v 34.6570702 4.56877064 -1.50421998
v 40.6279373 -0.380700118 -1.50421998
v 40.6279373 4.56877064 -1.50421998
v 40.6279373 4.56877064 -1.50421998
v 40.5747566 -0.421078689 -3.53201577
v 40.6279373 -0.380700118 -1.50421998
v 40.6279449 4.56877088 -11.2351169
v 22.3172607 -0.40626908 -6.97366044
v 17.2647018 4.22717284 -7.44903561
v 21.7331238 4.22717284 -7.44903561
v 17.0926247 -0.40626908 -6.97366044
v 22.3172607 -0.40626908 -6.97366044
v 22.0396423 4.22684573 -19.1918459
v 22.3172646 -0.406270988 -19.5219259
v 21.7331238 4.22717284 -7.44903561
v 17.3475571 4.22684573 -19.1918459
v 9.5855217 -0.163926132 -19.3568849
v 17.0926285 -0.406270988 -19.5219259
v 22.0396423 4.22684573 -19.1918459
v 22.3172646 -0.406270988 -19.5219259
v 17.0926247 -0.40626908 -6.97366044
v 9.95466232 -0.163926132 -7.44903657
v 17.2647018 4.22717284 -7.44903561
vt 0.801214337 0.58319211
vt 0.539563537 0.332897365
vt 0.801214337 0.332897425
vt 0.539563537 0.583190203
vt 0.277912796 0.332897335
vt 0.277912796 0.583188295
vt 0.801214337 0.58319211
vt 1.45252514 0.332897723
vt 1.4525249 0.583191395
vt 0.801214337 0.332897425
vt 1.99983978 0.332897902
vt 1.7261821 0.583194375
vt 1.72618246 0.332897812
vt 1.99983931 0.583197355
vt 1.45252514 0.332897723
vt 1.4525249 0.583191395
vt 0.277912796 0.332897335
vt -0.372967392 0.58317709
vt -0.372967392 0.332897127
vt 0.277912796 0.583188295
vt 0.609215498 0.306082457
vt 0.609215498 0.592728734
vt 0.870634794 0.592728734
vt 1.26219952 0.592728794
vt 1.83202362 0.306082457
vt 1.83202362 0.592728853
vt 1.83202362 0.306082457
vt 1.83202362 0.592728853
vt 2.19972515 0.592728913
vt 2.56742668 0.306082457
vt 2.56742668 0.592728972
vt 2.56742668 0.592728972
vt 2.68624353 0.306082457
vt 2.56742668 0.306082457
vt 3.13357353 0.592729092
vt -0.311056614 0.380130053
vt 0.191593647 0.594777584
vt 0.191593647 0.380130053
vt -1.07101202 0.594777584
vt -1.06839979 0.5927459
vt 0.195057988 0.306082457
vt -1.06839979 0.306082457
vt 0.194173813 0.592733145
vt 0.609215498 0.592728734
vt 0.609215498 0.306082457
vt -0.311056614 0.380130053
vt 0.191593647 0.594777584
vt -1.07101202 0.594777584
vt 0.191593647 0.380130053
vt -1.06839979 0.5927459
vt 0.195057988 0.306082457
vt 0.194173813 0.592733145
vt -1.06839979 0.306082457
vt 0.609215498 0.592728734
vt 0.609215498 0.306082457
vt 0.609215498 0.306082457
vt 0.870634794 0.592728734
vt 0.609215498 0.592728734
vt 1.26219952 0.592728794
vt 1.83202362 0.306082457
vt 1.83202362 0.592728853
vt 1.83202362 0.306082457
vt 2.19972515 0.592728913
vt 1.83202362 0.592728853
vt 2.56742668 0.306082457
vt 2.56742668 0.592728972
vt 2.56742668 0.592728972
vt 2.68624353 0.306082457
vt 3.13357353 0.592729092
vt 2.56742668 0.306082457
vt 0.609215498 0.306082457
vt 0.870634794 0.592728734
vt 0.609215498 0.592728734
vt 1.09410489 0.306082457
vt 1.83202362 0.306082457
vt 1.83202362 0.592728853
vt 1.83202362 0.306082457
vt 1.83202362 0.592728853
vt 1.83202362 0.592728853
vt 0.609215498 0.592728734
vt 0.609215498 0.449405611
vt 0.609215498 0.306082457
vt 0.498021305 0.282796383
vt 0.431439102 0.0654430166
vt 0.498021305 0.0654430166
vt 0.431439102 0.282796383
vt -0.372967392 0.332897127
vt 0.277912796 0.300353736
vt -0.372967392 0.30034259
vt 0.277912796 0.332897335
vt 1.99983978 0.332897902
vt 1.7261821 0.583194375
vt 1.99983931 0.583197355
vt 1.72618246 0.332897812
vt 1.45252514 0.332897723
vt 1.4525249 0.583191395
vt 0.277912796 0.332897335
vt -0.372967392 0.58317709
vt 0.277912796 0.583188295
vt -0.372967392 0.332897127
vt 0.498021305 0.0654430166
vt 0.431439102 0.282695889
vt 0.498021305 0.282695889
vt 0.431439102 0.0654430166
vt 0.539563537 0.583190203
vt 0.801214337 0.332897425
vt 0.539563537 0.332897365
vt 1.99983978 0.332897902
vt 1.7261821 0.583194375
vt 1.99983931 0.583197355
vt 1.72618246 0.332897812
vt 1.4525249 0.583191395
vt 0.539563537 0.583190203
vt 0.277912796 0.332897335
vt 0.277912796 0.583188295
vt 0.539563537 0.332897365
vt 0.34280926 0.909796357
vt 0.305564106 0.706923485
vt 0.34280926 0.682828128
vt 0.305564106 0.885700941
vt 0.34280926 0.682828128
vt 0.305564106 0.885700941
vt 0.34280926 0.909796357
vt 0.305564106 0.706923485
vt 0.34280926 0.909796357
vt 0.305564106 0.706923485
vt 0.34280926 0.682828128
vt 0.305564106 0.885700941
vt 0.34280926 0.682828128
vt 0.305564106 0.885700941
vt 0.34280926 0.909796357
vt 0.305564106 0.706923485
vt 0.34280926 0.909796357
vt 0.305564106 0.706923485
vt 0.34280926 0.682828128
vt 0.305564106 0.885700941
vt 0.34280926 0.682828128
vt 0.305564106 0.885700941
vt 0.34280926 0.909796357
vt 0.305564106 0.706923485
vt 0.34280926 0.909796357
vt 0.305564106 0.706923485
vt 0.305564106 0.885700941
vt 0.34280926 0.682828128
vt 0.34280926 0.682828128
vt 0.305564106 0.885700941
vt 0.305564106 0.706923485
vt 0.34280926 0.909796357
vt 0.34280926 0.909796357
vt 0.305564106 0.706923485
vt 0.305564106 0.885700941
vt 0.34280926 0.682828128
vt 0.34280926 0.682828128
vt 0.305564106 0.885700941
vt 0.305564106 0.706923485
vt 0.34280926 0.909796357
vt 0.34280926 0.909796357
vt 0.305564106 0.706923485
vt 0.305564106 0.885700941
vt 0.34280926 0.682828128
vt 0.34280926 0.682828128
vt 0.305564106 0.885700941
vt 0.305564106 0.706923485
vt 0.34280926 0.909796357
vt 0.34280926 0.909796357
vt 0.305564106 0.706923485
vt 0.305564106 0.885700941
vt 0.34280926 0.682828128
vt 0.34280926 0.682828128
vt 0.305564106 0.885700941
vt 0.305564106 0.706923485
vt 0.34280926 0.909796357
vt 0.34280926 0.909796357
vt 0.305564106 0.706923485
vt 0.305564106 0.885700941
vt 0.34280926 0.682828128
vt 0.34280926 0.682828128
vt 0.305564106 0.885700941
vt 0.305564106 0.706923485
vt 0.34280926 0.909796357
vt 0.34280926 0.909796357
vt 0.305564106 0.706923485
vt 0.305564106 0.885700941
vt 0.34280926 0.682828128
vt 0.34280926 0.682828128
vt 0.305564106 0.885700941
vt 0.305564106 0.706923485
vt 0.34280926 0.909796357
vt 0.34280926 0.909796357
vt 0.305564106 0.706923485
vt 0.34280926 0.682828128
vt 0.305564106 0.885700941
vt 0.34280926 0.682828128
vt 0.305564106 0.885700941
vt 0.34280926 0.909796357
vt 0.305564106 0.706923485
vt 0.34280926 0.909796357
vt 0.305564106 0.706923485
vt 0.34280926 0.682828128
vt 0.305564106 0.885700941
vt 0.34280926 0.682828128
vt 0.305564195 0.885700941
vt 0.34280926 0.909796357
vt 0.305564106 0.706923485
vt 0.34280926 0.909796357
vt 0.305564106 0.706923485
vt 0.34280926 0.682828128
vt 0.305564195 0.885700941
vt 0.34280926 0.682828128
vt 0.305564106 0.885700941
vt 0.34280926 0.909796357
vt 0.305564106 0.706923485
vt 0.139256358 0.550657153
vt -0.197927609 0.30033344
vt 0.139256358 0.30033344
vt -0.205625415 0.550657153
vt 0.476440191 0.550657153
vt 0.476440251 0.30033344
vt 0.813624144 0.550657153
vt 0.813624144 0.30033344
vt 1.15080857 0.550657153
vt 1.15080857 0.30033344
vt 1.487993 0.550657153
vt 1.487993 0.30033344
vt 1.83287477 0.550657153
vt 1.82517695 0.30033344
vt -0.205625415 0.550657153
vt 0.139256358 0.30033344
vt -0.197927609 0.30033344
vt 0.139256358 0.550657153
vt 0.476440251 0.30033344
vt 0.476440191 0.550657153
vt 0.813624144 0.30033344
vt 0.813624144 0.550657153
vt 0.813624144 0.550657153
vt 1.15080857 0.30033344
vt 0.813624144 0.30033344
vt 1.15080857 0.550657153
vt 1.487993 0.30033344
vt 1.487993 0.550657153
vt 1.82517695 0.30033344
vt 1.83287477 0.550657153
vt -0.20562543 0.550657153
vt 0.139256358 0.30033344
vt -0.197927609 0.30033344
vt 0.139256358 0.550657153
vt 0.476440251 0.30033344
vt 0.476440191 0.550657153
vt 0.813624144 0.30033344
vt 0.813624144 0.550657153
vt 0.813624144 0.550657153
vt 1.15080857 0.30033344
vt 0.813624144 0.30033344
vt 1.15080857 0.550657153
vt 1.487993 0.30033344
vt 1.487993 0.550657153
vt 1.82517695 0.30033344
vt 1.83287477 0.550657153
vt 0.139256358 0.550657153
vt -0.197927609 0.30033344
vt 0.139256358 0.30033344
vt -0.205625415 0.550657153
vt 0.476440191 0.550657153
vt 0.476440251 0.30033344
vt 0.813624144 0.550657153
vt 0.813624144 0.30033344
vt 1.15080857 0.550657213
vt 1.15080857 0.30033344
vt 1.487993 0.550657153
vt 1.487993 0.30033344
vt 1.83287477 0.550657153
vt 1.82517695 0.30033344
vt -0.372967392 0.30034259
vt -0.252052277 0.331216216
vt -0.252052277 0.300390422
vt -0.252052277 0.581273913
vt -0.252052277 0.331216216
vt -0.372967392 0.30034259
vt 1.33190143 0.582254291
vt 1.33190143 0.315609813
vt 1.33190143 0.330081701
vt 1.33190143 0.301137954
vt 1.33190143 0.582254291
vt 1.33190143 0.330081701
vt 1.33190143 0.330081701
vt 1.33190143 0.582254291
vt 0.974899769 0.32935521
vt 1.33190143 0.582254291
vt 1.33190143 0.330081701
vt 0.974651277 0.582163513
vt 0.0229227077 0.58204478
vt -0.252052277 0.331216216
vt -0.252052277 0.581273913
vt 0.0255412944 0.331041396
vt 0.0229227077 0.58204478
vt 0.279295057 0.331041396
vt 0.0255412944 0.331041396
vt 0.276676446 0.58204478
vt 0.498021305 0.282796383
vt 0.431439102 0.0654430166
vt 0.498021305 0.0654430166
vt 0.431439102 0.282796383
vt 0.801214337 0.58319211
vt 1.45252514 0.332897723
vt 0.801214337 0.332897425
vt 1.4525249 0.583191395
vt 1.99983978 0.332897902
vt 1.7261821 0.583194375
vt 1.99983931 0.583197355
vt 1.72618246 0.332897812
vt 1.45252514 0.332897723
vt 1.4525249 0.583191395
vt 0.801214337 0.332897425
vt 1.45252514 0.300350785
vt 0.801214337 0.300357431
vt 1.45252514 0.332897723
vt 0.498021305 0.0654430166
vt 0.431439102 0.282695889
vt 0.498021305 0.282695889
vt 0.431439102 0.0654430166
vt 1.01170874 0.301013291
vt 0.884525061 0.318260849
vt 0.884525061 0.301013291
vt 1.01170874 0.318260849
vt 0.801214337 0.58319211
vt 1.72618246 0.36770463
vt 0.801214337 0.36770463
vt 1.7261821 0.583194375
vt 1.8607533 0.36770463
vt 1.7261821 0.583194375
vt 1.8607533 0.583195865
vt 1.72618246 0.36770463
vt 0.801214337 0.317343652
vt 1.72654915 0.300350785
vt 0.801214337 0.300357431
vt 1.72618246 0.31734404
vt 0.609215498 0.306082457
vt 0.609215498 0.592728734
vt 0.870634794 0.592728734
vt 1.26219952 0.592728794
vt 1.83202362 0.306082457
vt 1.83202362 0.592728853
vt 1.83202362 0.306082457
vt 1.83202362 0.592728853
vt 2.19972515 0.592728913
vt 2.56742668 0.306082457
vt 2.56742668 0.592728972
vt 2.56742668 0.592728972
vt 2.68624353 0.306082457
vt 2.56742668 0.306082457
vt 3.13357353 0.592729092
vt 0.801214337 0.58319211
vt 0.539563537 0.332897365
vt 0.801214337 0.332897425
vt 0.539563537 0.583190203
vt 0.801214337 0.58319211
vt 1.45252514 0.332897723
vt 1.4525249 0.583191395
vt 0.801214337 0.332897425
vt 1.72618246 0.332897812
vt 1.99983954 0.458047628
vt 1.7261821 0.583194375
vt 1.45252514 0.332897723
vt 1.4525249 0.583191395
vt 0.539563537 0.583190203
vt 0.277912796 0.332897335
vt 0.539563537 0.332897365
vn 0 0.0977481307 0.995211185
vn 0 0.0977481233 0.995211186
vn 0 0.0977481233 0.995211186
vn 0 0.097748138 0.995211184
vn 0 0.0977482118 0.995211177
vn 0 0.0977482192 0.995211176
vn 0.996111404 0.0872496771 0.012229686
vn 0.996111405 0.0872496623 0.0122296842
vn 0.996111404 0.0872496697 0.012229686
vn 0.996111404 0.0872496697 0.0122296851
vn 0 0.0680453193 -0.997682231
vn 0 0.0680453119 -0.997682232
vn 0 0.0680453193 -0.997682231
vn 0 0.0680453193 -0.997682231
vn 0 0.0680453193 -0.997682231
vn 0 0.0680453193 -0.997682231
vn -0.997658394 0.0681620926 0.00562649559
vn -0.997658394 0.0681621 0.00562649559
vn -0.997658394 0.0681620926 0.00562649559
vn -0.997658394 0.0681620926 0.00562649559
vn -0.995503071 0.0947292766 2.10341248e-17
vn -0.99550307 0.094729284 2.10341264e-17
vn -0.99550307 0.094729284 2.10341264e-17
vn -0.99550307 0.094729284 2.10341264e-17
vn -0.99550307 0.094729284 2.10341264e-17
vn -0.995503069 0.0947292987 2.10341297e-17
vn 0 -2.22044605e-16 1
vn 0 -2.22044605e-16 1
vn 0 -2.22044605e-16 1
vn 0 -2.22044605e-16 1
vn 0 -2.22044605e-16 1
vn 0.999952952 -0.00864638971 -0.00439706922
vn 0.999952952 -0.00864638971 -0.00439706922
vn 0.999952952 -0.00864638971 -0.00439706922
vn 0.999952952 -0.00864638878 -0.00439706922
vn 0.00373136734 -0.0164041647 0.99985848
vn 0.00373136757 -0.0164041665 0.99985848
vn 0.00373136781 -0.0164041665 0.99985848
vn 0.00373136781 -0.0164041665 0.99985848
vn 0.00543184738 -0.000933794143 0.999984811
vn 0.00543184785 -0.000933794201 0.999984811
vn 0.00543184785 -0.000933794143 0.999984811
vn 0.00543184738 -0.000933794259 0.999984811
vn 0.0165802789 -0.00172381298 0.999861052
vn 0.0165802807 -0.0017238131 0.999861052
vn -0.00373366955 -0.0163857272 0.999858774
vn -0.00373366931 -0.0163857254 0.999858774
vn -0.00373366908 -0.0163857235 0.999858774
vn -0.00373366931 -0.0163857235 0.999858774
vn -0.00543652714 -0.00093378824 0.999984786
vn -0.00543652714 -0.000933788182 0.999984786
vn -0.00543652714 -0.000933788182 0.999984786
vn -0.00543652714 -0.000933788182 0.999984786
vn -0.016580277 -0.00172381647 0.999861052
vn -0.016580277 -0.00172381647 0.999861052
vn 0.995581061 0.093906072 2.08513367e-17
vn 0.995581061 0.0939060794 2.08513383e-17
vn 0.995581062 0.0939060646 2.0851335e-17
vn 0.995581061 0.093906072 2.08513367e-17
vn 0.995581062 0.0939060646 2.0851335e-17
vn 0.99558106 0.0939060868 2.08513399e-17
vn 0 -2.22044605e-16 1
vn 0 -2.22044605e-16 1
vn 0 -2.22044605e-16 1
vn 0 -2.22044605e-16 1
vn 0 -2.22044605e-16 1
vn -0.999951954 -0.00869731322 -0.00452171171
vn -0.999951954 -0.00869731322 -0.00452171171
vn -0.999951954 -0.00869731322 -0.00452171171
vn -0.999951954 -0.00869731415 -0.00452171218
vn 0.999996944 0.00101949535 -0.00225233642
vn 0.999996944 0.00101949535 -0.00225233619
vn 0.999996944 0.00101949535 -0.00225233619
vn 0.999996944 0.00101949535 -0.00225233619
vn 0.999999341 0.00102982536 -0.000507946094
vn 0.999999341 0.00102982524 -0.000507946094
vn 0.999985285 1.20458574e-18 -0.00542497187
vn 0.999985285 1.20458563e-18 -0.00542497141
vn 0.999985285 1.20458563e-18 -0.00542497141
vn -0.00499862863 -2.22041831e-16 0.999987507
vn -0.00499862863 -2.22041831e-16 0.999987507
vn -0.00499862863 -2.22041831e-16 0.999987507
vn 0 0.607535505 -0.794292522
vn 0 0.607535505 -0.794292522
vn 0 0.607535534 -0.7942925
vn 0 0.607535505 -0.794292522
vn 0.968223052 0.250054602 0.00410091418
vn 0.968223052 0.250054602 0.00410091418
vn 0.968223052 0.250054602 0.00410091418
vn 0.968223052 0.250054602 0.00410091418
vn 0 0.0902630449 -0.99591796
vn 0 0.0902630375 -0.995917961
vn 0 0.0902630449 -0.99591796
vn 0 0.0902630449 -0.99591796
vn 0 0.090262838 -0.995917979
vn 0 0.090262838 -0.995917979
vn 0.995589613 0.0937244593 0.00412895204
vn 0.995589613 0.0937244593 0.00412895204
vn 0.995589612 0.0937244667 0.00412895204
vn 0.995589613 0.0937244593 0.00412895204
vn 0 0.607535392 -0.794292608
vn 0 0.607535392 -0.794292608
vn 0 0.607535363 -0.79429263
vn 0 0.607535392 -0.794292608
vn 0.0633661017 0.103055457 -0.992655182
vn 0.0633661091 0.103055465 -0.992655181
vn 0.0633661165 0.103055472 -0.992655179
vn 0 0.0710635173 0.997471792
vn 0 0.0710635173 0.997471792
vn 0 0.0710635099 0.997471793
vn 0 0.0710635173 0.997471792
vn 0.0451547042 0.0710474661 0.996450355
vn 0 0.102060604 -0.994778183
vn 0 0.102060604 -0.994778183
vn 0 0.102060604 -0.994778183
vn 0 0.102060596 -0.994778184
vn 0 0.357179554 0.934035741
vn 0.243993184 0.333590337 0.910595856
vn 0.241746349 0.357179252 0.902209335
vn 0 0.33359053 0.942718069
vn 0.241746349 0.357179252 0.902209335
vn 0.471359021 0.333590334 0.816417885
vn 0.467018004 0.357179228 0.808898747
vn 0.243993184 0.333590337 0.910595856
vn 0.467018004 0.357179228 0.808898747
vn 0.666602302 0.333590681 0.666602302
vn 0.660462863 0.357179973 0.660462923
vn 0.471359021 0.333590334 0.816417885
vn 0.660462863 0.357179973 0.660462923
vn 0.816417259 0.333591419 0.471359337
vn 0.808897756 0.357181533 0.467017957
vn 0.666602302 0.333590681 0.666602302
vn 0.808897756 0.357181533 0.467017957
vn 0.910595224 0.333591873 0.243993442
vn 0.902208167 0.357182361 0.241746117
vn 0.816417259 0.333591419 0.471359337
vn 0.902208167 0.357182361 0.241746117
vn 0.942717648 0.333591721 7.40722419e-17
vn 0.934034742 0.357182166 7.9310373e-17
vn 0.910595224 0.333591873 0.243993442
vn 0 0.35718029 -0.93403546
vn 0.243993336 0.333590847 -0.910595629
vn 0 0.333590806 -0.942717972
vn 0.241746264 0.35718033 -0.902208931
vn 0.241746264 0.35718033 -0.902208931
vn 0.471358821 0.333590706 -0.816417848
vn 0.243993336 0.333590847 -0.910595629
vn 0.4670176 0.357180126 -0.808898584
vn 0.4670176 0.357180126 -0.808898584
vn 0.666602163 0.33359076 -0.666602401
vn 0.471358821 0.333590706 -0.816417848
vn 0.660462723 0.357180051 -0.660463021
vn 0.660462723 0.357180051 -0.660463021
vn 0.816417343 0.333591285 -0.471359286
vn 0.666602163 0.33359076 -0.666602401
vn 0.808898012 0.357181213 -0.467017759
vn 0.808898012 0.357181213 -0.467017759
vn 0.910595267 0.33359177 -0.243993424
vn 0.816417343 0.333591285 -0.471359286
vn 0.902208212 0.357182259 -0.2417461
vn 0.902208212 0.357182259 -0.2417461
vn 0.942717648 0.333591721 7.40722419e-17
vn 0.910595267 0.33359177 -0.243993424
vn 0.934034742 0.357182166 7.9310373e-17
vn 0 0.357179554 0.934035741
vn -0.243993129 0.333590322 0.910595876
vn 0 0.33359053 0.942718069
vn -0.241746334 0.357179124 0.90220939
vn -0.241746334 0.357179124 0.90220939
vn -0.471359142 0.333590156 0.816417888
vn -0.243993129 0.333590322 0.910595876
vn -0.467017948 0.357178897 0.808898926
vn -0.467017948 0.357178897 0.808898926
vn -0.666602362 0.333590442 0.666602362
vn -0.471359142 0.333590156 0.816417888
vn -0.660462963 0.357179605 0.660463023
vn -0.660462963 0.357179605 0.660463023
vn -0.816417462 0.333590868 0.471359376
vn -0.666602362 0.333590442 0.666602362
vn -0.808898168 0.357180365 0.467018137
vn -0.808898168 0.357180365 0.467018137
vn -0.910595527 0.333590981 0.243993533
vn -0.816417462 0.333590868 0.471359376
vn -0.902208821 0.357180518 0.241746399
vn -0.902208821 0.357180518 0.241746399
vn -0.94271799 0.333590753 7.4072027e-17
vn -0.910595527 0.333590981 0.243993533
vn -0.93403549 0.357180212 7.9309939e-17
vn 0 0.35718029 -0.93403546
vn -0.2439933 0.333590759 -0.91059567
vn -0.241746246 0.357180229 -0.902208976
vn 0 0.333590806 -0.942717972
vn -0.241746246 0.357180229 -0.902208976
vn -0.47135891 0.333590586 -0.816417846
vn -0.467017685 0.357179764 -0.808898695
vn -0.2439933 0.333590759 -0.91059567
vn -0.467017685 0.357179764 -0.808898695
vn -0.666602229 0.333590495 -0.666602468
vn -0.660462865 0.357179527 -0.660463163
vn -0.47135891 0.333590586 -0.816417846
vn -0.660462865 0.357179527 -0.660463163
vn -0.816417554 0.333590707 -0.47135933
vn -0.808898393 0.357180061 -0.467017981
vn -0.666602229 0.333590495 -0.666602468
vn -0.808898393 0.357180061 -0.467017981
vn -0.910595565 0.333590913 -0.243993483
vn -0.902208899 0.357180377 -0.241746315
vn -0.816417554 0.333590707 -0.47135933
vn -0.902208899 0.357180377 -0.241746315
vn -0.94271799 0.333590753 7.4072027e-17
vn -0.93403549 0.357180212 7.9309939e-17
vn -0.910595565 0.333590913 -0.243993483
vn 0.243993184 0.333590337 0.910595856
vn 0 0.308425927 0.951248363
vn 0.246200884 0.308425945 0.918835437
vn 0 0.33359053 0.942718069
vn 0.471359021 0.333590334 0.816417885
vn 0.475624262 0.308425902 0.82380521
vn 0.666602302 0.333590681 0.666602302
vn 0.672634187 0.308425845 0.672634187
vn 0.816417259 0.333591419 0.471359337
vn 0.823805055 0.308425792 0.475624603
vn 0.910595224 0.333591873 0.243993442
vn 0.918835358 0.30842572 0.246201461
vn 0.942717648 0.333591721 7.40722419e-17
vn 0.951248453 0.30842565 6.84842516e-17
vn 0 0.333590806 -0.942717972
vn 0.246201159 0.308425816 -0.918835407
vn 0 0.308425812 -0.9512484
vn 0.243993336 0.333590847 -0.910595629
vn 0.475624155 0.308425851 -0.823805291
vn 0.471358821 0.333590706 -0.816417848
vn 0.67263407 0.308425965 -0.672634249
vn 0.666602163 0.33359076 -0.666602401
vn 0.666602163 0.33359076 -0.666602401
vn 0.823805074 0.308425866 -0.47562452
vn 0.67263407 0.308425965 -0.672634249
vn 0.816417343 0.333591285 -0.471359286
vn 0.918835362 0.308425721 -0.246201447
vn 0.910595267 0.33359177 -0.243993424
vn 0.951248453 0.30842565 6.84842516e-17
vn 0.942717648 0.333591721 7.40722419e-17
vn 0 0.33359053 0.942718069
vn -0.24620091 0.30842597 0.918835422
vn 0 0.308425927 0.951248363
vn -0.243993129 0.333590322 0.910595876
vn -0.47562422 0.308425884 0.823805241
vn -0.471359142 0.333590156 0.816417888
vn -0.672634193 0.308425818 0.672634193
vn -0.666602362 0.333590442 0.666602362
vn -0.666602362 0.333590442 0.666602362
vn -0.823805039 0.308425846 0.475624594
vn -0.672634193 0.308425818 0.672634193
vn -0.816417462 0.333590868 0.471359376
vn -0.918835325 0.308425828 0.246201452
vn -0.910595527 0.333590981 0.243993533
vn -0.9512484 0.308425812 6.84842875e-17
vn -0.94271799 0.333590753 7.4072027e-17
vn -0.2439933 0.333590759 -0.91059567
vn 0 0.308425812 -0.9512484
vn -0.246201131 0.308425818 -0.918835414
vn 0 0.333590806 -0.942717972
vn -0.47135891 0.333590586 -0.816417846
vn -0.475624155 0.308425851 -0.823805291
vn -0.666602229 0.333590495 -0.666602468
vn -0.672634076 0.308425938 -0.672634255
vn -0.816417554 0.333590707 -0.47135933
vn -0.823805059 0.308425913 -0.475624516
vn -0.910595565 0.333590913 -0.243993483
vn -0.918835328 0.308425829 -0.246201438
vn -0.94271799 0.333590753 7.4072027e-17
vn -0.9512484 0.308425812 6.84842875e-17
vn 0.960027054 0.256354992 -0.112384045
vn 0.960027062 0.256354964 -0.112384039
vn 0.960027054 0.256354992 -0.112384045
vn 0.997988216 0.0633996869 1.40775584e-17
vn 0.997988217 0.0633996795 1.40775568e-17
vn 0.997988216 0.0633996869 1.40775584e-17
vn -0.999922323 -2.76753727e-18 0.0124638798
vn -0.999922323 -2.76753727e-18 0.0124638798
vn -0.999922323 -2.76753747e-18 0.0124638807
vn -0.999922323 -2.76753747e-18 0.0124638807
vn 0 2.22044605e-16 -1
vn 0 2.22044605e-16 -1
vn 0 2.22044605e-16 -1
vn 0 2.22044605e-16 -1
vn -0.996248618 0.086068957 0.00899033874
vn -0.996248617 0.0860689644 0.00899033967
vn -0.996248618 0.086068957 0.00899033874
vn -0.996248617 0.0860689644 0.00899033874
vn 0.997755947 0.0668472426 0.00381004648
vn 0.997755946 0.06684725 0.00381004625
vn 0.997755946 0.06684725 0.00381004648
vn 0.997755946 0.06684725 0.00381004648
vn 0.17573094 -0.000183041756 0.984438217
vn 0.175730925 -0.000183041757 0.98443822
vn 0.17573094 -0.000183041756 0.984438217
vn 0.175730925 -0.000183041757 0.98443822
vn 0 0.552655437 -0.833409844
vn 0 0.552655478 -0.833409816
vn 0 0.552655382 -0.83340988
vn 0 0.552655437 -0.833409844
vn -0.995633813 0.0927835063 0.0102240195
vn -0.995633813 0.0927835063 0.0102240214
vn -0.995633813 0.0927835063 0.0102240214
vn -0.995633813 0.0927835136 0.0102240204
vn 0 -0.037623278 -0.999291994
vn 0 -0.0376232817 -0.999291994
vn 0 -0.0376232817 -0.999291994
vn 0 -0.037623278 -0.999291994
vn 0 -0.0376232854 -0.999291994
vn 0 -0.0376232854 -0.999291994
vn -0.938851543 0.344184439 0.00973916559
vn -0.938851543 0.344184439 0.00973916559
vn -0.938851553 0.344184413 0.00973916476
vn -0.938851563 0.344184387 0.00973916579
vn 0 0.552654514 -0.833410456
vn 0 0.552654514 -0.833410456
vn 0 0.552654473 -0.833410483
vn 0 0.552654514 -0.833410456
vn 0 0.724933322 -0.688819047
vn 0 0.724933292 -0.688819078
vn 0 0.724933322 -0.688819047
vn 0 0.724933294 -0.688819076
vn -0.62988084 -0.0214255655 -0.776396208
vn -0.629880804 -0.0214255626 -0.776396238
vn -0.629880804 -0.0214255645 -0.776396238
vn -0.629880768 -0.0214255634 -0.776396267
vn 0 -0.0464623997 -0.99892004
vn 0 -0.0464624034 -0.998920039
vn 0 -0.0464624034 -0.998920039
vn 0 -0.0464623997 -0.99892004
vn -0.547097472 0.480913127 -0.685132776
vn -0.54709743 0.480913142 -0.685132798
vn -0.547097472 0.480913127 -0.685132776
vn -0.547097472 0.480913127 -0.685132776
vn -0.995309698 0.0967398886 2.14805703e-17
vn -0.995309696 0.0967399033 2.14805736e-17
vn -0.995309697 0.096739896 2.1480572e-17
vn -0.995309697 0.096739896 2.1480572e-17
vn -0.995309697 0.096739896 2.1480572e-17
vn -0.995309695 0.0967399107 2.14805753e-17
vn 0 -2.22044605e-16 1
vn 0 -2.22044605e-16 1
vn 0 -2.22044605e-16 1
vn 0 -2.22044605e-16 1
vn 0 -2.22044605e-16 1
vn 0.99995091 -0.00883198924 -0.00449147133
vn 0.99995091 -0.00883198924 -0.00449147133
vn 0.99995091 -0.00883198924 -0.00449147133
vn 0.99995091 -0.00883198924 -0.00449147133
vn 0 0.102060825 0.99477816
vn 0 0.102060825 0.99477816
vn 0 0.102060825 0.99477816
vn 0 0.102060818 0.994778161
vn 0.995606912 0.0927850858 0.0125620322
vn 0.995606911 0.0927850932 0.0125620331
vn 0.995606911 0.0927850932 0.0125620331
vn 0.995606911 0.0927850932 0.0125620331
vn -0.0195948826 0.0721225327 -0.99720328
vn -0.0195948826 0.0721225327 -0.99720328
vn -0.0195948808 0.0721225327 -0.99720328
vn 0 0.0710635099 -0.997471793
vn 0 0.0710635099 -0.997471793
vn -0.062568467 0.104160049 0.992590485
vn -0.0625684596 0.104160034 0.992590487
vn -0.062568467 0.104160049 0.992590485

g collision_collision_submesh_0
usemtl collision_18
f 2064/2064/2064 2066/2066/2066 2065/2065/2065
f 2064/2064/2064 2065/2065/2065 2067/2067/2067
f 2067/2067/2067 2065/2065/2065 2068/2068/2068
f 2067/2067/2067 2068/2068/2068 2069/2069/2069
f 2070/2070/2070 2072/2072/2072 2071/2071/2071
f 2070/2070/2070 2071/2071/2071 2073/2073/2073
f 2074/2074/2074 2076/2076/2076 2075/2075/2075
f 2074/2074/2074 2075/2075/2075 2077/2077/2077
f 2075/2075/2075 2076/2076/2076 2078/2078/2078
f 2075/2075/2075 2078/2078/2078 2079/2079/2079
f 2080/2080/2080 2082/2082/2082 2081/2081/2081
f 2080/2080/2080 2081/2081/2081 2083/2083/2083
f 2084/2084/2084 2086/2086/2086 2085/2085/2085
f 2084/2084/2084 2087/2087/2087 2086/2086/2086
f 2084/2084/2084 2088/2088/2088 2087/2087/2087
f 2088/2088/2088 2089/2089/2089 2087/2087/2087
f 2090/2090/2090 2092/2092/2092 2091/2091/2091
f 2090/2090/2090 2093/2093/2093 2092/2092/2092
f 2093/2093/2093 2094/2094/2094 2092/2092/2092
f 2095/2095/2095 2097/2097/2097 2096/2096/2096
f 2095/2095/2095 2096/2096/2096 2098/2098/2098
f 2099/2099/2099 2101/2101/2101 2100/2100/2100
f 2099/2099/2099 2100/2100/2100 2102/2102/2102
f 2103/2103/2103 2105/2105/2105 2104/2104/2104
f 2103/2103/2103 2104/2104/2104 2106/2106/2106
f 2107/2107/2107 2106/2106/2106 2104/2104/2104
f 2107/2107/2107 2104/2104/2104 2108/2108/2108
f 2109/2109/2109 2111/2111/2111 2110/2110/2110
f 2109/2109/2109 2110/2110/2110 2112/2112/2112
f 2113/2113/2113 2115/2115/2115 2114/2114/2114
f 2113/2113/2113 2114/2114/2114 2116/2116/2116
f 2117/2117/2117 2114/2114/2114 2115/2115/2115
f 2117/2117/2117 2118/2118/2118 2114/2114/2114
f 2119/2119/2119 2121/2121/2121 2120/2120/2120
f 2119/2119/2119 2120/2120/2120 2122/2122/2122
f 2119/2119/2119 2122/2122/2122 2123/2123/2123
f 2123/2123/2123 2122/2122/2122 2124/2124/2124
f 2125/2125/2125 2127/2127/2127 2126/2126/2126
f 2125/2125/2125 2126/2126/2126 2128/2128/2128
f 2128/2128/2128 2126/2126/2126 2129/2129/2129
f 2130/2130/2130 2132/2132/2132 2131/2131/2131
f 2130/2130/2130 2131/2131/2131 2133/2133/2133
f 2134/2134/2134 2136/2136/2136 2135/2135/2135
f 2134/2134/2134 2135/2135/2135 2137/2137/2137
f 2135/2135/2135 2138/2138/2138 2137/2137/2137
f 2135/2135/2135 2139/2139/2139 2138/2138/2138
f 2140/2140/2140 2142/2142/2142 2141/2141/2141
f 2143/2143/2143 2145/2145/2145 2144/2144/2144
f 2146/2146/2146 2148/2148/2148 2147/2147/2147
f 2146/2146/2146 2147/2147/2147 2149/2149/2149
f 2150/2150/2150 2152/2152/2152 2151/2151/2151
f 2150/2150/2150 2151/2151/2151 2153/2153/2153
f 2154/2154/2154 2156/2156/2156 2155/2155/2155
f 2154/2154/2154 2155/2155/2155 2157/2157/2157
f 2155/2155/2155 2158/2158/2158 2157/2157/2157
f 2155/2155/2155 2159/2159/2159 2158/2158/2158
f 2160/2160/2160 2162/2162/2162 2161/2161/2161
f 2160/2160/2160 2161/2161/2161 2163/2163/2163
f 2164/2164/2164 2166/2166/2166 2165/2165/2165
f 2164/2164/2164 2165/2165/2165 2167/2167/2167
f 2168/2168/2168 2170/2170/2170 2169/2169/2169
f 2171/2171/2171 2173/2173/2173 2172/2172/2172
f 2171/2171/2171 2172/2172/2172 2174/2174/2174
f 2172/2172/2172 2175/2175/2175 2174/2174/2174
f 2176/2176/2176 2178/2178/2178 2177/2177/2177
f 2176/2176/2176 2177/2177/2177 2179/2179/2179
f 2180/2180/2180 2182/2182/2182 2181/2181/2181
f 2180/2180/2180 2181/2181/2181 2183/2183/2183
f 2184/2184/2184 2186/2186/2186 2185/2185/2185
f 2184/2184/2184 2185/2185/2185 2187/2187/2187
f 2188/2188/2188 2190/2190/2190 2189/2189/2189
f 2188/2188/2188 2189/2189/2189 2191/2191/2191
f 2192/2192/2192 2194/2194/2194 2193/2193/2193
f 2192/2192/2192 2193/2193/2193 2195/2195/2195
f 2196/2196/2196 2198/2198/2198 2197/2197/2197
f 2196/2196/2196 2197/2197/2197 2199/2199/2199
f 2200/2200/2200 2202/2202/2202 2201/2201/2201
f 2200/2200/2200 2201/2201/2201 2203/2203/2203
f 2204/2204/2204 2206/2206/2206 2205/2205/2205
f 2204/2204/2204 2205/2205/2205 2207/2207/2207
f 2208/2208/2208 2210/2210/2210 2209/2209/2209
f 2208/2208/2208 2209/2209/2209 2211/2211/2211
f 2212/2212/2212 2214/2214/2214 2213/2213/2213
f 2212/2212/2212 2213/2213/2213 2215/2215/2215
f 2216/2216/2216 2218/2218/2218 2217/2217/2217
f 2216/2216/2216 2217/2217/2217 2219/2219/2219
f 2220/2220/2220 2222/2222/2222 2221/2221/2221
f 2220/2220/2220 2221/2221/2221 2223/2223/2223
f 2224/2224/2224 2226/2226/2226 2225/2225/2225
f 2224/2224/2224 2225/2225/2225 2227/2227/2227
f 2228/2228/2228 2230/2230/2230 2229/2229/2229
f 2228/2228/2228 2229/2229/2229 2231/2231/2231
f 2232/2232/2232 2234/2234/2234 2233/2233/2233
f 2232/2232/2232 2233/2233/2233 2235/2235/2235
f 2236/2236/2236 2238/2238/2238 2237/2237/2237
f 2236/2236/2236 2237/2237/2237 2239/2239/2239
f 2240/2240/2240 2242/2242/2242 2241/2241/2241
f 2240/2240/2240 2241/2241/2241 2243/2243/2243
f 2244/2244/2244 2246/2246/2246 2245/2245/2245
f 2244/2244/2244 2245/2245/2245 2247/2247/2247
f 2248/2248/2248 2250/2250/2250 2249/2249/2249
f 2248/2248/2248 2249/2249/2249 2251/2251/2251
f 2252/2252/2252 2254/2254/2254 2253/2253/2253
f 2252/2252/2252 2253/2253/2253 2255/2255/2255
f 2256/2256/2256 2258/2258/2258 2257/2257/2257
f 2256/2256/2256 2257/2257/2257 2259/2259/2259
f 2260/2260/2260 2262/2262/2262 2261/2261/2261
f 2260/2260/2260 2261/2261/2261 2263/2263/2263
f 2264/2264/2264 2266/2266/2266 2265/2265/2265
f 2264/2264/2264 2265/2265/2265 2267/2267/2267
f 2268/2268/2268 2270/2270/2270 2269/2269/2269
f 2268/2268/2268 2269/2269/2269 2271/2271/2271
f 2272/2272/2272 2274/2274/2274 2273/2273/2273
f 2272/2272/2272 2273/2273/2273 2275/2275/2275
f 2276/2276/2276 2278/2278/2278 2277/2277/2277
f 2276/2276/2276 2277/2277/2277 2279/2279/2279
f 2280/2280/2280 2278/2278/2278 2276/2276/2276
f 2280/2280/2280 2281/2281/2281 2278/2278/2278
f 2282/2282/2282 2281/2281/2281 2280/2280/2280
f 2282/2282/2282 2283/2283/2283 2281/2281/2281
f 2284/2284/2284 2283/2283/2283 2282/2282/2282
f 2284/2284/2284 2285/2285/2285 2283/2283/2283
f 2286/2286/2286 2285/2285/2285 2284/2284/2284
f 2286/2286/2286 2287/2287/2287 2285/2285/2285
f 2288/2288/2288 2287/2287/2287 2286/2286/2286
f 2288/2288/2288 2289/2289/2289 2287/2287/2287
f 2290/2290/2290 2292/2292/2292 2291/2291/2291
f 2290/2290/2290 2291/2291/2291 2293/2293/2293
f 2293/2293/2293 2291/2291/2291 2294/2294/2294
f 2293/2293/2293 2294/2294/2294 2295/2295/2295
f 2295/2295/2295 2294/2294/2294 2296/2296/2296
f 2295/2295/2295 2296/2296/2296 2297/2297/2297
f 2298/2298/2298 2300/2300/2300 2299/2299/2299
f 2298/2298/2298 2299/2299/2299 2301/2301/2301
f 2301/2301/2301 2299/2299/2299 2302/2302/2302
f 2301/2301/2301 2302/2302/2302 2303/2303/2303
f 2303/2303/2303 2302/2302/2302 2304/2304/2304
f 2303/2303/2303 2304/2304/2304 2305/2305/2305
f 2306/2306/2306 2308/2308/2308 2307/2307/2307
f 2306/2306/2306 2307/2307/2307 2309/2309/2309
f 2309/2309/2309 2307/2307/2307 2310/2310/2310
f 2309/2309/2309 2310/2310/2310 2311/2311/2311
f 2311/2311/2311 2310/2310/2310 2312/2312/2312
f 2311/2311/2311 2312/2312/2312 2313/2313/2313
f 2314/2314/2314 2316/2316/2316 2315/2315/2315
f 2314/2314/2314 2315/2315/2315 2317/2317/2317
f 2317/2317/2317 2315/2315/2315 2318/2318/2318
f 2317/2317/2317 2318/2318/2318 2319/2319/2319
f 2319/2319/2319 2318/2318/2318 2320/2320/2320
f 2319/2319/2319 2320/2320/2320 2321/2321/2321
f 2322/2322/2322 2324/2324/2324 2323/2323/2323
f 2322/2322/2322 2323/2323/2323 2325/2325/2325
f 2326/2326/2326 2324/2324/2324 2322/2322/2322
f 2326/2326/2326 2327/2327/2327 2324/2324/2324
f 2328/2328/2328 2327/2327/2327 2326/2326/2326
f 2328/2328/2328 2329/2329/2329 2327/2327/2327
f 2330/2330/2330 2329/2329/2329 2328/2328/2328
f 2330/2330/2330 2331/2331/2331 2329/2329/2329
f 2332/2332/2332 2331/2331/2331 2330/2330/2330
f 2332/2332/2332 2333/2333/2333 2331/2331/2331
f 2334/2334/2334 2333/2333/2333 2332/2332/2332
f 2334/2334/2334 2335/2335/2335 2333/2333/2333
f 2336/2336/2336 2338/2338/2338 2337/2337/2337
f 2339/2339/2339 2341/2341/2341 2340/2340/2340
f 2342/2342/2342 2344/2344/2344 2343/2343/2343
f 2344/2344/2344 2345/2345/2345 2343/2343/2343
f 2346/2346/2346 2348/2348/2348 2347/2347/2347
f 2346/2346/2346 2347/2347/2347 2349/2349/2349
f 2350/2350/2350 2352/2352/2352 2351/2351/2351
f 2350/2350/2350 2351/2351/2351 2353/2353/2353
f 2354/2354/2354 2356/2356/2356 2355/2355/2355
f 2354/2354/2354 2355/2355/2355 2357/2357/2357
f 2358/2358/2358 2360/2360/2360 2359/2359/2359
f 2358/2358/2358 2359/2359/2359 2361/2361/2361
f 2362/2362/2362 2364/2364/2364 2363/2363/2363
f 2362/2362/2362 2363/2363/2363 2365/2365/2365
f 2366/2366/2366 2368/2368/2368 2367/2367/2367
f 2366/2366/2366 2367/2367/2367 2369/2369/2369
f 2370/2370/2370 2372/2372/2372 2371/2371/2371
f 2370/2370/2370 2371/2371/2371 2373/2373/2373
f 2371/2371/2371 2374/2374/2374 2373/2373/2373
f 2371/2371/2371 2375/2375/2375 2374/2374/2374
f 2376/2376/2376 2378/2378/2378 2377/2377/2377
f 2376/2376/2376 2377/2377/2377 2379/2379/2379
f 2380/2380/2380 2382/2382/2382 2381/2381/2381
f 2380/2380/2380 2381/2381/2381 2383/2383/2383
f 2384/2384/2384 2386/2386/2386 2385/2385/2385
f 2384/2384/2384 2385/2385/2385 2387/2387/2387
f 2388/2388/2388 2390/2390/2390 2389/2389/2389
f 2388/2388/2388 2389/2389/2389 2391/2391/2391
f 2392/2392/2392 2394/2394/2394 2393/2393/2393
f 2392/2392/2392 2393/2393/2393 2395/2395/2395
f 2396/2396/2396 2398/2398/2398 2397/2397/2397
f 2396/2396/2396 2397/2397/2397 2399/2399/2399
f 2400/2400/2400 2402/2402/2402 2401/2401/2401
f 2400/2400/2400 2403/2403/2403 2402/2402/2402
f 2400/2400/2400 2404/2404/2404 2403/2403/2403
f 2404/2404/2404 2405/2405/2405 2403/2403/2403
f 2406/2406/2406 2408/2408/2408 2407/2407/2407
f 2406/2406/2406 2409/2409/2409 2408/2408/2408
f 2409/2409/2409 2410/2410/2410 2408/2408/2408
f 2411/2411/2411 2413/2413/2413 2412/2412/2412
f 2411/2411/2411 2412/2412/2412 2414/2414/2414
f 2415/2415/2415 2417/2417/2417 2416/2416/2416
f 2415/2415/2415 2416/2416/2416 2418/2418/2418
f 2419/2419/2419 2421/2421/2421 2420/2420/2420
f 2419/2419/2419 2420/2420/2420 2422/2422/2422
f 2423/2423/2423 2425/2425/2425 2424/2424/2424
f 2425/2425/2425 2423/2423/2423 2426/2426/2426
f 2425/2425/2425 2426/2426/2426 2427/2427/2427
f 2428/2428/2428 2430/2430/2430 2429/2429/2429

o collision_PZ_item_17_1
v 2.35271635 8.50433709 -22.2451769
v 8.23319807 8.50433709 -22.8089882
v 8.23319807 8.50433709 -22.245176
v 2.35271635 8.50433709 -22.8089882
v 2.35271635 7.50433709 -22.2451769
v 8.23319807 8.50433709 -22.245176
v 8.23319807 7.50433709 -22.245176
v 2.35271635 8.50433709 -22.2451769
v 8.23319807 7.50433709 -22.245176
v 8.23319807 8.50433709 -22.8089882
v 8.23319807 7.50433709 -22.8089882
v 8.23319807 8.50433709 -22.245176
v 8.23319807 7.50433709 -22.8089882
v 2.35271635 8.50433709 -22.8089882
v 2.35271635 7.50433709 -22.8089882
v 8.23319807 8.50433709 -22.8089882
v 2.35271635 7.50433709 -22.8089882
v 2.35271635 8.50433709 -22.2451769
v 2.35271635 7.50433709 -22.2451769
v 2.35271635 8.50433709 -22.8089882
vt 0.411769807 0.801583469
vt 0.438436508 0.625241041
vt 0.411769807 0.625241041
vt 0.438436508 0.801583469
vt 0.525347888 0.677529454
vt 0.441178024 0.996701241
vt 0.525347888 0.996701241
vt 0.441178083 0.677529454
vt 0.439485848 0.931153834
vt 0.409644306 0.831641197
vt 0.409644306 0.931153774
vt 0.439485848 0.831641197
vt 0.525347888 0.677529454
vt 0.441178024 0.996701241
vt 0.525347888 0.996701241
vt 0.441178024 0.677529454
vt 0.439286292 0.931153834
vt 0.409444809 0.831641197
vt 0.409444809 0.931153774
vt 0.439286292 0.831641197
vn 0 1 2.22044605e-16
vn 0 1 2.22044605e-16
vn 0 1 2.22044605e-16
vn 0 1 2.22044605e-16
vn 0 -2.22044605e-16 1
vn 0 -2.22044605e-16 1
vn 0 -2.22044605e-16 1
vn 0 -2.22044605e-16 1
vn 1 0 0
vn 1 0 0
vn 1 0 0
vn 1 0 0
vn 0 2.22044605e-16 -1
vn 0 2.22044605e-16 -1
vn 0 2.22044605e-16 -1
vn 0 2.22044605e-16 -1
vn -1 0 0
vn -1 0 0
vn -1 0 0
vn -1 0 0

g collision_PZ_item_17_1_submesh_0
usemtl collision_19
f 2431/2431/2431 2433/2433/2433 2432/2432/2432
f 2431/2431/2431 2432/2432/2432 2434/2434/2434
f 2435/2435/2435 2437/2437/2437 2436/2436/2436
f 2435/2435/2435 2436/2436/2436 2438/2438/2438
f 2439/2439/2439 2441/2441/2441 2440/2440/2440
f 2439/2439/2439 2440/2440/2440 2442/2442/2442
f 2443/2443/2443 2445/2445/2445 2444/2444/2444
f 2443/2443/2443 2444/2444/2444 2446/2446/2446
f 2447/2447/2447 2449/2449/2449 2448/2448/2448
f 2447/2447/2447 2448/2448/2448 2450/2450/2450

o collision_PZ_item_22
v 22.680902 -0.406271937 3.43808652
v 22.3865667 4.22691035 11.4923515
v 22.2191997 4.85368132 11.4923515
v 22.2191997 4.85368132 11.4923515
v 17.456266 -0.406271937 3.43808461
v 22.680902 -0.406271937 3.43808652
v 17.556664 4.85368132 11.4923515
v 22.6809016 -0.406271937 11.4923515
v 22.3865667 4.22691035 11.4923515
v 22.680902 -0.406271937 3.43808652
v 17.5566631 -0.406271937 11.4923515
v 17.456266 -0.406271937 3.43808461
v 17.5566631 4.22691035 11.4923515
v 17.5566631 4.85368132 11.4923515
vt -0.372967392 0.30034259
vt -0.252052277 0.331216216
vt -0.252052277 0.300390422
vt 0.376805365 0.282797277
vt 0.498021305 0.0654430166
vt 0.498814166 0.282796383
vt 0.376805335 0.0654429942
vt -0.252052277 0.581273913
vt -0.252052277 0.331216216
vt -0.372967392 0.30034259
vt 1.33190143 0.582254291
vt 1.33190143 0.315609813
vt 1.33190143 0.330081701
vt 1.33190143 0.301137954
vn 0.960026602 0.256356383 -0.112384734
vn 0.960026603 0.256356383 -0.112384727
vn 0.960026602 0.256356383 -0.112384734
vn 0 0.837269377 -0.546790628
vn 0 0.837269377 -0.546790628
vn 0 0.837269377 -0.546790628
vn 0 0.837269341 -0.546790682
vn 0.99798821 0.0633997834 1.40775799e-17
vn 0.99798821 0.0633997834 1.40775799e-17
vn 0.99798821 0.0633997834 1.40775799e-17
vn -0.99992232 -2.76758937e-18 0.0124641145
vn -0.99992232 -2.76758937e-18 0.0124641145
vn -0.99992232 -2.76758937e-18 0.0124641145
vn -0.99992232 -2.76758937e-18 0.0124641145

g collision_PZ_item_22_submesh_0
usemtl collision_20
f 2451/2451/2451 2453/2453/2453 2452/2452/2452
f 2454/2454/2454 2456/2456/2456 2455/2455/2455
f 2454/2454/2454 2455/2455/2455 2457/2457/2457
f 2458/2458/2458 2460/2460/2460 2459/2459/2459
f 2461/2461/2461 2463/2463/2463 2462/2462/2462
f 2463/2463/2463 2464/2464/2464 2462/2462/2462

o collision_PZ_item_53
v -2.80469549 0.888488305 -19.8921926
v -2.41429556 0.888488305 -16.883333
v -2.8046974 0.888488305 -16.883333
v -2.41429365 0.888488305 -19.8921926
v -2.80469549 -0.111511695 -19.8921926
v -2.8046974 0.888488305 -16.883333
v -2.8046974 -0.111511695 -16.883333
v -2.80469549 0.888488305 -19.8921926
v -2.8046974 -0.111511695 -16.883333
v -2.41429556 0.888488305 -16.883333
v -2.41429556 -0.111511695 -16.883333
v -2.8046974 0.888488305 -16.883333
v -2.41429556 -0.111511695 -16.883333
v -2.41429365 0.888488305 -19.8921926
v -2.41429365 -0.111511695 -19.8921926
v -2.41429556 0.888488305 -16.883333
v -2.41429365 -0.111511695 -19.8921926
v -2.80469549 0.888488305 -19.8921926
v -2.80469549 -0.111511695 -19.8921926
v -2.41429365 0.888488305 -19.8921926
vt 0.411769807 0.801583469
vt 0.438436508 0.625241041
vt 0.411769807 0.625241041
vt 0.438436508 0.801583469
vt 0.525347888 0.677529454
vt 0.441178024 0.996701241
vt 0.525347888 0.996701241
vt 0.441178083 0.677529454
vt 0.439485848 0.931153834
vt 0.409644306 0.831641197
vt 0.409644306 0.931153774
vt 0.439485848 0.831641197
vt 0.525347888 0.677529454
vt 0.441178024 0.996701241
vt 0.525347888 0.996701241
vt 0.441178024 0.677529454
vt 0.439286292 0.931153834
vt 0.409444809 0.831641197
vt 0.409444809 0.931153774
vt 0.439286292 0.831641197
vn 0 1 2.22044605e-16
vn 0 1 2.22044605e-16
vn 0 1 2.22044605e-16
vn 0 1 2.22044605e-16
vn -1 0 0
vn -1 0 0
vn -1 0 0
vn -1 0 0
vn 0 -2.22044605e-16 1
vn 0 -2.22044605e-16 1
vn 0 -2.22044605e-16 1
vn 0 -2.22044605e-16 1
vn 1 0 0
vn 1 0 0
vn 1 0 0
vn 1 0 0
vn 0 2.22044605e-16 -1
vn 0 2.22044605e-16 -1
vn 0 2.22044605e-16 -1
vn 0 2.22044605e-16 -1

g collision_PZ_item_53_submesh_0
usemtl collision_21
f 2465/2465/2465 2467/2467/2467 2466/2466/2466
f 2465/2465/2465 2466/2466/2466 2468/2468/2468
f 2469/2469/2469 2471/2471/2471 2470/2470/2470
f 2469/2469/2469 2470/2470/2470 2472/2472/2472
f 2473/2473/2473 2475/2475/2475 2474/2474/2474
f 2473/2473/2473 2474/2474/2474 2476/2476/2476
f 2477/2477/2477 2479/2479/2479 2478/2478/2478
f 2477/2477/2477 2478/2478/2478 2480/2480/2480
f 2481/2481/2481 2483/2483/2483 2482/2482/2482
f 2481/2481/2481 2482/2482/2482 2484/2484/2484

o collision_PZ_item_51
v -2.80469549 0.888488305 -13.710468
v -2.41429556 0.888488305 -10.7016084
v -2.8046974 0.888488305 -10.7016084
v -2.41429365 0.888488305 -13.710468
v -2.80469549 -0.111511695 -13.710468
v -2.8046974 0.888488305 -10.7016084
v -2.8046974 -0.111511695 -10.7016084
v -2.80469549 0.888488305 -13.710468
v -2.8046974 -0.111511695 -10.7016084
v -2.41429556 0.888488305 -10.7016084
v -2.41429556 -0.111511695 -10.7016084
v -2.8046974 0.888488305 -10.7016084
v -2.41429556 -0.111511695 -10.7016084
v -2.41429365 0.888488305 -13.710468
v -2.41429365 -0.111511695 -13.710468
v -2.41429556 0.888488305 -10.7016084
v -2.41429365 -0.111511695 -13.710468
v -2.80469549 0.888488305 -13.710468
v -2.80469549 -0.111511695 -13.710468
v -2.41429365 0.888488305 -13.710468
vt 0.411769807 0.801583469
vt 0.438436508 0.625241041
vt 0.411769807 0.625241041
vt 0.438436508 0.801583469
vt 0.525347888 0.677529454
vt 0.441178024 0.996701241
vt 0.525347888 0.996701241
vt 0.441178083 0.677529454
vt 0.439485848 0.931153834
vt 0.409644306 0.831641197
vt 0.409644306 0.931153774
vt 0.439485848 0.831641197
vt 0.525347888 0.677529454
vt 0.441178024 0.996701241
vt 0.525347888 0.996701241
vt 0.441178024 0.677529454
vt 0.439286292 0.931153834
vt 0.409444809 0.831641197
vt 0.409444809 0.931153774
vt 0.439286292 0.831641197
vn 0 1 2.22044605e-16
vn 0 1 2.22044605e-16
vn 0 1 2.22044605e-16
vn 0 1 2.22044605e-16
vn -1 0 0
vn -1 0 0
vn -1 0 0
vn -1 0 0
vn 0 -2.22044605e-16 1
vn 0 -2.22044605e-16 1
vn 0 -2.22044605e-16 1
vn 0 -2.22044605e-16 1
vn 1 0 0
vn 1 0 0
vn 1 0 0
vn 1 0 0
vn 0 2.22044605e-16 -1
vn 0 2.22044605e-16 -1
vn 0 2.22044605e-16 -1
vn 0 2.22044605e-16 -1

g collision_PZ_item_51_submesh_0
usemtl collision_22
f 2485/2485/2485 2487/2487/2487 2486/2486/2486
f 2485/2485/2485 2486/2486/2486 2488/2488/2488
f 2489/2489/2489 2491/2491/2491 2490/2490/2490
f 2489/2489/2489 2490/2490/2490 2492/2492/2492
f 2493/2493/2493 2495/2495/2495 2494/2494/2494
f 2493/2493/2493 2494/2494/2494 2496/2496/2496
f 2497/2497/2497 2499/2499/2499 2498/2498/2498
f 2497/2497/2497 2498/2498/2498 2500/2500/2500
f 2501/2501/2501 2503/2503/2503 2502/2502/2502
f 2501/2501/2501 2502/2502/2502 2504/2504/2504

o collision_PZ_item_18_1
v 17.1335429 5.81806924 -9.70994821
v 17.6973542 5.81806924 -7.78679052
v 17.133542 5.81806924 -7.78679052
v 17.6973542 5.81806924 -9.70994821
v 17.1335429 4.81806924 -9.70994821
v 17.133542 5.81806924 -7.78679052
v 17.133542 4.81806924 -7.78679052
v 17.1335429 5.81806924 -9.70994821
v 17.133542 4.81806924 -7.78679052
v 17.6973542 5.81806924 -7.78679052
v 17.6973542 4.81806924 -7.78679052
v 17.133542 5.81806924 -7.78679052
v 17.6973542 4.81806924 -7.78679052
v 17.6973542 5.81806924 -9.70994821
v 17.6973542 4.81806924 -9.70994821
v 17.6973542 5.81806924 -7.78679052
v 17.6973542 4.81806924 -9.70994821
v 17.1335429 5.81806924 -9.70994821
v 17.1335429 4.81806924 -9.70994821
v 17.6973542 5.81806924 -9.70994821
vt 0.411769807 0.801583469
vt 0.438436508 0.625241041
vt 0.411769807 0.625241041
vt 0.438436508 0.801583469
vt 0.525347888 0.677529454
vt 0.441178024 0.996701241
vt 0.525347888 0.996701241
vt 0.441178083 0.677529454
vt 0.439485848 0.931153834
vt 0.409644306 0.831641197
vt 0.409644306 0.931153774
vt 0.439485848 0.831641197
vt 0.525347888 0.677529454
vt 0.441178024 0.996701241
vt 0.525347888 0.996701241
vt 0.441178024 0.677529454
vt 0.439286292 0.931153834
vt 0.409444809 0.831641197
vt 0.409444809 0.931153774
vt 0.439286292 0.831641197
vn 0 1 2.22044605e-16
vn 0 1 2.22044605e-16
vn 0 1 2.22044605e-16
vn 0 1 2.22044605e-16
vn -1 0 0
vn -1 0 0
vn -1 0 0
vn -1 0 0
vn 0 -2.22044605e-16 1
vn 0 -2.22044605e-16 1
vn 0 -2.22044605e-16 1
vn 0 -2.22044605e-16 1
vn 1 0 0
vn 1 0 0
vn 1 0 0
vn 1 0 0
vn 0 2.22044605e-16 -1
vn 0 2.22044605e-16 -1
vn 0 2.22044605e-16 -1
vn 0 2.22044605e-16 -1

g collision_PZ_item_18_1_submesh_0
usemtl collision_23
f 2505/2505/2505 2507/2507/2507 2506/2506/2506
f 2505/2505/2505 2506/2506/2506 2508/2508/2508
f 2509/2509/2509 2511/2511/2511 2510/2510/2510
f 2509/2509/2509 2510/2510/2510 2512/2512/2512
f 2513/2513/2513 2515/2515/2515 2514/2514/2514
f 2513/2513/2513 2514/2514/2514 2516/2516/2516
f 2517/2517/2517 2519/2519/2519 2518/2518/2518
f 2517/2517/2517 2518/2518/2518 2520/2520/2520
f 2521/2521/2521 2523/2523/2523 2522/2522/2522
f 2521/2521/2521 2522/2522/2522 2524/2524/2524

o collision_PZ_item_49
v -8.38912344 0.888487651 21.0817088
v -11.3256216 0.888487651 21.8450049
v -11.374403 0.888487651 21.4576625
v -8.34034252 0.888487651 21.4690513
v -8.38912344 -0.111512706 21.0817088
v -11.374403 0.888487651 21.4576625
v -11.374403 -0.111512706 21.4576625
v -8.38912344 0.888487651 21.0817088
v -11.374403 -0.111512706 21.4576625
v -11.3256216 0.888487651 21.8450049
v -11.3256216 -0.111512706 21.8450049
v -11.374403 0.888487651 21.4576625
v -11.3256216 -0.111512706 21.8450049
v -8.34034252 0.888487651 21.4690513
v -8.34034252 -0.111512706 21.4690513
v -11.3256216 0.888487651 21.8450049
v -8.34034252 -0.111512706 21.4690513
v -8.38912344 0.888487651 21.0817088
v -8.38912344 -0.111512706 21.0817088
v -8.34034252 0.888487651 21.4690513
vt 0.411769807 0.801583469
vt 0.438436508 0.625241041
vt 0.411769807 0.625241041
vt 0.438436508 0.801583469
vt 0.525347888 0.677529454
vt 0.441178024 0.996701241
vt 0.525347888 0.996701241
vt 0.441178083 0.677529454
vt 0.439485848 0.931153834
vt 0.409644306 0.831641197
vt 0.409644306 0.931153774
vt 0.439485848 0.831641197
vt 0.525347888 0.677529454
vt 0.441178024 0.996701241
vt 0.525347888 0.996701241
vt 0.441178024 0.677529454
vt 0.439286292 0.931153834
vt 0.409444809 0.831641197
vt 0.409444809 0.931153774
vt 0.439286292 0.831641197
vn 0 1 2.22044605e-16
vn 0 1 2.22044605e-16
vn 0 1 2.22044605e-16
vn 0 1 2.22044605e-16
vn -0.124948903 2.20304481e-16 -0.992163178
vn -0.124948903 2.20304481e-16 -0.992163178
vn -0.124948903 2.20304481e-16 -0.992163178
vn -0.124948903 2.20304481e-16 -0.992163178
vn -0.992162828 -2.77448472e-17 0.124951683
vn -0.992162828 -2.77448472e-17 0.124951683
vn -0.992162828 -2.77448472e-17 0.124951683
vn -0.992162828 -2.77448472e-17 0.124951683
vn 0.124948918 -2.2030448e-16 0.992163176
vn 0.124948918 -2.2030448e-16 0.992163176
vn 0.124948918 -2.2030448e-16 0.992163176
vn 0.124948918 -2.2030448e-16 0.992163176
vn 0.99216298 2.77445785e-17 -0.124950473
vn 0.99216298 2.77445785e-17 -0.124950473
vn 0.99216298 2.77445785e-17 -0.124950473
vn 0.99216298 2.77445785e-17 -0.124950473

g collision_PZ_item_49_submesh_0
usemtl collision_24
f 2525/2525/2525 2527/2527/2527 2526/2526/2526
f 2525/2525/2525 2526/2526/2526 2528/2528/2528
f 2529/2529/2529 2531/2531/2531 2530/2530/2530
f 2529/2529/2529 2530/2530/2530 2532/2532/2532
f 2533/2533/2533 2535/2535/2535 2534/2534/2534
f 2533/2533/2533 2534/2534/2534 2536/2536/2536
f 2537/2537/2537 2539/2539/2539 2538/2538/2538
f 2537/2537/2537 2538/2538/2538 2540/2540/2540
f 2541/2541/2541 2543/2543/2543 2542/2542/2542
f 2541/2541/2541 2542/2542/2542 2544/2544/2544

o collision_PZ_item_11_1
v 40.2529334 0.888489028 -1.45633665
v 40.6433333 0.888489028 1.55252489
v 40.2529334 0.888489028 1.55252489
v 40.6433333 0.888489028 -1.45633665
v 40.2529334 -0.111510972 -1.45633665
v 40.2529334 0.888489028 1.55252489
v 40.2529334 -0.111510972 1.55252489
v 40.2529334 0.888489028 -1.45633665
v 40.2529334 -0.111510972 1.55252489
v 40.6433333 0.888489028 1.55252489
v 40.6433333 -0.111510972 1.55252489
v 40.2529334 0.888489028 1.55252489
v 40.6433333 -0.111510972 1.55252489
v 40.6433333 0.888489028 -1.45633665
v 40.6433333 -0.111510972 -1.45633665
v 40.6433333 0.888489028 1.55252489
v 40.6433333 -0.111510972 -1.45633665
v 40.2529334 0.888489028 -1.45633665
v 40.2529334 -0.111510972 -1.45633665
v 40.6433333 0.888489028 -1.45633665
vt 0.411769807 0.801583469
vt 0.438436508 0.625241041
vt 0.411769807 0.625241041
vt 0.438436508 0.801583469
vt 0.525347888 0.677529454
vt 0.441178024 0.996701241
vt 0.525347888 0.996701241
vt 0.441178083 0.677529454
vt 0.439485848 0.931153834
vt 0.409644306 0.831641197
vt 0.409644306 0.931153774
vt 0.439485848 0.831641197
vt 0.525347888 0.677529454
vt 0.441178024 0.996701241
vt 0.525347888 0.996701241
vt 0.441178024 0.677529454
vt 0.439286292 0.931153834
vt 0.409444809 0.831641197
vt 0.409444809 0.931153774
vt 0.439286292 0.831641197
vn 0 1 2.22044605e-16
vn 0 1 2.22044605e-16
vn 0 1 2.22044605e-16
vn 0 1 2.22044605e-16
vn -1 0 0
vn -1 0 0
vn -1 0 0
vn -1 0 0
vn 0 -2.22044605e-16 1
vn 0 -2.22044605e-16 1
vn 0 -2.22044605e-16 1
vn 0 -2.22044605e-16 1
vn 1 0 0
vn 1 0 0
vn 1 0 0
vn 1 0 0
vn 0 2.22044605e-16 -1
vn 0 2.22044605e-16 -1
vn 0 2.22044605e-16 -1
vn 0 2.22044605e-16 -1

g collision_PZ_item_11_1_submesh_0
usemtl collision_25
f 2545/2545/2545 2547/2547/2547 2546/2546/2546
f 2545/2545/2545 2546/2546/2546 2548/2548/2548
f 2549/2549/2549 2551/2551/2551 2550/2550/2550
f 2549/2549/2549 2550/2550/2550 2552/2552/2552
f 2553/2553/2553 2555/2555/2555 2554/2554/2554
f 2553/2553/2553 2554/2554/2554 2556/2556/2556
f 2557/2557/2557 2559/2559/2559 2558/2558/2558
f 2557/2557/2557 2558/2558/2558 2560/2560/2560
f 2561/2561/2561 2563/2563/2563 2562/2562/2562
f 2561/2561/2561 2562/2562/2562 2564/2564/2564

o collision_PZ_item_35
v -41.3192596 8.46268554 27.7755088
v -41.7349243 8.8576488 23.0834006
v -41.319252 8.46268554 22.9888495
v -41.7349243 8.8576488 27.5797919
v -47.5434952 4.74314256 11.4401664
v -41.319252 8.46268554 22.9888495
v -47.5434952 8.4630117 11.3942145
v -41.4936905 4.74314256 22.9830283
v -47.5434952 8.8576488 27.5796775
v -47.5434952 8.8576488 23.0836905
v -41.7349243 8.8576488 23.0834006
v -41.7349243 8.8576488 27.5797919
v -41.3192596 8.46268554 27.7755088
v -41.4936905 4.74314256 22.9830283
v -41.4936905 4.74314256 28.0414847
v -41.319252 8.46268554 22.9888495
v -47.5434952 8.4630117 11.3942145
v -41.7349243 8.8576488 23.0834006
v -47.5434952 8.8576488 11.4732017
v -41.319252 8.46268554 22.9888495
v -41.7349243 8.8576488 23.0834006
v -47.5434952 8.8576488 23.0836905
v -47.5434952 8.8576488 11.4732017
vt 1.01170874 0.301013291
vt 0.884525061 0.318260849
vt 0.884525061 0.301013291
vt 1.01170874 0.318260849
vt 0.801214337 0.58319211
vt 1.72618246 0.36770463
vt 0.801214337 0.36770463
vt 1.7261821 0.583194375
vt 0.244092405 0.163216203
vt 0.246334359 0.0686091259
vt 0.497755408 0.0649781525
vt 0.497755349 0.167270198
vt 1.8607533 0.36770463
vt 1.7261821 0.583194375
vt 1.8607533 0.583195865
vt 1.72618246 0.36770463
vt 0.801214337 0.317343652
vt 1.72654915 0.300350785
vt 0.801214337 0.300357431
vt 1.72618246 0.31734404
vt 0.497755408 0.282971412
vt 0.240055352 0.168040141
vt 0.00999999978 0.282971412
vn 0.688821124 0.724931348 1.60967095e-16
vn 0.688821094 0.724931377 1.60967101e-16
vn 0.688821124 0.724931348 1.60967095e-16
vn 0.688821094 0.724931377 1.60967101e-16
vn 0.883157651 -0.0232354543 -0.468500456
vn 0.883157676 -0.0232354516 -0.468500409
vn 0.883157676 -0.0232354553 -0.468500409
vn 0.883157676 -0.0232354534 -0.468500409
vn 0 1 2.22044605e-16
vn 0 1 2.22044605e-16
vn 0 1 2.22044605e-16
vn 0 1 2.22044605e-16
vn 0.998902157 -0.046845285 -1.04017428e-17
vn 0.998902157 -0.0468452887 -1.04017436e-17
vn 0.998902157 -0.046845285 -1.04017428e-17
vn 0.998902157 -0.046845285 -1.04017428e-17
vn 0.771748331 0.494226025 -0.400181396
vn 0.771748331 0.494226025 -0.400181396
vn 0.771748331 0.494226025 -0.400181396
vn 0.771748331 0.494226025 -0.400181396
vn 0 1 2.22044605e-16
vn 0 1 2.22044605e-16
vn 0 1 2.22044605e-16

g collision_PZ_item_35_submesh_0
usemtl collision_26
f 2565/2565/2565 2567/2567/2567 2566/2566/2566
f 2565/2565/2565 2566/2566/2566 2568/2568/2568
f 2569/2569/2569 2571/2571/2571 2570/2570/2570
f 2569/2569/2569 2570/2570/2570 2572/2572/2572
f 2573/2573/2573 2575/2575/2575 2574/2574/2574
f 2573/2573/2573 2576/2576/2576 2575/2575/2575
f 2577/2577/2577 2579/2579/2579 2578/2578/2578
f 2577/2577/2577 2578/2578/2578 2580/2580/2580
f 2581/2581/2581 2583/2583/2583 2582/2582/2582
f 2581/2581/2581 2582/2582/2582 2584/2584/2584
f 2585/2585/2585 2587/2587/2587 2586/2586/2586

o collision_PZ_item_36
v -29.841526 5.77105613 24.5594214
v -31.8638973 5.77105613 22.5946988
v -31.5648346 5.77105613 22.343749
v -30.1405945 5.77105613 24.8103646
v -29.841526 4.77105565 24.5594214
v -31.5648346 5.77105613 22.343749
v -31.5648346 4.77105565 22.343749
v -29.841526 5.77105613 24.5594214
v -31.5648346 4.77105565 22.343749
v -31.8638973 5.77105613 22.5946988
v -31.8638973 4.77105565 22.5946988
v -31.5648346 5.77105613 22.343749
v -31.8638973 4.77105565 22.5946988
v -30.1405945 5.77105613 24.8103646
v -30.1405945 4.77105565 24.8103646
v -31.8638973 5.77105613 22.5946988
v -30.1405945 4.77105565 24.8103646
v -29.841526 5.77105613 24.5594214
v -29.841526 4.77105565 24.5594214
v -30.1405945 5.77105613 24.8103646
vt 0.411769807 0.801583469
vt 0.438436508 0.625241041
vt 0.411769807 0.625241041
vt 0.438436508 0.801583469
vt 0.525347888 0.677529454
vt 0.441178024 0.996701241
vt 0.525347888 0.996701241
vt 0.441178083 0.677529454
vt 0.439485848 0.931153834
vt 0.409644306 0.831641197
vt 0.409644306 0.931153774
vt 0.439485848 0.831641197
vt 0.525347888 0.677529454
vt 0.441178024 0.996701241
vt 0.525347888 0.996701241
vt 0.441178024 0.677529454
vt 0.439286292 0.931153834
vt 0.409444809 0.831641197
vt 0.409444809 0.931153774
vt 0.439286292 0.831641197
vn 0 1 2.22044605e-16
vn 0 1 2.22044605e-16
vn 0 1 2.22044605e-16
vn 0 1 2.22044605e-16
vn 0.789350879 1.36322583e-16 -0.613942334
vn 0.789350879 1.36322583e-16 -0.613942334
vn 0.789350879 1.36322583e-16 -0.613942334
vn 0.789350879 1.36322583e-16 -0.613942334
vn -0.642797221 1.70094245e-16 -0.766036378
vn -0.642797221 1.70094245e-16 -0.766036378
vn -0.642797221 1.70094245e-16 -0.766036378
vn -0.642797221 1.70094245e-16 -0.766036378
vn -0.789350953 -1.36322562e-16 0.613942239
vn -0.789350953 -1.36322562e-16 0.613942239
vn -0.789350953 -1.36322562e-16 0.613942239
vn -0.789350953 -1.36322562e-16 0.613942239
vn 0.642780045 -1.70097445e-16 0.766050791
vn 0.642780045 -1.70097445e-16 0.766050791
vn 0.642780045 -1.70097445e-16 0.766050791
vn 0.642780045 -1.70097445e-16 0.766050791

g collision_PZ_item_36_submesh_0
usemtl collision_27
f 2588/2588/2588 2590/2590/2590 2589/2589/2589
f 2588/2588/2588 2589/2589/2589 2591/2591/2591
f 2592/2592/2592 2594/2594/2594 2593/2593/2593
f 2592/2592/2592 2593/2593/2593 2595/2595/2595
f 2596/2596/2596 2598/2598/2598 2597/2597/2597
f 2596/2596/2596 2597/2597/2597 2599/2599/2599
f 2600/2600/2600 2602/2602/2602 2601/2601/2601
f 2600/2600/2600 2601/2601/2601 2603/2603/2603
f 2604/2604/2604 2606/2606/2606 2605/2605/2605
f 2604/2604/2604 2605/2605/2605 2607/2607/2607

o collision_PZ_item_46
v -20.4848142 -0.124440954 19.3505687
v -21.3878241 0.286925509 24.5519961
v -20.4848142 -0.124440954 24.5519961
v -21.3878241 0.28692527 19.3505687
v -20.4848142 -0.124440954 24.5519961
v -21.3878241 0.286925509 24.5519961
v -19.9564137 -0.124440954 24.5519961
v -19.9564137 -0.124440954 24.5519961
v -21.3898873 0.531595662 19.3505687
v -19.9564137 -0.124440954 19.3505692
v -21.3898869 0.531595662 24.5519961
v -19.9564137 -0.124440954 19.3505692
v -21.3898873 0.531595662 19.3505687
v -21.3878241 0.28692527 19.3505687
v -22.3122411 -0.124440954 24.5519961
v -21.3878241 0.28692527 19.3505687
v -22.3122411 -0.124440954 19.3505687
v -21.3878241 0.286925509 24.5519961
v -22.3122411 -0.124440954 19.3505687
v -21.3878241 0.28692527 19.3505687
v -22.8233604 -0.124440954 19.3505682
v -22.8233604 -0.124440954 19.3505682
v -21.3898869 0.531595662 24.5519961
v -22.8233595 -0.124440954 24.5519961
v -21.3898873 0.531595662 19.3505687
v -22.8233595 -0.124440954 24.5519961
v -21.3898869 0.531595662 24.5519961
v -21.3878241 0.286925509 24.5519961
v -22.8233604 -0.124440954 19.3505682
v -21.3878241 0.28692527 19.3505687
v -21.3898873 0.531595662 19.3505687
v -19.9564137 -0.124440954 19.3505692
v -21.3878241 0.28692527 19.3505687
v -20.4848142 -0.124440954 19.3505687
v -22.8233595 -0.124440954 24.5519961
v -21.3878241 0.286925509 24.5519961
v -22.3122411 -0.124440954 24.5519961
v -19.9564137 -0.124440954 24.5519961
v -21.3878241 0.286925509 24.5519961
v -21.3898869 0.531595662 24.5519961
vt 0.491687179 0.677529395
vt 0.47388792 0.996701241
vt 0.491687119 0.996701241
vt 0.47388798 0.677529454
vt 0.439453125 0.896484375
vt 0.439485848 0.870313585
vt 0.409644306 0.931153774
vt 0.525347888 0.677529454
vt 0.441178024 0.996701241
vt 0.525347888 0.996701241
vt 0.441178024 0.677529454
vt 0.439286292 0.931153834
vt 0.439286292 0.831641197
vt 0.409373552 0.870313585
vt 0.492492557 0.677529454
vt 0.473614484 0.996701241
vt 0.492492527 0.996701241
vt 0.473614514 0.677529454
vt 0.439453125 0.896484375
vt 0.439485848 0.869990289
vt 0.409644306 0.931153774
vt 0.525347888 0.677529454
vt 0.441178024 0.996701241
vt 0.525347888 0.996701241
vt 0.441178024 0.677529454
vt 0.439286292 0.931153834
vt 0.439286292 0.831641197
vt 0.409374148 0.86999023
vt 0.409644306 0.931153774
vt 0.439485848 0.869990289
vt 0.409644306 0.831641197
vt 0.439286292 0.931153834
vt 0.409373552 0.870313585
vt 0.409398198 0.891357243
vt 0.439286292 0.931153834
vt 0.409374148 0.86999023
vt 0.409399927 0.892309427
vt 0.409644306 0.931153774
vt 0.439485848 0.870313585
vt 0.409644306 0.831641197
vn -0.414560561 -0.910021726 -2.02065415e-16
vn -0.0043855143 -0.999990384 -2.2204247e-16
vn -0.414560561 -0.910021726 -2.02065415e-16
vn -0.0043855143 -0.999990384 -2.2204247e-16
vn 0 -2.22044605e-16 1
vn 0 -2.22044605e-16 1
vn 0 -2.22044605e-16 1
vn 0.416145081 0.90929823 2.01904766e-16
vn 0 1 2.22044605e-16
vn 0.416145106 0.909298219 2.01904764e-16
vn 0 1 2.22044605e-16
vn 0 2.22044605e-16 -1
vn 0 2.22044605e-16 -1
vn 0 2.22044605e-16 -1
vn 0.406562897 -0.913622795 -2.02865012e-16
vn -0.0043855143 -0.999990384 -2.2204247e-16
vn 0.406562897 -0.913622795 -2.02865012e-16
vn -0.0043855143 -0.999990384 -2.2204247e-16
vn 0 2.22044605e-16 -1
vn 0 2.22044605e-16 -1
vn 0 2.22044605e-16 -1
vn -0.41614525 0.909298153 2.01904749e-16
vn 0 1 2.22044605e-16
vn -0.416145225 0.909298164 2.01904752e-16
vn 0 1 2.22044605e-16
vn 0 -2.22044605e-16 1
vn 0 -2.22044605e-16 1
vn 0 -2.22044605e-16 1
vn 0 2.22044605e-16 -1
vn 0 2.22044605e-16 -1
vn 0 2.22044605e-16 -1
vn 0 2.22044605e-16 -1
vn 0 2.22044605e-16 -1
vn 0 2.22044605e-16 -1
vn 0 -2.22044605e-16 1
vn 0 -2.22044605e-16 1
vn 0 -2.22044605e-16 1
vn 0 -2.22044605e-16 1
vn 0 -2.22044605e-16 1
vn 0 -2.22044605e-16 1

g collision_PZ_item_46_submesh_0
usemtl collision_28
f 2608/2608/2608 2610/2610/2610 2609/2609/2609
f 2608/2608/2608 2609/2609/2609 2611/2611/2611
f 2612/2612/2612 2614/2614/2614 2613/2613/2613
f 2615/2615/2615 2617/2617/2617 2616/2616/2616
f 2615/2615/2615 2616/2616/2616 2618/2618/2618
f 2619/2619/2619 2621/2621/2621 2620/2620/2620
f 2622/2622/2622 2624/2624/2624 2623/2623/2623
f 2622/2622/2622 2623/2623/2623 2625/2625/2625
f 2626/2626/2626 2628/2628/2628 2627/2627/2627
f 2629/2629/2629 2631/2631/2631 2630/2630/2630
f 2629/2629/2629 2630/2630/2630 2632/2632/2632
f 2633/2633/2633 2635/2635/2635 2634/2634/2634
f 2636/2636/2636 2638/2638/2638 2637/2637/2637
f 2639/2639/2639 2641/2641/2641 2640/2640/2640
f 2642/2642/2642 2644/2644/2644 2643/2643/2643
f 2645/2645/2645 2647/2647/2647 2646/2646/2646

o collision_PZ_item_55
v -23.5231098 3.99570264 -8.05072188
v -29.0948108 3.99570276 -4.66401457
v -23.5231098 3.99570264 -4.66401648
v -29.0948108 3.99570276 -8.05071997
v -23.5231098 3.99570264 -4.66401648
v -23.5231098 4.85368396 -8.05072188
v -23.5231098 3.99570264 -8.05072188
v -23.5231098 4.85368396 -4.66401648
v -29.0948108 4.85368396 -4.66401457
v -23.5231098 4.85368396 -8.05072188
v -23.5231098 4.85368396 -4.66401648
v -29.0948108 4.85368396 -8.05071997
v -29.0948108 4.85368396 -8.05071997
v -23.5231098 3.99570264 -8.05072188
v -23.5231098 4.85368396 -8.05072188
v -29.0948108 3.99570276 -8.05071997
v -29.0948108 3.99570276 -4.66401457
v -23.5231098 4.85368396 -4.66401648
v -23.5231098 3.99570264 -4.66401648
v -29.0948108 4.85368396 -4.66401457
vt 0.661560893 0.487947196
vt 0.448403895 0.56295222
vt 0.661560893 0.56295222
vt 0.448403895 0.487947196
vt 0.392578006 0.361847013
vt 0.404693991 0.286843002
vt 0.392578006 0.286843002
vt 0.404693991 0.361847013
vt 0.448403895 0.13508895
vt 0.661560893 0.210093886
vt 0.661560893 0.13508895
vt 0.448403895 0.210093886
vt 0.500008166 0.300969005
vt 0.718894303 0.319234848
vt 0.718894303 0.300969005
vt 0.500008166 0.319234848
vt 0.500008166 0.319234848
vt 0.718894303 0.300969005
vt 0.718894303 0.319234848
vt 0.500008166 0.300969005
vn 0 -1 -2.22044605e-16
vn 0 -1 -2.22044605e-16
vn 0 -1 -2.22044605e-16
vn 0 -1 -2.22044605e-16
vn 1 0 0
vn 1 0 0
vn 1 0 0
vn 1 0 0
vn 0 1 2.22044605e-16
vn 0 1 2.22044605e-16
vn 0 1 2.22044605e-16
vn 0 1 2.22044605e-16
vn 0 2.22044605e-16 -1
vn 0 2.22044605e-16 -1
vn 0 2.22044605e-16 -1
vn 0 2.22044605e-16 -1
vn 0 -2.22044605e-16 1
vn 0 -2.22044605e-16 1
vn 0 -2.22044605e-16 1
vn 0 -2.22044605e-16 1

g collision_PZ_item_55_submesh_0
usemtl collision_29
f 2648/2648/2648 2650/2650/2650 2649/2649/2649
f 2648/2648/2648 2649/2649/2649 2651/2651/2651
f 2652/2652/2652 2654/2654/2654 2653/2653/2653
f 2652/2652/2652 2653/2653/2653 2655/2655/2655
f 2656/2656/2656 2658/2658/2658 2657/2657/2657
f 2656/2656/2656 2657/2657/2657 2659/2659/2659
f 2660/2660/2660 2662/2662/2662 2661/2661/2661
f 2660/2660/2660 2661/2661/2661 2663/2663/2663
f 2664/2664/2664 2666/2666/2666 2665/2665/2665
f 2664/2664/2664 2665/2665/2665 2667/2667/2667

o collision_PZ_item_48
v -1.62472629 0.888487651 20.3667354
v -4.56122589 0.888487651 21.1300315
v -4.61000633 0.888487651 20.742689
v -1.57594585 0.888487651 20.7540778
v -1.62472629 -0.111512706 20.3667354
v -4.61000633 0.888487651 20.742689
v -4.61000633 -0.111512706 20.742689
v -1.62472629 0.888487651 20.3667354
v -4.61000633 -0.111512706 20.742689
v -4.56122589 0.888487651 21.1300315
v -4.56122589 -0.111512706 21.1300315
v -4.61000633 0.888487651 20.742689
v -4.56122589 -0.111512706 21.1300315
v -1.57594585 0.888487651 20.7540778
v -1.57594585 -0.111512706 20.7540778
v -4.56122589 0.888487651 21.1300315
v -1.57594585 -0.111512706 20.7540778
v -1.62472629 0.888487651 20.3667354
v -1.62472629 -0.111512706 20.3667354
v -1.57594585 0.888487651 20.7540778
vt 0.411769807 0.801583469
vt 0.438436508 0.625241041
vt 0.411769807 0.625241041
vt 0.438436508 0.801583469
vt 0.525347888 0.677529454
vt 0.441178024 0.996701241
vt 0.525347888 0.996701241
vt 0.441178083 0.677529454
vt 0.439485848 0.931153834
vt 0.409644306 0.831641197
vt 0.409644306 0.931153774
vt 0.439485848 0.831641197
vt 0.525347888 0.677529454
vt 0.441178024 0.996701241
vt 0.525347888 0.996701241
vt 0.441178024 0.677529454
vt 0.439286292 0.931153834
vt 0.409444809 0.831641197
vt 0.409444809 0.931153774
vt 0.439286292 0.831641197
vn 0 1 2.22044605e-16
vn 0 1 2.22044605e-16
vn 0 1 2.22044605e-16
vn 0 1 2.22044605e-16
vn -0.124948874 2.20304482e-16 -0.992163182
vn -0.124948874 2.20304482e-16 -0.992163182
vn -0.124948874 2.20304482e-16 -0.992163182
vn -0.124948874 2.20304482e-16 -0.992163182
vn -0.992163133 -2.77443097e-17 0.124949263
vn -0.992163133 -2.77443097e-17 0.124949263
vn -0.992163133 -2.77443097e-17 0.124949263
vn -0.992163133 -2.77443097e-17 0.124949263
vn 0.124948874 -2.20304482e-16 0.992163182
vn 0.124948874 -2.20304482e-16 0.992163182
vn 0.124948874 -2.20304482e-16 0.992163182
vn 0.124948874 -2.20304482e-16 0.992163182
vn 0.992163133 2.77443097e-17 -0.124949263
vn 0.992163133 2.77443097e-17 -0.124949263
vn 0.992163133 2.77443097e-17 -0.124949263
vn 0.992163133 2.77443097e-17 -0.124949263

g collision_PZ_item_48_submesh_0
usemtl collision_30
f 2668/2668/2668 2670/2670/2670 2669/2669/2669
f 2668/2668/2668 2669/2669/2669 2671/2671/2671
f 2672/2672/2672 2674/2674/2674 2673/2673/2673
f 2672/2672/2672 2673/2673/2673 2675/2675/2675
f 2676/2676/2676 2678/2678/2678 2677/2677/2677
f 2676/2676/2676 2677/2677/2677 2679/2679/2679
f 2680/2680/2680 2682/2682/2682 2681/2681/2681
f 2680/2680/2680 2681/2681/2681 2683/2683/2683
f 2684/2684/2684 2686/2686/2686 2685/2685/2685
f 2684/2684/2684 2685/2685/2685 2687/2687/2687

o collision_PZ_item_13
v 40.7386016 4.85368325 -11.1279379
v 46.8740081 4.85368349 -17.7783066
v 46.8740081 4.85368349 -11.1026246
v 40.7385978 4.85368325 -17.803621
v 40.6854133 -0.136166314 -3.42483679
v 46.8740081 4.85368349 -11.1026246
v 46.8833007 -0.136166314 -3.42483679
v 40.7386016 4.85368325 -11.1279379
v 40.7522162 4.85368325 -22.3579041
v 36.1470489 4.85368349 -27.4225899
v 40.767517 4.85368349 -27.4745995
v 36.1470527 4.85368325 -22.3348843
v 46.8740081 4.85368349 -22.3885037
v 46.8740081 4.85368349 -27.5433327
v 28.3596076 4.85368325 -22.3348824
v 36.1470489 4.85368349 -27.4225899
v 34.5266265 4.85368325 -22.3348843
v 28.3426913 4.85368349 -27.362003
v 36.1470527 4.85368325 -22.3348843
v 40.7522162 4.85368325 -22.3579041
v 46.8740081 4.85368349 -17.7783066
v 40.7385978 4.85368325 -17.803621
v 46.8740081 4.85368349 -22.3885037
vt -0.746552765 0.285543114
vt -0.986738145 0.0172924083
vt -0.746552765 0.0172924083
vt -0.986738145 0.285543114
vt -0.293391258 0.285543114
vt -0.746552765 0.0172924083
vt -0.293391258 0.0172924083
vt -0.746552765 0.285543114
vt -0.651644468 0.285543114
vt -0.404056013 0.0172924083
vt -0.654712915 0.0172924083
vt -0.404056013 0.285543114
vt -0.986738145 0.285543114
vt -0.986738145 0.0172924083
vt -0.645694852 0.285543114
vt -0.986738145 0.0172924083
vt -0.916601479 0.285543114
vt -0.64568758 0.0172924083
vt -0.986738145 0.285543114
vt -0.295085162 0.285543114
vt -0.527086377 0.0172924083
vt -0.527086377 0.285543114
vt -0.294498682 0.0172924083
vn 0 1 2.22044605e-16
vn 0 1 2.22044605e-16
vn 0 1 2.22044605e-16
vn 0 1 2.22044605e-16
vn -0.00114446927 0.838895992 0.544290552
vn -0.00114439378 0.838888352 0.544302327
vn -0.00114446927 0.838895992 0.544290552
vn -0.00114439378 0.838888352 0.544302327
vn 0 1 2.22044605e-16
vn 0 1 2.22044605e-16
vn 0 1 2.22044605e-16
vn 0 1 2.22044605e-16
vn 0 1 2.22044605e-16
vn 0 1 2.22044605e-16
vn 0 1 2.22044605e-16
vn 0 1 2.22044605e-16
vn 0 1 2.22044605e-16
vn 0 1 2.22044605e-16
vn 0 1 2.22044605e-16
vn 0 1 2.22044605e-16
vn 0 1 2.22044605e-16
vn 0 1 2.22044605e-16
vn 0 1 2.22044605e-16

g collision_PZ_item_13_submesh_0
usemtl collision_31
f 2688/2688/2688 2690/2690/2690 2689/2689/2689
f 2688/2688/2688 2689/2689/2689 2691/2691/2691
f 2692/2692/2692 2694/2694/2694 2693/2693/2693
f 2692/2692/2692 2693/2693/2693 2695/2695/2695
f 2696/2696/2696 2698/2698/2698 2697/2697/2697
f 2696/2696/2696 2697/2697/2697 2699/2699/2699
f 2700/2700/2700 2698/2698/2698 2696/2696/2696
f 2700/2700/2700 2701/2701/2701 2698/2698/2698
f 2702/2702/2702 2704/2704/2704 2703/2703/2703
f 2702/2702/2702 2703/2703/2703 2705/2705/2705
f 2704/2704/2704 2706/2706/2706 2703/2703/2703
f 2707/2707/2707 2709/2709/2709 2708/2708/2708
f 2707/2707/2707 2708/2708/2708 2710/2710/2710

o collision_PZ_item_14_1
v -0.978155236 3.03734042 -21.9240672
v 0.271156211 1.40453746 -21.9240681
v -0.974201302 1.40453746 -21.9240672
v 0.267202278 3.03734042 -21.9240681
v 0.484645744 2.81198432 -21.9240681
v 0.48069181 1.63779189 -21.9240681
v -1.17583094 1.64174487 -21.9240672
v -1.17978297 2.80803516 -21.9240672
v -0.974201302 1.40453746 -21.9240672
v -1.38174067 1.50505902 -22.1854416
v -1.17583094 1.64174487 -21.9240672
v -1.08866129 1.17064597 -22.1854416
v 0.484645744 2.81198432 -21.9240681
v 0.688980003 1.50506188 -22.1854416
v 0.48069181 1.63779189 -21.9240681
v 0.688775917 2.93353154 -22.1854416
v 0.484645744 2.81198432 -21.9240681
v 0.395645042 3.26793983 -22.1854416
v 0.688775917 2.93353154 -22.1854416
v 0.267202278 3.03734042 -21.9240681
v 0.48069181 1.63779189 -21.9240681
v 0.3967761 1.17064693 -22.1854416
v 0.271156211 1.40453746 -21.9240681
v 0.688980003 1.50506188 -22.1854416
v 0.271156211 1.40453746 -21.9240681
v -1.08866129 1.17064597 -22.1854416
v -0.974201302 1.40453746 -21.9240672
v 0.3967761 1.17064693 -22.1854416
v -1.17583094 1.64174487 -21.9240672
v -1.38185511 2.93353011 -22.1854416
v -1.17978297 2.80803516 -21.9240672
v -1.38174067 1.50505902 -22.1854416
v -1.17978297 2.80803516 -21.9240672
v -1.08960352 3.26793983 -22.1854416
v -0.978155236 3.03734042 -21.9240672
v -1.38185511 2.93353011 -22.1854416
v -0.978155236 3.03734042 -21.9240672
v 0.395645042 3.26793983 -22.1854416
v 0.267202278 3.03734042 -21.9240681
v -1.08960352 3.26793983 -22.1854416
v 2.6816348 3.03733995 -21.9240681
v 3.93094625 1.40453746 -21.9240672
v 2.68558874 1.40453746 -21.9240681
v 3.92699232 3.03733995 -21.9240672
v 4.14443578 2.81198384 -21.9240672
v 4.14048185 1.63779142 -21.9240672
v 2.4839591 1.64174392 -21.9240681
v 2.48000516 2.80803468 -21.9240681
v 2.68558874 1.40453746 -21.9240681
v 2.27804937 1.50505855 -22.1854416
v 2.4839591 1.64174392 -21.9240681
v 2.57113065 1.17064502 -22.1854416
v 4.14443578 2.81198384 -21.9240672
v 4.34877004 1.50506141 -22.1854416
v 4.14048185 1.63779142 -21.9240672
v 4.34856596 2.93353107 -22.1854416
v 4.14443578 2.81198384 -21.9240672
v 4.05543508 3.26793935 -22.1854416
v 4.34856596 2.93353107 -22.1854416
v 3.92699232 3.03733995 -21.9240672
v 4.14048185 1.63779142 -21.9240672
v 4.05656614 1.17064597 -22.1854416
v 3.93094625 1.40453746 -21.9240672
v 4.34877004 1.50506141 -22.1854416
v 3.93094625 1.40453746 -21.9240672
v 2.57113065 1.17064502 -22.1854416
v 2.68558874 1.40453746 -21.9240681
v 4.05656614 1.17064597 -22.1854416
v 2.4839591 1.64174392 -21.9240681
v 2.27793302 2.93352964 -22.1854416
v 2.48000516 2.80803468 -21.9240681
v 2.27804937 1.50505855 -22.1854416
v 2.48000516 2.80803468 -21.9240681
v 2.57018652 3.26793935 -22.1854416
v 2.6816348 3.03733995 -21.9240681
v 2.27793302 2.93352964 -22.1854416
v 2.6816348 3.03733995 -21.9240681
v 4.05543508 3.26793935 -22.1854416
v 3.92699232 3.03733995 -21.9240672
v 2.57018652 3.26793935 -22.1854416
v 25.5070991 3.03733899 -21.9240681
v 26.7564086 1.40453651 -21.9240672
v 25.5110511 1.40453651 -21.9240681
v 26.7524566 3.03733947 -21.9240672
v 26.9698981 2.81198337 -21.9240672
v 26.9659442 1.63779094 -21.9240672
v 25.3094253 1.64174249 -21.9240681
v 25.3054694 2.80803372 -21.9240681
v 25.5110511 1.40453651 -21.9240681
v 25.1035155 1.50505807 -22.1854416
v 25.3094253 1.64174249 -21.9240681
v 25.3965949 1.17064311 -22.1854416
v 26.9698981 2.81198337 -21.9240672
v 27.1742343 1.50506093 -22.1854416
v 26.9659442 1.63779094 -21.9240672
v 27.1740283 2.93353059 -22.1854416
v 26.9698981 2.81198337 -21.9240672
v 26.8808974 3.26793935 -22.1854416
v 27.1740283 2.93353059 -22.1854416
v 26.7524566 3.03733947 -21.9240672
v 26.9659442 1.63779094 -21.9240672
v 26.8820304 1.17064406 -22.1854416
v 26.7564086 1.40453651 -21.9240672
v 27.1742343 1.50506093 -22.1854416
v 26.7564086 1.40453651 -21.9240672
v 25.3965949 1.17064311 -22.1854416
v 25.5110511 1.40453651 -21.9240681
v 26.8820304 1.17064406 -22.1854416
v 25.3094253 1.64174249 -21.9240681
v 25.1033992 2.93352868 -22.1854416
v 25.3054694 2.80803372 -21.9240681
v 25.1035155 1.50505807 -22.1854416
v 25.3054694 2.80803372 -21.9240681
v 25.3956489 3.26793887 -22.1854416
v 25.5070991 3.03733899 -21.9240681
v 25.1033992 2.93352868 -22.1854416
v 25.5070991 3.03733899 -21.9240681
v 26.8808974 3.26793935 -22.1854416
v 26.7524566 3.03733947 -21.9240672
v 25.3956489 3.26793887 -22.1854416
vt 0.0792225674 0.89217031
vt 0.305032492 0.702685833
vt 0.305030227 0.891603351
vt 0.0792225227 0.703262746
vt 0.110389486 0.670278788
vt 0.2727741 0.670896828
vt 0.272225052 0.922184229
vt 0.110933706 0.922760963
vt 0.305030227 0.891603351
vt 0.295332432 0.960036337
vt 0.272225052 0.922184229
vt 0.343535841 0.91370976
vt 0.110389486 0.670278788
vt 0.295332193 0.632614195
vt 0.2727741 0.670896828
vt 0.0894111842 0.632631719
vt 0.110389486 0.670278788
vt 0.0412075222 0.678969085
vt 0.0894111842 0.632631719
vt 0.0792225227 0.703262746
vt 0.2727741 0.670896828
vt 0.343542695 0.678828835
vt 0.305032492 0.702685833
vt 0.295332193 0.632614195
vt 0.305032492 0.702685833
vt 0.343535841 0.91370976
vt 0.305030227 0.891603351
vt 0.343542695 0.678828835
vt 0.272225052 0.922184229
vt 0.0894113481 0.960031033
vt 0.110933706 0.922760963
vt 0.295332432 0.960036337
vt 0.110933706 0.922760963
vt 0.0412007049 0.9138062
vt 0.0792225674 0.89217031
vt 0.0894113481 0.960031033
vt 0.0792225674 0.89217031
vt 0.0412075222 0.678969085
vt 0.0792225227 0.703262746
vt 0.0412007049 0.9138062
vt 0.0792225674 0.89217031
vt 0.305032492 0.702685833
vt 0.305030227 0.891603351
vt 0.0792225227 0.703262746
vt 0.110389486 0.670278788
vt 0.2727741 0.670896828
vt 0.272225052 0.922184229
vt 0.110933706 0.922760963
vt 0.305030227 0.891603351
vt 0.295332432 0.960036337
vt 0.272225052 0.922184229
vt 0.343535841 0.91370976
vt 0.110389486 0.670278788
vt 0.295332193 0.632614195
vt 0.2727741 0.670896828
vt 0.0894111842 0.632631719
vt 0.110389486 0.670278788
vt 0.0412075222 0.678969085
vt 0.0894111842 0.632631719
vt 0.0792225227 0.703262746
vt 0.2727741 0.670896828
vt 0.343542695 0.678828835
vt 0.305032492 0.702685833
vt 0.295332193 0.632614195
vt 0.305032492 0.702685833
vt 0.343535841 0.91370976
vt 0.305030227 0.891603351
vt 0.343542695 0.678828835
vt 0.272225052 0.922184229
vt 0.0894113481 0.960031033
vt 0.110933706 0.922760963
vt 0.295332432 0.960036337
vt 0.110933706 0.922760963
vt 0.0412007049 0.9138062
vt 0.0792225674 0.89217031
vt 0.0894113481 0.960031033
vt 0.0792225674 0.89217031
vt 0.0412075222 0.678969085
vt 0.0792225227 0.703262746
vt 0.0412007049 0.9138062
vt 0.0792225674 0.89217031
vt 0.305032492 0.702685833
vt 0.305030227 0.891603351
vt 0.0792225227 0.703262746
vt 0.110389486 0.670278788
vt 0.2727741 0.670896828
vt 0.272225052 0.922184229
vt 0.110933706 0.922760963
vt 0.305030227 0.891603351
vt 0.295332432 0.960036337
vt 0.272225052 0.922184229
vt 0.343535841 0.91370976
vt 0.110389486 0.670278788
vt 0.295332193 0.632614195
vt 0.2727741 0.670896828
vt 0.0894111842 0.632631719
vt 0.110389486 0.670278788
vt 0.0412075222 0.678969085
vt 0.0894111842 0.632631719
vt 0.0792225227 0.703262746
vt 0.2727741 0.670896828
vt 0.343542695 0.678828835
vt 0.305032492 0.702685833
vt 0.295332193 0.632614195
vt 0.305032492 0.702685833
vt 0.343535841 0.91370976
vt 0.305030227 0.891603351
vt 0.343542695 0.678828835
vt 0.272225052 0.922184229
vt 0.0894113481 0.960031033
vt 0.110933706 0.922760963
vt 0.295332432 0.960036337
vt 0.110933706 0.922760963
vt 0.0412007049 0.9138062
vt 0.0792225674 0.89217031
vt 0.0894113481 0.960031033
vt 0.0792225674 0.89217031
vt 0.0412075222 0.678969085
vt 0.0792225227 0.703262746
vt 0.0412007049 0.9138062
vn 0 -2.22044605e-16 1
vn 0 -2.22044605e-16 1
vn 0 -2.22044605e-16 1
vn 0 -2.22044605e-16 1
vn 0 -2.22044605e-16 1
vn 0 -2.22044605e-16 1
vn 0 -2.22044605e-16 1
vn 0 -2.22044605e-16 1
vn -0.55444454 -0.479844075 0.679956554
vn -0.554444468 -0.479844094 0.679956599
vn -0.554444491 -0.479844114 0.679956567
vn -0.554444491 -0.479844114 0.679956567
vn 0.785072566 -0.00113111199 0.619402767
vn 0.785072566 -0.00113111199 0.619402767
vn 0.785072566 -0.00113111187 0.619402767
vn 0.785072566 -0.00113111199 0.619402767
vn 0.542637607 0.494952578 0.678650405
vn 0.542637641 0.494952585 0.678650373
vn 0.542637641 0.494952585 0.678650373
vn 0.542637641 0.494952585 0.678650373
vn 0.545109053 -0.481799292 0.686094427
vn 0.54510903 -0.481799272 0.686094459
vn 0.545109015 -0.481799318 0.686094439
vn 0.545109053 -0.481799292 0.686094427
vn 0 -0.745198664 0.666842524
vn 0 -0.745198693 0.666842491
vn 0 -0.745198723 0.666842457
vn 0 -0.745198723 0.666842457
vn -0.788315024 -0.00123543334 0.615270588
vn -0.788315001 -0.00123543339 0.615270617
vn -0.788315024 -0.00123543334 0.615270588
vn -0.788315024 -0.00123543334 0.615270588
vn -0.559075356 0.489814461 0.668966771
vn -0.559075356 0.489814461 0.668966771
vn -0.559075364 0.489814438 0.668966781
vn -0.559075364 0.489814438 0.668966781
vn 0 0.749873017 0.661581785
vn 0 0.749872987 0.661581819
vn 0 0.749872961 0.661581848
vn 0 0.749872987 0.661581819
vn 0 -2.22044605e-16 1
vn 0 -2.22044605e-16 1
vn 0 -2.22044605e-16 1
vn 0 -2.22044605e-16 1
vn 0 -2.22044605e-16 1
vn 0 -2.22044605e-16 1
vn 0 -2.22044605e-16 1
vn 0 -2.22044605e-16 1
vn -0.554442984 -0.479844972 0.67995719
vn -0.554443 -0.479844926 0.679957209
vn -0.554442959 -0.479844942 0.679957232
vn -0.554443 -0.479844926 0.679957209
vn 0.785073638 -0.00113111586 0.619401408
vn 0.785073638 -0.00113111586 0.619401408
vn 0.785073638 -0.00113111574 0.619401408
vn 0.785073621 -0.00113111589 0.619401429
vn 0.542638481 0.494953454 0.678649068
vn 0.542638489 0.494953431 0.678649078
vn 0.542638523 0.494953438 0.678649046
vn 0.542638523 0.494953438 0.678649046
vn 0.545109619 -0.481799891 0.686093556
vn 0.545109593 -0.481799861 0.686093598
vn 0.545109661 -0.481799876 0.686093534
vn 0.545109619 -0.481799891 0.686093556
vn 0 -0.7451974 0.666843937
vn 0 -0.74519737 0.66684397
vn 0 -0.74519737 0.66684397
vn 0 -0.7451974 0.666843937
vn -0.788313907 -0.00123658992 0.615272017
vn -0.788313907 -0.00123658981 0.615272017
vn -0.788313907 -0.00123658992 0.615272017
vn -0.788313907 -0.00123659004 0.615272017
vn -0.559072465 0.489815678 0.668968296
vn -0.559072465 0.489815678 0.668968296
vn -0.559072465 0.489815678 0.668968296
vn -0.559072448 0.489815724 0.668968276
vn 0 0.749872987 0.661581819
vn 0 0.749872987 0.661581819
vn 0 0.749873017 0.661581785
vn 0 0.749872987 0.661581819
vn 0 -2.22044605e-16 1
vn 0 -2.22044605e-16 1
vn 0 -2.22044605e-16 1
vn 0 -2.22044605e-16 1
vn 0 -2.22044605e-16 1
vn 0 -2.22044605e-16 1
vn 0 -2.22044605e-16 1
vn 0 -2.22044605e-16 1
vn -0.554447173 -0.479842215 0.67995572
vn -0.554447157 -0.479842261 0.6799557
vn -0.554447173 -0.479842215 0.67995572
vn -0.554447173 -0.479842215 0.67995572
vn 0.785072226 -0.00113053564 0.619403198
vn 0.785072197 -0.0011305356 0.619403235
vn 0.785072255 -0.00113053557 0.619403161
vn 0.785072197 -0.00113053572 0.619403235
vn 0.542640242 0.494952714 0.6786482
vn 0.542640242 0.494952714 0.6786482
vn 0.542640302 0.494952709 0.678648155
vn 0.542640286 0.494952754 0.678648135
vn 0.545108587 -0.481797423 0.68609611
vn 0.545108602 -0.481797378 0.686096129
vn 0.545108602 -0.481797378 0.686096129
vn 0.545108622 -0.481797342 0.686096139
vn 0 -0.745196049 0.666845445
vn 0 -0.745196049 0.666845445
vn 0 -0.745196023 0.666845475
vn 0 -0.745196023 0.666845475
vn -0.788315286 -0.00123717238 0.615270249
vn -0.788315286 -0.00123717238 0.615270249
vn -0.788315286 -0.00123717227 0.615270249
vn -0.788315286 -0.00123717238 0.615270249
vn -0.559074474 0.489813249 0.668968395
vn -0.559074474 0.489813249 0.668968395
vn -0.559074474 0.489813249 0.668968395
vn -0.559074474 0.489813249 0.668968395
vn 0 0.749872342 0.66158255
vn 0 0.749872372 0.661582517
vn 0 0.749872401 0.661582483
vn 0 0.749872372 0.661582517

g collision_PZ_item_14_1_submesh_0
usemtl collision_32
f 2711/2711/2711 2713/2713/2713 2712/2712/2712
f 2711/2711/2711 2712/2712/2712 2714/2714/2714
f 2712/2712/2712 2715/2715/2715 2714/2714/2714
f 2712/2712/2712 2716/2716/2716 2715/2715/2715
f 2711/2711/2711 2717/2717/2717 2713/2713/2713
f 2711/2711/2711 2718/2718/2718 2717/2717/2717
f 2719/2719/2719 2721/2721/2721 2720/2720/2720
f 2719/2719/2719 2720/2720/2720 2722/2722/2722
f 2723/2723/2723 2725/2725/2725 2724/2724/2724
f 2723/2723/2723 2724/2724/2724 2726/2726/2726
f 2727/2727/2727 2729/2729/2729 2728/2728/2728
f 2727/2727/2727 2728/2728/2728 2730/2730/2730
f 2731/2731/2731 2733/2733/2733 2732/2732/2732
f 2731/2731/2731 2732/2732/2732 2734/2734/2734
f 2735/2735/2735 2737/2737/2737 2736/2736/2736
f 2735/2735/2735 2736/2736/2736 2738/2738/2738
f 2739/2739/2739 2741/2741/2741 2740/2740/2740
f 2739/2739/2739 2740/2740/2740 2742/2742/2742
f 2743/2743/2743 2745/2745/2745 2744/2744/2744
f 2743/2743/2743 2744/2744/2744 2746/2746/2746
f 2747/2747/2747 2749/2749/2749 2748/2748/2748
f 2747/2747/2747 2748/2748/2748 2750/2750/2750
f 2751/2751/2751 2753/2753/2753 2752/2752/2752
f 2751/2751/2751 2752/2752/2752 2754/2754/2754
f 2752/2752/2752 2755/2755/2755 2754/2754/2754
f 2752/2752/2752 2756/2756/2756 2755/2755/2755
f 2751/2751/2751 2757/2757/2757 2753/2753/2753
f 2751/2751/2751 2758/2758/2758 2757/2757/2757
f 2759/2759/2759 2761/2761/2761 2760/2760/2760
f 2759/2759/2759 2760/2760/2760 2762/2762/2762
f 2763/2763/2763 2765/2765/2765 2764/2764/2764
f 2763/2763/2763 2764/2764/2764 2766/2766/2766
f 2767/2767/2767 2769/2769/2769 2768/2768/2768
f 2767/2767/2767 2768/2768/2768 2770/2770/2770
f 2771/2771/2771 2773/2773/2773 2772/2772/2772
f 2771/2771/2771 2772/2772/2772 2774/2774/2774
f 2775/2775/2775 2777/2777/2777 2776/2776/2776
f 2775/2775/2775 2776/2776/2776 2778/2778/2778
f 2779/2779/2779 2781/2781/2781 2780/2780/2780
f 2779/2779/2779 2780/2780/2780 2782/2782/2782
f 2783/2783/2783 2785/2785/2785 2784/2784/2784
f 2783/2783/2783 2784/2784/2784 2786/2786/2786
f 2787/2787/2787 2789/2789/2789 2788/2788/2788
f 2787/2787/2787 2788/2788/2788 2790/2790/2790
f 2791/2791/2791 2793/2793/2793 2792/2792/2792
f 2791/2791/2791 2792/2792/2792 2794/2794/2794
f 2792/2792/2792 2795/2795/2795 2794/2794/2794
f 2792/2792/2792 2796/2796/2796 2795/2795/2795
f 2791/2791/2791 2797/2797/2797 2793/2793/2793
f 2791/2791/2791 2798/2798/2798 2797/2797/2797
f 2799/2799/2799 2801/2801/2801 2800/2800/2800
f 2799/2799/2799 2800/2800/2800 2802/2802/2802
f 2803/2803/2803 2805/2805/2805 2804/2804/2804
f 2803/2803/2803 2804/2804/2804 2806/2806/2806
f 2807/2807/2807 2809/2809/2809 2808/2808/2808
f 2807/2807/2807 2808/2808/2808 2810/2810/2810
f 2811/2811/2811 2813/2813/2813 2812/2812/2812
f 2811/2811/2811 2812/2812/2812 2814/2814/2814
f 2815/2815/2815 2817/2817/2817 2816/2816/2816
f 2815/2815/2815 2816/2816/2816 2818/2818/2818
f 2819/2819/2819 2821/2821/2821 2820/2820/2820
f 2819/2819/2819 2820/2820/2820 2822/2822/2822
f 2823/2823/2823 2825/2825/2825 2824/2824/2824
f 2823/2823/2823 2824/2824/2824 2826/2826/2826
f 2827/2827/2827 2829/2829/2829 2828/2828/2828
f 2827/2827/2827 2828/2828/2828 2830/2830/2830

o collision_PZ_item_13_1
v 9.46905984 -0.163925866 -19.4127928
v 17.136547 4.85368278 -17.6395775
v 9.46905984 -0.163925866 -17.6395775
v 17.2310943 4.226846 -19.2477528
v 22.4615497 -0.406268815 -6.92080227
v 17.148239 4.22717311 -7.39617792
v 21.8774089 4.22717311 -7.39617792
v 17.2369117 -0.406268815 -6.92080274
v 22.4615497 -0.406268815 -6.92080227
v 22.1839274 4.226846 -19.2477528
v 22.4615506 -0.406270722 -19.5778328
v 21.8774089 4.22717311 -7.39617792
v 9.46905984 -0.163925866 -7.74031034
v 17.136547 4.85368278 -17.6395775
v 17.1362494 4.85368349 -7.74030987
v 9.46905984 -0.163925866 -17.6395775
v 9.83820047 -0.163925866 -7.3961784
v 17.1362494 4.85368349 -7.74030987
v 17.148239 4.22717311 -7.39617792
v 9.83820047 -0.163925866 -7.3961784
v 9.46905984 -0.163925866 -7.74031034
v 17.1362494 4.85368349 -7.74030987
v 17.2310943 4.226846 -19.2477528
v 9.46905984 -0.163925866 -19.4127928
v 17.2369136 -0.406270722 -19.5778328
v 22.1839274 4.226846 -19.2477528
v 22.4615506 -0.406270722 -19.5778328
v 21.8774089 4.22717311 -7.39617792
v 21.7991246 4.85368278 -17.6395775
v 22.1839274 4.226846 -19.2477528
v 21.8774089 4.22717311 -7.39617792
v 21.7984237 4.85368349 -7.74030987
v 17.2310943 4.226846 -19.2477528
v 21.7991246 4.85368278 -17.6395775
v 17.136547 4.85368278 -17.6395775
v 22.1839274 4.226846 -19.2477528
v 17.2369117 -0.406268815 -6.92080274
v 9.83820047 -0.163925866 -7.3961784
v 17.148239 4.22717311 -7.39617792
v 17.136547 4.85368278 -17.6395775
v 21.7984237 4.85368349 -7.74030987
v 17.1362494 4.85368349 -7.74030987
v 21.7991246 4.85368278 -17.6395775
v 17.1362494 4.85368349 -7.74030987
v 21.8774089 4.22717311 -7.39617792
v 17.148239 4.22717311 -7.39617792
v 21.7984237 4.85368349 -7.74030987
vt 0.498021305 0.282796383
vt 0.431439102 0.0654430166
vt 0.431439102 0.282796383
vt 0.498021305 0.0654430166
vt 0.801214337 0.58319211
vt 0.539563537 0.332897365
vt 0.801214337 0.332897425
vt 0.539563537 0.583190203
vt 0.801214337 0.58319211
vt 1.45252514 0.332897723
vt 1.4525249 0.583191395
vt 0.801214337 0.332897425
vt 0.00999999978 0.282796383
vt 0.431439102 0.0654430166
vt 0.00999999978 0.0654430166
vt 0.431439102 0.282796383
vt 0.277912796 0.332897335
vt 0.539563537 0.300355583
vt 0.539563537 0.332897365
vt 0.277912796 0.332897335
vt 0.277912796 0.300353736
vt 0.539563537 0.300355583
vt 1.72618246 0.332897812
vt 1.99983954 0.458047628
vt 1.7261821 0.583194375
vt 1.45252514 0.332897723
vt 1.4525249 0.583191395
vt 0.801214337 0.332897425
vt 1.45252514 0.300350785
vt 1.45252514 0.332897723
vt 0.801214337 0.332897425
vt 0.801214337 0.300357431
vt 0.498021305 0.0654430166
vt 0.431439102 0.282695889
vt 0.431439102 0.0654430166
vt 0.498021305 0.282695889
vt 0.539563537 0.583190203
vt 0.277912796 0.332897335
vt 0.539563537 0.332897365
vt 0.431439102 0.0654430166
vt 0.00999999978 0.282695889
vt 0.00999999978 0.0654430166
vt 0.431439102 0.282695889
vt 0.539563537 0.300355583
vt 0.801214337 0.332897425
vt 0.539563537 0.332897365
vt 0.801214337 0.300357431
vn -0.511667994 0.842112905 -0.170416314
vn -0.511667994 0.842112905 -0.170416314
vn -0.511668018 0.842112885 -0.170416337
vn -0.511668019 0.842112887 -0.170416323
vn 0 0.102060847 0.994778158
vn 0 0.102060847 0.994778158
vn 0 0.102060847 0.994778158
vn 0 0.102060855 0.994778157
vn 0.995608414 0.0927840122 0.0124504392
vn 0.995608414 0.0927840121 0.0124504402
vn 0.995608414 0.0927840048 0.0124504392
vn 0.995608413 0.0927840195 0.0124504392
vn -0.547581785 0.836752167 1.85796304e-16
vn -0.547581827 0.836752139 1.85796298e-16
vn -0.547581785 0.836752167 1.85796304e-16
vn -0.547581785 0.836752167 1.85796304e-16
vn -0.364055622 0.579520922 0.729122079
vn -0.364055634 0.579520882 0.729122104
vn -0.364055618 0.579520857 0.729122132
vn -0.364055622 0.579520922 0.729122079
vn -0.364055608 0.579520889 0.729122112
vn -0.364055634 0.579520882 0.729122104
vn -0.0189731185 0.0710270062 -0.997293931
vn -0.0189731166 0.0710270136 -0.997293931
vn -0.0189731166 0.0710270136 -0.997293931
vn 0 0.0710635173 -0.997471792
vn 0 0.0710635099 -0.997471793
vn 0.94205863 0.335184457 0.0133010448
vn 0.942058639 0.335184431 0.013301044
vn 0.942058639 0.335184431 0.013301044
vn 0.94205863 0.335184457 0.0133010448
vn 0.942058639 0.335184431 0.013301044
vn 0 0.931723494 -0.363168462
vn 0 0.931723494 -0.363168462
vn 0 0.931723494 -0.363168462
vn 0 0.931723483 -0.363168488
vn -0.0605067147 0.100727853 0.993072423
vn -0.060506722 0.100727868 0.993072421
vn -0.0605067184 0.100727853 0.993072423
vn 0 1 2.22044605e-16
vn 0 1 2.22044605e-16
vn 0 1 2.22044605e-16
vn 0 1 2.22044605e-16
vn 0 0.481436694 0.876480867
vn 0 0.48143674 0.876480842
vn 0 0.481436694 0.876480867
vn 0 0.481436646 0.876480893

g collision_PZ_item_13_1_submesh_0
usemtl collision_33
f 2831/2831/2831 2833/2833/2833 2832/2832/2832
f 2831/2831/2831 2832/2832/2832 2834/2834/2834
f 2835/2835/2835 2837/2837/2837 2836/2836/2836
f 2835/2835/2835 2836/2836/2836 2838/2838/2838
f 2839/2839/2839 2841/2841/2841 2840/2840/2840
f 2839/2839/2839 2840/2840/2840 2842/2842/2842
f 2843/2843/2843 2845/2845/2845 2844/2844/2844
f 2843/2843/2843 2844/2844/2844 2846/2846/2846
f 2847/2847/2847 2849/2849/2849 2848/2848/2848
f 2850/2850/2850 2852/2852/2852 2851/2851/2851
f 2853/2853/2853 2855/2855/2855 2854/2854/2854
f 2855/2855/2855 2853/2853/2853 2856/2856/2856
f 2855/2855/2855 2856/2856/2856 2857/2857/2857
f 2858/2858/2858 2860/2860/2860 2859/2859/2859
f 2861/2861/2861 2859/2859/2859 2862/2862/2862
f 2863/2863/2863 2865/2865/2865 2864/2864/2864
f 2863/2863/2863 2864/2864/2864 2866/2866/2866
f 2867/2867/2867 2869/2869/2869 2868/2868/2868
f 2870/2870/2870 2872/2872/2872 2871/2871/2871
f 2870/2870/2870 2871/2871/2871 2873/2873/2873
f 2874/2874/2874 2876/2876/2876 2875/2875/2875
f 2874/2874/2874 2875/2875/2875 2877/2877/2877

o collision_PZ_item_16_1
v 33.9708365 6.84059932 -23.89772
v 35.2201537 5.20779636 -23.89772
v 33.9747771 5.20779636 -23.89772
v 35.2161788 6.8405998 -23.89772
v 35.4336394 6.61524417 -23.89772
v 35.4296683 5.44105079 -23.89772
v 33.7731666 5.44500234 -23.89772
v 33.7692107 6.61129453 -23.89772
v 33.9747771 5.20779636 -23.89772
v 33.5672568 5.30831744 -24.1590954
v 33.7731666 5.44500234 -23.89772
v 33.8603362 4.97390391 -24.1590954
v 35.4336394 6.61524417 -23.89772
v 35.6379775 5.30832078 -24.1590954
v 35.4296683 5.44105079 -23.89772
v 35.6377715 6.73679092 -24.1590954
v 35.4336394 6.61524417 -23.89772
v 35.3446311 7.07119968 -24.1590954
v 35.6377715 6.73679092 -24.1590954
v 35.4336394 6.61524417 -23.89772
v 35.2161788 6.8405998 -23.89772
v 35.3446311 7.07119968 -24.1590954
v 35.4296683 5.44105079 -23.89772
v 35.3457679 4.97390534 -24.1590954
v 35.2201537 5.20779636 -23.89772
v 35.6379775 5.30832078 -24.1590954
v 35.2201537 5.20779636 -23.89772
v 33.8603362 4.97390391 -24.1590954
v 33.9747771 5.20779636 -23.89772
v 35.3457679 4.97390534 -24.1590954
v 33.7731666 5.44500234 -23.89772
v 33.5671424 6.73678901 -24.1590954
v 33.7692107 6.61129453 -23.89772
v 33.5672568 5.30831744 -24.1590954
v 33.7692107 6.61129453 -23.89772
v 33.8593749 7.07119872 -24.1590954
v 33.9708365 6.84059932 -23.89772
v 33.5671424 6.73678901 -24.1590954
v 33.9708365 6.84059932 -23.89772
v 35.3446311 7.07119968 -24.1590954
v 35.2161788 6.8405998 -23.89772
v 33.8593749 7.07119872 -24.1590954
v 33.8603362 4.97390391 -24.1590954
v 33.5672606 5.30831697 -27.0685288
v 33.5672568 5.30831744 -24.1590954
v 33.8603362 4.97390391 -27.0685288
v 35.6377715 6.73679092 -24.1590954
v 35.6379813 5.3083203 -27.0685288
v 35.6379775 5.30832078 -24.1590954
v 35.6377715 6.73679092 -27.0685288
v 35.3446311 7.07119968 -24.1590954
v 35.6377715 6.73679092 -27.0685288
v 35.6377715 6.73679092 -24.1590954
v 35.3446311 7.07119968 -27.0685288
v 35.6379775 5.30832078 -24.1590954
v 35.3457679 4.97390534 -27.0685288
v 35.3457679 4.97390534 -24.1590954
v 35.6379813 5.3083203 -27.0685288
v 35.3457679 4.97390534 -24.1590954
v 33.8603362 4.97390391 -27.0685288
v 33.8603362 4.97390391 -24.1590954
v 35.3457679 4.97390534 -27.0685288
v 33.5672568 5.30831744 -24.1590954
v 33.5671462 6.73678901 -27.0685288
v 33.5671424 6.73678901 -24.1590954
v 33.5672606 5.30831697 -27.0685288
v 33.5671424 6.73678901 -24.1590954
v 33.8593749 7.07119872 -27.0685288
v 33.8593749 7.07119872 -24.1590954
v 33.5671462 6.73678901 -27.0685288
v 33.8593749 7.07119872 -24.1590954
v 35.3446311 7.07119968 -27.0685288
v 35.3446311 7.07119968 -24.1590954
v 33.8593749 7.07119872 -27.0685288
vt 0.0792225674 0.89217031
vt 0.305032492 0.702685833
vt 0.305030227 0.891603351
vt 0.0792225227 0.703262746
vt 0.110389486 0.670278788
vt 0.2727741 0.670896828
vt 0.272225052 0.922184229
vt 0.110933706 0.922760963
vt 0.305030227 0.891603351
vt 0.295332432 0.960036337
vt 0.272225052 0.922184229
vt 0.343535841 0.91370976
vt 0.110389486 0.670278788
vt 0.295332193 0.632614195
vt 0.2727741 0.670896828
vt 0.0894111842 0.632631719
vt 0.110389486 0.670278788
vt 0.0412075222 0.678969085
vt 0.0894111842 0.632631719
vt 0.110389486 0.670278788
vt 0.0792225227 0.703262746
vt 0.0412075222 0.678969085
vt 0.2727741 0.670896828
vt 0.343542695 0.678828835
vt 0.305032492 0.702685833
vt 0.295332193 0.632614195
vt 0.305032492 0.702685833
vt 0.343535841 0.91370976
vt 0.305030227 0.891603351
vt 0.343542695 0.678828835
vt 0.272225052 0.922184229
vt 0.0894113481 0.960031033
vt 0.110933706 0.922760963
vt 0.295332432 0.960036337
vt 0.110933706 0.922760963
vt 0.0412007049 0.9138062
vt 0.0792225674 0.89217031
vt 0.0894113481 0.960031033
vt 0.0792225674 0.89217031
vt 0.0412075222 0.678969085
vt 0.0792225227 0.703262746
vt 0.0412007049 0.9138062
vt 0.967847884 0.297114342
vt 0.492759407 0.351721287
vt 0.967847884 0.351721287
vt 0.492759407 0.297114342
vt 0.967847764 0.351721287
vt 0.492759287 0.589623272
vt 0.967847764 0.589623272
vt 0.492759287 0.351721287
vt 0.967847764 0.297114342
vt 0.492759287 0.351721287
vt 0.967847764 0.351721287
vt 0.492759287 0.297114342
vt 0.967847764 0.297114342
vt 0.492759228 0.351721287
vt 0.967847764 0.351721287
vt 0.492759287 0.297114342
vt 0.967847764 0.351721287
vt 0.492759347 0.589623272
vt 0.967847884 0.589623272
vt 0.492759228 0.351721287
vt 0.967847884 0.351721287
vt 0.492759407 0.589623272
vt 0.967847884 0.589623272
vt 0.492759407 0.351721287
vt 0.967847884 0.297114342
vt 0.492759407 0.351721287
vt 0.967847884 0.351721287
vt 0.492759407 0.297114342
vt 0.967847884 0.351721287
vt 0.492759287 0.589623272
vt 0.967847764 0.589623272
vt 0.492759407 0.351721287
vn 0 -2.22044605e-16 1
vn 0 -2.22044605e-16 1
vn 0 -2.22044605e-16 1
vn 0 -2.22044605e-16 1
vn 0 -2.22044605e-16 1
vn 0 -2.22044605e-16 1
vn 0 -2.22044605e-16 1
vn 0 -2.22044605e-16 1
vn -0.554462528 -0.479841978 0.679943366
vn -0.554462481 -0.479842027 0.679943369
vn -0.554462497 -0.479841982 0.679943389
vn -0.554462505 -0.479841959 0.679943398
vn 0.785057974 -0.00113569272 0.619421253
vn 0.785057974 -0.00113569272 0.619421253
vn 0.785057945 -0.00113569279 0.61942129
vn 0.785057945 -0.00113569279 0.61942129
vn 0.542621693 0.494963998 0.678654801
vn 0.542621693 0.494963998 0.678654801
vn 0.542621659 0.494963992 0.678654833
vn 0.542621693 0.494963998 0.678654801
vn 0.542621693 0.494963998 0.678654801
vn 0.542621693 0.494963998 0.678654801
vn 0.545112701 -0.481787501 0.686099808
vn 0.545112679 -0.481787482 0.686099839
vn 0.545112701 -0.481787501 0.686099808
vn 0.545112701 -0.481787501 0.686099808
vn 0 -0.745199538 0.666841546
vn 0 -0.745199538 0.666841546
vn 0 -0.745199538 0.666841546
vn 0 -0.745199538 0.666841546
vn -0.788318918 -0.00123659868 0.615265597
vn -0.788318918 -0.0012365988 0.615265597
vn -0.788318918 -0.00123659857 0.615265597
vn -0.788318918 -0.00123659868 0.615265597
vn -0.559083379 0.489801029 0.668969901
vn -0.559083379 0.489801029 0.668969901
vn -0.559083321 0.48980109 0.668969904
vn -0.559083344 0.48980111 0.668969871
vn 0 0.749874497 0.661580107
vn 0 0.749874497 0.661580107
vn 0 0.749874523 0.661580078
vn 0 0.749874497 0.661580107
vn -0.752057305 -0.659097724 -1.46349094e-16
vn -0.75205725 -0.659097787 -1.46349108e-16
vn -0.75205725 -0.659097787 -1.46349108e-16
vn -0.752057305 -0.659097724 -1.46349094e-16
vn 0.999999989 0.000145540993 3.23165923e-20
vn 0.999999989 0.000145540993 3.23165923e-20
vn 0.999999989 0.000145541008 3.23165956e-20
vn 0.999999989 0.000145540993 3.23165923e-20
vn 0.751982748 0.659182787 1.46367981e-16
vn 0.751982748 0.659182787 1.46367981e-16
vn 0.751982748 0.659182787 1.46367981e-16
vn 0.751982748 0.659182787 1.46367981e-16
vn 0.753024809 -0.657992125 -1.46103602e-16
vn 0.753024838 -0.657992092 -1.46103594e-16
vn 0.753024838 -0.657992092 -1.46103594e-16
vn 0.753024787 -0.657992151 -1.46103607e-16
vn 0 -1 -2.22044605e-16
vn 0 -1 -2.22044605e-16
vn 0 -1 -2.22044605e-16
vn 0 -1 -2.22044605e-16
vn -0.999999997 -8.01142375e-05 -1.77889342e-20
vn -0.999999997 -8.01142375e-05 -1.77889342e-20
vn -0.999999997 -8.01142375e-05 -1.77889342e-20
vn -0.999999997 -8.01142375e-05 -1.77889342e-20
vn -0.752998241 0.65802253 1.46110353e-16
vn -0.752998211 0.658022564 1.4611036e-16
vn -0.752998211 0.658022564 1.4611036e-16
vn -0.752998241 0.65802253 1.46110353e-16
vn 0 1 2.22044605e-16
vn 0 1 2.22044605e-16
vn 0 1 2.22044605e-16
vn 0 1 2.22044605e-16

g collision_PZ_item_16_1_submesh_0
usemtl collision_34
f 2878/2878/2878 2880/2880/2880 2879/2879/2879
f 2878/2878/2878 2879/2879/2879 2881/2881/2881
f 2879/2879/2879 2882/2882/2882 2881/2881/2881
f 2879/2879/2879 2883/2883/2883 2882/2882/2882
f 2878/2878/2878 2884/2884/2884 2880/2880/2880
f 2878/2878/2878 2885/2885/2885 2884/2884/2884
f 2886/2886/2886 2888/2888/2888 2887/2887/2887
f 2886/2886/2886 2887/2887/2887 2889/2889/2889
f 2890/2890/2890 2892/2892/2892 2891/2891/2891
f 2890/2890/2890 2891/2891/2891 2893/2893/2893
f 2894/2894/2894 2896/2896/2896 2895/2895/2895
f 2897/2897/2897 2899/2899/2899 2898/2898/2898
f 2900/2900/2900 2902/2902/2902 2901/2901/2901
f 2900/2900/2900 2901/2901/2901 2903/2903/2903
f 2904/2904/2904 2906/2906/2906 2905/2905/2905
f 2904/2904/2904 2905/2905/2905 2907/2907/2907
f 2908/2908/2908 2910/2910/2910 2909/2909/2909
f 2908/2908/2908 2909/2909/2909 2911/2911/2911
f 2912/2912/2912 2914/2914/2914 2913/2913/2913
f 2912/2912/2912 2913/2913/2913 2915/2915/2915
f 2916/2916/2916 2918/2918/2918 2917/2917/2917
f 2916/2916/2916 2917/2917/2917 2919/2919/2919
f 2920/2920/2920 2922/2922/2922 2921/2921/2921
f 2920/2920/2920 2921/2921/2921 2923/2923/2923
f 2924/2924/2924 2926/2926/2926 2925/2925/2925
f 2924/2924/2924 2925/2925/2925 2927/2927/2927
f 2928/2928/2928 2930/2930/2930 2929/2929/2929
f 2928/2928/2928 2929/2929/2929 2931/2931/2931
f 2932/2932/2932 2934/2934/2934 2933/2933/2933
f 2932/2932/2932 2933/2933/2933 2935/2935/2935
f 2936/2936/2936 2938/2938/2938 2937/2937/2937
f 2936/2936/2936 2937/2937/2937 2939/2939/2939
f 2940/2940/2940 2942/2942/2942 2941/2941/2941
f 2940/2940/2940 2941/2941/2941 2943/2943/2943
f 2944/2944/2944 2946/2946/2946 2945/2945/2945
f 2944/2944/2944 2945/2945/2945 2947/2947/2947
f 2948/2948/2948 2950/2950/2950 2949/2949/2949
f 2948/2948/2948 2949/2949/2949 2951/2951/2951

o collision_PZ_item_54
v -23.5846638 5.85368396 -1.99577212
v -20.2511677 5.85368396 -2.55958342
v -20.2511677 5.85368396 -1.99577116
v -23.5846638 5.85368396 -2.55958342
v -23.5846638 4.85368396 -1.99577212
v -20.2511677 5.85368396 -1.99577116
v -20.2511677 4.85368396 -1.99577116
v -23.5846638 5.85368396 -1.99577212
v -20.2511677 4.85368396 -1.99577116
v -20.2511677 5.85368396 -2.55958342
v -20.2511677 4.85368396 -2.55958342
v -20.2511677 5.85368396 -1.99577116
v -20.2511677 4.85368396 -2.55958342
v -23.5846638 5.85368396 -2.55958342
v -23.5846638 4.85368396 -2.55958342
v -20.2511677 5.85368396 -2.55958342
v -23.5846638 4.85368396 -2.55958342
v -23.5846638 5.85368396 -1.99577212
v -23.5846638 4.85368396 -1.99577212
v -23.5846638 5.85368396 -2.55958342
vt 0.411769807 0.801583469
vt 0.438436508 0.625241041
vt 0.411769807 0.625241041
vt 0.438436508 0.801583469
vt 0.525347888 0.677529454
vt 0.441178024 0.996701241
vt 0.525347888 0.996701241
vt 0.441178083 0.677529454
vt 0.439485848 0.931153834
vt 0.409644306 0.831641197
vt 0.409644306 0.931153774
vt 0.439485848 0.831641197
vt 0.525347888 0.677529454
vt 0.441178024 0.996701241
vt 0.525347888 0.996701241
vt 0.441178024 0.677529454
vt 0.439286292 0.931153834
vt 0.409444809 0.831641197
vt 0.409444809 0.931153774
vt 0.439286292 0.831641197
vn 0 1 2.22044605e-16
vn 0 1 2.22044605e-16
vn 0 1 2.22044605e-16
vn 0 1 2.22044605e-16
vn 0 -2.22044605e-16 1
vn 0 -2.22044605e-16 1
vn 0 -2.22044605e-16 1
vn 0 -2.22044605e-16 1
vn 1 0 0
vn 1 0 0
vn 1 0 0
vn 1 0 0
vn 0 2.22044605e-16 -1
vn 0 2.22044605e-16 -1
vn 0 2.22044605e-16 -1
vn 0 2.22044605e-16 -1
vn -1 0 0
vn -1 0 0
vn -1 0 0
vn -1 0 0

g collision_PZ_item_54_submesh_0
usemtl collision_35
f 2952/2952/2952 2954/2954/2954 2953/2953/2953
f 2952/2952/2952 2953/2953/2953 2955/2955/2955
f 2956/2956/2956 2958/2958/2958 2957/2957/2957
f 2956/2956/2956 2957/2957/2957 2959/2959/2959
f 2960/2960/2960 2962/2962/2962 2961/2961/2961
f 2960/2960/2960 2961/2961/2961 2963/2963/2963
f 2964/2964/2964 2966/2966/2966 2965/2965/2965
f 2964/2964/2964 2965/2965/2965 2967/2967/2967
f 2968/2968/2968 2970/2970/2970 2969/2969/2969
f 2968/2968/2968 2969/2969/2969 2971/2971/2971

o collision_PZ_item_39
v -38.4982777 5.77105613 11.1126775
v -40.960247 5.77105613 9.73832884
v -40.7363243 5.77105613 9.41852656
v -38.7222061 5.77105613 11.432474
v -38.4982777 4.77105565 11.1126775
v -40.7363243 5.77105613 9.41852656
v -40.7363243 4.77105565 9.41852656
v -38.4982777 5.77105613 11.1126775
v -40.7363243 4.77105565 9.41852656
v -40.960247 5.77105613 9.73832884
v -40.960247 4.77105565 9.73832884
v -40.7363243 5.77105613 9.41852656
v -40.960247 4.77105565 9.73832884
v -38.7222061 5.77105613 11.432474
v -38.7222061 4.77105565 11.432474
v -40.960247 5.77105613 9.73832884
v -38.7222061 4.77105565 11.432474
v -38.4982777 5.77105613 11.1126775
v -38.4982777 4.77105565 11.1126775
v -38.7222061 5.77105613 11.432474
vt 0.411769807 0.801583469
vt 0.438436508 0.625241041
vt 0.411769807 0.625241041
vt 0.438436508 0.801583469
vt 0.525347888 0.677529454
vt 0.441178024 0.996701241
vt 0.525347888 0.996701241
vt 0.441178083 0.677529454
vt 0.439485848 0.931153834
vt 0.409644306 0.831641197
vt 0.409644306 0.931153774
vt 0.439485848 0.831641197
vt 0.525347888 0.677529454
vt 0.441178024 0.996701241
vt 0.525347888 0.996701241
vt 0.441178024 0.677529454
vt 0.439286292 0.931153834
vt 0.409444809 0.831641197
vt 0.409444809 0.931153774
vt 0.439286292 0.831641197
vn 0 1 2.22044605e-16
vn 0 1 2.22044605e-16
vn 0 1 2.22044605e-16
vn 0 1 2.22044605e-16
vn 0.603554563 1.77040981e-16 -0.797321698
vn 0.603554563 1.77040981e-16 -0.797321698
vn 0.603554563 1.77040981e-16 -0.797321698
vn 0.603554563 1.77040981e-16 -0.797321698
vn -0.819158358 1.27357551e-16 -0.57356742
vn -0.819158358 1.27357551e-16 -0.57356742
vn -0.819158358 1.27357551e-16 -0.57356742
vn -0.819158358 1.27357551e-16 -0.57356742
vn -0.603554325 -1.77041021e-16 0.797321878
vn -0.603554325 -1.77041021e-16 0.797321878
vn -0.603554325 -1.77041021e-16 0.797321878
vn -0.603554325 -1.77041021e-16 0.797321878
vn 0.819146645 -1.27361265e-16 0.573584148
vn 0.819146645 -1.27361265e-16 0.573584148
vn 0.819146645 -1.27361265e-16 0.573584148
vn 0.819146645 -1.27361265e-16 0.573584148

g collision_PZ_item_39_submesh_0
usemtl collision_36
f 2972/2972/2972 2974/2974/2974 2973/2973/2973
f 2972/2972/2972 2973/2973/2973 2975/2975/2975
f 2976/2976/2976 2978/2978/2978 2977/2977/2977
f 2976/2976/2976 2977/2977/2977 2979/2979/2979
f 2980/2980/2980 2982/2982/2982 2981/2981/2981
f 2980/2980/2980 2981/2981/2981 2983/2983/2983
f 2984/2984/2984 2986/2986/2986 2985/2985/2985
f 2984/2984/2984 2985/2985/2985 2987/2987/2987
f 2988/2988/2988 2990/2990/2990 2989/2989/2989
f 2988/2988/2988 2989/2989/2989 2991/2991/2991

o collision_PZ_item_14
v -0.13287354 -0.178064172 12.8709955
v 2.65019989 0.422749694 12.2661018
v 2.71192693 -0.178064172 12.4964685
v -0.13287354 0.422749694 12.6324996
v 2.71192693 -0.178064172 12.4964685
v 5.24361181 0.422749694 11.1918754
v 5.36285972 -0.178064172 11.3984174
v 2.65019989 0.422749694 12.2661018
v 5.36285972 -0.178064172 11.3984174
v 7.47062587 0.422749694 9.48302836
v 7.63926792 -0.178064172 9.65166945
v 5.24361181 0.422749694 11.1918754
v 7.63926792 -0.178064172 9.65166945
v 9.17947387 0.422749694 7.25601478
v 9.38601684 -0.178064172 7.37526269
v 7.47062587 0.422749694 9.48302836
v 9.38601684 -0.178064172 7.37526269
v 10.2537022 0.422749694 4.66260285
v 10.4840708 -0.178064172 4.7243299
v 9.17947387 0.422749694 7.25601478
v 10.4840708 -0.178064172 4.7243299
v 10.620101 0.422749694 1.87951941
v 10.8585968 -0.178064172 1.87951941
v 10.2537022 0.422749694 4.66260285
v -0.13287354 6.47816461 10.5944414
v -0.13287354 6.47816723 1.8795193
v 2.12271165 6.47816461 10.2974882
v 2.12271165 6.47816461 10.2974882
v -0.13287354 6.47816723 1.8795193
v 4.22458362 6.47816461 9.42686458
v 4.22458362 6.47816461 9.42686458
v -0.13287354 6.47816723 1.8795193
v 6.02950096 6.47816461 8.04190249
v 6.02950096 6.47816461 8.04190249
v -0.13287354 6.47816723 1.8795193
v 7.41446399 6.47816461 6.23698421
v 7.41446399 6.47816461 6.23698421
v -0.13287354 6.47816723 1.8795193
v 8.28508853 6.47816461 4.13511391
v 8.28508853 6.47816461 4.13511391
v -0.13287354 6.47816723 1.8795193
v 8.58204364 6.47816461 1.8795193
v -0.13287354 -0.178064172 -9.11195664
v 2.65019989 0.422749694 -8.50706201
v -0.13287354 0.422749694 -8.87346082
v 2.71192693 -0.178064172 -8.73743157
v 2.71192693 -0.178064172 -8.73743157
v 5.24361181 0.42274874 -7.43283658
v 2.65019989 0.422749694 -8.50706201
v 5.36285972 -0.178064172 -7.6393786
v 5.36285972 -0.178064172 -7.6393786
v 7.47062587 0.422749694 -5.72398953
v 5.24361181 0.42274874 -7.43283658
v 7.63926792 -0.178064172 -5.8926311
v 7.63926792 -0.178064172 -5.8926311
v 9.17947387 0.422749694 -3.49697595
v 7.47062587 0.422749694 -5.72398953
v 9.38601684 -0.178064172 -3.61622386
v 9.38601684 -0.178064172 -3.61622386
v 10.2537022 0.422749694 -0.903564024
v 9.17947387 0.422749694 -3.49697595
v 10.4840708 -0.178064172 -0.96529131
v 10.4840708 -0.178064172 -0.96529131
v 10.620101 0.422749694 1.87951941
v 10.2537022 0.422749694 -0.903564024
v 10.8585968 -0.178064172 1.87951941
v -0.13287354 6.47816461 -6.83540254
v 2.12271165 6.47816461 -6.53844934
v -0.13287354 6.47816723 1.8795193
v 2.12271165 6.47816461 -6.53844934
v 4.22458362 6.47816461 -5.6678267
v -0.13287354 6.47816723 1.8795193
v 4.22458362 6.47816461 -5.6678267
v 6.02950096 6.47816461 -4.28286366
v -0.13287354 6.47816723 1.8795193
v 6.02950096 6.47816461 -4.28286366
v 7.41446399 6.47816461 -2.47794633
v -0.13287354 6.47816723 1.8795193
v 7.41446399 6.47816461 -2.47794633
v 8.28508853 6.47816461 -0.376075554
v -0.13287354 6.47816723 1.8795193
v 8.28508853 6.47816461 -0.376075554
v 8.58204364 6.47816461 1.8795193
v -0.13287354 6.47816723 1.8795193
v -0.13287354 -0.178064172 12.8709955
v -2.91594697 0.422749694 12.2661018
v -0.13287354 0.422749694 12.6324996
v -2.97767401 -0.178064172 12.4964685
v -2.97767401 -0.178064172 12.4964685
v -5.50935936 0.422749694 11.1918754
v -2.91594697 0.422749694 12.2661018
v -5.6286068 -0.178064172 11.3984174
v -5.6286068 -0.178064172 11.3984174
v -7.73637343 0.422749694 9.48302836
v -5.50935936 0.422749694 11.1918754
v -7.90501452 -0.178064172 9.65166945
v -7.90501452 -0.178064172 9.65166945
v -9.44522095 0.422749694 7.25601478
v -7.73637343 0.422749694 9.48302836
v -9.65176392 -0.178064172 7.37526269
v -9.65176392 -0.178064172 7.37526269
v -10.5194492 0.422749694 4.66260285
v -9.44522095 0.422749694 7.25601478
v -10.7498179 -0.178064172 4.7243299
v -10.7498179 -0.178064172 4.7243299
v -10.8858481 0.422749694 1.87951941
v -10.5194492 0.422749694 4.66260285
v -11.1243439 -0.178064172 1.87951941
v -0.13287354 6.47816461 10.5944414
v -2.38845873 6.47816461 10.2974882
v -0.13287354 6.47816723 1.8795193
v -2.38845873 6.47816461 10.2974882
v -4.4903307 6.47816461 9.42686458
v -0.13287354 6.47816723 1.8795193
v -4.4903307 6.47816461 9.42686458
v -6.29524804 6.47816461 8.04190249
v -0.13287354 6.47816723 1.8795193
v -6.29524804 6.47816461 8.04190249
v -7.68021107 6.47816461 6.23698421
v -0.13287354 6.47816723 1.8795193
v -7.68021107 6.47816461 6.23698421
v -8.55083561 6.47816461 4.13511391
v -0.13287354 6.47816723 1.8795193
v -8.55083561 6.47816461 4.13511391
v -8.84779072 6.47816461 1.8795193
v -0.13287354 6.47816723 1.8795193
v -0.13287354 -0.178064172 -9.11195664
v -2.91594697 0.422749694 -8.50706201
v -2.97767401 -0.178064172 -8.73743157
v -0.13287354 0.422749694 -8.87346082
v -2.97767401 -0.178064172 -8.73743157
v -5.50935936 0.42274874 -7.43283658
v -5.6286068 -0.178064172 -7.6393786
v -2.91594697 0.422749694 -8.50706201
v -5.6286068 -0.178064172 -7.6393786
v -7.73637343 0.422749694 -5.72398953
v -7.90501452 -0.178064172 -5.8926311
v -5.50935936 0.42274874 -7.43283658
v -7.90501452 -0.178064172 -5.8926311
v -9.44522095 0.422749694 -3.49697595
v -9.65176392 -0.178064172 -3.61622386
v -7.73637343 0.422749694 -5.72398953
v -9.65176392 -0.178064172 -3.61622386
v -10.5194492 0.422749694 -0.903564024
v -10.7498179 -0.178064172 -0.96529131
v -9.44522095 0.422749694 -3.49697595
v -10.7498179 -0.178064172 -0.96529131
v -10.8858481 0.422749694 1.87951941
v -11.1243439 -0.178064172 1.87951941
v -10.5194492 0.422749694 -0.903564024
v -0.13287354 6.47816461 -6.83540254
v -0.13287354 6.47816723 1.8795193
v -2.38845873 6.47816461 -6.53844934
v -2.38845873 6.47816461 -6.53844934
v -0.13287354 6.47816723 1.8795193
v -4.4903307 6.47816461 -5.6678267
v -4.4903307 6.47816461 -5.6678267
v -0.13287354 6.47816723 1.8795193
v -6.29524804 6.47816461 -4.28286366
v -6.29524804 6.47816461 -4.28286366
v -0.13287354 6.47816723 1.8795193
v -7.68021107 6.47816461 -2.47794633
v -7.68021107 6.47816461 -2.47794633
v -0.13287354 6.47816723 1.8795193
v -8.55083561 6.47816461 -0.376075554
v -8.55083561 6.47816461 -0.376075554
v -0.13287354 6.47816723 1.8795193
v -8.84779072 6.47816461 1.8795193
v 2.65019989 0.422749694 12.2661018
v -0.13287354 6.47816461 10.5944414
v 2.12271165 6.47816461 10.2974882
v -0.13287354 0.422749694 12.6324996
v 5.24361181 0.422749694 11.1918754
v 4.22458362 6.47816461 9.42686458
v 7.47062587 0.422749694 9.48302836
v 6.02950096 6.47816461 8.04190249
v 9.17947387 0.422749694 7.25601478
v 7.41446399 6.47816461 6.23698421
v 10.2537022 0.422749694 4.66260285
v 7.41446399 6.47816461 6.23698421
v 8.28508853 6.47816461 4.13511391
v 9.17947387 0.422749694 7.25601478
v 10.620101 0.422749694 1.87951941
v 8.58204364 6.47816461 1.8795193
v -0.13287354 0.422749694 -8.87346082
v 2.12271165 6.47816461 -6.53844934
v -0.13287354 6.47816461 -6.83540254
v 2.65019989 0.422749694 -8.50706201
v 4.22458362 6.47816461 -5.6678267
v 5.24361181 0.42274874 -7.43283658
v 5.24361181 0.42274874 -7.43283658
v 6.02950096 6.47816461 -4.28286366
v 4.22458362 6.47816461 -5.6678267
v 7.47062587 0.422749694 -5.72398953
v 7.41446399 6.47816461 -2.47794633
v 9.17947387 0.422749694 -3.49697595
v 8.28508853 6.47816461 -0.376075554
v 10.2537022 0.422749694 -0.903564024
v 8.58204364 6.47816461 1.8795193
v 10.620101 0.422749694 1.87951941
v -0.13287354 0.422749694 12.6324996
v -2.38845873 6.47816461 10.2974882
v -0.13287354 6.47816461 10.5944414
v -2.91594697 0.422749694 12.2661018
v -4.4903307 6.47816461 9.42686458
v -5.50935936 0.422749694 11.1918754
v -6.29524804 6.47816461 8.04190249
v -7.73637343 0.422749694 9.48302836
v -7.68021107 6.47816461 6.23698421
v -9.44522095 0.422749694 7.25601478
v -8.55083561 6.47816461 4.13511391
v -10.5194492 0.422749694 4.66260285
v -8.84779072 6.47816461 1.8795193
v -10.8858481 0.422749694 1.87951941
v -2.91594697 0.422749694 -8.50706201
v -0.13287354 6.47816461 -6.83540254
v -2.38845873 6.47816461 -6.53844934
v -0.13287354 0.422749694 -8.87346082
v -5.50935936 0.42274874 -7.43283658
v -4.4903307 6.47816461 -5.6678267
v -7.73637343 0.422749694 -5.72398953
v -6.29524804 6.47816461 -4.28286366
v -9.44522095 0.422749694 -3.49697595
v -7.68021107 6.47816461 -2.47794633
v -10.5194492 0.422749694 -0.903564024
v -8.55083561 6.47816461 -0.376075554
v -10.8858481 0.422749694 1.87951941
v -8.84779072 6.47816461 1.8795193
vt 0.34280926 0.909796357
vt 0.305564106 0.706923485
vt 0.34280926 0.682828128
vt 0.305564106 0.885700941
vt 0.34280926 0.682828128
vt 0.305564106 0.885700941
vt 0.34280926 0.909796357
vt 0.305564106 0.706923485
vt 0.34280926 0.909796357
vt 0.305564106 0.706923485
vt 0.34280926 0.682828128
vt 0.305564106 0.885700941
vt 0.34280926 0.682828128
vt 0.305564106 0.885700941
vt 0.34280926 0.909796357
vt 0.305564106 0.706923485
vt 0.34280926 0.909796357
vt 0.305564106 0.706923485
vt 0.34280926 0.682828128
vt 0.305564106 0.885700941
vt 0.34280926 0.682828128
vt 0.305564106 0.885700941
vt 0.34280926 0.909796357
vt 0.305564106 0.706923485
vt -0.258838296 1.13240767
vt -0.812178969 1.21242678
vt -0.257045567 1.27791345
vt -0.257045567 1.27791345
vt -0.812178969 1.21242678
vt -0.258838296 1.13240767
vt -0.258838296 1.13240767
vt -0.812178969 1.21242678
vt -0.257045567 1.27791345
vt -0.257045567 1.27791345
vt -0.812178969 1.21242678
vt -0.258838296 1.13240767
vt -0.258838296 1.13240767
vt -0.812178969 1.21242678
vt -0.257045567 1.27791345
vt -0.257045567 1.27791345
vt -0.812178969 1.21242678
vt -0.258838296 1.13240767
vt 0.34280926 0.909796357
vt 0.305564106 0.706923485
vt 0.305564106 0.885700941
vt 0.34280926 0.682828128
vt 0.34280926 0.682828128
vt 0.305564106 0.885700941
vt 0.305564106 0.706923485
vt 0.34280926 0.909796357
vt 0.34280926 0.909796357
vt 0.305564106 0.706923485
vt 0.305564106 0.885700941
vt 0.34280926 0.682828128
vt 0.34280926 0.682828128
vt 0.305564106 0.885700941
vt 0.305564106 0.706923485
vt 0.34280926 0.909796357
vt 0.34280926 0.909796357
vt 0.305564106 0.706923485
vt 0.305564106 0.885700941
vt 0.34280926 0.682828128
vt 0.34280926 0.682828128
vt 0.305564106 0.885700941
vt 0.305564106 0.706923485
vt 0.34280926 0.909796357
vt -0.258838296 1.13240767
vt -0.257045567 1.27791345
vt -0.812178969 1.21242678
vt -0.257045567 1.27791345
vt -0.258838296 1.13240767
vt -0.812178969 1.21242678
vt -0.258838296 1.13240767
vt -0.257045567 1.27791345
vt -0.812178969 1.21242678
vt -0.257045567 1.27791345
vt -0.258838296 1.13240767
vt -0.812178969 1.21242678
vt -0.258838296 1.13240767
vt -0.257045567 1.27791345
vt -0.812178969 1.21242678
vt -0.257045567 1.27791345
vt -0.258838296 1.13240767
vt -0.812178969 1.21242678
vt 0.34280926 0.909796357
vt 0.305564106 0.706923485
vt 0.305564106 0.885700941
vt 0.34280926 0.682828128
vt 0.34280926 0.682828128
vt 0.305564106 0.885700941
vt 0.305564106 0.706923485
vt 0.34280926 0.909796357
vt 0.34280926 0.909796357
vt 0.305564106 0.706923485
vt 0.305564106 0.885700941
vt 0.34280926 0.682828128
vt 0.34280926 0.682828128
vt 0.305564106 0.885700941
vt 0.305564106 0.706923485
vt 0.34280926 0.909796357
vt 0.34280926 0.909796357
vt 0.305564106 0.706923485
vt 0.305564106 0.885700941
vt 0.34280926 0.682828128
vt 0.34280926 0.682828128
vt 0.305564106 0.885700941
vt 0.305564106 0.706923485
vt 0.34280926 0.909796357
vt -0.258838296 1.13240767
vt -0.257045567 1.27791345
vt -0.812178969 1.21242678
vt -0.257045567 1.27791345
vt -0.258838296 1.13240767
vt -0.812178969 1.21242678
vt -0.258838296 1.13240767
vt -0.257045567 1.27791345
vt -0.812178969 1.21242678
vt -0.257045567 1.27791345
vt -0.258838296 1.13240767
vt -0.812178969 1.21242678
vt -0.258838296 1.13240767
vt -0.257045567 1.27791345
vt -0.812178969 1.21242678
vt -0.257045567 1.27791345
vt -0.258838296 1.13240767
vt -0.812178969 1.21242678
vt 0.34280926 0.909796357
vt 0.305564106 0.706923485
vt 0.34280926 0.682828128
vt 0.305564106 0.885700941
vt 0.34280926 0.682828128
vt 0.305564106 0.885700941
vt 0.34280926 0.909796357
vt 0.305564106 0.706923485
vt 0.34280926 0.909796357
vt 0.305564106 0.706923485
vt 0.34280926 0.682828128
vt 0.305564106 0.885700941
vt 0.34280926 0.682828128
vt 0.305564195 0.885700941
vt 0.34280926 0.909796357
vt 0.305564106 0.706923485
vt 0.34280926 0.909796357
vt 0.305564106 0.706923485
vt 0.34280926 0.682828128
vt 0.305564195 0.885700941
vt 0.34280926 0.682828128
vt 0.305564106 0.885700941
vt 0.34280926 0.909796357
vt 0.305564106 0.706923485
vt -0.258838296 1.13240767
vt -0.812178969 1.21242678
vt -0.257045567 1.27791345
vt -0.257045567 1.27791345
vt -0.812178969 1.21242678
vt -0.258838296 1.13240767
vt -0.258838296 1.13240767
vt -0.812178969 1.21242678
vt -0.257045567 1.27791345
vt -0.257045567 1.27791345
vt -0.812178969 1.21242678
vt -0.258838296 1.13240767
vt -0.258838296 1.13240767
vt -0.812178969 1.21242678
vt -0.257045567 1.27791345
vt -0.257045567 1.27791345
vt -0.812178969 1.21242678
vt -0.258838296 1.13240767
vt 0.139256358 0.550657153
vt -0.197927609 0.30033344
vt 0.139256358 0.30033344
vt -0.205625415 0.550657153
vt 0.476440191 0.550657153
vt 0.476440251 0.30033344
vt 0.813624144 0.550657153
vt 0.813624144 0.30033344
vt 1.15080857 0.550657153
vt 1.15080857 0.30033344
vt 1.487993 0.550657153
vt 1.15080857 0.30033344
vt 1.487993 0.30033344
vt 1.15080857 0.550657153
vt 1.83287477 0.550657153
vt 1.82517695 0.30033344
vt -0.205625415 0.550657153
vt 0.139256358 0.30033344
vt -0.197927609 0.30033344
vt 0.139256358 0.550657153
vt 0.476440251 0.30033344
vt 0.476440191 0.550657153
vt 0.476440191 0.550657153
vt 0.813624144 0.30033344
vt 0.476440251 0.30033344
vt 0.813624144 0.550657153
vt 1.15080857 0.30033344
vt 1.15080857 0.550657153
vt 1.487993 0.30033344
vt 1.487993 0.550657153
vt 1.82517695 0.30033344
vt 1.83287477 0.550657153
vt -0.20562543 0.550657153
vt 0.139256358 0.30033344
vt -0.197927609 0.30033344
vt 0.139256358 0.550657153
vt 0.476440251 0.30033344
vt 0.476440191 0.550657153
vt 0.813624144 0.30033344
vt 0.813624144 0.550657153
vt 1.15080857 0.30033344
vt 1.15080857 0.550657153
vt 1.487993 0.30033344
vt 1.487993 0.550657153
vt 1.82517695 0.30033344
vt 1.83287477 0.550657153
vt 0.139256358 0.550657153
vt -0.197927609 0.30033344
vt 0.139256358 0.30033344
vt -0.205625415 0.550657153
vt 0.476440191 0.550657153
vt 0.476440251 0.30033344
vt 0.813624144 0.550657153
vt 0.813624144 0.30033344
vt 1.15080857 0.550657213
vt 1.15080857 0.30033344
vt 1.487993 0.550657153
vt 1.487993 0.30033344
vt 1.83287477 0.550657153
vt 1.82517695 0.30033344
vn 0 0.368972352 0.929440371
vn 0.242951716 0.344853207 0.906670132
vn 0.240559513 0.368969217 0.897771038
vn 0 0.344834583 0.93866347
vn 0.240559513 0.368969217 0.897771038
vn 0.469342226 0.34484231 0.812897076
vn 0.464730307 0.368980396 0.804909442
vn 0.242951716 0.344853207 0.906670132
vn 0.464730307 0.368980396 0.804909442
vn 0.663734702 0.344836904 0.663734702
vn 0.657214061 0.368970671 0.657214061
vn 0.469342226 0.34484231 0.812897076
vn 0.657214061 0.368970671 0.657214061
vn 0.812897076 0.34484231 0.469342226
vn 0.804909442 0.368980396 0.464730307
vn 0.663734702 0.344836904 0.663734702
vn 0.804909442 0.368980396 0.464730307
vn 0.906670132 0.344853207 0.242951716
vn 0.897771038 0.368969217 0.240559513
vn 0.812897076 0.34484231 0.469342226
vn 0.897771038 0.368969217 0.240559513
vn 0.93866347 0.344834583 7.65686588e-17
vn 0.929440371 0.368972352 8.19283201e-17
vn 0.906670132 0.344853207 0.242951716
vn 0 1 2.22044605e-16
vn 0 1 2.22044605e-16
vn 0 1 2.22044605e-16
vn 0 1 2.22044605e-16
vn 0 1 2.22044605e-16
vn 0 1 2.22044605e-16
vn 0 1 2.22044605e-16
vn 0 1 2.22044605e-16
vn 0 1 2.22044605e-16
vn 0 1 2.22044605e-16
vn 0 1 2.22044605e-16
vn 0 1 2.22044605e-16
vn 0 1 2.22044605e-16
vn 0 1 2.22044605e-16
vn 0 1 2.22044605e-16
vn 0 1 2.22044605e-16
vn 0 1 2.22044605e-16
vn 0 1 2.22044605e-16
vn 0 0.368972352 -0.929440371
vn 0.242951716 0.344853207 -0.906670132
vn 0 0.344834583 -0.93866347
vn 0.240559513 0.368969217 -0.897771038
vn 0.240559513 0.368969217 -0.897771038
vn 0.469342226 0.34484231 -0.812897076
vn 0.242951716 0.344853207 -0.906670132
vn 0.464730307 0.368980396 -0.804909442
vn 0.464730307 0.368980396 -0.804909442
vn 0.663734702 0.344836904 -0.663734702
vn 0.469342226 0.34484231 -0.812897076
vn 0.657214061 0.368970671 -0.657214061
vn 0.657214061 0.368970671 -0.657214061
vn 0.812897076 0.34484231 -0.469342226
vn 0.663734702 0.344836904 -0.663734702
vn 0.804909442 0.368980396 -0.464730307
vn 0.804909442 0.368980396 -0.464730307
vn 0.906670132 0.344853207 -0.242951716
vn 0.812897076 0.34484231 -0.469342226
vn 0.897771038 0.368969217 -0.240559513
vn 0.897771038 0.368969217 -0.240559513
vn 0.93866347 0.344834583 7.65686588e-17
vn 0.906670132 0.344853207 -0.242951716
vn 0.929440371 0.368972352 8.19283201e-17
vn 0 1 2.22044605e-16
vn 0 1 2.22044605e-16
vn 0 1 2.22044605e-16
vn 0 1 2.22044605e-16
vn 0 1 2.22044605e-16
vn 0 1 2.22044605e-16
vn 0 1 2.22044605e-16
vn 0 1 2.22044605e-16
vn 0 1 2.22044605e-16
vn 0 1 2.22044605e-16
vn 0 1 2.22044605e-16
vn 0 1 2.22044605e-16
vn 0 1 2.22044605e-16
vn 0 1 2.22044605e-16
vn 0 1 2.22044605e-16
vn 0 1 2.22044605e-16
vn 0 1 2.22044605e-16
vn 0 1 2.22044605e-16
vn 0 0.368972352 0.929440371
vn -0.242951716 0.344853207 0.906670132
vn 0 0.344834583 0.93866347
vn -0.240559513 0.368969217 0.897771038
vn -0.240559513 0.368969217 0.897771038
vn -0.469342226 0.34484231 0.812897076
vn -0.242951716 0.344853207 0.906670132
vn -0.464730307 0.368980396 0.804909442
vn -0.464730307 0.368980396 0.804909442
vn -0.663734702 0.344836904 0.663734702
vn -0.469342226 0.34484231 0.812897076
vn -0.657214061 0.368970671 0.657214061
vn -0.657214061 0.368970671 0.657214061
vn -0.812897076 0.34484231 0.469342226
vn -0.663734702 0.344836904 0.663734702
vn -0.804909442 0.368980396 0.464730307
vn -0.804909442 0.368980396 0.464730307
vn -0.906670132 0.344853207 0.242951716
vn -0.812897076 0.34484231 0.469342226
vn -0.897771038 0.368969217 0.240559513
vn -0.897771038 0.368969217 0.240559513
vn -0.93866347 0.344834583 7.65686588e-17
vn -0.906670132 0.344853207 0.242951716
vn -0.929440371 0.368972352 8.19283201e-17
vn 0 1 2.22044605e-16
vn 0 1 2.22044605e-16
vn 0 1 2.22044605e-16
vn 0 1 2.22044605e-16
vn 0 1 2.22044605e-16
vn 0 1 2.22044605e-16
vn 0 1 2.22044605e-16
vn 0 1 2.22044605e-16
vn 0 1 2.22044605e-16
vn 0 1 2.22044605e-16
vn 0 1 2.22044605e-16
vn 0 1 2.22044605e-16
vn 0 1 2.22044605e-16
vn 0 1 2.22044605e-16
vn 0 1 2.22044605e-16
vn 0 1 2.22044605e-16
vn 0 1 2.22044605e-16
vn 0 1 2.22044605e-16
vn 0 0.368972352 -0.929440371
vn -0.242951716 0.344853207 -0.906670132
vn -0.240559513 0.368969217 -0.897771038
vn 0 0.344834583 -0.93866347
vn -0.240559513 0.368969217 -0.897771038
vn -0.469342226 0.34484231 -0.812897076
vn -0.464730307 0.368980396 -0.804909442
vn -0.242951716 0.344853207 -0.906670132
vn -0.464730307 0.368980396 -0.804909442
vn -0.663734702 0.344836904 -0.663734702
vn -0.657214061 0.368970671 -0.657214061
vn -0.469342226 0.34484231 -0.812897076
vn -0.657214061 0.368970671 -0.657214061
vn -0.812897076 0.34484231 -0.469342226
vn -0.804909442 0.368980396 -0.464730307
vn -0.663734702 0.344836904 -0.663734702
vn -0.804909442 0.368980396 -0.464730307
vn -0.906670132 0.344853207 -0.242951716
vn -0.897771038 0.368969217 -0.240559513
vn -0.812897076 0.34484231 -0.469342226
vn -0.897771038 0.368969217 -0.240559513
vn -0.93866347 0.344834583 7.65686588e-17
vn -0.929440371 0.368972352 8.19283201e-17
vn -0.906670132 0.344853207 -0.242951716
vn 0 1 2.22044605e-16
vn 0 1 2.22044605e-16
vn 0 1 2.22044605e-16
vn 0 1 2.22044605e-16
vn 0 1 2.22044605e-16
vn 0 1 2.22044605e-16
vn 0 1 2.22044605e-16
vn 0 1 2.22044605e-16
vn 0 1 2.22044605e-16
vn 0 1 2.22044605e-16
vn 0 1 2.22044605e-16
vn 0 1 2.22044605e-16
vn 0 1 2.22044605e-16
vn 0 1 2.22044605e-16
vn 0 1 2.22044605e-16
vn 0 1 2.22044605e-16
vn 0 1 2.22044605e-16
vn 0 1 2.22044605e-16
vn 0.242951716 0.344853207 0.906670132
vn 0 0.31898015 0.947761396
vn 0.245316174 0.31898969 0.915459203
vn 0 0.344834583 0.93866347
vn 0.469342226 0.34484231 0.812897076
vn 0.47388292 0.318981682 0.820783567
vn 0.663734702 0.344836904 0.663734702
vn 0.670166304 0.31898942 0.670166304
vn 0.812897076 0.34484231 0.469342226
vn 0.820783567 0.318981682 0.47388292
vn 0.906670132 0.344853207 0.242951716
vn 0.820783567 0.318981682 0.47388292
vn 0.915459203 0.31898969 0.245316174
vn 0.812897076 0.34484231 0.469342226
vn 0.93866347 0.344834583 7.65686588e-17
vn 0.947761396 0.31898015 7.08278215e-17
vn 0 0.344834583 -0.93866347
vn 0.245316174 0.31898969 -0.915459203
vn 0 0.31898015 -0.947761396
vn 0.242951716 0.344853207 -0.906670132
vn 0.47388292 0.318981682 -0.820783567
vn 0.469342226 0.34484231 -0.812897076
vn 0.469342226 0.34484231 -0.812897076
vn 0.670166304 0.31898942 -0.670166304
vn 0.47388292 0.318981682 -0.820783567
vn 0.663734702 0.344836904 -0.663734702
vn 0.820783567 0.318981682 -0.47388292
vn 0.812897076 0.34484231 -0.469342226
vn 0.915459203 0.31898969 -0.245316174
vn 0.906670132 0.344853207 -0.242951716
vn 0.947761396 0.31898015 7.08278215e-17
vn 0.93866347 0.344834583 7.65686588e-17
vn 0 0.344834583 0.93866347
vn -0.245316174 0.31898969 0.915459203
vn 0 0.31898015 0.947761396
vn -0.242951716 0.344853207 0.906670132
vn -0.47388292 0.318981682 0.820783567
vn -0.469342226 0.34484231 0.812897076
vn -0.670166304 0.31898942 0.670166304
vn -0.663734702 0.344836904 0.663734702
vn -0.820783567 0.318981682 0.47388292
vn -0.812897076 0.34484231 0.469342226
vn -0.915459203 0.31898969 0.245316174
vn -0.906670132 0.344853207 0.242951716
vn -0.947761396 0.31898015 7.08278215e-17
vn -0.93866347 0.344834583 7.65686588e-17
vn -0.242951716 0.344853207 -0.906670132
vn 0 0.31898015 -0.947761396
vn -0.245316174 0.31898969 -0.915459203
vn 0 0.344834583 -0.93866347
vn -0.469342226 0.34484231 -0.812897076
vn -0.47388292 0.318981682 -0.820783567
vn -0.663734702 0.344836904 -0.663734702
vn -0.670166304 0.31898942 -0.670166304
vn -0.812897076 0.34484231 -0.469342226
vn -0.820783567 0.318981682 -0.47388292
vn -0.906670132 0.344853207 -0.242951716
vn -0.915459203 0.31898969 -0.245316174
vn -0.93866347 0.344834583 7.65686588e-17
vn -0.947761396 0.31898015 7.08278215e-17

g collision_PZ_item_14_submesh_0
usemtl collision_37
f 2992/2992/2992 2994/2994/2994 2993/2993/2993
f 2992/2992/2992 2993/2993/2993 2995/2995/2995
f 2996/2996/2996 2998/2998/2998 2997/2997/2997
f 2996/2996/2996 2997/2997/2997 2999/2999/2999
f 3000/3000/3000 3002/3002/3002 3001/3001/3001
f 3000/3000/3000 3001/3001/3001 3003/3003/3003
f 3004/3004/3004 3006/3006/3006 3005/3005/3005
f 3004/3004/3004 3005/3005/3005 3007/3007/3007
f 3008/3008/3008 3010/3010/3010 3009/3009/3009
f 3008/3008/3008 3009/3009/3009 3011/3011/3011
f 3012/3012/3012 3014/3014/3014 3013/3013/3013
f 3012/3012/3012 3013/3013/3013 3015/3015/3015
f 3016/3016/3016 3018/3018/3018 3017/3017/3017
f 3019/3019/3019 3021/3021/3021 3020/3020/3020
f 3022/3022/3022 3024/3024/3024 3023/3023/3023
f 3025/3025/3025 3027/3027/3027 3026/3026/3026
f 3028/3028/3028 3030/3030/3030 3029/3029/3029
f 3031/3031/3031 3033/3033/3033 3032/3032/3032
f 3034/3034/3034 3036/3036/3036 3035/3035/3035
f 3034/3034/3034 3035/3035/3035 3037/3037/3037
f 3038/3038/3038 3040/3040/3040 3039/3039/3039
f 3038/3038/3038 3039/3039/3039 3041/3041/3041
f 3042/3042/3042 3044/3044/3044 3043/3043/3043
f 3042/3042/3042 3043/3043/3043 3045/3045/3045
f 3046/3046/3046 3048/3048/3048 3047/3047/3047
f 3046/3046/3046 3047/3047/3047 3049/3049/3049
f 3050/3050/3050 3052/3052/3052 3051/3051/3051
f 3050/3050/3050 3051/3051/3051 3053/3053/3053
f 3054/3054/3054 3056/3056/3056 3055/3055/3055
f 3054/3054/3054 3055/3055/3055 3057/3057/3057
f 3058/3058/3058 3060/3060/3060 3059/3059/3059
f 3061/3061/3061 3063/3063/3063 3062/3062/3062
f 3064/3064/3064 3066/3066/3066 3065/3065/3065
f 3067/3067/3067 3069/3069/3069 3068/3068/3068
f 3070/3070/3070 3072/3072/3072 3071/3071/3071
f 3073/3073/3073 3075/3075/3075 3074/3074/3074
f 3076/3076/3076 3078/3078/3078 3077/3077/3077
f 3076/3076/3076 3077/3077/3077 3079/3079/3079
f 3080/3080/3080 3082/3082/3082 3081/3081/3081
f 3080/3080/3080 3081/3081/3081 3083/3083/3083
f 3084/3084/3084 3086/3086/3086 3085/3085/3085
f 3084/3084/3084 3085/3085/3085 3087/3087/3087
f 3088/3088/3088 3090/3090/3090 3089/3089/3089
f 3088/3088/3088 3089/3089/3089 3091/3091/3091
f 3092/3092/3092 3094/3094/3094 3093/3093/3093
f 3092/3092/3092 3093/3093/3093 3095/3095/3095
f 3096/3096/3096 3098/3098/3098 3097/3097/3097
f 3096/3096/3096 3097/3097/3097 3099/3099/3099
f 3100/3100/3100 3102/3102/3102 3101/3101/3101
f 3103/3103/3103 3105/3105/3105 3104/3104/3104
f 3106/3106/3106 3108/3108/3108 3107/3107/3107
f 3109/3109/3109 3111/3111/3111 3110/3110/3110
f 3112/3112/3112 3114/3114/3114 3113/3113/3113
f 3115/3115/3115 3117/3117/3117 3116/3116/3116
f 3118/3118/3118 3120/3120/3120 3119/3119/3119
f 3118/3118/3118 3119/3119/3119 3121/3121/3121
f 3122/3122/3122 3124/3124/3124 3123/3123/3123
f 3122/3122/3122 3123/3123/3123 3125/3125/3125
f 3126/3126/3126 3128/3128/3128 3127/3127/3127
f 3126/3126/3126 3127/3127/3127 3129/3129/3129
f 3130/3130/3130 3132/3132/3132 3131/3131/3131
f 3130/3130/3130 3131/3131/3131 3133/3133/3133
f 3134/3134/3134 3136/3136/3136 3135/3135/3135
f 3134/3134/3134 3135/3135/3135 3137/3137/3137
f 3138/3138/3138 3140/3140/3140 3139/3139/3139
f 3138/3138/3138 3139/3139/3139 3141/3141/3141
f 3142/3142/3142 3144/3144/3144 3143/3143/3143
f 3145/3145/3145 3147/3147/3147 3146/3146/3146
f 3148/3148/3148 3150/3150/3150 3149/3149/3149
f 3151/3151/3151 3153/3153/3153 3152/3152/3152
f 3154/3154/3154 3156/3156/3156 3155/3155/3155
f 3157/3157/3157 3159/3159/3159 3158/3158/3158
f 3160/3160/3160 3162/3162/3162 3161/3161/3161
f 3160/3160/3160 3161/3161/3161 3163/3163/3163
f 3164/3164/3164 3162/3162/3162 3160/3160/3160
f 3164/3164/3164 3165/3165/3165 3162/3162/3162
f 3166/3166/3166 3165/3165/3165 3164/3164/3164
f 3166/3166/3166 3167/3167/3167 3165/3165/3165
f 3168/3168/3168 3167/3167/3167 3166/3166/3166
f 3168/3168/3168 3169/3169/3169 3167/3167/3167
f 3170/3170/3170 3172/3172/3172 3171/3171/3171
f 3170/3170/3170 3171/3171/3171 3173/3173/3173
f 3174/3174/3174 3172/3172/3172 3170/3170/3170
f 3174/3174/3174 3175/3175/3175 3172/3172/3172
f 3176/3176/3176 3178/3178/3178 3177/3177/3177
f 3176/3176/3176 3177/3177/3177 3179/3179/3179
f 3179/3179/3179 3177/3177/3177 3180/3180/3180
f 3179/3179/3179 3180/3180/3180 3181/3181/3181
f 3182/3182/3182 3184/3184/3184 3183/3183/3183
f 3182/3182/3182 3183/3183/3183 3185/3185/3185
f 3185/3185/3185 3183/3183/3183 3186/3186/3186
f 3185/3185/3185 3186/3186/3186 3187/3187/3187
f 3187/3187/3187 3186/3186/3186 3188/3188/3188
f 3187/3187/3187 3188/3188/3188 3189/3189/3189
f 3189/3189/3189 3188/3188/3188 3190/3190/3190
f 3189/3189/3189 3190/3190/3190 3191/3191/3191
f 3192/3192/3192 3194/3194/3194 3193/3193/3193
f 3192/3192/3192 3193/3193/3193 3195/3195/3195
f 3195/3195/3195 3193/3193/3193 3196/3196/3196
f 3195/3195/3195 3196/3196/3196 3197/3197/3197
f 3197/3197/3197 3196/3196/3196 3198/3198/3198
f 3197/3197/3197 3198/3198/3198 3199/3199/3199
f 3199/3199/3199 3198/3198/3198 3200/3200/3200
f 3199/3199/3199 3200/3200/3200 3201/3201/3201
f 3201/3201/3201 3200/3200/3200 3202/3202/3202
f 3201/3201/3201 3202/3202/3202 3203/3203/3203
f 3203/3203/3203 3202/3202/3202 3204/3204/3204
f 3203/3203/3203 3204/3204/3204 3205/3205/3205
f 3206/3206/3206 3208/3208/3208 3207/3207/3207
f 3206/3206/3206 3207/3207/3207 3209/3209/3209
f 3210/3210/3210 3208/3208/3208 3206/3206/3206
f 3210/3210/3210 3211/3211/3211 3208/3208/3208
f 3212/3212/3212 3211/3211/3211 3210/3210/3210
f 3212/3212/3212 3213/3213/3213 3211/3211/3211
f 3214/3214/3214 3213/3213/3213 3212/3212/3212
f 3214/3214/3214 3215/3215/3215 3213/3213/3213
f 3216/3216/3216 3215/3215/3215 3214/3214/3214
f 3216/3216/3216 3217/3217/3217 3215/3215/3215
f 3218/3218/3218 3217/3217/3217 3216/3216/3216
f 3218/3218/3218 3219/3219/3219 3217/3217/3217

o collision_PZ_item_58
v -41.9776081 9.05035354 -21.3227956
v -41.5872082 9.05035354 -18.313936
v -41.97761 9.05035354 -18.313936
v -41.5872062 9.05035354 -21.3227956
v -41.9776081 8.05035354 -21.3227956
v -41.97761 9.05035354 -18.313936
v -41.97761 8.05035354 -18.313936
v -41.9776081 9.05035354 -21.3227956
v -41.97761 8.05035354 -18.313936
v -41.5872082 9.05035354 -18.313936
v -41.5872082 8.05035354 -18.313936
v -41.97761 9.05035354 -18.313936
v -41.5872082 8.05035354 -18.313936
v -41.5872062 9.05035354 -21.3227956
v -41.5872062 8.05035354 -21.3227956
v -41.5872082 9.05035354 -18.313936
v -41.5872062 8.05035354 -21.3227956
v -41.9776081 9.05035354 -21.3227956
v -41.9776081 8.05035354 -21.3227956
v -41.5872062 9.05035354 -21.3227956
vt 0.411769807 0.801583469
vt 0.438436508 0.625241041
vt 0.411769807 0.625241041
vt 0.438436508 0.801583469
vt 0.525347888 0.677529454
vt 0.441178024 0.996701241
vt 0.525347888 0.996701241
vt 0.441178083 0.677529454
vt 0.439485848 0.931153834
vt 0.409644306 0.831641197
vt 0.409644306 0.931153774
vt 0.439485848 0.831641197
vt 0.525347888 0.677529454
vt 0.441178024 0.996701241
vt 0.525347888 0.996701241
vt 0.441178024 0.677529454
vt 0.439286292 0.931153834
vt 0.409444809 0.831641197
vt 0.409444809 0.931153774
vt 0.439286292 0.831641197
vn 0 1 2.22044605e-16
vn 0 1 2.22044605e-16
vn 0 1 2.22044605e-16
vn 0 1 2.22044605e-16
vn -1 0 0
vn -1 0 0
vn -1 0 0
vn -1 0 0
vn 0 -2.22044605e-16 1
vn 0 -2.22044605e-16 1
vn 0 -2.22044605e-16 1
vn 0 -2.22044605e-16 1
vn 1 0 0
vn 1 0 0
vn 1 0 0
vn 1 0 0
vn 0 2.22044605e-16 -1
vn 0 2.22044605e-16 -1
vn 0 2.22044605e-16 -1
vn 0 2.22044605e-16 -1

g collision_PZ_item_58_submesh_0
usemtl collision_38
f 3220/3220/3220 3222/3222/3222 3221/3221/3221
f 3220/3220/3220 3221/3221/3221 3223/3223/3223
f 3224/3224/3224 3226/3226/3226 3225/3225/3225
f 3224/3224/3224 3225/3225/3225 3227/3227/3227
f 3228/3228/3228 3230/3230/3230 3229/3229/3229
f 3228/3228/3228 3229/3229/3229 3231/3231/3231
f 3232/3232/3232 3234/3234/3234 3233/3233/3233
f 3232/3232/3232 3233/3233/3233 3235/3235/3235
f 3236/3236/3236 3238/3238/3238 3237/3237/3237
f 3236/3236/3236 3237/3237/3237 3239/3239/3239

o collision_PZ_item_56
v -38.7374882 11.0376015 -25.9648416
v -37.4881748 9.40479852 -25.9648416
v -38.7335514 9.40479852 -25.9648416
v -37.4921497 11.0376015 -25.9648416
v -37.2746891 10.8122463 -25.9648416
v -37.2786564 9.63805295 -25.9648416
v -38.9351581 9.64200498 -25.9648416
v -38.9391178 10.8082962 -25.9648416
v -38.7335514 9.40479852 -25.9648416
v -39.1410679 9.50531961 -26.226217
v -38.9351581 9.64200498 -25.9648416
v -38.8479923 9.17090608 -26.226217
v -37.2746891 10.8122463 -25.9648416
v -37.070351 9.50532247 -26.226217
v -37.2786564 9.63805295 -25.9648416
v -37.070557 10.9337931 -26.226217
v -37.2746891 10.8122463 -25.9648416
v -37.3636936 11.2682018 -26.226217
v -37.070557 10.9337931 -26.226217
v -37.4921497 11.0376015 -25.9648416
v -37.2786564 9.63805295 -25.9648416
v -37.3625568 9.17090703 -26.226217
v -37.4881748 9.40479852 -25.9648416
v -37.070351 9.50532247 -26.226217
v -37.4881748 9.40479852 -25.9648416
v -38.8479923 9.17090608 -26.226217
v -38.7335514 9.40479852 -25.9648416
v -37.4881748 9.40479852 -25.9648416
v -37.3625568 9.17090703 -26.226217
v -38.8479923 9.17090608 -26.226217
v -38.9351581 9.64200498 -25.9648416
v -39.1411823 10.9337912 -26.226217
v -38.9391178 10.8082962 -25.9648416
v -39.1410679 9.50531961 -26.226217
v -38.9391178 10.8082962 -25.9648416
v -38.8489536 11.2682009 -26.226217
v -38.7374882 11.0376015 -25.9648416
v -39.1411823 10.9337912 -26.226217
v -38.7374882 11.0376015 -25.9648416
v -37.3636936 11.2682018 -26.226217
v -37.4921497 11.0376015 -25.9648416
v -38.8489536 11.2682009 -26.226217
v -38.8479923 9.17090608 -26.226217
v -39.1410679 9.50531865 -27.1052186
v -39.1410679 9.50531961 -26.226217
v -38.8479923 9.17090608 -27.1052186
v -37.070557 10.9337931 -26.226217
v -37.0703434 9.50532247 -27.1052186
v -37.070351 9.50532247 -26.226217
v -37.070557 10.9337931 -27.1052186
v -37.3636936 11.2682018 -26.226217
v -37.070557 10.9337931 -27.1052186
v -37.070557 10.9337931 -26.226217
v -37.3636936 11.2682018 -27.1052186
v -37.070351 9.50532247 -26.226217
v -37.3625568 9.17090703 -27.1052186
v -37.3625568 9.17090703 -26.226217
v -37.0703434 9.50532247 -27.1052186
v -37.3625568 9.17090703 -26.226217
v -38.8479923 9.17090608 -27.1052186
v -38.8479923 9.17090608 -26.226217
v -37.3625568 9.17090703 -27.1052186
v -39.1410679 9.50531961 -26.226217
v -39.1411823 10.9337912 -27.1052186
v -39.1411823 10.9337912 -26.226217
v -39.1410679 9.50531865 -27.1052186
v -39.1411823 10.9337912 -26.226217
v -38.8489536 11.2682009 -27.1052186
v -38.8489536 11.2682009 -26.226217
v -39.1411823 10.9337912 -27.1052186
v -38.8489536 11.2682009 -26.226217
v -37.3636936 11.2682018 -27.1052186
v -37.3636936 11.2682018 -26.226217
v -38.8489536 11.2682009 -27.1052186
v -38.7374882 13.5277143 -25.2443826
v -37.4881748 11.8949108 -25.2443826
v -38.7335514 11.8949108 -25.2443826
v -37.4921497 13.5277143 -25.2443826
v -37.2746891 13.3023591 -25.2443826
v -37.2786564 12.1281648 -25.2443826
v -38.9351581 12.1321168 -25.2443826
v -38.9391178 13.298409 -25.2443826
v -38.7335514 11.8949108 -25.2443826
v -39.1410679 11.9954319 -25.505758
v -38.9351581 12.1321168 -25.2443826
v -38.8479923 11.6610184 -25.505758
v -37.2746891 13.3023591 -25.2443826
v -37.070351 11.9954348 -25.505758
v -37.2786564 12.1281648 -25.2443826
v -37.070557 13.4239049 -25.505758
v -37.2746891 13.3023591 -25.2443826
v -37.3636936 13.7583146 -25.505758
v -37.070557 13.4239049 -25.505758
v -37.4921497 13.5277143 -25.2443826
v -37.2786564 12.1281648 -25.2443826
v -37.3625568 11.6610193 -25.505758
v -37.4881748 11.8949108 -25.2443826
v -37.070351 11.9954348 -25.505758
v -37.4881748 11.8949108 -25.2443826
v -38.8479923 11.6610184 -25.505758
v -38.7335514 11.8949108 -25.2443826
v -37.4881748 11.8949108 -25.2443826
v -37.3625568 11.6610193 -25.505758
v -38.8479923 11.6610184 -25.505758
v -38.9351581 12.1321168 -25.2443826
v -39.1411823 13.423903 -25.505758
v -38.9391178 13.298409 -25.2443826
v -39.1410679 11.9954319 -25.505758
v -38.9391178 13.298409 -25.2443826
v -38.8489536 13.7583127 -25.505758
v -38.7374882 13.5277143 -25.2443826
v -39.1411823 13.423903 -25.505758
v -38.7374882 13.5277143 -25.2443826
v -37.3636936 13.7583146 -25.505758
v -37.4921497 13.5277143 -25.2443826
v -38.8489536 13.7583127 -25.505758
v -38.8479923 11.6610184 -25.505758
v -39.1410679 11.995431 -27.0898454
v -39.1410679 11.9954319 -25.505758
v -38.8479923 11.6610184 -27.0898454
v -37.070557 13.4239049 -25.505758
v -37.0703434 11.9954348 -27.0898454
v -37.070351 11.9954348 -25.505758
v -37.070557 13.4239049 -27.0898454
v -37.3636936 13.7583146 -25.505758
v -37.070557 13.4239049 -27.0898454
v -37.070557 13.4239049 -25.505758
v -37.3636936 13.7583146 -27.0898454
v -37.070351 11.9954348 -25.505758
v -37.3625568 11.6610193 -27.0898454
v -37.3625568 11.6610193 -25.505758
v -37.0703434 11.9954348 -27.0898454
v -37.3625568 11.6610193 -25.505758
v -38.8479923 11.6610184 -27.0898454
v -38.8479923 11.6610184 -25.505758
v -37.3625568 11.6610193 -27.0898454
v -39.1410679 11.9954319 -25.505758
v -39.1411823 13.423903 -27.0898454
v -39.1411823 13.423903 -25.505758
v -39.1410679 11.995431 -27.0898454
v -39.1411823 13.423903 -25.505758
v -38.8489536 13.7583127 -27.0898454
v -38.8489536 13.7583127 -25.505758
v -39.1411823 13.423903 -27.0898454
v -38.8489536 13.7583127 -25.505758
v -37.3636936 13.7583146 -27.0898454
v -37.3636936 13.7583146 -25.505758
v -38.8489536 13.7583127 -27.0898454
vt 0.0792225674 0.89217031
vt 0.305032492 0.702685833
vt 0.305030227 0.891603351
vt 0.0792225227 0.703262746
vt 0.110389486 0.670278788
vt 0.2727741 0.670896828
vt 0.272225052 0.922184229
vt 0.110933706 0.922760963
vt 0.305030227 0.891603351
vt 0.295332432 0.960036337
vt 0.272225052 0.922184229
vt 0.343535841 0.91370976
vt 0.110389486 0.670278788
vt 0.295332193 0.632614195
vt 0.2727741 0.670896828
vt 0.0894111842 0.632631719
vt 0.110389486 0.670278788
vt 0.0412075222 0.678969085
vt 0.0894111842 0.632631719
vt 0.0792225227 0.703262746
vt 0.2727741 0.670896828
vt 0.343542695 0.678828835
vt 0.305032492 0.702685833
vt 0.295332193 0.632614195
vt 0.305032492 0.702685833
vt 0.343535841 0.91370976
vt 0.305030227 0.891603351
vt 0.305032492 0.702685833
vt 0.343542695 0.678828835
vt 0.343535841 0.91370976
vt 0.272225052 0.922184229
vt 0.0894113481 0.960031033
vt 0.110933706 0.922760963
vt 0.295332432 0.960036337
vt 0.110933706 0.922760963
vt 0.0412007049 0.9138062
vt 0.0792225674 0.89217031
vt 0.0894113481 0.960031033
vt 0.0792225674 0.89217031
vt 0.0412075222 0.678969085
vt 0.0792225227 0.703262746
vt 0.0412007049 0.9138062
vt 0.967847884 0.297114342
vt 0.492759407 0.351721287
vt 0.967847884 0.351721287
vt 0.492759407 0.297114342
vt 0.967847764 0.351721287
vt 0.492759287 0.589623272
vt 0.967847764 0.589623272
vt 0.492759287 0.351721287
vt 0.967847764 0.297114342
vt 0.492759287 0.351721287
vt 0.967847764 0.351721287
vt 0.492759287 0.297114342
vt 0.967847764 0.297114342
vt 0.492759228 0.351721287
vt 0.967847764 0.351721287
vt 0.492759287 0.297114342
vt 0.967847764 0.351721287
vt 0.492759347 0.589623272
vt 0.967847884 0.589623272
vt 0.492759228 0.351721287
vt 0.967847884 0.351721287
vt 0.492759407 0.589623272
vt 0.967847884 0.589623272
vt 0.492759407 0.351721287
vt 0.967847884 0.297114342
vt 0.492759407 0.351721287
vt 0.967847884 0.351721287
vt 0.492759407 0.297114342
vt 0.967847884 0.351721287
vt 0.492759287 0.589623272
vt 0.967847764 0.589623272
vt 0.492759407 0.351721287
vt 0.0792225674 0.89217031
vt 0.305032492 0.702685833
vt 0.305030227 0.891603351
vt 0.0792225227 0.703262746
vt 0.110389486 0.670278788
vt 0.2727741 0.670896828
vt 0.272225052 0.922184229
vt 0.110933706 0.922760963
vt 0.305030227 0.891603351
vt 0.295332432 0.960036337
vt 0.272225052 0.922184229
vt 0.343535841 0.91370976
vt 0.110389486 0.670278788
vt 0.295332193 0.632614195
vt 0.2727741 0.670896828
vt 0.0894111842 0.632631719
vt 0.110389486 0.670278788
vt 0.0412075222 0.678969085
vt 0.0894111842 0.632631719
vt 0.0792225227 0.703262746
vt 0.2727741 0.670896828
vt 0.343542695 0.678828835
vt 0.305032492 0.702685833
vt 0.295332193 0.632614195
vt 0.305032492 0.702685833
vt 0.343535841 0.91370976
vt 0.305030227 0.891603351
vt 0.305032492 0.702685833
vt 0.343542695 0.678828835
vt 0.343535841 0.91370976
vt 0.272225052 0.922184229
vt 0.0894113481 0.960031033
vt 0.110933706 0.922760963
vt 0.295332432 0.960036337
vt 0.110933706 0.922760963
vt 0.0412007049 0.9138062
vt 0.0792225674 0.89217031
vt 0.0894113481 0.960031033
vt 0.0792225674 0.89217031
vt 0.0412075222 0.678969085
vt 0.0792225227 0.703262746
vt 0.0412007049 0.9138062
vt 0.967847884 0.297114342
vt 0.492759407 0.351721287
vt 0.967847884 0.351721287
vt 0.492759407 0.297114342
vt 0.967847764 0.351721287
vt 0.492759287 0.589623272
vt 0.967847764 0.589623272
vt 0.492759287 0.351721287
vt 0.967847764 0.297114342
vt 0.492759287 0.351721287
vt 0.967847764 0.351721287
vt 0.492759287 0.297114342
vt 0.967847764 0.297114342
vt 0.492759228 0.351721287
vt 0.967847764 0.351721287
vt 0.492759287 0.297114342
vt 0.967847764 0.351721287
vt 0.492759347 0.589623272
vt 0.967847884 0.589623272
vt 0.492759228 0.351721287
vt 0.967847884 0.351721287
vt 0.492759407 0.589623272
vt 0.967847884 0.589623272
vt 0.492759407 0.351721287
vt 0.967847884 0.297114342
vt 0.492759407 0.351721287
vt 0.967847884 0.351721287
vt 0.492759407 0.297114342
vt 0.967847884 0.351721287
vt 0.492759287 0.589623272
vt 0.967847764 0.589623272
vt 0.492759407 0.351721287
vn 0 -2.22044605e-16 1
vn 0 -2.22044605e-16 1
vn 0 -2.22044605e-16 1
vn 0 -2.22044605e-16 1
vn 0 -2.22044605e-16 1
vn 0 -2.22044605e-16 1
vn 0 -2.22044605e-16 1
vn 0 -2.22044605e-16 1
vn -0.554466545 -0.479837566 0.679943204
vn -0.554466579 -0.479837573 0.679943171
vn -0.554466537 -0.479837589 0.679943194
vn -0.554466537 -0.479837589 0.679943194
vn 0.785060714 -0.00113454471 0.619417782
vn 0.785060714 -0.00113454471 0.619417782
vn 0.785060714 -0.00113454471 0.619417782
vn 0.785060714 -0.00113454471 0.619417782
vn 0.542621717 0.494960742 0.678657156
vn 0.542621755 0.494960717 0.678657144
vn 0.542621755 0.494960717 0.678657144
vn 0.542621755 0.494960717 0.678657144
vn 0.545112396 -0.481787203 0.68610026
vn 0.545112404 -0.481787181 0.68610027
vn 0.545112336 -0.481787166 0.686100334
vn 0.545112396 -0.481787203 0.68610026
vn 0 -0.745199149 0.666841982
vn 0 -0.745199119 0.666842015
vn 0 -0.745199149 0.666841982
vn 0 -0.745199149 0.666841982
vn 0 -0.745199149 0.666841982
vn 0 -0.745199119 0.666842015
vn -0.788321712 -0.00123776387 0.615262015
vn -0.788321741 -0.00123776392 0.615261978
vn -0.788321683 -0.00123776394 0.615262052
vn -0.788321712 -0.00123776387 0.615262015
vn -0.559083416 0.489800763 0.668970064
vn -0.559083416 0.489800763 0.668970064
vn -0.559083393 0.489800743 0.668970097
vn -0.559083434 0.489800727 0.668970075
vn 0 0.749874134 0.661580519
vn 0 0.749874134 0.661580519
vn 0 0.749874134 0.661580519
vn 0 0.749874163 0.661580486
vn -0.752059201 -0.65909556 -1.46348613e-16
vn -0.752059201 -0.65909556 -1.46348613e-16
vn -0.752059172 -0.659095594 -1.46348621e-16
vn -0.752059201 -0.65909556 -1.46348613e-16
vn 0.999999989 0.000146876219 3.26130719e-20
vn 0.999999989 0.000146876219 3.26130719e-20
vn 0.999999989 0.000146876219 3.26130719e-20
vn 0.999999989 0.000146876219 3.26130719e-20
vn 0.751986951 0.659177993 1.46366917e-16
vn 0.751986951 0.659177993 1.46366917e-16
vn 0.751986951 0.659177993 1.46366917e-16
vn 0.751986951 0.659177993 1.46366917e-16
vn 0.753027178 -0.657989415 -1.46103e-16
vn 0.753027203 -0.657989385 -1.46102993e-16
vn 0.753027203 -0.657989385 -1.46102993e-16
vn 0.753027203 -0.657989385 -1.46102993e-16
vn 0 -1 -2.22044605e-16
vn 0 -1 -2.22044605e-16
vn 0 -1 -2.22044605e-16
vn 0 -1 -2.22044605e-16
vn -0.999999997 -8.01142157e-05 -1.77889294e-20
vn -0.999999997 -8.01142084e-05 -1.77889278e-20
vn -0.999999997 -8.01142084e-05 -1.77889278e-20
vn -0.999999997 -8.01142157e-05 -1.77889294e-20
vn -0.753000381 0.658020081 1.46109809e-16
vn -0.753000381 0.658020081 1.46109809e-16
vn -0.753000381 0.658020081 1.46109809e-16
vn -0.753000381 0.658020081 1.46109809e-16
vn 0 1 2.22044605e-16
vn 0 1 2.22044605e-16
vn 0 1 2.22044605e-16
vn 0 1 2.22044605e-16
vn 0 -2.22044605e-16 1
vn 0 -2.22044605e-16 1
vn 0 -2.22044605e-16 1
vn 0 -2.22044605e-16 1
vn 0 -2.22044605e-16 1
vn 0 -2.22044605e-16 1
vn 0 -2.22044605e-16 1
vn 0 -2.22044605e-16 1
vn -0.554466516 -0.479837988 0.67994293
vn -0.554466532 -0.479837942 0.679942949
vn -0.554466475 -0.479838004 0.679942952
vn -0.554466491 -0.479837958 0.679942971
vn 0.785060759 -0.00113454449 0.619417724
vn 0.785060811 -0.00113454436 0.619417658
vn 0.785060811 -0.00113454436 0.619417658
vn 0.785060811 -0.00113454448 0.619417658
vn 0.542622558 0.494960628 0.678656567
vn 0.542622524 0.494960622 0.678656599
vn 0.54262254 0.494960577 0.678656619
vn 0.54262254 0.494960577 0.678656619
vn 0.545112315 -0.481787565 0.68610007
vn 0.545112345 -0.481787562 0.686100048
vn 0.545112273 -0.481787581 0.686100092
vn 0.545112315 -0.481787565 0.68610007
vn 0 -0.745199149 0.666841982
vn 0 -0.745199119 0.666842015
vn 0 -0.745199149 0.666841982
vn 0 -0.745199149 0.666841982
vn 0 -0.745199149 0.666841982
vn 0 -0.745199119 0.666842015
vn -0.788321712 -0.00123776364 0.615262015
vn -0.788321712 -0.00123776364 0.615262015
vn -0.788321683 -0.00123776371 0.615262052
vn -0.788321712 -0.00123776364 0.615262015
vn -0.559084052 0.489801372 0.668969087
vn -0.559084093 0.489801355 0.668969065
vn -0.559084125 0.489801362 0.668969033
vn -0.559084084 0.489801378 0.668969055
vn 0 0.749874802 0.661579762
vn 0 0.749874831 0.661579729
vn 0 0.749874802 0.661579762
vn 0 0.749874802 0.661579762
vn -0.752059201 -0.65909556 -1.46348613e-16
vn -0.752059201 -0.65909556 -1.46348613e-16
vn -0.752059142 -0.659095628 -1.46348628e-16
vn -0.752059201 -0.65909556 -1.46348613e-16
vn 0.999999989 0.000146876262 3.26130816e-20
vn 0.999999989 0.000146876262 3.26130816e-20
vn 0.999999989 0.000146876262 3.26130816e-20
vn 0.999999989 0.000146876262 3.26130816e-20
vn 0.751987897 0.659176913 1.46366677e-16
vn 0.751987897 0.659176913 1.46366677e-16
vn 0.751987897 0.659176913 1.46366677e-16
vn 0.751987897 0.659176913 1.46366677e-16
vn 0.753027203 -0.657989385 -1.46102993e-16
vn 0.753027203 -0.657989385 -1.46102993e-16
vn 0.753027203 -0.657989385 -1.46102993e-16
vn 0.753027233 -0.657989351 -1.46102986e-16
vn 0 -1 -2.22044605e-16
vn 0 -1 -2.22044605e-16
vn 0 -1 -2.22044605e-16
vn 0 -1 -2.22044605e-16
vn -0.999999997 -8.01142448e-05 -1.77889358e-20
vn -0.999999997 -8.01142375e-05 -1.77889342e-20
vn -0.999999997 -8.01142375e-05 -1.77889342e-20
vn -0.999999997 -8.01142448e-05 -1.77889358e-20
vn -0.753000355 0.65802011 1.46109815e-16
vn -0.753000355 0.65802011 1.46109815e-16
vn -0.753000355 0.65802011 1.46109815e-16
vn -0.753000355 0.65802011 1.46109815e-16
vn 0 1 2.22044605e-16
vn 0 1 2.22044605e-16
vn 0 1 2.22044605e-16
vn 0 1 2.22044605e-16

g collision_PZ_item_56_submesh_0
usemtl collision_39
f 3240/3240/3240 3242/3242/3242 3241/3241/3241
f 3240/3240/3240 3241/3241/3241 3243/3243/3243
f 3241/3241/3241 3244/3244/3244 3243/3243/3243
f 3241/3241/3241 3245/3245/3245 3244/3244/3244
f 3240/3240/3240 3246/3246/3246 3242/3242/3242
f 3240/3240/3240 3247/3247/3247 3246/3246/3246
f 3248/3248/3248 3250/3250/3250 3249/3249/3249
f 3248/3248/3248 3249/3249/3249 3251/3251/3251
f 3252/3252/3252 3254/3254/3254 3253/3253/3253
f 3252/3252/3252 3253/3253/3253 3255/3255/3255
f 3256/3256/3256 3258/3258/3258 3257/3257/3257
f 3256/3256/3256 3257/3257/3257 3259/3259/3259
f 3260/3260/3260 3262/3262/3262 3261/3261/3261
f 3260/3260/3260 3261/3261/3261 3263/3263/3263
f 3264/3264/3264 3266/3266/3266 3265/3265/3265
f 3267/3267/3267 3269/3269/3269 3268/3268/3268
f 3270/3270/3270 3272/3272/3272 3271/3271/3271
f 3270/3270/3270 3271/3271/3271 3273/3273/3273
f 3274/3274/3274 3276/3276/3276 3275/3275/3275
f 3274/3274/3274 3275/3275/3275 3277/3277/3277
f 3278/3278/3278 3280/3280/3280 3279/3279/3279
f 3278/3278/3278 3279/3279/3279 3281/3281/3281
f 3282/3282/3282 3284/3284/3284 3283/3283/3283
f 3282/3282/3282 3283/3283/3283 3285/3285/3285
f 3286/3286/3286 3288/3288/3288 3287/3287/3287
f 3286/3286/3286 3287/3287/3287 3289/3289/3289
f 3290/3290/3290 3292/3292/3292 3291/3291/3291
f 3290/3290/3290 3291/3291/3291 3293/3293/3293
f 3294/3294/3294 3296/3296/3296 3295/3295/3295
f 3294/3294/3294 3295/3295/3295 3297/3297/3297
f 3298/3298/3298 3300/3300/3300 3299/3299/3299
f 3298/3298/3298 3299/3299/3299 3301/3301/3301
f 3302/3302/3302 3304/3304/3304 3303/3303/3303
f 3302/3302/3302 3303/3303/3303 3305/3305/3305
f 3306/3306/3306 3308/3308/3308 3307/3307/3307
f 3306/3306/3306 3307/3307/3307 3309/3309/3309
f 3310/3310/3310 3312/3312/3312 3311/3311/3311
f 3310/3310/3310 3311/3311/3311 3313/3313/3313
f 3314/3314/3314 3316/3316/3316 3315/3315/3315
f 3314/3314/3314 3315/3315/3315 3317/3317/3317
f 3315/3315/3315 3318/3318/3318 3317/3317/3317
f 3315/3315/3315 3319/3319/3319 3318/3318/3318
f 3314/3314/3314 3320/3320/3320 3316/3316/3316
f 3314/3314/3314 3321/3321/3321 3320/3320/3320
f 3322/3322/3322 3324/3324/3324 3323/3323/3323
f 3322/3322/3322 3323/3323/3323 3325/3325/3325
f 3326/3326/3326 3328/3328/3328 3327/3327/3327
f 3326/3326/3326 3327/3327/3327 3329/3329/3329
f 3330/3330/3330 3332/3332/3332 3331/3331/3331
f 3330/3330/3330 3331/3331/3331 3333/3333/3333
f 3334/3334/3334 3336/3336/3336 3335/3335/3335
f 3334/3334/3334 3335/3335/3335 3337/3337/3337
f 3338/3338/3338 3340/3340/3340 3339/3339/3339
f 3341/3341/3341 3343/3343/3343 3342/3342/3342
f 3344/3344/3344 3346/3346/3346 3345/3345/3345
f 3344/3344/3344 3345/3345/3345 3347/3347/3347
f 3348/3348/3348 3350/3350/3350 3349/3349/3349
f 3348/3348/3348 3349/3349/3349 3351/3351/3351
f 3352/3352/3352 3354/3354/3354 3353/3353/3353
f 3352/3352/3352 3353/3353/3353 3355/3355/3355
f 3356/3356/3356 3358/3358/3358 3357/3357/3357
f 3356/3356/3356 3357/3357/3357 3359/3359/3359
f 3360/3360/3360 3362/3362/3362 3361/3361/3361
f 3360/3360/3360 3361/3361/3361 3363/3363/3363
f 3364/3364/3364 3366/3366/3366 3365/3365/3365
f 3364/3364/3364 3365/3365/3365 3367/3367/3367
f 3368/3368/3368 3370/3370/3370 3369/3369/3369
f 3368/3368/3368 3369/3369/3369 3371/3371/3371
f 3372/3372/3372 3374/3374/3374 3373/3373/3373
f 3372/3372/3372 3373/3373/3373 3375/3375/3375
f 3376/3376/3376 3378/3378/3378 3377/3377/3377
f 3376/3376/3376 3377/3377/3377 3379/3379/3379
f 3380/3380/3380 3382/3382/3382 3381/3381/3381
f 3380/3380/3380 3381/3381/3381 3383/3383/3383
f 3384/3384/3384 3386/3386/3386 3385/3385/3385
f 3384/3384/3384 3385/3385/3385 3387/3387/3387

o collision_PZ_item_43
v -29.2827826 5.8536839 11.732561
v -23.9798307 5.8536839 11.1687497
v -23.9798346 5.8536839 11.7325629
v -29.2827864 5.8536839 11.1687497
v -29.2827826 4.85368319 11.732561
v -23.9798346 5.8536839 11.7325629
v -23.9798346 4.85368319 11.7325629
v -29.2827826 5.8536839 11.732561
v -23.9798346 4.85368319 11.7325629
v -23.9798307 5.8536839 11.1687497
v -23.9798307 4.85368319 11.1687497
v -23.9798346 5.8536839 11.7325629
v -23.9798307 4.85368319 11.1687497
v -29.2827864 5.8536839 11.1687497
v -29.2827864 4.85368319 11.1687497
v -23.9798307 5.8536839 11.1687497
v -29.2827864 4.85368319 11.1687497
v -29.2827826 5.8536839 11.732561
v -29.2827826 4.85368319 11.732561
v -29.2827864 5.8536839 11.1687497
vt 0.411769807 0.801583469
vt 0.438436508 0.625241041
vt 0.411769807 0.625241041
vt 0.438436508 0.801583469
vt 0.525347888 0.677529454
vt 0.441178024 0.996701241
vt 0.525347888 0.996701241
vt 0.441178083 0.677529454
vt 0.439485848 0.931153834
vt 0.409644306 0.831641197
vt 0.409644306 0.931153774
vt 0.439485848 0.831641197
vt 0.525347888 0.677529454
vt 0.441178024 0.996701241
vt 0.525347888 0.996701241
vt 0.441178024 0.677529454
vt 0.439286292 0.931153834
vt 0.409444809 0.831641197
vt 0.409444809 0.931153774
vt 0.439286292 0.831641197
vn 0 1 2.22044605e-16
vn 0 1 2.22044605e-16
vn 0 1 2.22044605e-16
vn 0 1 2.22044605e-16
vn 0 -2.22044605e-16 1
vn 0 -2.22044605e-16 1
vn 0 -2.22044605e-16 1
vn 0 -2.22044605e-16 1
vn 1 0 0
vn 1 0 0
vn 1 0 0
vn 1 0 0
vn 0 2.22044605e-16 -1
vn 0 2.22044605e-16 -1
vn 0 2.22044605e-16 -1
vn 0 2.22044605e-16 -1
vn -1 0 0
vn -1 0 0
vn -1 0 0
vn -1 0 0

g collision_PZ_item_43_submesh_0
usemtl collision_40
f 3388/3388/3388 3390/3390/3390 3389/3389/3389
f 3388/3388/3388 3389/3389/3389 3391/3391/3391
f 3392/3392/3392 3394/3394/3394 3393/3393/3393
f 3392/3392/3392 3393/3393/3393 3395/3395/3395
f 3396/3396/3396 3398/3398/3398 3397/3397/3397
f 3396/3396/3396 3397/3397/3397 3399/3399/3399
f 3400/3400/3400 3402/3402/3402 3401/3401/3401
f 3400/3400/3400 3401/3401/3401 3403/3403/3403
f 3404/3404/3404 3406/3406/3406 3405/3405/3405
f 3404/3404/3404 3405/3405/3405 3407/3407/3407

o collision_PZ_item_32
v 2.12271165 6.46194857 10.2974891
v 2.92822694 7.41809481 7.18150706
v 4.22458457 7.7792142 9.42686553
v 1.45166873 6.46195 7.79311938
v 4.22458457 7.7792142 9.42686553
v 4.19617652 8.6709333 6.20857615
v 6.02950191 9.12883991 8.04190154
v 2.92822694 7.41809481 7.18150706
v 6.02950191 9.12883991 8.04190154
v 5.16910934 10.0503365 4.94062514
v 7.41446495 10.2883751 6.2369823
v 4.19617652 8.6709333 6.20857615
v 7.41446495 10.2883751 6.2369823
v 5.75022029 11.1614236 3.46406729
v 8.25459003 11.1614236 4.13511271
v 5.16910934 10.0503365 4.94062514
v 8.25459003 11.1614236 4.13511271
v 5.95883274 11.1614236 1.8795193
v 8.55154514 11.1614236 1.8795193
v 5.75022029 11.1614236 3.46406729
v 4.22458457 7.7792142 9.42686553
v 4.22458457 6.46194881 9.42686648
v 2.12271165 6.46194857 10.2974891
v 6.02950191 9.12883991 8.04190154
v 6.02950191 6.46194881 8.04190249
v 7.41446495 10.2883751 6.2369823
v 7.41446495 6.46194881 6.23698421
v 8.25459003 11.1614236 4.13511271
v 8.28508853 6.46194881 4.13511271
v 8.55154514 11.1614236 1.8795193
v 8.58204364 6.46194905 1.87951941
v 1.45166873 6.46195 7.79311938
v 2.92822694 6.46194905 7.18150706
v 2.92822694 7.41809481 7.18150706
v 2.92822694 7.41809481 7.18150706
v 4.19617652 6.46194905 6.20857615
v 4.19617652 8.6709333 6.20857615
v 2.92822694 6.46194905 7.18150706
v 4.19617652 8.6709333 6.20857615
v 5.16910934 6.46194905 4.94062514
v 5.16910934 10.0503365 4.94062514
v 4.19617652 6.46194905 6.20857615
v 5.16910934 10.0503365 4.94062514
v 5.7807188 6.46194905 3.46406836
v 5.75022029 11.1614236 3.46406729
v 5.16910934 6.46194905 4.94062514
v 5.75022029 11.1614236 3.46406729
v 5.98933124 6.46194881 1.87952037
v 5.95883274 11.1614236 1.8795193
v 5.7807188 6.46194905 3.46406836
v 2.12271165 6.46194857 -6.53844838
v 2.92822647 7.41809481 -3.42246823
v 1.45166921 6.46195024 -4.03407769
v 4.22458457 7.7792142 -5.66782432
v 4.22458457 7.7792142 -5.66782432
v 4.19617652 8.6709333 -2.44953685
v 2.92822647 7.41809481 -3.42246823
v 6.02950191 9.12884002 -4.28286128
v 6.02950191 9.12884002 -4.28286128
v 5.16910934 10.0503361 -1.18158488
v 4.19617652 8.6709333 -2.44953685
v 7.41446495 10.2883751 -2.47794442
v 7.41446495 10.2883751 -2.47794442
v 5.75022029 11.1614236 0.294972253
v 5.16910934 10.0503361 -1.18158488
v 8.25459003 11.1614236 -0.376071978
v 8.25459003 11.1614236 -0.376071978
v 5.95883274 11.1614236 1.8795193
v 5.75022029 11.1614236 0.294972253
v 8.55154514 11.1614236 1.8795193
v 4.22458457 7.7792142 -5.66782432
v 2.12271165 6.46194857 -6.53844838
v 4.22458457 6.46194881 -5.66782432
v 6.02950191 9.12884002 -4.28286128
v 6.02950191 6.46194881 -4.28286128
v 7.41446495 10.2883751 -2.47794442
v 7.41446495 6.46194905 -2.47794395
v 8.25459003 11.1614236 -0.376071978
v 8.28508853 6.46194905 -0.376072455
v 8.55154514 11.1614236 1.8795193
v 8.58204364 6.46194905 1.87951941
v 1.45166921 6.46195024 -4.03407769
v 2.92822647 7.41809481 -3.42246823
v 2.92822647 6.46194905 -3.42246776
v 2.92822647 7.41809481 -3.42246823
v 4.19617652 6.46194905 -2.44953685
v 2.92822647 6.46194905 -3.42246776
v 4.19617652 8.6709333 -2.44953685
v 4.19617652 8.6709333 -2.44953685
v 5.16910934 6.46194905 -1.18158536
v 4.19617652 6.46194905 -2.44953685
v 5.16910934 10.0503361 -1.18158488
v 5.16910934 10.0503361 -1.18158488
v 5.7807188 6.46194881 0.294972372
v 5.16910934 6.46194905 -1.18158536
v 5.75022029 11.1614236 0.294972253
v 5.75022029 11.1614236 0.294972253
v 5.98933124 6.46194881 1.87952037
v 5.7807188 6.46194881 0.294972372
v 5.95883274 11.1614236 1.8795193
vt -0.808777452 1.0267117
vt -0.589488268 1.28922772
vt -0.538546503 1.0267117
vt -0.805447578 1.28904831
vt -0.538546503 1.0267117
vt -0.805447578 1.28904831
vt -0.808777452 1.0267117
vt -0.589488268 1.28922772
vt -0.808777452 1.0267117
vt -0.589488268 1.28922772
vt -0.538546503 1.0267117
vt -0.805447578 1.28904831
vt -0.538546503 1.0267117
vt -0.805447578 1.28904831
vt -0.808777452 1.0267117
vt -0.589488268 1.28922772
vt -0.808777452 1.0267117
vt -0.589488268 1.28922772
vt -0.538546503 1.0267117
vt -0.805447578 1.28904831
vt 1.32101905 -0.637570024
vt 1.32101905 -0.513876557
vt 1.65527904 -0.637570024
vt 1.03398407 -0.637570024
vt 1.03398407 -0.466751784
vt 0.746948957 -0.637570024
vt 0.746948838 -0.435335219
vt 0.412689149 -0.637570024
vt 0.412688851 -0.417663425
vt 0.0539841093 -0.637570024
vt 0.0539839491 -0.417663425
vt 1.01900554 1.59594107
vt 0.817379475 1.59594226
vt 0.817380428 1.69719672
vt 0.990630746 1.69719672
vt 0.817489386 1.59594357
vt 0.817491412 1.82987189
vt 0.990629792 1.59594226
vt 0.99074167 1.82987189
vt 0.817599058 1.59594464
vt 0.81760186 1.97594976
vt 0.990739644 1.59594357
vt 0.99085176 1.92204976
vt 0.81782186 1.59594536
vt 0.817824841 1.99327707
vt 0.990849376 1.59594417
vt 0.990497351 1.96700072
vt 0.817092359 1.59594643
vt 0.81709528 1.99546003
vt 0.990494668 1.59594512
vt -0.808777452 1.0267117
vt -0.589488268 1.28922772
vt -0.805447578 1.28904831
vt -0.538546503 1.0267117
vt -0.538546503 1.0267117
vt -0.805447578 1.28904831
vt -0.589488268 1.28922772
vt -0.808777452 1.0267117
vt -0.808777452 1.0267117
vt -0.589488268 1.28922772
vt -0.805447578 1.28904831
vt -0.538546503 1.0267117
vt -0.538546503 1.0267117
vt -0.805447578 1.28904831
vt -0.589488268 1.28922772
vt -0.808777452 1.0267117
vt -0.808777452 1.0267117
vt -0.589488268 1.28922772
vt -0.805447578 1.28904831
vt -0.538546503 1.0267117
vt 1.32101905 -0.637570024
vt 1.65527904 -0.637570024
vt 1.32101905 -0.513876557
vt 1.03398407 -0.637570024
vt 1.03398407 -0.466751784
vt 0.746948957 -0.637570024
vt 0.746948838 -0.435335219
vt 0.412689149 -0.637570024
vt 0.412688851 -0.417663425
vt 0.0539841093 -0.637570024
vt 0.0539839491 -0.417663425
vt 1.01900554 1.59594107
vt 0.817380428 1.69719672
vt 0.817379475 1.59594226
vt 0.990630746 1.69719672
vt 0.817489386 1.59594357
vt 0.990629792 1.59594226
vt 0.817491412 1.82987189
vt 0.99074167 1.82987189
vt 0.817599058 1.59594464
vt 0.990739644 1.59594357
vt 0.81760186 1.97594976
vt 0.99085176 1.92204976
vt 0.81782186 1.59594536
vt 0.990849376 1.59594417
vt 0.817824841 1.99327707
vt 0.990497351 1.96700072
vt 0.817092359 1.59594643
vt 0.990494668 1.59594512
vt 0.81709528 1.99546003
vn -0.489948006 0.860840495 0.137493977
vn -0.504198141 0.843991171 0.182929325
vn -0.505597903 0.842126511 0.187599843
vn -0.489948051 0.86084047 0.137493973
vn -0.505597903 0.842126511 0.187599843
vn -0.47454938 0.829441952 0.294667499
vn -0.468448289 0.829955598 0.302869454
vn -0.504198141 0.843991171 0.182929325
vn -0.468448289 0.829955598 0.302869454
vn -0.32182458 0.863920032 0.387390136
vn -0.316925352 0.865264431 0.388427324
vn -0.47454938 0.829441952 0.294667499
vn -0.316925352 0.865264431 0.388427324
vn -0.108535055 0.972223128 0.207370035
vn -0.11055723 0.971162934 0.21123365
vn -0.32182458 0.863920032 0.387390136
vn -0.11055723 0.971162934 0.21123365
vn 0 1 2.22044605e-16
vn 0 1 2.22044605e-16
vn -0.108535055 0.972223128 0.207370035
vn 0.537822932 -1.87196441e-16 0.843057824
vn 0.499999981 -1.92296271e-16 0.866025415
vn 0.382682823 -2.05142522e-16 0.923879785
vn 0.736878077 -1.50107852e-16 0.676025665
vn 0.70710693 -1.57009213e-16 0.707106632
vn 0.885290923 0.00213152325 0.465032729
vn 0.867413366 0.00167130008 0.497585429
vn 0.970828791 0.00511975643 0.239719098
vn 0.966666057 0.0049152538 0.25599331
vn 0.999978942 0.00648963588 1.44098863e-18
vn 0.999978942 0.00648963588 1.44098863e-18
vn -0.382684424 2.05142375e-16 -0.923879122
vn -0.500000282 1.92296233e-16 -0.866025241
vn -0.541376964 1.8669066e-16 -0.840779985
vn -0.541376964 1.8669066e-16 -0.840779985
vn -0.707106632 1.57009279e-16 -0.70710693
vn -0.746098607 1.47845173e-16 -0.665835466
vn -0.500000282 1.92296233e-16 -0.866025241
vn -0.746098607 1.47845173e-16 -0.665835466
vn -0.867932048 -0.00172084552 -0.496679977
vn -0.895667854 -0.0024653151 -0.444716783
vn -0.707106632 1.57009279e-16 -0.70710693
vn -0.895667854 -0.0024653151 -0.444716783
vn -0.966931925 -0.00496394955 -0.254986298
vn -0.974258801 -0.00532555033 -0.225369533
vn -0.867932048 -0.00172084552 -0.496679977
vn -0.974258801 -0.00532555033 -0.225369533
vn -0.999978942 -0.00648963914 -1.44098936e-18
vn -0.999978942 -0.00648963914 -1.44098936e-18
vn -0.966931925 -0.00496394955 -0.254986298
vn -0.489948113 0.860840413 -0.137494107
vn -0.504198085 0.843991178 -0.182929445
vn -0.489948043 0.860840456 -0.13749409
vn -0.505597888 0.842126487 -0.187599986
vn -0.505597888 0.842126487 -0.187599986
vn -0.47454938 0.829441952 -0.294667499
vn -0.504198085 0.843991178 -0.182929445
vn -0.46844835 0.829955534 -0.302869534
vn -0.46844835 0.829955534 -0.302869534
vn -0.321824702 0.863920039 -0.38739002
vn -0.47454938 0.829441952 -0.294667499
vn -0.316925585 0.865264415 -0.388427168
vn -0.316925585 0.865264415 -0.388427168
vn -0.108535166 0.972223122 -0.207370004
vn -0.321824702 0.863920039 -0.38739002
vn -0.110557272 0.971162956 -0.211233524
vn -0.110557272 0.971162956 -0.211233524
vn 0 1 2.22044605e-16
vn -0.108535166 0.972223122 -0.207370004
vn 0 1 2.22044605e-16
vn 0.537822959 1.87196438e-16 -0.843057806
vn 0.382683335 2.05142475e-16 -0.923879573
vn 0.500000122 1.92296253e-16 -0.866025333
vn 0.736877876 1.501079e-16 -0.676025884
vn 0.707106781 1.57009246e-16 -0.707106781
vn 0.885290923 0.00213135584 -0.465032729
vn 0.86741334 0.00167110178 -0.497585474
vn 0.970828802 0.0051197211 -0.239719056
vn 0.966666079 0.0049152134 -0.255993227
vn 0.999978942 0.00648963588 1.44098863e-18
vn 0.999978942 0.00648963588 1.44098863e-18
vn -0.382683361 -2.05142472e-16 0.923879562
vn -0.541376672 -1.86690701e-16 0.840780173
vn -0.499999799 -1.92296294e-16 0.86602552
vn -0.541376672 -1.86690701e-16 0.840780173
vn -0.707106751 -1.57009252e-16 0.707106811
vn -0.499999799 -1.92296294e-16 0.86602552
vn -0.74609869 -1.47845153e-16 0.665835374
vn -0.74609869 -1.47845153e-16 0.665835374
vn -0.867932114 -0.00172085554 0.496679861
vn -0.707106751 -1.57009252e-16 0.707106811
vn -0.895667878 -0.00246530669 0.444716735
vn -0.895667878 -0.00246530669 0.444716735
vn -0.966931925 -0.00496391091 0.254986298
vn -0.867932114 -0.00172085554 0.496679861
vn -0.974258795 -0.00532550792 0.225369561
vn -0.974258795 -0.00532550792 0.225369561
vn -0.999978942 -0.00648963914 -1.44098936e-18
vn -0.966931925 -0.00496391091 0.254986298
vn -0.999978942 -0.00648963914 -1.44098936e-18

g collision_PZ_item_32_submesh_0
usemtl collision_41
f 3408/3408/3408 3410/3410/3410 3409/3409/3409
f 3408/3408/3408 3409/3409/3409 3411/3411/3411
f 3412/3412/3412 3414/3414/3414 3413/3413/3413
f 3412/3412/3412 3413/3413/3413 3415/3415/3415
f 3416/3416/3416 3418/3418/3418 3417/3417/3417
f 3416/3416/3416 3417/3417/3417 3419/3419/3419
f 3420/3420/3420 3422/3422/3422 3421/3421/3421
f 3420/3420/3420 3421/3421/3421 3423/3423/3423
f 3424/3424/3424 3426/3426/3426 3425/3425/3425
f 3424/3424/3424 3425/3425/3425 3427/3427/3427
f 3428/3428/3428 3430/3430/3430 3429/3429/3429
f 3431/3431/3431 3428/3428/3428 3429/3429/3429
f 3431/3431/3431 3429/3429/3429 3432/3432/3432
f 3433/3433/3433 3431/3431/3431 3432/3432/3432
f 3433/3433/3433 3432/3432/3432 3434/3434/3434
f 3435/3435/3435 3433/3433/3433 3434/3434/3434
f 3435/3435/3435 3434/3434/3434 3436/3436/3436
f 3437/3437/3437 3435/3435/3435 3436/3436/3436
f 3437/3437/3437 3436/3436/3436 3438/3438/3438
f 3439/3439/3439 3441/3441/3441 3440/3440/3440
f 3442/3442/3442 3444/3444/3444 3443/3443/3443
f 3442/3442/3442 3443/3443/3443 3445/3445/3445
f 3446/3446/3446 3448/3448/3448 3447/3447/3447
f 3446/3446/3446 3447/3447/3447 3449/3449/3449
f 3450/3450/3450 3452/3452/3452 3451/3451/3451
f 3450/3450/3450 3451/3451/3451 3453/3453/3453
f 3454/3454/3454 3456/3456/3456 3455/3455/3455
f 3454/3454/3454 3455/3455/3455 3457/3457/3457
f 3458/3458/3458 3460/3460/3460 3459/3459/3459
f 3458/3458/3458 3459/3459/3459 3461/3461/3461
f 3462/3462/3462 3464/3464/3464 3463/3463/3463
f 3462/3462/3462 3463/3463/3463 3465/3465/3465
f 3466/3466/3466 3468/3468/3468 3467/3467/3467
f 3466/3466/3466 3467/3467/3467 3469/3469/3469
f 3470/3470/3470 3472/3472/3472 3471/3471/3471
f 3470/3470/3470 3471/3471/3471 3473/3473/3473
f 3474/3474/3474 3476/3476/3476 3475/3475/3475
f 3474/3474/3474 3475/3475/3475 3477/3477/3477
f 3478/3478/3478 3480/3480/3480 3479/3479/3479
f 3481/3481/3481 3480/3480/3480 3478/3478/3478
f 3481/3481/3481 3482/3482/3482 3480/3480/3480
f 3483/3483/3483 3482/3482/3482 3481/3481/3481
f 3483/3483/3483 3484/3484/3484 3482/3482/3482
f 3485/3485/3485 3484/3484/3484 3483/3483/3483
f 3485/3485/3485 3486/3486/3486 3484/3484/3484
f 3487/3487/3487 3486/3486/3486 3485/3485/3485
f 3487/3487/3487 3488/3488/3488 3486/3486/3486
f 3489/3489/3489 3491/3491/3491 3490/3490/3490
f 3492/3492/3492 3494/3494/3494 3493/3493/3493
f 3492/3492/3492 3493/3493/3493 3495/3495/3495
f 3496/3496/3496 3498/3498/3498 3497/3497/3497
f 3496/3496/3496 3497/3497/3497 3499/3499/3499
f 3500/3500/3500 3502/3502/3502 3501/3501/3501
f 3500/3500/3500 3501/3501/3501 3503/3503/3503
f 3504/3504/3504 3506/3506/3506 3505/3505/3505
f 3504/3504/3504 3505/3505/3505 3507/3507/3507

o collision_PZ_item_45
v -24.222537 4.22684641 17.6684894
v -19.3642492 4.85368295 16.0603141
v -19.269702 4.22684641 17.6684894
v -24.0268278 4.85368295 16.0603141
v -19.2638826 -0.406270073 5.34154024
v -12.1367226 -0.2096539 5.81691542
v -19.3525553 4.22717245 5.81691542
v -24.222537 4.22684641 17.6684894
v -24.026721 4.85368295 6.16104689
v -24.0268278 4.85368295 16.0603141
v -24.0817232 4.22717245 5.81691542
v -24.026721 4.85368295 6.16104689
v -19.3642492 4.85368295 16.0603141
v -24.0268278 4.85368295 16.0603141
v -19.3645449 4.85368295 6.16104689
v -24.0817232 4.22717245 5.81691542
v -19.3645449 4.85368295 6.16104689
v -24.026721 4.85368295 6.16104689
v -19.3525553 4.22717245 5.81691542
v -24.222537 4.22684641 17.6684894
v -19.2638826 -0.406270073 17.9985694
v -24.4885187 -0.406270073 17.9985694
v -19.269702 4.22684641 17.6684894
v -12.2892089 -0.2096539 17.6684894
v -24.0817232 4.22717245 5.81691542
v -24.4885187 -0.406270073 17.9985694
v -24.4885187 -0.406270073 5.34154024
v -24.222537 4.22684641 17.6684894
v -19.269702 4.22684641 17.6684894
v -11.861845 -0.2096539 16.0603141
v -12.2892089 -0.2096539 17.6684894
v -19.3642492 4.85368295 16.0603141
v -19.2638826 -0.406270073 5.34154024
v -24.0817232 4.22717245 5.81691542
v -24.4885187 -0.406270073 5.34154024
v -19.3525553 4.22717245 5.81691542
v -19.3642492 4.85368295 16.0603141
v -11.861845 -0.2096539 6.16104689
v -11.861845 -0.2096539 16.0603141
v -19.3645449 4.85368295 6.16104689
v -19.3645449 4.85368295 6.16104689
v -12.1367226 -0.2096539 5.81691542
v -11.861845 -0.2096539 6.16104689
v -19.3525553 4.22717245 5.81691542
vt 0.498021305 0.282796383
vt 0.431439102 0.0654430166
vt 0.498021305 0.0654430166
vt 0.431439102 0.282796383
vt 0.539563537 0.583190203
vt 0.801214337 0.332897425
vt 0.539563537 0.332897365
vt -0.372967392 0.332897127
vt 0.277912796 0.300353736
vt -0.372967392 0.30034259
vt 0.277912796 0.332897335
vt 0.00999999978 0.282796383
vt 0.431439102 0.0654430166
vt 0.431439102 0.282796383
vt 0.00999999978 0.0654430166
vt 0.277912796 0.332897335
vt 0.539563537 0.300355583
vt 0.277912796 0.300353736
vt 0.539563537 0.332897365
vt 1.99983978 0.332897902
vt 1.7261821 0.583194375
vt 1.99983931 0.583197355
vt 1.72618246 0.332897812
vt 1.4525249 0.583191395
vt 0.277912796 0.332897335
vt -0.372967392 0.58317709
vt 0.277912796 0.583188295
vt -0.372967392 0.332897127
vt 0.498021305 0.0654430166
vt 0.431439102 0.282695889
vt 0.498021305 0.282695889
vt 0.431439102 0.0654430166
vt 0.539563537 0.583190203
vt 0.277912796 0.332897335
vt 0.277912796 0.583188295
vt 0.539563537 0.332897365
vt 0.431439102 0.0654430166
vt 0.00999999978 0.282695889
vt 0.431439102 0.282695889
vt 0.00999999978 0.0654430166
vt 0.539563537 0.300355583
vt 0.801214337 0.332897425
vt 0.801214337 0.300357431
vt 0.539563537 0.332897365
vn 0 0.931723544 0.363168332
vn 0 0.931723544 0.363168332
vn 0 0.931723534 0.363168358
vn 0 0.931723524 0.363168384
vn 0.0633662339 0.10305567 -0.992655151
vn 0.0633662339 0.103055663 -0.992655152
vn 0.0633662339 0.10305567 -0.992655151
vn -0.981768447 0.189974457 -0.00635789198
vn -0.981768441 0.189974486 -0.00635789195
vn -0.981768449 0.189974443 -0.00635789154
vn -0.981768447 0.189974457 -0.00635789152
vn 0 1 2.22044605e-16
vn 0 1 2.22044605e-16
vn 0 1 2.22044605e-16
vn 0 1 2.22044605e-16
vn 0 0.481436131 -0.876481176
vn 0 0.481436131 -0.876481176
vn 0 0.481436085 -0.876481201
vn 0 0.481436131 -0.876481176
vn 0 0.0710635099 0.997471793
vn 0 0.0710635099 0.997471793
vn 0 0.0710635173 0.997471792
vn 0 0.0710635173 0.997471792
vn 0.0451546968 0.0710474661 0.996450355
vn -0.997351937 0.0725002613 -0.0057293075
vn -0.997351937 0.0725002687 -0.0057293075
vn -0.997351937 0.0725002687 -0.00572930703
vn -0.997351937 0.0725002687 -0.0057293075
vn 0.535694312 0.816688375 0.214596604
vn 0.535694315 0.81668838 0.214596575
vn 0.535694312 0.816688375 0.214596604
vn 0.535694312 0.816688375 0.214596604
vn 0 0.102060788 -0.994778164
vn 0 0.102060788 -0.994778164
vn 0 0.102060796 -0.994778163
vn 0 0.102060796 -0.994778163
vn 0.559405639 0.828894041 1.8405145e-16
vn 0.559405639 0.828894041 1.8405145e-16
vn 0.559405639 0.828894041 1.8405145e-16
vn 0.559405639 0.828894041 1.8405145e-16
vn 0.388882869 0.602493277 -0.696973432
vn 0.38888286 0.602493309 -0.69697341
vn 0.38888286 0.602493309 -0.69697341
vn 0.38888286 0.602493309 -0.69697341

g collision_PZ_item_45_submesh_0
usemtl collision_42
f 3508/3508/3508 3510/3510/3510 3509/3509/3509
f 3508/3508/3508 3509/3509/3509 3511/3511/3511
f 3512/3512/3512 3514/3514/3514 3513/3513/3513
f 3515/3515/3515 3517/3517/3517 3516/3516/3516
f 3515/3515/3515 3516/3516/3516 3518/3518/3518
f 3519/3519/3519 3521/3521/3521 3520/3520/3520
f 3519/3519/3519 3520/3520/3520 3522/3522/3522
f 3523/3523/3523 3525/3525/3525 3524/3524/3524
f 3523/3523/3523 3524/3524/3524 3526/3526/3526
f 3527/3527/3527 3529/3529/3529 3528/3528/3528
f 3527/3527/3527 3528/3528/3528 3530/3530/3530
f 3528/3528/3528 3531/3531/3531 3530/3530/3530
f 3532/3532/3532 3534/3534/3534 3533/3533/3533
f 3532/3532/3532 3533/3533/3533 3535/3535/3535
f 3536/3536/3536 3538/3538/3538 3537/3537/3537
f 3536/3536/3536 3537/3537/3537 3539/3539/3539
f 3540/3540/3540 3542/3542/3542 3541/3541/3541
f 3540/3540/3540 3541/3541/3541 3543/3543/3543
f 3544/3544/3544 3546/3546/3546 3545/3545/3545
f 3544/3544/3544 3545/3545/3545 3547/3547/3547
f 3548/3548/3548 3550/3550/3550 3549/3549/3549
f 3548/3548/3548 3549/3549/3549 3551/3551/3551

o collision_PZ_item_000
v -0.365453267 7.50245204 -26.2853449
v -4.20768502 11.719948 -26.2853449
v -0.365453267 11.719948 -26.2853449
v -4.20768502 7.50245204 -26.2853449
v -0.365453267 7.50245204 -26.2853449
v 3.47677896 11.719948 -26.2853449
v 3.47677896 7.50245204 -26.2853449
v -0.365453267 11.719948 -26.2853449
v -4.20768502 11.719948 -26.2853449
v -0.365453267 11.719948 -27.0402287
v -0.365453267 11.719948 -26.2853449
v -4.20768502 11.719948 -27.0402287
v 3.47677896 11.719948 -27.0402287
v 3.47677896 11.719948 -26.2853449
v -4.20768502 7.50245204 -26.2853449
v -4.20768502 11.719948 -27.0402287
v -4.20768502 11.719948 -26.2853449
v -4.20768502 7.50245204 -27.0402287
v -0.365453267 7.50245204 -26.2853449
v -4.20768502 7.50245204 -27.0402287
v -4.20768502 7.50245204 -26.2853449
v -0.365453267 7.50245204 -27.0402287
v 3.47677896 7.50245204 -26.2853449
v 3.47677896 7.50245204 -27.0402287
v 3.47677896 11.719948 -26.2853449
v 3.47677896 7.50245204 -27.0402287
v 3.47677896 7.50245204 -26.2853449
v 3.47677896 11.719948 -27.0402287
vt 1.00035036 0.00139031664
vt 0.000577226514 0.999732733
vt 1.00035024 0.99973309
vt 0.000577346887 0.00139018241
vt 1.00035036 0.00139031664
vt 0.000577226514 0.999732733
vt 0.000577346887 0.00139018241
vt 1.00035024 0.99973309
vt -0.270547241 -0.0959174931
vt 0.219452709 0.000352829695
vt 0.219452709 -0.0959174931
vt -0.270547241 0.000352829695
vt 0.709452689 0.000352829695
vt 0.709452689 -0.0959174931
vt -0.808404684 -0.0959174931
vt -0.270547241 0.000352829695
vt -0.270547241 -0.0959174931
vt -0.808404684 0.000352829695
vt 1.00035036 0.00139031664
vt 0.000577346887 0.00139018241
vt 0.000577346887 0.00139018241
vt 1.00035036 0.00139031664
vt 0.000577346887 0.00139018241
vt 0.000577346887 0.00139018241
vt 0.709452689 -0.0959174931
vt 1.24731016 0.000352948904
vt 1.24731016 -0.0959174931
vt 0.709452689 0.000352829695
vn 0 -2.22044605e-16 1
vn 0 -2.22044605e-16 1
vn 0 -2.22044605e-16 1
vn 0 -2.22044605e-16 1
vn 0 -2.22044605e-16 1
vn 0 -2.22044605e-16 1
vn 0 -2.22044605e-16 1
vn 0 -2.22044605e-16 1
vn 0 1 2.22044605e-16
vn 0 1 2.22044605e-16
vn 0 1 2.22044605e-16
vn 0 1 2.22044605e-16
vn 0 1 2.22044605e-16
vn 0 1 2.22044605e-16
vn -1 0 0
vn -1 0 0
vn -1 0 0
vn -1 0 0
vn 0 -1 -2.22044605e-16
vn 0 -1 -2.22044605e-16
vn 0 -1 -2.22044605e-16
vn 0 -1 -2.22044605e-16
vn 0 -1 -2.22044605e-16
vn 0 -1 -2.22044605e-16
vn 1 0 0
vn 1 0 0
vn 1 0 0
vn 1 0 0

g collision_PZ_item_000_submesh_0
usemtl collision_43
f 3552/3552/3552 3554/3554/3554 3553/3553/3553
f 3552/3552/3552 3553/3553/3553 3555/3555/3555
f 3556/3556/3556 3558/3558/3558 3557/3557/3557
f 3556/3556/3556 3557/3557/3557 3559/3559/3559
f 3560/3560/3560 3562/3562/3562 3561/3561/3561
f 3560/3560/3560 3561/3561/3561 3563/3563/3563
f 3562/3562/3562 3564/3564/3564 3561/3561/3561
f 3562/3562/3562 3565/3565/3565 3564/3564/3564
f 3566/3566/3566 3568/3568/3568 3567/3567/3567
f 3566/3566/3566 3567/3567/3567 3569/3569/3569
f 3570/3570/3570 3572/3572/3572 3571/3571/3571
f 3570/3570/3570 3571/3571/3571 3573/3573/3573
f 3574/3574/3574 3570/3570/3570 3573/3573/3573
f 3574/3574/3574 3573/3573/3573 3575/3575/3575
f 3576/3576/3576 3578/3578/3578 3577/3577/3577
f 3576/3576/3576 3577/3577/3577 3579/3579/3579

o collision_PZ_item_18
v -4.84358214 4.34960747 15.9729824
v -19.4042778 4.34960747 13.9518032
v -19.4042778 4.34960747 15.9729805
v -4.84358214 4.34960747 13.9518032
v -2.8862686 4.34960747 13.9518032
v -2.8862686 4.34960747 15.9729824
v -0.146717055 4.34960747 15.9729824
v -0.146717055 4.34960747 13.9518032
v 2.95522119 4.34960747 13.9518032
v 2.95522119 4.34960747 15.9729824
v 4.55014803 4.34960747 15.9729824
v 4.55014803 4.34960747 13.9518032
v 12.8931084 4.34960747 15.9729805
v 12.8931084 4.34960747 13.9518032
v -4.84358214 4.853683 15.9729824
v -19.4042778 4.853683 13.9518032
v -4.84358214 4.853683 13.9518032
v -19.4042778 4.853683 15.9729805
v -4.84358214 4.34960747 15.9729824
v -19.4042778 4.853683 15.9729805
v -4.84358214 4.853683 15.9729824
v -19.4042778 4.34960747 15.9729805
v -2.8862686 4.34960747 15.9729824
v -2.8862686 4.853683 15.9729824
v -0.146717055 4.34960747 15.9729824
v -0.146717055 4.853683 15.9729824
v 2.95522119 4.34960747 15.9729824
v 2.95522119 4.853683 15.9729824
v 4.55014803 4.34960747 15.9729824
v 4.55014803 4.853683 15.9729824
v 12.8931084 4.34960747 15.9729805
v 12.8931084 4.853683 15.9729805
v -19.4042778 4.34960747 13.9518032
v -4.84358214 4.853683 13.9518032
v -19.4042778 4.853683 13.9518032
v -4.84358214 4.34960747 13.9518032
v -2.8862686 4.34960747 13.9518032
v -2.8862686 4.853683 13.9518032
v 12.8931084 4.34960747 13.9518032
v 12.8931084 4.853683 15.9729805
v 12.8931084 4.853683 13.9518032
v 12.8931084 4.34960747 15.9729805
v 4.55014803 4.853683 15.9729824
v 2.95522119 4.853683 13.9518032
v 4.55014803 4.853683 13.9518032
v 2.95522119 4.853683 15.9729824
v -0.146717055 4.853683 13.9518032
v -0.146717055 4.853683 15.9729824
v -0.146717055 4.853683 15.9729824
v -2.8862686 4.853683 13.9518032
v -0.146717055 4.853683 13.9518032
v -2.8862686 4.853683 15.9729824
v -4.84358214 4.853683 13.9518032
v -4.84358214 4.853683 15.9729824
v 12.8931084 4.853683 15.9729805
v 4.55014803 4.853683 13.9518032
v 12.8931084 4.853683 13.9518032
v 4.55014803 4.853683 15.9729824
v 4.55014803 4.853683 13.9518032
v 12.8931084 4.34960747 13.9518032
v 12.8931084 4.853683 13.9518032
v 4.55014803 4.34960747 13.9518032
v 2.95522119 4.34960747 13.9518032
v 2.95522119 4.853683 13.9518032
v 2.12269594 5.99869109 10.2974806
v -2.25586699 5.99846602 11.1183834
v 2.11998178 5.99846602 11.0410976
v -2.38847349 5.99869109 10.2974806
v 2.12269594 6.47816396 10.2974806
v 2.11998178 6.47793914 11.0410976
v -0.132873518 6.47816396 10.5944423
v -2.36126326 6.47793914 11.0410976
v -2.38847349 6.47816396 10.2974806
v 2.12269594 5.99869109 10.2974806
v 2.11998178 6.47793914 11.0410976
v 2.12269594 6.47816396 10.2974806
v 2.11998178 5.99846602 11.0410976
v -2.25586699 5.99846602 11.1183834
v -2.38847349 6.47816396 10.2974806
v -2.36126326 6.47793914 11.0410976
v -2.38847349 5.99869109 10.2974806
v 2.11998178 5.99846602 11.0410976
v -0.146717055 4.34960747 13.9518032
v 2.95522119 4.34960747 13.9518032
v -2.25586699 5.99846602 11.1183834
v -2.8862686 4.34960747 13.9518032
v -2.36126326 6.47793914 11.0410976
v -0.146717055 4.853683 13.9518032
v -2.8862686 4.853683 13.9518032
v 2.11998178 6.47793914 11.0410976
v 2.95522119 4.853683 13.9518032
v 2.11998178 6.47793914 11.0410976
v 2.95522119 4.34960747 13.9518032
v 2.95522119 4.853683 13.9518032
v 2.11998178 5.99846602 11.0410976
v -2.25586699 5.99846602 11.1183834
v -2.8862686 4.853683 13.9518032
v -2.8862686 4.34960747 13.9518032
v -2.36126326 6.47793914 11.0410976
v -2.9252548 5.85368324 15.3185577
v 2.95522882 5.85368324 15.88237
v -2.9252548 5.85368324 15.88237
v 2.95522882 5.85368324 15.3185577
v -2.9252548 4.85368324 15.3185577
v 2.95522882 5.85368324 15.3185577
v -2.9252548 5.85368324 15.3185577
v 2.95522882 4.85368324 15.3185577
v 2.95522882 4.85368324 15.3185577
v 2.95522882 5.85368324 15.88237
v 2.95522882 5.85368324 15.3185577
v 2.95522882 4.85368324 15.88237
v 2.95522882 4.85368324 15.88237
v -2.9252548 5.85368324 15.88237
v 2.95522882 5.85368324 15.88237
v -2.9252548 4.85368324 15.88237
v -2.9252548 4.85368324 15.88237
v -2.9252548 5.85368324 15.3185577
v -2.9252548 5.85368324 15.88237
v -2.9252548 4.85368324 15.3185577
vt 0.908626974 0.387969494
vt 0.427712798 0.574492931
vt 0.427712798 0.387968779
vt 0.908626974 0.574493647
vt 1.14908397 0.574493647
vt 1.14908397 0.387969494
vt 1.38954151 0.387969494
vt 1.38954151 0.574493647
vt 1.62999868 0.574493647
vt 1.62999868 0.387969494
vt 1.87045586 0.387969494
vt 1.87045586 0.574493647
vt 2.35137033 0.387969494
vt 2.35137033 0.574493647
vt 0.674604714 0.290544659
vt 0.0113754673 0.0326418914
vt 0.674604714 0.032642331
vt 0.0113754673 0.290544242
vt 0.61769259 0.320012182
vt 0.482978046 0.300039738
vt 0.61769259 0.300039738
vt 0.482978046 0.320012182
vt 0.685049891 0.320012182
vt 0.685049891 0.300039738
vt 0.752407253 0.320012182
vt 0.752407253 0.300039738
vt 0.819764555 0.320012182
vt 0.819764555 0.300039738
vt 0.887121856 0.320012182
vt 0.887121856 0.300039738
vt 1.0218364 0.320012182
vt 1.0218364 0.300039738
vt 0.482978046 0.320012182
vt 0.61769259 0.300039738
vt 0.482978046 0.300039738
vt 0.61769259 0.320012182
vt 0.685049891 0.320012182
vt 0.685049891 0.300039738
vt 0.364064991 0.359207988
vt 0.375099003 0.325336009
vt 0.375099003 0.359207988
vt 0.364064991 0.325336009
vt 0.674127162 0.290544659
vt 0.343989491 0.032642331
vt 0.674127162 0.032642331
vt 0.343989491 0.290544659
vt 0.0113754673 0.032642331
vt 0.0113754673 0.290544659
vt 0.0113754673 0.290544659
vt 0.344228506 0.032642331
vt 0.0113754673 0.032642331
vt 0.344228506 0.290544659
vt 0.674604714 0.032642331
vt 0.674604714 0.290544659
vt 0.0113754673 0.290544659
vt 0.674127162 0.032642331
vt 0.0113754673 0.032642331
vt 0.674127162 0.290544659
vt 0.887121856 0.300039738
vt 1.0218364 0.320012182
vt 1.0218364 0.300039738
vt 0.887121856 0.320012182
vt 0.819764555 0.320012182
vt 0.819764555 0.300039738
vt 0.382845581 0.580813706
vt 0.117082439 0.530987859
vt 0.382680833 0.535678804
vt 0.109033868 0.580813706
vt 0.477452427 0.0255481042
vt 0.477225989 0.0875803456
vt 0.289293587 0.0503205061
vt 0.103402257 0.0875803456
vt 0.101132616 0.0255481042
vt 1.0218364 0.320012182
vt 0.895308197 0.300039738
vt 1.0218364 0.300039738
vt 0.895308197 0.320012182
vt 0.947775185 0.320012182
vt 0.821246982 0.300039738
vt 0.947775185 0.300039738
vt 0.821246982 0.320012182
vt 0.382680833 0.535678804
vt 0.245099828 0.387877911
vt 0.433376372 0.387877911
vt 0.117082439 0.530987859
vt 0.0788188279 0.387877911
vt 0.103402257 0.0875803456
vt 0.288138211 0.290714115
vt 0.0596058518 0.290714115
vt 0.477225989 0.0875803456
vt 0.54690063 0.290714115
vt 0.895308197 0.300039738
vt 0.821246982 0.320012182
vt 0.821246982 0.300039738
vt 0.895308197 0.320012182
vt 0.947775185 0.320012182
vt 1.0218364 0.300039738
vt 1.0218364 0.320012182
vt 0.947775185 0.300039738
vt 0.411769807 0.801583469
vt 0.438436508 0.625241041
vt 0.438436508 0.801583469
vt 0.411769807 0.625241041
vt 0.525347888 0.677529454
vt 0.441178024 0.996701241
vt 0.441178083 0.677529454
vt 0.525347888 0.996701241
vt 0.439485848 0.931153834
vt 0.409644306 0.831641197
vt 0.439485848 0.831641197
vt 0.409644306 0.931153774
vt 0.525347888 0.677529454
vt 0.441178024 0.996701241
vt 0.441178024 0.677529454
vt 0.525347888 0.996701241
vt 0.439286292 0.931153834
vt 0.409444809 0.831641197
vt 0.439286292 0.831641197
vt 0.409444809 0.931153774
vn 0 -1 -2.22044605e-16
vn 0 -1 -2.22044605e-16
vn 0 -1 -2.22044605e-16
vn 0 -1 -2.22044605e-16
vn 0 -1 -2.22044605e-16
vn 0 -1 -2.22044605e-16
vn 0 -1 -2.22044605e-16
vn 0 -1 -2.22044605e-16
vn 0 -1 -2.22044605e-16
vn 0 -1 -2.22044605e-16
vn 0 -1 -2.22044605e-16
vn 0 -1 -2.22044605e-16
vn 0 -1 -2.22044605e-16
vn 0 -1 -2.22044605e-16
vn 0 1 2.22044605e-16
vn 0 1 2.22044605e-16
vn 0 1 2.22044605e-16
vn 0 1 2.22044605e-16
vn 0 -2.22044605e-16 1
vn 0 -2.22044605e-16 1
vn 0 -2.22044605e-16 1
vn 0 -2.22044605e-16 1
vn 0 -2.22044605e-16 1
vn 0 -2.22044605e-16 1
vn 0 -2.22044605e-16 1
vn 0 -2.22044605e-16 1
vn 0 -2.22044605e-16 1
vn 0 -2.22044605e-16 1
vn 0 -2.22044605e-16 1
vn 0 -2.22044605e-16 1
vn 0 -2.22044605e-16 1
vn 0 -2.22044605e-16 1
vn 0 2.22044605e-16 -1
vn 0 2.22044605e-16 -1
vn 0 2.22044605e-16 -1
vn 0 2.22044605e-16 -1
vn 0 2.22044605e-16 -1
vn 0 2.22044605e-16 -1
vn 1 0 0
vn 1 0 0
vn 1 0 0
vn 1 0 0
vn 0 1 2.22044605e-16
vn 0 1 2.22044605e-16
vn 0 1 2.22044605e-16
vn 0 1 2.22044605e-16
vn 0 1 2.22044605e-16
vn 0 1 2.22044605e-16
vn 0 1 2.22044605e-16
vn 0 1 2.22044605e-16
vn 0 1 2.22044605e-16
vn 0 1 2.22044605e-16
vn 0 1 2.22044605e-16
vn 0 1 2.22044605e-16
vn 0 1 2.22044605e-16
vn 0 1 2.22044605e-16
vn 0 1 2.22044605e-16
vn 0 1 2.22044605e-16
vn 0 2.22044605e-16 -1
vn 0 2.22044605e-16 -1
vn 0 2.22044605e-16 -1
vn 0 2.22044605e-16 -1
vn 0 2.22044605e-16 -1
vn 0 2.22044605e-16 -1
vn 0 -0.999999959 -0.000286102574
vn 0 -0.999999959 -0.000286102574
vn 0 -0.999999959 -0.000286102574
vn 0 -0.999999959 -0.000286102574
vn 0 0.999999959 0.000286102574
vn 0 0.999999959 0.000286102574
vn 0 0.999999959 0.000286102574
vn 0 0.999999959 0.000286102574
vn 0 0.999999959 0.000286102574
vn 0.999993434 -8.04657614e-19 0.00362385573
vn 0.999993434 -8.04657614e-19 0.00362385573
vn 0.999993434 -8.04657614e-19 0.00362385573
vn 0.999993434 -8.04657614e-19 0.00362385573
vn -0.989777166 -0.100622581 0.10107551
vn -0.989777166 -0.100622581 0.10107551
vn -0.989777166 -0.100622581 0.10107551
vn -0.989777166 -0.100622581 0.10107551
vn 0 -0.870106193 -0.492864295
vn 0 -0.870103299 -0.492869403
vn 0 -0.870103299 -0.492869403
vn -0.00877398001 -0.867121903 -0.498018698
vn 0 -0.864307631 -0.502963537
vn 0 0.873225066 0.48731713
vn 0 0.873222232 0.487322208
vn 0 0.873222232 0.487322208
vn 0 0.873225066 0.48731713
vn 0 0.873222232 0.487322208
vn 0.961221092 6.12352208e-17 -0.275778918
vn 0.961221092 6.12352208e-17 -0.275778918
vn 0.961221092 6.12352208e-17 -0.275778918
vn 0.961221092 6.12352208e-17 -0.275778918
vn -0.956982322 -0.123174765 -0.262702898
vn -0.956982322 -0.123174765 -0.262702898
vn -0.956982322 -0.123174765 -0.262702898
vn -0.956982322 -0.123174765 -0.262702898
vn 0 1 2.22044605e-16
vn 0 1 2.22044605e-16
vn 0 1 2.22044605e-16
vn 0 1 2.22044605e-16
vn 0 2.22044605e-16 -1
vn 0 2.22044605e-16 -1
vn 0 2.22044605e-16 -1
vn 0 2.22044605e-16 -1
vn 1 0 0
vn 1 0 0
vn 1 0 0
vn 1 0 0
vn 0 -2.22044605e-16 1
vn 0 -2.22044605e-16 1
vn 0 -2.22044605e-16 1
vn 0 -2.22044605e-16 1
vn -1 0 0
vn -1 0 0
vn -1 0 0
vn -1 0 0

g collision_PZ_item_18_submesh_0
usemtl collision_44
f 3580/3580/3580 3582/3582/3582 3581/3581/3581
f 3580/3580/3580 3581/3581/3581 3583/3583/3583
f 3584/3584/3584 3580/3580/3580 3583/3583/3583
f 3584/3584/3584 3585/3585/3585 3580/3580/3580
f 3586/3586/3586 3585/3585/3585 3584/3584/3584
f 3586/3586/3586 3584/3584/3584 3587/3587/3587
f 3588/3588/3588 3586/3586/3586 3587/3587/3587
f 3588/3588/3588 3589/3589/3589 3586/3586/3586
f 3590/3590/3590 3589/3589/3589 3588/3588/3588
f 3590/3590/3590 3588/3588/3588 3591/3591/3591
f 3592/3592/3592 3590/3590/3590 3591/3591/3591
f 3592/3592/3592 3591/3591/3591 3593/3593/3593
f 3594/3594/3594 3596/3596/3596 3595/3595/3595
f 3594/3594/3594 3595/3595/3595 3597/3597/3597
f 3598/3598/3598 3600/3600/3600 3599/3599/3599
f 3598/3598/3598 3599/3599/3599 3601/3601/3601
f 3602/3602/3602 3600/3600/3600 3598/3598/3598
f 3602/3602/3602 3603/3603/3603 3600/3600/3600
f 3604/3604/3604 3603/3603/3603 3602/3602/3602
f 3604/3604/3604 3605/3605/3605 3603/3603/3603
f 3606/3606/3606 3605/3605/3605 3604/3604/3604
f 3606/3606/3606 3607/3607/3607 3605/3605/3605
f 3608/3608/3608 3607/3607/3607 3606/3606/3606
f 3608/3608/3608 3609/3609/3609 3607/3607/3607
f 3610/3610/3610 3609/3609/3609 3608/3608/3608
f 3610/3610/3610 3611/3611/3611 3609/3609/3609
f 3612/3612/3612 3614/3614/3614 3613/3613/3613
f 3612/3612/3612 3613/3613/3613 3615/3615/3615
f 3613/3613/3613 3616/3616/3616 3615/3615/3615
f 3613/3613/3613 3617/3617/3617 3616/3616/3616
f 3618/3618/3618 3620/3620/3620 3619/3619/3619
f 3618/3618/3618 3619/3619/3619 3621/3621/3621
f 3622/3622/3622 3624/3624/3624 3623/3623/3623
f 3622/3622/3622 3623/3623/3623 3625/3625/3625
f 3625/3625/3625 3623/3623/3623 3626/3626/3626
f 3625/3625/3625 3626/3626/3626 3627/3627/3627
f 3628/3628/3628 3630/3630/3630 3629/3629/3629
f 3628/3628/3628 3629/3629/3629 3631/3631/3631
f 3631/3631/3631 3629/3629/3629 3632/3632/3632
f 3631/3631/3631 3632/3632/3632 3633/3633/3633
f 3634/3634/3634 3636/3636/3636 3635/3635/3635
f 3634/3634/3634 3635/3635/3635 3637/3637/3637
f 3638/3638/3638 3640/3640/3640 3639/3639/3639
f 3638/3638/3638 3639/3639/3639 3641/3641/3641
f 3642/3642/3642 3638/3638/3638 3641/3641/3641
f 3642/3642/3642 3643/3643/3643 3638/3638/3638
f 3644/3644/3644 3646/3646/3646 3645/3645/3645
f 3644/3644/3644 3645/3645/3645 3647/3647/3647
f 3648/3648/3648 3650/3650/3650 3649/3649/3649
f 3649/3649/3649 3650/3650/3650 3651/3651/3651
f 3651/3651/3651 3650/3650/3650 3652/3652/3652
f 3653/3653/3653 3655/3655/3655 3654/3654/3654
f 3653/3653/3653 3654/3654/3654 3656/3656/3656
f 3657/3657/3657 3659/3659/3659 3658/3658/3658
f 3657/3657/3657 3658/3658/3658 3660/3660/3660
f 3661/3661/3661 3663/3663/3663 3662/3662/3662
f 3661/3661/3661 3662/3662/3662 3664/3664/3664
f 3664/3664/3664 3662/3662/3662 3665/3665/3665
f 3666/3666/3666 3668/3668/3668 3667/3667/3667
f 3666/3666/3666 3667/3667/3667 3669/3669/3669
f 3669/3669/3669 3667/3667/3667 3670/3670/3670
f 3671/3671/3671 3673/3673/3673 3672/3672/3672
f 3671/3671/3671 3672/3672/3672 3674/3674/3674
f 3675/3675/3675 3677/3677/3677 3676/3676/3676
f 3675/3675/3675 3676/3676/3676 3678/3678/3678
f 3679/3679/3679 3681/3681/3681 3680/3680/3680
f 3679/3679/3679 3680/3680/3680 3682/3682/3682
f 3683/3683/3683 3685/3685/3685 3684/3684/3684
f 3683/3683/3683 3684/3684/3684 3686/3686/3686
f 3687/3687/3687 3689/3689/3689 3688/3688/3688
f 3687/3687/3687 3688/3688/3688 3690/3690/3690
f 3691/3691/3691 3693/3693/3693 3692/3692/3692
f 3691/3691/3691 3692/3692/3692 3694/3694/3694
f 3695/3695/3695 3697/3697/3697 3696/3696/3696
f 3695/3695/3695 3696/3696/3696 3698/3698/3698

o collision_PZ_item_31
v -2.38845826 6.46194857 10.2974891
v -3.19397355 7.41809481 7.18150706
v -1.71741581 6.46195024 7.79311938
v -4.49033261 7.77921426 9.42686553
v -4.49033261 7.77921426 9.42686553
v -4.4619236 8.67093342 6.20857615
v -3.19397355 7.41809481 7.18150706
v -6.29524899 9.12884002 8.04190154
v -6.29524899 9.12884002 8.04190154
v -5.43485547 10.0503368 4.94062514
v -4.4619236 8.67093342 6.20857615
v -7.68021107 10.2883753 6.23698325
v -7.68021107 10.2883753 6.23698325
v -6.01596547 11.1614236 3.46406729
v -5.43485547 10.0503368 4.94062514
v -8.52033425 11.1614236 4.13511271
v -8.52033425 11.1614236 4.13511271
v -6.22457982 11.1614236 1.8795193
v -6.01596547 11.1614236 3.46406729
v -8.81728936 11.1614236 1.8795193
v -4.49033261 7.77921426 9.42686553
v -2.38845826 6.46194857 10.2974891
v -4.49033261 6.46194881 9.42686648
v -6.29524899 9.12884002 8.04190154
v -6.29524899 6.46194881 8.04190249
v -7.68021107 10.2883753 6.23698325
v -7.68021107 6.46194905 6.23698421
v -8.52033425 11.1614236 4.13511271
v -8.55083561 6.46194905 4.13511271
v -8.81728936 11.1614236 1.8795193
v -8.84778882 6.46194905 1.87951941
v -1.71741581 6.46195024 7.79311938
v -3.19397355 7.41809481 7.18150706
v -3.1939745 6.46194905 7.18150802
v -3.19397355 7.41809481 7.18150706
v -4.4619236 6.46194905 6.20857711
v -3.1939745 6.46194905 7.18150802
v -4.4619236 8.67093342 6.20857615
v -4.4619236 8.67093342 6.20857615
v -5.43485547 6.46194905 4.94062514
v -4.4619236 6.46194905 6.20857711
v -5.43485547 10.0503368 4.94062514
v -5.43485547 10.0503368 4.94062514
v -6.04646588 6.46194905 3.46406836
v -5.43485547 6.46194905 4.94062514
v -6.01596547 11.1614236 3.46406729
v -6.01596547 11.1614236 3.46406729
v -6.25507737 6.46194905 1.87951941
v -6.04646588 6.46194905 3.46406836
v -6.22457982 11.1614236 1.8795193
v -2.38845826 6.46194857 -6.53844838
v -3.1939745 7.41809481 -3.42246823
v -4.4903307 7.7792142 -5.66782432
v -1.71741486 6.46195024 -4.03407769
v -4.4903307 7.7792142 -5.66782432
v -4.46192456 8.67093342 -2.44953685
v -6.29524899 9.12884002 -4.28286176
v -3.1939745 7.41809481 -3.42246823
v -6.29524899 9.12884002 -4.28286176
v -5.43485547 10.0503361 -1.18158536
v -7.68021107 10.2883751 -2.47794442
v -4.46192456 8.67093342 -2.44953685
v -7.68021107 10.2883751 -2.47794442
v -6.01596547 11.1614236 0.294972253
v -8.52033425 11.1614236 -0.376072455
v -5.43485547 10.0503361 -1.18158536
v -8.52033425 11.1614236 -0.376072455
v -6.22457982 11.1614236 1.8795193
v -8.81728936 11.1614236 1.8795193
v -6.01596547 11.1614236 0.294972253
v -4.4903307 7.7792142 -5.66782432
v -4.49033261 6.46194881 -5.66782432
v -2.38845826 6.46194857 -6.53844838
v -6.29524899 9.12884002 -4.28286176
v -6.29524899 6.46194881 -4.28286128
v -7.68021107 10.2883751 -2.47794442
v -7.68021107 6.46194905 -2.47794395
v -8.52033425 11.1614236 -0.376072455
v -8.55083561 6.46194905 -0.376072931
v -8.81728936 11.1614236 1.8795193
v -8.84778882 6.46194905 1.87951941
v -1.71741486 6.46195024 -4.03407769
v -3.1939745 6.46194881 -3.42246776
v -3.1939745 7.41809481 -3.42246823
v -3.1939745 7.41809481 -3.42246823
v -4.4619236 6.46194881 -2.44953685
v -4.46192456 8.67093342 -2.44953685
v -3.1939745 6.46194881 -3.42246776
v -4.46192456 8.67093342 -2.44953685
v -5.43485547 6.46194905 -1.18158536
v -5.43485547 10.0503361 -1.18158536
v -4.4619236 6.46194881 -2.44953685
v -5.43485547 10.0503361 -1.18158536
v -6.04646588 6.46194905 0.294972372
v -6.01596547 11.1614236 0.294972253
v -5.43485547 6.46194905 -1.18158536
v -6.01596547 11.1614236 0.294972253
v -6.25507737 6.46194905 1.87951941
v -6.22457982 11.1614236 1.8795193
v -6.04646588 6.46194905 0.294972372
vt -0.808777452 1.0267117
vt -0.589488268 1.28922772
vt -0.805447578 1.28904831
vt -0.538546503 1.0267117
vt -0.538546503 1.0267117
vt -0.805447578 1.28904831
vt -0.589488268 1.28922772
vt -0.808777452 1.0267117
vt -0.808777452 1.0267117
vt -0.589488268 1.28922772
vt -0.805447578 1.28904831
vt -0.538546503 1.0267117
vt -0.538546503 1.0267117
vt -0.805447578 1.28904831
vt -0.589488268 1.28922772
vt -0.808777452 1.0267117
vt -0.808777452 1.0267117
vt -0.589488268 1.28922772
vt -0.805447578 1.28904831
vt -0.538546503 1.0267117
vt 1.32101905 -0.637570024
vt 1.65527904 -0.637570024
vt 1.32101905 -0.513876557
vt 1.03398407 -0.637570024
vt 1.03398407 -0.466751784
vt 0.746948957 -0.637570024
vt 0.746948838 -0.435335219
vt 0.412689149 -0.637570024
vt 0.412688851 -0.417663425
vt 0.0539841093 -0.637570024
vt 0.0539839491 -0.417663425
vt 1.01900554 1.59594107
vt 0.817380428 1.69719672
vt 0.817379475 1.59594226
vt 0.990630746 1.69719672
vt 0.817489386 1.59594357
vt 0.990629792 1.59594226
vt 0.817491412 1.82987189
vt 0.99074167 1.82987189
vt 0.817599058 1.59594464
vt 0.990739644 1.59594357
vt 0.81760186 1.97594976
vt 0.99085176 1.92204976
vt 0.81782186 1.59594536
vt 0.990849376 1.59594417
vt 0.817824841 1.99327707
vt 0.990497351 1.96700072
vt 0.817092359 1.59594643
vt 0.990494668 1.59594512
vt 0.81709528 1.99546003
vt -0.808777452 1.0267117
vt -0.589488268 1.28922772
vt -0.538546503 1.0267117
vt -0.805447578 1.28904831
vt -0.538546503 1.0267117
vt -0.805447578 1.28904831
vt -0.808777452 1.0267117
vt -0.589488268 1.28922772
vt -0.808777452 1.0267117
vt -0.589488268 1.28922772
vt -0.538546503 1.0267117
vt -0.805447578 1.28904831
vt -0.538546503 1.0267117
vt -0.805447578 1.28904831
vt -0.808777452 1.0267117
vt -0.589488268 1.28922772
vt -0.808777452 1.0267117
vt -0.589488268 1.28922772
vt -0.538546503 1.0267117
vt -0.805447578 1.28904831
vt 1.32101905 -0.637570024
vt 1.32101905 -0.513876557
vt 1.65527904 -0.637570024
vt 1.03398407 -0.637570024
vt 1.03398407 -0.466751784
vt 0.746948957 -0.637570024
vt 0.746948838 -0.435335219
vt 0.412689149 -0.637570024
vt 0.412688851 -0.417663425
vt 0.0539841093 -0.637570024
vt 0.0539839491 -0.417663425
vt 1.01900554 1.59594107
vt 0.817379475 1.59594226
vt 0.817380428 1.69719672
vt 0.990630746 1.69719672
vt 0.817489386 1.59594357
vt 0.817491412 1.82987189
vt 0.990629792 1.59594226
vt 0.99074167 1.82987189
vt 0.817599058 1.59594464
vt 0.81760186 1.97594976
vt 0.990739644 1.59594357
vt 0.99085176 1.92204976
vt 0.81782186 1.59594536
vt 0.817824841 1.99327707
vt 0.990849376 1.59594417
vt 0.990497351 1.96700072
vt 0.817092359 1.59594643
vt 0.81709528 1.99546003
vt 0.990494668 1.59594512
vn 0.489947882 0.860840553 0.137494056
vn 0.504198084 0.843991176 0.18292946
vn 0.489947882 0.860840553 0.137494056
vn 0.505597888 0.842126487 0.187599986
vn 0.505597888 0.842126487 0.187599986
vn 0.474549451 0.829441868 0.294667618
vn 0.504198084 0.843991176 0.18292946
vn 0.468448365 0.829955501 0.302869603
vn 0.468448365 0.829955501 0.302869603
vn 0.321824657 0.863919997 0.387390151
vn 0.474549451 0.829441868 0.294667618
vn 0.316925533 0.865264377 0.388427297
vn 0.316925533 0.865264377 0.388427297
vn 0.108535129 0.972223123 0.207370019
vn 0.321824657 0.863919997 0.387390151
vn 0.110557318 0.971162918 0.211233676
vn 0.110557318 0.971162918 0.211233676
vn 0 1 2.22044605e-16
vn 0.108535129 0.972223123 0.207370019
vn 0 1 2.22044605e-16
vn -0.537822959 -1.87196438e-16 0.843057806
vn -0.382682603 -2.05142542e-16 0.923879876
vn -0.499999959 -1.92296274e-16 0.866025428
vn -0.736878245 -1.50107811e-16 0.676025482
vn -0.707107079 -1.5700918e-16 0.707106483
vn -0.885291022 0.00213166206 0.465032538
vn -0.867413551 0.00167138962 0.497585106
vn -0.970828866 0.00512010265 0.239718789
vn -0.966666144 0.0049155917 0.255992974
vn -0.999978939 0.00649004098 1.44107859e-18
vn -0.999978939 0.00649004145 1.44107869e-18
vn 0.382683789 2.05142433e-16 -0.923879385
vn 0.541376603 1.86690711e-16 -0.840780217
vn 0.499999888 1.92296283e-16 -0.866025468
vn 0.541376603 1.86690711e-16 -0.840780217
vn 0.707106781 1.57009246e-16 -0.707106781
vn 0.499999888 1.92296283e-16 -0.866025468
vn 0.746098884 1.47845104e-16 -0.665835156
vn 0.746098884 1.47845104e-16 -0.665835156
vn 0.867932169 -0.00172100419 -0.496679765
vn 0.707106781 1.57009246e-16 -0.707106781
vn 0.895667878 -0.00246549761 -0.444716735
vn 0.895667878 -0.00246549761 -0.444716735
vn 0.96693188 -0.00496410113 -0.254986465
vn 0.867932169 -0.00172100419 -0.496679765
vn 0.974258749 -0.00532568494 -0.225369758
vn 0.974258749 -0.00532568494 -0.225369758
vn 0.999978941 -0.00648974111 -1.441012e-18
vn 0.96693188 -0.00496410113 -0.254986465
vn 0.999978941 -0.00648974111 -1.441012e-18
vn 0.489947965 0.860840527 -0.137493922
vn 0.504198104 0.843991211 -0.182929244
vn 0.50559791 0.842126522 -0.187599771
vn 0.489947935 0.860840542 -0.137493935
vn 0.50559791 0.842126522 -0.187599771
vn 0.474549541 0.82944187 -0.29466747
vn 0.46844846 0.829955511 -0.302869428
vn 0.504198104 0.843991211 -0.182929244
vn 0.46844846 0.829955511 -0.302869428
vn 0.32182474 0.863919982 -0.387390114
vn 0.316925694 0.865264328 -0.388427275
vn 0.474549541 0.82944187 -0.29466747
vn 0.316925694 0.865264328 -0.388427275
vn 0.108535207 0.972223103 -0.20737007
vn 0.11055737 0.971162913 -0.211233675
vn 0.32182474 0.863919982 -0.387390114
vn 0.11055737 0.971162913 -0.211233675
vn 0 1 2.22044605e-16
vn 0 1 2.22044605e-16
vn 0.108535207 0.972223103 -0.20737007
vn -0.537822751 1.87196467e-16 -0.843057939
vn -0.500000122 1.92296253e-16 -0.866025333
vn -0.382683115 2.05142495e-16 -0.923879664
vn -0.73687799 1.50107873e-16 -0.67602576
vn -0.707106841 1.57009233e-16 -0.707106722
vn -0.88529101 0.00213153863 -0.465032562
vn -0.86741346 0.00167123531 -0.497585266
vn -0.970828859 0.00512008538 -0.239718817
vn -0.966666129 0.00491557161 -0.25599303
vn -0.999978939 0.00649004098 1.44107859e-18
vn -0.999978939 0.00649004145 1.44107869e-18
vn 0.382682869 -2.05142518e-16 0.923879766
vn 0.49999968 -1.9229631e-16 0.866025589
vn 0.541376672 -1.86690701e-16 0.840780173
vn 0.541376672 -1.86690701e-16 0.840780173
vn 0.70710702 -1.57009193e-16 0.707106543
vn 0.746099082 -1.47845055e-16 0.665834934
vn 0.49999968 -1.9229631e-16 0.866025589
vn 0.746099082 -1.47845055e-16 0.665834934
vn 0.867932299 -0.00172086056 0.496679537
vn 0.895667973 -0.00246539347 0.444716544
vn 0.70710702 -1.57009193e-16 0.707106543
vn 0.895667973 -0.00246539347 0.444716544
vn 0.96693188 -0.00496406434 0.254986465
vn 0.974258746 -0.00532565279 0.225369772
vn 0.867932299 -0.00172086056 0.496679537
vn 0.974258746 -0.00532565279 0.225369772
vn 0.999978941 -0.00648974111 -1.441012e-18
vn 0.999978941 -0.00648974111 -1.441012e-18
vn 0.96693188 -0.00496406434 0.254986465

g collision_PZ_item_31_submesh_0
usemtl collision_45
f 3699/3699/3699 3701/3701/3701 3700/3700/3700
f 3699/3699/3699 3700/3700/3700 3702/3702/3702
f 3703/3703/3703 3705/3705/3705 3704/3704/3704
f 3703/3703/3703 3704/3704/3704 3706/3706/3706
f 3707/3707/3707 3709/3709/3709 3708/3708/3708
f 3707/3707/3707 3708/3708/3708 3710/3710/3710
f 3711/3711/3711 3713/3713/3713 3712/3712/3712
f 3711/3711/3711 3712/3712/3712 3714/3714/3714
f 3715/3715/3715 3717/3717/3717 3716/3716/3716
f 3715/3715/3715 3716/3716/3716 3718/3718/3718
f 3719/3719/3719 3721/3721/3721 3720/3720/3720
f 3722/3722/3722 3721/3721/3721 3719/3719/3719
f 3722/3722/3722 3723/3723/3723 3721/3721/3721
f 3724/3724/3724 3723/3723/3723 3722/3722/3722
f 3724/3724/3724 3725/3725/3725 3723/3723/3723
f 3726/3726/3726 3725/3725/3725 3724/3724/3724
f 3726/3726/3726 3727/3727/3727 3725/3725/3725
f 3728/3728/3728 3727/3727/3727 3726/3726/3726
f 3728/3728/3728 3729/3729/3729 3727/3727/3727
f 3730/3730/3730 3732/3732/3732 3731/3731/3731
f 3733/3733/3733 3735/3735/3735 3734/3734/3734
f 3733/3733/3733 3734/3734/3734 3736/3736/3736
f 3737/3737/3737 3739/3739/3739 3738/3738/3738
f 3737/3737/3737 3738/3738/3738 3740/3740/3740
f 3741/3741/3741 3743/3743/3743 3742/3742/3742
f 3741/3741/3741 3742/3742/3742 3744/3744/3744
f 3745/3745/3745 3747/3747/3747 3746/3746/3746
f 3745/3745/3745 3746/3746/3746 3748/3748/3748
f 3749/3749/3749 3751/3751/3751 3750/3750/3750
f 3749/3749/3749 3750/3750/3750 3752/3752/3752
f 3753/3753/3753 3755/3755/3755 3754/3754/3754
f 3753/3753/3753 3754/3754/3754 3756/3756/3756
f 3757/3757/3757 3759/3759/3759 3758/3758/3758
f 3757/3757/3757 3758/3758/3758 3760/3760/3760
f 3761/3761/3761 3763/3763/3763 3762/3762/3762
f 3761/3761/3761 3762/3762/3762 3764/3764/3764
f 3765/3765/3765 3767/3767/3767 3766/3766/3766
f 3765/3765/3765 3766/3766/3766 3768/3768/3768
f 3769/3769/3769 3771/3771/3771 3770/3770/3770
f 3772/3772/3772 3769/3769/3769 3770/3770/3770
f 3772/3772/3772 3770/3770/3770 3773/3773/3773
f 3774/3774/3774 3772/3772/3772 3773/3773/3773
f 3774/3774/3774 3773/3773/3773 3775/3775/3775
f 3776/3776/3776 3774/3774/3774 3775/3775/3775
f 3776/3776/3776 3775/3775/3775 3777/3777/3777
f 3778/3778/3778 3776/3776/3776 3777/3777/3777
f 3778/3778/3778 3777/3777/3777 3779/3779/3779
f 3780/3780/3780 3782/3782/3782 3781/3781/3781
f 3783/3783/3783 3785/3785/3785 3784/3784/3784
f 3783/3783/3783 3784/3784/3784 3786/3786/3786
f 3787/3787/3787 3789/3789/3789 3788/3788/3788
f 3787/3787/3787 3788/3788/3788 3790/3790/3790
f 3791/3791/3791 3793/3793/3793 3792/3792/3792
f 3791/3791/3791 3792/3792/3792 3794/3794/3794
f 3795/3795/3795 3797/3797/3797 3796/3796/3796
f 3795/3795/3795 3796/3796/3796 3798/3798/3798

o collision_PZ_item_17
v -4.84358215 4.34960835 -11.5388159
v -14.2793503 4.34960835 -9.71712341
v -4.84358215 4.34960835 -9.71712341
v -14.2793503 4.34960835 -11.538814
v -2.88626861 4.34960835 -9.71712341
v -2.88626861 4.34960835 -11.5388159
v -0.146717071 4.34960835 -11.5388159
v -0.146717071 4.34960835 -9.71712341
v 2.95522308 4.34960835 -9.71712341
v 2.95522308 4.34960835 -11.5388159
v 4.55014992 4.34960835 -11.5388159
v 4.55014992 4.34960835 -9.71712341
v 17.1447983 4.34960835 -11.538814
v 17.1447983 4.34960835 -9.71712341
v -4.84358215 4.85368364 -11.5388159
v -14.2793503 4.85368364 -9.71712341
v -14.2793503 4.85368364 -11.538814
v -4.84358215 4.85368364 -9.71712341
v -4.84358215 4.34960835 -11.5388159
v -14.2793503 4.85368364 -11.538814
v -14.2793503 4.34960835 -11.538814
v -4.84358215 4.85368364 -11.5388159
v -2.88626861 4.34960835 -11.5388159
v -2.88626861 4.85368364 -11.5388159
v -0.146717071 4.34960835 -11.5388159
v -0.146717071 4.85368364 -11.5388159
v 2.95522308 4.34960835 -11.5388159
v 2.95522308 4.85368364 -11.5388159
v 4.55014992 4.34960835 -11.5388159
v 4.55014992 4.85368364 -11.5388159
v 17.1447983 4.34960835 -11.538814
v 17.1447983 4.85368364 -11.538814
v -14.2793503 4.34960835 -9.71712341
v -4.84358215 4.85368364 -9.71712341
v -4.84358215 4.34960835 -9.71712341
v -14.2793503 4.85368364 -9.71712341
v -2.88626861 4.34960835 -9.71712341
v -2.88626861 4.85368364 -9.71712341
v 17.1447983 4.34960835 -9.71712341
v 17.1447983 4.85368364 -11.538814
v 17.1447983 4.34960835 -11.538814
v 17.1447983 4.85368364 -9.71712341
v 4.55014992 4.85368364 -11.5388159
v 2.95522308 4.85368364 -9.71712341
v 2.95522308 4.85368364 -11.5388159
v 4.55014992 4.85368364 -9.71712341
v -0.146717071 4.85368364 -9.71712341
v -0.146717071 4.85368364 -11.5388159
v -0.146717071 4.85368364 -11.5388159
v -2.88626861 4.85368364 -9.71712341
v -2.88626861 4.85368364 -11.5388159
v -0.146717071 4.85368364 -9.71712341
v -4.84358215 4.85368364 -9.71712341
v -4.84358215 4.85368364 -11.5388159
v 17.1447983 4.85368364 -11.538814
v 4.55014992 4.85368364 -9.71712341
v 4.55014992 4.85368364 -11.5388159
v 17.1447983 4.85368364 -9.71712341
v 4.55014992 4.85368364 -9.71712341
v 17.1447983 4.34960835 -9.71712341
v 4.55014992 4.34960835 -9.71712341
v 17.1447983 4.85368364 -9.71712341
v 2.95522308 4.34960835 -9.71712341
v 2.95522308 4.85368364 -9.71712341
v 2.12269783 5.9986903 -6.53844108
v -2.255867 5.99846547 -7.35934343
v -2.3884697 5.9986903 -6.53844108
v 2.11998367 5.99846547 -7.28205814
v 2.12269783 6.47816341 -6.53844108
v -0.132873534 6.47816341 -6.83540239
v 2.11998367 6.47793834 -7.28205814
v -2.36126327 6.47793834 -7.28205814
v -2.3884697 6.47816341 -6.53844108
v 2.12269783 5.9986903 -6.53844108
v 2.11998367 6.47793834 -7.28205814
v 2.11998367 5.99846547 -7.28205814
v 2.12269783 6.47816341 -6.53844108
v -2.255867 5.99846547 -7.35934343
v -2.3884697 6.47816341 -6.53844108
v -2.3884697 5.9986903 -6.53844108
v -2.36126327 6.47793834 -7.28205814
v 2.11998367 5.99846547 -7.28205814
v 2.95522308 4.34960835 -9.71712341
v -0.146717071 4.34960835 -9.71712341
v -2.255867 5.99846547 -7.35934343
v -2.88626861 4.34960835 -9.71712341
v -2.36126327 6.47793834 -7.28205814
v -2.88626861 4.85368364 -9.71712341
v -0.146717071 4.85368364 -9.71712341
v 2.11998367 6.47793834 -7.28205814
v 2.95522308 4.85368364 -9.71712341
v 2.11998367 6.47793834 -7.28205814
v 2.95522308 4.34960835 -9.71712341
v 2.11998367 5.99846547 -7.28205814
v 2.95522308 4.85368364 -9.71712341
v -2.255867 5.99846547 -7.35934343
v -2.88626861 4.85368364 -9.71712341
v -2.36126327 6.47793834 -7.28205814
v -2.88626861 4.34960835 -9.71712341
v -2.92525291 5.85368388 -10.8843912
v 2.95522881 5.85368388 -11.4482025
v 2.95522881 5.85368388 -10.8843903
v -2.92525291 5.85368388 -11.4482025
v -2.92525291 4.85368388 -10.8843912
v 2.95522881 5.85368388 -10.8843903
v 2.95522881 4.85368388 -10.8843903
v -2.92525291 5.85368388 -10.8843912
v 2.95522881 4.85368388 -10.8843903
v 2.95522881 5.85368388 -11.4482025
v 2.95522881 4.85368388 -11.4482025
v 2.95522881 5.85368388 -10.8843903
v 2.95522881 4.85368388 -11.4482025
v -2.92525291 5.85368388 -11.4482025
v -2.92525291 4.85368388 -11.4482025
v 2.95522881 5.85368388 -11.4482025
v -2.92525291 4.85368388 -11.4482025
v -2.92525291 5.85368388 -10.8843912
v -2.92525291 4.85368388 -10.8843912
v -2.92525291 5.85368388 -11.4482025
vt 0.908626974 0.387969494
vt 0.427712798 0.574492931
vt 0.908626974 0.574493647
vt 0.427712798 0.387968779
vt 1.14908397 0.574493647
vt 1.14908397 0.387969494
vt 1.38954151 0.387969494
vt 1.38954151 0.574493647
vt 1.62999868 0.574493647
vt 1.62999868 0.387969494
vt 1.87045586 0.387969494
vt 1.87045586 0.574493647
vt 2.35137033 0.387969494
vt 2.35137033 0.574493647
vt 0.674604714 0.290544659
vt 0.0113754673 0.0326418914
vt 0.0113754673 0.290544242
vt 0.674604714 0.032642331
vt 0.61769259 0.320012182
vt 0.482978046 0.300039738
vt 0.482978046 0.320012182
vt 0.61769259 0.300039738
vt 0.685049891 0.320012182
vt 0.685049891 0.300039738
vt 0.752407253 0.320012182
vt 0.752407253 0.300039738
vt 0.819764555 0.320012182
vt 0.819764555 0.300039738
vt 0.887121856 0.320012182
vt 0.887121856 0.300039738
vt 1.0218364 0.320012182
vt 1.0218364 0.300039738
vt 0.482978046 0.320012182
vt 0.61769259 0.300039738
vt 0.61769259 0.320012182
vt 0.482978046 0.300039738
vt 0.685049891 0.320012182
vt 0.685049891 0.300039738
vt 0.364064991 0.359207988
vt 0.375099003 0.325336009
vt 0.364064991 0.325336009
vt 0.375099003 0.359207988
vt 0.674127162 0.290544659
vt 0.343989491 0.032642331
vt 0.343989491 0.290544659
vt 0.674127162 0.032642331
vt 0.0113754673 0.032642331
vt 0.0113754673 0.290544659
vt 0.0113754673 0.290544659
vt 0.344228506 0.032642331
vt 0.344228506 0.290544659
vt 0.0113754673 0.032642331
vt 0.674604714 0.032642331
vt 0.674604714 0.290544659
vt 0.0113754673 0.290544659
vt 0.674127162 0.032642331
vt 0.674127162 0.290544659
vt 0.0113754673 0.032642331
vt 0.887121856 0.300039738
vt 1.0218364 0.320012182
vt 0.887121856 0.320012182
vt 1.0218364 0.300039738
vt 0.819764555 0.320012182
vt 0.819764555 0.300039738
vt 0.382845581 0.580813706
vt 0.117082439 0.530987859
vt 0.109033868 0.580813706
vt 0.382680833 0.535678804
vt 0.477452427 0.0255481042
vt 0.289293587 0.0503205061
vt 0.477225989 0.0875803456
vt 0.103402257 0.0875803456
vt 0.101132616 0.0255481042
vt 1.0218364 0.320012182
vt 0.895308197 0.300039738
vt 0.895308197 0.320012182
vt 1.0218364 0.300039738
vt 0.947775185 0.320012182
vt 0.821246982 0.300039738
vt 0.821246982 0.320012182
vt 0.947775185 0.300039738
vt 0.382680833 0.535678804
vt 0.433376372 0.387877911
vt 0.245099828 0.387877911
vt 0.117082439 0.530987859
vt 0.0788188279 0.387877911
vt 0.103402257 0.0875803456
vt 0.0596058518 0.290714115
vt 0.288138211 0.290714115
vt 0.477225989 0.0875803456
vt 0.54690063 0.290714115
vt 0.895308197 0.300039738
vt 0.821246982 0.320012182
vt 0.895308197 0.320012182
vt 0.821246982 0.300039738
vt 0.947775185 0.320012182
vt 1.0218364 0.300039738
vt 0.947775185 0.300039738
vt 1.0218364 0.320012182
vt 0.411769807 0.801583469
vt 0.438436508 0.625241041
vt 0.411769807 0.625241041
vt 0.438436508 0.801583469
vt 0.525347888 0.677529454
vt 0.441178024 0.996701241
vt 0.525347888 0.996701241
vt 0.441178083 0.677529454
vt 0.439485848 0.931153834
vt 0.409644306 0.831641197
vt 0.409644306 0.931153774
vt 0.439485848 0.831641197
vt 0.525347888 0.677529454
vt 0.441178024 0.996701241
vt 0.525347888 0.996701241
vt 0.441178024 0.677529454
vt 0.439286292 0.931153834
vt 0.409444809 0.831641197
vt 0.409444809 0.931153774
vt 0.439286292 0.831641197
vn 0 -1 -2.22044605e-16
vn 0 -1 -2.22044605e-16
vn 0 -1 -2.22044605e-16
vn 0 -1 -2.22044605e-16
vn 0 -1 -2.22044605e-16
vn 0 -1 -2.22044605e-16
vn 0 -1 -2.22044605e-16
vn 0 -1 -2.22044605e-16
vn 0 -1 -2.22044605e-16
vn 0 -1 -2.22044605e-16
vn 0 -1 -2.22044605e-16
vn 0 -1 -2.22044605e-16
vn 0 -1 -2.22044605e-16
vn 0 -1 -2.22044605e-16
vn 0 1 2.22044605e-16
vn 0 1 2.22044605e-16
vn 0 1 2.22044605e-16
vn 0 1 2.22044605e-16
vn 0 2.22044605e-16 -1
vn 0 2.22044605e-16 -1
vn 0 2.22044605e-16 -1
vn 0 2.22044605e-16 -1
vn 0 2.22044605e-16 -1
vn 0 2.22044605e-16 -1
vn 0 2.22044605e-16 -1
vn 0 2.22044605e-16 -1
vn 0 2.22044605e-16 -1
vn 0 2.22044605e-16 -1
vn 0 2.22044605e-16 -1
vn 0 2.22044605e-16 -1
vn 0 2.22044605e-16 -1
vn 0 2.22044605e-16 -1
vn 0 -2.22044605e-16 1
vn 0 -2.22044605e-16 1
vn 0 -2.22044605e-16 1
vn 0 -2.22044605e-16 1
vn 0 -2.22044605e-16 1
vn 0 -2.22044605e-16 1
vn 1 0 0
vn 1 0 0
vn 1 0 0
vn 1 0 0
vn 0 1 2.22044605e-16
vn 0 1 2.22044605e-16
vn 0 1 2.22044605e-16
vn 0 1 2.22044605e-16
vn 0 1 2.22044605e-16
vn 0 1 2.22044605e-16
vn 0 1 2.22044605e-16
vn 0 1 2.22044605e-16
vn 0 1 2.22044605e-16
vn 0 1 2.22044605e-16
vn 0 1 2.22044605e-16
vn 0 1 2.22044605e-16
vn 0 1 2.22044605e-16
vn 0 1 2.22044605e-16
vn 0 1 2.22044605e-16
vn 0 1 2.22044605e-16
vn 0 -2.22044605e-16 1
vn 0 -2.22044605e-16 1
vn 0 -2.22044605e-16 1
vn 0 -2.22044605e-16 1
vn 0 -2.22044605e-16 1
vn 0 -2.22044605e-16 1
vn 0 -0.999999959 0.000286102574
vn 0 -0.999999959 0.000286102574
vn 0 -0.999999959 0.000286102574
vn 0 -0.999999959 0.000286102574
vn 0 0.999999959 -0.000286102574
vn 0 0.999999959 -0.000286102574
vn 0 0.999999959 -0.000286102574
vn 0 0.999999959 -0.000286102574
vn 0 0.999999959 -0.000286102574
vn 0.99999326 8.15245068e-19 -0.00367153738
vn 0.99999326 8.15245068e-19 -0.00367153738
vn 0.99999326 8.15245068e-19 -0.00367153738
vn 0.99999326 8.15245068e-19 -0.00367153738
vn -0.989775225 -0.100632083 -0.101085056
vn -0.989775225 -0.100632083 -0.101085056
vn -0.989775225 -0.100632083 -0.101085056
vn -0.989775225 -0.100632083 -0.101085056
vn 0 -0.828037945 0.560672063
vn 0 -0.828037945 0.560672063
vn 0 -0.828037945 0.560672063
vn -0.0100134025 -0.823626167 0.56704468
vn 0 -0.819482722 0.57310389
vn 0 0.831918205 -0.554898279
vn 0 0.831918205 -0.554898279
vn 0 0.831918205 -0.554898279
vn 0 0.831918205 -0.554898279
vn 0 0.831918205 -0.554898279
vn 0.945900792 -7.20437032e-17 0.324455995
vn 0.945900792 -7.20437032e-17 0.324455995
vn 0.945900792 -7.20437032e-17 0.324455995
vn 0.945900792 -7.20437032e-17 0.324455995
vn -0.941543828 -0.125465268 0.31265586
vn -0.941544529 -0.125459402 0.312656103
vn -0.941545233 -0.12545353 0.312656338
vn -0.941545233 -0.12545353 0.312656338
vn 0 1 2.22044605e-16
vn 0 1 2.22044605e-16
vn 0 1 2.22044605e-16
vn 0 1 2.22044605e-16
vn 0 -2.22044605e-16 1
vn 0 -2.22044605e-16 1
vn 0 -2.22044605e-16 1
vn 0 -2.22044605e-16 1
vn 1 0 0
vn 1 0 0
vn 1 0 0
vn 1 0 0
vn 0 2.22044605e-16 -1
vn 0 2.22044605e-16 -1
vn 0 2.22044605e-16 -1
vn 0 2.22044605e-16 -1
vn -1 0 0
vn -1 0 0
vn -1 0 0
vn -1 0 0

g collision_PZ_item_17_submesh_0
usemtl collision_46
f 3799/3799/3799 3801/3801/3801 3800/3800/3800
f 3799/3799/3799 3800/3800/3800 3802/3802/3802
f 3803/3803/3803 3801/3801/3801 3799/3799/3799
f 3803/3803/3803 3799/3799/3799 3804/3804/3804
f 3805/3805/3805 3803/3803/3803 3804/3804/3804
f 3805/3805/3805 3806/3806/3806 3803/3803/3803
f 3807/3807/3807 3806/3806/3806 3805/3805/3805
f 3807/3807/3807 3805/3805/3805 3808/3808/3808
f 3809/3809/3809 3807/3807/3807 3808/3808/3808
f 3809/3809/3809 3810/3810/3810 3807/3807/3807
f 3811/3811/3811 3810/3810/3810 3809/3809/3809
f 3811/3811/3811 3812/3812/3812 3810/3810/3810
f 3813/3813/3813 3815/3815/3815 3814/3814/3814
f 3813/3813/3813 3814/3814/3814 3816/3816/3816
f 3817/3817/3817 3819/3819/3819 3818/3818/3818
f 3817/3817/3817 3818/3818/3818 3820/3820/3820
f 3821/3821/3821 3817/3817/3817 3820/3820/3820
f 3821/3821/3821 3820/3820/3820 3822/3822/3822
f 3823/3823/3823 3821/3821/3821 3822/3822/3822
f 3823/3823/3823 3822/3822/3822 3824/3824/3824
f 3825/3825/3825 3823/3823/3823 3824/3824/3824
f 3825/3825/3825 3824/3824/3824 3826/3826/3826
f 3827/3827/3827 3825/3825/3825 3826/3826/3826
f 3827/3827/3827 3826/3826/3826 3828/3828/3828
f 3829/3829/3829 3827/3827/3827 3828/3828/3828
f 3829/3829/3829 3828/3828/3828 3830/3830/3830
f 3831/3831/3831 3833/3833/3833 3832/3832/3832
f 3831/3831/3831 3832/3832/3832 3834/3834/3834
f 3832/3832/3832 3833/3833/3833 3835/3835/3835
f 3832/3832/3832 3835/3835/3835 3836/3836/3836
f 3837/3837/3837 3839/3839/3839 3838/3838/3838
f 3837/3837/3837 3838/3838/3838 3840/3840/3840
f 3841/3841/3841 3843/3843/3843 3842/3842/3842
f 3841/3841/3841 3842/3842/3842 3844/3844/3844
f 3843/3843/3843 3845/3845/3845 3842/3842/3842
f 3843/3843/3843 3846/3846/3846 3845/3845/3845
f 3847/3847/3847 3849/3849/3849 3848/3848/3848
f 3847/3847/3847 3848/3848/3848 3850/3850/3850
f 3849/3849/3849 3851/3851/3851 3848/3848/3848
f 3849/3849/3849 3852/3852/3852 3851/3851/3851
f 3853/3853/3853 3855/3855/3855 3854/3854/3854
f 3853/3853/3853 3854/3854/3854 3856/3856/3856
f 3857/3857/3857 3859/3859/3859 3858/3858/3858
f 3857/3857/3857 3858/3858/3858 3860/3860/3860
f 3861/3861/3861 3859/3859/3859 3857/3857/3857
f 3861/3861/3861 3857/3857/3857 3862/3862/3862
f 3863/3863/3863 3865/3865/3865 3864/3864/3864
f 3863/3863/3863 3864/3864/3864 3866/3866/3866
f 3867/3867/3867 3869/3869/3869 3868/3868/3868
f 3869/3869/3869 3870/3870/3870 3868/3868/3868
f 3870/3870/3870 3871/3871/3871 3868/3868/3868
f 3872/3872/3872 3874/3874/3874 3873/3873/3873
f 3872/3872/3872 3873/3873/3873 3875/3875/3875
f 3876/3876/3876 3878/3878/3878 3877/3877/3877
f 3876/3876/3876 3877/3877/3877 3879/3879/3879
f 3880/3880/3880 3882/3882/3882 3881/3881/3881
f 3880/3880/3880 3883/3883/3883 3882/3882/3882
f 3883/3883/3883 3884/3884/3884 3882/3882/3882
f 3885/3885/3885 3887/3887/3887 3886/3886/3886
f 3885/3885/3885 3888/3888/3888 3887/3887/3887
f 3888/3888/3888 3889/3889/3889 3887/3887/3887
f 3890/3890/3890 3892/3892/3892 3891/3891/3891
f 3890/3890/3890 3891/3891/3891 3893/3893/3893
f 3894/3894/3894 3896/3896/3896 3895/3895/3895
f 3894/3894/3894 3895/3895/3895 3897/3897/3897
f 3898/3898/3898 3900/3900/3900 3899/3899/3899
f 3898/3898/3898 3899/3899/3899 3901/3901/3901
f 3902/3902/3902 3904/3904/3904 3903/3903/3903
f 3902/3902/3902 3903/3903/3903 3905/3905/3905
f 3906/3906/3906 3908/3908/3908 3907/3907/3907
f 3906/3906/3906 3907/3907/3907 3909/3909/3909
f 3910/3910/3910 3912/3912/3912 3911/3911/3911
f 3910/3910/3910 3911/3911/3911 3913/3913/3913
f 3914/3914/3914 3916/3916/3916 3915/3915/3915
f 3914/3914/3914 3915/3915/3915 3917/3917/3917

o collision_PZ_item_27
v 28.3596397 5.85368299 5.62683774
v 28.9234538 5.85368299 8.63569928
v 28.3596397 5.85368299 8.63569928
v 28.9234538 5.85368299 5.62683774
v 28.3596397 4.85368204 5.62683774
v 28.3596397 5.85368299 8.63569928
v 28.3596397 4.85368204 8.63569928
v 28.3596397 5.85368299 5.62683774
v 28.3596397 4.85368204 8.63569928
v 28.9234538 5.85368299 8.63569928
v 28.9234538 4.85368204 8.63569928
v 28.3596397 5.85368299 8.63569928
v 28.9234538 4.85368204 8.63569928
v 28.9234538 5.85368299 5.62683774
v 28.9234538 4.85368204 5.62683774
v 28.9234538 5.85368299 8.63569928
v 28.9234538 4.85368204 5.62683774
v 28.3596397 5.85368299 5.62683774
v 28.3596397 4.85368204 5.62683774
v 28.9234538 5.85368299 5.62683774
vt 0.411769807 0.801583469
vt 0.438436508 0.625241041
vt 0.411769807 0.625241041
vt 0.438436508 0.801583469
vt 0.525347888 0.677529454
vt 0.441178024 0.996701241
vt 0.525347888 0.996701241
vt 0.441178083 0.677529454
vt 0.439485848 0.931153834
vt 0.409644306 0.831641197
vt 0.409644306 0.931153774
vt 0.439485848 0.831641197
vt 0.525347888 0.677529454
vt 0.441178024 0.996701241
vt 0.525347888 0.996701241
vt 0.441178024 0.677529454
vt 0.439286292 0.931153834
vt 0.409444809 0.831641197
vt 0.409444809 0.931153774
vt 0.439286292 0.831641197
vn 0 1 2.22044605e-16
vn 0 1 2.22044605e-16
vn 0 1 2.22044605e-16
vn 0 1 2.22044605e-16
vn -1 0 0
vn -1 0 0
vn -1 0 0
vn -1 0 0
vn 0 -2.22044605e-16 1
vn 0 -2.22044605e-16 1
vn 0 -2.22044605e-16 1
vn 0 -2.22044605e-16 1
vn 1 0 0
vn 1 0 0
vn 1 0 0
vn 1 0 0
vn 0 2.22044605e-16 -1
vn 0 2.22044605e-16 -1
vn 0 2.22044605e-16 -1
vn 0 2.22044605e-16 -1

g collision_PZ_item_27_submesh_0
usemtl collision_47
f 3918/3918/3918 3920/3920/3920 3919/3919/3919
f 3918/3918/3918 3919/3919/3919 3921/3921/3921
f 3922/3922/3922 3924/3924/3924 3923/3923/3923
f 3922/3922/3922 3923/3923/3923 3925/3925/3925
f 3926/3926/3926 3928/3928/3928 3927/3927/3927
f 3926/3926/3926 3927/3927/3927 3929/3929/3929
f 3930/3930/3930 3932/3932/3932 3931/3931/3931
f 3930/3930/3930 3931/3931/3931 3933/3933/3933
f 3934/3934/3934 3936/3936/3936 3935/3935/3935
f 3934/3934/3934 3935/3935/3935 3937/3937/3937

o collision_PZ_zhuan_3
v -0.13287354 11.1614227 7.97123102
v -0.13287354 11.1614256 1.87951938
v 1.44377505 11.1614227 7.7636619
v 1.44377505 11.1614227 7.7636619
v -0.13287354 11.1614256 1.87951938
v 2.91297864 11.1614227 7.15509657
v 2.91297864 11.1614227 7.15509657
v -0.13287354 11.1614256 1.87951938
v 4.17461156 11.1614227 6.18701319
v 4.17461156 11.1614227 6.18701319
v -0.13287354 11.1614256 1.87951938
v 5.14269828 11.1614227 4.92537908
v 5.14269828 11.1614227 4.92537908
v -0.13287354 11.1614256 1.87951938
v 5.75126171 11.1614227 3.4561762
v 5.75126171 11.1614227 3.4561762
v -0.13287354 11.1614256 1.87951938
v 5.95883274 11.1614227 1.87951938
v 1.44377505 11.1614227 7.7636619
v -0.13287354 10.8101845 7.97123102
v -0.13287354 11.1614227 7.97123102
v 1.44377505 10.8101845 7.7636619
v 2.91297864 11.1614227 7.15509657
v 2.91297864 10.8101845 7.15509657
v 4.17461156 11.1614227 6.18701319
v 4.17461156 10.8101845 6.18701319
v 5.14269828 11.1614227 4.92537908
v 5.14269828 10.8101845 4.92537908
v 5.75126171 11.1614227 3.4561762
v 5.75126171 10.8101845 3.45617632
v 5.95883274 11.1614227 1.87951938
v 5.95883274 10.8101845 1.87951938
v 1.44377505 10.8101845 7.7636619
v -0.13287354 10.8101864 1.87951938
v -0.13287354 10.8101845 7.97123102
v 2.91297864 10.8101845 7.15509657
v -0.13287354 10.8101864 1.87951938
v 1.44377505 10.8101845 7.7636619
v 4.17461156 10.8101845 6.18701319
v -0.13287354 10.8101864 1.87951938
v 2.91297864 10.8101845 7.15509657
v 5.14269828 10.8101845 4.92537908
v -0.13287354 10.8101864 1.87951938
v 4.17461156 10.8101845 6.18701319
v 5.75126171 10.8101845 3.45617632
v -0.13287354 10.8101864 1.87951938
v 5.14269828 10.8101845 4.92537908
v 5.95883274 10.8101845 1.87951938
v -0.13287354 10.8101864 1.87951938
v 5.75126171 10.8101845 3.45617632
v -0.13287354 11.1614227 -4.21219202
v 1.44377505 11.1614227 -4.00462195
v -0.13287354 11.1614256 1.87951938
v 1.44377505 11.1614227 -4.00462195
v 2.91297864 11.1614227 -3.39605757
v -0.13287354 11.1614256 1.87951938
v 2.91297864 11.1614227 -3.39605757
v 4.17461156 11.1614227 -2.42797323
v -0.13287354 11.1614256 1.87951938
v 4.17461156 11.1614227 -2.42797323
v 5.14269828 11.1614227 -1.16634055
v -0.13287354 11.1614256 1.87951938
v 5.14269828 11.1614227 -1.16634055
v 5.75126171 11.1614227 0.302862443
v -0.13287354 11.1614256 1.87951938
v 5.75126171 11.1614227 0.302862443
v 5.95883274 11.1614227 1.87951938
v -0.13287354 11.1614256 1.87951938
v 1.44377505 11.1614227 -4.00462195
v -0.13287354 10.8101845 -4.21219202
v 1.44377505 10.8101845 -4.00462195
v -0.13287354 11.1614227 -4.21219202
v 2.91297864 11.1614227 -3.39605757
v 2.91297864 10.8101845 -3.39605757
v 4.17461156 11.1614227 -2.42797323
v 4.17461156 10.8101845 -2.42797323
v 5.14269828 11.1614227 -1.16634055
v 4.17461156 10.8101845 -2.42797323
v 5.14269828 10.8101845 -1.16634055
v 4.17461156 11.1614227 -2.42797323
v 5.75126171 11.1614227 0.302862443
v 5.75126171 10.8101845 0.302862562
v 5.95883274 11.1614227 1.87951938
v 5.95883274 10.8101845 1.87951938
v 1.44377505 10.8101845 -4.00462195
v -0.13287354 10.8101845 -4.21219202
v -0.13287354 10.8101864 1.87951938
v 2.91297864 10.8101845 -3.39605757
v 1.44377505 10.8101845 -4.00462195
v -0.13287354 10.8101864 1.87951938
v 4.17461156 10.8101845 -2.42797323
v 2.91297864 10.8101845 -3.39605757
v -0.13287354 10.8101864 1.87951938
v 5.14269828 10.8101845 -1.16634055
v 4.17461156 10.8101845 -2.42797323
v -0.13287354 10.8101864 1.87951938
v 5.75126171 10.8101845 0.302862562
v 5.14269828 10.8101845 -1.16634055
v -0.13287354 10.8101864 1.87951938
v 5.95883274 10.8101845 1.87951938
v 5.75126171 10.8101845 0.302862562
v -0.13287354 10.8101864 1.87951938
v -0.13287354 11.1614227 7.97123102
v -1.70952225 11.1614227 7.7636619
v -0.13287354 11.1614256 1.87951938
v -1.70952225 11.1614227 7.7636619
v -3.17872525 11.1614227 7.15509657
v -0.13287354 11.1614256 1.87951938
v -3.17872525 11.1614227 7.15509657
v -4.44035864 11.1614227 6.18701319
v -0.13287354 11.1614256 1.87951938
v -4.44035864 11.1614227 6.18701319
v -5.40844536 11.1614227 4.92537908
v -0.13287354 11.1614256 1.87951938
v -5.40844536 11.1614227 4.92537908
v -6.01700879 11.1614227 3.4561762
v -0.13287354 11.1614256 1.87951938
v -6.01700879 11.1614227 3.4561762
v -6.22457982 11.1614227 1.87951938
v -0.13287354 11.1614256 1.87951938
v -1.70952225 11.1614227 7.7636619
v -0.13287354 10.8101845 7.97123102
v -1.70952225 10.8101845 7.7636619
v -0.13287354 11.1614227 7.97123102
v -3.17872525 11.1614227 7.15509657
v -3.17872525 10.8101845 7.15509657
v -4.44035864 11.1614227 6.18701319
v -4.44035864 10.8101845 6.18701319
v -5.40844536 11.1614227 4.92537908
v -4.44035864 10.8101845 6.18701319
v -5.40844536 10.8101845 4.92537908
v -4.44035864 11.1614227 6.18701319
v -6.01700879 11.1614227 3.4561762
v -6.01700879 10.8101845 3.45617632
v -6.22457982 11.1614227 1.87951938
v -6.22457982 10.8101845 1.87951938
v -1.70952225 10.8101845 7.7636619
v -0.13287354 10.8101845 7.97123102
v -0.13287354 10.8101864 1.87951938
v -3.17872525 10.8101845 7.15509657
v -1.70952225 10.8101845 7.7636619
v -0.13287354 10.8101864 1.87951938
v -4.44035864 10.8101845 6.18701319
v -3.17872525 10.8101845 7.15509657
v -0.13287354 10.8101864 1.87951938
v -5.40844536 10.8101845 4.92537908
v -4.44035864 10.8101845 6.18701319
v -0.13287354 10.8101864 1.87951938
v -6.01700879 10.8101845 3.45617632
v -5.40844536 10.8101845 4.92537908
v -0.13287354 10.8101864 1.87951938
v -6.22457982 10.8101845 1.87951938
v -6.01700879 10.8101845 3.45617632
v -0.13287354 10.8101864 1.87951938
v -0.13287354 11.1614227 -4.21219202
v -0.13287354 11.1614256 1.87951938
v -1.70952225 11.1614227 -4.00462195
v -1.70952225 11.1614227 -4.00462195
v -0.13287354 11.1614256 1.87951938
v -3.17872525 11.1614227 -3.39605757
v -3.17872525 11.1614227 -3.39605757
v -0.13287354 11.1614256 1.87951938
v -4.44035864 11.1614227 -2.42797323
v -4.44035864 11.1614227 -2.42797323
v -0.13287354 11.1614256 1.87951938
v -5.40844536 11.1614227 -1.16634055
v -5.40844536 11.1614227 -1.16634055
v -0.13287354 11.1614256 1.87951938
v -6.01700879 11.1614227 0.302862443
v -6.01700879 11.1614227 0.302862443
v -0.13287354 11.1614256 1.87951938
v -6.22457982 11.1614227 1.87951938
v -1.70952225 11.1614227 -4.00462195
v -0.13287354 10.8101845 -4.21219202
v -0.13287354 11.1614227 -4.21219202
v -1.70952225 10.8101845 -4.00462195
v -3.17872525 11.1614227 -3.39605757
v -3.17872525 10.8101845 -3.39605757
v -4.44035864 11.1614227 -2.42797323
v -4.44035864 10.8101845 -2.42797323
v -5.40844536 11.1614227 -1.16634055
v -5.40844536 10.8101845 -1.16634055
v -6.01700879 11.1614227 0.302862443
v -6.01700879 10.8101845 0.302862562
v -6.22457982 11.1614227 1.87951938
v -6.22457982 10.8101845 1.87951938
v -1.70952225 10.8101845 -4.00462195
v -0.13287354 10.8101864 1.87951938
v -0.13287354 10.8101845 -4.21219202
v -3.17872525 10.8101845 -3.39605757
v -0.13287354 10.8101864 1.87951938
v -1.70952225 10.8101845 -4.00462195
v -4.44035864 10.8101845 -2.42797323
v -0.13287354 10.8101864 1.87951938
v -3.17872525 10.8101845 -3.39605757
v -5.40844536 10.8101845 -1.16634055
v -0.13287354 10.8101864 1.87951938
v -4.44035864 10.8101845 -2.42797323
v -6.01700879 10.8101845 0.302862562
v -0.13287354 10.8101864 1.87951938
v -5.40844536 10.8101845 -1.16634055
v -6.22457982 10.8101845 1.87951938
v -0.13287354 10.8101864 1.87951938
v -6.01700879 10.8101845 0.302862562
vt -0.426265985 1.15661967
vt -0.813005626 1.21254623
vt -0.423533976 1.25786817
vt -0.423533976 1.25786817
vt -0.813005626 1.21254623
vt -0.426265985 1.15661967
vt -0.426265985 1.15661967
vt -0.813005626 1.21254623
vt -0.423533976 1.25786817
vt -0.423533976 1.25786817
vt -0.813005626 1.21254623
vt -0.426265985 1.15661967
vt -0.426265985 1.15661967
vt -0.813005626 1.21254623
vt -0.423533976 1.25786817
vt -0.423533976 1.25786817
vt -0.813005626 1.21254623
vt -0.426265985 1.15661967
vt 1.6863929 0.301016212
vt 1.77187014 0.320058405
vt 1.77187014 0.301016212
vt 1.6863929 0.320058405
vt 1.60674083 0.301016212
vt 1.60674083 0.320058405
vt 1.53834224 0.301016212
vt 1.53834224 0.320058405
vt 1.4699434 0.301016212
vt 1.4699434 0.320058405
vt 1.39029133 0.301016212
vt 1.39029133 0.320058405
vt 1.3048141 0.301016212
vt 1.3048141 0.320058405
vt 1.00796747 1.57815611
vt 0.0597901419 1.38632154
vt 1.04141676 1.38632441
vt 1.04141676 1.38632441
vt 0.0597901419 1.38632154
vt 1.00796747 1.57815611
vt 1.00796747 1.57815611
vt 0.0597901419 1.38632154
vt 1.04141676 1.38632441
vt 1.04141676 1.38632441
vt 0.0597901419 1.38632154
vt 1.00796747 1.57815611
vt 1.00796747 1.57815611
vt 0.0597901419 1.38632154
vt 1.04141676 1.38632441
vt 1.04141676 1.38632441
vt 0.0597901419 1.38632154
vt 1.00796747 1.57815611
vt -0.426265985 1.15661967
vt -0.423533976 1.25786817
vt -0.813005626 1.21254623
vt -0.423533976 1.25786817
vt -0.426265985 1.15661967
vt -0.813005626 1.21254623
vt -0.426265985 1.15661967
vt -0.423533976 1.25786817
vt -0.813005626 1.21254623
vt -0.423533976 1.25786817
vt -0.426265985 1.15661967
vt -0.813005626 1.21254623
vt -0.426265985 1.15661967
vt -0.423533976 1.25786817
vt -0.813005626 1.21254623
vt -0.423533976 1.25786817
vt -0.426265985 1.15661967
vt -0.813005626 1.21254623
vt 1.6863929 0.301016212
vt 1.77187014 0.320058405
vt 1.6863929 0.320058405
vt 1.77187014 0.301016212
vt 1.60674083 0.301016212
vt 1.60674083 0.320058405
vt 1.53834224 0.301016212
vt 1.53834224 0.320058405
vt 1.4699434 0.301016212
vt 1.53834224 0.320058405
vt 1.4699434 0.320058405
vt 1.53834224 0.301016212
vt 1.39029133 0.301016212
vt 1.39029133 0.320058405
vt 1.3048141 0.301016212
vt 1.3048141 0.320058405
vt 1.00796747 1.57815611
vt 1.04141676 1.38632441
vt 0.0597901419 1.38632154
vt 1.04141676 1.38632441
vt 1.00796747 1.57815611
vt 0.0597901419 1.38632154
vt 1.00796747 1.57815611
vt 1.04141676 1.38632441
vt 0.0597901419 1.38632154
vt 1.04141676 1.38632441
vt 1.00796747 1.57815611
vt 0.0597901419 1.38632154
vt 1.00796747 1.57815611
vt 1.04141676 1.38632441
vt 0.0597901419 1.38632154
vt 1.04141676 1.38632441
vt 1.00796747 1.57815611
vt 0.0597901419 1.38632154
vt -0.426265985 1.15661967
vt -0.423533976 1.25786817
vt -0.813005626 1.21254623
vt -0.423533976 1.25786817
vt -0.426265985 1.15661967
vt -0.813005626 1.21254623
vt -0.426265985 1.15661967
vt -0.423533976 1.25786817
vt -0.813005626 1.21254623
vt -0.423533976 1.25786817
vt -0.426265985 1.15661967
vt -0.813005626 1.21254623
vt -0.426265985 1.15661967
vt -0.423533976 1.25786817
vt -0.813005626 1.21254623
vt -0.423533976 1.25786817
vt -0.426265985 1.15661967
vt -0.813005626 1.21254623
vt 1.6863929 0.301016212
vt 1.77187014 0.320058405
vt 1.6863929 0.320058405
vt 1.77187014 0.301016212
vt 1.60674083 0.301016212
vt 1.60674083 0.320058405
vt 1.53834224 0.301016212
vt 1.53834224 0.320058405
vt 1.4699434 0.301016212
vt 1.53834224 0.320058405
vt 1.4699434 0.320058405
vt 1.53834224 0.301016212
vt 1.39029133 0.301016212
vt 1.39029133 0.320058405
vt 1.3048141 0.301016212
vt 1.3048141 0.320058405
vt 1.00796747 1.57815611
vt 1.04141676 1.38632441
vt 0.0597901419 1.38632154
vt 1.04141676 1.38632441
vt 1.00796747 1.57815611
vt 0.0597901419 1.38632154
vt 1.00796747 1.57815611
vt 1.04141676 1.38632441
vt 0.0597901419 1.38632154
vt 1.04141676 1.38632441
vt 1.00796747 1.57815611
vt 0.0597901419 1.38632154
vt 1.00796747 1.57815611
vt 1.04141676 1.38632441
vt 0.0597901419 1.38632154
vt 1.04141676 1.38632441
vt 1.00796747 1.57815611
vt 0.0597901419 1.38632154
vt -0.426265985 1.15661967
vt -0.813005626 1.21254623
vt -0.423533976 1.25786817
vt -0.423533976 1.25786817
vt -0.813005626 1.21254623
vt -0.426265985 1.15661967
vt -0.426265985 1.15661967
vt -0.813005626 1.21254623
vt -0.423533976 1.25786817
vt -0.423533976 1.25786817
vt -0.813005626 1.21254623
vt -0.426265985 1.15661967
vt -0.426265985 1.15661967
vt -0.813005626 1.21254623
vt -0.423533976 1.25786817
vt -0.423533976 1.25786817
vt -0.813005626 1.21254623
vt -0.426265985 1.15661967
vt 1.6863929 0.301016212
vt 1.77187014 0.320058405
vt 1.77187014 0.301016212
vt 1.6863929 0.320058405
vt 1.60674083 0.301016212
vt 1.60674083 0.320058405
vt 1.53834224 0.301016212
vt 1.53834224 0.320058405
vt 1.4699434 0.301016212
vt 1.4699434 0.320058405
vt 1.39029133 0.301016212
vt 1.39029133 0.320058405
vt 1.3048141 0.301016212
vt 1.3048141 0.320058405
vt 1.00796747 1.57815611
vt 0.0597901419 1.38632154
vt 1.04141676 1.38632441
vt 1.04141676 1.38632441
vt 0.0597901419 1.38632154
vt 1.00796747 1.57815611
vt 1.00796747 1.57815611
vt 0.0597901419 1.38632154
vt 1.04141676 1.38632441
vt 1.04141676 1.38632441
vt 0.0597901419 1.38632154
vt 1.00796747 1.57815611
vt 1.00796747 1.57815611
vt 0.0597901419 1.38632154
vt 1.04141676 1.38632441
vt 1.04141676 1.38632441
vt 0.0597901419 1.38632154
vt 1.00796747 1.57815611
vn 0 1 2.22044605e-16
vn 0 1 2.22044605e-16
vn 0 1 2.22044605e-16
vn 0 1 2.22044605e-16
vn 0 1 2.22044605e-16
vn 0 1 2.22044605e-16
vn 0 1 2.22044605e-16
vn 0 1 2.22044605e-16
vn 0 1 2.22044605e-16
vn 0 1 2.22044605e-16
vn 0 1 2.22044605e-16
vn 0 1 2.22044605e-16
vn 0 1 2.22044605e-16
vn 0 1 2.22044605e-16
vn 0 1 2.22044605e-16
vn 0 1 2.22044605e-16
vn 0 1 2.22044605e-16
vn 0 1 2.22044605e-16
vn 0.25881473 -2.14478875e-16 0.965926982
vn 0 -2.22044605e-16 1
vn 0 -2.22044605e-16 1
vn 0.25881473 -2.14478875e-16 0.965926982
vn 0.500005922 -1.92295509e-16 0.866021984
vn 0.500005922 -1.92295509e-16 0.866021984
vn 0.707106781 -1.57009246e-16 0.707106781
vn 0.707106781 -1.57009246e-16 0.707106781
vn 0.866021984 -1.11023618e-16 0.500005922
vn 0.866021984 -1.11023618e-16 0.500005922
vn 0.965926982 -5.74684145e-17 0.25881473
vn 0.965926982 -5.74684145e-17 0.25881473
vn 1 0 0
vn 1 0 0
vn 0 -1 -2.22044605e-16
vn 0 -1 -2.22044605e-16
vn 0 -1 -2.22044605e-16
vn 0 -1 -2.22044605e-16
vn 0 -1 -2.22044605e-16
vn 0 -1 -2.22044605e-16
vn 0 -1 -2.22044605e-16
vn 0 -1 -2.22044605e-16
vn 0 -1 -2.22044605e-16
vn 0 -1 -2.22044605e-16
vn 0 -1 -2.22044605e-16
vn 0 -1 -2.22044605e-16
vn 0 -1 -2.22044605e-16
vn 0 -1 -2.22044605e-16
vn 0 -1 -2.22044605e-16
vn 0 -1 -2.22044605e-16
vn 0 -1 -2.22044605e-16
vn 0 -1 -2.22044605e-16
vn 0 1 2.22044605e-16
vn 0 1 2.22044605e-16
vn 0 1 2.22044605e-16
vn 0 1 2.22044605e-16
vn 0 1 2.22044605e-16
vn 0 1 2.22044605e-16
vn 0 1 2.22044605e-16
vn 0 1 2.22044605e-16
vn 0 1 2.22044605e-16
vn 0 1 2.22044605e-16
vn 0 1 2.22044605e-16
vn 0 1 2.22044605e-16
vn 0 1 2.22044605e-16
vn 0 1 2.22044605e-16
vn 0 1 2.22044605e-16
vn 0 1 2.22044605e-16
vn 0 1 2.22044605e-16
vn 0 1 2.22044605e-16
vn 0.25881473 2.14478875e-16 -0.965926982
vn 0 2.22044605e-16 -1
vn 0.25881473 2.14478875e-16 -0.965926982
vn 0 2.22044605e-16 -1
vn 0.500005922 1.92295509e-16 -0.866021984
vn 0.500005922 1.92295509e-16 -0.866021984
vn 0.707106781 1.57009246e-16 -0.707106781
vn 0.707106781 1.57009246e-16 -0.707106781
vn 0.866021984 1.11023618e-16 -0.500005922
vn 0.707106781 1.57009246e-16 -0.707106781
vn 0.866021984 1.11023618e-16 -0.500005922
vn 0.707106781 1.57009246e-16 -0.707106781
vn 0.965926982 5.74684145e-17 -0.25881473
vn 0.965926982 5.74684145e-17 -0.25881473
vn 1 0 0
vn 1 0 0
vn 0 -1 -2.22044605e-16
vn 0 -1 -2.22044605e-16
vn 0 -1 -2.22044605e-16
vn 0 -1 -2.22044605e-16
vn 0 -1 -2.22044605e-16
vn 0 -1 -2.22044605e-16
vn 0 -1 -2.22044605e-16
vn 0 -1 -2.22044605e-16
vn 0 -1 -2.22044605e-16
vn 0 -1 -2.22044605e-16
vn 0 -1 -2.22044605e-16
vn 0 -1 -2.22044605e-16
vn 0 -1 -2.22044605e-16
vn 0 -1 -2.22044605e-16
vn 0 -1 -2.22044605e-16
vn 0 -1 -2.22044605e-16
vn 0 -1 -2.22044605e-16
vn 0 -1 -2.22044605e-16
vn 0 1 2.22044605e-16
vn 0 1 2.22044605e-16
vn 0 1 2.22044605e-16
vn 0 1 2.22044605e-16
vn 0 1 2.22044605e-16
vn 0 1 2.22044605e-16
vn 0 1 2.22044605e-16
vn 0 1 2.22044605e-16
vn 0 1 2.22044605e-16
vn 0 1 2.22044605e-16
vn 0 1 2.22044605e-16
vn 0 1 2.22044605e-16
vn 0 1 2.22044605e-16
vn 0 1 2.22044605e-16
vn 0 1 2.22044605e-16
vn 0 1 2.22044605e-16
vn 0 1 2.22044605e-16
vn 0 1 2.22044605e-16
vn -0.25881473 -2.14478875e-16 0.965926982
vn 0 -2.22044605e-16 1
vn -0.25881473 -2.14478875e-16 0.965926982
vn 0 -2.22044605e-16 1
vn -0.500005922 -1.92295509e-16 0.866021984
vn -0.500005922 -1.92295509e-16 0.866021984
vn -0.707106781 -1.57009246e-16 0.707106781
vn -0.707106781 -1.57009246e-16 0.707106781
vn -0.866021984 -1.11023618e-16 0.500005922
vn -0.707106781 -1.57009246e-16 0.707106781
vn -0.866021984 -1.11023618e-16 0.500005922
vn -0.707106781 -1.57009246e-16 0.707106781
vn -0.965926982 -5.74684145e-17 0.25881473
vn -0.965926982 -5.74684145e-17 0.25881473
vn -1 0 0
vn -1 0 0
vn 0 -1 -2.22044605e-16
vn 0 -1 -2.22044605e-16
vn 0 -1 -2.22044605e-16
vn 0 -1 -2.22044605e-16
vn 0 -1 -2.22044605e-16
vn 0 -1 -2.22044605e-16
vn 0 -1 -2.22044605e-16
vn 0 -1 -2.22044605e-16
vn 0 -1 -2.22044605e-16
vn 0 -1 -2.22044605e-16
vn 0 -1 -2.22044605e-16
vn 0 -1 -2.22044605e-16
vn 0 -1 -2.22044605e-16
vn 0 -1 -2.22044605e-16
vn 0 -1 -2.22044605e-16
vn 0 -1 -2.22044605e-16
vn 0 -1 -2.22044605e-16
vn 0 -1 -2.22044605e-16
vn 0 1 2.22044605e-16
vn 0 1 2.22044605e-16
vn 0 1 2.22044605e-16
vn 0 1 2.22044605e-16
vn 0 1 2.22044605e-16
vn 0 1 2.22044605e-16
vn 0 1 2.22044605e-16
vn 0 1 2.22044605e-16
vn 0 1 2.22044605e-16
vn 0 1 2.22044605e-16
vn 0 1 2.22044605e-16
vn 0 1 2.22044605e-16
vn 0 1 2.22044605e-16
vn 0 1 2.22044605e-16
vn 0 1 2.22044605e-16
vn 0 1 2.22044605e-16
vn 0 1 2.22044605e-16
vn 0 1 2.22044605e-16
vn -0.25881473 2.14478875e-16 -0.965926982
vn 0 2.22044605e-16 -1
vn 0 2.22044605e-16 -1
vn -0.25881473 2.14478875e-16 -0.965926982
vn -0.500005922 1.92295509e-16 -0.866021984
vn -0.500005922 1.92295509e-16 -0.866021984
vn -0.707106781 1.57009246e-16 -0.707106781
vn -0.707106781 1.57009246e-16 -0.707106781
vn -0.866021984 1.11023618e-16 -0.500005922
vn -0.866021984 1.11023618e-16 -0.500005922
vn -0.965926982 5.74684145e-17 -0.25881473
vn -0.965926982 5.74684145e-17 -0.25881473
vn -1 0 0
vn -1 0 0
vn 0 -1 -2.22044605e-16
vn 0 -1 -2.22044605e-16
vn 0 -1 -2.22044605e-16
vn 0 -1 -2.22044605e-16
vn 0 -1 -2.22044605e-16
vn 0 -1 -2.22044605e-16
vn 0 -1 -2.22044605e-16
vn 0 -1 -2.22044605e-16
vn 0 -1 -2.22044605e-16
vn 0 -1 -2.22044605e-16
vn 0 -1 -2.22044605e-16
vn 0 -1 -2.22044605e-16
vn 0 -1 -2.22044605e-16
vn 0 -1 -2.22044605e-16
vn 0 -1 -2.22044605e-16
vn 0 -1 -2.22044605e-16
vn 0 -1 -2.22044605e-16
vn 0 -1 -2.22044605e-16

g collision_PZ_zhuan_3_submesh_0
usemtl collision_48
f 3938/3938/3938 3940/3940/3940 3939/3939/3939
f 3941/3941/3941 3943/3943/3943 3942/3942/3942
f 3944/3944/3944 3946/3946/3946 3945/3945/3945
f 3947/3947/3947 3949/3949/3949 3948/3948/3948
f 3950/3950/3950 3952/3952/3952 3951/3951/3951
f 3953/3953/3953 3955/3955/3955 3954/3954/3954
f 3956/3956/3956 3958/3958/3958 3957/3957/3957
f 3956/3956/3956 3957/3957/3957 3959/3959/3959
f 3960/3960/3960 3956/3956/3956 3959/3959/3959
f 3960/3960/3960 3959/3959/3959 3961/3961/3961
f 3962/3962/3962 3960/3960/3960 3961/3961/3961
f 3962/3962/3962 3961/3961/3961 3963/3963/3963
f 3964/3964/3964 3962/3962/3962 3963/3963/3963
f 3964/3964/3964 3963/3963/3963 3965/3965/3965
f 3966/3966/3966 3964/3964/3964 3965/3965/3965
f 3966/3966/3966 3965/3965/3965 3967/3967/3967
f 3968/3968/3968 3966/3966/3966 3967/3967/3967
f 3968/3968/3968 3967/3967/3967 3969/3969/3969
f 3970/3970/3970 3972/3972/3972 3971/3971/3971
f 3973/3973/3973 3975/3975/3975 3974/3974/3974
f 3976/3976/3976 3978/3978/3978 3977/3977/3977
f 3979/3979/3979 3981/3981/3981 3980/3980/3980
f 3982/3982/3982 3984/3984/3984 3983/3983/3983
f 3985/3985/3985 3987/3987/3987 3986/3986/3986
f 3988/3988/3988 3990/3990/3990 3989/3989/3989
f 3991/3991/3991 3993/3993/3993 3992/3992/3992
f 3994/3994/3994 3996/3996/3996 3995/3995/3995
f 3997/3997/3997 3999/3999/3999 3998/3998/3998
f 4000/4000/4000 4002/4002/4002 4001/4001/4001
f 4003/4003/4003 4005/4005/4005 4004/4004/4004
f 4006/4006/4006 4008/4008/4008 4007/4007/4007
f 4006/4006/4006 4007/4007/4007 4009/4009/4009
f 4010/4010/4010 4008/4008/4008 4006/4006/4006
f 4010/4010/4010 4011/4011/4011 4008/4008/4008
f 4012/4012/4012 4011/4011/4011 4010/4010/4010
f 4012/4012/4012 4013/4013/4013 4011/4011/4011
f 4014/4014/4014 4016/4016/4016 4015/4015/4015
f 4014/4014/4014 4015/4015/4015 4017/4017/4017
f 4018/4018/4018 4016/4016/4016 4014/4014/4014
f 4018/4018/4018 4019/4019/4019 4016/4016/4016
f 4020/4020/4020 4019/4019/4019 4018/4018/4018
f 4020/4020/4020 4021/4021/4021 4019/4019/4019
f 4022/4022/4022 4024/4024/4024 4023/4023/4023
f 4025/4025/4025 4027/4027/4027 4026/4026/4026
f 4028/4028/4028 4030/4030/4030 4029/4029/4029
f 4031/4031/4031 4033/4033/4033 4032/4032/4032
f 4034/4034/4034 4036/4036/4036 4035/4035/4035
f 4037/4037/4037 4039/4039/4039 4038/4038/4038
f 4040/4040/4040 4042/4042/4042 4041/4041/4041
f 4043/4043/4043 4045/4045/4045 4044/4044/4044
f 4046/4046/4046 4048/4048/4048 4047/4047/4047
f 4049/4049/4049 4051/4051/4051 4050/4050/4050
f 4052/4052/4052 4054/4054/4054 4053/4053/4053
f 4055/4055/4055 4057/4057/4057 4056/4056/4056
f 4058/4058/4058 4060/4060/4060 4059/4059/4059
f 4058/4058/4058 4059/4059/4059 4061/4061/4061
f 4062/4062/4062 4060/4060/4060 4058/4058/4058
f 4062/4062/4062 4063/4063/4063 4060/4060/4060
f 4064/4064/4064 4063/4063/4063 4062/4062/4062
f 4064/4064/4064 4065/4065/4065 4063/4063/4063
f 4066/4066/4066 4068/4068/4068 4067/4067/4067
f 4066/4066/4066 4067/4067/4067 4069/4069/4069
f 4070/4070/4070 4068/4068/4068 4066/4066/4066
f 4070/4070/4070 4071/4071/4071 4068/4068/4068
f 4072/4072/4072 4071/4071/4071 4070/4070/4070
f 4072/4072/4072 4073/4073/4073 4071/4071/4071
f 4074/4074/4074 4076/4076/4076 4075/4075/4075
f 4077/4077/4077 4079/4079/4079 4078/4078/4078
f 4080/4080/4080 4082/4082/4082 4081/4081/4081
f 4083/4083/4083 4085/4085/4085 4084/4084/4084
f 4086/4086/4086 4088/4088/4088 4087/4087/4087
f 4089/4089/4089 4091/4091/4091 4090/4090/4090
f 4092/4092/4092 4094/4094/4094 4093/4093/4093
f 4095/4095/4095 4097/4097/4097 4096/4096/4096
f 4098/4098/4098 4100/4100/4100 4099/4099/4099
f 4101/4101/4101 4103/4103/4103 4102/4102/4102
f 4104/4104/4104 4106/4106/4106 4105/4105/4105
f 4107/4107/4107 4109/4109/4109 4108/4108/4108
f 4110/4110/4110 4112/4112/4112 4111/4111/4111
f 4110/4110/4110 4111/4111/4111 4113/4113/4113
f 4114/4114/4114 4110/4110/4110 4113/4113/4113
f 4114/4114/4114 4113/4113/4113 4115/4115/4115
f 4116/4116/4116 4114/4114/4114 4115/4115/4115
f 4116/4116/4116 4115/4115/4115 4117/4117/4117
f 4118/4118/4118 4116/4116/4116 4117/4117/4117
f 4118/4118/4118 4117/4117/4117 4119/4119/4119
f 4120/4120/4120 4118/4118/4118 4119/4119/4119
f 4120/4120/4120 4119/4119/4119 4121/4121/4121
f 4122/4122/4122 4120/4120/4120 4121/4121/4121
f 4122/4122/4122 4121/4121/4121 4123/4123/4123
f 4124/4124/4124 4126/4126/4126 4125/4125/4125
f 4127/4127/4127 4129/4129/4129 4128/4128/4128
f 4130/4130/4130 4132/4132/4132 4131/4131/4131
f 4133/4133/4133 4135/4135/4135 4134/4134/4134
f 4136/4136/4136 4138/4138/4138 4137/4137/4137
f 4139/4139/4139 4141/4141/4141 4140/4140/4140

o collision_PZ_item_57
v -45.5915188 11.0376015 -25.9648416
v -44.3422016 9.40479852 -25.9648416
v -45.587582 9.40479852 -25.9648416
v -44.3461765 11.0376015 -25.9648416
v -44.1287159 10.8122463 -25.9648416
v -44.1326832 9.63805295 -25.9648416
v -45.7891811 9.64200498 -25.9648416
v -45.7931484 10.8082962 -25.9648416
v -45.587582 9.40479852 -25.9648416
v -45.9950985 9.50531961 -26.226217
v -45.7891811 9.64200498 -25.9648416
v -45.7020229 9.17090608 -26.226217
v -44.1287159 10.8122463 -25.9648416
v -43.9243778 9.50532247 -26.226217
v -44.1326832 9.63805295 -25.9648416
v -43.9245838 10.9337931 -26.226217
v -44.1287159 10.8122463 -25.9648416
v -44.2177204 11.2682018 -26.226217
v -43.9245838 10.9337931 -26.226217
v -44.3461765 11.0376015 -25.9648416
v -44.1326832 9.63805295 -25.9648416
v -44.2165836 9.17090703 -26.226217
v -44.3422016 9.40479852 -25.9648416
v -43.9243778 9.50532247 -26.226217
v -44.3422016 9.40479852 -25.9648416
v -45.7020229 9.17090608 -26.226217
v -45.587582 9.40479852 -25.9648416
v -44.3422016 9.40479852 -25.9648416
v -44.2165836 9.17090703 -26.226217
v -45.7020229 9.17090608 -26.226217
v -45.7891811 9.64200498 -25.9648416
v -45.9952053 10.9337912 -26.226217
v -45.7931484 10.8082962 -25.9648416
v -45.9950985 9.50531961 -26.226217
v -45.7931484 10.8082962 -25.9648416
v -45.7029842 11.2682009 -26.226217
v -45.5915188 11.0376015 -25.9648416
v -45.9952053 10.9337912 -26.226217
v -45.5915188 11.0376015 -25.9648416
v -44.2177204 11.2682018 -26.226217
v -44.3461765 11.0376015 -25.9648416
v -45.7029842 11.2682009 -26.226217
v -45.7020229 9.17090608 -26.226217
v -45.9950985 9.50531865 -27.1052186
v -45.9950985 9.50531961 -26.226217
v -45.7020229 9.17090608 -27.1052186
v -43.9245838 10.9337931 -26.226217
v -43.9243702 9.50532247 -27.1052186
v -43.9243778 9.50532247 -26.226217
v -43.9245838 10.9337931 -27.1052186
v -44.2177204 11.2682018 -26.226217
v -43.9245838 10.9337931 -27.1052186
v -43.9245838 10.9337931 -26.226217
v -44.2177204 11.2682018 -27.1052186
v -43.9243778 9.50532247 -26.226217
v -44.2165836 9.17090703 -27.1052186
v -44.2165836 9.17090703 -26.226217
v -43.9243702 9.50532247 -27.1052186
v -44.2165836 9.17090703 -26.226217
v -45.7020229 9.17090608 -27.1052186
v -45.7020229 9.17090608 -26.226217
v -44.2165836 9.17090703 -27.1052186
v -45.9950985 9.50531961 -26.226217
v -45.9952053 10.9337912 -27.1052186
v -45.9952053 10.9337912 -26.226217
v -45.9950985 9.50531865 -27.1052186
v -45.9952053 10.9337912 -26.226217
v -45.7029842 11.2682009 -27.1052186
v -45.7029842 11.2682009 -26.226217
v -45.9952053 10.9337912 -27.1052186
v -45.7029842 11.2682009 -26.226217
v -44.2177204 11.2682018 -27.1052186
v -44.2177204 11.2682018 -26.226217
v -45.7029842 11.2682009 -27.1052186
vt 0.0792225674 0.89217031
vt 0.305032492 0.702685833
vt 0.305030227 0.891603351
vt 0.0792225227 0.703262746
vt 0.110389486 0.670278788
vt 0.2727741 0.670896828
vt 0.272225052 0.922184229
vt 0.110933706 0.922760963
vt 0.305030227 0.891603351
vt 0.295332432 0.960036337
vt 0.272225052 0.922184229
vt 0.343535841 0.91370976
vt 0.110389486 0.670278788
vt 0.295332193 0.632614195
vt 0.2727741 0.670896828
vt 0.0894111842 0.632631719
vt 0.110389486 0.670278788
vt 0.0412075222 0.678969085
vt 0.0894111842 0.632631719
vt 0.0792225227 0.703262746
vt 0.2727741 0.670896828
vt 0.343542695 0.678828835
vt 0.305032492 0.702685833
vt 0.295332193 0.632614195
vt 0.305032492 0.702685833
vt 0.343535841 0.91370976
vt 0.305030227 0.891603351
vt 0.305032492 0.702685833
vt 0.343542695 0.678828835
vt 0.343535841 0.91370976
vt 0.272225052 0.922184229
vt 0.0894113481 0.960031033
vt 0.110933706 0.922760963
vt 0.295332432 0.960036337
vt 0.110933706 0.922760963
vt 0.0412007049 0.9138062
vt 0.0792225674 0.89217031
vt 0.0894113481 0.960031033
vt 0.0792225674 0.89217031
vt 0.0412075222 0.678969085
vt 0.0792225227 0.703262746
vt 0.0412007049 0.9138062
vt 0.967847884 0.297114342
vt 0.492759407 0.351721287
vt 0.967847884 0.351721287
vt 0.492759407 0.297114342
vt 0.967847764 0.351721287
vt 0.492759287 0.589623272
vt 0.967847764 0.589623272
vt 0.492759287 0.351721287
vt 0.967847764 0.297114342
vt 0.492759287 0.351721287
vt 0.967847764 0.351721287
vt 0.492759287 0.297114342
vt 0.967847764 0.297114342
vt 0.492759228 0.351721287
vt 0.967847764 0.351721287
vt 0.492759287 0.297114342
vt 0.967847764 0.351721287
vt 0.492759347 0.589623272
vt 0.967847884 0.589623272
vt 0.492759228 0.351721287
vt 0.967847884 0.351721287
vt 0.492759407 0.589623272
vt 0.967847884 0.589623272
vt 0.492759407 0.351721287
vt 0.967847884 0.297114342
vt 0.492759407 0.351721287
vt 0.967847884 0.351721287
vt 0.492759407 0.297114342
vt 0.967847884 0.351721287
vt 0.492759287 0.589623272
vt 0.967847764 0.589623272
vt 0.492759407 0.351721287
vn 0 -2.22044605e-16 1
vn 0 -2.22044605e-16 1
vn 0 -2.22044605e-16 1
vn 0 -2.22044605e-16 1
vn 0 -2.22044605e-16 1
vn 0 -2.22044605e-16 1
vn 0 -2.22044605e-16 1
vn 0 -2.22044605e-16 1
vn -0.554467448 -0.479831018 0.679947089
vn -0.554467456 -0.479830995 0.679947098
vn -0.554467456 -0.479830995 0.679947098
vn -0.554467456 -0.479830995 0.679947098
vn 0.785060714 -0.00113454471 0.619417782
vn 0.785060714 -0.00113454471 0.619417782
vn 0.785060714 -0.00113454471 0.619417782
vn 0.785060714 -0.00113454471 0.619417782
vn 0.542621717 0.494960742 0.678657156
vn 0.542621755 0.494960717 0.678657144
vn 0.542621755 0.494960717 0.678657144
vn 0.542621755 0.494960717 0.678657144
vn 0.545112396 -0.481787203 0.68610026
vn 0.545112404 -0.481787181 0.68610027
vn 0.545112336 -0.481787166 0.686100334
vn 0.545112396 -0.481787203 0.68610026
vn 0 -0.745199149 0.666841982
vn 0 -0.745199119 0.666842015
vn 0 -0.745199149 0.666841982
vn 0 -0.745199149 0.666841982
vn 0 -0.745199149 0.666841982
vn 0 -0.745199119 0.666842015
vn -0.788321712 -0.00123776411 0.615262015
vn -0.788321712 -0.00123776399 0.615262015
vn -0.788321712 -0.00123776399 0.615262015
vn -0.788321741 -0.00123776403 0.615261978
vn -0.559090448 0.489799332 0.668965235
vn -0.55909047 0.489799351 0.668965202
vn -0.559090448 0.489799332 0.668965235
vn -0.559090432 0.489799377 0.668965216
vn 0 0.749874163 0.661580486
vn 0 0.749874163 0.661580486
vn 0 0.749874189 0.661580456
vn 0 0.749874163 0.661580486
vn -0.752059201 -0.65909556 -1.46348613e-16
vn -0.752059201 -0.65909556 -1.46348613e-16
vn -0.752059172 -0.659095594 -1.46348621e-16
vn -0.752059201 -0.65909556 -1.46348613e-16
vn 0.999999989 0.000146876219 3.26130719e-20
vn 0.999999989 0.000146876219 3.26130719e-20
vn 0.999999989 0.000146876219 3.26130719e-20
vn 0.999999989 0.000146876219 3.26130719e-20
vn 0.751986951 0.659177993 1.46366917e-16
vn 0.751986951 0.659177993 1.46366917e-16
vn 0.751986951 0.659177993 1.46366917e-16
vn 0.751986951 0.659177993 1.46366917e-16
vn 0.753027178 -0.657989415 -1.46103e-16
vn 0.753027203 -0.657989385 -1.46102993e-16
vn 0.753027203 -0.657989385 -1.46102993e-16
vn 0.753027203 -0.657989385 -1.46102993e-16
vn 0 -1 -2.22044605e-16
vn 0 -1 -2.22044605e-16
vn 0 -1 -2.22044605e-16
vn 0 -1 -2.22044605e-16
vn -0.999999997 -7.477327e-05 -1.66030012e-20
vn -0.999999997 -7.477327e-05 -1.66030012e-20
vn -0.999999997 -7.477327e-05 -1.66030012e-20
vn -0.999999997 -7.477327e-05 -1.66030012e-20
vn -0.753008885 0.658010349 1.46107648e-16
vn -0.753008885 0.658010349 1.46107648e-16
vn -0.753008885 0.658010349 1.46107648e-16
vn -0.753008885 0.658010349 1.46107648e-16
vn 0 1 2.22044605e-16
vn 0 1 2.22044605e-16
vn 0 1 2.22044605e-16
vn 0 1 2.22044605e-16

g collision_PZ_item_57_submesh_0
usemtl collision_49
f 4142/4142/4142 4144/4144/4144 4143/4143/4143
f 4142/4142/4142 4143/4143/4143 4145/4145/4145
f 4143/4143/4143 4146/4146/4146 4145/4145/4145
f 4143/4143/4143 4147/4147/4147 4146/4146/4146
f 4142/4142/4142 4148/4148/4148 4144/4144/4144
f 4142/4142/4142 4149/4149/4149 4148/4148/4148
f 4150/4150/4150 4152/4152/4152 4151/4151/4151
f 4150/4150/4150 4151/4151/4151 4153/4153/4153
f 4154/4154/4154 4156/4156/4156 4155/4155/4155
f 4154/4154/4154 4155/4155/4155 4157/4157/4157
f 4158/4158/4158 4160/4160/4160 4159/4159/4159
f 4158/4158/4158 4159/4159/4159 4161/4161/4161
f 4162/4162/4162 4164/4164/4164 4163/4163/4163
f 4162/4162/4162 4163/4163/4163 4165/4165/4165
f 4166/4166/4166 4168/4168/4168 4167/4167/4167
f 4169/4169/4169 4171/4171/4171 4170/4170/4170
f 4172/4172/4172 4174/4174/4174 4173/4173/4173
f 4172/4172/4172 4173/4173/4173 4175/4175/4175
f 4176/4176/4176 4178/4178/4178 4177/4177/4177
f 4176/4176/4176 4177/4177/4177 4179/4179/4179
f 4180/4180/4180 4182/4182/4182 4181/4181/4181
f 4180/4180/4180 4181/4181/4181 4183/4183/4183
f 4184/4184/4184 4186/4186/4186 4185/4185/4185
f 4184/4184/4184 4185/4185/4185 4187/4187/4187
f 4188/4188/4188 4190/4190/4190 4189/4189/4189
f 4188/4188/4188 4189/4189/4189 4191/4191/4191
f 4192/4192/4192 4194/4194/4194 4193/4193/4193
f 4192/4192/4192 4193/4193/4193 4195/4195/4195
f 4196/4196/4196 4198/4198/4198 4197/4197/4197
f 4196/4196/4196 4197/4197/4197 4199/4199/4199
f 4200/4200/4200 4202/4202/4202 4201/4201/4201
f 4200/4200/4200 4201/4201/4201 4203/4203/4203
f 4204/4204/4204 4206/4206/4206 4205/4205/4205
f 4204/4204/4204 4205/4205/4205 4207/4207/4207
f 4208/4208/4208 4210/4210/4210 4209/4209/4209
f 4208/4208/4208 4209/4209/4209 4211/4211/4211
f 4212/4212/4212 4214/4214/4214 4213/4213/4213
f 4212/4212/4212 4213/4213/4213 4215/4215/4215

o collision_PZ_item_19_1
v 28.387823 3.99570205 -12.149965
v 21.7931441 3.99570205 -8.76325765
v 28.387823 3.99570205 -8.76325956
v 21.7931441 3.99570205 -12.1499631
v 28.387823 3.99570205 -8.76325956
v 28.387823 4.85368325 -12.149965
v 28.387823 3.99570205 -12.149965
v 28.387823 4.85368325 -8.76325956
v 21.7931441 4.85368325 -8.76325765
v 28.387823 4.85368325 -12.149965
v 28.387823 4.85368325 -8.76325956
v 21.7931441 4.85368325 -12.1499631
v 21.7931441 4.85368325 -12.1499631
v 28.387823 3.99570205 -12.149965
v 28.387823 4.85368325 -12.149965
v 21.7931441 3.99570205 -12.1499631
v 21.7931441 3.99570205 -8.76325765
v 28.387823 4.85368325 -8.76325956
v 28.387823 3.99570205 -8.76325956
v 21.7931441 4.85368325 -8.76325765
vt 0.661560893 0.487947196
vt 0.448403895 0.56295222
vt 0.661560893 0.56295222
vt 0.448403895 0.487947196
vt 0.392578006 0.361847013
vt 0.404693991 0.286843002
vt 0.392578006 0.286843002
vt 0.404693991 0.361847013
vt 0.448403895 0.13508895
vt 0.661560893 0.210093886
vt 0.661560893 0.13508895
vt 0.448403895 0.210093886
vt 0.500008166 0.300969005
vt 0.718894303 0.319234848
vt 0.718894303 0.300969005
vt 0.500008166 0.319234848
vt 0.500008166 0.319234848
vt 0.718894303 0.300969005
vt 0.718894303 0.319234848
vt 0.500008166 0.300969005
vn 0 -1 -2.22044605e-16
vn 0 -1 -2.22044605e-16
vn 0 -1 -2.22044605e-16
vn 0 -1 -2.22044605e-16
vn 1 0 0
vn 1 0 0
vn 1 0 0
vn 1 0 0
vn 0 1 2.22044605e-16
vn 0 1 2.22044605e-16
vn 0 1 2.22044605e-16
vn 0 1 2.22044605e-16
vn 0 2.22044605e-16 -1
vn 0 2.22044605e-16 -1
vn 0 2.22044605e-16 -1
vn 0 2.22044605e-16 -1
vn 0 -2.22044605e-16 1
vn 0 -2.22044605e-16 1
vn 0 -2.22044605e-16 1
vn 0 -2.22044605e-16 1

g collision_PZ_item_19_1_submesh_0
usemtl collision_50
f 4216/4216/4216 4218/4218/4218 4217/4217/4217
f 4216/4216/4216 4217/4217/4217 4219/4219/4219
f 4220/4220/4220 4222/4222/4222 4221/4221/4221
f 4220/4220/4220 4221/4221/4221 4223/4223/4223
f 4224/4224/4224 4226/4226/4226 4225/4225/4225
f 4224/4224/4224 4225/4225/4225 4227/4227/4227
f 4228/4228/4228 4230/4230/4230 4229/4229/4229
f 4228/4228/4228 4229/4229/4229 4231/4231/4231
f 4232/4232/4232 4234/4234/4234 4233/4233/4233
f 4232/4232/4232 4233/4233/4233 4235/4235/4235

o collision_PZ_item_25
v 28.1678233 3.9957006 12.4915152
v 22.2023082 3.9957006 15.8782148
v 28.1678233 3.9957006 15.8782168
v 22.2023082 3.9957006 12.4915142
v 22.2023082 4.8536818 15.8782148
v 28.1678233 4.8536818 12.4915152
v 28.1678233 4.8536818 15.8782168
v 22.2023082 4.8536818 12.4915142
v 22.2023082 4.8536818 12.4915142
v 28.1678233 3.9957006 12.4915152
v 28.1678233 4.8536818 12.4915152
v 22.2023082 3.9957006 12.4915142
v 22.2023082 3.9957006 15.8782148
v 28.1678233 4.8536818 15.8782168
v 28.1678233 3.9957006 15.8782168
v 22.2023082 4.8536818 15.8782148
vt 0.661560893 0.487947196
vt 0.448403895 0.56295222
vt 0.661560893 0.56295222
vt 0.448403895 0.487947196
vt 0.448403895 0.13508895
vt 0.661560893 0.210093886
vt 0.661560893 0.13508895
vt 0.448403895 0.210093886
vt 0.500008166 0.300969005
vt 0.718894303 0.319234848
vt 0.718894303 0.300969005
vt 0.500008166 0.319234848
vt 0.500008166 0.319234848
vt 0.718894303 0.300969005
vt 0.718894303 0.319234848
vt 0.500008166 0.300969005
vn 0 -1 -2.22044605e-16
vn 0 -1 -2.22044605e-16
vn 0 -1 -2.22044605e-16
vn 0 -1 -2.22044605e-16
vn 0 1 2.22044605e-16
vn 0 1 2.22044605e-16
vn 0 1 2.22044605e-16
vn 0 1 2.22044605e-16
vn 0 2.22044605e-16 -1
vn 0 2.22044605e-16 -1
vn 0 2.22044605e-16 -1
vn 0 2.22044605e-16 -1
vn 0 -2.22044605e-16 1
vn 0 -2.22044605e-16 1
vn 0 -2.22044605e-16 1
vn 0 -2.22044605e-16 1

g collision_PZ_item_25_submesh_0
usemtl collision_51
f 4236/4236/4236 4238/4238/4238 4237/4237/4237
f 4236/4236/4236 4237/4237/4237 4239/4239/4239
f 4240/4240/4240 4242/4242/4242 4241/4241/4241
f 4240/4240/4240 4241/4241/4241 4243/4243/4243
f 4244/4244/4244 4246/4246/4246 4245/4245/4245
f 4244/4244/4244 4245/4245/4245 4247/4247/4247
f 4248/4248/4248 4250/4250/4250 4249/4249/4249
f 4248/4248/4248 4249/4249/4249 4251/4251/4251

o collision_PZ_item_33
v -0.132877832 6.4529652 2.66503556
v 0.0889519405 6.95542401 2.26553948
v 0.258509929 6.4529652 2.56058533
v -0.132877832 6.95542401 2.32473953
v 0.258509929 6.4529652 2.56058533
v 0.252241726 6.95542401 2.10290248
v 0.54660594 6.4529652 2.2736407
v 0.0889519405 6.95542401 2.26553948
v 0.54660594 6.4529652 2.2736407
v 0.312336321 6.95542401 1.88040979
v 0.652632351 6.4529652 1.88109143
v 0.252241726 6.95542401 2.10290248
v 0.652632351 6.4529652 1.88109143
v 0.253133352 6.95542401 1.65767796
v 0.548179026 6.4529652 1.48812015
v 0.312336321 6.95542401 1.88040979
v 0.548179026 6.4529652 1.48812015
v 0.0904963564 6.95542401 1.49438829
v 0.261234577 6.4529652 1.20002396
v 0.253133352 6.95542401 1.65767796
v 0.261234577 6.4529652 1.20002396
v -0.132877891 6.95542401 1.43429084
v -0.132877832 6.4529652 1.09399469
v 0.0904963564 6.95542401 1.49438829
v 0.0889519405 6.95542401 2.26553948
v -0.132877832 10.5328957 2.32473953
v 0.0889519405 10.5328957 2.26553948
v -0.132877832 6.95542401 2.32473953
v 0.252241726 6.95542401 2.10290248
v 0.0889519405 10.5328957 2.26553948
v 0.252241726 10.5328957 2.10290248
v 0.0889519405 6.95542401 2.26553948
v 0.312336321 6.95542401 1.88040979
v 0.252241726 10.5328957 2.10290248
v 0.312336321 10.5328957 1.88040979
v 0.252241726 6.95542401 2.10290248
v 0.253133352 6.95542401 1.65767796
v 0.312336321 10.5328957 1.88040979
v 0.253133352 10.5328957 1.65767796
v 0.312336321 6.95542401 1.88040979
v 0.0904963564 6.95542401 1.49438829
v 0.253133352 10.5328957 1.65767796
v 0.0904963564 10.5328957 1.49438829
v 0.253133352 6.95542401 1.65767796
v -0.132877891 6.95542401 1.43429084
v 0.0904963564 10.5328957 1.49438829
v -0.132877891 10.5328957 1.43429084
v 0.0904963564 6.95542401 1.49438829
v 0.0889519405 10.5328957 2.26553948
v -0.132877832 11.1686069 2.66503556
v 0.258509929 11.1686069 2.56058533
v -0.132877832 10.5328957 2.32473953
v 0.252241726 10.5328957 2.10290248
v 0.258509929 11.1686069 2.56058533
v 0.54660594 11.1686069 2.2736407
v 0.0889519405 10.5328957 2.26553948
v 0.312336321 10.5328957 1.88040979
v 0.54660594 11.1686069 2.2736407
v 0.652632351 11.1686069 1.88109143
v 0.252241726 10.5328957 2.10290248
v 0.253133352 10.5328957 1.65767796
v 0.652632351 11.1686069 1.88109143
v 0.548179026 11.1686069 1.48812015
v 0.312336321 10.5328957 1.88040979
v 0.0904963564 10.5328957 1.49438829
v 0.548179026 11.1686069 1.48812015
v 0.261234755 11.1686069 1.20002396
v 0.0904963564 10.5328957 1.49438829
v 0.253133352 10.5328957 1.65767796
v 0.548179026 11.1686069 1.48812015
v -0.132877891 10.5328957 1.43429084
v 0.261234755 11.1686069 1.20002396
v -0.132877832 11.1686069 1.09399469
v 0.0904963564 10.5328957 1.49438829
v -0.132877832 6.4529652 2.66503556
v -0.354707544 6.95542401 2.26553376
v -0.132877832 6.95542401 2.32473953
v -0.524265533 6.4529652 2.56057961
v -0.524265533 6.4529652 2.56057961
v -0.517997329 6.95542401 2.10289652
v -0.354707544 6.95542401 2.26553376
v -0.812361603 6.4529652 2.27363498
v -0.812361603 6.4529652 2.27363498
v -0.578091924 6.95542401 1.88040407
v -0.517997329 6.95542401 2.10289652
v -0.918387895 6.4529652 1.88108547
v -0.918387895 6.4529652 1.88108547
v -0.518888896 6.95542401 1.65767224
v -0.578091924 6.95542401 1.88040407
v -0.813934808 6.4529652 1.48811467
v -0.813934808 6.4529652 1.48811467
v -0.356252079 6.95542401 1.49438257
v -0.518888896 6.95542401 1.65767224
v -0.52699024 6.4529652 1.20001824
v -0.52699024 6.4529652 1.20001824
v -0.132877891 6.95542401 1.43429084
v -0.356252079 6.95542401 1.49438257
v -0.132877832 6.4529652 1.09399469
v -0.354707544 6.95542401 2.26553376
v -0.132877832 10.5328957 2.32473953
v -0.132877832 6.95542401 2.32473953
v -0.354707544 10.5328957 2.26553376
v -0.517997329 6.95542401 2.10289652
v -0.354707544 10.5328957 2.26553376
v -0.354707544 6.95542401 2.26553376
v -0.517997329 10.5328957 2.10289652
v -0.578091924 6.95542401 1.88040407
v -0.517997329 10.5328957 2.10289652
v -0.517997329 6.95542401 2.10289652
v -0.578091894 10.5328957 1.88040407
v -0.518888896 6.95542401 1.65767224
v -0.578091894 10.5328957 1.88040407
v -0.578091924 6.95542401 1.88040407
v -0.518888896 10.5328957 1.65767224
v -0.356252079 6.95542401 1.49438257
v -0.518888896 10.5328957 1.65767224
v -0.518888896 6.95542401 1.65767224
v -0.356252079 10.5328957 1.49438257
v -0.132877891 6.95542401 1.43429084
v -0.356252079 10.5328957 1.49438257
v -0.356252079 6.95542401 1.49438257
v -0.132877891 10.5328957 1.43429084
v -0.354707544 10.5328957 2.26553376
v -0.132877832 11.1686069 2.66503556
v -0.132877832 10.5328957 2.32473953
v -0.524265503 11.1686069 2.56057961
v -0.517997329 10.5328957 2.10289652
v -0.524265503 11.1686069 2.56057961
v -0.354707544 10.5328957 2.26553376
v -0.517997329 10.5328957 2.10289652
v -0.812361603 11.1686069 2.27363498
v -0.524265503 11.1686069 2.56057961
v -0.578091894 10.5328957 1.88040407
v -0.812361603 11.1686069 2.27363498
v -0.517997329 10.5328957 2.10289652
v -0.918387895 11.1686069 1.88108547
v -0.518888896 10.5328957 1.65767224
v -0.918387895 11.1686069 1.88108547
v -0.578091894 10.5328957 1.88040407
v -0.813934808 11.1686069 1.48811467
v -0.356252079 10.5328957 1.49438257
v -0.813934808 11.1686069 1.48811467
v -0.518888896 10.5328957 1.65767224
v -0.526990389 11.1686069 1.20001824
v -0.132877891 10.5328957 1.43429084
v -0.526990389 11.1686069 1.20001824
v -0.356252079 10.5328957 1.49438257
v -0.132877832 11.1686069 1.09399469
vt 0.940398216 0.604485869
vt 0.872440815 0.634385765
vt 0.872440815 0.604485869
vt 0.940398216 0.634385586
vt 0.872440815 0.604485869
vt 0.940398216 0.634385765
vt 0.940398216 0.604485869
vt 0.872440815 0.634385765
vt 0.940398216 0.604485869
vt 0.872440815 0.634385765
vt 0.872440815 0.604485869
vt 0.940398216 0.634385765
vt 0.872440815 0.604485869
vt 0.940398216 0.634385884
vt 0.940398216 0.604485989
vt 0.872440815 0.634385765
vt 0.940398216 0.604485989
vt 0.872440815 0.634385884
vt 0.872440815 0.604485989
vt 0.940398216 0.634385884
vt 0.872440815 0.604485989
vt 0.940398216 0.634385884
vt 0.940398216 0.604486108
vt 0.872440815 0.634385884
vt 0.785872638 0.631926656
vt 0.807168543 0.994392514
vt 0.785872638 0.994392633
vt 0.807168543 0.631926417
vt 0.807168543 0.631926656
vt 0.785872638 0.994392633
vt 0.807168543 0.994392633
vt 0.785872638 0.631926656
vt 0.785872638 0.631926656
vt 0.807168543 0.994392633
vt 0.785872638 0.994392633
vt 0.807168543 0.631926656
vt 0.807168543 0.631926835
vt 0.785872638 0.994392633
vt 0.807168543 0.994392753
vt 0.785872638 0.631926656
vt 0.785872638 0.631926835
vt 0.807168543 0.994392753
vt 0.785872638 0.994392812
vt 0.807168543 0.631926835
vt 0.807168543 0.631926835
vt 0.785872638 0.994392812
vt 0.807168543 0.994392812
vt 0.785872638 0.631926835
vt 0.554644585 0.754052162
vt 0.57594049 0.836060703
vt 0.554644585 0.836060703
vt 0.57594049 0.754051983
vt 0.57594049 0.754052162
vt 0.554644585 0.836060703
vt 0.57594049 0.836061001
vt 0.554644585 0.754052162
vt 0.554644585 0.754052162
vt 0.57594049 0.836061001
vt 0.554644585 0.83606118
vt 0.57594049 0.754052162
vt 0.57594049 0.754052281
vt 0.554644585 0.83606118
vt 0.57594049 0.83606118
vt 0.554644585 0.754052162
vt 0.554644585 0.754052401
vt 0.57594049 0.83606118
vt 0.554644585 0.83606118
vt 0.554644585 0.754052401
vt 0.57594049 0.754052281
vt 0.57594049 0.83606118
vt 0.57594049 0.754052401
vt 0.554644585 0.83606118
vt 0.57594049 0.836061299
vt 0.554644585 0.754052401
vt 0.940398216 0.604485869
vt 0.872440815 0.634385765
vt 0.940398216 0.634385586
vt 0.872440815 0.604485869
vt 0.872440815 0.604485869
vt 0.940398216 0.634385765
vt 0.872440815 0.634385765
vt 0.940398216 0.604485869
vt 0.940398216 0.604485869
vt 0.872440815 0.634385765
vt 0.940398216 0.634385765
vt 0.872440815 0.604485869
vt 0.872440815 0.604485869
vt 0.940398216 0.634385884
vt 0.872440815 0.634385765
vt 0.940398216 0.604485989
vt 0.940398216 0.604485989
vt 0.872440815 0.634385884
vt 0.940398216 0.634385884
vt 0.872440815 0.604485989
vt 0.872440815 0.604485989
vt 0.940398216 0.634385884
vt 0.872440815 0.634385884
vt 0.940398216 0.604486108
vt 0.785872638 0.631926656
vt 0.807168543 0.994392514
vt 0.807168543 0.631926417
vt 0.785872638 0.994392633
vt 0.807168543 0.631926656
vt 0.785872638 0.994392633
vt 0.785872638 0.631926656
vt 0.807168543 0.994392633
vt 0.785872638 0.631926656
vt 0.807168543 0.994392633
vt 0.807168543 0.631926656
vt 0.785872638 0.994392633
vt 0.807168543 0.631926835
vt 0.785872638 0.994392633
vt 0.785872638 0.631926656
vt 0.807168543 0.994392753
vt 0.785872638 0.631926835
vt 0.807168543 0.994392753
vt 0.807168543 0.631926835
vt 0.785872638 0.994392812
vt 0.807168543 0.631926835
vt 0.785872638 0.994392812
vt 0.785872638 0.631926835
vt 0.807168543 0.994392812
vt 0.554644585 0.754052162
vt 0.57594049 0.836060703
vt 0.57594049 0.754051983
vt 0.554644585 0.836060703
vt 0.57594049 0.754052162
vt 0.554644585 0.836060703
vt 0.554644585 0.754052162
vt 0.57594049 0.754052162
vt 0.57594049 0.836061001
vt 0.554644585 0.836060703
vt 0.554644585 0.754052162
vt 0.57594049 0.836061001
vt 0.57594049 0.754052162
vt 0.554644585 0.83606118
vt 0.57594049 0.754052281
vt 0.554644585 0.83606118
vt 0.554644585 0.754052162
vt 0.57594049 0.83606118
vt 0.554644585 0.754052401
vt 0.57594049 0.83606118
vt 0.57594049 0.754052281
vt 0.554644585 0.83606118
vt 0.57594049 0.754052401
vt 0.554644585 0.83606118
vt 0.554644585 0.754052401
vt 0.57594049 0.836061299
vn 0 0.56075945 0.827978767
vn 0.474512515 0.307762789 0.824693846
vn 0.412881306 0.560759453 0.717689252
vn -1.04446232e-05 0.307734182 0.951472371
vn 0.412881306 0.560759453 0.717689252
vn 0.823028684 0.30779174 0.477376193
vn 0.716220197 0.560759303 0.415424643
vn 0.474512515 0.307762789 0.824693846
vn 0.716220197 0.560759303 0.415424643
vn 0.951451868 0.30779167 0.00190551515
vn 0.827977225 0.560759276 0.00165824624
vn 0.823028684 0.30779174 0.477376193
vn 0.827977225 0.560759276 0.00165824624
vn 0.824934175 0.307791736 -0.474075789
vn 0.717878395 0.560759301 -0.412552562
vn 0.951451868 0.30779167 0.00190551515
vn 0.717878395 0.560759301 -0.412552562
vn 0.476945488 0.307819604 -0.823267935
vn 0.415099946 0.560758468 -0.716409083
vn 0.824934175 0.307791736 -0.474075789
vn 0.415099946 0.560758468 -0.716409083
vn 1.0299389e-05 0.307850539 -0.95143473
vn 0 0.56075956 -0.827978693
vn 0.476945488 0.307819604 -0.823267935
vn 0.474512515 0.307762789 0.824693846
vn -1.05066527e-05 -0.253264595 0.967397046
vn 0.482453092 -0.253284178 0.838502319
vn -1.04446232e-05 0.307734182 0.951472371
vn 0.823028684 0.30779174 0.477376193
vn 0.482453092 -0.253284178 0.838502319
vn 0.836811079 -0.253303908 0.485370321
vn 0.474512515 0.307762789 0.824693846
vn 0.951451868 0.30779167 0.00190551515
vn 0.836811079 -0.253303908 0.485370321
vn 0.967384819 -0.253303886 0.00193745294
vn 0.823028684 0.30779174 0.477376193
vn 0.824934175 0.307791736 -0.474075789
vn 0.967384819 -0.253303886 0.00193745294
vn 0.83874852 -0.253303917 -0.48201457
vn 0.951451868 0.30779167 0.00190551515
vn 0.476945488 0.307819604 -0.823267935
vn 0.83874852 -0.253303917 -0.48201457
vn 0.484937849 -0.253322841 -0.837056044
vn 0.824934175 0.307791736 -0.474075789
vn 1.0299389e-05 0.307850539 -0.95143473
vn 0.484937849 -0.253322841 -0.837056044
vn 1.03679292e-05 -0.253344172 -0.967376209
vn 0.476945488 0.307819604 -0.823267935
vn 0.482453092 -0.253284178 0.838502319
vn 0 -0.471938251 0.881631605
vn 0.439640347 -0.471938227 0.764192826
vn -1.05066527e-05 -0.253264595 0.967397046
vn 0.836811079 -0.253303908 0.485370321
vn 0.439640347 -0.471938227 0.764192826
vn 0.76263105 -0.471938165 0.44234404
vn 0.482453092 -0.253284178 0.838502319
vn 0.967384819 -0.253303886 0.00193745294
vn 0.76263105 -0.471938165 0.44234404
vn 0.881629921 -0.471938093 0.00176574146
vn 0.836811079 -0.253303908 0.485370321
vn 0.83874852 -0.253303917 -0.48201457
vn 0.881629921 -0.471938093 0.00176574146
vn 0.764396768 -0.471938092 -0.439285804
vn 0.967384819 -0.253303886 0.00193745294
vn 0.484937849 -0.253322841 -0.837056044
vn 0.764396768 -0.471938092 -0.439285804
vn 0.441993894 -0.47193733 -0.762834552
vn 0.484937849 -0.253322841 -0.837056044
vn 0.83874852 -0.253303917 -0.48201457
vn 0.764396768 -0.471938092 -0.439285804
vn 1.03679292e-05 -0.253344172 -0.967376209
vn 0.441993894 -0.47193733 -0.762834552
vn 0 -0.471938366 -0.881631543
vn 0.484937849 -0.253322841 -0.837056044
vn 0 0.56075945 0.827978767
vn -0.474521907 0.307761521 0.824688915
vn -1.04446232e-05 0.307734182 0.951472371
vn -0.412887433 0.560758621 0.717686378
vn -0.412887433 0.560758621 0.717686378
vn -0.823028828 0.307791757 0.477375934
vn -0.474521907 0.307761521 0.824688915
vn -0.716220169 0.56075946 0.415424478
vn -0.716220169 0.56075946 0.415424478
vn -0.951451839 0.307791759 0.00190551533
vn -0.823028828 0.307791757 0.477375934
vn -0.827977169 0.560759358 0.00165816022
vn -0.827977169 0.560759358 0.00165816022
vn -0.824934244 0.30779168 -0.474075705
vn -0.951451839 0.307791759 0.00190551533
vn -0.717878453 0.560759359 -0.412552382
vn -0.717878453 0.560759359 -0.412552382
vn -0.476936577 0.307820956 -0.823272592
vn -0.824934244 0.30779168 -0.474075705
vn -0.415094007 0.560759391 -0.716411802
vn -0.415094007 0.560759391 -0.716411802
vn 1.0299389e-05 0.307850539 -0.95143473
vn -0.476936577 0.307820956 -0.823272592
vn 0 0.56075956 -0.827978693
vn -0.474521907 0.307761521 0.824688915
vn -1.05066527e-05 -0.253264595 0.967397046
vn -1.04446232e-05 0.307734182 0.951472371
vn -0.482462453 -0.253283122 0.838497252
vn -0.823028828 0.307791757 0.477375934
vn -0.482462453 -0.253283122 0.838497252
vn -0.474521907 0.307761521 0.824688915
vn -0.836811217 -0.253303955 0.485370059
vn -0.951451839 0.307791759 0.00190551533
vn -0.836811217 -0.253303955 0.485370059
vn -0.823028828 0.307791757 0.477375934
vn -0.967384811 -0.253303914 0.00193743337
vn -0.824934244 0.30779168 -0.474075705
vn -0.967384811 -0.253303914 0.00193743337
vn -0.951451839 0.307791759 0.00190551533
vn -0.838748586 -0.253303919 -0.482014454
vn -0.476936577 0.307820956 -0.823272592
vn -0.838748586 -0.253303919 -0.482014454
vn -0.824934244 0.30779168 -0.474075705
vn -0.484928895 -0.253323907 -0.837060909
vn 1.0299389e-05 0.307850539 -0.95143473
vn -0.484928895 -0.253323907 -0.837060909
vn -0.476936577 0.307820956 -0.823272592
vn 1.03679292e-05 -0.253344172 -0.967376209
vn -0.482462453 -0.253283122 0.838497252
vn 0 -0.471938251 0.881631605
vn -1.05066527e-05 -0.253264595 0.967397046
vn -0.439646812 -0.47193742 0.764189605
vn -0.836811217 -0.253303955 0.485370059
vn -0.439646812 -0.47193742 0.764189605
vn -0.482462453 -0.253283122 0.838497252
vn -0.836811217 -0.253303955 0.485370059
vn -0.762631098 -0.47193824 0.442343879
vn -0.439646812 -0.47193742 0.764189605
vn -0.967384811 -0.253303914 0.00193743337
vn -0.762631098 -0.47193824 0.442343879
vn -0.836811217 -0.253303955 0.485370059
vn -0.881629897 -0.47193814 0.00176562523
vn -0.838748586 -0.253303919 -0.482014454
vn -0.881629897 -0.47193814 0.00176562523
vn -0.967384811 -0.253303914 0.00193743337
vn -0.764396842 -0.47193816 -0.439285603
vn -0.484928895 -0.253323907 -0.837060909
vn -0.764396842 -0.47193816 -0.439285603
vn -0.838748586 -0.253303919 -0.482014454
vn -0.4419876 -0.471938217 -0.76283765
vn 1.03679292e-05 -0.253344172 -0.967376209
vn -0.4419876 -0.471938217 -0.76283765
vn -0.484928895 -0.253323907 -0.837060909
vn 0 -0.471938366 -0.881631543

g collision_PZ_item_33_submesh_0
usemtl collision_52
f 4252/4252/4252 4254/4254/4254 4253/4253/4253
f 4252/4252/4252 4253/4253/4253 4255/4255/4255
f 4256/4256/4256 4258/4258/4258 4257/4257/4257
f 4256/4256/4256 4257/4257/4257 4259/4259/4259
f 4260/4260/4260 4262/4262/4262 4261/4261/4261
f 4260/4260/4260 4261/4261/4261 4263/4263/4263
f 4264/4264/4264 4266/4266/4266 4265/4265/4265
f 4264/4264/4264 4265/4265/4265 4267/4267/4267
f 4268/4268/4268 4270/4270/4270 4269/4269/4269
f 4268/4268/4268 4269/4269/4269 4271/4271/4271
f 4272/4272/4272 4274/4274/4274 4273/4273/4273
f 4272/4272/4272 4273/4273/4273 4275/4275/4275
f 4276/4276/4276 4278/4278/4278 4277/4277/4277
f 4276/4276/4276 4277/4277/4277 4279/4279/4279
f 4280/4280/4280 4282/4282/4282 4281/4281/4281
f 4280/4280/4280 4281/4281/4281 4283/4283/4283
f 4284/4284/4284 4286/4286/4286 4285/4285/4285
f 4284/4284/4284 4285/4285/4285 4287/4287/4287
f 4288/4288/4288 4290/4290/4290 4289/4289/4289
f 4288/4288/4288 4289/4289/4289 4291/4291/4291
f 4292/4292/4292 4294/4294/4294 4293/4293/4293
f 4292/4292/4292 4293/4293/4293 4295/4295/4295
f 4296/4296/4296 4298/4298/4298 4297/4297/4297
f 4296/4296/4296 4297/4297/4297 4299/4299/4299
f 4300/4300/4300 4302/4302/4302 4301/4301/4301
f 4300/4300/4300 4301/4301/4301 4303/4303/4303
f 4304/4304/4304 4306/4306/4306 4305/4305/4305
f 4304/4304/4304 4305/4305/4305 4307/4307/4307
f 4308/4308/4308 4310/4310/4310 4309/4309/4309
f 4308/4308/4308 4309/4309/4309 4311/4311/4311
f 4312/4312/4312 4314/4314/4314 4313/4313/4313
f 4312/4312/4312 4313/4313/4313 4315/4315/4315
f 4316/4316/4316 4318/4318/4318 4317/4317/4317
f 4319/4319/4319 4321/4321/4321 4320/4320/4320
f 4322/4322/4322 4324/4324/4324 4323/4323/4323
f 4322/4322/4322 4323/4323/4323 4325/4325/4325
f 4326/4326/4326 4328/4328/4328 4327/4327/4327
f 4326/4326/4326 4327/4327/4327 4329/4329/4329
f 4330/4330/4330 4332/4332/4332 4331/4331/4331
f 4330/4330/4330 4331/4331/4331 4333/4333/4333
f 4334/4334/4334 4336/4336/4336 4335/4335/4335
f 4334/4334/4334 4335/4335/4335 4337/4337/4337
f 4338/4338/4338 4340/4340/4340 4339/4339/4339
f 4338/4338/4338 4339/4339/4339 4341/4341/4341
f 4342/4342/4342 4344/4344/4344 4343/4343/4343
f 4342/4342/4342 4343/4343/4343 4345/4345/4345
f 4346/4346/4346 4348/4348/4348 4347/4347/4347
f 4346/4346/4346 4347/4347/4347 4349/4349/4349
f 4350/4350/4350 4352/4352/4352 4351/4351/4351
f 4350/4350/4350 4351/4351/4351 4353/4353/4353
f 4354/4354/4354 4356/4356/4356 4355/4355/4355
f 4354/4354/4354 4355/4355/4355 4357/4357/4357
f 4358/4358/4358 4360/4360/4360 4359/4359/4359
f 4358/4358/4358 4359/4359/4359 4361/4361/4361
f 4362/4362/4362 4364/4364/4364 4363/4363/4363
f 4362/4362/4362 4363/4363/4363 4365/4365/4365
f 4366/4366/4366 4368/4368/4368 4367/4367/4367
f 4366/4366/4366 4367/4367/4367 4369/4369/4369
f 4370/4370/4370 4372/4372/4372 4371/4371/4371
f 4370/4370/4370 4371/4371/4371 4373/4373/4373
f 4374/4374/4374 4376/4376/4376 4375/4375/4375
f 4374/4374/4374 4375/4375/4375 4377/4377/4377
f 4378/4378/4378 4380/4380/4380 4379/4379/4379
f 4381/4381/4381 4383/4383/4383 4382/4382/4382
f 4384/4384/4384 4386/4386/4386 4385/4385/4385
f 4384/4384/4384 4385/4385/4385 4387/4387/4387
f 4388/4388/4388 4390/4390/4390 4389/4389/4389
f 4388/4388/4388 4389/4389/4389 4391/4391/4391
f 4392/4392/4392 4394/4394/4394 4393/4393/4393
f 4392/4392/4392 4393/4393/4393 4395/4395/4395
f 4396/4396/4396 4398/4398/4398 4397/4397/4397
f 4396/4396/4396 4397/4397/4397 4399/4399/4399

o collision_PZ_item_29
v 47.6090083 8.46268439 10.2963324
v 42.9168964 8.85764789 10.7120009
v 42.8223491 8.46268439 10.2963305
v 47.4132915 8.85764789 10.7120047
v 31.2736678 4.71237993 19.7691298
v 42.8223491 8.46268439 10.2963305
v 31.2277122 8.46301055 19.7691298
v 42.8165317 4.71237993 10.470767
v 47.4131809 8.85764789 18.4227991
v 42.9171901 8.85764789 18.4227972
v 42.9168964 8.85764789 10.7120009
v 47.4132915 8.85764789 10.7120047
v 47.6090083 8.46268439 10.2963324
v 42.8165317 4.71237993 10.470767
v 47.8749843 4.71237993 10.4707689
v 42.8223491 8.46268439 10.2963305
v 31.2277122 8.46301055 19.7691298
v 42.9168964 8.85764789 10.7120009
v 31.3066993 8.85764789 19.7691298
v 42.8223491 8.46268439 10.2963305
v 42.9168964 8.85764789 10.7120009
v 42.9171901 8.85764789 18.4227972
v 31.3066993 8.85764789 19.7691298
vt 1.01170874 0.301013291
vt 0.884525061 0.318260849
vt 0.884525061 0.301013291
vt 1.01170874 0.318260849
vt 0.801214337 0.58319211
vt 1.72618246 0.36770463
vt 0.801214337 0.36770463
vt 1.7261821 0.583194375
vt 0.244092405 0.163216203
vt 0.246334359 0.0686091259
vt 0.497755408 0.0649781525
vt 0.497755349 0.167270198
vt 1.8607533 0.36770463
vt 1.7261821 0.583194375
vt 1.8607533 0.583195865
vt 1.72618246 0.36770463
vt 0.801214337 0.317343652
vt 1.72654915 0.300350785
vt 0.801214337 0.300357431
vt 1.72618246 0.31734404
vt 0.497755408 0.282971412
vt 0.240055352 0.168040141
vt 0.00999999978 0.282971412
vn 0 0.724933526 -0.688818832
vn 0 0.724933554 -0.688818802
vn 0 0.724933526 -0.688818832
vn 0 0.724933526 -0.688818832
vn -0.629880764 -0.0214258836 -0.776396261
vn -0.629880764 -0.0214258836 -0.776396261
vn -0.629880764 -0.0214258818 -0.776396261
vn -0.629880764 -0.0214258836 -0.776396261
vn 0 1 2.22044605e-16
vn 0 1 2.22044605e-16
vn 0 1 2.22044605e-16
vn 0 1 2.22044605e-16
vn 0 -0.0464623997 -0.99892004
vn 0 -0.0464624034 -0.998920039
vn 0 -0.0464624034 -0.998920039
vn 0 -0.0464623997 -0.99892004
vn -0.547097422 0.480913165 -0.685132789
vn -0.547097414 0.480913188 -0.685132779
vn -0.547097373 0.480913204 -0.685132801
vn -0.547097414 0.480913188 -0.685132779
vn 0 1 2.22044605e-16
vn 0 1 2.22044605e-16
vn 0 1 2.22044605e-16

g collision_PZ_item_29_submesh_0
usemtl collision_53
f 4400/4400/4400 4402/4402/4402 4401/4401/4401
f 4400/4400/4400 4401/4401/4401 4403/4403/4403
f 4404/4404/4404 4406/4406/4406 4405/4405/4405
f 4404/4404/4404 4405/4405/4405 4407/4407/4407
f 4408/4408/4408 4410/4410/4410 4409/4409/4409
f 4408/4408/4408 4411/4411/4411 4410/4410/4410
f 4412/4412/4412 4414/4414/4414 4413/4413/4413
f 4412/4412/4412 4413/4413/4413 4415/4415/4415
f 4416/4416/4416 4418/4418/4418 4417/4417/4417
f 4416/4416/4416 4417/4417/4417 4419/4419/4419
f 4420/4420/4420 4422/4422/4422 4421/4421/4421

o collision_PZ_item_003
v -35.5970764 -0.0957883967 26.7951212
v -40.6727943 8.49260195 27.0166197
v -40.6727943 -0.0957883967 27.0166197
v -35.5970764 8.49260195 26.7951212
v -29.7207909 -0.0957883967 26.5386877
v -29.7207909 8.49260195 26.5386877
v 11.4630976 -0.0957883967 22.4598665
v -0.339372264 8.49260195 23.9541712
v -0.339372264 -0.0957883967 23.9541712
v 11.4630976 8.49260195 22.4598665
v -12.0919399 8.49260195 25.2816782
v -12.0919399 -0.0957883967 25.2816782
v -23.8445072 8.49260195 26.2822561
v -23.8445072 -0.0957883967 26.2822561
v -29.7207909 8.49260195 26.5386877
v -29.7207909 -0.0957883967 26.5386877
v 13.6510086 -0.0957883967 22.121501
v 13.6510077 8.49260195 22.121501
v 35.0680389 -0.0957883967 18.6693926
v 23.2655678 8.49260195 20.6345854
v 23.2655678 -0.0957883967 20.6345854
v 35.0680389 8.49260195 18.6693926
v 21.6418972 8.49260195 20.8856897
v 21.6418972 -0.0957883967 20.8856897
v 21.6418972 -0.0957883967 20.8856897
v 13.6510077 8.49260195 22.121501
v 13.6510086 -0.0957883967 22.121501
v 21.6418972 8.49260195 20.8856897
v 46.8705101 -0.0957883967 17.2922297
v 35.0680389 8.49260195 18.6693926
v 35.0680389 -0.0957883967 18.6693926
v 46.8705101 8.49260195 17.2922297
v -47.3496437 8.49260195 27.3079882
v -40.6727943 8.86467703 27.0166197
v -47.3496437 8.86467703 27.3079882
v -40.6727943 8.49260195 27.0166197
v -0.339372264 8.49260195 23.9541712
v 11.4630976 8.86467703 22.4598665
v -0.339372264 8.86467703 23.9541731
v 11.4630976 8.49260195 22.4598665
v -12.0919399 8.49260195 25.2816782
v -12.0919399 8.86467703 25.2816801
v -23.8445072 8.49260195 26.2822561
v -23.8445072 8.86467703 26.282258
v -29.7207909 8.86467703 26.5386896
v -29.7207909 8.49260195 26.5386877
v 13.6510077 8.49260195 22.121501
v 13.6510077 8.86467703 22.121501
v 23.2655678 8.49260195 20.6345854
v 35.0680389 8.86467703 18.6693926
v 23.2655678 8.86467703 20.6345854
v 35.0680389 8.49260195 18.6693926
v 21.6418972 8.86467703 20.8856897
v 21.6418972 8.49260195 20.8856897
v -35.5970764 8.49260195 26.7951212
v -29.7207909 8.86467703 26.5386896
v -35.5970764 8.86467703 26.7951212
v -29.7207909 8.49260195 26.5386877
v -40.6727943 8.86467703 27.0166197
v -40.6727943 8.49260195 27.0166197
v 13.6510077 8.86467703 22.121501
v 21.6418972 8.49260195 20.8856897
v 21.6418972 8.86467703 20.8856897
v 13.6510077 8.49260195 22.121501
v 35.0680389 8.49260195 18.6693926
v 46.8705101 8.86467703 17.2922297
v 35.0680389 8.86467703 18.6693926
v 46.8705101 8.49260195 17.2922297
v -47.3496437 8.86467703 27.3079882
v -40.6727943 17.0809904 27.0166197
v -47.3496437 17.0809904 27.3079882
v -40.6727943 8.86467703 27.0166197
v -0.339372264 8.86467703 23.9541731
v 11.4630976 17.0809904 22.4598665
v -0.339372264 17.0809904 23.9541712
v 11.4630976 8.86467703 22.4598665
v -12.0919399 8.86467703 25.2816801
v -12.0919399 17.0809904 25.2816782
v -23.8445072 8.86467703 26.282258
v -23.8445072 17.0809904 26.2822561
v -29.7207909 17.0809904 26.5386877
v -29.7207909 8.86467703 26.5386896
v 13.6510077 8.86467703 22.121501
v 13.6510086 17.0809904 22.121501
v 23.2655678 8.86467703 20.6345854
v 35.0680389 17.0809904 18.6693926
v 23.2655678 17.0809904 20.6345854
v 35.0680389 8.86467703 18.6693926
v 21.6418972 17.0809904 20.8856897
v 21.6418972 8.86467703 20.8856897
v -35.5970764 8.86467703 26.7951212
v -29.7207909 17.0809904 26.5386877
v -35.5970764 17.0809904 26.7951212
v -29.7207909 8.86467703 26.5386896
v -40.6727943 17.0809904 27.0166197
v -40.6727943 8.86467703 27.0166197
v 13.6510086 17.0809904 22.121501
v 21.6418972 8.86467703 20.8856897
v 21.6418972 17.0809904 20.8856897
v 13.6510077 8.86467703 22.121501
v 35.0680389 8.86467703 18.6693926
v 46.8705101 17.0809904 17.2922297
v 35.0680389 17.0809904 18.6693926
v 46.8705101 8.86467703 17.2922297
v -40.6727943 -0.0957883967 27.0166197
v -47.3496437 8.49260195 27.3079882
v -47.3496437 -0.0957883967 27.3079882
v -40.6727943 8.49260195 27.0166197
vt 0.0231633447 0.16224353
vt 0.439441383 0.0574828833
vt 0.0231633727 0.0574827865
vt 0.439441383 0.16224362
vt 0.0231633447 0.283527553
vt 0.439441383 0.283527642
vt 0.621721447 0.584461868
vt 0.498961926 0.374681473
vt 0.498961926 0.584461868
vt 0.621721447 0.374681473
vt 0.376721442 0.374681473
vt 0.376721442 0.584461868
vt 0.254480958 0.374681473
vt 0.254480958 0.584461868
vt 0.193360716 0.374681473
vt 0.193360716 0.584461868
vt 0.644478321 0.584461868
vt 0.644478321 0.374681473
vt 0.867240489 0.584461868
vt 0.744480968 0.374681473
vt 0.744480968 0.584461868
vt 0.867240489 0.374681473
vt 0.727592885 0.374681473
vt 0.727592885 0.584461868
vt 0.0502773076 0.281074017
vt 0.612724781 0.0582333207
vt 0.0502773076 0.0582334362
vt 0.612724781 0.281073868
vt 0.99000001 0.584461868
vt 0.867240489 0.374681473
vt 0.867240489 0.584461868
vt 0.99000001 0.374681473
vt 0.00999999978 0.319413781
vt 0.0794470459 0.301371157
vt 0.00999999978 0.301371217
vt 0.0794470459 0.319413781
vt 0.498961926 0.319413781
vt 0.621721447 0.301371098
vt 0.498961926 0.301371098
vt 0.621721447 0.319413781
vt 0.376721442 0.319413781
vt 0.376721442 0.301371098
vt 0.254480958 0.319413781
vt 0.254480958 0.301371098
vt 0.193360716 0.301371098
vt 0.193360716 0.319413781
vt 0.644478321 0.319413781
vt 0.644478321 0.301371098
vt 0.744480968 0.319413781
vt 0.867240489 0.301371098
vt 0.744480968 0.301371098
vt 0.867240489 0.319413781
vt 0.727592885 0.301371098
vt 0.727592885 0.319413781
vt 0.549111903 0.162243709
vt 0.584914982 0.283527702
vt 0.584914982 0.162243709
vt 0.549111903 0.283527642
vt 0.584914804 0.0574828833
vt 0.549111903 0.0574828833
vt 0.685802817 0.0582333207
vt 0.637428105 0.281073868
vt 0.685802817 0.281073868
vt 0.637428105 0.0582333207
vt 0.867240489 0.319413781
vt 0.99000001 0.301371098
vt 0.867240489 0.301371098
vt 0.99000001 0.319413781
vt 0.00999999978 0.585123837
vt 0.0794470459 0.37501967
vt 0.00999999978 0.37501967
vt 0.0794470459 0.585123777
vt 0.498961926 0.585123718
vt 0.621721447 0.37501967
vt 0.498961926 0.37501967
vt 0.621721447 0.585123718
vt 0.376721442 0.585123718
vt 0.376721442 0.37501967
vt 0.254480958 0.585123718
vt 0.254480958 0.37501967
vt 0.193360716 0.37501967
vt 0.193360716 0.585123718
vt 0.644478321 0.585123718
vt 0.644478321 0.37501967
vt 0.744480968 0.585123718
vt 0.867240489 0.37501967
vt 0.744480968 0.37501967
vt 0.867240489 0.585123718
vt 0.727592885 0.37501967
vt 0.727592885 0.585123718
vt 0.0218500029 0.16224353
vt 0.438770294 0.283527642
vt 0.438770294 0.16224362
vt 0.0218500029 0.283527553
vt 0.438770294 0.0574828833
vt 0.0218499117 0.0574827865
vt 0.611818016 0.0582333207
vt 0.0485028066 0.281074017
vt 0.611818016 0.281073868
vt 0.0485028066 0.0582334362
vt 0.867240489 0.585123718
vt 0.99000001 0.37501967
vt 0.867240489 0.37501967
vt 0.99000001 0.585123718
vt 0.0794470459 0.584461868
vt 0.00999999978 0.374681473
vt 0.00999999978 0.584461868
vt 0.0794470459 0.374681473
vn -0.0435973579 2.21833481e-16 -0.999049183
vn -0.0435973579 2.21833481e-16 -0.999049183
vn -0.0435973579 2.21833481e-16 -0.999049183
vn -0.0435973579 2.21833481e-16 -0.999049183
vn -0.0435972129 2.21833483e-16 -0.999049189
vn -0.0435972129 2.21833483e-16 -0.999049189
vn -0.125606755 2.20286036e-16 -0.992080109
vn -0.125606755 2.20286036e-16 -0.992080109
vn -0.125606755 2.20286036e-16 -0.992080109
vn -0.125606755 2.20286036e-16 -0.992080109
vn -0.0848300849 2.2124423e-16 -0.996395432
vn -0.0848300849 2.2124423e-16 -0.996395432
vn -0.0848300849 2.2124423e-16 -0.996395432
vn -0.0848300849 2.2124423e-16 -0.996395432
vn -0.0435968969 2.21833486e-16 -0.999049203
vn -0.0435968969 2.21833486e-16 -0.999049203
vn -0.152835462 2.19435947e-16 -0.988251649
vn -0.152835477 2.19435946e-16 -0.988251647
vn -0.164245602 2.19029123e-16 -0.986419476
vn -0.164245602 2.19029123e-16 -0.986419476
vn -0.164245602 2.19029123e-16 -0.986419476
vn -0.164245602 2.19029123e-16 -0.986419476
vn -0.152835389 2.19435949e-16 -0.98825166
vn -0.152835389 2.19435949e-16 -0.98825166
vn -0.152835637 2.19435941e-16 -0.988251622
vn -0.152835637 2.19435941e-16 -0.988251622
vn -0.152835637 2.19435941e-16 -0.988251622
vn -0.152835637 2.19435941e-16 -0.988251622
vn -0.115897972 2.20548274e-16 -0.993261124
vn -0.115897972 2.20548274e-16 -0.993261124
vn -0.115897972 2.20548274e-16 -0.993261124
vn -0.115897972 2.20548274e-16 -0.993261124
vn -0.0435971311 2.21833483e-16 -0.999049193
vn -0.0435971311 2.21833483e-16 -0.999049193
vn -0.0435971311 2.21833483e-16 -0.999049193
vn -0.0435971311 2.21833483e-16 -0.999049193
vn -0.125606828 2.20286034e-16 -0.9920801
vn -0.125606843 2.20286033e-16 -0.992080098
vn -0.125606828 2.20286034e-16 -0.9920801
vn -0.125606843 2.20286033e-16 -0.992080098
vn -0.0848300923 2.2124423e-16 -0.996395431
vn -0.0848300923 2.2124423e-16 -0.996395431
vn -0.0848300923 2.2124423e-16 -0.996395431
vn -0.0848300923 2.2124423e-16 -0.996395431
vn -0.0435969043 2.21833486e-16 -0.999049203
vn -0.043596908 2.21833486e-16 -0.999049203
vn -0.152835506 2.19435945e-16 -0.988251642
vn -0.152835506 2.19435945e-16 -0.988251642
vn -0.164245631 2.19029122e-16 -0.986419471
vn -0.164245631 2.19029122e-16 -0.986419471
vn -0.164245631 2.19029122e-16 -0.986419471
vn -0.164245631 2.19029122e-16 -0.986419471
vn -0.15283536 2.1943595e-16 -0.988251665
vn -0.15283536 2.1943595e-16 -0.988251665
vn -0.0435970419 2.21833484e-16 -0.999049197
vn -0.0435970493 2.21833484e-16 -0.999049197
vn -0.0435970419 2.21833484e-16 -0.999049197
vn -0.0435970456 2.21833484e-16 -0.999049197
vn -0.0435973542 2.21833481e-16 -0.999049183
vn -0.0435973542 2.21833481e-16 -0.999049183
vn -0.152835608 2.19435942e-16 -0.988251626
vn -0.152835608 2.19435942e-16 -0.988251626
vn -0.152835608 2.19435942e-16 -0.988251626
vn -0.152835608 2.19435942e-16 -0.988251626
vn -0.115897957 2.20548274e-16 -0.993261126
vn -0.115897957 2.20548274e-16 -0.993261126
vn -0.115897957 2.20548274e-16 -0.993261126
vn -0.115897957 2.20548274e-16 -0.993261126
vn -0.0435971311 2.21833483e-16 -0.999049193
vn -0.0435971311 2.21833483e-16 -0.999049193
vn -0.0435971311 2.21833483e-16 -0.999049193
vn -0.0435971311 2.21833483e-16 -0.999049193
vn -0.125606828 2.20286034e-16 -0.9920801
vn -0.125606843 2.20286033e-16 -0.992080098
vn -0.125606843 2.20286033e-16 -0.992080098
vn -0.125606843 2.20286033e-16 -0.992080098
vn -0.0848300923 2.2124423e-16 -0.996395431
vn -0.0848300849 2.2124423e-16 -0.996395432
vn -0.0848300849 2.2124423e-16 -0.996395432
vn -0.0848300923 2.2124423e-16 -0.996395431
vn -0.0435969006 2.21833486e-16 -0.999049203
vn -0.0435969006 2.21833486e-16 -0.999049203
vn -0.152835462 2.19435947e-16 -0.988251649
vn -0.152835477 2.19435946e-16 -0.988251647
vn -0.164245645 2.19029121e-16 -0.986419469
vn -0.164245645 2.19029121e-16 -0.986419469
vn -0.164245645 2.19029121e-16 -0.986419469
vn -0.164245645 2.19029121e-16 -0.986419469
vn -0.152835375 2.1943595e-16 -0.988251662
vn -0.152835375 2.1943595e-16 -0.988251662
vn -0.0435970456 2.21833484e-16 -0.999049197
vn -0.0435970456 2.21833484e-16 -0.999049197
vn -0.0435970456 2.21833484e-16 -0.999049197
vn -0.0435970456 2.21833484e-16 -0.999049197
vn -0.0435973542 2.21833481e-16 -0.999049183
vn -0.0435973542 2.21833481e-16 -0.999049183
vn -0.152835622 2.19435941e-16 -0.988251624
vn -0.152835608 2.19435942e-16 -0.988251626
vn -0.152835608 2.19435942e-16 -0.988251626
vn -0.152835608 2.19435942e-16 -0.988251626
vn -0.115897964 2.20548274e-16 -0.993261125
vn -0.115897964 2.20548274e-16 -0.993261125
vn -0.115897964 2.20548274e-16 -0.993261125
vn -0.115897964 2.20548274e-16 -0.993261125
vn -0.04359712 2.21833483e-16 -0.999049194
vn -0.04359712 2.21833483e-16 -0.999049194
vn -0.04359712 2.21833483e-16 -0.999049194
vn -0.04359712 2.21833483e-16 -0.999049194

g collision_PZ_item_003_submesh_0
usemtl collision_54
f 4423/4423/4423 4425/4425/4425 4424/4424/4424
f 4423/4423/4423 4424/4424/4424 4426/4426/4426
f 4427/4427/4427 4423/4423/4423 4426/4426/4426
f 4427/4427/4427 4426/4426/4426 4428/4428/4428
f 4429/4429/4429 4431/4431/4431 4430/4430/4430
f 4429/4429/4429 4430/4430/4430 4432/4432/4432
f 4431/4431/4431 4433/4433/4433 4430/4430/4430
f 4431/4431/4431 4434/4434/4434 4433/4433/4433
f 4434/4434/4434 4435/4435/4435 4433/4433/4433
f 4434/4434/4434 4436/4436/4436 4435/4435/4435
f 4436/4436/4436 4437/4437/4437 4435/4435/4435
f 4436/4436/4436 4438/4438/4438 4437/4437/4437
f 4439/4439/4439 4429/4429/4429 4432/4432/4432
f 4439/4439/4439 4432/4432/4432 4440/4440/4440
f 4441/4441/4441 4443/4443/4443 4442/4442/4442
f 4441/4441/4441 4442/4442/4442 4444/4444/4444
f 4445/4445/4445 4442/4442/4442 4443/4443/4443
f 4445/4445/4445 4443/4443/4443 4446/4446/4446
f 4447/4447/4447 4449/4449/4449 4448/4448/4448
f 4447/4447/4447 4448/4448/4448 4450/4450/4450
f 4451/4451/4451 4453/4453/4453 4452/4452/4452
f 4451/4451/4451 4452/4452/4452 4454/4454/4454
f 4455/4455/4455 4457/4457/4457 4456/4456/4456
f 4455/4455/4455 4456/4456/4456 4458/4458/4458
f 4459/4459/4459 4461/4461/4461 4460/4460/4460
f 4459/4459/4459 4460/4460/4460 4462/4462/4462
f 4463/4463/4463 4461/4461/4461 4459/4459/4459
f 4463/4463/4463 4464/4464/4464 4461/4461/4461
f 4465/4465/4465 4464/4464/4464 4463/4463/4463
f 4465/4465/4465 4466/4466/4466 4464/4464/4464
f 4467/4467/4467 4466/4466/4466 4465/4465/4465
f 4467/4467/4467 4465/4465/4465 4468/4468/4468
f 4469/4469/4469 4462/4462/4462 4460/4460/4460
f 4469/4469/4469 4460/4460/4460 4470/4470/4470
f 4471/4471/4471 4473/4473/4473 4472/4472/4472
f 4471/4471/4471 4472/4472/4472 4474/4474/4474
f 4475/4475/4475 4473/4473/4473 4471/4471/4471
f 4475/4475/4475 4471/4471/4471 4476/4476/4476
f 4477/4477/4477 4479/4479/4479 4478/4478/4478
f 4477/4477/4477 4478/4478/4478 4480/4480/4480
f 4481/4481/4481 4479/4479/4479 4477/4477/4477
f 4481/4481/4481 4477/4477/4477 4482/4482/4482
f 4483/4483/4483 4485/4485/4485 4484/4484/4484
f 4483/4483/4483 4484/4484/4484 4486/4486/4486
f 4487/4487/4487 4489/4489/4489 4488/4488/4488
f 4487/4487/4487 4488/4488/4488 4490/4490/4490
f 4491/4491/4491 4493/4493/4493 4492/4492/4492
f 4491/4491/4491 4492/4492/4492 4494/4494/4494
f 4495/4495/4495 4497/4497/4497 4496/4496/4496
f 4495/4495/4495 4496/4496/4496 4498/4498/4498
f 4499/4499/4499 4497/4497/4497 4495/4495/4495
f 4499/4499/4499 4500/4500/4500 4497/4497/4497
f 4501/4501/4501 4500/4500/4500 4499/4499/4499
f 4501/4501/4501 4502/4502/4502 4500/4500/4500
f 4503/4503/4503 4502/4502/4502 4501/4501/4501
f 4503/4503/4503 4501/4501/4501 4504/4504/4504
f 4505/4505/4505 4498/4498/4498 4496/4496/4496
f 4505/4505/4505 4496/4496/4496 4506/4506/4506
f 4507/4507/4507 4509/4509/4509 4508/4508/4508
f 4507/4507/4507 4508/4508/4508 4510/4510/4510
f 4511/4511/4511 4509/4509/4509 4507/4507/4507
f 4511/4511/4511 4507/4507/4507 4512/4512/4512
f 4513/4513/4513 4515/4515/4515 4514/4514/4514
f 4513/4513/4513 4514/4514/4514 4516/4516/4516
f 4517/4517/4517 4515/4515/4515 4513/4513/4513
f 4517/4517/4517 4513/4513/4513 4518/4518/4518
f 4519/4519/4519 4521/4521/4521 4520/4520/4520
f 4519/4519/4519 4520/4520/4520 4522/4522/4522
f 4523/4523/4523 4525/4525/4525 4524/4524/4524
f 4523/4523/4523 4524/4524/4524 4526/4526/4526
f 4527/4527/4527 4529/4529/4529 4528/4528/4528
f 4527/4527/4527 4528/4528/4528 4530/4530/4530

o collision_PZ_item_44
v -24.0268259 5.8536839 16.0603141
v -20.6933317 5.8536839 15.4965018
v -20.6933317 5.8536839 16.0603141
v -24.0268259 5.8536839 15.4965009
v -24.0268259 4.85368319 16.0603141
v -20.6933317 5.8536839 16.0603141
v -20.6933317 4.85368319 16.0603141
v -24.0268259 5.8536839 16.0603141
v -20.6933317 4.85368319 16.0603141
v -20.6933317 5.8536839 15.4965018
v -20.6933317 4.85368319 15.4965018
v -20.6933317 5.8536839 16.0603141
v -20.6933317 4.85368319 15.4965018
v -24.0268259 5.8536839 15.4965009
v -24.0268259 4.85368319 15.4965009
v -20.6933317 5.8536839 15.4965018
v -24.0268259 4.85368319 15.4965009
v -24.0268259 5.8536839 16.0603141
v -24.0268259 4.85368319 16.0603141
v -24.0268259 5.8536839 15.4965009
vt 0.411769807 0.801583469
vt 0.438436508 0.625241041
vt 0.411769807 0.625241041
vt 0.438436508 0.801583469
vt 0.525347888 0.677529454
vt 0.441178024 0.996701241
vt 0.525347888 0.996701241
vt 0.441178083 0.677529454
vt 0.439485848 0.931153834
vt 0.409644306 0.831641197
vt 0.409644306 0.931153774
vt 0.439485848 0.831641197
vt 0.525347888 0.677529454
vt 0.441178024 0.996701241
vt 0.525347888 0.996701241
vt 0.441178024 0.677529454
vt 0.439286292 0.931153834
vt 0.409444809 0.831641197
vt 0.409444809 0.931153774
vt 0.439286292 0.831641197
vn 0 1 2.22044605e-16
vn 0 1 2.22044605e-16
vn 0 1 2.22044605e-16
vn 0 1 2.22044605e-16
vn 0 -2.22044605e-16 1
vn 0 -2.22044605e-16 1
vn 0 -2.22044605e-16 1
vn 0 -2.22044605e-16 1
vn 1 0 0
vn 1 0 0
vn 1 0 0
vn 1 0 0
vn 0 2.22044605e-16 -1
vn 0 2.22044605e-16 -1
vn 0 2.22044605e-16 -1
vn 0 2.22044605e-16 -1
vn -1 0 0
vn -1 0 0
vn -1 0 0
vn -1 0 0

g collision_PZ_item_44_submesh_0
usemtl collision_55
f 4531/4531/4531 4533/4533/4533 4532/4532/4532
f 4531/4531/4531 4532/4532/4532 4534/4534/4534
f 4535/4535/4535 4537/4537/4537 4536/4536/4536
f 4535/4535/4535 4536/4536/4536 4538/4538/4538
f 4539/4539/4539 4541/4541/4541 4540/4540/4540
f 4539/4539/4539 4540/4540/4540 4542/4542/4542
f 4543/4543/4543 4545/4545/4545 4544/4544/4544
f 4543/4543/4543 4544/4544/4544 4546/4546/4546
f 4547/4547/4547 4549/4549/4549 4548/4548/4548
f 4547/4547/4547 4548/4548/4548 4550/4550/4550

o collision_PZ_item_26
v 22.2191024 4.85368132 22.4479246
v 17.5567842 4.85368132 18.2392302
v 22.2191606 4.85368132 17.4234247
v 17.5569263 4.85368132 22.4479246
v 17.556664 4.85368132 11.4923515
v 22.2191997 4.85368132 11.4923515
v 12.8157687 4.2271707 22.7920561
v 12.8944812 4.85368132 19.0550318
v 12.8947521 4.85368132 22.4479246
v 12.7084804 4.2270565 19.0879221
v 22.2191997 4.85368132 11.4923515
v 22.3414512 4.22701478 17.4034071
v 22.2191606 4.85368132 17.4234247
v 22.3865667 4.22691035 11.4923515
v 12.8941264 4.85368132 11.4923515
v 17.5567842 4.85368132 18.2392302
v 12.8944812 4.85368132 19.0550318
v 17.556664 4.85368132 11.4923515
v 17.5569263 4.85368132 22.4479246
v 12.8947521 4.85368132 22.4479246
v 12.231628 -0.406271937 11.4923515
v 17.5566631 4.22691035 11.4923515
v 12.5709701 4.22691035 11.4923515
v 17.5566631 -0.406271937 11.4923515
v 17.5566631 4.85368132 11.4923515
v 12.8941264 4.85368132 11.4923515
v 12.7084804 4.2270565 19.0879221
v 12.231628 -0.406271937 11.4923515
v 12.5709701 4.22691035 11.4923515
v 12.231628 -0.406271937 19.1710138
v 12.8944812 4.85368132 19.0550318
v 12.5709701 4.22691035 11.4923515
v 12.8941264 4.85368132 11.4923515
v 12.7084804 4.2270565 19.0879221
v 22.6809011 -0.406271937 17.3426275
v 22.3865667 4.22691035 11.4923515
v 22.6809016 -0.406271937 11.4923515
v 22.3414512 4.22701478 17.4034071
v 22.2191606 4.85368132 17.4234247
v 22.2741046 4.2271707 22.792058
v 22.2191024 4.85368132 22.4479246
v 22.3414512 4.22701478 17.4034071
v 22.3414512 4.22701478 17.4034071
v 12.8157687 4.2271707 22.7920561
v 22.2741046 4.2271707 22.792058
v 12.7084804 4.2270565 19.0879221
v 22.6809011 -0.406271937 17.3426275
v 12.7084804 4.2270565 19.0879221
v 22.3414512 4.22701478 17.4034071
v 22.6809011 -0.406271937 17.3426275
v 12.231628 -0.406271937 19.1710138
v 12.7084804 4.2270565 19.0879221
vt 0.00999999978 0.282796383
vt 0.156811759 0.0654878542
vt 0.184334293 0.283892035
vt 0.00999999978 0.0654430166
vt 0.376805335 0.0654429942
vt 0.376805365 0.282797277
vt 0.801214337 0.329047412
vt 0.973583937 0.300734341
vt 0.801214337 0.301137954
vt 0.974899769 0.32935521
vt -0.252052277 0.300390422
vt 0.0255412944 0.331041396
vt 0.0263936482 0.298312992
vt -0.252052277 0.331216216
vt 0.376805365 0.282701939
vt 0.156811759 0.0654878542
vt 0.1293194 0.281530499
vt 0.376805335 0.0654429942
vt 0.00999999978 0.0654430166
vt 0.00999999978 0.282695889
vt 1.33190143 0.582254291
vt 1.33190143 0.330081701
vt 1.33190143 0.330081701
vt 1.33190143 0.582254291
vt 1.33190143 0.301137954
vt 1.33190143 0.301137954
vt 0.974899769 0.32935521
vt 1.33190143 0.582254291
vt 1.33190143 0.330081701
vt 0.974651277 0.582163513
vt 0.973583937 0.300734341
vt 1.33190143 0.330081701
vt 1.33190143 0.301137954
vt 0.974899769 0.32935521
vt 0.0229227077 0.58204478
vt -0.252052277 0.331216216
vt -0.252052277 0.581273913
vt 0.0255412944 0.331041396
vt 0.0263936482 0.298312992
vt 0.277912796 0.332897335
vt 0.277912796 0.300353736
vt 0.0255412944 0.331041396
vt 0.402167946 0.0570173562
vt 0.654539406 0.281017989
vt 0.654539406 0.058818344
vt 0.400666445 0.280431211
vt 0.0229227077 0.58204478
vt 0.279295057 0.331041396
vt 0.0255412944 0.331041396
vt 0.0229227077 0.58204478
vt 0.276676446 0.58204478
vt 0.279295057 0.331041396
vn 0 1 2.22044605e-16
vn 0 1 2.22044605e-16
vn 0 1 2.22044605e-16
vn 0 1 2.22044605e-16
vn 0 1 2.22044605e-16
vn 0 1 2.22044605e-16
vn -0.97734748 0.211122244 0.0148088195
vn -0.977347477 0.211122258 0.0148088194
vn -0.97734748 0.211122244 0.0148088195
vn -0.977347477 0.211122258 0.0148088194
vn 0.974328841 0.225098915 0.00371317506
vn 0.974328844 0.225098901 0.00371317507
vn 0.974328841 0.225098915 0.00371317483
vn 0.974328841 0.225098915 0.00371317506
vn 0 1 2.22044605e-16
vn 0 1 2.22044605e-16
vn 0 1 2.22044605e-16
vn 0 1 2.22044605e-16
vn 0 1 2.22044605e-16
vn 0 1 2.22044605e-16
vn 0 2.22044605e-16 -1
vn 0 2.22044605e-16 -1
vn 0 2.22044605e-16 -1
vn 0 2.22044605e-16 -1
vn 0 2.22044605e-16 -1
vn 0 2.22044605e-16 -1
vn -0.996096302 0.087816595 0.0089667783
vn -0.996096302 0.087816595 0.0089667783
vn -0.996096302 0.087816595 0.00896677924
vn -0.996096301 0.0878166024 0.0089667783
vn -0.926365623 0.376531283 0.0084217121
vn -0.926365623 0.376531283 0.00842171303
vn -0.926365634 0.376531257 0.00842171219
vn -0.926365623 0.376531283 0.0084217121
vn 0.997663607 0.0682105937 0.00382638812
vn 0.997663607 0.0682106011 0.00382638789
vn 0.997663607 0.0682106011 0.00382638812
vn 0.997663607 0.0682106011 0.00382638812
vn 0.989888798 0.141700872 0.00640546872
vn 0.989888798 0.141700872 0.00640546825
vn 0.989888798 0.141700872 0.00640546825
vn 0.989888798 0.141700872 0.00640546872
vn 0 -1 2.97060615e-05
vn 0 -1 2.97060633e-05
vn 0 -1 2.97060633e-05
vn 0 -1 2.97060615e-05
vn 0.1723093 -0.000183167727 0.985042878
vn 0.172309315 -0.000183167726 0.985042875
vn 0.172309315 -0.000183167712 0.985042875
vn 0.1723093 -0.000183167727 0.985042878
vn 0.1723093 -0.000183167727 0.985042878
vn 0.172309315 -0.000183167726 0.985042875

g collision_PZ_item_26_submesh_0
usemtl collision_56
f 4551/4551/4551 4553/4553/4553 4552/4552/4552
f 4551/4551/4551 4552/4552/4552 4554/4554/4554
f 4553/4553/4553 4555/4555/4555 4552/4552/4552
f 4553/4553/4553 4556/4556/4556 4555/4555/4555
f 4557/4557/4557 4559/4559/4559 4558/4558/4558
f 4557/4557/4557 4558/4558/4558 4560/4560/4560
f 4561/4561/4561 4563/4563/4563 4562/4562/4562
f 4561/4561/4561 4562/4562/4562 4564/4564/4564
f 4565/4565/4565 4567/4567/4567 4566/4566/4566
f 4565/4565/4565 4566/4566/4566 4568/4568/4568
f 4567/4567/4567 4569/4569/4569 4566/4566/4566
f 4567/4567/4567 4570/4570/4570 4569/4569/4569
f 4571/4571/4571 4573/4573/4573 4572/4572/4572
f 4571/4571/4571 4572/4572/4572 4574/4574/4574
f 4573/4573/4573 4575/4575/4575 4572/4572/4572
f 4573/4573/4573 4576/4576/4576 4575/4575/4575
f 4577/4577/4577 4579/4579/4579 4578/4578/4578
f 4577/4577/4577 4578/4578/4578 4580/4580/4580
f 4581/4581/4581 4583/4583/4583 4582/4582/4582
f 4581/4581/4581 4582/4582/4582 4584/4584/4584
f 4585/4585/4585 4587/4587/4587 4586/4586/4586
f 4585/4585/4585 4586/4586/4586 4588/4588/4588
f 4589/4589/4589 4591/4591/4591 4590/4590/4590
f 4589/4589/4589 4590/4590/4590 4592/4592/4592
f 4593/4593/4593 4595/4595/4595 4594/4594/4594
f 4593/4593/4593 4594/4594/4594 4596/4596/4596
f 4597/4597/4597 4599/4599/4599 4598/4598/4598
f 4600/4600/4600 4602/4602/4602 4601/4601/4601

o collision_PZ_item_001
v 3.4507446 11.0817206 -27.0808094
v 4.23570011 11.0817206 -26.5299748
v 3.4507446 11.0817206 -26.5299748
v 4.23570011 11.0817206 -27.0808094
v 4.38257358 10.9962898 -27.0808094
v 4.38257358 10.9962898 -26.66973
v 3.4507446 11.0817206 -26.5299748
v 4.23570011 10.6650946 -26.3018254
v 3.4507446 10.6650946 -26.3018254
v 4.23570011 11.0817206 -26.5299748
v 4.38257358 10.9962898 -26.66973
v 4.38257358 10.6650946 -26.4415806
v 3.4507446 10.2484687 -26.5299748
v 4.23570011 10.2484687 -27.0808094
v 3.4507446 10.2484687 -27.0808094
v 4.23570011 10.2484687 -26.5299748
v 4.38257358 10.3338998 -26.66973
v 4.38257358 10.3338998 -27.0808094
v 3.4507446 10.6650946 -26.3018254
v 4.23570011 10.2484687 -26.5299748
v 3.4507446 10.2484687 -26.5299748
v 4.23570011 10.6650946 -26.3018254
v 4.38257358 10.6650946 -26.4415806
v 4.38257358 10.3338998 -26.66973
v 4.38257358 10.9962898 -26.66973
v 8.70862958 10.9652584 -27.0808094
v 8.70862958 10.9652584 -26.66973
v 4.38257358 10.9962898 -27.0808094
v 4.38257358 10.6650946 -26.4415806
v 8.70862958 10.9652584 -26.66973
v 8.84859846 10.6650939 -26.4415806
v 4.38257358 10.9962898 -26.66973
v 4.38257358 10.3338998 -27.0808094
v 8.98856828 10.3649295 -26.66973
v 8.98856828 10.3649295 -27.0808094
v 4.38257358 10.3338998 -26.66973
v 4.38257358 10.3338998 -26.66973
v 8.84859846 10.6650939 -26.4415806
v 8.98856828 10.3649295 -26.66973
v 4.38257358 10.6650946 -26.4415806
v 10.9718036 12.1680829 -26.66973
v 8.98856828 10.3649295 -27.0808094
v 8.98856828 10.3649295 -26.66973
v 10.9718036 12.1680829 -27.0808094
v 10.8318338 12.6847855 -26.4415806
v 8.98856828 10.3649295 -26.66973
v 8.84859846 10.6650939 -26.4415806
v 10.9718036 12.1680829 -26.66973
v 10.6918649 13.2014905 -27.0808094
v 8.70862958 10.9652584 -26.66973
v 8.70862958 10.9652584 -27.0808094
v 10.6918649 13.2014905 -26.66973
v 10.6918649 13.2014905 -26.66973
v 8.84859846 10.6650939 -26.4415806
v 8.70862958 10.9652584 -26.66973
v 10.8318338 12.6847855 -26.4415806
v 36.3811607 12.0493666 -26.5223911
v 35.4109535 12.0493666 -27.0808094
v 35.4109535 12.0493666 -26.5223911
v 36.3811607 12.0493666 -27.0808094
v 35.2174759 12.1680829 -27.0808094
v 35.2174759 12.1680829 -26.66973
v 36.3811607 12.6847869 -26.2942417
v 35.4109535 12.0493666 -26.5223911
v 35.4109535 12.6847865 -26.2942417
v 36.3811607 12.0493666 -26.5223911
v 35.2174759 12.1680829 -26.66973
v 35.2174759 12.6847865 -26.4415806
v 36.3811607 13.3202063 -27.0808094
v 35.4109535 13.3202063 -26.5223911
v 35.4109535 13.3202063 -27.0808094
v 36.3811607 13.3202063 -26.5223911
v 35.2174759 13.2014905 -26.66973
v 35.2174759 13.2014905 -27.0808094
v 36.3811607 13.3202063 -26.5223911
v 35.4109535 12.6847865 -26.2942417
v 35.4109535 13.3202063 -26.5223911
v 36.3811607 12.6847869 -26.2942417
v 3.4507446 9.95824661 -27.0808094
v 4.23570011 9.95824661 -26.5299748
v 3.4507446 9.95824661 -26.5299748
v 4.23570011 9.95824661 -27.0808094
v 4.38257358 9.87281551 -27.0808094
v 4.38257358 9.87281551 -26.66973
v 3.4507446 9.95824661 -26.5299748
v 4.23570011 9.54162064 -26.3018254
v 3.4507446 9.54162064 -26.3018254
v 4.23570011 9.95824661 -26.5299748
v 4.38257358 9.87281551 -26.66973
v 4.38257358 9.54162064 -26.4415806
v 3.4507446 9.12499442 -26.5299748
v 4.23570011 9.12499442 -27.0808094
v 3.4507446 9.12499442 -27.0808094
v 4.23570011 9.12499442 -26.5299748
v 4.38257358 9.21042576 -26.66973
v 4.38257358 9.21042576 -27.0808094
v 3.4507446 9.54162064 -26.3018254
v 4.23570011 9.12499442 -26.5299748
v 3.4507446 9.12499442 -26.5299748
v 4.23570011 9.54162064 -26.3018254
v 4.38257358 9.54162064 -26.4415806
v 4.38257358 9.21042576 -26.66973
v 4.38257358 9.87281551 -26.66973
v 8.70862958 9.84178426 -27.0808094
v 8.70862958 9.84178426 -26.66973
v 4.38257358 9.87281551 -27.0808094
v 4.38257358 9.54162064 -26.4415806
v 8.70862958 9.84178426 -26.66973
v 8.84859846 9.54161992 -26.4415806
v 4.38257358 9.87281551 -26.66973
v 4.38257358 9.21042576 -27.0808094
v 8.98856828 9.24145546 -26.66973
v 8.98856828 9.24145546 -27.0808094
v 4.38257358 9.21042576 -26.66973
v 4.38257358 9.21042576 -26.66973
v 8.84859846 9.54161992 -26.4415806
v 8.98856828 9.24145546 -26.66973
v 4.38257358 9.54162064 -26.4415806
v 11.5764179 9.68913975 -26.66973
v 8.98856828 9.24145546 -27.0808094
v 8.98856828 9.24145546 -26.66973
v 11.5764179 9.68913975 -27.0808094
v 11.4364481 10.2058425 -26.4415806
v 8.98856828 9.24145546 -26.66973
v 8.84859846 9.54161992 -26.4415806
v 11.5764179 9.68913975 -26.66973
v 11.2964792 10.7225473 -27.0808094
v 8.70862958 9.84178426 -26.66973
v 8.70862958 9.84178426 -27.0808094
v 11.2964792 10.7225473 -26.66973
v 11.2964792 10.7225473 -26.66973
v 8.84859846 9.54161992 -26.4415806
v 8.70862958 9.84178426 -26.66973
v 11.4364481 10.2058425 -26.4415806
v 36.3811607 9.56921318 -26.5223911
v 35.4109535 9.56921318 -27.0808094
v 35.4109535 9.56921318 -26.5223911
v 36.3811607 9.56921318 -27.0808094
v 35.2174759 9.68913975 -27.0808094
v 35.2174759 9.68913975 -26.66973
v 36.3811607 10.205844 -26.2942417
v 35.4109535 9.56921318 -26.5223911
v 35.4109535 10.2058435 -26.2942417
v 36.3811607 9.56921318 -26.5223911
v 35.2174759 9.68913975 -26.66973
v 35.2174759 10.205843 -26.4415806
v 36.3811607 10.8424735 -27.0808094
v 35.4109535 10.8424735 -26.5223911
v 35.4109535 10.8424735 -27.0808094
v 36.3811607 10.8424735 -26.5223911
v 35.2174759 10.7225473 -26.66973
v 35.2174759 10.7225473 -27.0808094
v 36.3811607 10.8424735 -26.5223911
v 35.4109535 10.2058435 -26.2942417
v 35.4109535 10.8424735 -26.5223911
v 36.3811607 10.205844 -26.2942417
v 35.2174759 12.1680829 -26.66973
v 10.9718036 12.1680829 -27.0808094
v 10.9718036 12.1680829 -26.66973
v 35.2174759 12.1680829 -27.0808094
v 35.2174759 12.6847865 -26.4415806
v 10.9718036 12.1680829 -26.66973
v 10.8318338 12.6847855 -26.4415806
v 35.2174759 12.1680829 -26.66973
v 35.2174759 13.2014905 -27.0808094
v 10.6918649 13.2014905 -26.66973
v 10.6918649 13.2014905 -27.0808094
v 35.2174759 13.2014905 -26.66973
v 35.2174759 13.2014905 -26.66973
v 10.8318338 12.6847855 -26.4415806
v 10.6918649 13.2014905 -26.66973
v 35.2174759 12.6847865 -26.4415806
v 35.2174759 9.68913975 -26.66973
v 11.5764179 9.68913975 -27.0808094
v 11.5764179 9.68913975 -26.66973
v 35.2174759 9.68913975 -27.0808094
v 35.2174759 10.205843 -26.4415806
v 11.5764179 9.68913975 -26.66973
v 11.4364481 10.2058425 -26.4415806
v 35.2174759 9.68913975 -26.66973
v 35.2174759 10.7225473 -27.0808094
v 11.2964792 10.7225473 -26.66973
v 11.2964792 10.7225473 -27.0808094
v 35.2174759 10.7225473 -26.66973
v 35.2174759 10.7225473 -26.66973
v 11.4364481 10.2058425 -26.4415806
v 11.2964792 10.7225473 -26.66973
v 35.2174759 10.205843 -26.4415806
v 35.4109535 13.3202063 -26.5223911
v 35.2174759 12.6847865 -26.4415806
v 35.2174759 13.2014905 -26.66973
v 35.4109535 12.6847865 -26.2942417
v 35.4109535 10.8424735 -26.5223911
v 35.2174759 10.205843 -26.4415806
v 35.2174759 10.7225473 -26.66973
v 35.4109535 10.2058435 -26.2942417
vt 0.513493776 0.744889975
vt 0.513493776 0.787625194
vt 0.513493776 0.744889975
vt 0.513493776 0.787625194
vt 0.513493776 0.806145251
vt 0.513493776 0.806145251
vt 0.513493776 0.744889975
vt 0.412838221 0.787625194
vt 0.412838221 0.744889975
vt 0.513493776 0.787625194
vt 0.513493776 0.806145251
vt 0.412838221 0.806145251
vt 0.513493776 0.744889975
vt 0.513493776 0.787625194
vt 0.513493776 0.744889975
vt 0.513493776 0.787625194
vt 0.513493776 0.806145251
vt 0.513493776 0.806145251
vt 0.412838221 0.744889975
vt 0.513493776 0.787625194
vt 0.513493776 0.744889975
vt 0.412838221 0.787625194
vt 0.412838221 0.806145251
vt 0.513493776 0.806145251
vt 0.342387915 0.992573142
vt 0.125016332 0.992573142
vt 0.125016332 0.992573142
vt 0.342387915 0.992573142
vt 0.342387915 0.980756283
vt 0.125016332 0.992573142
vt 0.125016421 0.980756283
vt 0.342387915 0.992573142
vt 0.342387915 0.992573142
vt 0.125016332 0.992573142
vt 0.125016332 0.992573142
vt 0.342387915 0.992573142
vt 0.342387915 0.992573142
vt 0.125016421 0.980756283
vt 0.125016332 0.992573142
vt 0.342387915 0.980756283
vt 0.342387915 0.992573142
vt 0.125016332 0.992573142
vt 0.125016332 0.992573142
vt 0.342387915 0.992573142
vt 0.342387915 0.980756283
vt 0.125016332 0.992573142
vt 0.125016421 0.980756283
vt 0.342387915 0.992573142
vt 0.342387915 0.992573142
vt 0.125016332 0.992573142
vt 0.125016332 0.992573142
vt 0.342387915 0.992573142
vt 0.342387915 0.992573142
vt 0.125016421 0.980756283
vt 0.125016332 0.992573142
vt 0.342387915 0.980756283
vt 0.508258045 0.705209076
vt 0.450506449 0.787335992
vt 0.508258045 0.787335992
vt 0.450506449 0.705209076
vt 0.450506449 0.807164133
vt 0.508258045 0.807164133
vt 0.450506449 0.705209076
vt 0.508258045 0.787335992
vt 0.450506449 0.787335992
vt 0.508258045 0.705209076
vt 0.508258045 0.807164133
vt 0.450506449 0.807164133
vt 0.450506449 0.705209076
vt 0.508258045 0.787335992
vt 0.450506449 0.787335992
vt 0.508258045 0.705209076
vt 0.508258045 0.807164133
vt 0.450506449 0.807164133
vt 0.508258045 0.705209076
vt 0.450506449 0.787335992
vt 0.508258045 0.787335992
vt 0.450506449 0.705209076
vt 0.513493776 0.744889975
vt 0.513493776 0.787625194
vt 0.513493776 0.744889975
vt 0.513493776 0.787625194
vt 0.513493776 0.806145251
vt 0.513493776 0.806145251
vt 0.513493776 0.744889975
vt 0.412838221 0.787625194
vt 0.412838221 0.744889975
vt 0.513493776 0.787625194
vt 0.513493776 0.806145251
vt 0.412838221 0.806145251
vt 0.513493776 0.744889975
vt 0.513493776 0.787625194
vt 0.513493776 0.744889975
vt 0.513493776 0.787625194
vt 0.513493776 0.806145251
vt 0.513493776 0.806145251
vt 0.412838221 0.744889975
vt 0.513493776 0.787625194
vt 0.513493776 0.744889975
vt 0.412838221 0.787625194
vt 0.412838221 0.806145251
vt 0.513493776 0.806145251
vt 0.342387915 0.992573142
vt 0.125016332 0.992573142
vt 0.125016332 0.992573142
vt 0.342387915 0.992573142
vt 0.342387915 0.980756283
vt 0.125016332 0.992573142
vt 0.125016421 0.980756283
vt 0.342387915 0.992573142
vt 0.342387915 0.992573142
vt 0.125016332 0.992573142
vt 0.125016332 0.992573142
vt 0.342387915 0.992573142
vt 0.342387915 0.992573142
vt 0.125016421 0.980756283
vt 0.125016332 0.992573142
vt 0.342387915 0.980756283
vt 0.342387915 0.992573142
vt 0.125016332 0.992573142
vt 0.125016332 0.992573142
vt 0.342387915 0.992573142
vt 0.342387915 0.980756283
vt 0.125016332 0.992573142
vt 0.125016421 0.980756283
vt 0.342387915 0.992573142
vt 0.342387915 0.992573142
vt 0.125016332 0.992573142
vt 0.125016332 0.992573142
vt 0.342387915 0.992573142
vt 0.342387915 0.992573142
vt 0.125016421 0.980756283
vt 0.125016332 0.992573142
vt 0.342387915 0.980756283
vt 0.508258045 0.705209076
vt 0.450506449 0.787335992
vt 0.508258045 0.787335992
vt 0.450506449 0.705209076
vt 0.450506449 0.807164133
vt 0.508258045 0.807164133
vt 0.450506449 0.705209076
vt 0.508258045 0.787335992
vt 0.450506449 0.787335992
vt 0.508258045 0.705209076
vt 0.508258045 0.807164133
vt 0.450506449 0.807164133
vt 0.450506449 0.705209076
vt 0.508258045 0.787335992
vt 0.450506449 0.787335992
vt 0.508258045 0.705209076
vt 0.508258045 0.807164133
vt 0.450506449 0.807164133
vt 0.508258045 0.705209076
vt 0.450506449 0.787335992
vt 0.508258045 0.787335992
vt 0.450506449 0.705209076
vt 0.233702123 0.992573142
vt 0.125016332 0.992573142
vt 0.125016332 0.992573142
vt 0.233702123 0.992573142
vt 0.332487345 0.980756521
vt 0.125016332 0.992573142
vt 0.125016421 0.980756283
vt 0.333034545 0.992573321
vt 0.233702123 0.992573142
vt 0.125016332 0.992573142
vt 0.125016332 0.992573142
vt 0.233702123 0.992573142
vt 0.331952035 0.992573321
vt 0.125016421 0.980756283
vt 0.125016332 0.992573142
vt 0.332487345 0.980756521
vt 0.233702123 0.992573142
vt 0.125016332 0.992573142
vt 0.125016332 0.992573142
vt 0.233702123 0.992573142
vt 0.332487345 0.980756521
vt 0.125016332 0.992573142
vt 0.125016421 0.980756283
vt 0.333034545 0.992573321
vt 0.233702123 0.992573142
vt 0.125016332 0.992573142
vt 0.125016332 0.992573142
vt 0.233702123 0.992573142
vt 0.331952035 0.992573321
vt 0.125016421 0.980756283
vt 0.125016332 0.992573142
vt 0.332487345 0.980756521
vt 0.508258045 0.787335992
vt 0.450506449 0.807164133
vt 0.508258045 0.807164133
vt 0.450506449 0.787335992
vt 0.508258045 0.787335992
vt 0.450506449 0.807164133
vt 0.508258045 0.807164133
vt 0.450506449 0.787335992
vn 0 1 2.22044605e-16
vn 0.186789386 0.982399982 2.18136616e-16
vn 0 1 2.22044605e-16
vn 0.260377938 0.965506773 2.1438557e-16
vn 0.263839068 0.964566714 2.14176835e-16
vn 0.309569682 0.950876759 2.11137054e-16
vn 0 0.480309876 0.877098867
vn 0.371963658 -2.06112303e-16 0.928247293
vn 0 -2.22044605e-16 1
vn 0.369947933 0.461919768 0.806082288
vn 0.371155619 0.519571482 0.769603132
vn 0.483266976 0.00016391299 0.875473017
vn 0 -1 -2.22044605e-16
vn 0.260378511 -0.965506619 -2.14385536e-16
vn 0 -1 -2.22044605e-16
vn 0.186789847 -0.982399895 -2.18136597e-16
vn 0.309402714 -0.950931102 -2.11149121e-16
vn 0.26362918 -0.964624101 -2.14189577e-16
vn 0 -2.22044605e-16 1
vn 0.369947866 -0.461919737 0.806082336
vn 0 -0.480309876 0.877098867
vn 0.371963658 -2.06112303e-16 0.928247293
vn 0.483266976 0.00016391299 0.875473017
vn 0.371077352 -0.519262007 0.769849704
vn 0.309569682 0.950876759 2.11137054e-16
vn 0.00717294699 0.999974274 2.22038893e-16
vn 0.00717294699 0.999974274 2.22038893e-16
vn 0.263839068 0.964566714 2.14176835e-16
vn 0.483266976 0.00016391299 0.875473017
vn -0.190412597 0.4812865 0.855632133
vn 0.0335196331 -0.121585943 0.992014764
vn 0.371155619 0.519571482 0.769603132
vn 0.26362918 -0.964624101 -2.14189577e-16
vn 0.00673665497 -0.999977308 -2.22039566e-16
vn 0.00673665497 -0.999977308 -2.22039566e-16
vn 0.309402714 -0.950931102 -2.11149121e-16
vn 0.371077352 -0.519262007 0.769849704
vn 0.0335196331 -0.121585943 0.992014764
vn 0.431811253 -0.668767408 0.605218305
vn 0.483266976 0.00016391299 0.875473017
vn 0.360623985 -0.932711285 -2.07103509e-16
vn 0.672716119 -0.739900685 -1.64290955e-16
vn 0.431811253 -0.668767408 0.605218305
vn 0.360623985 -0.932711285 -2.07103509e-16
vn -0.06988233 0.0929389652 0.993216396
vn 0.431811253 -0.668767408 0.605218305
vn 0.0335196331 -0.121585943 0.992014764
vn 0.186454439 -0.388480025 0.902395707
vn -0.410172238 0.912008078 2.02506473e-16
vn -0.748160809 0.663517448 1.4733047e-16
vn -0.748160809 0.663517448 1.4733047e-16
vn -0.410172238 0.912008078 2.02506473e-16
vn -0.168353514 0.387479934 0.906375416
vn 0.0335196331 -0.121585943 0.992014764
vn -0.190412597 0.4812865 0.855632133
vn -0.06988233 0.0929389652 0.993216396
vn 0 -1 -2.22044605e-16
vn -0.271716985 -0.962377202 -2.13690666e-16
vn -0.210327368 -0.977631013 -2.17077692e-16
vn 0 -1 -2.22044605e-16
vn -0.522988479 -0.852339751 -1.89257443e-16
vn -0.522988426 -0.852339783 -1.8925745e-16
vn 0 -2.22044605e-16 1
vn -0.310151663 -0.332750049 0.890552273
vn -0.213794428 -0.0958889066 0.972161129
vn 0 -0.337930204 0.941171173
vn -0.417248905 -0.776293456 0.472516477
vn -0.634537674 -0.28459646 0.718586665
vn 0 1 2.22044605e-16
vn -0.21032666 0.977631166 2.17077726e-16
vn -0.27171615 0.962377438 2.13690718e-16
vn 0 1 2.22044605e-16
vn -0.522986962 0.852340682 1.8925765e-16
vn -0.522986918 0.852340709 1.89257656e-16
vn 0 0.337930408 0.9411711
vn -0.213794428 -0.0958889066 0.972161129
vn 0 0.337930408 0.9411711
vn 0 -2.22044605e-16 1
vn 0 1 2.22044605e-16
vn 0.186789847 0.982399895 2.18136597e-16
vn 0 1 2.22044605e-16
vn 0.260378511 0.965506619 2.14385536e-16
vn 0.263839625 0.964566562 2.14176801e-16
vn 0.309570318 0.950876552 2.11137008e-16
vn 0 0.480309876 0.877098867
vn 0.371963786 -2.06112292e-16 0.928247242
vn 0 -2.22044605e-16 1
vn 0.369947866 0.461919737 0.806082336
vn 0.371155759 0.519571588 0.769602993
vn 0.483267141 0.000164091417 0.875472926
vn 0 -1 -2.22044605e-16
vn 0.260379097 -0.965506461 -2.14385501e-16
vn 0 -1 -2.22044605e-16
vn 0.186790329 -0.982399803 -2.18136576e-16
vn 0.309403377 -0.950930886 -2.11149073e-16
vn 0.263629795 -0.964623932 -2.1418954e-16
vn 0 -2.22044605e-16 1
vn 0.3699479 -0.461919592 0.806082404
vn 0 -0.480309667 0.877098982
vn 0.371963786 -2.06112292e-16 0.928247242
vn 0.483267141 0.000164091417 0.875472926
vn 0.371077649 -0.519261886 0.769849642
vn 0.309570318 0.950876552 2.11137008e-16
vn 0.00717291951 0.999974274 2.22038893e-16
vn 0.00717291951 0.999974274 2.22038893e-16
vn 0.263839625 0.964566562 2.14176801e-16
vn 0.483267141 0.000164091417 0.875472926
vn -0.0571729386 0.528917818 0.84674506
vn -0.0157654146 -0.0553944602 0.998340075
vn 0.371155759 0.519571588 0.769602993
vn 0.263629795 -0.964623932 -2.1418954e-16
vn 0.00673665497 -0.999977308 -2.22039566e-16
vn 0.00673665497 -0.999977308 -2.22039566e-16
vn 0.309403377 -0.950930886 -2.11149073e-16
vn 0.371077649 -0.519261886 0.769849642
vn -0.0157654146 -0.0553944602 0.998340075
vn 0.110614241 -0.763705437 0.636017684
vn 0.483267141 0.000164091417 0.875472926
vn 0.0855449733 -0.99633431 -2.21230658e-16
vn 0.170462769 -0.985364118 -2.18794786e-16
vn 0.110614241 -0.763705437 0.636017684
vn 0.0855449733 -0.99633431 -2.21230658e-16
vn -0.00923807038 0.0296070275 0.999518925
vn 0.110614241 -0.763705437 0.636017684
vn -0.0157654146 -0.0553944602 0.998340075
vn 0.0444971078 -0.429591128 0.901926533
vn -0.163289594 0.986578182 2.19064363e-16
vn -0.32219591 0.946673014 2.10203635e-16
vn -0.32219591 0.946673014 2.10203635e-16
vn -0.163289594 0.986578182 2.19064363e-16
vn -0.0713887633 0.42848563 0.900723992
vn -0.0157654146 -0.0553944602 0.998340075
vn -0.0571729386 0.528917818 0.84674506
vn -0.00923807038 0.0296070275 0.999518925
vn 0 -1 -2.22044605e-16
vn -0.273897005 -0.96175903 -2.13553404e-16
vn -0.212176141 -0.977231439 -2.16988969e-16
vn 0 -1 -2.22044605e-16
vn -0.526845861 -0.849960845 -1.8872922e-16
vn -0.526845861 -0.849960845 -1.8872922e-16
vn 0 -2.22044605e-16 1
vn -0.309909756 -0.332299793 0.890804575
vn -0.213994932 -0.0957577953 0.972129937
vn 0 -0.337360895 0.941375391
vn -0.41807734 -0.775637963 0.472860538
vn -0.635067499 -0.284178124 0.718284112
vn 0 1 2.22044605e-16
vn -0.212175604 0.977231555 2.16988995e-16
vn -0.273896394 0.961759203 2.13553442e-16
vn 0 1 2.22044605e-16
vn -0.526844723 0.849961551 1.88729377e-16
vn -0.526844723 0.849961551 1.88729377e-16
vn 0 0.337361223 0.941375273
vn -0.213994932 -0.0957577953 0.972129937
vn 0 0.337361223 0.941375273
vn 0 -2.22044605e-16 1
vn -0.417248905 -0.776293456 0.472516477
vn 0.360623985 -0.932711285 -2.07103509e-16
vn 0.360623985 -0.932711285 -2.07103509e-16
vn 0 -1 -2.22044605e-16
vn -0.26414464 0.11847118 0.957179288
vn 0.186454439 -0.388480025 0.902395707
vn -0.06988233 0.0929389652 0.993216396
vn 0 -0.403924971 0.914792117
vn 0 1 2.22044605e-16
vn -0.410172238 0.912008078 2.02506473e-16
vn -0.410172238 0.912008078 2.02506473e-16
vn 0 1 2.22044605e-16
vn -0.355457685 0.362157723 0.861679533
vn -0.06988233 0.0929389652 0.993216396
vn -0.168353514 0.387479934 0.906375416
vn -0.26414464 0.11847118 0.957179288
vn -0.41807734 -0.775637963 0.472860538
vn 0.0855449733 -0.99633431 -2.21230658e-16
vn 0.0855449733 -0.99633431 -2.21230658e-16
vn 0 -1 -2.22044605e-16
vn -0.26438717 0.118306701 0.957132671
vn 0.0444971078 -0.429591128 0.901926533
vn -0.00923807038 0.0296070275 0.999518925
vn 0 -0.403924995 0.914792106
vn 0 1 2.22044605e-16
vn -0.163289594 0.986578182 2.19064363e-16
vn -0.163289594 0.986578182 2.19064363e-16
vn 0 1 2.22044605e-16
vn -0.356159809 0.361897411 0.861498958
vn -0.00923807038 0.0296070275 0.999518925
vn -0.0713887633 0.42848563 0.900723992
vn -0.26438717 0.118306701 0.957132671
vn -0.634537491 0.284596428 0.718586839
vn -0.26414464 0.11847118 0.957179288
vn -0.355457685 0.362157723 0.861679533
vn -0.634537527 0.284596417 0.718586812
vn -0.635067769 0.284177903 0.718283961
vn -0.26438717 0.118306701 0.957132671
vn -0.356159809 0.361897411 0.861498958
vn -0.635067802 0.284177888 0.718283938

g collision_PZ_item_001_submesh_0
usemtl collision_57
f 4603/4603/4603 4605/4605/4605 4604/4604/4604
f 4603/4603/4603 4604/4604/4604 4606/4606/4606
f 4604/4604/4604 4607/4607/4607 4606/4606/4606
f 4604/4604/4604 4608/4608/4608 4607/4607/4607
f 4609/4609/4609 4611/4611/4611 4610/4610/4610
f 4609/4609/4609 4610/4610/4610 4612/4612/4612
f 4610/4610/4610 4613/4613/4613 4612/4612/4612
f 4610/4610/4610 4614/4614/4614 4613/4613/4613
f 4615/4615/4615 4617/4617/4617 4616/4616/4616
f 4615/4615/4615 4616/4616/4616 4618/4618/4618
f 4616/4616/4616 4619/4619/4619 4618/4618/4618
f 4616/4616/4616 4620/4620/4620 4619/4619/4619
f 4621/4621/4621 4623/4623/4623 4622/4622/4622
f 4621/4621/4621 4622/4622/4622 4624/4624/4624
f 4622/4622/4622 4625/4625/4625 4624/4624/4624
f 4622/4622/4622 4626/4626/4626 4625/4625/4625
f 4627/4627/4627 4629/4629/4629 4628/4628/4628
f 4627/4627/4627 4628/4628/4628 4630/4630/4630
f 4631/4631/4631 4633/4633/4633 4632/4632/4632
f 4631/4631/4631 4632/4632/4632 4634/4634/4634
f 4635/4635/4635 4637/4637/4637 4636/4636/4636
f 4635/4635/4635 4636/4636/4636 4638/4638/4638
f 4639/4639/4639 4641/4641/4641 4640/4640/4640
f 4639/4639/4639 4640/4640/4640 4642/4642/4642
f 4643/4643/4643 4645/4645/4645 4644/4644/4644
f 4643/4643/4643 4644/4644/4644 4646/4646/4646
f 4647/4647/4647 4649/4649/4649 4648/4648/4648
f 4647/4647/4647 4648/4648/4648 4650/4650/4650
f 4651/4651/4651 4653/4653/4653 4652/4652/4652
f 4651/4651/4651 4652/4652/4652 4654/4654/4654
f 4655/4655/4655 4657/4657/4657 4656/4656/4656
f 4655/4655/4655 4656/4656/4656 4658/4658/4658
f 4659/4659/4659 4661/4661/4661 4660/4660/4660
f 4659/4659/4659 4660/4660/4660 4662/4662/4662
f 4661/4661/4661 4663/4663/4663 4660/4660/4660
f 4661/4661/4661 4664/4664/4664 4663/4663/4663
f 4665/4665/4665 4667/4667/4667 4666/4666/4666
f 4665/4665/4665 4666/4666/4666 4668/4668/4668
f 4667/4667/4667 4669/4669/4669 4666/4666/4666
f 4667/4667/4667 4670/4670/4670 4669/4669/4669
f 4671/4671/4671 4673/4673/4673 4672/4672/4672
f 4671/4671/4671 4672/4672/4672 4674/4674/4674
f 4673/4673/4673 4675/4675/4675 4672/4672/4672
f 4673/4673/4673 4676/4676/4676 4675/4675/4675
f 4677/4677/4677 4679/4679/4679 4678/4678/4678
f 4677/4677/4677 4678/4678/4678 4680/4680/4680
f 4681/4681/4681 4683/4683/4683 4682/4682/4682
f 4681/4681/4681 4682/4682/4682 4684/4684/4684
f 4682/4682/4682 4685/4685/4685 4684/4684/4684
f 4682/4682/4682 4686/4686/4686 4685/4685/4685
f 4687/4687/4687 4689/4689/4689 4688/4688/4688
f 4687/4687/4687 4688/4688/4688 4690/4690/4690
f 4688/4688/4688 4691/4691/4691 4690/4690/4690
f 4688/4688/4688 4692/4692/4692 4691/4691/4691
f 4693/4693/4693 4695/4695/4695 4694/4694/4694
f 4693/4693/4693 4694/4694/4694 4696/4696/4696
f 4694/4694/4694 4697/4697/4697 4696/4696/4696
f 4694/4694/4694 4698/4698/4698 4697/4697/4697
f 4699/4699/4699 4701/4701/4701 4700/4700/4700
f 4699/4699/4699 4700/4700/4700 4702/4702/4702
f 4700/4700/4700 4703/4703/4703 4702/4702/4702
f 4700/4700/4700 4704/4704/4704 4703/4703/4703
f 4705/4705/4705 4707/4707/4707 4706/4706/4706
f 4705/4705/4705 4706/4706/4706 4708/4708/4708
f 4709/4709/4709 4711/4711/4711 4710/4710/4710
f 4709/4709/4709 4710/4710/4710 4712/4712/4712
f 4713/4713/4713 4715/4715/4715 4714/4714/4714
f 4713/4713/4713 4714/4714/4714 4716/4716/4716
f 4717/4717/4717 4719/4719/4719 4718/4718/4718
f 4717/4717/4717 4718/4718/4718 4720/4720/4720
f 4721/4721/4721 4723/4723/4723 4722/4722/4722
f 4721/4721/4721 4722/4722/4722 4724/4724/4724
f 4725/4725/4725 4727/4727/4727 4726/4726/4726
f 4725/4725/4725 4726/4726/4726 4728/4728/4728
f 4729/4729/4729 4731/4731/4731 4730/4730/4730
f 4729/4729/4729 4730/4730/4730 4732/4732/4732
f 4733/4733/4733 4735/4735/4735 4734/4734/4734
f 4733/4733/4733 4734/4734/4734 4736/4736/4736
f 4737/4737/4737 4739/4739/4739 4738/4738/4738
f 4737/4737/4737 4738/4738/4738 4740/4740/4740
f 4739/4739/4739 4741/4741/4741 4738/4738/4738
f 4739/4739/4739 4742/4742/4742 4741/4741/4741
f 4743/4743/4743 4745/4745/4745 4744/4744/4744
f 4743/4743/4743 4744/4744/4744 4746/4746/4746
f 4745/4745/4745 4747/4747/4747 4744/4744/4744
f 4745/4745/4745 4748/4748/4748 4747/4747/4747
f 4749/4749/4749 4751/4751/4751 4750/4750/4750
f 4749/4749/4749 4750/4750/4750 4752/4752/4752
f 4751/4751/4751 4753/4753/4753 4750/4750/4750
f 4751/4751/4751 4754/4754/4754 4753/4753/4753
f 4755/4755/4755 4757/4757/4757 4756/4756/4756
f 4755/4755/4755 4756/4756/4756 4758/4758/4758
f 4759/4759/4759 4761/4761/4761 4760/4760/4760
f 4759/4759/4759 4760/4760/4760 4762/4762/4762
f 4763/4763/4763 4765/4765/4765 4764/4764/4764
f 4763/4763/4763 4764/4764/4764 4766/4766/4766
f 4767/4767/4767 4769/4769/4769 4768/4768/4768
f 4767/4767/4767 4768/4768/4768 4770/4770/4770
f 4771/4771/4771 4773/4773/4773 4772/4772/4772
f 4771/4771/4771 4772/4772/4772 4774/4774/4774
f 4775/4775/4775 4777/4777/4777 4776/4776/4776
f 4775/4775/4775 4776/4776/4776 4778/4778/4778
f 4779/4779/4779 4781/4781/4781 4780/4780/4780
f 4779/4779/4779 4780/4780/4780 4782/4782/4782
f 4783/4783/4783 4785/4785/4785 4784/4784/4784
f 4783/4783/4783 4784/4784/4784 4786/4786/4786
f 4787/4787/4787 4789/4789/4789 4788/4788/4788
f 4787/4787/4787 4788/4788/4788 4790/4790/4790
f 4791/4791/4791 4793/4793/4793 4792/4792/4792
f 4791/4791/4791 4792/4792/4792 4794/4794/4794
f 4795/4795/4795 4797/4797/4797 4796/4796/4796
f 4795/4795/4795 4796/4796/4796 4798/4798/4798

o collision_PZ_item_63
v -28.5758823 -0.0957870365 -22.3348844
v -29.05695 4.85368396 -17.8586633
v -29.05695 4.85368396 -22.3348825
v -29.05695 4.85368396 -11.1539981
v -28.5758823 -0.0957870365 -1.39704107
v -29.05695 4.85368372 -1.39704107
v -28.5758823 -0.0957870365 -1.39704107
v -35.2464412 4.85368372 -1.39704107
v -29.05695 4.85368372 -1.39704107
v -41.4359363 -0.0957870365 -1.39704107
v -41.4359363 4.85368372 -1.39704107
v -29.05695 4.85368396 -11.1539981
v -35.2464412 4.85368372 -1.39704107
v -35.2464489 4.85368396 -11.1409671
v -29.05695 4.85368372 -1.39704107
v -41.4359363 4.85368372 -1.39704107
v -41.3827556 -0.136165607 -3.42483687
v -41.435944 4.85368396 -11.127938
v -41.4359363 -0.0957870365 -1.39704107
v -36.844395 4.85368396 -22.3348844
v -41.4359402 4.85368396 -17.803621
v -41.4495586 4.85368396 -22.3579042
v -35.2464451 4.85368396 -17.8311422
v -41.435944 4.85368396 -11.127938
v -35.2464489 4.85368396 -11.1409671
v -35.2239689 4.85368396 -22.3348844
v -35.2239689 4.85368396 -22.3348844
v -29.05695 4.85368396 -17.8586633
v -35.2464451 4.85368396 -17.8311422
v -29.05695 4.85368396 -22.3348825
v -29.05695 4.85368396 -11.1539981
v -35.2464489 4.85368396 -11.1409671
v -35.2464412 4.85368372 -1.39704107
v -41.435944 4.85368396 -11.127938
v -35.2464489 4.85368396 -11.1409671
v -41.4359363 4.85368372 -1.39704107
vt 0.609215498 0.306082457
vt 0.870634794 0.592728734
vt 0.609215498 0.592728734
vt 1.26219952 0.592728794
vt 1.83202362 0.306082457
vt 1.83202362 0.592728853
vt 1.83202362 0.306082457
vt 2.19972515 0.592728913
vt 1.83202362 0.592728853
vt 2.56742668 0.306082457
vt 2.56742668 0.592728972
vt 1.00839221 0.0167702492
vt 1.72577417 0.274190068
vt 1.00757611 0.274190068
vt 1.72577417 0.0167702492
vt 2.56742668 0.592728972
vt 2.68624353 0.306082457
vt 3.13357353 0.592729092
vt 2.56742668 0.306082457
vt 1.71769607 0.203921825
vt 1.41988599 0.0167702492
vt 1.71769607 0.0167702492
vt 1.41988599 0.274190068
vt 1.00676024 0.0167702492
vt 1.00757611 0.274190068
vt 1.71769607 0.274190068
vt 1.71769607 0.274190068
vt 1.41988599 0.0167702492
vt 1.41988599 0.274190068
vt 1.71769607 0.0167702492
vt 1.00839221 0.0167702492
vt 1.00757611 0.274190068
vt 1.72577417 0.274190068
vt 1.00676024 0.0167702492
vt 1.00757611 0.274190068
vt 1.72577417 0.0167702492
vn 0.995309698 0.0967398886 2.14805703e-17
vn 0.995309697 0.096739896 2.1480572e-17
vn 0.995309696 0.0967399033 2.14805736e-17
vn 0.995309697 0.096739896 2.1480572e-17
vn 0.995309696 0.0967399033 2.14805736e-17
vn 0.995309695 0.0967399107 2.14805753e-17
vn 0 -2.22044605e-16 1
vn 0 -2.22044605e-16 1
vn 0 -2.22044605e-16 1
vn 0 -2.22044605e-16 1
vn 0 -2.22044605e-16 1
vn 0 1 2.22044605e-16
vn 0 1 2.22044605e-16
vn 0 1 2.22044605e-16
vn 0 1 2.22044605e-16
vn -0.99995091 -0.00883198924 -0.00449147133
vn -0.99995091 -0.0088319883 -0.00449147086
vn -0.99995091 -0.00883198924 -0.00449147133
vn -0.99995091 -0.00883198924 -0.00449147086
vn 0 1 2.22044605e-16
vn 0 1 2.22044605e-16
vn 0 1 2.22044605e-16
vn 0 1 2.22044605e-16
vn 0 1 2.22044605e-16
vn 0 1 2.22044605e-16
vn 0 1 2.22044605e-16
vn 0 1 2.22044605e-16
vn 0 1 2.22044605e-16
vn 0 1 2.22044605e-16
vn 0 1 2.22044605e-16
vn 0 1 2.22044605e-16
vn 0 1 2.22044605e-16
vn 0 1 2.22044605e-16
vn 0 1 2.22044605e-16
vn 0 1 2.22044605e-16
vn 0 1 2.22044605e-16

g collision_PZ_item_63_submesh_0
usemtl collision_58
f 4799/4799/4799 4801/4801/4801 4800/4800/4800
f 4799/4799/4799 4800/4800/4800 4802/4802/4802
f 4799/4799/4799 4802/4802/4802 4803/4803/4803
f 4803/4803/4803 4802/4802/4802 4804/4804/4804
f 4805/4805/4805 4807/4807/4807 4806/4806/4806
f 4805/4805/4805 4806/4806/4806 4808/4808/4808
f 4808/4808/4808 4806/4806/4806 4809/4809/4809
f 4810/4810/4810 4812/4812/4812 4811/4811/4811
f 4810/4810/4810 4811/4811/4811 4813/4813/4813
f 4814/4814/4814 4816/4816/4816 4815/4815/4815
f 4814/4814/4814 4815/4815/4815 4817/4817/4817
f 4818/4818/4818 4820/4820/4820 4819/4819/4819
f 4821/4821/4821 4818/4818/4818 4819/4819/4819
f 4822/4822/4822 4821/4821/4821 4819/4819/4819
f 4822/4822/4822 4823/4823/4823 4821/4821/4821
f 4821/4821/4821 4824/4824/4824 4818/4818/4818
f 4825/4825/4825 4827/4827/4827 4826/4826/4826
f 4825/4825/4825 4826/4826/4826 4828/4828/4828
f 4827/4827/4827 4829/4829/4829 4826/4826/4826
f 4827/4827/4827 4830/4830/4830 4829/4829/4829
f 4831/4831/4831 4833/4833/4833 4832/4832/4832
f 4831/4831/4831 4832/4832/4832 4834/4834/4834

o collision_PZ_item_21
v 28.3596419 5.85368516 -4.40591398
v 28.9234561 5.85368516 -1.39705435
v 28.3596419 5.85368516 -1.39705435
v 28.9234523 5.85368516 -4.40591398
v 28.3596419 4.85368421 -4.40591398
v 28.3596419 5.85368516 -1.39705435
v 28.3596419 4.85368421 -1.39705435
v 28.3596419 5.85368516 -4.40591398
v 28.3596419 4.85368421 -1.39705435
v 28.9234561 5.85368516 -1.39705435
v 28.9234561 4.85368421 -1.39705435
v 28.3596419 5.85368516 -1.39705435
v 28.9234561 4.85368421 -1.39705435
v 28.9234523 5.85368516 -4.40591398
v 28.9234523 4.85368421 -4.40591398
v 28.9234561 5.85368516 -1.39705435
v 28.9234523 4.85368421 -4.40591398
v 28.3596419 5.85368516 -4.40591398
v 28.3596419 4.85368421 -4.40591398
v 28.9234523 5.85368516 -4.40591398
vt 0.411769807 0.801583469
vt 0.438436508 0.625241041
vt 0.411769807 0.625241041
vt 0.438436508 0.801583469
vt 0.525347888 0.677529454
vt 0.441178024 0.996701241
vt 0.525347888 0.996701241
vt 0.441178083 0.677529454
vt 0.439485848 0.931153834
vt 0.409644306 0.831641197
vt 0.409644306 0.931153774
vt 0.439485848 0.831641197
vt 0.525347888 0.677529454
vt 0.441178024 0.996701241
vt 0.525347888 0.996701241
vt 0.441178024 0.677529454
vt 0.439286292 0.931153834
vt 0.409444809 0.831641197
vt 0.409444809 0.931153774
vt 0.439286292 0.831641197
vn 0 1 2.22044605e-16
vn 0 1 2.22044605e-16
vn 0 1 2.22044605e-16
vn 0 1 2.22044605e-16
vn -1 0 0
vn -1 0 0
vn -1 0 0
vn -1 0 0
vn 0 -2.22044605e-16 1
vn 0 -2.22044605e-16 1
vn 0 -2.22044605e-16 1
vn 0 -2.22044605e-16 1
vn 1 0 0
vn 1 0 0
vn 1 0 0
vn 1 0 0
vn 0 2.22044605e-16 -1
vn 0 2.22044605e-16 -1
vn 0 2.22044605e-16 -1
vn 0 2.22044605e-16 -1

g collision_PZ_item_21_submesh_0
usemtl collision_59
f 4835/4835/4835 4837/4837/4837 4836/4836/4836
f 4835/4835/4835 4836/4836/4836 4838/4838/4838
f 4839/4839/4839 4841/4841/4841 4840/4840/4840
f 4839/4839/4839 4840/4840/4840 4842/4842/4842
f 4843/4843/4843 4845/4845/4845 4844/4844/4844
f 4843/4843/4843 4844/4844/4844 4846/4846/4846
f 4847/4847/4847 4849/4849/4849 4848/4848/4848
f 4847/4847/4847 4848/4848/4848 4850/4850/4850
f 4851/4851/4851 4853/4853/4853 4852/4852/4852
f 4851/4851/4851 4852/4852/4852 4854/4854/4854

o collision_PZ_item_30
v -8.9556551 10.7234644 1.21912737
v -8.9556551 9.09066075 2.4684384
v -8.9556551 9.09066075 1.22308112
v -8.9556551 10.7234644 2.46448452
v -8.9556551 10.4981081 2.68192865
v -8.9556551 9.32391566 2.67797477
v -8.9556551 9.32786911 1.02145238
v -8.9556551 10.4941587 1.01749827
v -8.9556551 9.09066075 1.22308112
v -8.69428063 9.19118303 0.815543246
v -8.9556551 9.32786911 1.02145238
v -8.69428063 8.8567695 1.10862232
v -8.9556551 10.4981081 2.68192865
v -8.69428063 9.19118565 2.8862632
v -8.9556551 9.32391566 2.67797477
v -8.69428063 10.6196555 2.886059
v -8.9556551 10.4981081 2.68192865
v -8.69428063 10.9540636 2.59292753
v -8.69428063 10.6196555 2.886059
v -8.9556551 10.7234644 2.46448452
v -8.9556551 9.32391566 2.67797477
v -8.69428063 8.85677069 2.59405853
v -8.9556551 9.09066075 2.4684384
v -8.69428063 9.19118565 2.8862632
v -8.9556551 9.09066075 2.4684384
v -8.69428063 8.8567695 1.10862232
v -8.9556551 9.09066075 1.22308112
v -8.69428063 8.85677069 2.59405853
v -8.9556551 9.32786911 1.02145238
v -8.69428063 10.6196544 0.815426302
v -8.9556551 10.4941587 1.01749827
v -8.69428063 9.19118303 0.815543246
v -8.9556551 10.4941587 1.01749827
v -8.69428063 10.9540641 1.10767932
v -8.9556551 10.7234644 1.21912737
v -8.69428063 10.6196544 0.815426302
v -8.9556551 10.7234644 1.21912737
v -8.69428063 10.9540636 2.59292753
v -8.9556551 10.7234644 2.46448452
v -8.69428063 10.9540641 1.10767932
vt 0.0792225674 0.89217031
vt 0.305032492 0.702685833
vt 0.305030227 0.891603351
vt 0.0792225227 0.703262746
vt 0.110389486 0.670278788
vt 0.2727741 0.670896828
vt 0.272225052 0.922184229
vt 0.110933706 0.922760963
vt 0.305030227 0.891603351
vt 0.295332432 0.960036337
vt 0.272225052 0.922184229
vt 0.343535841 0.91370976
vt 0.110389486 0.670278788
vt 0.295332193 0.632614195
vt 0.2727741 0.670896828
vt 0.0894111842 0.632631719
vt 0.110389486 0.670278788
vt 0.0412075222 0.678969085
vt 0.0894111842 0.632631719
vt 0.0792225227 0.703262746
vt 0.2727741 0.670896828
vt 0.343542695 0.678828835
vt 0.305032492 0.702685833
vt 0.295332193 0.632614195
vt 0.305032492 0.702685833
vt 0.343535841 0.91370976
vt 0.305030227 0.891603351
vt 0.343542695 0.678828835
vt 0.272225052 0.922184229
vt 0.0894113481 0.960031033
vt 0.110933706 0.922760963
vt 0.295332432 0.960036337
vt 0.110933706 0.922760963
vt 0.0412007049 0.9138062
vt 0.0792225674 0.89217031
vt 0.0894113481 0.960031033
vt 0.0792225674 0.89217031
vt 0.0412075222 0.678969085
vt 0.0792225227 0.703262746
vt 0.0412007049 0.9138062
vn -1 0 0
vn -1 0 0
vn -1 0 0
vn -1 0 0
vn -1 0 0
vn -1 0 0
vn -1 0 0
vn -1 0 0
vn -0.679955433 -0.479843492 -0.554446419
vn -0.679955398 -0.479843463 -0.554446488
vn -0.679955421 -0.479843466 -0.554446457
vn -0.679955433 -0.479843492 -0.554446419
vn -0.619401773 -0.00113105953 0.78507335
vn -0.619401831 -0.0011310594 0.785073304
vn -0.619401831 -0.00113105952 0.785073304
vn -0.619401831 -0.0011310594 0.785073304
vn -0.67864932 0.494953881 0.542637776
vn -0.678649332 0.494953906 0.542637738
vn -0.678649298 0.494953865 0.542637818
vn -0.67864932 0.494953881 0.542637776
vn -0.686093232 -0.48180066 0.545109348
vn -0.68609321 -0.481800657 0.545109378
vn -0.68609321 -0.481800657 0.545109378
vn -0.686093232 -0.48180066 0.545109348
vn -0.66684117 -0.745199875 -1.65467612e-16
vn -0.666841233 -0.745199819 -1.65467599e-16
vn -0.666841166 -0.745199878 -1.65467613e-16
vn -0.6668412 -0.745199849 -1.65467606e-16
vn -0.615269882 -0.00123682987 -0.788315573
vn -0.615269882 -0.00123682987 -0.788315573
vn -0.615269882 -0.00123682987 -0.788315573
vn -0.615269882 -0.00123682987 -0.788315573
vn -0.668967185 0.489815531 -0.559073923
vn -0.668967175 0.489815554 -0.559073915
vn -0.668967185 0.489815531 -0.559073923
vn -0.668967185 0.489815531 -0.559073923
vn -0.661581121 0.749873603 1.66505388e-16
vn -0.661581121 0.749873603 1.66505388e-16
vn -0.661581121 0.749873603 1.66505388e-16
vn -0.661581121 0.749873603 1.66505388e-16

g collision_PZ_item_30_submesh_0
usemtl collision_60
f 4855/4855/4855 4857/4857/4857 4856/4856/4856
f 4855/4855/4855 4856/4856/4856 4858/4858/4858
f 4856/4856/4856 4859/4859/4859 4858/4858/4858
f 4856/4856/4856 4860/4860/4860 4859/4859/4859
f 4855/4855/4855 4861/4861/4861 4857/4857/4857
f 4855/4855/4855 4862/4862/4862 4861/4861/4861
f 4863/4863/4863 4865/4865/4865 4864/4864/4864
f 4863/4863/4863 4864/4864/4864 4866/4866/4866
f 4867/4867/4867 4869/4869/4869 4868/4868/4868
f 4867/4867/4867 4868/4868/4868 4870/4870/4870
f 4871/4871/4871 4873/4873/4873 4872/4872/4872
f 4871/4871/4871 4872/4872/4872 4874/4874/4874
f 4875/4875/4875 4877/4877/4877 4876/4876/4876
f 4875/4875/4875 4876/4876/4876 4878/4878/4878
f 4879/4879/4879 4881/4881/4881 4880/4880/4880
f 4879/4879/4879 4880/4880/4880 4882/4882/4882
f 4883/4883/4883 4885/4885/4885 4884/4884/4884
f 4883/4883/4883 4884/4884/4884 4886/4886/4886
f 4887/4887/4887 4889/4889/4889 4888/4888/4888
f 4887/4887/4887 4888/4888/4888 4890/4890/4890
f 4891/4891/4891 4893/4893/4893 4892/4892/4892
f 4891/4891/4891 4892/4892/4892 4894/4894/4894

o collision_PZ_item_34
v 0.851447577 14.7840788 3.57953591
v -0.132880603 14.5204059 4.13213725
v -0.132880544 14.7840788 3.84394522
v 0.995855088 14.5204059 3.82893844
v 0.851447697 16.0517084 3.57953591
v -0.132880544 16.0517084 3.84394522
v 1.56958055 14.7840788 2.85960979
v 0.995855088 14.5204059 3.82893844
v 0.851447577 14.7840788 3.57953591
v 1.81934165 14.5204059 3.00339479
v 1.56958055 16.0517084 2.85960979
v 0.851447697 16.0517084 3.57953591
v 1.83153915 14.7840788 1.8770699
v 1.81934165 14.5204059 3.00339479
v 1.56958055 14.7840788 2.85960979
v 2.11973094 14.5204059 1.87671061
v 1.83153915 16.0517084 1.8770699
v 1.56958055 16.0517084 2.85960979
v 1.56713151 14.7840788 0.895185423
v 2.11973094 14.5204059 1.87671061
v 1.83153915 14.7840788 1.8770699
v 1.8165338 14.5204059 0.75077827
v 1.56713151 16.0517084 0.895185423
v 1.83153915 16.0517084 1.8770699
v 0.847206111 14.7840788 0.177051854
v 1.8165338 14.5204059 0.75077827
v 1.56713151 14.7840788 0.895185423
v 0.990991111 14.5204059 -0.0727093699
v 0.847206469 16.0517084 0.177051854
v 1.56713151 16.0517084 0.895185423
v -0.132880484 14.7840788 -0.084904957
v 0.990991111 14.5204059 -0.0727093699
v 0.847206111 14.7840788 0.177051854
v -0.132880514 14.5204059 -0.373096991
v -0.132880484 16.0517084 -0.0849050762
v 0.847206469 16.0517084 0.177051854
v -0.132880603 14.5204059 4.13213725
v 1.40949547 11.4845774 4.54332633
v -0.132880573 11.4845774 4.95763631
v 0.995855088 14.5204059 3.82893844
v 0.995855088 14.5204059 3.82893844
v 2.53475952 11.4845774 3.41525347
v 1.40949547 11.4845774 4.54332633
v 1.81934165 14.5204059 3.00339479
v 1.81934165 14.5204059 3.00339479
v 2.94523 11.4845774 1.87568157
v 2.53475952 11.4845774 3.41525347
v 2.11973094 14.5204059 1.87671061
v 2.11973094 14.5204059 1.87671061
v 2.53092241 11.4845774 0.337137413
v 2.94523 11.4845774 1.87568157
v 1.8165338 14.5204059 0.75077827
v 1.8165338 14.5204059 0.75077827
v 1.40285003 11.4845774 -0.788127232
v 2.53092241 11.4845774 0.337137413
v 0.990991111 14.5204059 -0.0727093699
v 0.990991111 14.5204059 -0.0727093699
v -0.132880514 11.4845774 -1.19859629
v 1.40285003 11.4845774 -0.788127232
v -0.132880514 14.5204059 -0.373096991
v -0.132880544 16.0517084 3.84394522
v 1.12762725 16.3460237 4.05651851
v 0.851447697 16.0517084 3.57953591
v -0.132880544 16.3460237 4.3951139
v 1.26177752 16.73409 4.28820605
v -0.132880514 16.73409 4.6628365
v 0.851447697 16.0517084 3.57953591
v 2.0472505 16.3460237 3.1345994
v 1.56958055 16.0517084 2.85960979
v 1.12762725 16.3460237 4.05651851
v 2.27927136 16.73409 3.26817126
v 1.26177752 16.73409 4.28820605
v 1.56958055 16.0517084 2.85960979
v 2.38270735 16.3460237 1.87638302
v 1.83153915 16.0517084 1.8770699
v 2.0472505 16.3460237 3.1345994
v 2.65043044 16.73409 1.87604899
v 2.27927136 16.73409 3.26817126
v 1.83153915 16.0517084 1.8770699
v 2.04411458 16.3460237 0.619005871
v 1.56713151 16.0517084 0.895185423
v 2.38270735 16.3460237 1.87638302
v 2.27580237 16.73409 0.484855604
v 2.65043044 16.73409 1.87604899
v 1.56713151 16.0517084 0.895185423
v 1.1221956 16.3460237 -0.300617743
v 0.847206469 16.0517084 0.177051854
v 2.04411458 16.3460237 0.619005871
v 1.25576782 16.73409 -0.532639075
v 2.27580237 16.73409 0.484855604
v 0.847206469 16.0517084 0.177051854
v -0.132880484 16.3460237 -0.636073637
v -0.132880484 16.0517084 -0.0849050762
v 1.1221956 16.3460237 -0.300617743
v -0.132880484 16.73409 -0.903795767
v 1.25576782 16.73409 -0.532639075
v -1.11720866 14.7840788 3.57953949
v -0.132880603 14.5204059 4.13213725
v -1.261616 14.5204059 3.82894177
v -0.132880544 14.7840788 3.84394522
v -1.11720866 16.0517084 3.57953949
v -0.132880544 16.0517084 3.84394522
v -1.83534146 14.7840788 2.85961361
v -1.261616 14.5204059 3.82894177
v -2.0851028 14.5204059 3.00339813
v -1.11720866 14.7840788 3.57953949
v -1.83534158 16.0517084 2.85961361
v -1.11720866 16.0517084 3.57953949
v -2.09729994 14.7840788 1.87707324
v -2.0851028 14.5204059 3.00339813
v -2.38549185 14.5204059 1.87671418
v -1.83534146 14.7840788 2.85961361
v -2.09729994 16.0517084 1.87707324
v -1.83534158 16.0517084 2.85961361
v -1.83289254 14.7840788 0.895188761
v -2.38549185 14.5204059 1.87671418
v -2.08229495 14.5204059 0.750781727
v -2.09729994 14.7840788 1.87707324
v -1.83289254 16.0517084 0.895188761
v -2.09729994 16.0517084 1.87707324
v -1.11296708 14.7840788 0.177055311
v -2.08229495 14.5204059 0.750781727
v -1.25675202 14.5204059 -0.072706032
v -1.83289254 14.7840788 0.895188761
v -1.11296738 16.0517084 0.177055192
v -1.83289254 16.0517084 0.895188761
v -0.132880484 14.7840788 -0.084904957
v -1.25675202 14.5204059 -0.072706032
v -0.132880514 14.5204059 -0.373096991
v -1.11296708 14.7840788 0.177055311
v -0.132880484 16.0517084 -0.0849050762
v -1.11296738 16.0517084 0.177055192
v -0.132880603 14.5204059 4.13213725
v -1.67525673 11.4845774 4.54332967
v -1.261616 14.5204059 3.82894177
v -0.132880573 11.4845774 4.95763631
v -1.261616 14.5204059 3.82894177
v -2.80051995 11.4845774 3.41525633
v -2.0851028 14.5204059 3.00339813
v -1.67525673 11.4845774 4.54332967
v -2.0851028 14.5204059 3.00339813
v -3.21099091 11.4845774 1.87568492
v -2.38549185 14.5204059 1.87671418
v -2.80051995 11.4845774 3.41525633
v -2.38549185 14.5204059 1.87671418
v -2.79668332 11.4845774 0.33714087
v -2.08229495 14.5204059 0.750781727
v -3.21099091 11.4845774 1.87568492
v -2.08229495 14.5204059 0.750781727
v -1.66861082 11.4845774 -0.788123894
v -1.25675202 14.5204059 -0.072706032
v -2.79668332 11.4845774 0.33714087
v -1.25675202 14.5204059 -0.072706032
v -0.132880514 11.4845774 -1.19859629
v -0.132880514 14.5204059 -0.373096991
v -1.66861082 11.4845774 -0.788123894
v -0.132880544 16.0517084 3.84394522
v -1.39338804 16.3460237 4.05652184
v -0.132880544 16.3460237 4.3951139
v -1.11720866 16.0517084 3.57953949
v -1.5275383 16.73409 4.28820987
v -0.132880514 16.73409 4.6628365
v -1.11720866 16.0517084 3.57953949
v -2.31301165 16.3460237 3.13460321
v -1.39338804 16.3460237 4.05652184
v -1.83534158 16.0517084 2.85961361
v -2.54503251 16.73409 3.26817532
v -1.5275383 16.73409 4.28820987
v -1.83534158 16.0517084 2.85961361
v -2.64846874 16.3460237 1.87638636
v -2.31301165 16.3460237 3.13460321
v -2.09729994 16.0517084 1.87707324
v -2.91619111 16.73409 1.87605257
v -2.54503251 16.73409 3.26817532
v -2.09729994 16.0517084 1.87707324
v -2.30987549 16.3460237 0.619009447
v -2.64846874 16.3460237 1.87638636
v -1.83289254 16.0517084 0.895188761
v -2.54156304 16.73409 0.48485918
v -2.91619111 16.73409 1.87605257
v -1.83289254 16.0517084 0.895188761
v -1.38795662 16.3460237 -0.300614166
v -2.30987549 16.3460237 0.619009447
v -1.11296738 16.0517084 0.177055192
v -1.52152896 16.73409 -0.532635498
v -2.54156304 16.73409 0.48485918
v -1.11296738 16.0517084 0.177055192
v -0.132880484 16.3460237 -0.636073637
v -1.38795662 16.3460237 -0.300614166
v -0.132880484 16.0517084 -0.0849050762
v -0.132880484 16.73409 -0.903795767
v -1.52152896 16.73409 -0.532635498
v 1.40949547 11.4845774 4.54332633
v -0.132880573 11.0263254 4.45819969
v -0.132880573 11.4845774 4.95763631
v 1.15943288 11.0263254 4.11106129
v 2.53475952 11.4845774 3.41525347
v 1.15943288 11.0263254 4.11106129
v 1.40949547 11.4845774 4.54332633
v 2.10225963 11.0263254 3.16588075
v 2.94523 11.4845774 1.87568157
v 2.10225963 11.0263254 3.16588075
v 2.53475952 11.4845774 3.41525347
v 2.44618129 11.0263254 1.87591694
v 2.53092241 11.4845774 0.337137413
v 2.44618129 11.0263254 1.87591694
v 2.94523 11.4845774 1.87568157
v 2.09904479 11.0263254 0.586814117
v 1.40285003 11.4845774 -0.788127232
v 2.09904479 11.0263254 0.586814117
v 2.53092241 11.4845774 0.337137413
v 1.15386474 11.0263254 -0.356013108
v -0.132880514 11.4845774 -1.19859629
v 1.15386474 11.0263254 -0.356013108
v 1.40285003 11.4845774 -0.788127232
v -0.132880514 11.0263254 -0.699933815
v -0.132880573 11.4845774 4.95763631
v -1.42519403 11.0263254 4.11106367
v -1.67525673 11.4845774 4.54332967
v -0.132880573 11.0263254 4.45819969
v -1.67525673 11.4845774 4.54332967
v -2.3680203 11.0263254 3.16588314
v -2.80051995 11.4845774 3.41525633
v -1.42519403 11.0263254 4.11106367
v -2.80051995 11.4845774 3.41525633
v -2.71194268 11.0263254 1.87591975
v -3.21099091 11.4845774 1.87568492
v -2.3680203 11.0263254 3.16588314
v -3.21099091 11.4845774 1.87568492
v -2.3648057 11.0263254 0.586817097
v -2.79668332 11.4845774 0.33714087
v -2.71194268 11.0263254 1.87591975
v -2.79668332 11.4845774 0.33714087
v -1.41962553 11.0263254 -0.356010246
v -1.66861082 11.4845774 -0.788123894
v -2.3648057 11.0263254 0.586817097
v -1.66861082 11.4845774 -0.788123894
v -0.132880514 11.0263254 -0.699933815
v -0.132880514 11.4845774 -1.19859629
v -1.41962553 11.0263254 -0.356010246
vt 0.853825212 0.629963398
vt 0.961222708 0.599218428
vt 0.961223066 0.629962683
vt 0.853824735 0.599219203
vt 0.853826463 0.882677794
vt 0.961224377 0.882677078
vt 0.961223066 0.629962683
vt 0.853824735 0.599219203
vt 0.853825212 0.629963398
vt 0.961222708 0.599218428
vt 0.961224377 0.882677078
vt 0.853826463 0.882677794
vt 0.853825212 0.629963398
vt 0.961222708 0.599218428
vt 0.961223066 0.629962683
vt 0.853824735 0.599219203
vt 0.853826463 0.882677794
vt 0.961224377 0.882677078
vt 0.961223066 0.629962683
vt 0.853824735 0.599219203
vt 0.853825212 0.629963398
vt 0.961222708 0.599218428
vt 0.961224377 0.882677078
vt 0.853826463 0.882677794
vt 0.853825212 0.629963398
vt 0.961222708 0.599218428
vt 0.961223066 0.629962683
vt 0.853824735 0.599219203
vt 0.853826463 0.882677794
vt 0.961224377 0.882677078
vt 0.961223066 0.629962683
vt 0.853824735 0.599219203
vt 0.853825212 0.629963398
vt 0.961222708 0.599218428
vt 0.961224377 0.882677078
vt 0.853826463 0.882677794
vt 0.0279326662 0.567223847
vt 0.901173532 0.390859932
vt 0.901173532 0.567223072
vt 0.0279322527 0.390860677
vt 0.0279322527 0.390860677
vt 0.901173532 0.567223072
vt 0.901173532 0.390859932
vt 0.0279326662 0.567223847
vt 0.0279326662 0.567223847
vt 0.901173532 0.390859932
vt 0.901173532 0.567223072
vt 0.0279322527 0.390860677
vt 0.0279322527 0.390860677
vt 0.901173532 0.567223072
vt 0.901173532 0.390859932
vt 0.0279326662 0.567223847
vt 0.0279326662 0.567223847
vt 0.901173532 0.390859932
vt 0.901173532 0.567223072
vt 0.0279322527 0.390860677
vt 0.0279322527 0.390860677
vt 0.901173532 0.567223072
vt 0.901173532 0.390859932
vt 0.0279326662 0.567223847
vt 0.965502262 0.76191932
vt 1.00584197 0.8578583
vt 0.965503097 0.857859552
vt 1.00584126 0.761918187
vt 1.0453701 0.857857347
vt 1.04536939 0.761917293
vt 0.965503097 0.857859552
vt 1.00584126 0.761918187
vt 0.965502262 0.76191932
vt 1.00584197 0.8578583
vt 1.04536939 0.761917293
vt 1.0453701 0.857857347
vt 0.965502262 0.76191932
vt 1.00584197 0.8578583
vt 0.965503097 0.857859552
vt 1.00584126 0.761918187
vt 1.0453701 0.857857347
vt 1.04536939 0.761917293
vt 0.965503097 0.857859552
vt 1.00584126 0.761918187
vt 0.965502262 0.76191932
vt 1.00584197 0.8578583
vt 1.04536939 0.761917293
vt 1.0453701 0.857857347
vt 0.965502262 0.76191932
vt 1.00584197 0.8578583
vt 0.965503097 0.857859552
vt 1.00584126 0.761918187
vt 1.0453701 0.857857347
vt 1.04536939 0.761917293
vt 0.965503097 0.857859552
vt 1.00584126 0.761918187
vt 0.965502262 0.76191932
vt 1.00584197 0.8578583
vt 1.04536939 0.761917293
vt 1.0453701 0.857857347
vt 0.853825212 0.629963398
vt 0.961222708 0.599218428
vt 0.853824735 0.599219203
vt 0.961223066 0.629962683
vt 0.853826463 0.882677794
vt 0.961224377 0.882677078
vt 0.961223066 0.629962683
vt 0.853824735 0.599219203
vt 0.961222708 0.599218428
vt 0.853825212 0.629963398
vt 0.961224377 0.882677078
vt 0.853826463 0.882677794
vt 0.853825212 0.629963398
vt 0.961222708 0.599218428
vt 0.853824735 0.599219203
vt 0.961223066 0.629962683
vt 0.853826463 0.882677794
vt 0.961224377 0.882677078
vt 0.961223066 0.629962683
vt 0.853824735 0.599219203
vt 0.961222708 0.599218428
vt 0.853825212 0.629963398
vt 0.961224377 0.882677078
vt 0.853826463 0.882677794
vt 0.853825212 0.629963398
vt 0.961222708 0.599218428
vt 0.853824735 0.599219203
vt 0.961223066 0.629962683
vt 0.853826463 0.882677794
vt 0.961224377 0.882677078
vt 0.961223066 0.629962683
vt 0.853824735 0.599219203
vt 0.961222708 0.599218428
vt 0.853825212 0.629963398
vt 0.961224377 0.882677078
vt 0.853826463 0.882677794
vt 0.0279326662 0.567223847
vt 0.901173532 0.390859932
vt 0.0279322527 0.390860677
vt 0.901173532 0.567223072
vt 0.0279322527 0.390860677
vt 0.901173532 0.567223072
vt 0.0279326662 0.567223847
vt 0.901173532 0.390859932
vt 0.0279326662 0.567223847
vt 0.901173532 0.390859932
vt 0.0279322527 0.390860677
vt 0.901173532 0.567223072
vt 0.0279322527 0.390860677
vt 0.901173532 0.567223072
vt 0.0279326662 0.567223847
vt 0.901173532 0.390859932
vt 0.0279326662 0.567223847
vt 0.901173532 0.390859932
vt 0.0279322527 0.390860677
vt 0.901173532 0.567223072
vt 0.0279322527 0.390860677
vt 0.901173532 0.567223072
vt 0.0279326662 0.567223847
vt 0.901173532 0.390859932
vt 0.965502262 0.76191932
vt 1.00584197 0.8578583
vt 1.00584126 0.761918187
vt 0.965503097 0.857859552
vt 1.0453701 0.857857347
vt 1.04536939 0.761917293
vt 0.965503097 0.857859552
vt 1.00584126 0.761918187
vt 1.00584197 0.8578583
vt 0.965502262 0.76191932
vt 1.04536939 0.761917293
vt 1.0453701 0.857857347
vt 0.965502262 0.76191932
vt 1.00584197 0.8578583
vt 1.00584126 0.761918187
vt 0.965503097 0.857859552
vt 1.0453701 0.857857347
vt 1.04536939 0.761917293
vt 0.965503097 0.857859552
vt 1.00584126 0.761918187
vt 1.00584197 0.8578583
vt 0.965502262 0.76191932
vt 1.04536939 0.761917293
vt 1.0453701 0.857857347
vt 0.965502262 0.76191932
vt 1.00584197 0.8578583
vt 1.00584126 0.761918187
vt 0.965503097 0.857859552
vt 1.0453701 0.857857347
vt 1.04536939 0.761917293
vt 0.965503097 0.857859552
vt 1.00584126 0.761918187
vt 1.00584197 0.8578583
vt 0.965502262 0.76191932
vt 1.04536939 0.761917293
vt 1.0453701 0.857857347
vt 0.791306019 0.64784199
vt 0.809324741 0.82420516
vt 0.791306019 0.82420516
vt 0.809324741 0.64784199
vt 0.791306019 0.82420516
vt 0.809324741 0.64784199
vt 0.791306019 0.64784199
vt 0.809324741 0.82420516
vt 0.791306019 0.64784199
vt 0.809324741 0.82420516
vt 0.791306019 0.82420516
vt 0.809324741 0.64784199
vt 0.791306019 0.82420516
vt 0.809324741 0.64784199
vt 0.791306019 0.64784199
vt 0.809324741 0.82420516
vt 0.791306019 0.64784199
vt 0.809324741 0.82420516
vt 0.791306019 0.82420516
vt 0.809324741 0.64784199
vt 0.791306019 0.82420516
vt 0.809324741 0.64784199
vt 0.791306019 0.64784199
vt 0.809324741 0.82420516
vt 0.791306019 0.82420516
vt 0.809324741 0.64784199
vt 0.791306019 0.64784199
vt 0.809324741 0.82420516
vt 0.791306019 0.64784199
vt 0.809324741 0.82420516
vt 0.791306019 0.82420516
vt 0.809324741 0.64784199
vt 0.791306019 0.82420516
vt 0.809324741 0.64784199
vt 0.791306019 0.64784199
vt 0.809324741 0.82420516
vt 0.791306019 0.64784199
vt 0.809324741 0.82420516
vt 0.791306019 0.82420516
vt 0.809324741 0.64784199
vt 0.791306019 0.82420516
vt 0.809324741 0.64784199
vt 0.791306019 0.64784199
vt 0.809324741 0.82420516
vt 0.791306019 0.64784199
vt 0.809324741 0.82420516
vt 0.791306019 0.82420516
vt 0.809324741 0.64784199
vn 0.452152528 0.429906584 0.78149755
vn 0 0.50117536 0.865345745
vn 0 0.429940607 0.902857173
vn 0.43336978 0.501197034 0.748994103
vn 0.500810273 -1.92192281e-16 0.865557087
vn 0 -2.22044605e-16 1
vn 0.782487667 0.429872384 0.450469515
vn 0.43336978 0.501197034 0.748994103
vn 0.452152528 0.429906584 0.78149755
vn 0.749928544 0.501218723 0.431725572
vn 0.866648082 -1.1078248e-16 0.498919936
vn 0.500810273 -1.92192281e-16 0.865557087
vn 0.902888998 0.429872297 -0.00112546722
vn 0.749928544 0.501218723 0.431725572
vn 0.782487667 0.429872384 0.450469515
vn 0.865320006 0.501218639 -0.00107859778
vn 0.999999223 2.76796717e-19 -0.00124658159
vn 0.866648082 -1.1078248e-16 0.498919936
vn 0.781362121 0.429872363 -0.45241904
vn 0.865320006 0.501218639 -0.00107859778
vn 0.902888998 0.429872297 -0.00112546722
vn 0.748849882 0.501218745 -0.433593847
vn 0.865401515 1.112619e-16 -0.501079053
vn 0.999999223 2.76796717e-19 -0.00124658159
vn 0.450736721 0.429838439 -0.78235243
vn 0.748849882 0.501218745 -0.433593847
vn 0.781362121 0.429872363 -0.45241904
vn 0.431950443 0.501240365 -0.749784577
vn 0.499189623 1.92400045e-16 -0.86649277
vn 0.865401515 1.112619e-16 -0.501079053
vn 0 0.429804046 -0.90292219
vn 0.431950443 0.501240365 -0.749784577
vn 0.450736721 0.429838439 -0.78235243
vn 0 0.501261861 -0.865295641
vn 0 2.22044605e-16 -1
vn 0.499189623 1.92400045e-16 -0.86649277
vn 0 0.50117536 0.865345745
vn 0.483272852 0.262391256 0.835223431
vn 0 0.26239118 0.964961589
vn 0.43336978 0.501197034 0.748994103
vn 0.43336978 0.501197034 0.748994103
vn 0.836282083 0.26239141 0.481438497
vn 0.483272852 0.262391256 0.835223431
vn 0.749928544 0.501218723 0.431725572
vn 0.749928544 0.501218723 0.431725572
vn 0.964960762 0.262391466 -0.00120278829
vn 0.836282083 0.26239141 0.481438497
vn 0.865320006 0.501218639 -0.00107859778
vn 0.865320006 0.501218639 -0.00107859778
vn 0.835079243 0.262391475 -0.483521843
vn 0.964960762 0.262391466 -0.00120278829
vn 0.748849882 0.501218745 -0.433593847
vn 0.748849882 0.501218745 -0.433593847
vn 0.481688064 0.262391514 -0.836138328
vn 0.835079243 0.262391475 -0.483521843
vn 0.431950443 0.501240365 -0.749784577
vn 0.431950443 0.501240365 -0.749784577
vn 0 0.262391402 -0.964961529
vn 0.481688064 0.262391514 -0.836138328
vn 0 0.501261861 -0.865295641
vn 0 -0.882114508 0.471035024
vn 0.343848418 -0.727036855 0.594294268
vn 0.235875469 -0.882114576 0.407721275
vn 0 -0.72701511 0.686621461
vn 0.412246423 -0.567863149 0.712449529
vn 0 -0.567863489 0.823122748
vn 0.235875469 -0.882114576 0.407721275
vn 0.595019134 -0.727058748 0.342546064
vn 0.408221423 -0.882114647 0.235008552
vn 0.343848418 -0.727036855 0.594294268
vn 0.713357929 -0.567863229 0.410672398
vn 0.412246423 -0.567863149 0.712449529
vn 0.408221423 -0.882114647 0.235008552
vn 0.686574512 -0.727058944 -0.000855676838
vn 0.471034499 -0.882114593 -0.000587187536
vn 0.595019134 -0.727058748 0.342546064
vn 0.823121934 -0.567863741 -0.00102598205
vn 0.713357929 -0.567863229 0.410672398
vn 0.471034499 -0.882114593 -0.000587187536
vn 0.594163058 -0.727059004 -0.344028293
vn 0.407634281 -0.882114632 -0.236025567
vn 0.686574512 -0.727058944 -0.000855676838
vn 0.712331516 -0.567863796 -0.412449414
vn 0.823121934 -0.567863741 -0.00102598205
vn 0.407634281 -0.882114632 -0.236025567
vn 0.34272639 -0.727080546 -0.594888646
vn 0.23515909 -0.882114612 -0.408134799
vn 0.594163058 -0.727059004 -0.344028293
vn 0.410875909 -0.567863316 -0.713240662
vn 0.712331516 -0.567863796 -0.412449414
vn 0.23515909 -0.882114612 -0.408134799
vn 0 -0.727102246 -0.686529187
vn 0 -0.882114459 -0.471035117
vn 0.34272639 -0.727080546 -0.594888646
vn 0 -0.567862945 -0.823123123
vn 0.410875909 -0.567863316 -0.713240662
vn -0.452151137 0.429906713 0.781498284
vn 0 0.50117536 0.865345745
vn -0.433368954 0.501196925 0.748994654
vn 0 0.429940607 0.902857173
vn -0.500808769 -1.92192475e-16 0.865557957
vn 0 -2.22044605e-16 1
vn -0.782487646 0.429872342 0.450469592
vn -0.433368954 0.501196925 0.748994654
vn -0.749928626 0.501218599 0.431725576
vn -0.452151137 0.429906713 0.781498284
vn -0.866648148 -1.10782455e-16 0.498919821
vn -0.500808769 -1.92192475e-16 0.865557957
vn -0.902888974 0.429872345 -0.00112552715
vn -0.749928626 0.501218599 0.431725576
vn -0.86531998 0.501218684 -0.00107849763
vn -0.782487646 0.429872342 0.450469592
vn -0.999999223 2.76809797e-19 -0.0012466405
vn -0.866648148 -1.10782455e-16 0.498919821
vn -0.781362131 0.429872369 -0.452419017
vn -0.86531998 0.501218684 -0.00107849763
vn -0.748849904 0.5012187 -0.43359386
vn -0.902888974 0.429872345 -0.00112552715
vn -0.865401608 1.11261865e-16 -0.501078893
vn -0.999999223 2.76809797e-19 -0.0012466405
vn -0.450738138 0.429838097 -0.782351802
vn -0.748849904 0.5012187 -0.43359386
vn -0.431951362 0.501240299 -0.749784091
vn -0.781362131 0.429872369 -0.452419017
vn -0.499190988 1.9239987e-16 -0.866491984
vn -0.865401608 1.11261865e-16 -0.501078893
vn 0 0.429804046 -0.90292219
vn -0.431951362 0.501240299 -0.749784091
vn 0 0.501261861 -0.865295641
vn -0.450738138 0.429838097 -0.782351802
vn 0 2.22044605e-16 -1
vn -0.499190988 1.9239987e-16 -0.866491984
vn 0 0.50117536 0.865345745
vn -0.483272076 0.262391313 0.835223862
vn -0.433368954 0.501196925 0.748994654
vn 0 0.26239118 0.964961589
vn -0.433368954 0.501196925 0.748994654
vn -0.836282144 0.262391332 0.481438434
vn -0.749928626 0.501218599 0.431725576
vn -0.483272076 0.262391313 0.835223862
vn -0.749928626 0.501218599 0.431725576
vn -0.964960785 0.262391381 -0.0012027267
vn -0.86531998 0.501218684 -0.00107849763
vn -0.836282144 0.262391332 0.481438434
vn -0.86531998 0.501218684 -0.00107849763
vn -0.835079249 0.262391447 -0.483521847
vn -0.748849904 0.5012187 -0.43359386
vn -0.964960785 0.262391381 -0.0012027267
vn -0.748849904 0.5012187 -0.43359386
vn -0.481689043 0.262391452 -0.836137783
vn -0.431951362 0.501240299 -0.749784091
vn -0.835079249 0.262391447 -0.483521847
vn -0.431951362 0.501240299 -0.749784091
vn 0 0.262391402 -0.964961529
vn 0 0.501261861 -0.865295641
vn -0.481689043 0.262391452 -0.836137783
vn 0 -0.882114508 0.471035024
vn -0.343847484 -0.727037011 0.594294617
vn 0 -0.72701511 0.686621461
vn -0.2358747 -0.882114598 0.407721672
vn -0.412245323 -0.567863569 0.71244983
vn 0 -0.567863489 0.823122748
vn -0.2358747 -0.882114598 0.407721672
vn -0.595019167 -0.727058715 0.342546079
vn -0.343847484 -0.727037011 0.594294617
vn -0.408221253 -0.882114721 0.23500857
vn -0.713357889 -0.567863185 0.410672529
vn -0.412245323 -0.567863569 0.71244983
vn -0.408221253 -0.882114721 0.23500857
vn -0.686574697 -0.727058768 -0.00085584016
vn -0.595019167 -0.727058715 0.342546079
vn -0.471034263 -0.88211472 -0.000587250074
vn -0.823122375 -0.567863102 -0.00102606764
vn -0.713357889 -0.567863185 0.410672529
vn -0.471034263 -0.88211472 -0.000587250074
vn -0.59416327 -0.727058807 -0.344028342
vn -0.686574697 -0.727058768 -0.00085584016
vn -0.407634224 -0.882114638 -0.236025644
vn -0.712331782 -0.567863413 -0.412449485
vn -0.823122375 -0.567863102 -0.00102606764
vn -0.407634224 -0.882114638 -0.236025644
vn -0.342727212 -0.727080519 -0.594888206
vn -0.59416327 -0.727058807 -0.344028342
vn -0.235159853 -0.882114503 -0.408134595
vn -0.410876855 -0.567863246 -0.713240172
vn -0.712331782 -0.567863413 -0.412449485
vn -0.235159853 -0.882114503 -0.408134595
vn 0 -0.727102246 -0.686529187
vn -0.342727212 -0.727080519 -0.594888206
vn 0 -0.882114459 -0.471035117
vn 0 -0.567862945 -0.823123123
vn -0.410876855 -0.567863246 -0.713240172
vn 0.338598684 -0.736798976 0.58521637
vn 0 -0.736834355 0.67607332
vn 0 -0.736834355 0.67607332
vn 0.33861018 -0.736798959 0.585209741
vn 0.586018116 -0.736703181 0.33741842
vn 0.33861018 -0.736798959 0.585209741
vn 0.338598684 -0.736798976 0.58521637
vn 0.58607513 -0.736703102 0.337319555
vn 0.676358117 -0.736572518 -0.000789040249
vn 0.58607513 -0.736703102 0.337319555
vn 0.586018116 -0.736703181 0.33741842
vn 0.676358006 -0.736572468 -0.000920588413
vn 0.585468172 -0.736442028 -0.338939756
vn 0.676358006 -0.736572468 -0.000920588413
vn 0.676358117 -0.736572518 -0.000789040249
vn 0.585411191 -0.736442029 -0.339038163
vn 0.337758297 -0.736346828 -0.586270144
vn 0.585411191 -0.736442029 -0.339038163
vn 0.585468172 -0.736442028 -0.338939756
vn 0.337747368 -0.736346847 -0.586276417
vn 0 -0.736311786 -0.676642412
vn 0.337747368 -0.736346847 -0.586276417
vn 0.337758297 -0.736346828 -0.586270144
vn 0 -0.736311757 -0.676642444
vn 0 -0.736834355 0.67607332
vn -0.338609531 -0.736799384 0.585209581
vn -0.338598035 -0.736799401 0.58521621
vn 0 -0.736834355 0.67607332
vn -0.338598035 -0.736799401 0.58521621
vn -0.586075128 -0.736703158 0.337319434
vn -0.586018065 -0.736703192 0.337418485
vn -0.338609531 -0.736799384 0.585209581
vn -0.586018065 -0.736703192 0.337418485
vn -0.676358162 -0.736572324 -0.000920579826
vn -0.676358274 -0.736572375 -0.000788859081
vn -0.586075128 -0.736703158 0.337319434
vn -0.676358274 -0.736572375 -0.000788859081
vn -0.585411428 -0.73644173 -0.339038401
vn -0.585468414 -0.736441794 -0.338939847
vn -0.676358162 -0.736572324 -0.000920579826
vn -0.585468414 -0.736441794 -0.338939847
vn -0.337748231 -0.736346547 -0.586276296
vn -0.337759031 -0.736346512 -0.586270117
vn -0.585411428 -0.73644173 -0.339038401
vn -0.337759031 -0.736346512 -0.586270117
vn 0 -0.736311757 -0.676642444
vn 0 -0.736311786 -0.676642412
vn -0.337748231 -0.736346547 -0.586276296

g collision_PZ_item_34_submesh_0
usemtl collision_61
f 4895/4895/4895 4897/4897/4897 4896/4896/4896
f 4895/4895/4895 4896/4896/4896 4898/4898/4898
f 4897/4897/4897 4895/4895/4895 4899/4899/4899
f 4897/4897/4897 4899/4899/4899 4900/4900/4900
f 4901/4901/4901 4903/4903/4903 4902/4902/4902
f 4901/4901/4901 4902/4902/4902 4904/4904/4904
f 4903/4903/4903 4901/4901/4901 4905/4905/4905
f 4903/4903/4903 4905/4905/4905 4906/4906/4906
f 4907/4907/4907 4909/4909/4909 4908/4908/4908
f 4907/4907/4907 4908/4908/4908 4910/4910/4910
f 4909/4909/4909 4907/4907/4907 4911/4911/4911
f 4909/4909/4909 4911/4911/4911 4912/4912/4912
f 4913/4913/4913 4915/4915/4915 4914/4914/4914
f 4913/4913/4913 4914/4914/4914 4916/4916/4916
f 4915/4915/4915 4913/4913/4913 4917/4917/4917
f 4915/4915/4915 4917/4917/4917 4918/4918/4918
f 4919/4919/4919 4921/4921/4921 4920/4920/4920
f 4919/4919/4919 4920/4920/4920 4922/4922/4922
f 4921/4921/4921 4919/4919/4919 4923/4923/4923
f 4921/4921/4921 4923/4923/4923 4924/4924/4924
f 4925/4925/4925 4927/4927/4927 4926/4926/4926
f 4925/4925/4925 4926/4926/4926 4928/4928/4928
f 4927/4927/4927 4925/4925/4925 4929/4929/4929
f 4927/4927/4927 4929/4929/4929 4930/4930/4930
f 4931/4931/4931 4933/4933/4933 4932/4932/4932
f 4931/4931/4931 4932/4932/4932 4934/4934/4934
f 4935/4935/4935 4937/4937/4937 4936/4936/4936
f 4935/4935/4935 4936/4936/4936 4938/4938/4938
f 4939/4939/4939 4941/4941/4941 4940/4940/4940
f 4939/4939/4939 4940/4940/4940 4942/4942/4942
f 4943/4943/4943 4945/4945/4945 4944/4944/4944
f 4943/4943/4943 4944/4944/4944 4946/4946/4946
f 4947/4947/4947 4949/4949/4949 4948/4948/4948
f 4947/4947/4947 4948/4948/4948 4950/4950/4950
f 4951/4951/4951 4953/4953/4953 4952/4952/4952
f 4951/4951/4951 4952/4952/4952 4954/4954/4954
f 4955/4955/4955 4957/4957/4957 4956/4956/4956
f 4955/4955/4955 4956/4956/4956 4958/4958/4958
f 4958/4958/4958 4956/4956/4956 4959/4959/4959
f 4958/4958/4958 4959/4959/4959 4960/4960/4960
f 4961/4961/4961 4963/4963/4963 4962/4962/4962
f 4961/4961/4961 4962/4962/4962 4964/4964/4964
f 4964/4964/4964 4962/4962/4962 4965/4965/4965
f 4964/4964/4964 4965/4965/4965 4966/4966/4966
f 4967/4967/4967 4969/4969/4969 4968/4968/4968
f 4967/4967/4967 4968/4968/4968 4970/4970/4970
f 4970/4970/4970 4968/4968/4968 4971/4971/4971
f 4970/4970/4970 4971/4971/4971 4972/4972/4972
f 4973/4973/4973 4975/4975/4975 4974/4974/4974
f 4973/4973/4973 4974/4974/4974 4976/4976/4976
f 4976/4976/4976 4974/4974/4974 4977/4977/4977
f 4976/4976/4976 4977/4977/4977 4978/4978/4978
f 4979/4979/4979 4981/4981/4981 4980/4980/4980
f 4979/4979/4979 4980/4980/4980 4982/4982/4982
f 4982/4982/4982 4980/4980/4980 4983/4983/4983
f 4982/4982/4982 4983/4983/4983 4984/4984/4984
f 4985/4985/4985 4987/4987/4987 4986/4986/4986
f 4985/4985/4985 4986/4986/4986 4988/4988/4988
f 4988/4988/4988 4986/4986/4986 4989/4989/4989
f 4988/4988/4988 4989/4989/4989 4990/4990/4990
f 4991/4991/4991 4993/4993/4993 4992/4992/4992
f 4991/4991/4991 4992/4992/4992 4994/4994/4994
f 4994/4994/4994 4995/4995/4995 4991/4991/4991
f 4994/4994/4994 4996/4996/4996 4995/4995/4995
f 4997/4997/4997 4999/4999/4999 4998/4998/4998
f 4997/4997/4997 4998/4998/4998 5000/5000/5000
f 5000/5000/5000 5001/5001/5001 4997/4997/4997
f 5000/5000/5000 5002/5002/5002 5001/5001/5001
f 5003/5003/5003 5005/5005/5005 5004/5004/5004
f 5003/5003/5003 5004/5004/5004 5006/5006/5006
f 5006/5006/5006 5007/5007/5007 5003/5003/5003
f 5006/5006/5006 5008/5008/5008 5007/5007/5007
f 5009/5009/5009 5011/5011/5011 5010/5010/5010
f 5009/5009/5009 5010/5010/5010 5012/5012/5012
f 5012/5012/5012 5013/5013/5013 5009/5009/5009
f 5012/5012/5012 5014/5014/5014 5013/5013/5013
f 5015/5015/5015 5017/5017/5017 5016/5016/5016
f 5015/5015/5015 5016/5016/5016 5018/5018/5018
f 5018/5018/5018 5019/5019/5019 5015/5015/5015
f 5018/5018/5018 5020/5020/5020 5019/5019/5019
f 5021/5021/5021 5023/5023/5023 5022/5022/5022
f 5021/5021/5021 5022/5022/5022 5024/5024/5024
f 5024/5024/5024 5025/5025/5025 5021/5021/5021
f 5024/5024/5024 5026/5026/5026 5025/5025/5025
f 5027/5027/5027 5029/5029/5029 5028/5028/5028
f 5027/5027/5027 5028/5028/5028 5030/5030/5030
f 5031/5031/5031 5033/5033/5033 5032/5032/5032
f 5031/5031/5031 5032/5032/5032 5034/5034/5034
f 5035/5035/5035 5037/5037/5037 5036/5036/5036
f 5035/5035/5035 5036/5036/5036 5038/5038/5038
f 5039/5039/5039 5041/5041/5041 5040/5040/5040
f 5039/5039/5039 5040/5040/5040 5042/5042/5042
f 5043/5043/5043 5045/5045/5045 5044/5044/5044
f 5043/5043/5043 5044/5044/5044 5046/5046/5046
f 5047/5047/5047 5049/5049/5049 5048/5048/5048
f 5047/5047/5047 5048/5048/5048 5050/5050/5050
f 5051/5051/5051 5053/5053/5053 5052/5052/5052
f 5051/5051/5051 5052/5052/5052 5054/5054/5054
f 5053/5053/5053 5055/5055/5055 5052/5052/5052
f 5053/5053/5053 5056/5056/5056 5055/5055/5055
f 5057/5057/5057 5059/5059/5059 5058/5058/5058
f 5057/5057/5057 5058/5058/5058 5060/5060/5060
f 5059/5059/5059 5061/5061/5061 5058/5058/5058
f 5059/5059/5059 5062/5062/5062 5061/5061/5061
f 5063/5063/5063 5065/5065/5065 5064/5064/5064
f 5063/5063/5063 5064/5064/5064 5066/5066/5066
f 5065/5065/5065 5067/5067/5067 5064/5064/5064
f 5065/5065/5065 5068/5068/5068 5067/5067/5067
f 5069/5069/5069 5071/5071/5071 5070/5070/5070
f 5069/5069/5069 5070/5070/5070 5072/5072/5072
f 5071/5071/5071 5073/5073/5073 5070/5070/5070
f 5071/5071/5071 5074/5074/5074 5073/5073/5073
f 5075/5075/5075 5077/5077/5077 5076/5076/5076
f 5075/5075/5075 5076/5076/5076 5078/5078/5078
f 5077/5077/5077 5079/5079/5079 5076/5076/5076
f 5077/5077/5077 5080/5080/5080 5079/5079/5079
f 5081/5081/5081 5083/5083/5083 5082/5082/5082
f 5081/5081/5081 5082/5082/5082 5084/5084/5084
f 5083/5083/5083 5085/5085/5085 5082/5082/5082
f 5083/5083/5083 5086/5086/5086 5085/5085/5085
f 5087/5087/5087 5089/5089/5089 5088/5088/5088
f 5087/5087/5087 5088/5088/5088 5090/5090/5090
f 5091/5091/5091 5093/5093/5093 5092/5092/5092
f 5091/5091/5091 5092/5092/5092 5094/5094/5094
f 5095/5095/5095 5097/5097/5097 5096/5096/5096
f 5095/5095/5095 5096/5096/5096 5098/5098/5098
f 5099/5099/5099 5101/5101/5101 5100/5100/5100
f 5099/5099/5099 5100/5100/5100 5102/5102/5102
f 5103/5103/5103 5105/5105/5105 5104/5104/5104
f 5103/5103/5103 5104/5104/5104 5106/5106/5106
f 5107/5107/5107 5109/5109/5109 5108/5108/5108
f 5107/5107/5107 5108/5108/5108 5110/5110/5110
f 5111/5111/5111 5113/5113/5113 5112/5112/5112
f 5111/5111/5111 5112/5112/5112 5114/5114/5114
f 5115/5115/5115 5117/5117/5117 5116/5116/5116
f 5115/5115/5115 5116/5116/5116 5118/5118/5118
f 5119/5119/5119 5121/5121/5121 5120/5120/5120
f 5119/5119/5119 5120/5120/5120 5122/5122/5122
f 5123/5123/5123 5125/5125/5125 5124/5124/5124
f 5123/5123/5123 5124/5124/5124 5126/5126/5126
f 5127/5127/5127 5129/5129/5129 5128/5128/5128
f 5127/5127/5127 5128/5128/5128 5130/5130/5130
f 5131/5131/5131 5133/5133/5133 5132/5132/5132
f 5131/5131/5131 5132/5132/5132 5134/5134/5134

o collision_PZ_item_12_1
v 8.23317804 7.54201247 -22.0911843
v -0.348680596 7.54201247 -27.0906731
v 8.23317804 7.54201247 -27.0906731
v -0.348680596 7.54201247 -22.0911843
v 8.23317804 7.54201247 -27.0906731
v 21.2080955 4.85368349 -22.215738
v 8.23317804 7.54201247 -22.0911843
v 21.2052115 4.85368349 -27.3014199
v 8.23317804 7.54201247 -22.0911843
v -0.357954125 4.85391118 -22.1032254
v -0.348680596 7.54201247 -22.0911843
v 21.2080955 4.85368349 -22.215738
v 21.2080955 4.85368349 -22.215738
v 28.3426913 4.85368349 -27.362003
v 28.3596076 4.85368325 -22.3348824
v 21.2052115 4.85368349 -27.3014199
v -0.357954125 4.85391118 -22.1032254
v 21.2231349 -0.0957877436 -22.2250744
v -0.357954125 -0.10535119 -22.1032235
v 21.2080955 4.85368349 -22.215738
v 28.3596076 4.85368325 -22.3348824
v 27.8785399 -0.0957877436 -22.3348843
vt -0.919971049 0.285543114
vt -0.293391258 0.0172924083
vt -0.915976465 0.0172924083
vt -0.293391258 0.285543114
vt -0.915976465 0.0172924083
vt -0.293391258 0.285543114
vt -0.919971049 0.285543114
vt -0.293391258 0.0172924083
vt -0.311056614 0.380130053
vt 0.191593647 0.594777584
vt 0.191593647 0.380130053
vt -1.07101202 0.594777584
vt -0.293391258 0.285543114
vt -0.64568758 0.0172924083
vt -0.645694852 0.285543114
vt -0.293391258 0.0172924083
vt -1.06839979 0.5927459
vt 0.195057988 0.306082457
vt -1.06839979 0.306082457
vt 0.194173813 0.592733145
vt 0.609215498 0.592728734
vt 0.609215498 0.306082457
vn 0 1 2.22044605e-16
vn 0 1 2.22044605e-16
vn 0 1 2.22044605e-16
vn 0 1 2.22044605e-16
vn 0.202906098 0.979198199 -5.80185104e-05
vn 0.202906084 0.979198201 -5.80185105e-05
vn 0.202906098 0.979198199 -5.80185104e-05
vn 0.202906084 0.979198201 -5.80185142e-05
vn 0.00373136734 -0.0164041647 0.99985848
vn 0.00373136757 -0.0164041665 0.99985848
vn 0.00373136781 -0.0164041665 0.99985848
vn 0.00373136781 -0.0164041665 0.99985848
vn 0 1 2.22044605e-16
vn 0 1 2.22044605e-16
vn 0 1 2.22044605e-16
vn 0 1 2.22044605e-16
vn 0.00543184785 -0.000933795365 0.999984811
vn 0.00543184785 -0.000933795423 0.999984811
vn 0.00543184785 -0.000933795423 0.999984811
vn 0.00543184785 -0.000933795423 0.999984811
vn 0.0165802752 -0.00172381636 0.999861052
vn 0.016580277 -0.00172381647 0.999861052

g collision_PZ_item_12_1_submesh_0
usemtl collision_62
f 5135/5135/5135 5137/5137/5137 5136/5136/5136
f 5135/5135/5135 5136/5136/5136 5138/5138/5138
f 5139/5139/5139 5141/5141/5141 5140/5140/5140
f 5139/5139/5139 5140/5140/5140 5142/5142/5142
f 5143/5143/5143 5145/5145/5145 5144/5144/5144
f 5143/5143/5143 5144/5144/5144 5146/5146/5146
f 5147/5147/5147 5149/5149/5149 5148/5148/5148
f 5147/5147/5147 5148/5148/5148 5150/5150/5150
f 5151/5151/5151 5153/5153/5153 5152/5152/5152
f 5151/5151/5151 5152/5152/5152 5154/5154/5154
f 5155/5155/5155 5154/5154/5154 5152/5152/5152
f 5155/5155/5155 5152/5152/5152 5156/5156/5156

o collision_PZ_item_41
v -24.4512835 0.888487651 15.7781409
v -26.4417429 0.888487651 16.1685428
v -26.4417467 0.888487651 15.77814
v -24.4512873 0.888487651 16.1685428
v -24.4512835 -0.111512706 15.7781409
v -26.4417467 0.888487651 15.77814
v -26.4417467 -0.111512706 15.77814
v -24.4512835 0.888487651 15.7781409
v -26.4417467 -0.111512706 15.77814
v -26.4417429 0.888487651 16.1685428
v -26.4417429 -0.111512706 16.1685428
v -26.4417467 0.888487651 15.77814
v -26.4417429 -0.111512706 16.1685428
v -24.4512873 0.888487651 16.1685428
v -24.4512873 -0.111512706 16.1685428
v -26.4417429 0.888487651 16.1685428
v -24.4512873 -0.111512706 16.1685428
v -24.4512835 0.888487651 15.7781409
v -24.4512835 -0.111512706 15.7781409
v -24.4512873 0.888487651 16.1685428
vt 0.411769807 0.801583469
vt 0.438436508 0.625241041
vt 0.411769807 0.625241041
vt 0.438436508 0.801583469
vt 0.525347888 0.677529454
vt 0.441178024 0.996701241
vt 0.525347888 0.996701241
vt 0.441178083 0.677529454
vt 0.439485848 0.931153834
vt 0.409644306 0.831641197
vt 0.409644306 0.931153774
vt 0.439485848 0.831641197
vt 0.525347888 0.677529454
vt 0.441178024 0.996701241
vt 0.525347888 0.996701241
vt 0.441178024 0.677529454
vt 0.439286292 0.931153834
vt 0.409444809 0.831641197
vt 0.409444809 0.931153774
vt 0.439286292 0.831641197
vn 0 1 2.22044605e-16
vn 0 1 2.22044605e-16
vn 0 1 2.22044605e-16
vn 0 1 2.22044605e-16
vn 0 2.22044605e-16 -1
vn 0 2.22044605e-16 -1
vn 0 2.22044605e-16 -1
vn 0 2.22044605e-16 -1
vn -1 0 0
vn -1 0 0
vn -1 0 0
vn -1 0 0
vn 0 -2.22044605e-16 1
vn 0 -2.22044605e-16 1
vn 0 -2.22044605e-16 1
vn 0 -2.22044605e-16 1
vn 1 0 0
vn 1 0 0
vn 1 0 0
vn 1 0 0

g collision_PZ_item_41_submesh_0
usemtl collision_63
f 5157/5157/5157 5159/5159/5159 5158/5158/5158
f 5157/5157/5157 5158/5158/5158 5160/5160/5160
f 5161/5161/5161 5163/5163/5163 5162/5162/5162
f 5161/5161/5161 5162/5162/5162 5164/5164/5164
f 5165/5165/5165 5167/5167/5167 5166/5166/5166
f 5165/5165/5165 5166/5166/5166 5168/5168/5168
f 5169/5169/5169 5171/5171/5171 5170/5170/5170
f 5169/5169/5169 5170/5170/5170 5172/5172/5172
f 5173/5173/5173 5175/5175/5175 5174/5174/5174
f 5173/5173/5173 5174/5174/5174 5176/5176/5176

o collision_PZ_item_24
v 22.2131496 0.88848686 0.917168626
v 22.6035514 0.88848686 3.92602826
v 22.2131496 0.88848686 3.92602826
v 22.6035514 0.88848686 0.917168626
v 22.2131496 -0.11151314 0.917168626
v 22.2131496 0.88848686 3.92602826
v 22.2131496 -0.11151314 3.92602826
v 22.2131496 0.88848686 0.917168626
v 22.2131496 -0.11151314 3.92602826
v 22.6035514 0.88848686 3.92602826
v 22.6035514 -0.11151314 3.92602826
v 22.2131496 0.88848686 3.92602826
v 22.6035514 -0.11151314 3.92602826
v 22.6035514 0.88848686 0.917168626
v 22.6035514 -0.11151314 0.917168626
v 22.6035514 0.88848686 3.92602826
v 22.6035514 -0.11151314 0.917168626
v 22.2131496 0.88848686 0.917168626
v 22.2131496 -0.11151314 0.917168626
v 22.6035514 0.88848686 0.917168626
vt 0.411769807 0.801583469
vt 0.438436508 0.625241041
vt 0.411769807 0.625241041
vt 0.438436508 0.801583469
vt 0.525347888 0.677529454
vt 0.441178024 0.996701241
vt 0.525347888 0.996701241
vt 0.441178083 0.677529454
vt 0.439485848 0.931153834
vt 0.409644306 0.831641197
vt 0.409644306 0.931153774
vt 0.439485848 0.831641197
vt 0.525347888 0.677529454
vt 0.441178024 0.996701241
vt 0.525347888 0.996701241
vt 0.441178024 0.677529454
vt 0.439286292 0.931153834
vt 0.409444809 0.831641197
vt 0.409444809 0.931153774
vt 0.439286292 0.831641197
vn 0 1 2.22044605e-16
vn 0 1 2.22044605e-16
vn 0 1 2.22044605e-16
vn 0 1 2.22044605e-16
vn -1 0 0
vn -1 0 0
vn -1 0 0
vn -1 0 0
vn 0 -2.22044605e-16 1
vn 0 -2.22044605e-16 1
vn 0 -2.22044605e-16 1
vn 0 -2.22044605e-16 1
vn 1 0 0
vn 1 0 0
vn 1 0 0
vn 1 0 0
vn 0 2.22044605e-16 -1
vn 0 2.22044605e-16 -1
vn 0 2.22044605e-16 -1
vn 0 2.22044605e-16 -1

g collision_PZ_item_24_submesh_0
usemtl collision_64
f 5177/5177/5177 5179/5179/5179 5178/5178/5178
f 5177/5177/5177 5178/5178/5178 5180/5180/5180
f 5181/5181/5181 5183/5183/5183 5182/5182/5182
f 5181/5181/5181 5182/5182/5182 5184/5184/5184
f 5185/5185/5185 5187/5187/5187 5186/5186/5186
f 5185/5185/5185 5186/5186/5186 5188/5188/5188
f 5189/5189/5189 5191/5191/5191 5190/5190/5190
f 5189/5189/5189 5190/5190/5190 5192/5192/5192
f 5193/5193/5193 5195/5195/5195 5194/5194/5194
f 5193/5193/5193 5194/5194/5194 5196/5196/5196

o collision_PZ_item_20
v 40.1748313 5.85368516 -4.40591207
v 40.7386397 5.85368516 -1.39705244
v 40.1748275 5.85368516 -1.39705244
v 40.7386397 5.85368516 -4.40591207
v 40.1748313 4.85368421 -4.40591207
v 40.1748275 5.85368516 -1.39705244
v 40.1748275 4.85368421 -1.39705244
v 40.1748313 5.85368516 -4.40591207
v 40.1748275 4.85368421 -1.39705244
v 40.7386397 5.85368516 -1.39705244
v 40.7386397 4.85368421 -1.39705244
v 40.1748275 5.85368516 -1.39705244
v 40.7386397 4.85368421 -1.39705244
v 40.7386397 5.85368516 -4.40591207
v 40.7386397 4.85368421 -4.40591207
v 40.7386397 5.85368516 -1.39705244
v 40.7386397 4.85368421 -4.40591207
v 40.1748313 5.85368516 -4.40591207
v 40.1748313 4.85368421 -4.40591207
v 40.7386397 5.85368516 -4.40591207
vt 0.411769807 0.801583469
vt 0.438436508 0.625241041
vt 0.411769807 0.625241041
vt 0.438436508 0.801583469
vt 0.525347888 0.677529454
vt 0.441178024 0.996701241
vt 0.525347888 0.996701241
vt 0.441178083 0.677529454
vt 0.439485848 0.931153834
vt 0.409644306 0.831641197
vt 0.409644306 0.931153774
vt 0.439485848 0.831641197
vt 0.525347888 0.677529454
vt 0.441178024 0.996701241
vt 0.525347888 0.996701241
vt 0.441178024 0.677529454
vt 0.439286292 0.931153834
vt 0.409444809 0.831641197
vt 0.409444809 0.931153774
vt 0.439286292 0.831641197
vn 0 1 2.22044605e-16
vn 0 1 2.22044605e-16
vn 0 1 2.22044605e-16
vn 0 1 2.22044605e-16
vn -1 0 0
vn -1 0 0
vn -1 0 0
vn -1 0 0
vn 0 -2.22044605e-16 1
vn 0 -2.22044605e-16 1
vn 0 -2.22044605e-16 1
vn 0 -2.22044605e-16 1
vn 1 0 0
vn 1 0 0
vn 1 0 0
vn 1 0 0
vn 0 2.22044605e-16 -1
vn 0 2.22044605e-16 -1
vn 0 2.22044605e-16 -1
vn 0 2.22044605e-16 -1

g collision_PZ_item_20_submesh_0
usemtl collision_65
f 5197/5197/5197 5199/5199/5199 5198/5198/5198
f 5197/5197/5197 5198/5198/5198 5200/5200/5200
f 5201/5201/5201 5203/5203/5203 5202/5202/5202
f 5201/5201/5201 5202/5202/5202 5204/5204/5204
f 5205/5205/5205 5207/5207/5207 5206/5206/5206
f 5205/5205/5205 5206/5206/5206 5208/5208/5208
f 5209/5209/5209 5211/5211/5211 5210/5210/5210
f 5209/5209/5209 5210/5210/5210 5212/5212/5212
f 5213/5213/5213 5215/5215/5215 5214/5214/5214
f 5213/5213/5213 5214/5214/5214 5216/5216/5216

o collision_PZ_item_42
v -23.9906321 3.99570222 8.34585753
v -29.2827997 3.99570222 11.7325639
v -23.9906301 3.99570222 11.7325629
v -29.2827997 3.99570222 8.34585848
v -23.9906301 3.99570222 11.7325629
v -23.9906321 4.85368319 8.34585753
v -23.9906321 3.99570222 8.34585753
v -23.9906301 4.85368319 11.7325629
v -29.2827997 4.85368319 11.7325639
v -23.9906321 4.85368319 8.34585753
v -23.9906301 4.85368319 11.7325629
v -29.2827997 4.85368319 8.34585848
v -29.2827997 4.85368319 8.34585848
v -23.9906321 3.99570222 8.34585753
v -23.9906321 4.85368319 8.34585753
v -29.2827997 3.99570222 8.34585848
v -29.2827997 3.99570222 11.7325639
v -23.9906301 4.85368319 11.7325629
v -23.9906301 3.99570222 11.7325629
v -29.2827997 4.85368319 11.7325639
vt 0.661560893 0.487947196
vt 0.448403895 0.56295222
vt 0.661560893 0.56295222
vt 0.448403895 0.487947196
vt 0.392578006 0.361847013
vt 0.404693991 0.286843002
vt 0.392578006 0.286843002
vt 0.404693991 0.361847013
vt 0.448403895 0.13508895
vt 0.661560893 0.210093886
vt 0.661560893 0.13508895
vt 0.448403895 0.210093886
vt 0.500008166 0.300969005
vt 0.718894303 0.319234848
vt 0.718894303 0.300969005
vt 0.500008166 0.319234848
vt 0.500008166 0.319234848
vt 0.718894303 0.300969005
vt 0.718894303 0.319234848
vt 0.500008166 0.300969005
vn 0 -1 -2.22044605e-16
vn 0 -1 -2.22044605e-16
vn 0 -1 -2.22044605e-16
vn 0 -1 -2.22044605e-16
vn 1 0 0
vn 1 0 0
vn 1 0 0
vn 1 0 0
vn 0 1 2.22044605e-16
vn 0 1 2.22044605e-16
vn 0 1 2.22044605e-16
vn 0 1 2.22044605e-16
vn 0 2.22044605e-16 -1
vn 0 2.22044605e-16 -1
vn 0 2.22044605e-16 -1
vn 0 2.22044605e-16 -1
vn 0 -2.22044605e-16 1
vn 0 -2.22044605e-16 1
vn 0 -2.22044605e-16 1
vn 0 -2.22044605e-16 1

g collision_PZ_item_42_submesh_0
usemtl collision_66
f 5217/5217/5217 5219/5219/5219 5218/5218/5218
f 5217/5217/5217 5218/5218/5218 5220/5220/5220
f 5221/5221/5221 5223/5223/5223 5222/5222/5222
f 5221/5221/5221 5222/5222/5222 5224/5224/5224
f 5225/5225/5225 5227/5227/5227 5226/5226/5226
f 5225/5225/5225 5226/5226/5226 5228/5228/5228
f 5229/5229/5229 5231/5231/5231 5230/5230/5230
f 5229/5229/5229 5230/5230/5230 5232/5232/5232
f 5233/5233/5233 5235/5235/5235 5234/5234/5234
f 5233/5233/5233 5234/5234/5234 5236/5236/5236

o collision_PZ_item_61
v -27.7718204 3.03733922 -21.9240673
v -26.5225071 1.40453721 -21.9240673
v -27.7678684 1.40453721 -21.9240673
v -26.5264591 3.0373397 -21.9240673
v -26.3090137 2.8119836 -21.9240673
v -26.3129772 1.63779117 -21.9240673
v -27.9694904 1.64174224 -21.9240663
v -27.9734424 2.80803348 -21.9240663
v -27.7678684 1.40453721 -21.9240673
v -28.1754001 1.50505735 -22.1854417
v -27.9694904 1.64174224 -21.9240663
v -27.8823246 1.17064382 -22.1854417
v -26.3090137 2.8119836 -21.9240673
v -26.1046833 1.50506116 -22.1854417
v -26.3129772 1.63779117 -21.9240673
v -26.1048893 2.93353082 -22.1854417
v -26.3090137 2.8119836 -21.9240673
v -26.3980182 3.26793958 -22.1854417
v -26.1048893 2.93353082 -22.1854417
v -26.5264591 3.0373397 -21.9240673
v -26.3129772 1.63779117 -21.9240673
v -26.3968891 1.17064382 -22.1854417
v -26.5225071 1.40453721 -21.9240673
v -26.1046833 1.50506116 -22.1854417
v -26.5225071 1.40453721 -21.9240673
v -27.8823246 1.17064382 -22.1854417
v -27.7678684 1.40453721 -21.9240673
v -26.3968891 1.17064382 -22.1854417
v -27.9694904 1.64174224 -21.9240663
v -28.1755184 2.93352796 -22.1854417
v -27.9734424 2.80803348 -21.9240663
v -28.1754001 1.50505735 -22.1854417
v -27.9734424 2.80803348 -21.9240663
v -27.8832706 3.26793863 -22.1854417
v -27.7718204 3.03733922 -21.9240673
v -28.1755184 2.93352796 -22.1854417
v -27.7718204 3.03733922 -21.9240673
v -26.3980182 3.26793958 -22.1854417
v -26.5264591 3.0373397 -21.9240673
v -27.8832706 3.26793863 -22.1854417
vt 0.0792225674 0.89217031
vt 0.305032492 0.702685833
vt 0.305030227 0.891603351
vt 0.0792225227 0.703262746
vt 0.110389486 0.670278788
vt 0.2727741 0.670896828
vt 0.272225052 0.922184229
vt 0.110933706 0.922760963
vt 0.305030227 0.891603351
vt 0.295332432 0.960036337
vt 0.272225052 0.922184229
vt 0.343535841 0.91370976
vt 0.110389486 0.670278788
vt 0.295332193 0.632614195
vt 0.2727741 0.670896828
vt 0.0894111842 0.632631719
vt 0.110389486 0.670278788
vt 0.0412075222 0.678969085
vt 0.0894111842 0.632631719
vt 0.0792225227 0.703262746
vt 0.2727741 0.670896828
vt 0.343542695 0.678828835
vt 0.305032492 0.702685833
vt 0.295332193 0.632614195
vt 0.305032492 0.702685833
vt 0.343535841 0.91370976
vt 0.305030227 0.891603351
vt 0.343542695 0.678828835
vt 0.272225052 0.922184229
vt 0.0894113481 0.960031033
vt 0.110933706 0.922760963
vt 0.295332432 0.960036337
vt 0.110933706 0.922760963
vt 0.0412007049 0.9138062
vt 0.0792225674 0.89217031
vt 0.0894113481 0.960031033
vt 0.0792225674 0.89217031
vt 0.0412075222 0.678969085
vt 0.0792225227 0.703262746
vt 0.0412007049 0.9138062
vn 0 -2.22044605e-16 1
vn 0 -2.22044605e-16 1
vn 0 -2.22044605e-16 1
vn 0 -2.22044605e-16 1
vn 0 -2.22044605e-16 1
vn 0 -2.22044605e-16 1
vn 0 -2.22044605e-16 1
vn 0 -2.22044605e-16 1
vn -0.554450641 -0.479841062 0.679953706
vn -0.554450615 -0.479841032 0.679953748
vn -0.554450593 -0.479841012 0.67995378
vn -0.554450615 -0.479841032 0.679953748
vn 0.78507359 -0.00113341598 0.619401464
vn 0.78507359 -0.00113341598 0.619401464
vn 0.785073619 -0.00113341602 0.619401427
vn 0.78507359 -0.00113341598 0.619401464
vn 0.54264143 0.49495575 0.678645036
vn 0.542641468 0.494955725 0.678645023
vn 0.542641494 0.494955754 0.678644981
vn 0.542641452 0.49495577 0.678645003
vn 0.545110277 -0.481795155 0.68609636
vn 0.545110277 -0.481795155 0.68609636
vn 0.545110277 -0.481795155 0.68609636
vn 0.54511027 -0.481795089 0.686096411
vn 0 -0.745195964 0.666845541
vn 0 -0.745195937 0.666845571
vn 0 -0.745195993 0.666845508
vn 0 -0.745195964 0.666845541
vn -0.788313276 -0.00123659092 0.615272825
vn -0.788313305 -0.00123659085 0.615272788
vn -0.788313276 -0.00123659092 0.615272825
vn -0.788313276 -0.00123659092 0.615272825
vn -0.559078745 0.489807837 0.668968788
vn -0.559078713 0.489807831 0.66896882
vn -0.559078713 0.489807831 0.66896882
vn -0.559078745 0.489807837 0.668968788
vn 0 0.749873295 0.66158147
vn 0 0.749873321 0.66158144
vn 0 0.749873295 0.66158147
vn 0 0.749873295 0.66158147

g collision_PZ_item_61_submesh_0
usemtl collision_67
f 5237/5237/5237 5239/5239/5239 5238/5238/5238
f 5237/5237/5237 5238/5238/5238 5240/5240/5240
f 5238/5238/5238 5241/5241/5241 5240/5240/5240
f 5238/5238/5238 5242/5242/5242 5241/5241/5241
f 5237/5237/5237 5243/5243/5243 5239/5239/5239
f 5237/5237/5237 5244/5244/5244 5243/5243/5243
f 5245/5245/5245 5247/5247/5247 5246/5246/5246
f 5245/5245/5245 5246/5246/5246 5248/5248/5248
f 5249/5249/5249 5251/5251/5251 5250/5250/5250
f 5249/5249/5249 5250/5250/5250 5252/5252/5252
f 5253/5253/5253 5255/5255/5255 5254/5254/5254
f 5253/5253/5253 5254/5254/5254 5256/5256/5256
f 5257/5257/5257 5259/5259/5259 5258/5258/5258
f 5257/5257/5257 5258/5258/5258 5260/5260/5260
f 5261/5261/5261 5263/5263/5263 5262/5262/5262
f 5261/5261/5261 5262/5262/5262 5264/5264/5264
f 5265/5265/5265 5267/5267/5267 5266/5266/5266
f 5265/5265/5265 5266/5266/5266 5268/5268/5268
f 5269/5269/5269 5271/5271/5271 5270/5270/5270
f 5269/5269/5269 5270/5270/5270 5272/5272/5272
f 5273/5273/5273 5275/5275/5275 5274/5274/5274
f 5273/5273/5273 5274/5274/5274 5276/5276/5276

o collision_PZ_item_52
v 0.0683666431 0.888488305 -16.8627355
v 0.458766576 0.888488305 -13.8538759
v 0.0683647357 0.888488305 -13.8538759
v 0.458768483 0.888488305 -16.8627355
v 0.0683666431 -0.111511695 -16.8627355
v 0.0683647357 0.888488305 -13.8538759
v 0.0683647357 -0.111511695 -13.8538759
v 0.0683666431 0.888488305 -16.8627355
v 0.0683647357 -0.111511695 -13.8538759
v 0.458766576 0.888488305 -13.8538759
v 0.458766576 -0.111511695 -13.8538759
v 0.0683647357 0.888488305 -13.8538759
v 0.458766576 -0.111511695 -13.8538759
v 0.458768483 0.888488305 -16.8627355
v 0.458768483 -0.111511695 -16.8627355
v 0.458766576 0.888488305 -13.8538759
v 0.458768483 -0.111511695 -16.8627355
v 0.0683666431 0.888488305 -16.8627355
v 0.0683666431 -0.111511695 -16.8627355
v 0.458768483 0.888488305 -16.8627355
vt 0.411769807 0.801583469
vt 0.438436508 0.625241041
vt 0.411769807 0.625241041
vt 0.438436508 0.801583469
vt 0.525347888 0.677529454
vt 0.441178024 0.996701241
vt 0.525347888 0.996701241
vt 0.441178083 0.677529454
vt 0.439485848 0.931153834
vt 0.409644306 0.831641197
vt 0.409644306 0.931153774
vt 0.439485848 0.831641197
vt 0.525347888 0.677529454
vt 0.441178024 0.996701241
vt 0.525347888 0.996701241
vt 0.441178024 0.677529454
vt 0.439286292 0.931153834
vt 0.409444809 0.831641197
vt 0.409444809 0.931153774
vt 0.439286292 0.831641197
vn 0 1 2.22044605e-16
vn 0 1 2.22044605e-16
vn 0 1 2.22044605e-16
vn 0 1 2.22044605e-16
vn -1 0 0
vn -1 0 0
vn -1 0 0
vn -1 0 0
vn 0 -2.22044605e-16 1
vn 0 -2.22044605e-16 1
vn 0 -2.22044605e-16 1
vn 0 -2.22044605e-16 1
vn 1 0 0
vn 1 0 0
vn 1 0 0
vn 1 0 0
vn 0 2.22044605e-16 -1
vn 0 2.22044605e-16 -1
vn 0 2.22044605e-16 -1
vn 0 2.22044605e-16 -1

g collision_PZ_item_52_submesh_0
usemtl collision_68
f 5277/5277/5277 5279/5279/5279 5278/5278/5278
f 5277/5277/5277 5278/5278/5278 5280/5280/5280
f 5281/5281/5281 5283/5283/5283 5282/5282/5282
f 5281/5281/5281 5282/5282/5282 5284/5284/5284
f 5285/5285/5285 5287/5287/5287 5286/5286/5286
f 5285/5285/5285 5286/5286/5286 5288/5288/5288
f 5289/5289/5289 5291/5291/5291 5290/5290/5290
f 5289/5289/5289 5290/5290/5290 5292/5292/5292
f 5293/5293/5293 5295/5295/5295 5294/5294/5294
f 5293/5293/5293 5294/5294/5294 5296/5296/5296

o collision_PZ_item_28
v 47.3146968 4.22684455 5.10547543
v 37.5367694 4.85368109 5.52114392
v 37.4422221 4.22684455 5.10547353
v 47.11898 4.85368109 5.52114774
v 27.4663558 -0.406271937 20.1155062
v 27.7439819 4.22684455 5.10547162
v 28.0504966 4.2271707 20.1155062
v 27.4663596 -0.406271937 5.27990819
v 47.1188693 4.85368109 20.11551
v 37.5367694 4.85368109 5.52114392
v 47.11898 4.85368109 5.52114774
v 37.5370632 4.85368109 20.1155081
v 47.3146968 4.22684455 5.10547543
v 37.4364047 -0.406271937 5.2799101
v 47.5806728 -0.406271937 5.279912
v 37.4422221 4.22684455 5.10547353
v 27.7439819 4.22684455 5.10547162
v 27.4663596 -0.406271937 5.27990819
v 28.0504966 4.2271707 20.1155062
v 28.1287837 4.85368109 5.52114201
v 28.1294837 4.85368109 20.1155062
v 27.7439819 4.22684455 5.10547162
v 37.4422221 4.22684455 5.10547353
v 28.1287837 4.85368109 5.52114201
v 27.7439819 4.22684455 5.10547162
v 37.5367694 4.85368109 5.52114392
v 37.5367694 4.85368109 5.52114392
v 28.1294837 4.85368109 20.1155062
v 28.1287837 4.85368109 5.52114201
v 37.5370632 4.85368109 20.1155081
vt 0.498021305 0.282796383
vt 0.431439102 0.0654430166
vt 0.498021305 0.0654430166
vt 0.431439102 0.282796383
vt 0.801214337 0.58319211
vt 1.45252514 0.332897723
vt 0.801214337 0.332897425
vt 1.4525249 0.583191395
vt 0.00999999978 0.282796383
vt 0.431439102 0.0654430166
vt 0.431439102 0.282796383
vt 0.00999999978 0.0654430166
vt 1.99983978 0.332897902
vt 1.7261821 0.583194375
vt 1.99983931 0.583197355
vt 1.72618246 0.332897812
vt 1.45252514 0.332897723
vt 1.4525249 0.583191395
vt 0.801214337 0.332897425
vt 1.45252514 0.300350785
vt 0.801214337 0.300357431
vt 1.45252514 0.332897723
vt 0.498021305 0.0654430166
vt 0.431439102 0.282695889
vt 0.498021305 0.282695889
vt 0.431439102 0.0654430166
vt 0.431439102 0.0654430166
vt 0.00999999978 0.282695889
vt 0.431439102 0.282695889
vt 0.00999999978 0.0654430166
vn 0 0.552655382 -0.83340988
vn 0 0.552655382 -0.83340988
vn 0 0.552655382 -0.83340988
vn 0 0.552655382 -0.83340988
vn -0.995633813 0.0927835063 0.0102240214
vn -0.995633813 0.0927835063 0.0102240223
vn -0.995633813 0.0927835063 0.0102240223
vn -0.995633813 0.0927835136 0.0102240223
vn 0 1 2.22044605e-16
vn 0 1 2.22044605e-16
vn 0 1 2.22044605e-16
vn 0 1 2.22044605e-16
vn 0 -0.0376232817 -0.999291994
vn 0 -0.0376232854 -0.999291994
vn 0 -0.0376232854 -0.999291994
vn 0 -0.0376232854 -0.999291994
vn 0 -0.0376232928 -0.999291993
vn 0 -0.0376232928 -0.999291993
vn -0.93885198 0.344183254 0.00973898977
vn -0.93885197 0.344183281 0.00973898874
vn -0.93885197 0.344183281 0.00973898874
vn -0.93885197 0.34418328 0.00973898967
vn 0 0.552654514 -0.833410456
vn 0 0.552654514 -0.833410456
vn 0 0.552654583 -0.83341041
vn 0 0.552654514 -0.833410456
vn 0 1 2.22044605e-16
vn 0 1 2.22044605e-16
vn 0 1 2.22044605e-16
vn 0 1 2.22044605e-16

g collision_PZ_item_28_submesh_0
usemtl collision_69
f 5297/5297/5297 5299/5299/5299 5298/5298/5298
f 5297/5297/5297 5298/5298/5298 5300/5300/5300
f 5301/5301/5301 5303/5303/5303 5302/5302/5302
f 5301/5301/5301 5302/5302/5302 5304/5304/5304
f 5305/5305/5305 5307/5307/5307 5306/5306/5306
f 5305/5305/5305 5306/5306/5306 5308/5308/5308
f 5309/5309/5309 5311/5311/5311 5310/5310/5310
f 5309/5309/5309 5310/5310/5310 5312/5312/5312
f 5310/5310/5310 5313/5313/5313 5312/5312/5312
f 5310/5310/5310 5314/5314/5314 5313/5313/5313
f 5315/5315/5315 5317/5317/5317 5316/5316/5316
f 5315/5315/5315 5316/5316/5316 5318/5318/5318
f 5319/5319/5319 5321/5321/5321 5320/5320/5320
f 5319/5319/5319 5320/5320/5320 5322/5322/5322
f 5323/5323/5323 5325/5325/5325 5324/5324/5324
f 5323/5323/5323 5324/5324/5324 5326/5326/5326

o collision_PZ_item_15
v 35.0680389 17.0809904 -26.9743109
v 39.4613419 17.0809894 -24.3549166
v 40.4875603 17.0809904 -26.9743109
v 35.0680389 17.0809894 -24.3547583
v 46.8705101 17.0809904 -26.9743109
v 43.8546486 17.0809894 -24.355073
v -12.0919399 17.0809904 -26.9743109
v -6.21565628 17.0809894 -24.3529043
v -0.339372264 17.0809904 -26.9743109
v -0.339372264 17.0809894 -24.3531504
v -12.0919399 17.0809894 -24.3526602
v -35.5970764 17.0809904 -26.9743109
v -29.7207928 17.0809894 -24.3520613
v -23.8445072 17.0809904 -26.9743109
v -23.8445072 17.0809894 -24.35217
v -35.5970764 17.0809894 -24.3519545
v 11.4630976 17.0809904 -26.9743109
v 17.3643322 17.0809894 -24.3538885
v 23.2655678 17.0809904 -26.9743109
v 23.2655678 17.0809894 -24.3541307
v 11.4630976 17.0809894 -24.3536425
v 23.2655678 17.0809894 10.1001711
v 29.1668053 17.0809894 3.34760809
v 23.2655678 17.0809894 3.34980607
v 29.1668034 17.0809894 10.0970306
v -23.8445072 17.0809894 10.1197929
v -17.9682236 17.0809894 3.3618207
v -23.8445053 17.0809894 3.36353898
v -17.9682236 17.0809894 10.1173382
v -47.3496437 17.0809904 10.1240759
v -44.4760551 17.0809894 3.36616922
v -47.3496437 17.0809904 -2.43682575
v -44.4760551 17.0809894 -2.4370346
v -44.4760551 17.0809894 10.1235523
v -0.339372264 17.0809894 10.1099768
v 5.56186294 17.0809894 3.35495305
v -0.339372279 17.0809894 3.35666871
v 5.56186294 17.0809894 10.1075249
v -47.3496437 17.0809904 -2.43682575
v -44.4760551 17.0809894 -8.08741378
v -47.3496437 17.0809904 -13.7411509
v -44.4760551 17.0809894 -13.7412538
v -44.4760551 17.0809894 -2.4370346
v -0.339372264 17.0809894 -2.44246006
v 5.56186294 17.0809894 -8.09221935
v -0.339372279 17.0809894 -8.09148311
v 5.56186294 17.0809894 -2.44343996
v -23.8445072 17.0809904 -26.9743109
v -17.9682236 17.0809894 -24.3524141
v -12.0919399 17.0809904 -26.9743109
v -12.0919399 17.0809894 -24.3526602
v -23.8445072 17.0809894 -24.35217
v -0.339372264 17.0809904 23.9541712
v -6.21565628 17.0809894 21.23734
v -12.0919399 17.0809904 25.2816782
v -0.339372264 17.0809894 20.5638514
v -12.0919399 17.0809894 21.9108305
v -0.339372264 17.0809894 -2.44246006
v -6.21565628 17.0809894 -8.09074688
v -6.21565628 17.0809894 -2.44147992
v -0.339372279 17.0809894 -8.09148311
v -47.3496437 17.0809904 -26.9743109
v -40.0365639 17.0809894 -24.3518724
v -35.5970764 17.0809904 -26.9743109
v -44.4760551 17.0809894 -24.3517923
v -35.5970764 17.0809894 -24.3519545
v -23.8445072 17.0809904 26.2822561
v -29.7207928 17.0809894 23.4650106
v -29.7207909 17.0809904 26.5386877
v -23.8445072 17.0809894 23.1541739
v -35.5970764 17.0809904 26.7951212
v -35.5970764 17.0809894 23.7758493
v 23.2655678 17.0809894 17.2482557
v 23.2655678 17.0809904 20.6345854
v 29.1668034 17.0809894 16.4140024
v 35.0680389 17.0809904 18.6693926
v 35.0680389 17.0809894 15.5797482
v -23.8445072 17.0809894 23.1541739
v -23.8445072 17.0809904 26.2822561
v -17.9682236 17.0809894 22.5325003
v -12.0919399 17.0809904 25.2816782
v -12.0919399 17.0809894 21.9108305
v -47.3496437 17.0809904 27.3079882
v -44.4760551 17.0809894 17.1062613
v -47.3496437 17.0809904 10.1240759
v -44.4760551 17.0809894 10.1235523
v -44.4760551 17.0809894 24.0889711
v -0.339372264 17.0809894 20.5638514
v -0.339372264 17.0809904 23.9541712
v 5.56186294 17.0809894 19.7867613
v 11.4630976 17.0809904 22.4598665
v 11.4630976 17.0809894 19.0096731
v -0.339372264 17.0809894 10.1099768
v -6.21565628 17.0809894 3.35838533
v -6.21565628 17.0809894 10.1124306
v -0.339372279 17.0809894 3.35666871
v -23.8445072 17.0809894 10.1197929
v -29.7207928 17.0809894 3.36428786
v -29.7207928 17.0809894 10.120863
v -23.8445053 17.0809894 3.36353898
v -0.339372264 17.0809904 -26.9743109
v 5.56186294 17.0809894 -24.3533964
v 11.4630976 17.0809904 -26.9743109
v 11.4630976 17.0809894 -24.3536425
v -0.339372264 17.0809894 -24.3531504
v 23.2655678 17.0809894 10.1001711
v 17.3643322 17.0809894 3.35152173
v 17.3643322 17.0809894 10.102623
v 23.2655678 17.0809894 3.34980607
v 23.2655678 17.0809904 20.6345854
v 17.3643322 17.0809894 18.1289644
v 21.6418972 17.0809904 20.8856897
v 23.2655678 17.0809894 17.2482557
v 13.6510086 17.0809904 22.121501
v 11.4630976 17.0809904 22.4598665
v 11.4630976 17.0809894 19.0096731
v 23.2655678 17.0809904 -26.9743109
v 29.1668034 17.0809894 -24.3544435
v 35.0680389 17.0809904 -26.9743109
v 35.0680389 17.0809894 -24.3547583
v 23.2655678 17.0809894 -24.3541307
v 46.8705101 17.0809904 10.0876102
v 43.8546524 17.0809894 3.34321309
v 43.8546486 17.0809894 10.0907517
v 46.8705101 17.0809904 -2.45140004
v 43.8546486 17.0809894 -2.45014476
v 46.8705101 17.0809904 -2.45140004
v 43.8546524 17.0809894 -8.09724712
v 43.8546486 17.0809894 -2.45014476
v 46.8705101 17.0809904 -13.7484407
v 43.8546486 17.0809894 -13.7478123
v 46.8705101 17.0809904 17.2922297
v 39.4613419 17.0809894 15.1706505
v 35.0680389 17.0809904 18.6693926
v 43.8546486 17.0809894 14.7615519
v 35.0680389 17.0809894 15.5797482
v 43.8546486 17.0809894 -13.7478123
v 46.8705101 17.0809904 -13.7484407
v 43.8546524 17.0809894 -19.1385069
v 46.8705101 17.0809904 -26.9743109
v 43.8546486 17.0809894 -24.355073
v 43.8546486 17.0809894 -2.45014476
v 39.4613419 17.0809894 3.34431196
v 43.8546524 17.0809894 3.34321309
v 39.4613419 17.0809894 -2.44951748
v 43.8546486 17.0809894 -13.7478123
v 39.4613419 17.0809894 -8.09677696
v 43.8546524 17.0809894 -8.09724712
v 39.4613419 17.0809894 -13.7474985
v 35.0680389 17.0809894 -24.3547583
v 39.4613419 17.0809894 -19.1382704
v 39.4613419 17.0809894 -24.3549166
v 35.0680428 17.0809894 -19.1380358
v -12.0919399 17.0809894 -24.3526602
v -6.21565628 17.0809894 -19.1352568
v -6.21565628 17.0809894 -24.3529043
v -12.0919399 17.0809894 -19.1348867
v -35.5970764 17.0809894 -24.3519545
v -29.7207928 17.0809894 -19.1339922
v -29.7207928 17.0809894 -24.3520613
v -35.5970764 17.0809894 -19.1338301
v 11.4630976 17.0809894 -24.3536425
v 17.3643322 17.0809894 -19.1367292
v 17.3643322 17.0809894 -24.3538885
v 11.4630976 17.0809894 -19.1363611
v -23.8445072 17.0809894 -24.35217
v -17.9682236 17.0809894 -19.1345205
v -17.9682236 17.0809894 -24.3524141
v -23.8445053 17.0809894 -19.1341543
v -0.339372264 17.0809894 -24.3531504
v 5.56186294 17.0809894 -19.135993
v 5.56186294 17.0809894 -24.3533964
v -0.339372279 17.0809894 -19.1356249
v 23.2655678 17.0809894 -24.3541307
v 29.1668053 17.0809894 -19.1375647
v 29.1668034 17.0809894 -24.3544435
v 23.2655678 17.0809894 -19.1370954
v -44.4760551 17.0809894 10.1235523
v -40.0365677 17.0809894 3.36560297
v -44.4760551 17.0809894 3.36616922
v -40.0365639 17.0809894 10.1227436
v -44.4760551 17.0809894 -2.4370346
v -40.0365677 17.0809894 -8.08765602
v -44.4760551 17.0809894 -8.08741378
v -40.0365677 17.0809894 -2.43735742
v -44.4760551 17.0809894 -13.7412538
v -40.0365639 17.0809894 -19.133708
v -44.4760551 17.0809894 -19.1335878
v -40.0365677 17.0809894 -13.741415
v 46.8705101 17.0809904 17.2922297
v 46.8705101 17.0809904 10.0876102
v 43.8546486 17.0809894 14.7615519
v 43.8546486 17.0809894 10.0907517
v 43.8546486 17.0809894 14.7615519
v 39.4613419 17.0809894 10.0923204
v 39.4613419 17.0809894 15.1706505
v 43.8546486 17.0809894 10.0907517
v 35.0680389 17.0809894 15.5797482
v 29.1668034 17.0809894 10.0970306
v 29.1668034 17.0809894 16.4140024
v 35.0680389 17.0809894 10.0938911
v 23.2655678 17.0809894 17.2482557
v 17.3643322 17.0809894 14.1157932
v 17.3643322 17.0809894 18.1289644
v 23.2655678 17.0809894 13.6742134
v 17.3643322 17.0809894 10.102623
v 23.2655678 17.0809894 10.1001711
v 11.4630976 17.0809894 19.0096731
v 5.56186294 17.0809894 14.9471436
v 5.56186294 17.0809894 19.7867613
v 11.4630976 17.0809894 14.5573731
v 5.56186294 17.0809894 10.1075249
v 11.4630976 17.0809894 10.1050739
v -0.339372264 17.0809894 20.5638514
v -6.21565628 17.0809894 15.6748867
v -6.21565628 17.0809894 21.23734
v -0.339372264 17.0809894 15.3369131
v -6.21565628 17.0809894 10.1124306
v -0.339372264 17.0809894 10.1099768
v -12.0919399 17.0809894 21.9108305
v -17.9682236 17.0809894 16.3249197
v -17.9682236 17.0809894 22.5325003
v -12.0919399 17.0809894 16.0128565
v -17.9682236 17.0809894 10.1173382
v -12.0919399 17.0809894 10.1148844
v -23.8445072 17.0809894 23.1541739
v -29.7207928 17.0809894 16.7929373
v -29.7207928 17.0809894 23.4650106
v -23.8445072 17.0809894 16.6369829
v -29.7207928 17.0809894 10.120863
v -23.8445072 17.0809894 10.1197929
v -35.5970764 17.0809894 23.7758493
v -40.0365639 17.0809894 17.0275774
v -40.0365639 17.0809894 23.9324102
v -35.5970764 17.0809894 16.9488916
v -40.0365639 17.0809894 10.1227436
v -35.5970764 17.0809894 10.1219339
v -47.3496437 17.0809904 27.3079882
v -40.0365639 17.0809894 23.9324102
v -44.4760551 17.0809894 24.0889711
v -40.6727943 17.0809904 27.0166197
v -35.5970764 17.0809904 26.7951212
v -35.5970764 17.0809894 23.7758493
v -47.3496437 17.0809904 -26.9743109
v -44.4760551 17.0809894 -19.1335878
v -44.4760551 17.0809894 -24.3517923
v -47.3496437 17.0809904 -13.7411509
v -44.4760551 17.0809894 -13.7412538
v 29.1668034 17.0809894 10.0970306
v 35.0680428 17.0809894 3.34541059
v 29.1668053 17.0809894 3.34760809
v 35.0680389 17.0809894 10.0938911
v -17.9682236 17.0809894 10.1173382
v -12.0919399 17.0809894 3.36010218
v -17.9682236 17.0809894 3.3618207
v -12.0919399 17.0809894 10.1148844
v 5.56186294 17.0809894 10.1075249
v 11.4630985 17.0809894 3.35323739
v 5.56186294 17.0809894 3.35495305
v 11.4630976 17.0809894 10.1050739
v 5.56186294 17.0809894 -2.44343996
v 11.4630985 17.0809894 -8.09295463
v 5.56186294 17.0809894 -8.09221935
v 11.4630985 17.0809894 -2.4444201
v -6.21565628 17.0809894 -13.7434778
v -12.0919399 17.0809894 -8.09001255
v -6.21565628 17.0809894 -8.09074688
v -12.091939 17.0809894 -13.7429886
v -29.7207947 17.0809894 -13.7417936
v -35.5970764 17.0809894 -8.0878973
v -29.7207928 17.0809894 -8.08821868
v -35.5970802 17.0809894 -13.7415771
v -6.21565628 17.0809894 -2.44147992
v -12.0919399 17.0809894 3.36010218
v -6.21565628 17.0809894 3.35838533
v -12.0919399 17.0809894 -2.44050002
v 17.3643322 17.0809894 -13.7454405
v 11.4630985 17.0809894 -8.09295463
v 17.3643322 17.0809894 -8.09368896
v 11.4630976 17.0809894 -13.7449522
v 39.4613419 17.0809894 -2.44951748
v 35.0680428 17.0809894 3.34541059
v 39.4613419 17.0809894 3.34431196
v 35.0680389 17.0809894 -2.44888997
v 39.4613419 17.0809894 -13.7474985
v 35.0680428 17.0809894 -8.09630584
v 39.4613419 17.0809894 -8.09677696
v 35.0680389 17.0809894 -13.7471847
v 39.4613419 17.0809894 -13.7474985
v 43.8546524 17.0809894 -19.1385069
v 39.4613419 17.0809894 -19.1382704
v 43.8546486 17.0809894 -13.7478123
v -6.21565628 17.0809894 -13.7434778
v -0.339372279 17.0809894 -19.1356249
v -6.21565628 17.0809894 -19.1352568
v -0.339372264 17.0809894 -13.7439699
v -29.7207947 17.0809894 -13.7417936
v -23.8445053 17.0809894 -19.1341543
v -29.7207928 17.0809894 -19.1339922
v -23.8445072 17.0809894 -13.7420092
v 17.3643322 17.0809894 -13.7454405
v 23.2655678 17.0809894 -19.1370954
v 17.3643322 17.0809894 -19.1367292
v 23.2655678 17.0809894 -13.7459297
v -17.9682236 17.0809894 -13.7424984
v -12.0919399 17.0809894 -19.1348867
v -17.9682236 17.0809894 -19.1345205
v -12.091939 17.0809894 -13.7429886
v 5.56186294 17.0809894 -13.7444611
v 11.4630976 17.0809894 -19.1363611
v 5.56186294 17.0809894 -19.135993
v 11.4630976 17.0809894 -13.7449522
v 29.1668034 17.0809894 -13.7465572
v 35.0680428 17.0809894 -19.1380358
v 29.1668053 17.0809894 -19.1375647
v 35.0680389 17.0809894 -13.7471847
v -40.0365639 17.0809894 10.1227436
v -35.5970764 17.0809894 3.36503721
v -40.0365677 17.0809894 3.36560297
v -35.5970764 17.0809894 10.1219339
v -40.0365677 17.0809894 -13.741415
v -35.5970764 17.0809894 -19.1338301
v -40.0365639 17.0809894 -19.133708
v -35.5970802 17.0809894 -13.7415771
v 39.4613419 17.0809894 10.0923204
v 35.0680389 17.0809894 15.5797482
v 39.4613419 17.0809894 15.1706505
v 35.0680389 17.0809894 10.0938911
v 29.1668034 17.0809894 10.0970306
v 23.2655678 17.0809894 13.6742134
v 29.1668034 17.0809894 16.4140024
v 23.2655678 17.0809894 10.1001711
v 23.2655678 17.0809894 17.2482557
v 17.3643322 17.0809894 10.102623
v 11.4630976 17.0809894 14.5573731
v 17.3643322 17.0809894 14.1157932
v 11.4630976 17.0809894 10.1050739
v 17.3643322 17.0809894 18.1289644
v 11.4630976 17.0809894 19.0096731
v 5.56186294 17.0809894 10.1075249
v -0.339372264 17.0809894 15.3369131
v 5.56186294 17.0809894 14.9471436
v -0.339372264 17.0809894 10.1099768
v 5.56186294 17.0809894 19.7867613
v -0.339372264 17.0809894 20.5638514
v -6.21565628 17.0809894 10.1124306
v -12.0919399 17.0809894 16.0128565
v -6.21565628 17.0809894 15.6748867
v -12.0919399 17.0809894 10.1148844
v -6.21565628 17.0809894 21.23734
v -12.0919399 17.0809894 21.9108305
v -17.9682236 17.0809894 10.1173382
v -23.8445072 17.0809894 16.6369829
v -17.9682236 17.0809894 16.3249197
v -23.8445072 17.0809894 10.1197929
v -17.9682236 17.0809894 22.5325003
v -23.8445072 17.0809894 23.1541739
v -29.7207928 17.0809894 10.120863
v -35.5970764 17.0809894 16.9488916
v -29.7207928 17.0809894 16.7929373
v -35.5970764 17.0809894 10.1219339
v -29.7207928 17.0809894 23.4650106
v -35.5970764 17.0809894 23.7758493
v -40.0365639 17.0809894 10.1227436
v -44.4760551 17.0809894 17.1062613
v -40.0365639 17.0809894 17.0275774
v -44.4760551 17.0809894 10.1235523
v -40.0365639 17.0809894 23.9324102
v -44.4760551 17.0809894 24.0889711
v 5.56186294 17.0809894 3.35495305
v -0.339372264 17.0809894 -2.44246006
v -0.339372279 17.0809894 3.35666871
v 5.56186294 17.0809894 -2.44343996
v 29.1668053 17.0809894 -8.09536457
v 23.2655678 17.0809894 -13.7459297
v 23.2655678 17.0809894 -8.09442329
v 29.1668034 17.0809894 -13.7465572
v -17.9682236 17.0809894 -8.08927631
v -23.8445072 17.0809894 -13.7420092
v -23.8445053 17.0809894 -8.08854103
v -17.9682236 17.0809894 -13.7424984
v 5.56186294 17.0809894 -8.09221935
v -0.339372264 17.0809894 -13.7439699
v -0.339372279 17.0809894 -8.09148311
v 5.56186294 17.0809894 -13.7444611
v -0.339372279 17.0809894 -8.09148311
v -6.21565628 17.0809894 -13.7434778
v -6.21565628 17.0809894 -8.09074688
v -0.339372264 17.0809894 -13.7439699
v -23.8445053 17.0809894 -8.08854103
v -29.7207947 17.0809894 -13.7417936
v -29.7207928 17.0809894 -8.08821868
v -23.8445072 17.0809894 -13.7420092
v -0.339372279 17.0809894 3.35666871
v -6.21565628 17.0809894 -2.44147992
v -6.21565628 17.0809894 3.35838533
v -0.339372264 17.0809894 -2.44246006
v 23.2655678 17.0809894 -8.09442329
v 17.3643322 17.0809894 -13.7454405
v 17.3643322 17.0809894 -8.09368896
v 23.2655678 17.0809894 -13.7459297
v 39.4613419 17.0809894 3.34431196
v 43.8546486 17.0809894 10.0907517
v 43.8546524 17.0809894 3.34321309
v 39.4613419 17.0809894 10.0923204
v 39.4613419 17.0809894 -8.09677696
v 43.8546486 17.0809894 -2.45014476
v 43.8546524 17.0809894 -8.09724712
v 39.4613419 17.0809894 -2.44951748
v 35.0680428 17.0809894 -19.1380358
v 39.4613419 17.0809894 -13.7474985
v 39.4613419 17.0809894 -19.1382704
v 35.0680389 17.0809894 -13.7471847
v -12.0919399 17.0809894 -19.1348867
v -6.21565628 17.0809894 -13.7434778
v -6.21565628 17.0809894 -19.1352568
v -12.091939 17.0809894 -13.7429886
v -35.5970764 17.0809894 -19.1338301
v -29.7207947 17.0809894 -13.7417936
v -29.7207928 17.0809894 -19.1339922
v -35.5970802 17.0809894 -13.7415771
v 11.4630976 17.0809894 -19.1363611
v 17.3643322 17.0809894 -13.7454405
v 17.3643322 17.0809894 -19.1367292
v 11.4630976 17.0809894 -13.7449522
v -23.8445053 17.0809894 -19.1341543
v -17.9682236 17.0809894 -13.7424984
v -17.9682236 17.0809894 -19.1345205
v -23.8445072 17.0809894 -13.7420092
v -0.339372279 17.0809894 -19.1356249
v 5.56186294 17.0809894 -13.7444611
v 5.56186294 17.0809894 -19.135993
v -0.339372264 17.0809894 -13.7439699
v 23.2655678 17.0809894 -19.1370954
v 29.1668034 17.0809894 -13.7465572
v 29.1668053 17.0809894 -19.1375647
v 23.2655678 17.0809894 -13.7459297
v -40.0365677 17.0809894 3.36560297
v -44.4760551 17.0809894 -2.4370346
v -44.4760551 17.0809894 3.36616922
v -40.0365677 17.0809894 -2.43735742
v -40.0365677 17.0809894 -8.08765602
v -44.4760551 17.0809894 -13.7412538
v -44.4760551 17.0809894 -8.08741378
v -40.0365677 17.0809894 -13.741415
v -40.0365639 17.0809894 -19.133708
v -44.4760551 17.0809894 -24.3517923
v -44.4760551 17.0809894 -19.1335878
v -40.0365639 17.0809894 -24.3518724
v 11.4630985 17.0809894 3.35323739
v 5.56186294 17.0809894 -2.44343996
v 5.56186294 17.0809894 3.35495305
v 11.4630985 17.0809894 -2.4444201
v 35.0680428 17.0809894 -8.09630584
v 29.1668034 17.0809894 -13.7465572
v 29.1668053 17.0809894 -8.09536457
v 35.0680389 17.0809894 -13.7471847
v -12.0919399 17.0809894 -8.09001255
v -17.9682236 17.0809894 -13.7424984
v -17.9682236 17.0809894 -8.08927631
v -12.091939 17.0809894 -13.7429886
v 11.4630985 17.0809894 -8.09295463
v 5.56186294 17.0809894 -13.7444611
v 5.56186294 17.0809894 -8.09221935
v 11.4630976 17.0809894 -13.7449522
v -12.0919399 17.0809894 -8.09001255
v -6.21565628 17.0809894 -2.44147992
v -6.21565628 17.0809894 -8.09074688
v -12.0919399 17.0809894 -2.44050002
v -12.0919399 17.0809894 3.36010218
v -6.21565628 17.0809894 10.1124306
v -6.21565628 17.0809894 3.35838533
v -12.0919399 17.0809894 10.1148844
v -35.5970764 17.0809894 3.36503721
v -29.7207928 17.0809894 10.120863
v -29.7207928 17.0809894 3.36428786
v -35.5970764 17.0809894 10.1219339
v 11.4630985 17.0809894 3.35323739
v 17.3643322 17.0809894 10.102623
v 17.3643322 17.0809894 3.35152173
v 11.4630976 17.0809894 10.1050739
v 35.0680428 17.0809894 3.34541059
v 39.4613419 17.0809894 10.0923204
v 39.4613419 17.0809894 3.34431196
v 35.0680389 17.0809894 10.0938911
v 35.0680428 17.0809894 -8.09630584
v 39.4613419 17.0809894 -2.44951748
v 39.4613419 17.0809894 -8.09677696
v 35.0680389 17.0809894 -2.44888997
v 43.8546524 17.0809894 -19.1385069
v 39.4613419 17.0809894 -24.3549166
v 39.4613419 17.0809894 -19.1382704
v 43.8546486 17.0809894 -24.355073
v -0.339372279 17.0809894 -19.1356249
v -6.21565628 17.0809894 -24.3529043
v -6.21565628 17.0809894 -19.1352568
v -0.339372264 17.0809894 -24.3531504
v -23.8445053 17.0809894 -19.1341543
v -29.7207928 17.0809894 -24.3520613
v -29.7207928 17.0809894 -19.1339922
v -23.8445072 17.0809894 -24.35217
v 23.2655678 17.0809894 -19.1370954
v 17.3643322 17.0809894 -24.3538885
v 17.3643322 17.0809894 -19.1367292
v 23.2655678 17.0809894 -24.3541307
v -12.0919399 17.0809894 -19.1348867
v -17.9682236 17.0809894 -24.3524141
v -17.9682236 17.0809894 -19.1345205
v -12.0919399 17.0809894 -24.3526602
v 11.4630976 17.0809894 -19.1363611
v 5.56186294 17.0809894 -24.3533964
v 5.56186294 17.0809894 -19.135993
v 11.4630976 17.0809894 -24.3536425
v 35.0680428 17.0809894 -19.1380358
v 29.1668034 17.0809894 -24.3544435
v 29.1668053 17.0809894 -19.1375647
v 35.0680389 17.0809894 -24.3547583
v -35.5970764 17.0809894 -8.0878973
v -40.0365677 17.0809894 -13.741415
v -40.0365677 17.0809894 -8.08765602
v -35.5970802 17.0809894 -13.7415771
v -35.5970764 17.0809894 -19.1338301
v -40.0365639 17.0809894 -24.3518724
v -40.0365639 17.0809894 -19.133708
v -35.5970764 17.0809894 -24.3519545
v -18.427269 17.3215605 7.16238213
v -17.2735558 16.4969898 6.55804635
v -18.2283878 17.3215605 6.16254044
v -17.3941631 16.4969898 7.16238213
v -18.2283878 17.3215605 6.16254044
v -16.9300976 16.4969898 6.03882027
v -17.6620216 17.3215614 5.31491471
v -17.2735558 16.4969898 6.55804635
v -17.6620216 17.3215614 5.31491471
v -16.4160767 16.4969898 5.69761467
v -16.8143959 17.3215614 4.74854851
v -16.9300976 16.4969898 6.03882027
v -16.8143959 17.3215614 4.74854851
v -15.8097477 16.4969898 5.57892418
v -15.8145542 17.3215614 4.54966546
v -16.4160767 16.4969898 5.69761467
v -15.8145542 17.3215614 4.54966546
v -15.2034178 16.4969898 5.70178605
v -14.8147116 17.3215614 4.74854851
v -15.8097477 16.4969898 5.57892418
v -14.8147116 17.3215614 4.74854851
v -14.6893959 16.4969898 6.03722382
v -13.9670868 17.3215614 5.31491471
v -15.2034178 16.4969898 5.70178605
v -13.9670868 17.3215614 5.31491471
v -14.3459387 16.4969898 6.55406189
v -13.4007216 17.3215605 6.16253853
v -14.6893959 16.4969898 6.03722382
v -13.4007216 17.3215605 6.16253853
v -14.2253323 16.4969898 7.16238213
v -13.2018404 17.3215605 7.16238213
v -14.3459387 16.4969898 6.55406189
v -13.2018404 17.3215605 7.16238213
v -14.3459387 16.4969898 7.77070237
v -13.4007206 17.3215605 8.16222191
v -14.2253323 16.4969898 7.16238213
v -13.4007206 17.3215605 8.16222191
v -14.6893959 16.4969898 8.28754044
v -13.9670858 17.3215605 9.00984574
v -14.3459387 16.4969898 7.77070237
v -13.9670858 17.3215605 9.00984574
v -15.2034178 16.4969898 8.62297821
v -14.8147116 17.3215605 9.57621575
v -14.6893959 16.4969898 8.28754044
v -14.8147116 17.3215605 9.57621575
v -15.8097477 16.4969898 8.74584198
v -15.8145542 17.3215605 9.77509499
v -15.2034178 16.4969898 8.62297821
v -15.8145542 17.3215605 9.77509499
v -16.4160767 16.4969898 8.62714768
v -16.8143978 17.3215605 9.57621575
v -15.8097477 16.4969898 8.74584198
v -16.8143978 17.3215605 9.57621575
v -16.9300995 16.4969898 8.28594399
v -17.6620235 17.3215605 9.00984574
v -16.4160767 16.4969898 8.62714768
v -17.6620235 17.3215605 9.00984574
v -17.2735558 16.4969898 7.76671791
v -18.2283878 17.3215605 8.16222191
v -16.9300995 16.4969898 8.28594399
v -18.2283878 17.3215605 8.16222191
v -17.3941631 16.4969898 7.16238213
v -18.427269 17.3215605 7.16238213
v -17.2735558 16.4969898 7.76671791
v -17.2735558 16.4969898 6.55804635
v -17.3941631 16.4969898 7.16238213
v -15.8145542 16.4969898 7.16238213
v -16.9300976 16.4969898 6.03882027
v -16.4160767 16.4969898 5.69761467
v -15.8097477 16.4969898 5.57892418
v -15.2034178 16.4969898 5.70178605
v -14.6893959 16.4969898 6.03722382
v -14.3459387 16.4969898 6.55406189
v -17.2735558 16.4969898 7.76671791
v -14.2253323 16.4969898 7.16238213
v -14.3459387 16.4969898 6.55406189
v -15.8145542 16.4969898 7.16238213
v -14.3459387 16.4969898 7.77070237
v -14.6893959 16.4969898 8.28754044
v -15.2034178 16.4969898 8.62297821
v -15.8097477 16.4969898 8.74584198
v -16.4160767 16.4969898 8.62714768
v -16.9300995 16.4969898 8.28594399
v -17.2735558 16.4969898 7.76671791
v -31.5847416 17.3215614 7.16238022
v -30.4310265 16.4969908 6.55804635
v -31.3858604 17.3215614 6.16254044
v -30.5516357 16.4969898 7.16238022
v -31.3858604 17.3215614 6.16254044
v -30.087574 16.4969908 6.03881836
v -30.8194923 17.3215614 5.31491471
v -30.4310265 16.4969908 6.55804635
v -30.8194923 17.3215614 5.31491471
v -29.5735512 16.4969898 5.69761467
v -29.9718704 17.3215624 4.7485466
v -30.087574 16.4969908 6.03881836
v -29.9718704 17.3215624 4.7485466
v -28.9672222 16.4969908 5.57892037
v -28.9720287 17.3215624 4.54966546
v -29.5735512 16.4969898 5.69761467
v -28.9720287 17.3215624 4.54966546
v -28.3608913 16.4969898 5.70178414
v -27.972187 17.3215624 4.7485466
v -28.9672222 16.4969908 5.57892037
v -27.972187 17.3215624 4.7485466
v -27.8468704 16.4969908 6.03722191
v -27.1245613 17.3215614 5.31491471
v -28.3608913 16.4969898 5.70178414
v -27.1245613 17.3215614 5.31491471
v -27.5034142 16.4969908 6.55405999
v -26.558197 17.3215614 6.16254044
v -27.8468704 16.4969908 6.03722191
v -26.558197 17.3215614 6.16254044
v -27.3828049 16.4969898 7.16238022
v -26.359314 17.3215614 7.16238022
v -27.5034142 16.4969908 6.55405999
v -26.359314 17.3215614 7.16238022
v -27.5034142 16.4969898 7.77070046
v -26.558197 17.3215614 8.16222191
v -27.3828049 16.4969898 7.16238022
v -26.558197 17.3215614 8.16222191
v -27.8468704 16.4969898 8.28753663
v -27.1245613 17.3215614 9.00984383
v -27.5034142 16.4969898 7.77070046
v -27.1245613 17.3215614 9.00984383
v -28.3608913 16.4969898 8.62297631
v -27.972187 17.3215614 9.57621384
v -27.8468704 16.4969898 8.28753663
v -27.972187 17.3215614 9.57621384
v -28.9672222 16.4969898 8.74584008
v -28.9720287 17.3215614 9.77509118
v -28.3608913 16.4969898 8.62297631
v -28.9720287 17.3215614 9.77509118
v -29.5735512 16.4969898 8.62714768
v -29.9718704 17.3215614 9.57621384
v -28.9672222 16.4969898 8.74584008
v -29.9718704 17.3215614 9.57621384
v -30.087574 16.4969898 8.28594399
v -30.8194962 17.3215614 9.00984383
v -29.5735512 16.4969898 8.62714768
v -30.8194962 17.3215614 9.00984383
v -30.4310265 16.4969898 7.76671791
v -31.3858604 17.3215614 8.16222191
v -30.087574 16.4969898 8.28594399
v -31.3858604 17.3215614 8.16222191
v -30.5516357 16.4969898 7.16238022
v -31.5847416 17.3215614 7.16238022
v -30.4310265 16.4969898 7.76671791
v -30.4310265 16.4969908 6.55804635
v -30.5516357 16.4969898 7.16238022
v -28.9720287 16.4969908 7.16238022
v -30.087574 16.4969908 6.03881836
v -29.5735512 16.4969898 5.69761467
v -28.9672222 16.4969908 5.57892037
v -28.3608913 16.4969898 5.70178414
v -27.8468704 16.4969908 6.03722191
v -27.5034142 16.4969908 6.55405999
v -30.4310265 16.4969898 7.76671791
v -27.3828049 16.4969898 7.16238022
v -27.5034142 16.4969908 6.55405999
v -28.9720287 16.4969908 7.16238022
v -27.5034142 16.4969898 7.77070046
v -27.8468704 16.4969898 8.28753663
v -28.3608913 16.4969898 8.62297631
v -28.9672222 16.4969898 8.74584008
v -29.5735512 16.4969898 8.62714768
v -30.087574 16.4969898 8.28594399
v -30.4310265 16.4969898 7.76671791
v -18.427269 17.3215605 -15.3882589
v -17.2735558 16.4969908 -15.9925966
v -18.2283878 17.3215605 -16.3881006
v -17.3941631 16.4969898 -15.3882589
v -18.2283878 17.3215605 -16.3881006
v -16.9300976 16.4969898 -16.5118208
v -17.6620216 17.3215614 -17.2357264
v -17.2735558 16.4969908 -15.9925966
v -17.6620216 17.3215614 -17.2357264
v -16.4160767 16.4969898 -16.8530283
v -16.8143959 17.3215624 -17.8020925
v -16.9300976 16.4969898 -16.5118208
v -16.8143959 17.3215624 -17.8020925
v -15.8097477 16.4969898 -16.9717169
v -15.8145542 17.3215614 -18.0009775
v -16.4160767 16.4969898 -16.8530283
v -15.8145542 17.3215614 -18.0009775
v -15.2034178 16.4969898 -16.848855
v -14.8147116 17.3215624 -17.8020925
v -15.8097477 16.4969898 -16.9717169
v -14.8147116 17.3215624 -17.8020925
v -14.6893969 16.4969898 -16.5134172
v -13.9670868 17.3215614 -17.2357264
v -15.2034178 16.4969898 -16.848855
v -13.9670868 17.3215614 -17.2357264
v -14.3459387 16.4969908 -15.9965792
v -13.4007216 17.3215605 -16.3881044
v -14.6893969 16.4969898 -16.5134172
v -13.4007216 17.3215605 -16.3881044
v -14.2253323 16.4969898 -15.3882589
v -13.2018414 17.3215605 -15.3882589
v -14.3459387 16.4969908 -15.9965792
v -13.2018414 17.3215605 -15.3882589
v -14.3459387 16.4969898 -14.7799387
v -13.4007216 17.3215605 -14.3884201
v -14.2253323 16.4969898 -15.3882589
v -13.4007216 17.3215605 -14.3884201
v -14.6893959 16.4969898 -14.2631006
v -13.9670868 17.3215605 -13.5407972
v -14.3459387 16.4969898 -14.7799387
v -13.9670868 17.3215605 -13.5407972
v -15.2034178 16.4969898 -13.9276628
v -14.8147116 17.3215605 -12.9744253
v -14.6893959 16.4969898 -14.2631006
v -14.8147116 17.3215605 -12.9744253
v -15.8097477 16.4969898 -13.8047991
v -15.8145542 17.3215605 -12.775548
v -15.2034178 16.4969898 -13.9276628
v -15.8145542 17.3215605 -12.775548
v -16.4160767 16.4969898 -13.9234943
v -16.8143978 17.3215605 -12.9744253
v -15.8097477 16.4969898 -13.8047991
v -16.8143978 17.3215605 -12.9744253
v -16.9300995 16.4969898 -14.2646971
v -17.6620235 17.3215605 -13.5407972
v -16.4160767 16.4969898 -13.9234943
v -17.6620235 17.3215605 -13.5407972
v -17.2735558 16.4969898 -14.7839241
v -18.2283878 17.3215605 -14.3884201
v -16.9300995 16.4969898 -14.2646971
v -18.2283878 17.3215605 -14.3884201
v -17.3941631 16.4969898 -15.3882589
v -18.427269 17.3215605 -15.3882589
v -17.2735558 16.4969898 -14.7839241
v -17.2735558 16.4969908 -15.9925966
v -17.3941631 16.4969898 -15.3882589
v -15.8145542 16.4969908 -15.3882589
v -16.9300976 16.4969898 -16.5118208
v -16.4160767 16.4969898 -16.8530283
v -15.8097477 16.4969898 -16.9717169
v -15.2034178 16.4969898 -16.848855
v -14.6893969 16.4969898 -16.5134172
v -14.3459387 16.4969908 -15.9965792
v -17.2735558 16.4969898 -14.7839241
v -14.2253323 16.4969898 -15.3882589
v -14.3459387 16.4969908 -15.9965792
v -15.8145542 16.4969908 -15.3882589
v -14.3459387 16.4969898 -14.7799387
v -14.6893959 16.4969898 -14.2631006
v -15.2034178 16.4969898 -13.9276628
v -15.8097477 16.4969898 -13.8047991
v -16.4160767 16.4969898 -13.9234943
v -16.9300995 16.4969898 -14.2646971
v -17.2735558 16.4969898 -14.7839241
v -31.5847397 17.3215614 -15.3882608
v -30.4310265 16.4969908 -15.9925966
v -31.3858566 17.3215624 -16.3881006
v -30.5516338 16.4969908 -15.3882608
v -31.3858566 17.3215624 -16.3881006
v -30.087574 16.4969908 -16.5118227
v -30.8194923 17.3215624 -17.2357264
v -30.4310265 16.4969908 -15.9925966
v -30.8194923 17.3215624 -17.2357264
v -29.5735512 16.4969898 -16.8530283
v -29.9718685 17.3215624 -17.8020945
v -30.087574 16.4969908 -16.5118227
v -29.9718685 17.3215624 -17.8020945
v -28.9672203 16.4969908 -16.9717207
v -28.9720268 17.3215624 -18.0009775
v -29.5735512 16.4969898 -16.8530283
v -28.9720268 17.3215624 -18.0009775
v -28.3608894 16.4969898 -16.8488569
v -27.9721851 17.3215624 -17.8020945
v -28.9672203 16.4969908 -16.9717207
v -27.9721851 17.3215624 -17.8020945
v -27.8468704 16.4969908 -16.5134191
v -27.1245613 17.3215624 -17.2357264
v -28.3608894 16.4969898 -16.8488569
v -27.1245613 17.3215624 -17.2357264
v -27.5034122 16.4969908 -15.9965811
v -26.5581951 17.3215624 -16.3881006
v -27.8468704 16.4969908 -16.5134191
v -26.5581951 17.3215624 -16.3881006
v -27.3828049 16.4969908 -15.3882608
v -26.359314 17.3215614 -15.3882608
v -27.5034122 16.4969908 -15.9965811
v -26.359314 17.3215614 -15.3882608
v -27.5034122 16.4969898 -14.7799406
v -26.5581951 17.3215614 -14.3884201
v -27.3828049 16.4969908 -15.3882608
v -26.5581951 17.3215614 -14.3884201
v -27.8468704 16.4969898 -14.2631044
v -27.1245594 17.3215624 -13.5407991
v -27.5034122 16.4969898 -14.7799406
v -27.1245594 17.3215624 -13.5407991
v -28.3608894 16.4969898 -13.9276648
v -27.9721851 17.3215614 -12.9744272
v -27.8468704 16.4969898 -14.2631044
v -27.9721851 17.3215614 -12.9744272
v -28.9672203 16.4969898 -13.804801
v -28.9720268 17.3215614 -12.7755518
v -28.3608894 16.4969898 -13.9276648
v -28.9720268 17.3215614 -12.7755518
v -29.5735512 16.4969898 -13.9234943
v -29.9718685 17.3215614 -12.9744272
v -28.9672203 16.4969898 -13.804801
v -29.9718685 17.3215614 -12.9744272
v -30.087574 16.4969898 -14.2646971
v -30.8194923 17.3215624 -13.5407991
v -29.5735512 16.4969898 -13.9234943
v -30.8194923 17.3215624 -13.5407991
v -30.4310265 16.4969898 -14.7839241
v -31.3858566 17.3215614 -14.3884201
v -30.087574 16.4969898 -14.2646971
v -31.3858566 17.3215614 -14.3884201
v -30.5516338 16.4969908 -15.3882608
v -31.5847397 17.3215614 -15.3882608
v -30.4310265 16.4969898 -14.7839241
v -30.4310265 16.4969908 -15.9925966
v -30.5516338 16.4969908 -15.3882608
v -28.9720268 16.4969917 -15.3882608
v -30.087574 16.4969908 -16.5118227
v -29.5735512 16.4969898 -16.8530283
v -28.9672203 16.4969908 -16.9717207
v -28.3608894 16.4969898 -16.8488569
v -27.8468704 16.4969908 -16.5134191
v -27.5034122 16.4969908 -15.9965811
v -30.4310265 16.4969898 -14.7839241
v -27.3828049 16.4969908 -15.3882608
v -27.5034122 16.4969908 -15.9965811
v -28.9720268 16.4969917 -15.3882608
v -27.5034122 16.4969898 -14.7799406
v -27.8468704 16.4969898 -14.2631044
v -28.3608894 16.4969898 -13.9276648
v -28.9672203 16.4969898 -13.804801
v -29.5735512 16.4969898 -13.9234943
v -30.087574 16.4969898 -14.2646971
v -30.4310265 16.4969898 -14.7839241
v 26.8878059 17.3215605 7.16238022
v 28.0415192 16.4969908 6.55804635
v 27.0866852 17.3215605 6.16254044
v 27.9209099 16.4969898 7.16238022
v 27.0866852 17.3215605 6.16254044
v 28.3849754 16.4969908 6.03881836
v 27.6530533 17.3215614 5.31491471
v 28.0415192 16.4969908 6.55804635
v 27.6530533 17.3215614 5.31491471
v 28.8989983 16.4969898 5.69761467
v 28.500679 17.3215624 4.7485466
v 28.3849754 16.4969908 6.03881836
v 28.500679 17.3215624 4.7485466
v 29.5053291 16.4969898 5.57892228
v 29.5005226 17.3215614 4.54966546
v 28.8989983 16.4969898 5.69761467
v 29.5005226 17.3215614 4.54966546
v 30.11166 16.4969898 5.70178414
v 30.5003624 17.3215624 4.7485466
v 29.5053291 16.4969898 5.57892228
v 30.5003624 17.3215624 4.7485466
v 30.625679 16.4969908 6.03722191
v 31.3479881 17.3215614 5.31491471
v 30.11166 16.4969898 5.70178414
v 31.3479881 17.3215614 5.31491471
v 30.9691353 16.4969908 6.55405999
v 31.9143524 17.3215605 6.16253853
v 30.625679 16.4969908 6.03722191
v 31.9143524 17.3215605 6.16253853
v 31.0897446 16.4969898 7.16238022
v 32.1132355 17.3215605 7.16238022
v 30.9691353 16.4969908 6.55405999
v 32.1132355 17.3215605 7.16238022
v 30.9691353 16.4969898 7.77070046
v 31.9143524 17.3215605 8.16222191
v 31.0897446 16.4969898 7.16238022
v 31.9143524 17.3215605 8.16222191
v 30.625679 16.4969898 8.28753853
v 31.3479881 17.3215605 9.00984383
v 30.9691353 16.4969898 7.77070046
v 31.3479881 17.3215605 9.00984383
v 30.1116562 16.4969898 8.62297631
v 30.5003624 17.3215605 9.57621384
v 30.625679 16.4969898 8.28753853
v 30.5003624 17.3215605 9.57621384
v 29.5053291 16.4969898 8.74584008
v 29.5005188 17.3215614 9.77509308
v 30.1116562 16.4969898 8.62297631
v 29.5005188 17.3215614 9.77509308
v 28.8989983 16.4969898 8.62714768
v 28.500679 17.3215605 9.57621384
v 29.5053291 16.4969898 8.74584008
v 28.500679 17.3215605 9.57621384
v 28.3849754 16.4969898 8.28594208
v 27.6530533 17.3215605 9.00984383
v 28.8989983 16.4969898 8.62714768
v 27.6530533 17.3215605 9.00984383
v 28.0415192 16.4969898 7.76671791
v 27.0866852 17.3215605 8.16222191
v 28.3849754 16.4969898 8.28594208
v 27.0866852 17.3215605 8.16222191
v 27.9209099 16.4969898 7.16238022
v 26.8878059 17.3215605 7.16238022
v 28.0415192 16.4969898 7.76671791
v 28.0415192 16.4969908 6.55804635
v 27.9209099 16.4969898 7.16238022
v 29.5005188 16.4969898 7.16238022
v 28.3849754 16.4969908 6.03881836
v 28.8989983 16.4969898 5.69761467
v 29.5053291 16.4969898 5.57892228
v 30.11166 16.4969898 5.70178414
v 30.625679 16.4969908 6.03722191
v 30.9691353 16.4969908 6.55405999
v 28.0415192 16.4969898 7.76671791
v 31.0897446 16.4969898 7.16238022
v 30.9691353 16.4969908 6.55405999
v 29.5005188 16.4969898 7.16238022
v 30.9691353 16.4969898 7.77070046
v 30.625679 16.4969898 8.28753853
v 30.1116562 16.4969898 8.62297631
v 29.5053291 16.4969898 8.74584008
v 28.8989983 16.4969898 8.62714768
v 28.3849754 16.4969898 8.28594208
v 28.0415192 16.4969898 7.76671791
v 13.7303314 17.3215614 7.16237832
v 14.8840446 16.4969917 6.55804635
v 13.9292145 17.3215614 6.16254044
v 14.763443 16.4969898 7.16237832
v 13.9292145 17.3215614 6.16254044
v 15.2275047 16.4969908 6.03881646
v 14.4955845 17.3215624 5.31491471
v 14.8840446 16.4969917 6.55804635
v 14.4955845 17.3215624 5.31491471
v 15.7415237 16.4969898 5.69761467
v 15.3432045 17.3215624 4.7485447
v 15.2275047 16.4969908 6.03881646
v 15.3432045 17.3215624 4.7485447
v 16.347847 16.4969908 5.57891846
v 16.3430443 17.3215624 4.54966546
v 15.7415237 16.4969898 5.69761467
v 16.3430443 17.3215624 4.54966546
v 16.9541817 16.4969898 5.70178223
v 17.3428879 17.3215624 4.7485447
v 16.347847 16.4969908 5.57891846
v 17.3428879 17.3215624 4.7485447
v 17.4682045 16.4969908 6.03722001
v 18.1905136 17.3215624 5.31491471
v 16.9541817 16.4969898 5.70178223
v 18.1905136 17.3215624 5.31491471
v 17.811657 16.4969917 6.55405808
v 18.7568779 17.3215614 6.16254044
v 17.4682045 16.4969908 6.03722001
v 18.7568779 17.3215614 6.16254044
v 17.93227 16.4969898 7.16237832
v 18.9557648 17.3215614 7.16237832
v 17.811657 16.4969917 6.55405808
v 18.9557648 17.3215614 7.16237832
v 17.811657 16.4969898 7.77069855
v 18.7568779 17.3215614 8.16222191
v 17.93227 16.4969898 7.16237832
v 18.7568779 17.3215614 8.16222191
v 17.4682045 16.4969898 8.28753472
v 18.1905136 17.3215624 9.00984192
v 17.811657 16.4969898 7.77069855
v 18.1905136 17.3215624 9.00984192
v 16.9541817 16.4969898 8.6229744
v 17.3428879 17.3215614 9.57621193
v 17.4682045 16.4969898 8.28753472
v 17.3428879 17.3215614 9.57621193
v 16.347847 16.4969898 8.74583817
v 16.3430443 17.3215614 9.77508927
v 16.9541817 16.4969898 8.6229744
v 16.3430443 17.3215614 9.77508927
v 15.7415237 16.4969898 8.62714768
v 15.3432045 17.3215614 9.57621193
v 16.347847 16.4969898 8.74583817
v 15.3432045 17.3215614 9.57621193
v 15.2275047 16.4969898 8.28594208
v 14.4955788 17.3215624 9.00984192
v 15.7415237 16.4969898 8.62714768
v 14.4955788 17.3215624 9.00984192
v 14.8840446 16.4969898 7.76671791
v 13.9292145 17.3215614 8.16222191
v 15.2275047 16.4969898 8.28594208
v 13.9292145 17.3215614 8.16222191
v 14.763443 16.4969898 7.16237832
v 13.7303314 17.3215614 7.16237832
v 14.8840446 16.4969898 7.76671791
v 14.8840446 16.4969917 6.55804635
v 14.763443 16.4969898 7.16237832
v 16.3430443 16.4969908 7.16237832
v 15.2275047 16.4969908 6.03881646
v 15.7415237 16.4969898 5.69761467
v 16.347847 16.4969908 5.57891846
v 16.9541817 16.4969898 5.70178223
v 17.4682045 16.4969908 6.03722001
v 17.811657 16.4969917 6.55405808
v 14.8840446 16.4969898 7.76671791
v 17.93227 16.4969898 7.16237832
v 17.811657 16.4969917 6.55405808
v 16.3430443 16.4969908 7.16237832
v 17.811657 16.4969898 7.77069855
v 17.4682045 16.4969898 8.28753472
v 16.9541817 16.4969898 8.6229744
v 16.347847 16.4969898 8.74583817
v 15.7415237 16.4969898 8.62714768
v 15.2275047 16.4969898 8.28594208
v 14.8840446 16.4969898 7.76671791
v 26.8878059 17.3215605 -15.388257
v 28.0415192 16.4969908 -15.9925966
v 27.0866852 17.3215605 -16.3881006
v 27.9209099 16.4969908 -15.3882589
v 27.0866852 17.3215605 -16.3881006
v 28.3849754 16.4969898 -16.5118189
v 27.6530533 17.3215614 -17.2357264
v 28.0415192 16.4969908 -15.9925966
v 27.6530533 17.3215614 -17.2357264
v 28.8989983 16.4969898 -16.8530283
v 28.500679 17.3215624 -17.8020906
v 28.3849754 16.4969898 -16.5118189
v 28.500679 17.3215624 -17.8020906
v 29.5053329 16.4969898 -16.9717169
v 29.5005188 17.3215614 -18.0009775
v 28.8989983 16.4969898 -16.8530283
v 29.5005188 17.3215614 -18.0009775
v 30.1116562 16.4969898 -16.848855
v 30.5003662 17.3215624 -17.8020906
v 29.5053329 16.4969898 -16.9717169
v 30.5003662 17.3215624 -17.8020906
v 30.625679 16.4969898 -16.5134172
v 31.3479881 17.3215614 -17.2357264
v 30.1116562 16.4969898 -16.848855
v 31.3479881 17.3215614 -17.2357264
v 30.9691353 16.4969908 -15.9965792
v 31.9143524 17.3215605 -16.3881044
v 30.625679 16.4969898 -16.5134172
v 31.9143524 17.3215605 -16.3881044
v 31.0897408 16.4969908 -15.3882589
v 32.1132355 17.3215605 -15.388257
v 30.9691353 16.4969908 -15.9965792
v 32.1132355 17.3215605 -15.388257
v 30.9691353 16.4969898 -14.7799387
v 31.9143524 17.3215605 -14.3884201
v 31.0897408 16.4969908 -15.3882589
v 31.9143524 17.3215605 -14.3884201
v 30.625679 16.4969898 -14.2631006
v 31.3479881 17.3215605 -13.5407972
v 30.9691353 16.4969898 -14.7799387
v 31.3479881 17.3215605 -13.5407972
v 30.1116562 16.4969898 -13.9276628
v 30.5003662 17.3215605 -12.9744253
v 30.625679 16.4969898 -14.2631006
v 30.5003662 17.3215605 -12.9744253
v 29.5053291 16.4969898 -13.8047991
v 29.5005188 17.3215605 -12.775548
v 30.1116562 16.4969898 -13.9276628
v 29.5005188 17.3215605 -12.775548
v 28.8989983 16.4969898 -13.9234943
v 28.500679 17.3215605 -12.9744253
v 29.5053291 16.4969898 -13.8047991
v 28.500679 17.3215605 -12.9744253
v 28.3849754 16.4969898 -14.2646971
v 27.6530533 17.3215605 -13.5407972
v 28.8989983 16.4969898 -13.9234943
v 27.6530533 17.3215605 -13.5407972
v 28.0415192 16.4969898 -14.7839241
v 27.0866852 17.3215605 -14.3884201
v 28.3849754 16.4969898 -14.2646971
v 27.0866852 17.3215605 -14.3884201
v 27.9209099 16.4969908 -15.3882589
v 26.8878059 17.3215605 -15.388257
v 28.0415192 16.4969898 -14.7839241
v 28.0415192 16.4969908 -15.9925966
v 27.9209099 16.4969908 -15.3882589
v 29.5005188 16.4969917 -15.3882589
v 28.3849754 16.4969898 -16.5118189
v 28.8989983 16.4969898 -16.8530283
v 29.5053329 16.4969898 -16.9717169
v 30.1116562 16.4969898 -16.848855
v 30.625679 16.4969898 -16.5134172
v 30.9691353 16.4969908 -15.9965792
v 28.0415192 16.4969898 -14.7839241
v 31.0897408 16.4969908 -15.3882589
v 30.9691353 16.4969908 -15.9965792
v 29.5005188 16.4969917 -15.3882589
v 30.9691353 16.4969898 -14.7799387
v 30.625679 16.4969898 -14.2631006
v 30.1116562 16.4969898 -13.9276628
v 29.5053291 16.4969898 -13.8047991
v 28.8989983 16.4969898 -13.9234943
v 28.3849754 16.4969898 -14.2646971
v 28.0415192 16.4969898 -14.7839241
v 13.7303371 17.3215614 -15.3882608
v 14.8840446 16.4969908 -15.9925966
v 13.9292183 17.3215624 -16.3881006
v 14.7634392 16.4969917 -15.3882608
v 13.9292183 17.3215624 -16.3881006
v 15.2275009 16.4969908 -16.5118227
v 14.4955864 17.3215624 -17.2357264
v 14.8840446 16.4969908 -15.9925966
v 14.4955864 17.3215624 -17.2357264
v 15.7415237 16.4969898 -16.8530283
v 15.3432083 17.3215624 -17.8020945
v 15.2275009 16.4969908 -16.5118227
v 15.3432083 17.3215624 -17.8020945
v 16.3478508 16.4969908 -16.9717207
v 16.3430481 17.3215624 -18.0009775
v 15.7415237 16.4969898 -16.8530283
v 16.3430481 17.3215624 -18.0009775
v 16.9541855 16.4969898 -16.8488569
v 17.3428917 17.3215624 -17.8020945
v 16.3478508 16.4969908 -16.9717207
v 17.3428917 17.3215624 -17.8020945
v 17.4682045 16.4969908 -16.5134191
v 18.1905136 17.3215624 -17.2357264
v 16.9541855 16.4969898 -16.8488569
v 18.1905136 17.3215624 -17.2357264
v 17.8116646 16.4969908 -15.9965792
v 18.7568779 17.3215624 -16.3881006
v 17.4682045 16.4969908 -16.5134191
v 18.7568779 17.3215624 -16.3881006
v 17.93227 16.4969917 -15.3882608
v 18.9557648 17.3215614 -15.3882608
v 17.8116646 16.4969908 -15.9965792
v 18.9557648 17.3215614 -15.3882608
v 17.8116646 16.4969898 -14.7799406
v 18.7568779 17.3215614 -14.3884201
v 17.93227 16.4969917 -15.3882608
v 18.7568779 17.3215614 -14.3884201
v 17.4682045 16.4969898 -14.2631044
v 18.1905212 17.3215624 -13.5407991
v 17.8116646 16.4969898 -14.7799406
v 18.1905212 17.3215624 -13.5407991
v 16.9541855 16.4969898 -13.9276648
v 17.3428917 17.3215614 -12.9744272
v 17.4682045 16.4969898 -14.2631044
v 17.3428917 17.3215614 -12.9744272
v 16.3478508 16.4969898 -13.804801
v 16.3430481 17.3215614 -12.7755518
v 16.9541855 16.4969898 -13.9276648
v 16.3430481 17.3215614 -12.7755518
v 15.7415237 16.4969898 -13.9234943
v 15.3432083 17.3215614 -12.9744272
v 16.3478508 16.4969898 -13.804801
v 15.3432083 17.3215614 -12.9744272
v 15.2275009 16.4969898 -14.2646971
v 14.4955845 17.3215624 -13.5407991
v 15.7415237 16.4969898 -13.9234943
v 14.4955845 17.3215624 -13.5407991
v 14.8840446 16.4969898 -14.7839241
v 13.9292183 17.3215614 -14.3884201
v 15.2275009 16.4969898 -14.2646971
v 13.9292183 17.3215614 -14.3884201
v 14.7634392 16.4969917 -15.3882608
v 13.7303371 17.3215614 -15.3882608
v 14.8840446 16.4969898 -14.7839241
v 14.8840446 16.4969908 -15.9925966
v 14.7634392 16.4969917 -15.3882608
v 16.3430481 16.4969917 -15.3882608
v 15.2275009 16.4969908 -16.5118227
v 15.7415237 16.4969898 -16.8530283
v 16.3478508 16.4969908 -16.9717207
v 16.9541855 16.4969898 -16.8488569
v 17.4682045 16.4969908 -16.5134191
v 17.8116646 16.4969908 -15.9965792
v 14.8840446 16.4969898 -14.7839241
v 17.93227 16.4969917 -15.3882608
v 17.8116646 16.4969908 -15.9965792
v 16.3430481 16.4969917 -15.3882608
v 17.8116646 16.4969898 -14.7799406
v 17.4682045 16.4969898 -14.2631044
v 16.9541855 16.4969898 -13.9276648
v 16.3478508 16.4969898 -13.804801
v 15.7415237 16.4969898 -13.9234943
v 15.2275009 16.4969898 -14.2646971
v 14.8840446 16.4969898 -14.7839241
v 23.2655678 13.2513996 -2.4463799
v 29.1668053 13.2513996 -8.09536457
v 23.2655678 13.2513996 -8.09442329
v 29.1668034 13.2513996 -2.44763493
v -23.8445072 13.2513996 -2.43853473
v -17.9682217 13.2513996 -8.08927631
v -23.8445034 13.2513996 -8.08854103
v -17.9682217 13.2513996 -2.43951726
v -23.8445072 13.2513996 -2.43853473
v -29.7207928 13.2513996 -8.08821868
v -29.7207928 13.2513996 -2.43810749
v -23.8445034 13.2513996 -8.08854103
v 23.2655678 13.2513996 -2.4463799
v 17.3643322 13.2513996 -8.09368896
v 17.3643322 13.2513996 -2.4454
v 23.2655678 13.2513996 -8.09442329
v 29.1668034 13.2513996 -2.44763493
v 35.0680428 17.0809894 -8.09630584
v 29.1668053 13.2513996 -8.09536457
v 35.0680389 17.0809894 -2.44888997
v -17.9682217 13.2513996 -2.43951726
v -12.0919399 17.0809894 -8.09001255
v -17.9682217 13.2513996 -8.08927631
v -12.0919399 17.0809894 -2.44050002
v -29.7207928 13.2513996 -2.43810749
v -35.5970764 13.2513996 3.36503721
v -29.7207928 13.2513996 3.36428762
v -35.5970764 13.2513996 -2.43768024
v 17.3643322 13.2513996 -2.4454
v 11.4630985 17.0809894 3.35323739
v 17.3643322 13.2513996 3.35152173
v 11.4630985 17.0809894 -2.4444201
v -40.0365677 17.0809894 -2.43735742
v -35.5970764 13.2513996 -8.0878973
v -40.0365677 17.0809894 -8.08765602
v -35.5970764 13.2513996 -2.43768024
v 29.1668053 13.2513996 3.34760786
v 23.2655678 13.2513996 -2.4463799
v 23.2655678 13.2513996 3.34980607
v 29.1668034 13.2513996 -2.44763493
v -17.9682217 13.2513996 3.36182046
v -23.8445072 13.2513996 -2.43853473
v -23.8445034 13.2513996 3.36353898
v -17.9682217 13.2513996 -2.43951726
v -23.8445034 13.2513996 3.36353898
v -29.7207928 13.2513996 -2.43810749
v -29.7207928 13.2513996 3.36428762
v -23.8445072 13.2513996 -2.43853473
v 23.2655678 13.2513996 3.34980607
v 17.3643322 13.2513996 -2.4454
v 17.3643322 13.2513996 3.35152173
v 23.2655678 13.2513996 -2.4463799
v 35.0680428 17.0809894 3.34541059
v 29.1668034 13.2513996 -2.44763493
v 29.1668053 13.2513996 3.34760786
v 35.0680389 17.0809894 -2.44888997
v -12.0919399 17.0809894 3.36010218
v -17.9682217 13.2513996 -2.43951726
v -17.9682217 13.2513996 3.36182046
v -12.0919399 17.0809894 -2.44050002
v -35.5970764 13.2513996 -8.0878973
v -29.7207928 13.2513996 -2.43810749
v -29.7207928 13.2513996 -8.08821868
v -35.5970764 13.2513996 -2.43768024
v 11.4630985 17.0809894 -8.09295463
v 17.3643322 13.2513996 -2.4454
v 17.3643322 13.2513996 -8.09368896
v 11.4630985 17.0809894 -2.4444201
v -35.5970764 13.2513996 3.36503721
v -40.0365677 17.0809894 -2.43735742
v -40.0365677 17.0809894 3.36560297
v -35.5970764 13.2513996 -2.43768024
v 23.2655678 17.0809894 3.34980607
v 29.1668053 13.2513996 3.34760786
v 23.2655678 13.2513996 3.34980607
v 29.1668053 17.0809894 3.34760809
v 17.3643322 13.2513996 3.35152173
v 17.3643322 17.0809894 3.35152173
v 11.4630985 17.0809894 3.35323739
v 35.0680428 17.0809894 3.34541059
v -23.8445053 17.0809894 3.36353898
v -17.9682217 13.2513996 3.36182046
v -23.8445034 13.2513996 3.36353898
v -17.9682236 17.0809894 3.3618207
v -12.0919399 17.0809894 3.36010218
v -29.7207928 13.2513996 3.36428762
v -29.7207928 17.0809894 3.36428786
v -35.5970764 13.2513996 3.36503721
v -35.5970764 17.0809894 3.36503721
v -40.0365677 17.0809894 3.36560297
v 29.1668053 17.0809894 -8.09536457
v 23.2655678 13.2513996 -8.09442329
v 29.1668053 13.2513996 -8.09536457
v 23.2655678 17.0809894 -8.09442329
v 17.3643322 17.0809894 -8.09368896
v 17.3643322 13.2513996 -8.09368896
v 11.4630985 17.0809894 -8.09295463
v 35.0680428 17.0809894 -8.09630584
v -17.9682236 17.0809894 -8.08927631
v -23.8445034 13.2513996 -8.08854103
v -17.9682217 13.2513996 -8.08927631
v -23.8445053 17.0809894 -8.08854103
v -29.7207928 17.0809894 -8.08821868
v -29.7207928 13.2513996 -8.08821868
v -35.5970764 17.0809894 -8.0878973
v -35.5970764 13.2513996 -8.0878973
v -40.0365677 17.0809894 -8.08765602
v -12.0919399 17.0809894 -8.09001255
vt 1.34568417 -0.321855307
vt 1.3830198 -0.232699767
vt 1.34476984 -0.211061046
vt 1.3830198 -0.321855307
vt 1.34568417 -0.08220651
vt 1.3830198 -0.143544227
vt 1.34568417 -0.321855307
vt 1.38319588 -0.202030897
vt 1.34568417 -0.08220651
vt 1.38319588 -0.08220651
vt 1.38319588 -0.321855307
vt 1.34568417 -0.321855307
vt 1.38319588 -0.202030897
vt 1.34568417 -0.08220651
vt 1.38319588 -0.08220651
vt 1.38319588 -0.321855307
vt 1.34568417 -0.321855307
vt 1.38319588 -0.202030897
vt 1.34568417 -0.08220651
vt 1.38319588 -0.08220651
vt 1.38319588 -0.321855307
vt 1.60011816 -0.00279370788
vt 1.52709186 -0.0383384228
vt 1.60011816 -0.0383556485
vt 1.52709186 -0.00279370788
vt 1.60011816 -0.00279370788
vt 1.52709186 -0.0384597518
vt 1.60011816 -0.0384727903
vt 1.52709186 -0.00279370788
vt 1.34560204 -0.321855307
vt 1.38323021 -0.202030897
vt 1.34560204 -0.08220651
vt 1.38323021 -0.08220651
vt 1.38323021 -0.321855307
vt 1.60011816 -0.00279370788
vt 1.52709186 -0.0384011157
vt 1.60011816 -0.0384142287
vt 1.52709186 -0.00279370788
vt 1.34560204 -0.321855307
vt 1.38323021 -0.202030897
vt 1.34560204 -0.08220651
vt 1.38323021 -0.08220651
vt 1.38323021 -0.321855307
vt 1.60011816 -0.00279370788
vt 1.52709186 -0.0385017917
vt 1.60011816 -0.0385051593
vt 1.52709186 -0.00279370788
vt 1.34568417 -0.321855307
vt 1.38319588 -0.202030897
vt 1.34568417 -0.08220651
vt 1.38319588 -0.08220651
vt 1.38319588 -0.321855307
vt 1.34568417 -0.321855307
vt 1.38319588 -0.202030897
vt 1.34568417 -0.08220651
vt 1.38319588 -0.321855307
vt 1.38319588 -0.08220651
vt 1.60011816 -0.00279370788
vt 1.52709186 -0.0385115743
vt 1.52709186 -0.00279370788
vt 1.60011816 -0.0385051593
vt 1.34568417 -0.321855307
vt 1.3830198 -0.172920063
vt 1.34568417 -0.08220651
vt 1.3830198 -0.263633609
vt 1.3830198 -0.08220651
vt 1.34568417 -0.321855307
vt 1.38319588 -0.202030897
vt 1.34568417 -0.202030912
vt 1.38319588 -0.321855307
vt 1.34568417 -0.08220651
vt 1.38319588 -0.08220651
vt 1.38319576 -0.321855307
vt 1.34568405 -0.321855307
vt 1.38319576 -0.202030897
vt 1.34568405 -0.08220651
vt 1.38319576 -0.08220651
vt 1.38319576 -0.321855307
vt 1.34568405 -0.321855307
vt 1.38319576 -0.202030897
vt 1.34568405 -0.08220651
vt 1.38319576 -0.08220651
vt 1.34560204 -0.262189925
vt 1.38323021 -0.156425014
vt 1.34560204 -0.0826133043
vt 1.38323021 -0.0826133043
vt 1.38323021 -0.230236724
vt 1.38319576 -0.321855307
vt 1.34568405 -0.321855307
vt 1.38319576 -0.202030897
vt 1.34568405 -0.08220651
vt 1.38319576 -0.08220651
vt 1.60011816 -0.00279370788
vt 1.52709186 -0.03843043
vt 1.52709186 -0.00279370788
vt 1.60011816 -0.0384142287
vt 1.60011816 -0.00279370788
vt 1.52709186 -0.0384808183
vt 1.52709186 -0.00279370788
vt 1.60011816 -0.0384727903
vt 1.34568417 -0.321855307
vt 1.38319588 -0.202030897
vt 1.34568417 -0.08220651
vt 1.38319588 -0.08220651
vt 1.38319588 -0.321855307
vt 1.60011816 -0.00279370788
vt 1.52709186 -0.038371861
vt 1.52709186 -0.00279370788
vt 1.60011816 -0.0383556485
vt 1.34568417 -0.321855307
vt 1.38319588 -0.202030897
vt 1.34568417 -0.288886726
vt 1.38319588 -0.321855307
vt 1.34568417 -0.126631975
vt 1.34568417 -0.08220651
vt 1.38319588 -0.08220651
vt 1.34568417 -0.321855307
vt 1.38319588 -0.202030897
vt 1.34568417 -0.08220651
vt 1.38319588 -0.08220651
vt 1.38319588 -0.321855307
vt 1.34560204 -0.0826133043
vt 1.38323021 -0.172399446
vt 1.38323021 -0.0826133043
vt 1.34560204 -0.262189925
vt 1.38323021 -0.262185574
vt 1.34560204 -0.0826133043
vt 1.38323021 -0.172400534
vt 1.38323021 -0.0826133043
vt 1.34560204 -0.262189925
vt 1.38323021 -0.262187779
vt 1.34568417 -0.321855307
vt 1.3830198 -0.171970174
vt 1.34568417 -0.08220651
vt 1.3830198 -0.26173383
vt 1.3830198 -0.08220651
vt 1.38323021 -0.26219219
vt 1.34560204 -0.262189925
vt 1.38323021 -0.191677228
vt 1.34560204 -0.0826133043
vt 1.38323021 -0.121162258
vt 1.60011816 -0.00279370788
vt 1.52709186 -0.0383102894
vt 1.60011816 -0.0382993221
vt 1.52709186 -0.00279370788
vt 1.60011816 -0.00279370788
vt 1.52709186 -0.0384715647
vt 1.60011816 -0.0384668671
vt 1.52709186 -0.00279370788
vt 1.60011816 -0.00279370788
vt 1.52709186 -0.0385297164
vt 1.52709186 -0.00279370788
vt 1.60011816 -0.0385289565
vt 1.60011816 -0.00279370788
vt 1.52709186 -0.0385397151
vt 1.52709186 -0.00279370788
vt 1.60011816 -0.0385394432
vt 1.60011816 -0.00279370788
vt 1.52709186 -0.0385438874
vt 1.52709186 -0.00279370788
vt 1.60011816 -0.0385428667
vt 1.60011816 -0.00279370788
vt 1.52709186 -0.0385348462
vt 1.52709186 -0.00279370788
vt 1.60011816 -0.0385344736
vt 1.60011816 -0.00279370788
vt 1.52709186 -0.0385421738
vt 1.52709186 -0.00279370788
vt 1.60011816 -0.0385417379
vt 1.60011816 -0.00279370788
vt 1.52709186 -0.0385372564
vt 1.52709186 -0.00279370788
vt 1.60011816 -0.0385369286
vt 1.60011816 -0.00279370788
vt 1.52709186 -0.0385320708
vt 1.52709186 -0.00279370788
vt 1.60011816 -0.0385320708
vt 1.60011816 -0.00279370788
vt 1.52709186 -0.0384919457
vt 1.60011816 -0.0384953208
vt 1.52709186 -0.00279370788
vt 1.60011816 -0.00279370788
vt 1.52709186 -0.0385320708
vt 1.60011816 -0.0385321155
vt 1.52709186 -0.00279370788
vt 1.60011816 -0.00279370788
vt 1.52709186 -0.0385448597
vt 1.60011816 -0.0385437272
vt 1.52709186 -0.00279370788
vt 1.34560204 -0.0826133043
vt 1.34560204 -0.262189925
vt 1.38323021 -0.152412206
vt 1.38323021 -0.262172461
vt 1.60011816 -0.0491914637
vt 1.52709186 -0.00279370788
vt 1.52709186 -0.0532647856
vt 1.60011816 -0.00279370788
vt 1.60011816 -0.0573350079
vt 1.52709186 -0.00279370788
vt 1.52709186 -0.0656399727
vt 1.60011816 -0.00279370788
vt 1.60011816 -0.0739418417
vt 1.52709186 -0.0427515171
vt 1.52709186 -0.0827100649
vt 1.60011816 -0.0383556485
vt 1.52709186 -0.00279370788
vt 1.60011816 -0.00279370788
vt 1.60011816 -0.0914751366
vt 1.52709186 -0.0510242246
vt 1.52709186 -0.0992115811
vt 1.60011816 -0.0471442528
vt 1.52709186 -0.00279370788
vt 1.60011816 -0.00279370788
vt 1.60011816 -0.106944971
vt 1.52709186 -0.0582653843
vt 1.52709186 -0.113649905
vt 1.60011816 -0.0549011491
vt 1.52709186 -0.00279370788
vt 1.60011816 -0.00279370788
vt 1.60011816 -0.120351754
vt 1.52709186 -0.0647327974
vt 1.52709186 -0.126540735
vt 1.60011816 -0.0616265498
vt 1.52709186 -0.00279370788
vt 1.60011816 -0.00279370788
vt 1.60011816 -0.13272655
vt 1.52709186 -0.0693892688
vt 1.52709186 -0.135822043
vt 1.60011816 -0.0678359121
vt 1.52709186 -0.00279370788
vt 1.60011816 -0.00279370788
vt 1.60011816 -0.138914406
vt 1.52709186 -0.0717235953
vt 1.52709186 -0.140473962
vt 1.60011816 -0.0709394589
vt 1.52709186 -0.00279370788
vt 1.60011816 -0.00279370788
vt 1.34568429 -0.321855307
vt 1.38339889 -0.172920436
vt 1.38339889 -0.263634324
vt 1.34568429 -0.185706452
vt 1.34568429 -0.08220651
vt 1.38339889 -0.08220651
vt 1.34560204 -0.0826133043
vt 1.38323021 -0.191690102
vt 1.38323021 -0.121189438
vt 1.34560204 -0.262189925
vt 1.38323021 -0.262190759
vt 1.52709186 -0.00279370788
vt 1.60011816 -0.0383181535
vt 1.52709186 -0.0383384228
vt 1.60011816 -0.00279370788
vt 1.52709186 -0.00279370788
vt 1.60011816 -0.0384435393
vt 1.52709186 -0.0384597518
vt 1.60011816 -0.00279370788
vt 1.52709186 -0.00279370788
vt 1.60011816 -0.0383849144
vt 1.52709186 -0.0384011157
vt 1.60011816 -0.00279370788
vt 1.52709186 -0.00279370788
vt 1.60011816 -0.0384953767
vt 1.52709186 -0.0385017917
vt 1.60011816 -0.00279370788
vt 1.52709186 -0.00279370788
vt 1.60011816 -0.0385149457
vt 1.52709186 -0.0385115743
vt 1.60011816 -0.00279370788
vt 1.52709186 -0.00279370788
vt 1.60011816 -0.0385289565
vt 1.52709186 -0.0385283157
vt 1.60011816 -0.00279370788
vt 1.52709186 -0.00279370788
vt 1.60011816 -0.0384435393
vt 1.52709186 -0.03843043
vt 1.60011816 -0.00279370788
vt 1.52709186 -0.00279370788
vt 1.60011816 -0.0384953767
vt 1.52709186 -0.03849205
vt 1.60011816 -0.00279370788
vt 1.52709186 -0.00279370788
vt 1.60011816 -0.0383181535
vt 1.52709186 -0.0383102894
vt 1.60011816 -0.00279370788
vt 1.52709186 -0.00279370788
vt 1.60011816 -0.0384731777
vt 1.52709186 -0.0384715647
vt 1.60011816 -0.00279370788
vt 1.52709186 -0.00279370788
vt 1.60011816 -0.0385273546
vt 1.52709186 -0.0385297164
vt 1.60011816 -0.00279370788
vt 1.52709186 -0.00279370788
vt 1.60011816 -0.0385369286
vt 1.52709186 -0.0385397151
vt 1.60011816 -0.00279370788
vt 1.52709186 -0.00279370788
vt 1.60011816 -0.0385417379
vt 1.52709186 -0.0385438874
vt 1.60011816 -0.00279370788
vt 1.52709186 -0.00279370788
vt 1.60011816 -0.0385320708
vt 1.52709186 -0.0385348462
vt 1.60011816 -0.00279370788
vt 1.52709186 -0.00279370788
vt 1.60011816 -0.0385394432
vt 1.52709186 -0.0385421738
vt 1.60011816 -0.00279370788
vt 1.52709186 -0.00279370788
vt 1.60011816 -0.0385344736
vt 1.52709186 -0.0385372564
vt 1.60011816 -0.00279370788
vt 1.52709186 -0.00279370788
vt 1.60011816 -0.0385289565
vt 1.52709186 -0.0385320708
vt 1.60011816 -0.00279370788
vt 1.52709186 -0.00279370788
vt 1.60011816 -0.0384856351
vt 1.52709186 -0.0384919457
vt 1.60011816 -0.00279370788
vt 1.52709186 -0.00279370788
vt 1.60011816 -0.0385428667
vt 1.52709186 -0.0385448597
vt 1.60011816 -0.00279370788
vt 1.52709186 -0.00279370788
vt 1.60011816 -0.0573350079
vt 1.52709186 -0.0532647856
vt 1.60011816 -0.00279370788
vt 1.52709186 -0.00279370788
vt 1.60011816 -0.0383556485
vt 1.52709186 -0.0656399727
vt 1.60011816 -0.00279370788
vt 1.60011816 -0.0739418417
vt 1.52709186 -0.00279370788
vt 1.60011816 -0.0471442528
vt 1.52709186 -0.0427515171
vt 1.60011816 -0.00279370788
vt 1.52709186 -0.0827100649
vt 1.60011816 -0.0914751366
vt 1.52709186 -0.00279370788
vt 1.60011816 -0.0549011491
vt 1.52709186 -0.0510242246
vt 1.60011816 -0.00279370788
vt 1.52709186 -0.0992115811
vt 1.60011816 -0.106944971
vt 1.52709186 -0.00279370788
vt 1.60011816 -0.0616265498
vt 1.52709186 -0.0582653843
vt 1.60011816 -0.00279370788
vt 1.52709186 -0.113649905
vt 1.60011816 -0.120351754
vt 1.52709186 -0.00279370788
vt 1.60011816 -0.0678359121
vt 1.52709186 -0.0647327974
vt 1.60011816 -0.00279370788
vt 1.52709186 -0.126540735
vt 1.60011816 -0.13272655
vt 1.52709186 -0.00279370788
vt 1.60011816 -0.0709394589
vt 1.52709186 -0.0693892688
vt 1.60011816 -0.00279370788
vt 1.52709186 -0.135822043
vt 1.60011816 -0.138914406
vt 1.52709186 -0.00279370788
vt 1.60011816 -0.0725047588
vt 1.52709186 -0.0717235953
vt 1.60011816 -0.00279370788
vt 1.52709186 -0.140473962
vt 1.60011816 -0.142030522
vt 1.52709186 -0.0384011157
vt 1.60011816 -0.00279370788
vt 1.60011816 -0.0384142287
vt 1.52709186 -0.00279370788
vt 1.52709186 -0.0384808779
vt 1.60011816 -0.00279370788
vt 1.60011816 -0.0384856351
vt 1.52709186 -0.00279370788
vt 1.52709186 -0.0385213755
vt 1.60011816 -0.00279370788
vt 1.60011816 -0.0385246314
vt 1.52709186 -0.00279370788
vt 1.52709186 -0.0385017917
vt 1.60011816 -0.00279370788
vt 1.60011816 -0.0385051593
vt 1.52709186 -0.00279370788
vt 1.60011816 -0.0385051593
vt 1.52709186 -0.00279370788
vt 1.52709186 -0.0385115743
vt 1.60011816 -0.00279370788
vt 1.60011816 -0.0385246314
vt 1.52709186 -0.00279370788
vt 1.52709186 -0.0385283157
vt 1.60011816 -0.00279370788
vt 1.60011816 -0.0384142287
vt 1.52709186 -0.00279370788
vt 1.52709186 -0.03843043
vt 1.60011816 -0.00279370788
vt 1.60011816 -0.0384856351
vt 1.52709186 -0.00279370788
vt 1.52709186 -0.03849205
vt 1.60011816 -0.00279370788
vt 1.52709186 -0.0383102894
vt 1.60011816 -0.00279370788
vt 1.60011816 -0.0382993221
vt 1.52709186 -0.00279370788
vt 1.52709186 -0.0384715647
vt 1.60011816 -0.00279370788
vt 1.60011816 -0.0384668671
vt 1.52709186 -0.00279370788
vt 1.60011816 -0.0385289565
vt 1.52709186 -0.00279370788
vt 1.52709186 -0.0385297164
vt 1.60011816 -0.00279370788
vt 1.60011816 -0.0385394432
vt 1.52709186 -0.00279370788
vt 1.52709186 -0.0385397151
vt 1.60011816 -0.00279370788
vt 1.60011816 -0.0385428667
vt 1.52709186 -0.00279370788
vt 1.52709186 -0.0385438874
vt 1.60011816 -0.00279370788
vt 1.60011816 -0.0385344736
vt 1.52709186 -0.00279370788
vt 1.52709186 -0.0385348462
vt 1.60011816 -0.00279370788
vt 1.60011816 -0.0385417379
vt 1.52709186 -0.00279370788
vt 1.52709186 -0.0385421738
vt 1.60011816 -0.00279370788
vt 1.60011816 -0.0385369286
vt 1.52709186 -0.00279370788
vt 1.52709186 -0.0385372564
vt 1.60011816 -0.00279370788
vt 1.60011816 -0.0385320708
vt 1.52709186 -0.00279370788
vt 1.52709186 -0.0385320708
vt 1.60011816 -0.00279370788
vt 1.52709186 -0.0384919457
vt 1.60011816 -0.00279370788
vt 1.60011816 -0.0384953208
vt 1.52709186 -0.00279370788
vt 1.52709186 -0.0385320708
vt 1.60011816 -0.00279370788
vt 1.60011816 -0.0385321155
vt 1.52709186 -0.00279370788
vt 1.52709186 -0.0385448597
vt 1.60011816 -0.00279370788
vt 1.60011816 -0.0385437272
vt 1.52709186 -0.00279370788
vt 1.60011816 -0.0383849144
vt 1.52709186 -0.00279370788
vt 1.52709186 -0.0384011157
vt 1.60011816 -0.00279370788
vt 1.60011816 -0.0384731777
vt 1.52709186 -0.00279370788
vt 1.52709186 -0.0384808779
vt 1.60011816 -0.00279370788
vt 1.60011816 -0.0385149457
vt 1.52709186 -0.00279370788
vt 1.52709186 -0.0385213755
vt 1.60011816 -0.00279370788
vt 1.60011816 -0.0384953767
vt 1.52709186 -0.00279370788
vt 1.52709186 -0.0385017917
vt 1.60011816 -0.00279370788
vt 1.60011816 -0.0385149457
vt 1.52709186 -0.00279370788
vt 1.52709186 -0.0385115743
vt 1.60011816 -0.00279370788
vt 1.60011816 -0.0384435393
vt 1.52709186 -0.00279370788
vt 1.52709186 -0.03843043
vt 1.60011816 -0.00279370788
vt 1.60011816 -0.0384856351
vt 1.52709186 -0.00279370788
vt 1.52709186 -0.0384808183
vt 1.60011816 -0.00279370788
vt 1.60011816 -0.0383849144
vt 1.52709186 -0.00279370788
vt 1.52709186 -0.038371861
vt 1.60011816 -0.00279370788
vt 1.60011816 -0.0383181535
vt 1.52709186 -0.00279370788
vt 1.52709186 -0.0383102894
vt 1.60011816 -0.00279370788
vt 1.60011816 -0.0384731777
vt 1.52709186 -0.00279370788
vt 1.52709186 -0.0384715647
vt 1.60011816 -0.00279370788
vt 1.60011816 -0.0385273546
vt 1.52709186 -0.00279370788
vt 1.52709186 -0.0385297164
vt 1.60011816 -0.00279370788
vt 1.60011816 -0.0385369286
vt 1.52709186 -0.00279370788
vt 1.52709186 -0.0385397151
vt 1.60011816 -0.00279370788
vt 1.60011816 -0.0385417379
vt 1.52709186 -0.00279370788
vt 1.52709186 -0.0385438874
vt 1.60011816 -0.00279370788
vt 1.60011816 -0.0385320708
vt 1.52709186 -0.00279370788
vt 1.52709186 -0.0385348462
vt 1.60011816 -0.00279370788
vt 1.60011816 -0.0385394432
vt 1.52709186 -0.00279370788
vt 1.52709186 -0.0385421738
vt 1.60011816 -0.00279370788
vt 1.60011816 -0.0385344736
vt 1.52709186 -0.00279370788
vt 1.52709186 -0.0385372564
vt 1.60011816 -0.00279370788
vt 1.60011816 -0.0385289565
vt 1.52709186 -0.00279370788
vt 1.52709186 -0.0385320708
vt 1.60011816 -0.00279370788
vt 1.60011816 -0.0385289565
vt 1.52709186 -0.00279370788
vt 1.52709186 -0.0385320708
vt 1.60011816 -0.00279370788
vt 1.60011816 -0.0385428667
vt 1.52709186 -0.00279370788
vt 1.52709186 -0.0385448597
vt 1.60011816 -0.00279370788
vt 0.732873797 0.982276976
vt 0.726988554 0.917224169
vt 0.690169811 0.953850627
vt 0.752788663 0.934414327
vt 0.690169811 0.953850627
vt 0.709439695 0.891331673
vt 0.661645114 0.911321163
vt 0.726988554 0.917224169
vt 0.661645114 0.911321163
vt 0.703472257 0.860941947
vt 0.651642203 0.861163437
vt 0.709439695 0.891331673
vt 0.651642203 0.861163437
vt 0.709656894 0.830550194
vt 0.661684036 0.811013341
vt 0.703472257 0.860941947
vt 0.661684036 0.811013341
vt 0.727088928 0.804814398
vt 0.690241694 0.768505812
vt 0.709656894 0.830550194
vt 0.690241694 0.768505812
vt 0.752622843 0.787452102
vt 0.732967615 0.740112305
vt 0.727088928 0.804814398
vt 0.732967615 0.740112305
vt 0.783180833 0.781474292
vt 0.783153951 0.730155408
vt 0.752622843 0.787452102
vt 0.783153951 0.730155408
vt 0.752594709 0.787569821
vt 0.73286289 0.740150928
vt 0.783180833 0.781474292
vt 0.73286289 0.740150928
vt 0.726653516 0.80483979
vt 0.690235794 0.768577337
vt 0.752594709 0.787569821
vt 0.690235794 0.768577337
vt 0.70924902 0.830686033
vt 0.661762476 0.811106741
vt 0.726653516 0.80483979
vt 0.661762476 0.811106741
vt 0.7035622 0.860960007
vt 0.651777565 0.861264586
vt 0.70924902 0.830686033
vt 0.651777565 0.861264586
vt 0.709540188 0.891426682
vt 0.661801279 0.911414683
vt 0.7035622 0.860960007
vt 0.661801279 0.911414683
vt 0.726745129 0.917242289
vt 0.690307617 0.953922212
vt 0.709540188 0.891426682
vt 0.690307617 0.953922212
vt 0.752502263 0.934497476
vt 0.732956648 0.982315719
vt 0.726745129 0.917242289
vt 0.732956648 0.982315719
vt 0.783242106 0.940431535
vt 0.783255458 0.992272556
vt 0.752502263 0.934497476
vt 0.783255458 0.992272556
vt 0.752788663 0.934414327
vt 0.732873797 0.982276976
vt 0.783242106 0.940431535
vt 0.726988554 0.917224169
vt 0.752788663 0.934414327
vt 0.783204675 0.861213982
vt 0.709439695 0.891331673
vt 0.703472257 0.860941947
vt 0.709656894 0.830550194
vt 0.727088928 0.804814398
vt 0.752622843 0.787452102
vt 0.783180833 0.781474292
vt 0.783242106 0.940431535
vt 0.752594709 0.787569821
vt 0.783180833 0.781474292
vt 0.783204675 0.861213982
vt 0.726653516 0.80483979
vt 0.70924902 0.830686033
vt 0.7035622 0.860960007
vt 0.709540188 0.891426682
vt 0.726745129 0.917242289
vt 0.752502263 0.934497476
vt 0.783242106 0.940431535
vt 0.732873797 0.982276976
vt 0.726988554 0.917224169
vt 0.690169811 0.953850627
vt 0.752788663 0.934414327
vt 0.690169811 0.953850627
vt 0.709439695 0.891331673
vt 0.661645114 0.911321163
vt 0.726988554 0.917224169
vt 0.661645114 0.911321163
vt 0.703472257 0.860941947
vt 0.651642203 0.861163437
vt 0.709439695 0.891331673
vt 0.651642203 0.861163437
vt 0.709656894 0.830550194
vt 0.661684036 0.811013341
vt 0.703472257 0.860941947
vt 0.661684036 0.811013341
vt 0.727088928 0.804814398
vt 0.690241694 0.768505812
vt 0.709656894 0.830550194
vt 0.690241694 0.768505812
vt 0.752622843 0.787452102
vt 0.732967615 0.740112305
vt 0.727088928 0.804814398
vt 0.732967615 0.740112305
vt 0.783180833 0.781474292
vt 0.783153951 0.730155408
vt 0.752622843 0.787452102
vt 0.783153951 0.730155408
vt 0.752594709 0.787569821
vt 0.73286289 0.740150928
vt 0.783180833 0.781474292
vt 0.73286289 0.740150928
vt 0.726653516 0.80483979
vt 0.690235794 0.768577337
vt 0.752594709 0.787569821
vt 0.690235794 0.768577337
vt 0.70924902 0.830686033
vt 0.661762476 0.811106741
vt 0.726653516 0.80483979
vt 0.661762476 0.811106741
vt 0.7035622 0.860960007
vt 0.651777565 0.861264586
vt 0.70924902 0.830686033
vt 0.651777565 0.861264586
vt 0.709540188 0.891426682
vt 0.661801279 0.911414683
vt 0.7035622 0.860960007
vt 0.661801279 0.911414683
vt 0.726745129 0.917242289
vt 0.690307617 0.953922212
vt 0.709540188 0.891426682
vt 0.690307617 0.953922212
vt 0.752502263 0.934497476
vt 0.732956648 0.982315719
vt 0.726745129 0.917242289
vt 0.732956648 0.982315719
vt 0.783242106 0.940431535
vt 0.783255458 0.992272556
vt 0.752502263 0.934497476
vt 0.783255458 0.992272556
vt 0.752788663 0.934414327
vt 0.732873797 0.982276976
vt 0.783242106 0.940431535
vt 0.726988554 0.917224169
vt 0.752788663 0.934414327
vt 0.783204675 0.861213982
vt 0.709439695 0.891331673
vt 0.703472257 0.860941947
vt 0.709656894 0.830550194
vt 0.727088928 0.804814398
vt 0.752622843 0.787452102
vt 0.783180833 0.781474292
vt 0.783242106 0.940431535
vt 0.752594709 0.787569821
vt 0.783180833 0.781474292
vt 0.783204675 0.861213982
vt 0.726653516 0.80483979
vt 0.70924902 0.830686033
vt 0.7035622 0.860960007
vt 0.709540188 0.891426682
vt 0.726745129 0.917242289
vt 0.752502263 0.934497476
vt 0.783242106 0.940431535
vt 0.732873797 0.982276976
vt 0.726988554 0.917224169
vt 0.690169811 0.953850627
vt 0.752788663 0.934414327
vt 0.690169811 0.953850627
vt 0.709439695 0.891331673
vt 0.661645114 0.911321163
vt 0.726988554 0.917224169
vt 0.661645114 0.911321163
vt 0.703472257 0.860941947
vt 0.651642203 0.861163437
vt 0.709439695 0.891331673
vt 0.651642203 0.861163437
vt 0.709656894 0.830550194
vt 0.661684036 0.811013341
vt 0.703472257 0.860941947
vt 0.661684036 0.811013341
vt 0.727088928 0.804814398
vt 0.690241694 0.768505812
vt 0.709656894 0.830550194
vt 0.690241694 0.768505812
vt 0.752622843 0.787452102
vt 0.732967615 0.740112305
vt 0.727088928 0.804814398
vt 0.732967615 0.740112305
vt 0.783180833 0.781474292
vt 0.783153951 0.730155408
vt 0.752622843 0.787452102
vt 0.783153951 0.730155408
vt 0.752594709 0.787569821
vt 0.73286289 0.740150928
vt 0.783180833 0.781474292
vt 0.73286289 0.740150928
vt 0.726653516 0.80483979
vt 0.690235794 0.768577337
vt 0.752594709 0.787569821
vt 0.690235794 0.768577337
vt 0.70924902 0.830686033
vt 0.661762476 0.811106741
vt 0.726653516 0.80483979
vt 0.661762476 0.811106741
vt 0.7035622 0.860960007
vt 0.651777565 0.861264586
vt 0.70924902 0.830686033
vt 0.651777565 0.861264586
vt 0.709540188 0.891426682
vt 0.661801279 0.911414683
vt 0.7035622 0.860960007
vt 0.661801279 0.911414683
vt 0.726745129 0.917242289
vt 0.690307617 0.953922212
vt 0.709540188 0.891426682
vt 0.690307617 0.953922212
vt 0.752502263 0.934497476
vt 0.732956648 0.982315719
vt 0.726745129 0.917242289
vt 0.732956648 0.982315719
vt 0.783242106 0.940431535
vt 0.783255458 0.992272556
vt 0.752502263 0.934497476
vt 0.783255458 0.992272556
vt 0.752788663 0.934414327
vt 0.732873797 0.982276976
vt 0.783242106 0.940431535
vt 0.726988554 0.917224169
vt 0.752788663 0.934414327
vt 0.783204675 0.861213982
vt 0.709439695 0.891331673
vt 0.703472257 0.860941947
vt 0.709656894 0.830550194
vt 0.727088928 0.804814398
vt 0.752622843 0.787452102
vt 0.783180833 0.781474292
vt 0.783242106 0.940431535
vt 0.752594709 0.787569821
vt 0.783180833 0.781474292
vt 0.783204675 0.861213982
vt 0.726653516 0.80483979
vt 0.70924902 0.830686033
vt 0.7035622 0.860960007
vt 0.709540188 0.891426682
vt 0.726745129 0.917242289
vt 0.752502263 0.934497476
vt 0.783242106 0.940431535
vt 0.732873797 0.982276976
vt 0.726988554 0.917224169
vt 0.690169811 0.953850627
vt 0.752788663 0.934414327
vt 0.690169811 0.953850627
vt 0.709439695 0.891331673
vt 0.661645114 0.911321163
vt 0.726988554 0.917224169
vt 0.661645114 0.911321163
vt 0.703472257 0.860941947
vt 0.651642203 0.861163437
vt 0.709439695 0.891331673
vt 0.651642203 0.861163437
vt 0.709656894 0.830550194
vt 0.661684036 0.811013341
vt 0.703472257 0.860941947
vt 0.661684036 0.811013341
vt 0.727088928 0.804814398
vt 0.690241694 0.768505812
vt 0.709656894 0.830550194
vt 0.690241694 0.768505812
vt 0.752622843 0.787452102
vt 0.732967615 0.740112305
vt 0.727088928 0.804814398
vt 0.732967615 0.740112305
vt 0.783180833 0.781474292
vt 0.783153951 0.730155408
vt 0.752622843 0.787452102
vt 0.783153951 0.730155408
vt 0.752594709 0.787569821
vt 0.73286289 0.740150928
vt 0.783180833 0.781474292
vt 0.73286289 0.740150928
vt 0.726653516 0.80483979
vt 0.690235794 0.768577337
vt 0.752594709 0.787569821
vt 0.690235794 0.768577337
vt 0.70924902 0.830686033
vt 0.661762476 0.811106741
vt 0.726653516 0.80483979
vt 0.661762476 0.811106741
vt 0.7035622 0.860960007
vt 0.651777565 0.861264586
vt 0.70924902 0.830686033
vt 0.651777565 0.861264586
vt 0.709540188 0.891426682
vt 0.661801279 0.911414683
vt 0.7035622 0.860960007
vt 0.661801279 0.911414683
vt 0.726745129 0.917242289
vt 0.690307617 0.953922212
vt 0.709540188 0.891426682
vt 0.690307617 0.953922212
vt 0.752502263 0.934497476
vt 0.732956648 0.982315719
vt 0.726745129 0.917242289
vt 0.732956648 0.982315719
vt 0.783242106 0.940431535
vt 0.783255458 0.992272556
vt 0.752502263 0.934497476
vt 0.783255458 0.992272556
vt 0.752788663 0.934414327
vt 0.732873797 0.982276976
vt 0.783242106 0.940431535
vt 0.726988554 0.917224169
vt 0.752788663 0.934414327
vt 0.783204675 0.861213982
vt 0.709439695 0.891331673
vt 0.703472257 0.860941947
vt 0.709656894 0.830550194
vt 0.727088928 0.804814398
vt 0.752622843 0.787452102
vt 0.783180833 0.781474292
vt 0.783242106 0.940431535
vt 0.752594709 0.787569821
vt 0.783180833 0.781474292
vt 0.783204675 0.861213982
vt 0.726653516 0.80483979
vt 0.70924902 0.830686033
vt 0.7035622 0.860960007
vt 0.709540188 0.891426682
vt 0.726745129 0.917242289
vt 0.752502263 0.934497476
vt 0.783242106 0.940431535
vt 0.732873797 0.982276976
vt 0.726988554 0.917224169
vt 0.690169811 0.953850627
vt 0.752788663 0.934414327
vt 0.690169811 0.953850627
vt 0.709439695 0.891331673
vt 0.661645114 0.911321163
vt 0.726988554 0.917224169
vt 0.661645114 0.911321163
vt 0.703472257 0.860941947
vt 0.651642203 0.861163437
vt 0.709439695 0.891331673
vt 0.651642203 0.861163437
vt 0.709656894 0.830550194
vt 0.661684036 0.811013341
vt 0.703472257 0.860941947
vt 0.661684036 0.811013341
vt 0.727088928 0.804814398
vt 0.690241694 0.768505812
vt 0.709656894 0.830550194
vt 0.690241694 0.768505812
vt 0.752622843 0.787452102
vt 0.732967615 0.740112305
vt 0.727088928 0.804814398
vt 0.732967615 0.740112305
vt 0.783180833 0.781474292
vt 0.783153951 0.730155408
vt 0.752622843 0.787452102
vt 0.783153951 0.730155408
vt 0.752594709 0.787569821
vt 0.73286289 0.740150928
vt 0.783180833 0.781474292
vt 0.73286289 0.740150928
vt 0.726653516 0.80483979
vt 0.690235794 0.768577337
vt 0.752594709 0.787569821
vt 0.690235794 0.768577337
vt 0.70924902 0.830686033
vt 0.661762476 0.811106741
vt 0.726653516 0.80483979
vt 0.661762476 0.811106741
vt 0.7035622 0.860960007
vt 0.651777565 0.861264586
vt 0.70924902 0.830686033
vt 0.651777565 0.861264586
vt 0.709540188 0.891426682
vt 0.661801279 0.911414683
vt 0.7035622 0.860960007
vt 0.661801279 0.911414683
vt 0.726745129 0.917242289
vt 0.690307617 0.953922212
vt 0.709540188 0.891426682
vt 0.690307617 0.953922212
vt 0.752502263 0.934497476
vt 0.732956648 0.982315719
vt 0.726745129 0.917242289
vt 0.732956648 0.982315719
vt 0.783242106 0.940431535
vt 0.783255458 0.992272556
vt 0.752502263 0.934497476
vt 0.783255458 0.992272556
vt 0.752788663 0.934414327
vt 0.732873797 0.982276976
vt 0.783242106 0.940431535
vt 0.726988554 0.917224169
vt 0.752788663 0.934414327
vt 0.783204675 0.861213982
vt 0.709439695 0.891331673
vt 0.703472257 0.860941947
vt 0.709656894 0.830550194
vt 0.727088928 0.804814398
vt 0.752622843 0.787452102
vt 0.783180833 0.781474292
vt 0.783242106 0.940431535
vt 0.752594709 0.787569821
vt 0.783180833 0.781474292
vt 0.783204675 0.861213982
vt 0.726653516 0.80483979
vt 0.70924902 0.830686033
vt 0.7035622 0.860960007
vt 0.709540188 0.891426682
vt 0.726745129 0.917242289
vt 0.752502263 0.934497476
vt 0.783242106 0.940431535
vt 0.732873797 0.982276976
vt 0.726988554 0.917224169
vt 0.690169811 0.953850627
vt 0.752788663 0.934414327
vt 0.690169811 0.953850627
vt 0.709439695 0.891331673
vt 0.661645114 0.911321163
vt 0.726988554 0.917224169
vt 0.661645114 0.911321163
vt 0.703472257 0.860941947
vt 0.651642203 0.861163437
vt 0.709439695 0.891331673
vt 0.651642203 0.861163437
vt 0.709656894 0.830550194
vt 0.661684036 0.811013341
vt 0.703472257 0.860941947
vt 0.661684036 0.811013341
vt 0.727088928 0.804814398
vt 0.690241694 0.768505812
vt 0.709656894 0.830550194
vt 0.690241694 0.768505812
vt 0.752622843 0.787452102
vt 0.732967615 0.740112305
vt 0.727088928 0.804814398
vt 0.732967615 0.740112305
vt 0.783180833 0.781474292
vt 0.783153951 0.730155408
vt 0.752622843 0.787452102
vt 0.783153951 0.730155408
vt 0.752594709 0.787569821
vt 0.73286289 0.740150928
vt 0.783180833 0.781474292
vt 0.73286289 0.740150928
vt 0.726653516 0.80483979
vt 0.690235794 0.768577337
vt 0.752594709 0.787569821
vt 0.690235794 0.768577337
vt 0.70924902 0.830686033
vt 0.661762476 0.811106741
vt 0.726653516 0.80483979
vt 0.661762476 0.811106741
vt 0.7035622 0.860960007
vt 0.651777565 0.861264586
vt 0.70924902 0.830686033
vt 0.651777565 0.861264586
vt 0.709540188 0.891426682
vt 0.661801279 0.911414683
vt 0.7035622 0.860960007
vt 0.661801279 0.911414683
vt 0.726745129 0.917242289
vt 0.690307617 0.953922212
vt 0.709540188 0.891426682
vt 0.690307617 0.953922212
vt 0.752502263 0.934497476
vt 0.732956648 0.982315719
vt 0.726745129 0.917242289
vt 0.732956648 0.982315719
vt 0.783242106 0.940431535
vt 0.783255458 0.992272556
vt 0.752502263 0.934497476
vt 0.783255458 0.992272556
vt 0.752788663 0.934414327
vt 0.732873797 0.982276976
vt 0.783242106 0.940431535
vt 0.726988554 0.917224169
vt 0.752788663 0.934414327
vt 0.783204675 0.861213982
vt 0.709439695 0.891331673
vt 0.703472257 0.860941947
vt 0.709656894 0.830550194
vt 0.727088928 0.804814398
vt 0.752622843 0.787452102
vt 0.783180833 0.781474292
vt 0.783242106 0.940431535
vt 0.752594709 0.787569821
vt 0.783180833 0.781474292
vt 0.783204675 0.861213982
vt 0.726653516 0.80483979
vt 0.70924902 0.830686033
vt 0.7035622 0.860960007
vt 0.709540188 0.891426682
vt 0.726745129 0.917242289
vt 0.752502263 0.934497476
vt 0.783242106 0.940431535
vt 0.732873797 0.982276976
vt 0.726988554 0.917224169
vt 0.690169811 0.953850627
vt 0.752788663 0.934414327
vt 0.690169811 0.953850627
vt 0.709439695 0.891331673
vt 0.661645114 0.911321163
vt 0.726988554 0.917224169
vt 0.661645114 0.911321163
vt 0.703472257 0.860941947
vt 0.651642203 0.861163437
vt 0.709439695 0.891331673
vt 0.651642203 0.861163437
vt 0.709656894 0.830550194
vt 0.661684036 0.811013341
vt 0.703472257 0.860941947
vt 0.661684036 0.811013341
vt 0.727088928 0.804814398
vt 0.690241694 0.768505812
vt 0.709656894 0.830550194
vt 0.690241694 0.768505812
vt 0.752622843 0.787452102
vt 0.732967615 0.740112305
vt 0.727088928 0.804814398
vt 0.732967615 0.740112305
vt 0.783180833 0.781474292
vt 0.783153951 0.730155408
vt 0.752622843 0.787452102
vt 0.783153951 0.730155408
vt 0.752594709 0.787569821
vt 0.73286289 0.740150928
vt 0.783180833 0.781474292
vt 0.73286289 0.740150928
vt 0.726653516 0.80483979
vt 0.690235794 0.768577337
vt 0.752594709 0.787569821
vt 0.690235794 0.768577337
vt 0.70924902 0.830686033
vt 0.661762476 0.811106741
vt 0.726653516 0.80483979
vt 0.661762476 0.811106741
vt 0.7035622 0.860960007
vt 0.651777565 0.861264586
vt 0.70924902 0.830686033
vt 0.651777565 0.861264586
vt 0.709540188 0.891426682
vt 0.661801279 0.911414683
vt 0.7035622 0.860960007
vt 0.661801279 0.911414683
vt 0.726745129 0.917242289
vt 0.690307617 0.953922212
vt 0.709540188 0.891426682
vt 0.690307617 0.953922212
vt 0.752502263 0.934497476
vt 0.732956648 0.982315719
vt 0.726745129 0.917242289
vt 0.732956648 0.982315719
vt 0.783242106 0.940431535
vt 0.783255458 0.992272556
vt 0.752502263 0.934497476
vt 0.783255458 0.992272556
vt 0.752788663 0.934414327
vt 0.732873797 0.982276976
vt 0.783242106 0.940431535
vt 0.726988554 0.917224169
vt 0.752788663 0.934414327
vt 0.783204675 0.861213982
vt 0.709439695 0.891331673
vt 0.703472257 0.860941947
vt 0.709656894 0.830550194
vt 0.727088928 0.804814398
vt 0.752622843 0.787452102
vt 0.783180833 0.781474292
vt 0.783242106 0.940431535
vt 0.752594709 0.787569821
vt 0.783180833 0.781474292
vt 0.783204675 0.861213982
vt 0.726653516 0.80483979
vt 0.70924902 0.830686033
vt 0.7035622 0.860960007
vt 0.709540188 0.891426682
vt 0.726745129 0.917242289
vt 0.752502263 0.934497476
vt 0.783242106 0.940431535
vt 0.732873797 0.982276976
vt 0.726988554 0.917224169
vt 0.690169811 0.953850627
vt 0.752788663 0.934414327
vt 0.690169811 0.953850627
vt 0.709439695 0.891331673
vt 0.661645114 0.911321163
vt 0.726988554 0.917224169
vt 0.661645114 0.911321163
vt 0.703472257 0.860941947
vt 0.651642203 0.861163437
vt 0.709439695 0.891331673
vt 0.651642203 0.861163437
vt 0.709656894 0.830550194
vt 0.661684036 0.811013341
vt 0.703472257 0.860941947
vt 0.661684036 0.811013341
vt 0.727088928 0.804814398
vt 0.690241694 0.768505812
vt 0.709656894 0.830550194
vt 0.690241694 0.768505812
vt 0.752622843 0.787452102
vt 0.732967615 0.740112305
vt 0.727088928 0.804814398
vt 0.732967615 0.740112305
vt 0.783180833 0.781474292
vt 0.783153951 0.730155408
vt 0.752622843 0.787452102
vt 0.783153951 0.730155408
vt 0.752594709 0.787569821
vt 0.73286289 0.740150928
vt 0.783180833 0.781474292
vt 0.73286289 0.740150928
vt 0.726653516 0.80483979
vt 0.690235794 0.768577337
vt 0.752594709 0.787569821
vt 0.690235794 0.768577337
vt 0.70924902 0.830686033
vt 0.661762476 0.811106741
vt 0.726653516 0.80483979
vt 0.661762476 0.811106741
vt 0.7035622 0.860960007
vt 0.651777565 0.861264586
vt 0.70924902 0.830686033
vt 0.651777565 0.861264586
vt 0.709540188 0.891426682
vt 0.661801279 0.911414683
vt 0.7035622 0.860960007
vt 0.661801279 0.911414683
vt 0.726745129 0.917242289
vt 0.690307617 0.953922212
vt 0.709540188 0.891426682
vt 0.690307617 0.953922212
vt 0.752502263 0.934497476
vt 0.732956648 0.982315719
vt 0.726745129 0.917242289
vt 0.732956648 0.982315719
vt 0.783242106 0.940431535
vt 0.783255458 0.992272556
vt 0.752502263 0.934497476
vt 0.783255458 0.992272556
vt 0.752788663 0.934414327
vt 0.732873797 0.982276976
vt 0.783242106 0.940431535
vt 0.726988554 0.917224169
vt 0.752788663 0.934414327
vt 0.783204675 0.861213982
vt 0.709439695 0.891331673
vt 0.703472257 0.860941947
vt 0.709656894 0.830550194
vt 0.727088928 0.804814398
vt 0.752622843 0.787452102
vt 0.783180833 0.781474292
vt 0.783242106 0.940431535
vt 0.752594709 0.787569821
vt 0.783180833 0.781474292
vt 0.783204675 0.861213982
vt 0.726653516 0.80483979
vt 0.70924902 0.830686033
vt 0.7035622 0.860960007
vt 0.709540188 0.891426682
vt 0.726745129 0.917242289
vt 0.752502263 0.934497476
vt 0.783242106 0.940431535
vt 1.60011816 -0.00279370788
vt 1.52709186 -0.0384808779
vt 1.60011816 -0.0384856351
vt 1.52709186 -0.00279370788
vt 1.60011816 -0.00279370788
vt 1.52709186 -0.0385213755
vt 1.60011816 -0.0385246314
vt 1.52709186 -0.00279370788
vt 1.60011816 -0.00279370788
vt 1.52709186 -0.0385283157
vt 1.52709186 -0.00279370788
vt 1.60011816 -0.0385246314
vt 1.60011816 -0.00279370788
vt 1.52709186 -0.03849205
vt 1.52709186 -0.00279370788
vt 1.60011816 -0.0384856351
vt 1.52709186 -0.00279370788
vt 1.60011816 -0.0384731777
vt 1.52709186 -0.0384808779
vt 1.60011816 -0.00279370788
vt 1.52709186 -0.00279370788
vt 1.60011816 -0.0385149457
vt 1.52709186 -0.0385213755
vt 1.60011816 -0.00279370788
vt 1.52709186 -0.00279370788
vt 1.60011816 -0.0384856351
vt 1.52709186 -0.0384808183
vt 1.60011816 -0.00279370788
vt 1.52709186 -0.00279370788
vt 1.60011816 -0.0383849144
vt 1.52709186 -0.038371861
vt 1.60011816 -0.00279370788
vt 1.52709186 -0.00279370788
vt 1.60011816 -0.0385289565
vt 1.52709186 -0.0385320708
vt 1.60011816 -0.00279370788
vt 1.52709186 -0.0383384228
vt 1.60011816 -0.00279370788
vt 1.60011816 -0.0383556485
vt 1.52709186 -0.00279370788
vt 1.52709186 -0.0384597518
vt 1.60011816 -0.00279370788
vt 1.60011816 -0.0384727903
vt 1.52709186 -0.00279370788
vt 1.60011816 -0.0384727903
vt 1.52709186 -0.00279370788
vt 1.52709186 -0.0384808183
vt 1.60011816 -0.00279370788
vt 1.60011816 -0.0383556485
vt 1.52709186 -0.00279370788
vt 1.52709186 -0.038371861
vt 1.60011816 -0.00279370788
vt 1.60011816 -0.0383181535
vt 1.52709186 -0.00279370788
vt 1.52709186 -0.0383384228
vt 1.60011816 -0.00279370788
vt 1.60011816 -0.0384435393
vt 1.52709186 -0.00279370788
vt 1.52709186 -0.0384597518
vt 1.60011816 -0.00279370788
vt 1.60011816 -0.0385289565
vt 1.52709186 -0.00279370788
vt 1.52709186 -0.0385283157
vt 1.60011816 -0.00279370788
vt 1.60011816 -0.0384953767
vt 1.52709186 -0.00279370788
vt 1.52709186 -0.03849205
vt 1.60011816 -0.00279370788
vt 1.60011816 -0.0384856351
vt 1.52709186 -0.00279370788
vt 1.52709186 -0.0384919457
vt 1.60011816 -0.00279370788
vt 0.34205243 0.796419084
vt 0.304365546 0.738142967
vt 0.304365486 0.796419084
vt 0.34205249 0.738142967
vt 0.304365486 0.854695141
vt 0.34205243 0.854695141
vt 0.34205243 0.912971377
vt 0.34205249 0.679866791
vt 0.520982563 0.859808505
vt 0.482853502 0.91831553
vt 0.482853502 0.859808505
vt 0.520982563 0.918315411
vt 0.520982563 0.976822436
vt 0.482853502 0.80130142
vt 0.520982563 0.80130142
vt 0.482853502 0.742794514
vt 0.520982563 0.742794514
vt 0.520982563 0.698592901
vt 0.34186247 0.854695141
vt 0.304175526 0.796418965
vt 0.304175526 0.854695141
vt 0.34186247 0.796418965
vt 0.34186253 0.738142908
vt 0.304175586 0.738142908
vt 0.341862589 0.679866791
vt 0.34186247 0.912971318
vt 0.521174729 0.918315411
vt 0.483045608 0.859808505
vt 0.483045608 0.91831553
vt 0.521174729 0.859808505
vt 0.521174729 0.80130142
vt 0.483045548 0.80130142
vt 0.521174729 0.742794514
vt 0.483045548 0.742794514
vt 0.521174729 0.698592901
vt 0.521174729 0.976822436
vn 0 -1 -2.22044605e-16
vn 0 -1 -2.22044605e-16
vn 0 -1 -2.22044605e-16
vn 0 -1 -2.22044605e-16
vn 0 -1 -2.22044605e-16
vn 0 -1 -2.22044605e-16
vn 0 -1 -2.22044605e-16
vn 0 -1 -2.22044605e-16
vn 0 -1 -2.22044605e-16
vn 0 -1 -2.22044605e-16
vn 0 -1 -2.22044605e-16
vn 0 -1 -2.22044605e-16
vn 0 -1 -2.22044605e-16
vn 0 -1 -2.22044605e-16
vn 0 -1 -2.22044605e-16
vn 0 -1 -2.22044605e-16
vn 0 -1 -2.22044605e-16
vn 0 -1 -2.22044605e-16
vn 0 -1 -2.22044605e-16
vn 0 -1 -2.22044605e-16
vn 0 -1 -2.22044605e-16
vn 0 -1 -2.22044605e-16
vn 0 -1 -2.22044605e-16
vn 0 -1 -2.22044605e-16
vn 0 -1 -2.22044605e-16
vn 0 -1 -2.22044605e-16
vn 0 -1 -2.22044605e-16
vn 0 -1 -2.22044605e-16
vn 0 -1 -2.22044605e-16
vn 0 -1 -2.22044605e-16
vn 0 -1 -2.22044605e-16
vn 0 -1 -2.22044605e-16
vn 0 -1 -2.22044605e-16
vn 0 -1 -2.22044605e-16
vn 0 -1 -2.22044605e-16
vn 0 -1 -2.22044605e-16
vn 0 -1 -2.22044605e-16
vn 0 -1 -2.22044605e-16
vn 0 -1 -2.22044605e-16
vn 0 -1 -2.22044605e-16
vn 0 -1 -2.22044605e-16
vn 0 -1 -2.22044605e-16
vn 0 -1 -2.22044605e-16
vn 0 -1 -2.22044605e-16
vn 0 -1 -2.22044605e-16
vn 0 -1 -2.22044605e-16
vn 0 -1 -2.22044605e-16
vn 0 -1 -2.22044605e-16
vn 0 -1 -2.22044605e-16
vn 0 -1 -2.22044605e-16
vn 0 -1 -2.22044605e-16
vn 0 -1 -2.22044605e-16
vn 0 -1 -2.22044605e-16
vn 0 -1 -2.22044605e-16
vn 0 -1 -2.22044605e-16
vn 0 -1 -2.22044605e-16
vn 0 -1 -2.22044605e-16
vn 0 -1 -2.22044605e-16
vn 0 -1 -2.22044605e-16
vn 0 -1 -2.22044605e-16
vn 0 -1 -2.22044605e-16
vn 0 -1 -2.22044605e-16
vn 0 -1 -2.22044605e-16
vn 0 -1 -2.22044605e-16
vn 0 -1 -2.22044605e-16
vn 0 -1 -2.22044605e-16
vn 0 -1 -2.22044605e-16
vn 0 -1 -2.22044605e-16
vn 0 -1 -2.22044605e-16
vn 0 -1 -2.22044605e-16
vn 0 -1 -2.22044605e-16
vn 0 -1 -2.22044605e-16
vn 0 -1 -2.22044605e-16
vn 0 -1 -2.22044605e-16
vn 0 -1 -2.22044605e-16
vn 0 -1 -2.22044605e-16
vn 0 -1 -2.22044605e-16
vn 0 -1 -2.22044605e-16
vn 0 -1 -2.22044605e-16
vn 0 -1 -2.22044605e-16
vn 0 -1 -2.22044605e-16
vn 0 -1 -2.22044605e-16
vn 0 -1 -2.22044605e-16
vn 0 -1 -2.22044605e-16
vn 0 -1 -2.22044605e-16
vn 0 -1 -2.22044605e-16
vn 0 -1 -2.22044605e-16
vn 0 -1 -2.22044605e-16
vn 0 -1 -2.22044605e-16
vn 0 -1 -2.22044605e-16
vn 0 -1 -2.22044605e-16
vn 0 -1 -2.22044605e-16
vn 0 -1 -2.22044605e-16
vn 0 -1 -2.22044605e-16
vn 0 -1 -2.22044605e-16
vn 0 -1 -2.22044605e-16
vn 0 -1 -2.22044605e-16
vn 0 -1 -2.22044605e-16
vn 0 -1 -2.22044605e-16
vn 0 -1 -2.22044605e-16
vn 0 -1 -2.22044605e-16
vn 0 -1 -2.22044605e-16
vn 0 -1 -2.22044605e-16
vn 0 -1 -2.22044605e-16
vn 0 -1 -2.22044605e-16
vn 0 -1 -2.22044605e-16
vn 0 -1 -2.22044605e-16
vn 0 -1 -2.22044605e-16
vn 0 -1 -2.22044605e-16
vn 0 -1 -2.22044605e-16
vn 0 -1 -2.22044605e-16
vn 0 -1 -2.22044605e-16
vn 0 -1 -2.22044605e-16
vn 0 -1 -2.22044605e-16
vn 0 -1 -2.22044605e-16
vn 0 -1 -2.22044605e-16
vn 0 -1 -2.22044605e-16
vn 0 -1 -2.22044605e-16
vn 0 -1 -2.22044605e-16
vn 0 -1 -2.22044605e-16
vn 0 -1 -2.22044605e-16
vn 0 -1 -2.22044605e-16
vn 0 -1 -2.22044605e-16
vn 0 -1 -2.22044605e-16
vn 0 -1 -2.22044605e-16
vn 0 -1 -2.22044605e-16
vn 0 -1 -2.22044605e-16
vn 0 -1 -2.22044605e-16
vn 0 -1 -2.22044605e-16
vn 0 -1 -2.22044605e-16
vn 0 -1 -2.22044605e-16
vn 0 -1 -2.22044605e-16
vn 0 -1 -2.22044605e-16
vn 0 -1 -2.22044605e-16
vn 0 -1 -2.22044605e-16
vn 0 -1 -2.22044605e-16
vn 0 -1 -2.22044605e-16
vn 0 -1 -2.22044605e-16
vn 0 -1 -2.22044605e-16
vn 0 -1 -2.22044605e-16
vn 0 -1 -2.22044605e-16
vn 0 -1 -2.22044605e-16
vn 0 -1 -2.22044605e-16
vn 0 -1 -2.22044605e-16
vn 0 -1 -2.22044605e-16
vn 0 -1 -2.22044605e-16
vn 0 -1 -2.22044605e-16
vn 0 -1 -2.22044605e-16
vn 0 -1 -2.22044605e-16
vn 0 -1 -2.22044605e-16
vn 0 -1 -2.22044605e-16
vn 0 -1 -2.22044605e-16
vn 0 -1 -2.22044605e-16
vn 0 -1 -2.22044605e-16
vn 0 -1 -2.22044605e-16
vn 0 -1 -2.22044605e-16
vn 0 -1 -2.22044605e-16
vn 0 -1 -2.22044605e-16
vn 0 -1 -2.22044605e-16
vn 0 -1 -2.22044605e-16
vn 0 -1 -2.22044605e-16
vn 0 -1 -2.22044605e-16
vn 0 -1 -2.22044605e-16
vn 0 -1 -2.22044605e-16
vn 0 -1 -2.22044605e-16
vn 0 -1 -2.22044605e-16
vn 0 -1 -2.22044605e-16
vn 0 -1 -2.22044605e-16
vn 0 -1 -2.22044605e-16
vn 0 -1 -2.22044605e-16
vn 0 -1 -2.22044605e-16
vn 0 -1 -2.22044605e-16
vn 0 -1 -2.22044605e-16
vn 0 -1 -2.22044605e-16
vn 0 -1 -2.22044605e-16
vn 0 -1 -2.22044605e-16
vn 0 -1 -2.22044605e-16
vn 0 -1 -2.22044605e-16
vn 0 -1 -2.22044605e-16
vn 0 -1 -2.22044605e-16
vn 0 -1 -2.22044605e-16
vn 0 -1 -2.22044605e-16
vn 0 -1 -2.22044605e-16
vn 0 -1 -2.22044605e-16
vn 0 -1 -2.22044605e-16
vn 0 -1 -2.22044605e-16
vn 0 -1 -2.22044605e-16
vn 0 -1 -2.22044605e-16
vn 0 -1 -2.22044605e-16
vn 0 -1 -2.22044605e-16
vn 0 -1 -2.22044605e-16
vn 0 -1 -2.22044605e-16
vn 0 -1 -2.22044605e-16
vn 0 -1 -2.22044605e-16
vn 0 -1 -2.22044605e-16
vn 0 -1 -2.22044605e-16
vn 0 -1 -2.22044605e-16
vn 0 -1 -2.22044605e-16
vn 0 -1 -2.22044605e-16
vn 0 -1 -2.22044605e-16
vn 0 -1 -2.22044605e-16
vn 0 -1 -2.22044605e-16
vn 0 -1 -2.22044605e-16
vn 0 -1 -2.22044605e-16
vn 0 -1 -2.22044605e-16
vn 0 -1 -2.22044605e-16
vn 0 -1 -2.22044605e-16
vn 0 -1 -2.22044605e-16
vn 0 -1 -2.22044605e-16
vn 0 -1 -2.22044605e-16
vn 0 -1 -2.22044605e-16
vn 0 -1 -2.22044605e-16
vn 0 -1 -2.22044605e-16
vn 0 -1 -2.22044605e-16
vn 0 -1 -2.22044605e-16
vn 0 -1 -2.22044605e-16
vn 0 -1 -2.22044605e-16
vn 0 -1 -2.22044605e-16
vn 0 -1 -2.22044605e-16
vn 0 -1 -2.22044605e-16
vn 0 -1 -2.22044605e-16
vn 0 -1 -2.22044605e-16
vn 0 -1 -2.22044605e-16
vn 0 -1 -2.22044605e-16
vn 0 -1 -2.22044605e-16
vn 0 -1 -2.22044605e-16
vn 0 -1 -2.22044605e-16
vn 0 -1 -2.22044605e-16
vn 0 -1 -2.22044605e-16
vn 0 -1 -2.22044605e-16
vn 0 -1 -2.22044605e-16
vn 0 -1 -2.22044605e-16
vn 0 -1 -2.22044605e-16
vn 0 -1 -2.22044605e-16
vn 0 -1 -2.22044605e-16
vn 0 -1 -2.22044605e-16
vn 0 -1 -2.22044605e-16
vn 0 -1 -2.22044605e-16
vn 0 -1 -2.22044605e-16
vn 0 -1 -2.22044605e-16
vn 0 -1 -2.22044605e-16
vn 0 -1 -2.22044605e-16
vn 0 -1 -2.22044605e-16
vn 0 -1 -2.22044605e-16
vn 0 -1 -2.22044605e-16
vn 0 -1 -2.22044605e-16
vn 0 -1 -2.22044605e-16
vn 0 -1 -2.22044605e-16
vn 0 -1 -2.22044605e-16
vn 0 -1 -2.22044605e-16
vn 0 -1 -2.22044605e-16
vn 0 -1 -2.22044605e-16
vn 0 -1 -2.22044605e-16
vn 0 -1 -2.22044605e-16
vn 0 -1 -2.22044605e-16
vn 0 -1 -2.22044605e-16
vn 0 -1 -2.22044605e-16
vn 0 -1 -2.22044605e-16
vn 0 -1 -2.22044605e-16
vn 0 -1 -2.22044605e-16
vn 0 -1 -2.22044605e-16
vn 0 -1 -2.22044605e-16
vn 0 -1 -2.22044605e-16
vn 0 -1 -2.22044605e-16
vn 0 -1 -2.22044605e-16
vn 0 -1 -2.22044605e-16
vn 0 -1 -2.22044605e-16
vn 0 -1 -2.22044605e-16
vn 0 -1 -2.22044605e-16
vn 0 -1 -2.22044605e-16
vn 0 -1 -2.22044605e-16
vn 0 -1 -2.22044605e-16
vn 0 -1 -2.22044605e-16
vn 0 -1 -2.22044605e-16
vn 0 -1 -2.22044605e-16
vn 0 -1 -2.22044605e-16
vn 0 -1 -2.22044605e-16
vn 0 -1 -2.22044605e-16
vn 0 -1 -2.22044605e-16
vn 0 -1 -2.22044605e-16
vn 0 -1 -2.22044605e-16
vn 0 -1 -2.22044605e-16
vn 0 -1 -2.22044605e-16
vn 0 -1 -2.22044605e-16
vn 0 -1 -2.22044605e-16
vn 0 -1 -2.22044605e-16
vn 0 -1 -2.22044605e-16
vn 0 -1 -2.22044605e-16
vn 0 -1 -2.22044605e-16
vn 0 -1 -2.22044605e-16
vn 0 -1 -2.22044605e-16
vn 0 -1 -2.22044605e-16
vn 0 -1 -2.22044605e-16
vn 0 -1 -2.22044605e-16
vn 0 -1 -2.22044605e-16
vn 0 -1 -2.22044605e-16
vn 0 -1 -2.22044605e-16
vn 0 -1 -2.22044605e-16
vn 0 -1 -2.22044605e-16
vn 0 -1 -2.22044605e-16
vn 0 -1 -2.22044605e-16
vn 0 -1 -2.22044605e-16
vn 0 -1 -2.22044605e-16
vn 0 -1 -2.22044605e-16
vn 0 -1 -2.22044605e-16
vn 0 -1 -2.22044605e-16
vn 0 -1 -2.22044605e-16
vn 0 -1 -2.22044605e-16
vn 0 -1 -2.22044605e-16
vn 0 -1 -2.22044605e-16
vn 0 -1 -2.22044605e-16
vn 0 -1 -2.22044605e-16
vn 0 -1 -2.22044605e-16
vn 0 -1 -2.22044605e-16
vn 0 -1 -2.22044605e-16
vn 0 -1 -2.22044605e-16
vn 0 -1 -2.22044605e-16
vn 0 -1 -2.22044605e-16
vn 0 -1 -2.22044605e-16
vn 0 -1 -2.22044605e-16
vn 0 -1 -2.22044605e-16
vn 0 -1 -2.22044605e-16
vn 0 -1 -2.22044605e-16
vn 0 -1 -2.22044605e-16
vn 0 -1 -2.22044605e-16
vn 0 -1 -2.22044605e-16
vn 0 -1 -2.22044605e-16
vn 0 -1 -2.22044605e-16
vn 0 -1 -2.22044605e-16
vn 0 -1 -2.22044605e-16
vn 0 -1 -2.22044605e-16
vn 0 -1 -2.22044605e-16
vn 0 -1 -2.22044605e-16
vn 0 -1 -2.22044605e-16
vn 0 -1 -2.22044605e-16
vn 0 -1 -2.22044605e-16
vn 0 -1 -2.22044605e-16
vn 0 -1 -2.22044605e-16
vn 0 -1 -2.22044605e-16
vn 0 -1 -2.22044605e-16
vn 0 -1 -2.22044605e-16
vn 0 -1 -2.22044605e-16
vn 0 -1 -2.22044605e-16
vn 0 -1 -2.22044605e-16
vn 0 -1 -2.22044605e-16
vn 0 -1 -2.22044605e-16
vn 0 -1 -2.22044605e-16
vn 0 -1 -2.22044605e-16
vn 0 -1 -2.22044605e-16
vn 0 -1 -2.22044605e-16
vn 0 -1 -2.22044605e-16
vn 0 -1 -2.22044605e-16
vn 0 -1 -2.22044605e-16
vn 0 -1 -2.22044605e-16
vn 0 -1 -2.22044605e-16
vn 0 -1 -2.22044605e-16
vn 0 -1 -2.22044605e-16
vn 0 -1 -2.22044605e-16
vn 0 -1 -2.22044605e-16
vn 0 -1 -2.22044605e-16
vn 0 -1 -2.22044605e-16
vn 0 -1 -2.22044605e-16
vn 0 -1 -2.22044605e-16
vn 0 -1 -2.22044605e-16
vn 0 -1 -2.22044605e-16
vn 0 -1 -2.22044605e-16
vn 0 -1 -2.22044605e-16
vn 0 -1 -2.22044605e-16
vn 0 -1 -2.22044605e-16
vn 0 -1 -2.22044605e-16
vn 0 -1 -2.22044605e-16
vn 0 -1 -2.22044605e-16
vn 0 -1 -2.22044605e-16
vn 0 -1 -2.22044605e-16
vn 0 -1 -2.22044605e-16
vn 0 -1 -2.22044605e-16
vn 0 -1 -2.22044605e-16
vn 0 -1 -2.22044605e-16
vn 0 -1 -2.22044605e-16
vn 0 -1 -2.22044605e-16
vn 0 -1 -2.22044605e-16
vn 0 -1 -2.22044605e-16
vn 0 -1 -2.22044605e-16
vn 0 -1 -2.22044605e-16
vn 0 -1 -2.22044605e-16
vn 0 -1 -2.22044605e-16
vn 0 -1 -2.22044605e-16
vn 0 -1 -2.22044605e-16
vn 0 -1 -2.22044605e-16
vn 0 -1 -2.22044605e-16
vn 0 -1 -2.22044605e-16
vn 0 -1 -2.22044605e-16
vn 0 -1 -2.22044605e-16
vn 0 -1 -2.22044605e-16
vn 0 -1 -2.22044605e-16
vn 0 -1 -2.22044605e-16
vn 0 -1 -2.22044605e-16
vn 0 -1 -2.22044605e-16
vn 0 -1 -2.22044605e-16
vn 0 -1 -2.22044605e-16
vn 0 -1 -2.22044605e-16
vn 0 -1 -2.22044605e-16
vn 0 -1 -2.22044605e-16
vn 0 -1 -2.22044605e-16
vn 0 -1 -2.22044605e-16
vn 0 -1 -2.22044605e-16
vn 0 -1 -2.22044605e-16
vn 0 -1 -2.22044605e-16
vn 0 -1 -2.22044605e-16
vn 0 -1 -2.22044605e-16
vn 0 -1 -2.22044605e-16
vn 0 -1 -2.22044605e-16
vn 0 -1 -2.22044605e-16
vn 0 -1 -2.22044605e-16
vn 0 -1 -2.22044605e-16
vn 0 -1 -2.22044605e-16
vn 0 -1 -2.22044605e-16
vn 0 -1 -2.22044605e-16
vn 0 -1 -2.22044605e-16
vn 0 -1 -2.22044605e-16
vn 0 -1 -2.22044605e-16
vn 0 -1 -2.22044605e-16
vn 0 -1 -2.22044605e-16
vn 0 -1 -2.22044605e-16
vn 0 -1 -2.22044605e-16
vn 0 -1 -2.22044605e-16
vn 0 -1 -2.22044605e-16
vn 0 -1 -2.22044605e-16
vn 0 -1 -2.22044605e-16
vn 0 -1 -2.22044605e-16
vn 0 -1 -2.22044605e-16
vn 0 -1 -2.22044605e-16
vn 0 -1 -2.22044605e-16
vn 0 -1 -2.22044605e-16
vn 0 -1 -2.22044605e-16
vn 0 -1 -2.22044605e-16
vn 0 -1 -2.22044605e-16
vn 0 -1 -2.22044605e-16
vn 0 -1 -2.22044605e-16
vn 0 -1 -2.22044605e-16
vn 0 -1 -2.22044605e-16
vn 0 -1 -2.22044605e-16
vn 0 -1 -2.22044605e-16
vn 0 -1 -2.22044605e-16
vn 0 -1 -2.22044605e-16
vn 0 -1 -2.22044605e-16
vn 0 -1 -2.22044605e-16
vn 0 -1 -2.22044605e-16
vn 0 -1 -2.22044605e-16
vn 0 -1 -2.22044605e-16
vn 0 -1 -2.22044605e-16
vn 0 -1 -2.22044605e-16
vn 0 -1 -2.22044605e-16
vn 0 -1 -2.22044605e-16
vn 0 -1 -2.22044605e-16
vn 0 -1 -2.22044605e-16
vn 0 -1 -2.22044605e-16
vn 0 -1 -2.22044605e-16
vn 0 -1 -2.22044605e-16
vn 0 -1 -2.22044605e-16
vn 0 -1 -2.22044605e-16
vn 0 -1 -2.22044605e-16
vn 0 -1 -2.22044605e-16
vn 0 -1 -2.22044605e-16
vn 0 -1 -2.22044605e-16
vn 0 -1 -2.22044605e-16
vn 0 -1 -2.22044605e-16
vn 0 -1 -2.22044605e-16
vn 0 -1 -2.22044605e-16
vn 0 -1 -2.22044605e-16
vn 0 -1 -2.22044605e-16
vn 0 -1 -2.22044605e-16
vn 0 -1 -2.22044605e-16
vn 0 -1 -2.22044605e-16
vn 0 -1 -2.22044605e-16
vn 0 -1 -2.22044605e-16
vn 0 -1 -2.22044605e-16
vn 0 -1 -2.22044605e-16
vn 0 -1 -2.22044605e-16
vn 0 -1 -2.22044605e-16
vn 0 -1 -2.22044605e-16
vn 0 -1 -2.22044605e-16
vn 0 -1 -2.22044605e-16
vn 0 -1 -2.22044605e-16
vn 0 -1 -2.22044605e-16
vn 0 -1 -2.22044605e-16
vn 0 -1 -2.22044605e-16
vn 0 -1 -2.22044605e-16
vn 0 -1 -2.22044605e-16
vn 0 -1 -2.22044605e-16
vn 0 -1 -2.22044605e-16
vn 0 -1 -2.22044605e-16
vn 0 -1 -2.22044605e-16
vn 0 -1 -2.22044605e-16
vn 0 -1 -2.22044605e-16
vn 0 -1 -2.22044605e-16
vn 0 -1 -2.22044605e-16
vn 0 -1 -2.22044605e-16
vn 0 -1 -2.22044605e-16
vn 0 -1 -2.22044605e-16
vn 0 -1 -2.22044605e-16
vn 0 -1 -2.22044605e-16
vn 0 -1 -2.22044605e-16
vn 0 -1 -2.22044605e-16
vn 0 -1 -2.22044605e-16
vn 0 -1 -2.22044605e-16
vn 0 -1 -2.22044605e-16
vn 0 -1 -2.22044605e-16
vn 0 -1 -2.22044605e-16
vn 0 -1 -2.22044605e-16
vn 0 -1 -2.22044605e-16
vn 0 -1 -2.22044605e-16
vn 0 -1 -2.22044605e-16
vn 0 -1 -2.22044605e-16
vn 0 -1 -2.22044605e-16
vn 0 -1 -2.22044605e-16
vn 0 -1 -2.22044605e-16
vn 0 -1 -2.22044605e-16
vn 0 -1 -2.22044605e-16
vn 0 -1 -2.22044605e-16
vn 0 -1 -2.22044605e-16
vn 0 -1 -2.22044605e-16
vn 0 -1 -2.22044605e-16
vn 0 -1 -2.22044605e-16
vn 0 -1 -2.22044605e-16
vn -0.618930546 -0.775713582 -0.123261587
vn -0.618953447 -0.775694584 -0.123266149
vn -0.618930546 -0.775713582 -0.123261587
vn -0.618953447 -0.775694584 -0.123266149
vn -0.525819736 -0.775283778 -0.349926662
vn -0.525839203 -0.77526473 -0.34993961
vn -0.525819736 -0.775283778 -0.349926662
vn -0.525839203 -0.77526473 -0.34993961
vn -0.350941378 -0.77445511 -0.526364353
vn -0.350941378 -0.77445511 -0.526364353
vn -0.350941378 -0.77445511 -0.526364353
vn -0.350941378 -0.77445511 -0.526364353
vn -0.122642053 -0.77447598 -0.620601227
vn -0.122735986 -0.77446693 -0.620593951
vn -0.122735986 -0.77446693 -0.620593951
vn -0.122642053 -0.77447598 -0.620601227
vn 0.124267833 -0.774504254 -0.620242425
vn 0.124263244 -0.774523346 -0.620219504
vn 0.124267833 -0.774504254 -0.620242425
vn 0.124263244 -0.774523346 -0.620219504
vn 0.350193443 -0.773153071 -0.528771105
vn 0.350193443 -0.773153071 -0.528771105
vn 0.350193443 -0.773153071 -0.528771105
vn 0.350193443 -0.773153071 -0.528771105
vn 0.528434918 -0.772386649 -0.352385303
vn 0.528434918 -0.772386649 -0.352385303
vn 0.528434918 -0.772386649 -0.352385303
vn 0.528434918 -0.772386649 -0.352385303
vn 0.622650314 -0.772662388 -0.123690827
vn 0.622650314 -0.772662388 -0.123690827
vn 0.622650314 -0.772662388 -0.123690827
vn 0.622650314 -0.772662388 -0.123690827
vn 0.622650314 -0.772662388 0.123690827
vn 0.622650314 -0.772662388 0.123690827
vn 0.622650314 -0.772662388 0.123690827
vn 0.622650314 -0.772662388 0.123690827
vn 0.528434918 -0.772386649 0.352385303
vn 0.528434918 -0.772386649 0.352385303
vn 0.528434918 -0.772386649 0.352385303
vn 0.528434918 -0.772386649 0.352385303
vn 0.350184595 -0.773133583 0.528805458
vn 0.350184595 -0.773133583 0.528805458
vn 0.350184595 -0.773133583 0.528805458
vn 0.350184595 -0.773133583 0.528805458
vn 0.124264153 -0.774481385 0.620271718
vn 0.124259574 -0.774500459 0.620248818
vn 0.124264153 -0.774481385 0.620271718
vn 0.124259574 -0.774500459 0.620248818
vn -0.122739627 -0.774489826 0.620564656
vn -0.122645684 -0.774498942 0.620571854
vn -0.122645684 -0.774498942 0.620571854
vn -0.122739627 -0.774489826 0.620564656
vn -0.350932549 -0.774435662 0.526398853
vn -0.350932549 -0.774435662 0.526398853
vn -0.350932549 -0.774435662 0.526398853
vn -0.350932549 -0.774435662 0.526398853
vn -0.525811007 -0.775270806 0.349968517
vn -0.525839203 -0.77526473 0.34993961
vn -0.525819736 -0.775283778 0.349926662
vn -0.525830442 -0.775251797 0.349981423
vn -0.618930546 -0.775713582 0.123261587
vn -0.618953447 -0.775694584 0.123266149
vn -0.618930546 -0.775713582 0.123261587
vn -0.618953447 -0.775694584 0.123266149
vn 0 -1 -2.22044605e-16
vn 0 -1 -2.22044605e-16
vn 0 -1 -2.22044605e-16
vn 0 -1 -2.22044605e-16
vn 0 -1 -2.22044605e-16
vn 0 -1 -2.22044605e-16
vn 0 -1 -2.22044605e-16
vn 0 -1 -2.22044605e-16
vn 0 -1 -2.22044605e-16
vn 0 -1 -2.22044605e-16
vn 0 -1 -2.22044605e-16
vn 0 -1 -2.22044605e-16
vn 0 -1 -2.22044605e-16
vn 0 -1 -2.22044605e-16
vn 0 -1 -2.22044605e-16
vn 0 -1 -2.22044605e-16
vn 0 -1 -2.22044605e-16
vn 0 -1 -2.22044605e-16
vn 0 -1 -2.22044605e-16
vn 0 -1 -2.22044605e-16
vn -0.618930546 -0.775713582 -0.123261587
vn -0.618953447 -0.775694584 -0.123266149
vn -0.618930546 -0.775713582 -0.123261587
vn -0.618953447 -0.775694584 -0.123266149
vn -0.525819736 -0.775283778 -0.349926662
vn -0.525839203 -0.77526473 -0.34993961
vn -0.525819736 -0.775283778 -0.349926662
vn -0.525839203 -0.77526473 -0.34993961
vn -0.350941378 -0.77445511 -0.526364353
vn -0.350941378 -0.77445511 -0.526364353
vn -0.350941378 -0.77445511 -0.526364353
vn -0.350941378 -0.77445511 -0.526364353
vn -0.122642053 -0.77447598 -0.620601227
vn -0.122642053 -0.77447598 -0.620601227
vn -0.122642053 -0.77447598 -0.620601227
vn -0.122642053 -0.77447598 -0.620601227
vn 0.124173927 -0.77451344 -0.620249762
vn 0.124169353 -0.77453253 -0.620226839
vn 0.124173927 -0.77451344 -0.620249762
vn 0.124169353 -0.77453253 -0.620226839
vn 0.350193443 -0.773153071 -0.528771105
vn 0.350193443 -0.773153071 -0.528771105
vn 0.350193443 -0.773153071 -0.528771105
vn 0.350193443 -0.773153071 -0.528771105
vn 0.528503668 -0.772347705 -0.352367558
vn 0.528503668 -0.772347705 -0.352367558
vn 0.528503668 -0.772347705 -0.352367558
vn 0.528503668 -0.772347705 -0.352367558
vn 0.6225919 -0.772708281 -0.12369818
vn 0.6225919 -0.772708281 -0.12369818
vn 0.6225919 -0.772708281 -0.12369818
vn 0.6225919 -0.772708281 -0.12369818
vn 0.6225919 -0.772708281 0.12369818
vn 0.6225919 -0.772708281 0.12369818
vn 0.6225919 -0.772708281 0.12369818
vn 0.6225919 -0.772708281 0.12369818
vn 0.528503668 -0.772347705 0.352367558
vn 0.528503668 -0.772347705 0.352367558
vn 0.528503668 -0.772347705 0.352367558
vn 0.528503668 -0.772347705 0.352367558
vn 0.350184595 -0.773133583 0.528805458
vn 0.350184595 -0.773133583 0.528805458
vn 0.350184595 -0.773133583 0.528805458
vn 0.350184595 -0.773133583 0.528805458
vn 0.124170257 -0.774490541 0.62027909
vn 0.124165679 -0.774509638 0.620256161
vn 0.124170257 -0.774490541 0.62027909
vn 0.124165679 -0.774509638 0.620256161
vn -0.122645684 -0.774498942 0.620571854
vn -0.122645684 -0.774498942 0.620571854
vn -0.122645684 -0.774498942 0.620571854
vn -0.122645684 -0.774498942 0.620571854
vn -0.350932549 -0.774435662 0.526398853
vn -0.350932549 -0.774435662 0.526398853
vn -0.350932549 -0.774435662 0.526398853
vn -0.350932549 -0.774435662 0.526398853
vn -0.525811007 -0.775270806 0.349968517
vn -0.525839203 -0.77526473 0.34993961
vn -0.525819736 -0.775283778 0.349926662
vn -0.525830442 -0.775251797 0.349981423
vn -0.618930546 -0.775713582 0.123261587
vn -0.618953447 -0.775694584 0.123266149
vn -0.618930546 -0.775713582 0.123261587
vn -0.618953447 -0.775694584 0.123266149
vn 0 -1 -2.22044605e-16
vn 0 -1 -2.22044605e-16
vn 0 -1 -2.22044605e-16
vn 0 -1 -2.22044605e-16
vn 0 -1 -2.22044605e-16
vn 0 -1 -2.22044605e-16
vn 0 -1 -2.22044605e-16
vn 0 -1 -2.22044605e-16
vn 0 -1 -2.22044605e-16
vn 0 -1 -2.22044605e-16
vn 0 -1 -2.22044605e-16
vn 0 -1 -2.22044605e-16
vn 0 -1 -2.22044605e-16
vn 0 -1 -2.22044605e-16
vn 0 -1 -2.22044605e-16
vn 0 -1 -2.22044605e-16
vn 0 -1 -2.22044605e-16
vn 0 -1 -2.22044605e-16
vn 0 -1 -2.22044605e-16
vn 0 -1 -2.22044605e-16
vn -0.618926923 -0.775709008 -0.12330855
vn -0.618957068 -0.775699156 -0.123219185
vn -0.618934188 -0.775718134 -0.123214639
vn -0.618949795 -0.775690034 -0.123313107
vn -0.525811007 -0.775270806 -0.349968517
vn -0.525830442 -0.775251797 -0.349981423
vn -0.525811007 -0.775270806 -0.349968517
vn -0.525830442 -0.775251797 -0.349981423
vn -0.350932549 -0.774435662 -0.526398853
vn -0.350932549 -0.774435662 -0.526398853
vn -0.350932549 -0.774435662 -0.526398853
vn -0.350932549 -0.774435662 -0.526398853
vn -0.122638424 -0.774453075 -0.620630528
vn -0.122732356 -0.774444043 -0.62062323
vn -0.122732356 -0.774444043 -0.62062323
vn -0.122638424 -0.774453075 -0.620630528
vn 0.124264153 -0.774481385 -0.620271718
vn 0.124259574 -0.774500459 -0.620248818
vn 0.124264153 -0.774481385 -0.620271718
vn 0.124259574 -0.774500459 -0.620248818
vn 0.350202246 -0.773172581 -0.528736746
vn 0.350202246 -0.773172581 -0.528736746
vn 0.350202246 -0.773172581 -0.528736746
vn 0.350202246 -0.773172581 -0.528736746
vn 0.528417128 -0.772360708 -0.35246883
vn 0.528417128 -0.772360708 -0.35246883
vn 0.528417128 -0.772360708 -0.35246883
vn 0.528417128 -0.772360708 -0.35246883
vn 0.622642942 -0.772653291 -0.12378473
vn 0.622650314 -0.772662388 -0.123690827
vn 0.622650314 -0.772662388 -0.123690827
vn 0.622642942 -0.772653291 -0.12378473
vn 0.622650314 -0.772662388 0.123690827
vn 0.622650314 -0.772662388 0.123690827
vn 0.622650314 -0.772662388 0.123690827
vn 0.622650314 -0.772662388 0.123690827
vn 0.528434918 -0.772386649 0.352385303
vn 0.528434918 -0.772386649 0.352385303
vn 0.528434918 -0.772386649 0.352385303
vn 0.528434918 -0.772386649 0.352385303
vn 0.350184595 -0.773133583 0.528805458
vn 0.350184595 -0.773133583 0.528805458
vn 0.350184595 -0.773133583 0.528805458
vn 0.350184595 -0.773133583 0.528805458
vn 0.124264153 -0.774481385 0.620271718
vn 0.124259574 -0.774500459 0.620248818
vn 0.124264153 -0.774481385 0.620271718
vn 0.124259574 -0.774500459 0.620248818
vn -0.122739627 -0.774489826 0.620564656
vn -0.122645684 -0.774498942 0.620571854
vn -0.122645684 -0.774498942 0.620571854
vn -0.122739627 -0.774489826 0.620564656
vn -0.350932549 -0.774435662 0.526398853
vn -0.350932549 -0.774435662 0.526398853
vn -0.350932549 -0.774435662 0.526398853
vn -0.350932549 -0.774435662 0.526398853
vn -0.525811007 -0.775270806 0.349968517
vn -0.525830442 -0.775251797 0.349981423
vn -0.525811007 -0.775270806 0.349968517
vn -0.525830442 -0.775251797 0.349981423
vn -0.618926923 -0.775709008 0.12330855
vn -0.618949795 -0.775690034 0.123313107
vn -0.618926923 -0.775709008 0.12330855
vn -0.618949795 -0.775690034 0.123313107
vn 0 -1 -2.22044605e-16
vn 0 -1 -2.22044605e-16
vn 0 -1 -2.22044605e-16
vn 0 -1 -2.22044605e-16
vn 0 -1 -2.22044605e-16
vn 0 -1 -2.22044605e-16
vn 0 -1 -2.22044605e-16
vn 0 -1 -2.22044605e-16
vn 0 -1 -2.22044605e-16
vn 0 -1 -2.22044605e-16
vn 0 -1 -2.22044605e-16
vn 0 -1 -2.22044605e-16
vn 0 -1 -2.22044605e-16
vn 0 -1 -2.22044605e-16
vn 0 -1 -2.22044605e-16
vn 0 -1 -2.22044605e-16
vn 0 -1 -2.22044605e-16
vn 0 -1 -2.22044605e-16
vn 0 -1 -2.22044605e-16
vn 0 -1 -2.22044605e-16
vn -0.618926923 -0.775709008 -0.12330855
vn -0.618957068 -0.775699156 -0.123219185
vn -0.618934188 -0.775718134 -0.123214639
vn -0.618949795 -0.775690034 -0.123313107
vn -0.525811007 -0.775270806 -0.349968517
vn -0.525830442 -0.775251797 -0.349981423
vn -0.525811007 -0.775270806 -0.349968517
vn -0.525830442 -0.775251797 -0.349981423
vn -0.350932549 -0.774435662 -0.526398853
vn -0.350932549 -0.774435662 -0.526398853
vn -0.350932549 -0.774435662 -0.526398853
vn -0.350932549 -0.774435662 -0.526398853
vn -0.122638424 -0.774453075 -0.620630528
vn -0.122638424 -0.774453075 -0.620630528
vn -0.122638424 -0.774453075 -0.620630528
vn -0.122638424 -0.774453075 -0.620630528
vn 0.124170257 -0.774490541 -0.62027909
vn 0.124165679 -0.774509638 -0.620256161
vn 0.124170257 -0.774490541 -0.62027909
vn 0.124165679 -0.774509638 -0.620256161
vn 0.350202246 -0.773172581 -0.528736746
vn 0.350202246 -0.773172581 -0.528736746
vn 0.350202246 -0.773172581 -0.528736746
vn 0.350202246 -0.773172581 -0.528736746
vn 0.528485878 -0.772321765 -0.352451085
vn 0.528485878 -0.772321765 -0.352451085
vn 0.528485878 -0.772321765 -0.352451085
vn 0.528485878 -0.772321765 -0.352451085
vn 0.622584556 -0.77269916 -0.123792081
vn 0.6225919 -0.772708281 -0.12369818
vn 0.6225919 -0.772708281 -0.12369818
vn 0.622584556 -0.77269916 -0.123792081
vn 0.6225919 -0.772708281 0.12369818
vn 0.6225919 -0.772708281 0.12369818
vn 0.6225919 -0.772708281 0.12369818
vn 0.6225919 -0.772708281 0.12369818
vn 0.528503668 -0.772347705 0.352367558
vn 0.528503668 -0.772347705 0.352367558
vn 0.528503668 -0.772347705 0.352367558
vn 0.528503668 -0.772347705 0.352367558
vn 0.350202246 -0.773172581 0.528736746
vn 0.350202246 -0.773172581 0.528736746
vn 0.350202246 -0.773172581 0.528736746
vn 0.350202246 -0.773172581 0.528736746
vn 0.124170257 -0.774490541 0.62027909
vn 0.124165679 -0.774509638 0.620256161
vn 0.124170257 -0.774490541 0.62027909
vn 0.124165679 -0.774509638 0.620256161
vn -0.122645684 -0.774498942 0.620571854
vn -0.122645684 -0.774498942 0.620571854
vn -0.122645684 -0.774498942 0.620571854
vn -0.122645684 -0.774498942 0.620571854
vn -0.350932549 -0.774435662 0.526398853
vn -0.350932549 -0.774435662 0.526398853
vn -0.350932549 -0.774435662 0.526398853
vn -0.350932549 -0.774435662 0.526398853
vn -0.525811007 -0.775270806 0.349968517
vn -0.525830442 -0.775251797 0.349981423
vn -0.525811007 -0.775270806 0.349968517
vn -0.525830442 -0.775251797 0.349981423
vn -0.618926923 -0.775709008 0.12330855
vn -0.618949795 -0.775690034 0.123313107
vn -0.618926923 -0.775709008 0.12330855
vn -0.618949795 -0.775690034 0.123313107
vn 0 -1 -2.22044605e-16
vn 0 -1 -2.22044605e-16
vn 0 -1 -2.22044605e-16
vn 0 -1 -2.22044605e-16
vn 0 -1 -2.22044605e-16
vn 0 -1 -2.22044605e-16
vn 0 -1 -2.22044605e-16
vn 0 -1 -2.22044605e-16
vn 0 -1 -2.22044605e-16
vn 0 -1 -2.22044605e-16
vn 0 -1 -2.22044605e-16
vn 0 -1 -2.22044605e-16
vn 0 -1 -2.22044605e-16
vn 0 -1 -2.22044605e-16
vn 0 -1 -2.22044605e-16
vn 0 -1 -2.22044605e-16
vn 0 -1 -2.22044605e-16
vn 0 -1 -2.22044605e-16
vn 0 -1 -2.22044605e-16
vn 0 -1 -2.22044605e-16
vn -0.618930546 -0.775713582 -0.123261587
vn -0.618953447 -0.775694584 -0.123266149
vn -0.618930546 -0.775713582 -0.123261587
vn -0.618953447 -0.775694584 -0.123266149
vn -0.525819736 -0.775283778 -0.349926662
vn -0.525839203 -0.77526473 -0.34993961
vn -0.525819736 -0.775283778 -0.349926662
vn -0.525839203 -0.77526473 -0.34993961
vn -0.350941378 -0.77445511 -0.526364353
vn -0.350941378 -0.77445511 -0.526364353
vn -0.350941378 -0.77445511 -0.526364353
vn -0.350941378 -0.77445511 -0.526364353
vn -0.122642053 -0.77447598 -0.620601227
vn -0.122642053 -0.77447598 -0.620601227
vn -0.122642053 -0.77447598 -0.620601227
vn -0.122642053 -0.77447598 -0.620601227
vn 0.124173927 -0.77451344 -0.620249762
vn 0.124169353 -0.77453253 -0.620226839
vn 0.124173927 -0.77451344 -0.620249762
vn 0.124169353 -0.77453253 -0.620226839
vn 0.350193443 -0.773153071 -0.528771105
vn 0.350193443 -0.773153071 -0.528771105
vn 0.350193443 -0.773153071 -0.528771105
vn 0.350193443 -0.773153071 -0.528771105
vn 0.528503668 -0.772347705 -0.352367558
vn 0.528503668 -0.772347705 -0.352367558
vn 0.52836617 -0.772425564 -0.352403089
vn 0.528503668 -0.772347705 -0.352367558
vn 0.6225919 -0.772708281 -0.12369818
vn 0.6225919 -0.772708281 -0.12369818
vn 0.6225919 -0.772708281 -0.12369818
vn 0.6225919 -0.772708281 -0.12369818
vn 0.6225919 -0.772708281 0.12369818
vn 0.6225919 -0.772708281 0.12369818
vn 0.6225919 -0.772708281 0.12369818
vn 0.6225919 -0.772708281 0.12369818
vn 0.52836617 -0.772425564 0.352403089
vn 0.528503668 -0.772347705 0.352367558
vn 0.528503668 -0.772347705 0.352367558
vn 0.528503668 -0.772347705 0.352367558
vn 0.350184595 -0.773133583 0.528805458
vn 0.350184595 -0.773133583 0.528805458
vn 0.350184595 -0.773133583 0.528805458
vn 0.350184595 -0.773133583 0.528805458
vn 0.124170257 -0.774490541 0.62027909
vn 0.124165679 -0.774509638 0.620256161
vn 0.124170257 -0.774490541 0.62027909
vn 0.124165679 -0.774509638 0.620256161
vn -0.122645684 -0.774498942 0.620571854
vn -0.122645684 -0.774498942 0.620571854
vn -0.122645684 -0.774498942 0.620571854
vn -0.122645684 -0.774498942 0.620571854
vn -0.350932549 -0.774435662 0.526398853
vn -0.350932549 -0.774435662 0.526398853
vn -0.350932549 -0.774435662 0.526398853
vn -0.350932549 -0.774435662 0.526398853
vn -0.525811007 -0.775270806 0.349968517
vn -0.525839203 -0.77526473 0.34993961
vn -0.525819736 -0.775283778 0.349926662
vn -0.525830442 -0.775251797 0.349981423
vn -0.618930546 -0.775713582 0.123261587
vn -0.618953447 -0.775694584 0.123266149
vn -0.618930546 -0.775713582 0.123261587
vn -0.618953447 -0.775694584 0.123266149
vn 0 -1 -2.22044605e-16
vn 0 -1 -2.22044605e-16
vn 0 -1 -2.22044605e-16
vn 0 -1 -2.22044605e-16
vn 0 -1 -2.22044605e-16
vn 0 -1 -2.22044605e-16
vn 0 -1 -2.22044605e-16
vn 0 -1 -2.22044605e-16
vn 0 -1 -2.22044605e-16
vn 0 -1 -2.22044605e-16
vn 0 -1 -2.22044605e-16
vn 0 -1 -2.22044605e-16
vn 0 -1 -2.22044605e-16
vn 0 -1 -2.22044605e-16
vn 0 -1 -2.22044605e-16
vn 0 -1 -2.22044605e-16
vn 0 -1 -2.22044605e-16
vn 0 -1 -2.22044605e-16
vn 0 -1 -2.22044605e-16
vn 0 -1 -2.22044605e-16
vn -0.618930546 -0.775713582 -0.123261587
vn -0.618953447 -0.775694584 -0.123266149
vn -0.618930546 -0.775713582 -0.123261587
vn -0.618953447 -0.775694584 -0.123266149
vn -0.525750723 -0.775322655 -0.349944222
vn -0.52577021 -0.775303607 -0.349957144
vn -0.525750723 -0.775322655 -0.349944222
vn -0.52577021 -0.775303607 -0.349957144
vn -0.350857728 -0.774481044 -0.52638196
vn -0.350857728 -0.774481044 -0.52638196
vn -0.350857728 -0.774481044 -0.52638196
vn -0.350857728 -0.774481044 -0.52638196
vn -0.122735986 -0.77446693 -0.620593951
vn -0.122642053 -0.77447598 -0.620601227
vn -0.122642053 -0.77447598 -0.620601227
vn -0.122735986 -0.77446693 -0.620593951
vn 0.124173927 -0.77451344 -0.620249762
vn 0.124169353 -0.77453253 -0.620226839
vn 0.124173927 -0.77451344 -0.620249762
vn 0.124169353 -0.77453253 -0.620226839
vn 0.350193443 -0.773153071 -0.528771105
vn 0.350193443 -0.773153071 -0.528771105
vn 0.350193443 -0.773153071 -0.528771105
vn 0.350193443 -0.773153071 -0.528771105
vn 0.528503668 -0.772347705 -0.352367558
vn 0.528503668 -0.772347705 -0.352367558
vn 0.528503668 -0.772347705 -0.352367558
vn 0.528503668 -0.772347705 -0.352367558
vn 0.6225919 -0.772708281 -0.12369818
vn 0.6225919 -0.772708281 -0.12369818
vn 0.6225919 -0.772708281 -0.12369818
vn 0.6225919 -0.772708281 -0.12369818
vn 0.6225919 -0.772708281 0.12369818
vn 0.6225919 -0.772708281 0.12369818
vn 0.6225919 -0.772708281 0.12369818
vn 0.6225919 -0.772708281 0.12369818
vn 0.528503668 -0.772347705 0.352367558
vn 0.528503668 -0.772347705 0.352367558
vn 0.528503668 -0.772347705 0.352367558
vn 0.528503668 -0.772347705 0.352367558
vn 0.350184595 -0.773133583 0.528805458
vn 0.350184595 -0.773133583 0.528805458
vn 0.350184595 -0.773133583 0.528805458
vn 0.350184595 -0.773133583 0.528805458
vn 0.124170257 -0.774490541 0.62027909
vn 0.124165679 -0.774509638 0.620256161
vn 0.124170257 -0.774490541 0.62027909
vn 0.124165679 -0.774509638 0.620256161
vn -0.122645684 -0.774498942 0.620571854
vn -0.122739627 -0.774489826 0.620564656
vn -0.122739627 -0.774489826 0.620564656
vn -0.122645684 -0.774498942 0.620571854
vn -0.350848925 -0.774461587 0.526416453
vn -0.350848925 -0.774461587 0.526416453
vn -0.350848925 -0.774461587 0.526416453
vn -0.350848925 -0.774461587 0.526416453
vn -0.525742005 -0.775309698 0.349986024
vn -0.52577021 -0.775303607 0.349957144
vn -0.525750723 -0.775322655 0.349944222
vn -0.525761387 -0.775290699 0.349998995
vn -0.618930546 -0.775713582 0.123261587
vn -0.618953447 -0.775694584 0.123266149
vn -0.618930546 -0.775713582 0.123261587
vn -0.618953447 -0.775694584 0.123266149
vn 0 -1 -2.22044605e-16
vn 0 -1 -2.22044605e-16
vn 0 -1 -2.22044605e-16
vn 0 -1 -2.22044605e-16
vn 0 -1 -2.22044605e-16
vn 0 -1 -2.22044605e-16
vn 0 -1 -2.22044605e-16
vn 0 -1 -2.22044605e-16
vn 0 -1 -2.22044605e-16
vn 0 -1 -2.22044605e-16
vn 0 -1 -2.22044605e-16
vn 0 -1 -2.22044605e-16
vn 0 -1 -2.22044605e-16
vn 0 -1 -2.22044605e-16
vn 0 -1 -2.22044605e-16
vn 0 -1 -2.22044605e-16
vn 0 -1 -2.22044605e-16
vn 0 -1 -2.22044605e-16
vn 0 -1 -2.22044605e-16
vn 0 -1 -2.22044605e-16
vn -0.618926923 -0.775709008 -0.12330855
vn -0.618957068 -0.775699156 -0.123219185
vn -0.618934188 -0.775718134 -0.123214639
vn -0.618949795 -0.775690034 -0.123313107
vn -0.525811007 -0.775270806 -0.349968517
vn -0.525830442 -0.775251797 -0.349981423
vn -0.525811007 -0.775270806 -0.349968517
vn -0.525830442 -0.775251797 -0.349981423
vn -0.350932549 -0.774435662 -0.526398853
vn -0.350932549 -0.774435662 -0.526398853
vn -0.350932549 -0.774435662 -0.526398853
vn -0.350932549 -0.774435662 -0.526398853
vn -0.122638424 -0.774453075 -0.620630528
vn -0.122638424 -0.774453075 -0.620630528
vn -0.122638424 -0.774453075 -0.620630528
vn -0.122638424 -0.774453075 -0.620630528
vn 0.124170257 -0.774490541 -0.62027909
vn 0.124165679 -0.774509638 -0.620256161
vn 0.124170257 -0.774490541 -0.62027909
vn 0.124165679 -0.774509638 -0.620256161
vn 0.350202246 -0.773172581 -0.528736746
vn 0.350202246 -0.773172581 -0.528736746
vn 0.350202246 -0.773172581 -0.528736746
vn 0.350202246 -0.773172581 -0.528736746
vn 0.528485878 -0.772321765 -0.352451085
vn 0.528485878 -0.772321765 -0.352451085
vn 0.528348435 -0.772399589 -0.352486603
vn 0.528485878 -0.772321765 -0.352451085
vn 0.622584556 -0.77269916 -0.123792081
vn 0.6225919 -0.772708281 -0.12369818
vn 0.6225919 -0.772708281 -0.12369818
vn 0.622584556 -0.77269916 -0.123792081
vn 0.6225919 -0.772708281 0.12369818
vn 0.6225919 -0.772708281 0.12369818
vn 0.6225919 -0.772708281 0.12369818
vn 0.6225919 -0.772708281 0.12369818
vn 0.52836617 -0.772425564 0.352403089
vn 0.528503668 -0.772347705 0.352367558
vn 0.528503668 -0.772347705 0.352367558
vn 0.528503668 -0.772347705 0.352367558
vn 0.350202246 -0.773172581 0.528736746
vn 0.350202246 -0.773172581 0.528736746
vn 0.350202246 -0.773172581 0.528736746
vn 0.350202246 -0.773172581 0.528736746
vn 0.124170257 -0.774490541 0.62027909
vn 0.124165679 -0.774509638 0.620256161
vn 0.124170257 -0.774490541 0.62027909
vn 0.124165679 -0.774509638 0.620256161
vn -0.122645684 -0.774498942 0.620571854
vn -0.122645684 -0.774498942 0.620571854
vn -0.122645684 -0.774498942 0.620571854
vn -0.122645684 -0.774498942 0.620571854
vn -0.350932549 -0.774435662 0.526398853
vn -0.350932549 -0.774435662 0.526398853
vn -0.350932549 -0.774435662 0.526398853
vn -0.350932549 -0.774435662 0.526398853
vn -0.525811007 -0.775270806 0.349968517
vn -0.525830442 -0.775251797 0.349981423
vn -0.525811007 -0.775270806 0.349968517
vn -0.525830442 -0.775251797 0.349981423
vn -0.618926923 -0.775709008 0.12330855
vn -0.618949795 -0.775690034 0.123313107
vn -0.618926923 -0.775709008 0.12330855
vn -0.618949795 -0.775690034 0.123313107
vn 0 -1 -2.22044605e-16
vn 0 -1 -2.22044605e-16
vn 0 -1 -2.22044605e-16
vn 0 -1 -2.22044605e-16
vn 0 -1 -2.22044605e-16
vn 0 -1 -2.22044605e-16
vn 0 -1 -2.22044605e-16
vn 0 -1 -2.22044605e-16
vn 0 -1 -2.22044605e-16
vn 0 -1 -2.22044605e-16
vn 0 -1 -2.22044605e-16
vn 0 -1 -2.22044605e-16
vn 0 -1 -2.22044605e-16
vn 0 -1 -2.22044605e-16
vn 0 -1 -2.22044605e-16
vn 0 -1 -2.22044605e-16
vn 0 -1 -2.22044605e-16
vn 0 -1 -2.22044605e-16
vn 0 -1 -2.22044605e-16
vn 0 -1 -2.22044605e-16
vn -0.618926923 -0.775709008 -0.12330855
vn -0.618957068 -0.775699156 -0.123219185
vn -0.618934188 -0.775718134 -0.123214639
vn -0.618949795 -0.775690034 -0.123313107
vn -0.525742005 -0.775309698 -0.349986024
vn -0.525761387 -0.775290699 -0.349998995
vn -0.525742005 -0.775309698 -0.349986024
vn -0.525761387 -0.775290699 -0.349998995
vn -0.350848925 -0.774461587 -0.526416453
vn -0.350848925 -0.774461587 -0.526416453
vn -0.350848925 -0.774461587 -0.526416453
vn -0.350848925 -0.774461587 -0.526416453
vn -0.122732356 -0.774444043 -0.62062323
vn -0.122638424 -0.774453075 -0.620630528
vn -0.122638424 -0.774453075 -0.620630528
vn -0.122732356 -0.774444043 -0.62062323
vn 0.124170257 -0.774490541 -0.62027909
vn 0.124165679 -0.774509638 -0.620256161
vn 0.124170257 -0.774490541 -0.62027909
vn 0.124165679 -0.774509638 -0.620256161
vn 0.350202246 -0.773172581 -0.528736746
vn 0.350202246 -0.773172581 -0.528736746
vn 0.350202246 -0.773172581 -0.528736746
vn 0.350202246 -0.773172581 -0.528736746
vn 0.528485878 -0.772321765 -0.352451085
vn 0.528485878 -0.772321765 -0.352451085
vn 0.528485878 -0.772321765 -0.352451085
vn 0.528485878 -0.772321765 -0.352451085
vn 0.622584556 -0.77269916 -0.123792081
vn 0.6225919 -0.772708281 -0.12369818
vn 0.6225919 -0.772708281 -0.12369818
vn 0.622584556 -0.77269916 -0.123792081
vn 0.6225919 -0.772708281 0.12369818
vn 0.6225919 -0.772708281 0.12369818
vn 0.6225919 -0.772708281 0.12369818
vn 0.6225919 -0.772708281 0.12369818
vn 0.528503668 -0.772347705 0.352367558
vn 0.528503668 -0.772347705 0.352367558
vn 0.528503668 -0.772347705 0.352367558
vn 0.528503668 -0.772347705 0.352367558
vn 0.350202246 -0.773172581 0.528736746
vn 0.350202246 -0.773172581 0.528736746
vn 0.350202246 -0.773172581 0.528736746
vn 0.350202246 -0.773172581 0.528736746
vn 0.124170257 -0.774490541 0.62027909
vn 0.124165679 -0.774509638 0.620256161
vn 0.124170257 -0.774490541 0.62027909
vn 0.124165679 -0.774509638 0.620256161
vn -0.122645684 -0.774498942 0.620571854
vn -0.122739627 -0.774489826 0.620564656
vn -0.122739627 -0.774489826 0.620564656
vn -0.122645684 -0.774498942 0.620571854
vn -0.350848925 -0.774461587 0.526416453
vn -0.350848925 -0.774461587 0.526416453
vn -0.350848925 -0.774461587 0.526416453
vn -0.350848925 -0.774461587 0.526416453
vn -0.525742005 -0.775309698 0.349986024
vn -0.525761387 -0.775290699 0.349998995
vn -0.525742005 -0.775309698 0.349986024
vn -0.525761387 -0.775290699 0.349998995
vn -0.618926923 -0.775709008 0.12330855
vn -0.618949795 -0.775690034 0.123313107
vn -0.618926923 -0.775709008 0.12330855
vn -0.618949795 -0.775690034 0.123313107
vn 0 -1 -2.22044605e-16
vn 0 -1 -2.22044605e-16
vn 0 -1 -2.22044605e-16
vn 0 -1 -2.22044605e-16
vn 0 -1 -2.22044605e-16
vn 0 -1 -2.22044605e-16
vn 0 -1 -2.22044605e-16
vn 0 -1 -2.22044605e-16
vn 0 -1 -2.22044605e-16
vn 0 -1 -2.22044605e-16
vn 0 -1 -2.22044605e-16
vn 0 -1 -2.22044605e-16
vn 0 -1 -2.22044605e-16
vn 0 -1 -2.22044605e-16
vn 0 -1 -2.22044605e-16
vn 0 -1 -2.22044605e-16
vn 0 -1 -2.22044605e-16
vn 0 -1 -2.22044605e-16
vn 0 -1 -2.22044605e-16
vn 0 -1 -2.22044605e-16
vn 0 -1 -2.22044605e-16
vn 0 -1 -2.22044605e-16
vn 0 -1 -2.22044605e-16
vn 0 -1 -2.22044605e-16
vn 0 -1 -2.22044605e-16
vn 0 -1 -2.22044605e-16
vn 0 -1 -2.22044605e-16
vn 0 -1 -2.22044605e-16
vn 0 -1 -2.22044605e-16
vn 0 -1 -2.22044605e-16
vn 0 -1 -2.22044605e-16
vn 0 -1 -2.22044605e-16
vn 0 -1 -2.22044605e-16
vn 0 -1 -2.22044605e-16
vn 0 -1 -2.22044605e-16
vn 0 -1 -2.22044605e-16
vn 0.544358013 -0.838852999 -1.86262783e-16
vn 0.544358013 -0.838852999 -1.86262783e-16
vn 0.544358013 -0.838852999 -1.86262783e-16
vn 0.544358013 -0.838852999 -1.86262783e-16
vn 0.546043765 -0.837756651 -1.86019345e-16
vn 0.545976841 -0.837800268 -1.8602903e-16
vn 0.546043765 -0.837756651 -1.86019345e-16
vn 0.545976841 -0.837800268 -1.8602903e-16
vn 0 -1 -2.22044605e-16
vn 0 -1 -2.22044605e-16
vn 0 -1 -2.22044605e-16
vn 0 -1 -2.22044605e-16
vn -0.544358013 -0.838852999 -1.86262783e-16
vn -0.544358013 -0.838852999 -1.86262783e-16
vn -0.544358013 -0.838852999 -1.86262783e-16
vn -0.544358013 -0.838852999 -1.86262783e-16
vn -0.653113176 -0.757260311 -1.68145567e-16
vn -0.653113176 -0.757260311 -1.68145567e-16
vn -0.653113176 -0.757260311 -1.68145567e-16
vn -0.653113176 -0.757260311 -1.68145567e-16
vn 0 -1 -2.22044605e-16
vn 0 -1 -2.22044605e-16
vn 0 -1 -2.22044605e-16
vn 0 -1 -2.22044605e-16
vn 0 -1 -2.22044605e-16
vn 0 -1 -2.22044605e-16
vn 0 -1 -2.22044605e-16
vn 0 -1 -2.22044605e-16
vn 0 -1 -2.22044605e-16
vn 0 -1 -2.22044605e-16
vn 0 -1 -2.22044605e-16
vn 0 -1 -2.22044605e-16
vn 0 -1 -2.22044605e-16
vn 0 -1 -2.22044605e-16
vn 0 -1 -2.22044605e-16
vn 0 -1 -2.22044605e-16
vn 0.544358013 -0.838852999 -1.86262783e-16
vn 0.544358013 -0.838852999 -1.86262783e-16
vn 0.544358013 -0.838852999 -1.86262783e-16
vn 0.544358013 -0.838852999 -1.86262783e-16
vn 0.545976841 -0.837800268 -1.8602903e-16
vn 0.546043765 -0.837756651 -1.86019345e-16
vn 0.546043765 -0.837756651 -1.86019345e-16
vn 0.545976841 -0.837800268 -1.8602903e-16
vn 0 -1 -2.22044605e-16
vn 0 -1 -2.22044605e-16
vn 0 -1 -2.22044605e-16
vn 0 -1 -2.22044605e-16
vn -0.544358013 -0.838852999 -1.86262783e-16
vn -0.544358013 -0.838852999 -1.86262783e-16
vn -0.544358013 -0.838852999 -1.86262783e-16
vn -0.544358013 -0.838852999 -1.86262783e-16
vn -0.653113176 -0.757260311 -1.68145567e-16
vn -0.653113176 -0.757260311 -1.68145567e-16
vn -0.653113176 -0.757260311 -1.68145567e-16
vn -0.653113176 -0.757260311 -1.68145567e-16
vn 0.000381470077 -2.22044589e-16 0.999999927
vn 0.000381470077 -2.22044589e-16 0.999999927
vn 0.000381470077 -2.22044589e-16 0.999999927
vn 0.000381470077 -2.22044589e-16 0.999999927
vn 0.000381470077 -2.22044589e-16 0.999999927
vn 0.000381470077 -2.22044589e-16 0.999999927
vn 0.000286102574 -2.22044596e-16 0.999999959
vn 0.000381470077 -2.22044589e-16 0.999999927
vn 0.000381470077 -2.22044589e-16 0.999999927
vn 0.000381470077 -2.22044589e-16 0.999999927
vn 0.000381470077 -2.22044589e-16 0.999999927
vn 0.000381470077 -2.22044589e-16 0.999999927
vn 0.000286102574 -2.22044596e-16 0.999999959
vn 0.000190735049 -2.22044601e-16 0.999999982
vn 0.000190735049 -2.22044601e-16 0.999999982
vn 0 -2.22044605e-16 1
vn 0 -2.22044605e-16 1
vn 0 -2.22044605e-16 1
vn -0.000190730494 2.22044601e-16 -0.999999982
vn -0.000190730494 2.22044601e-16 -0.999999982
vn -0.000190730494 2.22044601e-16 -0.999999982
vn -0.000190730494 2.22044601e-16 -0.999999982
vn -0.000190730494 2.22044601e-16 -0.999999982
vn -0.000190730494 2.22044601e-16 -0.999999982
vn -9.53652484e-05 2.22044604e-16 -0.999999995
vn 0 2.22044605e-16 -1
vn -0.000190730494 2.22044601e-16 -0.999999982
vn -0.000190730494 2.22044601e-16 -0.999999982
vn -0.000190730494 2.22044601e-16 -0.999999982
vn -0.000190730494 2.22044601e-16 -0.999999982
vn 0 2.22044605e-16 -1
vn 0 2.22044605e-16 -1
vn 0 2.22044605e-16 -1
vn 0 2.22044605e-16 -1
vn 0 2.22044605e-16 -1
vn -9.53652484e-05 2.22044604e-16 -0.999999995

g collision_PZ_item_15_submesh_0
usemtl collision_70
f 5327/5327/5327 5329/5329/5329 5328/5328/5328
f 5327/5327/5327 5328/5328/5328 5330/5330/5330
f 5329/5329/5329 5331/5331/5331 5328/5328/5328
f 5328/5328/5328 5331/5331/5331 5332/5332/5332
f 5333/5333/5333 5335/5335/5335 5334/5334/5334
f 5334/5334/5334 5335/5335/5335 5336/5336/5336
f 5333/5333/5333 5334/5334/5334 5337/5337/5337
f 5338/5338/5338 5340/5340/5340 5339/5339/5339
f 5339/5339/5339 5340/5340/5340 5341/5341/5341
f 5338/5338/5338 5339/5339/5339 5342/5342/5342
f 5343/5343/5343 5345/5345/5345 5344/5344/5344
f 5344/5344/5344 5345/5345/5345 5346/5346/5346
f 5343/5343/5343 5344/5344/5344 5347/5347/5347
f 5348/5348/5348 5350/5350/5350 5349/5349/5349
f 5348/5348/5348 5349/5349/5349 5351/5351/5351
f 5352/5352/5352 5354/5354/5354 5353/5353/5353
f 5352/5352/5352 5353/5353/5353 5355/5355/5355
f 5356/5356/5356 5358/5358/5358 5357/5357/5357
f 5357/5357/5357 5358/5358/5358 5359/5359/5359
f 5356/5356/5356 5357/5357/5357 5360/5360/5360
f 5361/5361/5361 5363/5363/5363 5362/5362/5362
f 5361/5361/5361 5362/5362/5362 5364/5364/5364
f 5365/5365/5365 5367/5367/5367 5366/5366/5366
f 5366/5366/5366 5367/5367/5367 5368/5368/5368
f 5365/5365/5365 5366/5366/5366 5369/5369/5369
f 5370/5370/5370 5372/5372/5372 5371/5371/5371
f 5370/5370/5370 5371/5371/5371 5373/5373/5373
f 5374/5374/5374 5376/5376/5376 5375/5375/5375
f 5375/5375/5375 5376/5376/5376 5377/5377/5377
f 5374/5374/5374 5375/5375/5375 5378/5378/5378
f 5379/5379/5379 5381/5381/5381 5380/5380/5380
f 5379/5379/5379 5380/5380/5380 5382/5382/5382
f 5380/5380/5380 5381/5381/5381 5383/5383/5383
f 5384/5384/5384 5386/5386/5386 5385/5385/5385
f 5384/5384/5384 5385/5385/5385 5387/5387/5387
f 5388/5388/5388 5390/5390/5390 5389/5389/5389
f 5388/5388/5388 5389/5389/5389 5391/5391/5391
f 5389/5389/5389 5390/5390/5390 5392/5392/5392
f 5393/5393/5393 5395/5395/5395 5394/5394/5394
f 5393/5393/5393 5394/5394/5394 5396/5396/5396
f 5395/5395/5395 5397/5397/5397 5394/5394/5394
f 5394/5394/5394 5397/5397/5397 5398/5398/5398
f 5399/5399/5399 5401/5401/5401 5400/5400/5400
f 5400/5400/5400 5401/5401/5401 5402/5402/5402
f 5402/5402/5402 5401/5401/5401 5403/5403/5403
f 5404/5404/5404 5406/5406/5406 5405/5405/5405
f 5405/5405/5405 5406/5406/5406 5407/5407/5407
f 5407/5407/5407 5406/5406/5406 5408/5408/5408
f 5409/5409/5409 5411/5411/5411 5410/5410/5410
f 5410/5410/5410 5411/5411/5411 5412/5412/5412
f 5409/5409/5409 5410/5410/5410 5413/5413/5413
f 5414/5414/5414 5416/5416/5416 5415/5415/5415
f 5415/5415/5415 5416/5416/5416 5417/5417/5417
f 5417/5417/5417 5416/5416/5416 5418/5418/5418
f 5419/5419/5419 5421/5421/5421 5420/5420/5420
f 5419/5419/5419 5420/5420/5420 5422/5422/5422
f 5423/5423/5423 5425/5425/5425 5424/5424/5424
f 5423/5423/5423 5424/5424/5424 5426/5426/5426
f 5427/5427/5427 5429/5429/5429 5428/5428/5428
f 5428/5428/5428 5429/5429/5429 5430/5430/5430
f 5427/5427/5427 5428/5428/5428 5431/5431/5431
f 5432/5432/5432 5434/5434/5434 5433/5433/5433
f 5432/5432/5432 5433/5433/5433 5435/5435/5435
f 5436/5436/5436 5438/5438/5438 5437/5437/5437
f 5436/5436/5436 5437/5437/5437 5439/5439/5439
f 5438/5438/5438 5440/5440/5440 5437/5437/5437
f 5440/5440/5440 5441/5441/5441 5437/5437/5437
f 5437/5437/5437 5441/5441/5441 5442/5442/5442
f 5443/5443/5443 5445/5445/5445 5444/5444/5444
f 5444/5444/5444 5445/5445/5445 5446/5446/5446
f 5443/5443/5443 5444/5444/5444 5447/5447/5447
f 5448/5448/5448 5450/5450/5450 5449/5449/5449
f 5448/5448/5448 5449/5449/5449 5451/5451/5451
f 5451/5451/5451 5449/5449/5449 5452/5452/5452
f 5453/5453/5453 5455/5455/5455 5454/5454/5454
f 5453/5453/5453 5454/5454/5454 5456/5456/5456
f 5456/5456/5456 5454/5454/5454 5457/5457/5457
f 5458/5458/5458 5460/5460/5460 5459/5459/5459
f 5458/5458/5458 5459/5459/5459 5461/5461/5461
f 5459/5459/5459 5460/5460/5460 5462/5462/5462
f 5463/5463/5463 5465/5465/5465 5464/5464/5464
f 5464/5464/5464 5465/5465/5465 5466/5466/5466
f 5466/5466/5466 5465/5465/5465 5467/5467/5467
f 5468/5468/5468 5470/5470/5470 5469/5469/5469
f 5468/5468/5468 5469/5469/5469 5471/5471/5471
f 5472/5472/5472 5474/5474/5474 5473/5473/5473
f 5472/5472/5472 5473/5473/5473 5475/5475/5475
f 5476/5476/5476 5478/5478/5478 5477/5477/5477
f 5476/5476/5476 5477/5477/5477 5479/5479/5479
f 5480/5480/5480 5482/5482/5482 5481/5481/5481
f 5480/5480/5480 5481/5481/5481 5483/5483/5483
f 5484/5484/5484 5486/5486/5486 5485/5485/5485
f 5484/5484/5484 5485/5485/5485 5487/5487/5487
f 5488/5488/5488 5490/5490/5490 5489/5489/5489
f 5488/5488/5488 5489/5489/5489 5491/5491/5491
f 5492/5492/5492 5494/5494/5494 5493/5493/5493
f 5492/5492/5492 5493/5493/5493 5495/5495/5495
f 5496/5496/5496 5498/5498/5498 5497/5497/5497
f 5496/5496/5496 5497/5497/5497 5499/5499/5499
f 5500/5500/5500 5502/5502/5502 5501/5501/5501
f 5500/5500/5500 5501/5501/5501 5503/5503/5503
f 5504/5504/5504 5506/5506/5506 5505/5505/5505
f 5504/5504/5504 5505/5505/5505 5507/5507/5507
f 5508/5508/5508 5510/5510/5510 5509/5509/5509
f 5508/5508/5508 5509/5509/5509 5511/5511/5511
f 5512/5512/5512 5514/5514/5514 5513/5513/5513
f 5512/5512/5512 5513/5513/5513 5515/5515/5515
f 5516/5516/5516 5518/5518/5518 5517/5517/5517
f 5517/5517/5517 5518/5518/5518 5519/5519/5519
f 5520/5520/5520 5522/5522/5522 5521/5521/5521
f 5520/5520/5520 5521/5521/5521 5523/5523/5523
f 5524/5524/5524 5526/5526/5526 5525/5525/5525
f 5524/5524/5524 5525/5525/5525 5527/5527/5527
f 5528/5528/5528 5530/5530/5530 5529/5529/5529
f 5528/5528/5528 5529/5529/5529 5531/5531/5531
f 5531/5531/5531 5529/5529/5529 5532/5532/5532
f 5531/5531/5531 5532/5532/5532 5533/5533/5533
f 5534/5534/5534 5536/5536/5536 5535/5535/5535
f 5534/5534/5534 5535/5535/5535 5537/5537/5537
f 5537/5537/5537 5535/5535/5535 5538/5538/5538
f 5537/5537/5537 5538/5538/5538 5539/5539/5539
f 5540/5540/5540 5542/5542/5542 5541/5541/5541
f 5540/5540/5540 5541/5541/5541 5543/5543/5543
f 5543/5543/5543 5541/5541/5541 5544/5544/5544
f 5543/5543/5543 5544/5544/5544 5545/5545/5545
f 5546/5546/5546 5548/5548/5548 5547/5547/5547
f 5546/5546/5546 5547/5547/5547 5549/5549/5549
f 5549/5549/5549 5547/5547/5547 5550/5550/5550
f 5549/5549/5549 5550/5550/5550 5551/5551/5551
f 5552/5552/5552 5554/5554/5554 5553/5553/5553
f 5552/5552/5552 5553/5553/5553 5555/5555/5555
f 5555/5555/5555 5553/5553/5553 5556/5556/5556
f 5555/5555/5555 5556/5556/5556 5557/5557/5557
f 5558/5558/5558 5560/5560/5560 5559/5559/5559
f 5558/5558/5558 5559/5559/5559 5561/5561/5561
f 5561/5561/5561 5559/5559/5559 5562/5562/5562
f 5561/5561/5561 5562/5562/5562 5563/5563/5563
f 5564/5564/5564 5566/5566/5566 5565/5565/5565
f 5564/5564/5564 5565/5565/5565 5567/5567/5567
f 5565/5565/5565 5568/5568/5568 5567/5567/5567
f 5568/5568/5568 5565/5565/5565 5569/5569/5569
f 5570/5570/5570 5572/5572/5572 5571/5571/5571
f 5570/5570/5570 5571/5571/5571 5573/5573/5573
f 5573/5573/5573 5571/5571/5571 5574/5574/5574
f 5575/5575/5575 5577/5577/5577 5576/5576/5576
f 5575/5575/5575 5576/5576/5576 5578/5578/5578
f 5579/5579/5579 5581/5581/5581 5580/5580/5580
f 5579/5579/5579 5580/5580/5580 5582/5582/5582
f 5583/5583/5583 5585/5585/5585 5584/5584/5584
f 5583/5583/5583 5584/5584/5584 5586/5586/5586
f 5587/5587/5587 5589/5589/5589 5588/5588/5588
f 5587/5587/5587 5588/5588/5588 5590/5590/5590
f 5591/5591/5591 5593/5593/5593 5592/5592/5592
f 5591/5591/5591 5592/5592/5592 5594/5594/5594
f 5595/5595/5595 5597/5597/5597 5596/5596/5596
f 5595/5595/5595 5596/5596/5596 5598/5598/5598
f 5599/5599/5599 5601/5601/5601 5600/5600/5600
f 5599/5599/5599 5600/5600/5600 5602/5602/5602
f 5603/5603/5603 5605/5605/5605 5604/5604/5604
f 5603/5603/5603 5604/5604/5604 5606/5606/5606
f 5607/5607/5607 5609/5609/5609 5608/5608/5608
f 5607/5607/5607 5608/5608/5608 5610/5610/5610
f 5611/5611/5611 5613/5613/5613 5612/5612/5612
f 5611/5611/5611 5612/5612/5612 5614/5614/5614
f 5615/5615/5615 5617/5617/5617 5616/5616/5616
f 5615/5615/5615 5616/5616/5616 5618/5618/5618
f 5619/5619/5619 5621/5621/5621 5620/5620/5620
f 5619/5619/5619 5620/5620/5620 5622/5622/5622
f 5623/5623/5623 5625/5625/5625 5624/5624/5624
f 5623/5623/5623 5624/5624/5624 5626/5626/5626
f 5627/5627/5627 5629/5629/5629 5628/5628/5628
f 5627/5627/5627 5628/5628/5628 5630/5630/5630
f 5631/5631/5631 5633/5633/5633 5632/5632/5632
f 5631/5631/5631 5632/5632/5632 5634/5634/5634
f 5635/5635/5635 5637/5637/5637 5636/5636/5636
f 5635/5635/5635 5636/5636/5636 5638/5638/5638
f 5639/5639/5639 5641/5641/5641 5640/5640/5640
f 5639/5639/5639 5640/5640/5640 5642/5642/5642
f 5643/5643/5643 5645/5645/5645 5644/5644/5644
f 5643/5643/5643 5644/5644/5644 5646/5646/5646
f 5647/5647/5647 5649/5649/5649 5648/5648/5648
f 5647/5647/5647 5648/5648/5648 5650/5650/5650
f 5651/5651/5651 5653/5653/5653 5652/5652/5652
f 5651/5651/5651 5652/5652/5652 5654/5654/5654
f 5655/5655/5655 5657/5657/5657 5656/5656/5656
f 5655/5655/5655 5656/5656/5656 5658/5658/5658
f 5656/5656/5656 5657/5657/5657 5659/5659/5659
f 5660/5660/5660 5662/5662/5662 5661/5661/5661
f 5660/5660/5660 5661/5661/5661 5663/5663/5663
f 5661/5661/5661 5662/5662/5662 5664/5664/5664
f 5661/5661/5661 5664/5664/5664 5665/5665/5665
f 5666/5666/5666 5668/5668/5668 5667/5667/5667
f 5666/5666/5666 5667/5667/5667 5669/5669/5669
f 5667/5667/5667 5668/5668/5668 5670/5670/5670
f 5667/5667/5667 5670/5670/5670 5671/5671/5671
f 5672/5672/5672 5674/5674/5674 5673/5673/5673
f 5672/5672/5672 5673/5673/5673 5675/5675/5675
f 5673/5673/5673 5674/5674/5674 5676/5676/5676
f 5673/5673/5673 5676/5676/5676 5677/5677/5677
f 5678/5678/5678 5680/5680/5680 5679/5679/5679
f 5678/5678/5678 5679/5679/5679 5681/5681/5681
f 5679/5679/5679 5680/5680/5680 5682/5682/5682
f 5679/5679/5679 5682/5682/5682 5683/5683/5683
f 5684/5684/5684 5686/5686/5686 5685/5685/5685
f 5684/5684/5684 5685/5685/5685 5687/5687/5687
f 5685/5685/5685 5686/5686/5686 5688/5688/5688
f 5685/5685/5685 5688/5688/5688 5689/5689/5689
f 5690/5690/5690 5692/5692/5692 5691/5691/5691
f 5690/5690/5690 5691/5691/5691 5693/5693/5693
f 5691/5691/5691 5692/5692/5692 5694/5694/5694
f 5691/5691/5691 5694/5694/5694 5695/5695/5695
f 5696/5696/5696 5698/5698/5698 5697/5697/5697
f 5696/5696/5696 5697/5697/5697 5699/5699/5699
f 5700/5700/5700 5702/5702/5702 5701/5701/5701
f 5700/5700/5700 5701/5701/5701 5703/5703/5703
f 5704/5704/5704 5706/5706/5706 5705/5705/5705
f 5704/5704/5704 5705/5705/5705 5707/5707/5707
f 5708/5708/5708 5710/5710/5710 5709/5709/5709
f 5708/5708/5708 5709/5709/5709 5711/5711/5711
f 5712/5712/5712 5714/5714/5714 5713/5713/5713
f 5712/5712/5712 5713/5713/5713 5715/5715/5715
f 5716/5716/5716 5718/5718/5718 5717/5717/5717
f 5716/5716/5716 5717/5717/5717 5719/5719/5719
f 5720/5720/5720 5722/5722/5722 5721/5721/5721
f 5720/5720/5720 5721/5721/5721 5723/5723/5723
f 5724/5724/5724 5726/5726/5726 5725/5725/5725
f 5724/5724/5724 5725/5725/5725 5727/5727/5727
f 5728/5728/5728 5730/5730/5730 5729/5729/5729
f 5728/5728/5728 5729/5729/5729 5731/5731/5731
f 5732/5732/5732 5734/5734/5734 5733/5733/5733
f 5732/5732/5732 5733/5733/5733 5735/5735/5735
f 5736/5736/5736 5738/5738/5738 5737/5737/5737
f 5736/5736/5736 5737/5737/5737 5739/5739/5739
f 5740/5740/5740 5742/5742/5742 5741/5741/5741
f 5740/5740/5740 5741/5741/5741 5743/5743/5743
f 5744/5744/5744 5746/5746/5746 5745/5745/5745
f 5744/5744/5744 5745/5745/5745 5747/5747/5747
f 5748/5748/5748 5750/5750/5750 5749/5749/5749
f 5748/5748/5748 5749/5749/5749 5751/5751/5751
f 5752/5752/5752 5754/5754/5754 5753/5753/5753
f 5752/5752/5752 5753/5753/5753 5755/5755/5755
f 5756/5756/5756 5758/5758/5758 5757/5757/5757
f 5756/5756/5756 5757/5757/5757 5759/5759/5759
f 5760/5760/5760 5762/5762/5762 5761/5761/5761
f 5760/5760/5760 5761/5761/5761 5763/5763/5763
f 5764/5764/5764 5766/5766/5766 5765/5765/5765
f 5764/5764/5764 5765/5765/5765 5767/5767/5767
f 5768/5768/5768 5770/5770/5770 5769/5769/5769
f 5768/5768/5768 5769/5769/5769 5771/5771/5771
f 5772/5772/5772 5774/5774/5774 5773/5773/5773
f 5772/5772/5772 5773/5773/5773 5775/5775/5775
f 5776/5776/5776 5778/5778/5778 5777/5777/5777
f 5776/5776/5776 5777/5777/5777 5779/5779/5779
f 5780/5780/5780 5782/5782/5782 5781/5781/5781
f 5780/5780/5780 5781/5781/5781 5783/5783/5783
f 5784/5784/5784 5786/5786/5786 5785/5785/5785
f 5784/5784/5784 5785/5785/5785 5787/5787/5787
f 5788/5788/5788 5790/5790/5790 5789/5789/5789
f 5788/5788/5788 5789/5789/5789 5791/5791/5791
f 5792/5792/5792 5794/5794/5794 5793/5793/5793
f 5792/5792/5792 5793/5793/5793 5795/5795/5795
f 5796/5796/5796 5798/5798/5798 5797/5797/5797
f 5796/5796/5796 5797/5797/5797 5799/5799/5799
f 5800/5800/5800 5802/5802/5802 5801/5801/5801
f 5800/5800/5800 5801/5801/5801 5803/5803/5803
f 5804/5804/5804 5806/5806/5806 5805/5805/5805
f 5804/5804/5804 5805/5805/5805 5807/5807/5807
f 5808/5808/5808 5810/5810/5810 5809/5809/5809
f 5808/5808/5808 5809/5809/5809 5811/5811/5811
f 5812/5812/5812 5814/5814/5814 5813/5813/5813
f 5812/5812/5812 5813/5813/5813 5815/5815/5815
f 5816/5816/5816 5818/5818/5818 5817/5817/5817
f 5816/5816/5816 5817/5817/5817 5819/5819/5819
f 5820/5820/5820 5822/5822/5822 5821/5821/5821
f 5820/5820/5820 5821/5821/5821 5823/5823/5823
f 5824/5824/5824 5826/5826/5826 5825/5825/5825
f 5824/5824/5824 5825/5825/5825 5827/5827/5827
f 5828/5828/5828 5830/5830/5830 5829/5829/5829
f 5828/5828/5828 5829/5829/5829 5831/5831/5831
f 5832/5832/5832 5834/5834/5834 5833/5833/5833
f 5832/5832/5832 5833/5833/5833 5835/5835/5835
f 5836/5836/5836 5838/5838/5838 5837/5837/5837
f 5836/5836/5836 5837/5837/5837 5839/5839/5839
f 5840/5840/5840 5842/5842/5842 5841/5841/5841
f 5840/5840/5840 5841/5841/5841 5843/5843/5843
f 5844/5844/5844 5846/5846/5846 5845/5845/5845
f 5844/5844/5844 5845/5845/5845 5847/5847/5847
f 5848/5848/5848 5850/5850/5850 5849/5849/5849
f 5848/5848/5848 5849/5849/5849 5851/5851/5851
f 5852/5852/5852 5854/5854/5854 5853/5853/5853
f 5852/5852/5852 5853/5853/5853 5855/5855/5855
f 5856/5856/5856 5858/5858/5858 5857/5857/5857
f 5856/5856/5856 5857/5857/5857 5859/5859/5859
f 5860/5860/5860 5862/5862/5862 5861/5861/5861
f 5860/5860/5860 5861/5861/5861 5863/5863/5863
f 5864/5864/5864 5866/5866/5866 5865/5865/5865
f 5864/5864/5864 5865/5865/5865 5867/5867/5867
f 5868/5868/5868 5870/5870/5870 5869/5869/5869
f 5868/5868/5868 5869/5869/5869 5871/5871/5871
f 5872/5872/5872 5874/5874/5874 5873/5873/5873
f 5872/5872/5872 5873/5873/5873 5875/5875/5875
f 5876/5876/5876 5878/5878/5878 5877/5877/5877
f 5876/5876/5876 5877/5877/5877 5879/5879/5879
f 5880/5880/5880 5882/5882/5882 5881/5881/5881
f 5880/5880/5880 5881/5881/5881 5883/5883/5883
f 5884/5884/5884 5886/5886/5886 5885/5885/5885
f 5884/5884/5884 5885/5885/5885 5887/5887/5887
f 5888/5888/5888 5890/5890/5890 5889/5889/5889
f 5888/5888/5888 5889/5889/5889 5891/5891/5891
f 5892/5892/5892 5894/5894/5894 5893/5893/5893
f 5892/5892/5892 5893/5893/5893 5895/5895/5895
f 5896/5896/5896 5898/5898/5898 5897/5897/5897
f 5896/5896/5896 5897/5897/5897 5899/5899/5899
f 5900/5900/5900 5902/5902/5902 5901/5901/5901
f 5900/5900/5900 5901/5901/5901 5903/5903/5903
f 5904/5904/5904 5906/5906/5906 5905/5905/5905
f 5904/5904/5904 5905/5905/5905 5907/5907/5907
f 5908/5908/5908 5910/5910/5910 5909/5909/5909
f 5908/5908/5908 5909/5909/5909 5911/5911/5911
f 5912/5912/5912 5914/5914/5914 5913/5913/5913
f 5912/5912/5912 5913/5913/5913 5915/5915/5915
f 5916/5916/5916 5918/5918/5918 5917/5917/5917
f 5919/5919/5919 5918/5918/5918 5916/5916/5916
f 5920/5920/5920 5918/5918/5918 5919/5919/5919
f 5921/5921/5921 5918/5918/5918 5920/5920/5920
f 5922/5922/5922 5918/5918/5918 5921/5921/5921
f 5923/5923/5923 5918/5918/5918 5922/5922/5922
f 5924/5924/5924 5918/5918/5918 5923/5923/5923
f 5917/5917/5917 5918/5918/5918 5925/5925/5925
f 5926/5926/5926 5928/5928/5928 5927/5927/5927
f 5929/5929/5929 5928/5928/5928 5926/5926/5926
f 5930/5930/5930 5928/5928/5928 5929/5929/5929
f 5931/5931/5931 5928/5928/5928 5930/5930/5930
f 5932/5932/5932 5928/5928/5928 5931/5931/5931
f 5933/5933/5933 5928/5928/5928 5932/5932/5932
f 5934/5934/5934 5928/5928/5928 5933/5933/5933
f 5935/5935/5935 5928/5928/5928 5934/5934/5934
f 5936/5936/5936 5938/5938/5938 5937/5937/5937
f 5936/5936/5936 5937/5937/5937 5939/5939/5939
f 5940/5940/5940 5942/5942/5942 5941/5941/5941
f 5940/5940/5940 5941/5941/5941 5943/5943/5943
f 5944/5944/5944 5946/5946/5946 5945/5945/5945
f 5944/5944/5944 5945/5945/5945 5947/5947/5947
f 5948/5948/5948 5950/5950/5950 5949/5949/5949
f 5948/5948/5948 5949/5949/5949 5951/5951/5951
f 5952/5952/5952 5954/5954/5954 5953/5953/5953
f 5952/5952/5952 5953/5953/5953 5955/5955/5955
f 5956/5956/5956 5958/5958/5958 5957/5957/5957
f 5956/5956/5956 5957/5957/5957 5959/5959/5959
f 5960/5960/5960 5962/5962/5962 5961/5961/5961
f 5960/5960/5960 5961/5961/5961 5963/5963/5963
f 5964/5964/5964 5966/5966/5966 5965/5965/5965
f 5964/5964/5964 5965/5965/5965 5967/5967/5967
f 5968/5968/5968 5970/5970/5970 5969/5969/5969
f 5968/5968/5968 5969/5969/5969 5971/5971/5971
f 5972/5972/5972 5974/5974/5974 5973/5973/5973
f 5972/5972/5972 5973/5973/5973 5975/5975/5975
f 5976/5976/5976 5978/5978/5978 5977/5977/5977
f 5976/5976/5976 5977/5977/5977 5979/5979/5979
f 5980/5980/5980 5982/5982/5982 5981/5981/5981
f 5980/5980/5980 5981/5981/5981 5983/5983/5983
f 5984/5984/5984 5986/5986/5986 5985/5985/5985
f 5984/5984/5984 5985/5985/5985 5987/5987/5987
f 5988/5988/5988 5990/5990/5990 5989/5989/5989
f 5988/5988/5988 5989/5989/5989 5991/5991/5991
f 5992/5992/5992 5994/5994/5994 5993/5993/5993
f 5992/5992/5992 5993/5993/5993 5995/5995/5995
f 5996/5996/5996 5998/5998/5998 5997/5997/5997
f 5996/5996/5996 5997/5997/5997 5999/5999/5999
f 6000/6000/6000 6002/6002/6002 6001/6001/6001
f 6003/6003/6003 6002/6002/6002 6000/6000/6000
f 6004/6004/6004 6002/6002/6002 6003/6003/6003
f 6005/6005/6005 6002/6002/6002 6004/6004/6004
f 6006/6006/6006 6002/6002/6002 6005/6005/6005
f 6007/6007/6007 6002/6002/6002 6006/6006/6006
f 6008/6008/6008 6002/6002/6002 6007/6007/6007
f 6001/6001/6001 6002/6002/6002 6009/6009/6009
f 6010/6010/6010 6012/6012/6012 6011/6011/6011
f 6013/6013/6013 6012/6012/6012 6010/6010/6010
f 6014/6014/6014 6012/6012/6012 6013/6013/6013
f 6015/6015/6015 6012/6012/6012 6014/6014/6014
f 6016/6016/6016 6012/6012/6012 6015/6015/6015
f 6017/6017/6017 6012/6012/6012 6016/6016/6016
f 6018/6018/6018 6012/6012/6012 6017/6017/6017
f 6019/6019/6019 6012/6012/6012 6018/6018/6018
f 6020/6020/6020 6022/6022/6022 6021/6021/6021
f 6020/6020/6020 6021/6021/6021 6023/6023/6023
f 6024/6024/6024 6026/6026/6026 6025/6025/6025
f 6024/6024/6024 6025/6025/6025 6027/6027/6027
f 6028/6028/6028 6030/6030/6030 6029/6029/6029
f 6028/6028/6028 6029/6029/6029 6031/6031/6031
f 6032/6032/6032 6034/6034/6034 6033/6033/6033
f 6032/6032/6032 6033/6033/6033 6035/6035/6035
f 6036/6036/6036 6038/6038/6038 6037/6037/6037
f 6036/6036/6036 6037/6037/6037 6039/6039/6039
f 6040/6040/6040 6042/6042/6042 6041/6041/6041
f 6040/6040/6040 6041/6041/6041 6043/6043/6043
f 6044/6044/6044 6046/6046/6046 6045/6045/6045
f 6044/6044/6044 6045/6045/6045 6047/6047/6047
f 6048/6048/6048 6050/6050/6050 6049/6049/6049
f 6048/6048/6048 6049/6049/6049 6051/6051/6051
f 6052/6052/6052 6054/6054/6054 6053/6053/6053
f 6052/6052/6052 6053/6053/6053 6055/6055/6055
f 6056/6056/6056 6058/6058/6058 6057/6057/6057
f 6056/6056/6056 6057/6057/6057 6059/6059/6059
f 6060/6060/6060 6062/6062/6062 6061/6061/6061
f 6060/6060/6060 6061/6061/6061 6063/6063/6063
f 6064/6064/6064 6066/6066/6066 6065/6065/6065
f 6064/6064/6064 6065/6065/6065 6067/6067/6067
f 6068/6068/6068 6070/6070/6070 6069/6069/6069
f 6068/6068/6068 6069/6069/6069 6071/6071/6071
f 6072/6072/6072 6074/6074/6074 6073/6073/6073
f 6072/6072/6072 6073/6073/6073 6075/6075/6075
f 6076/6076/6076 6078/6078/6078 6077/6077/6077
f 6076/6076/6076 6077/6077/6077 6079/6079/6079
f 6080/6080/6080 6082/6082/6082 6081/6081/6081
f 6080/6080/6080 6081/6081/6081 6083/6083/6083
f 6084/6084/6084 6086/6086/6086 6085/6085/6085
f 6087/6087/6087 6086/6086/6086 6084/6084/6084
f 6088/6088/6088 6086/6086/6086 6087/6087/6087
f 6089/6089/6089 6086/6086/6086 6088/6088/6088
f 6090/6090/6090 6086/6086/6086 6089/6089/6089
f 6091/6091/6091 6086/6086/6086 6090/6090/6090
f 6092/6092/6092 6086/6086/6086 6091/6091/6091
f 6085/6085/6085 6086/6086/6086 6093/6093/6093
f 6094/6094/6094 6096/6096/6096 6095/6095/6095
f 6097/6097/6097 6096/6096/6096 6094/6094/6094
f 6098/6098/6098 6096/6096/6096 6097/6097/6097
f 6099/6099/6099 6096/6096/6096 6098/6098/6098
f 6100/6100/6100 6096/6096/6096 6099/6099/6099
f 6101/6101/6101 6096/6096/6096 6100/6100/6100
f 6102/6102/6102 6096/6096/6096 6101/6101/6101
f 6103/6103/6103 6096/6096/6096 6102/6102/6102
f 6104/6104/6104 6106/6106/6106 6105/6105/6105
f 6104/6104/6104 6105/6105/6105 6107/6107/6107
f 6108/6108/6108 6110/6110/6110 6109/6109/6109
f 6108/6108/6108 6109/6109/6109 6111/6111/6111
f 6112/6112/6112 6114/6114/6114 6113/6113/6113
f 6112/6112/6112 6113/6113/6113 6115/6115/6115
f 6116/6116/6116 6118/6118/6118 6117/6117/6117
f 6116/6116/6116 6117/6117/6117 6119/6119/6119
f 6120/6120/6120 6122/6122/6122 6121/6121/6121
f 6120/6120/6120 6121/6121/6121 6123/6123/6123
f 6124/6124/6124 6126/6126/6126 6125/6125/6125
f 6124/6124/6124 6125/6125/6125 6127/6127/6127
f 6128/6128/6128 6130/6130/6130 6129/6129/6129
f 6128/6128/6128 6129/6129/6129 6131/6131/6131
f 6132/6132/6132 6134/6134/6134 6133/6133/6133
f 6132/6132/6132 6133/6133/6133 6135/6135/6135
f 6136/6136/6136 6138/6138/6138 6137/6137/6137
f 6136/6136/6136 6137/6137/6137 6139/6139/6139
f 6140/6140/6140 6142/6142/6142 6141/6141/6141
f 6140/6140/6140 6141/6141/6141 6143/6143/6143
f 6144/6144/6144 6146/6146/6146 6145/6145/6145
f 6144/6144/6144 6145/6145/6145 6147/6147/6147
f 6148/6148/6148 6150/6150/6150 6149/6149/6149
f 6148/6148/6148 6149/6149/6149 6151/6151/6151
f 6152/6152/6152 6154/6154/6154 6153/6153/6153
f 6152/6152/6152 6153/6153/6153 6155/6155/6155
f 6156/6156/6156 6158/6158/6158 6157/6157/6157
f 6156/6156/6156 6157/6157/6157 6159/6159/6159
f 6160/6160/6160 6162/6162/6162 6161/6161/6161
f 6160/6160/6160 6161/6161/6161 6163/6163/6163
f 6164/6164/6164 6166/6166/6166 6165/6165/6165
f 6164/6164/6164 6165/6165/6165 6167/6167/6167
f 6168/6168/6168 6170/6170/6170 6169/6169/6169
f 6171/6171/6171 6170/6170/6170 6168/6168/6168
f 6172/6172/6172 6170/6170/6170 6171/6171/6171
f 6173/6173/6173 6170/6170/6170 6172/6172/6172
f 6174/6174/6174 6170/6170/6170 6173/6173/6173
f 6175/6175/6175 6170/6170/6170 6174/6174/6174
f 6176/6176/6176 6170/6170/6170 6175/6175/6175
f 6169/6169/6169 6170/6170/6170 6177/6177/6177
f 6178/6178/6178 6180/6180/6180 6179/6179/6179
f 6181/6181/6181 6180/6180/6180 6178/6178/6178
f 6182/6182/6182 6180/6180/6180 6181/6181/6181
f 6183/6183/6183 6180/6180/6180 6182/6182/6182
f 6184/6184/6184 6180/6180/6180 6183/6183/6183
f 6185/6185/6185 6180/6180/6180 6184/6184/6184
f 6186/6186/6186 6180/6180/6180 6185/6185/6185
f 6187/6187/6187 6180/6180/6180 6186/6186/6186
f 6188/6188/6188 6190/6190/6190 6189/6189/6189
f 6188/6188/6188 6189/6189/6189 6191/6191/6191
f 6192/6192/6192 6194/6194/6194 6193/6193/6193
f 6192/6192/6192 6193/6193/6193 6195/6195/6195
f 6196/6196/6196 6198/6198/6198 6197/6197/6197
f 6196/6196/6196 6197/6197/6197 6199/6199/6199
f 6200/6200/6200 6202/6202/6202 6201/6201/6201
f 6200/6200/6200 6201/6201/6201 6203/6203/6203
f 6204/6204/6204 6206/6206/6206 6205/6205/6205
f 6204/6204/6204 6205/6205/6205 6207/6207/6207
f 6208/6208/6208 6210/6210/6210 6209/6209/6209
f 6208/6208/6208 6209/6209/6209 6211/6211/6211
f 6212/6212/6212 6214/6214/6214 6213/6213/6213
f 6212/6212/6212 6213/6213/6213 6215/6215/6215
f 6216/6216/6216 6218/6218/6218 6217/6217/6217
f 6216/6216/6216 6217/6217/6217 6219/6219/6219
f 6220/6220/6220 6222/6222/6222 6221/6221/6221
f 6220/6220/6220 6221/6221/6221 6223/6223/6223
f 6224/6224/6224 6226/6226/6226 6225/6225/6225
f 6224/6224/6224 6225/6225/6225 6227/6227/6227
f 6228/6228/6228 6230/6230/6230 6229/6229/6229
f 6228/6228/6228 6229/6229/6229 6231/6231/6231
f 6232/6232/6232 6234/6234/6234 6233/6233/6233
f 6232/6232/6232 6233/6233/6233 6235/6235/6235
f 6236/6236/6236 6238/6238/6238 6237/6237/6237
f 6236/6236/6236 6237/6237/6237 6239/6239/6239
f 6240/6240/6240 6242/6242/6242 6241/6241/6241
f 6240/6240/6240 6241/6241/6241 6243/6243/6243
f 6244/6244/6244 6246/6246/6246 6245/6245/6245
f 6244/6244/6244 6245/6245/6245 6247/6247/6247
f 6248/6248/6248 6250/6250/6250 6249/6249/6249
f 6248/6248/6248 6249/6249/6249 6251/6251/6251
f 6252/6252/6252 6254/6254/6254 6253/6253/6253
f 6255/6255/6255 6254/6254/6254 6252/6252/6252
f 6256/6256/6256 6254/6254/6254 6255/6255/6255
f 6257/6257/6257 6254/6254/6254 6256/6256/6256
f 6258/6258/6258 6254/6254/6254 6257/6257/6257
f 6259/6259/6259 6254/6254/6254 6258/6258/6258
f 6260/6260/6260 6254/6254/6254 6259/6259/6259
f 6253/6253/6253 6254/6254/6254 6261/6261/6261
f 6262/6262/6262 6264/6264/6264 6263/6263/6263
f 6265/6265/6265 6264/6264/6264 6262/6262/6262
f 6266/6266/6266 6264/6264/6264 6265/6265/6265
f 6267/6267/6267 6264/6264/6264 6266/6266/6266
f 6268/6268/6268 6264/6264/6264 6267/6267/6267
f 6269/6269/6269 6264/6264/6264 6268/6268/6268
f 6270/6270/6270 6264/6264/6264 6269/6269/6269
f 6271/6271/6271 6264/6264/6264 6270/6270/6270
f 6272/6272/6272 6274/6274/6274 6273/6273/6273
f 6272/6272/6272 6273/6273/6273 6275/6275/6275
f 6276/6276/6276 6278/6278/6278 6277/6277/6277
f 6276/6276/6276 6277/6277/6277 6279/6279/6279
f 6280/6280/6280 6282/6282/6282 6281/6281/6281
f 6280/6280/6280 6281/6281/6281 6283/6283/6283
f 6284/6284/6284 6286/6286/6286 6285/6285/6285
f 6284/6284/6284 6285/6285/6285 6287/6287/6287
f 6288/6288/6288 6290/6290/6290 6289/6289/6289
f 6288/6288/6288 6289/6289/6289 6291/6291/6291
f 6292/6292/6292 6294/6294/6294 6293/6293/6293
f 6292/6292/6292 6293/6293/6293 6295/6295/6295
f 6296/6296/6296 6298/6298/6298 6297/6297/6297
f 6296/6296/6296 6297/6297/6297 6299/6299/6299
f 6300/6300/6300 6302/6302/6302 6301/6301/6301
f 6300/6300/6300 6301/6301/6301 6303/6303/6303
f 6304/6304/6304 6306/6306/6306 6305/6305/6305
f 6304/6304/6304 6305/6305/6305 6307/6307/6307
f 6308/6308/6308 6310/6310/6310 6309/6309/6309
f 6308/6308/6308 6309/6309/6309 6311/6311/6311
f 6312/6312/6312 6314/6314/6314 6313/6313/6313
f 6312/6312/6312 6313/6313/6313 6315/6315/6315
f 6316/6316/6316 6318/6318/6318 6317/6317/6317
f 6316/6316/6316 6317/6317/6317 6319/6319/6319
f 6320/6320/6320 6322/6322/6322 6321/6321/6321
f 6320/6320/6320 6321/6321/6321 6323/6323/6323
f 6324/6324/6324 6326/6326/6326 6325/6325/6325
f 6324/6324/6324 6325/6325/6325 6327/6327/6327
f 6328/6328/6328 6330/6330/6330 6329/6329/6329
f 6328/6328/6328 6329/6329/6329 6331/6331/6331
f 6332/6332/6332 6334/6334/6334 6333/6333/6333
f 6332/6332/6332 6333/6333/6333 6335/6335/6335
f 6336/6336/6336 6338/6338/6338 6337/6337/6337
f 6339/6339/6339 6338/6338/6338 6336/6336/6336
f 6340/6340/6340 6338/6338/6338 6339/6339/6339
f 6341/6341/6341 6338/6338/6338 6340/6340/6340
f 6342/6342/6342 6338/6338/6338 6341/6341/6341
f 6343/6343/6343 6338/6338/6338 6342/6342/6342
f 6344/6344/6344 6338/6338/6338 6343/6343/6343
f 6337/6337/6337 6338/6338/6338 6345/6345/6345
f 6346/6346/6346 6348/6348/6348 6347/6347/6347
f 6349/6349/6349 6348/6348/6348 6346/6346/6346
f 6350/6350/6350 6348/6348/6348 6349/6349/6349
f 6351/6351/6351 6348/6348/6348 6350/6350/6350
f 6352/6352/6352 6348/6348/6348 6351/6351/6351
f 6353/6353/6353 6348/6348/6348 6352/6352/6352
f 6354/6354/6354 6348/6348/6348 6353/6353/6353
f 6355/6355/6355 6348/6348/6348 6354/6354/6354
f 6356/6356/6356 6358/6358/6358 6357/6357/6357
f 6356/6356/6356 6357/6357/6357 6359/6359/6359
f 6360/6360/6360 6362/6362/6362 6361/6361/6361
f 6360/6360/6360 6361/6361/6361 6363/6363/6363
f 6364/6364/6364 6366/6366/6366 6365/6365/6365
f 6364/6364/6364 6365/6365/6365 6367/6367/6367
f 6368/6368/6368 6370/6370/6370 6369/6369/6369
f 6368/6368/6368 6369/6369/6369 6371/6371/6371
f 6372/6372/6372 6374/6374/6374 6373/6373/6373
f 6372/6372/6372 6373/6373/6373 6375/6375/6375
f 6376/6376/6376 6378/6378/6378 6377/6377/6377
f 6376/6376/6376 6377/6377/6377 6379/6379/6379
f 6380/6380/6380 6382/6382/6382 6381/6381/6381
f 6380/6380/6380 6381/6381/6381 6383/6383/6383
f 6384/6384/6384 6386/6386/6386 6385/6385/6385
f 6384/6384/6384 6385/6385/6385 6387/6387/6387
f 6388/6388/6388 6390/6390/6390 6389/6389/6389
f 6388/6388/6388 6389/6389/6389 6391/6391/6391
f 6392/6392/6392 6394/6394/6394 6393/6393/6393
f 6392/6392/6392 6393/6393/6393 6395/6395/6395
f 6396/6396/6396 6398/6398/6398 6397/6397/6397
f 6396/6396/6396 6397/6397/6397 6399/6399/6399
f 6400/6400/6400 6402/6402/6402 6401/6401/6401
f 6400/6400/6400 6401/6401/6401 6403/6403/6403
f 6404/6404/6404 6406/6406/6406 6405/6405/6405
f 6404/6404/6404 6405/6405/6405 6407/6407/6407
f 6408/6408/6408 6410/6410/6410 6409/6409/6409
f 6408/6408/6408 6409/6409/6409 6411/6411/6411
f 6412/6412/6412 6414/6414/6414 6413/6413/6413
f 6412/6412/6412 6413/6413/6413 6415/6415/6415
f 6416/6416/6416 6418/6418/6418 6417/6417/6417
f 6416/6416/6416 6417/6417/6417 6419/6419/6419
f 6420/6420/6420 6422/6422/6422 6421/6421/6421
f 6423/6423/6423 6422/6422/6422 6420/6420/6420
f 6424/6424/6424 6422/6422/6422 6423/6423/6423
f 6425/6425/6425 6422/6422/6422 6424/6424/6424
f 6426/6426/6426 6422/6422/6422 6425/6425/6425
f 6427/6427/6427 6422/6422/6422 6426/6426/6426
f 6428/6428/6428 6422/6422/6422 6427/6427/6427
f 6421/6421/6421 6422/6422/6422 6429/6429/6429
f 6430/6430/6430 6432/6432/6432 6431/6431/6431
f 6433/6433/6433 6432/6432/6432 6430/6430/6430
f 6434/6434/6434 6432/6432/6432 6433/6433/6433
f 6435/6435/6435 6432/6432/6432 6434/6434/6434
f 6436/6436/6436 6432/6432/6432 6435/6435/6435
f 6437/6437/6437 6432/6432/6432 6436/6436/6436
f 6438/6438/6438 6432/6432/6432 6437/6437/6437
f 6439/6439/6439 6432/6432/6432 6438/6438/6438
f 6440/6440/6440 6442/6442/6442 6441/6441/6441
f 6440/6440/6440 6441/6441/6441 6443/6443/6443
f 6444/6444/6444 6446/6446/6446 6445/6445/6445
f 6444/6444/6444 6445/6445/6445 6447/6447/6447
f 6448/6448/6448 6450/6450/6450 6449/6449/6449
f 6448/6448/6448 6449/6449/6449 6451/6451/6451
f 6452/6452/6452 6454/6454/6454 6453/6453/6453
f 6452/6452/6452 6453/6453/6453 6455/6455/6455
f 6456/6456/6456 6458/6458/6458 6457/6457/6457
f 6456/6456/6456 6457/6457/6457 6459/6459/6459
f 6460/6460/6460 6462/6462/6462 6461/6461/6461
f 6460/6460/6460 6461/6461/6461 6463/6463/6463
f 6464/6464/6464 6466/6466/6466 6465/6465/6465
f 6464/6464/6464 6465/6465/6465 6467/6467/6467
f 6468/6468/6468 6470/6470/6470 6469/6469/6469
f 6468/6468/6468 6469/6469/6469 6471/6471/6471
f 6472/6472/6472 6474/6474/6474 6473/6473/6473
f 6472/6472/6472 6473/6473/6473 6475/6475/6475
f 6476/6476/6476 6478/6478/6478 6477/6477/6477
f 6476/6476/6476 6477/6477/6477 6479/6479/6479
f 6480/6480/6480 6482/6482/6482 6481/6481/6481
f 6480/6480/6480 6481/6481/6481 6483/6483/6483
f 6484/6484/6484 6486/6486/6486 6485/6485/6485
f 6484/6484/6484 6485/6485/6485 6487/6487/6487
f 6488/6488/6488 6490/6490/6490 6489/6489/6489
f 6488/6488/6488 6489/6489/6489 6491/6491/6491
f 6492/6492/6492 6494/6494/6494 6493/6493/6493
f 6492/6492/6492 6493/6493/6493 6495/6495/6495
f 6496/6496/6496 6498/6498/6498 6497/6497/6497
f 6496/6496/6496 6497/6497/6497 6499/6499/6499
f 6500/6500/6500 6502/6502/6502 6501/6501/6501
f 6500/6500/6500 6501/6501/6501 6503/6503/6503
f 6504/6504/6504 6506/6506/6506 6505/6505/6505
f 6507/6507/6507 6506/6506/6506 6504/6504/6504
f 6508/6508/6508 6506/6506/6506 6507/6507/6507
f 6509/6509/6509 6506/6506/6506 6508/6508/6508
f 6510/6510/6510 6506/6506/6506 6509/6509/6509
f 6511/6511/6511 6506/6506/6506 6510/6510/6510
f 6512/6512/6512 6506/6506/6506 6511/6511/6511
f 6505/6505/6505 6506/6506/6506 6513/6513/6513
f 6514/6514/6514 6516/6516/6516 6515/6515/6515
f 6517/6517/6517 6516/6516/6516 6514/6514/6514
f 6518/6518/6518 6516/6516/6516 6517/6517/6517
f 6519/6519/6519 6516/6516/6516 6518/6518/6518
f 6520/6520/6520 6516/6516/6516 6519/6519/6519
f 6521/6521/6521 6516/6516/6516 6520/6520/6520
f 6522/6522/6522 6516/6516/6516 6521/6521/6521
f 6523/6523/6523 6516/6516/6516 6522/6522/6522
f 6524/6524/6524 6526/6526/6526 6525/6525/6525
f 6524/6524/6524 6525/6525/6525 6527/6527/6527
f 6528/6528/6528 6530/6530/6530 6529/6529/6529
f 6528/6528/6528 6529/6529/6529 6531/6531/6531
f 6532/6532/6532 6534/6534/6534 6533/6533/6533
f 6532/6532/6532 6533/6533/6533 6535/6535/6535
f 6536/6536/6536 6538/6538/6538 6537/6537/6537
f 6536/6536/6536 6537/6537/6537 6539/6539/6539
f 6540/6540/6540 6542/6542/6542 6541/6541/6541
f 6540/6540/6540 6541/6541/6541 6543/6543/6543
f 6544/6544/6544 6546/6546/6546 6545/6545/6545
f 6544/6544/6544 6545/6545/6545 6547/6547/6547
f 6548/6548/6548 6550/6550/6550 6549/6549/6549
f 6548/6548/6548 6549/6549/6549 6551/6551/6551
f 6552/6552/6552 6554/6554/6554 6553/6553/6553
f 6552/6552/6552 6553/6553/6553 6555/6555/6555
f 6556/6556/6556 6558/6558/6558 6557/6557/6557
f 6556/6556/6556 6557/6557/6557 6559/6559/6559
f 6560/6560/6560 6562/6562/6562 6561/6561/6561
f 6560/6560/6560 6561/6561/6561 6563/6563/6563
f 6564/6564/6564 6566/6566/6566 6565/6565/6565
f 6564/6564/6564 6565/6565/6565 6567/6567/6567
f 6568/6568/6568 6570/6570/6570 6569/6569/6569
f 6568/6568/6568 6569/6569/6569 6571/6571/6571
f 6572/6572/6572 6574/6574/6574 6573/6573/6573
f 6572/6572/6572 6573/6573/6573 6575/6575/6575
f 6576/6576/6576 6578/6578/6578 6577/6577/6577
f 6576/6576/6576 6577/6577/6577 6579/6579/6579
f 6580/6580/6580 6582/6582/6582 6581/6581/6581
f 6580/6580/6580 6581/6581/6581 6583/6583/6583
f 6584/6584/6584 6586/6586/6586 6585/6585/6585
f 6584/6584/6584 6585/6585/6585 6587/6587/6587
f 6588/6588/6588 6590/6590/6590 6589/6589/6589
f 6588/6588/6588 6589/6589/6589 6591/6591/6591
f 6592/6592/6592 6594/6594/6594 6593/6593/6593
f 6592/6592/6592 6593/6593/6593 6595/6595/6595
f 6596/6596/6596 6598/6598/6598 6597/6597/6597
f 6596/6596/6596 6597/6597/6597 6599/6599/6599
f 6596/6596/6596 6600/6600/6600 6598/6598/6598
f 6596/6596/6596 6601/6601/6601 6600/6600/6600
f 6601/6601/6601 6602/6602/6602 6600/6600/6600
f 6597/6597/6597 6603/6603/6603 6599/6599/6599
f 6604/6604/6604 6606/6606/6606 6605/6605/6605
f 6604/6604/6604 6605/6605/6605 6607/6607/6607
f 6605/6605/6605 6608/6608/6608 6607/6607/6607
f 6604/6604/6604 6609/6609/6609 6606/6606/6606
f 6604/6604/6604 6610/6610/6610 6609/6609/6609
f 6610/6610/6610 6611/6611/6611 6609/6609/6609
f 6610/6610/6610 6612/6612/6612 6611/6611/6611
f 6612/6612/6612 6613/6613/6613 6611/6611/6611
f 6614/6614/6614 6616/6616/6616 6615/6615/6615
f 6614/6614/6614 6615/6615/6615 6617/6617/6617
f 6615/6615/6615 6618/6618/6618 6617/6617/6617
f 6615/6615/6615 6619/6619/6619 6618/6618/6618
f 6619/6619/6619 6620/6620/6620 6618/6618/6618
f 6614/6614/6614 6621/6621/6621 6616/6616/6616
f 6622/6622/6622 6624/6624/6624 6623/6623/6623
f 6622/6622/6622 6623/6623/6623 6625/6625/6625
f 6623/6623/6623 6626/6626/6626 6625/6625/6625
f 6623/6623/6623 6627/6627/6627 6626/6626/6626
f 6627/6627/6627 6628/6628/6628 6626/6626/6626
f 6627/6627/6627 6629/6629/6629 6628/6628/6628
f 6629/6629/6629 6630/6630/6630 6628/6628/6628
f 6622/6622/6622 6631/6631/6631 6624/6624/6624

o collision_PZ_item_23
v 28.3623462 4.584692 18.0955572
v 29.6722369 7.35219383 18.0522051
v 28.3623462 7.35219383 18.0522051
v 29.6722369 4.584692 18.0955572
v 29.6722369 8.52022552 18.4449701
v 28.3623462 8.52022552 18.4449701
v 29.6722369 9.09914398 19.4571905
v 28.3623462 9.09914398 19.4571905
v 28.3623462 9.09914398 19.4571905
v 29.6722369 9.67806244 18.4449701
v 28.3623462 9.67806244 18.4449701
v 29.6722369 9.09914398 19.4571905
v 29.6722369 10.8460913 18.0522051
v 28.3623462 10.8460913 18.0522051
v 29.6722293 17.2223196 18.0955572
v 28.3623462 17.2223196 18.0955572
v 29.6722369 10.8460913 18.0522051
v 29.6722293 17.2223196 19.9603663
v 29.6722293 17.2223196 18.0955572
v 29.6722369 10.2620754 19.9603663
v 29.6722369 9.67806244 18.4449701
v 29.6722369 9.09914398 19.4571905
v 29.6722369 7.93620682 19.9603663
v 29.6722369 8.52022552 18.4449701
v 29.6722369 7.35219383 18.0522051
v 29.6722369 4.584692 18.0955572
v 29.6722369 4.58468818 19.9603663
v 28.3623462 10.8460913 18.0522051
v 28.3623386 17.2223196 19.9603663
v 28.3623462 10.2620754 19.9603663
v 28.3623462 17.2223196 18.0955572
v 28.3623462 9.67806244 18.4449701
v 28.3623462 9.09914398 19.4571905
v 28.3623462 7.93620682 19.9603663
v 28.3623462 8.52022552 18.4449701
v 28.3623462 7.35219383 18.0522051
v 28.3623462 4.584692 18.0955572
v 28.3623462 4.58468818 19.9603663
vt 1.7860415 0.621212244
vt 1.68876553 0.601091981
vt 1.68876576 0.621212244
vt 1.7860415 0.601091981
vt 1.67203355 0.601091981
vt 1.67203355 0.621212244
vt 1.65530133 0.601091981
vt 1.65530133 0.621212244
vt 1.65530133 0.621212244
vt 1.63856936 0.601091981
vt 1.63856936 0.621212244
vt 1.65530133 0.601091981
vt 1.62183738 0.601091981
vt 1.62183738 0.621212244
vt 1.41170454 0.601091981
vt 1.41170454 0.621212244
vt 1.47514594 0.496458411
vt 1.515571 0.382992983
vt 1.47514594 0.382992983
vt 1.515571 0.500975847
vt 1.47514594 0.505493283
vt 1.47514594 0.514528036
vt 1.515571 0.528080285
vt 1.47514594 0.523562908
vt 1.47514594 0.532597661
vt 1.47514594 0.585123718
vt 1.515571 0.585123718
vt 1.47514594 0.496458411
vt 1.515571 0.382992983
vt 1.515571 0.500975847
vt 1.47514594 0.382992983
vt 1.47514594 0.505493283
vt 1.47514594 0.514528036
vt 1.515571 0.528080285
vt 1.47514594 0.523562908
vt 1.47514594 0.532597661
vt 1.47514594 0.585123718
vt 1.515571 0.585123718
vn 0 -0.0156627912 -0.999877331
vn 0 0.153748169 -0.988110065
vn 0 0.153748169 -0.988110065
vn 0 -0.0156627912 -0.999877331
vn 0 0.634861011 -0.772626363
vn 0 0.634861011 -0.772626363
vn 0 0.868055874 -0.496466514
vn 0 0.868055874 -0.496466514
vn 0 -0.868055874 -0.496466514
vn 0 -0.634861277 -0.772626145
vn 0 -0.634861277 -0.772626145
vn 0 -0.868055874 -0.496466514
vn 0 -0.158126653 -0.987418838
vn 0 -0.158126581 -0.98741885
vn 0 0.00679886723 -0.999976887
vn 0 0.00679886677 -0.999976887
vn 1 0 0
vn 1 0 0
vn 1 0 0
vn 1 0 0
vn 1 0 0
vn 1 0 0
vn 1 0 0
vn 1 0 0
vn 1 0 0
vn 1 0 0
vn 1 0 0
vn -1 0 0
vn -1 0 0
vn -1 0 0
vn -1 0 0
vn -1 0 0
vn -1 0 0
vn -1 0 0
vn -1 0 0
vn -1 0 0
vn -1 0 0
vn -1 0 0

g collision_PZ_item_23_submesh_0
usemtl collision_71
f 6632/6632/6632 6634/6634/6634 6633/6633/6633
f 6632/6632/6632 6633/6633/6633 6635/6635/6635
f 6634/6634/6634 6636/6636/6636 6633/6633/6633
f 6634/6634/6634 6637/6637/6637 6636/6636/6636
f 6637/6637/6637 6638/6638/6638 6636/6636/6636
f 6637/6637/6637 6639/6639/6639 6638/6638/6638
f 6640/6640/6640 6642/6642/6642 6641/6641/6641
f 6640/6640/6640 6641/6641/6641 6643/6643/6643
f 6642/6642/6642 6644/6644/6644 6641/6641/6641
f 6642/6642/6642 6645/6645/6645 6644/6644/6644
f 6645/6645/6645 6646/6646/6646 6644/6644/6644
f 6645/6645/6645 6647/6647/6647 6646/6646/6646
f 6648/6648/6648 6650/6650/6650 6649/6649/6649
f 6648/6648/6648 6649/6649/6649 6651/6651/6651
f 6652/6652/6652 6648/6648/6648 6651/6651/6651
f 6653/6653/6653 6652/6652/6652 6651/6651/6651
f 6653/6653/6653 6651/6651/6651 6654/6654/6654
f 6655/6655/6655 6653/6653/6653 6654/6654/6654
f 6656/6656/6656 6655/6655/6655 6654/6654/6654
f 6657/6657/6657 6656/6656/6656 6654/6654/6654
f 6657/6657/6657 6654/6654/6654 6658/6658/6658
f 6659/6659/6659 6661/6661/6661 6660/6660/6660
f 6659/6659/6659 6660/6660/6660 6662/6662/6662
f 6663/6663/6663 6661/6661/6661 6659/6659/6659
f 6664/6664/6664 6661/6661/6661 6663/6663/6663
f 6664/6664/6664 6665/6665/6665 6661/6661/6661
f 6666/6666/6666 6665/6665/6665 6664/6664/6664
f 6667/6667/6667 6665/6665/6665 6666/6666/6666
f 6668/6668/6668 6665/6665/6665 6667/6667/6667
f 6668/6668/6668 6669/6669/6669 6665/6665/6665

o collision_PZ_item_59
v -41.9776081 9.05035354 -26.9980886
v -41.5872082 9.05035354 -25.2574174
v -41.97761 9.05035354 -25.2574174
v -41.5872062 9.05035354 -26.9980886
v -41.9776081 8.05035354 -26.9980886
v -41.97761 9.05035354 -25.2574174
v -41.97761 8.05035354 -25.2574174
v -41.9776081 9.05035354 -26.9980886
v -41.97761 8.05035354 -25.2574174
v -41.5872082 9.05035354 -25.2574174
v -41.5872082 8.05035354 -25.2574174
v -41.97761 9.05035354 -25.2574174
v -41.5872082 8.05035354 -25.2574174
v -41.5872062 9.05035354 -26.9980886
v -41.5872062 8.05035354 -26.9980886
v -41.5872082 9.05035354 -25.2574174
vt 0.411769807 0.801583469
vt 0.438436508 0.625241041
vt 0.411769807 0.625241041
vt 0.438436508 0.801583469
vt 0.525347888 0.677529454
vt 0.441178024 0.996701241
vt 0.525347888 0.996701241
vt 0.441178083 0.677529454
vt 0.439485848 0.931153834
vt 0.409644306 0.831641197
vt 0.409644306 0.931153774
vt 0.439485848 0.831641197
vt 0.525347888 0.677529454
vt 0.441178024 0.996701241
vt 0.525347888 0.996701241
vt 0.441178024 0.677529454
vn 0 1 2.22044605e-16
vn 0 1 2.22044605e-16
vn 0 1 2.22044605e-16
vn 0 1 2.22044605e-16
vn -1 0 0
vn -1 0 0
vn -1 0 0
vn -1 0 0
vn 0 -2.22044605e-16 1
vn 0 -2.22044605e-16 1
vn 0 -2.22044605e-16 1
vn 0 -2.22044605e-16 1
vn 1 0 0
vn 1 0 0
vn 1 0 0
vn 1 0 0

g collision_PZ_item_59_submesh_0
usemtl collision_72
f 6670/6670/6670 6672/6672/6672 6671/6671/6671
f 6670/6670/6670 6671/6671/6671 6673/6673/6673
f 6674/6674/6674 6676/6676/6676 6675/6675/6675
f 6674/6674/6674 6675/6675/6675 6677/6677/6677
f 6678/6678/6678 6680/6680/6680 6679/6679/6679
f 6678/6678/6678 6679/6679/6679 6681/6681/6681
f 6682/6682/6682 6684/6684/6684 6683/6683/6683
f 6682/6682/6682 6683/6683/6683 6685/6685/6685

o collision_PZ_item_12
v 20.8608814 4.584692 18.9897127
v 22.1707721 7.35219383 18.9463606
v 20.8608814 7.35219383 18.9463606
v 22.1707721 4.584692 18.9897127
v 22.1707721 8.52022552 19.3391256
v 20.8608814 8.52022552 19.3391256
v 22.1707702 9.09914398 20.351346
v 20.8608814 9.09914398 20.351346
v 20.8608814 9.09914398 20.351346
v 22.1707721 9.67806244 19.3391256
v 20.8608814 9.67806244 19.3391256
v 22.1707702 9.09914398 20.351346
v 22.1707721 10.8460913 18.9463606
v 20.8608814 10.8460913 18.9463606
v 22.1707645 17.2223196 18.9897127
v 20.8608814 17.2223196 18.9897127
v 22.1707721 10.8460913 18.9463606
v 22.1707626 17.2223196 20.8545218
v 22.1707645 17.2223196 18.9897127
v 22.1707702 10.2620754 20.8545218
v 22.1707721 9.67806244 19.3391256
v 22.1707702 9.09914398 20.351346
v 22.1707702 7.93620682 20.8545218
v 22.1707721 8.52022552 19.3391256
v 22.1707721 7.35219383 18.9463606
v 22.1707721 4.584692 18.9897127
v 22.1707702 4.58468818 20.8545218
v 20.8608814 10.8460913 18.9463606
v 20.8608737 17.2223196 20.8545218
v 20.8608814 10.2620754 20.8545218
v 20.8608814 17.2223196 18.9897127
v 20.8608814 9.67806244 19.3391256
v 20.8608814 9.09914398 20.351346
v 20.8608814 7.93620682 20.8545218
v 20.8608814 8.52022552 19.3391256
v 20.8608814 7.35219383 18.9463606
v 20.8608814 4.584692 18.9897127
v 20.8608814 4.58468818 20.8545218
v 12.9896236 4.584692 20.4622908
v 14.2995143 7.35219383 20.4189386
v 12.9896236 7.35219383 20.4189386
v 14.2995143 4.584692 20.4622908
v 14.2995143 8.52022552 20.8117037
v 12.9896236 8.52022552 20.8117037
v 14.2995143 9.09914398 21.8239241
v 12.9896236 9.09914398 21.8239241
v 12.9896236 9.09914398 21.8239241
v 14.2995143 9.67806244 20.8117037
v 12.9896236 9.67806244 20.8117037
v 14.2995143 9.09914398 21.8239241
v 14.2995143 10.8460913 20.4189386
v 12.9896236 10.8460913 20.4189386
v 14.2995067 17.2223196 20.4622908
v 12.9896236 17.2223196 20.4622908
v 14.2995143 10.8460913 20.4189386
v 14.2995067 17.2223196 22.3270998
v 14.2995067 17.2223196 20.4622908
v 14.2995143 10.2620754 22.3270998
v 14.2995143 9.67806244 20.8117037
v 14.2995143 9.09914398 21.8239241
v 14.2995143 7.93620682 22.3270998
v 14.2995143 8.52022552 20.8117037
v 14.2995143 7.35219383 20.4189386
v 14.2995143 4.584692 20.4622908
v 14.2995143 4.58468818 22.3270998
v 12.9896236 10.8460913 20.4189386
v 12.9896159 17.2223196 22.3270998
v 12.9896236 10.2620754 22.3270998
v 12.9896236 17.2223196 20.4622908
v 12.9896236 9.67806244 20.8117037
v 12.9896236 9.09914398 21.8239241
v 12.9896236 7.93620682 22.3270998
v 12.9896236 8.52022552 20.8117037
v 12.9896236 7.35219383 20.4189386
v 12.9896236 4.584692 20.4622908
v 12.9896236 4.58468818 22.3270998
v 20.9871822 4.94832515 19.7319079
v 14.1423164 5.24190402 20.6902895
v 14.1423164 4.94832515 20.9810991
v 20.9871745 5.24190211 19.4411001
v 20.6687618 5.68459987 20.3328085
v 14.1423164 4.94832515 20.9810991
v 14.4607292 5.68459773 21.4657812
v 20.9871822 4.94832515 19.7319079
v 14.4607292 5.68459773 21.4657812
v 14.1423164 5.24190402 20.6902895
v 14.4607272 5.92287493 20.9547949
v 14.1423164 4.94832515 20.9810991
v 14.4607272 5.92287493 20.9547949
v 20.9871745 5.24190211 19.4411001
v 20.6687618 5.92287349 19.821826
v 14.1423164 5.24190402 20.6902895
v 20.6687618 5.92287349 19.821826
v 20.9871822 4.94832515 19.7319079
v 20.6687618 5.68459987 20.3328085
v 20.9871745 5.24190211 19.4411001
v 20.6687618 5.92287349 19.821826
v 14.4607292 5.68459773 21.4657812
v 14.4607272 5.92287493 20.9547949
v 20.6687618 5.68459987 20.3328085
v 20.9871822 5.99737549 19.7319079
v 14.1423164 6.29095411 20.6902933
v 14.1423164 5.99737525 20.9810991
v 20.9871745 6.29095244 19.4411001
v 20.6687618 6.73365021 20.3328085
v 14.1423164 5.99737525 20.9810991
v 14.4607292 6.73364782 21.4657812
v 20.9871822 5.99737549 19.7319079
v 14.4607292 6.73364782 21.4657812
v 14.1423164 6.29095411 20.6902933
v 14.4607272 6.97192478 20.9547949
v 14.1423164 5.99737525 20.9810991
v 14.4607272 6.97192478 20.9547949
v 20.9871745 6.29095244 19.4411001
v 20.6687618 6.97192383 19.821826
v 14.1423164 6.29095411 20.6902933
v 20.6687618 6.97192383 19.821826
v 20.9871822 5.99737549 19.7319079
v 20.6687618 6.73365021 20.3328085
v 20.9871745 6.29095244 19.4411001
v 20.6687618 6.97192383 19.821826
v 14.4607292 6.73364782 21.4657812
v 14.4607272 6.97192478 20.9547949
v 20.6687618 6.73365021 20.3328085
v 20.9871822 7.05055046 19.7319079
v 14.1423164 7.34412908 20.6902933
v 14.1423164 7.05054998 20.9810991
v 20.9871745 7.34412765 19.4411001
v 20.6687618 7.78682518 20.3328085
v 14.1423164 7.05054998 20.9810991
v 14.4607292 7.78682279 21.4657812
v 20.9871822 7.05055046 19.7319079
v 14.4607292 7.78682279 21.4657812
v 14.1423164 7.34412908 20.6902933
v 14.4607272 8.02509975 20.9547949
v 14.1423164 7.05054998 20.9810991
v 14.4607272 8.02509975 20.9547949
v 20.9871745 7.34412765 19.4411001
v 20.6687618 8.02509784 19.821826
v 14.1423164 7.34412908 20.6902933
v 20.6687618 8.02509784 19.821826
v 20.9871822 7.05055046 19.7319079
v 20.6687618 7.78682518 20.3328085
v 20.9871745 7.34412765 19.4411001
v 20.6687618 8.02509784 19.821826
v 14.4607292 7.78682279 21.4657812
v 14.4607272 8.02509975 20.9547949
v 20.6687618 7.78682518 20.3328085
v 20.9871822 9.79528045 19.7319079
v 14.1423164 10.0888591 20.6902933
v 14.1423164 9.79528045 20.9810991
v 20.9871745 10.0888576 19.4411001
v 20.6687618 10.5315561 20.3328085
v 14.1423164 9.79528045 20.9810991
v 14.4607292 10.5315528 21.4657812
v 20.9871822 9.79528045 19.7319079
v 14.4607292 10.5315528 21.4657812
v 14.1423164 10.0888591 20.6902933
v 14.4607272 10.7698297 20.9547949
v 14.1423164 9.79528045 20.9810991
v 14.4607272 10.7698297 20.9547949
v 20.9871745 10.0888576 19.4411001
v 20.6687618 10.7698278 19.821826
v 14.1423164 10.0888591 20.6902933
v 20.6687618 10.7698278 19.821826
v 20.9871822 9.79528045 19.7319079
v 20.6687618 10.5315561 20.3328085
v 20.9871745 10.0888576 19.4411001
v 20.6687618 10.7698278 19.821826
v 14.4607292 10.5315528 21.4657812
v 14.4607272 10.7698297 20.9547949
v 20.6687618 10.5315561 20.3328085
v 20.9871822 10.8443308 19.7319079
v 14.1423164 11.1379089 20.6902933
v 14.1423164 10.8443298 20.9810991
v 20.9871745 11.137907 19.4411001
v 20.6687618 11.5806065 20.3328085
v 14.1423164 10.8443298 20.9810991
v 14.4607292 11.5806026 21.4657812
v 20.9871822 10.8443308 19.7319079
v 14.4607292 11.5806026 21.4657812
v 14.1423164 11.1379089 20.6902933
v 14.4607272 11.8188791 20.9547949
v 14.1423164 10.8443298 20.9810991
v 14.4607272 11.8188791 20.9547949
v 20.9871745 11.137907 19.4411001
v 20.6687618 11.8188791 19.821826
v 14.1423164 11.1379089 20.6902933
v 20.6687618 11.8188791 19.821826
v 20.9871822 10.8443308 19.7319079
v 20.6687618 11.5806065 20.3328085
v 20.9871745 11.137907 19.4411001
v 20.6687618 11.8188791 19.821826
v 14.4607292 11.5806026 21.4657812
v 14.4607272 11.8188791 20.9547949
v 20.6687618 11.5806065 20.3328085
v 20.9871822 11.8975067 19.7319079
v 14.1423164 12.1910839 20.6902933
v 14.1423164 11.8975048 20.9810991
v 20.9871745 12.191083 19.4411001
v 20.6687618 12.6337795 20.3328085
v 14.1423164 11.8975048 20.9810991
v 14.4607292 12.6337776 21.4657812
v 20.9871822 11.8975067 19.7319079
v 14.4607292 12.6337776 21.4657812
v 14.1423164 12.1910839 20.6902933
v 14.4607272 12.8720541 20.9547949
v 14.1423164 11.8975048 20.9810991
v 14.4607272 12.8720541 20.9547949
v 20.9871745 12.191083 19.4411001
v 20.6687618 12.8720531 19.821826
v 14.1423164 12.1910839 20.6902933
v 20.6687618 12.8720531 19.821826
v 20.9871822 11.8975067 19.7319079
v 20.6687618 12.6337795 20.3328085
v 20.9871745 12.191083 19.4411001
v 20.6687618 12.8720531 19.821826
v 14.4607292 12.6337776 21.4657812
v 14.4607272 12.8720541 20.9547949
v 20.6687618 12.6337795 20.3328085
v 20.9871822 13.5222473 19.7319079
v 14.1423164 13.8158245 20.6902933
v 14.1423164 13.5222464 20.9810991
v 20.9871745 13.8158236 19.4411001
v 20.6687618 14.2585211 20.3328085
v 14.1423164 13.5222464 20.9810991
v 14.4607292 14.2585173 21.4657812
v 20.9871822 13.5222473 19.7319079
v 14.4607292 14.2585173 21.4657812
v 14.1423164 13.8158245 20.6902933
v 14.4607272 14.4967957 20.9547949
v 14.1423164 13.5222464 20.9810991
v 14.4607272 14.4967957 20.9547949
v 20.9871745 13.8158236 19.4411001
v 20.6687618 14.4967928 19.821826
v 14.1423164 13.8158245 20.6902933
v 20.6687618 14.4967928 19.821826
v 20.9871822 13.5222473 19.7319079
v 20.6687618 14.2585211 20.3328085
v 20.9871745 13.8158236 19.4411001
v 20.6687618 14.4967928 19.821826
v 14.4607292 14.2585173 21.4657812
v 14.4607272 14.4967957 20.9547949
v 20.6687618 14.2585211 20.3328085
v 20.9871822 14.5712957 19.7319079
v 14.1423164 14.8648758 20.6902933
v 14.1423164 14.5712957 20.9810991
v 20.9871745 14.8648739 19.4411001
v 20.6687618 15.3075724 20.3328085
v 14.1423164 14.5712957 20.9810991
v 14.4607292 15.3075685 21.4657812
v 20.9871822 14.5712957 19.7319079
v 14.4607292 15.3075685 21.4657812
v 14.1423164 14.8648758 20.6902933
v 14.4607272 15.545845 20.9547949
v 14.1423164 14.5712957 20.9810991
v 14.4607272 15.545845 20.9547949
v 20.9871745 14.8648739 19.4411001
v 20.6687618 15.5458431 19.821826
v 14.1423164 14.8648758 20.6902933
v 20.6687618 15.5458431 19.821826
v 20.9871822 14.5712957 19.7319079
v 20.6687618 15.3075724 20.3328085
v 20.9871745 14.8648739 19.4411001
v 20.6687618 15.5458431 19.821826
v 14.4607292 15.3075685 21.4657812
v 14.4607272 15.545845 20.9547949
v 20.6687618 15.3075724 20.3328085
v 20.9871822 15.6244707 19.7319079
v 14.1423164 15.9180498 20.6902933
v 14.1423164 15.6244698 20.9810991
v 20.9871745 15.9180489 19.4411001
v 20.6687618 16.3607483 20.3328085
v 14.1423164 15.6244698 20.9810991
v 14.4607311 16.3607435 21.4657812
v 20.9871822 15.6244707 19.7319079
v 14.4607311 16.3607435 21.4657812
v 14.1423164 15.9180498 20.6902933
v 14.4607272 16.59902 20.9547949
v 14.1423164 15.6244698 20.9810991
v 14.4607272 16.59902 20.9547949
v 20.9871745 15.9180489 19.4411001
v 20.6687618 16.59902 19.821826
v 14.1423164 15.9180498 20.6902933
v 20.6687618 16.59902 19.821826
v 20.9871822 15.6244707 19.7319079
v 20.6687618 16.3607483 20.3328085
v 20.9871745 15.9180489 19.4411001
v 20.6687618 16.59902 19.821826
v 14.4607311 16.3607435 21.4657812
v 14.4607272 16.59902 20.9547949
v 20.6687618 16.3607483 20.3328085
v 17.6766506 1.58093071 19.8715048
v 18.0670524 1.58093071 21.7377558
v 17.6766506 1.58093071 21.7377558
v 18.0670524 1.58093071 19.8715048
v 17.6766506 -0.11151314 19.8715048
v 17.6766506 1.58093071 21.7377558
v 17.6766506 -0.11151314 21.7377558
v 17.6766506 1.58093071 19.8715048
v 18.0670524 -0.11151314 21.7377558
v 18.0670524 1.58093071 19.8715048
v 18.0670524 -0.11151314 19.8715048
v 18.0670524 1.58093071 21.7377558
v 18.0670524 -0.11151314 19.8715048
v 17.6766506 1.58093071 19.8715048
v 17.6766506 -0.11151314 19.8715048
v 18.0670524 1.58093071 19.8715048
vt 1.7860415 0.621212244
vt 1.68876553 0.601091981
vt 1.68876576 0.621212244
vt 1.7860415 0.601091981
vt 1.67203355 0.601091981
vt 1.67203355 0.621212244
vt 1.65530133 0.601091981
vt 1.65530133 0.621212244
vt 1.65530133 0.621212244
vt 1.63856936 0.601091981
vt 1.63856936 0.621212244
vt 1.65530133 0.601091981
vt 1.62183738 0.601091981
vt 1.62183738 0.621212244
vt 1.41170454 0.601091981
vt 1.41170454 0.621212244
vt 1.47514594 0.496458411
vt 1.515571 0.382992983
vt 1.47514594 0.382992983
vt 1.515571 0.500975847
vt 1.47514594 0.505493283
vt 1.47514594 0.514528036
vt 1.515571 0.528080285
vt 1.47514594 0.523562908
vt 1.47514594 0.532597661
vt 1.47514594 0.585123718
vt 1.515571 0.585123718
vt 1.47514594 0.496458411
vt 1.515571 0.382992983
vt 1.515571 0.500975847
vt 1.47514594 0.382992983
vt 1.47514594 0.505493283
vt 1.47514594 0.514528036
vt 1.515571 0.528080285
vt 1.47514594 0.523562908
vt 1.47514594 0.532597661
vt 1.47514594 0.585123718
vt 1.515571 0.585123718
vt 1.7860415 0.621212244
vt 1.68876553 0.601091981
vt 1.68876576 0.621212244
vt 1.7860415 0.601091981
vt 1.67203355 0.601091981
vt 1.67203355 0.621212244
vt 1.65530133 0.601091981
vt 1.65530133 0.621212244
vt 1.65530133 0.621212244
vt 1.63856936 0.601091981
vt 1.63856936 0.621212244
vt 1.65530133 0.601091981
vt 1.62183738 0.601091981
vt 1.62183738 0.621212244
vt 1.41170454 0.601091981
vt 1.41170454 0.621212244
vt 1.47514594 0.496458411
vt 1.515571 0.382992983
vt 1.47514594 0.382992983
vt 1.515571 0.500975847
vt 1.47514594 0.505493283
vt 1.47514594 0.514528036
vt 1.515571 0.528080285
vt 1.47514594 0.523562908
vt 1.47514594 0.532597661
vt 1.47514594 0.585123718
vt 1.515571 0.585123718
vt 1.47514594 0.496458411
vt 1.515571 0.382992983
vt 1.515571 0.500975847
vt 1.47514594 0.382992983
vt 1.47514594 0.505493283
vt 1.47514594 0.514528036
vt 1.515571 0.528080285
vt 1.47514594 0.523562908
vt 1.47514594 0.532597661
vt 1.47514594 0.585123718
vt 1.515571 0.585123718
vt 0.411769807 0.801583469
vt 0.438436508 0.625241041
vt 0.411769807 0.625241041
vt 0.438436508 0.801583469
vt 0.525347888 0.677529454
vt 0.441178024 0.996701241
vt 0.525347888 0.996701241
vt 0.441178083 0.677529454
vt 0.439485848 0.931153834
vt 0.409644306 0.831641197
vt 0.409644306 0.931153774
vt 0.439485848 0.831641197
vt 0.525347888 0.677529454
vt 0.441178024 0.996701241
vt 0.525347888 0.996701241
vt 0.441178024 0.677529454
vt 0.439286292 0.931153834
vt 0.409444809 0.831641197
vt 0.409444809 0.931153774
vt 0.439286292 0.831641197
vt 0.525347888 0.996701241
vt 0.525347888 0.677529454
vt 0.525347888 0.677529454
vt 0.525347888 0.996701241
vt 0.411769807 0.801583469
vt 0.438436508 0.625241041
vt 0.411769807 0.625241041
vt 0.438436508 0.801583469
vt 0.525347888 0.677529454
vt 0.441178024 0.996701241
vt 0.525347888 0.996701241
vt 0.441178083 0.677529454
vt 0.439485848 0.931153834
vt 0.409644306 0.831641197
vt 0.409644306 0.931153774
vt 0.439485848 0.831641197
vt 0.525347888 0.677529454
vt 0.441178024 0.996701241
vt 0.525347888 0.996701241
vt 0.441178024 0.677529454
vt 0.439286292 0.931153834
vt 0.409444809 0.831641197
vt 0.409444809 0.931153774
vt 0.439286292 0.831641197
vt 0.525347888 0.996701241
vt 0.525347888 0.677529454
vt 0.525347888 0.677529454
vt 0.525347888 0.996701241
vt 0.411769807 0.801583469
vt 0.438436508 0.625241041
vt 0.411769807 0.625241041
vt 0.438436508 0.801583469
vt 0.525347888 0.677529454
vt 0.441178024 0.996701241
vt 0.525347888 0.996701241
vt 0.441178083 0.677529454
vt 0.439485848 0.931153834
vt 0.409644306 0.831641197
vt 0.409644306 0.931153774
vt 0.439485848 0.831641197
vt 0.525347888 0.677529454
vt 0.441178024 0.996701241
vt 0.525347888 0.996701241
vt 0.441178024 0.677529454
vt 0.439286292 0.931153834
vt 0.409444809 0.831641197
vt 0.409444809 0.931153774
vt 0.439286292 0.831641197
vt 0.525347888 0.996701241
vt 0.525347888 0.677529454
vt 0.525347888 0.677529454
vt 0.525347888 0.996701241
vt 0.411769807 0.801583469
vt 0.438436508 0.625241041
vt 0.411769807 0.625241041
vt 0.438436508 0.801583469
vt 0.525347888 0.677529454
vt 0.441178024 0.996701241
vt 0.525347888 0.996701241
vt 0.441178083 0.677529454
vt 0.439485848 0.931153834
vt 0.409644306 0.831641197
vt 0.409644306 0.931153774
vt 0.439485848 0.831641197
vt 0.525347888 0.677529454
vt 0.441178024 0.996701241
vt 0.525347888 0.996701241
vt 0.441178024 0.677529454
vt 0.439286292 0.931153834
vt 0.409444809 0.831641197
vt 0.409444809 0.931153774
vt 0.439286292 0.831641197
vt 0.525347888 0.996701241
vt 0.525347888 0.677529454
vt 0.525347888 0.677529454
vt 0.525347888 0.996701241
vt 0.411769807 0.801583469
vt 0.438436508 0.625241041
vt 0.411769807 0.625241041
vt 0.438436508 0.801583469
vt 0.525347888 0.677529454
vt 0.441178024 0.996701241
vt 0.525347888 0.996701241
vt 0.441178083 0.677529454
vt 0.439485848 0.931153834
vt 0.409644306 0.831641197
vt 0.409644306 0.931153774
vt 0.439485848 0.831641197
vt 0.525347888 0.677529454
vt 0.441178024 0.996701241
vt 0.525347888 0.996701241
vt 0.441178024 0.677529454
vt 0.439286292 0.931153834
vt 0.409444809 0.831641197
vt 0.409444809 0.931153774
vt 0.439286292 0.831641197
vt 0.525347888 0.996701241
vt 0.525347888 0.677529454
vt 0.525347888 0.677529454
vt 0.525347888 0.996701241
vt 0.411769807 0.801583469
vt 0.438436508 0.625241041
vt 0.411769807 0.625241041
vt 0.438436508 0.801583469
vt 0.525347888 0.677529454
vt 0.441178024 0.996701241
vt 0.525347888 0.996701241
vt 0.441178083 0.677529454
vt 0.439485848 0.931153834
vt 0.409644306 0.831641197
vt 0.409644306 0.931153774
vt 0.439485848 0.831641197
vt 0.525347888 0.677529454
vt 0.441178024 0.996701241
vt 0.525347888 0.996701241
vt 0.441178024 0.677529454
vt 0.439286292 0.931153834
vt 0.409444809 0.831641197
vt 0.409444809 0.931153774
vt 0.439286292 0.831641197
vt 0.525347888 0.996701241
vt 0.525347888 0.677529454
vt 0.525347888 0.677529454
vt 0.525347888 0.996701241
vt 0.411769807 0.801583469
vt 0.438436508 0.625241041
vt 0.411769807 0.625241041
vt 0.438436508 0.801583469
vt 0.525347888 0.677529454
vt 0.441178024 0.996701241
vt 0.525347888 0.996701241
vt 0.441178083 0.677529454
vt 0.439485848 0.931153834
vt 0.409644306 0.831641197
vt 0.409644306 0.931153774
vt 0.439485848 0.831641197
vt 0.525347888 0.677529454
vt 0.441178024 0.996701241
vt 0.525347888 0.996701241
vt 0.441178024 0.677529454
vt 0.439286292 0.931153834
vt 0.409444809 0.831641197
vt 0.409444809 0.931153774
vt 0.439286292 0.831641197
vt 0.525347888 0.996701241
vt 0.525347888 0.677529454
vt 0.525347888 0.677529454
vt 0.525347888 0.996701241
vt 0.411769807 0.801583469
vt 0.438436508 0.625241041
vt 0.411769807 0.625241041
vt 0.438436508 0.801583469
vt 0.525347888 0.677529454
vt 0.441178024 0.996701241
vt 0.525347888 0.996701241
vt 0.441178083 0.677529454
vt 0.439485848 0.931153834
vt 0.409644306 0.831641197
vt 0.409644306 0.931153774
vt 0.439485848 0.831641197
vt 0.525347888 0.677529454
vt 0.441178024 0.996701241
vt 0.525347888 0.996701241
vt 0.441178024 0.677529454
vt 0.439286292 0.931153834
vt 0.409444809 0.831641197
vt 0.409444809 0.931153774
vt 0.439286292 0.831641197
vt 0.525347888 0.996701241
vt 0.525347888 0.677529454
vt 0.525347888 0.677529454
vt 0.525347888 0.996701241
vt 0.411769807 0.801583469
vt 0.438436508 0.625241041
vt 0.411769807 0.625241041
vt 0.438436508 0.801583469
vt 0.525347888 0.677529454
vt 0.441178024 0.996701241
vt 0.525347888 0.996701241
vt 0.441178083 0.677529454
vt 0.439485848 0.931153834
vt 0.409644306 0.831641197
vt 0.409644306 0.931153774
vt 0.439485848 0.831641197
vt 0.525347888 0.677529454
vt 0.441178024 0.996701241
vt 0.525347888 0.996701241
vt 0.441178024 0.677529454
vt 0.439286292 0.931153834
vt 0.409444809 0.831641197
vt 0.409444809 0.931153774
vt 0.439286292 0.831641197
vt 0.525347888 0.996701241
vt 0.525347888 0.677529454
vt 0.525347888 0.677529454
vt 0.525347888 0.996701241
vt 0.411769807 0.801583469
vt 0.438436508 0.625241041
vt 0.411769807 0.625241041
vt 0.438436508 0.801583469
vt 0.525347888 0.677529454
vt 0.441178024 0.996701241
vt 0.525347888 0.996701241
vt 0.441178083 0.677529454
vt 0.525347888 0.677529454
vt 0.441178024 0.996701241
vt 0.525347888 0.996701241
vt 0.441178024 0.677529454
vt 0.439286292 0.931153834
vt 0.409444809 0.831641197
vt 0.409444809 0.931153774
vt 0.439286292 0.831641197
vn 0 -0.0156648079 -0.999877299
vn 0 0.15373687 -0.988111823
vn 0 0.15373687 -0.988111823
vn 0 -0.0156648079 -0.999877299
vn 0 0.634841093 -0.772642729
vn 0 0.634841093 -0.772642729
vn 0 0.868049405 -0.496477825
vn 0 0.868049405 -0.496477825
vn 0 -0.868049405 -0.496477825
vn 0 -0.634841093 -0.772642729
vn 0 -0.634841093 -0.772642729
vn 0 -0.868049405 -0.496477825
vn 0 -0.158116953 -0.987420391
vn 0 -0.158116953 -0.987420391
vn 0 0.00677077729 -0.999977078
vn 0 0.00677077729 -0.999977078
vn 1 0 0
vn 1 0 0
vn 1 0 0
vn 1 0 0
vn 1 0 0
vn 1 0 0
vn 1 0 0
vn 1 0 0
vn 1 0 0
vn 1 0 0
vn 1 0 0
vn -1 0 0
vn -1 0 0
vn -1 0 0
vn -1 0 0
vn -1 0 0
vn -1 0 0
vn -1 0 0
vn -1 0 0
vn -1 0 0
vn -1 0 0
vn -1 0 0
vn 0 -0.0156648079 -0.999877299
vn 0 0.15373687 -0.988111823
vn 0 0.15373687 -0.988111823
vn 0 -0.0156648079 -0.999877299
vn 0 0.634841093 -0.772642729
vn 0 0.634841093 -0.772642729
vn 0 0.868049405 -0.496477825
vn 0 0.868049405 -0.496477825
vn 0 -0.868049405 -0.496477825
vn 0 -0.634841093 -0.772642729
vn 0 -0.634841093 -0.772642729
vn 0 -0.868049405 -0.496477825
vn 0 -0.158116953 -0.987420391
vn 0 -0.158116953 -0.987420391
vn 0 0.00677077729 -0.999977078
vn 0 0.00677077729 -0.999977078
vn 1 0 0
vn 1 0 0
vn 1 0 0
vn 1 0 0
vn 1 0 0
vn 1 0 0
vn 1 0 0
vn 1 0 0
vn 1 0 0
vn 1 0 0
vn 1 0 0
vn -1 0 0
vn -1 0 0
vn -1 0 0
vn -1 0 0
vn -1 0 0
vn -1 0 0
vn -1 0 0
vn -1 0 0
vn -1 0 0
vn -1 0 0
vn -1 0 0
vn -0.128554353 -0.697893764 -0.704569424
vn -0.128554353 -0.697893764 -0.704569424
vn -0.128554353 -0.697893764 -0.704569424
vn -0.128554353 -0.697893764 -0.704569424
vn 0.145346405 -0.587107965 0.796353351
vn 0.145346405 -0.587107965 0.796353351
vn 0.145346405 -0.587107965 0.796353351
vn 0.145346405 -0.587107965 0.796353351
vn -0.928705096 0.308972339 0.20504375
vn -0.928705096 0.308972339 0.20504375
vn -0.928705096 0.308972339 0.20504375
vn -0.928705096 0.308972339 0.20504375
vn -0.162695178 0.422425729 -0.891676389
vn -0.162695178 0.422425729 -0.891676389
vn -0.162695178 0.422425729 -0.891676389
vn -0.162695178 0.422425729 -0.891676389
vn 0.938038953 0.28880985 0.191498806
vn 0.938035725 0.288820773 0.191498145
vn 0.938035725 0.288820773 0.191498145
vn 0.938035725 0.288820773 0.191498145
vn 0.0768670034 0.903640291 0.421337974
vn 0.0768670034 0.903640291 0.421337974
vn 0.0768670034 0.903640291 0.421337974
vn 0.0768670034 0.903640291 0.421337974
vn -0.128554353 -0.697893764 -0.704569424
vn -0.128554353 -0.697893764 -0.704569424
vn -0.128554353 -0.697893764 -0.704569424
vn -0.128554353 -0.697893764 -0.704569424
vn 0.145345403 -0.587115758 0.796347788
vn 0.145345403 -0.587115758 0.796347788
vn 0.145345403 -0.587115758 0.796347788
vn 0.145345403 -0.587115758 0.796347788
vn -0.928705096 0.308972339 0.20504375
vn -0.928705096 0.308972339 0.20504375
vn -0.928703396 0.308977703 0.205043367
vn -0.928705096 0.308972339 0.20504375
vn -0.162695178 0.422425729 -0.891676389
vn -0.162695178 0.422425729 -0.891676389
vn -0.162695178 0.422425729 -0.891676389
vn -0.162695178 0.422425729 -0.891676389
vn 0.938037337 0.28881532 0.191498474
vn 0.938038953 0.28880985 0.191498806
vn 0.938038953 0.28880985 0.191498806
vn 0.938038953 0.28880985 0.191498806
vn 0.0768674161 0.903639192 0.421340255
vn 0.0768670034 0.903640291 0.421337974
vn 0.0768674161 0.903639192 0.421340255
vn 0.0768670034 0.903640291 0.421337974
vn -0.128553832 -0.697896806 -0.704566506
vn -0.128553832 -0.697896806 -0.704566506
vn -0.128553832 -0.697896806 -0.704566506
vn -0.128553832 -0.697896806 -0.704566506
vn 0.145345524 -0.58711475 0.79634851
vn 0.145345403 -0.587115758 0.796347788
vn 0.145345524 -0.58711475 0.79634851
vn 0.145345403 -0.587115758 0.796347788
vn -0.928703821 0.308976364 0.205043458
vn -0.928703396 0.308977703 0.205043367
vn -0.928703821 0.308976364 0.205043458
vn -0.928703396 0.308977703 0.205043367
vn -0.162695093 0.422426964 -0.891675819
vn -0.162695178 0.422425729 -0.891676389
vn -0.162695093 0.422426964 -0.891675819
vn -0.162695178 0.422425729 -0.891676389
vn 0.93803814 0.288812598 0.191498646
vn 0.938037337 0.28881532 0.191498474
vn 0.93803814 0.288812598 0.191498646
vn 0.938037337 0.28881532 0.191498474
vn 0.0768674161 0.903639192 0.421340255
vn 0.0768673679 0.90363933 0.421339967
vn 0.0768674161 0.903639192 0.421340255
vn 0.0768673679 0.90363933 0.421339967
vn -0.128554353 -0.697893764 -0.704569424
vn -0.128554353 -0.697893764 -0.704569424
vn -0.128554353 -0.697893764 -0.704569424
vn -0.128554353 -0.697893764 -0.704569424
vn 0.145346405 -0.587107965 0.796353351
vn 0.145345403 -0.587115758 0.796347788
vn 0.145346405 -0.587107965 0.796353351
vn 0.145345403 -0.587115758 0.796347788
vn -0.928705096 0.308972339 0.20504375
vn -0.928705096 0.308972339 0.20504375
vn -0.928705096 0.308972339 0.20504375
vn -0.928705096 0.308972339 0.20504375
vn -0.162695178 0.422425729 -0.891676389
vn -0.162695178 0.422425729 -0.891676389
vn -0.162695178 0.422425729 -0.891676389
vn -0.162695178 0.422425729 -0.891676389
vn 0.938035725 0.288820773 0.191498145
vn 0.938038953 0.28880985 0.191498806
vn 0.938035725 0.288820773 0.191498145
vn 0.938035725 0.288820773 0.191498145
vn 0.0768670034 0.903640291 0.421337974
vn 0.0768670034 0.903640291 0.421337974
vn 0.0768670034 0.903640291 0.421337974
vn 0.0768670034 0.903640291 0.421337974
vn -0.128554353 -0.697893764 -0.704569424
vn -0.128554353 -0.697893764 -0.704569424
vn -0.128554353 -0.697893764 -0.704569424
vn -0.128554353 -0.697893764 -0.704569424
vn 0.145346405 -0.587107965 0.796353351
vn 0.145346405 -0.587107965 0.796353351
vn 0.145346405 -0.587107965 0.796353351
vn 0.145346405 -0.587107965 0.796353351
vn -0.928705096 0.308972339 0.20504375
vn -0.928705096 0.308972339 0.20504375
vn -0.928705096 0.308972339 0.20504375
vn -0.928705096 0.308972339 0.20504375
vn -0.162695178 0.422425729 -0.891676389
vn -0.162695178 0.422425729 -0.891676389
vn -0.162695178 0.422425729 -0.891676389
vn -0.162695178 0.422425729 -0.891676389
vn 0.938035725 0.288820773 0.191498145
vn 0.938035725 0.288820773 0.191498145
vn 0.938035725 0.288820773 0.191498145
vn 0.938035725 0.288820773 0.191498145
vn 0.0768670034 0.903640291 0.421337974
vn 0.0768670034 0.903640291 0.421337974
vn 0.0768670034 0.903640291 0.421337974
vn 0.0768670034 0.903640291 0.421337974
vn -0.128554353 -0.697893764 -0.704569424
vn -0.128554353 -0.697893764 -0.704569424
vn -0.128554353 -0.697893764 -0.704569424
vn -0.128554353 -0.697893764 -0.704569424
vn 0.145346405 -0.587107965 0.796353351
vn 0.145346405 -0.587107965 0.796353351
vn 0.145346405 -0.587107965 0.796353351
vn 0.145346405 -0.587107965 0.796353351
vn -0.928698263 0.308993883 0.205042233
vn -0.928698263 0.308993883 0.205042233
vn -0.928698263 0.308993883 0.205042233
vn -0.928705096 0.308972339 0.20504375
vn -0.162695178 0.422425729 -0.891676389
vn -0.162695178 0.422425729 -0.891676389
vn -0.162695178 0.422425729 -0.891676389
vn -0.162695178 0.422425729 -0.891676389
vn 0.938035725 0.288820773 0.191498145
vn 0.938035725 0.288820773 0.191498145
vn 0.938035725 0.288820773 0.191498145
vn 0.938035725 0.288820773 0.191498145
vn 0.0768686574 0.903635907 0.421347074
vn 0.0768686574 0.903635907 0.421347074
vn 0.0768686574 0.903635907 0.421347074
vn 0.0768686574 0.903635907 0.421347074
vn -0.128554353 -0.697893764 -0.704569424
vn -0.128554353 -0.697893764 -0.704569424
vn -0.128554353 -0.697893764 -0.704569424
vn -0.128554353 -0.697893764 -0.704569424
vn 0.145346405 -0.587107965 0.796353351
vn 0.145346405 -0.587107965 0.796353351
vn 0.145346405 -0.587107965 0.796353351
vn 0.145346405 -0.587107965 0.796353351
vn -0.928698263 0.308993883 0.205042233
vn -0.928698263 0.308993883 0.205042233
vn -0.928698263 0.308993883 0.205042233
vn -0.928698263 0.308993883 0.205042233
vn -0.162695178 0.422425729 -0.891676389
vn -0.162695178 0.422425729 -0.891676389
vn -0.162695178 0.422425729 -0.891676389
vn -0.162695178 0.422425729 -0.891676389
vn 0.938035725 0.288820773 0.191498145
vn 0.938035725 0.288820773 0.191498145
vn 0.938035725 0.288820773 0.191498145
vn 0.938035725 0.288820773 0.191498145
vn 0.0768686574 0.903635907 0.421347074
vn 0.0768686574 0.903635907 0.421347074
vn 0.0768686574 0.903635907 0.421347074
vn 0.0768686574 0.903635907 0.421347074
vn -0.128554353 -0.697893764 -0.704569424
vn -0.128554353 -0.697893764 -0.704569424
vn -0.128554353 -0.697893764 -0.704569424
vn -0.128554353 -0.697893764 -0.704569424
vn 0.145346405 -0.587107965 0.796353351
vn 0.145346405 -0.587107965 0.796353351
vn 0.145346405 -0.587107965 0.796353351
vn 0.145346405 -0.587107965 0.796353351
vn -0.928698263 0.308993883 0.205042233
vn -0.928698263 0.308993883 0.205042233
vn -0.928698263 0.308993883 0.205042233
vn -0.928698263 0.308993883 0.205042233
vn -0.162695178 0.422425729 -0.891676389
vn -0.162695178 0.422425729 -0.891676389
vn -0.162695178 0.422425729 -0.891676389
vn -0.162695178 0.422425729 -0.891676389
vn 0.938035725 0.288820773 0.191498145
vn 0.938035725 0.288820773 0.191498145
vn 0.938035725 0.288820773 0.191498145
vn 0.938035725 0.288820773 0.191498145
vn 0.0768686574 0.903635907 0.421347074
vn 0.0768686574 0.903635907 0.421347074
vn 0.0768686574 0.903635907 0.421347074
vn 0.0768686574 0.903635907 0.421347074
vn -0.128554353 -0.697893764 -0.704569424
vn -0.128554353 -0.697893764 -0.704569424
vn -0.128554353 -0.697893764 -0.704569424
vn -0.128554353 -0.697893764 -0.704569424
vn 0.145346405 -0.587107965 0.796353351
vn 0.145346405 -0.587107965 0.796353351
vn 0.145346405 -0.587107965 0.796353351
vn 0.145346405 -0.587107965 0.796353351
vn -0.928698263 0.308993883 0.205042233
vn -0.928698263 0.308993883 0.205042233
vn -0.928698263 0.308993883 0.205042233
vn -0.928698263 0.308993883 0.205042233
vn -0.1626919 0.42246493 -0.891658415
vn -0.1626919 0.42246493 -0.891658415
vn -0.1626919 0.42246493 -0.891658415
vn -0.1626919 0.42246493 -0.891658415
vn 0.93804864 0.288777077 0.191500779
vn 0.938035725 0.288820773 0.191498145
vn 0.93804864 0.288777077 0.191500779
vn 0.93804864 0.288777077 0.191500779
vn 0.0768686574 0.903635907 0.421347074
vn 0.0768686574 0.903635907 0.421347074
vn 0.0768686574 0.903635907 0.421347074
vn 0.0768686574 0.903635907 0.421347074
vn 0 1 2.22044605e-16
vn 0 1 2.22044605e-16
vn 0 1 2.22044605e-16
vn 0 1 2.22044605e-16
vn -1 0 0
vn -1 0 0
vn -1 0 0
vn -1 0 0
vn 1 0 0
vn 1 0 0
vn 1 0 0
vn 1 0 0
vn 0 2.22044605e-16 -1
vn 0 2.22044605e-16 -1
vn 0 2.22044605e-16 -1
vn 0 2.22044605e-16 -1

g collision_PZ_item_12_submesh_0
usemtl collision_73
f 6686/6686/6686 6688/6688/6688 6687/6687/6687
f 6686/6686/6686 6687/6687/6687 6689/6689/6689
f 6688/6688/6688 6690/6690/6690 6687/6687/6687
f 6688/6688/6688 6691/6691/6691 6690/6690/6690
f 6691/6691/6691 6692/6692/6692 6690/6690/6690
f 6691/6691/6691 6693/6693/6693 6692/6692/6692
f 6694/6694/6694 6696/6696/6696 6695/6695/6695
f 6694/6694/6694 6695/6695/6695 6697/6697/6697
f 6696/6696/6696 6698/6698/6698 6695/6695/6695
f 6696/6696/6696 6699/6699/6699 6698/6698/6698
f 6699/6699/6699 6700/6700/6700 6698/6698/6698
f 6699/6699/6699 6701/6701/6701 6700/6700/6700
f 6702/6702/6702 6704/6704/6704 6703/6703/6703
f 6702/6702/6702 6703/6703/6703 6705/6705/6705
f 6706/6706/6706 6702/6702/6702 6705/6705/6705
f 6707/6707/6707 6706/6706/6706 6705/6705/6705
f 6707/6707/6707 6705/6705/6705 6708/6708/6708
f 6709/6709/6709 6707/6707/6707 6708/6708/6708
f 6710/6710/6710 6709/6709/6709 6708/6708/6708
f 6711/6711/6711 6710/6710/6710 6708/6708/6708
f 6711/6711/6711 6708/6708/6708 6712/6712/6712
f 6713/6713/6713 6715/6715/6715 6714/6714/6714
f 6713/6713/6713 6714/6714/6714 6716/6716/6716
f 6717/6717/6717 6715/6715/6715 6713/6713/6713
f 6718/6718/6718 6715/6715/6715 6717/6717/6717
f 6718/6718/6718 6719/6719/6719 6715/6715/6715
f 6720/6720/6720 6719/6719/6719 6718/6718/6718
f 6721/6721/6721 6719/6719/6719 6720/6720/6720
f 6722/6722/6722 6719/6719/6719 6721/6721/6721
f 6722/6722/6722 6723/6723/6723 6719/6719/6719
f 6724/6724/6724 6726/6726/6726 6725/6725/6725
f 6724/6724/6724 6725/6725/6725 6727/6727/6727
f 6726/6726/6726 6728/6728/6728 6725/6725/6725
f 6726/6726/6726 6729/6729/6729 6728/6728/6728
f 6729/6729/6729 6730/6730/6730 6728/6728/6728
f 6729/6729/6729 6731/6731/6731 6730/6730/6730
f 6732/6732/6732 6734/6734/6734 6733/6733/6733
f 6732/6732/6732 6733/6733/6733 6735/6735/6735
f 6734/6734/6734 6736/6736/6736 6733/6733/6733
f 6734/6734/6734 6737/6737/6737 6736/6736/6736
f 6737/6737/6737 6738/6738/6738 6736/6736/6736
f 6737/6737/6737 6739/6739/6739 6738/6738/6738
f 6740/6740/6740 6742/6742/6742 6741/6741/6741
f 6740/6740/6740 6741/6741/6741 6743/6743/6743
f 6744/6744/6744 6740/6740/6740 6743/6743/6743
f 6745/6745/6745 6744/6744/6744 6743/6743/6743
f 6745/6745/6745 6743/6743/6743 6746/6746/6746
f 6747/6747/6747 6745/6745/6745 6746/6746/6746
f 6748/6748/6748 6747/6747/6747 6746/6746/6746
f 6749/6749/6749 6748/6748/6748 6746/6746/6746
f 6749/6749/6749 6746/6746/6746 6750/6750/6750
f 6751/6751/6751 6753/6753/6753 6752/6752/6752
f 6751/6751/6751 6752/6752/6752 6754/6754/6754
f 6755/6755/6755 6753/6753/6753 6751/6751/6751
f 6756/6756/6756 6753/6753/6753 6755/6755/6755
f 6756/6756/6756 6757/6757/6757 6753/6753/6753
f 6758/6758/6758 6757/6757/6757 6756/6756/6756
f 6759/6759/6759 6757/6757/6757 6758/6758/6758
f 6760/6760/6760 6757/6757/6757 6759/6759/6759
f 6760/6760/6760 6761/6761/6761 6757/6757/6757
f 6762/6762/6762 6764/6764/6764 6763/6763/6763
f 6762/6762/6762 6763/6763/6763 6765/6765/6765
f 6766/6766/6766 6768/6768/6768 6767/6767/6767
f 6766/6766/6766 6767/6767/6767 6769/6769/6769
f 6770/6770/6770 6772/6772/6772 6771/6771/6771
f 6770/6770/6770 6771/6771/6771 6773/6773/6773
f 6774/6774/6774 6776/6776/6776 6775/6775/6775
f 6774/6774/6774 6775/6775/6775 6777/6777/6777
f 6778/6778/6778 6780/6780/6780 6779/6779/6779
f 6778/6778/6778 6779/6779/6779 6781/6781/6781
f 6782/6782/6782 6784/6784/6784 6783/6783/6783
f 6782/6782/6782 6783/6783/6783 6785/6785/6785
f 6786/6786/6786 6788/6788/6788 6787/6787/6787
f 6786/6786/6786 6787/6787/6787 6789/6789/6789
f 6790/6790/6790 6792/6792/6792 6791/6791/6791
f 6790/6790/6790 6791/6791/6791 6793/6793/6793
f 6794/6794/6794 6796/6796/6796 6795/6795/6795
f 6794/6794/6794 6795/6795/6795 6797/6797/6797
f 6798/6798/6798 6800/6800/6800 6799/6799/6799
f 6798/6798/6798 6799/6799/6799 6801/6801/6801
f 6802/6802/6802 6804/6804/6804 6803/6803/6803
f 6802/6802/6802 6803/6803/6803 6805/6805/6805
f 6806/6806/6806 6808/6808/6808 6807/6807/6807
f 6806/6806/6806 6807/6807/6807 6809/6809/6809
f 6810/6810/6810 6812/6812/6812 6811/6811/6811
f 6810/6810/6810 6811/6811/6811 6813/6813/6813
f 6814/6814/6814 6816/6816/6816 6815/6815/6815
f 6814/6814/6814 6815/6815/6815 6817/6817/6817
f 6818/6818/6818 6820/6820/6820 6819/6819/6819
f 6818/6818/6818 6819/6819/6819 6821/6821/6821
f 6822/6822/6822 6824/6824/6824 6823/6823/6823
f 6822/6822/6822 6823/6823/6823 6825/6825/6825
f 6826/6826/6826 6828/6828/6828 6827/6827/6827
f 6826/6826/6826 6827/6827/6827 6829/6829/6829
f 6830/6830/6830 6832/6832/6832 6831/6831/6831
f 6830/6830/6830 6831/6831/6831 6833/6833/6833
f 6834/6834/6834 6836/6836/6836 6835/6835/6835
f 6834/6834/6834 6835/6835/6835 6837/6837/6837
f 6838/6838/6838 6840/6840/6840 6839/6839/6839
f 6838/6838/6838 6839/6839/6839 6841/6841/6841
f 6842/6842/6842 6844/6844/6844 6843/6843/6843
f 6842/6842/6842 6843/6843/6843 6845/6845/6845
f 6846/6846/6846 6848/6848/6848 6847/6847/6847
f 6846/6846/6846 6847/6847/6847 6849/6849/6849
f 6850/6850/6850 6852/6852/6852 6851/6851/6851
f 6850/6850/6850 6851/6851/6851 6853/6853/6853
f 6854/6854/6854 6856/6856/6856 6855/6855/6855
f 6854/6854/6854 6855/6855/6855 6857/6857/6857
f 6858/6858/6858 6860/6860/6860 6859/6859/6859
f 6858/6858/6858 6859/6859/6859 6861/6861/6861
f 6862/6862/6862 6864/6864/6864 6863/6863/6863
f 6862/6862/6862 6863/6863/6863 6865/6865/6865
f 6866/6866/6866 6868/6868/6868 6867/6867/6867
f 6866/6866/6866 6867/6867/6867 6869/6869/6869
f 6870/6870/6870 6872/6872/6872 6871/6871/6871
f 6870/6870/6870 6871/6871/6871 6873/6873/6873
f 6874/6874/6874 6876/6876/6876 6875/6875/6875
f 6874/6874/6874 6875/6875/6875 6877/6877/6877
f 6878/6878/6878 6880/6880/6880 6879/6879/6879
f 6878/6878/6878 6879/6879/6879 6881/6881/6881
f 6882/6882/6882 6884/6884/6884 6883/6883/6883
f 6882/6882/6882 6883/6883/6883 6885/6885/6885
f 6886/6886/6886 6888/6888/6888 6887/6887/6887
f 6886/6886/6886 6887/6887/6887 6889/6889/6889
f 6890/6890/6890 6892/6892/6892 6891/6891/6891
f 6890/6890/6890 6891/6891/6891 6893/6893/6893
f 6894/6894/6894 6896/6896/6896 6895/6895/6895
f 6894/6894/6894 6895/6895/6895 6897/6897/6897
f 6898/6898/6898 6900/6900/6900 6899/6899/6899
f 6898/6898/6898 6899/6899/6899 6901/6901/6901
f 6902/6902/6902 6904/6904/6904 6903/6903/6903
f 6902/6902/6902 6903/6903/6903 6905/6905/6905
f 6906/6906/6906 6908/6908/6908 6907/6907/6907
f 6906/6906/6906 6907/6907/6907 6909/6909/6909
f 6910/6910/6910 6912/6912/6912 6911/6911/6911
f 6910/6910/6910 6911/6911/6911 6913/6913/6913
f 6914/6914/6914 6916/6916/6916 6915/6915/6915
f 6914/6914/6914 6915/6915/6915 6917/6917/6917
f 6918/6918/6918 6920/6920/6920 6919/6919/6919
f 6918/6918/6918 6919/6919/6919 6921/6921/6921
f 6922/6922/6922 6924/6924/6924 6923/6923/6923
f 6922/6922/6922 6923/6923/6923 6925/6925/6925
f 6926/6926/6926 6928/6928/6928 6927/6927/6927
f 6926/6926/6926 6927/6927/6927 6929/6929/6929
f 6930/6930/6930 6932/6932/6932 6931/6931/6931
f 6930/6930/6930 6931/6931/6931 6933/6933/6933
f 6934/6934/6934 6936/6936/6936 6935/6935/6935
f 6934/6934/6934 6935/6935/6935 6937/6937/6937
f 6938/6938/6938 6940/6940/6940 6939/6939/6939
f 6938/6938/6938 6939/6939/6939 6941/6941/6941
f 6942/6942/6942 6944/6944/6944 6943/6943/6943
f 6942/6942/6942 6943/6943/6943 6945/6945/6945
f 6946/6946/6946 6948/6948/6948 6947/6947/6947
f 6946/6946/6946 6947/6947/6947 6949/6949/6949
f 6950/6950/6950 6952/6952/6952 6951/6951/6951
f 6950/6950/6950 6951/6951/6951 6953/6953/6953
f 6954/6954/6954 6956/6956/6956 6955/6955/6955
f 6954/6954/6954 6955/6955/6955 6957/6957/6957
f 6958/6958/6958 6960/6960/6960 6959/6959/6959
f 6958/6958/6958 6959/6959/6959 6961/6961/6961
f 6962/6962/6962 6964/6964/6964 6963/6963/6963
f 6962/6962/6962 6963/6963/6963 6965/6965/6965
f 6966/6966/6966 6968/6968/6968 6967/6967/6967
f 6966/6966/6966 6967/6967/6967 6969/6969/6969
f 6970/6970/6970 6972/6972/6972 6971/6971/6971
f 6970/6970/6970 6971/6971/6971 6973/6973/6973
f 6974/6974/6974 6976/6976/6976 6975/6975/6975
f 6974/6974/6974 6975/6975/6975 6977/6977/6977
f 6978/6978/6978 6980/6980/6980 6979/6979/6979
f 6978/6978/6978 6979/6979/6979 6981/6981/6981
f 6982/6982/6982 6984/6984/6984 6983/6983/6983
f 6982/6982/6982 6983/6983/6983 6985/6985/6985
f 6986/6986/6986 6988/6988/6988 6987/6987/6987
f 6986/6986/6986 6987/6987/6987 6989/6989/6989
f 6990/6990/6990 6992/6992/6992 6991/6991/6991
f 6990/6990/6990 6991/6991/6991 6993/6993/6993

o collision_PZ_item_40
v -28.9943953 4.2268457 5.69982138
v -35.306366 4.85368223 6.1792716
v -35.429203 4.22684605 5.69981947
v -29.248662 4.853682 6.17927351
v -28.9943953 4.2268457 5.69982138
v -29.2488031 4.85368223 27.543333
v -29.248662 4.853682 6.17927351
v -29.1773443 4.22717185 27.543333
v -29.2488031 4.85368223 27.543333
v -35.306366 4.85368223 6.1792716
v -29.248662 4.853682 6.17927351
v -35.3059883 4.85368223 27.543333
v -28.9943953 4.2268457 5.69982138
v -35.4367676 -0.406270549 5.27990713
v -28.6488237 -0.406270549 5.27990713
v -35.429203 4.22684605 5.69981947
v -47.5337601 4.2268457 5.69981852
v -47.5337601 -0.406270549 5.27990523
v -29.1773443 4.22717185 27.543333
v -28.6488237 -0.406270549 5.27990713
v -28.6488276 -0.406271026 27.543333
v -28.9943953 4.2268457 5.69982138
v -35.429203 4.22684605 5.69981947
v -47.5337601 4.85368223 6.1792697
v -47.5337601 4.2268457 5.69981852
v -35.306366 4.85368223 6.1792716
v -35.306366 4.85368223 6.1792716
v -47.5337601 4.85368223 27.5433339
v -47.5337601 4.85368223 6.1792697
v -35.3059883 4.85368223 27.543333
vt 0.498021305 0.282796383
vt 0.431439102 0.0654430166
vt 0.498021305 0.0654430166
vt 0.431439102 0.282796383
vt -0.372967392 0.332897127
vt 0.277912796 0.300353736
vt -0.372967392 0.30034259
vt 0.277912796 0.332897335
vt 0.00999999978 0.282796383
vt 0.431439102 0.0654430166
vt 0.431439102 0.282796383
vt 0.00999999978 0.0654430166
vt 1.99983978 0.332897902
vt 1.7261821 0.583194375
vt 1.99983931 0.583197355
vt 1.72618246 0.332897812
vt 1.45252514 0.332897723
vt 1.4525249 0.583191395
vt 0.277912796 0.332897335
vt -0.372967392 0.58317709
vt 0.277912796 0.583188295
vt -0.372967392 0.332897127
vt 0.498021305 0.0654430166
vt 0.431439102 0.282695889
vt 0.498021305 0.282695889
vt 0.431439102 0.0654430166
vt 0.431439102 0.0654430166
vt 0.00999999978 0.282695889
vt 0.431439102 0.282695889
vt 0.00999999978 0.0654430166
vn 0 0.607535505 -0.794292522
vn 0 0.607535467 -0.794292551
vn 0 0.607535467 -0.794292551
vn 0 0.607535467 -0.794292551
vn 0.96822234 0.250057359 0.00410091115
vn 0.968222333 0.250057387 0.00410091112
vn 0.96822234 0.250057359 0.00410091162
vn 0.96822234 0.250057359 0.00410091115
vn 0 1 2.22044605e-16
vn 0 1 2.22044605e-16
vn 0 1 2.22044605e-16
vn 0 1 2.22044605e-16
vn 0 0.0902630375 -0.995917961
vn 0 0.0902630301 -0.995917961
vn 0 0.0902630375 -0.995917961
vn 0 0.0902630449 -0.99591796
vn 0 0.0902629266 -0.995917971
vn 0 0.0902629266 -0.995917971
vn 0.995589651 0.0937240531 0.00412895313
vn 0.995589651 0.0937240531 0.00412895313
vn 0.995589652 0.0937240458 0.00412895313
vn 0.995589651 0.0937240531 0.00412895313
vn 0 0.607534994 -0.794292913
vn 0 0.607534994 -0.794292913
vn 0 0.607534994 -0.794292913
vn 0 0.607535023 -0.794292891
vn 0 1 2.22044605e-16
vn 0 1 2.22044605e-16
vn 0 1 2.22044605e-16
vn 0 1 2.22044605e-16

g collision_PZ_item_40_submesh_0
usemtl collision_74
f 6994/6994/6994 6996/6996/6996 6995/6995/6995
f 6994/6994/6994 6995/6995/6995 6997/6997/6997
f 6998/6998/6998 7000/7000/7000 6999/6999/6999
f 6998/6998/6998 6999/6999/6999 7001/7001/7001
f 7002/7002/7002 7004/7004/7004 7003/7003/7003
f 7002/7002/7002 7003/7003/7003 7005/7005/7005
f 7006/7006/7006 7008/7008/7008 7007/7007/7007
f 7006/7006/7006 7007/7007/7007 7009/7009/7009
f 7007/7007/7007 7010/7010/7010 7009/7009/7009
f 7007/7007/7007 7011/7011/7011 7010/7010/7010
f 7012/7012/7012 7014/7014/7014 7013/7013/7013
f 7012/7012/7012 7013/7013/7013 7015/7015/7015
f 7016/7016/7016 7018/7018/7018 7017/7017/7017
f 7016/7016/7016 7017/7017/7017 7019/7019/7019
f 7020/7020/7020 7022/7022/7022 7021/7021/7021
f 7020/7020/7020 7021/7021/7021 7023/7023/7023

o collision_PZ_item_10
v -30.6747413 4.58469358 24.8163582
v -29.3648505 7.35219541 24.7730061
v -30.6747413 7.35219541 24.7730042
v -29.3648505 4.58469358 24.8163582
v -29.3648505 8.52022711 25.1657711
v -30.6747413 8.52022711 25.1657692
v -29.3648505 9.09914556 26.1779915
v -30.6747413 9.09914556 26.1779915
v -30.6747413 9.09914556 26.1779915
v -29.3648505 9.67806402 25.1657711
v -30.6747413 9.67806402 25.1657692
v -29.3648505 9.09914556 26.1779915
v -29.3648505 10.8460929 24.7730061
v -30.6747413 10.8460929 24.7730042
v -29.3648581 17.2223212 24.8163582
v -30.6747413 17.2223212 24.8163582
v -29.3648505 10.8460929 24.7730061
v -29.3648581 17.2223212 26.6811653
v -29.3648581 17.2223212 24.8163582
v -29.3648505 10.262077 26.6811653
v -29.3648505 9.67806402 25.1657711
v -29.3648505 9.09914556 26.1779915
v -29.3648505 7.9362084 26.6811653
v -29.3648505 8.52022711 25.1657711
v -29.3648505 7.35219541 24.7730061
v -29.3648505 4.58469358 24.8163582
v -29.3648505 4.58468977 26.6811653
v -30.6747413 10.8460929 24.7730042
v -30.6747489 17.2223212 26.6811653
v -30.6747413 10.262077 26.6811653
v -30.6747413 17.2223212 24.8163582
v -30.6747413 9.67806402 25.1657692
v -30.6747413 9.09914556 26.1779915
v -30.6747413 7.9362084 26.6811653
v -30.6747413 8.52022711 25.1657692
v -30.6747413 7.35219541 24.7730042
v -30.6747413 4.58469358 24.8163582
v -30.6747413 4.58468977 26.6811653
v -41.2636619 4.58469358 25.3151985
v -39.9537711 7.35219541 25.2718464
v -41.2636619 7.35219541 25.2718445
v -39.9537711 4.58469358 25.3151985
v -39.9537711 8.52022711 25.6646114
v -41.2636619 8.52022711 25.6646095
v -39.9537711 9.09914556 26.6768318
v -41.2636619 9.09914556 26.6768318
v -41.2636619 9.09914556 26.6768318
v -39.9537711 9.67806402 25.6646114
v -41.2636619 9.67806402 25.6646095
v -39.9537711 9.09914556 26.6768318
v -39.9537711 10.8460929 25.2718464
v -41.2636619 10.8460929 25.2718445
v -39.9537787 17.2223212 25.3151985
v -41.2636619 17.2223212 25.3151985
v -39.9537711 10.8460929 25.2718464
v -39.9537787 17.2223212 27.1800057
v -39.9537787 17.2223212 25.3151985
v -39.9537711 10.262077 27.1800057
v -39.9537711 9.67806402 25.6646114
v -39.9537711 9.09914556 26.6768318
v -39.9537711 7.9362084 27.1800057
v -39.9537711 8.52022711 25.6646114
v -39.9537711 7.35219541 25.2718464
v -39.9537711 4.58469358 25.3151985
v -39.9537711 4.58468977 27.1800057
v -41.2636619 10.8460929 25.2718445
v -41.2636695 17.2223212 27.1800057
v -41.2636619 10.262077 27.1800057
v -41.2636619 17.2223212 25.3151985
v -41.2636619 9.67806402 25.6646095
v -41.2636619 9.09914556 26.6768318
v -41.2636619 7.9362084 27.1800057
v -41.2636619 8.52022711 25.6646095
v -41.2636619 7.35219541 25.2718445
v -41.2636619 4.58469358 25.3151985
v -41.2636619 4.58468977 27.1800057
v -30.5370345 4.94832674 25.5968586
v -40.1902709 5.24190584 25.7903067
v -40.1902709 4.94832674 26.0811173
v -30.5370498 5.24190393 25.306049
v -30.986093 5.68460146 26.1621758
v -40.1902709 4.94832674 26.0811173
v -39.7412047 5.68459955 26.6013838
v -30.5370345 4.94832674 25.5968586
v -39.7412047 5.68459955 26.6013838
v -40.1902709 5.24190584 25.7903067
v -39.7412047 5.92287651 26.0903965
v -40.1902709 4.94832674 26.0811173
v -39.7412047 5.92287651 26.0903965
v -30.5370498 5.24190393 25.306049
v -30.986093 5.92287508 25.6511913
v -40.1902709 5.24190584 25.7903067
v -30.986093 5.92287508 25.6511913
v -30.5370345 4.94832674 25.5968586
v -30.986093 5.68460146 26.1621758
v -30.5370498 5.24190393 25.306049
v -30.986093 5.92287508 25.6511913
v -39.7412047 5.68459955 26.6013838
v -39.7412047 5.92287651 26.0903965
v -30.986093 5.68460146 26.1621758
v -30.5370345 5.99737707 25.5968586
v -40.1902709 6.29095617 25.7903105
v -40.1902709 5.99737707 26.0811173
v -30.5370498 6.29095426 25.306049
v -30.986093 6.73365179 26.1621758
v -40.1902709 5.99737707 26.0811173
v -39.7412047 6.73364988 26.6013838
v -30.5370345 5.99737707 25.5968586
v -39.7412047 6.73364988 26.6013838
v -40.1902709 6.29095617 25.7903105
v -39.7412047 6.97192732 26.0903975
v -40.1902709 5.99737707 26.0811173
v -39.7412047 6.97192732 26.0903975
v -30.5370498 6.29095426 25.306049
v -30.986093 6.97192541 25.6511913
v -40.1902709 6.29095617 25.7903105
v -30.986093 6.97192541 25.6511913
v -30.5370345 5.99737707 25.5968586
v -30.986093 6.73365179 26.1621758
v -30.5370498 6.29095426 25.306049
v -30.986093 6.97192541 25.6511913
v -39.7412047 6.73364988 26.6013838
v -39.7412047 6.97192732 26.0903975
v -30.986093 6.73365179 26.1621758
v -30.5370345 7.05055204 25.5968586
v -40.1902709 7.34413114 25.7903105
v -40.1902709 7.05055204 26.0811173
v -30.5370498 7.34412924 25.306049
v -30.986093 7.78682676 26.1621758
v -40.1902709 7.05055204 26.0811173
v -39.7412047 7.78682485 26.6013838
v -30.5370345 7.05055204 25.5968586
v -39.7412047 7.78682485 26.6013838
v -40.1902709 7.34413114 25.7903105
v -39.7412047 8.02510181 26.0903965
v -40.1902709 7.05055204 26.0811173
v -39.7412047 8.02510181 26.0903965
v -30.5370498 7.34412924 25.306049
v -30.986093 8.02509943 25.6511913
v -40.1902709 7.34413114 25.7903105
v -30.986093 8.02509943 25.6511913
v -30.5370345 7.05055204 25.5968586
v -30.986093 7.78682676 26.1621758
v -30.5370498 7.34412924 25.306049
v -30.986093 8.02509943 25.6511913
v -39.7412047 7.78682485 26.6013838
v -39.7412047 8.02510181 26.0903965
v -30.986093 7.78682676 26.1621758
v -30.5370345 9.79528204 25.5968586
v -40.1902709 10.0888616 25.7903105
v -40.1902709 9.79528252 26.0811173
v -30.5370498 10.0888592 25.306049
v -30.986093 10.5315582 26.1621758
v -40.1902709 9.79528252 26.0811173
v -39.7412047 10.5315549 26.6013838
v -30.5370345 9.79528204 25.5968586
v -39.7412047 10.5315549 26.6013838
v -40.1902709 10.0888616 25.7903105
v -39.7412047 10.7698313 26.0903965
v -40.1902709 9.79528252 26.0811173
v -39.7412047 10.7698313 26.0903965
v -30.5370498 10.0888592 25.306049
v -30.986093 10.7698304 25.6511913
v -40.1902709 10.0888616 25.7903105
v -30.986093 10.7698304 25.6511913
v -30.5370345 9.79528204 25.5968586
v -30.986093 10.5315582 26.1621758
v -30.5370498 10.0888592 25.306049
v -30.986093 10.7698304 25.6511913
v -39.7412047 10.5315549 26.6013838
v -39.7412047 10.7698313 26.0903965
v -30.986093 10.5315582 26.1621758
v -30.5370345 10.8443324 25.5968586
v -40.1902709 11.1379105 25.7903105
v -40.1902709 10.8443333 26.0811173
v -30.5370498 11.1379086 25.306049
v -30.986093 11.580608 26.1621758
v -40.1902709 10.8443333 26.0811173
v -39.7412047 11.5806042 26.6013838
v -30.5370345 10.8443324 25.5968586
v -39.7412047 11.5806042 26.6013838
v -40.1902709 11.1379105 25.7903105
v -39.7412047 11.8188817 26.0903965
v -40.1902709 10.8443333 26.0811173
v -39.7412047 11.8188817 26.0903965
v -30.5370498 11.1379086 25.306049
v -30.986093 11.8188807 25.6511913
v -40.1902709 11.1379105 25.7903105
v -30.986093 11.8188807 25.6511913
v -30.5370345 10.8443324 25.5968586
v -30.986093 11.580608 26.1621758
v -30.5370498 11.1379086 25.306049
v -30.986093 11.8188807 25.6511913
v -39.7412047 11.5806042 26.6013838
v -39.7412047 11.8188817 26.0903965
v -30.986093 11.580608 26.1621758
v -30.5370345 11.8975083 25.5968586
v -40.1902709 12.1910864 25.7903105
v -40.1902709 11.8975083 26.0811173
v -30.5370498 12.1910845 25.306049
v -30.986093 12.6337811 26.1621758
v -40.1902709 11.8975083 26.0811173
v -39.7412047 12.6337802 26.6013838
v -30.5370345 11.8975083 25.5968586
v -39.7412047 12.6337802 26.6013838
v -40.1902709 12.1910864 25.7903105
v -39.7412047 12.8720566 26.0903965
v -40.1902709 11.8975083 26.0811173
v -39.7412047 12.8720566 26.0903965
v -30.5370498 12.1910845 25.306049
v -30.986093 12.8720547 25.6511913
v -40.1902709 12.1910864 25.7903105
v -30.986093 12.8720547 25.6511913
v -30.5370345 11.8975083 25.5968586
v -30.986093 12.6337811 26.1621758
v -30.5370498 12.1910845 25.306049
v -30.986093 12.8720547 25.6511913
v -39.7412047 12.6337802 26.6013838
v -39.7412047 12.8720566 26.0903965
v -30.986093 12.6337811 26.1621758
v -30.5370345 13.5222489 25.5968586
v -40.1902633 13.815828 25.7903105
v -40.1902709 13.5222489 26.0811173
v -30.5370498 13.8158242 25.306049
v -30.986093 14.2585198 26.1621758
v -40.1902709 13.5222489 26.0811173
v -39.7412047 14.2585198 26.6013838
v -30.5370345 13.5222489 25.5968586
v -39.7412047 14.2585198 26.6013838
v -40.1902633 13.815828 25.7903105
v -39.7412047 14.4967972 26.0903965
v -40.1902709 13.5222489 26.0811173
v -39.7412047 14.4967972 26.0903965
v -30.5370498 13.8158242 25.306049
v -30.986093 14.4967934 25.6511913
v -40.1902633 13.815828 25.7903105
v -30.986093 14.4967934 25.6511913
v -30.5370345 13.5222489 25.5968586
v -30.986093 14.2585198 26.1621758
v -30.5370498 13.8158242 25.306049
v -30.986093 14.4967934 25.6511913
v -39.7412047 14.2585198 26.6013838
v -39.7412047 14.4967972 26.0903965
v -30.986093 14.2585198 26.1621758
v -30.5370345 14.5712964 25.5968586
v -40.1902633 14.8648774 25.7903105
v -40.1902709 14.5712983 26.0811173
v -30.5370498 14.8648755 25.306049
v -30.986093 15.307573 26.1621758
v -40.1902709 14.5712983 26.0811173
v -39.7412047 15.3075692 26.6013838
v -30.5370345 14.5712964 25.5968586
v -39.7412047 15.3075692 26.6013838
v -40.1902633 14.8648774 25.7903105
v -39.7412047 15.5458485 26.0903965
v -40.1902709 14.5712983 26.0811173
v -39.7412047 15.5458485 26.0903965
v -30.5370498 14.8648755 25.306049
v -30.986093 15.5458447 25.6511913
v -40.1902633 14.8648774 25.7903105
v -30.986093 15.5458447 25.6511913
v -30.5370345 14.5712964 25.5968586
v -30.986093 15.307573 26.1621758
v -30.5370498 14.8648755 25.306049
v -30.986093 15.5458447 25.6511913
v -39.7412047 15.3075692 26.6013838
v -39.7412047 15.5458485 26.0903965
v -30.986093 15.307573 26.1621758
v -30.5370345 15.6244713 25.5968586
v -40.1902709 15.9180504 25.7903105
v -40.1902709 15.6244732 26.0811173
v -30.5370498 15.9180504 25.306049
v -30.986093 16.360748 26.1621758
v -40.1902709 15.6244732 26.0811173
v -39.7412047 16.3607442 26.6013838
v -30.5370345 15.6244713 25.5968586
v -39.7412047 16.3607442 26.6013838
v -40.1902709 15.9180504 25.7903105
v -39.7412047 16.5990216 26.0903965
v -40.1902709 15.6244732 26.0811173
v -39.7412047 16.5990216 26.0903965
v -30.5370498 15.9180504 25.306049
v -30.986093 16.5990216 25.6511913
v -40.1902709 15.9180504 25.7903105
v -30.986093 16.5990216 25.6511913
v -30.5370345 15.6244713 25.5968586
v -30.986093 16.360748 26.1621758
v -30.5370498 15.9180504 25.306049
v -30.986093 16.5990216 25.6511913
v -39.7412047 16.3607442 26.6013838
v -39.7412047 16.5990216 26.0903965
v -30.986093 16.360748 26.1621758
vt 1.7860415 0.621212244
vt 1.68876553 0.601091981
vt 1.68876576 0.621212244
vt 1.7860415 0.601091981
vt 1.67203355 0.601091981
vt 1.67203355 0.621212244
vt 1.65530133 0.601091981
vt 1.65530133 0.621212244
vt 1.65530133 0.621212244
vt 1.63856936 0.601091981
vt 1.63856936 0.621212244
vt 1.65530133 0.601091981
vt 1.62183738 0.601091981
vt 1.62183738 0.621212244
vt 1.41170454 0.601091981
vt 1.41170454 0.621212244
vt 1.47514594 0.496458411
vt 1.515571 0.382992983
vt 1.47514594 0.382992983
vt 1.515571 0.500975847
vt 1.47514594 0.505493283
vt 1.47514594 0.514528036
vt 1.515571 0.528080285
vt 1.47514594 0.523562908
vt 1.47514594 0.532597661
vt 1.47514594 0.585123718
vt 1.515571 0.585123718
vt 1.47514594 0.496458411
vt 1.515571 0.382992983
vt 1.515571 0.500975847
vt 1.47514594 0.382992983
vt 1.47514594 0.505493283
vt 1.47514594 0.514528036
vt 1.515571 0.528080285
vt 1.47514594 0.523562908
vt 1.47514594 0.532597661
vt 1.47514594 0.585123718
vt 1.515571 0.585123718
vt 1.7860415 0.621212244
vt 1.68876553 0.601091981
vt 1.68876576 0.621212244
vt 1.7860415 0.601091981
vt 1.67203355 0.601091981
vt 1.67203355 0.621212244
vt 1.65530133 0.601091981
vt 1.65530133 0.621212244
vt 1.65530133 0.621212244
vt 1.63856936 0.601091981
vt 1.63856936 0.621212244
vt 1.65530133 0.601091981
vt 1.62183738 0.601091981
vt 1.62183738 0.621212244
vt 1.41170454 0.601091981
vt 1.41170454 0.621212244
vt 1.47514594 0.496458411
vt 1.515571 0.382992983
vt 1.47514594 0.382992983
vt 1.515571 0.500975847
vt 1.47514594 0.505493283
vt 1.47514594 0.514528036
vt 1.515571 0.528080285
vt 1.47514594 0.523562908
vt 1.47514594 0.532597661
vt 1.47514594 0.585123718
vt 1.515571 0.585123718
vt 1.47514594 0.496458411
vt 1.515571 0.382992983
vt 1.515571 0.500975847
vt 1.47514594 0.382992983
vt 1.47514594 0.505493283
vt 1.47514594 0.514528036
vt 1.515571 0.528080285
vt 1.47514594 0.523562908
vt 1.47514594 0.532597661
vt 1.47514594 0.585123718
vt 1.515571 0.585123718
vt 0.411769807 0.801583469
vt 0.438436508 0.625241041
vt 0.411769807 0.625241041
vt 0.438436508 0.801583469
vt 0.525347888 0.677529454
vt 0.441178024 0.996701241
vt 0.525347888 0.996701241
vt 0.441178083 0.677529454
vt 0.439485848 0.931153834
vt 0.409644306 0.831641197
vt 0.409644306 0.931153774
vt 0.439485848 0.831641197
vt 0.525347888 0.677529454
vt 0.441178024 0.996701241
vt 0.525347888 0.996701241
vt 0.441178024 0.677529454
vt 0.439286292 0.931153834
vt 0.409444809 0.831641197
vt 0.409444809 0.931153774
vt 0.439286292 0.831641197
vt 0.525347888 0.996701241
vt 0.525347888 0.677529454
vt 0.525347888 0.677529454
vt 0.525347888 0.996701241
vt 0.411769807 0.801583469
vt 0.438436508 0.625241041
vt 0.411769807 0.625241041
vt 0.438436508 0.801583469
vt 0.525347888 0.677529454
vt 0.441178024 0.996701241
vt 0.525347888 0.996701241
vt 0.441178083 0.677529454
vt 0.439485848 0.931153834
vt 0.409644306 0.831641197
vt 0.409644306 0.931153774
vt 0.439485848 0.831641197
vt 0.525347888 0.677529454
vt 0.441178024 0.996701241
vt 0.525347888 0.996701241
vt 0.441178024 0.677529454
vt 0.439286292 0.931153834
vt 0.409444809 0.831641197
vt 0.409444809 0.931153774
vt 0.439286292 0.831641197
vt 0.525347888 0.996701241
vt 0.525347888 0.677529454
vt 0.525347888 0.677529454
vt 0.525347888 0.996701241
vt 0.411769807 0.801583469
vt 0.438436508 0.625241041
vt 0.411769807 0.625241041
vt 0.438436508 0.801583469
vt 0.525347888 0.677529454
vt 0.441178024 0.996701241
vt 0.525347888 0.996701241
vt 0.441178083 0.677529454
vt 0.439485848 0.931153834
vt 0.409644306 0.831641197
vt 0.409644306 0.931153774
vt 0.439485848 0.831641197
vt 0.525347888 0.677529454
vt 0.441178024 0.996701241
vt 0.525347888 0.996701241
vt 0.441178024 0.677529454
vt 0.439286292 0.931153834
vt 0.409444809 0.831641197
vt 0.409444809 0.931153774
vt 0.439286292 0.831641197
vt 0.525347888 0.996701241
vt 0.525347888 0.677529454
vt 0.525347888 0.677529454
vt 0.525347888 0.996701241
vt 0.411769807 0.801583469
vt 0.438436508 0.625241041
vt 0.411769807 0.625241041
vt 0.438436508 0.801583469
vt 0.525347888 0.677529454
vt 0.441178024 0.996701241
vt 0.525347888 0.996701241
vt 0.441178083 0.677529454
vt 0.439485848 0.931153834
vt 0.409644306 0.831641197
vt 0.409644306 0.931153774
vt 0.439485848 0.831641197
vt 0.525347888 0.677529454
vt 0.441178024 0.996701241
vt 0.525347888 0.996701241
vt 0.441178024 0.677529454
vt 0.439286292 0.931153834
vt 0.409444809 0.831641197
vt 0.409444809 0.931153774
vt 0.439286292 0.831641197
vt 0.525347888 0.996701241
vt 0.525347888 0.677529454
vt 0.525347888 0.677529454
vt 0.525347888 0.996701241
vt 0.411769807 0.801583469
vt 0.438436508 0.625241041
vt 0.411769807 0.625241041
vt 0.438436508 0.801583469
vt 0.525347888 0.677529454
vt 0.441178024 0.996701241
vt 0.525347888 0.996701241
vt 0.441178083 0.677529454
vt 0.439485848 0.931153834
vt 0.409644306 0.831641197
vt 0.409644306 0.931153774
vt 0.439485848 0.831641197
vt 0.525347888 0.677529454
vt 0.441178024 0.996701241
vt 0.525347888 0.996701241
vt 0.441178024 0.677529454
vt 0.439286292 0.931153834
vt 0.409444809 0.831641197
vt 0.409444809 0.931153774
vt 0.439286292 0.831641197
vt 0.525347888 0.996701241
vt 0.525347888 0.677529454
vt 0.525347888 0.677529454
vt 0.525347888 0.996701241
vt 0.411769807 0.801583469
vt 0.438436508 0.625241041
vt 0.411769807 0.625241041
vt 0.438436508 0.801583469
vt 0.525347888 0.677529454
vt 0.441178024 0.996701241
vt 0.525347888 0.996701241
vt 0.441178083 0.677529454
vt 0.439485848 0.931153834
vt 0.409644306 0.831641197
vt 0.409644306 0.931153774
vt 0.439485848 0.831641197
vt 0.525347888 0.677529454
vt 0.441178024 0.996701241
vt 0.525347888 0.996701241
vt 0.441178024 0.677529454
vt 0.439286292 0.931153834
vt 0.409444809 0.831641197
vt 0.409444809 0.931153774
vt 0.439286292 0.831641197
vt 0.525347888 0.996701241
vt 0.525347888 0.677529454
vt 0.525347888 0.677529454
vt 0.525347888 0.996701241
vt 0.411769807 0.801583469
vt 0.438436508 0.625241041
vt 0.411769807 0.625241041
vt 0.438436508 0.801583469
vt 0.525347888 0.677529454
vt 0.441178024 0.996701241
vt 0.525347888 0.996701241
vt 0.441178083 0.677529454
vt 0.439485848 0.931153834
vt 0.409644306 0.831641197
vt 0.409644306 0.931153774
vt 0.439485848 0.831641197
vt 0.525347888 0.677529454
vt 0.441178024 0.996701241
vt 0.525347888 0.996701241
vt 0.441178024 0.677529454
vt 0.439286292 0.931153834
vt 0.409444809 0.831641197
vt 0.409444809 0.931153774
vt 0.439286292 0.831641197
vt 0.525347888 0.996701241
vt 0.525347888 0.677529454
vt 0.525347888 0.677529454
vt 0.525347888 0.996701241
vt 0.411769807 0.801583469
vt 0.438436508 0.625241041
vt 0.411769807 0.625241041
vt 0.438436508 0.801583469
vt 0.525347888 0.677529454
vt 0.441178024 0.996701241
vt 0.525347888 0.996701241
vt 0.441178083 0.677529454
vt 0.439485848 0.931153834
vt 0.409644306 0.831641197
vt 0.409644306 0.931153774
vt 0.439485848 0.831641197
vt 0.525347888 0.677529454
vt 0.441178024 0.996701241
vt 0.525347888 0.996701241
vt 0.441178024 0.677529454
vt 0.439286292 0.931153834
vt 0.409444809 0.831641197
vt 0.409444809 0.931153774
vt 0.439286292 0.831641197
vt 0.525347888 0.996701241
vt 0.525347888 0.677529454
vt 0.525347888 0.677529454
vt 0.525347888 0.996701241
vt 0.411769807 0.801583469
vt 0.438436508 0.625241041
vt 0.411769807 0.625241041
vt 0.438436508 0.801583469
vt 0.525347888 0.677529454
vt 0.441178024 0.996701241
vt 0.525347888 0.996701241
vt 0.441178083 0.677529454
vt 0.439485848 0.931153834
vt 0.409644306 0.831641197
vt 0.409644306 0.931153774
vt 0.439485848 0.831641197
vt 0.525347888 0.677529454
vt 0.441178024 0.996701241
vt 0.525347888 0.996701241
vt 0.441178024 0.677529454
vt 0.439286292 0.931153834
vt 0.409444809 0.831641197
vt 0.409444809 0.931153774
vt 0.439286292 0.831641197
vt 0.525347888 0.996701241
vt 0.525347888 0.677529454
vt 0.525347888 0.677529454
vt 0.525347888 0.996701241
vn 0 -0.01564097 -0.999877673
vn 0 0.153733911 -0.988112283
vn 0 0.153733911 -0.988112283
vn 0 -0.01564097 -0.999877673
vn 0 0.634841093 -0.772642729
vn 0 0.634841093 -0.772642729
vn 0 0.868043521 -0.496488112
vn 0 0.868043521 -0.496488112
vn 0 -0.868043521 -0.496488112
vn 0 -0.634841093 -0.772642729
vn 0 -0.634841093 -0.772642729
vn 0 -0.868043521 -0.496488112
vn 0 -0.158116953 -0.987420391
vn 0 -0.158116953 -0.987420391
vn 0 0.00677077729 -0.999977078
vn 0 0.00677077729 -0.999977078
vn 1 0 0
vn 1 0 0
vn 1 0 0
vn 1 0 0
vn 1 0 0
vn 1 0 0
vn 1 0 0
vn 1 0 0
vn 1 0 0
vn 1 0 0
vn 1 0 0
vn -1 0 0
vn -1 0 0
vn -1 0 0
vn -1 0 0
vn -1 0 0
vn -1 0 0
vn -1 0 0
vn -1 0 0
vn -1 0 0
vn -1 0 0
vn -1 0 0
vn 0 -0.01564097 -0.999877673
vn 0 0.153733911 -0.988112283
vn 0 0.153733911 -0.988112283
vn 0 -0.01564097 -0.999877673
vn 0 0.634841093 -0.772642729
vn 0 0.634841093 -0.772642729
vn 0 0.868043521 -0.496488112
vn 0 0.868043521 -0.496488112
vn 0 -0.868043521 -0.496488112
vn 0 -0.634841093 -0.772642729
vn 0 -0.634841093 -0.772642729
vn 0 -0.868043521 -0.496488112
vn 0 -0.158116953 -0.987420391
vn 0 -0.158116953 -0.987420391
vn 0 0.00677077729 -0.999977078
vn 0 0.00677077729 -0.999977078
vn 1 0 0
vn 1 0 0
vn 1 0 0
vn 1 0 0
vn 1 0 0
vn 1 0 0
vn 1 0 0
vn 1 0 0
vn 1 0 0
vn 1 0 0
vn 1 0 0
vn -1 0 0
vn -1 0 0
vn -1 0 0
vn -1 0 0
vn -1 0 0
vn -1 0 0
vn -1 0 0
vn -1 0 0
vn -1 0 0
vn -1 0 0
vn -1 0 0
vn -0.0355709823 -0.703313637 -0.709989178
vn -0.0356662237 -0.703311267 -0.709986748
vn -0.0356662237 -0.703311267 -0.709986748
vn -0.0355709823 -0.703313637 -0.709989178
vn 0.0404366771 -0.592912308 0.804251124
vn 0.0404366771 -0.592912308 0.804251124
vn 0.0404366771 -0.592912308 0.804251124
vn 0.0403414591 -0.592914579 0.804254231
vn -0.876419184 0.401302726 0.266168248
vn -0.876419184 0.401302726 0.266168248
vn -0.876419184 0.401302726 0.266168248
vn -0.876419184 0.401302726 0.266168248
vn -0.0452063401 0.427695854 -0.902791584
vn -0.0453015161 0.427694022 -0.902787681
vn -0.0452054159 0.427734808 -0.902773175
vn -0.0452063401 0.427695854 -0.902791584
vn 0.882382412 0.392122251 0.26007964
vn 0.882403525 0.392089265 0.260057739
vn 0.882382412 0.392122251 0.26007964
vn 0.882420008 0.39204893 0.260062619
vn 0.0211723379 0.906118839 0.422493054
vn 0.0211723379 0.906118839 0.422493054
vn 0.0211714234 0.906127365 0.422474816
vn 0.0211723379 0.906118839 0.422493054
vn -0.0355709823 -0.703313637 -0.709989178
vn -0.0356662237 -0.703311267 -0.709986748
vn -0.0356662237 -0.703311267 -0.709986748
vn -0.0355709823 -0.703313637 -0.709989178
vn 0.0404366771 -0.592912308 0.804251124
vn 0.0404366771 -0.592912308 0.804251124
vn 0.0404366771 -0.592912308 0.804251124
vn 0.0403414591 -0.592914579 0.804254231
vn -0.876419184 0.401302726 0.266168248
vn -0.876419184 0.401302726 0.266168248
vn -0.876419184 0.401302726 0.266168248
vn -0.876419184 0.401302726 0.266168248
vn -0.0452054159 0.427734808 -0.902773175
vn -0.0453015161 0.427694022 -0.902787681
vn -0.0452054159 0.427734808 -0.902773175
vn -0.0452063401 0.427695854 -0.902791584
vn 0.882382412 0.392122251 0.26007964
vn 0.882403525 0.392089265 0.260057739
vn 0.882382412 0.392122251 0.26007964
vn 0.882420008 0.39204893 0.260062619
vn 0.0211723379 0.906118839 0.422493054
vn 0.0211723379 0.906118839 0.422493054
vn 0.0211723379 0.906118839 0.422493054
vn 0.0211723379 0.906118839 0.422493054
vn -0.0355721746 -0.703289562 -0.710012966
vn -0.0356674183 -0.703287162 -0.710010566
vn -0.0356674183 -0.703287162 -0.710010566
vn -0.0355721746 -0.703289562 -0.710012966
vn 0.0404366771 -0.592912308 0.804251124
vn 0.0404366771 -0.592912308 0.804251124
vn 0.0404366771 -0.592912308 0.804251124
vn 0.0403414591 -0.592914579 0.804254231
vn -0.876419184 0.401302726 0.266168248
vn -0.876419184 0.401302726 0.266168248
vn -0.876419184 0.401302726 0.266168248
vn -0.876419184 0.401302726 0.266168248
vn -0.0452054159 0.427734808 -0.902773175
vn -0.0453005925 0.427732952 -0.902769283
vn -0.0452054159 0.427734808 -0.902773175
vn -0.0452054159 0.427734808 -0.902773175
vn 0.882382412 0.392122251 0.26007964
vn 0.882403525 0.392089265 0.260057739
vn 0.882382412 0.392122251 0.26007964
vn 0.882403525 0.392089265 0.260057739
vn 0.0211723379 0.906118839 0.422493054
vn 0.0211723379 0.906118839 0.422493054
vn 0.0211723379 0.906118839 0.422493054
vn 0.0211723379 0.906118839 0.422493054
vn -0.0355721746 -0.703289562 -0.710012966
vn -0.0356674183 -0.703287162 -0.710010566
vn -0.0356674183 -0.703287162 -0.710010566
vn -0.0355721746 -0.703289562 -0.710012966
vn 0.0404366771 -0.592912308 0.804251124
vn 0.0404366771 -0.592912308 0.804251124
vn 0.0404366771 -0.592912308 0.804251124
vn 0.0403414591 -0.592914579 0.804254231
vn -0.876419184 0.401302726 0.266168248
vn -0.876419184 0.401302726 0.266168248
vn -0.876419184 0.401302726 0.266168248
vn -0.876419184 0.401302726 0.266168248
vn -0.0452054159 0.427734808 -0.902773175
vn -0.0453005925 0.427732952 -0.902769283
vn -0.0452054159 0.427734808 -0.902773175
vn -0.0452054159 0.427734808 -0.902773175
vn 0.882398901 0.392081915 0.260084509
vn 0.882403525 0.392089265 0.260057739
vn 0.882382412 0.392122251 0.26007964
vn 0.882403525 0.392089265 0.260057739
vn 0.0211723379 0.906118839 0.422493054
vn 0.0211723379 0.906118839 0.422493054
vn 0.0211723379 0.906118839 0.422493054
vn 0.0211723379 0.906118839 0.422493054
vn -0.0355709823 -0.703313637 -0.709989178
vn -0.0356662237 -0.703311267 -0.709986748
vn -0.0356662237 -0.703311267 -0.709986748
vn -0.0355709823 -0.703313637 -0.709989178
vn 0.0404366771 -0.592912308 0.804251124
vn 0.0404366771 -0.592912308 0.804251124
vn 0.0404366771 -0.592912308 0.804251124
vn 0.0403414591 -0.592914579 0.804254231
vn -0.876419184 0.401302726 0.266168248
vn -0.876419184 0.401302726 0.266168248
vn -0.876419184 0.401302726 0.266168248
vn -0.876419184 0.401302726 0.266168248
vn -0.0452054159 0.427734808 -0.902773175
vn -0.0453005925 0.427732952 -0.902769283
vn -0.0452054159 0.427734808 -0.902773175
vn -0.0452054159 0.427734808 -0.902773175
vn 0.882398901 0.392081915 0.260084509
vn 0.882420008 0.39204893 0.260062619
vn 0.882398901 0.392081915 0.260084509
vn 0.882420008 0.39204893 0.260062619
vn 0.0211723379 0.906118839 0.422493054
vn 0.0211723379 0.906118839 0.422493054
vn 0.0211723379 0.906118839 0.422493054
vn 0.0211723379 0.906118839 0.422493054
vn -0.0355709823 -0.703313637 -0.709989178
vn -0.0356662237 -0.703311267 -0.709986748
vn -0.0356662237 -0.703311267 -0.709986748
vn -0.0355709823 -0.703313637 -0.709989178
vn 0.0404366771 -0.592912308 0.804251124
vn 0.0404366771 -0.592912308 0.804251124
vn 0.0404366771 -0.592912308 0.804251124
vn 0.0403414591 -0.592914579 0.804254231
vn -0.876419184 0.401302726 0.266168248
vn -0.876419184 0.401302726 0.266168248
vn -0.876419184 0.401302726 0.266168248
vn -0.876419184 0.401302726 0.266168248
vn -0.0452054159 0.427734808 -0.902773175
vn -0.0453005925 0.427732952 -0.902769283
vn -0.0452054159 0.427734808 -0.902773175
vn -0.0452054159 0.427734808 -0.902773175
vn 0.882398901 0.392081915 0.260084509
vn 0.882420008 0.39204893 0.260062619
vn 0.882398901 0.392081915 0.260084509
vn 0.882420008 0.39204893 0.260062619
vn 0.0211723379 0.906118839 0.422493054
vn 0.0211723379 0.906118839 0.422493054
vn 0.0211723379 0.906118839 0.422493054
vn 0.0211723379 0.906118839 0.422493054
vn -0.0355709823 -0.703313637 -0.709989178
vn -0.0356662237 -0.703311267 -0.709986748
vn -0.0356662237 -0.703311267 -0.709986748
vn -0.0355709823 -0.703313637 -0.709989178
vn 0.0404366771 -0.592912308 0.804251124
vn 0.0404366771 -0.592912308 0.804251124
vn 0.0404366771 -0.592912308 0.804251124
vn 0.0403414591 -0.592914579 0.804254231
vn -0.876419184 0.401302726 0.266168248
vn -0.876419184 0.401302726 0.266168248
vn -0.876419184 0.401302726 0.266168248
vn -0.876419184 0.401302726 0.266168248
vn -0.0452054159 0.427734808 -0.902773175
vn -0.0453005925 0.427732952 -0.902769283
vn -0.0452054159 0.427734808 -0.902773175
vn -0.0452054159 0.427734808 -0.902773175
vn 0.882398901 0.392081915 0.260084509
vn 0.882420008 0.39204893 0.260062619
vn 0.882398901 0.392081915 0.260084509
vn 0.882420008 0.39204893 0.260062619
vn 0.0211723379 0.906118839 0.422493054
vn 0.0211723379 0.906118839 0.422493054
vn 0.0211723379 0.906118839 0.422493054
vn 0.0211723379 0.906118839 0.422493054
vn -0.0355709823 -0.703313637 -0.709989178
vn -0.0356662237 -0.703311267 -0.709986748
vn -0.0356662237 -0.703311267 -0.709986748
vn -0.0355709823 -0.703313637 -0.709989178
vn 0.0404366771 -0.592912308 0.804251124
vn 0.0404366771 -0.592912308 0.804251124
vn 0.0404366771 -0.592912308 0.804251124
vn 0.0403414591 -0.592914579 0.804254231
vn -0.876419184 0.401302726 0.266168248
vn -0.876419184 0.401302726 0.266168248
vn -0.876419184 0.401302726 0.266168248
vn -0.876419184 0.401302726 0.266168248
vn -0.0452054159 0.427734808 -0.902773175
vn -0.0453005925 0.427732952 -0.902769283
vn -0.0452054159 0.427734808 -0.902773175
vn -0.0452054159 0.427734808 -0.902773175
vn 0.882398901 0.392081915 0.260084509
vn 0.882420008 0.39204893 0.260062619
vn 0.882398901 0.392081915 0.260084509
vn 0.882420008 0.39204893 0.260062619
vn 0.0211723379 0.906118839 0.422493054
vn 0.0211723379 0.906118839 0.422493054
vn 0.0211723379 0.906118839 0.422493054
vn 0.0211723379 0.906118839 0.422493054
vn -0.0355709823 -0.703313637 -0.709989178
vn -0.0356662237 -0.703311267 -0.709986748
vn -0.0356662237 -0.703311267 -0.709986748
vn -0.0355709823 -0.703313637 -0.709989178
vn 0.0404366771 -0.592912308 0.804251124
vn 0.0404366771 -0.592912308 0.804251124
vn 0.0404366771 -0.592912308 0.804251124
vn 0.0403414591 -0.592914579 0.804254231
vn -0.876419184 0.401302726 0.266168248
vn -0.876419184 0.401302726 0.266168248
vn -0.876419184 0.401302726 0.266168248
vn -0.876419184 0.401302726 0.266168248
vn -0.0452054159 0.427734808 -0.902773175
vn -0.0453005925 0.427732952 -0.902769283
vn -0.0452054159 0.427734808 -0.902773175
vn -0.0452054159 0.427734808 -0.902773175
vn 0.882398901 0.392081915 0.260084509
vn 0.882420008 0.39204893 0.260062619
vn 0.882398901 0.392081915 0.260084509
vn 0.882420008 0.39204893 0.260062619
vn 0.0211723379 0.906118839 0.422493054
vn 0.0211723379 0.906118839 0.422493054
vn 0.0211723379 0.906118839 0.422493054
vn 0.0211723379 0.906118839 0.422493054

g collision_PZ_item_10_submesh_0
usemtl collision_75
f 7024/7024/7024 7026/7026/7026 7025/7025/7025
f 7024/7024/7024 7025/7025/7025 7027/7027/7027
f 7026/7026/7026 7028/7028/7028 7025/7025/7025
f 7026/7026/7026 7029/7029/7029 7028/7028/7028
f 7029/7029/7029 7030/7030/7030 7028/7028/7028
f 7029/7029/7029 7031/7031/7031 7030/7030/7030
f 7032/7032/7032 7034/7034/7034 7033/7033/7033
f 7032/7032/7032 7033/7033/7033 7035/7035/7035
f 7034/7034/7034 7036/7036/7036 7033/7033/7033
f 7034/7034/7034 7037/7037/7037 7036/7036/7036
f 7037/7037/7037 7038/7038/7038 7036/7036/7036
f 7037/7037/7037 7039/7039/7039 7038/7038/7038
f 7040/7040/7040 7042/7042/7042 7041/7041/7041
f 7040/7040/7040 7041/7041/7041 7043/7043/7043
f 7044/7044/7044 7040/7040/7040 7043/7043/7043
f 7045/7045/7045 7044/7044/7044 7043/7043/7043
f 7045/7045/7045 7043/7043/7043 7046/7046/7046
f 7047/7047/7047 7045/7045/7045 7046/7046/7046
f 7048/7048/7048 7047/7047/7047 7046/7046/7046
f 7049/7049/7049 7048/7048/7048 7046/7046/7046
f 7049/7049/7049 7046/7046/7046 7050/7050/7050
f 7051/7051/7051 7053/7053/7053 7052/7052/7052
f 7051/7051/7051 7052/7052/7052 7054/7054/7054
f 7055/7055/7055 7053/7053/7053 7051/7051/7051
f 7056/7056/7056 7053/7053/7053 7055/7055/7055
f 7056/7056/7056 7057/7057/7057 7053/7053/7053
f 7058/7058/7058 7057/7057/7057 7056/7056/7056
f 7059/7059/7059 7057/7057/7057 7058/7058/7058
f 7060/7060/7060 7057/7057/7057 7059/7059/7059
f 7060/7060/7060 7061/7061/7061 7057/7057/7057
f 7062/7062/7062 7064/7064/7064 7063/7063/7063
f 7062/7062/7062 7063/7063/7063 7065/7065/7065
f 7064/7064/7064 7066/7066/7066 7063/7063/7063
f 7064/7064/7064 7067/7067/7067 7066/7066/7066
f 7067/7067/7067 7068/7068/7068 7066/7066/7066
f 7067/7067/7067 7069/7069/7069 7068/7068/7068
f 7070/7070/7070 7072/7072/7072 7071/7071/7071
f 7070/7070/7070 7071/7071/7071 7073/7073/7073
f 7072/7072/7072 7074/7074/7074 7071/7071/7071
f 7072/7072/7072 7075/7075/7075 7074/7074/7074
f 7075/7075/7075 7076/7076/7076 7074/7074/7074
f 7075/7075/7075 7077/7077/7077 7076/7076/7076
f 7078/7078/7078 7080/7080/7080 7079/7079/7079
f 7078/7078/7078 7079/7079/7079 7081/7081/7081
f 7082/7082/7082 7078/7078/7078 7081/7081/7081
f 7083/7083/7083 7082/7082/7082 7081/7081/7081
f 7083/7083/7083 7081/7081/7081 7084/7084/7084
f 7085/7085/7085 7083/7083/7083 7084/7084/7084
f 7086/7086/7086 7085/7085/7085 7084/7084/7084
f 7087/7087/7087 7086/7086/7086 7084/7084/7084
f 7087/7087/7087 7084/7084/7084 7088/7088/7088
f 7089/7089/7089 7091/7091/7091 7090/7090/7090
f 7089/7089/7089 7090/7090/7090 7092/7092/7092
f 7093/7093/7093 7091/7091/7091 7089/7089/7089
f 7094/7094/7094 7091/7091/7091 7093/7093/7093
f 7094/7094/7094 7095/7095/7095 7091/7091/7091
f 7096/7096/7096 7095/7095/7095 7094/7094/7094
f 7097/7097/7097 7095/7095/7095 7096/7096/7096
f 7098/7098/7098 7095/7095/7095 7097/7097/7097
f 7098/7098/7098 7099/7099/7099 7095/7095/7095
f 7100/7100/7100 7102/7102/7102 7101/7101/7101
f 7100/7100/7100 7101/7101/7101 7103/7103/7103
f 7104/7104/7104 7106/7106/7106 7105/7105/7105
f 7104/7104/7104 7105/7105/7105 7107/7107/7107
f 7108/7108/7108 7110/7110/7110 7109/7109/7109
f 7108/7108/7108 7109/7109/7109 7111/7111/7111
f 7112/7112/7112 7114/7114/7114 7113/7113/7113
f 7112/7112/7112 7113/7113/7113 7115/7115/7115
f 7116/7116/7116 7118/7118/7118 7117/7117/7117
f 7116/7116/7116 7117/7117/7117 7119/7119/7119
f 7120/7120/7120 7122/7122/7122 7121/7121/7121
f 7120/7120/7120 7121/7121/7121 7123/7123/7123
f 7124/7124/7124 7126/7126/7126 7125/7125/7125
f 7124/7124/7124 7125/7125/7125 7127/7127/7127
f 7128/7128/7128 7130/7130/7130 7129/7129/7129
f 7128/7128/7128 7129/7129/7129 7131/7131/7131
f 7132/7132/7132 7134/7134/7134 7133/7133/7133
f 7132/7132/7132 7133/7133/7133 7135/7135/7135
f 7136/7136/7136 7138/7138/7138 7137/7137/7137
f 7136/7136/7136 7137/7137/7137 7139/7139/7139
f 7140/7140/7140 7142/7142/7142 7141/7141/7141
f 7140/7140/7140 7141/7141/7141 7143/7143/7143
f 7144/7144/7144 7146/7146/7146 7145/7145/7145
f 7144/7144/7144 7145/7145/7145 7147/7147/7147
f 7148/7148/7148 7150/7150/7150 7149/7149/7149
f 7148/7148/7148 7149/7149/7149 7151/7151/7151
f 7152/7152/7152 7154/7154/7154 7153/7153/7153
f 7152/7152/7152 7153/7153/7153 7155/7155/7155
f 7156/7156/7156 7158/7158/7158 7157/7157/7157
f 7156/7156/7156 7157/7157/7157 7159/7159/7159
f 7160/7160/7160 7162/7162/7162 7161/7161/7161
f 7160/7160/7160 7161/7161/7161 7163/7163/7163
f 7164/7164/7164 7166/7166/7166 7165/7165/7165
f 7164/7164/7164 7165/7165/7165 7167/7167/7167
f 7168/7168/7168 7170/7170/7170 7169/7169/7169
f 7168/7168/7168 7169/7169/7169 7171/7171/7171
f 7172/7172/7172 7174/7174/7174 7173/7173/7173
f 7172/7172/7172 7173/7173/7173 7175/7175/7175
f 7176/7176/7176 7178/7178/7178 7177/7177/7177
f 7176/7176/7176 7177/7177/7177 7179/7179/7179
f 7180/7180/7180 7182/7182/7182 7181/7181/7181
f 7180/7180/7180 7181/7181/7181 7183/7183/7183
f 7184/7184/7184 7186/7186/7186 7185/7185/7185
f 7184/7184/7184 7185/7185/7185 7187/7187/7187
f 7188/7188/7188 7190/7190/7190 7189/7189/7189
f 7188/7188/7188 7189/7189/7189 7191/7191/7191
f 7192/7192/7192 7194/7194/7194 7193/7193/7193
f 7192/7192/7192 7193/7193/7193 7195/7195/7195
f 7196/7196/7196 7198/7198/7198 7197/7197/7197
f 7196/7196/7196 7197/7197/7197 7199/7199/7199
f 7200/7200/7200 7202/7202/7202 7201/7201/7201
f 7200/7200/7200 7201/7201/7201 7203/7203/7203
f 7204/7204/7204 7206/7206/7206 7205/7205/7205
f 7204/7204/7204 7205/7205/7205 7207/7207/7207
f 7208/7208/7208 7210/7210/7210 7209/7209/7209
f 7208/7208/7208 7209/7209/7209 7211/7211/7211
f 7212/7212/7212 7214/7214/7214 7213/7213/7213
f 7212/7212/7212 7213/7213/7213 7215/7215/7215
f 7216/7216/7216 7218/7218/7218 7217/7217/7217
f 7216/7216/7216 7217/7217/7217 7219/7219/7219
f 7220/7220/7220 7222/7222/7222 7221/7221/7221
f 7220/7220/7220 7221/7221/7221 7223/7223/7223
f 7224/7224/7224 7226/7226/7226 7225/7225/7225
f 7224/7224/7224 7225/7225/7225 7227/7227/7227
f 7228/7228/7228 7230/7230/7230 7229/7229/7229
f 7228/7228/7228 7229/7229/7229 7231/7231/7231
f 7232/7232/7232 7234/7234/7234 7233/7233/7233
f 7232/7232/7232 7233/7233/7233 7235/7235/7235
f 7236/7236/7236 7238/7238/7238 7237/7237/7237
f 7236/7236/7236 7237/7237/7237 7239/7239/7239
f 7240/7240/7240 7242/7242/7242 7241/7241/7241
f 7240/7240/7240 7241/7241/7241 7243/7243/7243
f 7244/7244/7244 7246/7246/7246 7245/7245/7245
f 7244/7244/7244 7245/7245/7245 7247/7247/7247
f 7248/7248/7248 7250/7250/7250 7249/7249/7249
f 7248/7248/7248 7249/7249/7249 7251/7251/7251
f 7252/7252/7252 7254/7254/7254 7253/7253/7253
f 7252/7252/7252 7253/7253/7253 7255/7255/7255
f 7256/7256/7256 7258/7258/7258 7257/7257/7257
f 7256/7256/7256 7257/7257/7257 7259/7259/7259
f 7260/7260/7260 7262/7262/7262 7261/7261/7261
f 7260/7260/7260 7261/7261/7261 7263/7263/7263
f 7264/7264/7264 7266/7266/7266 7265/7265/7265
f 7264/7264/7264 7265/7265/7265 7267/7267/7267
f 7268/7268/7268 7270/7270/7270 7269/7269/7269
f 7268/7268/7268 7269/7269/7269 7271/7271/7271
f 7272/7272/7272 7274/7274/7274 7273/7273/7273
f 7272/7272/7272 7273/7273/7273 7275/7275/7275
f 7276/7276/7276 7278/7278/7278 7277/7277/7277
f 7276/7276/7276 7277/7277/7277 7279/7279/7279
f 7280/7280/7280 7282/7282/7282 7281/7281/7281
f 7280/7280/7280 7281/7281/7281 7283/7283/7283
f 7284/7284/7284 7286/7286/7286 7285/7285/7285
f 7284/7284/7284 7285/7285/7285 7287/7287/7287
f 7288/7288/7288 7290/7290/7290 7289/7289/7289
f 7288/7288/7288 7289/7289/7289 7291/7291/7291
f 7292/7292/7292 7294/7294/7294 7293/7293/7293
f 7292/7292/7292 7293/7293/7293 7295/7295/7295
f 7296/7296/7296 7298/7298/7298 7297/7297/7297
f 7296/7296/7296 7297/7297/7297 7299/7299/7299
f 7300/7300/7300 7302/7302/7302 7301/7301/7301
f 7300/7300/7300 7301/7301/7301 7303/7303/7303
f 7304/7304/7304 7306/7306/7306 7305/7305/7305
f 7304/7304/7304 7305/7305/7305 7307/7307/7307
f 7308/7308/7308 7310/7310/7310 7309/7309/7309
f 7308/7308/7308 7309/7309/7309 7311/7311/7311
f 7312/7312/7312 7314/7314/7314 7313/7313/7313
f 7312/7312/7312 7313/7313/7313 7315/7315/7315
