# Generated from legacy Unity YAML Mesh assets without Unity.
mtllib collision.mtl

o collision_PZ_sc02_064
v 22.347113 2.86627349e-06 -32.0076252
v 28.9466595 5.04708857 -29.934414
v 22.3269028 5.04708857 -31.9036366
v 28.9928326 2.86627349e-06 -30.0306778
v 15.4161667 2.86627349e-06 -32.1971737
v 22.3269028 5.04708857 -31.9036366
v 15.4230351 5.04708857 -32.0924488
v 22.347113 2.86627349e-06 -32.0076252
v 15.4230351 5.04708857 -32.0924488
v 8.67233315 2.86627349e-06 -30.5863876
v 15.4161667 2.86627349e-06 -32.1971737
v 8.79819051 5.04709239 -30.5258483
v 8.96207944 4.97181031 -29.828951
v 12.2310404 2.86627349e-06 -30.6097488
v 8.96207848 2.86627349e-06 -29.8289529
v 12.2310404 4.98381325 -30.6097488
v 15.4299053 10.0941743 -31.9877239
v 8.79819051 5.04709239 -30.5258483
v 15.4230351 5.04708857 -32.0924488
v 9.31893006 10.0941819 -30.6166133
v 22.3066906 10.0941743 -31.7996442
v 22.3269028 5.04708857 -31.9036366
v 2.68926755 10.0941743 -27.1140105
v 8.79819051 5.04709239 -30.5258483
v 9.31893006 10.0941819 -30.6166133
v 2.63222638 5.04708857 -27.1995493
v 28.9004845 10.0941743 -29.8381482
v 22.0101036 16.6330276 -29.9308358
v 22.3066906 10.0941743 -31.7996442
v 28.1302017 16.6330276 -28.1102509
v 22.3066906 10.0941743 -31.7996442
v 15.6273426 16.6330276 -30.1054039
v 15.4299053 10.0941743 -31.9877239
v 22.0101036 16.6330276 -29.9308358
v 9.95537892 16.6330352 -28.8327926
v 9.31893006 10.0941819 -30.6166133
v 9.31893006 10.0941819 -30.6166133
v 3.80198613 16.6330276 -25.5818166
v 2.68926755 10.0941743 -27.1140105
v 9.95537892 16.6330352 -28.8327926
v 22.3269028 5.04708857 -31.9036366
v 28.9004845 10.0941743 -29.8381482
v 22.3066906 10.0941743 -31.7996442
v 28.9466595 5.04708857 -29.934414
v 28.1302017 16.6330276 -28.1102509
v 22.0101036 32.6519815 -29.9308434
v 22.0101036 16.6330276 -29.9308358
v 28.1302036 32.6519815 -28.1102566
v 22.0101036 16.6330276 -29.9308358
v 15.6273426 32.6519815 -30.1054058
v 15.6273426 16.6330276 -30.1054039
v 22.0101036 32.6519815 -29.9308434
v 9.95537892 32.6519891 -28.8327926
v 9.95537892 16.6330352 -28.8327926
v 9.95537892 16.6330352 -28.8327926
v 3.80198518 32.6519815 -25.5818224
v 3.80198613 16.6330276 -25.5818166
v 9.95537892 32.6519891 -28.8327926
v 28.6621193 9.94361774 -29.2902014
v 21.9445309 16.1854664 -29.4847909
v 27.951012 16.1854664 -27.6980043
v 22.2193188 9.94361774 -31.2067831
v 22.2193188 9.94361774 -31.2067831
v 15.680262 16.1854664 -29.6561071
v 21.9445309 16.1854664 -29.4847909
v 15.5000004 9.94361774 -31.3905447
v 15.5000004 9.94361774 -31.3905447
v 9.58510533 16.1854664 -28.2002644
v 15.680262 16.1854664 -29.6561071
v 12.2310404 9.94361774 -30.6097469
v 8.96208039 9.94361774 -29.828949
v 4.07443086 16.1854664 -25.2165003
v 3.05110112 9.94361774 -26.6284339
v 3.05110112 4.97181126 -26.6284339
v 8.96207944 4.97181031 -29.828951
v 12.2310404 4.98381325 -30.6097488
vt 5.33517122 1.66329682
vt 5.00049829 1.99968445
vt 5.33517122 1.99968445
vt 5.00049829 1.66329682
vt 5.33517122 1.66329682
vt 5.00049829 1.99968445
vt 5.33517122 1.99968445
vt 5.00049829 1.66329682
vt 5.00049829 1.99968445
vt 5.33517122 1.66329682
vt 5.00049829 1.66329682
vt 5.33517122 1.99968445
vt 4.80837154 1.99968362
vt 4.9051528 1.66326201
vt 4.80837154 1.66326201
vt 4.9051528 1.99968362
vt 1.17843783 1.3399694
vt 2.35068941 0.334982455
vt 1.17843378 0.338390708
vt 2.35069346 1.33996379
vt 0.00443545589 1.3399719
vt 0.00443147309 0.33839345
vt 1.17843783 1.3399694
vt 0.00443147309 0.334990501
vt 0.00443545589 1.3399719
vt 1.17843378 0.33498773
vt 4.27299976 -0.000283968227
vt 4.96646881 0.769118309
vt 4.96646595 -0.000287091796
vt 4.27300358 0.769121528
vt 3.57850051 -0.000282407884
vt 4.27300358 0.769121528
vt 4.27299976 -0.000283968227
vt 3.57850361 0.769123018
vt 4.96646881 0.769118309
vt 4.96646595 -0.000287091796
vt 3.57850051 -0.000282407884
vt 4.27300358 0.769121528
vt 4.27299976 -0.000283968227
vt 3.57850361 0.769123018
vt 2.35068941 0.338385433
vt 1.17843783 1.3399694
vt 2.35069346 1.33996379
vt 1.17843378 0.338390708
vt 4.27300358 0.769121528
vt 4.96647549 2.64843035
vt 4.96646881 0.769118309
vt 4.2730093 2.64843369
vt 3.57850361 0.769123018
vt 4.2730093 2.64843369
vt 4.27300358 0.769121528
vt 3.57851052 2.64843512
vt 4.96647549 2.64843035
vt 4.96646881 0.769118309
vt 3.57850361 0.769123018
vt 4.2730093 2.64843369
vt 4.27300358 0.769121528
vt 3.57851052 2.64843512
vt 9.35511017 1.17068982
vt 10.6542149 2.64832497
vt 9.35511017 2.64832497
vt 10.6542149 1.17068982
vt 10.6542149 1.17068982
vt 9.35511017 2.64832497
vt 10.6542149 2.64832497
vt 9.35511017 1.17068982
vt 9.35511017 1.17068982
vt 7.99935102 2.64832497
vt 9.35511017 2.64832497
vt 8.70442009 1.17068982
vt 7.99935102 1.17068982
vt 6.665833 2.64832497
vt 6.665833 1.17068982
vt 6.665833 -0.000594905054
vt 7.99935102 -0.000594905054
vt 8.70442009 0.00191868306
vn 0.285066057 0.0208854847 -0.958280303
vn 0.285066057 0.0208854847 -0.958280303
vn 0.285065961 0.02088562 -0.958280329
vn 0.285066152 0.02088535 -0.958280278
vn 0.0273323667 0.0207006035 -0.999412041
vn 0.0273323667 0.0207006035 -0.999412041
vn 0.0273326796 0.0207001752 -0.999412041
vn 0.0273320551 0.0207010302 -0.99941204
vn -0.231191037 0.0189655185 -0.972723503
vn -0.231191037 0.0189655185 -0.972723503
vn -0.232269336 0.0204937065 -0.972435583
vn -0.230091869 0.01740889 -0.973013187
vn 0.23231672 -2.08597607e-07 0.972640191
vn 0.23231672 -2.08597607e-07 0.972640191
vn 0.232316419 -4.17698781e-07 0.972640263
vn 0.23231702 0 0.97264012
vn -0.138821943 0.0158327664 -0.990190786
vn -0.224744031 0.0130945506 -0.974329848
vn -0.0581919045 0.0207896817 -0.99808892
vn -0.218922922 0.00504048688 -0.975729136
vn 0.0273332769 0.0207009818 -0.999412008
vn 0.0273326787 0.0207017977 -0.999412007
vn -0.470668269 0.0264839923 -0.881912682
vn -0.470668269 0.0264839923 -0.881912682
vn -0.466892185 0.0322795847 -0.88372491
vn -0.474684184 0.0202778611 -0.879922572
vn 0.27407345 0.275747845 -0.921328861
vn 0.27407345 0.275747845 -0.921328861
vn 0.274073322 0.275747709 -0.921328939
vn 0.274073587 0.275747991 -0.921328776
vn 0.0262793199 0.27580476 -0.960854376
vn -0.0461232214 0.277624588 -0.959581803
vn -0.125334837 0.277944775 -0.952385363
vn 0.0262793112 0.275804752 -0.960854378
vn -0.210402846 0.276302285 -0.937756733
vn -0.21040277 0.276302348 -0.937756731
vn -0.449047863 0.275576159 -0.849949291
vn -0.449047863 0.275576159 -0.849949291
vn -0.449048014 0.275576007 -0.84994926
vn -0.4490477 0.275576322 -0.849949324
vn 0.285065736 0.0208861352 -0.958280385
vn 0.285065736 0.0208861352 -0.958280385
vn 0.285065511 0.0208864526 -0.958280445
vn 0.28506596 0.020885819 -0.958280325
vn 0.285128107 -4.16414535e-07 -0.958489417
vn 0.285128107 -4.16414535e-07 -0.958489417
vn 0.28512801 -4.56502509e-07 -0.958489446
vn 0.285128203 -3.76326575e-07 -0.958489388
vn 0.0273392706 -2.97559272e-07 -0.999626212
vn -0.050024527 -2.42422821e-07 -0.99874799
vn -0.13255366 -8.02557637e-08 -0.991175831
vn 0.0273388228 -4.76094841e-07 -0.999626225
vn -0.218926048 -5.80898965e-08 -0.975741454
vn -0.218925891 2.1937909e-16 -0.975741489
vn -0.467134938 -1.71822913e-07 -0.884186038
vn -0.467134938 -1.71822913e-07 -0.884186038
vn -0.467135288 -3.43645782e-07 -0.884185853
vn -0.467134588 1.96096481e-16 -0.884186223
vn -0.274782516 -0.26692912 0.923711759
vn -0.274782516 -0.26692912 0.923711759
vn -0.274782496 -0.266929098 0.923711772
vn -0.274782534 -0.26692914 0.923711748
vn -0.0263460466 -0.266929142 0.963355967
vn -0.0263460466 -0.266929142 0.963355967
vn -0.0263459959 -0.266929093 0.963355982
vn -0.0263460938 -0.266929188 0.963355953
vn 0.223887908 -0.266929289 0.937348899
vn 0.302469167 -0.26880338 0.914470965
vn 0.223888017 -0.266929188 0.937348902
vn 0.229601403 -0.152454348 0.961270444
vn 0.424055238 -0.151376712 0.892895428
vn 0.458861212 -0.266929158 0.847463989
vn 0.470577689 -0.152374122 0.869102276
vn 0.476137741 -2.1434325e-07 0.879370713
vn 0.357358302 -4.15858635e-07 0.933967368
vn 0.232317021 -3.74039629e-07 0.972640119

g collision_PZ_sc02_064_submesh_0
usemtl collision
f 1/1/1 3/3/3 2/2/2
f 1/1/1 2/2/2 4/4/4
f 5/5/5 7/7/7 6/6/6
f 5/5/5 6/6/6 8/8/8
f 9/9/9 11/11/11 10/10/10
f 9/9/9 10/10/10 12/12/12
f 13/13/13 15/15/15 14/14/14
f 13/13/13 14/14/14 16/16/16

g collision_PZ_sc02_064_submesh_1
usemtl collision
f 17/17/17 19/19/19 18/18/18
f 17/17/17 18/18/18 20/20/20
f 19/19/19 17/17/17 21/21/21
f 19/19/19 21/21/21 22/22/22
f 23/23/23 25/25/25 24/24/24
f 23/23/23 24/24/24 26/26/26
f 27/27/27 29/29/29 28/28/28
f 27/27/27 28/28/28 30/30/30
f 31/31/31 33/33/33 32/32/32
f 31/31/31 32/32/32 34/34/34
f 33/33/33 35/35/35 32/32/32
f 33/33/33 36/36/36 35/35/35
f 37/37/37 39/39/39 38/38/38
f 37/37/37 38/38/38 40/40/40
f 41/41/41 43/43/43 42/42/42
f 41/41/41 42/42/42 44/44/44
f 45/45/45 47/47/47 46/46/46
f 45/45/45 46/46/46 48/48/48
f 49/49/49 51/51/51 50/50/50
f 49/49/49 50/50/50 52/52/52
f 51/51/51 53/53/53 50/50/50
f 51/51/51 54/54/54 53/53/53
f 55/55/55 57/57/57 56/56/56
f 55/55/55 56/56/56 58/58/58
f 59/59/59 61/61/61 60/60/60
f 59/59/59 60/60/60 62/62/62
f 63/63/63 65/65/65 64/64/64
f 63/63/63 64/64/64 66/66/66
f 67/67/67 69/69/69 68/68/68
f 67/67/67 68/68/68 70/70/70
f 68/68/68 71/71/71 70/70/70
f 71/71/71 68/68/68 72/72/72
f 71/71/71 72/72/72 73/73/73
f 71/71/71 73/73/73 74/74/74
f 71/71/71 74/74/74 75/75/75
f 70/70/70 71/71/71 75/75/75
f 70/70/70 75/75/75 76/76/76

o collision_PZ_sc02_063
v 2.68926715 10.0941749 -27.1140081
v -2.38304521 5.04708921 -22.4512779
v 2.63222598 5.04708921 -27.199547
v -2.30632783 10.0941749 -22.3843643
v 2.68926715 10.0941749 -27.1140081
v -0.834728249 16.6330282 -21.1919436
v -2.30632783 10.0941749 -22.3843643
v 3.80198573 16.6330282 -25.5818143
v -2.30632783 10.0941749 -22.3843643
v -4.17728425 16.6330358 -15.7515951
v -5.9075966 10.0941826 -16.5229325
v -0.834728249 16.6330282 -21.1919436
v -5.99786187 16.6330263 -9.63150774
v -7.86908532 10.0941711 -9.92915135
v -5.99849225 5.04709494 -16.5667614
v -2.30632783 10.0941749 -22.3843643
v -5.9075966 10.0941826 -16.5229325
v -2.38304521 5.04708921 -22.4512779
v -7.96770669 5.04708445 -9.94701366
v -7.86908532 10.0941711 -9.92915135
v 3.80198573 16.6330282 -25.5818143
v -0.834732064 32.6519821 -21.1919474
v -0.834728249 16.6330282 -21.1919436
v 3.80198478 32.6519821 -25.58182
v -0.834728249 16.6330282 -21.1919436
v -4.17728806 32.6519898 -15.7515951
v -4.17728425 16.6330358 -15.7515951
v -0.834732064 32.6519821 -21.1919474
v -5.99786569 32.6519783 -9.63150774
v -5.99786187 16.6330263 -9.63150774
v 3.05110072 9.94361839 -26.6284316
v -0.476209649 16.185467 -20.9081264
v 4.07443046 16.185467 -25.216498
v -1.83010674 9.94361839 -22.0070946
v 3.05110072 4.9718119 -26.6284316
v -1.8301096 4.97181095 -22.0070965
v -1.83010674 9.94361839 -22.0070946
v -3.75671197 16.1854709 -15.5687681
v -0.476209649 16.185467 -20.9081264
v -5.34890939 9.94361934 -16.2798772
v -1.8301096 4.97181095 -22.0070965
v -5.34890939 4.9718119 -16.2798791
v -5.34890939 9.94361934 -16.2798772
v -5.54349519 16.1854632 -9.56229389
v -3.75671197 16.1854709 -15.5687681
v -7.26549149 9.94361743 -9.83707983
v -5.34890939 4.9718119 -16.2798791
v -7.2654934 4.97180999 -9.83707983
v -6.0893879 7.32315139e-06 -16.6105904
v -2.38304521 5.04708921 -22.4512779
v -5.99849225 5.04709494 -16.5667614
v -2.45976258 3.50845489e-06 -22.5181915
v -8.06632806 -2.21358987e-06 -9.96487693
v -5.99849225 5.04709494 -16.5667614
v -7.96770669 5.04708445 -9.94701366
v -6.0893879 7.32315139e-06 -16.6105904
v 2.63222598 5.04708921 -27.199547
v -2.45976258 3.50845489e-06 -22.5181915
v 2.57518386 3.5084549e-06 -27.285082
v -2.38304521 5.04708921 -22.4512779
v 3.05110072 3.5084549e-06 -26.6284316
v -1.8301096 4.97181095 -22.0070965
v 3.05110072 4.9718119 -26.6284316
v -1.83011247 3.50845489e-06 -22.0070985
v -1.83011247 3.50845489e-06 -22.0070985
v -5.34890939 4.9718119 -16.2798791
v -1.8301096 4.97181095 -22.0070965
v -5.34890939 3.50845489e-06 -16.279881
v -5.34890939 3.50845489e-06 -16.279881
v -7.2654934 4.97180999 -9.83707983
v -5.34890939 4.9718119 -16.2798791
v -7.26549531 3.50845489e-06 -9.83707983
vt 1.17843783 1.3399694
vt 2.35068941 0.338385433
vt 1.17843378 0.33498773
vt 2.35069346 1.33996379
vt 4.27299976 -0.000283968227
vt 4.96646881 0.769118309
vt 4.96646595 -0.000287091796
vt 4.27300358 0.769121528
vt 3.57850051 -0.000282407884
vt 4.27300358 0.769121528
vt 4.27299976 -0.000283968227
vt 3.57850361 0.769123018
vt 4.96646881 0.769118309
vt 4.96646595 -0.000287091796
vt 1.17843378 0.338390708
vt 0.00443545589 1.3399719
vt 1.17843783 1.3399694
vt 0.00443147309 0.33839345
vt 2.35068941 0.338385433
vt 2.35069346 1.33996379
vt 4.27300358 0.769121528
vt 4.96647549 2.64843035
vt 4.96646881 0.769118309
vt 4.2730093 2.64843369
vt 3.57850361 0.769123018
vt 4.2730093 2.64843369
vt 4.27300358 0.769121528
vt 3.57851052 2.64843512
vt 4.96647549 2.64843035
vt 4.96646881 0.769118309
vt 6.665833 1.17068982
vt 5.3240819 2.64832497
vt 6.665833 2.64832497
vt 5.3240819 1.17068982
vt 6.665833 -0.000594905054
vt 5.3240819 -0.00091022969
vt 9.35511017 1.17068982
vt 10.6542149 2.64832497
vt 9.35511017 2.64832497
vt 10.6542149 1.17068982
vt 9.35511017 -0.00091022969
vt 10.6542149 -0.000911776733
vt 10.6542149 1.17068982
vt 9.35511017 2.64832497
vt 10.6542149 2.64832497
vt 9.35511017 1.17068982
vt 10.6542149 -0.000911776733
vt 9.35511017 -0.000911776733
vt 5.33517122 1.66329682
vt 5.00049829 1.99968445
vt 5.33517122 1.99968445
vt 5.00049829 1.66329682
vt 5.33517122 1.66329682
vt 5.00049829 1.99968445
vt 5.33517122 1.99968445
vt 5.00049829 1.66329682
vt 5.00049829 1.99968445
vt 5.33517122 1.66329682
vt 5.00049829 1.66329682
vt 5.33517122 1.99968445
vt 5.00049829 1.66326201
vt 4.80837154 1.99968362
vt 5.00049829 1.99968362
vt 4.80837154 1.66326201
vt 4.80837154 1.66326201
vt 5.00049829 1.99968362
vt 4.80837154 1.99968362
vt 5.00049829 1.66326201
vt 5.00049829 1.66326201
vt 4.80837154 1.99968362
vt 5.00049829 1.99968362
vt 4.80837154 1.66326201
vn -0.687374206 0.0200736246 -0.726025998
vn -0.687374206 0.0200736246 -0.726025998
vn -0.687374078 0.0200733778 -0.726026126
vn -0.687374335 0.0200738723 -0.72602587
vn -0.660808603 0.275998581 -0.697966169
vn -0.660808603 0.275998581 -0.697966169
vn -0.660808503 0.275998684 -0.697966223
vn -0.660808712 0.27599847 -0.697966111
vn -0.818923348 0.276056104 -0.503147669
vn -0.858114392 0.277997617 -0.431690879
vn -0.892633608 0.278062334 -0.35480499
vn -0.818923278 0.276056192 -0.503147735
vn -0.9212314 0.276103043 -0.274043458
vn -0.921231458 0.276102943 -0.274043364
vn -0.89418847 0.0199880657 -0.447244292
vn -0.851863872 0.0198871693 -0.523385559
vn -0.929930688 0.0199364092 -0.367194029
vn -0.851864026 0.0198875884 -0.523385293
vn -0.958302999 0.019734271 -0.285071781
vn -0.958303023 0.0197343939 -0.285071694
vn -0.687513009 -3.18486232e-07 -0.726172062
vn -0.687513009 -3.18486232e-07 -0.726172062
vn -0.687513042 -3.36649949e-07 -0.72617203
vn -0.687512975 -3.00322524e-07 -0.726172093
vn -0.852032225 -2.65230894e-07 -0.523489338
vn -0.894315736 -2.54841454e-07 -0.447436437
vn -0.930073322 -2.21484394e-07 -0.367373946
vn -0.852032307 -3.27561823e-07 -0.523489205
vn -0.95848962 -2.28251355e-07 -0.285127426
vn -0.95848962 -2.28251369e-07 -0.285127426
vn 0.67465867 -0.19246305 0.712596417
vn 0.662566707 -0.26692908 0.699824425
vn 0.662566863 -0.266928914 0.69982434
vn 0.683623165 -0.106211713 0.722065399
vn 0.687511981 -3.37106051e-07 0.726173035
vn 0.6875118 -6.74211999e-07 0.726173206
vn 0.836103034 -0.192463334 0.513701842
vn 0.821117447 -0.266929199 0.504494738
vn 0.821117377 -0.266929289 0.504494804
vn 0.847213096 -0.106211762 0.520527647
vn 0.852032635 -4.45978186e-07 0.523488671
vn 0.85203273 -2.00827349e-07 0.523488517
vn 0.940569701 -0.192463311 0.279797269
vn 0.923711736 -0.266929423 0.274782299
vn 0.923711927 -0.266929082 0.274781988
vn 0.953067694 -0.106211824 0.283515465
vn 0.958489345 -2.38546286e-07 0.28512835
vn 0.958489318 -3.67707984e-07 0.285128442
vn -0.851864193 0.0198871689 -0.523385037
vn -0.851864193 0.0198871689 -0.523385037
vn -0.85186404 0.0198867499 -0.523385302
vn -0.851864346 0.0198875863 -0.523384773
vn -0.958302942 0.019734298 -0.285071971
vn -0.958302942 0.019734298 -0.285071971
vn -0.95830297 0.0197344474 -0.285071866
vn -0.958302914 0.0197341492 -0.285072076
vn -0.687373836 0.0200734156 -0.726026354
vn -0.687373836 0.0200734156 -0.726026354
vn -0.687373602 0.0200729614 -0.726026589
vn -0.687374072 0.0200738716 -0.726026119
vn 0.687511619 -3.37105948e-07 0.726173378
vn 0.687511619 -3.37105948e-07 0.726173378
vn 0.6875118 0 0.726173206
vn 0.687511438 -6.74211922e-07 0.726173549
vn 0.852032825 -4.45978079e-07 0.523488362
vn 0.852032825 -4.45978079e-07 0.523488362
vn 0.85203273 -6.91128959e-07 0.523488517
vn 0.85203292 -2.00827192e-07 0.523488208
vn 0.95848929 -2.38546311e-07 0.285128533
vn 0.95848929 -2.38546311e-07 0.285128533
vn 0.958489318 -1.09384592e-07 0.285128442
vn 0.958489263 -3.67708034e-07 0.285128625

g collision_PZ_sc02_063_submesh_0
usemtl collision_2
f 77/77/77 79/79/79 78/78/78
f 77/77/77 78/78/78 80/80/80
f 81/81/81 83/83/83 82/82/82
f 81/81/81 82/82/82 84/84/84
f 85/85/85 87/87/87 86/86/86
f 85/85/85 86/86/86 88/88/88
f 87/87/87 89/89/89 86/86/86
f 87/87/87 90/90/90 89/89/89
f 91/91/91 93/93/93 92/92/92
f 91/91/91 92/92/92 94/94/94
f 95/95/95 93/93/93 91/91/91
f 95/95/95 96/96/96 93/93/93
f 97/97/97 99/99/99 98/98/98
f 97/97/97 98/98/98 100/100/100
f 101/101/101 103/103/103 102/102/102
f 101/101/101 102/102/102 104/104/104
f 103/103/103 105/105/105 102/102/102
f 103/103/103 106/106/106 105/105/105
f 107/107/107 109/109/109 108/108/108
f 107/107/107 108/108/108 110/110/110
f 111/111/111 107/107/107 110/110/110
f 111/111/111 110/110/110 112/112/112
f 113/113/113 115/115/115 114/114/114
f 113/113/113 114/114/114 116/116/116
f 117/117/117 113/113/113 116/116/116
f 117/117/117 116/116/116 118/118/118
f 119/119/119 121/121/121 120/120/120
f 119/119/119 120/120/120 122/122/122
f 123/123/123 119/119/119 122/122/122
f 123/123/123 122/122/122 124/124/124

g collision_PZ_sc02_063_submesh_1
usemtl collision_2
f 125/125/125 127/127/127 126/126/126
f 125/125/125 126/126/126 128/128/128
f 129/129/129 131/131/131 130/130/130
f 129/129/129 130/130/130 132/132/132
f 133/133/133 135/135/135 134/134/134
f 133/133/133 134/134/134 136/136/136
f 137/137/137 139/139/139 138/138/138
f 137/137/137 138/138/138 140/140/140
f 141/141/141 143/143/143 142/142/142
f 141/141/141 142/142/142 144/144/144
f 145/145/145 147/147/147 146/146/146
f 145/145/145 146/146/146 148/148/148

o collision_PZ_sc02_062
v -6.6450958 7.32315139e-06 3.7099225
v -8.15652749 5.04708921 -3.04312314
v -6.55203435 5.04709494 3.67435761
v -8.25588224 3.50845489e-06 -3.03390588
v -8.25588224 3.50845489e-06 -3.03390588
v -7.96770665 5.04708445 -9.94700951
v -8.15652749 5.04708921 -3.04312314
v -8.06632802 -2.21358986e-06 -9.96487278
v -6.55203435 5.04709494 3.67435761
v -3.3437824 1.60110664e-06 9.80707494
v -6.6450958 7.32315139e-06 3.7099225
v -3.26361653 5.04708731 9.74768679
v -4.9946861 -0.00396377591 8.52236145
v -4.77495954 0.996036978 8.90293656
v -4.77495954 -0.00396377591 8.90293656
v -4.9946861 0.996036978 8.52236145
v -4.77495954 -0.00396377591 8.90293656
v -4.33551023 0.996036978 8.90293656
v -4.33551023 -0.00396377591 8.90293656
v -4.77495954 0.996036978 8.90293656
v -4.33551023 -0.00396377591 8.90293656
v -4.11578748 0.996036978 8.52236145
v -4.11578748 -0.00396377591 8.52236145
v -4.33551023 0.996036978 8.90293656
v -4.11578748 -0.00396377591 8.52236145
v -4.33551404 0.996036978 8.14178635
v -4.33551404 -0.00396377591 8.14178635
v -4.11578748 0.996036978 8.52236145
v -4.33551404 -0.00396377591 8.14178635
v -4.77496335 0.996036978 8.1417873
v -4.77496335 -0.00396377591 8.1417873
v -4.33551404 0.996036978 8.14178635
v -4.9946861 -0.00396377591 8.52236145
v -4.77496335 -0.00396377591 8.1417873
v -4.77496335 0.996036978 8.1417873
v -4.9946861 0.996036978 8.52236145
v -4.55523679 1.13252873 8.52236145
v -4.77495954 0.996036978 8.90293656
v -4.9946861 0.996036978 8.52236145
v -4.33551023 0.996036978 8.90293656
v -4.11578748 0.996036978 8.52236145
v -4.33551404 0.996036978 8.14178635
v -4.77496335 0.996036978 8.1417873
v -4.9946861 0.996036978 8.52236145
v -7.44925496 3.50845489e-06 -3.11773956
v -5.61439225 4.97181095 3.31595066
v -7.15795753 4.97181095 -3.14122378
v -5.88766095 3.50845489e-06 3.42018199
v -5.88766095 3.50845489e-06 3.42018199
v -2.68713758 4.97180999 9.33115818
v -5.61439225 4.97181095 3.31595066
v -2.68713758 3.50845489e-06 9.33115818
v -7.44925496 3.50845489e-06 -3.11773956
v -7.26549337 4.97180999 -9.83707568
v -7.26549527 3.5084549e-06 -9.83707568
v -7.15795753 4.97181095 -3.14122378
v -6.4589729 10.0941826 3.63879271
v -3.26361653 5.04708731 9.74768679
v -6.55203435 5.04709494 3.67435761
v -3.18345067 10.0941749 9.68829865
v 1.4846535 5.04708921 14.762956
v 1.54619983 10.0941749 14.6838945
v -8.05717275 10.0941749 -3.0523404
v -4.68905446 16.6330358 2.96172319
v -6.4589729 10.0941826 3.63879271
v -6.17243764 16.6330282 -3.24872193
v -7.86908528 10.0941711 -9.92914719
v -5.99786183 16.6330263 -9.63150359
v -6.4589729 10.0941826 3.63879271
v -1.64883802 16.6330282 8.576636
v -3.18345067 10.0941749 9.68829865
v -4.68905446 16.6330358 2.96172319
v -3.18345067 10.0941749 9.68829865
v 2.74103549 16.6330282 13.21335
v 1.54619983 10.0941749 14.6838945
v -1.64883802 16.6330282 8.576636
v -6.55203435 5.04709494 3.67435761
v -8.05717275 10.0941749 -3.0523404
v -6.4589729 10.0941826 3.63879271
v -8.15652749 5.04708921 -3.04312314
v -7.86908528 10.0941711 -9.92914719
v -7.96770665 5.04708445 -9.94700951
v -6.17243764 16.6330282 -3.24872193
v -4.68906209 32.6519898 2.96172319
v -4.68905446 16.6330358 2.96172319
v -6.17244145 32.6519821 -3.24872145
v -5.99786183 16.6330263 -9.63150359
v -5.99786565 32.6519783 -9.63150359
v -4.68905446 16.6330358 2.96172319
v -1.64884183 32.6519821 8.57663982
v -1.64883802 16.6330282 8.576636
v -4.68906209 32.6519898 2.96172319
v 2.74103549 32.6519821 13.21335
v 2.74103549 16.6330282 13.21335
v -6.86666009 9.94361839 -3.16470801
v -4.25897405 16.1854709 2.79715336
v -5.71481702 16.185467 -3.29800113
v -5.34112355 9.94361839 3.21171908
v -2.68713758 9.94361743 9.33115818
v -1.27520177 16.1854651 8.30782769
v -2.68713758 4.97180999 9.33115818
v 1.93420604 4.9718119 14.2123637
v 1.93420794 9.94361839 14.2123618
v -5.61439225 4.97181095 3.31595066
v -7.15795753 4.97181095 -3.14122378
v -2.68713758 9.94361743 9.33115818
v 3.03317359 16.185467 12.858465
v -1.27520177 16.1854651 8.30782769
v 1.93420794 9.94361839 14.2123618
v -6.86666009 9.94361839 -3.16470801
v -5.54349515 16.1854632 -9.56228974
v -7.26549146 9.94361743 -9.83707568
v -5.71481702 16.185467 -3.29800113
v -7.26549337 4.97180999 -9.83707568
v -7.15795753 4.97181095 -3.14122378
vt 5.33517122 1.66329682
vt 5.00049829 1.99968445
vt 5.33517122 1.99968445
vt 5.00049829 1.66329682
vt 5.33517122 1.66329682
vt 5.00049829 1.99968445
vt 5.33517122 1.99968445
vt 5.00049829 1.66329682
vt 5.00049829 1.99968445
vt 5.33517122 1.66329682
vt 5.00049829 1.66329682
vt 5.33517122 1.99968445
vt 0.194778919 1.19461036
vt 0.227676332 1.28130376
vt 0.227676332 1.19461036
vt 0.194778919 1.28130376
vt 0.227676332 1.19461036
vt 0.260147393 1.28130376
vt 0.260147393 1.19461036
vt 0.227676332 1.28130376
vt 0.260060877 1.19461036
vt 0.227618635 1.28130376
vt 0.227618635 1.19461036
vt 0.260060877 1.28130376
vt 0.227618635 1.19461036
vt 0.194750056 1.28130376
vt 0.194750056 1.19461036
vt 0.227618635 1.28130376
vt 0.194750056 1.19461036
vt 0.163528457 1.28130376
vt 0.163528457 1.19461036
vt 0.194750056 1.28130376
vt 0.194778919 1.19461036
vt 0.163528457 1.19461036
vt 0.163528457 1.28130376
vt 0.194778919 1.28130376
vt 0.0468931869 1.11266577
vt 0.00670671649 1.1358676
vt 0.0468931794 1.15906918
vt 0.00670671649 1.08946407
vt 0.0468931943 1.06626248
vt 0.087079674 1.08946407
vt 0.087079674 1.1358676
vt 0.0468931794 1.15906918
vt 5.00049829 1.66326201
vt 4.80837154 1.99968362
vt 5.00049829 1.99968362
vt 4.80837154 1.66326201
vt 5.00049829 1.66326201
vt 4.80837154 1.99968362
vt 5.00049829 1.99968362
vt 4.80837154 1.66326201
vt 5.00049829 1.66326201
vt 4.80837154 1.99968362
vt 4.80837154 1.66326201
vt 5.00049829 1.99968362
vt 0.00443545589 1.3399719
vt 1.17843378 0.33498773
vt 0.00443147309 0.33839345
vt 1.17843783 1.3399694
vt 2.35068941 0.334982455
vt 2.35069346 1.33996379
vt 4.27299976 -0.000283968227
vt 4.96646881 0.769118309
vt 4.96646595 -0.000287091796
vt 4.27300358 0.769121528
vt 3.57850051 -0.000282407884
vt 3.57850361 0.769123018
vt 3.57850051 -0.000282407884
vt 4.27300358 0.769121528
vt 4.27299976 -0.000283968227
vt 3.57850361 0.769123018
vt 4.27299976 -0.000283968227
vt 4.96646881 0.769118309
vt 4.96646595 -0.000287091796
vt 4.27300358 0.769121528
vt 2.35068941 0.338385433
vt 1.17843783 1.3399694
vt 2.35069346 1.33996379
vt 1.17843378 0.338390708
vt 0.00443545589 1.3399719
vt 0.00443147309 0.33839345
vt 4.27300358 0.769121528
vt 4.96647549 2.64843035
vt 4.96646881 0.769118309
vt 4.2730093 2.64843369
vt 3.57850361 0.769123018
vt 3.57851052 2.64843512
vt 3.57850361 0.769123018
vt 4.2730093 2.64843369
vt 4.27300358 0.769121528
vt 3.57851052 2.64843512
vt 4.96647549 2.64843035
vt 4.96646881 0.769118309
vt 10.6542149 1.17068982
vt 9.35511017 2.64832497
vt 10.6542149 2.64832497
vt 9.35511017 1.17068982
vt 7.99935102 1.17068982
vt 7.99935102 2.64832497
vt 7.99935102 -0.000591719931
vt 6.665833 -0.000588625844
vt 6.665833 1.17068982
vt 9.35511017 -0.000911776733
vt 10.6542149 -0.000911776733
vt 7.99935102 1.17068982
vt 6.665833 2.64832497
vt 7.99935102 2.64832497
vt 6.665833 1.17068982
vt 10.6542149 1.17068982
vt 9.35511017 2.64832497
vt 9.35511017 1.17068982
vt 10.6542149 2.64832497
vt 9.35511017 -0.000911776733
vt 10.6542149 -0.000911776733
vn -0.972453586 0.0195674803 0.232273841
vn -0.972453586 0.0195674803 0.232273841
vn -0.972453588 0.0195674693 0.232273833
vn -0.972453584 0.0195674912 0.232273848
vn -0.999433693 0.0196252173 -0.0273339352
vn -0.999433693 0.0196252173 -0.0273339352
vn -0.999433693 0.0196244993 -0.0273344594
vn -0.999433693 0.0196259326 -0.027333413
vn -0.879202671 0.0195661325 0.476046037
vn -0.879202671 0.0195661325 0.476046037
vn -0.879202786 0.019565819 0.476045839
vn -0.879202556 0.0195664473 0.476046236
vn -0.866024001 0 0.50000243
vn -0.866024001 0 0.50000243
vn -0.866024001 0 0.50000243
vn -0.866024001 0 0.50000243
vn 0 0 1
vn 0 0 1
vn 0 0 1
vn 0 0 1
vn 0.86602776 0 0.499995919
vn 0.86602776 0 0.499995919
vn 0.86602776 0 0.499995919
vn 0.86602776 0 0.499995919
vn 0.866024001 0 -0.50000243
vn 0.866024001 0 -0.50000243
vn 0.866024001 0 -0.50000243
vn 0.866024001 0 -0.50000243
vn -2.17015729e-06 0 -1
vn -2.17015729e-06 0 -1
vn -2.17015729e-06 0 -1
vn -2.17015729e-06 0 -1
vn -0.866027217 0 -0.499996859
vn -0.866027217 0 -0.499996859
vn -0.866027217 0 -0.499996859
vn -0.866027217 0 -0.499996859
vn 0 1 -6.91496692e-18
vn -0.14830954 0.954995827 0.256879836
vn -0.292362864 0.941292501 0.168796872
vn 0.148309596 0.954996192 0.256878448
vn 0.296619093 0.954995871 -1.4865818e-06
vn 0.148309261 0.954995827 -0.256879997
vn -0.148309851 0.954996034 -0.256878888
vn -0.292362988 0.941292899 -0.168794436
vn 0.970975416 -0.0581088002 -0.232013163
vn 0.970975416 -0.0581088002 -0.232013163
vn 0.970960915 -0.0579847935 -0.232104857
vn 0.970989716 -0.0582312776 -0.231922594
vn 0.889080419 -0.0292220247 -0.456817339
vn 0.889080419 -0.0292220247 -0.456817339
vn 0.897640257 -0.0584954948 -0.436829767
vn 0.879370169 2.12612359e-16 -0.476138746
vn 0.999555446 -0.0292686815 0.00567938313
vn 0.999555446 -0.0292686815 0.00567938313
vn 0.999626256 -3.83489538e-07 0.0273376725
vn 0.998155322 -0.0585574867 -0.0160304343
vn -0.879202453 0.0195661289 0.476046439
vn -0.834423114 0.0197342441 0.550770939
vn -0.879202567 0.0195658178 0.476046242
vn -0.782967117 0.0197526531 0.621749408
vn -0.726032217 0.0196207477 0.687380714
vn -0.726031974 0.0196212172 0.687380958
vn -0.950428376 0.278123746 0.139043457
vn -0.934817278 0.27615398 0.223283756
vn -0.934817284 0.27615379 0.223283965
vn -0.958973775 0.278068893 0.055199553
vn -0.960759135 0.276136484 -0.0262778615
vn -0.960759136 0.276136481 -0.0262778575
vn -0.845174455 0.276154696 0.457622906
vn -0.845174455 0.276154696 0.457622906
vn -0.845174548 0.276155058 0.457622517
vn -0.845174355 0.276154305 0.457623326
vn -0.697936704 0.27613836 0.660781328
vn -0.697936704 0.27613836 0.660781328
vn -0.69793669 0.276138333 0.660781354
vn -0.697936719 0.276138388 0.6607813
vn -0.97245359 0.0195674803 0.232273825
vn -0.988944549 0.019736325 0.146966515
vn -0.972453592 0.0195674693 0.232273817
vn -0.99801673 0.0197561597 0.0597687296
vn -0.999433664 0.0196252151 -0.0273349831
vn -0.999433665 0.0196259306 -0.0273344587
vn -0.989154161 -3.15401389e-07 0.146881057
vn -0.972639971 -3.50889291e-07 0.232317643
vn -0.972639905 -4.63242082e-07 0.232317917
vn -0.998218446 -2.39761655e-07 0.059665189
vn -0.99962617 -2.37640541e-07 -0.0273408283
vn -0.99962617 -2.38047483e-07 -0.0273408273
vn -0.879370253 -3.70808174e-07 0.476138591
vn -0.834648151 -3.62175021e-07 0.5507835
vn -0.78319087 -2.21498987e-07 0.621781361
vn -0.879370196 -4.18820242e-07 0.476138697
vn -0.726171524 -1.68324979e-07 0.687513576
vn -0.726171814 -1.38936107e-16 0.68751327
vn 0.962140077 -0.146151728 -0.230056828
vn 0.921787423 -0.204063325 -0.329645425
vn 0.956505484 -0.181388064 -0.228463626
vn 0.94169441 -0.0979392521 -0.321899892
vn 0.844413387 -0.103390747 -0.525620001
vn 0.847463486 -0.266929232 -0.458862098
vn 0.857479578 -0.0197533586 -0.514138677
vn 0.726172096 -2.71168012e-07 -0.687512972
vn 0.726171958 -5.42336079e-07 -0.687513118
vn 0.939725364 -0.0587126743 -0.336851692
vn 0.970932116 -0.0581086742 -0.232194331
vn 0.699823773 -0.266929099 -0.662567387
vn 0.699823773 -0.266929099 -0.662567387
vn 0.699823842 -0.266929233 -0.662567261
vn 0.699823709 -0.266928974 -0.662567505
vn 0.990071772 -0.138045547 -0.0264823285
vn 0.974410358 -0.224122291 -0.0171363093
vn 0.986908323 -0.150106698 -0.0589910317
vn 0.983142957 -0.180850654 0.0268880617
vn 0.998852863 -0.029350866 -0.0378349769
vn 0.998155322 -0.0585574867 -0.0160304343

g collision_PZ_sc02_062_submesh_0
usemtl collision_3
f 149/149/149 151/151/151 150/150/150
f 149/149/149 150/150/150 152/152/152
f 153/153/153 155/155/155 154/154/154
f 153/153/153 154/154/154 156/156/156
f 157/157/157 159/159/159 158/158/158
f 157/157/157 158/158/158 160/160/160
f 161/161/161 163/163/163 162/162/162
f 161/161/161 162/162/162 164/164/164
f 165/165/165 167/167/167 166/166/166
f 165/165/165 166/166/166 168/168/168
f 169/169/169 171/171/171 170/170/170
f 169/169/169 170/170/170 172/172/172
f 173/173/173 175/175/175 174/174/174
f 173/173/173 174/174/174 176/176/176
f 177/177/177 179/179/179 178/178/178
f 177/177/177 178/178/178 180/180/180
f 181/181/181 183/183/183 182/182/182
f 183/183/183 181/181/181 184/184/184
f 185/185/185 187/187/187 186/186/186
f 186/186/186 188/188/188 185/185/185
f 188/188/188 189/189/189 185/185/185
f 189/189/189 190/190/190 185/185/185
f 185/185/185 190/190/190 191/191/191
f 185/185/185 191/191/191 192/192/192
f 193/193/193 195/195/195 194/194/194
f 193/193/193 194/194/194 196/196/196
f 197/197/197 199/199/199 198/198/198
f 197/197/197 198/198/198 200/200/200
f 201/201/201 203/203/203 202/202/202
f 201/201/201 202/202/202 204/204/204

g collision_PZ_sc02_062_submesh_1
usemtl collision_3
f 205/205/205 207/207/207 206/206/206
f 205/205/205 206/206/206 208/208/208
f 208/208/208 206/206/206 209/209/209
f 208/208/208 209/209/209 210/210/210
f 211/211/211 213/213/213 212/212/212
f 211/211/211 212/212/212 214/214/214
f 215/215/215 211/211/211 214/214/214
f 215/215/215 214/214/214 216/216/216
f 217/217/217 219/219/219 218/218/218
f 217/217/217 218/218/218 220/220/220
f 221/221/221 223/223/223 222/222/222
f 221/221/221 222/222/222 224/224/224
f 225/225/225 227/227/227 226/226/226
f 225/225/225 226/226/226 228/228/228
f 228/228/228 226/226/226 229/229/229
f 228/228/228 229/229/229 230/230/230
f 231/231/231 233/233/233 232/232/232
f 231/231/231 232/232/232 234/234/234
f 235/235/235 231/231/231 234/234/234
f 235/235/235 234/234/234 236/236/236
f 237/237/237 239/239/239 238/238/238
f 237/237/237 238/238/238 240/240/240
f 239/239/239 241/241/241 238/238/238
f 239/239/239 242/242/242 241/241/241
f 243/243/243 245/245/245 244/244/244
f 243/243/243 244/244/244 246/246/246
f 244/244/244 247/247/247 246/246/246
f 244/244/244 248/248/248 247/247/247
f 246/246/246 247/247/247 249/249/249
f 247/247/247 250/250/250 249/249/249
f 247/247/247 251/251/251 250/250/250
f 246/246/246 249/249/249 252/252/252
f 253/253/253 243/243/243 246/246/246
f 253/253/253 246/246/246 252/252/252
f 254/254/254 256/256/256 255/255/255
f 254/254/254 255/255/255 257/257/257
f 258/258/258 260/260/260 259/259/259
f 258/258/258 259/259/259 261/261/261
f 262/262/262 260/260/260 258/258/258
f 262/262/262 258/258/258 263/263/263

o collision_PZ_sc02_061
v 1.5461996 10.0941751 14.6838978
v 7.36917381 5.04708939 18.3784123
v 1.48465328 5.04708939 14.7629593
v 7.40763454 10.0941751 18.2851735
v 13.9889286 5.04708939 20.3476139
v 14.0014227 10.0941751 20.2466446
v 1.5461996 10.0941751 14.6838978
v 8.18138866 16.6330284 16.5559162
v 7.40763454 10.0941751 18.2851735
v 2.74103527 16.6330284 13.2133533
v 14.301482 16.6330284 18.3764763
v 14.0014227 10.0941751 20.2466446
v 14.0014227 10.0941751 20.2466446
v 20.6842401 16.6330284 18.5510349
v 20.8782061 10.0941751 20.4347149
v 14.301482 16.6330284 18.3764763
v 20.8927916 5.04708939 20.5364223
v 14.0014227 10.0941751 20.2466446
v 20.8782061 10.0941751 20.4347149
v 13.9889286 5.04708939 20.3476139
v 2.74103527 16.6330284 13.2133533
v 8.18138961 32.6519823 16.5559162
v 8.18138866 16.6330284 16.5559162
v 2.74103527 32.6519823 13.2133533
v 14.3014811 32.6519823 18.3764763
v 14.301482 16.6330284 18.3764763
v 14.301482 16.6330284 18.3764763
v 20.6842401 32.6519823 18.5510368
v 20.6842401 16.6330284 18.5510349
v 14.3014811 32.6519823 18.3764763
v 1.93420772 9.94361856 14.2123651
v 8.3725336 16.1854672 16.138968
v 3.03317337 16.1854672 12.8584682
v 7.66142635 9.94361856 17.7311651
v 1.93420581 4.97181207 14.212367
v 7.66142635 4.97181112 17.7311651
v 7.66142635 9.94361856 17.7311651
v 14.3790148 16.1854672 17.9257489
v 8.3725336 16.1854672 16.138968
v 14.1042288 9.94361856 19.647743
v 7.66142635 4.97181112 17.7311651
v 14.1042288 4.97181112 19.6477449
v 14.1042288 9.94361856 19.647743
v 20.6432836 16.1854672 18.0970631
v 14.3790148 16.1854672 17.9257489
v 20.8235453 9.94361856 19.8315027
v 14.1042288 4.97181112 19.6477449
v 20.8235453 4.97181112 19.8315027
v 13.9764345 3.68097e-06 20.4485851
v 7.36917381 5.04708939 18.3784123
v 13.9889286 5.04708939 20.3476139
v 7.33071308 3.68097e-06 18.4716492
v 20.907379 3.68097e-06 20.6381298
v 13.9889286 5.04708939 20.3476139
v 20.8927916 5.04708939 20.5364223
v 13.9764345 3.68097e-06 20.4485851
v 1.48465328 5.04708939 14.7629593
v 7.33071308 3.68097e-06 18.4716492
v 1.42310504 3.68097e-06 14.8420227
v 7.36917381 5.04708939 18.3784123
v 1.93420391 3.68097e-06 14.2123689
v 7.66142635 4.97181112 17.7311651
v 1.93420581 4.97181207 14.212367
v 7.66142635 3.68097e-06 17.7311651
v 7.66142635 3.68097e-06 17.7311651
v 14.1042288 4.97181112 19.6477449
v 7.66142635 4.97181112 17.7311651
v 14.1042278 3.68097e-06 19.6477468
v 14.1042278 3.68097e-06 19.6477468
v 20.8235453 4.97181112 19.8315027
v 14.1042288 4.97181112 19.6477449
v 20.8235453 3.68097e-06 19.8315027
vt 0.00443545589 1.3399719
vt 1.17843378 0.338390708
vt 0.00443147309 0.334990501
vt 1.17843783 1.3399694
vt 2.35068941 0.338385433
vt 2.35069346 1.33996379
vt 3.57850051 -0.000282407884
vt 4.27300358 0.769121528
vt 4.27299976 -0.000283968227
vt 3.57850361 0.769123018
vt 4.96646881 0.769118309
vt 4.96646595 -0.000287091796
vt 3.57850051 -0.000282407884
vt 4.27300358 0.769121528
vt 4.27299976 -0.000283968227
vt 3.57850361 0.769123018
vt 1.17843378 0.338390708
vt 0.00443545589 1.3399719
vt 1.17843783 1.3399694
vt 0.00443147309 0.33839345
vt 3.57850361 0.769123018
vt 4.2730093 2.64843369
vt 4.27300358 0.769121528
vt 3.57851052 2.64843512
vt 4.96647549 2.64843035
vt 4.96646881 0.769118309
vt 3.57850361 0.769123018
vt 4.2730093 2.64843369
vt 4.27300358 0.769121528
vt 3.57851052 2.64843512
vt 6.665833 1.17068982
vt 5.31975698 2.64832497
vt 6.665833 2.64832497
vt 5.31975698 1.17068982
vt 6.665833 -0.000588625844
vt 5.31975698 -0.000908682647
vt 9.35511017 1.17068982
vt 10.6542149 2.64832497
vt 9.35511017 2.64832497
vt 10.6542149 1.17068982
vt 9.35511017 -0.000908682647
vt 10.6542149 -0.000908682647
vt 10.6542149 1.17068982
vt 9.35511017 2.64832497
vt 10.6542149 2.64832497
vt 9.35511017 1.17068982
vt 10.6542149 -0.000908682647
vt 9.35511017 -0.000908682647
vt 5.33517122 1.66329682
vt 5.00049829 1.99968445
vt 5.33517122 1.99968445
vt 5.00049829 1.66329682
vt 5.33517122 1.66329682
vt 5.00049829 1.99968445
vt 5.33517122 1.99968445
vt 5.00049829 1.66329682
vt 5.00049829 1.99968445
vt 5.33517122 1.66329682
vt 5.00049829 1.66329682
vt 5.33517122 1.99968445
vt 5.00049829 1.66326201
vt 4.80837154 1.99968362
vt 5.00049829 1.99968362
vt 4.80837154 1.66326201
vt 4.80837154 1.66326201
vt 5.00049829 1.99968362
vt 4.80837154 1.99968362
vt 5.00049829 1.66326201
vt 5.00049829 1.66326201
vt 4.80837154 1.99968362
vt 5.00049829 1.99968362
vt 4.80837154 1.66326201
vn -0.523387659 0.0197261646 0.851866326
vn -0.447244566 0.0199276177 0.894189682
vn -0.523387312 0.0197267117 0.851866526
vn -0.367192458 0.0199778784 0.929930418
vn -0.285068707 0.0198763657 0.958300977
vn -0.285068296 0.0198769465 0.958301087
vn -0.503140403 0.276105762 0.818911071
vn -0.431687861 0.278017045 0.858109616
vn -0.354805 0.278050479 0.892637297
vn -0.503140427 0.276105794 0.818911046
vn -0.274044865 0.276059304 0.92124409
vn -0.274044857 0.276059295 0.921244095
vn -0.0262763983 0.27600227 0.96079774
vn -0.0262763983 0.27600227 0.96079774
vn -0.0262764533 0.276002322 0.960797724
vn -0.0262763389 0.276002213 0.960797758
vn -0.0273326791 0.0200613835 0.999425068
vn -0.0273326791 0.0200613835 0.999425068
vn -0.0273328563 0.0200611414 0.999425068
vn -0.0273325025 0.0200616246 0.999425067
vn -0.523489887 1.55827545e-08 0.852031888
vn -0.447436053 1.61696282e-08 0.894315928
vn -0.367372395 1.04680916e-08 0.930073934
vn -0.523489853 -1.88965236e-16 0.852031909
vn -0.285124688 -2.1466858e-16 0.958490434
vn -0.285124647 -1.6974645e-08 0.958490446
vn -0.0273383853 -6.03256394e-08 0.999626236
vn -0.0273383853 -6.03256394e-08 0.999626236
vn -0.0273382381 -1.19023712e-07 0.999626241
vn -0.0273385325 -1.62757568e-09 0.999626232
vn 0.513701418 -0.192463182 -0.836103329
vn 0.504494292 -0.266929054 -0.821117768
vn 0.504494278 -0.266929035 -0.821117783
vn 0.52052728 -0.1062116 -0.847213342
vn 0.523488301 -2.63847541e-07 -0.852032862
vn 0.523488135 6.37836914e-16 -0.852032964
vn 0.279796697 -0.192463133 -0.940569907
vn 0.274781819 -0.266929212 -0.92371194
vn 0.274781689 -0.266929069 -0.92371202
vn 0.283514746 -0.106211662 -0.953067926
vn 0.285127607 -1.83854002e-07 -0.958489566
vn 0.285127738 -3.6770799e-07 -0.958489527
vn 0.0268266007 -0.19246339 -0.980937397
vn 0.0263457655 -0.266929412 -0.9633559
vn 0.0263457008 -0.266929349 -0.963355919
vn 0.0271830253 -0.106211723 -0.993971908
vn 0.0273376051 -1.91744694e-07 -0.999626258
vn 0.0273374633 7.17566642e-16 -0.999626262
vn -0.28506977 0.019876365 0.958300661
vn -0.28506977 0.019876365 0.958300661
vn -0.285069107 0.0198773057 0.958300838
vn -0.285070431 0.0198754279 0.958300484
vn -0.0273321853 0.0200615674 0.999425077
vn -0.0273321853 0.0200615674 0.999425077
vn -0.0273325028 0.0200611323 0.999425077
vn -0.0273318691 0.0200620009 0.999425077
vn -0.523386715 0.019726264 0.851866903
vn -0.523386715 0.019726264 0.851866903
vn -0.523386106 0.0197272282 0.851867255
vn -0.523387327 0.019725296 0.85186655
vn 0.523487969 -2.63847466e-07 -0.852033067
vn 0.523487969 -2.63847466e-07 -0.852033067
vn 0.523488135 -5.27694906e-07 -0.852032964
vn 0.523487803 0 -0.852033169
vn 0.285127888 -2.11200092e-07 -0.958489482
vn 0.285127888 -2.11200092e-07 -0.958489482
vn 0.285127738 0 -0.958489527
vn 0.285128037 -4.22400196e-07 -0.958489438
vn 0.0273373196 -1.94366569e-07 -0.999626266
vn 0.0273373196 -1.94366569e-07 -0.999626266
vn 0.0273374633 -3.88733164e-07 -0.999626262
vn 0.0273371759 0 -0.99962627

g collision_PZ_sc02_061_submesh_0
usemtl collision_4
f 264/264/264 266/266/266 265/265/265
f 264/264/264 265/265/265 267/267/267
f 268/268/268 267/267/267 265/265/265
f 268/268/268 269/269/269 267/267/267
f 270/270/270 272/272/272 271/271/271
f 270/270/270 271/271/271 273/273/273
f 272/272/272 274/274/274 271/271/271
f 272/272/272 275/275/275 274/274/274
f 276/276/276 278/278/278 277/277/277
f 276/276/276 277/277/277 279/279/279
f 280/280/280 282/282/282 281/281/281
f 280/280/280 281/281/281 283/283/283
f 284/284/284 286/286/286 285/285/285
f 284/284/284 285/285/285 287/287/287
f 286/286/286 288/288/288 285/285/285
f 286/286/286 289/289/289 288/288/288
f 290/290/290 292/292/292 291/291/291
f 290/290/290 291/291/291 293/293/293
f 294/294/294 296/296/296 295/295/295
f 294/294/294 295/295/295 297/297/297
f 298/298/298 294/294/294 297/297/297
f 298/298/298 297/297/297 299/299/299
f 300/300/300 302/302/302 301/301/301
f 300/300/300 301/301/301 303/303/303
f 304/304/304 300/300/300 303/303/303
f 304/304/304 303/303/303 305/305/305
f 306/306/306 308/308/308 307/307/307
f 306/306/306 307/307/307 309/309/309
f 310/310/310 306/306/306 309/309/309
f 310/310/310 309/309/309 311/311/311

g collision_PZ_sc02_061_submesh_1
usemtl collision_4
f 312/312/312 314/314/314 313/313/313
f 312/312/312 313/313/313 315/315/315
f 316/316/316 318/318/318 317/317/317
f 316/316/316 317/317/317 319/319/319
f 320/320/320 322/322/322 321/321/321
f 320/320/320 321/321/321 323/323/323
f 324/324/324 326/326/326 325/325/325
f 324/324/324 325/325/325 327/327/327
f 328/328/328 330/330/330 329/329/329
f 328/328/328 329/329/329 331/331/331
f 332/332/332 334/334/334 333/333/333
f 332/332/332 333/333/333 335/335/335

o collision_PZ_sc02_060
v 27.6512159 2.77362174e-06 19.0273453
v 20.8927931 5.04708848 20.5364201
v 27.6102785 5.04708848 18.9319321
v 20.9073805 2.77362174e-06 20.6381276
v 33.7483648 2.77362175e-06 15.7260345
v 27.6102785 5.04708848 18.9319321
v 33.6836103 5.04708848 15.6435188
v 27.6512159 2.77362174e-06 19.0273453
v 38.7833113 2.77362175e-06 10.9591516
v 33.6836103 5.04708848 15.6435188
v 38.6988768 5.04708848 10.8952582
v 33.7483648 2.77362175e-06 15.7260345
v 42.4129309 8.66273496e-07 5.05154375
v 38.6988768 5.04708848 10.8952582
v 42.3143171 5.04708753 5.0107346
v 38.7833113 2.77362175e-06 10.9591516
v 42.3143171 5.04708753 5.0107346
v 44.3898748 6.58831825e-06 -1.3689252
v 42.4129309 8.66273496e-07 5.05154375
v 44.283544 5.0470942 -1.38376819
v 27.3614668 2.77362174e-06 18.2699068
v 33.272447 4.97181021 15.0693879
v 27.3614668 4.97181021 18.2699049
v 33.272447 2.77362175e-06 15.0693879
v 33.272447 2.77362175e-06 15.0693879
v 38.1536497 4.97181021 10.4480471
v 33.272447 4.97181021 15.0693879
v 38.1536535 2.77362175e-06 10.448049
v 38.1536535 2.77362175e-06 10.448049
v 41.6724523 4.97180926 4.72082959
v 38.1536497 4.97181021 10.4480471
v 41.6724523 2.77362175e-06 4.72082959
v 41.6724523 2.77362175e-06 4.72082959
v 43.5890364 4.97181117 -1.4967204
v 41.6724523 4.97180926 4.72082959
v 43.5890364 2.77362175e-06 -1.4967204
v 27.3614668 4.97181021 18.2699049
v 20.8235468 2.77362174e-06 19.8315005
v 27.3614668 2.77362174e-06 18.2699068
v 20.8235468 4.97181021 19.8315005
v 42.2156996 10.0941742 4.96992546
v 44.283544 5.0470942 -1.38376819
v 42.3143171 5.04708753 5.0107346
v 44.1772093 10.0941818 -1.62386137
v 38.6144422 10.0941742 10.8313649
v 38.6988768 5.04708848 10.8952582
v 20.8782076 10.0941742 20.4347127
v 26.8946871 16.6330275 17.0676518
v 27.5693411 10.0941742 18.836517
v 20.6842417 16.6330275 18.5510327
v 27.5693411 10.0941742 18.836517
v 32.5096105 16.6330275 14.0274493
v 33.6188597 10.0941742 15.5610031
v 26.8946871 16.6330275 17.0676518
v 37.1463179 16.6330275 9.63758524
v 38.6144422 10.0941742 10.8313649
v 38.6144422 10.0941742 10.8313649
v 40.4888624 16.6330275 4.19722912
v 42.2156996 10.0941742 4.96992546
v 37.1463179 16.6330275 9.63758524
v 42.3094572 16.6330351 -1.92286491
v 44.1772093 10.0941818 -1.62386137
v 27.6102785 5.04708848 18.9319321
v 20.8782076 10.0941742 20.4347127
v 27.5693411 10.0941742 18.836517
v 20.8927931 5.04708848 20.5364201
v 33.6836103 5.04708848 15.6435188
v 27.5693411 10.0941742 18.836517
v 33.6188597 10.0941742 15.5610031
v 27.6102785 5.04708848 18.9319321
v 38.6988768 5.04708848 10.8952582
v 38.6144422 10.0941742 10.8313649
v 20.6842417 16.6330275 18.5510327
v 26.8946871 32.6519814 17.0676518
v 26.8946871 16.6330275 17.0676518
v 20.6842417 32.6519814 18.5510346
v 26.8946871 16.6330275 17.0676518
v 32.5096144 32.6519814 14.0274493
v 32.5096105 16.6330275 14.0274493
v 26.8946871 32.6519814 17.0676518
v 37.1463179 32.6519814 9.63758524
v 37.1463179 16.6330275 9.63758524
v 37.1463179 16.6330275 9.63758524
v 40.4888624 32.6519814 4.19723293
v 40.4888624 16.6330275 4.19722912
v 37.1463179 32.6519814 9.63758524
v 42.3094572 32.651989 -1.92286491
v 42.3094572 16.6330351 -1.92286491
v 26.7384409 16.1854663 16.6412202
v 20.8235468 9.94361765 19.8315005
v 27.3614668 9.94361765 18.269903
v 20.6432852 16.1854663 18.097061
v 20.8235468 4.97181021 19.8315005
v 27.3614668 4.97181021 18.2699049
v 27.3614668 9.94361765 18.269903
v 32.2491163 16.1854663 13.6574504
v 26.7384409 16.1854663 16.6412202
v 33.272447 9.94361765 15.0693879
v 27.3614668 4.97181021 18.2699049
v 33.272447 4.97181021 15.0693879
v 33.272447 9.94361765 15.0693879
v 36.7997526 16.1854663 9.34907974
v 32.2491163 16.1854663 13.6574504
v 38.1536497 9.94361765 10.4480452
v 38.1536497 9.94361765 10.4480452
v 40.0802549 16.1854644 4.00972248
v 36.7997526 16.1854663 9.34907974
v 41.6724523 9.9436167 4.72082959
v 41.8670401 16.1854701 -1.99675654
v 43.5890287 9.94361861 -1.72196964
v 38.1536497 4.97181021 10.4480471
v 41.6724523 4.97180926 4.72082959
v 43.5890364 4.97181117 -1.4967204
v 33.272447 4.97181021 15.0693879
v 38.1536497 9.94361765 10.4480452
v 33.272447 9.94361765 15.0693879
v 38.1536497 4.97181021 10.4480471
vt 5.33517122 1.66329682
vt 5.00049829 1.99968445
vt 5.33517122 1.99968445
vt 5.00049829 1.66329682
vt 5.33517122 1.66329682
vt 5.00049829 1.99968445
vt 5.33517122 1.99968445
vt 5.00049829 1.66329682
vt 5.33517122 1.66329682
vt 5.00049829 1.99968445
vt 5.33517122 1.99968445
vt 5.00049829 1.66329682
vt 5.33517122 1.66329682
vt 5.00049829 1.99968445
vt 5.33517122 1.99968445
vt 5.00049829 1.66329682
vt 5.00049829 1.99968445
vt 5.33517122 1.66329682
vt 5.00049829 1.66329682
vt 5.33517122 1.99968445
vt 5.00049829 1.66326201
vt 4.80837154 1.99968362
vt 5.00049829 1.99968362
vt 4.80837154 1.66326201
vt 4.80837154 1.66326201
vt 5.00049829 1.99968362
vt 4.80837154 1.99968362
vt 5.00049829 1.66326201
vt 5.00049829 1.66326201
vt 4.80837154 1.99968362
vt 5.00049829 1.99968362
vt 4.80837154 1.66326201
vt 5.00049829 1.66326201
vt 4.80837154 1.99968362
vt 5.00049829 1.99968362
vt 4.80837154 1.66326201
vt 5.00049829 1.99968362
vt 4.80837154 1.66326201
vt 5.00049829 1.66326201
vt 4.80837154 1.99968362
vt 1.17843783 1.3399694
vt 2.35068941 0.334982455
vt 1.17843378 0.338390708
vt 2.35069346 1.33996379
vt 0.00443545589 1.3399719
vt 0.00443147309 0.33839345
vt 4.27299976 -0.000283968227
vt 4.96646881 0.769118309
vt 4.96646595 -0.000287091796
vt 4.27300358 0.769121528
vt 3.57850051 -0.000282407884
vt 4.27300358 0.769121528
vt 4.27299976 -0.000283968227
vt 3.57850361 0.769123018
vt 4.96646881 0.769118309
vt 4.96646595 -0.000287091796
vt 3.57850051 -0.000282407884
vt 4.27300358 0.769121528
vt 4.27299976 -0.000283968227
vt 3.57850361 0.769123018
vt 4.96646881 0.769118309
vt 4.96646595 -0.000287091796
vt 2.35068941 0.338385433
vt 1.17843783 1.3399694
vt 2.35069346 1.33996379
vt 1.17843378 0.338390708
vt 1.17843378 0.338390708
vt 0.00443545589 1.3399719
vt 1.17843783 1.3399694
vt 0.00443147309 0.33839345
vt 2.35068941 0.338385433
vt 2.35069346 1.33996379
vt 4.27300358 0.769121528
vt 4.96647549 2.64843035
vt 4.96646881 0.769118309
vt 4.2730093 2.64843369
vt 3.57850361 0.769123018
vt 4.2730093 2.64843369
vt 4.27300358 0.769121528
vt 3.57851052 2.64843512
vt 4.96647549 2.64843035
vt 4.96646881 0.769118309
vt 3.57850361 0.769123018
vt 4.2730093 2.64843369
vt 4.27300358 0.769121528
vt 3.57851052 2.64843512
vt 4.96647549 2.64843035
vt 4.96646881 0.769118309
vt 10.6542149 2.64832497
vt 9.35511017 1.17068982
vt 10.6542149 1.17068982
vt 9.35511017 2.64832497
vt 9.35511017 -0.000908682647
vt 10.6542149 -0.000908682647
vt 10.6542149 1.17068982
vt 9.35511017 2.64832497
vt 10.6542149 2.64832497
vt 9.35511017 1.17068982
vt 10.6542149 -0.000908682647
vt 9.35511017 -0.000908682647
vt 9.35511017 1.17068982
vt 10.6542149 2.64832497
vt 9.35511017 2.64832497
vt 10.6542149 1.17068982
vt 10.6542149 1.17068982
vt 9.35511017 2.64832497
vt 10.6542149 2.64832497
vt 9.35511017 1.17068982
vt 7.99935102 2.64832497
vt 7.99935102 1.17068982
vt 10.6542149 -0.000908682647
vt 9.35511017 -0.000908682647
vt 7.99935102 -0.000588625844
vt 9.35511017 -0.000908682647
vt 10.6542149 1.17068982
vt 9.35511017 1.17068982
vt 10.6542149 -0.000908682647
vn 0.232269791 0.0202676135 0.972440213
vn 0.232269791 0.0202676135 0.972440213
vn 0.232269758 0.0202675671 0.972440222
vn 0.232269824 0.0202676596 0.972440204
vn 0.476036923 0.0204817181 0.879186753
vn 0.476036923 0.0204817181 0.879186753
vn 0.476036829 0.0204815692 0.879186807
vn 0.476037017 0.0204818665 0.879186699
vn 0.687364757 0.0206894427 0.726017657
vn 0.687364757 0.0206894427 0.726017657
vn 0.687365123 0.0206901542 0.72601729
vn 0.687364391 0.0206887339 0.726018023
vn 0.851847697 0.0208761745 0.523373371
vn 0.851847697 0.0208761745 0.523373371
vn 0.851847585 0.0208758658 0.523373566
vn 0.851847809 0.020876482 0.523373177
vn 0.955502742 0.0210220054 0.294232197
vn 0.955502742 0.0210220054 0.294232197
vn 0.955508046 0.021048342 0.294213087
vn 0.955497415 0.0209955621 0.294251383
vn -0.476137872 -1.68677697e-07 -0.879370643
vn -0.476137872 -1.68677697e-07 -0.879370643
vn -0.476137762 -3.37355416e-07 -0.879370702
vn -0.476137981 0 -0.879370583
vn -0.687512599 -4.03044188e-07 -0.72617245
vn -0.687512599 -4.03044188e-07 -0.72617245
vn -0.687512815 0 -0.726172245
vn -0.687512382 -8.06088288e-07 -0.726172655
vn -0.852032706 -4.27281454e-07 -0.523488556
vn -0.852032706 -4.27281454e-07 -0.523488556
vn -0.85203254 -8.54562802e-07 -0.523488826
vn -0.852032871 1.06306182e-16 -0.523488287
vn -0.955628035 8.12262781e-17 -0.294576066
vn -0.955628035 8.12262781e-17 -0.294576066
vn -0.955628035 5.26239518e-17 -0.294576066
vn -0.955628035 1.09828593e-16 -0.294576066
vn -0.23231695 -1.86568313e-07 -0.972640136
vn -0.23231695 -1.86568313e-07 -0.972640136
vn -0.232316816 -3.7313664e-07 -0.972640168
vn -0.232317084 6.90990116e-16 -0.972640104
vn 0.928310037 0.0254487574 0.370935082
vn 0.956767262 0.0274839473 0.28955317
vn 0.891941504 0.0210800557 0.451659146
vn 0.957943221 0.0337385375 0.284967535
vn 0.851847579 0.0208764962 0.523373551
vn 0.851847574 0.0208764829 0.52337356
vn 0.223297993 0.275938549 0.934877491
vn 0.223297993 0.275938549 0.934877491
vn 0.22329807 0.275938479 0.934877493
vn 0.22329791 0.275938624 0.934877489
vn 0.457659262 0.275872478 0.845246932
vn 0.527338169 0.277776691 0.802966105
vn 0.595687049 0.277804148 0.75364567
vn 0.457659276 0.275872464 0.845246929
vn 0.660846343 0.275808443 0.698005597
vn 0.660846527 0.275808253 0.698005498
vn 0.818999275 0.2757506 0.503191608
vn 0.85820207 0.27765949 0.431734194
vn 0.892732506 0.277692728 0.354845632
vn 0.818999272 0.275750603 0.503191611
vn 0.921340399 0.275703608 0.274079167
vn 0.921340349 0.275703695 0.274079248
vn 0.232269887 0.0202677533 0.972440187
vn 0.232269887 0.0202677533 0.972440187
vn 0.232270015 0.0202679354 0.972440153
vn 0.232269758 0.020267572 0.972440222
vn 0.550759043 0.0207080704 0.834407366
vn 0.476036509 0.020481704 0.879186978
vn 0.621735671 0.0207777122 0.782951494
vn 0.476036823 0.020482199 0.879186796
vn 0.687365653 0.0206891839 0.726016815
vn 0.687366158 0.0206901591 0.72601631
vn 0.232317722 -5.79052516e-08 0.972639952
vn 0.232317722 -5.79052516e-08 0.972639952
vn 0.23231758 -2.08404301e-16 0.972639986
vn 0.232317863 -1.15810499e-07 0.972639918
vn 0.47613597 -5.66926716e-08 0.879371672
vn 0.550781497 -9.30765187e-08 0.834649473
vn 0.621780247 -9.30766244e-08 0.783191754
vn 0.476135845 -1.95028716e-16 0.87937174
vn 0.687513161 -8.18609815e-08 0.726171917
vn 0.687513012 -1.73670443e-16 0.726172058
vn 0.852033189 -6.23307545e-08 0.52348777
vn 0.894316047 -6.46786863e-08 0.447435815
vn 0.930073088 -6.46786642e-08 0.367374539
vn 0.852033107 -1.1610013e-16 0.523487903
vn 0.958488994 -3.3949864e-08 0.285129528
vn 0.95848897 -6.94680449e-17 0.28512961
vn -0.223887871 -0.266929354 -0.93734889
vn -0.227973917 -0.192463234 -0.95445576
vn -0.231003179 -0.106211629 -0.967138367
vn -0.223887755 -0.266929462 -0.937348887
vn -0.232317219 -1.86568302e-07 -0.972640072
vn -0.232317084 -3.73136615e-07 -0.972640104
vn -0.467235783 -0.192463329 -0.862930235
vn -0.458861457 -0.266929343 -0.847463798
vn -0.458861507 -0.266929295 -0.847463786
vn -0.473444358 -0.106211669 -0.874396661
vn -0.476137652 -1.68677719e-07 -0.879370762
vn -0.476137762 3.18918453e-16 -0.879370702
vn -0.662567193 -0.266929176 -0.699823928
vn -0.662567193 -0.266929176 -0.699823928
vn -0.662566987 -0.266929395 -0.699824039
vn -0.662567385 -0.266928972 -0.699823823
vn -0.836103066 -0.192463108 -0.513701873
vn -0.860506335 -0.268803161 -0.432751323
vn -0.821117517 -0.266929068 -0.504494694
vn -0.903792436 -0.152136025 -0.400017329
vn -0.923711907 -0.266928842 -0.274782288
vn -0.951701592 -0.111193505 -0.286181908
vn -0.852032501 -1.00413746e-07 -0.523488889
vn -0.9285211 -0.00438522763 -0.371253736
vn -0.955542922 -0.013346136 -0.294549834
vn -0.68751289 -1.39291721e-07 -0.726172174
vn -0.68751289 -1.39291721e-07 -0.726172174
vn -0.687512965 2.59451074e-16 -0.726172103
vn -0.687512815 -2.78583468e-07 -0.726172245

g collision_PZ_sc02_060_submesh_0
usemtl collision_5
f 336/336/336 338/338/338 337/337/337
f 336/336/336 337/337/337 339/339/339
f 340/340/340 342/342/342 341/341/341
f 340/340/340 341/341/341 343/343/343
f 344/344/344 346/346/346 345/345/345
f 344/344/344 345/345/345 347/347/347
f 348/348/348 350/350/350 349/349/349
f 348/348/348 349/349/349 351/351/351
f 352/352/352 354/354/354 353/353/353
f 352/352/352 353/353/353 355/355/355
f 356/356/356 358/358/358 357/357/357
f 356/356/356 357/357/357 359/359/359
f 360/360/360 362/362/362 361/361/361
f 360/360/360 361/361/361 363/363/363
f 364/364/364 366/366/366 365/365/365
f 364/364/364 365/365/365 367/367/367
f 368/368/368 370/370/370 369/369/369
f 368/368/368 369/369/369 371/371/371
f 372/372/372 374/374/374 373/373/373
f 372/372/372 373/373/373 375/375/375

g collision_PZ_sc02_060_submesh_1
usemtl collision_5
f 376/376/376 378/378/378 377/377/377
f 376/376/376 377/377/377 379/379/379
f 378/378/378 376/376/376 380/380/380
f 378/378/378 380/380/380 381/381/381
f 382/382/382 384/384/384 383/383/383
f 382/382/382 383/383/383 385/385/385
f 386/386/386 388/388/388 387/387/387
f 386/386/386 387/387/387 389/389/389
f 388/388/388 390/390/390 387/387/387
f 388/388/388 391/391/391 390/390/390
f 392/392/392 394/394/394 393/393/393
f 392/392/392 393/393/393 395/395/395
f 394/394/394 396/396/396 393/393/393
f 394/394/394 397/397/397 396/396/396
f 398/398/398 400/400/400 399/399/399
f 398/398/398 399/399/399 401/401/401
f 402/402/402 404/404/404 403/403/403
f 402/402/402 403/403/403 405/405/405
f 406/406/406 404/404/404 402/402/402
f 406/406/406 407/407/407 404/404/404
f 408/408/408 410/410/410 409/409/409
f 408/408/408 409/409/409 411/411/411
f 412/412/412 414/414/414 413/413/413
f 412/412/412 413/413/413 415/415/415
f 414/414/414 416/416/416 413/413/413
f 414/414/414 417/417/417 416/416/416
f 418/418/418 420/420/420 419/419/419
f 418/418/418 419/419/419 421/421/421
f 420/420/420 422/422/422 419/419/419
f 420/420/420 423/423/423 422/422/422
f 424/424/424 426/426/426 425/425/425
f 424/424/424 425/425/425 427/427/427
f 426/426/426 428/428/428 425/425/425
f 426/426/426 429/429/429 428/428/428
f 430/430/430 432/432/432 431/431/431
f 430/430/430 431/431/431 433/433/433
f 434/434/434 430/430/430 433/433/433
f 434/434/434 433/433/433 435/435/435
f 436/436/436 438/438/438 437/437/437
f 436/436/436 437/437/437 439/439/439
f 440/440/440 442/442/442 441/441/441
f 440/440/440 441/441/441 443/443/443
f 443/443/443 441/441/441 444/444/444
f 443/443/443 444/444/444 445/445/445
f 446/446/446 440/440/440 443/443/443
f 446/446/446 443/443/443 447/447/447
f 447/447/447 443/443/443 445/445/445
f 447/447/447 445/445/445 448/448/448
f 449/449/449 451/451/451 450/450/450
f 449/449/449 450/450/450 452/452/452

o collision_PZ_sc02_055
v 15.2874642 6.69216487 -3.05824006
v 11.5301752 8.42791424 -4.19555368
v 13.2106247 8.42791234 -1.09196858
v 14.3119059 6.69216678 -4.8599751
v 17.0331879 6.69216582 -1.98566995
v 13.2106247 8.42791234 -1.09196858
v 16.2177277 8.42791329 0.755591458
v 15.2874642 6.69216487 -3.05824006
v 19.081316 6.69216582 -1.92965876
v 16.2177277 8.42791329 0.755591458
v 19.7457352 8.42791329 0.852071808
v 17.0331879 6.69216582 -1.98566995
v 20.883051 6.69216582 -2.90521518
v 19.7457352 8.42791329 0.852071808
v 22.8493214 8.42791329 -0.828373527
v 19.081316 6.69216582 -1.92965876
v 21.9556218 6.69216582 -4.65093879
v 22.8493214 8.42791329 -0.828373527
v 24.6968823 8.42791329 -3.83547732
v 20.883051 6.69216582 -2.90521518
v 22.011633 6.69216487 -6.69906508
v 24.6968823 8.42791329 -3.83547732
v 24.7933655 8.42791234 -7.36348412
v 21.9556218 6.69216582 -4.65093879
v 21.0360756 6.69216678 -8.5008006
v 24.7933655 8.42791234 -7.36348412
v 23.112917 8.42791424 -10.4670687
v 22.011633 6.69216487 -6.69906508
v 19.2903519 6.69216487 -9.57337119
v 23.112917 8.42791424 -10.4670687
v 20.105814 8.42791329 -12.3146302
v 21.0360756 6.69216678 -8.5008006
v 17.2422257 6.69216487 -9.62938333
v 20.105814 8.42791329 -12.3146302
v 16.5778046 8.42791329 -12.4111134
v 19.2903519 6.69216487 -9.57337119
v 15.4404889 6.69216487 -8.65382715
v 16.5778046 8.42791329 -12.4111134
v 13.4742203 8.42791329 -10.7306671
v 17.2422257 6.69216487 -9.62938333
v 14.367919 6.69216582 -6.90810425
v 13.4742203 8.42791329 -10.7306671
v 11.6266594 8.42791329 -7.72356572
v 15.4404889 6.69216487 -8.65382715
v 14.3119059 6.69216678 -4.8599751
v 11.6266594 8.42791329 -7.72356572
v 11.5301752 8.42791424 -4.19555368
v 14.367919 6.69216582 -6.90810425
v -4.25897403 16.1854696 2.7971517
v 0.316436808 10.7226163 -3.92483754
v -5.71481701 16.1854658 -3.2980028
v 1.40453533 10.7226201 0.630673022
v -1.27520176 16.1854639 8.30782603
v 1.40453533 10.7226201 0.630673022
v -4.25897403 16.1854696 2.7971517
v 3.63460163 10.7226144 4.74934457
v 3.0331736 16.1854658 12.8584633
v 3.63460163 10.7226144 4.74934457
v -1.27520176 16.1854639 8.30782603
v 6.85467629 10.7226163 8.15048506
v 8.37253384 16.1854658 16.1389631
v 6.85467629 10.7226163 8.15048506
v 3.0331736 16.1854658 12.8584633
v 10.8453055 10.7226163 10.6023297
v 14.379015 16.1854658 17.925744
v 10.8453055 10.7226163 10.6023297
v 8.37253384 16.1854658 16.1389631
v 15.3345433 10.7226163 11.9377634
v 20.6432839 16.1854658 18.0970582
v 15.3345433 10.7226163 11.9377634
v 14.379015 16.1854658 17.925744
v 20.016449 10.7226163 12.0658056
v 26.7384396 16.1854658 16.6412175
v 20.016449 10.7226163 12.0658056
v 20.6432839 16.1854658 18.0970582
v 24.5719605 10.7226163 10.9777092
v 32.249115 16.1854658 13.6574477
v 24.5719605 10.7226163 10.9777092
v 26.7384396 16.1854658 16.6412175
v 28.6906357 10.7226163 8.74764623
v 36.7997513 16.1854658 9.349077
v 28.6906357 10.7226163 8.74764623
v 32.249115 16.1854658 13.6574477
v 32.091774 10.7226163 5.52757603
v 40.0802536 16.1854639 4.00971974
v 32.091774 10.7226163 5.52757603
v 36.7997513 16.1854658 9.349077
v 34.5436173 10.7226144 1.53694621
v 41.8670388 16.1854696 -1.99675928
v 34.5436173 10.7226144 1.53694621
v 40.0802536 16.1854639 4.00971974
v 35.8790589 10.7226182 -2.95228973
v 42.038353 16.1854658 -8.2610269
v 35.8790589 10.7226182 -2.95228973
v 41.8670388 16.1854696 -1.99675928
v 36.007103 10.7226163 -7.63419597
v 40.5825119 16.185462 -14.3561833
v 36.007103 10.7226163 -7.63419597
v 42.038353 16.1854658 -8.2610269
v 34.9190064 10.7226125 -12.1897075
v 37.5987397 16.1854696 -19.8668548
v 34.9190064 10.7226125 -12.1897075
v 40.5825119 16.185462 -14.3561833
v 32.6889382 10.7226201 -16.3083781
v 33.2903748 16.1854658 -24.4174959
v 32.6889382 10.7226201 -16.3083781
v 37.5987397 16.1854696 -19.8668548
v 29.4688683 10.7226163 -19.7095195
v 27.9510117 16.1854658 -27.6979994
v 29.4688683 10.7226163 -19.7095195
v 33.2903748 16.1854658 -24.4174959
v 25.4782372 10.7226163 -22.1613642
v 21.9445305 16.1854658 -29.4847861
v 25.4782372 10.7226163 -22.1613642
v 27.9510117 16.1854658 -27.6979994
v 20.9890023 10.7226163 -23.4968055
v 15.6802617 16.1854658 -29.6561022
v 20.9890023 10.7226163 -23.4968055
v 21.9445305 16.1854658 -29.4847861
v 16.3070927 10.7226163 -23.6248477
v 9.58510498 16.1854658 -28.2002596
v 16.3070927 10.7226163 -23.6248477
v 15.6802617 16.1854658 -29.6561022
v 12.1465712 10.7226182 -22.6913571
v 4.07443051 16.1854658 -25.2164955
v 12.1465712 10.7226182 -22.6913571
v 9.58510498 16.1854658 -28.2002596
v 7.63290886 10.7226163 -20.3066912
v -0.4762096 16.1854658 -20.9081239
v 7.63290886 10.7226163 -20.3066912
v 4.07443051 16.1854658 -25.2164955
v 4.23176865 10.7226163 -17.0866181
v -3.75671192 16.1854696 -15.5687656
v 4.23176865 10.7226163 -17.0866181
v -0.4762096 16.1854658 -20.9081239
v 1.77992443 10.7226201 -13.0959897
v -5.54349514 16.185462 -9.5622914
v 1.77992443 10.7226201 -13.0959897
v -3.75671192 16.1854696 -15.5687656
v 0.444486658 10.7226125 -8.60675952
v -5.71481701 16.1854658 -3.2980028
v 0.444486658 10.7226125 -8.60675952
v -5.54349514 16.185462 -9.5622914
v 0.316436808 10.7226163 -3.92483754
v 11.5301752 8.42791424 -4.19555368
v 0.316436808 10.7226163 -3.92483754
v 1.40453533 10.7226201 0.630673022
v 3.63460163 10.7226144 4.74934457
v 11.5301752 8.42791424 -4.19555368
v 1.40453533 10.7226201 0.630673022
v 13.2106247 8.42791234 -1.09196858
v 13.2106247 8.42791234 -1.09196858
v 3.63460163 10.7226144 4.74934457
v 6.85467629 10.7226163 8.15048506
v 10.8453055 10.7226163 10.6023297
v 13.2106247 8.42791234 -1.09196858
v 6.85467629 10.7226163 8.15048506
v 16.2177277 8.42791329 0.755591458
v 16.2177277 8.42791329 0.755591458
v 10.8453055 10.7226163 10.6023297
v 15.3345433 10.7226163 11.9377634
v 20.016449 10.7226163 12.0658056
v 16.2177277 8.42791329 0.755591458
v 15.3345433 10.7226163 11.9377634
v 19.7457352 8.42791329 0.852071808
v 19.7457352 8.42791329 0.852071808
v 20.016449 10.7226163 12.0658056
v 24.5719605 10.7226163 10.9777092
v 28.6906357 10.7226163 8.74764623
v 19.7457352 8.42791329 0.852071808
v 24.5719605 10.7226163 10.9777092
v 22.8493214 8.42791329 -0.828373527
v 22.8493214 8.42791329 -0.828373527
v 28.6906357 10.7226163 8.74764623
v 32.091774 10.7226163 5.52757603
v 34.5436173 10.7226144 1.53694621
v 22.8493214 8.42791329 -0.828373527
v 32.091774 10.7226163 5.52757603
v 24.6968823 8.42791329 -3.83547732
v 24.6968823 8.42791329 -3.83547732
v 34.5436173 10.7226144 1.53694621
v 35.8790589 10.7226182 -2.95228973
v 36.007103 10.7226163 -7.63419597
v 24.6968823 8.42791329 -3.83547732
v 35.8790589 10.7226182 -2.95228973
v 24.7933655 8.42791234 -7.36348412
v 24.7933655 8.42791234 -7.36348412
v 36.007103 10.7226163 -7.63419597
v 34.9190064 10.7226125 -12.1897075
v 32.6889382 10.7226201 -16.3083781
v 24.7933655 8.42791234 -7.36348412
v 34.9190064 10.7226125 -12.1897075
v 23.112917 8.42791424 -10.4670687
v 23.112917 8.42791424 -10.4670687
v 32.6889382 10.7226201 -16.3083781
v 29.4688683 10.7226163 -19.7095195
v 25.4782372 10.7226163 -22.1613642
v 23.112917 8.42791424 -10.4670687
v 29.4688683 10.7226163 -19.7095195
v 20.105814 8.42791329 -12.3146302
v 20.105814 8.42791329 -12.3146302
v 25.4782372 10.7226163 -22.1613642
v 20.9890023 10.7226163 -23.4968055
v 16.3070927 10.7226163 -23.6248477
v 20.105814 8.42791329 -12.3146302
v 20.9890023 10.7226163 -23.4968055
v 16.5778046 8.42791329 -12.4111134
v 16.5778046 8.42791329 -12.4111134
v 16.3070927 10.7226163 -23.6248477
v 12.1465712 10.7226182 -22.6913571
v 7.63290886 10.7226163 -20.3066912
v 16.5778046 8.42791329 -12.4111134
v 12.1465712 10.7226182 -22.6913571
v 13.4742203 8.42791329 -10.7306671
v 13.4742203 8.42791329 -10.7306671
v 7.63290886 10.7226163 -20.3066912
v 4.23176865 10.7226163 -17.0866181
v 1.77992443 10.7226201 -13.0959897
v 13.4742203 8.42791329 -10.7306671
v 4.23176865 10.7226163 -17.0866181
v 11.6266594 8.42791329 -7.72356572
v 11.6266594 8.42791329 -7.72356572
v 1.77992443 10.7226201 -13.0959897
v 0.444486658 10.7226125 -8.60675952
v 0.316436808 10.7226163 -3.92483754
v 11.6266594 8.42791329 -7.72356572
v 0.444486658 10.7226125 -8.60675952
v 11.5301752 8.42791424 -4.19555368
vt 0.782782555 1.65478837
vt 0.940534174 1.48945427
vt 0.940534174 1.65478837
vt 0.782782555 1.48945427
vt 0.782782555 1.65478837
vt 0.940534174 1.48945427
vt 0.940534174 1.65478837
vt 0.782782555 1.48945427
vt 0.782782555 1.65478837
vt 0.940534174 1.48945427
vt 0.940534174 1.65478837
vt 0.782782555 1.48945427
vt 0.782782555 1.65478837
vt 0.940534174 1.48945427
vt 0.940534174 1.65478837
vt 0.782782555 1.48945427
vt 0.782782555 1.65478837
vt 0.940534174 1.48945427
vt 0.940534174 1.65478837
vt 0.782782555 1.48945427
vt 0.782782555 1.65478837
vt 0.940534174 1.48945427
vt 0.940534174 1.65478837
vt 0.782782555 1.48945427
vt 0.782782555 1.65478837
vt 0.940534174 1.48945427
vt 0.940534174 1.65478837
vt 0.782782555 1.48945427
vt 0.782782555 1.65478837
vt 0.940534174 1.48945427
vt 0.940534174 1.65478837
vt 0.782782555 1.48945427
vt 0.782782555 1.65478837
vt 0.940534174 1.48945427
vt 0.940534174 1.65478837
vt 0.782782555 1.48945427
vt 0.782782555 1.65478837
vt 0.940534174 1.48945427
vt 0.940534174 1.65478837
vt 0.782782555 1.48945427
vt 0.782782555 1.65478837
vt 0.940534174 1.48945427
vt 0.940534174 1.65478837
vt 0.782782555 1.48945427
vt 0.782782555 1.65478837
vt 0.940534174 1.48945427
vt 0.940534174 1.65478837
vt 0.782782555 1.48945427
vt 1.00696135 0.0054591042
vt 0.00560702197 1.00210416
vt 0.00560702197 0.0054591042
vt 1.00696135 1.00210416
vt 0.00560702197 0.0054591042
vt 1.00696135 1.00210416
vt 1.00696135 0.0054591042
vt 0.00560702197 1.00210416
vt 1.00696135 0.0054591042
vt 0.00560702197 1.00210416
vt 0.00560702197 0.0054591042
vt 1.00696135 1.00210416
vt 0.00560702197 0.0054591042
vt 1.00696135 1.00210416
vt 1.00696135 0.0054591042
vt 0.00560702197 1.00210416
vt 1.00696135 0.0054591042
vt 0.00560702197 1.00210416
vt 0.00560702197 0.0054591042
vt 1.00696135 1.00210416
vt 0.00560702197 0.0054591042
vt 1.00696135 1.00210416
vt 1.00696135 0.0054591042
vt 0.00560702197 1.00210416
vt 1.00696135 0.0054591042
vt 0.00560702197 1.00210416
vt 0.00560702197 0.0054591042
vt 1.00696135 1.00210416
vt 0.00560702197 0.0054591042
vt 1.00696135 1.00210416
vt 1.00696135 0.0054591042
vt 0.00560702197 1.00210416
vt 1.00696135 0.0054591042
vt 0.00560702197 1.00210416
vt 0.00560702197 0.0054591042
vt 1.00696135 1.00210416
vt 0.00560702197 0.0054591042
vt 1.00696135 1.00210416
vt 1.00696135 0.0054591042
vt 0.00560702197 1.00210416
vt 1.00696135 0.0054591042
vt 0.00560702197 1.00210416
vt 0.00560702197 0.0054591042
vt 1.00696135 1.00210416
vt 0.00560702197 0.0054591042
vt 1.00696135 1.00210416
vt 1.00696135 0.0054591042
vt 0.00560702197 1.00210416
vt 1.00696135 0.0054591042
vt 0.00560702197 1.00210416
vt 0.00560702197 0.0054591042
vt 1.00696135 1.00210416
vt 0.00560702197 0.0054591042
vt 1.00696135 1.00210416
vt 1.00696135 0.0054591042
vt 0.00560702197 1.00210416
vt 1.00696135 0.0054591042
vt 0.00560702197 1.00210416
vt 0.00560702197 0.0054591042
vt 1.00696135 1.00210416
vt 0.00560702197 0.0054591042
vt 1.00696135 1.00210416
vt 1.00696135 0.0054591042
vt 0.00560702197 1.00210416
vt 1.00696135 0.0054591042
vt 0.00560702197 1.00210416
vt 0.00560702197 0.0054591042
vt 1.00696135 1.00210416
vt 0.00560702197 0.0054591042
vt 1.00696135 1.00210416
vt 1.00696135 0.0054591042
vt 0.00560702197 1.00210416
vt 1.00696135 0.0054591042
vt 0.00560702197 1.00210416
vt 0.00560702197 0.0054591042
vt 1.00696135 1.00210416
vt 0.00560702197 0.0054591042
vt 1.00696135 1.00210416
vt 1.00696135 0.0054591042
vt 0.00560702197 1.00210416
vt 1.00696135 0.0054591042
vt 0.00560702197 1.00210416
vt 0.00560702197 0.0054591042
vt 1.00696135 1.00210416
vt 0.00560702197 0.0054591042
vt 1.00696135 1.00210416
vt 1.00696135 0.0054591042
vt 0.00560702197 1.00210416
vt 1.00696135 0.0054591042
vt 0.00560702197 1.00210416
vt 0.00560702197 0.0054591042
vt 1.00696135 1.00210416
vt 0.00560702197 0.0054591042
vt 1.00696135 1.00210416
vt 1.00696135 0.0054591042
vt 0.00560702197 1.00210416
vt 0.747293711 1.1107583
vt 0.747293711 0.709459782
vt 0.916086435 0.711392164
vt 0.747293711 0.709459782
vt 0.913655937 1.11106539
vt 0.913655937 0.710027218
vt 0.747293711 1.1107583
vt 0.747293711 1.1107583
vt 0.747293711 0.709459782
vt 0.916086435 0.711392164
vt 0.747293711 0.709459782
vt 0.913655937 1.11106539
vt 0.913655937 0.710027218
vt 0.747293711 1.1107583
vt 0.747293711 1.1107583
vt 0.747293711 0.709459782
vt 0.916086435 0.711392164
vt 0.747293711 0.709459782
vt 0.913655937 1.11106539
vt 0.913655937 0.710027218
vt 0.747293711 1.1107583
vt 0.747293711 1.1107583
vt 0.747293711 0.709459782
vt 0.916086435 0.711392164
vt 0.747293711 0.709459782
vt 0.913655937 1.11106539
vt 0.913655937 0.710027218
vt 0.747293711 1.1107583
vt 0.747293711 1.1107583
vt 0.747293711 0.709459782
vt 0.916086435 0.711392164
vt 0.747293711 0.709459782
vt 0.913655937 1.11106539
vt 0.913655937 0.710027218
vt 0.747293711 1.1107583
vt 0.747293711 1.1107583
vt 0.747293711 0.709459782
vt 0.916086435 0.711392164
vt 0.747293711 0.709459782
vt 0.913655937 1.11106539
vt 0.913655937 0.710027218
vt 0.747293711 1.1107583
vt 0.747293711 1.1107583
vt 0.747293711 0.709459782
vt 0.916086435 0.711392164
vt 0.747293711 0.709459782
vt 0.913655937 1.11106539
vt 0.913655937 0.710027218
vt 0.747293711 1.1107583
vt 0.747293711 1.1107583
vt 0.747293711 0.709459782
vt 0.916086435 0.711392164
vt 0.747293711 0.709459782
vt 0.913655937 1.11106539
vt 0.913655937 0.710027218
vt 0.747293711 1.1107583
vt 0.747293711 1.1107583
vt 0.747293711 0.709459782
vt 0.916086435 0.711392164
vt 0.747293711 0.709459782
vt 0.913655937 1.11106539
vt 0.913655937 0.710027218
vt 0.747293711 1.1107583
vt 0.747293711 1.1107583
vt 0.747293711 0.709459782
vt 0.916086435 0.711392164
vt 0.747293711 0.709459782
vt 0.913655937 1.11106539
vt 0.913655937 0.710027218
vt 0.747293711 1.1107583
vt 0.747293711 1.1107583
vt 0.747293711 0.709459782
vt 0.916086435 0.711392164
vt 0.747293711 0.709459782
vt 0.913655937 1.11106539
vt 0.913655937 0.710027218
vt 0.747293711 1.1107583
vt 0.747293711 1.1107583
vt 0.747293711 0.709459782
vt 0.916086435 0.711392164
vt 0.747293711 0.709459782
vt 0.913655937 1.11106539
vt 0.913655937 0.710027218
vt 0.747293711 1.1107583
vn -0.467840988 -0.846733044 0.25331396
vn -0.467840988 -0.846733044 0.25331396
vn -0.467840993 -0.846733031 0.253313995
vn -0.46784098 -0.846733067 0.253313898
vn -0.278504716 -0.846733101 0.453297009
vn -0.278504716 -0.846733101 0.453297009
vn -0.278504752 -0.846733137 0.45329692
vn -0.278504652 -0.846733041 0.453297162
vn -0.0145437493 -0.846733065 0.531819139
vn -0.0145437493 -0.846733065 0.531819139
vn -0.0145436494 -0.846733018 0.531819216
vn -0.0145439215 -0.846733145 0.531819007
vn 0.253313976 -0.846733057 0.467840955
vn 0.253313976 -0.846733057 0.467840955
vn 0.253313765 -0.846733136 0.467840928
vn 0.25331434 -0.846732922 0.467841003
vn 0.4532968 -0.846733109 0.278505032
vn 0.4532968 -0.846733109 0.278505032
vn 0.453296833 -0.846733096 0.278505018
vn 0.453296743 -0.846733132 0.278505055
vn 0.531819045 -0.846733114 0.0145443188
vn 0.531819045 -0.846733114 0.0145443188
vn 0.531819051 -0.84673311 0.0145443108
vn 0.531819034 -0.846733121 0.0145443325
vn 0.467840475 -0.846733071 -0.253314817
vn 0.467840475 -0.846733071 -0.253314817
vn 0.467840451 -0.846733138 -0.253314638
vn 0.467840515 -0.846732957 -0.253315125
vn 0.278505623 -0.846732911 -0.453296807
vn 0.278505623 -0.846732911 -0.453296807
vn 0.278505548 -0.846732838 -0.45329699
vn 0.278505753 -0.846733036 -0.453296494
vn 0.014544124 -0.846732809 -0.531819536
vn 0.014544124 -0.846732809 -0.531819536
vn 0.0145440824 -0.84673279 -0.531819568
vn 0.0145441957 -0.846732842 -0.531819481
vn -0.253314191 -0.846732844 -0.467841225
vn -0.253314191 -0.846732844 -0.467841225
vn -0.253314228 -0.84673283 -0.46784123
vn -0.253314125 -0.846732868 -0.467841217
vn -0.453297119 -0.8467329 -0.278505149
vn -0.453297119 -0.8467329 -0.278505149
vn -0.453296861 -0.846733003 -0.278505256
vn -0.453297565 -0.846732722 -0.278504964
vn -0.531819255 -0.846732987 -0.014543997
vn -0.531819255 -0.846732987 -0.014543997
vn -0.531819268 -0.84673298 -0.0145439811
vn -0.531819234 -0.846733 -0.0145440244
vn -0.654105546 -0.740092161 0.156235491
vn -0.654105546 -0.740092161 0.156235491
vn -0.654105737 -0.74009204 0.156235263
vn -0.654105289 -0.740092323 0.156235797
vn -0.591381889 -0.74009219 0.320204641
vn -0.591381889 -0.74009219 0.320204641
vn -0.59138172 -0.740092274 0.320204759
vn -0.591382115 -0.740092078 0.320204482
vn -0.488354546 -0.740092133 0.462356433
vn -0.488354546 -0.740092133 0.462356433
vn -0.4883546 -0.74009211 0.462356414
vn -0.488354474 -0.740092165 0.46235646
vn -0.352049116 -0.740092011 0.572996715
vn -0.352049116 -0.740092011 0.572996715
vn -0.352048855 -0.740092117 0.572996738
vn -0.352049465 -0.740091869 0.572996684
vn -0.191749382 -0.740092023 0.644589771
vn -0.191749382 -0.740092023 0.644589771
vn -0.191749676 -0.740091902 0.644589822
vn -0.191748989 -0.740092185 0.644589702
vn -0.0183848339 -0.740092069 0.672254214
vn -0.0183848339 -0.740092069 0.672254214
vn -0.018384697 -0.74009213 0.67225415
vn -0.0183850169 -0.740091987 0.672254299
vn 0.156234724 -0.740092101 0.654105796
vn 0.156234724 -0.740092101 0.654105796
vn 0.156234576 -0.740092023 0.654105921
vn 0.156234923 -0.740092206 0.65410563
vn 0.320204973 -0.740092092 0.591381831
vn 0.320204973 -0.740092092 0.591381831
vn 0.320205132 -0.740092205 0.591381604
vn 0.32020476 -0.740091942 0.591382135
vn 0.462356149 -0.740092 0.488355018
vn 0.462356149 -0.740092 0.488355018
vn 0.462356135 -0.740091983 0.488355056
vn 0.462356168 -0.740092022 0.488354967
vn 0.572996462 -0.740092062 0.352049421
vn 0.572996462 -0.740092062 0.352049421
vn 0.572996462 -0.740092062 0.352049421
vn 0.572996461 -0.740092062 0.352049422
vn 0.644589694 -0.740092058 0.191749501
vn 0.644589694 -0.740092058 0.191749501
vn 0.644589685 -0.740092081 0.191749446
vn 0.644589707 -0.740092028 0.191749574
vn 0.67225436 -0.740091923 0.0183853468
vn 0.67225436 -0.740091923 0.0183853468
vn 0.672254273 -0.740092007 0.0183851584
vn 0.672254478 -0.74009181 0.0183855989
vn 0.654106115 -0.740091911 -0.156234291
vn 0.654106115 -0.740091911 -0.156234291
vn 0.654106197 -0.740091859 -0.156234193
vn 0.654106005 -0.74009198 -0.156234422
vn 0.591381161 -0.740091949 -0.320206543
vn 0.591381161 -0.740091949 -0.320206543
vn 0.591381263 -0.740091898 -0.320206471
vn 0.591381024 -0.740092017 -0.320206639
vn 0.488355755 -0.740092044 -0.462355299
vn 0.488355755 -0.740092044 -0.462355299
vn 0.488355935 -0.740091967 -0.462355233
vn 0.488355515 -0.740092148 -0.462355387
vn 0.352049099 -0.740092108 -0.5729966
vn 0.352049099 -0.740092108 -0.5729966
vn 0.352048997 -0.74009215 -0.572996609
vn 0.352049237 -0.740092052 -0.572996588
vn 0.19175016 -0.740092096 -0.644589455
vn 0.19175016 -0.740092096 -0.644589455
vn 0.191750182 -0.740092088 -0.644589458
vn 0.191750131 -0.740092108 -0.64458945
vn 0.0183849428 -0.740092125 -0.672254149
vn 0.0183849428 -0.740092125 -0.672254149
vn 0.0183849012 -0.740092143 -0.67225413
vn 0.0183849985 -0.7400921 -0.672254175
vn -0.153017373 -0.738383126 -0.656792237
vn -0.153017373 -0.738383126 -0.656792237
vn -0.156234736 -0.740092065 -0.654105834
vn -0.14825036 -0.735826369 -0.660743055
vn -0.316767908 -0.741480908 -0.591493157
vn -0.316767908 -0.741480908 -0.591493157
vn -0.318688571 -0.742973185 -0.58858172
vn -0.314390839 -0.739624191 -0.595075168
vn -0.46235598 -0.740092154 -0.488354944
vn -0.46235598 -0.740092154 -0.488354944
vn -0.462355914 -0.740092076 -0.488355124
vn -0.462356068 -0.740092258 -0.488354702
vn -0.572996713 -0.740092189 -0.352048745
vn -0.572996713 -0.740092189 -0.352048745
vn -0.572996715 -0.740092198 -0.352048721
vn -0.572996711 -0.740092176 -0.352048777
vn -0.644589113 -0.740092198 -0.191750917
vn -0.644589113 -0.740092198 -0.191750917
vn -0.644589104 -0.740092219 -0.191750866
vn -0.644589125 -0.74009217 -0.191750985
vn -0.672254127 -0.740092138 -0.018385196
vn -0.672254127 -0.740092138 -0.018385196
vn -0.672254039 -0.740092223 -0.0183850079
vn -0.672254244 -0.740092026 -0.0183854478
vn -0.199149369 -0.978813969 0.0475682947
vn -0.199149369 -0.978813969 0.0475682947
vn -0.199149369 -0.978813969 0.0475682947
vn -0.17647074 -0.979657257 0.0955496561
vn -0.17647074 -0.979657257 0.0955496561
vn -0.176471043 -0.979657229 0.0955493816
vn -0.176470338 -0.979657294 0.0955500204
vn -0.148684577 -0.978813979 0.140769635
vn -0.148684577 -0.978813979 0.140769635
vn -0.148684577 -0.978813979 0.140769635
vn -0.105052533 -0.979657265 0.170984234
vn -0.105052533 -0.979657265 0.170984234
vn -0.105052772 -0.979657248 0.170984183
vn -0.105052216 -0.979657287 0.170984303
vn -0.0583800535 -0.978813977 0.196252306
vn -0.0583800535 -0.978813977 0.196252306
vn -0.0583800535 -0.978813977 0.196252306
vn -0.00548603686 -0.979657265 0.200602958
vn -0.00548603686 -0.979657265 0.200602958
vn -0.00548615228 -0.979657257 0.200602995
vn -0.0054858837 -0.979657276 0.200602909
vn 0.0475674197 -0.978813972 0.199149566
vn 0.0475674197 -0.978813972 0.199149566
vn 0.0475674197 -0.978813972 0.199149566
vn 0.09555025 -0.979657264 0.176470379
vn 0.09555025 -0.979657264 0.176470379
vn 0.0955501911 -0.979657258 0.176470444
vn 0.0955503281 -0.979657272 0.176470292
vn 0.1407693 -0.978813977 0.148684913
vn 0.1407693 -0.978813977 0.148684913
vn 0.1407693 -0.978813977 0.148684913
vn 0.170983987 -0.979657285 0.105052746
vn 0.170983987 -0.979657285 0.105052746
vn 0.17098393 -0.979657267 0.105053008
vn 0.170984062 -0.97965731 0.105052398
vn 0.196252411 -0.978813982 0.0583796221
vn 0.196252411 -0.978813982 0.0583796221
vn 0.196252411 -0.978813982 0.0583796221
vn 0.200602993 -0.979657255 0.00548649697
vn 0.200602993 -0.979657255 0.00548649697
vn 0.200603037 -0.979657245 0.00548663477
vn 0.200602934 -0.979657268 0.00548631409
vn 0.199149618 -0.978814 -0.0475666214
vn 0.199149618 -0.978814 -0.0475666214
vn 0.199149618 -0.978814 -0.0475666214
vn 0.176469709 -0.979657266 -0.0955514686
vn 0.176469709 -0.979657266 -0.0955514686
vn 0.176469384 -0.979657296 -0.0955517631
vn 0.17647014 -0.979657226 -0.0955510779
vn 0.148685608 -0.978813955 -0.140768716
vn 0.148685608 -0.978813955 -0.140768716
vn 0.148685608 -0.978813955 -0.140768716
vn 0.105052708 -0.979657274 -0.170984074
vn 0.105052708 -0.979657274 -0.170984074
vn 0.105052661 -0.979657277 -0.170984084
vn 0.10505277 -0.97965727 -0.170984061
vn 0.058380393 -0.978813978 -0.196252201
vn 0.058380393 -0.978813978 -0.196252201
vn 0.058380393 -0.978813978 -0.196252201
vn 0.00548610196 -0.979657272 -0.200602922
vn 0.00548610196 -0.979657272 -0.200602922
vn 0.0054861462 -0.979657269 -0.200602936
vn 0.00548604326 -0.979657276 -0.200602903
vn -0.0447042035 -0.978930021 -0.199242435
vn -0.0447042035 -0.978930021 -0.199242435
vn -0.0447042035 -0.978930021 -0.199242435
vn -0.0946859347 -0.979568957 -0.177423879
vn -0.0946859347 -0.979568957 -0.177423879
vn -0.0940860025 -0.979506711 -0.178085451
vn -0.0955503934 -0.979657282 -0.176470204
vn -0.140769315 -0.978813979 -0.14868488
vn -0.140769315 -0.978813979 -0.14868488
vn -0.140769315 -0.978813979 -0.14868488
vn -0.170984512 -0.979657237 -0.105052348
vn -0.170984512 -0.979657237 -0.105052348
vn -0.17098457 -0.979657255 -0.105052075
vn -0.170984433 -0.979657211 -0.105052709
vn -0.196251769 -0.978813979 -0.0583818341
vn -0.196251769 -0.978813979 -0.0583818341
vn -0.196251769 -0.978813979 -0.0583818341
vn -0.200602718 -0.979657316 -0.00548572815
vn -0.200602718 -0.979657316 -0.00548572815
vn -0.200602694 -0.979657321 -0.00548565483
vn -0.200602749 -0.979657309 -0.00548582546

g collision_PZ_sc02_055_submesh_0
usemtl collision_6
f 453/453/453 455/455/455 454/454/454
f 453/453/453 454/454/454 456/456/456
f 457/457/457 459/459/459 458/458/458
f 457/457/457 458/458/458 460/460/460
f 461/461/461 463/463/463 462/462/462
f 461/461/461 462/462/462 464/464/464
f 465/465/465 467/467/467 466/466/466
f 465/465/465 466/466/466 468/468/468
f 469/469/469 471/471/471 470/470/470
f 469/469/469 470/470/470 472/472/472
f 473/473/473 475/475/475 474/474/474
f 473/473/473 474/474/474 476/476/476
f 477/477/477 479/479/479 478/478/478
f 477/477/477 478/478/478 480/480/480
f 481/481/481 483/483/483 482/482/482
f 481/481/481 482/482/482 484/484/484
f 485/485/485 487/487/487 486/486/486
f 485/485/485 486/486/486 488/488/488
f 489/489/489 491/491/491 490/490/490
f 489/489/489 490/490/490 492/492/492
f 493/493/493 495/495/495 494/494/494
f 493/493/493 494/494/494 496/496/496
f 497/497/497 499/499/499 498/498/498
f 497/497/497 498/498/498 500/500/500

g collision_PZ_sc02_055_submesh_1
usemtl collision_6
f 501/501/501 503/503/503 502/502/502
f 501/501/501 502/502/502 504/504/504
f 505/505/505 507/507/507 506/506/506
f 505/505/505 506/506/506 508/508/508
f 509/509/509 511/511/511 510/510/510
f 509/509/509 510/510/510 512/512/512
f 513/513/513 515/515/515 514/514/514
f 513/513/513 514/514/514 516/516/516
f 517/517/517 519/519/519 518/518/518
f 517/517/517 518/518/518 520/520/520
f 521/521/521 523/523/523 522/522/522
f 521/521/521 522/522/522 524/524/524
f 525/525/525 527/527/527 526/526/526
f 525/525/525 526/526/526 528/528/528
f 529/529/529 531/531/531 530/530/530
f 529/529/529 530/530/530 532/532/532
f 533/533/533 535/535/535 534/534/534
f 533/533/533 534/534/534 536/536/536
f 537/537/537 539/539/539 538/538/538
f 537/537/537 538/538/538 540/540/540
f 541/541/541 543/543/543 542/542/542
f 541/541/541 542/542/542 544/544/544
f 545/545/545 547/547/547 546/546/546
f 545/545/545 546/546/546 548/548/548
f 549/549/549 551/551/551 550/550/550
f 549/549/549 550/550/550 552/552/552
f 553/553/553 555/555/555 554/554/554
f 553/553/553 554/554/554 556/556/556
f 557/557/557 559/559/559 558/558/558
f 557/557/557 558/558/558 560/560/560
f 561/561/561 563/563/563 562/562/562
f 561/561/561 562/562/562 564/564/564
f 565/565/565 567/567/567 566/566/566
f 565/565/565 566/566/566 568/568/568
f 569/569/569 571/571/571 570/570/570
f 569/569/569 570/570/570 572/572/572
f 573/573/573 575/575/575 574/574/574
f 573/573/573 574/574/574 576/576/576
f 577/577/577 579/579/579 578/578/578
f 577/577/577 578/578/578 580/580/580
f 581/581/581 583/583/583 582/582/582
f 581/581/581 582/582/582 584/584/584
f 585/585/585 587/587/587 586/586/586
f 585/585/585 586/586/586 588/588/588
f 589/589/589 591/591/591 590/590/590
f 589/589/589 590/590/590 592/592/592
f 593/593/593 595/595/595 594/594/594
f 593/593/593 594/594/594 596/596/596

g collision_PZ_sc02_055_submesh_2
usemtl collision_6
f 597/597/597 599/599/599 598/598/598
f 600/600/600 602/602/602 601/601/601
f 600/600/600 601/601/601 603/603/603
f 604/604/604 606/606/606 605/605/605
f 607/607/607 609/609/609 608/608/608
f 607/607/607 608/608/608 610/610/610
f 611/611/611 613/613/613 612/612/612
f 614/614/614 616/616/616 615/615/615
f 614/614/614 615/615/615 617/617/617
f 618/618/618 620/620/620 619/619/619
f 621/621/621 623/623/623 622/622/622
f 621/621/621 622/622/622 624/624/624
f 625/625/625 627/627/627 626/626/626
f 628/628/628 630/630/630 629/629/629
f 628/628/628 629/629/629 631/631/631
f 632/632/632 634/634/634 633/633/633
f 635/635/635 637/637/637 636/636/636
f 635/635/635 636/636/636 638/638/638
f 639/639/639 641/641/641 640/640/640
f 642/642/642 644/644/644 643/643/643
f 642/642/642 643/643/643 645/645/645
f 646/646/646 648/648/648 647/647/647
f 649/649/649 651/651/651 650/650/650
f 649/649/649 650/650/650 652/652/652
f 653/653/653 655/655/655 654/654/654
f 656/656/656 658/658/658 657/657/657
f 656/656/656 657/657/657 659/659/659
f 660/660/660 662/662/662 661/661/661
f 663/663/663 665/665/665 664/664/664
f 663/663/663 664/664/664 666/666/666
f 667/667/667 669/669/669 668/668/668
f 670/670/670 672/672/672 671/671/671
f 670/670/670 671/671/671 673/673/673
f 674/674/674 676/676/676 675/675/675
f 677/677/677 679/679/679 678/678/678
f 677/677/677 678/678/678 680/680/680

o collision_PZ_sc02_032
v 0.00716355487 2.77750397e-06 -46.004921
v -3.994019 2.77750397e-06 -41.6621485
v -3.99402091 5.44302728 -41.6621485
v 0.00716355487 5.18359406 -46.004921
v -3.99402091 5.44302728 -41.6621485
v -8.94201514 2.77750397e-06 -39.7363676
v -8.94201514 5.44302728 -39.7363676
v -3.994019 2.77750397e-06 -41.6621485
v -8.94201514 5.44302728 -39.7363676
v -13.2852769 2.77750397e-06 -36.7696934
v -13.2852769 5.44302728 -36.7696934
v -8.94201514 2.77750397e-06 -39.7363676
v -13.2852769 5.44302728 -36.7696934
v -16.7457261 2.77750397e-06 -32.6279706
v -16.7457261 5.44302728 -32.6279706
v -13.2852769 2.77750397e-06 -36.7696934
v -16.7457261 5.44302728 -32.6279706
v -19.0607896 2.77750396e-06 -27.0533886
v -19.0607896 5.44302728 -27.0533886
v -16.7457261 2.77750397e-06 -32.6279706
v -2.3632836 13.8214035 -37.4722232
v -6.85867926 8.28760641 -35.7850668
v -6.85867926 13.8214035 -35.7850744
v -2.3632836 8.28760641 -37.4722155
v -6.85867926 13.8214035 -35.7850744
v -10.2921643 8.28760641 -33.4719951
v -10.2921643 13.8214035 -33.4719951
v -6.85867926 8.28760641 -35.7850668
v -10.2921643 13.8214035 -33.4719951
v -12.9444518 8.28760641 -30.3244032
v -12.9444518 13.8214035 -30.3244032
v -10.2921643 8.28760641 -33.4719951
v -12.9444518 13.8214035 -30.3244032
v -14.9085316 8.28760641 -25.3290009
v -14.9085316 13.8214035 -25.3290009
v -12.9444518 8.28760641 -30.3244032
v -3.99402091 5.44302728 -41.6621485
v -2.3632836 13.8214035 -37.4722232
v -3.99402091 15.2528989 -41.6621485
v -2.3632836 8.28760641 -37.4722155
v -3.99402091 15.2528989 -41.6621485
v -6.85867926 13.8214035 -35.7850744
v -8.94201514 15.2528989 -39.7363676
v -2.3632836 13.8214035 -37.4722232
v -8.94201514 5.44302728 -39.7363676
v -2.3632836 8.28760641 -37.4722155
v -3.99402091 5.44302728 -41.6621485
v -6.85867926 8.28760641 -35.7850668
v -8.94201514 15.2528989 -39.7363676
v -10.2921643 13.8214035 -33.4719951
v -13.2852769 15.2528989 -36.7696934
v -6.85867926 13.8214035 -35.7850744
v -13.2852769 5.44302728 -36.7696934
v -6.85867926 8.28760641 -35.7850668
v -8.94201514 5.44302728 -39.7363676
v -10.2921643 8.28760641 -33.4719951
v -13.2852769 15.2528989 -36.7696934
v -12.9444518 13.8214035 -30.3244032
v -16.7457261 15.2528989 -32.6279706
v -10.2921643 13.8214035 -33.4719951
v -16.7457261 5.44302728 -32.6279706
v -10.2921643 8.28760641 -33.4719951
v -13.2852769 5.44302728 -36.7696934
v -12.9444518 8.28760641 -30.3244032
v -16.7457261 15.2528989 -32.6279706
v -14.9085316 13.8214035 -25.3290009
v -19.0607896 15.2528989 -27.0533886
v -12.9444518 13.8214035 -30.3244032
v -19.0607896 15.2528989 -27.0533886
v -14.9085316 8.28760641 -25.3290009
v -19.0607896 5.44302728 -27.0533886
v -14.9085316 13.8214035 -25.3290009
v -19.0607896 5.44302728 -27.0533886
v -12.9444518 8.28760641 -30.3244032
v -16.7457261 5.44302728 -32.6279706
v -14.9085316 8.28760641 -25.3290009
v -3.994019 25.2017952 -41.6621485
v -8.94201514 15.2528989 -39.7363676
v -8.94201514 25.2017952 -39.7363676
v -3.99402091 15.2528989 -41.6621485
v -8.94201514 25.2017952 -39.7363676
v -13.2852769 15.2528989 -36.7696934
v -13.2852769 25.2017952 -36.7696934
v -8.94201514 15.2528989 -39.7363676
v -13.2852769 25.2017952 -36.7696934
v -16.7457261 15.2528989 -32.6279706
v -16.7457261 25.2017952 -32.6279706
v -13.2852769 15.2528989 -36.7696934
v -16.7457261 25.2017952 -32.6279706
v -19.0607896 15.2528989 -27.0533886
v -19.0607896 25.2017952 -27.0533886
v -16.7457261 15.2528989 -32.6279706
v 0.00716355487 25.2017952 -46.004921
v -3.99402091 15.2528989 -41.6621485
v -3.994019 25.2017952 -41.6621485
v 0.00716355487 5.18359406 -46.004921
v -3.99402091 5.44302728 -41.6621485
vt 4.99957275 0.663501382
vt 5.34049511 0.663498819
vt 5.34049797 0.998487949
vt 4.99957466 0.948381841
vt 5.34049797 0.998487949
vt 4.99957275 0.663501382
vt 4.99957561 0.998490334
vt 5.34049511 0.663498819
vt 4.99957561 0.998490334
vt 5.34049511 0.663498819
vt 5.34049797 0.998487949
vt 4.99957275 0.663501382
vt 5.34049797 0.998487949
vt 4.99957275 0.663501382
vt 4.99957561 0.998490334
vt 5.34049511 0.663498819
vt 4.99957561 0.998490334
vt 5.34049511 0.663498819
vt 5.34049797 0.998487949
vt 4.99957275 0.663501382
vt 0.782088518 0.48837173
vt 0.583888888 0.659059167
vt 0.782089114 0.659058452
vt 0.583888292 0.488372445
vt 0.782088518 0.48837173
vt 0.583888888 0.659059167
vt 0.782089114 0.659058452
vt 0.583888292 0.488372445
vt 0.782088518 0.48837173
vt 0.583888888 0.659059167
vt 0.782089114 0.659058452
vt 0.583888292 0.488372445
vt 0.782088518 0.48837173
vt 0.583888888 0.659059167
vt 0.782089114 0.659058452
vt 0.583888292 0.488372445
vt 0.861691058 0.484435797
vt 0.593855977 0.34638834
vt 0.548395216 0.484435529
vt 0.770574629 0.346388996
vt 0.940905809 0.488371134
vt 0.782089114 0.659058452
vt 0.940906405 0.659057915
vt 0.782088518 0.48837173
vt 0.425236613 0.659059763
vt 0.583888292 0.488372445
vt 0.425235957 0.488373041
vt 0.583888888 0.659059167
vt 0.940905809 0.488371134
vt 0.782089114 0.659058452
vt 0.940906405 0.659057915
vt 0.782088518 0.48837173
vt 0.425236613 0.659059763
vt 0.583888292 0.488372445
vt 0.425235957 0.488373041
vt 0.583888888 0.659059167
vt 0.940905809 0.488371134
vt 0.782089114 0.659058452
vt 0.940906405 0.659057915
vt 0.782088518 0.48837173
vt 0.425236613 0.659059763
vt 0.583888292 0.488372445
vt 0.425235957 0.488373041
vt 0.583888888 0.659059167
vt 0.940905809 0.488371134
vt 0.782089114 0.659058452
vt 0.940906405 0.659057915
vt 0.782088518 0.48837173
vt 0.548437774 0.48453927
vt 0.770574629 0.346388996
vt 0.861733556 0.484540373
vt 0.593855977 0.34638834
vt 0.425236613 0.659059763
vt 0.583888292 0.488372445
vt 0.425235957 0.488373041
vt 0.583888888 0.659059167
vt 6.42782974 3.98184562
vt 7.35178375 5.51782036
vt 7.35178375 3.98184562
vt 6.42782974 5.51782036
vt 7.35178375 3.98184562
vt 6.42782974 5.51782036
vt 6.42782974 3.98184562
vt 7.35178375 5.51782036
vt 6.42782974 3.98184562
vt 7.35178375 5.51782036
vt 7.35178375 3.98184562
vt 6.42782974 5.51782036
vt 7.35178375 3.98184562
vt 6.42782974 5.51782036
vt 6.42782974 3.98184562
vt 7.35178375 5.51782036
vt 7.35178375 3.98184562
vt 6.42782974 5.51782036
vt 6.42782974 3.98184562
vt 7.35178471 7.1580286
vt 6.42782974 7.03233004
vn 0.73543865 1.32002317e-07 0.677591316
vn 0.735438729 2.57712978e-07 0.677591231
vn 0.73543865 1.32002317e-07 0.677591316
vn 0.735438568 0 0.677591406
vn 0.362701545 6.354907e-08 0.931905354
vn 0.362701545 6.354907e-08 0.931905354
vn 0.362701606 -1.22931316e-15 0.931905331
vn 0.362701484 1.2709812e-07 0.931905378
vn 0.564032209 -1.09740377e-15 0.825752788
vn 0.564032209 -1.09740377e-15 0.825752788
vn 0.564032209 -1.11685419e-15 0.825752788
vn 0.564032209 -1.07795334e-15 0.825752788
vn 0.767399299 -4.18497404e-16 0.641169491
vn 0.767399299 -4.18497404e-16 0.641169491
vn 0.767399299 0 0.641169491
vn 0.767399299 -8.36994807e-16 0.641169491
vn 0.923527942 0 0.383531147
vn 0.923527942 0 0.383531147
vn 0.923527942 0 0.383531147
vn 0.923527942 0 0.383531147
vn 0.35137455 1.29077818e-06 0.936234973
vn 0.35137455 1.29077818e-06 0.936234973
vn 0.35137455 1.29077818e-06 0.936234973
vn 0.35137455 1.29077818e-06 0.936234973
vn 0.558721433 5.7171216e-07 0.829355388
vn 0.558721433 5.7171216e-07 0.829355388
vn 0.558722067 0 0.829354961
vn 0.558720799 1.14342491e-06 0.829355815
vn 0.764709608 0 0.644375058
vn 0.764709608 0 0.644375058
vn 0.764709608 0 0.644375058
vn 0.764709608 0 0.644375058
vn 0.930649986 -1.19605977e-16 0.365910649
vn 0.930649986 -1.19605977e-16 0.365910649
vn 0.930649986 -2.39211954e-16 0.365910649
vn 0.930649986 0 0.365910649
vn 0.93190544 -1.80347412e-07 -0.362701324
vn 0.93190544 -1.80347412e-07 -0.362701324
vn 0.931905319 0 -0.362701637
vn 0.931905657 -5.00052071e-07 -0.362700768
vn 0.109081934 0.952265784 0.28511578
vn 0.109081934 0.952265784 0.28511578
vn 0.111345294 0.95171316 0.286084404
vn 0.106607575 0.952862798 0.284055122
vn 0.191982201 -0.843410377 0.501798536
vn 0.191982201 -0.843410377 0.501798536
vn 0.193920901 -0.845069254 0.498249577
vn 0.18981184 -0.84153793 0.505752289
vn 0.17290887 0.951440281 0.254683949
vn 0.17290887 0.951440281 0.254683949
vn 0.174095164 0.951171872 0.254878293
vn 0.171410459 0.951777163 0.254437981
vn 0.303764726 -0.841151589 0.447427085
vn 0.303764726 -0.841151589 0.447427085
vn 0.304373381 -0.84189697 0.445607829
vn 0.302985772 -0.840194766 0.449747015
vn 0.236929411 0.950993271 0.198686319
vn 0.236929411 0.950993271 0.198686319
vn 0.237706307 0.950816179 0.198605905
vn 0.235914618 0.95122362 0.198791141
vn 0.415828744 -0.839933509 0.348709272
vn 0.415828744 -0.839933509 0.348709272
vn 0.415881353 -0.84041972 0.347472868
vn 0.415758421 -0.839291661 0.350334759
vn 0.284319818 0.951794809 0.115103791
vn 0.284319818 0.951794809 0.115103791
vn 0.280181204 0.952869206 0.116356218
vn 0.289077934 0.950534372 0.113658944
vn -0.383531158 -2.18869699e-16 0.923527937
vn -0.383531158 -2.18869699e-16 0.923527937
vn -0.383531158 0 0.923527937
vn -0.383531158 -6.06864344e-16 0.923527937
vn 0.499880041 -0.842119897 0.202371006
vn 0.499880041 -0.842119897 0.202371006
vn 0.501876297 -0.839452028 0.208423788
vn 0.497643311 -0.84502512 0.19566216
vn 0.362701545 -3.476759e-08 0.931905354
vn 0.362701545 -3.476759e-08 0.931905354
vn 0.362701484 0 0.931905378
vn 0.362701606 -6.95351916e-08 0.931905331
vn 0.564032209 0 0.825752788
vn 0.564032209 0 0.825752788
vn 0.564032209 0 0.825752788
vn 0.564032209 0 0.825752788
vn 0.767399299 0 0.641169491
vn 0.767399299 0 0.641169491
vn 0.767399299 0 0.641169491
vn 0.767399299 0 0.641169491
vn 0.923527942 -1.33108429e-16 0.383531147
vn 0.923527942 -1.33108429e-16 0.383531147
vn 0.923527942 -2.66216858e-16 0.383531147
vn 0.923527942 0 0.383531147
vn 0.735438621 -4.68092664e-08 0.677591348
vn 0.735438608 -3.52650756e-08 0.677591362
vn 0.735438729 -1.40994338e-07 0.677591231
vn 0.735438568 0 0.677591406
vn 0.735438568 0 0.677591406

g collision_PZ_sc02_032_submesh_0
usemtl collision_7
f 681/681/681 683/683/683 682/682/682
f 683/683/683 681/681/681 684/684/684
f 685/685/685 687/687/687 686/686/686
f 685/685/685 686/686/686 688/688/688
f 689/689/689 691/691/691 690/690/690
f 689/689/689 690/690/690 692/692/692
f 693/693/693 695/695/695 694/694/694
f 693/693/693 694/694/694 696/696/696
f 697/697/697 699/699/699 698/698/698
f 697/697/697 698/698/698 700/700/700
f 701/701/701 703/703/703 702/702/702
f 701/701/701 702/702/702 704/704/704
f 705/705/705 707/707/707 706/706/706
f 705/705/705 706/706/706 708/708/708
f 709/709/709 711/711/711 710/710/710
f 709/709/709 710/710/710 712/712/712
f 713/713/713 715/715/715 714/714/714
f 713/713/713 714/714/714 716/716/716
f 717/717/717 719/719/719 718/718/718
f 717/717/717 718/718/718 720/720/720
f 721/721/721 723/723/723 722/722/722
f 721/721/721 722/722/722 724/724/724
f 725/725/725 727/727/727 726/726/726
f 725/725/725 726/726/726 728/728/728
f 729/729/729 731/731/731 730/730/730
f 729/729/729 730/730/730 732/732/732
f 733/733/733 735/735/735 734/734/734
f 733/733/733 734/734/734 736/736/736
f 737/737/737 739/739/739 738/738/738
f 737/737/737 738/738/738 740/740/740
f 741/741/741 743/743/743 742/742/742
f 741/741/741 742/742/742 744/744/744
f 745/745/745 747/747/747 746/746/746
f 745/745/745 746/746/746 748/748/748
f 749/749/749 751/751/751 750/750/750
f 749/749/749 750/750/750 752/752/752
f 753/753/753 755/755/755 754/754/754
f 753/753/753 754/754/754 756/756/756

g collision_PZ_sc02_032_submesh_1
usemtl collision_7
f 757/757/757 759/759/759 758/758/758
f 757/757/757 758/758/758 760/760/760
f 761/761/761 763/763/763 762/762/762
f 761/761/761 762/762/762 764/764/764
f 765/765/765 767/767/767 766/766/766
f 765/765/765 766/766/766 768/768/768
f 769/769/769 771/771/771 770/770/770
f 769/769/769 770/770/770 772/772/772
f 773/773/773 775/775/775 774/774/774
f 776/776/776 773/773/773 774/774/774
f 776/776/776 774/774/774 777/777/777

o collision_PZ_sc02_026
v 29.3536186 -0.0115342603 -14.2906234
v 27.3768807 -0.0115342603 -16.6352493
v 27.3768787 3.42904637 -16.6352474
v 27.3768768 6.86962701 -16.6352455
v 29.3536167 6.86962844 -14.2906205
v 27.3768787 3.42904637 -16.6352474
v 23.560257 -0.0115342603 -19.2943903
v 23.560257 3.42904685 -19.2943903
v 27.3768807 -0.0115342603 -16.6352493
v 23.560257 3.42904685 -19.2943903
v 19.1854496 -0.0115342603 -20.8751109
v 19.1854496 3.42904685 -20.8751071
v 23.560257 -0.0115342603 -19.2943903
v 19.1854496 3.42904685 -20.8751071
v 19.1854496 -0.0115342603 -20.8751109
v 16.5173569 -0.0115342603 -21.2207014
v 16.5173569 6.86962844 -21.2206995
v 19.1854496 6.86962796 -20.8751071
v 40.610939 9.05103967e-07 -17.9347009
v 31.8071556 7.29966966 -13.75821
v 40.610939 9.94361578 -17.9347009
v 31.8071556 -0.00992064366 -13.7582109
v 12.23104 9.94361578 -30.6097453
v 14.4964047 -0.00962548152 -22.9442137
v 12.23104 9.0510397e-07 -30.6097472
v 14.4964047 7.37828341 -22.9442118
v 26.4076729 4.09027299 -16.0368245
v 19.0851727 6.20840468 -19.4072844
v 26.2388306 6.19947066 -15.7054495
v 19.254015 4.09920653 -19.7386575
v 27.3768787 3.42904637 -16.6352474
v 26.2388306 6.19947066 -15.7054495
v 27.3768768 6.86962701 -16.6352455
v 26.4076729 4.09027299 -16.0368245
v 27.3768768 6.86962701 -16.6352455
v 26.2388306 6.19947066 -15.7054495
v 23.560257 6.86962796 -19.2943903
v 19.1854496 6.86962796 -20.8751071
v 19.254015 4.09920653 -19.7386575
v 19.1854496 3.42904685 -20.8751071
v 19.0851727 6.20840468 -19.4072844
v 19.1854496 3.42904685 -20.8751071
v 19.254015 4.09920653 -19.7386575
v 23.560257 3.42904685 -19.2943903
v 23.560257 3.42904685 -19.2943903
v 26.4076729 4.09027299 -16.0368245
v 27.3768787 3.42904637 -16.6352474
v 23.560257 3.42904685 -19.2943903
v 19.254015 4.09920653 -19.7386575
v 26.4076729 4.09027299 -16.0368245
v 23.560257 6.86962796 -19.2943903
v 19.0851727 6.20840468 -19.4072844
v 19.1854496 6.86962796 -20.8751071
v 23.560257 6.86962796 -19.2943903
v 26.2388306 6.19947066 -15.7054495
v 19.0851727 6.20840468 -19.4072844
v 31.8071556 7.29966966 -13.75821
v 29.3536186 -0.0115342603 -14.2906234
v 29.3536167 6.86962844 -14.2906205
v 31.8071556 -0.00992064366 -13.7582109
v 16.5173569 6.86962844 -21.2206995
v 14.4964047 -0.00962548152 -22.9442137
v 14.4964047 7.37828341 -22.9442118
v 16.5173569 -0.0115342603 -21.2207014
v 39.0106812 9.94361674 -20.8901904
v 40.610939 9.94361578 -17.9347009
v 29.3536167 6.86962844 -14.2906205
v 34.3893433 9.94361578 -25.7713959
v 23.560257 6.86962796 -19.2943903
v 28.6621189 9.94361578 -29.2901998
v 27.3768768 6.86962701 -16.6352455
v 28.6621189 9.94361578 -29.2901998
v 19.1854496 6.86962796 -20.8751071
v 22.2193184 9.94361578 -31.2067815
v 23.560257 6.86962796 -19.2943903
v 22.2193184 9.94361578 -31.2067815
v 16.5173569 6.86962844 -21.2206995
v 15.5 9.94361578 -31.3905431
v 19.1854496 6.86962796 -20.8751071
v 15.5 9.94361578 -31.3905431
v 14.4964047 7.37828341 -22.9442118
v 12.23104 9.94361578 -30.6097453
v 16.5173569 6.86962844 -21.2206995
v 39.0106812 9.94361674 -20.8901904
v 27.3768768 6.86962701 -16.6352455
v 34.3893433 9.94361578 -25.7713959
v 29.3536167 6.86962844 -14.2906205
v 40.610939 9.94361578 -17.9347009
v 31.8071556 7.29966966 -13.75821
vt -0.392487049 -0.334907949
vt -0.453365326 -0.334907949
vt -0.453365326 -0.211670041
vt -0.453365326 -0.0884312466
vt -0.392487049 -0.0884312466
vt -0.659117699 -0.211670041
vt -0.800756574 -0.334907949
vt -0.800756574 -0.211670041
vt -0.659117699 -0.334907949
vt -0.800756574 -0.211670041
vt -0.659117699 -0.334907949
vt -0.659117699 -0.211670041
vt -0.800756574 -0.334907949
vt -0.453365326 -0.211670041
vt -0.453365326 -0.334907949
vt -0.392487049 -0.334907711
vt -0.392487049 -0.0884307697
vt -0.453365326 -0.0884312466
vt 0.000138040166 -0.33449477
vt -0.330990911 -0.0767875537
vt 0.000138040166 -0.00157720409
vt -0.330990911 -0.334850252
vt 0.000138040166 -0.00157744251
vt -0.330990911 -0.334839493
vt 0.000138040166 -0.334495246
vt -0.330990911 -0.0767875537
vt 1.06152344 0.926757812
vt 1.27734375 0.850585938
vt 1.06152344 0.850585938
vt 1.27734375 0.926757812
vt 1.25416303 1.69902599
vt 1.13631928 1.66537499
vt 1.10448909 1.69859564
vt 1.22036183 1.66490567
vt 0.989362538 1.69851387
vt 1.02305341 1.66443169
vt 1.16839647 1.71265244
vt 1.10449731 1.69859588
vt 1.22036803 1.66443479
vt 1.25417066 1.69902205
vt 1.13632548 1.6649071
vt 1.34809017 1.69871378
vt 1.31350279 1.66491127
vt 1.16839182 1.71345234
vt 1.16839182 1.71345234
vt 1.02305198 1.66490507
vt 0.988931596 1.69870615
vt 1.16839182 1.71345234
vt 1.31350279 1.66491127
vt 1.02305198 1.66490507
vt 1.16839647 1.71265244
vt 1.31350434 1.66442668
vt 1.3476634 1.69850731
vt 1.16839647 1.71265244
vt 1.02305341 1.66443169
vt 1.31350434 1.66442668
vt -0.330990911 -0.0767875537
vt -0.392487049 -0.334907949
vt -0.392487049 -0.0884312466
vt -0.330990911 -0.334850252
vt -0.392487049 -0.0884307697
vt -0.330990911 -0.334839493
vt -0.330990911 -0.0767875537
vt -0.392487049 -0.334907711
vt 0.00256315991 1.61858118
vt -0.432124794 1.58917749
vt 0.00256315991 0.00186258554
vt 0.8401196 1.66600037
vt 0.00256315991 0.00186258554
vt 0.00256315991 1.61858118
vt 0.8401196 0.00186258554
vt 0.00256315991 1.61858118
vt 0.8401196 0.00186258554
vt 0.8401196 1.66600037
vt 0.00256315991 0.00186258554
vt 0.8401196 1.66600037
vt 0.00256315991 0.00186258554
vt 0.00256315991 1.61858118
vt 0.8401196 0.00186258554
vt 0.00256315991 1.61858118
vt -0.272954226 0.294706643
vt -0.432124794 1.58917749
vt 0.00256315991 0.00186258554
vt 0.00256315991 1.61858118
vt 0.8401196 0.00186258554
vt 0.8401196 1.66600037
vt 0.00256315991 0.00186258554
vt -0.432124794 1.58917749
vt -0.272954226 0.294706643
vn -0.76453874 -6.30543638e-07 0.644577781
vn -0.764538957 -7.81169352e-07 0.644577523
vn -0.764538957 -7.81169352e-07 0.644577523
vn -0.764538667 -5.80335079e-07 0.644577867
vn -0.764538522 -4.7991798e-07 0.644578039
vn -0.571658318 -3.85881829e-07 0.820491784
vn -0.571658318 -3.85881829e-07 0.820491784
vn -0.571658552 0 0.820491621
vn -0.571658084 -7.71763672e-07 0.820491947
vn -0.339820779 -5.21377727e-07 0.940490212
vn -0.339820779 -5.21377727e-07 0.940490212
vn -0.339820416 -1.0427556e-06 0.940490343
vn -0.339821142 0 0.940490081
vn -0.128454802 -4.12331473e-07 0.991715364
vn -0.128454104 -1.09955073e-06 0.991715455
vn -0.128454802 -5.4977529e-07 0.991715364
vn -0.128455034 -1.83258425e-07 0.991715334
vn -0.128454802 -1.01949119e-15 0.991715364
vn 0.428612424 -4.99404928e-08 0.903488456
vn 0.428612424 -4.99404928e-08 0.903488456
vn 0.428612458 -3.22803707e-16 0.90348844
vn 0.428612378 -1.17877138e-07 0.903488478
vn -0.958999081 -6.23788201e-08 0.283409178
vn -0.958999081 -6.23788201e-08 0.283409178
vn -0.958999078 -5.43625258e-08 0.283409188
vn -0.958999085 -7.31681975e-08 0.283409166
vn -0.45277525 -0.173644992 0.874552451
vn -0.45277525 -0.173644992 0.874552451
vn -0.452775314 -0.173645395 0.874552338
vn -0.452775186 -0.17364459 0.874552564
vn 0.586895924 -0.0304551988 0.809089399
vn 0.586895924 -0.0304551988 0.809089399
vn 0.632694434 -7.85578364e-08 0.774401545
vn 0.472594593 -0.0997365109 0.875618056
vn -0.244904565 0.903584229 0.351507177
vn -0.244904565 0.903584229 0.351507177
vn -0.244904565 0.903584229 0.351507177
vn -0.999486383 -0.0296870142 -0.0120686287
vn -0.999486383 -0.0296870142 -0.0120686287
vn -0.998184921 -6.21862048e-17 0.0602234519
vn -0.993223096 -0.0642970002 -0.0968182668
vn -0.183380756 -0.841895753 0.507526393
vn -0.183380756 -0.841895753 0.507526393
vn -0.183380756 -0.841895753 0.507526393
vn -0.305655301 -0.845053687 0.43870161
vn -0.305655301 -0.845053687 0.43870161
vn -0.305655301 -0.845053687 0.43870161
vn -0.17891855 -0.921941528 0.343528707
vn -0.17891855 -0.921941528 0.343528707
vn -0.17891855 -0.921941528 0.343528707
vn -0.143901719 0.905912924 0.39826382
vn -0.143901719 0.905912924 0.39826382
vn -0.143901719 0.905912924 0.39826382
vn -0.147110193 0.946697619 0.286569727
vn -0.147110193 0.946697619 0.286569727
vn -0.147110193 0.946697619 0.286569727
vn -0.212062074 -2.91204569e-07 0.977256198
vn -0.212062074 -2.91204569e-07 0.977256198
vn -0.212061579 -4.65099819e-07 0.977256305
vn -0.21206254 -1.27501517e-07 0.977256097
vn -0.648894082 -2.0341348e-07 0.760878749
vn -0.648894082 -2.0341348e-07 0.760878749
vn -0.648894096 -1.9643728e-07 0.760878737
vn -0.648894067 -2.10903424e-07 0.760878762
vn -0.224633805 0.966822664 0.121628899
vn -0.224633805 0.966822664 0.121628899
vn -0.224633805 0.966822664 0.121628899
vn -0.142385305 0.965061576 0.219960405
vn -0.142385305 0.965061576 0.219960405
vn -0.1386981 0.964262246 0.225745784
vn -0.147564939 0.966108903 0.211797491
vn -0.0833396159 0.962602583 0.25778048
vn -0.0833396159 0.962602583 0.25778048
vn -0.0782709487 0.961583804 0.263116413
vn -0.090432406 0.963940398 0.250281621
vn -0.0161133192 0.958168774 0.285749823
vn -0.0161133192 0.958168774 0.285749823
vn -0.00793247448 0.956977328 0.290054251
vn -0.0356663927 0.960679855 0.275358176
vn 0.0392973676 0.954793595 0.294660665
vn 0.0392973676 0.954793595 0.294660665
vn 0.0710826514 0.952040334 0.297601176
vn -0.00636924494 0.957031438 0.289914227
vn -0.191315084 0.965857408 0.174694036
vn -0.191315084 0.965857408 0.174694036
vn -0.189469465 0.965361766 0.179382223
vn -0.198602211 0.965671311 0.16743978
vn -0.206543429 0.962817134 0.174134944
vn -0.206543429 0.962817134 0.174134944

g collision_PZ_sc02_026_submesh_0
usemtl collision_8
f 778/778/778 780/780/780 779/779/779
f 780/780/780 778/778/778 781/781/781
f 781/781/781 778/778/778 782/782/782
f 783/783/783 785/785/785 784/784/784
f 783/783/783 784/784/784 786/786/786
f 787/787/787 789/789/789 788/788/788
f 787/787/787 788/788/788 790/790/790
f 791/791/791 793/793/793 792/792/792
f 793/793/793 791/791/791 794/794/794
f 794/794/794 791/791/791 795/795/795
f 796/796/796 798/798/798 797/797/797
f 796/796/796 797/797/797 799/799/799
f 800/800/800 802/802/802 801/801/801
f 800/800/800 801/801/801 803/803/803
f 804/804/804 806/806/806 805/805/805
f 804/804/804 805/805/805 807/807/807
f 808/808/808 810/810/810 809/809/809
f 808/808/808 809/809/809 811/811/811
f 812/812/812 814/814/814 813/813/813
f 815/815/815 817/817/817 816/816/816
f 815/815/815 816/816/816 818/818/818
f 819/819/819 821/821/821 820/820/820
f 822/822/822 824/824/824 823/823/823
f 825/825/825 827/827/827 826/826/826
f 828/828/828 830/830/830 829/829/829
f 831/831/831 833/833/833 832/832/832
f 834/834/834 836/836/836 835/835/835
f 834/834/834 835/835/835 837/837/837
f 838/838/838 840/840/840 839/839/839
f 838/838/838 839/839/839 841/841/841

g collision_PZ_sc02_026_submesh_1
usemtl collision_8
f 842/842/842 844/844/844 843/843/843
f 845/845/845 847/847/847 846/846/846
f 845/845/845 846/846/846 848/848/848
f 849/849/849 851/851/851 850/850/850
f 849/849/849 850/850/850 852/852/852
f 853/853/853 855/855/855 854/854/854
f 853/853/853 854/854/854 856/856/856
f 857/857/857 859/859/859 858/858/858
f 857/857/857 858/858/858 860/860/860
f 861/861/861 863/863/863 862/862/862
f 861/861/861 862/862/862 864/864/864
f 864/864/864 866/866/866 865/865/865

o collision_PZ_Object34
v 15.2874643 1.22853491 -3.05823906
v 13.7919399 0.765020014 -4.73578046
v 14.311905 1.22853491 -4.85997506
v 14.8992578 0.765019835 -2.69070092
v 17.033188 1.22853491 -1.98566919
v 14.8992578 0.765019835 -2.69070092
v 15.2874643 1.22853491 -3.05823906
v 16.8807603 0.765019716 -1.47326843
v 19.0813161 1.22853491 -1.92965729
v 16.8807603 0.765019716 -1.47326843
v 17.033188 1.22853491 -1.98566919
v 19.2055112 0.765020491 -1.4096927
v 20.8830511 1.22853491 -2.90521513
v 19.2055112 0.765020491 -1.4096927
v 19.0813161 1.22853491 -1.92965729
v 21.2505876 0.765020372 -2.51700968
v 21.9556219 1.22853491 -4.65093922
v 21.2505876 0.765020372 -2.51700968
v 20.8830511 1.22853491 -2.90521513
v 22.4680215 0.76502067 -4.49851206
v 22.011635 1.22853491 -6.69906551
v 22.4680215 0.76502067 -4.49851206
v 21.9556219 1.22853491 -4.65093922
v 22.5315992 0.76502073 -6.82325963
v 21.0360757 1.22853491 -8.50080055
v 22.5315992 0.76502073 -6.82325963
v 22.011635 1.22853491 -6.69906551
v 21.4242822 0.765019776 -8.86833893
v 19.2903539 1.22853491 -9.57337209
v 21.4242822 0.765019776 -8.86833893
v 21.0360757 1.22853491 -8.50080055
v 19.4427797 0.76502067 -10.0857726
v 17.2422258 1.22853491 -9.62938424
v 19.4427797 0.76502067 -10.0857726
v 19.2903539 1.22853491 -9.57337209
v 17.1180307 0.76502061 -10.1493484
v 15.4404889 1.22853491 -8.65382806
v 17.1180307 0.76502061 -10.1493484
v 17.2422258 1.22853491 -9.62938424
v 15.0729505 0.765020312 -9.04203351
v 14.3679181 1.22853491 -6.90810468
v 15.0729505 0.765020312 -9.04203351
v 15.4404889 1.22853491 -8.65382806
v 13.8555175 0.765019716 -7.06053233
v 14.311905 1.22853491 -4.85997506
v 13.8555175 0.765019716 -7.06053233
v 14.3679181 1.22853491 -6.90810468
v 13.7919399 0.765020014 -4.73578046
v 13.7919399 0.765020014 -4.73578046
v 14.2585336 9.47964063e-08 -2.0840886
v 12.9337503 9.47964068e-08 -4.53080013
v 14.8992578 0.765019835 -2.69070092
v 14.8992578 0.765019835 -2.69070092
v 16.6291849 9.47964059e-08 -0.627564995
v 14.2585336 9.47964063e-08 -2.0840886
v 16.8807603 0.765019716 -1.47326843
v 16.8807603 0.765019716 -1.47326843
v 19.4104902 9.47964059e-08 -0.551503285
v 16.6291849 9.47964059e-08 -0.627564995
v 19.2055112 0.765020491 -1.4096927
v 19.2055112 0.765020491 -1.4096927
v 21.8572008 9.47964062e-08 -1.87628491
v 19.4104902 9.47964059e-08 -0.551503285
v 21.2505876 0.765020372 -2.51700968
v 21.2505876 0.765020372 -2.51700968
v 23.3137266 9.47964067e-08 -4.24693473
v 21.8572008 9.47964062e-08 -1.87628491
v 22.4680215 0.76502067 -4.49851206
v 22.4680215 0.76502067 -4.49851206
v 23.3897897 9.47964073e-08 -7.02823949
v 23.3137266 9.47964067e-08 -4.24693473
v 22.5315992 0.76502073 -6.82325963
v 22.5315992 0.76502073 -6.82325963
v 22.0650064 9.47964078e-08 -9.47495102
v 23.3897897 9.47964073e-08 -7.02823949
v 21.4242822 0.765019776 -8.86833893
v 21.4242822 0.765019776 -8.86833893
v 19.6943571 9.47964082e-08 -10.9314775
v 22.0650064 9.47964078e-08 -9.47495102
v 19.4427797 0.76502067 -10.0857726
v 19.4427797 0.76502067 -10.0857726
v 16.9130517 9.47964082e-08 -11.0075387
v 19.6943571 9.47964082e-08 -10.9314775
v 17.1180307 0.76502061 -10.1493484
v 17.1180307 0.76502061 -10.1493484
v 14.4663383 9.47964079e-08 -9.68275852
v 16.9130517 9.47964082e-08 -11.0075387
v 15.0729505 0.765020312 -9.04203351
v 15.0729505 0.765020312 -9.04203351
v 13.0098134 9.47964074e-08 -7.31210965
v 14.4663383 9.47964079e-08 -9.68275852
v 13.8555175 0.765019716 -7.06053233
v 13.8555175 0.765019716 -7.06053233
v 12.9337503 9.47964068e-08 -4.53080013
v 13.0098134 9.47964074e-08 -7.31210965
v 13.7919399 0.765020014 -4.73578046
v 14.311905 1.22853491 -4.85997506
v 15.2874643 6.69216288 -3.05824002
v 15.2874643 1.22853491 -3.05823906
v 14.311906 6.69216479 -4.85997506
v 15.2874643 1.22853491 -3.05823906
v 17.033188 6.69216383 -1.98566991
v 17.033188 1.22853491 -1.98566919
v 15.2874643 6.69216288 -3.05824002
v 17.033188 1.22853491 -1.98566919
v 19.0813161 6.69216383 -1.92965872
v 19.0813161 1.22853491 -1.92965729
v 17.033188 6.69216383 -1.98566991
v 19.0813161 1.22853491 -1.92965729
v 20.8830511 6.69216383 -2.90521513
v 20.8830511 1.22853491 -2.90521513
v 19.0813161 6.69216383 -1.92965872
v 20.8830511 1.22853491 -2.90521513
v 21.9556219 6.69216383 -4.65093875
v 21.9556219 1.22853491 -4.65093922
v 20.8830511 6.69216383 -2.90521513
v 21.9556219 1.22853491 -4.65093922
v 22.0116331 6.69216288 -6.69906504
v 22.011635 1.22853491 -6.69906551
v 21.9556219 6.69216383 -4.65093875
v 22.011635 1.22853491 -6.69906551
v 21.0360757 6.69216479 -8.50080055
v 21.0360757 1.22853491 -8.50080055
v 22.0116331 6.69216288 -6.69906504
v 21.0360757 1.22853491 -8.50080055
v 19.290352 6.69216288 -9.57337114
v 19.2903539 1.22853491 -9.57337209
v 21.0360757 6.69216479 -8.50080055
v 19.2903539 1.22853491 -9.57337209
v 17.2422258 6.69216288 -9.62938328
v 17.2422258 1.22853491 -9.62938424
v 19.290352 6.69216288 -9.57337114
v 17.2422258 1.22853491 -9.62938424
v 15.4404889 6.69216288 -8.6538271
v 15.4404889 1.22853491 -8.65382806
v 17.2422258 6.69216288 -9.62938328
v 15.4404889 1.22853491 -8.65382806
v 14.3679191 6.69216383 -6.90810421
v 14.3679181 1.22853491 -6.90810468
v 15.4404889 6.69216288 -8.6538271
v 14.3679181 1.22853491 -6.90810468
v 14.311906 6.69216479 -4.85997506
v 14.311905 1.22853491 -4.85997506
v 14.3679191 6.69216383 -6.90810421
vt -1.33398294 0.287642896
vt -1.26274252 0.254713863
vt -1.26274252 0.287642419
vt -1.33398294 0.25471431
vt -1.33398294 0.287642896
vt -1.26274252 0.254713923
vt -1.26274252 0.287642419
vt -1.33398294 0.254714251
vt -1.33398294 0.287642896
vt -1.26274252 0.254713863
vt -1.26274252 0.287642419
vt -1.33398294 0.25471431
vt -1.33398294 0.287642896
vt -1.26274252 0.254713923
vt -1.26274252 0.287642419
vt -1.33398294 0.25471431
vt -1.33398294 0.287642896
vt -1.26274252 0.254713923
vt -1.26274252 0.287642419
vt -1.33398294 0.25471431
vt -1.33398294 0.287642896
vt -1.26274252 0.254713923
vt -1.26274252 0.287642419
vt -1.33398294 0.25471431
vt -1.33398294 0.287642896
vt -1.26274252 0.254713923
vt -1.26274252 0.287642419
vt -1.33398294 0.25471431
vt -1.33398294 0.287642896
vt -1.26274252 0.254713863
vt -1.26274252 0.287642419
vt -1.33398294 0.25471431
vt -1.33398294 0.287642896
vt -1.26274252 0.254713923
vt -1.26274252 0.287642419
vt -1.33398294 0.25471431
vt -1.33398294 0.287642896
vt -1.26274252 0.254713923
vt -1.26274252 0.287642419
vt -1.33398294 0.25471431
vt -1.33398294 0.287642896
vt -1.26274252 0.254713923
vt -1.26274252 0.287642419
vt -1.33398294 0.25471431
vt -1.33398294 0.287642896
vt -1.26274252 0.254713863
vt -1.26274252 0.287642419
vt -1.33398294 0.25471431
vt -0.768515706 0.720985532
vt -0.91114682 0.664771914
vt -0.756370783 0.664771497
vt -0.897896886 0.720986009
vt -0.768515766 0.720985591
vt -0.91114682 0.664771914
vt -0.756370783 0.664771497
vt -0.897896886 0.720985949
vt -0.768515706 0.720985532
vt -0.91114682 0.664771914
vt -0.756370783 0.664771497
vt -0.897896886 0.720986009
vt -0.768515766 0.720985591
vt -0.91114682 0.664771914
vt -0.756370783 0.664771497
vt -0.897896886 0.720986009
vt -0.768515766 0.720985591
vt -0.91114682 0.664771914
vt -0.756370783 0.664771497
vt -0.897896886 0.720986009
vt -0.768515766 0.720985591
vt -0.91114682 0.664771914
vt -0.756370783 0.664771497
vt -0.897896886 0.720986009
vt -0.768515766 0.720985591
vt -0.91114682 0.664771914
vt -0.756370783 0.664771497
vt -0.897896886 0.720986009
vt -0.768515706 0.720985532
vt -0.91114682 0.664771914
vt -0.756370783 0.664771497
vt -0.897896886 0.720986009
vt -0.768515766 0.720985591
vt -0.91114682 0.664771914
vt -0.756370783 0.664771497
vt -0.897896886 0.720986009
vt -0.768515766 0.720985591
vt -0.91114682 0.664771914
vt -0.756370783 0.664771497
vt -0.897896886 0.720986009
vt -0.768515766 0.720985591
vt -0.91114682 0.664771914
vt -0.756370783 0.664771497
vt -0.897896886 0.720986009
vt -0.768515706 0.720985532
vt -0.91114682 0.664771914
vt -0.756370783 0.664771497
vt -0.897896826 0.720986009
vt -0.585237861 0.665003657
vt -0.465282679 0.997489452
vt -0.465283811 0.665003061
vt -0.585236907 0.997490048
vt -0.465283811 0.665003061
vt -0.585236907 0.997488379
vt -0.585237861 0.665005445
vt -0.465282679 0.997489452
vt -0.585237861 0.665005445
vt -0.465282679 0.997487783
vt -0.465283811 0.665006697
vt -0.585236907 0.997488379
vt -0.465283811 0.665006697
vt -0.585236907 0.997490048
vt -0.585237861 0.665007174
vt -0.465282679 0.997487783
vt -0.585237861 0.665007174
vt -0.465282679 0.997489452
vt -0.465283811 0.665006697
vt -0.585236907 0.997490048
vt -0.465283811 0.665006697
vt -0.585236907 0.997490048
vt -0.585237861 0.665007174
vt -0.465282679 0.997489452
vt -0.585237861 0.665007174
vt -0.465282679 0.997489452
vt -0.465283811 0.665006697
vt -0.585236907 0.997490048
vt -0.465283811 0.665006697
vt -0.585236907 0.997488379
vt -0.585237861 0.665007174
vt -0.465282679 0.997489452
vt -0.585237861 0.665007174
vt -0.465282679 0.997487783
vt -0.465283811 0.665006697
vt -0.585236907 0.997488379
vt -0.465283811 0.665006697
vt -0.585236907 0.997488737
vt -0.585237861 0.665007174
vt -0.465282679 0.997487783
vt -0.585237861 0.665003657
vt -0.465282679 0.997487783
vt -0.465283811 0.665003061
vt -0.585236907 0.997488141
vt -0.465283811 0.665003061
vt -0.585236907 0.997490048
vt -0.585237861 0.665003657
vt -0.465282679 0.997487783
vn -0.58741034 0.74417022 0.318056248
vn -0.58741034 0.74417022 0.318056248
vn -0.587410489 0.744170022 0.318056435
vn -0.587410209 0.744170393 0.318056083
vn -0.349684659 0.744170257 0.569149601
vn -0.349684659 0.744170257 0.569149601
vn -0.349684676 0.744170163 0.569149713
vn -0.349684644 0.74417034 0.569149502
vn -0.0182612151 0.744170109 0.667740502
vn -0.0182612151 0.744170109 0.667740502
vn -0.0182612647 0.74417022 0.667740376
vn -0.0182611715 0.74417001 0.667740612
vn 0.318056373 0.744169959 0.587410602
vn 0.318056373 0.744169959 0.587410602
vn 0.318056126 0.74417022 0.587410406
vn 0.318056591 0.74416973 0.587410775
vn 0.569149849 0.744169796 0.349685236
vn 0.569149849 0.744169796 0.349685236
vn 0.569150381 0.744169352 0.349685316
vn 0.56914938 0.744170187 0.349685166
vn 0.667740535 0.74417007 0.0182615928
vn 0.667740535 0.74417007 0.0182615928
vn 0.667740333 0.744170248 0.0182616722
vn 0.667740712 0.744169912 0.0182615229
vn 0.587410367 0.744170148 -0.318056365
vn 0.587410367 0.744170148 -0.318056365
vn 0.587410607 0.744169829 -0.318056667
vn 0.587410155 0.744170429 -0.318056099
vn 0.349685253 0.744170256 -0.569149237
vn 0.349685253 0.744170256 -0.569149237
vn 0.349685236 0.744170356 -0.569149117
vn 0.349685269 0.744170168 -0.569149342
vn 0.0182611134 0.744170246 -0.667740351
vn 0.0182611134 0.744170246 -0.667740351
vn 0.0182613269 0.744170727 -0.667739809
vn 0.0182609252 0.744169823 -0.667740828
vn -0.318055489 0.744170138 -0.587410854
vn -0.318055489 0.744170138 -0.587410854
vn -0.318055488 0.744170139 -0.587410854
vn -0.31805549 0.744170137 -0.587410855
vn -0.569149438 0.744170297 -0.349684839
vn -0.569149438 0.744170297 -0.349684839
vn -0.56914935 0.744170371 -0.349684826
vn -0.569149515 0.744170233 -0.34968485
vn -0.667740517 0.744170085 -0.0182616011
vn -0.667740517 0.744170085 -0.0182616011
vn -0.667740407 0.744170183 -0.0182616445
vn -0.667740614 0.744169999 -0.0182615628
vn -0.587410513 0.744170106 0.318056195
vn -0.587410513 0.744170106 0.318056195
vn -0.587410587 0.744170049 0.318056192
vn -0.587410424 0.744170174 0.318056199
vn -0.349684814 0.744169862 0.569150022
vn -0.349684814 0.744169862 0.569150022
vn -0.349684629 0.744170022 0.569149926
vn -0.349685034 0.744169671 0.569150136
vn -0.0182610979 0.744169854 0.667740789
vn -0.0182610979 0.744169854 0.667740789
vn -0.0182610295 0.744169951 0.667740682
vn -0.0182611798 0.744169737 0.667740917
vn 0.318056252 0.744169906 0.587410735
vn 0.318056252 0.744169906 0.587410735
vn 0.318056232 0.744169558 0.587411187
vn 0.318056277 0.744170321 0.587410196
vn 0.569149408 0.744170192 0.34968511
vn 0.569149408 0.744170192 0.34968511
vn 0.569149361 0.74417027 0.349685021
vn 0.569149463 0.7441701 0.349685218
vn 0.667740471 0.74417013 0.018261439
vn 0.667740471 0.74417013 0.018261439
vn 0.667740366 0.744170227 0.0182613716
vn 0.667740597 0.744170015 0.0182615197
vn 0.587410549 0.74417006 -0.318056235
vn 0.587410549 0.74417006 -0.318056235
vn 0.587410658 0.744169976 -0.31805623
vn 0.587410418 0.744170161 -0.318056241
vn 0.34968532 0.744170061 -0.569149451
vn 0.34968532 0.744170061 -0.569149451
vn 0.349685299 0.744170078 -0.569149441
vn 0.349685344 0.744170039 -0.569149464
vn 0.0182609136 0.744170095 -0.667740525
vn 0.0182609136 0.744170095 -0.667740525
vn 0.0182609106 0.744170099 -0.66774052
vn 0.0182609171 0.74417009 -0.66774053
vn -0.318055494 0.744170008 -0.587411016
vn -0.318055494 0.744170008 -0.587411016
vn -0.318055488 0.744169917 -0.587411135
vn -0.3180555 0.744170118 -0.587410874
vn -0.569149579 0.74417012 -0.349684986
vn -0.569149579 0.74417012 -0.349684986
vn -0.56914964 0.744170018 -0.349685104
vn -0.569149506 0.744170242 -0.349684845
vn -0.667740484 0.744170119 -0.0182614417
vn -0.667740484 0.744170119 -0.0182614417
vn -0.667740324 0.744170265 -0.0182613391
vn -0.667740676 0.744169944 -0.0182615645
vn -0.879369895 1.1830179e-07 0.476139252
vn -0.879369895 1.1830179e-07 0.476139252
vn -0.87936985 8.31099345e-08 0.476139335
vn -0.87936994 1.53493656e-07 0.47613917
vn -0.523487857 1.30131783e-07 0.852033135
vn -0.523487857 1.30131783e-07 0.852033135
vn -0.523487815 1.11541522e-07 0.852033161
vn -0.523487899 1.48722046e-07 0.852033109
vn -0.0273374561 1.96294885e-07 0.999626262
vn -0.0273374561 1.96294885e-07 0.999626262
vn -0.0273376305 2.61726512e-07 0.999626257
vn -0.0273372817 1.30863257e-07 0.999626267
vn 0.47613876 1.15120268e-07 0.879370162
vn 0.47613876 1.15120268e-07 0.879370162
vn 0.47613903 -2.18188809e-16 0.879370015
vn 0.47613849 2.30240574e-07 0.879370308
vn 0.852032976 -2.28436576e-08 0.523488116
vn 0.852032976 -2.28436576e-08 0.523488116
vn 0.852033008 -4.56873106e-08 0.523488065
vn 0.852032944 -1.27648922e-16 0.523488168
vn 0.999626253 1.72098492e-07 0.0273377768
vn 0.999626253 1.72098492e-07 0.0273377768
vn 0.99962624 3.46582869e-07 0.0273382419
vn 0.999626266 -2.38585812e-09 0.0273373117
vn 0.879369966 1.74271158e-07 -0.476139121
vn 0.879369966 1.74271158e-07 -0.476139121
vn 0.879369745 1.38847348e-16 -0.47613953
vn 0.879370187 3.48542419e-07 -0.476138713
vn 0.523488445 1.65735687e-07 -0.852032774
vn 0.523488445 1.65735687e-07 -0.852032774
vn 0.523488821 3.31471522e-07 -0.852032543
vn 0.523488068 2.77016322e-16 -0.852033005
vn 0.0273377595 1.79256168e-07 -0.999626254
vn 0.0273377595 1.79256168e-07 -0.999626254
vn 0.0273377468 1.74484372e-07 -0.999626254
vn 0.0273377722 1.84027968e-07 -0.999626253
vn -0.47613801 1.53493789e-07 -0.879370568
vn -0.47613801 1.53493789e-07 -0.879370568
vn -0.47613801 1.53493789e-07 -0.879370568
vn -0.47613801 1.53493789e-07 -0.879370568
vn -0.852032984 1.42891997e-07 -0.523488103
vn -0.852032984 1.42891997e-07 -0.523488103
vn -0.852032912 1.94409339e-07 -0.52348822
vn -0.852033056 9.13746233e-08 -0.523487986
vn -0.999626242 1.75677326e-07 -0.0273382005
vn -0.999626242 1.75677326e-07 -0.0273382005
vn -0.999626242 1.74484343e-07 -0.0273381974
vn -0.999626241 1.7687031e-07 -0.0273382037

g collision_PZ_Object34_submesh_0
usemtl collision_9
f 867/867/867 869/869/869 868/868/868
f 867/867/867 868/868/868 870/870/870
f 871/871/871 873/873/873 872/872/872
f 871/871/871 872/872/872 874/874/874
f 875/875/875 877/877/877 876/876/876
f 875/875/875 876/876/876 878/878/878
f 879/879/879 881/881/881 880/880/880
f 879/879/879 880/880/880 882/882/882
f 883/883/883 885/885/885 884/884/884
f 883/883/883 884/884/884 886/886/886
f 887/887/887 889/889/889 888/888/888
f 887/887/887 888/888/888 890/890/890
f 891/891/891 893/893/893 892/892/892
f 891/891/891 892/892/892 894/894/894
f 895/895/895 897/897/897 896/896/896
f 895/895/895 896/896/896 898/898/898
f 899/899/899 901/901/901 900/900/900
f 899/899/899 900/900/900 902/902/902
f 903/903/903 905/905/905 904/904/904
f 903/903/903 904/904/904 906/906/906
f 907/907/907 909/909/909 908/908/908
f 907/907/907 908/908/908 910/910/910
f 911/911/911 913/913/913 912/912/912
f 911/911/911 912/912/912 914/914/914
f 915/915/915 917/917/917 916/916/916
f 915/915/915 916/916/916 918/918/918
f 919/919/919 921/921/921 920/920/920
f 919/919/919 920/920/920 922/922/922
f 923/923/923 925/925/925 924/924/924
f 923/923/923 924/924/924 926/926/926
f 927/927/927 929/929/929 928/928/928
f 927/927/927 928/928/928 930/930/930
f 931/931/931 933/933/933 932/932/932
f 931/931/931 932/932/932 934/934/934
f 935/935/935 937/937/937 936/936/936
f 935/935/935 936/936/936 938/938/938
f 939/939/939 941/941/941 940/940/940
f 939/939/939 940/940/940 942/942/942
f 943/943/943 945/945/945 944/944/944
f 943/943/943 944/944/944 946/946/946
f 947/947/947 949/949/949 948/948/948
f 947/947/947 948/948/948 950/950/950
f 951/951/951 953/953/953 952/952/952
f 951/951/951 952/952/952 954/954/954
f 955/955/955 957/957/957 956/956/956
f 955/955/955 956/956/956 958/958/958
f 959/959/959 961/961/961 960/960/960
f 959/959/959 960/960/960 962/962/962
f 963/963/963 965/965/965 964/964/964
f 963/963/963 964/964/964 966/966/966
f 967/967/967 969/969/969 968/968/968
f 967/967/967 968/968/968 970/970/970
f 971/971/971 973/973/973 972/972/972
f 971/971/971 972/972/972 974/974/974
f 975/975/975 977/977/977 976/976/976
f 975/975/975 976/976/976 978/978/978
f 979/979/979 981/981/981 980/980/980
f 979/979/979 980/980/980 982/982/982
f 983/983/983 985/985/985 984/984/984
f 983/983/983 984/984/984 986/986/986
f 987/987/987 989/989/989 988/988/988
f 987/987/987 988/988/988 990/990/990
f 991/991/991 993/993/993 992/992/992
f 991/991/991 992/992/992 994/994/994
f 995/995/995 997/997/997 996/996/996
f 995/995/995 996/996/996 998/998/998
f 999/999/999 1001/1001/1001 1000/1000/1000
f 999/999/999 1000/1000/1000 1002/1002/1002
f 1003/1003/1003 1005/1005/1005 1004/1004/1004
f 1003/1003/1003 1004/1004/1004 1006/1006/1006
f 1007/1007/1007 1009/1009/1009 1008/1008/1008
f 1007/1007/1007 1008/1008/1008 1010/1010/1010

o collision_PZ_h
v 44.1772073 10.0941827 -1.62386614
v 44.4723504 5.04708939 -8.51288759
v 44.283542 5.04709511 -1.38377296
v 44.3652719 10.0941751 -8.50065005
v 42.7670739 10.0941713 -15.1917822
v 42.8678582 5.04708462 -15.2303717
v 44.1772073 10.0941827 -1.62386614
v 42.4840081 16.6330284 -8.30562846
v 44.3652719 10.0941751 -8.50065005
v 42.3094552 16.633036 -1.92286969
v 41.000625 16.6330265 -14.5160726
v 42.7670739 10.0941713 -15.1917822
v 42.7670739 10.0941713 -15.1917822
v 37.9604181 16.633036 -20.1309845
v 39.4915536 10.0941827 -21.2412881
v 41.000625 16.6330265 -14.5160726
v 39.4915536 10.0941827 -21.2412881
v 33.5705522 16.6330284 -24.7676947
v 34.7619165 10.0941751 -26.2368793
v 37.9604181 16.633036 -20.1309845
v 34.7619165 10.0941751 -26.2368793
v 28.1302007 16.6330284 -28.1102481
v 28.9004834 10.0941751 -29.8381454
v 33.5705522 16.6330284 -24.7676947
v 39.5794366 5.04709511 -21.3036947
v 42.7670739 10.0941713 -15.1917822
v 39.4915536 10.0941827 -21.2412881
v 42.8678582 5.04708462 -15.2303717
v 34.8311799 5.04708939 -26.3189639
v 34.7619165 10.0941751 -26.2368793
v 28.9466584 5.04708939 -29.9344112
v 34.7619165 10.0941751 -26.2368793
v 28.9004834 10.0941751 -29.8381454
v 34.8311799 5.04708939 -26.3189639
v 42.3094552 16.633036 -1.92286969
v 42.4840081 32.6519823 -8.30562846
v 42.4840081 16.6330284 -8.30562846
v 42.3094552 32.6519899 -1.92286969
v 41.000625 32.6519785 -14.5160726
v 41.000625 16.6330265 -14.5160726
v 41.000625 16.6330265 -14.5160726
v 37.9604181 32.6519899 -20.1309845
v 37.9604181 16.633036 -20.1309845
v 41.000625 32.6519785 -14.5160726
v 33.5705522 32.6519823 -24.7676966
v 33.5705522 16.6330284 -24.7676947
v 33.5705522 16.6330284 -24.7676947
v 28.1302026 32.6519823 -28.1102538
v 28.1302007 16.6330284 -28.1102481
v 33.5705522 32.6519823 -24.7676966
v 42.2111963 9.94361761 -14.9792102
v 40.6109384 4.97181112 -17.9346997
v 40.6109384 9.94361856 -17.9346997
v 42.2111963 4.97181017 -14.9792111
v 40.5825113 16.1854634 -14.3561853
v 37.598739 16.185471 -19.8668568
v 39.0106805 9.94361951 -20.8901892
v 43.5890268 9.94361951 -1.72197442
v 42.0383523 16.1854672 -8.26102893
v 41.8670381 16.185471 -1.99676131
v 43.7727922 9.94361856 -8.44129051
v 40.5825113 16.1854634 -14.3561853
v 42.2111963 9.94361761 -14.9792102
v 43.7727922 4.97181112 -8.44129051
v 43.5890344 4.97181207 -1.49672517
v 42.2111963 4.97181017 -14.9792111
v 39.0106805 9.94361951 -20.8901892
v 33.2903741 16.1854672 -24.4174979
v 37.598739 16.185471 -19.8668568
v 34.3893426 9.94361856 -25.7713947
v 34.3893426 9.94361856 -25.7713947
v 27.951011 16.1854672 -27.6980015
v 33.2903741 16.1854672 -24.4174979
v 28.6621183 9.94361856 -29.2901986
v 39.6673196 7.4956665e-06 -21.3661012
v 42.8678582 5.04708462 -15.2303717
v 39.5794366 5.04709511 -21.3036947
v 42.9686425 -2.04107475e-06 -15.2689592
v 34.9004434 3.68097e-06 -26.4010485
v 39.5794366 5.04709511 -21.3036947
v 34.8311799 5.04708939 -26.3189639
v 39.6673196 7.4956665e-06 -21.3661012
v 28.9928315 3.68097e-06 -30.030675
v 34.8311799 5.04708939 -26.3189639
v 28.9466584 5.04708939 -29.9344112
v 34.9004434 3.68097e-06 -26.4010485
v 44.4723504 5.04708939 -8.51288759
v 42.9686425 -2.04107475e-06 -15.2689592
v 44.579429 3.68097e-06 -8.52512419
v 42.8678582 5.04708462 -15.2303717
v 43.7727922 3.68097e-06 -8.44129051
v 42.2111963 4.97181017 -14.9792111
v 43.7727922 4.97181112 -8.44129051
v 42.2112001 3.68097e-06 -14.9792121
v 40.6109384 4.97181112 -17.9346997
v 42.2112001 3.68097e-06 -14.9792121
v 40.6109384 3.68097e-06 -17.9346997
v 42.2111963 4.97181017 -14.9792111
vt 0.00443545589 1.3399719
vt 1.17843378 0.33498773
vt 0.00443147309 0.334990501
vt 1.17843783 1.3399694
vt 2.35069346 1.33996379
vt 2.35068941 0.338385433
vt 3.57850051 -0.000282407884
vt 4.27300358 0.769121528
vt 4.27299976 -0.000283968227
vt 3.57850361 0.769123018
vt 4.96646881 0.769118309
vt 4.96646595 -0.000287091796
vt 3.57850051 -0.000282407884
vt 4.27300358 0.769121528
vt 4.27299976 -0.000283968227
vt 3.57850361 0.769123018
vt 4.27299976 -0.000283968227
vt 4.96646881 0.769118309
vt 4.96646595 -0.000287091796
vt 4.27300358 0.769121528
vt 3.57850051 -0.000282407884
vt 4.27300358 0.769121528
vt 4.27299976 -0.000283968227
vt 3.57850361 0.769123018
vt 1.17843378 0.338390708
vt 0.00443545589 1.3399719
vt 1.17843783 1.3399694
vt 0.00443147309 0.33839345
vt 2.35068941 0.338385433
vt 2.35069346 1.33996379
vt 1.17843378 0.338390708
vt 0.00443545589 1.3399719
vt 1.17843783 1.3399694
vt 0.00443147309 0.33839345
vt 3.57850361 0.769123018
vt 4.2730093 2.64843369
vt 4.27300358 0.769121528
vt 3.57851052 2.64843512
vt 4.96647549 2.64843035
vt 4.96646881 0.769118309
vt 3.57850361 0.769123018
vt 4.2730093 2.64843369
vt 4.27300358 0.769121528
vt 3.57851052 2.64843512
vt 4.96647549 2.64843035
vt 4.96646881 0.769118309
vt 3.57850361 0.769123018
vt 4.2730093 2.64843369
vt 4.27300358 0.769121528
vt 3.57851052 2.64843512
vt 10.6542149 1.17068982
vt 9.97516632 -0.000908682647
vt 9.97516632 1.17068982
vt 10.6542149 -0.000908682647
vt 10.6542149 2.64832497
vt 9.35511017 2.64832497
vt 9.35511017 1.17068982
vt 7.99935102 1.17068982
vt 6.665833 2.64832497
vt 7.99935102 2.64832497
vt 6.665833 1.17068982
vt 5.31975698 2.64832497
vt 5.31975698 1.17068982
vt 6.665833 -0.000588625844
vt 7.99935102 -0.000588625844
vt 5.31975698 -0.000908682647
vt 9.35511017 1.17068982
vt 10.6542149 2.64832497
vt 9.35511017 2.64832497
vt 10.6542149 1.17068982
vt 10.6542149 1.17068982
vt 9.35511017 2.64832497
vt 10.6542149 2.64832497
vt 9.35511017 1.17068982
vt 5.33517122 1.66329682
vt 5.00049829 1.99968445
vt 5.33517122 1.99968445
vt 5.00049829 1.66329682
vt 5.33517122 1.66329682
vt 5.00049829 1.99968445
vt 5.33517122 1.99968445
vt 5.00049829 1.66329682
vt 5.33517122 1.66329682
vt 5.00049829 1.99968445
vt 5.33517122 1.99968445
vt 5.00049829 1.66329682
vt 5.00049829 1.99968445
vt 5.33517122 1.66329682
vt 5.00049829 1.66329682
vt 5.33517122 1.99968445
vt 5.00049829 1.66326201
vt 4.80837154 1.99968362
vt 5.00049829 1.99968362
vt 4.80837154 1.66326201
vt 4.90526247 1.99968362
vt 5.00049829 1.66326201
vt 4.90526247 1.66326201
vt 5.00049829 1.99968362
vn 0.99940199 0.0217366112 0.026892052
vn 0.994496289 0.0216520157 -0.102510109
vn 0.999400557 0.0223150058 0.0264682423
vn 0.994415813 0.0213480364 -0.103351108
vn 0.972421389 0.0211939782 -0.232265918
vn 0.972421389 0.0211939752 -0.23226592
vn 0.960892998 0.275670313 0.0262778598
vn 0.95911234 0.27758843 -0.0552103567
vn 0.950569043 0.277631466 -0.139065679
vn 0.960893029 0.275670215 0.0262777561
vn 0.934957174 0.275652626 -0.223317514
vn 0.934957177 0.275652533 -0.223317616
vn 0.845302046 0.275651959 -0.457690342
vn 0.845302046 0.275651959 -0.457690342
vn 0.84530203 0.275651899 -0.457690406
vn 0.845302062 0.275652024 -0.457690273
vn 0.698034827 0.275668804 -0.660873733
vn 0.698034827 0.275668804 -0.660873733
vn 0.698034927 0.275668994 -0.660873548
vn 0.698034719 0.275668599 -0.660873932
vn 0.503200253 0.275701611 -0.819010456
vn 0.503200253 0.275701611 -0.819010456
vn 0.503200257 0.275701616 -0.819010452
vn 0.503200249 0.275701605 -0.819010461
vn 0.834395775 0.0213393123 -0.550752507
vn 0.879173117 0.0211952382 -0.476030874
vn 0.782942476 0.0213211945 -0.621728627
vn 0.879172941 0.0211957172 -0.476031177
vn 0.72601049 0.0211416238 -0.687358567
vn 0.726010079 0.0211424154 -0.687358977
vn 0.523372905 0.0210363081 -0.851844044
vn 0.523372905 0.0210363081 -0.851844044
vn 0.523373142 0.0210359355 -0.851843908
vn 0.52337267 0.0210366793 -0.85184418
vn 0.999626265 -6.28778001e-18 0.0273373454
vn 0.998218282 1.30822162e-17 -0.0596679314
vn 0.98915393 3.26187176e-17 -0.146882614
vn 0.999626265 -6.06292778e-18 0.0273373454
vn 0.972639897 5.18124992e-17 -0.232317951
vn 0.972639897 5.21010871e-17 -0.232317951
vn 0.879370902 1.04900377e-16 -0.476137392
vn 0.834648918 1.21684463e-16 -0.550782337
vn 0.783191545 -2.74959655e-08 -0.621780511
vn 0.879370902 1.05598657e-16 -0.476137392
vn 0.726172199 -4.09304645e-08 -0.687512863
vn 0.726172129 -8.1860938e-08 -0.687512938
vn 0.523489252 -2.34065396e-07 -0.852032278
vn 0.523489252 -2.34065396e-07 -0.852032278
vn 0.523488969 -3.66680859e-07 -0.852032452
vn 0.523489536 -1.01449941e-07 -0.852032104
vn -0.874396613 -0.106211674 0.473444447
vn -0.879370709 -4.56655108e-08 0.476137749
vn -0.857061345 -0.223820832 0.464058278
vn -0.879370677 -9.1331033e-08 0.476137808
vn -0.847463592 -0.266929712 0.458861622
vn -0.847463567 -0.266929815 0.458861609
vn -0.847463641 -0.26692991 0.458861417
vn -0.988433632 -0.1492621 -0.0268287283
vn -0.961595964 -0.268803207 0.0554800671
vn -0.963356169 -0.266928463 -0.0263455556
vn -0.975629323 -0.178064453 0.128220417
vn -0.937348831 -0.266929572 0.223887855
vn -0.967138394 -0.106211656 0.231003053
vn -0.994731686 -0.000310109465 0.10251232
vn -0.999649381 -0.00119992189 -0.0264513822
vn -0.972640099 -4.45622277e-08 0.232317108
vn -0.699824444 -0.266929564 0.662566492
vn -0.699824444 -0.266929564 0.662566492
vn -0.69982462 -0.26692991 0.662566166
vn -0.699824279 -0.266929241 0.662566796
vn -0.504494403 -0.266929162 0.821117665
vn -0.504494403 -0.266929162 0.821117665
vn -0.504494475 -0.266929259 0.821117589
vn -0.504494336 -0.266929071 0.821117736
vn 0.879172816 0.0211951483 -0.476031433
vn 0.879172816 0.0211951483 -0.476031433
vn 0.879172959 0.0211947592 -0.476031187
vn 0.879172674 0.0211955358 -0.476031678
vn 0.726011283 0.0211416242 -0.68735773
vn 0.726011283 0.0211416242 -0.68735773
vn 0.726010875 0.0211424126 -0.687358136
vn 0.726011689 0.0211408388 -0.687357325
vn 0.523372284 0.021036048 -0.851844432
vn 0.523372284 0.021036048 -0.851844432
vn 0.523372684 0.0210354172 -0.851844203
vn 0.523371887 0.0210366764 -0.851844661
vn 0.972421386 0.0211939124 -0.232265938
vn 0.972421386 0.0211939124 -0.232265938
vn 0.972421381 0.0211939372 -0.232265956
vn 0.972421391 0.0211938874 -0.232265921
vn -0.972640166 -3.95417839e-07 0.232316824
vn -0.972640166 -3.95417839e-07 0.232316824
vn -0.972640099 -8.30036338e-17 0.232317108
vn -0.972640234 -7.90835751e-07 0.232316539
vn -0.879370407 -3.83020972e-07 0.476138307
vn -0.879370407 -3.83020972e-07 0.476138307
vn -0.879370137 0 0.476138805
vn -0.879370677 -7.66042129e-07 0.476137808

g collision_PZ_h_submesh_0
usemtl collision_10
f 1011/1011/1011 1013/1013/1013 1012/1012/1012
f 1011/1011/1011 1012/1012/1012 1014/1014/1014
f 1012/1012/1012 1015/1015/1015 1014/1014/1014
f 1012/1012/1012 1016/1016/1016 1015/1015/1015
f 1017/1017/1017 1019/1019/1019 1018/1018/1018
f 1017/1017/1017 1018/1018/1018 1020/1020/1020
f 1019/1019/1019 1021/1021/1021 1018/1018/1018
f 1019/1019/1019 1022/1022/1022 1021/1021/1021
f 1023/1023/1023 1025/1025/1025 1024/1024/1024
f 1023/1023/1023 1024/1024/1024 1026/1026/1026
f 1027/1027/1027 1029/1029/1029 1028/1028/1028
f 1027/1027/1027 1028/1028/1028 1030/1030/1030
f 1031/1031/1031 1033/1033/1033 1032/1032/1032
f 1031/1031/1031 1032/1032/1032 1034/1034/1034
f 1035/1035/1035 1037/1037/1037 1036/1036/1036
f 1035/1035/1035 1036/1036/1036 1038/1038/1038
f 1039/1039/1039 1037/1037/1037 1035/1035/1035
f 1039/1039/1039 1040/1040/1040 1037/1037/1037
f 1041/1041/1041 1043/1043/1043 1042/1042/1042
f 1041/1041/1041 1042/1042/1042 1044/1044/1044
f 1045/1045/1045 1047/1047/1047 1046/1046/1046
f 1045/1045/1045 1046/1046/1046 1048/1048/1048
f 1047/1047/1047 1049/1049/1049 1046/1046/1046
f 1047/1047/1047 1050/1050/1050 1049/1049/1049
f 1051/1051/1051 1053/1053/1053 1052/1052/1052
f 1051/1051/1051 1052/1052/1052 1054/1054/1054
f 1053/1053/1053 1055/1055/1055 1052/1052/1052
f 1053/1053/1053 1056/1056/1056 1055/1055/1055
f 1057/1057/1057 1059/1059/1059 1058/1058/1058
f 1057/1057/1057 1058/1058/1058 1060/1060/1060
f 1061/1061/1061 1063/1063/1063 1062/1062/1062
f 1061/1061/1061 1062/1062/1062 1064/1064/1064
f 1061/1061/1061 1065/1065/1065 1063/1063/1063
f 1066/1066/1066 1063/1063/1063 1065/1065/1065
f 1066/1066/1066 1067/1067/1067 1063/1063/1063
f 1068/1068/1068 1070/1070/1070 1069/1069/1069
f 1068/1068/1068 1069/1069/1069 1071/1071/1071
f 1071/1071/1071 1069/1069/1069 1072/1072/1072
f 1071/1071/1071 1072/1072/1072 1073/1073/1073
f 1068/1068/1068 1071/1071/1071 1074/1074/1074
f 1074/1074/1074 1071/1071/1071 1073/1073/1073
f 1068/1068/1068 1074/1074/1074 1075/1075/1075
f 1074/1074/1074 1073/1073/1073 1076/1076/1076
f 1077/1077/1077 1079/1079/1079 1078/1078/1078
f 1077/1077/1077 1078/1078/1078 1080/1080/1080
f 1081/1081/1081 1083/1083/1083 1082/1082/1082
f 1081/1081/1081 1082/1082/1082 1084/1084/1084

g collision_PZ_h_submesh_1
usemtl collision_10
f 1085/1085/1085 1087/1087/1087 1086/1086/1086
f 1085/1085/1085 1086/1086/1086 1088/1088/1088
f 1089/1089/1089 1091/1091/1091 1090/1090/1090
f 1089/1089/1089 1090/1090/1090 1092/1092/1092
f 1093/1093/1093 1095/1095/1095 1094/1094/1094
f 1093/1093/1093 1094/1094/1094 1096/1096/1096
f 1097/1097/1097 1099/1099/1099 1098/1098/1098
f 1097/1097/1097 1098/1098/1098 1100/1100/1100
f 1101/1101/1101 1103/1103/1103 1102/1102/1102
f 1101/1101/1101 1102/1102/1102 1104/1104/1104
f 1105/1105/1105 1107/1107/1107 1106/1106/1106
f 1105/1105/1105 1106/1106/1106 1108/1108/1108
