# Generated from legacy Unity YAML Mesh assets without Unity.
mtllib collision.mtl

o collision_PZ_room_066
v 1.0869968 0.00077496605 25.6938829
v 1.0869968 0.00077496605 33.7930634
v 1.0869968 5.32131576 25.6938829
v 1.0869968 6.06677946 33.7930634
v 1.0869968 6.06677946 26.4393471
v -4.72290635 0.00077496605 35.3714017
v -0.491341348 6.06677946 35.3714017
v -0.491341348 0.00077496605 35.3714017
v -4.72290635 6.06677946 35.3714017
v 1.0869968 6.06677946 33.7930634
v -0.491341348 0.00077496605 35.3714017
v -0.491341348 6.06677946 35.3714017
v 1.0869968 0.00077496605 33.7930634
v 1.10426999 6.06677946 22.9802604
v 1.1028173 6.06677946 18.0075441
v 1.10285116 3.95260027 18.1939111
v 1.10288477 0.00077496605 18.3802762
v 1.10440469 0.00077496605 23.7257246
v 1.10440469 5.32131576 23.7257246
v 1.10274744 4.43538826 17.187968
v 1.10221529 4.43538826 12.0175265
v 1.10209084 6.06677946 10.9907284
v 1.10210777 3.95260027 10.9722043
v 1.10136486 0.00077496605 7.20914159
v 1.10136486 6.06677946 7.20914159
v 1.1021247 0.00077496605 10.9536763
v -0.162843223 6.06677946 6.07650861
v 1.10136486 0.00077496605 7.20914159
v 1.10136486 6.06677946 7.20914159
v -0.162843223 0.00077496605 6.07650861
v 1.0869968 6.06677946 26.4393471
v 1.10440469 5.32131576 23.7257246
v 1.0869968 5.32131576 25.6938829
v 1.10426999 6.06677946 22.9802604
v -0.307139392 5.41364095 4.73125017
v -0.30980968 4.58251204 5.31924749
v -0.315407749 6.14555723 6.24595171
v -0.307139392 6.14555723 4.73125017
v -0.315407749 4.58251204 6.24595171
v 0.624535803 0.00077496605 10.9743977
v 0.624535803 0.00077496605 7.21414552
v 0.624535803 6.06677946 7.21414552
v 0.624535803 6.06677946 10.9743977
v 0.624535803 4.46846931 11.9057044
v 0.624535803 3.69503196 10.9743977
v 0.624535803 6.06677946 18.5202947
v 0.624535803 4.46846931 17.429795
v 0.624535803 3.69503196 18.5202947
v 0.624535803 0.00077496605 32.4649921
v 0.624535803 0.00077496605 18.5202947
v 0.624535803 6.06677946 32.4649921
v 0.624535803 6.06677946 10.9743977
v 0.624535803 3.69503196 10.9743977
v 0.624535803 0.00077496605 10.9743977
v -5.43785977 0.00077496605 34.0433342
v -0.95380282 6.06677946 34.0433342
v -5.43785977 6.06677946 34.0433342
v -0.95380282 0.00077496605 34.0433342
v -4.72290635 0.00077496605 35.3714017
v -5.43785977 6.06677946 34.0433342
v -4.72290635 6.06677946 35.3714017
v -5.43785977 0.00077496605 34.0433342
v 0.624535803 0.00077496605 32.4649921
v -0.95380282 6.06677946 34.0433342
v -0.95380282 0.00077496605 34.0433342
v 0.624535803 6.06677946 32.4649921
vt 0.467773438 0.250976562
vt 0.77734375 0.250976562
vt 0.467773438 0.457924277
vt 0.77734375 0.486328125
vt 0.498046875 0.486328125
vt 0.466524839 0.302269369
vt 0.279382676 0.490548283
vt 0.279382676 0.302061141
vt 0.466524839 0.490340054
vt 0.230958492 0.490548283
vt 0.279382676 0.302061141
vt 0.279382676 0.490548283
vt 0.230958492 0.302061141
vt 0.491210938 0.486328125
vt 0.651467144 0.48520118
vt 0.645572186 0.403140754
vt 0.639853179 0.24984701
vt 0.467773438 0.250976562
vt 0.467773438 0.458813131
vt 0.677993655 0.4204714
vt 0.843570352 0.421430528
vt 0.87753576 0.486170709
vt 0.878194928 0.404161483
vt 0.999646246 0.250976562
vt 0.999646246 0.486328125
vt 0.879051268 0.250870079
vt 0.94726783 0.486328125
vt 0.999646246 0.250976562
vt 0.999646246 0.486328125
vt 0.947265625 0.250976562
vt 1.4339087 0.505681813
vt 1.43390894 0.487952709
vt 1.43390894 0.487952709
vt 1.4339087 0.505681813
vt -1.64581048 0.420361787
vt -1.6681 0.454255253
vt -1.72072423 0.337472171
vt -1.64581048 0.337472171
vt -1.72072423 0.454255253
vt 1.85087276 0.490558684
vt 1.99973524 0.490558684
vt 1.99973524 0.69021523
vt 1.85087276 0.69021523
vt 1.81420195 0.635807753
vt 1.85087276 0.612151504
vt 1.55214214 0.69021523
vt 1.59501481 0.638258338
vt 1.55214214 0.612151504
vt 1.00009298 0.490558684
vt 1.55214214 0.490558684
vt 1.00009298 0.69021523
vt 1.85087276 0.69021523
vt 1.85087276 0.612151504
vt 1.85087276 0.490558684
vt 3.48038721 0.490558684
vt 3.33505988 0.69021523
vt 3.48038721 0.69021523
vt 3.33505988 0.490558684
vt 0.466524839 0.302269369
vt 0.391291469 0.491125554
vt 0.466524839 0.490340054
vt 0.391289204 0.302477598
vt 3.46787 0.489862859
vt 3.53111029 0.690321565
vt 3.53111029 0.49055475
vt 3.46787 0.690321565
vn 1 0 0
vn 1 0 0
vn 1 0 0
vn 1 0 0
vn 1 0 0
vn 0 -2.22044605e-16 1
vn 0 -2.22044605e-16 1
vn 0 -2.22044605e-16 1
vn 0 -2.22044605e-16 1
vn 0.70710683 -1.57009235e-16 0.707106733
vn 0.70710683 -1.57009235e-16 0.707106733
vn 0.70710683 -1.57009235e-16 0.707106733
vn 0.70710683 -1.57009235e-16 0.707106733
vn 0.999999958 6.40979773e-20 -0.000288671627
vn 0.999999958 6.40979773e-20 -0.000288671627
vn 0.999999958 6.40979838e-20 -0.000288671656
vn 0.999999958 6.40979838e-20 -0.000288671656
vn 0.999999958 6.40979709e-20 -0.000288671598
vn 0.999999984 4.01237988e-20 -0.000180701526
vn 0.999999995 2.21220531e-20 -9.96288703e-05
vn 0.999999994 2.37578112e-20 -0.00010699567
vn 0.99999998 4.40206861e-20 -0.000198251545
vn 0.99999998 4.40206828e-20 -0.000198251531
vn 0.99999998 4.40206828e-20 -0.000198251531
vn 0.99999998 4.40206828e-20 -0.000198251531
vn 0.99999998 4.40206828e-20 -0.000198251531
vn 0.667285317 1.65379309e-16 -0.744802193
vn 0.667285317 1.65379309e-16 -0.744802193
vn 0.667285317 1.65379309e-16 -0.744802193
vn 0.667285317 1.65379309e-16 -0.744802193
vn 0.999979579 9.03491094e-05 0.00639005203
vn 0.999979579 9.03491021e-05 0.0063900511
vn 0.999979579 9.03491021e-05 0.00639005157
vn 0.999979579 9.03491094e-05 0.00639005203
vn 0.999986233 0.000483680847 0.00522494251
vn 0.999986233 0.000483680876 0.00522494251
vn 0.999986233 0.000483680905 0.00522494251
vn 0.999985101 -1.212065e-18 0.00545865548
vn 0.999981755 -1.34131043e-18 0.00604072516
vn -1 0 0
vn -1 0 0
vn -1 0 0
vn -1 0 0
vn -1 0 0
vn -1 0 0
vn -1 0 0
vn -1 0 0
vn -1 0 0
vn -1 0 0
vn -1 0 0
vn -1 0 0
vn -1 0 0
vn -1 0 0
vn -1 0 0
vn 0 2.22044605e-16 -1
vn 0 2.22044605e-16 -1
vn 0 2.22044605e-16 -1
vn 0 2.22044605e-16 -1
vn -0.880515326 -1.05253068e-16 0.474017679
vn -0.880515326 -1.05253068e-16 0.474017679
vn -0.880515326 -1.05253068e-16 0.474017679
vn -0.880515326 -1.05253068e-16 0.474017679
vn -0.707107545 1.57009076e-16 -0.707106017
vn -0.707107545 1.57009076e-16 -0.707106017
vn -0.707107545 1.57009076e-16 -0.707106017
vn -0.707107545 1.57009076e-16 -0.707106017

g collision_PZ_room_066_submesh_0
usemtl collision
f 1/1/1 3/3/3 2/2/2
f 3/3/3 4/4/4 2/2/2
f 3/3/3 5/5/5 4/4/4
f 6/6/6 8/8/8 7/7/7
f 6/6/6 7/7/7 9/9/9
f 10/10/10 12/12/12 11/11/11
f 10/10/10 11/11/11 13/13/13
f 14/14/14 16/16/16 15/15/15
f 16/16/16 14/14/14 17/17/17
f 17/17/17 14/14/14 18/18/18
f 14/14/14 19/19/19 18/18/18
f 15/15/15 16/16/16 20/20/20
f 15/15/15 20/20/20 21/21/21
f 15/15/15 21/21/21 22/22/22
f 23/23/23 22/22/22 21/21/21
f 24/24/24 22/22/22 23/23/23
f 22/22/22 24/24/24 25/25/25
f 24/24/24 23/23/23 26/26/26
f 27/27/27 29/29/29 28/28/28
f 27/27/27 28/28/28 30/30/30
f 31/31/31 33/33/33 32/32/32
f 31/31/31 32/32/32 34/34/34
f 35/35/35 37/37/37 36/36/36
f 35/35/35 38/38/38 37/37/37
f 37/37/37 39/39/39 36/36/36
f 40/40/40 42/42/42 41/41/41
f 42/42/42 40/40/40 43/43/43
f 43/43/43 45/45/45 44/44/44
f 46/46/46 43/43/43 44/44/44
f 46/46/46 44/44/44 47/47/47
f 48/48/48 46/46/46 47/47/47
f 48/48/48 49/49/49 46/46/46
f 49/49/49 48/48/48 50/50/50
f 46/46/46 49/49/49 51/51/51
f 55/55/55 57/57/57 56/56/56
f 55/55/55 56/56/56 58/58/58
f 59/59/59 61/61/61 60/60/60
f 59/59/59 60/60/60 62/62/62
f 63/63/63 65/65/65 64/64/64
f 63/63/63 64/64/64 66/66/66

o collision_PZ_room_062
v -5.85785891 0.00113671186 11.8559228
v -7.00153471 0.000774434899 7.85589689
v -5.85785891 0.485049113 6.40792584
v -1.13962008 0.00113700988 11.8559228
v -1.13962008 0.485049411 6.40792584
v 0.624535788 0.000774434899 7.21414192
v -1.13962008 0.485049411 6.40792584
v -5.81232573 0.492367668 5.79392755
v -1.14938141 0.492367817 5.77940023
v -5.85785891 0.485049113 6.40792584
v -1.13962008 0.485049411 6.40792584
v -5.85785891 0.00113671186 11.8559228
v -5.85785891 0.485049113 6.40792584
v -1.13962008 0.00113700988 11.8559228
v -1.15426232 0.496026945 -0.0153297502
v -5.81232573 0.492367668 5.79392755
v -5.78955866 0.496026945 -0.00806609121
v -1.14938141 0.492367817 5.77940023
vt 0.878723741 0.383819938
vt 0.845348239 0.278069913
vt 0.876712322 0.238047361
vt 0.894778013 0.23923786
vt 0.892766595 0.385010242
vt 0.941355348 0.363131464
vt 0.958498359 -0.456801772
vt 0.989164472 -0.208385512
vt 0.991962671 -0.456654668
vt 0.961294651 -0.205651209
vt 0.795760632 0.10324645
vt 0.730216801 0.199824288
vt 0.73025614 0.103403829
vt 0.795771539 0.199843317
vt 0.795808494 0.214855552
vt 0.73025763 0.161793694
vt 0.730165899 0.214823291
vt 0.795752227 0.16171363
vn -0.295889974 0.951475978 0.0845138281
vn -0.295889947 0.951475987 0.0845138215
vn -0.295889947 0.951475987 0.0845138141
vn 0.226920212 0.970094001 0.0861675516
vn 0.226920198 0.970094005 0.0861675371
vn 0.226920212 0.970094001 0.0861675442
vn 1.81939321e-05 0.999930616 0.0117797311
vn 1.81939321e-05 0.999930616 0.0117797302
vn 1.81939303e-05 0.999930616 0.0117797302
vn 1.81939321e-05 0.999930616 0.011779732
vn 0 0.996078348 0.0884755626
vn 0 0.996078348 0.0884755626
vn 0 0.996078348 0.0884755626
vn 0 0.996078348 0.0884755626
vn 0 0.999999801 0.000631077397
vn 0 0.999999801 0.000631077397
vn 0 0.999999801 0.000631077456
vn 0 0.999999801 0.000631077397

g collision_PZ_room_062_submesh_0
usemtl collision_2
f 67/67/67 69/69/69 68/68/68
f 70/70/70 72/72/72 71/71/71
f 73/73/73 75/75/75 74/74/74
f 73/73/73 74/74/74 76/76/76
f 77/77/77 79/79/79 78/78/78
f 77/77/77 78/78/78 80/80/80
f 81/81/81 83/83/83 82/82/82
f 81/81/81 82/82/82 84/84/84

o collision_PZ_room_061
v 0.0410683176 0.000947687698 -0.0507731901
v -6.35180688 0.303522262 -0.0507731901
v -0.642050979 0.286148703 -0.0507731901
v -7.23272919 0.000947687698 -0.0507731901
v 0.0410683176 4.78759095 -0.0507731901
v -0.6978631 4.40827422 -0.0507731901
v -7.23272919 4.78759095 -0.0507731901
v -6.28396535 4.3869124 -0.0507731901
v -5.76679158 0.499686473 -0.594486651
v -6.4983418 4.75542305 -0.594486651
v -6.4983418 0.000947687698 -0.594486651
v -5.76679158 4.16517219 -0.594486651
v -0.753475902 4.75542305 -0.594486651
v -1.15914273 0.499686473 -0.594486651
v -0.753475902 0.000947687698 -0.594486651
v -1.15914273 4.16517219 -0.594486651
v -1.15914273 0.499686473 -0.594486651
v -5.78955865 0.496027344 -0.00806718588
v -5.76679158 0.499686473 -0.594486651
v -1.1542623 0.496027344 -0.0153308449
vt 1.93859172 1.25112271
vt 1.52446115 1.26591527
vt 1.89434481 1.26506603
vt 1.46739519 1.25112271
vt 1.93859172 1.48513651
vt 1.89072359 1.46659219
vt 1.46739519 1.48513651
vt 1.52886283 1.4655478
vt 0.921749473 0.63387686
vt 0.977288842 0.813906789
vt 0.977288842 0.612778366
vt 0.921748996 0.788937688
vt 0.90027982 0.812036216
vt 0.931082547 0.632005215
vt 0.900285184 0.610907674
vt 0.931079686 0.787066281
vt 0.960804164 0.52211076
vt 0.995469928 0.261770666
vt 0.96071434 0.263970792
vt 0.995338559 0.521471024
vn 0 -2.22044605e-16 1
vn 0 -2.22044605e-16 1
vn 0 -2.22044605e-16 1
vn 0 -2.22044605e-16 1
vn 0 -2.22044605e-16 1
vn 0 -2.22044605e-16 1
vn 0 -2.22044605e-16 1
vn 0 -2.22044605e-16 1
vn 0 2.22044605e-16 -1
vn 0 2.22044605e-16 -1
vn 0 2.22044605e-16 -1
vn 0 2.22044605e-16 -1
vn 0 2.22044605e-16 -1
vn 0 2.22044605e-16 -1
vn 0 2.22044605e-16 -1
vn 0 2.22044605e-16 -1
vn 0 0.999980289 0.00627861658
vn 0 0.999980289 0.00627861658
vn 0 0.999980289 0.00627861705
vn 0 0.999980289 0.00627861705

g collision_PZ_room_061_submesh_0
usemtl collision_3
f 85/85/85 87/87/87 86/86/86
f 85/85/85 86/86/86 88/88/88
f 89/89/89 87/87/87 85/85/85
f 89/89/89 90/90/90 87/87/87
f 86/86/86 91/91/91 88/88/88
f 86/86/86 92/92/92 91/91/91

g collision_PZ_room_061_submesh_1
usemtl collision_3
f 93/93/93 95/95/95 94/94/94
f 93/93/93 94/94/94 96/96/96
f 97/97/97 99/99/99 98/98/98
f 97/97/97 98/98/98 100/100/100
f 101/101/101 103/103/103 102/102/102
f 101/101/101 102/102/102 104/104/104

o collision_PZ_room_058
v -9.45677372 5.68560974 4.48991896
v 0.47474007 6.09805473 4.44775226
v -9.45677372 6.09805473 4.48991896
v 0.47474007 5.68560974 4.44775226
v -7.42222686 5.68560974 6.32359494
v 0.47474007 5.68560974 4.44775226
v -9.45677372 5.68560974 4.48991896
v -1.06268497 5.68560974 6.34362209
v -7.42222686 6.09805473 6.32359494
v -1.06268497 5.68560974 6.34362209
v -7.42222686 5.68560974 6.32359494
v -1.06268497 6.09805473 6.34362209
v -0.162842709 6.06677946 6.07650464
v -6.30165573 4.39547128 6.07650464
v -0.684641796 4.39547128 6.07650464
v -8.91666504 6.06677946 6.07650464
v -8.91666504 0.00077496605 6.07650464
v -6.3312883 0.330264608 6.07650464
v -0.673030096 0.330264608 6.07650464
v -0.162842709 0.00077496605 6.07650464
v -6.52863308 5.41364095 4.72403166
v -0.307139355 6.14555723 4.7312462
v -6.52863308 6.14555723 4.72403166
v -0.307139355 5.41364095 4.7312462
v -6.52863308 5.41364095 4.72403166
v -0.309809643 4.58251204 5.31924352
v -0.307139355 5.41364095 4.7312462
v -6.53130336 4.58251204 5.31203279
v -6.53130336 4.58251204 5.31203279
v -0.315407711 4.58251204 6.24594774
v -0.309809643 4.58251204 5.31924352
v -6.53690239 4.58251204 6.2387332
v 0.0410685955 4.78759108 -0.0507724577
v -6.28396507 4.38691253 -0.0507724577
v -7.23272892 4.78759108 -0.0507724577
v -0.697862822 4.40827435 -0.0507724577
v -0.697862822 4.40827435 -0.0507724577
v -6.30165573 4.39547128 6.07650464
v -6.28396507 4.38691253 -0.0507724577
v -0.684641796 4.39547128 6.07650464
v -1.14938112 4.16905473 5.77939987
v -5.78955837 4.16711401 -0.0302203034
v -5.81232544 4.16905473 5.74961567
v -1.15426202 4.16711401 -0.0153301125
v -5.85785862 4.17293714 6.40792548
v -1.13961979 6.06677946 6.40792548
v -1.13961979 4.17293714 6.40792548
v -5.85785766 6.06677946 6.40792548
v -0.753475624 4.75542318 -0.594485919
v -5.7667913 4.16517233 -0.594485919
v -1.15914245 4.16517233 -0.594485919
v -6.49834152 4.75542318 -0.594485919
v -1.15914245 4.16517233 -0.594485919
v -5.78955837 4.16711401 -0.0302203034
v -1.15426202 4.16711401 -0.0153301125
v -5.7667913 4.16517233 -0.594485919
v -1.13961979 4.17293714 6.40792548
v -5.81232544 4.16905473 5.74961567
v -5.85785862 4.17293714 6.40792548
v -1.14938112 4.16905473 5.77939987
v -2.24172016 4.09800267 6.69196682
v -4.94206329 5.75822106 7.13682147
v -2.23660799 5.75822106 7.13682147
v -4.94206329 4.09800267 6.69196682
vt 2.95579457 0.100601912
vt 2.93584013 0.00611782074
vt 2.93584013 0.100601912
vt 2.95579457 0.00611782074
vt 1.79101562 -0.94140625
vt 1.79492188 -0.926757812
vt 1.79492188 -0.9453125
vt 1.79101562 -0.9296875
vt 2.93584013 0.18665421
vt 2.95579457 0.230224878
vt 2.95579457 0.18665421
vt 2.93584013 0.230224878
vt 0.94726783 0.486328125
vt 0.711173654 0.421481371
vt 0.927080989 0.42149201
vt 0.610351562 0.486328125
vt 0.610351562 0.250976562
vt 0.709737718 0.263761938
vt 0.927722812 0.263768405
vt 0.947265625 0.250976562
vt -1.64532197 0.331100404
vt -1.60915518 0.461159289
vt -1.60915518 0.331100404
vt -1.64532197 0.461159289
vt -1.60894012 0.33114472
vt -1.64515948 0.461078078
vt -1.60894012 0.461078078
vt -1.64515948 0.33114472
vt -1.60889769 0.331060767
vt -1.64546204 0.460813254
vt -1.60889769 0.460813254
vt -1.64546204 0.331060767
vt 1.93859172 1.48513651
vt 1.52886283 1.4655478
vt 1.46739519 1.48513651
vt 1.89072359 1.46659219
vt 1.89072359 1.46659219
vt 1.52886283 1.4655478
vt 1.52886283 1.4655478
vt 1.89072359 1.46659219
vt 0.81119591 0.244764537
vt 0.683827221 0.00205236021
vt 0.683202326 0.24352017
vt 0.811061919 0.00267443899
vt 1.95746934 0.544915199
vt 1.89513528 0.808010101
vt 1.95746934 0.808011174
vt 1.89513528 0.545111895
vt 0.847572923 0.944514513
vt 0.872542024 0.563898206
vt 0.872542858 0.913714647
vt 0.847572923 0.508358359
vt 0.960838199 0.727529705
vt 0.995294034 0.986059248
vt 0.995286167 0.727203846
vt 0.960843325 0.985771537
vt 0.940891564 1.83971906
vt 0.975122869 1.55218315
vt 0.940891445 1.54938114
vt 0.975122988 1.83911872
vt 0.00250219251 0.696562707
vt 0.402635008 0.997137368
vt 0.0024986607 0.997137368
vt 0.402635008 0.696562707
vn -0.0042457094 2.22042604e-16 -0.999990987
vn -0.0042457094 2.22042604e-16 -0.999990987
vn -0.0042457094 2.22042604e-16 -0.999990987
vn -0.0042457094 2.22042604e-16 -0.999990987
vn 0 -1 -2.22044605e-16
vn 0 -1 -2.22044605e-16
vn 0 -1 -2.22044605e-16
vn 0 -1 -2.22044605e-16
vn -0.00314913558 -2.22043504e-16 0.999995041
vn -0.00314913558 -2.22043504e-16 0.999995041
vn -0.00314913558 -2.22043504e-16 0.999995041
vn -0.00314913558 -2.22043504e-16 0.999995041
vn 0 2.22044605e-16 -1
vn 0 2.22044605e-16 -1
vn 0 2.22044605e-16 -1
vn 0 2.22044605e-16 -1
vn 0 2.22044605e-16 -1
vn 0 2.22044605e-16 -1
vn 0 2.22044605e-16 -1
vn 0 2.22044605e-16 -1
vn 0.00115961538 2.22044456e-16 -0.999999328
vn 0.00115961538 2.22044456e-16 -0.999999328
vn 0.00115961538 2.22044456e-16 -0.999999328
vn 0.00115961538 2.22044456e-16 -0.999999328
vn 0.000946406669 -0.57755003 -0.816354743
vn 0.000946406611 -0.57755003 -0.816354743
vn 0.000946406603 -0.577550014 -0.816354755
vn 0.000946406669 -0.57755003 -0.816354743
vn 0 -1 -2.22044605e-16
vn 0 -1 -2.22044605e-16
vn 0 -1 -2.22044605e-16
vn 0 -1 -2.22044605e-16
vn 0 -2.22044605e-16 1
vn 0 -2.22044605e-16 1
vn 0 -2.22044605e-16 1
vn 0 -2.22044605e-16 1
vn -0.00190677159 0.999998122 0.000345650809
vn -0.00190677159 0.999998122 0.000345650809
vn -0.00190677147 0.999998122 0.00034565078
vn -0.0019067717 0.999998122 0.00034565078
vn 0 -0.999999944 0.000335340864
vn 0 -0.999999944 0.000335340835
vn 0 -0.999999944 0.000335340893
vn 0 -0.999999944 0.000335340864
vn 0 -2.22044605e-16 1
vn 0 -2.22044605e-16 1
vn 0 -2.22044605e-16 1
vn 0 -2.22044605e-16 1
vn 0 2.22044605e-16 -1
vn 0 2.22044605e-16 -1
vn 0 2.22044605e-16 -1
vn 0 2.22044605e-16 -1
vn 0 -0.999994233 0.00339615889
vn 0 -0.999994233 0.00339615865
vn 0 -0.999994233 0.00339615889
vn 0 -0.999994233 0.00339615865
vn -1.91553464e-05 -0.999981799 0.00603339725
vn -1.91553464e-05 -0.999981799 0.00603339679
vn -1.91553464e-05 -0.999981799 0.00603339679
vn -1.91553464e-05 -0.999981799 0.00603339679
vn 0 -0.258819327 0.965925751
vn 0 -0.258819327 0.965925751
vn 0 -0.258819355 0.965925743
vn 0 -0.258819327 0.965925751

g collision_PZ_room_058_submesh_0
usemtl collision_4
f 105/105/105 107/107/107 106/106/106
f 105/105/105 106/106/106 108/108/108
f 109/109/109 111/111/111 110/110/110
f 109/109/109 110/110/110 112/112/112
f 113/113/113 115/115/115 114/114/114
f 113/113/113 114/114/114 116/116/116
f 117/117/117 119/119/119 118/118/118
f 117/117/117 118/118/118 120/120/120
f 121/121/121 120/120/120 118/118/118
f 121/121/121 118/118/118 122/122/122
f 121/121/121 122/122/122 123/123/123
f 121/121/121 123/123/123 124/124/124
f 124/124/124 123/123/123 119/119/119
f 124/124/124 119/119/119 117/117/117
f 125/125/125 127/127/127 126/126/126
f 125/125/125 126/126/126 128/128/128
f 129/129/129 131/131/131 130/130/130
f 129/129/129 130/130/130 132/132/132
f 133/133/133 135/135/135 134/134/134
f 133/133/133 134/134/134 136/136/136
f 137/137/137 139/139/139 138/138/138
f 137/137/137 138/138/138 140/140/140
f 141/141/141 143/143/143 142/142/142
f 141/141/141 142/142/142 144/144/144
f 145/145/145 147/147/147 146/146/146
f 145/145/145 146/146/146 148/148/148

g collision_PZ_room_058_submesh_1
usemtl collision_4
f 149/149/149 151/151/151 150/150/150
f 149/149/149 150/150/150 152/152/152
f 153/153/153 155/155/155 154/154/154
f 153/153/153 154/154/154 156/156/156
f 157/157/157 159/159/159 158/158/158
f 157/157/157 158/158/158 160/160/160
f 161/161/161 163/163/163 162/162/162
f 161/161/161 162/162/162 164/164/164

g collision_PZ_room_058_submesh_2
usemtl collision_4
f 165/165/165 167/167/167 166/166/166
f 165/165/165 166/166/166 168/168/168

o collision_PZ_room_055
v -1.15914264 0.499686068 -0.594487104
v -5.76679149 0.000149892022 -4.8032265
v -1.15914264 0.000149892022 -4.8032265
v -5.76679149 0.499686068 -0.594487104
v -1.15914264 0.499686068 -0.594487104
v -1.15914264 0.000149892022 -4.8032265
v -0.753475814 0.0009472828 -0.594487104
v -5.76679149 0.499686068 -0.594487104
v -6.49834171 0.0009472828 -0.594487104
v -5.76679149 0.000149892022 -4.8032265
vt 0.795743763 0.220180795
vt 0.730289578 0.141425058
vt 0.7957353 0.141422257
vt 0.730259061 0.220183551
vt 0.889670253 0.407655299
vt 0.888111711 0.294696093
vt 0.90671134 0.405853033
vt 0.876571417 0.293001533
vt 0.853004217 0.294243157
vt 0.875012517 0.405960619
vn 0 0.993029873 -0.117862937
vn 0 0.993029873 -0.117862937
vn 0 0.993029873 -0.117862937
vn 0 0.993029873 -0.117862937
vn 0.773611113 0.629243975 -0.0746851045
vn 0.773611113 0.629243975 -0.0746851045
vn 0.773611113 0.629243975 -0.0746851045
vn -0.560612467 0.822306483 -0.0975997408
vn -0.560612467 0.822306484 -0.0975997334
vn -0.560612427 0.822306512 -0.0975997293

g collision_PZ_room_055_submesh_0
usemtl collision_5
f 169/169/169 171/171/171 170/170/170
f 169/169/169 170/170/170 172/172/172
f 173/173/173 175/175/175 174/174/174
f 176/176/176 178/178/178 177/177/177

o collision_PZ_room_054
v -8.46078966 4.78759095 -1.27883455
v -8.46078966 0.000947687698 -3.66326687
v -8.46078966 4.78759095 -3.66326687
v -8.46078966 0.000947687698 -1.27883455
v -7.72640322 0.000947687698 -1.82254801
v -7.72640322 4.75542305 -4.20698033
v -7.72640322 0.000947687698 -4.20698033
v -7.72640322 4.75542305 -1.82254801
v -8.46078966 4.78759095 -1.27883455
v -7.23272894 0.000947687698 -0.0507735965
v -8.46078966 0.000947687698 -1.27883455
v -7.23272894 4.78759095 -0.0507735965
v -7.72640322 0.000947687698 -1.82254801
v -6.49834154 4.75542305 -0.594487057
v -7.72640322 4.75542305 -1.82254801
v -6.49834154 0.000947687698 -0.594487057
vt 1.58440828 1.48513651
vt 1.80571783 1.25112271
vt 1.80571783 1.48513651
vt 1.58440828 1.25112271
vt 0.935063243 0.489321411
vt 0.807242215 0.690449953
vt 0.807238579 0.489321411
vt 0.935066998 0.690449953
vt 1.58440828 1.48513651
vt 1.46739519 1.25112271
vt 1.58440828 1.25112271
vt 1.46739519 1.48513651
vt 0.935063243 0.489321411
vt 0.999735594 0.690449953
vt 0.935066998 0.690449953
vt 0.999735594 0.489321411
vn -1 0 0
vn -1 0 0
vn -1 0 0
vn -1 0 0
vn 1 0 0
vn 1 0 0
vn 1 0 0
vn 1 0 0
vn -0.707106889 -1.57009222e-16 0.707106673
vn -0.707106889 -1.57009222e-16 0.707106673
vn -0.707106889 -1.57009222e-16 0.707106673
vn -0.707106889 -1.57009222e-16 0.707106673
vn 0.707106532 1.57009301e-16 -0.707107031
vn 0.707106532 1.57009301e-16 -0.707107031
vn 0.707106532 1.57009301e-16 -0.707107031
vn 0.707106532 1.57009301e-16 -0.707107031

g collision_PZ_room_054_submesh_0
usemtl collision_6
f 179/179/179 181/181/181 180/180/180
f 179/179/179 180/180/180 182/182/182
f 183/183/183 185/185/185 184/184/184
f 183/183/183 184/184/184 186/186/186
f 187/187/187 189/189/189 188/188/188
f 187/187/187 188/188/188 190/190/190
f 191/191/191 193/193/193 192/192/192
f 191/191/191 192/192/192 194/194/194

o collision_PZ_room_052
v -18.5552917 6.09805549 14.0092824
v -17.6078945 5.68561051 14.0092824
v -17.6078945 6.09805549 14.0092824
v -18.5552917 5.68561051 14.0092824
v -13.7627159 6.09805549 33.3270371
v -14.7749782 5.68561051 33.3270371
v -13.7627159 5.68561051 33.3270371
v -14.7749782 6.09805549 33.3270371
v -17.6078945 6.09805549 14.0092824
v -17.6078945 5.68561051 17.0008685
v -17.6078945 6.09805549 17.0008685
v -17.6078945 5.68561051 14.0092824
v -17.6078926 5.68561051 27.5051999
v -17.6078945 6.09805549 17.0008685
v -17.6078945 5.68561051 17.0008685
v -17.6078926 6.09805549 27.5051999
v -17.6078945 5.68561051 17.0008685
v -18.5552898 5.68561051 26.8724257
v -17.6078926 5.68561051 27.5051999
v -19.3411709 5.68561051 27.6303868
v -18.4157596 5.68561051 28.3136333
v -20.6765571 5.68561051 27.6416325
v -19.8648601 5.68561051 28.3137973
v -21.4322601 5.68561051 28.4545367
v -20.620565 5.68561051 29.1267015
v -21.4239231 5.68561051 34.7582273
v -20.612228 5.68561051 33.2470811
v -20.3051296 5.68561051 35.7458446
v -19.7523151 5.68561051 34.0736724
v -15.5369945 5.68561051 35.7568195
v -14.7713981 5.68561051 34.0846587
v -13.7799545 5.68561051 34.4203673
v -14.7749782 5.68561051 33.3270371
v -13.7627159 5.68561051 33.3270371
v -18.4157596 5.68561051 28.3136333
v -17.6078926 6.09805549 27.5051999
v -17.6078926 5.68561051 27.5051999
v -18.4157596 6.09805549 28.3136333
v -19.3411709 6.09805549 27.6303868
v -18.5552898 5.68561051 26.8724257
v -18.5552898 6.09805549 26.8724257
v -19.3411709 5.68561051 27.6303868
v -19.8648601 5.68561051 28.3137973
v -18.4157596 6.09805549 28.3136333
v -18.4157596 5.68561051 28.3136333
v -19.8648601 6.09805549 28.3137973
v -20.6765571 6.09805549 27.6416325
v -19.3411709 5.68561051 27.6303868
v -19.3411709 6.09805549 27.6303868
v -20.6765571 5.68561051 27.6416325
v -20.620565 5.68561051 29.1267015
v -19.8648601 6.09805549 28.3137973
v -19.8648601 5.68561051 28.3137973
v -20.620565 6.09805549 29.1267015
v -21.4322601 6.09805549 28.4545367
v -20.6765571 5.68561051 27.6416325
v -20.6765571 6.09805549 27.6416325
v -21.4322601 5.68561051 28.4545367
v -20.612228 5.68561051 33.2470811
v -20.620565 6.09805549 29.1267015
v -20.620565 5.68561051 29.1267015
v -20.612228 6.09805549 33.2470811
v -21.4239231 6.09805549 34.7582273
v -21.4322601 5.68561051 28.4545367
v -21.4322601 6.09805549 28.4545367
v -21.4239231 5.68561051 34.7582273
v -19.7523151 5.68561051 34.0736724
v -20.612228 6.09805549 33.2470811
v -20.612228 5.68561051 33.2470811
v -19.7523151 6.09805549 34.0736724
v -20.3051296 6.09805549 35.7458446
v -21.4239231 5.68561051 34.7582273
v -21.4239231 6.09805549 34.7582273
v -20.3051296 5.68561051 35.7458446
v -14.7713981 5.68561051 34.0846587
v -19.7523151 6.09805549 34.0736724
v -19.7523151 5.68561051 34.0736724
v -14.7713981 6.09805549 34.0846587
v -15.5369945 6.09805549 35.7568195
v -20.3051296 5.68561051 35.7458446
v -20.3051296 6.09805549 35.7458446
v -15.5369945 5.68561051 35.7568195
v -14.7749782 5.68561051 33.3270371
v -14.7713981 6.09805549 34.0846587
v -14.7713981 5.68561051 34.0846587
v -14.7749782 6.09805549 33.3270371
v -13.7799545 6.09805549 34.4203673
v -15.5369945 5.68561051 35.7568195
v -15.5369945 6.09805549 35.7568195
v -13.7799545 5.68561051 34.4203673
v -15.5369945 6.09805549 35.7568195
v -14.7713981 6.09805549 34.0846587
v -13.7799545 6.09805549 34.4203673
v -14.7749782 6.09805549 33.3270371
v -13.7627159 6.09805549 33.3270371
v -13.7627159 6.09805549 33.3270371
v -13.7799545 5.68561051 34.4203673
v -13.7799545 6.09805549 34.4203673
v -13.7627159 5.68561051 33.3270371
v -18.5552917 6.09805549 14.0092824
v -18.5552898 5.68561051 26.8724257
v -18.5552917 5.68561051 14.0092824
v -18.5552898 6.09805549 26.8724257
v -17.6078945 5.68561051 14.0092824
v -18.5552917 5.68561051 14.0092824
vt 2.97955203 0.00564665301
vt 2.99648261 0.0201365277
vt 2.97955203 0.0201365277
vt 2.99648261 0.00564665301
vt 2.97955203 0.20094566
vt 2.99648261 0.223231211
vt 2.99648356 0.20094566
vt 2.97955203 0.223231211
vt 2.97955203 0.0201365277
vt 2.99648261 0.0478466488
vt 2.97955203 0.0478466488
vt 2.99648261 0.0201365277
vt 2.9964807 0.0201284625
vt 2.97955084 0.227710798
vt 2.9964807 0.227710798
vt 2.97955084 0.0201284625
vt 1.87939453 -0.938476562
vt 1.89746094 -0.936523438
vt 1.89941406 -0.938476562
vt 1.89941406 -0.934570312
vt 1.90039062 -0.936523438
vt 1.89941406 -0.932617188
vt 1.90039062 -0.93359375
vt 1.90039062 -0.930664062
vt 1.90234375 -0.932617188
vt 1.91210938 -0.931640625
vt 1.91015625 -0.932617188
vt 1.9140625 -0.93359375
vt 1.91113281 -0.934570312
vt 1.9140625 -0.942382812
vt 1.91113281 -0.943359375
vt 1.91210938 -0.9453125
vt 1.91015625 -0.943359375
vt 1.91015625 -0.9453125
vt 2.9964807 0.0360337347
vt 2.97955084 0.0201284625
vt 2.9964807 0.0201284625
vt 2.97955084 0.0360337347
vt 2.97955203 0.211298689
vt 2.99648261 0.236667916
vt 2.97955203 0.236667916
vt 2.99648261 0.211298689
vt 2.9964807 0.0645446032
vt 2.97955084 0.0360337347
vt 2.9964807 0.0360337347
vt 2.97955084 0.0645446032
vt 2.97955203 0.18878305
vt 2.99648261 0.211298689
vt 2.97955203 0.211298689
vt 2.99648261 0.18878305
vt 2.9964807 0.0863808468
vt 2.97955084 0.0645446032
vt 2.9964807 0.0645446032
vt 2.97955084 0.0863808468
vt 2.97955203 0.1630328
vt 2.99648261 0.18878305
vt 2.97955203 0.18878305
vt 2.99648261 0.1630328
vt 2.9964807 0.145643666
vt 2.97955084 0.0863808468
vt 2.9964807 0.0863808468
vt 2.97955084 0.145643666
vt 2.97955203 0.016561754
vt 2.99648261 0.1630328
vt 2.97955203 0.1630328
vt 2.99648261 0.016561754
vt 2.9964807 0.169110134
vt 2.97955084 0.145643666
vt 2.9964807 0.145643666
vt 2.97955084 0.169110134
vt 2.97955203 0.0494156629
vt 2.99648261 0.016561754
vt 2.97955203 0.016561754
vt 2.99648356 0.0494156629
vt 2.99648261 0.239910141
vt 2.97955084 0.169110134
vt 2.9964807 0.169110134
vt 2.97955084 0.239910141
vt 2.97955203 0.128272086
vt 2.99648356 0.0494156629
vt 2.97955203 0.0494156629
vt 2.99648261 0.128272086
vt 2.99648261 0.223231211
vt 2.97955084 0.239910141
vt 2.99648261 0.239910141
vt 2.97955203 0.223231211
vt 2.97955203 0.176872611
vt 2.99648261 0.128272086
vt 2.97955203 0.128272086
vt 2.99648261 0.176872611
vt 1.89746094 -0.924804688
vt 1.89453125 -0.922851562
vt 1.89453125 -0.920898438
vt 1.89257812 -0.922851562
vt 1.89257812 -0.920898438
vt 2.97955203 0.20094566
vt 2.99648261 0.176872611
vt 2.97955203 0.176872611
vt 2.99648356 0.20094566
vt 2.97955203 0.00564665301
vt 2.99648261 0.236667916
vt 2.99648261 0.00564665301
vt 2.97955203 0.236667916
vt 1.87402344 -0.938476562
vt 1.87402344 -0.936523438
vn 0 2.22044605e-16 -1
vn 0 2.22044605e-16 -1
vn 0 2.22044605e-16 -1
vn 0 2.22044605e-16 -1
vn 0 2.22044605e-16 -1
vn 0 2.22044605e-16 -1
vn 0 2.22044605e-16 -1
vn 0 2.22044605e-16 -1
vn 1 0 0
vn 1 0 0
vn 1 0 0
vn 1 0 0
vn 1 0 0
vn 1 0 0
vn 1 0 0
vn 1 0 0
vn 0 -1 -2.22044605e-16
vn 0 -1 -2.22044605e-16
vn 0 -1 -2.22044605e-16
vn 0 -1 -2.22044605e-16
vn 0 -1 -2.22044605e-16
vn 0 -1 -2.22044605e-16
vn 0 -1 -2.22044605e-16
vn 0 -1 -2.22044605e-16
vn 0 -1 -2.22044605e-16
vn 0 -1 -2.22044605e-16
vn 0 -1 -2.22044605e-16
vn 0 -1 -2.22044605e-16
vn 0 -1 -2.22044605e-16
vn 0 -1 -2.22044605e-16
vn 0 -1 -2.22044605e-16
vn 0 -1 -2.22044605e-16
vn 0 -1 -2.22044605e-16
vn 0 -1 -2.22044605e-16
vn 0.707354533 -1.56954215e-16 0.706858943
vn 0.707354533 -1.56954215e-16 0.706858943
vn 0.707354533 -1.56954215e-16 0.706858943
vn 0.707354533 -1.56954215e-16 0.706858943
vn -0.694205494 1.59822569e-16 -0.719776862
vn -0.694205494 1.59822569e-16 -0.719776862
vn -0.694205494 1.59822569e-16 -0.719776862
vn -0.694205494 1.59822569e-16 -0.719776862
vn 0.000113195694 -2.22044604e-16 0.999999994
vn 0.000113195694 -2.22044604e-16 0.999999994
vn 0.000113195694 -2.22044604e-16 0.999999994
vn 0.000113195694 -2.22044604e-16 0.999999994
vn -0.00842102963 2.22036732e-16 -0.999964543
vn -0.00842102963 2.22036732e-16 -0.999964543
vn -0.00842102963 2.22036732e-16 -0.999964543
vn -0.00842102963 2.22036732e-16 -0.999964543
vn 0.732404653 -1.51183423e-16 0.680869608
vn 0.732404653 -1.51183423e-16 0.680869608
vn 0.732404653 -1.51183423e-16 0.680869608
vn 0.732404653 -1.51183423e-16 0.680869608
vn -0.732405486 1.51183224e-16 -0.680868713
vn -0.732405486 1.51183224e-16 -0.680868713
vn -0.732405486 1.51183224e-16 -0.680868713
vn -0.732405486 1.51183224e-16 -0.680868713
vn 0.999997953 4.49275734e-19 -0.00202335803
vn 0.999997953 4.49275734e-19 -0.00202335803
vn 0.999997953 4.49275734e-19 -0.00202335803
vn 0.999997953 4.49275734e-19 -0.00202335803
vn -0.999999125 -2.93667466e-19 0.00132256069
vn -0.999999125 -2.93667466e-19 0.00132256069
vn -0.999999125 -2.93667466e-19 0.00132256069
vn -0.999999125 -2.93667466e-19 0.00132256069
vn 0.693000654 1.60080161e-16 -0.720936955
vn 0.693000654 1.60080161e-16 -0.720936955
vn 0.693000654 1.60080161e-16 -0.720936955
vn 0.693000654 1.60080161e-16 -0.720936955
vn -0.661789892 -1.66464478e-16 0.749689361
vn -0.661789892 -1.66464478e-16 0.749689361
vn -0.661789892 -1.66464478e-16 0.749689361
vn -0.661789892 -1.66464478e-16 0.749689361
vn 0.00220567795 2.22044065e-16 -0.999997567
vn 0.00220567795 2.22044065e-16 -0.999997567
vn 0.00220567795 2.22044065e-16 -0.999997567
vn 0.00220567795 2.22044065e-16 -0.999997567
vn -0.00230170781 -2.22044017e-16 0.999997351
vn -0.00230170781 -2.22044017e-16 0.999997351
vn -0.00230170781 -2.22044017e-16 0.999997351
vn -0.00230170781 -2.22044017e-16 0.999997351
vn -0.999988835 -1.04924616e-18 0.00472538464
vn -0.999988835 -1.04924616e-18 0.00472538464
vn -0.999988835 -1.04924616e-18 0.00472538464
vn -0.999988835 -1.04924616e-18 0.00472538464
vn 0.605399595 -1.76730116e-16 0.795921686
vn 0.605399595 -1.76730116e-16 0.795921686
vn 0.605399595 -1.76730116e-16 0.795921686
vn 0.605399595 -1.76730116e-16 0.795921686
vn 0 1 2.22044605e-16
vn 0 1 2.22044605e-16
vn 0 1 2.22044605e-16
vn 0 1 2.22044605e-16
vn 0 1 2.22044605e-16
vn 0.999875723 -3.50055853e-18 0.0157651141
vn 0.999875723 -3.50055853e-18 0.0157651141
vn 0.999875723 -3.50055853e-18 0.0157651141
vn 0.999875723 -3.50055853e-18 0.0157651141
vn -1 0 0
vn -1 0 0
vn -1 0 0
vn -1 0 0
vn 0 -1 -2.22044605e-16
vn 0 -1 -2.22044605e-16

g collision_PZ_room_052_submesh_0
usemtl collision_7
f 195/195/195 197/197/197 196/196/196
f 195/195/195 196/196/196 198/198/198
f 199/199/199 201/201/201 200/200/200
f 199/199/199 200/200/200 202/202/202
f 203/203/203 205/205/205 204/204/204
f 203/203/203 204/204/204 206/206/206
f 207/207/207 209/209/209 208/208/208
f 207/207/207 208/208/208 210/210/210
f 211/211/211 213/213/213 212/212/212
f 214/214/214 212/212/212 213/213/213
f 214/214/214 213/213/213 215/215/215
f 216/216/216 214/214/214 215/215/215
f 216/216/216 215/215/215 217/217/217
f 218/218/218 216/216/216 217/217/217
f 218/218/218 217/217/217 219/219/219
f 220/220/220 218/218/218 219/219/219
f 220/220/220 219/219/219 221/221/221
f 222/222/222 220/220/220 221/221/221
f 222/222/222 221/221/221 223/223/223
f 224/224/224 222/222/222 223/223/223
f 224/224/224 223/223/223 225/225/225
f 225/225/225 226/226/226 224/224/224
f 225/225/225 227/227/227 226/226/226
f 227/227/227 228/228/228 226/226/226
f 229/229/229 231/231/231 230/230/230
f 229/229/229 230/230/230 232/232/232
f 233/233/233 235/235/235 234/234/234
f 233/233/233 234/234/234 236/236/236
f 237/237/237 239/239/239 238/238/238
f 237/237/237 238/238/238 240/240/240
f 241/241/241 243/243/243 242/242/242
f 241/241/241 242/242/242 244/244/244
f 245/245/245 247/247/247 246/246/246
f 245/245/245 246/246/246 248/248/248
f 249/249/249 251/251/251 250/250/250
f 249/249/249 250/250/250 252/252/252
f 253/253/253 255/255/255 254/254/254
f 253/253/253 254/254/254 256/256/256
f 257/257/257 259/259/259 258/258/258
f 257/257/257 258/258/258 260/260/260
f 261/261/261 263/263/263 262/262/262
f 261/261/261 262/262/262 264/264/264
f 265/265/265 267/267/267 266/266/266
f 265/265/265 266/266/266 268/268/268
f 269/269/269 271/271/271 270/270/270
f 269/269/269 270/270/270 272/272/272
f 273/273/273 275/275/275 274/274/274
f 273/273/273 274/274/274 276/276/276
f 277/277/277 279/279/279 278/278/278
f 277/277/277 278/278/278 280/280/280
f 281/281/281 283/283/283 282/282/282
f 281/281/281 282/282/282 284/284/284
f 285/285/285 287/287/287 286/286/286
f 286/286/286 287/287/287 288/288/288
f 287/287/287 289/289/289 288/288/288
f 290/290/290 292/292/292 291/291/291
f 290/290/290 291/291/291 293/293/293
f 294/294/294 296/296/296 295/295/295
f 294/294/294 295/295/295 297/297/297
f 211/211/211 299/299/299 298/298/298
f 212/212/212 299/299/299 211/211/211

o collision_PZ_room_047
v -15.3870502 0.000775005755 35.3912187
v -20.2041584 6.03461159 35.3912187
v -15.3870502 6.03461159 35.3912187
v -20.2041584 0.000775005755 35.3912187
v -15.3870502 6.03461159 35.3912187
v -14.6226498 0.000775005755 34.2800739
v -15.3870502 0.000775005755 35.3912187
v -14.6226498 6.03461159 34.2800739
v -19.8654896 0.000775005755 34.2800739
v -14.6226498 6.03461159 34.2800739
v -19.8654896 6.03461159 34.2800739
v -14.6226498 0.000775005755 34.2800739
v -20.8546081 6.03461159 33.2909575
v -19.8654896 0.000775005755 34.2800739
v -19.8654896 6.03461159 34.2800739
v -20.8546081 0.000775005755 33.2909575
vt 0.466513574 0.302019626
vt 0.279671162 0.490692228
vt 0.466513574 0.490692228
vt 0.279671162 0.302019626
vt 0.466524839 0.490340054
vt 0.423104018 0.302381516
vt 0.466524839 0.302269369
vt 0.423105299 0.490801722
vt 3.59441996 0.490684986
vt 3.48038721 0.690456033
vt 3.59441566 0.690456033
vt 3.48038721 0.490684986
vt 1.11162472 0.446882904
vt 1.06750977 0.261421323
vt 1.06750619 0.446882904
vt 1.11162472 0.261421323
vn 0 -2.22044605e-16 1
vn 0 -2.22044605e-16 1
vn 0 -2.22044605e-16 1
vn 0 -2.22044605e-16 1
vn 0.823872812 -1.2584927e-16 0.566774725
vn 0.823872812 -1.2584927e-16 0.566774725
vn 0.823872812 -1.2584927e-16 0.566774725
vn 0.823872812 -1.2584927e-16 0.566774725
vn 0 2.22044605e-16 -1
vn 0 2.22044605e-16 -1
vn 0 2.22044605e-16 -1
vn 0 2.22044605e-16 -1
vn 0.707106025 1.57009414e-16 -0.707107537
vn 0.707106025 1.57009414e-16 -0.707107537
vn 0.707106025 1.57009414e-16 -0.707107537
vn 0.707106025 1.57009414e-16 -0.707107537

g collision_PZ_room_047_submesh_0
usemtl collision_8
f 300/300/300 302/302/302 301/301/301
f 300/300/300 301/301/301 303/303/303
f 304/304/304 306/306/306 305/305/305
f 304/304/304 305/305/305 307/307/307
f 308/308/308 310/310/310 309/309/309
f 308/308/308 309/309/309 311/311/311
f 312/312/312 314/314/314 313/313/313
f 312/312/312 313/313/313 315/315/315

o collision_PZ_room_046
v -21.1932766 6.03461154 28.5642707
v -21.1932766 0.000774953207 34.402103
v -21.1932766 0.000774953207 28.5642707
v -21.1932766 6.03461154 34.402103
v -20.4134323 0.000774953207 27.7844285
v -21.1932766 6.03461154 28.5642707
v -21.1932766 0.000774953207 28.5642707
v -20.4134323 6.03461154 27.7844285
v -21.1932766 0.000774953207 34.402103
v -20.2041581 6.03461154 35.3912195
v -20.2041581 0.000774953207 35.3912195
v -21.1932766 6.03461154 34.402103
v -19.1658394 6.03461154 27.7844285
v -20.4134323 0.000774953207 27.7844285
v -19.1658394 0.000774953207 27.7844285
v -20.4134323 6.03461154 27.7844285
v -18.3748181 6.03627237 26.9911776
v -18.4158852 0.000774953207 14.1355207
v -18.4158852 6.06677945 14.1355207
v -18.3748181 0.000774953207 26.9911776
v -18.3748181 0.000774953207 26.9911776
v -19.1658394 6.03461154 27.7844285
v -19.1658394 0.000774953207 27.7844285
v -18.3748181 6.03627237 26.9911776
v -20.8546078 0.000774953207 28.9307677
v -20.8546078 6.03461154 33.2909582
v -20.8546078 6.03461154 28.9307677
v -20.8546078 0.000774953207 33.2909582
v -18.5964196 0.000774953207 28.1509255
v -20.0747635 6.03461154 28.1509255
v -18.5964196 6.03461154 28.1509255
v -20.0747635 0.000774953207 28.1509255
v -20.0747635 6.03461154 28.1509255
v -20.8546078 0.000774953207 28.9307677
v -20.8546078 6.03461154 28.9307677
v -20.0747635 0.000774953207 28.1509255
v -17.8031647 6.03461154 27.3576708
v -18.5964196 0.000774953207 28.1509255
v -18.5964196 6.03461154 28.1509255
v -17.8031647 0.000774953207 27.3576708
v -17.8031647 6.03461154 27.3576708
v -17.7653 0.000774953207 14.1355207
v -17.8031647 0.000774953207 27.3576708
v -17.7653 6.06677945 14.1355207
vt 0.918945312 0.486328125
vt 0.6875 0.250976562
vt 0.918945312 0.250976562
vt 0.6875 0.486328125
vt 0.948242188 0.250976562
vt 0.918945312 0.486328125
vt 0.918945312 0.250976562
vt 0.948242188 0.486328125
vt 0.230775252 0.302019626
vt 0.279671162 0.490692228
vt 0.279671162 0.302019626
vt 0.230775252 0.490692228
vt 0.999646246 0.486328125
vt 0.948242188 0.250976562
vt 0.999646246 0.250976562
vt 0.948242188 0.486328125
vt 0.958984375 0.486328125
vt 0.467773438 0.250976562
vt 0.467773438 0.486328125
vt 0.958984375 0.250976562
vt 0.958984375 0.250976562
vt 0.999646246 0.486328125
vt 0.999646246 0.250976562
vt 0.958984375 0.486328125
vt 0.847991049 0.490684986
vt 0.685740948 0.690456033
vt 0.847991049 0.690456033
vt 0.685740948 0.490684986
vt 0.924014628 0.490684986
vt 0.878820062 0.690456033
vt 0.924014628 0.690456033
vt 0.878824174 0.490684986
vt 1.1647892 0.444642752
vt 1.11891782 0.261421323
vt 1.11891782 0.444642752
vt 1.16479528 0.261421323
vt 1.16484094 0.444654644
vt 1.11894035 0.261421323
vt 1.11894035 0.444654644
vt 1.16484094 0.261421323
vt 1.09986401 0.690456033
vt 1.55154026 0.490519822
vt 1.09986401 0.490684986
vt 1.55154026 0.690290868
vn -1 0 0
vn -1 0 0
vn -1 0 0
vn -1 0 0
vn -0.707105876 1.57009447e-16 -0.707107686
vn -0.707105876 1.57009447e-16 -0.707107686
vn -0.707105876 1.57009447e-16 -0.707107686
vn -0.707105876 1.57009447e-16 -0.707107686
vn -0.707106025 -1.57009414e-16 0.707107537
vn -0.707106025 -1.57009414e-16 0.707107537
vn -0.707106025 -1.57009414e-16 0.707107537
vn -0.707106025 -1.57009414e-16 0.707107537
vn 0 2.22044605e-16 -1
vn 0 2.22044605e-16 -1
vn 0 2.22044605e-16 -1
vn 0 2.22044605e-16 -1
vn -0.999994898 -7.09313169e-19 0.00319446252
vn -0.999994898 -7.09313221e-19 0.00319446276
vn -0.999994898 -7.09313169e-19 0.00319446252
vn -0.999994898 -7.09313221e-19 0.00319446276
vn -0.70810111 1.5678815e-16 -0.706111052
vn -0.70810114 1.56788143e-16 -0.706111022
vn -0.70810111 1.5678815e-16 -0.706111052
vn -0.70810111 1.5678815e-16 -0.706111052
vn 1 0 0
vn 1 0 0
vn 1 0 0
vn 1 0 0
vn 0 -2.22044605e-16 1
vn 0 -2.22044605e-16 1
vn 0 -2.22044605e-16 1
vn 0 -2.22044605e-16 1
vn 0.707105876 -1.57009447e-16 0.707107686
vn 0.707105876 -1.57009447e-16 0.707107686
vn 0.707105876 -1.57009447e-16 0.707107686
vn 0.707105876 -1.57009447e-16 0.707107686
vn 0.70710671 -1.57009262e-16 0.707106852
vn 0.70710671 -1.57009262e-16 0.707106852
vn 0.70710671 -1.57009262e-16 0.707106852
vn 0.70710671 -1.57009262e-16 0.707106852
vn 0.9999959 -6.35873428e-19 0.00286371933
vn 0.9999959 -6.35873479e-19 0.00286371957
vn 0.9999959 -6.35873479e-19 0.00286371957
vn 0.9999959 -6.35873428e-19 0.00286371933

g collision_PZ_room_046_submesh_0
usemtl collision_9
f 316/316/316 318/318/318 317/317/317
f 316/316/316 317/317/317 319/319/319
f 320/320/320 322/322/322 321/321/321
f 320/320/320 321/321/321 323/323/323
f 324/324/324 326/326/326 325/325/325
f 324/324/324 325/325/325 327/327/327
f 328/328/328 330/330/330 329/329/329
f 328/328/328 329/329/329 331/331/331
f 332/332/332 334/334/334 333/333/333
f 332/332/332 333/333/333 335/335/335
f 336/336/336 338/338/338 337/337/337
f 336/336/336 337/337/337 339/339/339
f 340/340/340 342/342/342 341/341/341
f 340/340/340 341/341/341 343/343/343
f 344/344/344 346/346/346 345/345/345
f 344/344/344 345/345/345 347/347/347
f 348/348/348 350/350/350 349/349/349
f 348/348/348 349/349/349 351/351/351
f 352/352/352 354/354/354 353/353/353
f 352/352/352 353/353/353 355/355/355
f 356/356/356 358/358/358 357/357/357
f 356/356/356 357/357/357 359/359/359

o collision_PZ_room_041
v -15.1398242 0.000947687698 -3.9101321
v -15.6479533 4.78759095 -3.9101321
v -15.1398242 4.78759095 -3.9101321
v -15.6479533 0.000947687698 -3.9101321
v -17.7887309 0.000947687698 -5.88782193
v -17.8337558 4.75667999 -19.1518149
v -17.7887309 4.77025077 -5.88782193
v -17.8337558 0.000947687698 -19.1518149
v -17.7887309 4.77025077 -5.88782193
v -15.6479533 0.000947687698 -3.9101321
v -17.7887309 0.000947687698 -5.88782193
v -15.6479533 4.78759095 -3.9101321
v -17.2553905 0.000947687698 -7.55866567
v -15.1398242 4.78759095 -5.90793635
v -17.2553905 4.78759095 -7.55866567
v -15.1398242 0.000947687698 -5.90793635
v -17.2553905 0.000947687698 -18.3572604
v -17.2553905 4.78759095 -7.55866567
v -17.2553905 4.78759095 -18.3572604
v -17.2553905 0.000947687698 -7.55866567
v -16.0273288 4.78759095 -19.5853208
v -17.2553905 0.000947687698 -18.3572604
v -17.2553905 4.78759095 -18.3572604
v -16.0273288 0.000947687698 -19.5853208
vt -0.196981207 0.251574159
vt -0.151312858 0.486631989
vt -0.196981207 0.486631989
vt -0.151312858 0.251574159
vt -0.00136052445 0.251574159
vt -0.53177774 0.486631989
vt -0.00136052445 0.486631989
vt -0.53177774 0.251574159
vt -0.00136052445 0.486631989
vt -0.151312858 0.251574159
vt -0.00136052445 0.251574159
vt -0.151312858 0.486631989
vt -0.53177774 0.490157068
vt -0.352375686 0.689214289
vt -0.53177774 0.689214289
vt -0.352382183 0.490157068
vt -2.56452477e-05 0.490157068
vt -0.53177774 0.689214289
vt -2.56452477e-05 0.690295696
vt -0.53177774 0.490157068
vt 0.429730058 0.69056201
vt 0.530498981 0.490879506
vt 0.530498981 0.69056201
vt 0.429730058 0.490879506
vn 0 -2.22044605e-16 1
vn 0 -2.22044605e-16 1
vn 0 -2.22044605e-16 1
vn 0 -2.22044605e-16 1
vn -0.999994239 -7.53730146e-19 0.0033944988
vn -0.999994239 -7.53730094e-19 0.00339449857
vn -0.999994239 -7.53730146e-19 0.0033944988
vn -0.999994239 -7.53730146e-19 0.0033944988
vn -0.678574058 -1.63098866e-16 0.734531992
vn -0.678574058 -1.63098866e-16 0.734531992
vn -0.678574058 -1.63098866e-16 0.734531992
vn -0.67857409 -1.63098859e-16 0.734531962
vn 0.615167998 1.7505909e-16 -0.788396052
vn 0.615167998 1.7505909e-16 -0.788396052
vn 0.615167998 1.7505909e-16 -0.788396052
vn 0.615167998 1.7505909e-16 -0.788396052
vn 1 0 0
vn 1 0 0
vn 1 0 0
vn 1 0 0
vn 0.707106412 -1.57009328e-16 0.70710715
vn 0.707106412 -1.57009328e-16 0.70710715
vn 0.707106412 -1.57009328e-16 0.70710715
vn 0.707106412 -1.57009328e-16 0.70710715

g collision_PZ_room_041_submesh_0
usemtl collision_10
f 360/360/360 362/362/362 361/361/361
f 360/360/360 361/361/361 363/363/363
f 364/364/364 366/366/366 365/365/365
f 364/364/364 365/365/365 367/367/367
f 368/368/368 370/370/370 369/369/369
f 368/368/368 369/369/369 371/371/371
f 372/372/372 374/374/374 373/373/373
f 372/372/372 373/373/373 375/375/375
f 376/376/376 378/378/378 377/377/377
f 376/376/376 377/377/377 379/379/379
f 380/380/380 382/382/382 381/381/381
f 380/380/380 381/381/381 383/383/383

o collision_PZ_room_040
v -11.4180339 4.75542305 -20.379871
v -16.6098608 0.000947687698 -20.379871
v -11.4180339 0.000947687698 -20.379871
v -16.6098608 4.75542305 -20.379871
v -10.2507366 4.75542305 -21.2966188
v -11.4180339 0.000947687698 -20.379871
v -10.2507366 0.000947687698 -21.2966188
v -11.4180339 4.75542305 -20.379871
v -9.63541922 4.75542305 -21.2966188
v -10.2507366 0.000947687698 -21.2966188
v -9.63541922 0.000947687698 -21.2966188
v -10.2507366 4.75542305 -21.2966188
v -16.6098608 0.000947687698 -20.379871
v -17.8337549 4.75667999 -19.1518162
v -17.8337549 0.000947687698 -19.1518162
v -16.6098608 4.75542305 -20.379871
v -10.7085002 0.000947687698 -19.5853221
v -16.0273279 4.78759095 -19.5853221
v -10.7085002 4.78759095 -19.5853221
v -16.0273279 0.000947687698 -19.5853221
v -10.2507366 0.000947687698 -19.1818798
v -10.7085002 4.78759095 -19.5853221
v -10.2507366 4.78759095 -19.1818798
v -10.7085002 0.000947687698 -19.5853221
v -9.63541922 0.000947687698 -19.1818798
v -10.2507366 4.78759095 -19.1818798
v -9.63541922 4.78759095 -19.1818798
v -10.2507366 0.000947687698 -19.1818798
vt -0.601010859 0.48978734
vt -0.721068561 0.301943094
vt -0.601010859 0.302104354
vt -0.721068561 0.489948601
vt -0.533266485 0.48962611
vt -0.601010859 0.302104354
vt -0.533266485 0.302265584
vt -0.601010859 0.48978734
vt 0.480095118 0.646074533
vt 0.429740489 0.489826143
vt 0.480095118 0.489826143
vt 0.429740489 0.646074533
vt -0.720793247 0.301916718
vt -0.769135177 0.489922225
vt -0.769135177 0.301916718
vt -0.720793247 0.489922225
vt -0.312009752 0.490157068
vt -0.0891699046 0.690295696
vt -0.312009752 0.690295696
vt -0.0891699046 0.490157068
vt -0.289356709 0.490157068
vt -0.312506616 0.690295696
vt -0.289356709 0.690295696
vt -0.312506616 0.490157068
vt -0.249153361 0.490157068
vt -0.289356709 0.690295696
vt -0.249153361 0.690295696
vt -0.289356709 0.490157068
vn 0 2.22044605e-16 -1
vn 0 2.22044605e-16 -1
vn 0 2.22044605e-16 -1
vn 0 2.22044605e-16 -1
vn -0.617648926 1.74627855e-16 -0.786453942
vn -0.617648926 1.74627855e-16 -0.786453942
vn -0.617648926 1.74627855e-16 -0.786453942
vn -0.617648926 1.74627855e-16 -0.786453942
vn 0 2.22044605e-16 -1
vn 0 2.22044605e-16 -1
vn 0 2.22044605e-16 -1
vn 0 2.22044605e-16 -1
vn -0.708305564 1.56742611e-16 -0.705905963
vn -0.708305623 1.56742597e-16 -0.705905903
vn -0.708305564 1.56742611e-16 -0.705905963
vn -0.708305623 1.56742597e-16 -0.705905903
vn 0 -2.22044605e-16 1
vn 0 -2.22044605e-16 1
vn 0 -2.22044605e-16 1
vn 0 -2.22044605e-16 1
vn -0.66119136 -1.66581702e-16 0.750217292
vn -0.66119136 -1.66581702e-16 0.750217292
vn -0.66119136 -1.66581702e-16 0.750217292
vn -0.66119136 -1.66581702e-16 0.750217292
vn 0 -2.22044605e-16 1
vn 0 -2.22044605e-16 1
vn 0 -2.22044605e-16 1
vn 0 -2.22044605e-16 1

g collision_PZ_room_040_submesh_0
usemtl collision_11
f 384/384/384 386/386/386 385/385/385
f 384/384/384 385/385/385 387/387/387
f 388/388/388 390/390/390 389/389/389
f 388/388/388 389/389/389 391/391/391
f 392/392/392 394/394/394 393/393/393
f 392/392/392 393/393/393 395/395/395
f 396/396/396 398/398/398 397/397/397
f 396/396/396 397/397/397 399/399/399
f 400/400/400 402/402/402 401/401/401
f 400/400/400 401/401/401 403/403/403
f 404/404/404 406/406/406 405/405/405
f 404/404/404 405/405/405 407/407/407
f 408/408/408 410/410/410 409/409/409
f 408/408/408 409/409/409 411/411/411

o collision_PZ_room_030
v -5.0697193 0.000947687698 -21.1643527
v -4.31228731 4.78759095 -22.3766318
v -5.0697193 4.78759095 -21.1643527
v -4.31228731 0.000947687698 -22.3766318
v -5.70869635 4.75542305 -19.1477583
v -5.0697193 0.000947687698 -19.1477583
v -5.70869635 0.000947687698 -19.1477583
v -5.0697193 4.75542305 -19.1477583
v -5.70869635 0.000947687698 -21.1643537
v -5.0697193 4.78759095 -21.1643527
v -5.70869635 4.78759095 -21.1643537
v -5.0697193 0.000947687698 -21.1643527
v -5.0697193 4.75542305 -19.1477583
v -3.5548601 0.000947687698 -21.0192102
v -5.0697193 0.000947687698 -19.1477583
v -3.5548601 4.78759095 -21.0192102
vt -0.254833758 1.25164318
vt -0.206031978 1.48712099
vt -0.254833758 1.48712099
vt -0.206031978 1.25164318
vt -0.00135198585 1.68978965
vt -0.0339409895 1.4908092
vt -0.00135198585 1.4908092
vt -0.0339409895 1.68978965
vt 0.480434775 0.489826143
vt 0.530643284 0.646074533
vt 0.480434775 0.646074533
vt 0.530643284 0.489826143
vt -0.0339409895 1.68978965
vt -0.110737287 1.4908092
vt -0.0339409895 1.4908092
vt -0.110737287 1.68978965
vn -0.848074521 1.17656323e-16 -0.529876973
vn -0.848074521 1.17656323e-16 -0.529876973
vn -0.848074521 1.17656323e-16 -0.529876973
vn -0.848074521 1.17656323e-16 -0.529876973
vn 0 -2.22044605e-16 1
vn 0 -2.22044605e-16 1
vn 0 -2.22044605e-16 1
vn 0 -2.22044605e-16 1
vn 0 2.22044605e-16 -1
vn 0 2.22044605e-16 -1
vn 0 2.22044605e-16 -1
vn 0 2.22044605e-16 -1
vn 0.777270396 -1.3970307e-16 0.629166696
vn 0.777270419 -1.39703064e-16 0.629166667
vn 0.777270419 -1.39703064e-16 0.629166667
vn 0.777270419 -1.39703064e-16 0.629166667

g collision_PZ_room_030_submesh_0
usemtl collision_12
f 412/412/412 414/414/414 413/413/413
f 412/412/412 413/413/413 415/415/415
f 416/416/416 418/418/418 417/417/417
f 416/416/416 417/417/417 419/419/419
f 420/420/420 422/422/422 421/421/421
f 420/420/420 421/421/421 423/423/423
f 424/424/424 426/426/426 425/425/425
f 424/424/424 425/425/425 427/427/427

o collision_PZ_Object14
v 0.462841758 4.72937676 14.6584091
v 0.462841758 4.31117826 17.3391013
v 0.462841758 4.31562047 14.6584091
v 0.462841758 4.72937676 17.456222
v 0.462841758 4.35309033 17.8806375
v 0.462841758 4.09729919 17.5846151
v 0.462841758 4.17018612 18.6882068
v 0.462841758 4.36396078 18.3909657
v 0.462841758 3.8184568 17.5718836
v 0.462855587 3.32285381 18.6911155
v 0.462855587 3.41060614 17.9135583
v 0.462841758 4.72937676 17.456222
v 1.29255165 4.72937819 14.6584091
v 1.29255224 4.72937771 17.456222
v 0.462841758 4.72937676 14.6584091
v 0.462841758 3.8184568 17.5718836
v 1.29255224 3.41060852 17.9135583
v 1.29255224 3.81845823 17.5718912
v 0.462855587 3.41060614 17.9135583
v 0.462841758 4.09729919 17.5846151
v 1.29255224 3.81845823 17.5718912
v 1.29255224 4.09729967 17.584617
v 0.462841758 3.8184568 17.5718836
v 0.462841758 4.31117826 17.3391013
v 1.29255224 4.09729967 17.584617
v 1.29255224 4.31117921 17.3390994
v 0.462841758 4.09729919 17.5846151
v 0.462841758 4.31562047 14.6584091
v 1.29255224 4.31117921 17.3390994
v 1.29255165 4.31562095 14.6584091
v 0.462841758 4.31117826 17.3391013
v 0.462841758 4.35309033 17.8806375
v 1.29255224 4.72937771 17.456222
v 1.29255224 4.3530908 17.8806394
v 0.462841758 4.72937676 17.456222
v 0.462841758 4.36396078 18.3909657
v 1.29255224 4.3530908 17.8806394
v 1.29255224 4.36396221 18.3909638
v 0.462841758 4.35309033 17.8806375
v 0.462841758 4.17018612 18.6882068
v 1.29255224 4.36396221 18.3909638
v 1.29255224 4.17018755 18.6882087
v 0.462841758 4.36396078 18.3909657
v 0.462855587 3.32285381 18.6911155
v 1.29255224 4.17018755 18.6882087
v 1.29255224 3.322855 18.6911155
v 0.462841758 4.17018612 18.6882068
v 0.462841758 4.72937676 14.6584091
v 0.462841758 4.31117826 11.9434915
v 0.462841758 4.72937676 11.8263708
v 0.462841758 4.31562047 14.6584091
v 0.462841758 4.35309033 11.4019496
v 0.462841758 4.09729919 11.6979777
v 0.462841758 4.17018612 10.594386
v 0.462841758 4.36396078 10.8916329
v 0.462841758 3.8184568 11.7107054
v 0.46285511 3.32285381 10.5914735
v 0.46285511 3.41060614 11.3690288
v 0.462841758 4.72937676 11.8263708
v 1.29255165 4.72937819 14.6584091
v 0.462841758 4.72937676 14.6584091
v 1.29255165 4.72937771 11.8263708
v 0.462841758 3.8184568 11.7107054
v 1.29255165 3.41060852 11.3690326
v 0.46285511 3.41060614 11.3690288
v 1.29255165 3.81845799 11.7107054
v 0.462841758 4.09729919 11.6979777
v 1.29255165 3.81845799 11.7107054
v 0.462841758 3.8184568 11.7107054
v 1.29255165 4.09729967 11.6979777
v 0.462841758 4.31117826 11.9434915
v 1.29255165 4.09729967 11.6979777
v 0.462841758 4.09729919 11.6979777
v 1.29255165 4.31117921 11.9434877
v 0.462841758 4.31562047 14.6584091
v 1.29255165 4.31117921 11.9434877
v 0.462841758 4.31117826 11.9434915
v 1.29255165 4.31562095 14.6584091
v 0.462841758 4.35309033 11.4019496
v 1.29255165 4.72937771 11.8263708
v 0.462841758 4.72937676 11.8263708
v 1.29255165 4.3530908 11.4019496
v 0.462841758 4.36396078 10.8916329
v 1.29255165 4.3530908 11.4019496
v 0.462841758 4.35309033 11.4019496
v 1.29255165 4.36396221 10.8916271
v 0.462841758 4.17018612 10.594386
v 1.29255165 4.36396221 10.8916271
v 0.462841758 4.36396078 10.8916329
v 1.29255165 4.17018707 10.594386
v 0.46285511 3.32285381 10.5914735
v 1.29255165 4.17018707 10.594386
v 0.462841758 4.17018612 10.594386
v 1.29255165 3.322855 10.5914735
v 1.29255165 4.72937819 14.6584091
v 1.29255224 4.31117921 17.3390994
v 1.29255224 4.72937771 17.456222
v 1.29255165 4.31562095 14.6584091
v 1.29255224 4.3530908 17.8806394
v 1.29255224 4.09729967 17.584617
v 1.29255224 4.17018755 18.6882087
v 1.29255224 4.36396221 18.3909638
v 1.29255224 3.81845823 17.5718912
v 1.29255224 3.322855 18.6911155
v 1.29255224 3.41060852 17.9135583
v 1.29255165 4.72937819 14.6584091
v 1.29255165 4.31117921 11.9434877
v 1.29255165 4.31562095 14.6584091
v 1.29255165 4.72937771 11.8263708
v 1.29255165 4.3530908 11.4019496
v 1.29255165 4.09729967 11.6979777
v 1.29255165 4.17018707 10.594386
v 1.29255165 4.36396221 10.8916271
v 1.29255165 3.81845799 11.7107054
v 1.29255165 3.322855 10.5914735
v 1.29255165 3.41060852 11.3690326
vt 0.114971034 0.486918479
vt 0.0664860085 0.466952235
vt 0.114971034 0.467164308
vt 0.0612261035 0.486918479
vt 0.0421652868 0.468953252
vt 0.0554598793 0.456740886
vt 0.00589714805 0.460220754
vt 0.0192465167 0.469472259
vt 0.0560315438 0.44342801
vt 0.0057662949 0.419766188
vt 0.0406868644 0.423955768
vt 0.455875486 0.106358804
vt 0.419211417 0.159772322
vt 0.419211417 0.106358781
vt 0.455875486 0.159772351
vt 0.342626631 0.0797343254
vt 0.405123115 0.054444056
vt 0.405123115 0.0797343105
vt 0.342626631 0.0544440635
vt 0.342626661 0.0930024013
vt 0.405123115 0.0797343105
vt 0.405123115 0.0930023789
vt 0.342626631 0.0797343254
vt 0.342626661 0.108479626
vt 0.405123115 0.0930023789
vt 0.405123115 0.108479626
vt 0.342626661 0.0930024013
vt 0.342626661 0.159796506
vt 0.405123115 0.108479626
vt 0.405123115 0.159796506
vt 0.342626661 0.108479626
vt 0.455875486 0.0810424089
vt 0.419211417 0.106358781
vt 0.419211417 0.0810423791
vt 0.455875486 0.106358804
vt 0.455875486 0.0582597852
vt 0.419211417 0.0810423791
vt 0.419211417 0.0582597591
vt 0.455875486 0.0810424089
vt 0.455875486 0.0424225479
vt 0.419211417 0.0582597591
vt 0.419211417 0.0424225479
vt 0.455875486 0.0582597852
vt 0.455875486 0.00460288953
vt 0.419211417 0.0424225479
vt 0.419211417 0.00460288953
vt 0.455875486 0.0424225479
vt 0.114971034 0.486918479
vt 0.0664860085 0.466952235
vt 0.0612261035 0.486918479
vt 0.114971034 0.467164308
vt 0.0421652868 0.468953252
vt 0.0554598793 0.456740886
vt 0.00589714805 0.460220754
vt 0.0192465167 0.469472259
vt 0.0560315438 0.44342801
vt 0.0057662949 0.419766188
vt 0.0406868644 0.423955768
vt 0.455875486 0.106358804
vt 0.419211417 0.159772322
vt 0.455875486 0.159772351
vt 0.419211417 0.106358781
vt 0.342626631 0.0797343254
vt 0.405123115 0.054444056
vt 0.342626631 0.0544440635
vt 0.405123115 0.0797343105
vt 0.342626661 0.0930024013
vt 0.405123115 0.0797343105
vt 0.342626631 0.0797343254
vt 0.405123115 0.0930023789
vt 0.342626661 0.108479626
vt 0.405123115 0.0930023789
vt 0.342626661 0.0930024013
vt 0.405123115 0.108479626
vt 0.342626661 0.159796506
vt 0.405123115 0.108479626
vt 0.342626661 0.108479626
vt 0.405123115 0.159796506
vt 0.455875486 0.0810424089
vt 0.419211417 0.106358781
vt 0.455875486 0.106358804
vt 0.419211417 0.0810423791
vt 0.455875486 0.0582597852
vt 0.419211417 0.0810423791
vt 0.455875486 0.0810424089
vt 0.419211417 0.0582597591
vt 0.455875486 0.0424225479
vt 0.419211417 0.0582597591
vt 0.455875486 0.0582597852
vt 0.419211417 0.0424225479
vt 0.455875486 0.00460288953
vt 0.419211417 0.0424225479
vt 0.455875486 0.0424225479
vt 0.419211417 0.00460288953
vt 0.114971034 0.486918479
vt 0.0664860085 0.466952235
vt 0.0612261035 0.486918479
vt 0.114971034 0.467164308
vt 0.0421652868 0.468953252
vt 0.0554598793 0.456740886
vt 0.00589714805 0.460220754
vt 0.0192465167 0.469472259
vt 0.0560315438 0.44342801
vt 0.0057662949 0.419766188
vt 0.0406868644 0.423955768
vt 0.114971034 0.486918479
vt 0.0664860085 0.466952235
vt 0.114971034 0.467164308
vt 0.0612261035 0.486918479
vt 0.0421652868 0.468953252
vt 0.0554598793 0.456740886
vt 0.00589714805 0.460220754
vt 0.0192465167 0.469472259
vt 0.0560315438 0.44342801
vt 0.0057662949 0.419766188
vt 0.0406868644 0.423955768
vn -1 0 0
vn -1 0 0
vn -1 0 0
vn -1 0 0
vn -1 0 0
vn -1 0 0
vn -1 -1.25144568e-05 -2.77876761e-21
vn -1 0 0
vn -1 -1.04284593e-05 -2.31558313e-21
vn -1 -2.12218298e-05 -4.71219282e-21
vn -1 -2.12218316e-05 -4.71219322e-21
vn 0 1 2.22044605e-16
vn 0 1 2.22044605e-16
vn 0 1 2.22044605e-16
vn 0 1 2.22044605e-16
vn 0 -0.642174147 -0.766558781
vn 0 -0.642174112 -0.766558811
vn 0 -0.642174112 -0.766558811
vn 0 -0.642174176 -0.766558757
vn 0 0.0456009115 -0.998959737
vn 0 0.0456009152 -0.998959737
vn 0 0.0456009115 -0.998959737
vn 0 0.0456009115 -0.998959737
vn 0 -0.754016213 -0.656855807
vn 0 -0.754016183 -0.656855841
vn 0 -0.754016183 -0.656855841
vn 0 -0.754016183 -0.656855841
vn 0 -0.999998627 -0.00165702404
vn 0 -0.999998627 -0.00165702404
vn 0 -0.999998627 -0.00165702404
vn 0 -0.999998627 -0.00165702392
vn 0 0.748260007 0.663405578
vn 0 0.748260007 0.663405578
vn 0 0.748259978 0.663405612
vn 0 0.748259978 0.663405612
vn 0 0.999773191 -0.0212970913
vn 0 0.999773191 -0.0212970913
vn 0 0.999773191 -0.0212970913
vn 0 0.999773191 -0.0212970913
vn 0 0.83771311 0.546110562
vn 0 0.837713137 0.54611052
vn 0 0.837713092 0.546110589
vn 0 0.837713092 0.546110589
vn 0 0.00343163505 0.999994112
vn 0 0.00343163505 0.999994112
vn 0 0.00343163528 0.999994112
vn 0 0.00343163505 0.999994112
vn -1 0 0
vn -1 0 0
vn -1 0 0
vn -1 0 0
vn -1 0 0
vn -1 0 0
vn -1 -1.20829715e-05 -2.68295863e-21
vn -1 0 0
vn -1 -1.00687887e-05 -2.2357202e-21
vn -1 -2.04900302e-05 -4.54970067e-21
vn -1 -2.04900321e-05 -4.54970107e-21
vn 0 1 2.22044605e-16
vn 0 1 2.22044605e-16
vn 0 1 2.22044605e-16
vn 0 1 2.22044605e-16
vn 0 -0.642178458 0.766555169
vn 0 -0.642178458 0.766555169
vn 0 -0.642178423 0.766555199
vn 0 -0.642178458 0.766555169
vn 0 0.0455974897 0.998959894
vn 0 0.0455974897 0.998959894
vn 0 0.045597486 0.998959894
vn 0 0.0455974897 0.998959894
vn 0 -0.754011159 0.656861608
vn 0 -0.754011159 0.656861608
vn 0 -0.754011134 0.656861637
vn 0 -0.754011159 0.656861608
vn 0 -0.999998662 0.00163613302
vn 0 -0.999998662 0.00163613314
vn 0 -0.999998662 0.00163613302
vn 0 -0.999998662 0.00163613302
vn 0 0.748263675 -0.663401441
vn 0 0.748263702 -0.663401412
vn 0 0.748263646 -0.663401474
vn 0 0.748263646 -0.663401474
vn 0 0.999773185 0.0212973669
vn 0 0.999773185 0.0212973687
vn 0 0.999773185 0.0212973687
vn 0 0.999773185 0.0212973687
vn 0 0.837713624 -0.546109773
vn 0 0.837713624 -0.546109773
vn 0 0.837713624 -0.546109773
vn 0 0.837713624 -0.546109773
vn 0 0.0034372632 -0.999994093
vn 0 0.00343726297 -0.999994093
vn 0 0.0034372632 -0.999994093
vn 0 0.0034372632 -0.999994093
vn 1 0 0
vn 1 0 0
vn 1 0 0
vn 1 0 0
vn 1 0 0
vn 1 0 0
vn 1 0 0
vn 1 0 0
vn 1 0 0
vn 1 0 0
vn 1 0 0
vn 1 0 0
vn 1 0 0
vn 1 0 0
vn 1 0 0
vn 1 0 0
vn 1 0 0
vn 1 0 0
vn 1 0 0
vn 1 0 0
vn 1 0 0
vn 1 0 0

g collision_PZ_Object14_submesh_0
usemtl collision_13
f 428/428/428 430/430/430 429/429/429
f 428/428/428 429/429/429 431/431/431
f 432/432/432 431/431/431 429/429/429
f 432/432/432 429/429/429 433/433/433
f 432/432/432 433/433/433 434/434/434
f 432/432/432 434/434/434 435/435/435
f 434/434/434 433/433/433 436/436/436
f 437/437/437 434/434/434 436/436/436
f 437/437/437 436/436/436 438/438/438
f 439/439/439 441/441/441 440/440/440
f 439/439/439 440/440/440 442/442/442
f 443/443/443 445/445/445 444/444/444
f 443/443/443 444/444/444 446/446/446
f 447/447/447 449/449/449 448/448/448
f 447/447/447 448/448/448 450/450/450
f 451/451/451 453/453/453 452/452/452
f 451/451/451 452/452/452 454/454/454
f 455/455/455 457/457/457 456/456/456
f 455/455/455 456/456/456 458/458/458
f 459/459/459 461/461/461 460/460/460
f 459/459/459 460/460/460 462/462/462
f 463/463/463 465/465/465 464/464/464
f 463/463/463 464/464/464 466/466/466
f 467/467/467 469/469/469 468/468/468
f 467/467/467 468/468/468 470/470/470
f 471/471/471 473/473/473 472/472/472
f 471/471/471 472/472/472 474/474/474
f 475/475/475 477/477/477 476/476/476
f 475/475/475 476/476/476 478/478/478
f 479/479/479 476/476/476 477/477/477
f 479/479/479 480/480/480 476/476/476
f 479/479/479 481/481/481 480/480/480
f 479/479/479 482/482/482 481/481/481
f 481/481/481 483/483/483 480/480/480
f 484/484/484 483/483/483 481/481/481
f 484/484/484 485/485/485 483/483/483
f 486/486/486 488/488/488 487/487/487
f 486/486/486 487/487/487 489/489/489
f 490/490/490 492/492/492 491/491/491
f 490/490/490 491/491/491 493/493/493
f 494/494/494 496/496/496 495/495/495
f 494/494/494 495/495/495 497/497/497
f 498/498/498 500/500/500 499/499/499
f 498/498/498 499/499/499 501/501/501
f 502/502/502 504/504/504 503/503/503
f 502/502/502 503/503/503 505/505/505
f 506/506/506 508/508/508 507/507/507
f 506/506/506 507/507/507 509/509/509
f 510/510/510 512/512/512 511/511/511
f 510/510/510 511/511/511 513/513/513
f 514/514/514 516/516/516 515/515/515
f 514/514/514 515/515/515 517/517/517
f 518/518/518 520/520/520 519/519/519
f 518/518/518 519/519/519 521/521/521
f 522/522/522 524/524/524 523/523/523
f 522/522/522 523/523/523 525/525/525
f 526/526/526 523/523/523 524/524/524
f 526/526/526 527/527/527 523/523/523
f 526/526/526 528/528/528 527/527/527
f 526/526/526 529/529/529 528/528/528
f 528/528/528 530/530/530 527/527/527
f 531/531/531 530/530/530 528/528/528
f 531/531/531 532/532/532 530/530/530
f 533/533/533 535/535/535 534/534/534
f 533/533/533 534/534/534 536/536/536
f 537/537/537 536/536/536 534/534/534
f 537/537/537 534/534/534 538/538/538
f 537/537/537 538/538/538 539/539/539
f 537/537/537 539/539/539 540/540/540
f 539/539/539 538/538/538 541/541/541
f 542/542/542 539/539/539 541/541/541
f 542/542/542 541/541/541 543/543/543

o collision_PZ_Object09
v -9.96269555 4.72937677 32.3241155
v -13.5168871 4.31117874 32.3241155
v -9.96269555 4.31562048 32.3241155
v -13.6340098 4.72937677 32.3241155
v -14.0584254 4.35309034 32.3241155
v -13.7624011 4.0972992 32.3241155
v -14.865993 4.17018613 32.3241155
v -14.5687499 4.36396079 32.3241155
v -13.6340098 4.72937677 32.3241155
v -9.9626946 4.7293782 34.7468445
v -13.6340098 4.72937772 34.7468445
v -9.96269555 4.72937677 32.3241155
v -13.5168871 4.31117874 32.3241155
v -13.7624049 4.09729968 34.7468445
v -13.5168871 4.31117922 34.7468445
v -13.7624011 4.0972992 32.3241155
v -9.96269555 4.31562048 32.3241155
v -13.5168871 4.31117922 34.7468445
v -9.9626946 4.31562096 34.7468445
v -13.5168871 4.31117874 32.3241155
v -14.0584254 4.35309034 32.3241155
v -13.6340098 4.72937772 34.7468445
v -14.0584292 4.35309081 34.7468445
v -13.6340098 4.72937677 32.3241155
v -14.5687499 4.36396079 32.3241155
v -14.0584292 4.35309081 34.7468445
v -14.5687518 4.36396222 34.7468445
v -14.0584254 4.35309034 32.3241155
v -14.865993 4.17018613 32.3241155
v -14.5687518 4.36396222 34.7468445
v -14.8659968 4.17018756 34.7468445
v -14.5687499 4.36396079 32.3241155
v -9.96269555 4.72937677 32.3241155
v -6.511126 4.31117827 32.3241155
v -6.39400525 4.72937677 32.3241155
v -9.96269555 4.31562048 32.3241155
v -5.9695849 4.35309034 32.3241155
v -6.26561208 4.0972992 32.3241155
v -5.16201921 4.17018613 32.3241155
v -5.45926423 4.36396079 32.3241155
v -6.39400525 4.72937677 32.3241155
v -9.9626946 4.7293782 34.7468445
v -9.96269555 4.72937677 32.3241155
v -6.39400525 4.72937772 34.7468445
v -6.511126 4.31117827 32.3241155
v -6.26561208 4.09729968 34.7468445
v -6.26561208 4.0972992 32.3241155
v -6.51112123 4.31117922 34.7468445
v -9.96269555 4.31562048 32.3241155
v -6.51112123 4.31117922 34.7468445
v -6.511126 4.31117827 32.3241155
v -9.9626946 4.31562096 34.7468445
v -5.9695849 4.35309034 32.3241155
v -6.39400525 4.72937772 34.7468445
v -6.39400525 4.72937677 32.3241155
v -5.9695849 4.35309081 34.7468445
v -5.45926423 4.36396079 32.3241155
v -5.9695849 4.35309081 34.7468445
v -5.9695849 4.35309034 32.3241155
v -5.45926328 4.36396222 34.7468445
v -5.16201921 4.17018613 32.3241155
v -5.45926328 4.36396222 34.7468445
v -5.45926423 4.36396079 32.3241155
v -5.16201921 4.17018708 34.7468445
v -9.9626946 4.7293782 34.7468445
v -13.5168871 4.31117922 34.7468445
v -13.6340098 4.72937772 34.7468445
v -9.9626946 4.31562096 34.7468445
v -14.0584292 4.35309081 34.7468445
v -13.7624049 4.09729968 34.7468445
v -14.8659968 4.17018756 34.7468445
v -14.5687518 4.36396222 34.7468445
v -9.9626946 4.7293782 34.7468445
v -6.51112123 4.31117922 34.7468445
v -9.9626946 4.31562096 34.7468445
v -6.39400525 4.72937772 34.7468445
v -5.9695849 4.35309081 34.7468445
v -6.26561208 4.09729968 34.7468445
v -5.16201921 4.17018708 34.7468445
v -5.45926328 4.36396222 34.7468445
vt 0.114971034 0.486918479
vt 0.0664860085 0.466952235
vt 0.114971034 0.467164308
vt 0.0612261035 0.486918479
vt 0.0421652868 0.468953252
vt 0.0554598793 0.456740886
vt 0.00589714805 0.460220754
vt 0.0192465167 0.469472259
vt 0.455875486 0.106358804
vt 0.419211417 0.159772322
vt 0.419211417 0.106358781
vt 0.455875486 0.159772351
vt 0.342626661 0.108479626
vt 0.405123115 0.0930023789
vt 0.405123115 0.108479626
vt 0.342626661 0.0930024013
vt 0.342626661 0.159796506
vt 0.405123115 0.108479626
vt 0.405123115 0.159796506
vt 0.342626661 0.108479626
vt 0.455875486 0.0810424089
vt 0.419211417 0.106358781
vt 0.419211417 0.0810423791
vt 0.455875486 0.106358804
vt 0.455875486 0.0582597852
vt 0.419211417 0.0810423791
vt 0.419211417 0.0582597591
vt 0.455875486 0.0810424089
vt 0.455875486 0.0424225479
vt 0.419211417 0.0582597591
vt 0.419211417 0.0424225479
vt 0.455875486 0.0582597852
vt 0.114971034 0.486918479
vt 0.0664860085 0.466952235
vt 0.0612261035 0.486918479
vt 0.114971034 0.467164308
vt 0.0421652868 0.468953252
vt 0.0554598793 0.456740886
vt 0.00589714805 0.460220754
vt 0.0192465167 0.469472259
vt 0.455875486 0.106358804
vt 0.419211417 0.159772322
vt 0.455875486 0.159772351
vt 0.419211417 0.106358781
vt 0.342626661 0.108479626
vt 0.405123115 0.0930023789
vt 0.342626661 0.0930024013
vt 0.405123115 0.108479626
vt 0.342626661 0.159796506
vt 0.405123115 0.108479626
vt 0.342626661 0.108479626
vt 0.405123115 0.159796506
vt 0.455875486 0.0810424089
vt 0.419211417 0.106358781
vt 0.455875486 0.106358804
vt 0.419211417 0.0810423791
vt 0.455875486 0.0582597852
vt 0.419211417 0.0810423791
vt 0.455875486 0.0810424089
vt 0.419211417 0.0582597591
vt 0.455875486 0.0424225479
vt 0.419211417 0.0582597591
vt 0.455875486 0.0582597852
vt 0.419211417 0.0424225479
vt 0.114971034 0.486918479
vt 0.0664860085 0.466952235
vt 0.0612261035 0.486918479
vt 0.114971034 0.467164308
vt 0.0421652868 0.468953252
vt 0.0554598793 0.456740886
vt 0.00589714805 0.460220754
vt 0.0192465167 0.469472259
vt 0.114971034 0.486918479
vt 0.0664860085 0.466952235
vt 0.114971034 0.467164308
vt 0.0612261035 0.486918479
vt 0.0421652868 0.468953252
vt 0.0554598793 0.456740886
vt 0.00589714805 0.460220754
vt 0.0192465167 0.469472259
vn 0 2.22044605e-16 -1
vn 0 2.22044605e-16 -1
vn 0 2.22044605e-16 -1
vn 0 2.22044605e-16 -1
vn 0 2.22044605e-16 -1
vn 0 2.22044605e-16 -1
vn 0 2.22044605e-16 -1
vn 0 2.22044605e-16 -1
vn 0 1 2.22044605e-16
vn 0 1 2.22044605e-16
vn 0 1 2.22044605e-16
vn 0 1 2.22044605e-16
vn 0.656856121 -0.754015939 -1.67425171e-16
vn 0.656856121 -0.754015939 -1.67425171e-16
vn 0.656856151 -0.754015913 -1.67425165e-16
vn 0.656856121 -0.754015939 -1.67425171e-16
vn 0.00124971698 -0.999999219 -2.22044432e-16
vn 0.00124971687 -0.999999219 -2.22044432e-16
vn 0.00124971675 -0.999999219 -2.22044432e-16
vn 0.00124971687 -0.999999219 -2.22044432e-16
vn -0.663404748 0.748260743 1.66147261e-16
vn -0.663404748 0.748260743 1.66147261e-16
vn -0.663404719 0.748260769 1.66147267e-16
vn -0.663404748 0.748260743 1.66147261e-16
vn 0.02129721 0.999773189 2.21994243e-16
vn 0.02129721 0.999773189 2.21994243e-16
vn 0.0212972081 0.999773189 2.21994243e-16
vn 0.0212972081 0.999773189 2.21994243e-16
vn -0.546109294 0.837713936 1.8600986e-16
vn -0.546109294 0.837713936 1.8600986e-16
vn -0.546109294 0.837713936 1.8600986e-16
vn -0.546109253 0.837713963 1.86009866e-16
vn 0 2.22044605e-16 -1
vn 0 2.22044605e-16 -1
vn 0 2.22044605e-16 -1
vn 0 2.22044605e-16 -1
vn 0 2.22044605e-16 -1
vn 0 2.22044605e-16 -1
vn 0 2.22044605e-16 -1
vn 0 2.22044605e-16 -1
vn 0 1 2.22044605e-16
vn 0 1 2.22044605e-16
vn 0 1 2.22044605e-16
vn 0 1 2.22044605e-16
vn -0.656862235 -0.754010613 -1.67423989e-16
vn -0.656862264 -0.754010587 -1.67423983e-16
vn -0.656862205 -0.754010639 -1.67423994e-16
vn -0.656862235 -0.754010613 -1.67423989e-16
vn -0.00128694215 -0.999999172 -2.22044421e-16
vn -0.00128694203 -0.999999172 -2.22044421e-16
vn -0.00128694203 -0.999999172 -2.22044421e-16
vn -0.00128694215 -0.999999172 -2.22044421e-16
vn 0.663402222 0.748262983 1.66147758e-16
vn 0.663402222 0.748262983 1.66147758e-16
vn 0.663402222 0.748262983 1.66147758e-16
vn 0.663402256 0.748262953 1.66147752e-16
vn -0.0212973086 0.999773187 2.21994242e-16
vn -0.0212973068 0.999773187 2.21994242e-16
vn -0.0212973068 0.999773187 2.21994242e-16
vn -0.0212973049 0.999773187 2.21994242e-16
vn 0.5461091 0.837714063 1.86009888e-16
vn 0.5461091 0.837714063 1.86009888e-16
vn 0.5461091 0.837714063 1.86009888e-16
vn 0.546109087 0.837714071 1.8600989e-16
vn 0 -2.22044605e-16 1
vn 0 -2.22044605e-16 1
vn 0 -2.22044605e-16 1
vn 0 -2.22044605e-16 1
vn 0 -2.22044605e-16 1
vn 0 -2.22044605e-16 1
vn 0 -2.22044605e-16 1
vn 0 -2.22044605e-16 1
vn 0 -2.22044605e-16 1
vn 0 -2.22044605e-16 1
vn 0 -2.22044605e-16 1
vn 0 -2.22044605e-16 1
vn 0 -2.22044605e-16 1
vn 0 -2.22044605e-16 1
vn 0 -2.22044605e-16 1
vn 0 -2.22044605e-16 1

g collision_PZ_Object09_submesh_0
usemtl collision_14
f 544/544/544 546/546/546 545/545/545
f 544/544/544 545/545/545 547/547/547
f 548/548/548 547/547/547 545/545/545
f 548/548/548 545/545/545 549/549/549
f 548/548/548 549/549/549 550/550/550
f 548/548/548 550/550/550 551/551/551
f 552/552/552 554/554/554 553/553/553
f 552/552/552 553/553/553 555/555/555
f 556/556/556 558/558/558 557/557/557
f 556/556/556 557/557/557 559/559/559
f 560/560/560 562/562/562 561/561/561
f 560/560/560 561/561/561 563/563/563
f 564/564/564 566/566/566 565/565/565
f 564/564/564 565/565/565 567/567/567
f 568/568/568 570/570/570 569/569/569
f 568/568/568 569/569/569 571/571/571
f 572/572/572 574/574/574 573/573/573
f 572/572/572 573/573/573 575/575/575
f 576/576/576 578/578/578 577/577/577
f 576/576/576 577/577/577 579/579/579
f 580/580/580 577/577/577 578/578/578
f 580/580/580 581/581/581 577/577/577
f 580/580/580 582/582/582 581/581/581
f 580/580/580 583/583/583 582/582/582
f 584/584/584 586/586/586 585/585/585
f 584/584/584 585/585/585 587/587/587
f 588/588/588 590/590/590 589/589/589
f 588/588/588 589/589/589 591/591/591
f 592/592/592 594/594/594 593/593/593
f 592/592/592 593/593/593 595/595/595
f 596/596/596 598/598/598 597/597/597
f 596/596/596 597/597/597 599/599/599
f 600/600/600 602/602/602 601/601/601
f 600/600/600 601/601/601 603/603/603
f 604/604/604 606/606/606 605/605/605
f 604/604/604 605/605/605 607/607/607
f 608/608/608 610/610/610 609/609/609
f 608/608/608 609/609/609 611/611/611
f 612/612/612 609/609/609 610/610/610
f 612/612/612 613/613/613 609/609/609
f 612/612/612 614/614/614 613/613/613
f 612/612/612 615/615/615 614/614/614
f 616/616/616 618/618/618 617/617/617
f 616/616/616 617/617/617 619/619/619
f 620/620/620 619/619/619 617/617/617
f 620/620/620 617/617/617 621/621/621
f 620/620/620 621/621/621 622/622/622
f 620/620/620 622/622/622 623/623/623

o collision_PZ_Object05_1
v -7.69279955 5.09097923 -21.5899555
v -8.77239226 4.67278121 -21.5899555
v -7.69279955 4.67722295 -21.5899555
v -8.88951205 5.09097923 -21.5899555
v -9.31392954 4.7146928 -21.5899555
v -9.01790617 4.45890167 -21.5899555
v -10.1214952 4.5317886 -21.5899555
v -9.82425211 4.72556326 -21.5899555
v -9.00517748 4.18005927 -21.5899555
v -10.1244087 3.68445629 -21.5899555
v -9.34684847 3.77220861 -21.5899555
v -9.00517748 4.18005927 -21.5899555
v -9.34684847 3.77220933 -18.9230716
v -9.00518034 4.18006023 -18.9230716
v -9.34684847 3.77220861 -21.5899555
v -9.01790617 4.45890167 -21.5899555
v -9.00518034 4.18006023 -18.9230716
v -9.01790808 4.45890214 -18.9230716
v -9.00517748 4.18005927 -21.5899555
v -8.77239226 4.67278121 -21.5899555
v -9.01790808 4.45890214 -18.9230716
v -8.77239321 4.67278169 -18.9230716
v -9.01790617 4.45890167 -21.5899555
v -7.69279955 4.67722295 -21.5899555
v -8.77239321 4.67278169 -18.9230716
v -7.69280051 4.67722342 -18.9230716
v -8.77239226 4.67278121 -21.5899555
v -9.31392954 4.7146928 -21.5899555
v -8.889513 5.09097971 -18.9230716
v -9.3139324 4.71469328 -18.9230716
v -8.88951205 5.09097923 -21.5899555
v -9.82425211 4.72556326 -21.5899555
v -9.3139324 4.71469328 -18.9230716
v -9.82425593 4.72556421 -18.9230716
v -9.31392954 4.7146928 -21.5899555
v -10.1214952 4.5317886 -21.5899555
v -9.82425593 4.72556421 -18.9230716
v -10.121499 4.53178907 -18.9230716
v -9.82425211 4.72556326 -21.5899555
v -10.1244087 3.68445629 -21.5899555
v -10.121499 4.53178907 -18.9230716
v -10.1244087 3.684457 -18.9230716
v -10.1214952 4.5317886 -21.5899555
v -7.69279955 5.09097923 -21.5899555
v -6.6132059 4.67278121 -21.5899555
v -6.49608611 5.09097923 -21.5899555
v -7.69279955 4.67722295 -21.5899555
v -6.07166861 4.7146928 -21.5899555
v -6.36769293 4.45890167 -21.5899555
v -5.26410292 4.5317886 -21.5899555
v -5.56134699 4.72556326 -21.5899555
v -6.38042162 4.18005927 -21.5899555
v -5.26118849 3.68445629 -21.5899555
v -6.03874873 3.77220861 -21.5899555
v -6.38042162 4.18005927 -21.5899555
v -6.03875063 3.77220933 -18.9230716
v -6.03874873 3.77220861 -21.5899555
v -6.38042162 4.18006023 -18.9230716
v -6.36769293 4.45890167 -21.5899555
v -6.38042162 4.18006023 -18.9230716
v -6.38042162 4.18005927 -21.5899555
v -6.36769484 4.45890214 -18.9230716
v -6.6132059 4.67278121 -21.5899555
v -6.36769484 4.45890214 -18.9230716
v -6.36769293 4.45890167 -21.5899555
v -6.61320685 4.67278169 -18.9230716
v -7.69279955 4.67722295 -21.5899555
v -6.61320685 4.67278169 -18.9230716
v -6.6132059 4.67278121 -21.5899555
v -7.69280051 4.67722342 -18.9230716
v -6.07166861 4.7146928 -21.5899555
v -6.49608801 5.09097971 -18.9230716
v -6.49608611 5.09097923 -21.5899555
v -6.07166956 4.71469328 -18.9230716
v -5.56134699 4.72556326 -21.5899555
v -6.07166956 4.71469328 -18.9230716
v -6.07166861 4.7146928 -21.5899555
v -5.56134699 4.72556421 -18.9230716
v -5.26410292 4.5317886 -21.5899555
v -5.56134699 4.72556421 -18.9230716
v -5.56134699 4.72556326 -21.5899555
v -5.26410292 4.53178907 -18.9230716
v -5.26118849 3.68445629 -21.5899555
v -5.26410292 4.53178907 -18.9230716
v -5.26410292 4.5317886 -21.5899555
v -5.2611904 3.684457 -18.9230716
v -7.69280051 5.09097971 -18.9230716
v -8.77239321 4.67278169 -18.9230716
v -8.889513 5.09097971 -18.9230716
v -7.69280051 4.67722342 -18.9230716
v -9.3139324 4.71469328 -18.9230716
v -9.01790808 4.45890214 -18.9230716
v -10.121499 4.53178907 -18.9230716
v -9.82425593 4.72556421 -18.9230716
v -9.00518034 4.18006023 -18.9230716
v -10.1244087 3.684457 -18.9230716
v -9.34684847 3.77220933 -18.9230716
v -7.69280051 5.09097971 -18.9230716
v -6.61320685 4.67278169 -18.9230716
v -7.69280051 4.67722342 -18.9230716
v -6.49608801 5.09097971 -18.9230716
v -6.07166956 4.71469328 -18.9230716
v -6.36769484 4.45890214 -18.9230716
v -5.26410292 4.53178907 -18.9230716
v -5.56134699 4.72556421 -18.9230716
v -6.38042162 4.18006023 -18.9230716
v -5.2611904 3.684457 -18.9230716
v -6.03875063 3.77220933 -18.9230716
vt 0.114971034 0.486918479
vt 0.0664860085 0.466952235
vt 0.114971034 0.467164308
vt 0.0612261035 0.486918479
vt 0.0421652868 0.468953252
vt 0.0554598793 0.456740886
vt 0.00589714805 0.460220754
vt 0.0192465167 0.469472259
vt 0.0560315438 0.44342801
vt 0.0057662949 0.419766188
vt 0.0406868644 0.423955768
vt 0.342626631 0.0797343254
vt 0.405123115 0.054444056
vt 0.405123115 0.0797343105
vt 0.342626631 0.0544440635
vt 0.342626661 0.0930024013
vt 0.405123115 0.0797343105
vt 0.405123115 0.0930023789
vt 0.342626631 0.0797343254
vt 0.342626661 0.108479626
vt 0.405123115 0.0930023789
vt 0.405123115 0.108479626
vt 0.342626661 0.0930024013
vt 0.342626661 0.159796506
vt 0.405123115 0.108479626
vt 0.405123115 0.159796506
vt 0.342626661 0.108479626
vt 0.455875486 0.0810424089
vt 0.419211417 0.106358781
vt 0.419211417 0.0810423791
vt 0.455875486 0.106358804
vt 0.455875486 0.0582597852
vt 0.419211417 0.0810423791
vt 0.419211417 0.0582597591
vt 0.455875486 0.0810424089
vt 0.455875486 0.0424225479
vt 0.419211417 0.0582597591
vt 0.419211417 0.0424225479
vt 0.455875486 0.0582597852
vt 0.455875486 0.00460288953
vt 0.419211417 0.0424225479
vt 0.419211417 0.00460288953
vt 0.455875486 0.0424225479
vt 0.114971034 0.486918479
vt 0.0664860085 0.466952235
vt 0.0612261035 0.486918479
vt 0.114971034 0.467164308
vt 0.0421652868 0.468953252
vt 0.0554598793 0.456740886
vt 0.00589714805 0.460220754
vt 0.0192465167 0.469472259
vt 0.0560315438 0.44342801
vt 0.0057662949 0.419766188
vt 0.0406868644 0.423955768
vt 0.342626631 0.0797343254
vt 0.405123115 0.054444056
vt 0.342626631 0.0544440635
vt 0.405123115 0.0797343105
vt 0.342626661 0.0930024013
vt 0.405123115 0.0797343105
vt 0.342626631 0.0797343254
vt 0.405123115 0.0930023789
vt 0.342626661 0.108479626
vt 0.405123115 0.0930023789
vt 0.342626661 0.0930024013
vt 0.405123115 0.108479626
vt 0.342626661 0.159796506
vt 0.405123115 0.108479626
vt 0.342626661 0.108479626
vt 0.405123115 0.159796506
vt 0.455875486 0.0810424089
vt 0.419211417 0.106358781
vt 0.455875486 0.106358804
vt 0.419211417 0.0810423791
vt 0.455875486 0.0582597852
vt 0.419211417 0.0810423791
vt 0.455875486 0.0810424089
vt 0.419211417 0.0582597591
vt 0.455875486 0.0424225479
vt 0.419211417 0.0582597591
vt 0.455875486 0.0582597852
vt 0.419211417 0.0424225479
vt 0.455875486 0.00460288953
vt 0.419211417 0.0424225479
vt 0.455875486 0.0424225479
vt 0.419211417 0.00460288953
vt 0.114971034 0.486918479
vt 0.0664860085 0.466952235
vt 0.0612261035 0.486918479
vt 0.114971034 0.467164308
vt 0.0421652868 0.468953252
vt 0.0554598793 0.456740886
vt 0.00589714805 0.460220754
vt 0.0192465167 0.469472259
vt 0.0560315438 0.44342801
vt 0.0057662949 0.419766188
vt 0.0406868644 0.423955768
vt 0.114971034 0.486918479
vt 0.0664860085 0.466952235
vt 0.114971034 0.467164308
vt 0.0612261035 0.486918479
vt 0.0421652868 0.468953252
vt 0.0554598793 0.456740886
vt 0.00589714805 0.460220754
vt 0.0192465167 0.469472259
vt 0.0560315438 0.44342801
vt 0.0057662949 0.419766188
vt 0.0406868644 0.423955768
vn 0 2.22044605e-16 -1
vn 0 2.22044605e-16 -1
vn 0 2.22044605e-16 -1
vn 0 2.22044605e-16 -1
vn 0 2.22044605e-16 -1
vn 0 2.22044605e-16 -1
vn 0 2.22044605e-16 -1
vn 0 2.22044605e-16 -1
vn 0 2.22044605e-16 -1
vn 0 2.22044605e-16 -1
vn 0 2.22044605e-16 -1
vn 0.766560458 -0.642172146 -1.4259086e-16
vn 0.766560487 -0.642172111 -1.42590853e-16
vn 0.766560487 -0.642172111 -1.42590853e-16
vn 0.766560516 -0.642172076 -1.42590845e-16
vn 0.998959816 0.0455991808 1.01250521e-17
vn 0.998959816 0.0455991845 1.01250529e-17
vn 0.998959816 0.0455991808 1.01250521e-17
vn 0.998959816 0.0455991845 1.01250529e-17
vn 0.656858286 -0.754014053 -1.67424752e-16
vn 0.65685835 -0.754013998 -1.6742474e-16
vn 0.656858316 -0.754014027 -1.67424747e-16
vn 0.656858286 -0.754014053 -1.67424752e-16
vn 0.00411423586 -0.999991536 -2.22042726e-16
vn 0.00411423586 -0.999991536 -2.22042726e-16
vn 0.00411423586 -0.999991536 -2.22042726e-16
vn 0.00411423586 -0.999991536 -2.22042726e-16
vn -0.663403608 0.748261755 1.66147486e-16
vn -0.663403608 0.748261755 1.66147486e-16
vn -0.663403578 0.748261781 1.66147492e-16
vn -0.663403608 0.748261755 1.66147486e-16
vn 0.0212967575 0.999773198 2.21994245e-16
vn 0.0212967575 0.999773198 2.21994245e-16
vn 0.0212967575 0.999773198 2.21994245e-16
vn 0.0212967594 0.999773198 2.21994245e-16
vn -0.546110956 0.837712853 1.86009619e-16
vn -0.546110956 0.837712853 1.86009619e-16
vn -0.546110956 0.837712853 1.86009619e-16
vn -0.546110956 0.837712853 1.86009619e-16
vn -0.999994096 0.0034361384 7.62975992e-19
vn -0.999994096 0.0034361384 7.62975992e-19
vn -0.999994096 0.00343613816 7.62975941e-19
vn -0.999994096 0.00343613816 7.62975941e-19
vn 0 2.22044605e-16 -1
vn 0 2.22044605e-16 -1
vn 0 2.22044605e-16 -1
vn 0 2.22044605e-16 -1
vn 0 2.22044605e-16 -1
vn 0 2.22044605e-16 -1
vn 0 2.22044605e-16 -1
vn 0 2.22044605e-16 -1
vn 0 2.22044605e-16 -1
vn 0 2.22044605e-16 -1
vn 0 2.22044605e-16 -1
vn -0.766558341 -0.642174673 -1.42591422e-16
vn -0.766558311 -0.642174708 -1.42591429e-16
vn -0.766558287 -0.642174737 -1.42591436e-16
vn -0.766558316 -0.642174702 -1.42591428e-16
vn -0.998959894 0.0455974728 1.01246728e-17
vn -0.998959894 0.0455974728 1.01246728e-17
vn -0.998959894 0.0455974802 1.01246745e-17
vn -0.998959894 0.0455974728 1.01246728e-17
vn -0.656861182 -0.75401153 -1.67424192e-16
vn -0.656861216 -0.754011501 -1.67424186e-16
vn -0.656861216 -0.754011501 -1.67424186e-16
vn -0.656861186 -0.754011526 -1.67424191e-16
vn -0.00411423307 -0.999991537 -2.22042726e-16
vn -0.00411423307 -0.999991537 -2.22042726e-16
vn -0.00411423307 -0.999991537 -2.22042726e-16
vn -0.00411423307 -0.999991537 -2.22042726e-16
vn 0.663404023 0.748261387 1.66147404e-16
vn 0.663404023 0.748261387 1.66147404e-16
vn 0.663404023 0.748261387 1.66147404e-16
vn 0.663404023 0.748261387 1.66147404e-16
vn -0.0212967948 0.999773198 2.21994245e-16
vn -0.0212967966 0.999773198 2.21994245e-16
vn -0.0212967966 0.999773198 2.21994245e-16
vn -0.0212967948 0.999773198 2.21994245e-16
vn 0.546109696 0.837713674 1.86009802e-16
vn 0.546109696 0.837713674 1.86009802e-16
vn 0.546109696 0.837713674 1.86009802e-16
vn 0.546109696 0.837713674 1.86009802e-16
vn 0.999994089 0.00343838938 7.63475811e-19
vn 0.999994089 0.00343838938 7.63475811e-19
vn 0.999994089 0.00343838914 7.63475759e-19
vn 0.999994089 0.00343838914 7.63475759e-19
vn 0 -2.22044605e-16 1
vn 0 -2.22044605e-16 1
vn 0 -2.22044605e-16 1
vn 0 -2.22044605e-16 1
vn 0 -2.22044605e-16 1
vn 0 -2.22044605e-16 1
vn 0 -2.22044605e-16 1
vn 0 -2.22044605e-16 1
vn 0 -2.22044605e-16 1
vn 0 -2.22044605e-16 1
vn 0 -2.22044605e-16 1
vn 0 -2.22044605e-16 1
vn 0 -2.22044605e-16 1
vn 0 -2.22044605e-16 1
vn 0 -2.22044605e-16 1
vn 0 -2.22044605e-16 1
vn 0 -2.22044605e-16 1
vn 0 -2.22044605e-16 1
vn 0 -2.22044605e-16 1
vn 0 -2.22044605e-16 1
vn 0 -2.22044605e-16 1
vn 0 -2.22044605e-16 1

g collision_PZ_Object05_1_submesh_0
usemtl collision_15
f 624/624/624 626/626/626 625/625/625
f 624/624/624 625/625/625 627/627/627
f 628/628/628 627/627/627 625/625/625
f 628/628/628 625/625/625 629/629/629
f 628/628/628 629/629/629 630/630/630
f 628/628/628 630/630/630 631/631/631
f 630/630/630 629/629/629 632/632/632
f 633/633/633 630/630/630 632/632/632
f 633/633/633 632/632/632 634/634/634
f 635/635/635 637/637/637 636/636/636
f 635/635/635 636/636/636 638/638/638
f 639/639/639 641/641/641 640/640/640
f 639/639/639 640/640/640 642/642/642
f 643/643/643 645/645/645 644/644/644
f 643/643/643 644/644/644 646/646/646
f 647/647/647 649/649/649 648/648/648
f 647/647/647 648/648/648 650/650/650
f 651/651/651 653/653/653 652/652/652
f 651/651/651 652/652/652 654/654/654
f 655/655/655 657/657/657 656/656/656
f 655/655/655 656/656/656 658/658/658
f 659/659/659 661/661/661 660/660/660
f 659/659/659 660/660/660 662/662/662
f 663/663/663 665/665/665 664/664/664
f 663/663/663 664/664/664 666/666/666
f 667/667/667 669/669/669 668/668/668
f 667/667/667 668/668/668 670/670/670
f 671/671/671 668/668/668 669/669/669
f 671/671/671 672/672/672 668/668/668
f 671/671/671 673/673/673 672/672/672
f 671/671/671 674/674/674 673/673/673
f 673/673/673 675/675/675 672/672/672
f 676/676/676 675/675/675 673/673/673
f 676/676/676 677/677/677 675/675/675
f 678/678/678 680/680/680 679/679/679
f 678/678/678 679/679/679 681/681/681
f 682/682/682 684/684/684 683/683/683
f 682/682/682 683/683/683 685/685/685
f 686/686/686 688/688/688 687/687/687
f 686/686/686 687/687/687 689/689/689
f 690/690/690 692/692/692 691/691/691
f 690/690/690 691/691/691 693/693/693
f 694/694/694 696/696/696 695/695/695
f 694/694/694 695/695/695 697/697/697
f 698/698/698 700/700/700 699/699/699
f 698/698/698 699/699/699 701/701/701
f 702/702/702 704/704/704 703/703/703
f 702/702/702 703/703/703 705/705/705
f 706/706/706 708/708/708 707/707/707
f 706/706/706 707/707/707 709/709/709
f 710/710/710 712/712/712 711/711/711
f 710/710/710 711/711/711 713/713/713
f 714/714/714 711/711/711 712/712/712
f 714/714/714 715/715/715 711/711/711
f 714/714/714 716/716/716 715/715/715
f 714/714/714 717/717/717 716/716/716
f 716/716/716 718/718/718 715/715/715
f 719/719/719 718/718/718 716/716/716
f 719/719/719 720/720/720 718/718/718
f 721/721/721 723/723/723 722/722/722
f 721/721/721 722/722/722 724/724/724
f 725/725/725 724/724/724 722/722/722
f 725/725/725 722/722/722 726/726/726
f 725/725/725 726/726/726 727/727/727
f 725/725/725 727/727/727 728/728/728
f 727/727/727 726/726/726 729/729/729
f 730/730/730 727/727/727 729/729/729
f 730/730/730 729/729/729 731/731/731

o collision_PZ_Object05
v 47.7845463 4.27899145 -6.79172255
v 47.9031033 2.40634168 -8.15814684
v 47.5626072 4.00463848 -7.89279655
v 47.7845463 4.27899145 -6.79172255
v 48.1740689 2.62606819 -6.88937878
v 47.9031033 2.40634168 -8.15814684
v 47.7891583 0.959649975 -6.73809936
v 47.5627942 0.000775464649 -7.62799558
v 46.0580143 4.2727692 -7.84085755
v 47.5626072 4.00463848 -7.89279655
v 46.6198811 4.70563998 -6.63364153
v 44.4684681 4.27342724 -7.78598505
v 43.0296978 9.47926154 -15.6443171
v 49.1422925 5.57545468 -15.7511286
v 47.1414151 11.2866428 -23.5215585
v 42.5456433 12.3095661 -23.032112
v 47.5626072 4.00463848 -7.89279655
v 44.4684681 4.27342724 -7.78598505
v 44.3800816 4.64322868 -6.66904191
v 46.6198811 4.70563998 -6.63364153
v 42.7570805 3.62055623 -7.84027485
v 42.4054417 4.10278203 -6.90036511
v 43.0296978 9.47926154 -15.6443171
v 38.9063839 5.38486577 -15.6723503
v 39.3111386 11.2632568 -22.2704792
v 42.5456433 12.3095661 -23.032112
v 38.0386357 4.0177472 -21.3668902
v 37.4252514 -0.0443724221 -21.0859616
v 41.4693112 3.74625907 -6.82028223
v 41.1014256 3.36382382 -7.89279655
v 40.8614811 2.1571657 -8.20271966
v 40.8501591 3.40667526 -6.74730804
v 40.7235417 2.1571657 -6.57623225
v 41.1443028 -0.072417594 -8.6349839
v 40.8485112 -0.0443719453 -6.61632281
v 38.8068127 -0.0443719453 -16.4145377
v 38.4938321 2.58099612 -15.6837944
v 41.0693364 3.70067678 -6.79172255
v 38.9063839 5.38486577 -15.6723503
v 38.4938321 2.58099612 -15.6837944
v 38.4938321 2.58099612 -15.6837944
v 38.9063839 5.38486577 -15.6723503
v 35.9048314 -0.0443724221 -23.2730883
v 38.0386357 4.0177472 -21.3668902
v 36.1658711 2.99500108 -23.7242067
v 38.9063839 5.38486577 -15.6723503
v 38.0386357 4.0177472 -21.3668902
v 39.3111386 11.2632568 -22.2704792
v 36.1658711 2.99500108 -23.7242067
v 39.3452954 11.7600581 -29.2209058
v 36.1658711 2.99500108 -23.7242067
v 39.3111386 11.2632568 -22.2704792
v 42.5456433 12.3095661 -23.032112
v 47.1414151 11.2866428 -23.5215585
v 39.3452954 11.7600581 -29.2209058
v 42.5456433 12.3095661 -23.032112
vt 1.83776736 0.750601351
vt 1.79939187 0.736779392
vt 1.79939187 0.733736575
vt 1.83776736 0.750601351
vt 1.83776736 0.741553307
vt 1.79939187 0.736779392
vt 1.83776736 0.703969479
vt 1.83776736 0.691000342
vt 1.79939187 0.745562971
vt 1.79939187 0.733736575
vt 1.83776736 0.763417363
vt 1.79939187 0.758057058
vt 1.68189681 0.753956735
vt 1.68189681 0.740164399
vt 1.59482157 0.740056992
vt 1.60592055 0.762010098
vt 1.79939187 0.733736575
vt 1.79939187 0.758057058
vt 1.83776736 0.755545676
vt 1.83776736 0.763417363
vt 1.79939175 0.742064476
vt 1.83776736 0.737671554
vt 1.68189681 0.753956735
vt 1.68189681 0.736237943
vt 1.59858906 0.747315705
vt 1.60592055 0.762010098
vt 1.56972337 0.736501336
vt 1.56392324 0.690307558
vt 1.83776736 0.728554964
vt 1.79939187 0.726592779
vt 1.79939187 0.715752125
vt 1.83776736 0.72165513
vt 1.83776736 0.713854432
vt 1.79939187 0.690307558
vt 1.83776736 0.690307558
vt 1.68189681 0.690307558
vt 1.68189681 0.729786158
vt 1.83776736 0.725065827
vt 1.68189681 0.736237943
vt 1.68189681 0.729786158
vt 1.68189681 0.729786158
vt 1.68189681 0.736237943
vt 1.47937822 0.690307558
vt 1.56972337 0.736501336
vt 1.47937822 0.716615558
vt 1.68189681 0.736237943
vt 1.56972337 0.736501336
vt 1.54457688 0.741422713
vt 1.47937822 0.716615558
vt 1.44507003 0.770370305
vt 1.47937822 0.716615558
vt 1.54457688 0.741422713
vt 1.52452409 0.759970307
vt 1.53212214 0.755079627
vt 1.44507003 0.770370305
vt 1.52452409 0.759970307
vn -0.624300754 -0.698836194 0.349108212
vn -0.983512996 -0.00280859244 0.180815647
vn -0.551344711 -0.821111037 0.147633585
vn -0.624300754 -0.698836194 0.349108212
vn -0.980279366 -0.0435906455 0.192749114
vn -0.983512996 -0.00280859244 0.180815647
vn -0.973911244 0.19333708 0.118817773
vn -0.97391124 0.193337095 0.11881778
vn -0.148403495 -0.988491766 -0.0293330939
vn -0.551344711 -0.821111037 0.147633585
vn -0.120926757 -0.93182688 0.342162806
vn 0.156616958 -0.982007136 -0.105513565
vn 0.0805191797 -0.860808713 -0.502518678
vn -0.483877307 -0.794332288 -0.367285947
vn -0.316504464 -0.922025319 -0.22292204
vn -0.0137425524 -0.99203236 -0.125231543
vn -0.551344711 -0.821111037 0.147633585
vn 0.156616958 -0.982007136 -0.105513565
vn 0.132400075 -0.918855888 0.371717738
vn -0.120926757 -0.93182688 0.342162806
vn 0.317730419 -0.94791888 -0.0222974715
vn 0.301479662 -0.824790464 0.478362523
vn 0.0805191797 -0.860808713 -0.502518678
vn 0.874887403 -0.36163892 -0.322163504
vn 0.667043937 -0.705980508 -0.237999806
vn -0.0137425524 -0.99203236 -0.125231543
vn 0.921869693 -0.183424259 -0.341338263
vn 0.920134957 -0.110246903 -0.375762268
vn 0.181643597 -0.919605917 0.348325367
vn 0.71798414 -0.694788418 -0.0420455498
vn 0.995666299 -0.0047684188 -0.0928756364
vn 0.922615618 -0.34651628 0.169431074
vn 0.991105536 -0.0331509863 0.128883005
vn 0.983977222 0.140405797 -0.109886478
vn 0.989992657 0.0786152101 0.117192952
vn 0.941252041 0.187133335 -0.28111512
vn 0.971370785 -0.0039397606 -0.237535844
vn 0.499350163 -0.824318182 0.266737603
vn 0.874887403 -0.36163892 -0.322163504
vn 0.971370785 -0.0039397606 -0.237535844
vn 0.971370785 -0.0039397606 -0.237535844
vn 0.874887403 -0.36163892 -0.322163504
vn 0.807932553 -0.158002929 -0.56769716
vn 0.921869693 -0.183424259 -0.341338263
vn 0.858098805 -0.217371448 -0.465205432
vn 0.804654411 -0.440080038 -0.398573504
vn 0.921869693 -0.183424259 -0.341338263
vn 0.667043937 -0.705980508 -0.237999806
vn 0.858098805 -0.217371448 -0.465205432
vn 0.599198085 -0.800294039 0.0221609116
vn 0.858098805 -0.217371448 -0.465205432
vn 0.667043937 -0.705980508 -0.237999806
vn -0.0137425524 -0.99203236 -0.125231543
vn -0.316504464 -0.922025319 -0.22292204
vn 0.599198085 -0.800294039 0.0221609116
vn -0.0137425524 -0.99203236 -0.125231543

g collision_PZ_Object05_submesh_0
usemtl collision_16
f 732/732/732 734/734/734 733/733/733
f 735/735/735 737/737/737 736/736/736
f 737/737/737 738/738/738 736/736/736
f 737/737/737 739/739/739 738/738/738
f 740/740/740 741/741/741 735/735/735
f 740/740/740 735/735/735 742/742/742
f 743/743/743 740/740/740 742/742/742
f 744/744/744 740/740/740 743/743/743
f 744/744/744 745/745/745 740/740/740
f 744/744/744 746/746/746 745/745/745
f 744/744/744 747/747/747 746/746/746
f 745/745/745 748/748/748 740/740/740
f 749/749/749 751/751/751 750/750/750
f 750/750/750 752/752/752 749/749/749
f 750/750/750 753/753/753 752/752/752
f 754/754/754 749/749/749 752/752/752
f 755/755/755 754/754/754 752/752/752
f 754/754/754 755/755/755 756/756/756
f 754/754/754 756/756/756 757/757/757
f 755/755/755 758/758/758 756/756/756
f 759/759/759 758/758/758 755/755/755
f 752/752/752 753/753/753 760/760/760
f 760/760/760 761/761/761 752/752/752
f 762/762/762 755/755/755 761/761/761
f 762/762/762 761/761/761 763/763/763
f 762/762/762 763/763/763 764/764/764
f 765/765/765 762/762/762 764/764/764
f 765/765/765 764/764/764 766/766/766
f 767/767/767 762/762/762 765/765/765
f 767/767/767 768/768/768 762/762/762
f 768/768/768 767/767/767 759/759/759
f 761/761/761 769/769/769 763/763/763
f 760/760/760 769/769/769 761/761/761
f 770/770/770 762/762/762 771/771/771
f 759/759/759 773/773/773 772/772/772
f 774/774/774 775/775/775 759/759/759
f 774/774/774 776/776/776 775/775/775
f 752/752/752 761/761/761 777/777/777
f 778/778/778 780/780/780 779/779/779
f 781/781/781 783/783/783 782/782/782
f 781/781/781 784/784/784 783/783/783
f 785/785/785 787/787/787 786/786/786

o collision_PZ_Object04
v 39.3452957 11.7600581 -29.2209074
v 37.3590477 10.781207 -33.7411435
v 34.6053341 9.93952379 -30.7959861
v 31.5391186 9.6153814 -31.7049882
v 32.781411 11.0131406 -35.0018702
v 26.2592781 10.471899 -31.0844744
v 26.2592781 10.471899 -31.0844744
v 32.781411 11.0131406 -35.0018702
v 26.69674 10.7994718 -33.8325722
v 21.1625889 5.12024556 -30.0189515
v 21.3239658 4.85040299 -32.483562
v 21.3993576 4.44019771 -28.6427024
v 25.6176804 2.99500113 -28.4018158
v 31.5391186 9.6153814 -31.7049882
v 29.7982529 2.99500113 -28.5684017
v 34.6053341 9.93952379 -30.7959861
v 39.3452957 11.7600581 -29.2209074
v 33.1559036 2.99500113 -26.6017902
v 36.1658714 2.99500113 -23.7242082
v 32.8948639 -0.0443723778 -26.1506718
v 35.9048317 -0.0443723778 -23.2730898
v 29.5930489 -0.0443719009 -28.213776
v 25.4124763 -0.0443719009 -28.7987311
v 21.4398411 2.63319242 -28.0689663
v 21.3993576 4.44019771 -28.6427024
v 21.1297043 -0.0777266535 -27.9320645
vt 1.44507003 0.770370305
vt 1.35450923 0.748278916
vt 1.34550774 0.765462995
vt 1.30649018 0.763943791
vt 1.2993592 0.749676347
vt 1.22109556 0.753545821
vt 1.22109556 0.753545821
vt 1.2993592 0.749676347
vt 1.22109556 0.765947163
vt 1.12689912 0.738537967
vt 1.12689912 0.783987761
vt 1.12689912 0.733619809
vt 1.22109556 0.732346654
vt 1.30649018 0.763943791
vt 1.33122349 0.725121021
vt 1.34550774 0.765462995
vt 1.44507003 0.770370305
vt 1.41076171 0.711630285
vt 1.47937822 0.716615558
vt 1.41076171 0.690307558
vt 1.47937822 0.690307558
vt 1.32230687 0.690307558
vt 1.22109556 0.690307558
vt 1.1581558 0.728760421
vt 1.12689912 0.733619809
vt 1.15654516 0.690307558
vn 0.466332263 -0.778320031 -0.420419017
vn 0.228649462 -0.9673066 -0.109714923
vn 0.318564682 -0.794607826 -0.516831642
vn 0.0509189822 -0.770575524 -0.635311435
vn 0.0168234587 -0.956628727 -0.290823742
vn 0.278676779 -0.797129265 -0.535653049
vn 0.278676779 -0.797129265 -0.535653049
vn 0.0168234587 -0.956628727 -0.290823742
vn 0.253994326 -0.951524025 -0.173461557
vn 0.688934857 -0.690738095 -0.219658025
vn 0.739569376 -0.668597018 0.0775574934
vn 0.607968878 -0.665280774 -0.433330516
vn -0.0627768032 -0.166068387 -0.984113999
vn 0.0509189822 -0.770575524 -0.635311435
vn 0.216431463 -0.280989309 -0.93498793
vn 0.318564682 -0.794607826 -0.516831642
vn 0.466332263 -0.778320031 -0.420419017
vn 0.556145005 -0.36843124 -0.744957149
vn 0.642798331 -0.367052933 -0.672370769
vn 0.601425612 -0.158881626 -0.782971176
vn 0.681633541 -0.164368636 -0.712992755
vn 0.287064191 -0.0752727522 -0.954949299
vn -0.0507373993 0.0318259774 -0.9982048
vn -0.106311971 -0.120161906 -0.987045531
vn -0.058192007 -0.327068747 -0.943207148
vn -0.142771723 0.0574738872 -0.988085516

g collision_PZ_Object04_submesh_0
usemtl collision_17
f 788/788/788 790/790/790 789/789/789
f 791/791/791 789/789/789 790/790/790
f 791/791/791 792/792/792 789/789/789
f 793/793/793 792/792/792 791/791/791
f 794/794/794 796/796/796 795/795/795
f 796/796/796 794/794/794 797/797/797
f 796/796/796 797/797/797 798/798/798
f 799/799/799 797/797/797 794/794/794
f 800/800/800 794/794/794 801/801/801
f 800/800/800 801/801/801 802/802/802
f 803/803/803 802/802/802 801/801/801
f 802/802/802 803/803/803 804/804/804
f 802/802/802 804/804/804 805/805/805
f 806/806/806 805/805/805 804/804/804
f 807/807/807 805/805/805 806/806/806
f 807/807/807 806/806/806 808/808/808
f 809/809/809 802/802/802 805/805/805
f 809/809/809 805/805/805 807/807/807
f 810/810/810 800/800/800 802/802/802
f 810/810/810 802/802/802 809/809/809
f 811/811/811 800/800/800 810/810/810
f 812/812/812 800/800/800 811/811/811
f 812/812/812 794/794/794 800/800/800
f 811/811/811 810/810/810 813/813/813

o collision_PZ_Object03_1
v 45.5847281 3.39295784 -30.8663862
v 49.0437163 0.000775689356 -23.688598
v 45.4447592 0.000775689356 -30.882715
v 49.170059 2.31522978 -23.630462
v 47.1414145 11.286643 -23.5215601
v 41.5217932 3.39295784 -34.689599
v 41.3818205 0.000775689356 -34.7059259
v 42.2172621 7.90873881 -29.9783096
v 39.3452948 11.7600583 -29.2209074
v 40.269779 8.20606961 -31.5437752
v 44.6360777 6.87483399 -28.8992483
v 47.1414145 11.286643 -23.5215601
v 45.5847281 3.39295784 -30.8663862
v 40.269779 8.20606961 -31.5437752
v 45.5847281 3.39295784 -30.8663862
v 41.5217932 3.39295784 -34.689599
v 42.2172621 7.90873881 -29.9783096
v 44.6360777 6.87483399 -28.8992483
vt 1.48127437 0.737807393
vt 1.56137931 0.691000342
vt 1.47937822 0.691000342
vt 1.56183946 0.734764755
vt 1.53978074 0.783099771
vt 1.41076171 0.724725962
vt 1.41076171 0.691000342
vt 1.44203901 0.741947353
vt 1.4507252 0.799501181
vt 1.40219402 0.740528166
vt 1.46937275 0.741232514
vt 1.53978074 0.783099771
vt 1.48127437 0.737807393
vt 1.12983704 0.459313273
vt 1.13555551 0.453218579
vt 1.1223402 0.453218579
vt 1.1354568 0.45893681
vt 1.13668728 0.456481218
vn -0.760250364 -0.219635804 0.611375088
vn -0.893541682 0.0358589806 0.44754597
vn -0.799772325 0.0306853114 0.599518674
vn -0.898042537 -0.0734045459 0.433741138
vn -0.708402628 -0.400843693 0.580938938
vn -0.663755516 -0.248748129 0.705374357
vn -0.685085243 0.0247641702 0.728041857
vn -0.549006135 -0.535589954 0.641666318
vn -0.54013223 -0.531158739 0.652784473
vn -0.573464944 -0.547487924 0.6094218
vn -0.523570051 -0.522739208 0.672768996
vn -0.708402628 -0.400843693 0.580938938
vn -0.760250364 -0.219635804 0.611375088
vn -0.573464944 -0.547487924 0.6094218
vn -0.760250364 -0.219635804 0.611375088
vn -0.663755516 -0.248748129 0.705374357
vn -0.549006135 -0.535589954 0.641666318
vn -0.523570051 -0.522739208 0.672768996

g collision_PZ_Object03_1_submesh_0
usemtl collision_18
f 814/814/814 816/816/816 815/815/815
f 814/814/814 815/815/815 817/817/817
f 817/817/817 818/818/818 814/814/814
f 819/819/819 816/816/816 814/814/814
f 819/819/819 820/820/820 816/816/816
f 818/818/818 822/822/822 821/821/821
f 821/821/821 822/822/822 823/823/823
f 818/818/818 821/821/821 824/824/824
f 825/825/825 824/824/824 826/826/826
f 827/827/827 829/829/829 828/828/828
f 827/827/827 828/828/828 830/830/830
f 830/830/830 828/828/828 831/831/831

o collision_PZ_Object03
v -13.1602109 4.95609144 -6.47937818
v -14.2398027 4.53789341 -6.47937818
v -13.1602109 4.54233515 -6.47937818
v -14.3569234 4.95609144 -6.47937818
v -14.7813409 4.579805 -6.47937818
v -14.4853166 4.32401387 -6.47937818
v -15.5889085 4.3969008 -6.47937818
v -15.2916654 4.59067546 -6.47937818
v -14.4725888 4.04517147 -6.47937806
v -15.591821 3.54956849 -6.47937794
v -14.8142598 3.63732081 -6.47937794
v -14.3569234 4.95609144 -6.47937818
v -13.1602109 4.95609239 -3.81249429
v -14.3569253 4.95609239 -3.81249429
v -13.1602109 4.95609144 -6.47937818
v -14.4725888 4.04517147 -6.47937806
v -14.8142598 3.63732153 -3.81249429
v -14.4725927 4.04517243 -3.81249429
v -14.8142598 3.63732081 -6.47937794
v -14.4853166 4.32401387 -6.47937818
v -14.4725927 4.04517243 -3.81249429
v -14.4853204 4.32401434 -3.81249429
v -14.4725888 4.04517147 -6.47937806
v -14.2398027 4.53789341 -6.47937818
v -14.4853204 4.32401434 -3.81249429
v -14.2398027 4.53789389 -3.81249429
v -14.4853166 4.32401387 -6.47937818
v -13.1602109 4.54233515 -6.47937818
v -14.2398027 4.53789389 -3.81249429
v -13.1602109 4.54233562 -3.81249429
v -14.2398027 4.53789341 -6.47937818
v -14.7813409 4.579805 -6.47937818
v -14.3569253 4.95609239 -3.81249429
v -14.7813447 4.57980548 -3.81249429
v -14.3569234 4.95609144 -6.47937818
v -15.2916654 4.59067546 -6.47937818
v -14.7813447 4.57980548 -3.81249429
v -15.2916673 4.59067641 -3.81249429
v -14.7813409 4.579805 -6.47937818
v -15.5889085 4.3969008 -6.47937818
v -15.2916673 4.59067641 -3.81249429
v -15.5889123 4.39690127 -3.81249429
v -15.2916654 4.59067546 -6.47937818
v -15.591821 3.54956849 -6.47937794
v -15.5889123 4.39690127 -3.81249429
v -15.591821 3.5495692 -3.81249429
v -15.5889085 4.3969008 -6.47937818
v -13.1602109 4.95609144 -6.47937818
v -12.0806172 4.53789341 -6.47937818
v -11.9634975 4.95609144 -6.47937818
v -13.1602109 4.54233515 -6.47937818
v -11.53908 4.579805 -6.47937818
v -11.8351043 4.32401387 -6.47937818
v -10.7315133 4.3969008 -6.47937818
v -11.0287583 4.59067546 -6.47937818
v -11.847832 4.04517147 -6.47937806
v -10.7285998 3.54956849 -6.47937794
v -11.5061601 3.63732081 -6.47937794
v -11.9634975 4.95609144 -6.47937818
v -13.1602109 4.95609239 -3.81249429
v -13.1602109 4.95609144 -6.47937818
v -11.9635003 4.95609239 -3.81249429
v -11.847832 4.04517147 -6.47937806
v -11.5061629 3.63732153 -3.81249429
v -11.5061601 3.63732081 -6.47937794
v -11.847833 4.04517243 -3.81249429
v -11.8351043 4.32401387 -6.47937818
v -11.847833 4.04517243 -3.81249429
v -11.847832 4.04517147 -6.47937806
v -11.8351071 4.32401434 -3.81249429
v -12.0806172 4.53789341 -6.47937818
v -11.8351071 4.32401434 -3.81249429
v -11.8351043 4.32401387 -6.47937818
v -12.0806182 4.53789389 -3.81249429
v -13.1602109 4.54233515 -6.47937818
v -12.0806182 4.53789389 -3.81249429
v -12.0806172 4.53789341 -6.47937818
v -13.1602109 4.54233562 -3.81249429
v -11.53908 4.579805 -6.47937818
v -11.9635003 4.95609239 -3.81249429
v -11.9634975 4.95609144 -6.47937818
v -11.5390809 4.57980548 -3.81249429
v -11.0287583 4.59067546 -6.47937818
v -11.5390809 4.57980548 -3.81249429
v -11.53908 4.579805 -6.47937818
v -11.0287583 4.59067641 -3.81249429
v -10.7315133 4.3969008 -6.47937818
v -11.0287583 4.59067641 -3.81249429
v -11.0287583 4.59067546 -6.47937818
v -10.7315152 4.39690127 -3.81249429
v -10.7285998 3.54956849 -6.47937794
v -10.7315152 4.39690127 -3.81249429
v -10.7315133 4.3969008 -6.47937818
v -10.7286008 3.5495692 -3.81249429
v -13.1602109 4.95609239 -3.81249429
v -14.2398027 4.53789389 -3.81249429
v -14.3569253 4.95609239 -3.81249429
v -13.1602109 4.54233562 -3.81249429
v -14.7813447 4.57980548 -3.81249429
v -14.4853204 4.32401434 -3.81249429
v -15.5889123 4.39690127 -3.81249429
v -15.2916673 4.59067641 -3.81249429
v -14.4725927 4.04517243 -3.81249429
v -15.591821 3.5495692 -3.81249429
v -14.8142598 3.63732153 -3.81249429
v -13.1602109 4.95609239 -3.81249429
v -12.0806182 4.53789389 -3.81249429
v -13.1602109 4.54233562 -3.81249429
v -11.9635003 4.95609239 -3.81249429
v -11.5390809 4.57980548 -3.81249429
v -11.8351071 4.32401434 -3.81249429
v -10.7315152 4.39690127 -3.81249429
v -11.0287583 4.59067641 -3.81249429
v -11.847833 4.04517243 -3.81249429
v -10.7286008 3.5495692 -3.81249429
v -11.5061629 3.63732153 -3.81249429
vt 0.114971034 0.486918479
vt 0.0664860085 0.466952235
vt 0.114971034 0.467164308
vt 0.0612261035 0.486918479
vt 0.0421652868 0.468953252
vt 0.0554598793 0.456740886
vt 0.00589714805 0.460220754
vt 0.0192465167 0.469472259
vt 0.0560315438 0.44342801
vt 0.0057662949 0.419766188
vt 0.0406868644 0.423955768
vt 0.455875486 0.106358804
vt 0.419211417 0.159772322
vt 0.419211417 0.106358781
vt 0.455875486 0.159772351
vt 0.342626631 0.0797343254
vt 0.405123115 0.054444056
vt 0.405123115 0.0797343105
vt 0.342626631 0.0544440635
vt 0.342626661 0.0930024013
vt 0.405123115 0.0797343105
vt 0.405123115 0.0930023789
vt 0.342626631 0.0797343254
vt 0.342626661 0.108479626
vt 0.405123115 0.0930023789
vt 0.405123115 0.108479626
vt 0.342626661 0.0930024013
vt 0.342626661 0.159796506
vt 0.405123115 0.108479626
vt 0.405123115 0.159796506
vt 0.342626661 0.108479626
vt 0.455875486 0.0810424089
vt 0.419211417 0.106358781
vt 0.419211417 0.0810423791
vt 0.455875486 0.106358804
vt 0.455875486 0.0582597852
vt 0.419211417 0.0810423791
vt 0.419211417 0.0582597591
vt 0.455875486 0.0810424089
vt 0.455875486 0.0424225479
vt 0.419211417 0.0582597591
vt 0.419211417 0.0424225479
vt 0.455875486 0.0582597852
vt 0.455875486 0.00460288953
vt 0.419211417 0.0424225479
vt 0.419211417 0.00460288953
vt 0.455875486 0.0424225479
vt 0.114971034 0.486918479
vt 0.0664860085 0.466952235
vt 0.0612261035 0.486918479
vt 0.114971034 0.467164308
vt 0.0421652868 0.468953252
vt 0.0554598793 0.456740886
vt 0.00589714805 0.460220754
vt 0.0192465167 0.469472259
vt 0.0560315438 0.44342801
vt 0.0057662949 0.419766188
vt 0.0406868644 0.423955768
vt 0.455875486 0.106358804
vt 0.419211417 0.159772322
vt 0.455875486 0.159772351
vt 0.419211417 0.106358781
vt 0.342626631 0.0797343254
vt 0.405123115 0.054444056
vt 0.342626631 0.0544440635
vt 0.405123115 0.0797343105
vt 0.342626661 0.0930024013
vt 0.405123115 0.0797343105
vt 0.342626631 0.0797343254
vt 0.405123115 0.0930023789
vt 0.342626661 0.108479626
vt 0.405123115 0.0930023789
vt 0.342626661 0.0930024013
vt 0.405123115 0.108479626
vt 0.342626661 0.159796506
vt 0.405123115 0.108479626
vt 0.342626661 0.108479626
vt 0.405123115 0.159796506
vt 0.455875486 0.0810424089
vt 0.419211417 0.106358781
vt 0.455875486 0.106358804
vt 0.419211417 0.0810423791
vt 0.455875486 0.0582597852
vt 0.419211417 0.0810423791
vt 0.455875486 0.0810424089
vt 0.419211417 0.0582597591
vt 0.455875486 0.0424225479
vt 0.419211417 0.0582597591
vt 0.455875486 0.0582597852
vt 0.419211417 0.0424225479
vt 0.455875486 0.00460288953
vt 0.419211417 0.0424225479
vt 0.455875486 0.0424225479
vt 0.419211417 0.00460288953
vt 0.114971034 0.486918479
vt 0.0664860085 0.466952235
vt 0.0612261035 0.486918479
vt 0.114971034 0.467164308
vt 0.0421652868 0.468953252
vt 0.0554598793 0.456740886
vt 0.00589714805 0.460220754
vt 0.0192465167 0.469472259
vt 0.0560315438 0.44342801
vt 0.0057662949 0.419766188
vt 0.0406868644 0.423955768
vt 0.114971034 0.486918479
vt 0.0664860085 0.466952235
vt 0.114971034 0.467164308
vt 0.0612261035 0.486918479
vt 0.0421652868 0.468953252
vt 0.0554598793 0.456740886
vt 0.00589714805 0.460220754
vt 0.0192465167 0.469472259
vt 0.0560315438 0.44342801
vt 0.0057662949 0.419766188
vt 0.0406868644 0.423955768
vn 0 2.22044605e-16 -1
vn 0 2.22044605e-16 -1
vn 0 2.22044605e-16 -1
vn 0 2.22044605e-16 -1
vn 0 2.22044605e-16 -1
vn 0 2.22044605e-16 -1
vn 0 2.22044605e-16 -1
vn 0 2.22044605e-16 -1
vn 0 2.22044605e-16 -1
vn 0 2.22044605e-16 -1
vn 0 2.22044605e-16 -1
vn 0 1 2.22044605e-16
vn 0 1 2.22044605e-16
vn 0 1 2.22044605e-16
vn 0 1 2.22044605e-16
vn 0.766560953 -0.642171555 -1.42590729e-16
vn 0.766560923 -0.64217159 -1.42590737e-16
vn 0.766560953 -0.642171555 -1.42590729e-16
vn 0.766560953 -0.642171555 -1.42590729e-16
vn 0.998959894 0.0455974728 1.01246728e-17
vn 0.998959894 0.0455974728 1.01246728e-17
vn 0.998959894 0.0455974728 1.01246728e-17
vn 0.998959894 0.0455974765 1.01246736e-17
vn 0.656856181 -0.754015887 -1.6742516e-16
vn 0.656856181 -0.754015887 -1.6742516e-16
vn 0.656856151 -0.754015913 -1.67425165e-16
vn 0.656856151 -0.754015913 -1.67425165e-16
vn 0.00411423959 -0.999991536 -2.22042726e-16
vn 0.00411423959 -0.999991536 -2.22042726e-16
vn 0.00411423959 -0.999991536 -2.22042726e-16
vn 0.00411423959 -0.999991536 -2.22042726e-16
vn -0.6634038 0.748261584 1.66147448e-16
vn -0.66340383 0.748261558 1.66147442e-16
vn -0.6634038 0.748261584 1.66147448e-16
vn -0.66340383 0.748261558 1.66147442e-16
vn 0.0212967408 0.999773199 2.21994245e-16
vn 0.0212967389 0.999773199 2.21994245e-16
vn 0.0212967408 0.999773199 2.21994245e-16
vn 0.0212967408 0.999773199 2.21994245e-16
vn -0.546109696 0.837713674 1.86009802e-16
vn -0.546109654 0.837713701 1.86009808e-16
vn -0.546109696 0.837713674 1.86009802e-16
vn -0.546109696 0.837713674 1.86009802e-16
vn -0.9999941 0.00343501244 7.6272598e-19
vn -0.9999941 0.00343501244 7.6272598e-19
vn -0.9999941 0.00343501267 7.62726032e-19
vn -0.9999941 0.00343501244 7.6272598e-19
vn 0 2.22044605e-16 -1
vn 0 2.22044605e-16 -1
vn 0 2.22044605e-16 -1
vn 0 2.22044605e-16 -1
vn 0 2.22044605e-16 -1
vn 0 2.22044605e-16 -1
vn 0 2.22044605e-16 -1
vn 0 2.22044605e-16 -1
vn 0 2.22044605e-16 -1
vn 0 2.22044605e-16 -1
vn 0 2.22044605e-16 -1
vn 0 1 2.22044605e-16
vn 0 1 2.22044605e-16
vn 0 1 2.22044605e-16
vn 0 1 2.22044605e-16
vn -0.766559213 -0.642173632 -1.4259119e-16
vn -0.766559213 -0.642173632 -1.4259119e-16
vn -0.766559213 -0.642173632 -1.4259119e-16
vn -0.766559213 -0.642173632 -1.4259119e-16
vn -0.99896005 0.0455940658 1.01239163e-17
vn -0.99896005 0.0455940695 1.01239171e-17
vn -0.99896005 0.0455940658 1.01239163e-17
vn -0.99896005 0.0455940658 1.01239163e-17
vn -0.656861977 -0.754010838 -1.67424039e-16
vn -0.656862011 -0.754010808 -1.67424032e-16
vn -0.656861952 -0.75401086 -1.67424043e-16
vn -0.656861977 -0.754010838 -1.67424039e-16
vn -0.004114234 -0.999991537 -2.22042726e-16
vn -0.00411423493 -0.999991536 -2.22042726e-16
vn -0.00411423446 -0.999991537 -2.22042726e-16
vn -0.004114234 -0.999991537 -2.22042726e-16
vn 0.6634038 0.748261584 1.66147448e-16
vn 0.663403863 0.748261528 1.66147435e-16
vn 0.6634038 0.748261584 1.66147448e-16
vn 0.663403863 0.748261528 1.66147435e-16
vn -0.0212967948 0.999773198 2.21994245e-16
vn -0.0212967966 0.999773198 2.21994245e-16
vn -0.0212967966 0.999773198 2.21994245e-16
vn -0.0212967948 0.999773198 2.21994245e-16
vn 0.546109696 0.837713674 1.86009802e-16
vn 0.546109751 0.837713638 1.86009794e-16
vn 0.546109793 0.837713611 1.86009788e-16
vn 0.546109751 0.837713638 1.86009794e-16
vn 0.999994087 0.00343895189 7.63600713e-19
vn 0.999994087 0.00343895189 7.63600713e-19
vn 0.999994087 0.00343895189 7.63600713e-19
vn 0.999994087 0.00343895212 7.63600765e-19
vn 0 -2.22044605e-16 1
vn 0 -2.22044605e-16 1
vn 0 -2.22044605e-16 1
vn 0 -2.22044605e-16 1
vn 0 -2.22044605e-16 1
vn 0 -2.22044605e-16 1
vn 0 -2.22044605e-16 1
vn 0 -2.22044605e-16 1
vn 0 -2.22044605e-16 1
vn 0 -2.22044605e-16 1
vn 0 -2.22044605e-16 1
vn 0 -2.22044605e-16 1
vn 0 -2.22044605e-16 1
vn 0 -2.22044605e-16 1
vn 0 -2.22044605e-16 1
vn 0 -2.22044605e-16 1
vn 0 -2.22044605e-16 1
vn 0 -2.22044605e-16 1
vn 0 -2.22044605e-16 1
vn 0 -2.22044605e-16 1
vn 0 -2.22044605e-16 1
vn 0 -2.22044605e-16 1

g collision_PZ_Object03_submesh_0
usemtl collision_19
f 832/832/832 834/834/834 833/833/833
f 832/832/832 833/833/833 835/835/835
f 836/836/836 835/835/835 833/833/833
f 836/836/836 833/833/833 837/837/837
f 836/836/836 837/837/837 838/838/838
f 836/836/836 838/838/838 839/839/839
f 838/838/838 837/837/837 840/840/840
f 841/841/841 838/838/838 840/840/840
f 841/841/841 840/840/840 842/842/842
f 843/843/843 845/845/845 844/844/844
f 843/843/843 844/844/844 846/846/846
f 847/847/847 849/849/849 848/848/848
f 847/847/847 848/848/848 850/850/850
f 851/851/851 853/853/853 852/852/852
f 851/851/851 852/852/852 854/854/854
f 855/855/855 857/857/857 856/856/856
f 855/855/855 856/856/856 858/858/858
f 859/859/859 861/861/861 860/860/860
f 859/859/859 860/860/860 862/862/862
f 863/863/863 865/865/865 864/864/864
f 863/863/863 864/864/864 866/866/866
f 867/867/867 869/869/869 868/868/868
f 867/867/867 868/868/868 870/870/870
f 871/871/871 873/873/873 872/872/872
f 871/871/871 872/872/872 874/874/874
f 875/875/875 877/877/877 876/876/876
f 875/875/875 876/876/876 878/878/878
f 879/879/879 881/881/881 880/880/880
f 879/879/879 880/880/880 882/882/882
f 883/883/883 880/880/880 881/881/881
f 883/883/883 884/884/884 880/880/880
f 883/883/883 885/885/885 884/884/884
f 883/883/883 886/886/886 885/885/885
f 885/885/885 887/887/887 884/884/884
f 888/888/888 887/887/887 885/885/885
f 888/888/888 889/889/889 887/887/887
f 890/890/890 892/892/892 891/891/891
f 890/890/890 891/891/891 893/893/893
f 894/894/894 896/896/896 895/895/895
f 894/894/894 895/895/895 897/897/897
f 898/898/898 900/900/900 899/899/899
f 898/898/898 899/899/899 901/901/901
f 902/902/902 904/904/904 903/903/903
f 902/902/902 903/903/903 905/905/905
f 906/906/906 908/908/908 907/907/907
f 906/906/906 907/907/907 909/909/909
f 910/910/910 912/912/912 911/911/911
f 910/910/910 911/911/911 913/913/913
f 914/914/914 916/916/916 915/915/915
f 914/914/914 915/915/915 917/917/917
f 918/918/918 920/920/920 919/919/919
f 918/918/918 919/919/919 921/921/921
f 922/922/922 924/924/924 923/923/923
f 922/922/922 923/923/923 925/925/925
f 926/926/926 928/928/928 927/927/927
f 926/926/926 927/927/927 929/929/929
f 930/930/930 927/927/927 928/928/928
f 930/930/930 931/931/931 927/927/927
f 930/930/930 932/932/932 931/931/931
f 930/930/930 933/933/933 932/932/932
f 932/932/932 934/934/934 931/931/931
f 935/935/935 934/934/934 932/932/932
f 935/935/935 936/936/936 934/934/934
f 937/937/937 939/939/939 938/938/938
f 937/937/937 938/938/938 940/940/940
f 941/941/941 940/940/940 938/938/938
f 941/941/941 938/938/938 942/942/942
f 941/941/941 942/942/942 943/943/943
f 941/941/941 943/943/943 944/944/944
f 943/943/943 942/942/942 945/945/945
f 946/946/946 943/943/943 945/945/945
f 946/946/946 945/945/945 947/947/947

o collision_PZ_Object02
v 49.523867 2.74707547 -16.0164773
v 47.5495589 -0.147487145 -8.6349824
v 48.9801505 -0.147487145 -16.4933144
v 47.9031013 2.40634154 -8.15814533
v 49.0437148 0.000775326529 -23.688595
v 49.1700576 2.31522942 -23.630459
v 47.141413 11.2866427 -23.521557
v 49.1422904 5.57545454 -15.7511271
v 49.1422904 5.57545454 -15.7511271
v 47.9031013 2.40634154 -8.15814533
v 49.523867 2.74707547 -16.0164773
v 47.5626052 4.00463834 -7.89279504
v 49.1700576 2.31522942 -23.630459
vt 1.68189681 0.745479763
vt 1.79939187 0.691000342
vt 1.68189681 0.691000342
vt 1.79939187 0.736779392
vt 1.56137931 0.691000342
vt 1.56183946 0.734764755
vt 1.59482157 0.740056992
vt 1.68189681 0.740164399
vt 1.68189681 0.740164399
vt 1.79939187 0.736779392
vt 1.68189681 0.745479763
vt 1.79939187 0.733736575
vt 1.56183946 0.734764755
vn -0.99566067 0.0342553085 -0.0865240076
vn -0.964388655 0.190867388 -0.183096044
vn -0.978193558 0.188650161 -0.086881986
vn -0.979239866 0.0159144123 -0.202079232
vn -0.999318326 0.00355812942 0.0367453904
vn -0.991248539 -0.115513503 0.0638980728
vn -0.971368931 -0.220716049 0.0879023643
vn -0.989609749 -0.135339515 -0.0485361815
vn -0.989609749 -0.135339515 -0.0485361815
vn -0.979239866 0.0159144123 -0.202079232
vn -0.99566067 0.0342553085 -0.0865240076
vn -0.968001391 -0.132337347 -0.21321382
vn -0.991248539 -0.115513503 0.0638980728

g collision_PZ_Object02_submesh_0
usemtl collision_20
f 948/948/948 950/950/950 949/949/949
f 948/948/948 949/949/949 951/951/951
f 950/950/950 948/948/948 952/952/952
f 953/953/953 952/952/952 948/948/948
f 953/953/953 955/955/955 954/954/954
f 956/956/956 958/958/958 957/957/957
f 956/956/956 957/957/957 959/959/959
f 960/960/960 958/958/958 956/956/956

o collision_PZ_Mountain_049
v 39.2786827 3.39295784 -37.2241922
v 41.3818207 0.000775686493 -34.7059241
v 39.1686477 0.000775686493 -37.2370286
v 41.5217933 3.39295784 -34.6895972
v 32.9639644 3.39295784 -37.3745217
v 32.8539314 0.000775686493 -37.5454888
v 26.4661827 3.39295784 -36.7888189
v 26.3561497 0.000775686493 -36.2308128
v 26.6967392 10.799472 -33.8325703
v 32.7814102 11.0131407 -35.0018682
v 38.2904892 7.19629799 -35.431178
v 37.3590469 10.7812072 -33.7411415
v 40.2697792 8.20606961 -31.5437734
v 39.3452949 11.7600583 -29.2209055
v 21.5288677 2.63641626 -34.4502917
v 22.2277965 -0.0704718769 -35.0288686
v 21.422842 4.24213026 -33.9108288
v 21.3239651 4.85040317 -32.4835601
v 47.5495605 -0.147486785 -8.63498354
v 47.9031029 2.4063419 -8.15814648
v 47.5627937 0.000775686493 -7.62799522
v 38.2904892 7.19629799 -35.431178
v 41.5217933 3.39295784 -34.6895972
v 39.2786827 3.39295784 -37.2241922
v 40.2697792 8.20606961 -31.5437734
vt 1.36206067 0.713261425
vt 1.41076171 0.691000342
vt 1.36485398 0.691000342
vt 1.41076171 0.724725962
vt 1.29061198 0.715100646
vt 1.28108287 0.691000342
vt 1.22109556 0.738577068
vt 1.22109556 0.691000342
vt 1.22109556 0.765947163
vt 1.2993592 0.749676347
vt 1.35817337 0.731287837
vt 1.35259831 0.764330864
vt 1.40219402 0.740528166
vt 1.4507252 0.799501181
vt 1.12689912 0.763171673
vt 1.12689912 0.691000342
vt 1.126899 0.773942769
vt 1.12689912 0.783987761
vt 1.79939187 0.691000342
vt 1.79939187 0.736779392
vt 1.83776736 0.691000342
vt 1.13537836 0.460160613
vt 1.13871384 0.452247083
vt 1.13143754 0.457599699
vt 1.14621067 0.458341777
vn -0.43107396 -0.241581587 0.869375395
vn -0.750594769 0.0248214848 0.660296438
vn -0.421464821 -0.00107836902 0.906844111
vn -0.745961567 -0.26174114 0.612399311
vn 0.0324343915 -0.176766479 0.983718264
vn 0.0560115369 0.013666498 0.998336584
vn 0.269193673 -0.154781543 0.950566905
vn 0.259762069 0.0414735574 0.964781639
vn 0.275392844 -0.36403529 0.8897399
vn -0.0162301897 -0.34518828 0.938393112
vn -0.448535598 -0.46052692 0.765983533
vn -0.52696369 -0.441097519 0.726458703
vn -0.737898208 -0.467375775 0.486894362
vn -0.757035951 -0.458478077 0.465504482
vn 0.402619289 -0.167695004 0.899875599
vn 0.361081195 0.0317207943 0.931994722
vn 0.567151784 -0.451414746 0.688885753
vn 0.739959602 -0.598787334 0.306453122
vn -0.990338411 0.138475479 -0.00737385618
vn -0.990338411 0.138475479 -0.00737385618
vn -0.990338411 0.138475479 -0.00737385712
vn -0.448535598 -0.46052692 0.765983533
vn -0.745961567 -0.26174114 0.612399311
vn -0.43107396 -0.241581587 0.869375395
vn -0.737898208 -0.467375775 0.486894362

g collision_PZ_Mountain_049_submesh_0
usemtl collision_21
f 961/961/961 963/963/963 962/962/962
f 961/961/961 962/962/962 964/964/964
f 965/965/965 963/963/963 961/961/961
f 965/965/965 966/966/966 963/963/963
f 967/967/967 966/966/966 965/965/965
f 967/967/967 968/968/968 966/966/966
f 969/969/969 967/967/967 965/965/965
f 969/969/969 965/965/965 970/970/970
f 970/970/970 965/965/965 971/971/971
f 965/965/965 961/961/961 971/971/971
f 970/970/970 971/971/971 972/972/972
f 972/972/972 971/971/971 973/973/973
f 972/972/972 973/973/973 974/974/974
f 975/975/975 968/968/968 967/967/967
f 975/975/975 976/976/976 968/968/968
f 967/967/967 969/969/969 977/977/977
f 967/967/967 977/977/977 975/975/975
f 969/969/969 978/978/978 977/977/977
f 979/979/979 981/981/981 980/980/980
f 982/982/982 984/984/984 983/983/983
f 982/982/982 983/983/983 985/985/985

o collision_PZ_entry_003
v 31.9856806 3.55135306 -3.7535933
v 33.2988139 3.55135306 -3.51891317
v 32.1453372 -0.141719708 -3.7535933
v 33.0941172 7.29078537 -7.48738769
v 33.0580645 1.36417799 -2.55662737
v 32.8954592 -0.141719708 -2.23595444
v 37.817895 3.55135306 -6.47179344
v 34.3557024 -0.124379529 -2.86507228
v 38.5619059 -0.0744318 -6.51278951
v 39.5080348 5.47363228 -6.93881481
v 37.4382868 7.86284488 -8.30279769
v 38.2319041 11.9663826 -12.2242032
v 41.4957324 5.91628966 -6.93881481
v 41.559495 8.3138946 -7.41289006
v 42.6675768 12.0919624 -10.3821625
v 44.5631876 8.67174365 -7.2781397
v 44.4644938 5.86103759 -6.58664203
v 47.3316279 5.65179386 -6.80545302
v 46.6198817 4.70563993 -6.63363909
v 47.7845469 4.2789914 -6.79172011
v 50.3153391 5.18748426 -7.47027833
v 50.2972117 1.80941792 -6.93881481
v 48.1740695 2.62606815 -6.88937635
v 44.3800822 4.64322864 -6.66903936
v 47.3636332 8.67174365 -7.60296879
v 46.9698725 12.0919624 -11.0184539
v 50.3972331 7.98842469 -7.62439207
v 50.3153391 5.18748426 -7.47027833
v 53.2621394 12.0919624 -13.3380946
v 48.9652873 0.700149001 -6.79343607
v 50.3148356 -0.222918385 -6.72458146
v 49.5096293 -0.121783151 -6.72458146
v 47.7891589 0.959649452 -6.73809693
v 47.5627947 0.000775418347 -7.6279933
v 42.4054423 4.10278199 -6.90036267
v 42.2359972 4.44056907 -6.71929238
v 41.4693118 3.74625902 -6.82027967
v 41.3318682 4.09114573 -6.65430533
v 40.8072749 4.01680922 -6.6224792
v 40.5635462 3.52530608 -6.54079045
v 40.8501597 3.40667522 -6.74730489
v 41.0693369 3.70067674 -6.79172011
v 40.7235423 2.15716565 -6.57622982
v 40.4651499 2.36704263 -6.35726123
v 40.8485117 -0.0443719916 -6.61632037
v 38.5619059 -0.0744318 -6.51278951
vt 1.59785664 1.00207567
vt 1.59785664 1.06079972
vt 1.90694416 0.971285462
vt 1.31917691 1.0459913
vt 1.75756872 1.05979967
vt 1.90694416 1.05717623
vt 1.59785664 1.25018299
vt 1.90694416 1.13765895
vt 1.90694416 1.26448357
vt 1.59785664 1.35685885
vt 1.31917679 1.24770844
vt 0.957807899 1.15173781
vt 1.59785664 1.43812168
vt 1.31917679 1.45328701
vt 1.03140914 1.53261006
vt 1.31917679 1.61843812
vt 1.59785664 1.57202995
vt 1.59785664 1.74807346
vt 1.68685734 1.66827977
vt 1.68685734 1.72303116
vt 1.59785664 1.93918836
vt 1.72326815 1.93918836
vt 1.73436105 1.73658144
vt 1.68685734 1.56398714
vt 1.31917679 1.75829923
vt 1.04776514 1.7313441
vt 1.31917679 1.93918836
vt 1.59785664 1.93918836
vt 1.05594289 1.93918836
vt 1.86032021 1.80657542
vt 1.90694416 1.93918836
vt 1.90694416 1.81383836
vt 1.85795963 1.73137295
vt 1.90694416 1.72074449
vt 1.68685734 1.4679004
vt 1.67027998 1.46235383
vt 1.68685722 1.41192162
vt 1.66520405 1.40870965
vt 1.66271806 1.38243842
vt 1.69024026 1.3707391
vt 1.70593214 1.38561058
vt 1.68685734 1.39195836
vt 1.77940333 1.3611604
vt 1.75207388 1.34445417
vt 1.90694416 1.35280168
vt 1.90694416 1.26448357
vn -0.162577558 0.382143656 0.909689378
vn 0.13597322 0.45438815 0.88036509
vn -0.804692092 0.185638556 0.563922835
vn 0.158900939 0.621960201 0.766756806
vn -0.280487916 0.356106653 0.891355474
vn -0.349406299 0.231088182 0.908027252
vn 0.231673665 0.265257172 0.935930524
vn 0.524979829 0.209960702 0.824810695
vn 0.588989157 0.210755733 0.780175489
vn -0.0247719922 0.318691867 0.947534613
vn -0.0488992594 0.59547661 0.801883077
vn -0.185975729 0.680663728 0.708597148
vn -0.0911007167 0.192945103 0.976971262
vn -0.176957265 0.435700634 0.882525401
vn -0.106551343 0.685497879 0.720235704
vn 0.0130742342 0.474485156 0.880166406
vn -0.0117897932 0.138641651 0.990272434
vn 0.138568561 0.132520267 0.981446449
vn 0.0998105187 0.0465206045 0.993918354
vn 0.186762859 0.0860161395 0.978632136
vn 0.168907441 0.0911862163 0.981404784
vn 0.0826229291 0.0900007863 0.992508594
vn 0.113623136 0.0866977678 0.989733944
vn -0.0234710002 0.00162264832 0.999723201
vn 0.148844781 0.500913987 0.85260214
vn 0.160303082 0.715588325 0.6798796
vn 0.190693251 0.471540005 0.860979737
vn 0.141418379 0.157026002 0.977416839
vn 0.217475365 0.723519893 0.655151455
vn -0.108430842 -0.0946561918 0.989587266
vn 0.0193285557 0.102445643 0.994550802
vn -0.115108093 0.0115808361 0.993285463
vn -0.0302984448 -0.320418884 0.946791288
vn -0.241365757 -0.504906535 0.828741192
vn 0.110388416 -0.420789044 0.900417113
vn 0.0408328309 -0.148480189 0.988072018
vn 0.166992874 -0.379397046 0.910039154
vn 0.082996586 -0.132957195 0.987640598
vn 0.114406862 0.0309686794 0.992951162
vn 0.274133354 0.086728087 0.957773012
vn 0.559616026 -0.048083887 0.827355935
vn 0.283735595 -0.289373894 0.914197387
vn 0.649524384 0.0343718302 0.759563461
vn 0.309682485 0.0353183186 0.950183864
vn 0.0440597957 -0.0467757832 0.997933245
vn -0.0144687093 -0.0523296091 0.998525046

g collision_PZ_entry_003_submesh_0
usemtl collision_22
f 986/986/986 988/988/988 987/987/987
f 986/986/986 987/987/987 989/989/989
f 988/988/988 990/990/990 987/987/987
f 988/988/988 991/991/991 990/990/990
f 987/987/987 992/992/992 989/989/989
f 992/992/992 987/987/987 993/993/993
f 990/990/990 991/991/991 993/993/993
f 987/987/987 990/990/990 993/993/993
f 992/992/992 993/993/993 994/994/994
f 989/989/989 992/992/992 995/995/995
f 996/996/996 989/989/989 995/995/995
f 989/989/989 996/996/996 997/997/997
f 998/998/998 996/996/996 995/995/995
f 999/999/999 997/997/997 996/996/996
f 998/998/998 999/999/999 996/996/996
f 999/999/999 1000/1000/1000 997/997/997
f 999/999/999 1001/1001/1001 1000/1000/1000
f 1001/1001/1001 999/999/999 998/998/998
f 1002/1002/1002 1001/1001/1001 998/998/998
f 1003/1003/1003 1001/1001/1001 1002/1002/1002
f 1004/1004/1004 1003/1003/1003 1002/1002/1002
f 1003/1003/1003 1004/1004/1004 1005/1005/1005
f 1003/1003/1003 1005/1005/1005 1006/1006/1006
f 1005/1005/1005 1007/1007/1007 1006/1006/1006
f 1005/1005/1005 1008/1008/1008 1007/1007/1007
f 1004/1004/1004 1002/1002/1002 1009/1009/1009
f 1009/1009/1009 1002/1002/1002 998/998/998
f 1003/1003/1003 1010/1010/1010 1001/1001/1001
f 1011/1011/1011 1000/1000/1000 1001/1001/1001
f 1011/1011/1011 1001/1001/1001 1010/1010/1010
f 1012/1012/1012 1010/1010/1010 1003/1003/1003
f 1012/1012/1012 1011/1011/1011 1010/1010/1010
f 1012/1012/1012 1003/1003/1003 1013/1013/1013
f 1012/1012/1012 1014/1014/1014 1011/1011/1011
f 1015/1015/1015 1007/1007/1007 1008/1008/1008
f 1015/1015/1015 1016/1016/1016 1007/1007/1007
f 1015/1015/1015 1017/1017/1017 1016/1016/1016
f 1015/1015/1015 1008/1008/1008 1018/1018/1018
f 1015/1015/1015 1018/1018/1018 1019/1019/1019
f 1015/1015/1015 1019/1019/1019 1017/1017/1017
f 1020/1020/1020 1009/1009/1009 1021/1021/1021
f 1022/1022/1022 1020/1020/1020 1021/1021/1021
f 1022/1022/1022 1021/1021/1021 1023/1023/1023
f 1021/1021/1021 998/998/998 1023/1023/1023
f 1009/1009/1009 998/998/998 1021/1021/1021
f 998/998/998 1024/1024/1024 1023/1023/1023
f 998/998/998 995/995/995 1024/1024/1024
f 1024/1024/1024 995/995/995 992/992/992
f 1024/1024/1024 992/992/992 1025/1025/1025
f 1026/1026/1026 1024/1024/1024 1025/1025/1025
f 1026/1026/1026 1027/1027/1027 1024/1024/1024
f 1023/1023/1023 1024/1024/1024 1027/1027/1027
f 1023/1023/1023 1027/1027/1027 1022/1022/1022
f 1025/1025/1025 1028/1028/1028 1026/1026/1026
f 1025/1025/1025 1029/1029/1029 1028/1028/1028
f 992/992/992 1029/1029/1029 1025/1025/1025
f 1028/1028/1028 1029/1029/1029 1030/1030/1030
f 1029/1029/1029 992/992/992 1031/1031/1031
f 1029/1029/1029 1031/1031/1031 1030/1030/1030

o collision_PZ_entry_002
v 24.5110584 -0.141719492 -12.0233994
v 20.9296184 2.25950607 -19.8352875
v 24.3514019 3.55135328 -12.0233994
v 20.513866 -0.141719492 -19.8352875
v 20.4135662 3.92645239 -19.8352875
v 21.7143779 7.29078558 -20.508734
v 26.9558864 8.60726786 -10.9817956
v 27.9030376 3.55135328 -7.41814521
v 28.0626941 -0.141719492 -7.41814521
v 31.9856792 3.55135328 -3.75359516
v 32.1453357 -0.141719492 -3.75359516
v 33.0941158 7.29078558 -7.48738958
v 30.3688961 12.5951974 -17.3304815
v 27.3149639 12.9304329 -22.9779108
v 34.2418819 12.0664804 -14.4991384
v 38.2319027 11.9663828 -12.224206
v 19.3650718 2.45351343 -27.4615029
v 19.1627498 -0.0930453953 -27.9346511
v 19.3140598 3.92645239 -27.5172737
v 19.1349407 5.78498754 -26.5547285
v 18.9314828 4.81645231 -28.329167
v 20.0414806 7.68763609 -26.5547285
v 19.8428512 7.63927623 -29.6816257
v 18.5489069 5.26821347 -29.6816257
v 18.4401393 5.25761767 -32.5445745
v 19.9380947 7.95307125 -32.5445745
v 19.2334133 5.61971582 -35.3017876
v 19.0168357 4.12213273 -34.5624956
v 20.0347286 7.43818164 -35.3017876
v 27.3052364 11.5293683 -35.3017876
v 27.1609798 11.8873594 -31.1131001
v 18.8409544 7.08280451 -40.3844548
v 26.9085765 11.9497479 -39.7963774
v 18.5489069 5.26821347 -29.6816257
v 21.3239646 4.85040311 -32.4835603
v 21.4228416 4.24213021 -33.910829
v 18.4401393 5.25761767 -32.5445745
v 21.1625877 5.12024568 -30.0189498
v 18.5489069 5.26821347 -29.6816257
v 18.9314828 4.81645231 -28.329167
v 21.3993564 4.44019783 -28.6427007
v 21.4398399 2.63319255 -28.0689647
v 21.3993564 4.44019783 -28.6427007
v 19.3650718 2.45351343 -27.4615029
v 21.1297031 -0.0777265278 -27.9320628
v 19.1627498 -0.0930453953 -27.9346511
v 21.3993564 4.44019783 -28.6427007
v 21.3993564 4.44019783 -28.6427007
v 35.0919395 15.2011148 -34.7591107
v 30.9304157 14.7170574 -32.6144845
v 29.3504596 13.9170011 -35.5265781
v 35.7635837 16.4663409 -24.8779672
v 43.8779064 15.2011148 -30.2405722
v 41.7921215 16.382965 -17.7326592
v 49.4723316 15.4473124 -24.2718615
v 52.4052043 14.2724832 -17.6131123
v 48.3474384 14.8094503 -13.407995
v 26.9085765 11.9497479 -39.7963774
v 27.3052364 11.5293683 -35.3017876
v 27.1609798 11.8873594 -31.1131001
v 27.3149639 12.9304329 -22.9779108
v 34.2418819 12.0664804 -14.4991384
v 30.3688961 12.5951974 -17.3304815
v 42.6675792 12.0919626 -10.3821663
v 38.2319027 11.9663828 -12.224206
v 46.9698711 12.0919626 -11.0184577
v 53.2621379 12.0919626 -13.3380983
vt 1.90694416 0.537941813
vt 1.71234751 0.237840772
vt 1.63011694 0.522632241
vt 1.90694427 0.241066813
vt 1.63395333 0.237840772
vt 1.31917691 0.241066813
vt 1.31917691 0.715177894
vt 1.59785676 0.774830937
vt 1.90694416 0.802706957
vt 1.59785664 1.00207567
vt 1.90694416 0.971285462
vt 1.31917691 1.0459913
vt 0.986818731 0.606736779
vt 1.05691791 0.220685482
vt 1.00960159 0.774955153
vt 0.957807899 1.15173781
vt 1.73826027 -0.0804091096
vt 1.90694427 -0.0557445288
vt 1.65243459 -0.0443309546
vt 1.48328447 -0.0443309546
vt 1.56785941 -0.0989186764
vt 1.31917691 -0.0443309546
vt 1.31917691 -0.160350144
vt 1.48328447 -0.153506398
vt 1.48328447 -0.315976262
vt 1.31917691 -0.335357606
vt 1.4723053 -0.626397848
vt 1.63754392 -0.362333715
vt 1.31917691 -0.626397848
vt 1.08592892 -0.626397848
vt 1.05049133 -0.243893981
vt 1.31917691 -0.922584534
vt 1.10815096 -0.872953713
vt 1.48328447 -0.153506398
vt 1.73480082 -0.248604238
vt 1.74336004 -0.281502128
vt 1.48328447 -0.315976262
vt 1.69106841 -0.157099366
vt 1.48328447 -0.153506398
vt 1.56785941 -0.0989186764
vt 1.7111485 -0.124467671
vt 1.78353119 -0.144344687
vt 1.7111485 -0.124467671
vt 1.73826027 -0.0804091096
vt 1.90741348 -0.140983701
vt 1.90694427 -0.0557445288
vt 1.7111485 -0.124467671
vt 1.7111485 -0.124467671
vt 1.3479526 -0.545070052
vt 1.19525838 -0.279746294
vt 1.10609436 -0.611457646
vt 1.28091168 0.28271699
vt 1.65550375 0.166094542
vt 1.30133462 0.764077306
vt 1.63678646 0.664354205
vt 1.70885003 1.13381898
vt 1.39570892 1.17743003
vt 1.10815096 -0.872953713
vt 1.08592892 -0.626397848
vt 1.05049133 -0.243893981
vt 1.05691791 0.220685482
vt 1.00960159 0.774955153
vt 0.986818731 0.606736779
vt 1.15485203 1.36238205
vt 0.957807899 1.15173781
vt 1.35554254 1.60939014
vt 1.66660225 1.76960456
vn -0.852361107 0.0013658813 0.522951888
vn -0.947533335 -0.0702436875 0.311843555
vn -0.845249354 0.156973691 0.510796231
vn -0.950141136 0.0730182454 0.303150388
vn -0.941584999 0.064614398 0.330518787
vn -0.762446985 0.568649112 0.308727684
vn -0.554502885 0.647074259 0.523279518
vn -0.665547864 0.237183731 0.707665118
vn -0.731435655 -0.0316209532 0.681176921
vn -0.588949275 0.255770688 0.766629054
vn -0.667696089 -0.0288654071 0.74387413
vn -0.310012316 0.713267105 0.628603533
vn -0.377445751 0.868343674 0.321735867
vn -0.507840979 0.85206305 0.126830988
vn -0.234280485 0.861782272 0.449937741
vn -0.211450838 0.83239671 0.512254097
vn -0.997969535 -0.0388405173 -0.0504799183
vn -0.977555233 0.104628855 0.182862161
vn -0.884439295 -0.3236892 -0.336143474
vn -0.968358286 0.175882644 0.177052326
vn -0.920771483 -0.389738167 -0.0168534299
vn -0.753962098 0.645991521 0.119315169
vn -0.72579292 0.686186252 0.048714124
vn -0.914567281 -0.401420043 -0.0492812041
vn -0.933089463 -0.34847155 0.088947363
vn -0.69808506 0.714315248 -0.0493049299
vn -0.938143458 0.337989028 -0.0751682718
vn -0.761849515 -0.637427709 0.115200829
vn -0.724258926 0.689503895 -0.00577805374
vn -0.60489203 0.795939843 0.0241950091
vn -0.52931259 0.847457212 -0.0405518805
vn -0.616215347 0.779123607 0.115087145
vn -0.520719723 0.853303315 0.0269150958
vn -0.914567281 -0.401420043 -0.0492812041
vn -0.0981075913 -0.963231835 0.250118636
vn -0.0591883239 -0.919799324 0.387899402
vn -0.933089463 -0.34847155 0.088947363
vn -0.120890812 -0.981970572 -0.145324487
vn -0.914567281 -0.401420043 -0.0492812041
vn -0.140544452 -0.925410786 -0.351940527
vn -0.192936013 -0.77604045 -0.600447263
vn -0.207024743 -0.134283474 -0.969076212
vn -0.192936013 -0.77604045 -0.600447263
vn -0.180226477 -0.0284578976 -0.983213387
vn -0.151229521 0.0777650356 -0.985435047
vn -0.15122955 0.0777650427 -0.985435042
vn -0.350502217 -0.415747022 -0.839227389
vn -0.350502217 -0.415747022 -0.839227389
vn -0.0681033026 0.984685473 -0.160488192
vn -0.344432762 0.935903431 -0.0738298074
vn -0.453500664 0.88203056 -0.12790324
vn -0.179682606 0.982526717 0.048532579
vn 0.0427467078 0.994244575 -0.0982366741
vn -0.0683836311 0.967549907 0.243250605
vn 0.131535263 0.991278329 -0.00810856169
vn 0.292026354 0.940856673 0.171782798
vn 0.188797199 0.849489278 0.492669854
vn -0.520719723 0.853303315 0.0269150958
vn -0.60489203 0.795939843 0.0241950091
vn -0.52931259 0.847457212 -0.0405518805
vn -0.507840979 0.85206305 0.126830988
vn -0.234280485 0.861782272 0.449937741
vn -0.377445751 0.868343674 0.321735867
vn -0.12285232 0.811866133 0.570772012
vn -0.211450838 0.83239671 0.512254097
vn 0.172832897 0.599539504 0.781460922
vn 0.411949672 0.758035362 0.505647958

g collision_PZ_entry_002_submesh_0
usemtl collision_23
f 1032/1032/1032 1034/1034/1034 1033/1033/1033
f 1032/1032/1032 1033/1033/1033 1035/1035/1035
f 1036/1036/1036 1033/1033/1033 1034/1034/1034
f 1034/1034/1034 1037/1037/1037 1036/1036/1036
f 1034/1034/1034 1038/1038/1038 1037/1037/1037
f 1039/1039/1039 1034/1034/1034 1032/1032/1032
f 1034/1034/1034 1039/1039/1039 1038/1038/1038
f 1039/1039/1039 1032/1032/1032 1040/1040/1040
f 1041/1041/1041 1039/1039/1039 1040/1040/1040
f 1041/1041/1041 1040/1040/1040 1042/1042/1042
f 1043/1043/1043 1038/1038/1038 1039/1039/1039
f 1043/1043/1043 1039/1039/1039 1041/1041/1041
f 1044/1044/1044 1037/1037/1037 1038/1038/1038
f 1044/1044/1044 1045/1045/1045 1037/1037/1037
f 1038/1038/1038 1046/1046/1046 1044/1044/1044
f 1046/1046/1046 1038/1038/1038 1043/1043/1043
f 1046/1046/1046 1043/1043/1043 1047/1047/1047
f 1035/1035/1035 1033/1033/1033 1048/1048/1048
f 1036/1036/1036 1048/1048/1048 1033/1033/1033
f 1035/1035/1035 1048/1048/1048 1049/1049/1049
f 1036/1036/1036 1050/1050/1050 1048/1048/1048
f 1051/1051/1051 1036/1036/1036 1037/1037/1037
f 1051/1051/1051 1050/1050/1050 1036/1036/1036
f 1050/1050/1050 1051/1051/1051 1052/1052/1052
f 1053/1053/1053 1051/1051/1051 1037/1037/1037
f 1045/1045/1045 1053/1053/1053 1037/1037/1037
f 1054/1054/1054 1051/1051/1051 1053/1053/1053
f 1054/1054/1054 1055/1055/1055 1051/1051/1051
f 1054/1054/1054 1056/1056/1056 1055/1055/1055
f 1054/1054/1054 1057/1057/1057 1056/1056/1056
f 1057/1057/1057 1058/1058/1058 1056/1056/1056
f 1059/1059/1059 1056/1056/1056 1058/1058/1058
f 1057/1057/1057 1060/1060/1060 1058/1058/1058
f 1061/1061/1061 1060/1060/1060 1057/1057/1057
f 1061/1061/1061 1057/1057/1057 1062/1062/1062
f 1057/1057/1057 1054/1054/1054 1062/1062/1062
f 1062/1062/1062 1054/1054/1054 1053/1053/1053
f 1058/1058/1058 1060/1060/1060 1063/1063/1063
f 1064/1064/1064 1063/1063/1063 1060/1060/1060
f 1064/1064/1064 1060/1060/1060 1061/1061/1061
f 1051/1051/1051 1065/1065/1065 1052/1052/1052
f 1059/1059/1059 1066/1066/1066 1056/1056/1056
f 1067/1067/1067 1066/1066/1066 1059/1059/1059
f 1045/1045/1045 1062/1062/1062 1053/1053/1053
f 1068/1068/1068 1066/1066/1066 1069/1069/1069
f 1068/1068/1068 1069/1069/1069 1070/1070/1070
f 1071/1071/1071 1070/1070/1070 1069/1069/1069
f 1071/1071/1071 1069/1069/1069 1072/1072/1072
f 1073/1073/1073 1075/1075/1075 1074/1074/1074
f 1076/1076/1076 1075/1075/1075 1073/1073/1073
f 1076/1076/1076 1077/1077/1077 1075/1075/1075
f 1048/1048/1048 1050/1050/1050 1078/1078/1078
f 1050/1050/1050 1052/1052/1052 1079/1079/1079
f 1080/1080/1080 1082/1082/1082 1081/1081/1081
f 1080/1080/1080 1081/1081/1081 1083/1083/1083
f 1080/1080/1080 1083/1083/1083 1084/1084/1084
f 1084/1084/1084 1083/1083/1083 1085/1085/1085
f 1084/1084/1084 1085/1085/1085 1086/1086/1086
f 1087/1087/1087 1086/1086/1086 1085/1085/1085
f 1087/1087/1087 1085/1085/1085 1088/1088/1088
f 1080/1080/1080 1089/1089/1089 1082/1082/1082
f 1090/1090/1090 1081/1081/1081 1082/1082/1082
f 1089/1089/1089 1090/1090/1090 1082/1082/1082
f 1090/1090/1090 1091/1091/1091 1081/1081/1081
f 1091/1091/1091 1083/1083/1083 1081/1081/1081
f 1091/1091/1091 1092/1092/1092 1083/1083/1083
f 1083/1083/1083 1093/1093/1093 1085/1085/1085
f 1083/1083/1083 1094/1094/1094 1093/1093/1093
f 1083/1083/1083 1092/1092/1092 1094/1094/1094
f 1085/1085/1085 1095/1095/1095 1088/1088/1088
f 1085/1085/1085 1096/1096/1096 1095/1095/1095
f 1085/1085/1085 1093/1093/1093 1096/1096/1096
f 1088/1088/1088 1095/1095/1095 1097/1097/1097
f 1098/1098/1098 1088/1088/1088 1097/1097/1097
f 1098/1098/1098 1087/1087/1087 1088/1088/1088

o collision_PZ_entry_001
v 14.1656654 2.63859293 -35.4452242
v 19.8509519 -0.141720003 -34.4761463
v 13.0538347 -0.098751262 -35.6817049
v 19.2785795 2.63859293 -34.1460397
v 19.0168369 4.12213222 -34.5624996
v 14.3866127 3.66788769 -35.6280245
v 15.6408851 5.61971531 -37.1334563
v 12.3813637 3.15324031 -40.7577537
v 10.6013687 0.000775123458 -39.3472048
v 21.5288694 2.63641569 -34.4502961
v 21.4228437 4.24212969 -33.9108331
v 22.2277983 -0.07047244 -35.028873
v 14.7711342 5.61971531 -41.0498412
v 15.6408851 5.61971531 -37.1334563
v 18.8409555 7.082804 -40.3844589
v 19.2334144 5.61971531 -35.3017916
v 15.6408851 5.61971531 -37.1334563
v 19.0168369 4.12213222 -34.5624996
vt 1.78958464 -0.682232618
vt 1.90694427 -0.4441185
vt 1.90694427 -0.703325748
vt 1.74837399 -0.396129966
vt 1.63754392 -0.362333715
vt 1.72865367 -0.667343378
vt 1.60241437 -0.637564898
vt 1.709553 -0.922584534
vt 1.90694427 -0.922584534
vt 1.75253773 -0.316778362
vt 1.74336004 -0.281502128
vt 1.90694427 -0.350201428
vt 1.5166719 -0.922584534
vt 1.60241437 -0.637564898
vt 1.31917691 -0.922584534
vt 1.4723053 -0.626397967
vt 1.60241437 -0.637564898
vt 1.63754392 -0.362333715
vn -0.607772475 0.182742482 0.772798683
vn 0.0120569587 -0.104022074 0.994501904
vn -0.659450472 0.264026731 0.703857202
vn -0.0358464238 0.0824467544 0.995950584
vn -0.203238692 0.316100877 0.926700744
vn -0.605871972 0.459993794 0.649095419
vn -0.444975102 0.813520833 0.37440755
vn -0.762405579 0.568661822 0.308806518
vn -0.667412629 0.583739993 0.462393775
vn 0.0520596955 -0.117986932 0.991649571
vn -0.232306551 -0.323507962 0.917265646
vn 0.182531718 -0.119325091 0.975932218
vn -0.576470276 0.80394622 0.146124933
vn -0.444975102 0.813520833 0.37440755
vn -0.254415074 0.950681808 0.177417785
vn -0.246498797 0.770765033 0.587502857
vn -0.444975102 0.813520833 0.37440755
vn -0.203238692 0.316100877 0.926700744

g collision_PZ_entry_001_submesh_0
usemtl collision_24
f 1099/1099/1099 1101/1101/1101 1100/1100/1100
f 1099/1099/1099 1100/1100/1100 1102/1102/1102
f 1099/1099/1099 1102/1102/1102 1103/1103/1103
f 1099/1099/1099 1103/1103/1103 1104/1104/1104
f 1105/1105/1105 1104/1104/1104 1103/1103/1103
f 1106/1106/1106 1099/1099/1099 1104/1104/1104
f 1106/1106/1106 1104/1104/1104 1105/1105/1105
f 1101/1101/1101 1099/1099/1099 1106/1106/1106
f 1101/1101/1101 1106/1106/1106 1107/1107/1107
f 1100/1100/1100 1108/1108/1108 1102/1102/1102
f 1108/1108/1108 1103/1103/1103 1102/1102/1102
f 1108/1108/1108 1109/1109/1109 1103/1103/1103
f 1100/1100/1100 1110/1110/1110 1108/1108/1108
f 1106/1106/1106 1112/1112/1112 1111/1111/1111
f 1111/1111/1111 1112/1112/1112 1113/1113/1113
f 1112/1112/1112 1114/1114/1114 1113/1113/1113
f 1115/1115/1115 1116/1116/1116 1114/1114/1114
