<?xml version="1.0" encoding="utf-8"?>
<COLLADA xmlns="http://www.collada.org/2005/11/COLLADASchema" version="1.4.1">
  <asset>
    <created>2016-02-19T23:48:27Z</created>
    <modified>2016-02-19T23:48:27Z</modified>
  </asset>
  <library_images>
    <image id="Image">
      <init_from>helmet.png</init_from>
    </image>
    <image id="Image1">
      <init_from>equip.png</init_from>
    </image>
    <image id="Image2">
      <init_from>armor.png</init_from>
    </image>
  </library_images>
  <library_materials>
    <material id="VisualMaterial" name="helmet_007_008_01_m">
      <instance_effect url="#Effect"/>
      <extra>
        <technique profile="FCOLLADA">
          <user_properties>helmet_007_008_01_m</user_properties>
        </technique>
      </extra>
    </material>
    <material id="VisualMaterial1" name="equip_007_01_m">
      <instance_effect url="#Effect1"/>
      <extra>
        <technique profile="FCOLLADA">
          <user_properties>equip_007_01_m</user_properties>
        </technique>
      </extra>
    </material>
    <material id="VisualMaterial2" name="role_001_m">
      <instance_effect url="#Effect2"/>
      <extra>
        <technique profile="FCOLLADA">
          <user_properties>role_001_m</user_properties>
        </technique>
      </extra>
    </material>
  </library_materials>
  <library_effects>
    <effect id="Effect" name="C__Users_Eric_Desktop_dump_callofminiinfinity_app_Data_Texture2D_helmet_007_008_01_m__320794_pvr">
      <profile_COMMON>
        <newparam sid="Image-surface">
          <surface type="2D">
            <init_from>Image</init_from>
            <format>A8R8G8B8</format>
          </surface>
        </newparam>
        <newparam sid="Image-sampler">
          <sampler2D>
            <source>Image-surface</source>
            <wrap_s>WRAP</wrap_s>
            <wrap_t>WRAP</wrap_t>
            <minfilter>NONE</minfilter>
            <magfilter>NONE</magfilter>
            <mipfilter>NONE</mipfilter>
          </sampler2D>
        </newparam>
        <technique sid="common">
          <phong>
            <emission>
              <color>0 0 0 1</color>
            </emission>
            <ambient>
              <color>0 0 0 1</color>
            </ambient>
            <diffuse>
              <texture texture="Image-sampler" texcoord=""/>
            </diffuse>
            <specular>
              <color>1 1 1 1</color>
            </specular>
            <shininess>
              <float>0</float>
            </shininess>
            <transparent opaque="A_ONE">
              <color>0 0 0 1</color>
            </transparent>
            <transparency>
              <float>1</float>
            </transparency>
            <index_of_refraction>
              <float>1.55</float>
            </index_of_refraction>
          </phong>
          <extra>
            <technique profile="FCOLLADA">
              <spec_level>
                <float>0</float>
              </spec_level>
            </technique>
          </extra>
        </technique>
      </profile_COMMON>
      <extra>
        <technique profile="FCOLLADA">
          <user_properties>C:%5CUsers%5CEric%5CDesktop%5Cdump%5Ccallofminiinfinity.app%5CData%5CTexture2D%5Chelmet_007_008_01_m #320794.pvr</user_properties>
        </technique>
      </extra>
    </effect>
    <effect id="Effect1" name="C__Users_Eric_Desktop_dump_callofminiinfinity_app_Data_Texture2D_equip_007_01_m__320595_pvr">
      <profile_COMMON>
        <newparam sid="Image1-surface">
          <surface type="2D">
            <init_from>Image1</init_from>
            <format>A8R8G8B8</format>
          </surface>
        </newparam>
        <newparam sid="Image1-sampler">
          <sampler2D>
            <source>Image1-surface</source>
            <wrap_s>WRAP</wrap_s>
            <wrap_t>WRAP</wrap_t>
            <minfilter>NONE</minfilter>
            <magfilter>NONE</magfilter>
            <mipfilter>NONE</mipfilter>
          </sampler2D>
        </newparam>
        <technique sid="common">
          <phong>
            <emission>
              <color>0 0 0 1</color>
            </emission>
            <ambient>
              <color>0 0 0 1</color>
            </ambient>
            <diffuse>
              <texture texture="Image1-sampler" texcoord=""/>
            </diffuse>
            <specular>
              <color>1 1 1 1</color>
            </specular>
            <shininess>
              <float>0</float>
            </shininess>
            <transparent opaque="A_ONE">
              <color>0 0 0 1</color>
            </transparent>
            <transparency>
              <float>1</float>
            </transparency>
            <index_of_refraction>
              <float>1.55</float>
            </index_of_refraction>
          </phong>
          <extra>
            <technique profile="FCOLLADA">
              <spec_level>
                <float>0</float>
              </spec_level>
            </technique>
          </extra>
        </technique>
      </profile_COMMON>
      <extra>
        <technique profile="FCOLLADA">
          <user_properties>C:%5CUsers%5CEric%5CDesktop%5Cdump%5Ccallofminiinfinity.app%5CData%5CTexture2D%5Cequip_007_01_m #320595.pvr</user_properties>
        </technique>
      </extra>
    </effect>
    <effect id="Effect2" name="C__Users_Eric_Desktop_dump_callofminiinfinity_app_Data_Texture2D_role_001_m__320768_pvr">
      <profile_COMMON>
        <newparam sid="Image2-surface">
          <surface type="2D">
            <init_from>Image2</init_from>
            <format>A8R8G8B8</format>
          </surface>
        </newparam>
        <newparam sid="Image2-sampler">
          <sampler2D>
            <source>Image2-surface</source>
            <wrap_s>WRAP</wrap_s>
            <wrap_t>WRAP</wrap_t>
            <minfilter>NONE</minfilter>
            <magfilter>NONE</magfilter>
            <mipfilter>NONE</mipfilter>
          </sampler2D>
        </newparam>
        <technique sid="common">
          <phong>
            <emission>
              <color>0 0 0 1</color>
            </emission>
            <ambient>
              <color>0 0 0 1</color>
            </ambient>
            <diffuse>
              <texture texture="Image2-sampler" texcoord=""/>
            </diffuse>
            <specular>
              <color>1 1 1 1</color>
            </specular>
            <shininess>
              <float>0</float>
            </shininess>
            <transparent opaque="A_ONE">
              <color>0 0 0 1</color>
            </transparent>
            <transparency>
              <float>1</float>
            </transparency>
            <index_of_refraction>
              <float>1.55</float>
            </index_of_refraction>
          </phong>
          <extra>
            <technique profile="FCOLLADA">
              <spec_level>
                <float>0</float>
              </spec_level>
            </technique>
          </extra>
        </technique>
      </profile_COMMON>
      <extra>
        <technique profile="FCOLLADA">
          <user_properties>C:%5CUsers%5CEric%5CDesktop%5Cdump%5Ccallofminiinfinity.app%5CData%5CTexture2D%5Crole_001_m #320768.pvr</user_properties>
        </technique>
      </extra>
    </effect>
  </library_effects>
  <library_geometries>
    <geometry id="Geometry" name="helmet_007">
      <mesh>
        <source id="GeometrySource" name="helmet_007Pos">
          <float_array id="GeometrySource-array" count="609">0.395176 1.87653 0.277758 0.209413 2.03607 0.332363 0.186115 1.89742 0.450449 0.289655 2.13442 -0.013045 0.447556 1.95253 -0.02058 0.427045 1.62589 0.198657 0.477063 1.68269 -0.048388 0.442031 1.74896 -0.319769 0.409075 2.0071 -0.286981 0.281058 2.12685 -0.278469 0.243314 2.09215 -0.528975 0.338819 1.61556 0.385757 0.172368 1.58705 0.509486 0.243417 1.79409 -0.586102 0.247049 2.10629 -0.013118 0.00049 2.16353 -0.013941 0.00043 2.06009 0.288513 0.180439 1.99861 0.298327 0.24776 2.09767 -0.286275 0.000482 2.14844 -0.324277 0.183879 2.01255 -0.464911 0.000418 2.03275 -0.499871 0.000349 1.91673 0.477359 0.160036 1.87733 0.434691 0.172368 1.58705 0.509486 0.000163 1.58716 0.526564 0.000292 1.80914 -0.539129 0.178315 1.79954 -0.501201 0.077832 1.28127 0.470405 -0.000008 1.28132 0.473319 -0.000074 1.16334 0.413545 0.133654 1.1595 0.398191 0.077832 1.28127 0.470405 0.077936 1.3694 0.400509 0.000041 1.36982 0.409179 -0.000008 1.28132 0.473319 0.405596 1.30912 0.102036 0.330025 1.36845 0.185622 0.283898 1.20881 0.164769 0.357766 1.20668 0.105796 0.347861 1.22501 -0.210647 0.434882 1.39232 -0.248473 0.216494 1.22379 -0.325798 0.245953 1.43957 -0.462018 -0.000037 1.2247 -0.39354 0.000091 1.45235 -0.527796 0.347861 1.22501 -0.210647 -0.000074 1.16334 0.413545 0.216494 1.22379 -0.325798 -0.000037 1.2247 -0.39354 0.357766 1.20668 0.105796 0.283898 1.20881 0.164769 0.165175 1.19317 0.32521 0.133654 1.1595 0.398191 0.152114 1.31697 0.334075 0.133654 1.1595 0.398191 0.165175 1.19317 0.32521 0.077832 1.28127 0.470405 0.077936 1.3694 0.400509 0.172368 1.58705 0.509486 0.186115 1.89742 0.450449 0.160036 1.87733 0.434691 0.209413 2.03607 0.332363 0.180439 1.99861 0.298327 0.289655 2.13442 -0.013045 0.247049 2.10629 -0.013118 0.281058 2.12685 -0.278469 0.24776 2.09767 -0.286275 0.243314 2.09215 -0.528975 0.183879 2.01255 -0.464911 0.243417 1.79409 -0.586102 0.178315 1.79954 -0.501201 0.427045 1.62589 0.198657 0.338819 1.61556 0.385757 0.368692 1.55136 0.423291 0.194623 1.50118 0.584971 0.172368 1.58705 0.509486 0.330025 1.36845 0.185622 0.405596 1.30912 0.102036 0.434882 1.39232 -0.248473 0.38724 1.49054 -0.210411 0.202073 1.55392 -0.424189 0.245953 1.43957 -0.462018 0.000158 1.5726 -0.484193 0.000091 1.45235 -0.527796 0.330025 1.36845 0.185622 0.152114 1.31697 0.334075 0.165175 1.19317 0.32521 0.283898 1.20881 0.164769 0.152114 1.31697 0.334075 0.330025 1.36845 0.185622 0.409373 1.66757 0.17929 0.293001 1.62628 0.331315 0.077936 1.3694 0.400509 0.136063 1.62128 0.437205 0.000041 1.36982 0.409179 0.000183 1.62136 0.448338 0.38724 1.49054 -0.210411 0.431236 1.76781 -0.290283 0.202073 1.55392 -0.424189 0.178315 1.79954 -0.501201 0.178315 1.79954 -0.501201 0.000158 1.5726 -0.484193 0.00029 1.80529 -0.539127 -0.394521 1.87698 0.277755 -0.185437 1.89763 0.450448 -0.208578 2.03631 0.332361 -0.288707 2.13475 -0.013046 -0.446812 1.95303 -0.020582 -0.426671 1.62637 0.198655 -0.476624 1.68323 -0.048391 -0.441516 1.74945 -0.319772 -0.408269 2.00756 -0.286983 -0.280117 2.12716 -0.278471 -0.242411 2.09242 -0.528977 -0.338458 1.61594 0.385754 -0.17204 1.58724 0.509484 -0.242849 1.79436 -0.586104 -0.246133 2.10657 -0.01312 -0.179647 1.99882 0.298326 -0.246852 2.09795 -0.286276 -0.183066 2.01275 -0.464912 -0.15938 1.87751 0.434689 -0.17204 1.58724 0.509484 -0.177741 1.79974 -0.501202 -0.077848 1.28136 0.470404 -0.133807 1.15965 0.39819 -0.077848 1.28136 0.470404 -0.077852 1.36949 0.400508 -0.405578 1.30958 0.102034 -0.357863 1.20709 0.105794 -0.283994 1.20913 0.164767 -0.329941 1.36882 0.18562 -0.347936 1.22541 -0.210649 -0.434768 1.3928 -0.248476 -0.21657 1.22403 -0.325799 -0.245785 1.43984 -0.46202 -0.21657 1.22403 -0.325799 -0.347936 1.22541 -0.210649 -0.357863 1.20709 0.105794 -0.283994 1.20913 0.164767 -0.165289 1.19335 0.325209 -0.133807 1.15965 0.39819 -0.152089 1.31714 0.334074 -0.165289 1.19335 0.325209 -0.133807 1.15965 0.39819 -0.077848 1.28136 0.470404 -0.077852 1.36949 0.400508 -0.17204 1.58724 0.509484 -0.15938 1.87751 0.434689 -0.185437 1.89763 0.450448 -0.208578 2.03631 0.332361 -0.179647 1.99882 0.298326 -0.288707 2.13475 -0.013046 -0.246133 2.10657 -0.01312 -0.280117 2.12716 -0.278471 -0.246852 2.09795 -0.286276 -0.242411 2.09242 -0.528977 -0.183066 2.01275 -0.464912 -0.242849 1.79436 -0.586104 -0.177741 1.79974 -0.501202 -0.426671 1.62637 0.198655 -0.368404 1.55178 0.423289 -0.338458 1.61594 0.385754 -0.194392 1.5014 0.58497 -0.17204 1.58724 0.509484 -0.329941 1.36882 0.18562 -0.387016 1.49097 -0.210413 -0.434768 1.3928 -0.248476 -0.405578 1.30958 0.102034 -0.201776 1.55414 -0.42419 -0.245785 1.43984 -0.46202 -0.329941 1.36882 0.18562 -0.283994 1.20913 0.164767 -0.165289 1.19335 0.325209 -0.152089 1.31714 0.334074 -0.152089 1.31714 0.334074 -0.292627 1.62661 0.331313 -0.408952 1.66804 0.179287 -0.329941 1.36882 0.18562 -0.077852 1.36949 0.400508 -0.135696 1.62143 0.437204 -0.387016 1.49097 -0.210413 -0.4307 1.76829 -0.290285 -0.201776 1.55414 -0.42419 -0.177741 1.79974 -0.501202 -0.177741 1.79974 -0.501202 0.178315 1.79954 -0.501201 0.477063 1.68269 -0.048388 0.427045 1.62589 0.198657 0.172368 1.58705 0.509486 0.194623 1.50118 0.584971 0.442031 1.74896 -0.319769 0.243417 1.79409 -0.586102 0.368692 1.55136 0.423291 -0.17204 1.58724 0.509484 -0.426671 1.62637 0.198655 -0.476624 1.68323 -0.048391 -0.177741 1.79974 -0.501202 -0.194392 1.5014 0.58497 -0.242849 1.79436 -0.586104 -0.441516 1.74945 -0.319772 -0.368404 1.55178 0.423289</float_array>
          <technique_common>
            <accessor source="#GeometrySource-array" count="203" stride="3">
              <param name="X" type="float"/>
              <param name="Y" type="float"/>
              <param name="Z" type="float"/>
            </accessor>
          </technique_common>
        </source>
        <source id="GeometrySource1" name="helmet_007Nrm">
          <float_array id="GeometrySource1-array" count="609">0.82566 0.318044 0.465976 0.658442 0.566307 0.495732 0.613029 0.282376 0.737875 0.720722 0.674653 0.159382 0.908803 0.402752 0.108943 0.952867 0.033483 0.301535 0.993095 0.100329 0.060802 0.936683 0.137119 -0.322215 0.872525 0.423325 -0.243917 0.698547 0.708574 -0.099779 0.817129 0.32923 -0.473189 0.726964 0.093276 0.68031 0.37731 0.16878 0.910577 0.821382 0.138277 -0.553364 0.234221 0.961348 0.144746 0.000555 0.988292 0.152572 0.000491 0.875518 0.483186 0.265523 0.830822 0.489115 0.22609 0.94334 -0.242884 0.000537 0.952582 -0.304283 0.236234 0.580665 -0.779116 0.000315 0.556025 -0.831165 0.000291 0.522691 0.852522 0.249939 0.487344 0.836676 0.37731 0.16878 0.910577 0.000109 0.200038 0.979788 0.000097 0.167921 -0.9858 0.207967 0.164136 -0.964266 0.067416 -0.469091 0.880573 -0.000267 -0.470131 0.882597 -0.000267 -0.470131 0.882596 0.067416 -0.469091 0.880573 0.060948 0.603351 0.795143 0.060948 0.603352 0.795143 0.000337 0.604497 0.796607 0.000337 0.604497 0.796607 0.835114 -0.401658 0.37584 0.80855 -0.257475 0.529106 0.605824 -0.266099 0.749779 0.809207 -0.384978 0.443819 0.790185 -0.492309 -0.36502 0.762986 -0.493537 -0.417461 0.436329 -0.505784 -0.744177 0.380709 -0.511841 -0.770117 -0.000296 -0.53173 -0.846914 -0.000296 -0.53173 -0.846914 0.072052 -0.995928 -0.054183 -0.000556 -0.988847 -0.148936 0.038164 -0.996794 -0.070319 -0.000561 -0.997122 -0.075811 0.097928 -0.994847 -0.026247 0.105404 -0.994217 -0.020541 0.566695 -0.807384 0.164282 0.670523 -0.741386 -0.027313 0.851809 0.181751 0.491312 0.670523 -0.741386 -0.027313 0.566695 -0.807384 0.164282 0.8327 0.215406 0.510109 0.8327 0.215406 0.510109 0.362551 0.631333 0.685547 -0.762201 0.378017 0.525503 -0.719407 0.313961 0.619583 -0.767122 0.603541 0.2174 -0.761573 0.614994 0.204424 -0.643721 0.764906 0.02328 -0.652768 0.756887 0.031857 -0.669311 0.742921 -0.009503 -0.704855 0.709324 -0.006294 -0.844192 0.447313 -0.295383 -0.847092 0.3728 -0.378754 -0.790023 0.118396 -0.601537 -0.790023 0.118396 -0.601537 0.735123 0.562945 0.37774 0.603869 0.609696 0.513433 0.530462 0.624326 0.573435 0.404266 0.635713 0.6576 0.362551 0.631333 0.685547 0.846397 0.136788 0.514685 0.844886 0.482681 0.230622 0.8406 0.522096 -0.144246 0.838611 0.522134 -0.15527 0.482142 0.433244 -0.761471 0.554317 0.453966 -0.697602 0.000214 0.375425 -0.926853 0.000214 0.375425 -0.926853 0.846397 0.136788 0.514685 0.729173 -0.154956 0.666555 0.729173 -0.154956 0.666555 0.729173 -0.154956 0.666555 0.628366 -0.249374 0.736865 0.80855 -0.257475 0.529106 0.927514 -0.236169 0.289728 0.666669 -0.2518 0.701534 0.341676 -0.209376 0.916198 0.355748 -0.211913 0.91024 -0.000092 -0.159247 0.987239 -0.000092 -0.159247 0.987239 0.934959 -0.237539 -0.263491 0.847154 -0.248282 -0.469772 0.498414 -0.251242 -0.829736 0.647816 -0.241815 -0.722398 0.226741 -0.248578 -0.941699 -0.00014 -0.255102 -0.966914 -0.00014 -0.255102 -0.966914 -0.825304 0.318973 0.465971 -0.612715 0.283066 0.737871 -0.657808 0.567048 0.495728 -0.719963 0.675464 0.159378 -0.908349 0.403775 0.108937 -0.952831 0.034556 0.301529 -0.992982 0.101447 0.060796 -0.936526 0.138173 -0.322221 -0.872047 0.424307 -0.243922 -0.697748 0.70936 -0.099784 -0.816755 0.33015 -0.473194 -0.726863 0.094095 0.680306 -0.377125 0.169205 0.910575 -0.821222 0.139202 -0.553369 -0.233139 0.961611 0.144745 -0.264591 0.83112 0.489113 -0.225027 0.943594 -0.242886 -0.235576 0.580931 -0.779117 -0.249395 0.487625 0.836675 -0.377125 0.169205 0.910575 -0.207776 0.16437 -0.964267 -0.067949 -0.469015 0.880573 -0.067949 -0.469015 0.880573 -0.060273 0.60342 0.795143 -0.060273 0.60342 0.795143 -0.835568 -0.400717 0.375834 -0.809643 -0.384067 0.443814 -0.606128 -0.265416 0.749776 -0.808843 -0.256565 0.529101 -0.790736 -0.491419 -0.365025 -0.763539 -0.492677 -0.417466 -0.436893 -0.505292 -0.74418 -0.38128 -0.511412 -0.770119 -0.039286 -0.996751 -0.070319 -0.073173 -0.995846 -0.054184 -0.099048 -0.994736 -0.026248 -0.106523 -0.994098 -0.020541 -0.567604 -0.806745 0.164278 -0.671357 -0.74063 -0.027317 -0.851607 0.18271 0.491307 -0.567604 -0.806745 0.164278 -0.671357 -0.74063 -0.027317 -0.83246 0.216343 0.510103 -0.83246 0.216343 0.510103 -0.361844 0.631741 0.685545 0.719756 0.31315 0.619587 0.762622 0.377158 0.525508 0.767799 0.602677 0.217405 0.762264 0.614136 0.204429 0.644582 0.764181 0.023284 0.65362 0.756152 0.031861 0.670147 0.742167 -0.009498 0.705653 0.70853 -0.00629 0.844697 0.446362 -0.295378 0.847514 0.371846 -0.378749 0.790159 0.117506 -0.601532 0.790159 0.117506 -0.601532 -0.734491 0.563772 0.377736 -0.529762 0.624923 0.573431 -0.603185 0.610376 0.513429 -0.403554 0.636168 0.657598 -0.361844 0.631741 0.685545 -0.846246 0.137741 0.51468 -0.838021 0.523077 -0.155275 -0.840011 0.523042 -0.144251 -0.844344 0.483632 0.230617 -0.481649 0.433787 -0.761474 -0.553801 0.45459 -0.697605 -0.846246 0.137741 0.51468 -0.729351 -0.154134 0.66655 -0.729351 -0.154134 0.66655 -0.729351 -0.154134 0.66655 -0.628651 -0.248666 0.736861 -0.666956 -0.251049 0.701529 -0.927781 -0.235124 0.289722 -0.808843 -0.256565 0.529101 -0.341917 -0.208991 0.916196 -0.355992 -0.211513 0.910237 -0.935224 -0.236486 -0.263497 -0.847431 -0.247328 -0.469777 -0.498691 -0.250681 -0.829739 -0.648083 -0.241086 -0.722403 -0.227015 -0.248322 -0.941701 -0.049623 -0.980242 -0.191478 -0.080651 -0.9752 -0.206106 -0.113908 -0.961733 -0.249188 -0.301089 -0.871083 -0.38802 -0.454202 -0.731003 -0.509249 -0.069029 -0.982406 -0.173531 -0.069029 -0.982406 -0.173531 -0.024829 -0.946885 -0.320613 0.30011 -0.871422 -0.388018 0.112826 -0.961861 -0.249187 0.079554 -0.97529 -0.206106 0.04852 -0.980297 -0.191477 0.453382 -0.731514 -0.509246 0.067924 -0.982483 -0.173531 0.067924 -0.982483 -0.173531 0.023765 -0.946912 -0.320613</float_array>
          <technique_common>
            <accessor source="#GeometrySource1-array" count="203" stride="3">
              <param name="X" type="float"/>
              <param name="Y" type="float"/>
              <param name="Z" type="float"/>
            </accessor>
          </technique_common>
        </source>
        <source id="GeometrySource2" name="helmet_007UV">
          <float_array id="GeometrySource2-array" count="406">0.157087 0.090598 0.131966 0.041408 0.073206 0.064477 0.256542 0.035772 0.244444 0.084117 0.154286 0.185477 0.256196 0.186567 0.358995 0.166701 0.35051 0.07663 0.353018 0.039974 0.427403 0.060495 0.083661 0.159133 0.015782 0.131519 0.48326 0.117602 0.766738 0.098751 0.769366 0.017394 0.669326 0.015095 0.662993 0.080126 0.852839 0.102426 0.867259 0.021658 0.899914 0.104834 0.929735 0.033986 0.596895 0.026509 0.607217 0.081258 0.536156 0.121095 0.51904 0.058678 0.990421 0.064026 0.95782 0.131162 0.074745 0.44894 0.022901 0.448875 0.022977 0.53505 0.133611 0.535245 0.074745 0.44894 0.080948 0.388719 0.022966 0.390009 0.022901 0.448875 0.384885 0.444144 0.326082 0.442813 0.344893 0.515656 0.388382 0.515631 0.610746 0.492951 0.628664 0.392904 0.735145 0.513596 0.807146 0.350571 0.891405 0.555477 0.974686 0.392882 0.237636 0.400994 0.241371 0.531972 0.272511 0.393583 0.318357 0.400934 0.205586 0.451336 0.217635 0.459665 0.219074 0.503107 0.217976 0.518821 0.169549 0.403437 0.153544 0.499321 0.193213 0.460221 0.074745 0.44894 0.080948 0.388719 0.015782 0.131519 0.073206 0.064477 0.064726 0.055538 0.131966 0.041408 0.125649 0.020811 0.256542 0.035772 0.255286 0.015457 0.353018 0.039974 0.362747 0.02136 0.427403 0.060495 0.435391 0.033581 0.48326 0.117602 0.507871 0.077861 0.938762 0.164348 0.943989 0.226829 0.980616 0.234363 0.97762 0.305297 0.942056 0.290586 0.351038 0.395063 0.384885 0.444144 0.628664 0.392904 0.608731 0.349564 0.794239 0.293353 0.807146 0.350571 0.98092 0.33074 0.974686 0.392882 0.172783 0.55476 0.011711 0.568355 0.014354 0.62957 0.154323 0.634277 0.178947 0.382426 0.374168 0.3546 0.376468 0.175975 0.272897 0.19534 0.088423 0.356386 0.130238 0.199156 0.028695 0.35554 0.029677 0.202424 0.575831 0.311277 0.620076 0.153935 0.745986 0.278144 0.759372 0.153708 0.759372 0.153708 0.904759 0.280913 0.905275 0.150089 0.157087 0.090598 0.073206 0.064477 0.131966 0.041408 0.256542 0.035772 0.244444 0.084117 0.154286 0.185477 0.256196 0.186567 0.358995 0.166701 0.35051 0.07663 0.353018 0.039974 0.427403 0.060495 0.083661 0.159133 0.015782 0.131519 0.48326 0.117602 0.766738 0.098751 0.662993 0.080126 0.852839 0.102426 0.899914 0.104834 0.607217 0.081258 0.536156 0.121095 0.95782 0.131162 0.074745 0.44894 0.133611 0.535245 0.074745 0.44894 0.080948 0.388719 0.384885 0.444144 0.388382 0.515631 0.344893 0.515656 0.326082 0.442813 0.610746 0.492951 0.628664 0.392904 0.735145 0.513596 0.807146 0.350571 0.272511 0.393583 0.237636 0.400994 0.205586 0.451336 0.217635 0.459665 0.219074 0.503107 0.217976 0.518821 0.169549 0.403437 0.193213 0.460221 0.153544 0.499321 0.074745 0.44894 0.080948 0.388719 0.015782 0.131519 0.064726 0.055538 0.073206 0.064477 0.131966 0.041408 0.125649 0.020811 0.256542 0.035772 0.255286 0.015457 0.353018 0.039974 0.362747 0.02136 0.427403 0.060495 0.435391 0.033581 0.48326 0.117602 0.507871 0.077861 0.938762 0.164348 0.980616 0.234363 0.943989 0.226829 0.97762 0.305297 0.942056 0.290586 0.351038 0.395063 0.608731 0.349564 0.628664 0.392904 0.384885 0.444144 0.794239 0.293353 0.807146 0.350571 0.172783 0.55476 0.154323 0.634277 0.014354 0.62957 0.011711 0.568355 0.178947 0.382426 0.272897 0.19534 0.376468 0.175975 0.374168 0.3546 0.088423 0.356386 0.130238 0.199156 0.575831 0.311277 0.620076 0.153935 0.745986 0.278144 0.759372 0.153708 0.759372 0.153708 0.882112 0.435892 0.901485 0.479365 0.891422 0.497554 0.860186 0.515465 0.860752 0.521995 0.903824 0.457048 0.890213 0.430884 0.881026 0.513759 0.826827 0.506526 0.808731 0.475398 0.809111 0.454613 0.847625 0.426651 0.823072 0.511899 0.843113 0.418263 0.818244 0.434117 0.809632 0.494629</float_array>
          <technique_common>
            <accessor source="#GeometrySource2-array" count="203" stride="2">
              <param name="S" type="float"/>
              <param name="T" type="float"/>
            </accessor>
          </technique_common>
        </source>
        <vertices id="Geometry-vertices">
          <input semantic="POSITION" source="#GeometrySource"/>
          <input semantic="NORMAL" source="#GeometrySource1"/>
          <input semantic="TEXCOORD" source="#GeometrySource2"/>
        </vertices>
        <triangles material="VisualMaterial0" count="176">
          <input semantic="VERTEX" source="#Geometry-vertices" offset="0"/>
          <p>0 1 2 0 3 1 0 4 3 5 4 0 5 6 4 4 6 7 3 4 8 4 7 8 3 8 9 8 10 9 2 11 0 0 11 5 2 12 11 13 8 7 13 10 8 14 15 16 14 16 17 15 14 18 15 18 19 20 19 18 20 21 19 17 16 22 17 22 23 24 23 22 24 22 25 26 21 20 26 20 27 28 29 30 28 30 31 32 33 34 32 34 35 36 37 38 36 38 39 36 39 40 36 40 41 41 40 42 41 42 43 43 42 44 43 44 45 46 47 48 48 47 49 47 46 50 47 50 51 52 47 51 53 47 52 54 55 56 54 57 55 54 58 57 59 60 61 61 60 62 61 62 63 63 62 64 63 64 65 65 64 66 65 66 67 67 66 68 67 68 69 69 68 70 69 70 71 72 73 74 73 75 74 73 76 75 77 78 79 77 79 80 79 81 80 79 82 81 82 83 81 82 84 83 85 86 87 85 87 88 89 90 91 89 91 92 92 93 89 92 94 93 94 95 93 94 96 95 91 90 97 91 97 98 98 97 99 98 99 100 101 99 102 101 102 103 104 105 106 104 106 107 104 107 108 109 104 108 109 108 110 108 111 110 107 112 108 108 112 111 107 113 112 112 113 114 105 104 115 104 109 115 105 115 116 117 112 114 117 111 112 118 16 15 118 119 16 119 22 16 15 19 120 15 120 118 121 120 19 26 121 21 121 19 21 119 122 22 123 25 22 123 22 122 26 124 121 125 30 29 125 126 30 127 35 34 127 34 128 129 130 131 129 131 132 129 133 130 129 134 133 134 135 133 134 136 135 136 44 135 136 45 44 137 49 47 138 137 47 47 139 138 47 140 139 141 140 47 142 141 47 143 144 145 143 145 146 143 146 147 148 149 150 149 151 150 149 152 151 152 153 151 152 154 153 154 155 153 154 156 155 156 157 155 156 158 157 158 159 157 158 160 159 161 162 163 163 162 164 163 164 165 166 167 168 166 168 169 168 167 170 168 170 171 171 170 83 171 83 84 172 173 174 172 174 175 176 177 178 176 178 179 177 176 180 181 180 95 181 95 96 177 180 181 178 182 179 178 183 182 183 184 182 183 185 184 186 103 102 186 102 184 187 188 189 187 189 190 189 191 190 187 192 188 187 193 192 189 194 191 195 196 197 195 197 198 195 199 196 197 200 198 197 201 200 199 202 196</p>
        </triangles>
      </mesh>
    </geometry>
    <geometry id="Geometry1" name="equip_007">
      <mesh>
        <source id="GeometrySource3" name="equip_007Pos">
          <float_array id="GeometrySource3-array" count="1272">0.219248 1.18634 -0.08103 0.393869 1.20392 -0.114748 0.286606 1.05109 -0.144398 0.219247 1.18646 0.13458 0.387615 1.20094 0.167671 0.569351 1.0738 -0.098215 0.541155 1.17919 -0.082154 0.541155 1.17932 0.145086 0.219247 1.18646 0.13458 0.279963 1.05687 0.210447 0.387615 1.20094 0.167671 0.541155 1.17932 0.145086 0.555649 1.08292 0.163294 0.541155 1.17932 0.145086 0.555649 1.08292 0.163294 0.569351 1.0738 -0.098215 0.541155 1.17919 -0.082154 0.625552 1.0055 -0.053362 0.697811 1.0031 -0.071453 0.629874 0.941651 -0.097266 0.625552 1.00559 0.107947 0.69354 1.00107 0.125081 0.612004 0.922973 0.166362 0.791126 0.851103 -0.10204 0.819462 0.927253 -0.067913 0.845258 0.87382 -0.055644 0.819462 0.927363 0.128572 0.845258 0.873921 0.123239 0.779084 0.822417 0.179083 0.629874 0.941651 -0.097266 0.612004 0.922973 0.166362 0.625552 1.00559 0.107947 0.625552 1.0055 -0.053362 0.089065 1.12514 -0.100179 0.111938 1.06193 -0.222747 0.109184 0.887301 -0.269692 0.109184 0.887301 -0.269692 0.000138 0.887103 -0.280643 0.000272 1.12523 -0.11758 0.089065 1.12514 -0.100179 0.112542 1.0777 0.247077 0.000276 1.13424 0.145888 0.000246 1.08188 0.258157 0.280607 1.12977 0.10583 0.000276 1.13424 0.145888 0.323897 0.861663 0.188909 0.288285 0.907519 0.251451 0.271061 0.734707 0.231495 0.317882 0.759999 0.1843 0.323898 0.861486 -0.125723 0.323897 0.861663 0.188909 0.317882 0.759999 0.1843 0.320167 0.752079 -0.093714 0.000272 1.12523 -0.11758 0.000276 1.13424 0.145888 0.089065 1.12514 -0.100179 0.280607 1.12967 -0.062647 0.280607 1.12977 0.10583 0.323898 0.861486 -0.125723 0.251052 0.887507 -0.257686 0.243299 1.06048 -0.214843 0.280607 1.12967 -0.062647 0.112542 1.0777 0.247077 0.000246 1.08188 0.258157 0.000157 0.92444 0.333836 0.132607 0.920489 0.323218 0.000052 0.737369 0.292926 0.118969 0.734273 0.287157 0.288285 0.907519 0.251451 0.280607 1.12977 0.10583 0.319305 0.003166 -0.125242 0.037498 0.003167 -0.125241 0.037283 0.331065 -0.134116 0.296152 0.331257 -0.134068 0.319306 0.003166 0.260029 0.29571 0.395658 0.209005 0.02973 0.395711 0.207946 0.037498 0.003167 0.260029 0.381704 0.003166 -0.069115 0.381704 0.003166 0.203903 0.319306 0.003166 0.260029 0.319305 0.003166 -0.125242 0.037498 0.003167 0.260029 0.037498 0.003167 -0.125241 0.284433 0.598936 -0.098229 -0.000000 0.594664 -0.152109 -0.000000 0.664528 -0.150674 0.276435 0.663245 -0.101302 0.334921 0.598936 -0.055788 0.326618 0.663214 -0.059322 0.000000 0.540657 0.320284 0.000000 0.497102 0.290861 0.039654 0.499584 0.292236 0.076211 0.543921 0.319599 0.0937 0.553068 0.284852 0.11605 0.653434 0.281094 0.054215 0.71946 0.286884 0.050078 0.68159 0.300501 0.326618 0.663214 -0.059322 0.335258 0.667813 0.182114 0.34356 0.595113 0.186427 0.334921 0.598936 -0.055788 0.283762 0.590513 0.253209 0.27613 0.665106 0.244322 0.0937 0.553068 0.284852 0.11605 0.653434 0.281094 0.050078 0.68159 0.300501 0.054215 0.71946 0.286884 0.000000 0.7211 0.287149 0.000000 0.683318 0.300546 0.000000 0.540657 0.320284 0.076211 0.543921 0.319599 0.050078 0.68159 0.300501 0.000000 0.683318 0.300546 0.379423 0.677594 -0.010618 0.378446 0.677594 0.117281 0.374093 0.571036 0.124842 0.3767 0.565671 -0.011709 0.334292 0.696335 -0.020508 0.333182 0.696335 0.124715 0.378446 0.677594 0.117281 0.379423 0.677594 -0.010618 0.333182 0.696335 0.124715 0.345796 0.560483 0.1333 0.374093 0.571036 0.124842 0.378446 0.677594 0.117281 0.345796 0.560483 0.1333 0.348756 0.556814 -0.021747 0.3767 0.565671 -0.011709 0.374093 0.571036 0.124842 0.348756 0.556814 -0.021747 0.334292 0.696335 -0.020508 0.379423 0.677594 -0.010618 0.3767 0.565671 -0.011709 0.953351 0.739603 0.16245 0.816175 0.83046 0.161836 0.699899 0.647036 0.162774 0.835351 0.556181 0.163644 0.953351 0.739456 -0.099481 0.835352 0.556031 -0.102214 0.701757 0.645746 -0.100155 0.818063 0.829171 -0.098081 0.972228 0.767536 0.124184 0.953351 0.739603 0.16245 0.953351 0.739456 -0.099481 0.972228 0.767432 -0.060938 0.835352 0.556031 -0.102214 0.835351 0.556181 0.163644 0.348555 0.194481 0.242537 0.29505 0.185512 0.289305 0.301654 0.062381 0.268325 0.355341 0.081172 0.222246 0.095998 0.059001 0.284219 0.09683 0.180162 0.313604 0.089065 1.12514 -0.100179 0.280607 1.12967 -0.062647 0.243299 1.06048 -0.214843 0.111938 1.06193 -0.222747 0.111938 1.06193 -0.222747 0.243299 1.06048 -0.214843 0.251052 0.887507 -0.257686 0.109184 0.887301 -0.269692 -0.218635 1.18659 -0.08103 -0.286145 1.05141 -0.144399 -0.393236 1.20437 -0.11475 -0.218635 1.18671 0.134579 -0.386987 1.20137 0.16767 -0.568865 1.07444 -0.098217 -0.54055 1.1798 -0.082156 -0.54055 1.17993 0.145084 -0.218635 1.18671 0.134579 -0.386987 1.20137 0.16767 -0.279497 1.05718 0.210446 -0.54055 1.17993 0.145084 -0.555153 1.08355 0.163292 -0.54055 1.17993 0.145084 -0.54055 1.1798 -0.082156 -0.568865 1.07444 -0.098217 -0.555153 1.08355 0.163292 -0.625143 1.00621 -0.053364 -0.629536 0.94236 -0.097268 -0.697404 1.00389 -0.071456 -0.625143 1.0063 0.107944 -0.693136 1.00185 0.125079 -0.611688 0.923662 0.16636 -0.79089 0.851993 -0.102042 -0.819141 0.928176 -0.067916 -0.844997 0.874772 -0.055647 -0.819141 0.928286 0.128569 -0.844997 0.874873 0.123236 -0.778881 0.823294 0.17908 -0.629536 0.94236 -0.097268 -0.625143 1.00621 -0.053364 -0.625143 1.0063 0.107944 -0.611688 0.923662 0.16636 -0.088521 1.12524 -0.10018 -0.108907 0.887424 -0.269693 -0.111464 1.06206 -0.222748 -0.108907 0.887424 -0.269693 -0.088521 1.12524 -0.10018 -0.112053 1.07783 0.247076 -0.280059 1.13008 0.105828 -0.323651 0.862027 0.188907 -0.270959 0.735012 0.231494 -0.287988 0.907844 0.251449 -0.317751 0.760357 0.184298 -0.323651 0.86185 -0.125725 -0.320043 0.752439 -0.093716 -0.317751 0.760357 0.184298 -0.323651 0.862027 0.188907 -0.088521 1.12524 -0.10018 -0.280059 1.12999 -0.062649 -0.280059 1.13008 0.105828 -0.323651 0.86185 -0.125725 -0.242827 1.06076 -0.214845 -0.250774 0.88779 -0.257688 -0.280059 1.12999 -0.062649 -0.112053 1.07783 0.247076 -0.132296 0.920638 0.323217 -0.118867 0.734407 0.287156 -0.280059 1.13008 0.105828 -0.287988 0.907844 0.251449 -0.319307 0.003167 -0.125241 -0.296152 0.331258 -0.134069 -0.037283 0.331066 -0.134116 -0.037499 0.003167 -0.125241 -0.319307 0.003167 0.260029 -0.029731 0.395711 0.207946 -0.29571 0.395659 0.209004 -0.0375 0.003167 0.260029 -0.381705 0.003167 -0.069115 -0.319307 0.003167 -0.125241 -0.319307 0.003167 0.260029 -0.381706 0.003167 0.203903 -0.0375 0.003167 0.260029 -0.037499 0.003167 -0.125241 -0.284433 0.598936 -0.098228 -0.276435 0.663245 -0.101301 -0.334921 0.598936 -0.055787 -0.326618 0.663214 -0.059321 -0.07621 0.543921 0.319599 -0.039653 0.499584 0.292236 -0.093699 0.553068 0.284852 -0.116049 0.653434 0.281094 -0.054214 0.71946 0.286884 -0.050077 0.68159 0.300501 -0.326618 0.663214 -0.059321 -0.334921 0.598936 -0.055787 -0.343559 0.595113 0.186428 -0.335257 0.667813 0.182115 -0.283761 0.590513 0.25321 -0.276129 0.665106 0.244323 -0.093699 0.553068 0.284852 -0.116049 0.653434 0.281094 -0.050077 0.68159 0.300501 -0.054214 0.71946 0.286884 -0.050077 0.68159 0.300501 -0.07621 0.543921 0.319599 -0.379423 0.677594 -0.010617 -0.3767 0.565671 -0.011708 -0.374093 0.571036 0.124843 -0.378445 0.677594 0.117282 -0.334292 0.696335 -0.020507 -0.379423 0.677594 -0.010617 -0.378445 0.677594 0.117282 -0.333182 0.696335 0.124716 -0.333182 0.696335 0.124716 -0.378445 0.677594 0.117282 -0.374093 0.571036 0.124843 -0.345796 0.560483 0.133301 -0.345796 0.560483 0.133301 -0.374093 0.571036 0.124843 -0.3767 0.565671 -0.011708 -0.348756 0.556814 -0.021746 -0.348756 0.556814 -0.021746 -0.3767 0.565671 -0.011708 -0.379423 0.677594 -0.010617 -0.334292 0.696335 -0.020507 -0.953241 0.740677 0.162447 -0.835448 0.557122 0.163642 -0.699894 0.647824 0.162772 -0.815964 0.831379 0.161834 -0.953241 0.74053 -0.099484 -0.817851 0.830092 -0.098083 -0.701752 0.646536 -0.100157 -0.835448 0.556972 -0.102217 -0.972087 0.768631 0.124181 -0.972087 0.768527 -0.060941 -0.953241 0.74053 -0.099484 -0.953241 0.740677 0.162447 -0.835448 0.556972 -0.102217 -0.835448 0.557122 0.163642 -0.348556 0.194483 0.242536 -0.355343 0.081173 0.222245 -0.301656 0.062382 0.268325 -0.295051 0.185514 0.289304 -0.095999 0.059002 0.284219 -0.096832 0.180163 0.313603 -0.088521 1.12524 -0.10018 -0.111464 1.06206 -0.222748 -0.242827 1.06076 -0.214845 -0.280059 1.12999 -0.062649 -0.111464 1.06206 -0.222748 -0.108907 0.887424 -0.269693 -0.250774 0.88779 -0.257688 -0.242827 1.06076 -0.214845 0.259875 1.25978 -0.11124 0.405174 1.18253 -0.149853 0.349604 1.11591 -0.140339 0.265379 1.1427 -0.14445 0.503736 1.18256 -0.132709 0.505293 1.24529 -0.125078 0.484164 1.3552 -0.065664 0.259874 1.25994 0.164707 0.47791 1.35215 0.118418 0.790886 1.30129 0.031397 0.499953 1.24995 0.18895 0.47791 1.35215 0.118418 0.259874 1.25994 0.164707 0.495726 1.18948 0.197158 0.395829 1.19059 0.214555 0.338924 1.12508 0.205369 0.258736 1.14848 0.210396 0.499953 1.24995 0.18895 0.505293 1.24529 -0.125078 0.790886 1.30129 0.031397 0.503736 1.18256 -0.132709 0.495726 1.18948 0.197158 0.405174 1.18253 -0.149853 0.395829 1.19059 0.214555 0.349604 1.11591 -0.140339 0.338924 1.12508 0.205369 0.265379 1.1427 -0.14445 0.258736 1.14848 0.210396 0.259874 1.25994 0.164707 0.259875 1.25978 -0.11124 0.265379 1.1427 -0.14445 0.349604 1.11591 -0.140339 0.338924 1.12508 0.205369 0.258736 1.14848 0.210396 -0.259179 1.26008 -0.111241 -0.264815 1.14299 -0.144451 -0.349071 1.1163 -0.14034 -0.404565 1.18299 -0.149854 -0.503127 1.18313 -0.132711 -0.504614 1.24586 -0.12508 -0.483361 1.35574 -0.065666 -0.259179 1.26023 0.164706 -0.477111 1.35269 0.118416 -0.790144 1.30218 0.031394 -0.477111 1.35269 0.118416 -0.499269 1.25051 0.188948 -0.259179 1.26023 0.164706 -0.49511 1.19003 0.197157 -0.395212 1.19103 0.214554 -0.338381 1.12546 0.205368 -0.258167 1.14877 0.210395 -0.499269 1.25051 0.188948 -0.790144 1.30218 0.031394 -0.504614 1.24586 -0.12508 -0.503127 1.18313 -0.132711 -0.49511 1.19003 0.197157 -0.404565 1.18299 -0.149854 -0.395212 1.19103 0.214554 -0.349071 1.1163 -0.14034 -0.338381 1.12546 0.205368 -0.264815 1.14299 -0.144451 -0.259179 1.26008 -0.111241 -0.259179 1.26023 0.164706 -0.258167 1.14877 0.210395 -0.264815 1.14299 -0.144451 -0.258167 1.14877 0.210395 -0.338381 1.12546 0.205368 -0.349071 1.1163 -0.14034 0.320167 0.752079 -0.093714 0.000056 0.741526 -0.157268 0.251052 0.887507 -0.257686 0.000138 0.887103 -0.280643 0.320167 0.752079 -0.093714 0.271061 0.734707 0.231495 0.381704 0.003166 -0.069115 0.353996 0.331204 -0.083097 0.381704 0.003166 0.203903 0.35396 0.399744 0.156082 0.358829 0.183301 0.1843 0.30136 0.178485 0.235576 0.042784 0.176901 0.244999 0.042784 0.176901 0.244999 0.037283 0.331065 -0.134116 0.02973 0.395711 0.207946 0.037498 0.003167 -0.125241 0.037498 0.003167 0.260029 0.835892 0.858392 0.123893 0.972228 0.767536 0.124184 0.83745 0.857363 -0.059944 0.972228 0.767432 -0.060938 0.972228 0.767432 -0.060938 0.83745 0.857363 -0.059944 0.699899 0.647036 0.162774 0.701757 0.645746 -0.100155 -0.320043 0.752439 -0.093716 -0.250774 0.88779 -0.257688 -0.320043 0.752439 -0.093716 -0.270959 0.735012 0.231494 -0.381705 0.003167 -0.069115 -0.353996 0.331205 -0.083098 -0.381706 0.003167 0.203903 -0.35396 0.399745 0.156081 -0.35883 0.183302 0.1843 -0.301361 0.178485 0.235575 -0.042785 0.176902 0.244999 -0.042785 0.176902 0.244999 -0.029731 0.395711 0.207946 -0.037283 0.331066 -0.134116 -0.037499 0.003167 -0.125241 -0.0375 0.003167 0.260029 -0.835649 0.859333 0.12389 -0.972087 0.768631 0.124181 -0.837207 0.858306 -0.059947 -0.972087 0.768527 -0.060941 -0.972087 0.768527 -0.060941 -0.837207 0.858306 -0.059947 -0.699894 0.647824 0.162772 -0.701752 0.646536 -0.100157</float_array>
          <technique_common>
            <accessor source="#GeometrySource3-array" count="424" stride="3">
              <param name="X" type="float"/>
              <param name="Y" type="float"/>
              <param name="Z" type="float"/>
            </accessor>
          </technique_common>
        </source>
        <source id="GeometrySource4" name="equip_007Nrm">
          <float_array id="GeometrySource4-array" count="1272">-0.169238 0.881584 -0.440646 0.058892 0.754073 -0.654145 -0.035496 0.238388 -0.970521 -0.163136 0.894974 0.41522 0.046245 0.777656 0.626987 0.179469 0.117936 -0.976669 0.22051 0.707854 -0.671058 0.197479 0.737283 0.646078 -0.163136 0.894974 0.41522 -0.049088 0.323602 0.944919 0.046245 0.777656 0.626987 0.197479 0.737283 0.646078 0.155712 0.185722 0.970186 0.978025 0.207159 0.0235 0.978025 0.207159 0.0235 0.978025 0.207159 0.0235 0.978025 0.207159 0.0235 -0.058093 0.918086 -0.392102 0.222045 0.810272 -0.54236 0.0245 0.406849 -0.913167 -0.051564 0.91175 0.407497 0.212116 0.824652 0.524362 0.059799 0.436831 0.897554 0.332443 0.2399 -0.912102 0.642604 0.561827 -0.520971 0.863272 0.328831 -0.382926 0.626731 0.589711 0.509362 0.814435 0.346677 0.465307 0.267929 0.315259 0.910399 -0.997486 0.05893 -0.03937 -0.997486 0.05893 -0.03937 -0.997486 0.05893 -0.03937 -0.997486 0.05893 -0.03937 -0.972676 0.074451 -0.219904 -0.972676 0.074451 -0.219904 -0.000867 -0.670983 -0.741472 0.116044 0.57217 -0.811884 0.000326 0.576105 -0.817376 0.000326 0.576105 -0.817376 0.116044 0.57217 -0.811884 0.075175 0.90371 0.421495 0.000508 0.906282 0.422674 0.000508 0.906282 0.422674 0.135184 0.981697 0.134149 0.000555 0.988051 0.154127 0.850889 0.012804 0.52519 0.886167 0.11581 0.448661 0.782641 -0.121383 0.610523 0.782641 -0.121383 0.610523 0.998953 -0.045539 0.004484 0.998953 -0.045539 0.004484 0.998953 -0.045541 0.004466 0.998953 -0.045541 0.004466 0.000562 0.999416 -0.034153 0.000555 0.988051 0.154127 0.003362 0.999613 -0.027612 0.405566 0.8944 -0.188586 0.135184 0.981697 0.134149 0.889008 -0.013525 -0.457692 0.624572 0.196409 -0.755866 0.639863 0.253277 -0.725552 0.405566 0.8944 -0.188586 0.287476 0.46678 0.836346 0.000244 0.439453 0.898266 0.000068 0.127971 0.991778 0.26133 0.144487 0.954374 -0.000118 -0.204635 0.978838 0.215025 -0.192246 0.9575 0.432818 0.171427 0.885032 0.442409 0.476393 0.759818 0.367445 0.068393 -0.927527 -0.695352 0.029445 -0.718066 -0.725655 0.029094 -0.687444 0.351987 0.06737 -0.933577 0.368742 0.067239 0.927097 0.361763 0.140754 0.921584 -0.725442 0.080339 0.683579 -0.696308 0.027266 0.717225 -0.000001 -1 0.000000 -0.000001 -1 0.000000 -0.000001 -1 0.000000 -0.000001 -1 0.000000 -0.000001 -1 0.000000 -0.000001 -1 0.000000 0.443814 0.02283 -0.895828 -0.000001 -0.001229 -0.999999 -0.000001 -0.001229 -0.999999 0.405891 0.019271 -0.913718 0.641991 0.042053 -0.765558 0.641991 0.042053 -0.765558 0.000001 -0.549196 0.835693 0.000001 -0.549196 0.835693 0.168885 -0.623486 0.763376 0.648014 -0.498776 0.575587 0.865561 -0.369072 0.338511 0.449995 0.167584 0.877166 0.358711 0.214268 0.908524 0.358711 0.214268 0.908524 0.992343 0.118256 -0.035643 0.929715 0.138863 0.341098 0.923241 0.139346 0.358063 0.992343 0.118256 -0.035643 0.461872 0.099801 0.881314 0.482104 0.102931 0.870047 0.183972 0.055455 0.981366 0.183972 0.055455 0.981366 0.013636 0.3356 0.941906 0.013636 0.3356 0.941906 0.000001 0.335631 0.941993 0.000001 0.335631 0.941993 0.000001 0.137597 0.990488 0.004057 0.137596 0.99048 0.004057 0.137596 0.99048 0.000001 0.137597 0.990488 0.999389 -0.031946 0.014192 0.999389 -0.031946 0.014192 0.999389 -0.031946 0.014192 0.999389 -0.031946 0.014192 0.382954 0.923763 0.002926 0.382954 0.923763 0.002926 0.382954 0.923763 0.002926 0.382954 0.923763 0.002926 0.218295 0.072255 0.973204 0.218295 0.072255 0.973204 0.218295 0.072255 0.973204 0.218295 0.072255 0.973204 0.325137 -0.945001 0.035484 0.325137 -0.945001 0.035484 0.325137 -0.945001 0.035484 0.325137 -0.945001 0.035484 0.265723 0.021335 -0.963813 0.265723 0.021335 -0.963813 0.265723 0.021335 -0.963813 0.265723 0.021335 -0.963813 0.696894 -0.072127 0.713538 0.224958 0.344886 0.911289 -0.392072 -0.578356 0.715391 0.165238 -0.797932 0.579655 0.697552 -0.068769 -0.713227 0.164703 -0.795348 -0.583348 -0.397694 -0.578849 -0.71188 0.22404 0.352168 -0.908726 0.929523 0.24519 0.275443 0.696894 -0.072127 0.713538 0.697552 -0.068769 -0.713227 0.929565 0.245373 -0.275137 0.164703 -0.795348 -0.583348 0.165238 -0.797932 0.579655 0.665416 -0.091629 0.740827 0.396448 -0.153903 0.905065 0.397336 -0.153736 0.904704 0.665416 -0.091629 0.740827 0.101306 -0.198581 0.974835 0.101306 -0.198581 0.974835 0.05273 0.898536 -0.435722 0.05273 0.898536 -0.435722 0.05273 0.898536 -0.435722 0.05273 0.898536 -0.435722 0.071497 0.250418 -0.965494 0.639863 0.253277 -0.725552 0.624572 0.196409 -0.755866 0.071497 0.250418 -0.965494 0.170232 0.881392 -0.440646 0.035768 0.238347 -0.970521 -0.058041 0.754139 -0.654145 0.164142 0.89479 0.41522 -0.045371 0.777708 0.626986 -0.179332 0.118137 -0.97667 -0.21971 0.708101 -0.671059 -0.196651 0.737505 0.646076 0.164142 0.89479 0.41522 -0.045371 0.777708 0.626986 0.049449 0.323547 0.944919 -0.196651 0.737505 0.646076 -0.155506 0.185898 0.970186 -0.977791 0.20826 0.023496 -0.977791 0.20826 0.023496 -0.977791 0.20826 0.023496 -0.977791 0.20826 0.023496 0.059128 0.918019 -0.392102 -0.024039 0.406875 -0.913167 -0.221131 0.810522 -0.542362 0.052589 0.911691 0.407496 -0.211189 0.824891 0.524361 -0.05931 0.436898 0.897553 -0.33217 0.240274 -0.912103 -0.641969 0.56255 -0.520974 -0.8629 0.329802 -0.382929 -0.626068 0.590417 0.509359 -0.814046 0.347594 0.465304 -0.267577 0.315561 0.910398 0.997551 0.057807 -0.039366 0.997551 0.057807 -0.039366 0.997551 0.057807 -0.039366 0.997551 0.057807 -0.039366 0.972761 0.073356 -0.219898 0.000116 -0.670983 -0.741472 0.972761 0.073356 -0.219898 -0.115395 0.5723 -0.811885 -0.115395 0.5723 -0.811885 -0.07416 0.903794 0.421494 -0.13408 0.981849 0.134148 -0.850877 0.013762 0.525184 -0.782781 -0.120501 0.610519 -0.886038 0.116808 0.448656 -0.782781 -0.120501 0.610519 -0.999003 -0.044414 0.004477 -0.999003 -0.044416 0.004459 -0.999003 -0.044416 0.004459 -0.999003 -0.044414 0.004477 -0.002237 0.999616 -0.027612 -0.404558 0.894856 -0.188588 -0.13408 0.981849 0.134148 -0.88902 -0.012524 -0.457698 -0.639573 0.253997 -0.725556 -0.624346 0.197111 -0.75587 -0.404558 0.894856 -0.188588 -0.286955 0.467103 0.836344 -0.261173 0.144781 0.954373 -0.215247 -0.192004 0.957499 -0.441877 0.476891 0.759815 -0.43263 0.171914 0.885029 -0.367445 0.068394 -0.927527 -0.351985 0.067371 -0.933578 0.725656 0.029092 -0.687442 0.695352 0.029443 -0.718066 -0.368741 0.06724 0.927097 0.725441 0.080337 0.68358 -0.361765 0.140755 0.921583 0.696308 0.027264 0.717225 -0.000001 -1 0.000000 -0.000001 -1 0.000000 -0.000001 -1 0.000000 -0.000001 -1 0.000000 -0.000001 -1 0.000000 -0.000001 -1 0.000000 -0.443817 0.02283 -0.895827 -0.405893 0.019271 -0.913717 -0.641993 0.042053 -0.765556 -0.641993 0.042053 -0.765556 -0.648013 -0.498776 0.575589 -0.168883 -0.623486 0.763377 -0.86556 -0.369072 0.338514 -0.449993 0.167584 0.877167 -0.358708 0.214268 0.908525 -0.358708 0.214268 0.908525 -0.992343 0.118256 -0.03564 -0.992343 0.118256 -0.03564 -0.92324 0.139346 0.358066 -0.929714 0.138863 0.341101 -0.461869 0.099801 0.881315 -0.482101 0.10293 0.870048 -0.18397 0.055455 0.981366 -0.18397 0.055455 0.981366 -0.013634 0.3356 0.941906 -0.013634 0.3356 0.941906 -0.004054 0.137596 0.99048 -0.004054 0.137596 0.99048 -0.999389 -0.031946 0.014195 -0.999389 -0.031946 0.014195 -0.999389 -0.031946 0.014195 -0.999389 -0.031946 0.014195 -0.382954 0.923763 0.002927 -0.382954 0.923763 0.002927 -0.382954 0.923763 0.002927 -0.382954 0.923763 0.002927 -0.218292 0.072255 0.973205 -0.218292 0.072255 0.973205 -0.218292 0.072255 0.973205 -0.218292 0.072255 0.973205 -0.325137 -0.945001 0.035485 -0.325137 -0.945001 0.035485 -0.325137 -0.945001 0.035485 -0.325137 -0.945001 0.035485 -0.265726 0.021335 -0.963813 -0.265726 0.021335 -0.963813 -0.265726 0.021335 -0.963813 -0.265726 0.021335 -0.963813 -0.696978 -0.071341 0.713535 -0.166138 -0.797745 0.579655 0.391418 -0.578797 0.715392 -0.224573 0.34514 0.911288 -0.697626 -0.067984 -0.713229 -0.223641 0.352419 -0.908727 0.397045 -0.579297 -0.711878 -0.165596 -0.795162 -0.583348 -0.929247 0.246236 0.275439 -0.929288 0.246419 -0.27514 -0.697626 -0.067984 -0.713229 -0.696978 -0.071341 0.713535 -0.165596 -0.795162 -0.583348 -0.166138 -0.797745 0.579655 -0.665418 -0.091626 0.740826 -0.665418 -0.091626 0.740826 -0.397339 -0.153735 0.904703 -0.39645 -0.153902 0.905064 -0.101308 -0.198581 0.974834 -0.101308 -0.198581 0.974834 -0.051716 0.898594 -0.435722 -0.051716 0.898594 -0.435722 -0.051716 0.898594 -0.435722 -0.051716 0.898594 -0.435722 -0.071209 0.250499 -0.965495 -0.071209 0.250499 -0.965495 -0.624346 0.197111 -0.75587 -0.639573 0.253997 -0.725556 -0.231556 0.678381 -0.697267 -0.013117 0.27156 -0.962332 -0.080574 0.149073 -0.985538 -0.080574 0.149073 -0.985538 0.02314 0.334956 -0.94195 0.1106 0.435701 -0.893271 -0.000814 0.881213 -0.472719 -0.240172 0.707869 0.664258 -0.027503 0.898364 0.43839 0.330817 0.943645 -0.009741 0.077365 0.518698 0.85145 -0.027503 0.898364 0.43839 -0.240172 0.707869 0.664258 -0.005232 0.403796 0.914834 -0.038444 0.346229 0.937362 -0.100795 0.232572 0.967342 -0.100795 0.232572 0.967342 0.857849 -0.513283 0.025189 0.855162 -0.517748 0.025196 0.18306 -0.982942 0.017707 0.621765 -0.782643 0.029644 0.618041 -0.785588 0.029631 0.422213 -0.905917 0.032422 0.430463 -0.90202 0.032589 0.761018 -0.647666 0.037168 0.761018 -0.647666 0.037168 -0.999753 -0.019664 -0.010344 -0.999753 -0.019664 -0.010344 -0.999753 -0.019664 -0.010344 -0.999753 -0.019664 -0.010344 -0.291859 -0.956371 0.013186 -0.291859 -0.956371 0.013186 -0.291859 -0.956371 0.013186 -0.291859 -0.956371 0.013186 0.232322 0.678119 -0.697267 0.080745 0.148982 -0.985538 0.080745 0.148982 -0.985538 0.013426 0.271544 -0.962332 -0.022759 0.334981 -0.94195 -0.110106 0.435824 -0.893272 0.001808 0.881211 -0.47272 0.240966 0.707599 0.664259 0.028513 0.898333 0.438389 -0.329754 0.944017 -0.009742 0.028513 0.898333 0.438389 -0.076784 0.518786 0.851449 0.240966 0.707599 0.664259 0.005684 0.403791 0.914834 0.03883 0.346186 0.937362 0.101053 0.232459 0.967342 0.101053 0.232459 0.967342 -0.858427 -0.512317 0.025186 -0.184167 -0.982735 0.017707 -0.855745 -0.516785 0.025193 -0.622646 -0.781942 0.029642 -0.618925 -0.784891 0.029629 -0.423233 -0.905441 0.032421 -0.431478 -0.901535 0.032588 -0.761747 -0.646808 0.037166 -0.761747 -0.646808 0.037166 0.99973 -0.020789 -0.010341 0.99973 -0.020789 -0.010341 0.99973 -0.020789 -0.010341 0.99973 -0.020789 -0.010341 0.290782 -0.956698 0.013187 0.290782 -0.956699 0.013187 0.290782 -0.956699 0.013187 0.290782 -0.956699 0.013187 0.130595 -0.703784 -0.698307 -0.000386 -0.689828 -0.723973 0.130595 -0.704062 -0.698026 -0.000361 -0.646174 -0.76319 0.846842 -0.175254 -0.50214 0.370593 -0.17481 0.912197 0.910536 0.091847 -0.403098 0.913532 0.089874 -0.396713 0.909984 0.09215 0.404274 0.910272 0.123945 0.395023 0.911911 0.039289 0.408503 0.364044 -0.061037 0.92938 -0.686618 -0.072806 0.723364 -0.686618 -0.072806 0.723364 -0.725655 0.029094 -0.687444 -0.725442 0.080339 0.683579 -0.695352 0.029445 -0.718066 -0.696308 0.027266 0.717225 0.5165 0.777581 0.358603 0.929523 0.24519 0.275443 0.516426 0.77997 -0.353485 0.929565 0.245373 -0.275137 0.929565 0.245373 -0.275137 0.516426 0.77997 -0.353485 -0.392072 -0.578356 0.715391 -0.397694 -0.578849 -0.71188 -0.131383 -0.703637 -0.698308 -0.131383 -0.703915 -0.698027 -0.847035 -0.174301 -0.502146 -0.370795 -0.174392 0.912194 -0.910536 0.091849 -0.403098 -0.913531 0.089877 -0.396715 -0.909984 0.092153 0.404274 -0.910272 0.123947 0.395021 -0.911912 0.039292 0.408501 -0.364046 -0.061036 0.929379 0.686616 -0.072808 0.723365 0.686616 -0.072808 0.723365 0.725441 0.080337 0.68358 0.725656 0.029092 -0.687442 0.695352 0.029443 -0.718066 0.696308 0.027264 0.717225 -0.515625 0.778162 0.3586 -0.929247 0.246236 0.275439 -0.515546 0.780551 -0.353487 -0.929288 0.246419 -0.27514 -0.929288 0.246419 -0.27514 -0.515546 0.780551 -0.353487 0.391418 -0.578797 0.715392 0.397045 -0.579297 -0.711878</float_array>
          <technique_common>
            <accessor source="#GeometrySource4-array" count="424" stride="3">
              <param name="X" type="float"/>
              <param name="Y" type="float"/>
              <param name="Z" type="float"/>
            </accessor>
          </technique_common>
        </source>
        <source id="GeometrySource5" name="equip_007UV">
          <float_array id="GeometrySource5-array" count="848">0.68335 0.713231 0.680754 0.78072 0.752248 0.752601 0.594281 0.713374 0.596516 0.779859 0.75713 0.837353 0.680585 0.815684 0.597515 0.816228 0.68335 0.713231 0.752248 0.752601 0.680754 0.78072 0.680585 0.815684 0.75713 0.837353 0.597515 0.816228 0.591663 0.852012 0.693535 0.852979 0.680585 0.815684 0.406698 0.33327 0.440646 0.327975 0.429132 0.257899 0.408485 0.441001 0.440243 0.448212 0.414091 0.510503 0.544051 0.259189 0.519431 0.326882 0.566065 0.329788 0.522409 0.450099 0.569284 0.448183 0.537891 0.511192 0.671464 0.149714 0.550073 0.151239 0.570731 0.191181 0.656353 0.192003 0.915206 0.390907 0.869415 0.472539 0.914709 0.593408 0.914709 0.593408 0.986214 0.593281 0.986067 0.391387 0.915206 0.390907 0.275137 0.23332 0.382146 0.17321 0.382146 0.233071 0.115258 0.172702 0.382146 0.17321 0.04175 0.413829 0.114978 0.369331 0.120835 0.541423 0.052502 0.536142 0.959566 0.024852 0.714095 0.024884 0.718022 0.10911 0.955958 0.109957 0.535448 0.675294 0.72341 0.680559 0.544179 0.617189 0.563014 0.491848 0.702533 0.499254 0.757773 0.535675 0.859651 0.526195 0.86008 0.408887 0.758067 0.35201 0.275137 0.23332 0.382146 0.233071 0.382146 0.36296 0.261799 0.367181 0.382146 0.534895 0.266361 0.546694 0.114978 0.369331 0.115258 0.172702 0.186602 0.910525 0.040838 0.910525 0.040838 0.708256 0.186602 0.708256 0.412939 0.910525 0.412939 0.758824 0.561615 0.758824 0.561615 0.910525 0.665543 0.13569 0.591325 0.13569 0.571793 0.116159 0.685075 0.116159 0.571793 0.022409 0.685075 0.022409 0.41813 0.978612 0.547446 0.978462 0.547565 0.922528 0.417931 0.922149 0.337193 0.978607 0.337516 0.922341 0.428919 0.19811 0.428829 0.23792 0.46728 0.236879 0.49152 0.196522 0.51968 0.191947 0.518819 0.101629 0.492694 0.042278 0.467553 0.072587 0.337516 0.922341 0.252184 0.92242 0.253498 0.978769 0.337193 0.978607 0.189612 0.977855 0.189642 0.922558 0.047199 0.984263 0.046985 0.922853 0.467553 0.072587 0.492694 0.042278 0.428458 0.04217 0.428863 0.071916 0.428919 0.19811 0.49152 0.196522 0.467553 0.072587 0.428863 0.071916 0.177966 0.590295 0.090897 0.591057 0.087119 0.679281 0.179468 0.67943 0.184083 0.553335 0.085221 0.553474 0.090897 0.591057 0.177966 0.590295 0.059948 0.581502 0.064333 0.684429 0.087119 0.679281 0.090897 0.591057 0.079743 0.698422 0.184652 0.697787 0.179468 0.67943 0.087119 0.679281 0.201477 0.686707 0.208654 0.576322 0.177966 0.590295 0.179468 0.67943 0.706475 0.323191 0.706336 0.22317 0.815812 0.223276 0.816182 0.323331 0.713448 0.472914 0.582272 0.472744 0.582904 0.356924 0.714081 0.357094 0.871065 0.34606 0.853296 0.332531 0.975272 0.332531 0.957503 0.346061 0.975846 0.279631 0.853296 0.279631 0.717851 0.121428 0.773544 0.121428 0.773544 0.200134 0.717851 0.196386 0.960876 0.200134 0.960876 0.121428 0.494326 0.535598 0.497033 0.683617 0.414179 0.656304 0.412549 0.558678 0.412549 0.558678 0.414179 0.656304 0.287264 0.658768 0.285293 0.560594 0.68335 0.713231 0.752248 0.752601 0.680754 0.78072 0.594281 0.713374 0.596516 0.779859 0.75713 0.837353 0.680585 0.815684 0.597515 0.816228 0.68335 0.713231 0.680754 0.78072 0.752248 0.752601 0.680585 0.815684 0.75713 0.837353 0.597515 0.816228 0.680585 0.815684 0.693535 0.852979 0.591663 0.852012 0.406698 0.33327 0.429132 0.257899 0.440646 0.327975 0.408485 0.441001 0.440243 0.448212 0.414091 0.510503 0.544051 0.259189 0.519431 0.326882 0.566065 0.329788 0.522409 0.450099 0.569284 0.448183 0.537891 0.511192 0.671464 0.149714 0.656353 0.192003 0.570731 0.191181 0.550073 0.151239 0.915206 0.390907 0.914709 0.593408 0.869415 0.472539 0.914709 0.593408 0.915206 0.390907 0.275137 0.23332 0.115258 0.172702 0.04175 0.413829 0.120835 0.541423 0.114978 0.369331 0.052502 0.536142 0.959566 0.024852 0.955958 0.109957 0.718022 0.10911 0.714095 0.024884 0.544179 0.617189 0.563014 0.491848 0.702533 0.499254 0.757773 0.535675 0.86008 0.408887 0.859651 0.526195 0.758067 0.35201 0.275137 0.23332 0.261799 0.367181 0.266361 0.546694 0.115258 0.172702 0.114978 0.369331 0.186602 0.910525 0.186602 0.708256 0.040838 0.708256 0.040838 0.910525 0.412939 0.910525 0.561615 0.758824 0.412939 0.758824 0.561615 0.910525 0.665543 0.13569 0.685075 0.116159 0.571793 0.116159 0.591325 0.13569 0.571793 0.022409 0.685075 0.022409 0.41813 0.978612 0.417931 0.922149 0.337193 0.978607 0.337516 0.922341 0.49152 0.196522 0.46728 0.236879 0.51968 0.191947 0.518819 0.101629 0.492694 0.042278 0.467553 0.072587 0.337516 0.922341 0.337193 0.978607 0.253498 0.978769 0.252184 0.92242 0.189612 0.977855 0.189642 0.922558 0.047199 0.984263 0.046985 0.922853 0.467553 0.072587 0.492694 0.042278 0.467553 0.072587 0.49152 0.196522 0.177966 0.590295 0.179468 0.67943 0.087119 0.679281 0.090897 0.591057 0.184083 0.553335 0.177966 0.590295 0.090897 0.591057 0.085221 0.553474 0.059948 0.581502 0.090897 0.591057 0.087119 0.679281 0.064333 0.684429 0.079743 0.698422 0.087119 0.679281 0.179468 0.67943 0.184652 0.697787 0.201477 0.686707 0.179468 0.67943 0.177966 0.590295 0.208654 0.576322 0.706475 0.323191 0.816182 0.323331 0.815812 0.223276 0.706336 0.22317 0.713448 0.472914 0.714081 0.357094 0.582904 0.356924 0.582272 0.472744 0.871065 0.34606 0.957503 0.346061 0.975272 0.332531 0.853296 0.332531 0.975846 0.279631 0.853296 0.279631 0.717851 0.121428 0.717851 0.196386 0.773544 0.200134 0.773544 0.121428 0.960876 0.200134 0.960876 0.121428 0.494326 0.535598 0.412549 0.558678 0.414179 0.656304 0.497033 0.683617 0.412549 0.558678 0.285293 0.560594 0.287264 0.658768 0.414179 0.656304 0.938512 0.818399 0.839103 0.771832 0.868938 0.728511 0.916203 0.737611 0.77961 0.781874 0.779957 0.815931 0.813988 0.889347 0.982643 0.977069 0.838131 0.979456 0.650185 0.982882 0.779957 0.815931 0.813988 0.889347 0.938512 0.818399 0.77961 0.781874 0.839103 0.771832 0.868938 0.728511 0.916203 0.737611 0.111853 0.149639 0.020609 0.149942 0.065165 0.234961 0.018064 0.131772 0.113938 0.131991 0.017711 0.103123 0.115901 0.103011 0.016565 0.077924 0.117073 0.077803 0.016301 0.052223 0.119403 0.053613 0.107872 0.020875 0.026209 0.018494 0.016301 0.052223 0.016565 0.077924 0.117073 0.077803 0.119403 0.053613 0.938512 0.818399 0.916203 0.737611 0.868938 0.728511 0.839103 0.771832 0.77961 0.781874 0.779957 0.815931 0.813988 0.889347 0.982643 0.977069 0.838131 0.979456 0.650185 0.982882 0.813988 0.889347 0.779957 0.815931 0.938512 0.818399 0.77961 0.781874 0.839103 0.771832 0.868938 0.728511 0.916203 0.737611 0.111853 0.149639 0.065165 0.234961 0.020609 0.149942 0.018064 0.131772 0.113938 0.131991 0.017711 0.103123 0.115901 0.103011 0.016565 0.077924 0.117073 0.077803 0.016301 0.052223 0.026209 0.018494 0.107872 0.020875 0.119403 0.053613 0.016301 0.052223 0.119403 0.053613 0.117073 0.077803 0.016565 0.077924 0.75643 0.712767 0.986205 0.712638 0.821379 0.592852 0.986214 0.593281 0.757371 0.615156 0.120835 0.541423 0.234821 0.910525 0.234821 0.708256 0.368738 0.910525 0.368738 0.755849 0.368738 0.696358 0.412939 0.696358 0.561615 0.696358 0.163745 0.15597 0.173379 0.016278 0.226365 0.15597 0.375691 0.016278 0.375691 0.15597 0.68328 0.223148 0.683399 0.323162 0.574465 0.22343 0.574833 0.323191 0.741896 0.473021 0.742531 0.356914 0.853296 0.219861 0.976419 0.220687 0.75643 0.712767 0.821379 0.592852 0.757371 0.615156 0.120835 0.541423 0.234821 0.910525 0.234821 0.708256 0.368738 0.910525 0.368738 0.755849 0.368738 0.696358 0.412939 0.696358 0.561615 0.696358 0.163745 0.15597 0.226365 0.15597 0.173379 0.016278 0.375691 0.016278 0.375691 0.15597 0.68328 0.223148 0.683399 0.323162 0.574465 0.22343 0.574833 0.323191 0.741896 0.473021 0.742531 0.356914 0.853296 0.219861 0.976419 0.220687</float_array>
          <technique_common>
            <accessor source="#GeometrySource5-array" count="424" stride="2">
              <param name="S" type="float"/>
              <param name="T" type="float"/>
            </accessor>
          </technique_common>
        </source>
        <vertices id="Geometry1-vertices">
          <input semantic="POSITION" source="#GeometrySource3"/>
          <input semantic="NORMAL" source="#GeometrySource4"/>
          <input semantic="TEXCOORD" source="#GeometrySource5"/>
        </vertices>
        <triangles material="VisualMaterial10" count="314">
          <input semantic="VERTEX" source="#Geometry1-vertices" offset="0"/>
          <p>0 1 2 3 1 0 3 4 1 1 5 2 4 6 1 1 6 5 4 7 6 8 9 10 9 11 10 9 12 11 13 14 15 13 15 16 17 18 19 20 18 17 20 21 18 22 21 20 18 23 19 18 24 23 21 24 18 24 25 23 22 26 21 21 26 24 26 25 24 26 27 25 22 28 26 28 27 26 29 30 31 29 31 32 33 34 35 36 37 38 36 38 39 40 41 42 40 43 44 45 46 47 45 47 48 49 50 51 49 51 52 53 54 55 54 56 55 54 57 56 58 59 60 58 60 61 62 63 64 62 64 65 65 64 66 65 66 67 65 68 69 65 69 62 70 71 72 70 72 73 74 75 76 74 76 77 78 79 80 78 80 81 81 80 82 81 82 83 84 85 86 84 86 87 87 88 84 87 89 88 90 91 92 90 92 93 92 94 93 94 95 93 93 95 96 93 96 97 98 99 100 98 100 101 99 102 100 99 103 102 104 102 103 104 103 105 106 107 108 106 108 109 110 111 112 110 112 113 114 115 116 114 116 117 118 119 120 118 120 121 122 123 124 122 124 125 126 127 128 126 128 129 130 131 132 130 132 133 134 135 136 134 136 137 138 139 140 138 140 141 142 143 144 142 144 145 143 146 144 143 147 146 148 149 150 148 150 151 152 150 149 152 149 153 154 155 156 154 156 157 158 159 160 158 160 161 162 163 164 165 162 164 165 164 166 164 163 167 166 164 168 164 167 168 166 168 169 170 171 172 172 171 173 172 173 174 175 176 177 175 177 178 179 180 181 182 179 181 182 181 183 184 182 183 181 180 185 181 185 186 183 181 186 186 185 187 183 186 188 184 183 188 188 186 187 188 187 189 184 188 190 190 188 189 191 192 193 191 193 194 195 196 197 198 38 37 198 199 38 200 42 41 200 44 201 202 203 204 202 205 203 206 207 208 206 208 209 53 210 54 54 210 211 54 211 212 213 214 215 213 216 214 217 64 63 218 66 64 217 218 64 218 219 66 218 220 221 218 217 220 222 223 224 222 224 225 226 227 228 226 229 227 230 231 232 230 232 233 231 234 232 231 235 234 236 86 85 236 237 86 237 236 238 237 238 239 90 240 241 90 241 91 241 240 242 242 240 243 240 244 243 240 245 244 246 247 248 246 248 249 249 248 250 249 250 251 252 251 250 252 253 251 254 109 108 254 108 255 110 113 256 110 256 257 258 259 260 258 260 261 262 263 264 262 264 265 266 267 268 266 268 269 270 271 272 270 272 273 274 275 276 274 276 277 278 279 280 278 280 281 282 283 284 282 284 285 286 287 288 286 288 289 289 288 290 289 290 291 292 293 294 292 294 295 296 295 294 296 297 295 298 299 300 298 300 301 302 303 304 302 304 305 306 307 308 306 308 309 306 310 307 306 311 310 306 312 311 313 312 306 313 314 312 312 315 311 314 315 312 316 315 317 318 316 317 318 319 316 318 320 319 318 321 320 318 322 321 323 324 325 323 326 324 323 327 326 327 328 326 327 329 328 329 330 328 329 331 330 332 333 334 332 334 335 336 337 338 336 338 339 340 341 342 340 342 343 340 343 344 340 344 345 340 345 346 347 340 346 347 346 348 348 346 349 345 349 346 350 349 351 352 350 351 352 351 353 352 353 354 352 354 355 352 355 356 357 358 359 357 359 360 357 360 361 361 360 362 361 362 363 363 362 364 363 364 365 366 367 368 366 368 369 370 371 372 370 372 373 374 375 35 374 35 376 375 377 35 43 46 45 378 59 58 67 68 65 67 379 68 73 380 70 73 381 380 381 382 380 381 383 382 381 384 383 384 75 383 384 385 75 76 75 385 383 74 382 383 75 74 76 385 386 387 388 389 389 388 390 389 390 391 392 135 134 392 134 393 394 392 393 394 393 395 141 396 138 141 397 396 398 146 147 398 399 146 400 196 375 375 196 377 400 401 196 201 202 204 402 213 215 219 218 221 219 221 403 223 222 404 223 404 405 405 404 406 405 406 407 405 407 408 408 407 228 408 228 409 227 409 228 407 406 226 407 226 228 227 410 409 411 412 413 412 414 413 412 415 414 416 278 281 416 417 278 418 417 416 418 419 417 283 282 420 283 420 421 422 291 290 422 290 423</p>
        </triangles>
      </mesh>
    </geometry>
    <geometry id="Geometry2" name="role_001">
      <mesh>
        <source id="GeometrySource6" name="role_001Pos">
          <float_array id="GeometrySource6-array" count="450">-0.09556 1.07944 0.118394 0.098387 1.07933 0.118395 0.099309 1.31619 0.118374 -0.096188 1.3163 0.118373 0.098387 1.07933 0.118395 0.098388 1.07922 -0.075552 0.09931 1.31608 -0.077124 0.099309 1.31619 0.118374 0.098388 1.07922 -0.075552 -0.095559 1.07933 -0.075553 -0.096188 1.31619 -0.077125 0.09931 1.31608 -0.077124 -0.095559 1.07933 -0.075553 -0.09556 1.07944 0.118394 -0.096188 1.3163 0.118373 -0.096188 1.31619 -0.077125 -0.3593 1.07711 0.138782 -0.32365 0.862027 0.188907 -0.280058 1.13008 0.105828 -0.379866 1.10507 0.107689 -0.6164 0.977542 0.116098 -0.601531 0.946766 0.151011 -0.56338 1.006 -0.050217 -0.379863 1.10499 -0.043698 -0.5449 0.977059 -0.084158 -0.359296 1.07699 -0.07469 -0.280057 1.12999 -0.062649 -0.326701 0.909419 0.138916 0.359788 1.07671 0.138783 0.380386 1.10464 0.10769 0.280607 1.12977 0.10583 0.323897 0.861663 0.188909 0.616777 0.976848 0.1161 0.601872 0.946089 0.151012 0.563788 1.00537 -0.050215 0.380383 1.10456 -0.043697 0.545277 0.976445 -0.084156 0.359785 1.07659 -0.074688 0.327 0.909051 0.138918 -0.270877 0.632938 -0.095779 -0.257989 0.768959 -0.100137 0.000076 0.778352 -0.147221 -0.000001 0.632948 -0.148426 -0.323845 0.632938 -0.054688 -0.308453 0.768961 -0.073466 -0.000000 0.496112 -0.127777 -0.0349 0.496112 -0.121257 -0.333451 0.532384 -0.051473 -0.282644 0.512444 -0.098679 -0.295771 0.33503 -0.11008 -0.036895 0.33503 -0.110079 -0.353608 0.334931 -0.058132 -0.270877 0.632938 0.244456 -0.000003 0.615854 0.292679 0.00008 0.786638 0.281579 -0.25799 0.769013 0.225716 -0.308453 0.769001 0.168317 -0.323845 0.632938 0.186417 -0.275132 0.587263 0.246986 -0.034612 0.496112 0.257768 -0.294958 0.339295 0.24661 -0.036339 0.338983 0.255295 -0.352635 0.338966 0.194586 -0.328933 0.587263 0.190032 0 0.496112 0.270753 -0.653186 0.957563 -0.053408 -0.643112 0.924178 -0.089167 -0.508121 0.782251 0.150514 -0.699894 0.647824 0.162772 -0.815964 0.831379 0.161834 -0.326698 0.909301 -0.074699 -0.457297 0.817803 -0.083563 -0.323649 0.86185 -0.125725 -0.546792 0.755102 -0.089637 -0.817852 0.830092 -0.098083 -0.701752 0.646536 -0.100157 -0.837208 0.858306 -0.059947 -0.835649 0.859333 0.12389 -0.508121 0.782251 0.150514 -0.699894 0.647824 0.162772 -0.326701 0.909419 0.138916 -0.32365 0.862027 0.188907 -0.036339 0.338983 0.255295 -0.036895 0.33503 -0.110079 -0.0349 0.496112 -0.121257 -0.034612 0.496112 0.257768 -0.333451 0.532384 -0.051473 -0.353608 0.334931 -0.058132 -0.352635 0.338966 0.194586 -0.328933 0.587263 0.190032 -0.323845 0.632938 -0.054688 -0.323845 0.632938 0.186417 -0.308453 0.768961 -0.073466 -0.308453 0.769001 0.168317 0.270876 0.632937 -0.095779 0.258132 0.768669 -0.100135 0.323845 0.632937 -0.054688 0.308595 0.768614 -0.073464 0.0349 0.496112 -0.121257 0.333451 0.532383 -0.051473 0.282643 0.512443 -0.098679 0.295771 0.335029 -0.110079 0.036894 0.33503 -0.110079 0.353607 0.33493 -0.058131 0.270877 0.632938 0.244456 0.258131 0.768722 0.225717 0.308594 0.768654 0.168319 0.323845 0.632937 0.186416 0.275132 0.587263 0.246986 0.034612 0.496112 0.257768 0.294956 0.339294 0.246611 0.036337 0.338983 0.255295 0.352633 0.338965 0.194587 0.328933 0.587263 0.190032 0.280607 1.12967 -0.062647 0.326998 0.908933 -0.074698 0.65354 0.956827 -0.053406 0.643429 0.923454 -0.089165 0.508277 0.781678 0.150516 0.699899 0.647036 0.162774 0.816175 0.83046 0.161836 0.457494 0.817288 -0.083562 0.546918 0.754487 -0.089636 0.818063 0.829171 -0.098081 0.701757 0.645746 -0.100155 0.835892 0.858392 0.123893 0.83745 0.857363 -0.059944 0.508277 0.781678 0.150516 0.699899 0.647036 0.162774 0.327 0.909051 0.138918 0.323898 0.861486 -0.125723 0.323897 0.861663 0.188909 0.036337 0.338983 0.255295 0.034612 0.496112 0.257768 0.0349 0.496112 -0.121257 0.036894 0.33503 -0.110079 0.333451 0.532383 -0.051473 0.328933 0.587263 0.190032 0.352633 0.338965 0.194587 0.353607 0.33493 -0.058131 0.323845 0.632937 -0.054688 0.323845 0.632937 0.186416 0.308595 0.768614 -0.073464 0.308594 0.768654 0.168319 -0.0349 0.496112 -0.121257 -0.000000 0.496112 -0.127777 0 0.496112 0.270753 -0.034612 0.496112 0.257768 0.0349 0.496112 -0.121257 0.034612 0.496112 0.257768</float_array>
          <technique_common>
            <accessor source="#GeometrySource6-array" count="150" stride="3">
              <param name="X" type="float"/>
              <param name="Y" type="float"/>
              <param name="Z" type="float"/>
            </accessor>
          </technique_common>
        </source>
        <source id="GeometrySource7" name="role_001Nrm">
          <float_array id="GeometrySource7-array" count="450">-0.000003 0.000088 1 -0.000003 0.000088 1 -0.000003 0.000089 1 -0.000003 0.000089 1 0.999992 -0.003892 0.000005 0.999992 -0.003892 0.000005 0.999992 -0.003893 0.000005 0.999992 -0.003893 0.000005 -0.000000 -0.006635 -0.999978 -0.000000 -0.006635 -0.999978 -0.000000 -0.006637 -0.999978 -0.000000 -0.006637 -0.999978 -0.999996 -0.002654 -0.000001 -0.999996 -0.002654 -0.000001 -0.999996 -0.002654 -0.000001 -0.999996 -0.002654 -0.000001 -0.17812 0.392606 0.902294 -0.856223 0.053203 0.51386 -0.264484 0.849458 0.456585 -0.330411 0.864533 0.378697 -0.426436 0.821415 0.378721 -0.147251 0.35901 0.921645 -0.424559 0.818644 -0.386745 -0.359536 0.858515 -0.36563 -0.141709 0.351217 -0.925508 -0.099207 0.331681 -0.938161 -0.255603 0.797632 -0.546305 -0.391404 -0.21459 0.894849 0.178563 0.392403 0.902294 0.331384 0.86416 0.378699 0.265442 0.849159 0.456584 0.856283 0.052266 0.513856 0.427359 0.820934 0.378723 0.147651 0.358843 0.921646 0.425482 0.818166 -0.386743 0.360505 0.858109 -0.365629 0.142108 0.351058 -0.925507 0.099583 0.331569 -0.938161 0.391166 -0.215012 0.894852 -0.384412 0.004063 -0.923153 -0.360218 -0.008046 -0.932834 0.000001 -0.002626 -0.999997 -0.000008 -0.074524 -0.997219 -0.897552 0.075597 -0.434379 -0.852492 0.049162 -0.520423 -0.000000 -0.147577 -0.989051 0.190457 -0.080025 -0.978428 -0.907185 0.09597 -0.409641 -0.382819 0.051972 -0.92236 -0.384201 0.053007 -0.921726 0.701545 -0.006712 -0.712593 -0.907341 0.105393 -0.406971 -0.45759 0.095843 0.883983 -0.000006 -0.065823 0.997831 0.000055 0.104984 0.994474 -0.480659 0.140772 0.865535 -0.930634 0.147428 0.33494 -0.922617 0.133244 0.361971 -0.399726 0.067879 0.914118 0.206133 -0.124106 0.970622 -0.411337 0.035146 0.910805 0.697016 -0.012031 0.716955 -0.921079 0.08986 0.378865 -0.919214 0.103554 0.379897 0.000000 -0.224064 0.974575 -0.4278 0.823458 -0.372698 -0.151516 0.368546 -0.917179 0.43483 -0.561816 0.703766 0.434684 -0.56091 0.704578 -0.16159 0.384032 0.90907 -0.746589 -0.200939 -0.634215 0.436253 -0.562028 -0.702715 -0.991077 0.062762 -0.117591 0.435086 -0.55908 -0.705783 -0.16259 0.387397 -0.907463 0.432435 -0.554524 -0.710987 -0.429812 0.826308 -0.363973 -0.430175 0.826972 0.362031 0.43483 -0.561816 0.703766 0.434684 -0.56091 0.704578 -0.391404 -0.21459 0.894849 -0.856223 0.053203 0.51386 0.697016 -0.012031 0.716955 0.701545 -0.006712 -0.712593 0.190457 -0.080025 -0.978428 0.206133 -0.124106 0.970622 -0.907185 0.09597 -0.409641 -0.907341 0.105393 -0.406971 -0.921079 0.08986 0.378865 -0.919214 0.103554 0.379897 -0.897552 0.075597 -0.434379 -0.922617 0.133244 0.361971 -0.852492 0.049162 -0.520423 -0.930634 0.147428 0.33494 0.384411 0.004063 -0.923153 0.360214 -0.008451 -0.932831 0.897551 0.075597 -0.434381 0.85255 0.048202 -0.520418 -0.190457 -0.080025 -0.978428 0.907185 0.095969 -0.40964 0.38282 0.051971 -0.92236 0.384204 0.053006 -0.921726 -0.701544 -0.00671 -0.712595 0.907342 0.10539 -0.406969 0.457591 0.095843 0.883982 0.480812 0.140231 0.865538 0.930797 0.14638 0.334946 0.922618 0.133244 0.361969 0.399727 0.067878 0.914118 -0.206133 -0.124106 0.970622 0.411335 0.035145 0.910806 -0.697018 -0.012029 0.716953 0.921078 0.089857 0.378867 0.919215 0.103552 0.379897 0.256507 0.797344 -0.546302 0.746382 -0.201764 -0.634197 0.428728 0.822976 -0.372696 0.151935 0.368376 -0.917178 -0.435465 -0.561326 0.703764 -0.435318 -0.560421 0.704576 0.162019 0.383849 0.909071 -0.436883 -0.561536 -0.702717 -0.435713 -0.558589 -0.705785 0.163029 0.387214 -0.907462 -0.433056 -0.554036 -0.710989 0.431104 0.826487 0.362033 0.430744 0.825824 -0.363971 -0.435465 -0.561326 0.703764 -0.435318 -0.560421 0.704576 0.391166 -0.215012 0.894852 0.991149 0.061663 -0.117565 0.856283 0.052266 0.513856 -0.697018 -0.012029 0.716953 -0.206133 -0.124106 0.970622 -0.190457 -0.080025 -0.978428 -0.701544 -0.00671 -0.712595 0.907185 0.095969 -0.40964 0.919215 0.103552 0.379897 0.921078 0.089857 0.378867 0.907342 0.10539 -0.406969 0.897551 0.075597 -0.434381 0.922618 0.133244 0.361969 0.85255 0.048202 -0.520418 0.930797 0.14638 0.334946 -0.000000 -1 0.000000 -0.000000 -1 0 -0.000000 -1 0 -0.000000 -1 0.000000 -0.000000 -1 0.000000 -0.000000 -1 0.000000</float_array>
          <technique_common>
            <accessor source="#GeometrySource7-array" count="150" stride="3">
              <param name="X" type="float"/>
              <param name="Y" type="float"/>
              <param name="Z" type="float"/>
            </accessor>
          </technique_common>
        </source>
        <source id="GeometrySource8" name="role_001UV">
          <float_array id="GeometrySource8-array" count="300">0.023326 0.624629 0.023326 0.738871 0.139985 0.738871 0.139985 0.624629 0.023092 0.505335 0.023092 0.619577 0.139751 0.619577 0.139751 0.505335 0.023649 0.74143 0.023649 0.855673 0.140308 0.855673 0.140308 0.741431 0.023649 0.85904 0.023649 0.973282 0.140308 0.973282 0.140308 0.85904 0.811167 0.104863 1.00421 0.147578 0.837049 0.045543 0.768087 0.104177 0.76886 0.339632 0.813246 0.34045 0.624762 0.291744 0.624405 0.101972 0.580828 0.29189 0.571653 0.101973 0.57974 0.026385 0.95888 0.156072 0.811167 0.104863 0.768087 0.104177 0.816234 0.029552 1.00421 0.147578 0.76886 0.339632 0.813246 0.34045 0.624762 0.291744 0.624405 0.101972 0.580828 0.29189 0.571653 0.101973 0.95888 0.156072 0.907396 0.627126 0.895244 0.502917 0.58161 0.503283 0.58161 0.627126 0.971102 0.627126 0.956574 0.502953 0.58161 0.767805 0.622925 0.767805 0.986811 0.767805 0.920536 0.767805 0.920536 0.9864 0.621222 0.9864 0.986811 0.9864 0.23852 0.630188 0.554569 0.630188 0.554569 0.503014 0.250597 0.502923 0.189642 0.502959 0.175203 0.630188 0.22546 0.774329 0.505104 0.774329 0.22546 0.981521 0.512874 0.981521 0.15959 0.981521 0.15959 0.774329 0.554569 0.774329 0.624941 0.387461 0.580989 0.386849 0.958162 0.359648 0.974255 0.478972 0.813982 0.479072 0.433198 0.155576 0.433648 0.318908 0.415706 0.131967 0.433623 0.400573 0.581149 0.478974 0.421799 0.479058 0.625119 0.478918 0.770002 0.479102 0.280309 0.359082 0.280309 0.478799 0.280309 0.156051 0.267595 0.134404 0.25658 0.103276 0.427781 0.100561 0.426918 0.019725 0.238134 0.0294 0.219006 0.354021 0.232323 0.46178 0.024593 0.466149 0.018573 0.354006 0.218194 0.209763 0.018811 0.244437 0.224092 0.016233 0.019918 0.035894 0.907396 0.627126 0.895244 0.502917 0.971102 0.627126 0.956574 0.502953 0.622925 0.767805 0.986811 0.767805 0.920536 0.767805 0.920536 0.9864 0.621222 0.9864 0.986811 0.9864 0.23852 0.630188 0.250597 0.502923 0.189642 0.502959 0.175203 0.630188 0.22546 0.774329 0.505104 0.774329 0.22546 0.981521 0.512874 0.981521 0.15959 0.981521 0.15959 0.774329 0.531228 0.050007 0.433198 0.155576 0.624941 0.387461 0.580989 0.386849 0.958162 0.359648 0.974255 0.478972 0.813982 0.479072 0.433648 0.318908 0.433623 0.400573 0.581149 0.478974 0.421799 0.479058 0.770002 0.479102 0.625119 0.478918 0.280309 0.359082 0.280309 0.478799 0.280309 0.156051 0.415706 0.131967 0.267595 0.134404 0.25658 0.103276 0.238134 0.0294 0.426918 0.019725 0.427781 0.100561 0.219006 0.354021 0.018573 0.354006 0.024593 0.466149 0.232323 0.46178 0.218194 0.209763 0.018811 0.244437 0.224092 0.016233 0.019918 0.035894 0.598767 0.798996 0.537904 0.796249 0.537904 0.96412 0.607775 0.960399 0.598767 0.798996 0.607775 0.960399</float_array>
          <technique_common>
            <accessor source="#GeometrySource8-array" count="150" stride="2">
              <param name="S" type="float"/>
              <param name="T" type="float"/>
            </accessor>
          </technique_common>
        </source>
        <vertices id="Geometry2-vertices">
          <input semantic="POSITION" source="#GeometrySource6"/>
          <input semantic="NORMAL" source="#GeometrySource7"/>
          <input semantic="TEXCOORD" source="#GeometrySource8"/>
        </vertices>
        <triangles material="VisualMaterial20" count="160">
          <input semantic="VERTEX" source="#Geometry2-vertices" offset="0"/>
          <p>0 1 2 0 2 3 4 5 6 4 6 7 8 9 10 8 10 11 12 13 14 12 14 15 16 17 18 16 19 20 16 20 21 19 22 20 19 23 22 23 24 22 23 25 24 25 23 26 16 27 17 28 29 30 28 30 31 28 32 29 28 33 32 29 32 34 29 34 35 35 36 37 35 34 36 28 31 38 39 40 41 39 41 42 40 39 43 40 43 44 39 42 45 39 45 46 39 47 43 39 48 47 46 48 39 49 48 46 49 46 50 48 49 51 48 51 47 52 53 54 52 54 55 56 52 55 56 57 52 57 58 52 59 53 52 58 59 52 60 59 58 60 61 59 58 62 60 58 63 62 57 63 58 59 64 53 18 19 16 18 23 19 18 26 23 22 65 20 24 65 22 24 66 65 67 16 21 68 67 21 68 21 69 20 69 21 67 27 16 24 25 70 70 25 26 24 70 71 66 24 71 70 26 72 66 71 73 74 66 73 74 73 75 66 76 65 66 74 76 65 76 77 20 77 69 65 77 20 70 78 71 78 75 73 78 73 71 78 79 75 80 70 72 70 80 78 80 72 81 82 83 84 82 84 85 86 87 88 86 88 89 90 86 89 90 89 91 92 90 91 92 91 93 94 45 42 94 42 41 94 41 95 95 96 94 95 97 96 94 98 45 94 96 99 98 94 100 94 99 100 101 98 100 101 102 98 100 99 103 100 103 101 104 54 53 104 105 54 106 105 104 106 104 107 107 104 108 109 104 53 109 53 64 108 104 109 110 108 109 110 109 111 108 110 112 107 108 113 108 112 113 30 29 35 30 35 114 114 35 37 115 114 37 32 116 34 34 116 117 34 117 36 33 28 38 33 38 118 119 33 118 119 120 33 121 37 36 121 115 37 122 36 117 122 121 36 116 123 117 123 122 117 123 124 122 33 125 32 33 120 125 32 126 116 116 126 123 32 125 126 124 127 122 127 121 122 127 115 121 124 128 127 127 129 115 129 130 115 115 130 114 129 131 130 132 133 134 132 134 135 136 137 138 136 138 139 140 137 136 140 141 137 142 141 140 142 143 141 144 145 146 144 146 147 148 146 145 148 149 146</p>
        </triangles>
      </mesh>
    </geometry>
  </library_geometries>
  <library_controllers>
    <controller id="Controller">
      <skin source="#Geometry">
        <bind_shape_matrix>1 0 0 0 0 1 0 0 0 0 1 0 0 0 0 1</bind_shape_matrix>
        <source id="Controller-joints">
          <Name_array id="Controller-joints-array" count="25">Bip01_R_Toe0 Bip01_R_Foot Bip01_R_Calf Bip01_R_Thigh Bip01_L_Toe0 Bip01_L_Foot Bip01_L_Calf Bip01_L_Thigh Bip01_R_Hand Bip01_R_Forearm Bip01_R_UpperArm Bip01_R_Clavicle Bip01_L_Hand Bip01_L_Forearm Bip01_L_UpperArm Bip01_L_Clavicle Bip01_HeadNub Bip01_Head Bip01_Neck Bip01_Spine1 Bip01_Spine Bip01_Pelvis Bip01 UpBodyRotate Role07</Name_array>
          <technique_common>
            <accessor source="#Controller-joints-array" count="25" stride="1">
              <param name="JOINT" type="Name"/>
            </accessor>
          </technique_common>
        </source>
        <source id="Controller-bind_poses">
          <float_array id="Controller-bind_poses-array" count="400">-0.000000 0.000000 1 -0.252968 0.000001 1 -0.000000 -0.001502 -1 0.000001 -0.000000 -0.208688 0 0 0 1 -0.000001 -1 0.000000 0.00466 -0.000000 0.000000 1 -0.112429 -1 0.000001 -0.000000 -0.208688 0 0 0 1 -0.039129 -0.999234 -0.000395 0.269082 0.009681 -0.000775 0.999953 -0.110399 -0.999187 0.039124 0.009704 -0.209792 0 0 0 1 -0.036507 -0.980395 0.193631 0.53362 0.017089 0.193119 0.981026 -0.160511 -0.999187 0.039124 0.009704 -0.209792 0 0 0 1 0.000000 0.000000 1 -0.252968 0.000001 1 -0.000000 -0.001502 -1 0.000001 0.000000 0.208686 0 0 0 1 -0.000001 -1 0.000000 0.00466 0.000000 0.000000 1 -0.112429 -1 0.000001 0.000000 0.208686 0 0 0 1 0.039126 -0.999234 -0.000395 0.269083 -0.009681 -0.000775 0.999953 -0.110399 -0.999187 -0.039121 -0.009704 0.20979 0 0 0 1 0.036504 -0.980395 0.193631 0.53362 -0.017088 0.193119 0.981026 -0.160511 -0.999187 -0.039121 -0.009704 0.20979 0 0 0 1 -0.85074 -0.5145 0.107379 -0.265413 0.505747 -0.856963 -0.099164 1.03046 0.14304 -0.030056 0.98926 0.102341 0 0 0 1 -0.85074 -0.5145 0.107379 -0.055676 -0.142637 0.029373 -0.989339 -0.10152 0.505861 -0.856987 -0.098376 1.03054 0 0 0 1 -0.860768 -0.508943 0.00741 0.259249 -0.056418 0.08093 -0.995122 -0.09541 0.505861 -0.856987 -0.098376 1.03054 0 0 0 1 -0.961353 -0.264286 -0.077162 0.227128 0.093639 -0.050308 -0.994334 0.084369 0.258907 -0.963131 0.073111 1.06337 0 0 0 1 0.85016 -0.515458 0.10738 -0.264798 -0.506712 -0.856393 -0.099165 1.03009 0.143075 0.029895 -0.98926 -0.102238 0 0 0 1 0.85016 -0.515458 0.10738 -0.055061 0.142671 0.029213 -0.989339 -0.101418 0.506825 0.856417 0.098377 -1.03018 0 0 0 1 0.860194 -0.509912 0.00741 0.259871 0.05651 0.080867 -0.995121 -0.09537 0.506825 0.856417 0.098377 -1.03018 0 0 0 1 0.961054 -0.265368 -0.077161 0.227823 -0.093695 -0.050202 -0.994334 0.0843 0.259991 0.962839 -0.07311 -1.06319 0 0 0 1 0.000562 1 -0.000564 -1.9539 -0.000002 0.000564 1 -0.055035 1 -0.000562 0.000003 0.000361 0 0 0 1 0.000562 1 -0.000564 -1.22999 -0.000002 0.000564 1 -0.055035 1 -0.000562 0.000003 0.000361 0 0 0 1 0.000562 0.999997 -0.002577 -1.16402 -0.000001 0.002577 0.999997 -0.057511 1 -0.000562 0.000003 0.000361 0 0 0 1 0.000562 0.998765 -0.049682 -0.850199 0.000024 0.049682 0.998765 -0.118962 1 -0.000562 0.000003 0.000361 0 0 0 1 0.000562 1 0.000233 -0.642601 -0.000003 -0.000233 1 -0.07658 1 -0.000562 0.000003 0.000361 0 0 0 1 0 1 0 -0.562364 0.000001 0 1 -0.056176 1 0 -0.000001 0 0 0 0 1 0 0 1 -0.056176 1 0 0 0 0 1 0 -0.562364 0 0 0 1 0 1 0 -0.642583 -0.000038 0 1 -0.07673 1 0 0.000038 -0.000002 0 0 0 1 1 0 0 0 0 1 0 0 0 0 1 0 0 0 0 1</float_array>
          <technique_common>
            <accessor source="#Controller-bind_poses-array" count="25" stride="16">
              <param name="TRANSFORM" type="float4x4"/>
            </accessor>
          </technique_common>
        </source>
        <source id="Controller-weights">
          <float_array id="Controller-weights-array" count="1">1</float_array>
          <technique_common>
            <accessor source="#Controller-weights-array" count="1" stride="1">
              <param name="WEIGHT" type="float"/>
            </accessor>
          </technique_common>
        </source>
        <joints>
          <input semantic="JOINT" source="#Controller-joints"/>
          <input semantic="INV_BIND_MATRIX" source="#Controller-bind_poses"/>
        </joints>
        <vertex_weights count="203">
          <input semantic="JOINT" source="#Controller-joints" offset="0"/>
          <input semantic="WEIGHT" source="#Controller-weights" offset="1"/>
          <vcount>1 1 1 1 1 1 1 1 1 1 1 1 1 1 1 1 1 1 1 1 1 1 1 1 1 1 1 1 1 1 1 1 1 1 1 1 1 1 1 1 1 1 1 1 1 1 1 1 1 1 1 1 1 1 1 1 1 1 1 1 1 1 1 1 1 1 1 1 1 1 1 1 1 1 1 1 1 1 1 1 1 1 1 1 1 1 1 1 1 1 1 1 1 1 1 1 1 1 1 1 1 1 1 1 1 1 1 1 1 1 1 1 1 1 1 1 1 1 1 1 1 1 1 1 1 1 1 1 1 1 1 1 1 1 1 1 1 1 1 1 1 1 1 1 1 1 1 1 1 1 1 1 1 1 1 1 1 1 1 1 1 1 1 1 1 1 1 1 1 1 1 1 1 1 1 1 1 1 1 1 1 1 1 1 1 1 1 1 1 1 1 1 1 1 1 1 1 1 1 1 1 1 1 </vcount>
          <v>17 0 17 0 17 0 17 0 17 0 17 0 17 0 17 0 17 0 17 0 17 0 17 0 17 0 17 0 17 0 17 0 17 0 17 0 17 0 17 0 17 0 17 0 17 0 17 0 17 0 17 0 17 0 17 0 17 0 17 0 17 0 17 0 17 0 17 0 17 0 17 0 17 0 17 0 17 0 17 0 17 0 17 0 17 0 17 0 17 0 17 0 17 0 17 0 17 0 17 0 17 0 17 0 17 0 17 0 17 0 17 0 17 0 17 0 17 0 17 0 17 0 17 0 17 0 17 0 17 0 17 0 17 0 17 0 17 0 17 0 17 0 17 0 17 0 17 0 17 0 17 0 17 0 17 0 17 0 17 0 17 0 17 0 17 0 17 0 17 0 17 0 17 0 17 0 17 0 17 0 17 0 17 0 17 0 17 0 17 0 17 0 17 0 17 0 17 0 17 0 17 0 17 0 17 0 17 0 17 0 17 0 17 0 17 0 17 0 17 0 17 0 17 0 17 0 17 0 17 0 17 0 17 0 17 0 17 0 17 0 17 0 17 0 17 0 17 0 17 0 17 0 17 0 17 0 17 0 17 0 17 0 17 0 17 0 17 0 17 0 17 0 17 0 17 0 17 0 17 0 17 0 17 0 17 0 17 0 17 0 17 0 17 0 17 0 17 0 17 0 17 0 17 0 17 0 17 0 17 0 17 0 17 0 17 0 17 0 17 0 17 0 17 0 17 0 17 0 17 0 17 0 17 0 17 0 17 0 17 0 17 0 17 0 17 0 17 0 17 0 17 0 17 0 17 0 17 0 17 0 17 0 17 0 17 0 17 0 17 0 17 0 17 0 17 0 17 0 17 0 17 0 17 0 17 0 17 0 17 0 17 0 17 0 17 0 17 0 17 0 17 0 17 0 17 0</v>
        </vertex_weights>
      </skin>
      <extra>
        <technique profile="FCOLLADA">
          <user_properties>SkinController</user_properties>
        </technique>
      </extra>
    </controller>
    <controller id="Controller1">
      <skin source="#Geometry1">
        <bind_shape_matrix>1 0 0 0 0 1 0 0 0 0 1 0 0 0 0 1</bind_shape_matrix>
        <source id="Controller1-joints">
          <Name_array id="Controller1-joints-array" count="25">Bip01_R_Toe0 Bip01_R_Foot Bip01_R_Calf Bip01_R_Thigh Bip01_L_Toe0 Bip01_L_Foot Bip01_L_Calf Bip01_L_Thigh Bip01_R_Hand Bip01_R_Forearm Bip01_R_UpperArm Bip01_R_Clavicle Bip01_L_Hand Bip01_L_Forearm Bip01_L_UpperArm Bip01_L_Clavicle Bip01_HeadNub Bip01_Head Bip01_Neck Bip01_Spine1 Bip01_Spine Bip01_Pelvis Bip01 UpBodyRotate Role07</Name_array>
          <technique_common>
            <accessor source="#Controller1-joints-array" count="25" stride="1">
              <param name="JOINT" type="Name"/>
            </accessor>
          </technique_common>
        </source>
        <source id="Controller1-bind_poses">
          <float_array id="Controller1-bind_poses-array" count="400">-0.000000 0.000000 1 -0.252968 0.000001 1 -0.000000 -0.001502 -1 0.000001 -0.000000 -0.208688 0 0 0 1 -0.000001 -1 0.000000 0.00466 -0.000000 0.000000 1 -0.112429 -1 0.000001 -0.000000 -0.208688 0 0 0 1 -0.039129 -0.999234 -0.000395 0.269082 0.009681 -0.000775 0.999953 -0.110399 -0.999187 0.039124 0.009704 -0.209792 0 0 0 1 -0.036507 -0.980395 0.193631 0.53362 0.017089 0.193119 0.981026 -0.160511 -0.999187 0.039124 0.009704 -0.209792 0 0 0 1 0.000000 0.000000 1 -0.252968 0.000001 1 -0.000000 -0.001502 -1 0.000001 0.000000 0.208686 0 0 0 1 -0.000001 -1 0.000000 0.00466 0.000000 0.000000 1 -0.112429 -1 0.000001 0.000000 0.208686 0 0 0 1 0.039126 -0.999234 -0.000395 0.269083 -0.009681 -0.000775 0.999953 -0.110399 -0.999187 -0.039121 -0.009704 0.20979 0 0 0 1 0.036504 -0.980395 0.193631 0.53362 -0.017088 0.193119 0.981026 -0.160511 -0.999187 -0.039121 -0.009704 0.20979 0 0 0 1 -0.85074 -0.5145 0.107379 -0.265413 0.505747 -0.856963 -0.099164 1.03046 0.14304 -0.030056 0.98926 0.102341 0 0 0 1 -0.85074 -0.5145 0.107379 -0.055676 -0.142637 0.029373 -0.989339 -0.10152 0.505861 -0.856987 -0.098376 1.03054 0 0 0 1 -0.860768 -0.508943 0.00741 0.259249 -0.056418 0.08093 -0.995122 -0.09541 0.505861 -0.856987 -0.098376 1.03054 0 0 0 1 -0.961353 -0.264286 -0.077162 0.227128 0.093639 -0.050308 -0.994334 0.084369 0.258907 -0.963131 0.073111 1.06337 0 0 0 1 0.85016 -0.515458 0.10738 -0.264798 -0.506712 -0.856393 -0.099165 1.03009 0.143075 0.029895 -0.98926 -0.102238 0 0 0 1 0.85016 -0.515458 0.10738 -0.055061 0.142671 0.029213 -0.989339 -0.101418 0.506825 0.856417 0.098377 -1.03018 0 0 0 1 0.860194 -0.509912 0.00741 0.259871 0.05651 0.080867 -0.995121 -0.09537 0.506825 0.856417 0.098377 -1.03018 0 0 0 1 0.961054 -0.265368 -0.077161 0.227823 -0.093695 -0.050202 -0.994334 0.0843 0.259991 0.962839 -0.07311 -1.06319 0 0 0 1 0.000562 1 -0.000564 -1.9539 -0.000002 0.000564 1 -0.055035 1 -0.000562 0.000003 0.000361 0 0 0 1 0.000562 1 -0.000564 -1.22999 -0.000002 0.000564 1 -0.055035 1 -0.000562 0.000003 0.000361 0 0 0 1 0.000562 0.999997 -0.002577 -1.16402 -0.000001 0.002577 0.999997 -0.057511 1 -0.000562 0.000003 0.000361 0 0 0 1 0.000562 0.998765 -0.049682 -0.850199 0.000024 0.049682 0.998765 -0.118962 1 -0.000562 0.000003 0.000361 0 0 0 1 0.000562 1 0.000233 -0.642601 -0.000003 -0.000233 1 -0.07658 1 -0.000562 0.000003 0.000361 0 0 0 1 0 1 0 -0.562364 0.000001 0 1 -0.056176 1 0 -0.000001 0 0 0 0 1 0 0 1 -0.056176 1 0 0 0 0 1 0 -0.562364 0 0 0 1 0 1 0 -0.642583 -0.000038 0 1 -0.07673 1 0 0.000038 -0.000002 0 0 0 1 1 0 0 0 0 1 0 0 0 0 1 0 0 0 0 1</float_array>
          <technique_common>
            <accessor source="#Controller1-bind_poses-array" count="25" stride="16">
              <param name="TRANSFORM" type="float4x4"/>
            </accessor>
          </technique_common>
        </source>
        <source id="Controller1-weights">
          <float_array id="Controller1-weights-array" count="145">1 0.25 0.75 0.5 0.5 0.5 0.5 0.5 0.5 0.5 0.5 0.25 0.75 0.25 0.75 0.25 0.75 0.5 0.5 0.5 0.5 0.25 0.75 0.5 0.5 0.5 0.5 0.75 0.25 0.75 0.25 0.5 0.5 0.5 0.5 0.5 0.5 0.5 0.5 0.25 0.75 0.25 0.75 0.5 0.5 0.5 0.5 0.5 0.5 0.5 0.5 0.25 0.75 0.25 0.75 0.25 0.75 0.5 0.5 0.25 0.75 0.5 0.5 0.5 0.5 0.75 0.25 0.75 0.25 0.5 0.5 0.5 0.5 0.5 0.5 0.5 0.5 0.25 0.75 0.5 0.5 0.5 0.5 0.5 0.5 0.5 0.5 0.5 0.5 0.75 0.25 0.25 0.75 0.25 0.75 0.25 0.75 0.25 0.75 0.5 0.5 0.75 0.25 0.5 0.5 0.5 0.5 0.5 0.5 0.5 0.5 0.5 0.5 0.5 0.5 0.5 0.5 0.5 0.5 0.5 0.5 0.75 0.25 0.25 0.75 0.25 0.75 0.25 0.75 0.25 0.75 0.75 0.25 0.5 0.5 0.5 0.5 0.5 0.5 0.5 0.5 0.5 0.5 0.5 0.5</float_array>
          <technique_common>
            <accessor source="#Controller1-weights-array" count="145" stride="1">
              <param name="WEIGHT" type="float"/>
            </accessor>
          </technique_common>
        </source>
        <joints>
          <input semantic="JOINT" source="#Controller1-joints"/>
          <input semantic="INV_BIND_MATRIX" source="#Controller1-bind_poses"/>
        </joints>
        <vertex_weights count="424">
          <input semantic="JOINT" source="#Controller1-joints" offset="0"/>
          <input semantic="WEIGHT" source="#Controller1-weights" offset="1"/>
          <vcount>1 1 1 1 1 1 1 1 1 1 1 1 1 1 1 1 1 1 1 1 1 1 1 1 1 1 1 1 1 1 1 1 1 1 1 1 1 1 1 1 1 1 1 2 1 1 1 2 2 1 1 2 2 1 1 1 2 2 1 1 1 2 1 1 1 1 2 2 1 2 1 1 2 2 1 2 2 1 1 1 1 1 1 1 1 1 1 1 1 1 1 1 1 1 1 1 1 1 1 1 1 1 1 1 1 1 1 1 1 1 1 1 1 1 1 1 1 1 1 1 1 1 1 1 1 1 1 1 1 1 1 1 1 1 1 2 2 1 1 1 2 2 1 1 1 1 1 1 1 1 1 1 1 1 1 2 1 1 1 1 1 1 1 1 1 1 1 1 1 1 1 1 1 1 1 1 1 1 1 1 1 1 1 1 1 1 1 1 1 1 1 1 1 1 1 1 1 1 1 1 1 2 1 2 1 2 1 2 2 1 1 2 2 1 1 1 2 1 1 2 2 1 1 2 2 1 1 2 2 1 1 1 1 1 1 1 1 1 1 1 1 1 1 1 1 1 1 1 1 1 1 1 1 1 1 1 1 1 1 1 1 1 1 1 1 1 1 1 1 1 1 1 1 1 1 1 1 1 1 1 2 2 1 2 2 1 1 1 1 1 1 1 1 1 1 1 1 1 1 1 1 2 1 1 1 1 1 1 1 1 1 1 1 1 1 1 1 1 1 1 1 1 1 1 1 1 1 1 1 1 1 1 1 1 1 1 1 1 1 1 1 1 1 1 1 1 1 1 1 1 1 1 1 1 1 1 1 1 1 1 1 1 1 1 1 1 1 1 1 1 1 1 1 1 2 2 1 1 2 2 1 2 1 2 2 2 2 2 2 2 1 1 2 1 2 1 1 2 2 2 2 1 2 2 1 2 1 2 2 2 2 2 2 2 1 1 2 1 2 1 1 2 2 2 </vcount>
          <v>14 0 14 0 14 0 14 0 14 0 14 0 14 0 14 0 14 0 14 0 14 0 14 0 14 0 14 0 14 0 14 0 14 0 13 0 13 0 13 0 13 0 13 0 13 0 13 0 13 0 13 0 13 0 13 0 13 0 13 0 13 0 13 0 13 0 19 0 19 0 19 0 19 0 19 0 19 0 19 0 19 0 19 0 19 0 14 1 19 2 19 0 19 0 19 0 20 3 19 4 20 5 19 6 19 0 19 0 20 7 19 8 20 9 19 10 19 0 19 0 19 0 14 11 19 12 14 13 19 14 19 0 19 0 19 0 14 15 19 16 19 0 19 0 19 0 19 0 20 17 19 18 20 19 19 20 19 0 14 21 19 22 5 0 5 0 7 23 6 24 7 25 6 26 5 0 7 27 6 28 7 29 6 30 5 0 5 0 5 0 5 0 5 0 5 0 5 0 21 0 21 0 21 0 21 0 21 0 21 0 21 0 21 0 21 0 21 0 21 0 21 0 21 0 21 0 21 0 21 0 21 0 21 0 21 0 21 0 21 0 21 0 21 0 21 0 21 0 21 0 21 0 21 0 21 0 21 0 21 0 21 0 21 0 21 0 21 0 21 0 21 0 21 0 21 0 21 0 21 0 21 0 21 0 21 0 21 0 21 0 21 0 21 0 21 0 21 0 12 0 12 31 13 32 12 33 13 34 12 0 12 0 12 0 12 35 13 36 12 37 13 38 12 0 12 0 12 0 12 0 12 0 12 0 6 0 6 0 6 0 6 0 6 0 6 0 19 0 14 39 19 40 19 0 19 0 19 0 19 0 19 0 19 0 10 0 10 0 10 0 10 0 10 0 10 0 10 0 10 0 10 0 10 0 10 0 10 0 10 0 10 0 10 0 10 0 10 0 9 0 9 0 9 0 9 0 9 0 9 0 9 0 9 0 9 0 9 0 9 0 9 0 9 0 9 0 9 0 9 0 19 0 19 0 19 0 19 0 19 0 19 0 10 41 19 42 19 0 20 43 19 44 19 0 20 45 19 46 19 0 20 47 19 48 20 49 19 50 19 0 19 0 10 51 19 52 10 53 19 54 19 0 19 0 19 0 10 55 19 56 19 0 19 0 20 57 19 58 10 59 19 60 19 0 1 0 3 61 2 62 3 63 2 64 1 0 1 0 3 65 2 66 3 67 2 68 1 0 1 0 1 0 1 0 1 0 1 0 1 0 21 0 21 0 21 0 21 0 21 0 21 0 21 0 21 0 21 0 21 0 21 0 21 0 21 0 21 0 21 0 21 0 21 0 21 0 21 0 21 0 21 0 21 0 21 0 21 0 21 0 21 0 21 0 21 0 21 0 21 0 21 0 21 0 21 0 21 0 21 0 21 0 21 0 21 0 21 0 21 0 21 0 21 0 8 0 8 0 8 69 9 70 8 71 9 72 8 0 8 73 9 74 8 75 9 76 8 0 8 0 8 0 8 0 8 0 8 0 8 0 2 0 2 0 2 0 2 0 2 0 2 0 19 0 19 0 19 0 10 77 19 78 19 0 19 0 19 0 19 0 14 0 14 0 14 0 14 0 14 0 14 0 14 0 14 0 14 0 14 0 14 0 14 0 14 0 14 0 14 0 14 0 14 0 14 0 14 0 14 0 14 0 14 0 14 0 14 0 14 0 14 0 14 0 14 0 14 0 14 0 14 0 14 0 14 0 14 0 10 0 10 0 10 0 10 0 10 0 10 0 10 0 10 0 10 0 10 0 10 0 10 0 10 0 10 0 10 0 10 0 10 0 10 0 10 0 10 0 10 0 10 0 10 0 10 0 10 0 10 0 10 0 10 0 10 0 10 0 10 0 10 0 10 0 10 0 20 79 19 80 20 81 19 82 19 0 19 0 20 83 19 84 20 85 19 86 5 0 7 87 6 88 5 0 7 89 6 90 7 91 6 92 7 93 6 94 7 95 6 96 7 97 6 98 7 99 6 100 7 101 6 102 5 0 5 0 12 103 13 104 12 0 12 105 13 106 12 0 12 0 12 107 13 108 12 109 13 110 12 111 13 112 20 113 19 114 19 0 20 115 19 116 20 117 19 118 1 0 3 119 2 120 1 0 3 121 2 122 3 123 2 124 3 125 2 126 3 127 2 128 3 129 2 130 3 131 2 132 3 133 2 134 1 0 1 0 8 135 9 136 8 0 8 137 9 138 8 0 8 0 8 139 9 140 8 141 9 142 8 143 9 144</v>
        </vertex_weights>
      </skin>
      <extra>
        <technique profile="FCOLLADA">
          <user_properties>SkinController</user_properties>
        </technique>
      </extra>
    </controller>
    <controller id="Controller2">
      <skin source="#Geometry2">
        <bind_shape_matrix>1 0 0 0 0 1 0 0 0 0 1 0 0 0 0 1</bind_shape_matrix>
        <source id="Controller2-joints">
          <Name_array id="Controller2-joints-array" count="25">Bip01_R_Toe0 Bip01_R_Foot Bip01_R_Calf Bip01_R_Thigh Bip01_L_Toe0 Bip01_L_Foot Bip01_L_Calf Bip01_L_Thigh Bip01_R_Hand Bip01_R_Forearm Bip01_R_UpperArm Bip01_R_Clavicle Bip01_L_Hand Bip01_L_Forearm Bip01_L_UpperArm Bip01_L_Clavicle Bip01_HeadNub Bip01_Head Bip01_Neck Bip01_Spine1 Bip01_Spine Bip01_Pelvis Bip01 UpBodyRotate Role07</Name_array>
          <technique_common>
            <accessor source="#Controller2-joints-array" count="25" stride="1">
              <param name="JOINT" type="Name"/>
            </accessor>
          </technique_common>
        </source>
        <source id="Controller2-bind_poses">
          <float_array id="Controller2-bind_poses-array" count="400">-0.000000 0.000000 1 -0.252968 0.000001 1 -0.000000 -0.001502 -1 0.000001 -0.000000 -0.208688 0 0 0 1 -0.000001 -1 0.000000 0.00466 -0.000000 0.000000 1 -0.112429 -1 0.000001 -0.000000 -0.208688 0 0 0 1 -0.039129 -0.999234 -0.000395 0.269082 0.009681 -0.000775 0.999953 -0.110399 -0.999187 0.039124 0.009704 -0.209792 0 0 0 1 -0.036507 -0.980395 0.193631 0.53362 0.017089 0.193119 0.981026 -0.160511 -0.999187 0.039124 0.009704 -0.209792 0 0 0 1 0.000000 0.000000 1 -0.252968 0.000001 1 -0.000000 -0.001502 -1 0.000001 0.000000 0.208686 0 0 0 1 -0.000001 -1 0.000000 0.00466 0.000000 0.000000 1 -0.112429 -1 0.000001 0.000000 0.208686 0 0 0 1 0.039126 -0.999234 -0.000395 0.269083 -0.009681 -0.000775 0.999953 -0.110399 -0.999187 -0.039121 -0.009704 0.20979 0 0 0 1 0.036504 -0.980395 0.193631 0.53362 -0.017088 0.193119 0.981026 -0.160511 -0.999187 -0.039121 -0.009704 0.20979 0 0 0 1 -0.85074 -0.5145 0.107379 -0.265413 0.505747 -0.856963 -0.099164 1.03046 0.14304 -0.030056 0.98926 0.102341 0 0 0 1 -0.85074 -0.5145 0.107379 -0.055676 -0.142637 0.029373 -0.989339 -0.10152 0.505861 -0.856987 -0.098376 1.03054 0 0 0 1 -0.860768 -0.508943 0.00741 0.259249 -0.056418 0.08093 -0.995122 -0.09541 0.505861 -0.856987 -0.098376 1.03054 0 0 0 1 -0.961353 -0.264286 -0.077162 0.227128 0.093639 -0.050308 -0.994334 0.084369 0.258907 -0.963131 0.073111 1.06337 0 0 0 1 0.85016 -0.515458 0.10738 -0.264798 -0.506712 -0.856393 -0.099165 1.03009 0.143075 0.029895 -0.98926 -0.102238 0 0 0 1 0.85016 -0.515458 0.10738 -0.055061 0.142671 0.029213 -0.989339 -0.101418 0.506825 0.856417 0.098377 -1.03018 0 0 0 1 0.860194 -0.509912 0.00741 0.259871 0.05651 0.080867 -0.995121 -0.09537 0.506825 0.856417 0.098377 -1.03018 0 0 0 1 0.961054 -0.265368 -0.077161 0.227823 -0.093695 -0.050202 -0.994334 0.0843 0.259991 0.962839 -0.07311 -1.06319 0 0 0 1 0.000562 1 -0.000564 -1.9539 -0.000002 0.000564 1 -0.055035 1 -0.000562 0.000003 0.000361 0 0 0 1 0.000562 1 -0.000564 -1.22999 -0.000002 0.000564 1 -0.055035 1 -0.000562 0.000003 0.000361 0 0 0 1 0.000562 0.999997 -0.002577 -1.16402 -0.000001 0.002577 0.999997 -0.057511 1 -0.000562 0.000003 0.000361 0 0 0 1 0.000562 0.998765 -0.049682 -0.850199 0.000024 0.049682 0.998765 -0.118962 1 -0.000562 0.000003 0.000361 0 0 0 1 0.000562 1 0.000233 -0.642601 -0.000003 -0.000233 1 -0.07658 1 -0.000562 0.000003 0.000361 0 0 0 1 0 1 0 -0.562364 0.000001 0 1 -0.056176 1 0 -0.000001 0 0 0 0 1 0 0 1 -0.056176 1 0 0 0 0 1 0 -0.562364 0 0 0 1 0 1 0 -0.642583 -0.000038 0 1 -0.07673 1 0 0.000038 -0.000002 0 0 0 1 1 0 0 0 0 1 0 0 0 0 1 0 0 0 0 1</float_array>
          <technique_common>
            <accessor source="#Controller2-bind_poses-array" count="25" stride="16">
              <param name="TRANSFORM" type="float4x4"/>
            </accessor>
          </technique_common>
        </source>
        <source id="Controller2-weights">
          <float_array id="Controller2-weights-array" count="245">1 0.25 0.75 0.5 0.5 0.5 0.5 0.75 0.25 0.75 0.25 0.25 0.75 0.75 0.25 0.25 0.75 0.5 0.5 0.5 0.5 0.75 0.25 0.75 0.25 0.692308 0.307692 0.2 0.8 0.5 0.5 0.5 0.5 0.2 0.8 0.2 0.8 0.5 0.5 0.1 0.099878 0.800122 0.5 0.5 0.75 0.25 0.75 0.25 0.5 0.5 0.5 0.5 0.5 0.5 0.2 0.8 0.2 0.8 0.5 0.5 0.5 0.5 0.5 0.5 0.2 0.8 0.5 0.5 0.5 0.5 0.25 0.75 0.25 0.75 0.25 0.75 0.5 0.5 0.1 0.099878 0.800122 0.25 0.75 0.25 0.75 0.5 0.5 0.5 0.5 0.5 0.5 0.75 0.25 0.75 0.25 0.25 0.75 0.5 0.5 0.5 0.5 0.5 0.5 0.5 0.5 0.5 0.5 0.5 0.5 0.75 0.25 0.25 0.75 0.5 0.5 0.5 0.5 0.5 0.5 0.75 0.25 0.5 0.5 0.25 0.75 0.5 0.5 0.2 0.8 0.2 0.8 0.5 0.5 0.5 0.5 0.2 0.8 0.5 0.5 0.2 0.8 0.5 0.5 0.5 0.5 0.75 0.25 0.75 0.25 0.5 0.5 0.5 0.5 0.5 0.5 0.2 0.8 0.5 0.5 0.5 0.5 0.2 0.8 0.5 0.5 0.5 0.5 0.25 0.75 0.25 0.75 0.25 0.75 0.5 0.5 0.25 0.75 0.692308 0.307692 0.25 0.75 0.25 0.75 0.5 0.5 0.5 0.5 0.5 0.5 0.75 0.25 0.25 0.75 0.5 0.5 0.5 0.5 0.5 0.5 0.5 0.5 0.5 0.5 0.5 0.5 0.692308 0.307692 0.25 0.75 0.5 0.5 0.5 0.5 0.5 0.5 0.75 0.25 0.5 0.5 0.25 0.75 0.5 0.5 0.2 0.8 0.2 0.8 0.5 0.5 0.5 0.5 0.5 0.5 0.1 0.099878 0.800122 0.1 0.099878 0.800122 0.5 0.5 0.5 0.5 0.5 0.5</float_array>
          <technique_common>
            <accessor source="#Controller2-weights-array" count="245" stride="1">
              <param name="WEIGHT" type="float"/>
            </accessor>
          </technique_common>
        </source>
        <joints>
          <input semantic="JOINT" source="#Controller2-joints"/>
          <input semantic="INV_BIND_MATRIX" source="#Controller2-bind_poses"/>
        </joints>
        <vertex_weights count="150">
          <input semantic="JOINT" source="#Controller2-joints" offset="0"/>
          <input semantic="WEIGHT" source="#Controller2-weights" offset="1"/>
          <vcount>1 1 1 1 1 1 1 1 1 1 1 1 1 1 1 1 1 1 2 1 2 2 2 1 2 1 2 2 1 1 2 1 2 2 2 1 2 1 2 2 2 2 2 2 2 3 2 2 2 2 2 2 2 2 2 2 2 2 2 2 2 2 2 2 3 2 2 2 2 2 2 2 1 2 2 2 2 2 2 2 2 1 2 2 2 2 2 2 2 2 2 2 2 2 2 2 2 2 2 2 2 2 2 2 2 2 2 2 2 2 2 2 2 2 2 2 2 2 2 2 2 2 2 2 2 2 2 2 2 2 1 1 2 2 2 2 2 2 2 2 2 2 2 2 2 3 3 2 2 2 </vcount>
          <v>19 0 19 0 17 0 17 0 19 0 19 0 17 0 17 0 19 0 19 0 17 0 17 0 19 0 19 0 17 0 17 0 10 0 19 0 10 1 19 2 10 0 10 3 9 4 10 5 9 6 10 7 9 8 10 0 10 9 9 10 10 0 10 11 19 12 10 13 19 14 14 0 14 0 14 15 19 16 19 0 14 17 13 18 14 19 13 20 14 21 13 22 14 0 14 23 13 24 14 0 14 25 19 26 3 27 21 28 20 29 19 30 20 31 19 32 20 33 21 34 3 35 21 36 20 37 19 38 7 39 3 40 21 41 3 42 21 43 3 44 21 45 3 46 21 47 2 48 3 49 2 50 3 51 2 52 3 53 3 54 21 55 20 56 21 57 20 58 19 59 20 60 19 61 20 62 19 63 3 64 21 65 3 66 21 67 3 68 21 69 2 70 3 71 2 72 3 73 2 74 3 75 3 76 21 77 7 78 3 79 21 80 10 81 9 82 10 83 9 84 10 85 9 86 8 87 9 88 8 89 9 90 10 91 19 92 10 93 9 94 19 0 10 95 9 96 8 97 9 98 8 99 9 100 8 101 9 102 8 103 9 104 10 105 9 106 8 107 9 108 10 109 19 110 19 0 2 111 3 112 2 113 3 114 3 115 21 116 3 117 21 118 3 119 21 120 2 121 3 122 2 123 3 124 3 125 21 126 3 127 21 128 3 129 21 130 20 131 19 132 20 133 19 134 7 135 21 136 20 137 19 138 7 139 21 140 20 141 19 142 7 143 21 144 7 145 21 146 7 147 21 148 6 149 7 150 6 151 7 152 6 153 7 154 7 155 21 156 20 157 19 158 20 159 19 160 7 161 21 162 7 163 21 164 7 165 21 166 6 167 7 168 6 169 7 170 6 171 7 172 7 173 21 174 14 175 19 176 14 177 19 178 14 179 13 180 14 181 13 182 14 183 13 184 12 185 13 186 12 187 13 188 14 189 13 190 14 191 13 192 12 193 13 194 12 195 13 196 12 197 13 198 12 199 13 200 14 201 13 202 12 203 13 204 14 205 19 206 19 0 19 0 6 207 7 208 7 209 21 210 7 211 21 212 6 213 7 214 7 215 21 216 7 217 21 218 6 219 7 220 6 221 7 222 7 223 21 224 7 225 21 226 20 227 19 228 20 229 19 230 3 231 21 232 7 233 3 234 21 235 7 236 3 237 21 238 3 239 21 240 7 241 21 242 7 243 21 244</v>
        </vertex_weights>
      </skin>
      <extra>
        <technique profile="FCOLLADA">
          <user_properties>SkinController</user_properties>
        </technique>
      </extra>
    </controller>
  </library_controllers>
  <library_visual_scenes>
    <visual_scene id="VisualSceneNode" name="rdmscene">
      <node id="VisualSceneNode1" name="Role07" sid="Role07" type="JOINT">
        <matrix>1 0 0 0 0 1 0 0 0 0 1 0 0 0 0 1</matrix>
        <node id="VisualSceneNode2" name="Bip01" sid="Bip01" type="JOINT">
          <matrix>0 1 0 0 0 0 1 0.562364 1 0 0 0.056176 0 0 0 1</matrix>
          <node id="VisualSceneNode3" name="Bip01_Pelvis" sid="Bip01_Pelvis" type="JOINT">
            <matrix>0 1 -0.000001 0 0 0.000001 1 0 1 0 0 0 0 0 0 1</matrix>
            <node id="VisualSceneNode4" name="Bip01_R_Thigh" sid="Bip01_R_Thigh" type="JOINT">
              <matrix>-0.980395 0.193119 0.039124 0.000000 0.193631 0.981026 0.009703 -0.000000 -0.036507 0.017088 -0.999187 -0.187397 0 0 0 1</matrix>
              <node id="VisualSceneNode5" name="Bip01_R_Calf" sid="Bip01_R_Calf" type="JOINT">
                <matrix>0.980996 0.194028 0 0.291072 -0.194028 0.980996 0 0 0 0 1 0 0 0 0 1</matrix>
                <node id="VisualSceneNode6" name="Bip01_R_Foot" sid="Bip01_R_Foot" type="JOINT">
                  <matrix>0.999234 -0.000395 0.039128 0.272547 0.000775 0.999953 -0.009682 0 -0.039122 0.009705 0.999187 0 0 0 0 1</matrix>
                  <node id="VisualSceneNode7" name="Bip01_R_Toe0" sid="Bip01_R_Toe0" type="JOINT">
                    <matrix>0 -1 0 0.003157 1 0 0 0.140539 0 0 1 0 0 0 0 1</matrix>
                  </node>
                </node>
              </node>
            </node>
            <node id="VisualSceneNode8" name="Bip01_L_Thigh" sid="Bip01_L_Thigh" type="JOINT">
              <matrix>-0.980395 0.193119 -0.039121 -0.000000 0.193631 0.981026 -0.009705 0.000000 0.036504 -0.01709 -0.999187 0.187397 0 0 0 1</matrix>
              <node id="VisualSceneNode9" name="Bip01_L_Calf" sid="Bip01_L_Calf" type="JOINT">
                <matrix>0.980996 0.194028 0 0.291072 -0.194028 0.980996 0 0 0 0 1 0 0 0 0 1</matrix>
                <node id="VisualSceneNode10" name="Bip01_L_Foot" sid="Bip01_L_Foot" type="JOINT">
                  <matrix>0.999234 -0.000395 -0.039128 0.272547 0.000775 0.999953 0.009682 0 0.039122 -0.009705 0.999187 0 0 0 0 1</matrix>
                  <node id="VisualSceneNode11" name="Bip01_L_Toe0" sid="Bip01_L_Toe0" type="JOINT">
                    <matrix>0 -1 0 0.003157 1 0 0 0.140539 0 0 1 0 0 0 0 1</matrix>
                  </node>
                </node>
              </node>
            </node>
          </node>
          <node id="VisualSceneNode12" name="UpBodyRotate" sid="UpBodyRotate" type="JOINT">
            <matrix>0 1 0.000038 0.020554 0 -0.000038 1 0 1 0 0 0.080219 0 0 0 1</matrix>
            <node id="VisualSceneNode13" name="Bip01_Spine" sid="Bip01_Spine" type="JOINT">
              <matrix>1 -0.000233 -0.000562 0 0.000233 1 -0.000034 0 0.000562 0.000034 1 0 0 0 0 1</matrix>
              <node id="VisualSceneNode14" name="Bip01_Spine1" sid="Bip01_Spine1" type="JOINT">
                <matrix>0.998753 0.049915 0.000000 0.212477 -0.049915 0.998753 0 -0.000204 -0.000000 0 1 0 0 0 0 1</matrix>
                <node id="VisualSceneNode15" name="Bip01_Neck" sid="Bip01_Neck" type="JOINT">
                  <matrix>0.99889 -0.047107 -0.000000 0.309822 0.047107 0.99889 0 -0.00668 0.000000 0 1 0 0 0 0 1</matrix>
                  <node id="VisualSceneNode16" name="Bip01_R_Clavicle" sid="Bip01_R_Clavicle" type="JOINT">
                    <matrix>-0.264627 -0.047692 -0.963171 -0.075684 -0.077841 -0.994461 0.070628 -0.031034 -0.961204 0.093664 0.259449 -0.065116 0 0 0 1</matrix>
                    <node id="VisualSceneNode17" name="Bip01_R_UpperArm" sid="Bip01_R_UpperArm" type="JOINT">
                      <matrix>0.961436 0.109635 -0.25223 0.248271 -0.062366 0.980129 0.188301 0 0.267863 -0.165309 0.949169 0 0 0 0 1</matrix>
                      <node id="VisualSceneNode18" name="Bip01_R_Forearm" sid="Bip01_R_Forearm" type="JOINT">
                        <matrix>0.994937 0.100497 0.000000 0.324846 -0.100497 0.994937 0 0 0 0 1 0 0 0 0 1</matrix>
                        <node id="VisualSceneNode19" name="Bip01_R_Hand" sid="Bip01_R_Hand" type="JOINT">
                          <matrix>1 0 0 0.209737 0 0.000796 -1 0 0.000000 1 0.000796 0 0 0 0 1</matrix>
                        </node>
                      </node>
                    </node>
                  </node>
                  <node id="VisualSceneNode20" name="Bip01_L_Clavicle" sid="Bip01_L_Clavicle" type="JOINT">
                    <matrix>-0.264627 -0.047691 0.963171 -0.075684 -0.077846 -0.99446 -0.070629 -0.031034 0.961203 -0.09367 0.259449 0.065115 0 0 0 1</matrix>
                    <node id="VisualSceneNode21" name="Bip01_L_UpperArm" sid="Bip01_L_UpperArm" type="JOINT">
                      <matrix>0.961436 0.109635 0.25223 0.248271 -0.062366 0.980129 -0.188301 0 -0.267863 0.165309 0.949169 0.000000 0 0 0 1</matrix>
                      <node id="VisualSceneNode22" name="Bip01_L_Forearm" sid="Bip01_L_Forearm" type="JOINT">
                        <matrix>0.994937 0.100497 -0.000000 0.324846 -0.100497 0.994937 0 0 0 0 1 -0.000000 0 0 0 1</matrix>
                        <node id="VisualSceneNode23" name="Bip01_L_Hand" sid="Bip01_L_Hand" type="JOINT">
                          <matrix>1 0 0 0.209737 0 0.000796 0.999999 0 -0.000000 -0.999999 0.000796 0 0 0 0 1</matrix>
                        </node>
                      </node>
                    </node>
                  </node>
                  <node id="VisualSceneNode24" name="Bip01_Head" sid="Bip01_Head" type="JOINT">
                    <matrix>0.999998 -0.002013 0 0.065856 0.002013 0.999998 0 0 0 0 1 0 0 0 0 1</matrix>
                    <node id="VisualSceneNode25" name="Bip01_HeadNub" sid="Bip01_HeadNub" type="JOINT">
                      <matrix>1 0 0 0.72391 0 1 0 0 0 0 1 0 0 0 0 1</matrix>
                    </node>
                  </node>
                </node>
              </node>
            </node>
          </node>
        </node>
      </node>
      <node id="VisualSceneNode26" name="helmet_007" type="NODE">
        <matrix>1 0 0 0 0 1 0 0 0 0 1 0 0 0 0 1</matrix>
        <instance_controller url="#Controller">
          <skeleton>#VisualSceneNode1</skeleton>
          <bind_material>
            <technique_common>
              <instance_material symbol="VisualMaterial0" target="#VisualMaterial"/>
            </technique_common>
          </bind_material>
        </instance_controller>
      </node>
      <node id="VisualSceneNode27" name="equip_007" type="NODE">
        <matrix>1 0 0 0 0 1 0 0 0 0 1 0 0 0 0 1</matrix>
        <instance_controller url="#Controller1">
          <skeleton>#VisualSceneNode1</skeleton>
          <bind_material>
            <technique_common>
              <instance_material symbol="VisualMaterial10" target="#VisualMaterial1"/>
            </technique_common>
          </bind_material>
        </instance_controller>
      </node>
      <node id="VisualSceneNode28" name="role_001" type="NODE">
        <matrix>1 0 0 0 0 1 0 0 0 0 1 0 0 0 0 1</matrix>
        <instance_controller url="#Controller2">
          <skeleton>#VisualSceneNode1</skeleton>
          <bind_material>
            <technique_common>
              <instance_material symbol="VisualMaterial20" target="#VisualMaterial2"/>
            </technique_common>
          </bind_material>
        </instance_controller>
      </node>
    </visual_scene>
  </library_visual_scenes>
  <scene>
    <instance_visual_scene url="#VisualSceneNode"/>
  </scene>
</COLLADA>
