g head
v -0.0457003154 -0.202593207 1.40078235
v -0.0457003154 -0.233294293 1.44379413
v -0 -0.233294293 1.44379413
v -0 -0.202593207 1.40078235
v -0.11314901 -0.175382152 1.47983909
v -0.102009274 -0.149642333 1.42921722
v -0 -0.302046001 1.63429785
v -0.0412602499 -0.302046001 1.63429785
v -0.122609712 -0.248537615 1.66900694
v -0.156909689 -0.13051641 1.56361973
v -0.159182504 -0.153244525 1.70906317
v -0.175128445 0.0143529773 1.73564076
v -0.169609711 0.0144222453 1.61099589
v -0.143335491 0.0144618303 1.49001896
v -0.134560928 -0.0864357725 1.46892381
v 0.0457003154 -0.202593207 1.40078235
v -0 -0.202593207 1.40078235
v -0 -0.233294293 1.44379413
v 0.0457003154 -0.233294293 1.44379413
v 0.11314901 -0.175382152 1.47983909
v 0.102009274 -0.149642333 1.42921722
v -0 -0.302046001 1.63429785
v 0.0412602499 -0.302046001 1.63429785
v 0.122609712 -0.248537615 1.66900694
v 0.156909689 -0.13051641 1.56361973
v 0.159182504 -0.153244525 1.70906317
v 0.175128445 0.0143529773 1.73564076
v 0.169609711 0.0144222453 1.61099589
v 0.143335491 0.0144618303 1.49001896
v 0.134560928 -0.0864357725 1.46892381
v -0.0279433634 -0.264302135 1.42140257
v -0 -0.264420927 1.42140913
v -0 -0.239185795 1.36431515
v -0.0331784151 -0.239245147 1.36432493
v -0.0331784151 -0.235540703 1.45215964
v -0 -0.23540546 1.45215642
v -0.0331784151 -0.235540703 1.45215964
v -0.0279433634 -0.264302135 1.42140257
v -0.0421377085 -0.204862714 1.38565445
v -0.0331784151 -0.239245147 1.36432493
v 0.0279433634 -0.264302135 1.42140257
v 0.0331784151 -0.239245147 1.36432493
v -0 -0.239185795 1.36431515
v -0 -0.264420927 1.42140913
v 0.0331784151 -0.235540703 1.45215964
v -0 -0.23540546 1.45215642
v 0.0331784151 -0.235540703 1.45215964
v 0.0421377085 -0.204862714 1.38565445
v 0.0279433634 -0.264302135 1.42140257
v 0.0331784151 -0.239245147 1.36432493
v -0.0286031049 -0.352483213 1.54454339
v -0.03607798 -0.354868174 1.55250311
v -0 -0.352483213 1.54454339
v -0.0303547177 -0.366268516 1.59058011
v -0 -0.371285886 1.60734081
v -0 -0.324764192 1.62213218
v -0 -0.371285886 1.60734081
v -0.0303547177 -0.366268516 1.59058011
v -0.0311134215 -0.319654495 1.60507464
v -0.0369026549 -0.308109015 1.5665127
v -0.03607798 -0.354868174 1.55250311
v -0.0286031049 -0.352483213 1.54454339
v -0.0289791562 -0.30548653 1.55775464
v -0 -0.30548653 1.55775464
v -0 -0.352483213 1.54454339
v 0.0286031049 -0.352483213 1.54454339
v -0 -0.352483213 1.54454339
v 0.03607798 -0.354868174 1.55250311
v 0.0303547177 -0.366268516 1.59058011
v -0 -0.371285886 1.60734081
v -0 -0.324764192 1.62213218
v 0.0311134215 -0.319654495 1.60507464
v 0.0303547177 -0.366268516 1.59058011
v -0 -0.371285886 1.60734081
v 0.0369026549 -0.308109015 1.5665127
v 0.03607798 -0.354868174 1.55250311
v 0.0286031049 -0.352483213 1.54454339
v 0.0289791562 -0.30548653 1.55775464
v -0 -0.30548653 1.55775464
v -0 -0.352483213 1.54454339
v -0.12081521 -0.239624515 1.64874625
v -0.104631744 -0.258206129 1.70622623
v -0.0752039626 -0.35389179 1.6622082
v -0.0867065638 -0.340901464 1.62077641
v -0.0434703864 -0.363398671 1.69263232
v -0.0604092553 -0.271806717 1.74830461
v -0 -0.366878808 1.70379186
v -0 -0.27678448 1.76370621
v -0.0749895424 -0.327914447 1.57947338
v -0.104631744 -0.221046194 1.59126294
v -0.0604092553 -0.207445607 1.54918456
v -0.0432559699 -0.318407565 1.54930663
v -0 -0.202467859 1.53378296
v -0 -0.314927459 1.54480982
v -0.0650010556 -0.355785251 1.65540302
v -0.0750555247 -0.34424305 1.61969447
v -0.0662215799 -0.365589023 1.6127969
v -0.0573513508 -0.375775427 1.64430285
v -0.0331124403 -0.383230507 1.66736734
v -0.0375261083 -0.364236534 1.68154526
v -0 -0.385958523 1.67580879
v -0 -0.367327452 1.69111156
v -0.0650010556 -0.332704157 1.58398592
v -0.0573513508 -0.355405897 1.58128762
v -0.0375261083 -0.324252874 1.55784702
v -0.0331124403 -0.347950816 1.55822313
v -0 -0.321161985 1.54827738
v -0 -0.345222771 1.54978168
v -0 -0.366713852 1.61243403
v -0.0662215799 -0.365589023 1.6127969
v -0.0573513508 -0.375775427 1.64430285
v -0.0331124403 -0.383230507 1.66736734
v -0 -0.385958523 1.67580879
v -0.0573513508 -0.355405897 1.58128762
v -0.0331124403 -0.347950816 1.55822313
v -0 -0.345222771 1.54978168
v 0.12081521 -0.239624515 1.64874625
v 0.0867065638 -0.340901464 1.62077641
v 0.0752039626 -0.35389179 1.6622082
v 0.104631744 -0.258206129 1.70622623
v 0.0434703864 -0.363398671 1.69263232
v 0.0604092553 -0.271806717 1.74830461
v -0 -0.366878808 1.70379186
v -0 -0.27678448 1.76370621
v 0.0749895424 -0.327914447 1.57947338
v 0.104631744 -0.221046194 1.59126294
v 0.0604092553 -0.207445607 1.54918456
v 0.0432559699 -0.318407565 1.54930663
v -0 -0.202467859 1.53378296
v -0 -0.314927459 1.54480982
v 0.0650010556 -0.355785251 1.65540302
v 0.0750555247 -0.34424305 1.61969447
v 0.0662215799 -0.365589023 1.6127969
v 0.0573513508 -0.375775427 1.64430285
v 0.0331124403 -0.383230507 1.66736734
v 0.0375261083 -0.364236534 1.68154526
v -0 -0.385958523 1.67580879
v -0 -0.367327452 1.69111156
v 0.0650010556 -0.332704157 1.58398592
v 0.0573513508 -0.355405897 1.58128762
v 0.0375261083 -0.324252874 1.55784702
v 0.0331124403 -0.347950816 1.55822313
v -0 -0.321161985 1.54827738
v -0 -0.345222771 1.54978168
v -0 -0.366713852 1.61243403
v 0.0573513508 -0.375775427 1.64430285
v 0.0662215799 -0.365589023 1.6127969
v 0.0331124403 -0.383230507 1.66736734
v -0 -0.385958523 1.67580879
v 0.0573513508 -0.355405897 1.58128762
v 0.0331124403 -0.347950816 1.55822313
v -0 -0.345222771 1.54978168
v -0.0926145464 -0.341877878 1.66118574
v -0.0993175209 -0.322267056 1.60893083
v -0.139677227 -0.243830368 1.59722042
v -0.125558749 -0.276570052 1.69346023
v -0.082306087 -0.301742494 1.75883079
v -0.0543462299 -0.360314369 1.71599376
v -0 -0.309194267 1.77837229
v -0 -0.3656286 1.73521519
v -0.127881035 -0.248969764 1.59045482
v -0.0954250544 -0.311569363 1.59966147
v -0.139677227 -0.243830368 1.59722042
v -0 -0.243688524 1.59679818
v -0.125558749 -0.276570052 1.69346023
v -0 -0.309194267 1.77837229
v -0.082306087 -0.301742494 1.75883079
v -0.127881035 -0.248969764 1.59045482
v -0 -0.248969764 1.59045482
v -0.0806567296 -0.348373055 1.65797603
v -0 -0.329966247 1.60935962
v -0.0872310549 -0.330061913 1.60960698
v -0.0462874845 -0.364292622 1.70541143
v -0 -0.369342953 1.72231412
v -0.0926145464 -0.341877878 1.66118574
v -0.0993175209 -0.322267056 1.60893083
v -0.0543462299 -0.360314369 1.71599376
v -0 -0.3656286 1.73521519
v -0 -0.319331229 1.60080278
v -0.0821708366 -0.319331229 1.60080278
v -0.0954250544 -0.311569363 1.59966147
v -0.0821708366 -0.319331229 1.60080278
v -0 -0.319331229 1.60080278
v -0 -0.248969764 1.59045482
v -0.127881035 -0.248969764 1.59045482
v -0.0954250544 -0.311569363 1.59966147
v 0.0926145464 -0.341877878 1.66118574
v 0.125558749 -0.276570052 1.69346023
v 0.139677227 -0.243830368 1.59722042
v 0.0993175209 -0.322267056 1.60893083
v 0.082306087 -0.301742494 1.75883079
v 0.0543462299 -0.360314369 1.71599376
v -0 -0.309194267 1.77837229
v -0 -0.3656286 1.73521519
v 0.127881035 -0.248969764 1.59045482
v 0.0954250544 -0.311569363 1.59966147
v 0.139677227 -0.243830368 1.59722042
v 0.125558749 -0.276570052 1.69346023
v -0 -0.243688524 1.59679818
v -0 -0.309194267 1.77837229
v 0.082306087 -0.301742494 1.75883079
v 0.127881035 -0.248969764 1.59045482
v -0 -0.248969764 1.59045482
v 0.0806567296 -0.348373055 1.65797603
v 0.0872310549 -0.330061913 1.60960698
v -0 -0.329966247 1.60935962
v 0.0462874845 -0.364292622 1.70541143
v -0 -0.369342953 1.72231412
v 0.0926145464 -0.341877878 1.66118574
v 0.0993175209 -0.322267056 1.60893083
v 0.0543462299 -0.360314369 1.71599376
v -0 -0.3656286 1.73521519
v -0 -0.319331229 1.60080278
v 0.0821708366 -0.319331229 1.60080278
v 0.0954250544 -0.311569363 1.59966147
v 0.0821708366 -0.319331229 1.60080278
v 0.127881035 -0.248969764 1.59045482
v -0 -0.248969764 1.59045482
v -0 -0.319331229 1.60080278
v 0.0954250544 -0.311569363 1.59966147
v -0.0662234426 -0.330619395 1.56583977
v -0.0816722214 -0.336652726 1.59159946
v -3.90706911E-11 -0.336656034 1.59159946
v -3.90706911E-11 -0.325631768 1.54452682
v -0.0389970504 -0.325635046 1.54453015
v -0.0374480039 -0.291189939 1.53622079
v -0.0570680946 -0.263546765 1.52928686
v -0.0389970504 -0.325635046 1.54453015
v -0.0939569101 -0.253799081 1.55116057
v -0.0662234426 -0.330619395 1.56583977
v -0.114914179 -0.240699887 1.57904458
v -0.0816722214 -0.336652726 1.59159946
v -3.90706911E-11 -0.325631768 1.54452682
v -3.90706911E-11 -0.291183323 1.53622079
v -0.0424007848 -0.263279557 1.52985418
v -0.0351939015 -0.28346765 1.53720367
v -0.0398827195 -0.26506415 1.53222263
v -3.90706911E-11 -0.283480823 1.5373224
v -3.90706911E-11 -0.264589131 1.53251302
v -0.0424007848 -0.263279557 1.52985418
v -3.90706911E-11 -0.241491571 1.57778442
v -0.0939569101 -0.253799081 1.55116057
v -0.0570680946 -0.263546765 1.52928686
v -0.114914179 -0.240699887 1.57904458
v -3.90706911E-11 -0.264589131 1.53251302
v -0.0398827195 -0.26506415 1.53222263
v -3.90706911E-11 -0.336656034 1.59159946
v -0.0816722214 -0.336652726 1.59159946
v -0.114914179 -0.240699887 1.57904458
v -3.90706911E-11 -0.241491571 1.57778442
v -3.90706911E-11 -0.241491571 1.57778442
v -0.0424007848 -0.263279557 1.52985418
v -0.0398827195 -0.26506415 1.53222263
v 0.0662234426 -0.330619395 1.56583977
v -3.90706911E-11 -0.336656034 1.59159946
v 0.0816722214 -0.336652726 1.59159946
v -3.90706911E-11 -0.325631768 1.54452682
v 0.0389970504 -0.325635046 1.54453015
v 0.0374480039 -0.291189939 1.53622079
v 0.0389970504 -0.325635046 1.54453015
v 0.0570680946 -0.263546765 1.52928686
v 0.0939569101 -0.253799081 1.55116057
v 0.0662234426 -0.330619395 1.56583977
v 0.114914179 -0.240699887 1.57904458
v 0.0816722214 -0.336652726 1.59159946
v -3.90706911E-11 -0.325631768 1.54452682
v -3.90706911E-11 -0.291183323 1.53622079
v 0.0424007848 -0.263279557 1.52985418
v 0.0351939015 -0.28346765 1.53720367
v 0.0398827195 -0.26506415 1.53222263
v -3.90706911E-11 -0.283480823 1.5373224
v -3.90706911E-11 -0.264589131 1.53251302
v 0.0424007848 -0.263279557 1.52985418
v 0.0570680946 -0.263546765 1.52928686
v 0.0939569101 -0.253799081 1.55116057
v -3.90706911E-11 -0.241491571 1.57778442
v 0.114914179 -0.240699887 1.57904458
v 0.0398827195 -0.26506415 1.53222263
v -3.90706911E-11 -0.264589131 1.53251302
v -3.90706911E-11 -0.336656034 1.59159946
v -3.90706911E-11 -0.241491571 1.57778442
v 0.114914179 -0.240699887 1.57904458
v 0.0816722214 -0.336652726 1.59159946
v -0.197810382 -0.146267757 1.686589
v -0.17837438 -0.169164091 1.74109697
v -0.138080657 -0.2810992 1.67235839
v -0.14799656 -0.269039094 1.64141321
v -0.184170201 -0.098469466 1.77098978
v -0.205080733 -0.0721787512 1.71342075
v -0.125944704 -0.295798212 1.63471019
v -0.117915645 -0.305565715 1.65977061
v -0.0681744143 -0.308072746 1.66309893
v -0.0665811375 -0.297688395 1.63641894
v -0.0651890859 -0.0716575533 1.71228266
v -0.197810382 -0.146267757 1.686589
v -0.14799656 -0.269039094 1.64141321
v -0.0651890859 -0.268577278 1.64023554
v -0.205080733 -0.0721787512 1.71342075
v -0.0665811375 -0.297688395 1.63641894
v -0.125944704 -0.295798212 1.63471019
v -0.0651659891 -0.0989906639 1.77212775
v -0.0651659891 -0.281557679 1.67353594
v -0.138080657 -0.2810992 1.67235839
v -0.17837438 -0.169164091 1.74109697
v -0.184170201 -0.098469466 1.77098978
v -0.0681744143 -0.308072746 1.66309893
v -0.117915645 -0.305565715 1.65977061
v -0.158476576 -0.185984209 1.77791047
v -0.119017415 -0.289517462 1.71764302
v -0.136903003 -0.278483301 1.67756701
v -0.175105363 -0.171826154 1.74262094
v -0.1803734 -0.103496701 1.76968682
v -0.161841244 -0.112762772 1.80329406
v -0.102111533 -0.310602814 1.69600356
v -0.116332263 -0.301264167 1.66291094
v -0.0730894879 -0.311724395 1.69816422
v -0.0703746527 -0.303405046 1.66690552
v -0.151598752 -0.0954907238 1.75567389
v -0.101847634 -0.271420777 1.66275585
v -0.129174143 -0.177226141 1.77091062
v -0.0894049034 -0.282438457 1.70809996
v -0.132868692 -0.10948056 1.79169571
v -0.115979299 -0.297411293 1.66027522
v -0.0695136935 -0.271015018 1.66912246
v -0.0959627405 -0.221841171 1.8153013
v -0.0588951483 -0.203516841 1.79693747
v -0.0598847605 -0.222345874 1.78169405
v -0.096609287 -0.234145358 1.80533922
v -0.101910308 -0.208138332 1.82058918
v -0.0679962859 -0.182550251 1.80502915
v -0.11285872 -0.196714908 1.81979084
v -0.0847504288 -0.165070385 1.80380535
v -0.125875428 -0.190628797 1.81311429
v -0.104668036 -0.155754834 1.79359257
v -0.137470379 -0.191509545 1.80235386
v -0.122415081 -0.157100707 1.77712536
v -0.14453952 -0.199119672 1.79039288
v -0.13323155 -0.168748453 1.75882089
v -0.145189375 -0.211423844 1.78043067
v -0.134221166 -0.187577486 1.74357748
v -0.139241785 -0.225126684 1.77514279
v -0.125120029 -0.208544075 1.73548579
v -0.103678413 -0.241755486 1.79337811
v -0.0707012266 -0.23399362 1.76338625
v -0.0884482786 -0.235342786 1.74692237
v -0.115276679 -0.242636234 1.78261769
v -0.108365878 -0.226027235 1.73670959
v -0.12829338 -0.236550108 1.77594113
v -0.125120029 -0.208544075 1.73548579
v -0.139241785 -0.225126684 1.77514279
v -0.096609287 -0.234145358 1.80533922
v -0.120574407 -0.216632515 1.79786432
v -0.0959627405 -0.221841171 1.8153013
v -0.101910308 -0.208138332 1.82058918
v -0.11285872 -0.196714908 1.81979084
v -0.125875428 -0.190628797 1.81311429
v -0.137470379 -0.191509545 1.80235386
v -0.14453952 -0.199119672 1.79039288
v -0.145189375 -0.211423844 1.78043067
v -0.139241785 -0.225126684 1.77514279
v -0.12829338 -0.236550108 1.77594113
v -0.115276679 -0.242636234 1.78261769
v -0.103678413 -0.241755486 1.79337811
v -0.0396405831 -0.316260099 1.78046036
v -0 -0.317084789 1.78086603
v -0 -0.317084789 1.69600689
v -0.0396405831 -0.316405267 1.69647527
v -0 -0.216609418 1.84843683
v -0.0396405831 -0.216365322 1.8476485
v -0 -0.21089606 1.84522057
v -0.0349894054 -0.2107905 1.84463346
v -0.0350388847 -0.200396255 1.8482753
v -0 -0.200498536 1.84886241
v -0 -0.19808057 1.8549782
v -0.0396405831 -0.19784306 1.85418653
v -0 -0.108490944 1.88216949
v -0.0396405831 -0.108490944 1.8813448
v -0.0396405831 -0.216365322 1.8476485
v -0.0396405831 -0.316260099 1.78046036
v -0.0396405831 -0.316405267 1.69647527
v -0.0404652581 -0.189061895 1.77511656
v -0.0349894054 -0.2107905 1.84463346
v -0.0355171971 -0.178367481 1.77854371
v -0.0350388847 -0.200396255 1.8482753
v -0.0355171971 -0.189061895 1.77511656
v -0.0404652581 -0.189061895 1.77511656
v -0.0355171971 -0.178367481 1.77854371
v -0.0404652581 -0.178367481 1.77854371
v -0.0396405831 -0.19784306 1.85418653
v -0.0404652581 -0.108490944 1.79659104
v -0.0396405831 -0.108490944 1.8813448
v 0.0396405831 -0.316260099 1.78046036
v 0.0396405831 -0.316405267 1.69647527
v -0 -0.317084789 1.69600689
v -0 -0.317084789 1.78086603
v -0 -0.216609418 1.84843683
v 0.0396405831 -0.216365322 1.8476485
v -0 -0.21089606 1.84522057
v 0.0349894054 -0.2107905 1.84463346
v 0.0350388847 -0.200396255 1.8482753
v -0 -0.200498536 1.84886241
v -0 -0.19808057 1.8549782
v 0.0396405831 -0.19784306 1.85418653
v -0 -0.108490944 1.88216949
v 0.0396405831 -0.108490944 1.8813448
v 0.0396405831 -0.216365322 1.8476485
v 0.0404652581 -0.189061895 1.77511656
v 0.0396405831 -0.316405267 1.69647527
v 0.0396405831 -0.316260099 1.78046036
v 0.0349894054 -0.2107905 1.84463346
v 0.0355171971 -0.178367481 1.77854371
v 0.0355171971 -0.189061895 1.77511656
v 0.0350388847 -0.200396255 1.8482753
v 0.0404652581 -0.189061895 1.77511656
v 0.0396405831 -0.19784306 1.85418653
v 0.0404652581 -0.178367481 1.77854371
v 0.0404652581 -0.108490944 1.79659104
v 0.0396405831 -0.108490944 1.8813448
v 0.0355171971 -0.178367481 1.77854371
v -0.0307340696 -0.197579175 1.83388615
v -0.0949764252 -0.190641984 1.8150177
v -0.0988458097 -0.0972951204 1.85162342
v -0.0307340696 -0.0980637223 1.86464012
v -0.153267905 -0.0963417888 1.80964077
v -0.145103604 -0.179871708 1.77801597
v -0.161983103 -0.0963417888 1.7737112
v -0.158341318 -0.173102751 1.75109518
v -0.0802081004 -0.267185211 1.76937675
v -0.0307340696 -0.275280237 1.79071617
v -0.122068718 -0.258694351 1.73692393
v -0.138423711 -0.250803828 1.71061671
v -0.0709387362 -0.300096452 1.74394703
v -0.0304569788 -0.307587802 1.76104414
v -0.103592649 -0.289002895 1.70623291
v -0.110945478 -0.281785309 1.68088222
v -0.0280687138 -0.111245364 1.89904559
v -0.0341977142 -0.0158302076 1.9203949
v -0 -0.0152529366 1.92082703
v -0 -0.111980975 1.89900279
v -0.0674750879 -0.119046807 1.86476886
v -0.0766092166 0.0203731209 1.87942493
v -0.0766092166 0.0203731209 1.84095538
v -0.0674750879 -0.119046807 1.82629919
v -0 -0.121501051 1.86451149
v -0.0674750879 -0.119046807 1.86476886
v -0.0280687138 -0.111245364 1.89904559
v -0 -0.111980975 1.89900279
v -0 -0.121501051 1.8260386
v -0.0674750879 -0.119046807 1.82629919
v -0 0.0228273571 1.87968552
v -0 -0.0152529366 1.92082703
v -0.0341977142 -0.0158302076 1.9203949
v -0.0766092166 0.0203731209 1.87942493
v -0 0.0228273571 1.84121275
v -0.0766092166 0.0203731209 1.84095538
v 0.0280687138 -0.111245364 1.89904559
v -0 -0.111980975 1.89900279
v -0 -0.0152529366 1.92082703
v 0.0341977142 -0.0158302076 1.9203949
v 0.0674750879 -0.119046807 1.86476886
v 0.0766092166 0.0203731209 1.87942493
v 0.0766092166 0.0203731209 1.84095538
v 0.0674750879 -0.119046807 1.82629919
v -0 -0.121501051 1.86451149
v -0 -0.111980975 1.89900279
v 0.0280687138 -0.111245364 1.89904559
v 0.0674750879 -0.119046807 1.86476886
v -0 -0.121501051 1.8260386
v 0.0674750879 -0.119046807 1.82629919
v -0 0.0228273571 1.87968552
v 0.0766092166 0.0203731209 1.87942493
v 0.0341977142 -0.0158302076 1.9203949
v -0 -0.0152529366 1.92082703
v -0 0.0228273571 1.84121275
v 0.0766092166 0.0203731209 1.84095538
v -0.0522515476 -0.0166416913 1.90404987
v -0 -0.0174366832 1.90389478
v -0 -0.0992941409 1.88969707
v -0 -0.10344062 1.88685036
v -0.0469934046 -0.103384539 1.88600254
v -0.147280753 -0.100943491 1.85819781
v -0.139172524 0.000293876976 1.87846828
v -0.162352547 -0.095744729 1.81962264
v -0.154346585 0.0114435144 1.82961774
v -0 0.00807883218 1.85065031
v -0.139172524 0.000293876976 1.87846828
v -0.154346585 0.0114435144 1.82961774
v -0 0.0114435144 1.82961774
v -0.0522515476 -0.0166416913 1.90404987
v -0 -0.0174366832 1.90389478
v -0 -0.108144574 1.81962264
v -0.162352547 -0.095744729 1.81962264
v -0.147280753 -0.100943491 1.85819781
v -0 -0.109958865 1.8346945
v -0 -0.10344062 1.88685036
v -0.0469934046 -0.103384539 1.88600254
v -0 -0.0174366832 1.90389478
v 0.0522515476 -0.0166416913 1.90404987
v 0.0469934046 -0.103384539 1.88600254
v -0 -0.10344062 1.88685036
v -0 -0.0992941409 1.88969707
v 0.139172524 0.000293876976 1.87846828
v 0.147280753 -0.100943491 1.85819781
v 0.154346585 0.0114435144 1.82961774
v 0.162352547 -0.095744729 1.81962264
v -0 0.00807883218 1.85065031
v -0 0.0114435144 1.82961774
v 0.154346585 0.0114435144 1.82961774
v 0.139172524 0.000293876976 1.87846828
v 0.0522515476 -0.0166416913 1.90404987
v -0 -0.0174366832 1.90389478
v -0 -0.108144574 1.81962264
v -0 -0.109958865 1.8346945
v 0.147280753 -0.100943491 1.85819781
v 0.162352547 -0.095744729 1.81962264
v -0 -0.10344062 1.88685036
v 0.0469934046 -0.103384539 1.88600254
v -0.173653916 -0.11141029 1.82981563
v -0.0926607326 -0.11141029 1.78890836
v -0.11593312 -0.124796458 1.74469912
v -0.196929619 -0.124796458 1.78560627
v -0.156616092 -0.0748342127 1.86217928
v -0.0756229013 -0.0748342127 1.82127202
v -0.15038155 -0.0248719715 1.87402487
v -0.0693850443 -0.0248719715 1.83312106
v -0.156616092 0.0250869766 1.86217928
v -0.0756229013 0.0250869766 1.82127202
v -0.173653916 0.0616630539 1.82981563
v -0.0926607326 0.0616630539 1.78890836
v -0.196929619 0.0750492215 1.78560627
v -0.11593312 0.0750492215 1.74469912
v -0.220201999 0.0616630539 1.74139702
v -0.139208809 0.0616630539 1.70048976
v -0.237239838 0.0250869766 1.70903349
v -0.156246632 0.0250869766 1.66812623
v -0.243477702 -0.0248719715 1.69718778
v -0.162481204 -0.0248719715 1.65628052
v -0.237239838 -0.0748342127 1.70903349
v -0.156246632 -0.0748342127 1.66812623
v -0.162481204 -0.0248719715 1.65628052
v -0.243477702 -0.0248719715 1.69718778
v -0.220201999 -0.11141029 1.74139702
v -0.139208809 -0.11141029 1.70048976
v -0.204506755 -0.115929529 1.78959453
v -0.183299363 -0.103730902 1.82988167
v -0.173653916 -0.11141029 1.82981563
v -0.196929619 -0.124796458 1.78560627
v -0.156616092 -0.0748342127 1.86217928
v -0.167772323 -0.0704007521 1.85937536
v -0.15038155 -0.0248719715 1.87402487
v -0.162088662 -0.0248719715 1.87016881
v -0.156616092 0.0250869766 1.86217928
v -0.167772323 0.0206535086 1.85937536
v -0.173653916 0.0616630539 1.82981563
v -0.183299363 0.0539836586 1.82988167
v -0.196929619 0.0750492215 1.78560627
v -0.204506755 0.0661822855 1.78959453
v -0.220201999 0.0616630539 1.74139702
v -0.22571744 0.0539836586 1.74930739
v -0.237239838 0.0250869766 1.70903349
v -0.241241172 0.0206568092 1.7198168
v -0.243477702 -0.0248719715 1.69718778
v -0.246924847 -0.0248719715 1.70902359
v -0.237239838 -0.0748342127 1.70903349
v -0.241241172 -0.0704007521 1.7198168
v -0.220201999 -0.11141029 1.74139702
v -0.22571744 -0.103730902 1.74930739
v -0.183601186 0.0200086087 1.82931089
v -0.175948173 -0.0413011909 1.8438468
v -0.196855396 -0.0861834213 1.80413187
v -0.23306863 -0.00844439864 1.73534393
v -0.212159753 0.0364361778 1.77505875
v -0.225415617 -0.0697558522 1.74988139
v -0.237170577 -0.0576710328 1.81672144
v -0.225984633 -0.0336613804 1.83796668
v -0.24535796 0.00792379305 1.80116796
v -0.230079979 -0.000863969326 1.83019006
v -0.256542236 -0.0160842091 1.77992439
v -0.252448529 -0.0488832742 1.78769946
v -0.242399022 -0.0248719715 1.80954504
v -0.188494816 0.0442788601 1.51137161
v -0.192525834 -0.0138212964 1.60954106
v -0.175992712 -0.113590747 1.58020902
v -0.165364265 -0.0453338623 1.47837126
v -0.157872915 -0.149124444 1.55092633
v -0.135042548 -0.165311202 1.47728598
v -0.134557635 -0.0848227069 1.41838098
v -0.102880128 -0.0871219039 1.38870251
v -0.0834936202 -0.181497961 1.38925004
v -0.139047176 -0.106884465 1.58711314
v -0.12189059 -0.140778691 1.5600208
v -0.157872915 -0.149124444 1.55092633
v -0.175992712 -0.113590747 1.58020902
v -0.0995517299 -0.156530038 1.48754489
v -0.135042548 -0.165311202 1.47728598
v -0.0496554635 -0.174501404 1.40442395
v -0.0834936202 -0.181497961 1.38925004
v -0.192525834 -0.0138212964 1.60954106
v -0.154979944 -0.00963193551 1.61570644
v -0.199350879 -0.0235129036 1.53609204
v -0.207162201 -0.0189474914 1.52436185
v -0.213221937 0.0347192064 1.54734063
v -0.204546332 0.0298107192 1.5604794
v -0.188105583 0.0311599001 1.5604794
v -0.184625432 -0.0217019115 1.53637242
v -0.189022601 0.0423227251 1.53419852
v -0.185506195 -0.0107238106 1.51309335
v -0.200267911 -0.0125545897 1.51285589
v -0.205460072 0.040973559 1.53419852
v -0.185506195 -0.0107238106 1.51309335
v -0.189022601 0.0423227251 1.53419852
v -0.176599681 -0.101514168 1.47078753
v -0.1683397 -0.109071508 1.4790144
v -0.163902938 -0.110618606 1.46603739
v -0.172186002 -0.103196517 1.45760584
v -0.152070478 -0.105571583 1.46899295
v -0.156230152 -0.104235604 1.48131037
v -0.172750071 -0.0891242176 1.46485305
v -0.168639883 -0.0907273963 1.4521333
v -0.160643831 -0.084288314 1.46714902
v -0.156807423 -0.0856803656 1.45509231
v -0.161174923 -0.128850579 1.43928146
v -0.152552083 -0.135187387 1.45174074
v -0.149843842 -0.140791893 1.42595148
v -0.142190844 -0.149418026 1.43764198
v -0.12653847 -0.140716016 1.44247127
v -0.138196111 -0.12855038 1.45601249
v -0.145773232 -0.128791183 1.42015564
v -0.155458242 -0.115652435 1.43092263
v -0.134808332 -0.12322627 1.42391944
v -0.140904352 -0.108827405 1.43519437
v -0.141643256 -0.145690471 1.41267073
v -0.133244738 -0.156015426 1.42228997
v -0.117516503 -0.147884116 1.42781198
v -0.127043173 -0.127653152 1.41303039
v -0.12653847 -0.140716016 1.44247127
v -0.117516503 -0.147884116 1.42781198
v -0.138087243 -0.132762834 1.40887737
v -0.138196111 -0.12855038 1.45601249
v -0.140904352 -0.108827405 1.43519437
v -0.12653847 -0.140716016 1.44247127
v -0.138196111 -0.12855038 1.45601249
v -0.152070478 -0.105571583 1.46899295
v -0.156807423 -0.0856803656 1.45509231
v -0.156807423 -0.0856803656 1.45509231
v -0.152070478 -0.105571583 1.46899295
v -0.156230152 -0.104235604 1.48131037
v -0.156230152 -0.104235604 1.48131037
v -0.160643831 -0.084288314 1.46714902
v -0.160643831 -0.084288314 1.46714902
v -0.185506195 -0.0107238106 1.51309335
v -0.13010107 -0.169718266 1.37265754
v -0.135979369 -0.173528284 1.39464021
v -0.08044561 -0.157562524 1.41398048
v -0.0737327337 -0.153214842 1.38888049
v -0.145601705 -0.166238144 1.41430032
v -0.0914336145 -0.149239898 1.43642819
v -0.156388491 -0.149800658 1.42637372
v -0.103747696 -0.130470231 1.45021009
v -0.165446743 -0.128619671 1.42762053
v -0.114092439 -0.106284112 1.45163524
v -0.170355216 -0.108368888 1.41771126
v -0.119693652 -0.0831667557 1.44032073
v -0.169791147 -0.0944813192 1.39929783
v -0.119053699 -0.0673065633 1.41929793
v -0.163912833 -0.0906713158 1.37731528
v -0.112337522 -0.0629555658 1.39419806
v -0.154290512 -0.097961463 1.35765505
v -0.101352826 -0.0712815076 1.37175035
v -0.143503726 -0.114398926 1.34558499
v -0.0890354514 -0.0900511593 1.35796833
v -0.13444218 -0.135579944 1.34433484
v -0.0786907002 -0.114233993 1.3565433
v -0.0890354514 -0.0900511593 1.35796833
v -0.143503726 -0.114398926 1.34558499
v -0.129536986 -0.155830711 1.35424733
v -0.0730894879 -0.137354642 1.36785793
v -0.152096853 -0.16311425 1.38776886
v -0.135979369 -0.173528284 1.39464021
v -0.13010107 -0.169718266 1.37265754
v -0.148336336 -0.160679817 1.37371302
v -0.158252254 -0.158453181 1.40034354
v -0.145601705 -0.166238144 1.41430032
v -0.165149853 -0.147940204 1.40806258
v -0.156388491 -0.149800658 1.42637372
v -0.170942381 -0.134392411 1.4088608
v -0.165446743 -0.128619671 1.42762053
v -0.174079463 -0.12144497 1.40252399
v -0.170355216 -0.108368888 1.41771126
v -0.173719913 -0.112561546 1.39074767
v -0.169791147 -0.0944813192 1.39929783
v -0.169959366 -0.110123806 1.3766886
v -0.163912833 -0.0906713158 1.37731528
v -0.163807273 -0.114788175 1.36411715
v -0.154290512 -0.097961463 1.35765505
v -0.156909689 -0.125301152 1.35639811
v -0.143503726 -0.114398926 1.34558499
v -0.151113838 -0.138845652 1.35559988
v -0.13444218 -0.135579944 1.34433484
v -0.129536986 -0.155830711 1.35424733
v -0.147976771 -0.151796401 1.36193669
v -0.161029771 -0.136619031 1.3822304
v -0.227267832 -0.0274251718 1.50001073
v -0.201485127 -0.0857067555 1.45789611
v -0.202451661 -0.0579382293 1.4028703
v -0.230170712 -0.00199542567 1.44438469
v -0.135695681 0.00240835175 1.52680945
v -0.106142551 -0.0923437625 1.47417521
v -0.0961078852 -0.056767188 1.39357793
v -0.130632162 0.0356428474 1.44634402
v -0.130632162 0.0356428474 1.44634402
v -0.135695681 0.00240835175 1.52680945
v -0.227267832 -0.0274251718 1.50001073
v -0.230170712 -0.00199542567 1.44438469
v -0.202451661 -0.0579382293 1.4028703
v -0.201485127 -0.0857067555 1.45789611
v -0.106142551 -0.0923437625 1.47417521
v -0.0961078852 -0.056767188 1.39357793
v -0.115530677 -0.15942961 1.3563751
v -0.115913332 -0.172109842 1.39941335
v -0.0791327283 -0.217787057 1.36812508
v -0.078684099 -0.205169499 1.32488239
v -0.121738851 -0.125495791 1.34578943
v -0.078684099 -0.179007441 1.30985343
v -0.114831358 -0.168976068 1.40542698
v -0.0764508769 -0.217120722 1.37227809
v -0.0760022476 -0.17443873 1.30909133
v -0.12181472 -0.116539791 1.34761691
v -0.114343144 -0.155438155 1.3590008
v -0.0764508769 -0.217120722 1.37227809
v -0.114831358 -0.168976068 1.40542698
v -0.0929279253 -0.156147391 1.41337347
v -0.0545474477 -0.204292044 1.38022482
v -0.0125845745 -0.156147391 1.4155308
v -0 -0.204292044 1.38238537
v -0.055471085 -0.161385745 1.31583059
v -0.101283558 -0.103486806 1.35435629
v -0.12181472 -0.116539791 1.34761691
v -0.0760022476 -0.17443873 1.30909133
v -0.012591172 -0.103486806 1.35435629
v -0 -0.161385745 1.31583059
v -0.0929279253 -0.156147391 1.41337347
v -0.114831358 -0.168976068 1.40542698
v -0.114343144 -0.155438155 1.3590008
v -0.0923869386 -0.142642468 1.36683524
v -0.101283558 -0.103486806 1.35435629
v -0.12181472 -0.116539791 1.34761691
v -0.0388324 -0.259997338 1.35233414
v -0 -0.260050118 1.35254526
v -0 -0.251120508 1.3024379
v -0.0304272901 -0.251120508 1.3024379
v -0.0363814607 -0.246799201 1.37508535
v -0 -0.246799201 1.37508535
v -0.0257035401 -0.215108499 1.28175163
v -0 -0.215108514 1.28175163
v -0.065344125 -0.175870374 1.42236245
v -0 -0.175870374 1.42236245
v -0.065344125 -0.175870374 1.42236245
v -0.0363814607 -0.246799201 1.37508535
v -0.0388324 -0.259997338 1.35233414
v -0.0623752847 -0.203015432 1.38763034
v -0.0304272901 -0.251120508 1.3024379
v -0.0633517057 -0.188326299 1.33485103
v -0.0537326708 -0.167306915 1.37067175
v -0.0633517057 -0.152314276 1.31416476
v -0.0257035401 -0.215108499 1.28175163
v -0.0537326708 -0.131291628 1.34998214
v -0 -0.152314276 1.31416476
v -0.0633517057 -0.152314276 1.31416476
v -0.0257035401 -0.215108499 1.28175163
v -0 -0.215108514 1.28175163
v -0 -0.131291628 1.34998214
v -0.0537326708 -0.131291628 1.34998214
v 0.0388324 -0.259997338 1.35233414
v 0.0304272901 -0.251120508 1.3024379
v -0 -0.251120508 1.3024379
v -0 -0.260050118 1.35254526
v 0.0363814607 -0.246799201 1.37508535
v -0 -0.246799201 1.37508535
v 0.0257035401 -0.215108499 1.28175163
v -0 -0.215108514 1.28175163
v 0.065344125 -0.175870374 1.42236245
v -0 -0.175870374 1.42236245
v 0.065344125 -0.175870374 1.42236245
v 0.0623752847 -0.203015432 1.38763034
v 0.0388324 -0.259997338 1.35233414
v 0.0363814607 -0.246799201 1.37508535
v 0.0304272901 -0.251120508 1.3024379
v 0.0633517057 -0.188326299 1.33485103
v 0.0537326708 -0.167306915 1.37067175
v 0.0633517057 -0.152314276 1.31416476
v 0.0257035401 -0.215108499 1.28175163
v 0.0537326708 -0.131291628 1.34998214
v -0 -0.152314276 1.31416476
v -0 -0.215108514 1.28175163
v 0.0257035401 -0.215108499 1.28175163
v 0.0633517057 -0.152314276 1.31416476
v -0 -0.131291628 1.34998214
v 0.0537326708 -0.131291628 1.34998214
v -0.216111615 0.0970911831 1.49644148
v -0.223880067 0.084120661 1.54044628
v -0.223368764 -0.0157708339 1.50215828
v -0.22538428 0.00401812047 1.45490086
v -0.192014545 -0.0678013712 1.40378737
v -0.190711558 -0.0889922678 1.44878519
v -0.166416556 -0.110097408 1.43415213
v -0.16230306 -0.0890351534 1.39136112
v -0.158166483 -0.123592429 1.42430866
v -0.150873035 -0.104212508 1.38160682
v -0.194590837 0.146218866 1.56226718
v -0.187492013 0.158368006 1.51801503
v -0.134432286 0.218371481 1.5390048
v -0.141323283 0.206380725 1.58330977
v -0.093594268 0.223309666 1.59297836
v -0.108695753 0.219727278 1.53978992
v -0.114382729 0.169174582 1.57969439
v -0.194590837 0.146218866 1.56226718
v -0.141323283 0.206380725 1.58330977
v -0.093594268 0.223309666 1.59297836
v -0.157087818 0.119472921 1.56226718
v -0.169919789 0.0565500557 1.54429924
v -0.223880067 0.084120661 1.54044628
v -0.223368764 -0.0157708339 1.50215828
v -0.148728877 -0.00907775387 1.5176127
v -0.190711558 -0.0889922678 1.44878519
v -0.166416556 -0.110097408 1.43415213
v -0.103866443 -0.101378933 1.45467329
v -0.158166483 -0.123592429 1.42430866
v -0.064159885 0.20226723 1.59300137
v -0.0978759825 0.158955172 1.51513529
v -0.134432286 0.218371481 1.5390048
v -0.187492013 0.158368006 1.51801503
v -0.108695753 0.219727278 1.53978992
v -0.127528086 0.124444082 1.50303566
v -0.144687966 0.0659282878 1.48424625
v -0.216111615 0.0970911831 1.49644148
v -0.22538428 0.00401812047 1.45490086
v -0.144734144 0.00401812047 1.45490086
v -0.192014545 -0.0678013712 1.40378737
v -0.101102121 -0.0694639161 1.40260649
v -0.16230306 -0.0890351534 1.39136112
v -0.0702229068 -0.104212508 1.38160682
v -0.150873035 -0.104212508 1.38160682
v -0.0752633363 0.183025852 1.52372849
v -0.064159885 0.20226723 1.59300137
v -0.093594268 0.223309666 1.59297836
v -0.108695753 0.219727278 1.53978992
v -0.0752633363 0.183025852 1.52372849
v -0.150902733 0.158955172 1.5675782
v -0.160297453 0.150616035 1.61692357
v -0.216814235 0.058747001 1.58335912
v -0.207310647 0.0691907033 1.53854954
v -0.0807391927 0.218048215 1.58790493
v -0.0846382678 0.216520965 1.64023888
v -0.224028513 0.0470134914 1.63834214
v -0.163160726 0.138628528 1.66746318
v -0.0885538384 0.201746017 1.6895479
v -0.200152442 0.0336438194 1.70730162
v -0.150101155 0.125258863 1.74010074
v -0.0754942521 0.188376352 1.76417136
v -0.248871088 -0.0476066731 1.65369105
v -0.248871088 0.0485737771 1.67591441
v -0.214802027 0.034791775 1.72193789
v -0.214802027 -0.0540028699 1.70077348
v -0.212915167 0.077374801 1.52626526
v -0.21270074 -0.000507708639 1.49715078
v -0.150972009 0.0745049343 1.53792274
v -0.159584939 0.0465318784 1.69183731
v -0.248871088 0.0485737771 1.67591441
v -0.212915167 0.077374801 1.52626526
v -0.214802027 0.034791775 1.72193789
v -0.248871088 -0.0476066731 1.65369105
v -0.150757581 -0.0033775866 1.50880837
v -0.21270074 -0.000507708639 1.49715078
v -0.159584939 -0.0496485718 1.6696105
v -0.214802027 -0.0540028699 1.70077348
v -0.0499457493 0.195847929 1.76096499
v -0.0351312496 0.271563202 1.75184083
v -0 0.269996315 1.7611233
v -0 0.193555325 1.77566075
v -0.0857235491 0.202112168 1.72610426
v -0.0608512796 0.275841624 1.72648036
v -0.0969028696 0.210665733 1.67685127
v -0.0702624992 0.281686932 1.69184053
v -0.0608512796 0.28753224 1.65719748
v -0.0849387497 0.219222575 1.62614024
v -0.0375063196 0.266984582 1.62764776
v -0.0520008467 0.224282831 1.58913207
v -0.0520008467 0.272120655 1.59720385
v -0.0506219864 0.259430528 1.58207273
v -0.0506219864 0.226413786 1.57650125
v -0.0475541838 0.256306678 1.55160916
v -0.0475541838 0.231325537 1.54739344
v -0.0475541838 0.256306678 1.55160916
v -0.0470758714 0.232090861 1.54285109
v -0.0470758714 0.262072802 1.54791129
v -0.0470758714 0.234258115 1.53001249
v -0.0470758714 0.264236778 1.53507268
v -0.0520008467 0.272120655 1.59720385
v -0 0.272120655 1.59720385
v -0 0.266984582 1.62764776
v -0.0375063196 0.266984582 1.62764776
v -0.0506219864 0.259430528 1.58207273
v -0 0.259400874 1.5822475
v -0.0608512796 0.28753224 1.65719748
v -0 0.28753224 1.65719748
v -0 0.281716615 1.69165909
v -0.0702624992 0.281686932 1.69184053
v -0 0.255528182 1.55623066
v -0.0475541838 0.256306678 1.55160916
v -0.0470758714 0.262072802 1.54791129
v -0 0.261175573 1.5532223
v -0 0.26333952 1.54038692
v -0.0470758714 0.264236778 1.53507268
v -0.0608512796 0.275841624 1.72648036
v -0 0.27584824 1.72645724
v -0.0351312496 0.271563202 1.75184083
v -0 0.269996315 1.7611233
v -0 0.26333952 1.54038692
v -0.0470758714 0.264236778 1.53507268
v -0.0470758714 0.234258115 1.53001249
v -0 0.233347654 1.53444266
v 0.0499457493 0.195847929 1.76096499
v -0 0.193555325 1.77566075
v -0 0.269996315 1.7611233
v 0.0351312496 0.271563202 1.75184083
v 0.0857235491 0.202112168 1.72610426
v 0.0608512796 0.275841624 1.72648036
v 0.0969028696 0.210665733 1.67685127
v 0.0702624992 0.281686932 1.69184053
v 0.0608512796 0.28753224 1.65719748
v 0.0840121135 0.219222575 1.62614024
v 0.0375063196 0.266984582 1.62764776
v 0.0520008467 0.224282831 1.58913207
v 0.0520008467 0.272120655 1.59720385
v 0.0506219864 0.259430528 1.58207273
v 0.0506219864 0.226413786 1.57650125
v 0.0475541838 0.256306678 1.55160916
v 0.0475541838 0.231325537 1.54739344
v 0.0470758714 0.232090861 1.54285109
v 0.0470758714 0.262072802 1.54791129
v 0.0470758714 0.234258115 1.53001249
v 0.0470758714 0.264236778 1.53507268
v 0.0520008467 0.272120655 1.59720385
v 0.0375063196 0.266984582 1.62764776
v -0 0.266984582 1.62764776
v -0 0.272120655 1.59720385
v 0.0506219864 0.259430528 1.58207273
v -0 0.259400874 1.5822475
v 0.0608512796 0.28753224 1.65719748
v -0 0.28753224 1.65719748
v -0 0.281716615 1.69165909
v 0.0702624992 0.281686932 1.69184053
v -0 0.255528182 1.55623066
v 0.0475541838 0.256306678 1.55160916
v 0.0470758714 0.262072802 1.54791129
v -0 0.261175573 1.5532223
v -0 0.26333952 1.54038692
v 0.0470758714 0.264236778 1.53507268
v 0.0608512796 0.275841624 1.72648036
v -0 0.27584824 1.72645724
v 0.0351312496 0.271563202 1.75184083
v -0 0.269996315 1.7611233
v -0 0.26333952 1.54038692
v -0 0.233347654 1.53444266
v 0.0470758714 0.234258115 1.53001249
v 0.0470758714 0.264236778 1.53507268
v -0.040554326 0.262666583 1.75745845
v -0 0.26082921 1.76811671
v -0 0.169920087 1.78372276
v -0.0553919189 0.1724139 1.76914585
v -0.0959297493 0.179186165 1.72915554
v -0.070229508 0.267647654 1.72818565
v -0.107775412 0.186489493 1.68571162
v -0.0809800029 0.27426815 1.68875957
v -0.103378236 0.191681668 1.65464771
v -0.0753128156 0.2805489 1.65162265
v -0 0.186123341 1.65570319
v -0 0.272295505 1.65287948
v -0.0753128156 0.2805489 1.65162265
v -0.103378236 0.191681668 1.65464771
v -0 0.277995676 1.65263212
v -0 0.26082921 1.76811671
v -0.040554326 0.262666583 1.75745845
v -0 0.277995676 1.65263212
v -0.070229508 0.267647654 1.72818565
v -0.0809800029 0.27426815 1.68875957
v -0.0753128156 0.2805489 1.65162265
v 0.040554326 0.262666583 1.75745845
v 0.0553919189 0.1724139 1.76914585
v -0 0.169920087 1.78372276
v -0 0.26082921 1.76811671
v 0.0959297493 0.179186165 1.72915554
v 0.070229508 0.267647654 1.72818565
v 0.107775412 0.186489493 1.68571162
v 0.0809800029 0.27426815 1.68875957
v 0.103378236 0.191681668 1.65464771
v 0.0753128156 0.2805489 1.65162265
v -0 0.186123341 1.65570319
v 0.103378236 0.191681668 1.65464771
v 0.0753128156 0.2805489 1.65162265
v -0 0.272295505 1.65287948
v -0 0.277995676 1.65263212
v -0 0.26082921 1.76811671
v -0 0.277995676 1.65263212
v 0.040554326 0.262666583 1.75745845
v 0.070229508 0.267647654 1.72818565
v 0.0809800029 0.27426815 1.68875957
v 0.0753128156 0.2805489 1.65162265
v -0.184467092 0.174660325 1.4367646
v -0.124005064 0.2166529 1.46251762
v -0.118417047 0.202026427 1.4976455
v -0.185588658 0.138265684 1.46877861
v -0.120541416 0.190870181 1.54733729
v -0.185436919 0.119034201 1.51422167
v -0.209148034 0.0179320797 1.42635059
v -0.215880707 -0.00519187376 1.47048724
v -0.050968349 0.242514759 1.50792098
v -0.0543132387 0.258556396 1.47572899
v -0.0476696379 0.231896222 1.55574238
v -0 0.261102974 1.47683072
v -0 0.243012875 1.5092175
v -0 0.232424021 1.5553894
v -0.203052014 0.0166389793 1.40533459
v -0.165417045 -0.071265012 1.44307506
v -0.159100026 -0.048484128 1.38124084
v -0.0758867934 -0.119116083 1.3333863
v -0.0387598276 -0.177592292 1.37087619
v -0.0387598276 -0.154468358 1.32674289
v -0.184467092 0.174660325 1.4367646
v -0.185588658 0.138265684 1.46877861
v -0 0.138265684 1.46877861
v -0 0.174660325 1.4367646
v -0 0.0179320797 1.42635059
v -0.209148034 0.0179320797 1.42635059
v -0 0.0166389793 1.40533459
v -0.203052014 0.0166389793 1.40533459
v -0.159100026 -0.048484128 1.38124084
v -0.0758867934 -0.119116083 1.3333863
v -0 -0.119116083 1.3333863
v -0 -0.154468358 1.32674289
v -0.0387598276 -0.154468358 1.32674289
v -0.124005064 0.2166529 1.46251762
v -0 0.261102974 1.47683072
v -0.0543132387 0.258556396 1.47572899
v 0.184467092 0.174660325 1.4367646
v 0.185588658 0.138265684 1.46877861
v 0.118417047 0.202026427 1.4976455
v 0.124005064 0.2166529 1.46251762
v 0.120541416 0.190870181 1.54733729
v 0.185436919 0.119034201 1.51422167
v 0.209148034 0.0179320797 1.42635059
v 0.215880707 -0.00519187376 1.47048724
v 0.050968349 0.242514759 1.50792098
v 0.0543132387 0.258556396 1.47572899
v 0.0476696379 0.231896222 1.55574238
v -0 0.261102974 1.47683072
v -0 0.243012875 1.5092175
v -0 0.232424021 1.5553894
v 0.203052014 0.0166389793 1.40533459
v 0.165417045 -0.071265012 1.44307506
v 0.159100026 -0.048484128 1.38124084
v 0.0758867934 -0.119116083 1.3333863
v 0.0387598276 -0.177592292 1.37087619
v 0.0387598276 -0.154468358 1.32674289
v 0.184467092 0.174660325 1.4367646
v -0 0.174660325 1.4367646
v -0 0.138265684 1.46877861
v 0.185588658 0.138265684 1.46877861
v -0 0.0179320797 1.42635059
v 0.209148034 0.0179320797 1.42635059
v -0 0.0166389793 1.40533459
v 0.203052014 0.0166389793 1.40533459
v 0.159100026 -0.048484128 1.38124084
v 0.0758867934 -0.119116083 1.3333863
v -0 -0.119116083 1.3333863
v -0 -0.154468358 1.32674289
v 0.0387598276 -0.154468358 1.32674289
v 0.124005064 0.2166529 1.46251762
v -0 0.261102974 1.47683072
v 0.0543132387 0.258556396 1.47572899
v -0.172957897 -0.114151523 1.70542133
v -0.162873745 -0.159122825 1.69145787
v -0.164354861 -0.145901591 1.66166723
v -0.169593215 -0.11388433 1.67116427
v -0.159542054 -0.166541606 1.6651969
v -0.137757376 -0.232759893 1.63973415
v -0.132462963 -0.270520926 1.65615368
v -0.131994531 -0.254753053 1.61068428
v -0.164354861 -0.145901591 1.66166723
v -0.0694015324 -0.11388433 1.67116427
v -0.169593215 -0.11388433 1.67116427
v -0.159542054 -0.166541606 1.6651969
v -0.0693487525 -0.218568861 1.65583515
v -0.137757376 -0.232759893 1.63973415
v -0.0693157688 -0.261680365 1.60865557
v -0.131994531 -0.254753053 1.61068428
v -0.0501106828 0.205523044 1.75419939
v -0 0.208132327 1.75419939
v -0 0.17893216 1.80640638
v -0.0509139225 0.17503804 1.80311251
v -0 0.086129576 1.86249924
v -0.0606335662 0.0834576339 1.85771286
v -0.0926475301 0.177197024 1.75828648
v -0.0908860266 0.157894641 1.78803754
v -0.118628167 0.0756429806 1.82307637
v -0.0617089458 -0.00599016249 1.88006818
v -0 -0.00600995123 1.88261819
v -0.131404072 -0.00438039377 1.84813011
v -0.119050398 0.141138837 1.76555026
v -0.154999733 0.0742938071 1.78282881
v -0.171453685 0.000864554197 1.78927457
v 0.0501106828 0.205523044 1.75419939
v 0.0509139225 0.17503804 1.80311251
v -0 0.17893216 1.80640638
v -0 0.208132327 1.75419939
v -0 0.086129576 1.86249924
v 0.0606335662 0.0834576339 1.85771286
v 0.0926475301 0.177197024 1.75828648
v 0.0908860266 0.157894641 1.78803754
v 0.118628167 0.0756429806 1.82307637
v 0.0617089458 -0.00599016249 1.88006818
v -0 -0.00600995123 1.88261819
v 0.131404072 -0.00438039377 1.84813011
v 0.119050398 0.141138837 1.76555026
v 0.154999733 0.0742938071 1.78282881
v 0.171453685 0.000864554197 1.78927457
v -0 -0.203361794 1.37196159
v -0.0469340272 -0.203361794 1.37196159
v -0.052018363 -0.233225018 1.43223214
v -0 -0.233225018 1.43223214
v -0.102154516 -0.142183959 1.40268564
v -0.117120653 -0.180726066 1.46753168
v -0.126234993 -0.100804955 1.4308995
v -0.137968495 -0.14470087 1.49505281
v -0.052018363 -0.233225018 1.43223214
v -0.117120653 -0.180726066 1.46753168
v -0 -0.147588879 1.49547994
v -0 -0.233225018 1.43223214
v -0.137968495 -0.14470087 1.49505281
v -0 -0.203361794 1.37196159
v -0 -0.233225018 1.43223214
v 0.052018363 -0.233225018 1.43223214
v 0.0469340272 -0.203361794 1.37196159
v 0.102154516 -0.142183959 1.40268564
v 0.117120653 -0.180726066 1.46753168
v 0.126234993 -0.100804955 1.4308995
v 0.137968495 -0.14470087 1.49505281
v 0.052018363 -0.233225018 1.43223214
v -0 -0.233225018 1.43223214
v -0 -0.147588879 1.49547994
v 0.117120653 -0.180726066 1.46753168
v 0.137968495 -0.14470087 1.49505281
v 0.197810382 -0.146267757 1.686589
v 0.14799656 -0.269039094 1.64141321
v 0.138080657 -0.2810992 1.67235839
v 0.17837438 -0.169164091 1.74109697
v 0.184170201 -0.098469466 1.77098978
v 0.205080733 -0.0721787512 1.71342075
v 0.125944704 -0.295798212 1.63471019
v 0.117915645 -0.305565715 1.65977061
v 0.0681744143 -0.308072746 1.66309893
v 0.0665811375 -0.297688395 1.63641894
v 0.0651890859 -0.0716575533 1.71228266
v 0.0651890859 -0.268577278 1.64023554
v 0.14799656 -0.269039094 1.64141321
v 0.197810382 -0.146267757 1.686589
v 0.205080733 -0.0721787512 1.71342075
v 0.0665811375 -0.297688395 1.63641894
v 0.125944704 -0.295798212 1.63471019
v 0.0651659891 -0.281557679 1.67353594
v 0.0651659891 -0.0989906639 1.77212775
v 0.17837438 -0.169164091 1.74109697
v 0.138080657 -0.2810992 1.67235839
v 0.184170201 -0.098469466 1.77098978
v 0.0681744143 -0.308072746 1.66309893
v 0.117915645 -0.305565715 1.65977061
v 0.119017415 -0.289517462 1.71764302
v 0.158476576 -0.185984209 1.77791047
v 0.175105363 -0.171826154 1.74262094
v 0.136903003 -0.278483301 1.67756701
v 0.1803734 -0.103496701 1.76968682
v 0.161841244 -0.112762772 1.80329406
v 0.102111533 -0.310602814 1.69600356
v 0.116332263 -0.301264167 1.66291094
v 0.0730894879 -0.311724395 1.69816422
v 0.0703746527 -0.303405046 1.66690552
v 0.151598752 -0.0954907238 1.75567389
v 0.101847634 -0.271420777 1.66275585
v 0.0894049034 -0.282438457 1.70809996
v 0.129174143 -0.177226141 1.77091062
v 0.132868692 -0.10948056 1.79169571
v 0.0959627405 -0.221841171 1.8153013
v 0.096609287 -0.234145358 1.80533922
v 0.0598847605 -0.222345874 1.78169405
v 0.0588951483 -0.203516841 1.79693747
v 0.101910308 -0.208138332 1.82058918
v 0.0679962859 -0.182550251 1.80502915
v 0.11285872 -0.196714908 1.81979084
v 0.0847504288 -0.165070385 1.80380535
v 0.125875428 -0.190628797 1.81311429
v 0.104668036 -0.155754834 1.79359257
v 0.137470379 -0.191509545 1.80235386
v 0.122415081 -0.157100707 1.77712536
v 0.14453952 -0.199119672 1.79039288
v 0.13323155 -0.168748453 1.75882089
v 0.145189375 -0.211423844 1.78043067
v 0.134221166 -0.187577486 1.74357748
v 0.139241785 -0.225126684 1.77514279
v 0.125120029 -0.208544075 1.73548579
v 0.103678413 -0.241755486 1.79337811
v 0.0707012266 -0.23399362 1.76338625
v 0.0884482786 -0.235342786 1.74692237
v 0.115276679 -0.242636234 1.78261769
v 0.108365878 -0.226027235 1.73670959
v 0.12829338 -0.236550108 1.77594113
v 0.125120029 -0.208544075 1.73548579
v 0.139241785 -0.225126684 1.77514279
v 0.096609287 -0.234145358 1.80533922
v 0.0959627405 -0.221841171 1.8153013
v 0.120574407 -0.216632515 1.79786432
v 0.101910308 -0.208138332 1.82058918
v 0.11285872 -0.196714908 1.81979084
v 0.125875428 -0.190628797 1.81311429
v 0.137470379 -0.191509545 1.80235386
v 0.14453952 -0.199119672 1.79039288
v 0.145189375 -0.211423844 1.78043067
v 0.139241785 -0.225126684 1.77514279
v 0.12829338 -0.236550108 1.77594113
v 0.115276679 -0.242636234 1.78261769
v 0.103678413 -0.241755486 1.79337811
v 0.0307340696 -0.197579175 1.83388615
v 0.0307340696 -0.0980637223 1.86464012
v 0.0988458097 -0.0972951204 1.85162342
v 0.0949764252 -0.190641984 1.8150177
v 0.153267905 -0.0963417888 1.80964077
v 0.145103604 -0.179871708 1.77801597
v 0.161983103 -0.0963417888 1.7737112
v 0.158341318 -0.173102751 1.75109518
v 0.0802081004 -0.267185211 1.76937675
v 0.0307340696 -0.275280237 1.79071617
v 0.122068718 -0.258694351 1.73692393
v 0.138423711 -0.250803828 1.71061671
v 0.0709387362 -0.300096452 1.74394703
v 0.0304569788 -0.307587802 1.76104414
v 0.103592649 -0.289002895 1.70623291
v 0.110945478 -0.281785309 1.68088222
v 0.173653916 -0.11141029 1.82981563
v 0.196929619 -0.124796458 1.78560627
v 0.11593312 -0.124796458 1.74469912
v 0.0926607326 -0.11141029 1.78890836
v 0.156616092 -0.0748342127 1.86217928
v 0.0756229013 -0.0748342127 1.82127202
v 0.15038155 -0.0248719715 1.87402487
v 0.0693850443 -0.0248719715 1.83312106
v 0.156616092 0.0250869766 1.86217928
v 0.0756229013 0.0250869766 1.82127202
v 0.173653916 0.0616630539 1.82981563
v 0.0926607326 0.0616630539 1.78890836
v 0.196929619 0.0750492215 1.78560627
v 0.11593312 0.0750492215 1.74469912
v 0.220201999 0.0616630539 1.74139702
v 0.139208809 0.0616630539 1.70048976
v 0.237239838 0.0250869766 1.70903349
v 0.156246632 0.0250869766 1.66812623
v 0.243477702 -0.0248719715 1.69718778
v 0.162481204 -0.0248719715 1.65628052
v 0.237239838 -0.0748342127 1.70903349
v 0.243477702 -0.0248719715 1.69718778
v 0.162481204 -0.0248719715 1.65628052
v 0.156246632 -0.0748342127 1.66812623
v 0.220201999 -0.11141029 1.74139702
v 0.139208809 -0.11141029 1.70048976
v 0.204506755 -0.115929529 1.78959453
v 0.196929619 -0.124796458 1.78560627
v 0.173653916 -0.11141029 1.82981563
v 0.183299363 -0.103730902 1.82988167
v 0.156616092 -0.0748342127 1.86217928
v 0.167772323 -0.0704007521 1.85937536
v 0.15038155 -0.0248719715 1.87402487
v 0.162088662 -0.0248719715 1.87016881
v 0.156616092 0.0250869766 1.86217928
v 0.167772323 0.0206535086 1.85937536
v 0.173653916 0.0616630539 1.82981563
v 0.183299363 0.0539836586 1.82988167
v 0.196929619 0.0750492215 1.78560627
v 0.204506755 0.0661822855 1.78959453
v 0.220201999 0.0616630539 1.74139702
v 0.22571744 0.0539836586 1.74930739
v 0.237239838 0.0250869766 1.70903349
v 0.241241172 0.0206568092 1.7198168
v 0.243477702 -0.0248719715 1.69718778
v 0.246924847 -0.0248719715 1.70902359
v 0.237239838 -0.0748342127 1.70903349
v 0.241241172 -0.0704007521 1.7198168
v 0.220201999 -0.11141029 1.74139702
v 0.22571744 -0.103730902 1.74930739
v 0.183601186 0.0200086087 1.82931089
v 0.175948173 -0.0413011909 1.8438468
v 0.196855396 -0.0861834213 1.80413187
v 0.23306863 -0.00844439864 1.73534393
v 0.212159753 0.0364361778 1.77505875
v 0.225415617 -0.0697558522 1.74988139
v 0.237170577 -0.0576710328 1.81672144
v 0.225984633 -0.0336613804 1.83796668
v 0.24535796 0.00792379305 1.80116796
v 0.230079979 -0.000863969326 1.83019006
v 0.256542236 -0.0160842091 1.77992439
v 0.252448529 -0.0488832742 1.78769946
v 0.242399022 -0.0248719715 1.80954504
v 0.188494816 0.0442788601 1.51137161
v 0.165364265 -0.0453338623 1.47837126
v 0.175992712 -0.113590747 1.58020902
v 0.192525834 -0.0138212964 1.60954106
v 0.157872915 -0.149124444 1.55092633
v 0.135042548 -0.165311202 1.47728598
v 0.134557635 -0.0848227069 1.41838098
v 0.102880128 -0.0871219039 1.38870251
v 0.0834936202 -0.181497961 1.38925004
v 0.139047176 -0.106884465 1.58711314
v 0.175992712 -0.113590747 1.58020902
v 0.157872915 -0.149124444 1.55092633
v 0.12189059 -0.140778691 1.5600208
v 0.0995517299 -0.156530038 1.48754489
v 0.135042548 -0.165311202 1.47728598
v 0.0496554635 -0.174501404 1.40442395
v 0.0834936202 -0.181497961 1.38925004
v 0.192525834 -0.0138212964 1.60954106
v 0.154979944 -0.00963193551 1.61570644
v 0.199350879 -0.0235129036 1.53609204
v 0.204546332 0.0298107192 1.5604794
v 0.213221937 0.0347192064 1.54734063
v 0.207162201 -0.0189474914 1.52436185
v 0.188105583 0.0311599001 1.5604794
v 0.184625432 -0.0217019115 1.53637242
v 0.189022601 0.0423227251 1.53419852
v 0.185506195 -0.0107238106 1.51309335
v 0.200267911 -0.0125545897 1.51285589
v 0.205460072 0.040973559 1.53419852
v 0.185506195 -0.0107238106 1.51309335
v 0.189022601 0.0423227251 1.53419852
v 0.176599681 -0.101514168 1.47078753
v 0.1683397 -0.109071508 1.4790144
v 0.163902938 -0.110618606 1.46603739
v 0.172186002 -0.103196517 1.45760584
v 0.152070478 -0.105571583 1.46899295
v 0.156230152 -0.104235604 1.48131037
v 0.172750071 -0.0891242176 1.46485305
v 0.168639883 -0.0907273963 1.4521333
v 0.160643831 -0.084288314 1.46714902
v 0.156807423 -0.0856803656 1.45509231
v 0.161174923 -0.128850579 1.43928146
v 0.152552083 -0.135187387 1.45174074
v 0.149843842 -0.140791893 1.42595148
v 0.142190844 -0.149418026 1.43764198
v 0.12653847 -0.140716016 1.44247127
v 0.138196111 -0.12855038 1.45601249
v 0.145773232 -0.128791183 1.42015564
v 0.155458242 -0.115652435 1.43092263
v 0.134808332 -0.12322627 1.42391944
v 0.140904352 -0.108827405 1.43519437
v 0.141643256 -0.145690471 1.41267073
v 0.133244738 -0.156015426 1.42228997
v 0.117516503 -0.147884116 1.42781198
v 0.127043173 -0.127653152 1.41303039
v 0.117516503 -0.147884116 1.42781198
v 0.12653847 -0.140716016 1.44247127
v 0.138087243 -0.132762834 1.40887737
v 0.138196111 -0.12855038 1.45601249
v 0.12653847 -0.140716016 1.44247127
v 0.140904352 -0.108827405 1.43519437
v 0.156807423 -0.0856803656 1.45509231
v 0.152070478 -0.105571583 1.46899295
v 0.138196111 -0.12855038 1.45601249
v 0.152070478 -0.105571583 1.46899295
v 0.156807423 -0.0856803656 1.45509231
v 0.160643831 -0.084288314 1.46714902
v 0.156230152 -0.104235604 1.48131037
v 0.156230152 -0.104235604 1.48131037
v 0.160643831 -0.084288314 1.46714902
v 0.185506195 -0.0107238106 1.51309335
v 0.13010107 -0.169718266 1.37265754
v 0.0737327337 -0.153214842 1.38888049
v 0.08044561 -0.157562524 1.41398048
v 0.135979369 -0.173528284 1.39464021
v 0.145601705 -0.166238144 1.41430032
v 0.0914336145 -0.149239898 1.43642819
v 0.156388491 -0.149800658 1.42637372
v 0.103747696 -0.130470231 1.45021009
v 0.165446743 -0.128619671 1.42762053
v 0.114092439 -0.106284112 1.45163524
v 0.170355216 -0.108368888 1.41771126
v 0.119693652 -0.0831667557 1.44032073
v 0.169791147 -0.0944813192 1.39929783
v 0.119053699 -0.0673065633 1.41929793
v 0.163912833 -0.0906713158 1.37731528
v 0.112337522 -0.0629555658 1.39419806
v 0.154290512 -0.097961463 1.35765505
v 0.101352826 -0.0712815076 1.37175035
v 0.143503726 -0.114398926 1.34558499
v 0.0890354514 -0.0900511593 1.35796833
v 0.13444218 -0.135579944 1.34433484
v 0.143503726 -0.114398926 1.34558499
v 0.0890354514 -0.0900511593 1.35796833
v 0.0786907002 -0.114233993 1.3565433
v 0.129536986 -0.155830711 1.35424733
v 0.0730894879 -0.137354642 1.36785793
v 0.152096853 -0.16311425 1.38776886
v 0.148336336 -0.160679817 1.37371302
v 0.13010107 -0.169718266 1.37265754
v 0.135979369 -0.173528284 1.39464021
v 0.158252254 -0.158453181 1.40034354
v 0.145601705 -0.166238144 1.41430032
v 0.165149853 -0.147940204 1.40806258
v 0.156388491 -0.149800658 1.42637372
v 0.170942381 -0.134392411 1.4088608
v 0.165446743 -0.128619671 1.42762053
v 0.174079463 -0.12144497 1.40252399
v 0.170355216 -0.108368888 1.41771126
v 0.173719913 -0.112561546 1.39074767
v 0.169791147 -0.0944813192 1.39929783
v 0.169959366 -0.110123806 1.3766886
v 0.163912833 -0.0906713158 1.37731528
v 0.163807273 -0.114788175 1.36411715
v 0.154290512 -0.097961463 1.35765505
v 0.156909689 -0.125301152 1.35639811
v 0.143503726 -0.114398926 1.34558499
v 0.151113838 -0.138845652 1.35559988
v 0.13444218 -0.135579944 1.34433484
v 0.129536986 -0.155830711 1.35424733
v 0.147976771 -0.151796401 1.36193669
v 0.161029771 -0.136619031 1.3822304
v 0.227267832 -0.0274251718 1.50001073
v 0.230170712 -0.00199542567 1.44438469
v 0.202451661 -0.0579382293 1.4028703
v 0.201485127 -0.0857067555 1.45789611
v 0.135695681 0.00240835175 1.52680945
v 0.106142551 -0.0923437625 1.47417521
v 0.0961078852 -0.056767188 1.39357793
v 0.130632162 0.0356428474 1.44634402
v 0.130632162 0.0356428474 1.44634402
v 0.230170712 -0.00199542567 1.44438469
v 0.227267832 -0.0274251718 1.50001073
v 0.135695681 0.00240835175 1.52680945
v 0.202451661 -0.0579382293 1.4028703
v 0.0961078852 -0.056767188 1.39357793
v 0.106142551 -0.0923437625 1.47417521
v 0.201485127 -0.0857067555 1.45789611
v 0.115530677 -0.15942961 1.3563751
v 0.078684099 -0.205169499 1.32488239
v 0.0791327283 -0.217787057 1.36812508
v 0.115913332 -0.172109842 1.39941335
v 0.121738851 -0.125495791 1.34578943
v 0.078684099 -0.179007441 1.30985343
v 0.114831358 -0.168976068 1.40542698
v 0.0764508769 -0.217120722 1.37227809
v 0.0760022476 -0.17443873 1.30909133
v 0.12181472 -0.116539791 1.34761691
v 0.114343144 -0.155438155 1.3590008
v 0.0764508769 -0.217120722 1.37227809
v 0.0545474477 -0.204292044 1.38022482
v 0.0929279253 -0.156147391 1.41337347
v 0.114831358 -0.168976068 1.40542698
v 0.0125845745 -0.156147391 1.4155308
v -0 -0.204292044 1.38238537
v 0.055471085 -0.161385745 1.31583059
v 0.0760022476 -0.17443873 1.30909133
v 0.12181472 -0.116539791 1.34761691
v 0.101283558 -0.103486806 1.35435629
v 0.012591172 -0.103486806 1.35435629
v -0 -0.161385745 1.31583059
v 0.0929279253 -0.156147391 1.41337347
v 0.0923869386 -0.142642468 1.36683524
v 0.114343144 -0.155438155 1.3590008
v 0.114831358 -0.168976068 1.40542698
v 0.101283558 -0.103486806 1.35435629
v 0.12181472 -0.116539791 1.34761691
v 0.0829328373 -0.218041062 1.37496328
v 0.0824512243 -0.204499856 1.32639313
v 0.044222489 -0.249088511 1.30337799
v 0.0521657839 -0.257477105 1.35053635
v 0.044222489 -0.215049118 1.28382325
v 0.0824512243 -0.170460492 1.30684161
v 0.0262181368 -0.257477105 1.35053635
v 0.0560681522 -0.203622401 1.38389611
v 0.0262181368 -0.257477105 1.35053635
v 0.0521657839 -0.257477105 1.35053635
v 0.044222489 -0.249088511 1.30337799
v 0.0182715487 -0.249088511 1.30337799
v 0.0182715487 -0.215049118 1.28382325
v 0.044222489 -0.215049118 1.28382325
v 0.0569917932 -0.18973814 1.3340131
v 0.0824512243 -0.204499856 1.32639313
v 0.0829328373 -0.218041062 1.37496328
v 0.0560681522 -0.203622401 1.38389611
v 0.0824512243 -0.170460492 1.30684161
v 0.0569917932 -0.155698761 1.31445837
v 0.044222489 -0.215049118 1.28382325
v 0.0824512243 -0.170460492 1.30684161
v 0.0569917932 -0.155698761 1.31445837
v 0.0182715487 -0.215049118 1.28382325
v 0.216111615 0.0970911831 1.49644148
v 0.22538428 0.00401812047 1.45490086
v 0.223368764 -0.0157708339 1.50215828
v 0.223880067 0.084120661 1.54044628
v 0.192014545 -0.0678013712 1.40378737
v 0.190711558 -0.0889922678 1.44878519
v 0.166416556 -0.110097408 1.43415213
v 0.16230306 -0.0890351534 1.39136112
v 0.158166483 -0.123592429 1.42430866
v 0.150873035 -0.104212508 1.38160682
v 0.194590837 0.146218866 1.56226718
v 0.187492013 0.158368006 1.51801503
v 0.134432286 0.218371481 1.5390048
v 0.141323283 0.206380725 1.58330977
v 0.093594268 0.223309666 1.59297836
v 0.108695753 0.219727278 1.53978992
v 0.114382729 0.169174582 1.57969439
v 0.141323283 0.206380725 1.58330977
v 0.194590837 0.146218866 1.56226718
v 0.093594268 0.223309666 1.59297836
v 0.157087818 0.119472921 1.56226718
v 0.169919789 0.0565500557 1.54429924
v 0.223880067 0.084120661 1.54044628
v 0.223368764 -0.0157708339 1.50215828
v 0.148728877 -0.00907775387 1.5176127
v 0.190711558 -0.0889922678 1.44878519
v 0.166416556 -0.110097408 1.43415213
v 0.103866443 -0.101378933 1.45467329
v 0.158166483 -0.123592429 1.42430866
v 0.064159885 0.20226723 1.59300137
v 0.0978759825 0.158955172 1.51513529
v 0.187492013 0.158368006 1.51801503
v 0.134432286 0.218371481 1.5390048
v 0.108695753 0.219727278 1.53978992
v 0.127528086 0.124444082 1.50303566
v 0.144687966 0.0659282878 1.48424625
v 0.216111615 0.0970911831 1.49644148
v 0.22538428 0.00401812047 1.45490086
v 0.144734144 0.00401812047 1.45490086
v 0.192014545 -0.0678013712 1.40378737
v 0.101102121 -0.0694639161 1.40260649
v 0.16230306 -0.0890351534 1.39136112
v 0.0702229068 -0.104212508 1.38160682
v 0.150873035 -0.104212508 1.38160682
v 0.0752633363 0.183025852 1.52372849
v 0.064159885 0.20226723 1.59300137
v 0.0752633363 0.183025852 1.52372849
v 0.108695753 0.219727278 1.53978992
v 0.093594268 0.223309666 1.59297836
v 0.150902733 0.158955172 1.5675782
v 0.207310647 0.0691907033 1.53854954
v 0.216814235 0.058747001 1.58335912
v 0.160297453 0.150616035 1.61692357
v 0.0807391927 0.218048215 1.58790493
v 0.0846382678 0.216520965 1.64023888
v 0.224028513 0.0470134914 1.63834214
v 0.163160726 0.138628528 1.66746318
v 0.0885538384 0.201746017 1.6895479
v 0.200152442 0.0336438194 1.70730162
v 0.150101155 0.125258863 1.74010074
v 0.0754942521 0.188376352 1.76417136
v 0.248871088 -0.0476066731 1.65369105
v 0.214802027 -0.0540028699 1.70077348
v 0.214802027 0.034791775 1.72193789
v 0.248871088 0.0485737771 1.67591441
v 0.212915167 0.077374801 1.52626526
v 0.21270074 -0.000507708639 1.49715078
v 0.150972009 0.0745049343 1.53792274
v 0.248871088 0.0485737771 1.67591441
v 0.159584939 0.0465318784 1.69183731
v 0.212915167 0.077374801 1.52626526
v 0.214802027 0.034791775 1.72193789
v 0.248871088 -0.0476066731 1.65369105
v 0.21270074 -0.000507708639 1.49715078
v 0.150757581 -0.0033775866 1.50880837
v 0.159584939 -0.0496485718 1.6696105
v 0.214802027 -0.0540028699 1.70077348
v 0.0967874154 0.213773102 1.65450585
v 0.0721064731 0.275223643 1.6585232
v 0.0560186729 0.259783506 1.62335932
v 0.0917931721 0.221835166 1.6028018
v 0.0531553924 0.256692588 1.59473979
v 0.0923869386 0.223797917 1.58158779
v 0.0494608395 0.253674299 1.56063437
v 0.107841387 0.219727278 1.54052889
v 0.072792612 0.237480938 1.53143418
v 0.0486394577 0.251863301 1.54035723
v 0.0924595147 0.222343177 1.50613976
v 0.0734853372 0.233740181 1.51278007
v 0.0378592797 0.203296423 1.61055374
v 0.0560186729 0.259783506 1.62335932
v 0.0721064731 0.275223643 1.6585232
v 0.0378988646 0.203303009 1.66560924
v 0.0689990968 0.20260039 1.65724707
v 0.0967874154 0.213773102 1.65450585
v 0.0531553924 0.256692588 1.59473979
v 0.0494608395 0.253674299 1.56063437
v 0.0378460847 0.203293115 1.56260705
v 0.0378493853 0.203293115 1.54341841
v 0.0486394577 0.251863301 1.54035723
v 0.0689990968 0.20260039 1.65724707
v 0.0967874154 0.213773102 1.65450585
v 0.0917931721 0.221835166 1.6028018
v 0.0684053227 0.203124881 1.60554302
v 0.0739339665 0.200070292 1.58047295
v 0.0923869386 0.223797917 1.58158779
v 0.0927497968 0.193746641 1.54187799
v 0.107841387 0.219727278 1.54052889
v 0.0924595147 0.222343177 1.50613976
v 0.0781035349 0.196197599 1.5099926
v 0.072792612 0.237480938 1.53143418
v 0.0486394577 0.251863301 1.54035723
v 0.0378493853 0.203293115 1.54341841
v 0.0543660186 0.203375578 1.53483534
v 0.0576944165 0.20442459 1.51680458
v 0.0734853372 0.233740181 1.51278007
v 0.0924595147 0.222343177 1.50613976
v 0.0781035349 0.196197599 1.5099926
v 0.172957897 -0.114151523 1.70542133
v 0.169593215 -0.11388433 1.67116427
v 0.164354861 -0.145901591 1.66166723
v 0.162873745 -0.159122825 1.69145787
v 0.159542054 -0.166541606 1.6651969
v 0.137757376 -0.232759893 1.63973415
v 0.132462963 -0.270520926 1.65615368
v 0.131994531 -0.254753053 1.61068428
v 0.164354861 -0.145901591 1.66166723
v 0.169593215 -0.11388433 1.67116427
v 0.0694015324 -0.11388433 1.67116427
v 0.159542054 -0.166541606 1.6651969
v 0.0693487525 -0.218568861 1.65583515
v 0.137757376 -0.232759893 1.63973415
v 0.0693157688 -0.261680365 1.60865557
v 0.131994531 -0.254753053 1.61068428
v -0.0721064731 0.275223643 1.6585232
v -0.0967874154 0.213773102 1.65450585
v -0.0917931721 0.221835166 1.6028018
v -0.0560186729 0.259783506 1.62335932
v -0.0531553924 0.256692588 1.59473979
v -0.0923869386 0.223797917 1.58158779
v -0.0494608395 0.253674299 1.56063437
v -0.107841387 0.219727278 1.54052889
v -0.072792612 0.237480938 1.53143418
v -0.0486394577 0.251863301 1.54035723
v -0.0924595147 0.222343177 1.50613976
v -0.0734853372 0.233740181 1.51278007
v -0.0378592797 0.203296423 1.61055374
v -0.0378988646 0.203303009 1.66560924
v -0.0721064731 0.275223643 1.6585232
v -0.0560186729 0.259783506 1.62335932
v -0.0689990968 0.20260039 1.65724707
v -0.0967874154 0.213773102 1.65450585
v -0.0531553924 0.256692588 1.59473979
v -0.0494608395 0.253674299 1.56063437
v -0.0378460847 0.203293115 1.56260705
v -0.0378493853 0.203293115 1.54341841
v -0.0486394577 0.251863301 1.54035723
v -0.0689990968 0.20260039 1.65724707
v -0.0684053227 0.203124881 1.60554302
v -0.0917931721 0.221835166 1.6028018
v -0.0967874154 0.213773102 1.65450585
v -0.0739339665 0.200070292 1.58047295
v -0.0923869386 0.223797917 1.58158779
v -0.0927497968 0.193746641 1.54187799
v -0.107841387 0.219727278 1.54052889
v -0.0924595147 0.222343177 1.50613976
v -0.0781035349 0.196197599 1.5099926
v -0.072792612 0.237480938 1.53143418
v -0.0543660186 0.203375578 1.53483534
v -0.0378493853 0.203293115 1.54341841
v -0.0486394577 0.251863301 1.54035723
v -0.0576944165 0.20442459 1.51680458
v -0.0734853372 0.233740181 1.51278007
v -0.0924595147 0.222343177 1.50613976
v -0.0781035349 0.196197599 1.5099926
v 0.185799778 -0.00907115638 1.7267673
v 0.211783692 -0.00907115638 1.61599994
v 0.197783977 -0.115715109 1.5849129
v 0.171803355 -0.115715109 1.72261095
v 0.192690775 -0.00907115638 1.5906955
v 0.178691044 -0.115715109 1.55960858
v 0.13722299 -0.00907115638 1.7267673
v 0.136009052 -0.115715109 1.72261095
v 0.137790367 -0.115715109 1.55960858
v 0.139000997 -0.00907115638 1.5906955
v 0.136009052 -0.115715109 1.72261095
v 0.171803355 -0.115715109 1.72261095
v 0.197783977 -0.115715109 1.5849129
v 0.139014184 -0.113214694 1.5849129
v 0.178691044 -0.115715109 1.55960858
v 0.137790367 -0.115715109 1.55960858
v -0.185799778 -0.00907115638 1.7267673
v -0.171803355 -0.115715109 1.72261095
v -0.197783977 -0.115715109 1.5849129
v -0.211783692 -0.00907115638 1.61599994
v -0.192690775 -0.00907115638 1.5906955
v -0.178691044 -0.115715109 1.55960858
v -0.13722299 -0.00907115638 1.7267673
v -0.136009052 -0.115715109 1.72261095
v -0.137790367 -0.115715109 1.55960858
v -0.139000997 -0.00907115638 1.5906955
v -0.136009052 -0.115715109 1.72261095
v -0.139014184 -0.113214694 1.5849129
v -0.197783977 -0.115715109 1.5849129
v -0.171803355 -0.115715109 1.72261095
v -0.178691044 -0.115715109 1.55960858
v -0.137790367 -0.115715109 1.55960858
v 0.163813874 0.0746764615 1.79601705
v 0.0736403763 0.230349094 1.76734138
v 0.110232957 0.236629874 1.72557974
v 0.201132178 0.0801655054 1.75439072
v 0.207647115 0.085001424 1.71111166
v 0.1172757 0.240786225 1.68231392
v 0.200858384 0.0227976739 1.75225973
v 0.163467512 0.0175923035 1.79386973
v 0.207290858 0.027933754 1.70900702
v -0 0.234578073 1.67871177
v -0 0.228152215 1.71720099
v -0 0.238526642 1.6364882
v 0.129510611 0.060729526 1.77841842
v 0.0565266758 0.181947172 1.75067306
v 0.168402389 0.0699955896 1.70361698
v 0.094019793 0.201063186 1.67544603
v 0.128102049 0.0114138238 1.7762711
v 0.166673854 0.021587044 1.70233703
v -0 0.185654923 1.71535373
v -0 0.196451604 1.63119054
v -0.163813874 0.0746764615 1.79601705
v -0.201132178 0.0801655054 1.75439072
v -0.110232957 0.236629874 1.72557974
v -0.0736403763 0.230349094 1.76734138
v -0.207647115 0.085001424 1.71111166
v -0.1172757 0.240786225 1.68231392
v -0.200858384 0.0227976739 1.75225973
v -0.163467512 0.0175923035 1.79386973
v -0.207290858 0.027933754 1.70900702
v -0 0.234578073 1.67871177
v -0 0.228152215 1.71720099
v -0 0.238526642 1.6364882
v -0.129510611 0.060729526 1.77841842
v -0.0565266758 0.181947172 1.75067306
v -0.168402389 0.0699955896 1.70361698
v -0.094019793 0.201063186 1.67544603
v -0.128102049 0.0114138238 1.7762711
v -0.166673854 0.021587044 1.70233703
v -0 0.185654923 1.71535373
v -0 0.196451604 1.63119054
v -0 0.120627478 1.87355983
v -0.0343626514 0.12079902 1.86998415
v -0.0291737802 0.185846254 1.83639324
v -0 0.188514903 1.83798659
v -0 0.0794002116 1.85239196
v -0.0490419045 0.0823096782 1.85085475
v -0.0270593073 0.219018072 1.794945
v -0 0.221953899 1.79605675
v -0.0248788614 0.229992867 1.75419939
v -0 0.233136564 1.75419939
v -0.0270593073 0.219018072 1.794945
v -0.0291737802 0.185846254 1.83639324
v -0.0439948775 0.150025561 1.81503737
v -0.0419694707 0.175923735 1.77864933
v -0.0398055166 0.183128104 1.75419939
v -0.0248788614 0.229992867 1.75419939
v -0.0343626514 0.12079902 1.86998415
v -0.0490419045 0.0823096782 1.85085475
v 0.0343626514 0.12079902 1.86998415
v -0 0.120627478 1.87355983
v -0 0.188514903 1.83798659
v 0.0291737802 0.185846254 1.83639324
v -0 0.0794002116 1.85239196
v 0.0490419045 0.0823096782 1.85085475
v -0 0.221953899 1.79605675
v 0.0270593073 0.219018072 1.794945
v 0.0248788614 0.229992867 1.75419939
v -0 0.233136564 1.75419939
v 0.0270593073 0.219018072 1.794945
v 0.0419694707 0.175923735 1.77864933
v 0.0439948775 0.150025561 1.81503737
v 0.0291737802 0.185846254 1.83639324
v 0.0398055166 0.183128104 1.75419939
v 0.0248788614 0.229992867 1.75419939
v 0.0343626514 0.12079902 1.86998415
v 0.0490419045 0.0823096782 1.85085475
v -0.0298203267 0.0155998841 1.89826047
v -0.0248029921 0.115214303 1.86716032
v -0 0.115214303 1.86716032
v -0 0.0155998841 1.89826047
v -0 -0.00885014236 1.89826047
v -0.0298203267 -0.00885014236 1.89826047
v -0.0298203267 0.0155998841 1.86806095
v -0.0248029921 0.115214303 1.83696389
v -0.0298203267 -0.00885014236 1.89826047
v -0.0298203267 -0.00885014236 1.86806095
v 0.0298203267 0.0155998841 1.89826047
v -0 0.0155998841 1.89826047
v -0 0.115214303 1.86716032
v 0.0248029921 0.115214303 1.86716032
v -0 -0.00885014236 1.89826047
v 0.0298203267 -0.00885014236 1.89826047
v 0.0298203267 0.0155998841 1.86806095
v 0.0248029921 0.115214303 1.83696389
v 0.0298203267 -0.00885014236 1.89826047
v 0.0298203267 -0.00885014236 1.86806095
v -0.0829328373 -0.218041062 1.37496328
v -0.0521657839 -0.257477105 1.35053635
v -0.044222489 -0.249088511 1.30337799
v -0.0824512243 -0.204499856 1.32639313
v -0.044222489 -0.215049118 1.28382325
v -0.0824512243 -0.170460492 1.30684161
v -0.0262181368 -0.257477105 1.35053635
v -0.0560681522 -0.203622401 1.38389611
v -0.0262181368 -0.257477105 1.35053635
v -0.0182715487 -0.249088511 1.30337799
v -0.044222489 -0.249088511 1.30337799
v -0.0521657839 -0.257477105 1.35053635
v -0.0182715487 -0.215049118 1.28382325
v -0.044222489 -0.215049118 1.28382325
v -0.0569917932 -0.18973814 1.3340131
v -0.0560681522 -0.203622401 1.38389611
v -0.0829328373 -0.218041062 1.37496328
v -0.0824512243 -0.204499856 1.32639313
v -0.0824512243 -0.170460492 1.30684161
v -0.0569917932 -0.155698761 1.31445837
v -0.044222489 -0.215049118 1.28382325
v -0.0182715487 -0.215049118 1.28382325
v -0.0569917932 -0.155698761 1.31445837
v -0.0824512243 -0.170460492 1.30684161
vt -0.825600028 0.826399982
vt -0.829900026 0.860199988
vt -0.859899998 0.860199988
vt -0.859899998 0.826399982
vt -0.76849997 0.860099971
vt -0.770900011 0.826399982
vt -0.859899998 0.994400024
vt -0.829900026 0.994400024
vt -0.760500014 0.994400024
vt -0.711399972 0.899600029
vt -0.685500026 0.994400024
vt -0.574199975 0.994400024
vt -0.609600008 0.909600019
vt -0.646799982 0.826399982
vt -0.715200007 0.826399982
vt 0.174400002 0.826399982
vt 0.140100002 0.826399982
vt 0.140100002 0.860199988
vt 0.170100003 0.860199988
vt 0.2315 0.860099971
vt 0.229100004 0.826399982
vt 0.140100002 0.994400024
vt 0.170100003 0.994400024
vt 0.239500001 0.994400024
vt 0.288599998 0.899600029
vt 0.314500004 0.994400024
vt 0.425799996 0.994400024
vt 0.390399992 0.909600019
vt 0.353199989 0.826399982
vt 0.284799993 0.826399982
vt -0.0469000004 0.50150001
vt -0.0687000006 0.501600027
vt -0.0687000006 0.452600002
vt -0.0428000018 0.452600002
vt -0.0427000001 0.533999979
vt -0.0687000006 0.534200013
vt -0.0808999985 0.51639998
vt -0.112599999 0.504299998
vt -0.0808999985 0.457899988
vt -0.112599999 0.455199987
vt 0.953100026 0.50150001
vt 0.957199991 0.452600002
vt 0.931299984 0.452600002
vt 0.931299984 0.501600027
vt 0.957300007 0.533999979
vt 0.931299984 0.534200013
vt 0.919099987 0.51639998
vt 0.919099987 0.457899988
vt 0.887399971 0.504299998
vt 0.887399971 0.455199987
vt -0.254299998 0.649299979
vt -0.249799997 0.654200017
vt -0.270999998 0.649100006
vt -0.252999991 0.677699983
vt -0.270999998 0.688300014
vt -0.1875 0.726000011
vt -0.215800002 0.726000011
vt -0.215800002 0.70480001
vt -0.1875 0.70480001
vt -0.1875 0.680800021
vt -0.215800002 0.680800021
vt -0.215800002 0.673699975
vt -0.1875 0.673699975
vt -0.1875 0.656499982
vt -0.215800002 0.656499982
vt 0.745700002 0.649299979
vt 0.728999972 0.649100006
vt 0.750199974 0.654200017
vt 0.746999979 0.677699983
vt 0.728999972 0.688300014
vt 0.8125 0.726000011
vt 0.8125 0.70480001
vt 0.784200013 0.70480001
vt 0.784200013 0.726000011
vt 0.8125 0.680800021
vt 0.784200013 0.680800021
vt 0.784200013 0.673699975
vt 0.8125 0.673699975
vt 0.8125 0.656499982
vt 0.784200013 0.656499982
vt -0.573499978 0.496300012
vt -0.580600023 0.538900018
vt -0.653699994 0.522700012
vt -0.649100006 0.493800014
vt -0.663500011 0.550400019
vt -0.595300019 0.579599977
vt -0.678600013 0.576600015
vt -0.61619997 0.617200017
vt -0.649999976 0.464599997
vt -0.574500024 0.453099996
vt -0.583800018 0.411000013
vt -0.656499982 0.435900003
vt -0.600799978 0.371499985
vt -0.668900013 0.408399999
vt -0.661800027 0.520500004
vt -0.657400012 0.493200004
vt -0.672800004 0.492199987
vt -0.676699996 0.516600013
vt -0.684899986 0.539699972
vt -0.67110002 0.546500027
vt -0.697300017 0.560500026
vt -0.684899986 0.569700003
vt -0.658100009 0.465600014
vt -0.673300028 0.467599988
vt -0.663999975 0.438699991
vt -0.678600013 0.443800002
vt -0.675199986 0.414099991
vt -0.688499987 0.421799988
vt -0.815999985 0.465900004
vt -0.770799994 0.466100007
vt -0.77700001 0.488799989
vt -0.793600023 0.505299985
vt -0.815999985 0.511399984
vt -0.77670002 0.443399996
vt -0.793200016 0.426699996
vt -0.815999985 0.420399994
vt 0.426499993 0.496300012
vt 0.350899994 0.493800014
vt 0.346300006 0.522700012
vt 0.419400007 0.538900018
vt 0.336499989 0.550400019
vt 0.404700011 0.579599977
vt 0.321399987 0.576600015
vt 0.3838 0.617200017
vt 0.349999994 0.464599997
vt 0.425500005 0.453099996
vt 0.416200012 0.411000013
vt 0.343499988 0.435900003
vt 0.399199992 0.371499985
vt 0.331099987 0.408399999
vt 0.338200003 0.520500004
vt 0.342599988 0.493200004
vt 0.327199996 0.492199987
vt 0.323300004 0.516600013
vt 0.315100014 0.539699972
vt 0.328900009 0.546500027
vt 0.302700013 0.560500026
vt 0.315100014 0.569700003
vt 0.341899991 0.465600014
vt 0.326700002 0.467599988
vt 0.335999995 0.438699991
vt 0.321399987 0.443800002
vt 0.324800014 0.414099991
vt 0.311500013 0.421799988
vt 0.184 0.465900004
vt 0.223000005 0.488799989
vt 0.229200006 0.466100007
vt 0.206400007 0.505299985
vt 0.184 0.511399984
vt 0.223299995 0.443399996
vt 0.206799999 0.426699996
vt 0.184 0.420399994
vt -0.566299975 0.204300001
vt -0.526300013 0.197799996
vt -0.486400008 0.248300001
vt -0.559400022 0.261000007
vt -0.618799984 0.261000007
vt -0.616400003 0.204300001
vt -0.676800013 0.240199998
vt -0.656700015 0.193000004
vt -0.483999997 0.238100007
vt -0.515699983 0.197600007
vt -0.810800016 0.213100001
vt -0.907500029 0.213100001
vt -0.819000006 0.283499986
vt -0.907500029 0.34920001
vt -0.848200023 0.333200008
vt -0.819100022 0.207300007
vt -0.907500029 0.207300007
vt -0.930499971 0.260899991
vt -0.986500025 0.224999994
vt -0.926400006 0.224999994
vt -0.953999996 0.296000004
vt -0.986500025 0.308999985
vt -0.920799971 0.261799991
vt -0.916499972 0.224999994
vt -0.947399974 0.30309999
vt -0.986500025 0.318399996
vt -0.986500025 0.215000004
vt -0.92930001 0.215000004
vt -0.918299973 0.215000004
vt -0.930400014 0.204600006
vt -0.987900019 0.204699993
vt -0.987900019 0.154899999
vt -0.898400009 0.154899999
vt -0.92110002 0.199100003
vt 0.433699995 0.204300001
vt 0.440600008 0.261000007
vt 0.513599992 0.248300001
vt 0.473699987 0.197799996
vt 0.381199986 0.261000007
vt 0.383599997 0.204300001
vt 0.323199987 0.240199998
vt 0.343300015 0.193000004
vt 0.515999973 0.238100007
vt 0.484299988 0.197600007
vt 0.189199999 0.213100001
vt 0.180999994 0.283499986
vt 0.0925000012 0.213100001
vt 0.0925000012 0.34920001
vt 0.151800007 0.333200008
vt 0.180899993 0.207300007
vt 0.0925000012 0.207300007
vt 0.0694999993 0.260899991
vt 0.0736000016 0.224999994
vt 0.0135000004 0.224999994
vt 0.0460000001 0.296000004
vt 0.0135000004 0.308999985
vt 0.0791999996 0.261799991
vt 0.0834999979 0.224999994
vt 0.0526000001 0.30309999
vt 0.0135000004 0.318399996
vt 0.0135000004 0.215000004
vt 0.0706999972 0.215000004
vt 0.0816999972 0.215000004
vt 0.069600001 0.204600006
vt 0.101599999 0.154899999
vt 0.0120999999 0.154899999
vt 0.0120999999 0.204699993
vt 0.0789000019 0.199100003
vt -0.311500013 0.228699997
vt -0.306400001 0.238700002
vt -0.335200012 0.237800002
vt -0.334600002 0.219799995
vt -0.320899993 0.220200002
vt -0.442299992 0.2368
vt -0.431499988 0.221399993
vt -0.441799998 0.256399989
vt -0.408199996 0.220699996
vt -0.424499989 0.263200015
vt -0.388000011 0.220500007
vt -0.410299987 0.271899998
vt -0.462199986 0.256099999
vt -0.461899996 0.236599997
vt -0.439200014 0.221100003
vt -0.443599999 0.232600003
vt -0.440899998 0.222200006
vt -0.461899996 0.232299998
vt -0.461800009 0.221599996
vt -0.321099997 0.242899999
vt -0.326700002 0.248999998
vt -0.333499998 0.248799995
vt -0.324600011 0.242699996
vt -0.33860001 0.256500006
vt -0.310699999 0.243699998
vt -0.320300013 0.243399993
vt -0.378300011 0.300199986
vt -0.410299987 0.271899998
vt -0.388000011 0.220500007
vt -0.343199998 0.260600001
vt -0.326700002 0.248999998
vt -0.321099997 0.242899999
vt -0.320300013 0.243399993
vt 0.688499987 0.228699997
vt 0.664799988 0.237800002
vt 0.693599999 0.238700002
vt 0.665400028 0.219799995
vt 0.679099977 0.220200002
vt 0.557699978 0.2368
vt 0.558200002 0.256399989
vt 0.568499982 0.221399993
vt 0.591799974 0.220699996
vt 0.575500011 0.263200015
vt 0.611999989 0.220500007
vt 0.589699984 0.271899998
vt 0.537800014 0.256099999
vt 0.538100004 0.236599997
vt 0.560800016 0.221100003
vt 0.556400001 0.232600003
vt 0.559099972 0.222200006
vt 0.538100004 0.232299998
vt 0.538200021 0.221599996
vt 0.678900003 0.242899999
vt 0.675400019 0.242699996
vt 0.666499972 0.248799995
vt 0.689100027 0.256599993
vt 0.66140002 0.256500006
vt 0.679700017 0.243399993
vt 0.689300001 0.243699998
vt 0.621699989 0.300199986
vt 0.656799972 0.260600001
vt 0.611999989 0.220500007
vt 0.589699984 0.271899998
vt -0.0612000003 0.54339999
vt -0.0604000017 0.588699996
vt -0.159099996 0.585699975
vt -0.160400003 0.560299993
vt -0.00520000001 0.586600006
vt -0.00469999993 0.537999988
vt -0.184400007 0.568599999
vt -0.183500007 0.588699996
vt -0.216499999 0.602999985
vt -0.224199995 0.583899975
vt -0.175799996 0.694000006
vt -0.119400002 0.599399984
vt -0.0254999995 0.63499999
vt -0.0252999999 0.693700016
vt -0.175899997 0.594299972
vt -0.00430000015 0.692700028
vt -0.00490000006 0.65140003
vt -0.304100007 0.640399992
vt -0.398400009 0.640500009
vt -0.398499995 0.589399993
vt -0.304199994 0.560400009
vt -0.249200001 0.556200027
vt -0.418799996 0.638400018
vt -0.418900013 0.604499996
vt -0.420300007 0.436100006
vt -0.516499996 0.436100006
vt -0.516499996 0.405000001
vt -0.420300007 0.405000001
vt -0.363999993 0.405000001
vt -0.377700001 0.436100006
vt -0.538800001 0.436100006
vt -0.538800001 0.405000001
vt -0.563600004 0.436100006
vt -0.563600004 0.405000001
vt -0.363999993 0.378399998
vt -0.516499996 0.378399998
vt -0.420300007 0.460000008
vt -0.538800001 0.460000008
vt -0.377700001 0.460000008
vt -0.538800001 0.40079999
vt -0.563600004 0.378399998
vt -0.722800016 0.362699986
vt -0.728900015 0.40110001
vt -0.749100029 0.395900011
vt -0.736000001 0.359299988
vt -0.709200025 0.363599986
vt -0.708100021 0.402500004
vt -0.69569999 0.361999989
vt -0.687399983 0.400000006
vt -0.682699978 0.357899994
vt -0.667599976 0.393700004
vt -0.670700014 0.351399988
vt -0.649200022 0.383899987
vt -0.660000026 0.342900008
vt -0.633000016 0.370799989
vt -0.651199996 0.332500011
vt -0.619400024 0.354999989
vt -0.644400001 0.32069999
vt -0.609000027 0.336899996
vt -0.748399973 0.353599995
vt -0.768000007 0.387100011
vt -0.78490001 0.375
vt -0.75940001 0.345600009
vt -0.799300015 0.359899998
vt -0.76880002 0.335799992
vt -0.810699999 0.342400014
vt -0.776300013 0.324299991
vt -0.799700022 0.296700001
vt -0.774699986 0.287800014
vt -0.791800022 0.307999998
vt -0.779399991 0.313899994
vt -0.765699983 0.312700003
vt -0.754499972 0.304899991
vt -0.748600006 0.292499989
vt -0.74970001 0.278800011
vt -0.757499993 0.267500013
vt -0.769900024 0.261700004
vt -0.783599973 0.262800008
vt -0.7949 0.270599991
vt -0.800800025 0.282999992
vt -0.911000013 0.142000005
vt -0.911000013 0.104599997
vt -0.993099988 0.104599997
vt -0.993099988 0.142000005
vt -0.792800009 0.104599997
vt -0.792800009 0.142000005
vt -0.786499977 0.104599997
vt -0.786499977 0.142000005
vt -0.77579999 0.142000005
vt -0.77579999 0.104599997
vt -0.769500017 0.104599997
vt -0.769500017 0.142000005
vt -0.678499997 0.104599997
vt -0.678499997 0.142000005
vt -0.484100014 0.368900001
vt -0.59859997 0.344900012
vt -0.629100025 0.269199997
vt -0.485700011 0.292899996
vt -0.478300005 0.36469999
vt -0.470400006 0.292899996
vt -0.467599988 0.364600003
vt -0.481299996 0.292899996
vt -0.485700011 0.292899996
vt -0.470400006 0.292899996
vt -0.465900004 0.292899996
vt -0.461699992 0.368600011
vt -0.395799994 0.292899996
vt -0.370900005 0.368600011
vt 0.0890000015 0.142000005
vt 0.00689999992 0.142000005
vt 0.00689999992 0.104599997
vt 0.0890000015 0.104599997
vt 0.207200006 0.104599997
vt 0.207200006 0.142000005
vt 0.213499993 0.104599997
vt 0.213499993 0.142000005
vt 0.224199995 0.142000005
vt 0.224199995 0.104599997
vt 0.230499998 0.104599997
vt 0.230499998 0.142000005
vt 0.321500003 0.104599997
vt 0.321500003 0.142000005
vt 0.515900016 0.368900001
vt 0.514299989 0.292899996
vt 0.370900005 0.269199997
vt 0.4014 0.344900012
vt 0.521700025 0.36469999
vt 0.529600024 0.292899996
vt 0.518700004 0.292899996
vt 0.532400012 0.364600003
vt 0.514299989 0.292899996
vt 0.538299978 0.368600011
vt 0.534099996 0.292899996
vt 0.604200006 0.292899996
vt 0.629100025 0.368600011
vt 0.529600024 0.292899996
vt -0.994099975 0.917100012
vt -0.944700003 0.917100012
vt -0.944700003 0.994300008
vt -0.994099975 0.994300008
vt -0.895399988 0.994300008
vt -0.895399988 0.917100012
vt -0.870400012 0.994300008
vt -0.870400012 0.917100012
vt -0.944700003 0.843500018
vt -0.994099975 0.843500018
vt -0.895399988 0.843500018
vt -0.870400012 0.843500018
vt -0.944700003 0.806900024
vt -0.994099975 0.806900024
vt -0.895399988 0.806900024
vt -0.870400012 0.806900024
vt -0.065200001 0.70599997
vt -0.0705000013 0.767700016
vt -0.0938000008 0.764800012
vt -0.0838999972 0.702300012
vt -0.0287999995 0.700500011
vt -0.0287999995 0.791199982
vt -0.00319999992 0.791199982
vt -0.00319999992 0.700399995
vt -0.301299989 0.823800027
vt -0.255600005 0.824100018
vt -0.281899989 0.848200023
vt -0.300900012 0.84799999
vt -0.301400006 0.797999978
vt -0.255400002 0.798200011
vt -0.0978000015 0.730300009
vt -0.0983000025 0.768400013
vt -0.121399999 0.76819998
vt -0.149499997 0.73089999
vt -0.0980999991 0.704400003
vt -0.150600001 0.704999983
vt 0.934800029 0.70599997
vt 0.916100025 0.702300012
vt 0.906199992 0.764800012
vt 0.929499984 0.767700016
vt 0.971199989 0.700500011
vt 0.971199989 0.791199982
vt 0.996800005 0.791199982
vt 0.996800005 0.700399995
vt 0.698700011 0.823800027
vt 0.699100018 0.84799999
vt 0.718100011 0.848200023
vt 0.744400024 0.824100018
vt 0.698599994 0.797999978
vt 0.744599998 0.798200011
vt 0.902199984 0.730300009
vt 0.850499988 0.73089999
vt 0.878600001 0.76819998
vt 0.90170002 0.768400013
vt 0.901899993 0.704400003
vt 0.849399984 0.704999983
vt -0.577400029 0.122000001
vt -0.544399977 0.120399997
vt -0.544399977 0.0680000037
vt -0.544399977 0.0649000034
vt -0.577000022 0.0649000034
vt -0.645500004 0.0649000034
vt -0.636799991 0.134499997
vt -0.671000004 0.0649000034
vt -0.671299994 0.138799995
vt -0.537999988 0.168200001
vt -0.628400028 0.149399996
vt -0.638300002 0.181999996
vt -0.537999988 0.181999996
vt -0.571799994 0.129800007
vt -0.537800014 0.129800007
vt -0.152400002 0.742200017
vt -0.27669999 0.742200017
vt -0.266799986 0.767199993
vt -0.152600005 0.752300024
vt -0.169699997 0.786300004
vt -0.201700002 0.78549999
vt 0.455599993 0.120399997
vt 0.422600001 0.122000001
vt 0.423000008 0.0649000034
vt 0.455599993 0.0649000034
vt 0.455599993 0.0680000037
vt 0.363200009 0.134499997
vt 0.354499996 0.0649000034
vt 0.328700006 0.138799995
vt 0.328999996 0.0649000034
vt 0.462000012 0.168200001
vt 0.462000012 0.181999996
vt 0.361699998 0.181999996
vt 0.371600002 0.149399996
vt 0.428200006 0.129800007
vt 0.462199986 0.129800007
vt 0.847599983 0.742200017
vt 0.84740001 0.752300024
vt 0.733200014 0.767199993
vt 0.72329998 0.742200017
vt 0.830299973 0.786300004
vt 0.798300028 0.78549999
vt -0.869400024 0.00400000019
vt -0.869400024 0.0582000017
vt -0.900300026 0.0582000017
vt -0.900300026 0.00400000019
vt -0.838500023 0.00400000019
vt -0.838500023 0.0582000017
vt -0.807600021 0.00400000019
vt -0.807600021 0.0582000017
vt -0.77670002 0.00400000019
vt -0.77670002 0.0582000017
vt -0.745800018 0.00400000019
vt -0.745800018 0.0582000017
vt -0.714900017 0.00400000019
vt -0.714900017 0.0582000017
vt -0.684000015 0.00400000019
vt -0.684000015 0.0582000017
vt -0.653100014 0.00400000019
vt -0.653100014 0.0582000017
vt -0.622099996 0.00400000019
vt -0.622099996 0.0582000017
vt -0.962199986 0.00400000019
vt -0.962199986 0.0582000017
vt -0.993099988 0.0582000017
vt -0.993099988 0.00400000019
vt -0.931299984 0.00400000019
vt -0.931299984 0.0582000017
vt -0.395000011 0.702499986
vt -0.393599987 0.73269999
vt -0.399899989 0.734700024
vt -0.401600003 0.701099992
vt -0.381799996 0.763000011
vt -0.377299994 0.758000016
vt -0.351900011 0.778400004
vt -0.350499988 0.771799982
vt -0.318300009 0.776799977
vt -0.320300013 0.770399988
vt -0.289999992 0.758599997
vt -0.294999987 0.754100025
vt -0.274599999 0.728699982
vt -0.281199992 0.727299988
vt -0.276199996 0.695100009
vt -0.282599986 0.6972
vt -0.294400007 0.666899979
vt -0.298900008 0.671800017
vt -0.324299991 0.651499987
vt -0.325700015 0.657999992
vt -0.357899994 0.653100014
vt -0.355800003 0.659500003
vt -0.386099994 0.671299994
vt -0.381199986 0.675800025
vt -0.314549983 0.75150001
vt -0.358049989 0.753600001
vt -0.381550014 0.717000008
vt -0.318149984 0.676249981
vt -0.294649988 0.712849975
vt -0.361599982 0.678349972
vt -0.354699999 0.715749979
vt -0.345649987 0.729650021
vt -0.321500003 0.714149952
vt -0.329100013 0.728899956
vt -0.330449998 0.700150013
vt -0.347050011 0.700950027
vt -0.338099986 0.714900017
vt -0.799899995 0.541599989
vt -0.802200019 0.619300008
vt -0.871299982 0.634000003
vt -0.864799976 0.550700009
vt -0.904399991 0.627499998
vt -0.940599978 0.588699996
vt -0.911300004 0.527199984
vt -0.930999994 0.506500006
vt -0.988799989 0.539300025
vt -0.895399988 0.0653999969
vt -0.850499988 0.0653999969
vt -0.850499988 0.0960000008
vt -0.895399988 0.0960000008
vt -0.777199984 0.0653999969
vt -0.777199984 0.0960000008
vt -0.686500013 0.0653999969
vt -0.686500013 0.0960000008
vt -0.992799997 0.0960000008
vt -0.992799997 0.0653999969
vt -0.217800006 0.390899986
vt -0.230599999 0.390899986
vt -0.230599999 0.340900004
vt -0.217800006 0.340900004
vt -0.204699993 0.340900004
vt -0.204699993 0.390899986
vt -0.185253546 0.341612607
vt -0.185932919 0.391390771
vt -0.242899999 0.390899986
vt -0.242899999 0.340900004
vt -0.254900008 0.390899986
vt -0.254900008 0.340900004
vt -0.230599999 0.475600004
vt -0.217800006 0.475600004
vt -0.217800006 0.486099988
vt -0.230599999 0.486099988
vt -0.204699993 0.486099988
vt -0.204699993 0.475600004
vt -0.242899999 0.475600004
vt -0.242899999 0.486099988
vt -0.254900008 0.475600004
vt -0.254900008 0.486099988
vt -0.230599999 0.515600026
vt -0.217800006 0.515600026
vt -0.230599999 0.533200026
vt -0.217800006 0.533200026
vt -0.204699993 0.533200026
vt -0.204699993 0.515600026
vt -0.242899999 0.533200026
vt -0.242899999 0.515600026
vt -0.254900008 0.533200026
vt -0.254900008 0.515600026
vt -0.230599999 0.546999991
vt -0.217800006 0.546999991
vt -0.204699993 0.546999991
vt -0.254900008 0.546999991
vt -0.272172481 0.531674385
vt -0.271706522 0.547453701
vt -0.242899999 0.546999991
vt -0.271683961 0.515930951
vt -0.254900008 0.515600026
vt -0.272168458 0.535013855
vt -0.273997515 0.516332924
vt -0.272852838 0.48899129
vt -0.254900008 0.486099988
vt -0.186109439 0.487751365
vt -0.204699993 0.486099988
vt -0.204699993 0.475600004
vt -0.204699993 0.475600004
vt -0.185988948 0.477041692
vt -0.186574012 0.470914394
vt -0.185811415 0.389990568
vt -0.176699996 0.797399998
vt -0.157399997 0.797399998
vt -0.157399997 0.844299972
vt -0.176699996 0.844299972
vt -0.138099998 0.797399998
vt -0.138099998 0.844299972
vt -0.118699998 0.797399998
vt -0.118699998 0.844299972
vt -0.0992999971 0.797399998
vt -0.0992999971 0.844299972
vt -0.0799999982 0.797399998
vt -0.0799999982 0.844299972
vt -0.060800001 0.797399998
vt -0.060800001 0.844299972
vt -0.0417999998 0.797399998
vt -0.0417999998 0.844299972
vt -0.023 0.797399998
vt -0.023 0.844299972
vt -0.00449999981 0.797399998
vt -0.00449999981 0.844299972
vt -0.214699998 0.797399998
vt -0.214699998 0.844299972
vt -0.2333 0.844299972
vt -0.2333 0.797399998
vt -0.195800006 0.797399998
vt -0.195800006 0.844299972
vt -0.679199994 0.282900006
vt -0.670300007 0.269800007
vt -0.657500029 0.28459999
vt -0.671800017 0.291500002
vt -0.689999998 0.279100001
vt -0.688799977 0.263300002
vt -0.701099992 0.281300008
vt -0.708000004 0.26699999
vt -0.709699988 0.288700014
vt -0.722800016 0.279799998
vt -0.713500023 0.299400002
vt -0.729200006 0.298299998
vt -0.711300015 0.310600013
vt -0.725600004 0.317499995
vt -0.70389998 0.319200009
vt -0.712800026 0.332300007
vt -0.693199992 0.322899997
vt -0.694299996 0.338699996
vt -0.681999981 0.320800006
vt -0.675100029 0.335000008
vt -0.673399985 0.3134
vt -0.660300016 0.322299987
vt -0.653900027 0.303799987
vt -0.669700027 0.302599996
vt -0.691600025 0.300999999
vt -0.275700003 0.478199989
vt -0.329600006 0.478199989
vt -0.33039999 0.433999985
vt -0.275700003 0.433999985
vt -0.275700003 0.545899987
vt -0.351999998 0.545899987
vt -0.356900007 0.360900015
vt -0.275700003 0.360900015
vt -0.268599987 0.860700011
vt -0.269400001 0.904699981
vt -0.320899993 0.899600029
vt -0.322899997 0.869099975
vt -0.323199987 0.911899984
vt -0.325199991 0.942600012
vt -0.276899993 0.95569998
vt -0.26820001 0.91170001
vt -0.847899973 0.459699988
vt -0.838800013 0.493800014
vt -0.891200006 0.493900001
vt -0.900699973 0.459500015
vt -0.83069998 0.437099993
vt -0.891900003 0.437299997
vt -0.834800005 0.497299999
vt -0.890399992 0.497700006
vt -0.890799999 0.433200002
vt -0.824599981 0.433400005
vt -0.843999982 0.459800005
vt -0.972599983 0.335799992
vt -0.917299986 0.335799992
vt -0.916599989 0.35679999
vt -0.971899986 0.35679999
vt -0.950100005 0.41049999
vt -0.995299995 0.395399988
vt -0.969799995 0.479699999
vt -0.903900027 0.478899986
vt -0.904399991 0.498899996
vt -0.970300019 0.499599993
vt -0.943199992 0.420700014
vt -0.995299995 0.441900015
vt -0.890600026 0.423500001
vt -0.91170001 0.423500001
vt -0.917200029 0.385600001
vt -0.896099985 0.385600001
vt -0.889999986 0.352800012
vt -0.910000026 0.353799999
vt -0.0162000004 0.477499992
vt -0.0353999995 0.477600008
vt -0.0353999995 0.452499986
vt -0.0203000009 0.452499986
vt -0.0174000002 0.490500003
vt -0.0353999995 0.490500003
vt -0.0227000006 0.432000011
vt -0.0353999995 0.432000011
vt -0.00310000009 0.532599986
vt -0.0353999995 0.532599986
vt -0.122000001 0.541700006
vt -0.166299999 0.540700018
vt -0.176799998 0.532999992
vt -0.1417 0.532800019
vt -0.187000006 0.509899974
vt -0.148699999 0.507000029
vt -0.130199999 0.516499996
vt -0.139799997 0.488700002
vt -0.179299995 0.490799993
vt -0.120800003 0.498100013
vt -0.0252999999 0.396899998
vt -0.0249000005 0.422100008
vt -0.0533000007 0.407599986
vt -0.0535000004 0.397300005
vt -0.00879999995 0.396600008
vt -0.0083999997 0.418000013
vt 0.983799994 0.477499992
vt 0.979700029 0.452499986
vt 0.964600027 0.452499986
vt 0.964600027 0.477600008
vt 0.982599974 0.490500003
vt 0.964600027 0.490500003
vt 0.977299988 0.432000011
vt 0.964600027 0.432000011
vt 0.996900022 0.532599986
vt 0.964600027 0.532599986
vt 0.878000021 0.541700006
vt 0.858299971 0.532800019
vt 0.823199987 0.532999992
vt 0.833700001 0.540700018
vt 0.813000023 0.509899974
vt 0.851300001 0.507000029
vt 0.869799972 0.516499996
vt 0.860199988 0.488700002
vt 0.82069999 0.490799993
vt 0.879199982 0.498100013
vt 0.974699974 0.396899998
vt 0.946500003 0.397300005
vt 0.946699977 0.407599986
vt 0.975099981 0.422100008
vt 0.99119997 0.396600008
vt 0.991599977 0.418000013
vt -0.473800004 0.785399973
vt -0.473800004 0.815800011
vt -0.539799988 0.815800011
vt -0.539799988 0.785399973
vt -0.598500013 0.785399973
vt -0.598500013 0.815800011
vt -0.621599972 0.815800011
vt -0.621599972 0.785399973
vt -0.634000003 0.815800011
vt -0.634000003 0.785399973
vt -0.428900003 0.815800011
vt -0.428900003 0.785399973
vt -0.377499998 0.785399973
vt -0.377499998 0.815800011
vt -0.345699996 0.815800011
vt -0.345699996 0.785399973
vt -0.4463 0.693400025
vt -0.466399997 0.643599987
vt -0.424199998 0.674499989
vt -0.4102 0.70389998
vt -0.481099993 0.668600023
vt -0.522800028 0.663200021
vt -0.508899987 0.627499998
vt -0.576300025 0.630599976
vt -0.567099988 0.677900016
vt -0.63349998 0.65109998
vt -0.649699986 0.666400015
vt -0.637499988 0.706499994
vt -0.6602 0.671599984
vt -0.421799988 0.72359997
vt -0.451599985 0.763999999
vt -0.4111 0.74119997
vt -0.451000005 0.707499981
vt -0.4102 0.757399976
vt -0.474599987 0.745199978
vt -0.513199985 0.734099984
vt -0.491899997 0.689199984
vt -0.556200027 0.683000028
vt -0.556400001 0.733799994
vt -0.611899972 0.703800023
vt -0.613499999 0.761099994
vt -0.627499998 0.72240001
vt -0.639199972 0.780399978
vt -0.638899982 0.729600012
vt -0.435600013 0.778400004
vt -0.802299976 0.372000009
vt -0.809300005 0.412400007
vt -0.872099996 0.413500011
vt -0.883099973 0.355399996
vt -0.756500006 0.687399983
vt -0.756500006 0.724799991
vt -0.673099995 0.724799991
vt -0.673099995 0.687399983
vt -0.831499994 0.687399983
vt -0.831499994 0.724799991
vt -0.673099995 0.764500022
vt -0.756500006 0.764500022
vt -0.831499994 0.764500022
vt -0.673099995 0.819100022
vt -0.756500006 0.819100022
vt -0.831499994 0.819100022
vt -0.492000014 0.945500016
vt -0.419200003 0.945500016
vt -0.420899987 0.988600016
vt -0.488200009 0.988600016
vt -0.424899995 0.82980001
vt -0.485700011 0.822700024
vt -0.350199997 0.828299999
vt -0.335000008 0.962100029
vt -0.412800014 0.962100029
vt -0.404300004 0.828299999
vt -0.377200007 0.997600019
vt -0.497200012 0.958599985
vt -0.560599983 0.823400021
vt -0.509599984 0.823400021
vt -0.570599973 0.958599985
vt -0.529500008 0.991400003
vt -0.296700001 0.233099997
vt -0.247199997 0.220799997
vt -0.238900006 0.243200004
vt -0.28490001 0.265199989
vt -0.302399993 0.200599998
vt -0.25150001 0.197300002
vt -0.301699996 0.166899994
vt -0.251399994 0.173500001
vt -0.247099996 0.150000006
vt -0.296900004 0.133200005
vt -0.251899987 0.122599997
vt -0.284999996 0.100699998
vt -0.252499998 0.100699998
vt -0.262699991 0.0923999995
vt -0.284999996 0.0923999995
vt -0.268700004 0.0731000006
vt -0.284999996 0.0731000006
vt -0.268700004 0.0731000006
vt -0.284999996 0.0700000003
vt -0.265399992 0.0700000003
vt -0.284999996 0.0615000017
vt -0.265500009 0.0615000017
vt -0.229000002 0.153699994
vt -0.194600001 0.153699994
vt -0.194600001 0.173899993
vt -0.2192 0.173899993
vt -0.228200004 0.140799999
vt -0.194600001 0.140799999
vt -0.234300002 0.197600007
vt -0.194600001 0.197600007
vt -0.194600001 0.220699996
vt -0.240199998 0.220699996
vt -0.194600001 0.122100003
vt -0.226500005 0.122100003
vt -0.226099998 0.117700003
vt -0.194600001 0.117700003
vt -0.194600001 0.109200001
vt -0.226300001 0.109200001
vt -0.233799994 0.243699998
vt -0.194600001 0.243699998
vt -0.216700003 0.260699987
vt -0.194600001 0.266600013
vt -0.194100007 0.103200004
vt -0.225700006 0.103200004
vt -0.225700006 0.0832000002
vt -0.194100007 0.0832000002
vt 0.703299999 0.233099997
vt 0.71509999 0.265199989
vt 0.761099994 0.243200004
vt 0.752799988 0.220799997
vt 0.697600007 0.200599998
vt 0.74849999 0.197300002
vt 0.698300004 0.166899994
vt 0.748600006 0.173500001
vt 0.752900004 0.150000006
vt 0.703100026 0.133200005
vt 0.748099983 0.122599997
vt 0.714999974 0.100699998
vt 0.747500002 0.100699998
vt 0.737299979 0.0923999995
vt 0.714999974 0.0923999995
vt 0.731299996 0.0731000006
vt 0.714999974 0.0731000006
vt 0.714999974 0.0700000003
vt 0.734600008 0.0700000003
vt 0.714999974 0.0615000017
vt 0.734499991 0.0615000017
vt 0.771000028 0.153699994
vt 0.780799985 0.173899993
vt 0.805400014 0.173899993
vt 0.805400014 0.153699994
vt 0.771799982 0.140799999
vt 0.805400014 0.140799999
vt 0.765699983 0.197600007
vt 0.805400014 0.197600007
vt 0.805400014 0.220699996
vt 0.759800017 0.220699996
vt 0.805400014 0.122100003
vt 0.773500025 0.122100003
vt 0.773899972 0.117700003
vt 0.805400014 0.117700003
vt 0.805400014 0.109200001
vt 0.773699999 0.109200001
vt 0.766200006 0.243699998
vt 0.805400014 0.243699998
vt 0.783299983 0.260699987
vt 0.805400014 0.266600013
vt 0.805899978 0.103200004
vt 0.805899978 0.0832000002
vt 0.774299979 0.0832000002
vt 0.774299979 0.103200004
vt -0.421600014 0.557699978
vt -0.421600014 0.592100024
vt -0.486200005 0.592100024
vt -0.486200005 0.557699978
vt -0.486200005 0.522599995
vt -0.421600014 0.522599995
vt -0.486200005 0.4921
vt -0.421600014 0.4921
vt -0.486200005 0.468100011
vt -0.421600014 0.468100011
vt -0.491400003 0.468400002
vt -0.493800014 0.530799985
vt -0.547299981 0.530799985
vt -0.564599991 0.468400002
vt -0.493999988 0.533800006
vt -0.493600011 0.621200025
vt -0.522099972 0.614099979
vt -0.493600011 0.538100004
vt -0.543600023 0.593400002
vt -0.551800013 0.565100014
vt -0.548300028 0.538100004
vt 0.578400016 0.557699978
vt 0.513800025 0.557699978
vt 0.513800025 0.592100024
vt 0.578400016 0.592100024
vt 0.513800025 0.522599995
vt 0.578400016 0.522599995
vt 0.513800025 0.4921
vt 0.578400016 0.4921
vt 0.513800025 0.468100011
vt 0.578400016 0.468100011
vt 0.508599997 0.468400002
vt 0.435400009 0.468400002
vt 0.452699989 0.530799985
vt 0.506200016 0.530799985
vt 0.505999982 0.533800006
vt 0.506399989 0.621200025
vt 0.506399989 0.538100004
vt 0.477899998 0.614099979
vt 0.456400007 0.593400002
vt 0.448199987 0.565100014
vt 0.451700002 0.538100004
vt -0.349000007 0.0908000022
vt -0.412600011 0.0820000023
vt -0.415699989 0.0505000018
vt -0.335200012 0.0533999987
vt -0.418199986 0.00850000046
vt -0.334699988 0.0127999997
vt -0.227799997 0.0471000001
vt -0.2236 0.00579999993
vt -0.481999993 0.0548
vt -0.480100006 0.0846000016
vt -0.486200005 0.0143999998
vt -0.524600029 0.0847000033
vt -0.524699986 0.0540000014
vt -0.524800003 0.0148
vt -0.219999999 0.0634000003
vt -0.151800007 0.0129000004
vt -0.152099997 0.0675000027
vt -0.056400001 0.0912000015
vt -0.00719999988 0.0487000011
vt -0.0137 0.0892999992
vt -0.127175003 0.365254998
vt -0.126883999 0.378199011
vt -0.176491007 0.378199011
vt -0.176491007 0.365254998
vt -0.176491007 0.412337989
vt -0.120573997 0.412337989
vt -0.176491007 0.417968988
vt -0.122224003 0.417968988
vt -0.133971006 0.436542988
vt -0.156233996 0.45935601
vt -0.176523 0.45935601
vt -0.176523 0.468966991
vt -0.166135997 0.468966991
vt -0.143354997 0.352021009
vt -0.176523 0.350014001
vt -0.162026003 0.340306997
vt 0.651000023 0.0908000022
vt 0.664799988 0.0533999987
vt 0.584299982 0.0505000018
vt 0.587400019 0.0820000023
vt 0.581799984 0.00850000046
vt 0.665300012 0.0127999997
vt 0.772199988 0.0471000001
vt 0.77640003 0.00579999993
vt 0.518000007 0.0548
vt 0.519900024 0.0846000016
vt 0.513800025 0.0143999998
vt 0.475400001 0.0847000033
vt 0.475300014 0.0540000014
vt 0.475199997 0.0148
vt 0.779999971 0.0634000003
vt 0.848200023 0.0129000004
vt 0.847899973 0.0675000027
vt 0.943599999 0.0912000015
vt 0.992799997 0.0487000011
vt 0.986299992 0.0892999992
vt 0.872841001 0.365251005
vt 0.823495984 0.365251005
vt 0.823495984 0.378201991
vt 0.87313199 0.378201991
vt 0.823495984 0.412362009
vt 0.87944603 0.412362009
vt 0.823495984 0.417995989
vt 0.877794981 0.417995989
vt 0.866041005 0.436580986
vt 0.84376502 0.459407985
vt 0.823463023 0.459407985
vt 0.823463023 0.469024986
vt 0.833857 0.469024986
vt 0.856651008 0.352007985
vt 0.823463023 0.349999994
vt 0.837969005 0.340287
vt -0.412099987 0.564499974
vt -0.412200004 0.537
vt -0.3935 0.539099991
vt -0.39289999 0.558499992
vt -0.399199992 0.528199971
vt -0.396100014 0.486099988
vt -0.412099987 0.472799987
vt -0.383899987 0.473100007
vt -0.817700028 0.201499999
vt -0.796899974 0.148000002
vt -0.798699975 0.2051
vt -0.82950002 0.198400006
vt -0.857900023 0.145899996
vt -0.869499981 0.185000002
vt -0.881200016 0.145600006
vt -0.886799991 0.181999996
vt -0.952899992 0.60769999
vt -0.992999971 0.600099981
vt -0.992999971 0.645399988
vt -0.956849992 0.649500012
vt -0.992999971 0.728999972
vt -0.953199983 0.727599978
vt -0.916800022 0.629299998
vt -0.924250007 0.654550016
vt -0.903400004 0.720200002
vt -0.949199975 0.79460001
vt -0.992999971 0.798799992
vt -0.888000011 0.780499995
vt -0.894699991 0.655700028
vt -0.866599977 0.706099987
vt -0.840600014 0.754999995
vt 0.0471000001 0.60769999
vt 0.0431500003 0.649500012
vt 0.00700000022 0.645399988
vt 0.00700000022 0.600099981
vt 0.00700000022 0.728999972
vt 0.0467999987 0.727599978
vt 0.0832000002 0.629299998
vt 0.0757500008 0.654550016
vt 0.0966000035 0.720200002
vt 0.0507999994 0.79460001
vt 0.00700000022 0.798799992
vt 0.112000003 0.780499995
vt 0.105300002 0.655700028
vt 0.133399993 0.706099987
vt 0.159400001 0.754999995
vt -0.342799991 0.272199988
vt -0.306499988 0.272199988
vt -0.303199649 0.324124783
vt -0.342799991 0.324499995
vt -0.234899998 0.272199988
vt -0.234899998 0.329699993
vt -0.195199996 0.272199988
vt -0.195199996 0.333900005
vt -0.748113453 0.591375828
vt -0.697899997 0.642099977
vt -0.790300012 0.659000039
vt -0.788900018 0.590600014
vt -0.682399988 0.677900016
vt 0.657199979 0.272199988
vt 0.657199979 0.324499995
vt 0.696800232 0.32412079
vt 0.693499982 0.272199988
vt 0.765100002 0.272199988
vt 0.765100002 0.329699993
vt 0.804799974 0.272199988
vt 0.804799974 0.333900005
vt 0.254636496 0.588456988
vt 0.211099997 0.590600014
vt 0.209699988 0.659000039
vt 0.302100003 0.642099977
vt 0.317600012 0.677900016
vt 0.938799977 0.54339999
vt 0.839600027 0.560299993
vt 0.840900004 0.585699975
vt 0.939599991 0.588699996
vt 0.994799972 0.586600006
vt 0.995299995 0.537999988
vt 0.815599978 0.568599999
vt 0.816500008 0.588699996
vt 0.783500016 0.602999985
vt 0.77579999 0.583899975
vt 0.880800009 0.693899989
vt 0.974699974 0.693700016
vt 0.9745 0.63499999
vt 0.880599976 0.599399984
vt 0.824100018 0.594299972
vt 0.995700002 0.692700028
vt 0.995100021 0.65140003
vt 0.601599991 0.640500009
vt 0.750899971 0.640299976
vt 0.695800006 0.560400009
vt 0.601499975 0.589399993
vt 0.750800014 0.556200027
vt 0.581200004 0.638400018
vt 0.581099987 0.604499996
vt 0.483500004 0.436100006
vt 0.579699993 0.436100006
vt 0.579699993 0.405000001
vt 0.483500004 0.405000001
vt 0.622300029 0.405000001
vt 0.635999978 0.436100006
vt 0.461199999 0.436100006
vt 0.461199999 0.405000001
vt 0.436399996 0.436100006
vt 0.436399996 0.405000001
vt 0.579699993 0.378399998
vt 0.461199999 0.378399998
vt 0.483500004 0.460000008
vt 0.579699993 0.460000008
vt 0.635999978 0.460000008
vt 0.277200013 0.362699986
vt 0.263999999 0.359299988
vt 0.2509 0.395900011
vt 0.271100014 0.40110001
vt 0.290800005 0.363599986
vt 0.291900009 0.402500004
vt 0.30430001 0.361999989
vt 0.312599987 0.400000006
vt 0.317299992 0.357899994
vt 0.332399994 0.393700004
vt 0.329299986 0.351399988
vt 0.350800008 0.383899987
vt 0.340000004 0.342900008
vt 0.367000014 0.370799989
vt 0.348800004 0.332500011
vt 0.380600005 0.354999989
vt 0.355599999 0.32069999
vt 0.391000003 0.336899996
vt 0.251599997 0.353599995
vt 0.231999993 0.387100011
vt 0.215100005 0.375
vt 0.240600005 0.345600009
vt 0.2007 0.359899998
vt 0.231199995 0.335799992
vt 0.189300001 0.342400014
vt 0.223700002 0.324299991
vt 0.200299993 0.296700001
vt 0.208199993 0.307999998
vt 0.225299999 0.287800014
vt 0.220599994 0.313899994
vt 0.234300002 0.312700003
vt 0.245499998 0.304899991
vt 0.251399994 0.292499989
vt 0.25029999 0.278800011
vt 0.242500007 0.267500013
vt 0.230100006 0.261700004
vt 0.216399997 0.262800008
vt 0.2051 0.270599991
vt 0.199200004 0.282999992
vt 0.00590000022 0.917100012
vt 0.00590000022 0.994300008
vt 0.0553000011 0.994300008
vt 0.0553000011 0.917100012
vt 0.104599997 0.994300008
vt 0.104599997 0.917100012
vt 0.129600003 0.994300008
vt 0.129600003 0.917100012
vt 0.0553000011 0.843500018
vt 0.00590000022 0.843500018
vt 0.104599997 0.843500018
vt 0.129600003 0.843500018
vt 0.0553000011 0.806900024
vt 0.00590000022 0.806900024
vt 0.104599997 0.806900024
vt 0.129600003 0.806900024
vt 0.130600005 0.00400000019
vt 0.0996999964 0.00400000019
vt 0.0996999964 0.0582000017
vt 0.130600005 0.0582000017
vt 0.161500007 0.00400000019
vt 0.161500007 0.0582000017
vt 0.192399994 0.00400000019
vt 0.192399994 0.0582000017
vt 0.223299995 0.00400000019
vt 0.223299995 0.0582000017
vt 0.254200011 0.00400000019
vt 0.254200011 0.0582000017
vt 0.285100013 0.00400000019
vt 0.285100013 0.0582000017
vt 0.316000015 0.00400000019
vt 0.316000015 0.0582000017
vt 0.346899986 0.00400000019
vt 0.346899986 0.0582000017
vt 0.377900004 0.00400000019
vt 0.377900004 0.0582000017
vt 0.0377999991 0.00400000019
vt 0.00689999992 0.00400000019
vt 0.00689999992 0.0582000017
vt 0.0377999991 0.0582000017
vt 0.0687000006 0.00400000019
vt 0.0687000006 0.0582000017
vt 0.605000019 0.702499986
vt 0.598399997 0.701099992
vt 0.600099981 0.734700024
vt 0.606400013 0.73269999
vt 0.618200004 0.763000011
vt 0.622699976 0.758000016
vt 0.648100019 0.778400004
vt 0.649500012 0.771799982
vt 0.681699991 0.776799977
vt 0.679700017 0.770399988
vt 0.709999979 0.758599997
vt 0.704999983 0.754100025
vt 0.725399971 0.728699982
vt 0.718800008 0.727299988
vt 0.723800004 0.695100009
vt 0.717400014 0.6972
vt 0.705600023 0.666899979
vt 0.701099992 0.671800017
vt 0.675700009 0.651499987
vt 0.674300015 0.657999992
vt 0.642099977 0.653100014
vt 0.644200027 0.659500003
vt 0.613900006 0.671299994
vt 0.618799984 0.675800025
vt 0.685449958 0.75150001
vt 0.641950011 0.753600001
vt 0.618450046 0.717000008
vt 0.681850016 0.676249981
vt 0.705350041 0.712849975
vt 0.638399959 0.678349972
vt 0.645300031 0.715749979
vt 0.654349983 0.729650021
vt 0.678499997 0.714149952
vt 0.670899987 0.728899956
vt 0.669550002 0.700150013
vt 0.652950048 0.700950027
vt 0.661899984 0.714900017
vt 0.200100005 0.541599989
vt 0.135199994 0.550700009
vt 0.128700003 0.634000003
vt 0.197799996 0.619300008
vt 0.0956000015 0.627499998
vt 0.0593999997 0.588699996
vt 0.0886999965 0.527199984
vt 0.0689999983 0.506500006
vt 0.0111999996 0.539300025
vt 0.104599997 0.0653999969
vt 0.104599997 0.0960000008
vt 0.149499997 0.0960000008
vt 0.149499997 0.0653999969
vt 0.222800002 0.0653999969
vt 0.222800002 0.0960000008
vt 0.313499987 0.0653999969
vt 0.313499987 0.0960000008
vt 0.00719999988 0.0960000008
vt 0.00719999988 0.0653999969
vt 0.782199979 0.390899986
vt 0.782199979 0.340900004
vt 0.769400001 0.340900004
vt 0.769400001 0.390899986
vt 0.795300007 0.340900004
vt 0.795300007 0.390899986
vt 0.814746439 0.341612637
vt 0.814067125 0.391390771
vt 0.757099986 0.390899986
vt 0.757099986 0.340900004
vt 0.745100021 0.390899986
vt 0.745100021 0.340900004
vt 0.769400001 0.475600004
vt 0.782199979 0.475600004
vt 0.782199979 0.486099988
vt 0.769400001 0.486099988
vt 0.795300007 0.486099988
vt 0.795300007 0.475600004
vt 0.757099986 0.475600004
vt 0.757099986 0.486099988
vt 0.745100021 0.475600004
vt 0.745100021 0.486099988
vt 0.769400001 0.515600026
vt 0.782199979 0.515600026
vt 0.769400001 0.533200026
vt 0.782199979 0.533200026
vt 0.795300007 0.533200026
vt 0.795300007 0.515600026
vt 0.757099986 0.533200026
vt 0.757099986 0.515600026
vt 0.745100021 0.533200026
vt 0.745100021 0.515600026
vt 0.769400001 0.546999991
vt 0.782199979 0.546999991
vt 0.795300007 0.546999991
vt 0.745100021 0.546999991
vt 0.728293419 0.547453701
vt 0.727827489 0.531674385
vt 0.757099986 0.546999991
vt 0.728315949 0.515930951
vt 0.727831483 0.535013855
vt 0.745100021 0.515600026
vt 0.745100021 0.486099988
vt 0.727147102 0.48899129
vt 0.726002455 0.516332924
vt 0.795300007 0.486099988
vt 0.813890576 0.487751365
vt 0.814011037 0.477041692
vt 0.795300007 0.475600004
vt 0.795300007 0.475600004
vt 0.813425958 0.470914394
vt 0.81418854 0.389990598
vt 0.823300004 0.797399998
vt 0.823300004 0.844299972
vt 0.842599988 0.844299972
vt 0.842599988 0.797399998
vt 0.861899972 0.797399998
vt 0.861899972 0.844299972
vt 0.881299973 0.797399998
vt 0.881299973 0.844299972
vt 0.900699973 0.797399998
vt 0.900699973 0.844299972
vt 0.920000017 0.797399998
vt 0.920000017 0.844299972
vt 0.939199984 0.797399998
vt 0.939199984 0.844299972
vt 0.958199978 0.797399998
vt 0.958199978 0.844299972
vt 0.976999998 0.797399998
vt 0.976999998 0.844299972
vt 0.995500028 0.797399998
vt 0.995500028 0.844299972
vt 0.785300016 0.797399998
vt 0.766700029 0.797399998
vt 0.766700029 0.844299972
vt 0.785300016 0.844299972
vt 0.804199994 0.797399998
vt 0.804199994 0.844299972
vt 0.320800006 0.282900006
vt 0.328200012 0.291500002
vt 0.342500001 0.28459999
vt 0.329699993 0.269800007
vt 0.310000002 0.279100001
vt 0.311199993 0.263300002
vt 0.298900008 0.281300008
vt 0.291999996 0.26699999
vt 0.290300012 0.288700014
vt 0.277200013 0.279799998
vt 0.286500007 0.299400002
vt 0.270799994 0.298299998
vt 0.288700014 0.310600013
vt 0.274399996 0.317499995
vt 0.296099991 0.319200009
vt 0.287200004 0.332300007
vt 0.306800008 0.322899997
vt 0.305700004 0.338699996
vt 0.317999989 0.320800006
vt 0.324900001 0.335000008
vt 0.326599985 0.3134
vt 0.339700013 0.322299987
vt 0.346100003 0.303799987
vt 0.330300003 0.302599996
vt 0.308400005 0.300999999
vt 0.724300027 0.478199989
vt 0.724300027 0.433999985
vt 0.66960001 0.433999985
vt 0.670400023 0.478199989
vt 0.724300027 0.545899987
vt 0.648000002 0.545899987
vt 0.643100023 0.360900015
vt 0.724300027 0.360900015
vt 0.731400013 0.860700011
vt 0.677100003 0.869099975
vt 0.679099977 0.899600029
vt 0.730599999 0.904699981
vt 0.676800013 0.911899984
vt 0.73180002 0.91170001
vt 0.723100007 0.95569998
vt 0.674799979 0.942600012
vt 0.152099997 0.459699988
vt 0.0992999971 0.459500015
vt 0.108800001 0.493900001
vt 0.161200002 0.493800014
vt 0.169300005 0.437099993
vt 0.108099997 0.437299997
vt 0.165199995 0.497299999
vt 0.1096 0.497700006
vt 0.109200001 0.433200002
vt 0.175400004 0.433400005
vt 0.156000003 0.459800005
vt 0.0274 0.335799992
vt 0.0281000007 0.35679999
vt 0.0834000036 0.35679999
vt 0.0826999992 0.335799992
vt 0.0498999991 0.41049999
vt 0.00469999993 0.395399988
vt 0.0302000009 0.479699999
vt 0.0296999998 0.499599993
vt 0.0956000015 0.498899996
vt 0.0961000025 0.478899986
vt 0.0568000004 0.420700014
vt 0.00469999993 0.441900015
vt 0.109399997 0.423500001
vt 0.1039 0.385600001
vt 0.0828000009 0.385600001
vt 0.0882999972 0.423500001
vt 0.109999999 0.352800012
vt 0.0900000036 0.353799999
vt 0.326900005 0.204600006
vt 0.322899997 0.171499997
vt 0.281300008 0.169599995
vt 0.290399998 0.200299993
vt 0.293500006 0.146699995
vt 0.335099995 0.148699999
vt 0.279399991 0.213300005
vt 0.324000001 0.225299999
vt 0.212799996 0.208900005
vt 0.229900002 0.209800005
vt 0.226199999 0.177900001
vt 0.209099993 0.177100003
vt 0.2104 0.151199996
vt 0.227500007 0.151999995
vt 0.269899994 0.174400002
vt 0.249899998 0.172900006
vt 0.2509 0.206200004
vt 0.271699995 0.208499998
vt 0.259299994 0.148800001
vt 0.279300004 0.150199994
vt 0.754599988 0.676900029
vt 0.753300011 0.726899981
vt 0.7773 0.725700021
vt 0.771200001 0.664900005
vt 0.526199996 0.785399973
vt 0.460200012 0.785399973
vt 0.460200012 0.815800011
vt 0.526199996 0.815800011
vt 0.401499987 0.785399973
vt 0.401499987 0.815800011
vt 0.378399998 0.815800011
vt 0.378399998 0.785399973
vt 0.365999997 0.815800011
vt 0.365999997 0.785399973
vt 0.571099997 0.815800011
vt 0.571099997 0.785399973
vt 0.622500002 0.785399973
vt 0.622500002 0.815800011
vt 0.654299974 0.815800011
vt 0.654299974 0.785399973
vt 0.55369997 0.693400025
vt 0.575800002 0.674499989
vt 0.533599973 0.643599987
vt 0.5898 0.70389998
vt 0.518899977 0.668600023
vt 0.477200001 0.663200021
vt 0.491100013 0.627499998
vt 0.423700005 0.630599976
vt 0.432900012 0.677900016
vt 0.36649999 0.65109998
vt 0.350300014 0.666400015
vt 0.362500012 0.706499994
vt 0.3398 0.671599984
vt 0.578199983 0.72359997
vt 0.548399985 0.763999999
vt 0.549000025 0.707499981
vt 0.58890003 0.74119997
vt 0.5898 0.757399976
vt 0.525399983 0.745199978
vt 0.486799985 0.734099984
vt 0.508099973 0.689199984
vt 0.443800002 0.683000028
vt 0.443599999 0.733799994
vt 0.388099998 0.703800023
vt 0.386500001 0.761099994
vt 0.372500002 0.72240001
vt 0.360799998 0.780399978
vt 0.361099988 0.729600012
vt 0.564400017 0.778400004
vt 0.197699994 0.372000009
vt 0.116899997 0.355399996
vt 0.127900004 0.413500011
vt 0.190699995 0.412400007
vt 0.243499994 0.687399983
vt 0.326900005 0.687399983
vt 0.326900005 0.724799991
vt 0.243499994 0.724799991
vt 0.168500006 0.687399983
vt 0.168500006 0.724799991
vt 0.326900005 0.764500022
vt 0.243499994 0.764500022
vt 0.168500006 0.764500022
vt 0.326900005 0.819100022
vt 0.243499994 0.819100022
vt 0.168500006 0.819100022
vt 0.508000016 0.945500016
vt 0.511799991 0.988600016
vt 0.579100013 0.988600016
vt 0.580799997 0.945500016
vt 0.575100005 0.82980001
vt 0.514299989 0.822700024
vt 0.649800003 0.828299999
vt 0.587199986 0.962100029
vt 0.665000021 0.962100029
vt 0.595700026 0.828299999
vt 0.622799993 0.997600019
vt 0.502799988 0.958599985
vt 0.490399987 0.823400021
vt 0.439399987 0.823400021
vt 0.429399997 0.958599985
vt 0.470499992 0.991400003
vt 0.685400009 0.104599997
vt 0.630999982 0.0957999974
vt 0.633000016 0.126900002
vt 0.674000025 0.140599996
vt 0.636600018 0.149100006
vt 0.674799979 0.154499993
vt 0.639800012 0.175400004
vt 0.691299975 0.181899995
vt 0.664399981 0.193700001
vt 0.642700016 0.190599993
vt 0.68599999 0.209000006
vt 0.66900003 0.207200006
vt 0.539600015 0.162900001
vt 0.583299994 0.153799996
vt 0.603699982 0.131600007
vt 0.539600015 0.1219
vt 0.551699996 0.101400003
vt 0.570200026 0.0886999965
vt 0.580799997 0.174899995
vt 0.578000009 0.200100005
vt 0.539600015 0.198699996
vt 0.539600015 0.213
vt 0.576699972 0.215100005
vt 0.50819999 0.210899994
vt 0.530499995 0.210899994
vt 0.530499995 0.172299996
vt 0.50819999 0.172299996
vt 0.50819999 0.155000001
vt 0.530499995 0.155000001
vt 0.50819999 0.123300001
vt 0.530499995 0.123300001
vt 0.530499995 0.0961999968
vt 0.50819999 0.0961999968
vt 0.497200012 0.120999999
vt 0.497200012 0.0991000012
vt 0.462099999 0.109200001
vt 0.468800008 0.121399999
vt 0.47209999 0.1347
vt 0.497200012 0.135000005
vt 0.497200012 0.152199998
vt 0.47420001 0.151700005
vt 0.587899983 0.564499974
vt 0.60710001 0.558499992
vt 0.60650003 0.539099991
vt 0.587800026 0.537
vt 0.600799978 0.528199971
vt 0.603900015 0.486099988
vt 0.587899983 0.472799987
vt 0.616100013 0.473100007
vt 0.182300001 0.201499999
vt 0.201299995 0.2051
vt 0.178299993 0.147249997
vt 0.170499995 0.198400006
vt 0.142100006 0.145899996
vt 0.130500004 0.185000002
vt 0.105999999 0.146799996
vt 0.113200001 0.181999996
vt 0.630999982 0.0957999974
vt 0.685400009 0.104599997
vt 0.674000025 0.140599996
vt 0.633000016 0.126900002
vt 0.636600018 0.149100006
vt 0.674799979 0.154499993
vt 0.639800012 0.175400004
vt 0.691299975 0.181899995
vt 0.664399981 0.193700001
vt 0.642700016 0.190599993
vt 0.68599999 0.209000006
vt 0.66900003 0.207200006
vt 0.539600015 0.162900001
vt 0.539600015 0.1219
vt 0.603699982 0.131600007
vt 0.583299994 0.153799996
vt 0.551699996 0.101400003
vt 0.570200026 0.0886999965
vt 0.580799997 0.174899995
vt 0.578000009 0.200100005
vt 0.539600015 0.198699996
vt 0.539600015 0.213
vt 0.576699972 0.215100005
vt 0.50819999 0.210899994
vt 0.50819999 0.172299996
vt 0.530499995 0.172299996
vt 0.530499995 0.210899994
vt 0.50819999 0.155000001
vt 0.530499995 0.155000001
vt 0.50819999 0.123300001
vt 0.530499995 0.123300001
vt 0.530499995 0.0961999968
vt 0.50819999 0.0961999968
vt 0.497200012 0.120999999
vt 0.468800008 0.121399999
vt 0.462099999 0.109200001
vt 0.497200012 0.0991000012
vt 0.47209999 0.1347
vt 0.497200012 0.135000005
vt 0.497200012 0.152199998
vt 0.47420001 0.151700005
vt 0.896799982 0.278800011
vt 0.898000002 0.189600006
vt 0.983500004 0.169400007
vt 0.981299996 0.279300004
vt 0.899800003 0.164800003
vt 0.985300004 0.144600004
vt 0.901600003 0.316599995
vt 0.984799981 0.307200015
vt 0.981899977 0.1127
vt 0.895299971 0.122900002
vt 0.882499993 0.33039999
vt 0.854399979 0.330300003
vt 0.834599972 0.222100005
vt 0.880699992 0.222399995
vt 0.849699974 0.202399999
vt 0.881699979 0.202399999
vt -0.103200004 0.278800011
vt -0.0186999999 0.279300004
vt -0.0164999999 0.169400007
vt -0.101999998 0.189600006
vt -0.100199997 0.164800003
vt -0.0147000002 0.144600004
vt -0.0983999968 0.316599995
vt -0.0152000003 0.307200015
vt -0.0181000009 0.1127
vt -0.104699999 0.122900002
vt -0.1175 0.33039999
vt -0.1193 0.222399995
vt -0.165399998 0.222100005
vt -0.145600006 0.330300003
vt -0.150299996 0.202399999
vt -0.118299998 0.202399999
vt 0.779799998 0.888499975
vt 0.912100017 0.888499975
vt 0.912100017 0.927699983
vt 0.779799998 0.927699983
vt 0.779799998 0.960900009
vt 0.912100017 0.960900009
vt 0.739099979 0.927699983
vt 0.739099979 0.888499975
vt 0.739099979 0.960900009
vt 0.995400012 0.927699983
vt 0.995400012 0.888499975
vt 0.995400012 0.960900009
vt 0.779799998 0.854600012
vt 0.912100017 0.854600012
vt 0.779799998 0.993099988
vt 0.912100017 0.993099988
vt 0.739099979 0.854600012
vt 0.739099979 0.993099988
vt 0.995400012 0.854600012
vt 0.995400012 0.993099988
vt -0.220200002 0.888499975
vt -0.220200002 0.927699983
vt -0.0878999978 0.927699983
vt -0.0878999978 0.888499975
vt -0.220200002 0.960900009
vt -0.0878999978 0.960900009
vt -0.260899991 0.927699983
vt -0.260899991 0.888499975
vt -0.260899991 0.960900009
vt -0.0046000001 0.927699983
vt -0.0046000001 0.888499975
vt -0.0046000001 0.960900009
vt -0.220200002 0.854600012
vt -0.0878999978 0.854600012
vt -0.220200002 0.993099988
vt -0.0878999978 0.993099988
vt -0.260899991 0.854600012
vt -0.260899991 0.993099988
vt -0.0046000001 0.854600012
vt -0.0046000001 0.993099988
vt -0.0601999983 0.347499996
vt -0.0803999975 0.34830001
vt -0.076700002 0.390199989
vt -0.0601999983 0.390700012
vt -0.0601999983 0.3213
vt -0.0895000026 0.323900014
vt -0.0755999982 0.420700014
vt -0.0601999983 0.420899987
vt -0.0744000003 0.444700003
vt -0.0601999983 0.445300013
vt -0.0800999999 0.40169999
vt -0.0856999978 0.372299999
vt -0.110600002 0.373400003
vt -0.107199997 0.398400009
vt -0.1096 0.412699997
vt -0.0847999975 0.425099999
vt -0.108800001 0.337900013
vt -0.134499997 0.337199986
vt 0.91960001 0.34830001
vt 0.939800024 0.347499996
vt 0.939800024 0.390700012
vt 0.923300028 0.390199989
vt 0.939800024 0.3213
vt 0.91049999 0.323900014
vt 0.939800024 0.420899987
vt 0.924399972 0.420700014
vt 0.925599992 0.444700003
vt 0.939800024 0.445300013
vt 0.9199 0.40169999
vt 0.892799973 0.398400009
vt 0.889400005 0.373400003
vt 0.914300025 0.372299999
vt 0.890399992 0.412699997
vt 0.915199995 0.425099999
vt 0.891200006 0.337900013
vt 0.865499973 0.337199986
vt -0.0275999997 0.331800014
vt -0.0267999992 0.389999986
vt -0.0129000004 0.392100006
vt -0.0111999996 0.333400011
vt -0.0105999997 0.319200009
vt -0.0278999992 0.318399996
vt -0.0441000015 0.334199995
vt -0.0436999984 0.39320001
vt -0.0278999992 0.318399996
vt -0.0454000011 0.320100009
vt 0.97240001 0.331800014
vt 0.988799989 0.333400011
vt 0.987100005 0.392100006
vt 0.973200023 0.389999986
vt 0.989400029 0.319200009
vt 0.972100019 0.318399996
vt 0.955900013 0.334199995
vt 0.95630002 0.39320001
vt 0.972100019 0.318399996
vt 0.954599977 0.320100009
vt 0.326900005 0.204600006
vt 0.290399998 0.200299993
vt 0.281300008 0.169599995
vt 0.322899997 0.171499997
vt 0.293500006 0.146699995
vt 0.335099995 0.148699999
vt 0.279399991 0.213300005
vt 0.324000001 0.225299999
vt 0.212799996 0.208900005
vt 0.209099993 0.177100003
vt 0.226199999 0.177900001
vt 0.229900002 0.209800005
vt 0.2104 0.151199996
vt 0.227500007 0.151999995
vt 0.269899994 0.174400002
vt 0.271699995 0.208499998
vt 0.2509 0.206200004
vt 0.249899998 0.172900006
vt 0.259299994 0.148800001
vt 0.279300004 0.150199994
vt 0.754599988 0.676900029
vt 0.771200001 0.664900005
vt 0.7773 0.725700021
vt 0.753300011 0.726899981
vn -0.400374204 -0.739561021 -0.541063666
vn -0.363759607 -0.820447743 -0.441071898
vn -0 -0.885544419 -0.464554727
vn -0 -0.813927054 -0.580967247
vn -0.817414224 -0.481438249 -0.316308647
vn -0.81587553 -0.429137081 -0.387541682
vn -0 -0.940619051 -0.339463949
vn -0.361132652 -0.873982012 -0.325174838
vn -0.808778763 -0.549963355 -0.208368152
vn -0.961088479 -0.218273923 -0.16930899
vn -0.969654024 -0.228516802 -0.0868973881
vn -0.995923281 -0.0828301013 -0.0357219763
vn -0.992036581 -0.0591948479 -0.111172371
vn -0.974262536 -0.0226384532 -0.224276602
vn -0.949082494 -0.141889006 -0.281264871
vn 0.400374204 -0.739561021 -0.541063666
vn -0 -0.813927054 -0.580967247
vn -0 -0.885544419 -0.464554727
vn 0.363759607 -0.820447743 -0.441071898
vn 0.817414224 -0.481438249 -0.316308647
vn 0.81587553 -0.429137021 -0.387541711
vn -0 -0.940619051 -0.339463949
vn 0.361132681 -0.873981953 -0.325174809
vn 0.808778703 -0.549963355 -0.208368137
vn 0.961088359 -0.218273938 -0.169308975
vn 0.969653904 -0.228516832 -0.0868973956
vn 0.995923281 -0.0828301087 -0.0357219763
vn 0.992036581 -0.0591948517 -0.111172371
vn 0.974262536 -0.0226384513 -0.224276602
vn 0.949082494 -0.141889006 -0.281264871
vn -0.000442665623 -0.98425746 0.176739842
vn -0 -0.985674202 0.168660119
vn -0 -0.915162981 -0.40308401
vn -0.000911164621 -0.915162563 -0.403083831
vn 0.000159798161 -0.728841543 0.684682429
vn -0 -0.728841543 0.684682429
vn -0.976440847 -0.213218078 0.033187151
vn -0.974798262 -0.222421706 0.0172317941
vn -0.972750366 -0.231853902 0.000735453796
vn -0.970106483 -0.242062747 -0.0172888972
vn 0.000442658755 -0.98425746 0.176739886
vn 0.000911164621 -0.915162563 -0.403083831
vn -0 -0.915162981 -0.40308401
vn -0 -0.985674202 0.168660119
vn -0.000159809453 -0.728841543 0.684682429
vn -0 -0.728841543 0.684682429
vn 0.976440847 -0.213218078 0.033187151
vn 0.972750366 -0.231853902 0.000735453796
vn 0.974798262 -0.222421706 0.0172317941
vn 0.970106483 -0.242062747 -0.0172888972
vn -0 -0.957924247 -0.287020981
vn 2.86593986E-05 -0.957965434 -0.286883771
vn -0 -0.957972527 -0.286860079
vn 3.92600959E-05 -0.957980633 -0.286833048
vn -0 -0.957980633 -0.286833048
vn -0 -0.304217041 0.952602684
vn -0 -0.304217041 0.952602684
vn -0.827342272 -0.178395495 0.5326159
vn -0.82734251 -0.17839545 0.532615602
vn -0.958467484 0.0649959594 -0.277696967
vn -0.957708716 0.0657315105 -0.280130774
vn -0.411251456 0.24478744 -0.878038347
vn -0.41126895 0.244785219 -0.878030717
vn -0 0.270620763 -0.962686002
vn -0 0.270620763 -0.962686002
vn -0 -0.957924247 -0.287020981
vn -0 -0.957972527 -0.286860079
vn -2.86502182E-05 -0.957965434 -0.286883771
vn -3.92475195E-05 -0.957980633 -0.286833048
vn -0 -0.957980633 -0.286833048
vn -0 -0.304217041 0.952602684
vn 0.82734251 -0.17839545 0.532615602
vn 0.827342272 -0.17839548 0.53261584
vn -0 -0.304217041 0.952602684
vn 0.958467484 0.0649959594 -0.277696967
vn 0.957708836 0.0657315105 -0.280130804
vn 0.411251456 0.24478744 -0.878038347
vn 0.41126895 0.244785219 -0.878030717
vn -0 0.270620763 -0.962686002
vn -0 0.270620763 -0.962686002
vn -0.950962663 -0.292402029 -0.100852087
vn -0.831405342 -0.42199257 0.361507088
vn -0.645667613 -0.747107804 0.157934278
vn -0.735051751 -0.647297502 -0.201754585
vn -0.376637399 -0.82164222 0.427841485
vn -0.483304441 -0.518258572 0.705567181
vn -0 -0.849217772 0.528042734
vn -0 -0.553782403 0.83266139
vn -0.627516568 -0.549934387 -0.55117619
vn -0.815707982 -0.165069267 -0.554411888
vn -0.439322591 -0.086616233 -0.89414382
vn -0.337636262 -0.440041661 -0.832084775
vn -0 -0.0641034395 -0.997943223
vn -0 -0.399142444 -0.916888952
vn -0.557211041 -0.826928616 0.0755308941
vn -0.634482622 -0.736770749 -0.23366791
vn -0.930467069 -0.348623931 -0.112660937
vn -0.805832207 -0.491649151 0.330023468
vn -0.465247214 -0.596374333 0.654127538
vn -0.325024903 -0.894272923 0.307627559
vn -0 -0.634717166 0.772744596
vn -0 -0.919203997 0.393781632
vn -0.541972935 -0.648713708 -0.534261942
vn -0.805815279 -0.205499008 -0.555366457
vn -0.303456604 -0.536816597 -0.787236929
vn -0.465245426 -0.100675546 -0.879437983
vn -0 -0.45514366 -0.890418053
vn -0 -0.0623388067 -0.9980551
vn -0 -0.951525927 -0.307568401
vn -0.0178451762 -0.951371431 -0.307528973
vn -0.0154392002 -0.954104722 -0.299074799
vn -0.00889566541 -0.956121206 -0.292836368
vn -0 -0.956855893 -0.290563107
vn -0.0154459244 -0.94864285 -0.315971583
vn -0.00891657919 -0.94663167 -0.32219395
vn -0 -0.945898354 -0.324463069
vn 0.950962663 -0.292402029 -0.100852087
vn 0.735051751 -0.647297442 -0.201754555
vn 0.645667613 -0.747107804 0.157934278
vn 0.831405342 -0.42199257 0.361507088
vn 0.376637369 -0.82164228 0.427841395
vn 0.483304441 -0.518258572 0.705567181
vn -0 -0.849217772 0.528042734
vn -0 -0.553782403 0.83266139
vn 0.627516508 -0.549934447 -0.55117619
vn 0.815707982 -0.165069297 -0.554412007
vn 0.439322561 -0.086616233 -0.89414382
vn 0.337636262 -0.440041661 -0.832084775
vn -0 -0.0641034395 -0.997943223
vn -0 -0.399142444 -0.916888952
vn 0.557211041 -0.826928616 0.0755308941
vn 0.634482622 -0.736770749 -0.23366791
vn 0.930467069 -0.348623931 -0.112660937
vn 0.805832207 -0.49164921 0.330023468
vn 0.465247214 -0.596374333 0.654127538
vn 0.325024903 -0.894272923 0.307627559
vn -0 -0.634717166 0.772744596
vn -0 -0.919203997 0.393781632
vn 0.541972935 -0.648713768 -0.534262002
vn 0.805815279 -0.205499008 -0.555366457
vn 0.303456604 -0.536816597 -0.787236929
vn 0.465245426 -0.100675546 -0.879437983
vn -0 -0.45514366 -0.890418053
vn -0 -0.0623388067 -0.9980551
vn -0 -0.951525927 -0.307568401
vn 0.0154392002 -0.954104722 -0.299074799
vn 0.0178451762 -0.951371431 -0.307528973
vn 0.00889566541 -0.956121206 -0.292836368
vn -0 -0.956855893 -0.290563107
vn 0.0154459244 -0.94864285 -0.315971583
vn 0.00891657919 -0.94663167 -0.32219395
vn -0 -0.945898354 -0.324463069
vn -0.842131734 -0.518898904 0.146826774
vn -0.84779495 -0.464320093 -0.256223679
vn -0.807740271 -0.462230235 -0.365922034
vn -0.845709443 -0.515706003 0.137196779
vn -0.57073319 -0.62307477 0.534828484
vn -0.531001687 -0.627566755 0.569383025
vn -0 -0.641244769 0.767336309
vn -0 -0.641244769 0.767336369
vn -0.411820263 -0.337717861 -0.846375108
vn -0.28570351 -0.282611072 -0.915698826
vn -0.000461457879 0.999182522 0.0404222459
vn -0 0.98608923 -0.166216537
vn 0.007649404 0.942185283 0.335004985
vn -0 0.93940717 0.342803568
vn 0.0122583667 0.939336538 0.342777818
vn -0.00139776326 0.782188773 -0.623039901
vn -0 0.782189548 -0.623040557
vn -0.280662239 -0.937075794 -0.207647637
vn -0 -0.815425575 -0.578862011
vn -0.247959033 -0.80074358 -0.545276225
vn -0.188217923 -0.980517983 -0.0561995991
vn -0 -0.999740899 0.0227639694
vn -0.493258327 -0.859434307 -0.134420663
vn -0.397141993 -0.697695792 -0.596237123
vn -0.330407143 -0.934646964 0.131400526
vn -0 -0.967779815 0.251798034
vn -0 -0.630512834 -0.776178837
vn -0.132676423 -0.598266006 -0.790237188
vn -0.279854447 -0.547962368 -0.78830111
vn -0 -0.145506367 -0.989357293
vn -0 -0.145503655 -0.989357769
vn -0 -0.145503655 -0.989357769
vn -0.411820263 -0.337717861 -0.846375108
vn -0.28570351 -0.282611072 -0.915698826
vn 0.842131734 -0.518898964 0.146826759
vn 0.845709383 -0.515706062 0.137196764
vn 0.807740211 -0.462230295 -0.365922034
vn 0.84779495 -0.464320153 -0.256223708
vn 0.57073319 -0.62307477 0.534828484
vn 0.531001687 -0.627566814 0.569383025
vn -0 -0.641244769 0.767336309
vn -0 -0.641244769 0.767336369
vn 0.411820233 -0.337717861 -0.846375108
vn 0.28570348 -0.282611072 -0.915698826
vn 0.000461457879 0.999182522 0.0404222459
vn -0.00764940213 0.942185283 0.335004926
vn -0 0.98608923 -0.166216537
vn -0 0.93940717 0.342803568
vn -0.0122583648 0.939336538 0.342777759
vn 0.00139776326 0.782188773 -0.623039901
vn -0 0.782189548 -0.623040557
vn 0.280662179 -0.937075913 -0.207647666
vn 0.247958988 -0.80074358 -0.545276105
vn -0 -0.815425575 -0.578862011
vn 0.188217923 -0.980517983 -0.0561996028
vn -0 -0.999740899 0.0227639694
vn 0.493258268 -0.859434307 -0.134420678
vn 0.397141993 -0.697695792 -0.596237123
vn 0.330407113 -0.934646964 0.13140054
vn -0 -0.967779815 0.251798034
vn -0 -0.630512834 -0.776178837
vn 0.132676423 -0.598266006 -0.790237129
vn 0.279854447 -0.547962368 -0.78830111
vn -0 -0.145506367 -0.989357293
vn 0.411820233 -0.337717861 -0.846375108
vn -0 -0.145503655 -0.989357769
vn -0 -0.145503655 -0.989357769
vn 0.28570348 -0.282611072 -0.915698826
vn -3.63490362E-05 -0.973655403 -0.228024364
vn -3.94307062E-05 -0.97364521 -0.22806783
vn -0 -0.973665476 -0.227981269
vn -0 -0.973672032 -0.227953643
vn -3.13373566E-05 -0.973672032 -0.227953658
vn 0.0654148012 -0.147985622 -0.986823797
vn -0.322884113 -0.308414906 -0.894777119
vn -0.265018582 -0.299207658 -0.916646004
vn -0.711887896 -0.358444214 -0.603931606
vn -0.685386181 -0.357359886 -0.634460211
vn -0.785342991 -0.207688764 0.583182454
vn -0.687298357 -0.154518053 0.709750056
vn -0 -0.234453574 -0.972127318
vn -0 -0.0512373336 -0.998686492
vn 0.23873879 -0.173572615 -0.955445588
vn 0.27227658 -0.0631112903 -0.960147083
vn 0.425495625 -0.137198478 -0.894499958
vn -0 -0.0607881248 -0.998150647
vn -0 -0.253104895 -0.967438817
vn 0.213613853 0.804500043 -0.554210126
vn -0 0.894842327 -0.446382523
vn 0.000283190719 0.907445431 -0.420169741
vn -0.00248573162 0.911386192 -0.411544591
vn 0.00158687052 0.905559421 -0.424216479
vn -0 0.890762687 -0.454468638
vn 0.59192735 0.376222879 -0.712796092
vn -0 0.137861282 0.990451574
vn -0.687298357 -0.154518053 0.709750056
vn -0.785342991 -0.207688764 0.583182454
vn -0 0.137861267 0.990451574
vn -0 0.894842327 -0.446382523
vn 0.213613853 0.804500043 -0.554210126
vn 0.59192735 0.376222879 -0.712796092
vn 3.63490362E-05 -0.973655403 -0.228024378
vn -0 -0.973665476 -0.227981269
vn 3.94307062E-05 -0.97364521 -0.22806783
vn -0 -0.973672032 -0.227953643
vn 3.13373639E-05 -0.973672032 -0.227953687
vn -0.0654148087 -0.147985622 -0.986823797
vn 0.265018582 -0.299207658 -0.916646004
vn 0.322884113 -0.308414906 -0.894777119
vn 0.711887896 -0.358444154 -0.603931606
vn 0.685386181 -0.357359886 -0.634460211
vn 0.785342991 -0.207688764 0.583182454
vn 0.687298357 -0.154518053 0.709750056
vn -0 -0.234453574 -0.972127318
vn -0 -0.0512373336 -0.998686492
vn -0.238738805 -0.173572615 -0.955445588
vn -0.27227661 -0.0631112903 -0.960147083
vn -0.425495625 -0.137198463 -0.894499838
vn -0 -0.0607881248 -0.998150647
vn -0 -0.253104895 -0.967438817
vn -0.213613853 0.804500043 -0.554210126
vn 0.00248573348 0.911386192 -0.411544591
vn -0.000283190107 0.907445431 -0.420169741
vn -0 0.894842327 -0.446382523
vn -0.00158687052 0.905559421 -0.424216479
vn -0.59192735 0.376222879 -0.712796092
vn -0 0.890762687 -0.454468638
vn -0 0.137861282 0.990451574
vn -0 0.137861267 0.990451574
vn 0.785342991 -0.207688764 0.583182454
vn 0.687298357 -0.154518053 0.709750056
vn -0.933334947 -0.29425472 0.205669671
vn -0.93178618 -0.301804513 0.201714396
vn -0.844669819 -0.530656517 0.0702599809
vn -0.853269815 -0.515317261 0.0798669532
vn -0.947587013 -0.18700859 0.259049416
vn -0.947587013 -0.18700859 0.259049416
vn -0.521370947 -0.837955654 -0.161253661
vn -0.384803087 -0.894459486 -0.227747053
vn -0.0209346954 -0.932491839 -0.360583872
vn -0.0209346954 -0.932491839 -0.360583872
vn -0.0112469411 0.341569662 -0.939789176
vn -0.0110662347 0.34142673 -0.939843297
vn -0.00676382519 0.294040203 -0.955769122
vn -0.0036148089 0.266942352 -0.963705719
vn -0.00891677663 0.339725405 -0.940482497
vn 0.00554807298 0.187013447 -0.982341707
vn 0.00554807251 0.187013417 -0.982341707
vn 0.0165139176 -0.453157991 0.891277254
vn -0.00392053043 -0.458670586 0.888597727
vn 0.00734396651 -0.46847415 0.883446693
vn 0.0173093751 -0.454976916 0.890334964
vn -0.0105134966 -0.390167505 0.92068392
vn -0.0434789583 -0.42332831 0.904932439
vn -0.0434789583 -0.42332828 0.904932439
vn -0.401265651 -0.449955404 0.797825813
vn -0.314809084 -0.669803798 0.672501445
vn -0.873757243 -0.222715124 -0.432372749
vn -0.950487912 -0.0376153737 -0.308476657
vn -0.956668854 0.0565317199 -0.285637707
vn -0.38173908 -0.321091145 0.866703928
vn -0.243997604 -0.963157952 0.113100782
vn -0.421426624 -0.509289205 -0.750349283
vn -0.0205540247 -0.965081155 -0.261143357
vn 0.0751820356 -0.620312929 -0.780743003
vn -0.479064882 0.298444748 -0.825486243
vn -0.171759471 0.152202815 -0.973310292
vn 0.34375605 -0.32761997 0.88005501
vn 0.357191503 -0.436176538 0.825932384
vn 0.343582541 -0.276715636 0.897429347
vn -0.167291135 0.111537851 -0.979577959
vn 0.158655107 -0.0146510517 -0.987225354
vn 0.546608448 -0.337875664 0.76619786
vn 0.546607554 -0.337871194 0.766200483
vn 0.52685219 -0.713174939 0.462394238
vn 0.526855648 -0.713165879 0.462404102
vn 0.36523664 0.079936333 0.927476346
vn 0.36523211 0.079943113 0.927477598
vn 0.0313196182 0.428334355 0.903077483
vn 0.0313246697 0.42833066 0.903079033
vn -0.365660369 0.613957703 0.699534416
vn -0.365659088 0.613957405 0.69953531
vn -0.719275594 0.587086439 0.371445894
vn -0.719284296 0.587082505 0.371435225
vn -0.93485266 0.354974121 0.00662485557
vn -0.93485558 0.354966372 0.00661636796
vn -0.954602122 -0.0202629194 -0.297193885
vn -0.954603493 -0.0202561151 -0.297189921
vn -0.773221552 -0.438057631 -0.458512872
vn -0.773228109 -0.438047796 -0.458511084
vn 0.311266571 -0.945296645 0.0976078734
vn 0.311265916 -0.945297003 0.0976070762
vn -0.0423411131 -0.972153544 -0.230487958
vn -0.0423503704 -0.972151637 -0.230494529
vn -0.439314276 -0.786493421 -0.434086502
vn -0.439325839 -0.786484897 -0.434090048
vn -0.773228109 -0.438047796 -0.458511084
vn -0.773221552 -0.438057631 -0.458512872
vn -0.568727016 -0.499260604 0.653672934
vn -0.568690062 -0.499236435 0.653723776
vn -0.568764508 -0.499226213 0.653666615
vn -0.56871897 -0.49923414 0.653700292
vn -0.568689346 -0.499303341 0.653673053
vn -0.568711758 -0.499281168 0.653670549
vn -0.568677902 -0.499273241 0.653706133
vn -0.56865555 -0.499263942 0.653732657
vn -0.568669379 -0.499199003 0.653770149
vn -0.56863904 -0.499198079 0.653797209
vn -0.568656683 -0.499218345 0.653766453
vn -0.568687618 -0.499179989 0.653768957
vn -0.568682134 -0.49919787 0.653760076
vn -0.022079099 -0.882109463 0.470526814
vn -0 -0.882537186 0.47024259
vn -0 -0.999999642 0.000859768246
vn -0.0189690366 -0.999819696 0.000859613647
vn -0 -0.0430983678 0.999070764
vn -0.0205095317 -0.190487325 0.981475353
vn -0 0.0872536674 0.996186078
vn -0.0164690297 0.159582019 0.987047315
vn -0.0148142492 -0.739754856 0.67271328
vn -0 -0.690648675 0.723190486
vn -0 -0.671606004 0.740908384
vn -0.0185711309 -0.585842252 0.810212255
vn -0 -0.290618718 0.956838965
vn -0.0203741379 -0.290558398 0.956640363
vn -0.898291469 0.413361371 0.149012178
vn -0.99997139 -0.00630783103 0.00417424971
vn -0.99997139 -0.00630783057 0.00417425018
vn -0.860796452 0.479154468 0.171581835
vn -0.781300664 0.588009655 0.209317848
vn -0.833036721 -0.533606589 -0.145992458
vn -0.761172295 -0.625169575 -0.172568336
vn -0.837452114 0.514502943 0.184283763
vn -0.860796452 0.479154468 0.171581835
vn -0.833036721 -0.533606589 -0.145992458
vn -0.835141718 -0.531101465 -0.14307192
vn -0.923970163 -0.370206088 -0.0960546955
vn -0.999946594 -0.00282192836 0.00993975904
vn -0.999946594 -0.00282192836 0.00993975997
vn 0.022079099 -0.882109463 0.470526814
vn 0.0189690366 -0.999819696 0.000859613472
vn -0 -0.999999642 0.000859768246
vn -0 -0.882537186 0.47024259
vn -0 -0.0430983678 0.999070764
vn 0.0205095317 -0.190487325 0.981475353
vn -0 0.0872536674 0.996186078
vn 0.0164690297 0.159582019 0.987047315
vn 0.0148142492 -0.739754856 0.67271328
vn -0 -0.690648675 0.723190486
vn -0 -0.671606004 0.740908384
vn 0.0185711309 -0.585842311 0.810212255
vn -0 -0.290618718 0.956838965
vn 0.0203741379 -0.290558398 0.956640363
vn 0.898291469 0.413361371 0.149012208
vn 0.860796452 0.479154468 0.171581849
vn 0.99997139 -0.00630783057 0.00417425018
vn 0.99997139 -0.00630783103 0.00417424971
vn 0.781300664 0.588009596 0.209317848
vn 0.833036721 -0.533606589 -0.145992443
vn 0.837452114 0.514502943 0.184283793
vn 0.761172295 -0.625169516 -0.172568321
vn 0.860796452 0.479154468 0.171581849
vn 0.923970163 -0.370206088 -0.0960546955
vn 0.835141718 -0.531101465 -0.14307192
vn 0.999946594 -0.00282192859 0.00993975904
vn 0.999946594 -0.00282192859 0.00993975997
vn 0.833036721 -0.533606589 -0.145992443
vn -0.29475686 -0.410484672 0.862914085
vn -0.451570421 -0.416426718 0.789096296
vn -0.412435204 -0.331025034 0.848716438
vn -0.239350826 -0.324422628 0.915129006
vn -0.768655837 -0.271592349 0.579142213
vn -0.768792868 -0.36107403 0.527809739
vn -0.935463727 -0.173157722 0.308097452
vn -0.893230319 -0.300875247 0.334086269
vn -0.489099503 -0.576626241 0.654433846
vn -0.371441096 -0.557143331 0.742713153
vn -0.705657244 -0.574158072 0.415199101
vn -0.792950094 -0.558191597 0.244238347
vn -0.503878117 -0.651881039 0.566708088
vn -0.39564231 -0.625816882 0.672175765
vn -0.679100394 -0.67989558 0.276703358
vn -0.72444278 -0.676034451 0.134759173
vn -0.395609647 -0.198941946 0.896613061
vn -0.307872146 0.210145935 0.92792958
vn -0 0.301539719 0.9534536
vn -0 -0.219430506 0.975628138
vn -0.931445956 -0.11383535 0.345615447
vn -0.683525443 0.602856219 0.411530435
vn -0.763363242 0.645969391 0
vn -0.99786073 -0.0653750673 0
vn -0 -0.991381347 0.131007314
vn -0.0350230895 -0.995813668 0.084430255
vn -0.0313920081 -0.964825094 0.26101169
vn -0 -0.965300798 0.261140406
vn -0 -1 0
vn -0.0363485552 -0.999339163 0
vn -0 0.932177246 0.362002164
vn -0 0.301539719 0.9534536
vn -0.307872146 0.210145935 0.92792958
vn -0.683525443 0.602856219 0.411530435
vn -0 1 0
vn -0.763363242 0.645969391 0
vn 0.395609647 -0.198941946 0.896613061
vn -0 -0.219430506 0.975628138
vn -0 0.301539719 0.9534536
vn 0.307872117 0.210145906 0.92792958
vn 0.931445956 -0.11383535 0.345615447
vn 0.683525443 0.602856219 0.411530435
vn 0.763363242 0.645969391 0
vn 0.99786073 -0.0653750673 0
vn -0 -0.991381347 0.131007314
vn -0 -0.965300798 0.261140406
vn 0.0313920043 -0.964825094 0.26101169
vn 0.0350230895 -0.995813668 0.084430255
vn -0 -1 0
vn 0.0363485552 -0.999339163 0
vn -0 0.932177246 0.362002164
vn 0.683525443 0.602856219 0.411530435
vn 0.307872117 0.210145906 0.92792958
vn -0 0.301539719 0.9534536
vn -0 1 0
vn 0.763363242 0.645969391 0
vn -0.169460744 -0.19437854 0.96617806
vn -0 -0.199323475 0.979933739
vn -0 -0.199323475 0.979933739
vn -0 -0.199323475 0.979933739
vn -0.155835763 -0.195025906 0.968338847
vn -0.715242267 -0.0839631185 0.693814635
vn -0.699307263 -0.0892596245 0.709226429
vn -0.94330442 0.0248663574 0.330995917
vn -0.94330442 0.0248663574 0.330995917
vn -0 0.949961901 0.3123658
vn 0.00301214191 0.964148223 0.265347183
vn -0.00655884668 0.978799582 0.204715133
vn -0 0.978820682 0.204719529
vn 0.0324955061 0.894497156 0.445891172
vn -0 0.894969761 0.446126759
vn -0 -0.994114995 -0.108329654
vn -0.0767520219 -0.991182566 -0.108010106
vn -0.0689713433 -0.995234907 -0.0689234734
vn -0 -0.999859333 -0.0167737566
vn -0 -0.995463789 0.0951416939
vn -0.0353650376 -0.994841039 0.0950821713
vn -0 -0.199323475 0.979933739
vn 0.169460744 -0.194378525 0.96617806
vn 0.155835763 -0.195025861 0.968338847
vn -0 -0.199323475 0.979933739
vn -0 -0.199323475 0.979933739
vn 0.699307263 -0.0892596245 0.709226429
vn 0.715242267 -0.0839631185 0.693814635
vn 0.94330442 0.0248663574 0.330995917
vn 0.94330442 0.0248663574 0.330995917
vn -0 0.949961901 0.3123658
vn -0 0.978820682 0.204719529
vn 0.00655884761 0.978799582 0.204715088
vn -0.00301214168 0.964148283 0.265347123
vn -0.0324955061 0.894497156 0.445891172
vn -0 0.894969761 0.446126759
vn -0 -0.994114995 -0.108329654
vn -0 -0.999859333 -0.0167737566
vn 0.0689713508 -0.995234907 -0.0689234734
vn 0.0767520294 -0.991182566 -0.108010106
vn -0 -0.995463789 0.0951416939
vn 0.0353650376 -0.994841039 0.0950821713
vn -0.114633128 -0.804163814 0.58324939
vn 0.226376563 -0.864789546 0.448210508
vn 0.00125586614 -0.999996185 0.00248656049
vn -0.327478856 -0.929329336 0.170600832
vn 0.040938925 -0.46400106 0.884888172
vn 0.390745759 -0.498744696 0.773674071
vn 0.0978120491 0 0.995204926
vn 0.450808257 0 0.892620742
vn 0.0409370214 0.464007467 0.884884894
vn 0.390743852 0.49875176 0.773670375
vn -0.114633322 0.804163694 0.58324945
vn 0.226376563 0.864789546 0.448210508
vn -0.327479035 0.929329216 0.170600936
vn 0.00125588581 0.999996185 0.00248658983
vn -0.540619493 0.805486739 -0.242737606
vn -0.224495068 0.8671996 -0.444484919
vn -0.696903229 0.46530512 -0.545726299
vn -0.390128464 0.501147091 -0.772432089
vn -0.754178941 0 -0.656668961
vn -0.450823784 0 -0.892612994
vn -0.69691503 -0.465304792 -0.545711339
vn -0.390130311 -0.501139998 -0.772435784
vn -0.450823784 0 -0.892612994
vn -0.754178941 0 -0.656668961
vn -0.540632069 -0.805481076 -0.242728531
vn -0.224495098 -0.8671996 -0.444484919
vn -0.800680876 -0.425721973 0.42151013
vn -0.701519668 -0.368693501 0.60986495
vn -0.114633128 -0.804163814 0.58324939
vn -0.327478856 -0.929329336 0.170600832
vn 0.040938925 -0.46400106 0.884888172
vn -0.628900349 -0.212868348 0.747777641
vn 0.0978120491 0 0.995204926
vn -0.602319717 0 0.798255026
vn 0.0409370214 0.464007467 0.884884894
vn -0.628893673 0.212872162 0.747782111
vn -0.114633322 0.804163694 0.58324945
vn -0.701519012 0.368699014 0.609862387
vn -0.327479035 0.929329216 0.170600936
vn -0.800683618 0.425718039 0.421508908
vn -0.540619493 0.805486739 -0.242737606
vn -0.899840295 0.368703425 0.233120456
vn -0.696903229 0.46530512 -0.545726299
vn -0.972419858 0.212909058 0.0952332094
vn -0.754178941 0 -0.656668961
vn -0.998995602 0 0.0448086448
vn -0.69691503 -0.465304792 -0.545711339
vn -0.972426951 -0.21287322 0.0952413529
vn -0.540632069 -0.805481076 -0.242728531
vn -0.899842322 -0.368698329 0.233120903
vn -0.73131007 0.228101328 0.642771602
vn -0.692408741 -0.0834873691 0.716658831
vn -0.798676133 -0.311592817 0.514807105
vn -0.982715309 0.0834977776 0.165223792
vn -0.87645793 0.311588913 0.367061019
vn -0.943824232 -0.228102729 0.23909159
vn -0.656161964 -0.553411305 0.513017893
vn -0.467419177 -0.148292035 0.871509433
vn -0.794312775 0.553426921 0.250570863
vn -0.536526501 0.405126661 0.740278184
vn -0.983039021 0.148299292 -0.107896119
vn -0.913960755 -0.405133277 0.0232958104
vn -0.88486588 0 0.465845942
vn -0.974736214 -0.149537489 -0.165915132
vn -0.974736214 -0.149537504 -0.165915117
vn -0.953591585 -0.205386177 -0.220181003
vn -0.954675138 -0.196164399 -0.223863527
vn -0.93090415 -0.243830249 -0.271963775
vn -0.89333415 -0.248026207 -0.374749213
vn -0.870168328 -0.254447013 -0.42197603
vn -0.806202352 -0.266700417 -0.528118193
vn -0.806202292 -0.266700417 -0.528118193
vn -0.080024682 -0.482153893 0.872424006
vn 0.0664494038 -0.842413366 0.534718871
vn 0.0629532114 -0.836805165 0.543869376
vn -0.0816223025 -0.475826383 0.875743687
vn 0.139096096 -0.955437124 0.26036936
vn 0.141163751 -0.955217481 0.260062426
vn 0.121362314 -0.957145631 0.262951314
vn 0.121362329 -0.957145751 0.262951314
vn -0.1224145 -0.298458695 0.946539521
vn -0.1224145 -0.298458666 0.946539521
vn -0.466599613 -0.504208922 0.726676047
vn -0.977600038 -0.207631931 -0.0344542041
vn -0.99414295 -0.107509352 -0.0110236378
vn -0.468324274 -0.404771149 0.785387039
vn 0.727076292 -0.244673088 0.641478837
vn 0.68702811 -0.249374047 0.682498991
vn 0.681501806 0.309014589 -0.663374066
vn 0.660610259 0.439101607 -0.608920336
vn -0.558949709 0.270246863 -0.783927202
vn -0.523782432 0.271173358 -0.807537556
vn 0.660610259 0.439101607 -0.608920336
vn 0.681501806 0.309014589 -0.663374066
vn -0.897015572 -0.429042906 -0.106231868
vn -0.276464492 -0.865665197 0.417362303
vn -0.380693704 -0.846672177 0.371777326
vn -0.933582544 -0.249986619 -0.256768852
vn 0.82234323 -0.134622887 0.552836657
vn 0.712218404 -0.429330856 0.555355787
vn -0.714251041 0.418940663 -0.560655057
vn -0.601657093 0.560664773 -0.568914413
vn 0.620483458 0.748935401 -0.232585713
vn 0.402332723 0.879844487 -0.252986372
vn -0.90201503 -0.377576739 -0.209295869
vn -0.411997616 -0.708543539 0.572908401
vn -0.843348503 -0.432502508 -0.318912119
vn -0.298039645 -0.87547791 0.380408645
vn 0.743575215 -0.210218444 0.634747326
vn 0.639632404 -0.168884009 0.749899089
vn -0.585221231 0.381384939 -0.715584815
vn -0.516419828 0.337816596 -0.786886573
vn 0.469294339 0.832068145 -0.29567802
vn 0.588901699 0.711826086 -0.382751018
vn -0.848653138 -0.363433272 -0.384322733
vn -0.261282474 -0.933276474 0.246427625
vn 0.786941826 -0.180102825 0.590157092
vn 0.372603357 0.917673945 -0.137990639
vn 0.743575215 -0.210218444 0.634747326
vn 0.786941826 -0.180102825 0.590157092
vn -0.595001817 0.539212584 -0.596005559
vn 0.639632404 -0.168884009 0.749899089
vn 0.588901699 0.711826086 -0.382751018
vn 0.743575215 -0.210218444 0.634747326
vn 0.639632404 -0.168884009 0.749899089
vn 0.82234323 -0.134622887 0.552836657
vn 0.402332723 0.879844487 -0.252986372
vn 0.402332723 0.879844487 -0.252986372
vn 0.82234323 -0.134622887 0.552836657
vn 0.712218404 -0.429330856 0.555355787
vn 0.712218404 -0.429330856 0.555355787
vn 0.620483458 0.748935401 -0.232585713
vn 0.620483458 0.748935401 -0.232585713
vn 0.660610259 0.439101607 -0.608920336
vn -0.0101707 -0.915290475 -0.402665854
vn -0.127312183 -0.9912287 0.0354568958
vn 0.220001757 -0.961902022 0.162307888
vn 0.351209909 -0.876892805 -0.328193069
vn -0.319100738 -0.845926046 0.427298427
vn 0.00529877981 -0.799214542 0.601022363
vn -0.534120023 -0.518235743 0.667942703
vn -0.23540242 -0.432353348 0.870434523
vn -0.714697063 -0.0960797444 0.692803562
vn -0.437569559 0.0403100252 0.898280621
vn -0.812500298 0.307505637 0.495261014
vn -0.547060072 0.492148906 0.677137136
vn -0.801294506 0.584360421 0.128257439
vn -0.534524918 0.802128315 0.266220331
vn -0.684111714 0.660290122 -0.309851557
vn -0.403315008 0.887144923 -0.224301293
vn -0.492294878 0.514970541 -0.701748669
vn -0.188568398 0.724440157 -0.663044751
vn -0.277313381 0.187345654 -0.942336917
vn 0.0521320291 0.357622743 -0.932409942
vn -0.0967172235 -0.234808296 -0.967218101
vn 0.254297614 -0.115027279 -0.960261166
vn 0.0521320291 0.357622743 -0.932409942
vn -0.277313381 0.187345654 -0.942336917
vn 0.00105962309 -0.638432741 -0.769676864
vn 0.363774538 -0.566912711 -0.739106297
vn -0.703593314 -0.680364072 -0.205088377
vn -0.127312183 -0.9912287 0.0354568958
vn -0.0101707 -0.915290475 -0.402665854
vn -0.654520035 -0.648568213 -0.388539344
vn -0.783910096 -0.619521379 -0.0409653746
vn -0.319100738 -0.845926046 0.427298427
vn -0.874013722 -0.482204258 0.059826497
vn -0.534120023 -0.518235743 0.667942703
vn -0.949633777 -0.305386305 0.0702492818
vn -0.714697063 -0.0960797444 0.692803562
vn -0.990572393 -0.136419252 -0.0124948276
vn -0.812500298 0.307505637 0.495261014
vn -0.9858796 -0.02045816 -0.16620104
vn -0.801294506 0.584360421 0.128257439
vn -0.936804891 0.0113766352 -0.349667341
vn -0.684111714 0.660290122 -0.309851557
vn -0.856478214 -0.0495314375 -0.513801277
vn -0.492294878 0.514970541 -0.701748669
vn -0.766424179 -0.186783537 -0.614577651
vn -0.277313381 0.187345654 -0.942336917
vn -0.690782368 -0.363549083 -0.625021398
vn -0.0967172235 -0.234808296 -0.967218101
vn 0.00105962309 -0.638432741 -0.769676864
vn -0.649838328 -0.532564044 -0.542296529
vn -0.883652449 -0.360351354 -0.298840016
vn -0.639296055 -0.5882411 0.495250404
vn -0.658465981 -0.58425343 0.474415898
vn -0.623637974 0.200074539 -0.755675793
vn -0.765130043 0.0620704666 -0.640877008
vn -0.121122718 -0.553826511 0.823775172
vn -0.121122725 -0.553826511 0.823775172
vn -0.123887636 0.494688094 -0.8601951
vn -0.123887621 0.494688094 -0.8601951
vn -0.358301014 0.859398007 0.364767611
vn -0.358301073 0.859398007 0.364767611
vn -0.358301044 0.859398007 0.364767581
vn -0.358301044 0.859398007 0.364767611
vn -0.00986902695 -0.905746758 -0.423704326
vn -0.00986902881 -0.905746877 -0.423704356
vn -0.00986902881 -0.905746758 -0.423704356
vn -0.00986902881 -0.905746877 -0.423704356
vn -0.952942193 -0.248991102 -0.172929242
vn -0.911388636 -0.362665415 0.194536611
vn -0.73674953 -0.66730535 0.109104201
vn -0.832012534 -0.438022912 -0.340427697
vn -0.944006324 -0.00370105775 -0.329906762
vn -0.720976472 -0.119029008 -0.682660222
vn -0.698172808 0.0148257678 0.715775728
vn -0.277475446 -0.685409188 0.673217237
vn -0.311738223 0.342627347 -0.886242509
vn -0.796380281 0.602779806 -0.0493446253
vn -0.862991512 0.28707841 0.415730149
vn -0.277475446 -0.685409188 0.673217237
vn -0.698172808 0.0148257678 0.715775728
vn -0.302078724 -0.113671273 0.946481526
vn -0.00514185429 -0.56714344 0.823602974
vn -0.026148092 -0.576239944 0.816862226
vn -0 -0.576436996 0.817141652
vn -0.0229255762 0.541184604 -0.840591252
vn -0.327025235 0.815132916 -0.478134781
vn -0.796380281 0.602779806 -0.0493446253
vn -0.311738223 0.342627347 -0.886242509
vn -0 0.553966522 -0.832538903
vn -0 0.553966522 -0.832538903
vn -0.302078724 -0.113671273 0.946481526
vn -0.698172808 0.0148257678 0.715775728
vn -0.862991512 0.28707841 0.415730149
vn -0.543644249 0.550654709 0.633427382
vn -0.327025235 0.815132916 -0.478134781
vn -0.796380281 0.602779806 -0.0493446253
vn -0.525925398 -0.844394386 0.101982854
vn -0 -0.98431778 0.176404774
vn -0 -0.81803453 -0.575169146
vn -0.473399162 -0.709697723 -0.521749377
vn -0.343571573 -0.708313704 0.616644442
vn -0 -0.727747262 0.685845435
vn -0.368222952 -0.0744858757 -0.926749051
vn -0 -0.0224460177 -0.999748051
vn -0.63306284 -0.419081986 0.650846899
vn -0 -0.554628074 0.832098365
vn -0.63306284 -0.419081986 0.650846899
vn -0.343571573 -0.708313704 0.616644442
vn -0.525925398 -0.844394386 0.101982854
vn -0.956040382 -0.263996094 0.127643377
vn -0.473399162 -0.709697723 -0.521749377
vn -0.976890683 -0.12566404 -0.172896624
vn -0.983763218 0.172784165 0.0485338867
vn -0.707395852 0.460661292 -0.53608048
vn -0.368222952 -0.0744858757 -0.926749051
vn -0.639431477 0.725619256 -0.254173279
vn -0 0.687667608 -0.726025641
vn -0.707395852 0.460661292 -0.53608048
vn -0.368222952 -0.0744858757 -0.926749051
vn -0 -0.0224460177 -0.999748051
vn -0 0.862421989 -0.506190062
vn -0.639431477 0.725619256 -0.254173279
vn 0.525925398 -0.844394386 0.101982839
vn 0.473399162 -0.709697723 -0.521749377
vn -0 -0.81803453 -0.575169146
vn -0 -0.98431778 0.176404774
vn 0.343571544 -0.708313704 0.616644382
vn -0 -0.727747262 0.685845435
vn 0.368223011 -0.0744858906 -0.926749051
vn -0 -0.0224460177 -0.999748051
vn 0.63306284 -0.419081986 0.650846899
vn -0 -0.554628074 0.832098365
vn 0.63306284 -0.419081986 0.650846899
vn 0.956040382 -0.263996094 0.127643362
vn 0.525925398 -0.844394386 0.101982839
vn 0.343571544 -0.708313704 0.616644382
vn 0.473399162 -0.709697723 -0.521749377
vn 0.976890683 -0.125664011 -0.172896624
vn 0.983763218 0.172784165 0.0485338867
vn 0.707395852 0.460661232 -0.53608048
vn 0.368223011 -0.0744858906 -0.926749051
vn 0.639431477 0.725619197 -0.254173279
vn -0 0.687667608 -0.726025641
vn -0 -0.0224460177 -0.999748051
vn 0.368223011 -0.0744858906 -0.926749051
vn 0.707395852 0.460661232 -0.53608048
vn -0 0.862421989 -0.506190062
vn 0.639431477 0.725619197 -0.254173279
vn -0.96844548 0.246698663 -0.0353976786
vn -0.966108143 0.255739629 -0.0351047553
vn -0.988443911 -0.129721895 -0.07842803
vn -0.98427248 -0.155729786 -0.0834017172
vn -0.819806278 -0.519944131 -0.239949211
vn -0.839111865 -0.496035218 -0.223249391
vn -0.773785472 -0.543932557 -0.324643642
vn -0.792709053 -0.518090129 -0.321239829
vn -0.869687557 -0.391151071 -0.301071852
vn -0.869687557 -0.391151071 -0.301071823
vn -0.83823508 0.54512918 0.0140087958
vn -0.836183667 0.548237801 0.0152408006
vn -0.515538931 0.852532506 0.0860692784
vn -0.536768794 0.839526474 0.0841109455
vn -0.254156798 0.961519301 0.104330897
vn -0.254156828 0.961519301 0.104330897
vn -0.142137587 -0.197591051 0.969925106
vn -0.166692704 -0.224246994 0.96017015
vn -0.141133189 -0.196478501 0.970297694
vn 0.389515966 0.442805558 0.807589352
vn -0.168171197 -0.227169141 0.959224999
vn -0.192766666 -0.329874694 0.924134076
vn -0.189891189 -0.30089882 0.934559405
vn -0.153437942 -0.503253281 0.850407541
vn -0.156983331 -0.515109599 0.842625797
vn -0.131315649 -0.61605382 0.776681304
vn -0.147025257 -0.627012551 0.765009046
vn -0.142988816 -0.620244026 0.771266282
vn -0.156467408 -0.64269352 0.749975324
vn 0.557514071 0.655041873 0.509998202
vn -0.0300698988 0.361768454 -0.931782961
vn -0.0128866928 0.365909219 -0.930561304
vn -0.032007426 0.342679858 -0.938906848
vn 0.30643782 0.613509715 -0.727806091
vn -0.0319937207 0.342149347 -0.939100802
vn -0.00589776877 0.380639046 -0.92470485
vn -0.0126442621 0.367512077 -0.929932714
vn 0.00672797672 0.491479814 -0.87086302
vn 0.00534842489 0.510148168 -0.860069871
vn -0.00116591668 0.562144935 -0.827037871
vn -0.00308749592 0.532674253 -0.846314609
vn -0.00351876253 0.516485751 -0.856288493
vn -0.00363366096 0.515689015 -0.856768131
vn -0 0.540656149 -0.841243625
vn 0.258812428 0.598377466 -0.758261561
vn 0.557514071 0.655041873 0.509998202
vn 0.389515966 0.442805558 0.807589352
vn 0.30643782 0.613509715 -0.727806091
vn 0.258812428 0.598377466 -0.758261561
vn -0.751614928 0.658622205 -0.0359425321
vn -0.761928618 0.6469661 0.0299913138
vn -0.843900263 0.536366105 -0.0119928038
vn -0.838284314 0.541905105 -0.0601523072
vn -0.64887172 0.760818183 -0.0110095348
vn -0.662020206 0.745920241 0.0730216056
vn -0.860809445 0.483479708 0.158916652
vn -0.780588031 0.595642626 0.189452156
vn -0.67031312 0.714356244 0.200936705
vn -0.857260466 0.416780502 0.302322
vn -0.760375261 0.58886528 0.273983836
vn -0.669251919 0.701127589 0.246012151
vn -0.980738103 -0.038460657 0.191503212
vn -0.980876744 -0.0382916033 0.19082582
vn -0.813330412 -0.132861599 0.566428542
vn -0.813330531 -0.132861614 0.566428602
vn -0.97480756 0.0619924851 -0.21425952
vn -0.97480756 0.0619924851 -0.214259505
vn 0.00339727337 0.98235172 0.187012136
vn -0.0172212943 0.974986434 0.221596077
vn -0.0144271646 0.974172235 0.225344822
vn 0.00949444715 0.981509209 0.191179499
vn -0.0334322043 0.950363636 0.309339821
vn 0.0158107076 -0.972916424 -0.230615795
vn 0.0148329558 -0.959082127 -0.282739311
vn 0.00945179909 -0.958153188 -0.286099792
vn 0.018821191 -0.972925365 -0.230352178
vn 0.00153870101 -0.990747809 -0.135707438
vn -0.477701664 0.201478407 0.855106831
vn -0.471737593 0.200812414 0.858567417
vn -0 0.179197133 0.983813167
vn -0 0.179197147 0.983813167
vn -0.817598164 0.266461968 0.510422528
vn -0.814238846 0.265416265 0.51630348
vn -0.935168445 0.350259751 0.0527063347
vn -0.935305476 0.348220229 0.0628192797
vn -0.811794519 0.47407192 -0.340947986
vn -0.756304026 0.506220281 -0.414421588
vn -0.804339349 0.466234714 -0.368325114
vn -0.941350102 0.244070947 -0.233000591
vn -0.963397205 -0.0446031243 0.264341265
vn -0.994392455 0.0175964125 -0.104278892
vn -0.994451106 0.0175044667 -0.103732869
vn -0.600022912 0.741888285 0.299289614
vn -0.994643092 0.0172005203 -0.101927862
vn -0.994651616 0.0171882659 -0.101847209
vn -0.998662233 0.00860499032 -0.0509879403
vn -0.999451339 0.0055118124 -0.0326596498
vn -1 0 0
vn -1 0 0
vn 0.000827556883 0.945391357 -0.325936228
vn -0 0.964549184 -0.26390323
vn -0 0.975846052 -0.218459383
vn -0 0.972831905 -0.23151277
vn 0.00771088758 0.909949422 -0.414647639
vn -0 0.916153669 -0.400827318
vn -0 0.995002091 -0.0998533145
vn -0 0.975850046 -0.21844168
vn -0 0.986063778 0.166368052
vn -0 0.986063778 0.166367933
vn -0 0.911269665 0.41181016
vn -0.600022912 0.741888285 0.299289614
vn -0.04302283 0.833626807 0.550650001
vn -0 0.80888325 0.587969363
vn -0 0.84030968 -0.542106688
vn 0.0762334242 0.796451509 -0.599877894
vn -1.70392323E-05 0.986063778 0.166367665
vn -0 0.986061215 0.166383132
vn -2.55241448E-05 0.986054599 0.166421875
vn -0 0.986054599 0.166421846
vn -0 0.84030968 -0.542106688
vn 0.0762334242 0.796451509 -0.599877894
vn 0.104683526 0.179492772 -0.978173673
vn -0 0.180484414 -0.983577847
vn 0.477701664 0.201478407 0.855106831
vn -0 0.179197147 0.983813167
vn -0 0.179197133 0.983813167
vn 0.471737593 0.200812444 0.858567417
vn 0.817598164 0.266461968 0.510422528
vn 0.814238846 0.265416265 0.51630348
vn 0.935884416 0.349041343 0.0478583649
vn 0.936028123 0.347150236 0.0577766187
vn 0.813219726 0.469007313 -0.34453702
vn 0.757520854 0.501717389 -0.417662323
vn 0.808458865 0.461675197 -0.365034521
vn 0.942876458 0.240823373 -0.23019141
vn 0.963397205 -0.0446031243 0.264341265
vn 0.994392455 0.0175964106 -0.104278877
vn 0.994451106 0.017504463 -0.103732839
vn 0.862463593 0.485304296 0.143653229
vn 0.994647324 0.017194394 -0.101887524
vn 0.998662233 0.00860499032 -0.0509879403
vn 0.641247809 0.650231659 0.407430977
vn 1 0 0
vn 1 0 0
vn -0.000827555836 0.945391357 -0.325936228
vn -0 0.972831905 -0.23151277
vn -0 0.975846052 -0.218459383
vn -0 0.964549184 -0.26390323
vn -0.00771088758 0.909949422 -0.414647698
vn -0 0.916153669 -0.400827318
vn -0 0.995002091 -0.099853307
vn -0 0.975850046 -0.21844168
vn -0 0.986063778 0.166368052
vn -0 0.986063778 0.166367948
vn -0 0.911269665 0.41181016
vn 0.862463593 0.485304296 0.143653229
vn 0.641247809 0.650231659 0.407430977
vn -0 0.80888325 0.587969363
vn -0 0.84030968 -0.542106688
vn -0.0762334019 0.796451509 -0.599877894
vn 1.70392304E-05 0.986063778 0.16636765
vn -0 0.986061215 0.166383132
vn 2.55241412E-05 0.986054599 0.166421846
vn -0 0.986054599 0.166421846
vn -0 0.84030968 -0.542106688
vn -0 0.180484414 -0.983577847
vn -0.104683496 0.179492727 -0.978173673
vn -0.0762334019 0.796451509 -0.599877894
vn -0.472313643 0.18916212 0.860893488
vn -0 0.169094831 0.985599756
vn -0 0.169094831 0.985599756
vn -0.470914871 0.189035341 0.861687124
vn -0.817805588 0.243335292 0.521519005
vn -0.819028437 0.243667662 0.519440532
vn -0.950641632 0.286999792 0.117947243
vn -0.953029335 0.288786292 0.0913098678
vn -0.951067328 0.295384318 -0.090658173
vn -0.951067328 0.295384318 -0.0906581804
vn -0 -0.0350319296 -0.999386191
vn -0 -0.03890552 -0.999242902
vn 0.0102936355 -0.0353706181 -0.999321222
vn 0.0102242865 -0.0350301042 -0.999333918
vn -0 0.742395639 -0.669961751
vn -0 0.989131749 0.147031784
vn 0.0108841071 0.988806367 0.148807094
vn -0 0.742395639 -0.669961751
vn 0.0201662648 0.987858057 0.154044971
vn 0.0274966024 0.986179113 0.163384989
vn 0.0310881194 0.984730721 0.171285972
vn 0.472313583 0.189162105 0.860893488
vn 0.470914871 0.189035386 0.861687124
vn -0 0.169094831 0.985599756
vn -0 0.169094831 0.985599756
vn 0.817805469 0.243335277 0.521518946
vn 0.819028497 0.243667647 0.519440472
vn 0.950641632 0.286999792 0.117947243
vn 0.953029335 0.288786292 0.0913098678
vn 0.951067328 0.295384318 -0.090658173
vn 0.951067328 0.295384318 -0.0906581804
vn -0 -0.0350319296 -0.999386191
vn -0.0102242874 -0.035030093 -0.999333918
vn -0.0321369693 0.720150411 -0.693073273
vn -0 -0.03890552 -0.999242902
vn -0 0.742395639 -0.669961751
vn -0 0.989131749 0.147031784
vn -0 0.742395639 -0.669961751
vn -0.0108841071 0.988806367 0.148807094
vn -0.0201662648 0.987858057 0.154044971
vn -0.0274966024 0.986179113 0.163384989
vn -0.0321369693 0.720150411 -0.693073273
vn -0.773189127 0.173449561 -0.609994948
vn -0.484876573 0.826433003 -0.28618744
vn -0.624435902 0.713578343 0.317625076
vn -0.816431284 0.369863659 -0.443441898
vn -0.632453918 0.750096023 0.193282366
vn -0.893260539 0.435796916 0.11030256
vn -0.852904201 0.200788677 -0.481910944
vn -0.972604394 -0.159886405 -0.168751001
vn -0.285554439 0.896007061 0.340043962
vn -0.239752531 0.912593842 -0.331196725
vn -0.262546122 0.940753341 0.21459873
vn -0 0.954581678 -0.297949344
vn -0 0.938214958 0.346053183
vn -0 0.975386202 0.220503211
vn -0.637331843 0.456466824 -0.620843112
vn -0.783734977 -0.546903014 -0.294374943
vn -0.581010818 -0.152507961 -0.799479604
vn -0.493329078 -0.126651064 -0.860573053
vn -0.697098494 -0.642670035 -0.31785056
vn -0.370905638 -0.219973177 -0.902242064
vn -0.773189127 0.173449561 -0.609994948
vn -0.816431284 0.369863659 -0.443441898
vn -0 -0.19007282 -0.981769979
vn -0 -0.118318632 -0.992975712
vn -0 0.798115313 -0.602504671
vn -0.852904201 0.200788677 -0.481910944
vn -0 0.835766137 -0.549085557
vn -0.637331843 0.456466824 -0.620843112
vn -0.581010818 -0.152507961 -0.799479604
vn -0.493329078 -0.126651064 -0.860573053
vn -0 0.340809077 -0.940132558
vn -0 0.184690088 -0.982796788
vn -0.370905638 -0.219973177 -0.902242064
vn -0.484876573 0.826433003 -0.28618744
vn -0 0.954581678 -0.297949344
vn -0.239752531 0.912593842 -0.331196725
vn 0.773189127 0.173449561 -0.609994948
vn 0.816431403 0.369863689 -0.443441898
vn 0.624435902 0.713578343 0.317625076
vn 0.484876573 0.826433003 -0.286187381
vn 0.632453918 0.750096023 0.193282366
vn 0.893260539 0.435796946 0.11030256
vn 0.852904201 0.200788677 -0.481910944
vn 0.972604394 -0.159886405 -0.168751001
vn 0.285554439 0.896007061 0.340043962
vn 0.239752531 0.912593842 -0.331196725
vn 0.262546122 0.940753341 0.21459873
vn -0 0.954581678 -0.297949344
vn -0 0.938214958 0.346053183
vn -0 0.975386202 0.220503211
vn 0.637331843 0.456466824 -0.620843112
vn 0.783734977 -0.546903014 -0.294374943
vn 0.581010818 -0.152507991 -0.799479723
vn 0.493329048 -0.126651064 -0.860573053
vn 0.697098434 -0.642670035 -0.31785053
vn 0.370905638 -0.219973177 -0.902242064
vn 0.773189127 0.173449561 -0.609994948
vn -0 -0.118318632 -0.992975712
vn -0 -0.19007282 -0.981769979
vn 0.816431403 0.369863689 -0.443441898
vn -0 0.798115313 -0.602504671
vn 0.852904201 0.200788677 -0.481910944
vn -0 0.835766137 -0.549085557
vn 0.637331843 0.456466824 -0.620843112
vn 0.581010818 -0.152507991 -0.799479723
vn 0.493329048 -0.126651064 -0.860573053
vn -0 0.340809077 -0.940132558
vn -0 0.184690088 -0.982796788
vn 0.370905638 -0.219973177 -0.902242064
vn 0.484876573 0.826433003 -0.286187381
vn -0 0.954581678 -0.297949344
vn 0.239752531 0.912593842 -0.331196725
vn -0.982287109 -0.175436318 -0.065834634
vn -0.97433871 -0.209387496 -0.0825894102
vn -0.607360363 -0.0909645259 -0.789201319
vn -0.777149618 0.0321748443 -0.628492951
vn -0.693366289 -0.131204858 -0.708539665
vn -0.73699379 0.190547854 -0.648484111
vn -0.974964261 -0.201033562 -0.0950280428
vn -0.467511505 0.618152678 -0.631917953
vn -0.607360363 -0.0909645259 -0.789201319
vn 0.0423766151 0.200205594 -0.978837013
vn -0.777149618 0.0321748443 -0.628492951
vn -0.693366289 -0.131204858 -0.708539665
vn 0.0337541178 0.475538105 -0.879047334
vn -0.73699379 0.190547854 -0.648484111
vn 0.0273857955 0.76115489 -0.647991776
vn -0.467511505 0.618152678 -0.631917953
vn -0.247270077 0.827388704 0.504267216
vn -0 0.861429274 0.507877529
vn -0 0.712263167 0.701912642
vn -0.280745089 0.68355298 0.673748851
vn -0 0.378790319 0.925482571
vn -0.282877743 0.382442087 0.879612565
vn -0.551402986 0.69515729 0.461206198
vn -0.572960913 0.585477889 0.573525369
vn -0.610262752 0.377301216 0.696579695
vn -0.257594794 0.255605936 0.931831777
vn -0 0.228113368 0.973634601
vn -0.606134117 0.276074469 0.745911777
vn -0.681492805 0.515060484 0.519884765
vn -0.725748301 0.36807102 0.581216872
vn -0.758147001 0.266571015 0.595107555
vn 0.247270018 0.827388704 0.504267216
vn 0.280745029 0.68355298 0.673748851
vn -0 0.712263167 0.701912642
vn -0 0.861429274 0.507877529
vn -0 0.378790319 0.925482571
vn 0.282877743 0.382442087 0.879612565
vn 0.551402986 0.69515729 0.461206198
vn 0.572960913 0.585477889 0.573525369
vn 0.610262752 0.377301216 0.696579695
vn 0.257594794 0.255605936 0.931831777
vn -0 0.228113368 0.973634601
vn 0.606134176 0.276074469 0.745911717
vn 0.681492805 0.515060544 0.519884884
vn 0.72574836 0.36807102 0.581216931
vn 0.758147001 0.266570985 0.595107496
vn -0 -0.896039486 -0.443974257
vn -0.386462808 -0.79372865 -0.469724566
vn -0.430229664 -0.772126615 -0.467678308
vn -0 -0.896039486 -0.443974257
vn -0.821015596 -0.416401505 -0.39056778
vn -0.835936606 -0.390939057 -0.385196984
vn -0.896604002 -0.264903158 -0.354862869
vn -0.896604002 -0.264903158 -0.354862839
vn -0.0188791882 -0.586544812 0.809696674
vn -0.0167352129 -0.602088332 0.798254073
vn -0 -0.592748165 0.805387855
vn -0 -0.586649477 0.809841037
vn -0.0152690811 -0.612561047 0.790275812
vn -0 -0.896039486 -0.443974257
vn -0 -0.896039486 -0.443974257
vn 0.430229694 -0.772126615 -0.467678308
vn 0.386462837 -0.79372865 -0.469724566
vn 0.821015596 -0.416401446 -0.39056775
vn 0.835936606 -0.390939027 -0.385196984
vn 0.896604002 -0.264903128 -0.354862869
vn 0.896604002 -0.264903128 -0.354862839
vn 0.0188791882 -0.586544812 0.809696674
vn -0 -0.586649477 0.809841037
vn -0 -0.592748165 0.805387855
vn 0.0167352129 -0.602088332 0.798254073
vn 0.0152690811 -0.612561047 0.790275812
vn 0.933334947 -0.29425472 0.205669671
vn 0.853269815 -0.515317261 0.0798669532
vn 0.844669819 -0.530656517 0.0702599809
vn 0.93178618 -0.301804513 0.201714396
vn 0.947587013 -0.18700859 0.259049416
vn 0.947587013 -0.18700859 0.259049416
vn 0.521370947 -0.837955654 -0.161253706
vn 0.384803087 -0.894459486 -0.227747068
vn 0.0209346954 -0.932491839 -0.360583872
vn 0.0209346954 -0.932491839 -0.360583931
vn 0.0112469411 0.341569662 -0.939789176
vn 0.00361480843 0.266942352 -0.963705719
vn 0.00676382473 0.294040203 -0.955769122
vn 0.0110662337 0.34142676 -0.939843178
vn 0.00891677663 0.339725405 -0.940482497
vn -0.00554807438 0.187013403 -0.982341707
vn -0.00554807391 0.187013403 -0.982341707
vn 0.00392052671 -0.458670586 0.888597727
vn -0.0165139213 -0.453157991 0.891277254
vn -0.0173093788 -0.454976916 0.890334964
vn -0.00734397257 -0.46847415 0.883446693
vn 0.0105134966 -0.390167505 0.92068392
vn 0.0434789583 -0.42332831 0.904932439
vn 0.0434789583 -0.42332828 0.904932439
vn 0.314809084 -0.669803798 0.672501445
vn 0.401265651 -0.449955463 0.797825813
vn 0.950487912 -0.0376153737 -0.308476627
vn 0.864354849 -0.232288554 -0.446018785
vn 0.956668854 0.0565316938 -0.285637707
vn 0.38173911 -0.321091145 0.866703928
vn 0.243997604 -0.963157952 0.113100797
vn 0.4520441 -0.571980834 -0.684466362
vn 0.0205540247 -0.965081155 -0.261143357
vn -0.0155628826 -0.804247737 -0.594090283
vn 0.479064912 0.298444718 -0.825486243
vn 0.275950849 0.164304838 -0.947024345
vn -0.357191503 -0.436176479 0.825932384
vn -0.34375596 -0.32761997 0.88005501
vn -0.343582451 -0.276715636 0.897429347
vn -0.546608448 -0.337875664 0.76619786
vn -0.526855648 -0.713165879 0.462404102
vn -0.52685219 -0.713174939 0.462394208
vn -0.546607554 -0.337871224 0.766200483
vn -0.36523661 0.079936333 0.927476346
vn -0.36523208 0.079943113 0.927477598
vn -0.0313196182 0.428334355 0.903077483
vn -0.0313246697 0.42833066 0.903079033
vn 0.365660369 0.613957703 0.699534416
vn 0.365659088 0.613957405 0.69953531
vn 0.719275594 0.587086499 0.371445894
vn 0.719284296 0.587082505 0.371435225
vn 0.93485266 0.354974121 0.00662484579
vn 0.93485558 0.354966402 0.0066163633
vn 0.954602122 -0.0202628933 -0.297193915
vn 0.954603493 -0.0202560853 -0.297189891
vn 0.773221552 -0.438057572 -0.458512783
vn 0.773228109 -0.438047796 -0.458511025
vn -0.311266571 -0.945296645 0.0976078734
vn -0.311265945 -0.945297003 0.0976070762
vn 0.0423410945 -0.972153544 -0.230487958
vn 0.0423503518 -0.972151637 -0.230494529
vn 0.439314276 -0.786493421 -0.434086502
vn 0.439325839 -0.786485016 -0.434090108
vn 0.773228109 -0.438047796 -0.458511025
vn 0.773221552 -0.438057572 -0.458512783
vn 0.568727016 -0.499260604 0.653672934
vn 0.568764508 -0.499226213 0.653666615
vn 0.568690062 -0.499236435 0.653723776
vn 0.56871897 -0.49923414 0.653700292
vn 0.568689346 -0.499303341 0.653673053
vn 0.568711758 -0.499281168 0.653670549
vn 0.568677902 -0.499273241 0.653706133
vn 0.56865555 -0.499263942 0.653732657
vn 0.568669379 -0.499199003 0.653770149
vn 0.56863904 -0.499198079 0.653797209
vn 0.568656683 -0.499218345 0.653766453
vn 0.568687618 -0.499179989 0.653768957
vn 0.568682134 -0.49919787 0.653760076
vn 0.29475686 -0.410484612 0.862914085
vn 0.239350855 -0.324422598 0.915129006
vn 0.412435204 -0.331025034 0.848716438
vn 0.451570421 -0.416426718 0.789096296
vn 0.768655837 -0.271592349 0.579142213
vn 0.768792868 -0.36107403 0.527809739
vn 0.935463727 -0.173157722 0.308097452
vn 0.893230319 -0.300875247 0.334086269
vn 0.489099503 -0.576626241 0.654433846
vn 0.371441096 -0.557143331 0.742713153
vn 0.705657244 -0.574158072 0.415199101
vn 0.792950094 -0.558191597 0.244238347
vn 0.503878117 -0.651881039 0.566708088
vn 0.39564231 -0.625816882 0.672175765
vn 0.679100454 -0.67989558 0.276703387
vn 0.72444278 -0.676034451 0.134759158
vn 0.114633098 -0.804163814 0.58324939
vn 0.327478886 -0.929329336 0.170600832
vn -0.00125588092 -0.999996185 0.00248658983
vn -0.226376593 -0.864789546 0.448210508
vn -0.0409389064 -0.464001119 0.884888053
vn -0.390745759 -0.498744696 0.773674071
vn -0.0978120416 0 0.995204926
vn -0.450808257 0 0.892620742
vn -0.0409370214 0.464007467 0.884884894
vn -0.390743852 0.498751819 0.773670316
vn 0.114633285 0.804163694 0.58324945
vn -0.226376593 0.864789546 0.448210508
vn 0.327479035 0.929329216 0.170600936
vn -0.00125587604 0.999996185 0.00248658983
vn 0.540619493 0.805486739 -0.242737606
vn 0.224495068 0.8671996 -0.444484919
vn 0.696903229 0.46530512 -0.545726299
vn 0.390128374 0.501147091 -0.772432089
vn 0.754178941 0 -0.656668961
vn 0.450823724 0 -0.892612994
vn 0.696914971 -0.465304792 -0.545711398
vn 0.754178941 0 -0.656668961
vn 0.450823724 0 -0.892612994
vn 0.390130311 -0.501139998 -0.772435784
vn 0.540632069 -0.805481076 -0.242728546
vn 0.224495068 -0.8671996 -0.44448486
vn 0.800680876 -0.425721973 0.42151013
vn 0.327478886 -0.929329336 0.170600832
vn 0.114633098 -0.804163814 0.58324939
vn 0.701519728 -0.368693531 0.60986495
vn -0.0409389064 -0.464001119 0.884888053
vn 0.628900349 -0.212868363 0.747777641
vn -0.0978120416 0 0.995204926
vn 0.602319658 0 0.798254907
vn -0.0409370214 0.464007467 0.884884894
vn 0.628893673 0.212872162 0.747782111
vn 0.114633285 0.804163694 0.58324945
vn 0.701519012 0.368699044 0.609862328
vn 0.327479035 0.929329216 0.170600936
vn 0.800683618 0.425718158 0.421508938
vn 0.540619493 0.805486739 -0.242737606
vn 0.899840295 0.368703455 0.233120456
vn 0.696903229 0.46530512 -0.545726299
vn 0.972419858 0.212909058 0.0952332243
vn 0.754178941 0 -0.656668961
vn 0.998995602 0 0.0448086336
vn 0.696914971 -0.465304792 -0.545711398
vn 0.972426951 -0.212873206 0.0952413529
vn 0.540632069 -0.805481076 -0.242728546
vn 0.899842322 -0.368698329 0.233120903
vn 0.73131007 0.228101313 0.642771602
vn 0.692408741 -0.0834873691 0.716658831
vn 0.798676193 -0.311592817 0.514807045
vn 0.982715309 0.0834977552 0.165223807
vn 0.87645793 0.311588913 0.367061019
vn 0.943824232 -0.228102729 0.23909162
vn 0.656161964 -0.553411305 0.513017893
vn 0.467419177 -0.14829205 0.871509433
vn 0.794312894 0.553426921 0.250570923
vn 0.536526442 0.405126601 0.740278184
vn 0.983039141 0.148299292 -0.107896127
vn 0.913960755 -0.405133277 0.0232957993
vn 0.88486588 0 0.465845942
vn 0.974736214 -0.149537504 -0.165915132
vn 0.954675138 -0.196164414 -0.223863527
vn 0.953591585 -0.205386192 -0.220181033
vn 0.974736214 -0.149537519 -0.165915132
vn 0.93090415 -0.243830249 -0.271963775
vn 0.89333415 -0.248026207 -0.374749213
vn 0.870168328 -0.254447013 -0.42197603
vn 0.806202352 -0.266700417 -0.528118193
vn 0.806202292 -0.266700417 -0.528118193
vn 0.0800246969 -0.482153952 0.872424006
vn 0.0816223025 -0.475826323 0.875743687
vn -0.0629532039 -0.836805165 0.543869376
vn -0.0664493963 -0.842413366 0.534718812
vn -0.139096081 -0.955437124 0.26036936
vn -0.141163737 -0.955217481 0.260062426
vn -0.121362314 -0.957145751 0.262951314
vn -0.121362329 -0.957145751 0.262951285
vn 0.1224145 -0.298458695 0.946539521
vn 0.122414514 -0.298458695 0.946539521
vn 0.466599673 -0.504208922 0.726676106
vn 0.468324244 -0.404771209 0.785387039
vn 0.99414295 -0.107509345 -0.0110236388
vn 0.977600038 -0.207631975 -0.0344541855
vn -0.727076292 -0.244673088 0.641478837
vn -0.68702817 -0.249374017 0.682499051
vn -0.681501806 0.309014589 -0.663374066
vn -0.660610259 0.439101607 -0.608920276
vn 0.558949769 0.270246893 -0.783927202
vn 0.523782492 0.271173388 -0.807537556
vn -0.660610259 0.439101607 -0.608920276
vn -0.681501806 0.309014589 -0.663374066
vn 0.897015572 -0.429042965 -0.106231853
vn 0.276464462 -0.865665197 0.417362273
vn 0.380693704 -0.846672177 0.371777326
vn 0.933582544 -0.249986619 -0.256768852
vn -0.82234323 -0.134622887 0.552836657
vn -0.712218404 -0.429330856 0.555355787
vn 0.714251041 0.418940663 -0.560655057
vn 0.601657093 0.560664773 -0.568914413
vn -0.620483398 0.748935401 -0.232585713
vn -0.402332723 0.879844487 -0.252986372
vn 0.90201503 -0.377576739 -0.209295869
vn 0.411997616 -0.708543539 0.572908401
vn 0.843348503 -0.432502508 -0.318912119
vn 0.298039615 -0.87547791 0.380408645
vn -0.743575215 -0.210218415 0.634747267
vn -0.639632463 -0.168883994 0.749899089
vn 0.585221291 0.381384999 -0.715584815
vn 0.516419828 0.337816596 -0.786886573
vn -0.469294339 0.832068145 -0.29567796
vn -0.588901758 0.711826086 -0.382751018
vn 0.848653138 -0.363433272 -0.384322733
vn 0.261282384 -0.933276474 0.246427596
vn -0.786941886 -0.180102795 0.590157092
vn -0.372603357 0.917673945 -0.137990639
vn -0.786941886 -0.180102795 0.590157092
vn -0.743575215 -0.210218415 0.634747267
vn 0.595001817 0.539212584 -0.596005559
vn -0.639632463 -0.168883994 0.749899089
vn -0.743575215 -0.210218415 0.634747267
vn -0.588901758 0.711826086 -0.382751018
vn -0.402332723 0.879844487 -0.252986372
vn -0.82234323 -0.134622887 0.552836657
vn -0.639632463 -0.168883994 0.749899089
vn -0.82234323 -0.134622887 0.552836657
vn -0.402332723 0.879844487 -0.252986372
vn -0.620483398 0.748935401 -0.232585713
vn -0.712218404 -0.429330856 0.555355787
vn -0.712218404 -0.429330856 0.555355787
vn -0.620483398 0.748935401 -0.232585713
vn -0.660610259 0.439101607 -0.608920276
vn 0.0101707224 -0.915290475 -0.402665883
vn -0.351209909 -0.876892805 -0.328193098
vn -0.220001772 -0.961902022 0.162307844
vn 0.127312213 -0.9912287 0.0354568698
vn 0.319100738 -0.845926046 0.427298427
vn -0.00529878493 -0.799214542 0.601022422
vn 0.534120023 -0.518235743 0.667942703
vn 0.23540242 -0.432353348 0.870434523
vn 0.714697063 -0.0960797444 0.692803562
vn 0.437569559 0.0403100252 0.898280621
vn 0.812500298 0.307505727 0.495260954
vn 0.547060072 0.492148966 0.677137077
vn 0.801294506 0.584360421 0.128257424
vn 0.534524918 0.802128375 0.266220301
vn 0.684111714 0.660290122 -0.309851587
vn 0.403314978 0.887144804 -0.224301293
vn 0.492294878 0.514970541 -0.701748669
vn 0.188568398 0.724440157 -0.66304481
vn 0.277313471 0.187345669 -0.942336917
vn -0.0521320291 0.357622743 -0.932409942
vn 0.0967172384 -0.234808296 -0.967218101
vn 0.277313471 0.187345669 -0.942336917
vn -0.0521320291 0.357622743 -0.932409942
vn -0.254297614 -0.115027286 -0.960261166
vn -0.00105961179 -0.638432741 -0.769676864
vn -0.363774538 -0.566912711 -0.739106238
vn 0.703593314 -0.680364072 -0.205088422
vn 0.654520094 -0.648568153 -0.388539314
vn 0.0101707224 -0.915290475 -0.402665883
vn 0.127312213 -0.9912287 0.0354568698
vn 0.783910096 -0.619521379 -0.0409653746
vn 0.319100738 -0.845926046 0.427298427
vn 0.874013722 -0.482204258 0.059826497
vn 0.534120023 -0.518235743 0.667942703
vn 0.949633777 -0.305386305 0.0702492818
vn 0.714697063 -0.0960797444 0.692803562
vn 0.990572393 -0.136419252 -0.0124948379
vn 0.812500298 0.307505727 0.495260954
vn 0.9858796 -0.0204581805 -0.16620104
vn 0.801294506 0.584360421 0.128257424
vn 0.936804891 0.0113766352 -0.349667341
vn 0.684111714 0.660290122 -0.309851587
vn 0.856478214 -0.0495314263 -0.513801277
vn 0.492294878 0.514970541 -0.701748669
vn 0.766424298 -0.186783522 -0.614577711
vn 0.277313471 0.187345669 -0.942336917
vn 0.690782487 -0.363549143 -0.625021398
vn 0.0967172384 -0.234808296 -0.967218101
vn -0.00105961179 -0.638432741 -0.769676864
vn 0.649838388 -0.532564044 -0.542296529
vn 0.883652449 -0.360351354 -0.298840016
vn 0.639296055 -0.5882411 0.495250404
vn 0.765129983 0.0620704181 -0.640877008
vn 0.623637974 0.200074494 -0.755675793
vn 0.658465981 -0.58425343 0.474415898
vn 0.121122718 -0.553826511 0.823775172
vn 0.121122725 -0.553826511 0.823775172
vn 0.123887621 0.494687974 -0.86019516
vn 0.123887621 0.494688004 -0.8601951
vn 0.358300984 0.859398007 0.364767581
vn 0.358301014 0.859398007 0.364767581
vn 0.358301014 0.859398007 0.364767581
vn 0.358301014 0.859398007 0.364767581
vn 0.00986902975 -0.905746758 -0.423704416
vn 0.00986902975 -0.905746758 -0.423704416
vn 0.00986902975 -0.905746758 -0.423704416
vn 0.00986902975 -0.905746758 -0.423704416
vn 0.952942193 -0.248991102 -0.172929242
vn 0.832012534 -0.438022912 -0.340427697
vn 0.73674953 -0.66730535 0.109104164
vn 0.911388636 -0.362665445 0.194536582
vn 0.944006324 -0.00370105775 -0.329906732
vn 0.720976591 -0.11902903 -0.682660222
vn 0.698172808 0.0148257371 0.715775728
vn 0.277475446 -0.685409188 0.673217237
vn 0.311738253 0.342627376 -0.886242509
vn 0.796380281 0.602779806 -0.049344603
vn 0.862991571 0.287078381 0.415730119
vn 0.277475446 -0.685409188 0.673217237
vn 0.00514185429 -0.56714344 0.823602974
vn 0.302078724 -0.113671273 0.946481526
vn 0.698172808 0.0148257371 0.715775728
vn 0.026148092 -0.576239944 0.816862226
vn -0 -0.576436996 0.817141652
vn 0.0229255743 0.541184604 -0.840591252
vn 0.311738253 0.342627376 -0.886242509
vn 0.796380281 0.602779806 -0.049344603
vn 0.327025175 0.815132856 -0.478134781
vn -0 0.553966522 -0.832538903
vn -0 0.553966522 -0.832538903
vn 0.302078724 -0.113671273 0.946481526
vn 0.543644249 0.550654709 0.633427382
vn 0.862991571 0.287078381 0.415730119
vn 0.698172808 0.0148257371 0.715775728
vn 0.327025175 0.815132856 -0.478134781
vn 0.796380281 0.602779806 -0.049344603
vn 0.49819535 -0.717400551 0.486967862
vn 0.792581737 -0.446919918 -0.414821357
vn 0.796862006 -0.460370272 -0.391241759
vn 0.516155064 -0.719023585 0.465391368
vn 0.740862846 -0.334549993 -0.582407415
vn 0.740862846 -0.334549993 -0.582407475
vn 2.07967023E-05 -0.5265975 0.850114703
vn 2.07967023E-05 -0.5265975 0.850114703
vn -0 -0.984544873 -0.175132617
vn -0 -0.984544873 -0.175132617
vn -0 -0.83121711 -0.555948079
vn -0 -0.803011 -0.595964193
vn -0 -0.498128086 -0.867103517
vn -0 -0.498128086 -0.867103517
vn 0.532713592 0.653576314 0.537637711
vn 0.535677612 0.677805007 0.50361681
vn 0.528494895 0.817183316 0.230010003
vn 0.528494895 0.817183316 0.230010033
vn 0.480758011 0.436758101 0.760338187
vn 0.480758011 0.436758161 0.760338187
vn 4.69466177E-05 0.458666295 -0.888608694
vn 4.6946614E-05 0.458666265 -0.888608575
vn 4.69466213E-05 0.458666295 -0.888608694
vn 4.69466213E-05 0.458666295 -0.888608694
vn 0.96844548 0.246698663 -0.0353976823
vn 0.98427248 -0.15572983 -0.083401747
vn 0.988443911 -0.12972194 -0.0784280524
vn 0.966108143 0.255739599 -0.0351047628
vn 0.819806278 -0.519944251 -0.239949271
vn 0.839111865 -0.496035278 -0.22324945
vn 0.773785472 -0.543932557 -0.324643701
vn 0.792708993 -0.518090129 -0.321239799
vn 0.869687557 -0.39115113 -0.301071882
vn 0.869687557 -0.3911511 -0.301071852
vn 0.83823508 0.54512918 0.0140087865
vn 0.836183667 0.548237741 0.0152407922
vn 0.515538931 0.852532506 0.0860692635
vn 0.536768794 0.839526474 0.0841109306
vn 0.254156798 0.961519301 0.104330897
vn 0.254156828 0.961519301 0.104330897
vn 0.142137587 -0.197591051 0.969925106
vn 0.141133189 -0.196478501 0.970297694
vn 0.166692704 -0.224246994 0.96017015
vn -0.389515936 0.442805588 0.807589412
vn 0.168171197 -0.227169141 0.959224999
vn 0.192766666 -0.329874694 0.924134076
vn 0.189891189 -0.30089882 0.934559405
vn 0.153437942 -0.503253281 0.850407541
vn 0.156983331 -0.515109599 0.842625797
vn 0.131315649 -0.61605382 0.776681304
vn 0.147025257 -0.627012551 0.765009046
vn 0.142988816 -0.620244026 0.771266282
vn 0.156467408 -0.64269352 0.749975324
vn -0.557514012 0.655041873 0.509998202
vn 0.0300698988 0.361768454 -0.931782961
vn 0.032007426 0.342679858 -0.938906848
vn 0.0128866928 0.365909219 -0.930561304
vn -0.30643779 0.613509715 -0.727806091
vn 0.0319937207 0.342149347 -0.939100802
vn 0.00589776924 0.380639046 -0.92470485
vn 0.0126442621 0.367512077 -0.929932714
vn -0.00672798138 0.491479814 -0.87086302
vn -0.00534843141 0.510148168 -0.860069871
vn 0.00116590818 0.562144935 -0.827037871
vn 0.00308749173 0.532674253 -0.846314609
vn 0.00351876253 0.516485751 -0.856288612
vn 0.00363366073 0.515688896 -0.856768191
vn -0 0.540656149 -0.841243625
vn -0.258812398 0.598377466 -0.758261561
vn -0.557514012 0.655041873 0.509998202
vn -0.258812398 0.598377466 -0.758261561
vn -0.30643779 0.613509715 -0.727806091
vn -0.389515936 0.442805588 0.807589412
vn 0.751614869 0.658622205 -0.0359425321
vn 0.838284314 0.541905105 -0.0601523072
vn 0.843900263 0.536366105 -0.0119927991
vn 0.761928618 0.646966159 0.0299913194
vn 0.64887172 0.760818124 -0.0110095348
vn 0.662020266 0.745920241 0.0730216056
vn 0.860809386 0.483479738 0.158916652
vn 0.780588031 0.595642626 0.189452156
vn 0.67031312 0.714356184 0.20093672
vn 0.857260466 0.416780502 0.302322
vn 0.760375261 0.58886528 0.273983836
vn 0.669251919 0.701127589 0.246012151
vn 0.980738103 -0.0384606495 0.191503197
vn 0.813330531 -0.132861614 0.566428602
vn 0.813330412 -0.132861584 0.566428542
vn 0.980876744 -0.0382915884 0.190825805
vn 0.97480756 0.0619924925 -0.21425952
vn 0.97480756 0.0619924925 -0.21425952
vn -0.00339727337 0.98235172 0.187012136
vn 0.0144271646 0.974172235 0.225344822
vn 0.0172212943 0.974986434 0.221596077
vn -0.00949444715 0.981509209 0.191179499
vn 0.0334322043 0.950363636 0.309339821
vn -0.0158107076 -0.972916424 -0.230615795
vn -0.00945179909 -0.958153188 -0.286099792
vn -0.0148329558 -0.959082127 -0.282739311
vn -0.018821191 -0.972925365 -0.230352178
vn -0.00153870101 -0.990747809 -0.135707438
vn 0.801600814 0.547128558 -0.241011292
vn 0.801600814 0.547128558 -0.241011292
vn 0.760639787 0.62705332 -0.168021485
vn 0.735964715 0.664396465 -0.130128369
vn 0.630632579 0.775755584 -0.022489842
vn 0.610553682 0.791890979 -0.0115281343
vn 0.530770004 0.846704304 -0.0370797962
vn 0.512768924 0.854978085 -0.0779778659
vn 0.474812895 0.871476948 -0.122803606
vn 0.474648267 0.873848379 -0.105347142
vn 0.474776149 0.86725229 -0.149869919
vn 0.474776149 0.86725229 -0.149869919
vn -0.94747591 0.312518984 0.06798058
vn -0.934739172 0.344203681 0.0882418305
vn -0.656182766 0.29606241 0.694097281
vn -0.642491817 0.291367739 0.708737671
vn 0.400643289 -0.434430331 0.806693971
vn 0.482971609 -0.634593308 0.603348911
vn -0.96093905 0.272632957 0.0476159938
vn -0.970606208 0.239606604 0.0226348024
vn -0.970683277 0.239312857 0.022432372
vn -0.975152075 0.221308202 0.01005843
vn -0.975152075 0.221308187 0.01005843
vn 0.400643289 -0.434430331 0.806693971
vn 0.482971609 -0.634593308 0.603348911
vn 0.620591402 -0.783983648 0.0153615512
vn 0.601200461 -0.799091101 -0.00338099082
vn 0.746085823 -0.616874754 0.250642329
vn 0.748477638 -0.608496785 0.26365304
vn 0.840955257 -0.541084886 0.004614715
vn 0.84116745 -0.540763617 -0.00347972754
vn 0.783713162 -0.481855243 -0.391930014
vn 0.783713162 -0.481855243 -0.391930014
vn -0.722031593 0.295978338 -0.625353575
vn -0.376527905 0.0608050376 -0.924407601
vn -0.376527935 0.0608050525 -0.924407601
vn -0.664236665 0.252212852 -0.703688979
vn -0.746210277 0.322711408 -0.582260787
vn -0.712149501 0.296536863 -0.636324584
vn -0.308460534 0.0326395892 -0.950676978
vn -0.308460534 0.0326395892 -0.950676978
vn 0.982287109 -0.175436303 -0.065834634
vn 0.777149618 0.0321748592 -0.628492951
vn 0.607360363 -0.0909645259 -0.789201319
vn 0.97433871 -0.209387481 -0.0825894102
vn 0.693366349 -0.131204873 -0.708539605
vn 0.73699379 0.190547854 -0.648484051
vn 0.974964261 -0.201033562 -0.0950280428
vn 0.467511505 0.618152678 -0.631917953
vn 0.607360363 -0.0909645259 -0.789201319
vn 0.777149618 0.0321748592 -0.628492951
vn -0.0423766226 0.200205609 -0.978837013
vn 0.693366349 -0.131204873 -0.708539605
vn -0.0337541141 0.475538105 -0.879047334
vn 0.73699379 0.190547854 -0.648484051
vn -0.0273857955 0.76115489 -0.647991776
vn 0.467511505 0.618152678 -0.631917953
vn -0.801600814 0.547128558 -0.241011292
vn -0.801600814 0.547128558 -0.241011292
vn -0.735964656 0.664396465 -0.130128354
vn -0.760639787 0.62705332 -0.168021485
vn -0.630632579 0.775755584 -0.0224898458
vn -0.610553622 0.791890979 -0.0115281381
vn -0.530770004 0.846704304 -0.0370797962
vn -0.512768924 0.854978085 -0.077977851
vn -0.474812895 0.871476948 -0.122803599
vn -0.474648267 0.873848379 -0.105347142
vn -0.474776149 0.86725229 -0.149869904
vn -0.474776149 0.86725229 -0.149869904
vn 0.94747591 0.312518984 0.06798058
vn 0.642491817 0.291367799 0.708737671
vn 0.656182766 0.29606241 0.694097281
vn 0.934739172 0.344203711 0.0882418305
vn -0.400643349 -0.434430331 0.806693971
vn -0.482971609 -0.634593308 0.603348911
vn 0.96093905 0.272632957 0.0476159938
vn 0.970606208 0.239606604 0.0226348024
vn 0.970683277 0.239312857 0.022432372
vn 0.975152075 0.221308202 0.01005843
vn 0.975152075 0.221308187 0.01005843
vn -0.400643349 -0.434430331 0.806693971
vn -0.601200521 -0.799091101 -0.00338100572
vn -0.620591402 -0.783983648 0.0153615428
vn -0.482971609 -0.634593308 0.603348911
vn -0.746085823 -0.616874695 0.250642329
vn -0.748477697 -0.608496785 0.26365307
vn -0.840955257 -0.541084886 0.004614715
vn -0.84116745 -0.540763617 -0.0034797499
vn -0.783713162 -0.481855273 -0.391930073
vn -0.783713162 -0.481855243 -0.391930073
vn 0.722031593 0.295978338 -0.625353634
vn 0.664236724 0.252212882 -0.703689098
vn 0.376527876 0.06080506 -0.924407601
vn 0.376527876 0.06080506 -0.924407721
vn 0.746210277 0.322711408 -0.582260787
vn 0.712149501 0.296536863 -0.636324584
vn 0.308460534 0.0326395892 -0.950676978
vn 0.308460534 0.0326395892 -0.950676978
vn 0.646558046 -0.131229714 0.751492679
vn 0.987343311 -0.0718487874 -0.141389146
vn 0.954663813 -0.0272903573 -0.296432436
vn 0.599260509 -0.12530005 0.790687501
vn 0.501891673 0.18068099 -0.845848203
vn 0.380467355 0.212425753 -0.900066614
vn -0 -0.0389445946 0.999241352
vn -0 -0.0389445946 0.999241352
vn -0 0.279854625 -0.960042357
vn -0 0.279854625 -0.960042357
vn -0.026430387 -0.999580324 -0.0118573587
vn -0.0264303852 -0.999580324 -0.0118573587
vn -0.0258871354 -0.999525785 0.0166762751
vn -0.025743911 -0.999379992 0.0240174364
vn -0.0250347145 -0.997923076 0.0593544208
vn -0.0250347145 -0.997923076 0.0593544245
vn -0.646558106 -0.131229743 0.751492858
vn -0.59926039 -0.125300035 0.790687501
vn -0.954663813 -0.027290348 -0.296432495
vn -0.987343311 -0.0718487948 -0.141389191
vn -0.501891673 0.18068099 -0.845848203
vn -0.380467355 0.212425768 -0.900066614
vn -0 -0.0389445946 0.999241352
vn -0 -0.0389445946 0.999241352
vn -0 0.279854625 -0.960042357
vn -0 0.279854625 -0.960042357
vn 0.0264303833 -0.999580324 -0.0118573587
vn 0.025743911 -0.999379992 0.0240174364
vn 0.0258871354 -0.999525785 0.0166762751
vn 0.0264303852 -0.999580324 -0.0118573587
vn 0.0250347126 -0.997923076 0.059354417
vn 0.0250347126 -0.997923076 0.0593544208
vn 0.240339011 0.128739461 0.962113917
vn -0.079891935 0.60647732 0.791076839
vn 0.451767862 0.833321631 0.318560511
vn 0.868519068 0.243600562 0.431663483
vn 0.851115823 0.21036607 -0.480986476
vn 0.514508188 0.725665867 -0.456826419
vn 0.899284542 -0.021218976 0.436849147
vn 0.132737279 -0.0362284817 0.990488887
vn 0.794972539 0.012882174 -0.606508613
vn -0 0.994937539 0.100495197
vn -0 0.783559859 0.621316195
vn -0 0.66333288 -0.748324394
vn -0.45583269 -0.0613112189 0.887951255
vn -0.507003725 -0.082438089 0.857992589
vn 0.210841864 -0.00512642507 -0.977506757
vn 0.327933073 -0.00776302395 -0.944669008
vn -0.444096506 -0.0288221706 0.895515323
vn 0.167224154 0.0283186287 -0.985512078
vn -0 -0.0796578601 0.996822238
vn -0 0.0277637485 -0.999614477
vn -0.240339011 0.128739461 0.962113917
vn -0.868519068 0.243600562 0.431663483
vn -0.451767862 0.833321631 0.318560511
vn 0.0798919052 0.60647732 0.791076839
vn -0.851115823 0.210366085 -0.480986476
vn -0.514508128 0.725665927 -0.456826419
vn -0.899284542 -0.021218976 0.436849147
vn -0.132737279 -0.0362284817 0.990488887
vn -0.794972539 0.0128821712 -0.606508613
vn -0 0.994937539 0.100495197
vn -0 0.783559859 0.621316195
vn -0 0.66333288 -0.748324394
vn 0.45583269 -0.0613112189 0.887951255
vn 0.507003665 -0.082438089 0.857992589
vn -0.210841864 -0.00512643065 -0.977506757
vn -0.327933073 -0.00776302908 -0.944669008
vn 0.444096506 -0.0288221706 0.895515323
vn -0.167224154 0.0283186249 -0.985512078
vn -0 -0.0796578601 0.996822238
vn -0 0.0277637485 -0.999614477
vn -0 0.011289604 0.999936342
vn -0.528491259 0.0781420246 0.845334709
vn -0.584831655 0.539036989 0.606144488
vn -0 0.640712976 0.767780542
vn -0 -0.440650314 0.897678852
vn -0.561239421 -0.200156495 0.80308634
vn -0.602915883 0.724323153 0.33443743
vn -0 0.894264519 0.447538912
vn -0.574369371 0.798391759 0.180749252
vn -0 0.966634631 0.256159008
vn -0.602915883 0.724323153 0.33443743
vn -0.584831655 0.539036989 0.606144488
vn -0.941633284 0.244159952 0.231759652
vn -0.950575769 0.294927448 0.0970749184
vn -0.950153828 0.310903668 0.0233776513
vn -0.574369371 0.798391759 0.180749252
vn -0.528491259 0.0781420246 0.845334709
vn -0.561239421 -0.200156495 0.80308634
vn 0.528491259 0.0781420469 0.845334709
vn -0 0.011289604 0.999936342
vn -0 0.640712976 0.767780542
vn 0.584831655 0.539036989 0.606144488
vn -0 -0.440650314 0.897678852
vn 0.561239362 -0.200156435 0.80308634
vn -0 0.894264519 0.447538912
vn 0.602915883 0.724323153 0.33443743
vn 0.574369371 0.798391759 0.180749267
vn -0 0.966634631 0.256159008
vn 0.602915883 0.724323153 0.33443743
vn 0.950575769 0.294927478 0.0970749259
vn 0.941633284 0.244159952 0.231759667
vn 0.584831655 0.539036989 0.606144488
vn 0.950153828 0.310903668 0.0233776513
vn 0.574369371 0.798391759 0.180749267
vn 0.528491259 0.0781420469 0.845334709
vn 0.561239362 -0.200156435 0.80308634
vn -0.67898035 0.123850852 0.723634243
vn -0.750082314 0.231224373 0.619606137
vn -0 0.298019052 0.954559982
vn -0 0.150731683 0.988574684
vn -0 0 1
vn -0.707106769 0 0.707106709
vn -0.999625444 0.0273678061 0
vn -0.998733938 0.0503037833 0
vn -0.707106769 0 0.707106709
vn -1 0 0
vn 0.67898041 0.123850875 0.723634362
vn -0 0.150731683 0.988574684
vn -0 0.298019052 0.954559982
vn 0.750082314 0.231224373 0.619606137
vn -0 0 1
vn 0.707106769 0 0.707106709
vn 0.999625444 0.0273678042 0
vn 0.998733938 0.0503037795 0
vn 0.707106769 0 0.707106709
vn 1 0 0
vn -0.49819535 -0.717400551 0.486967862
vn -0.516155064 -0.719023585 0.465391368
vn -0.796861947 -0.460370332 -0.391241729
vn -0.792581737 -0.446919918 -0.414821357
vn -0.740862846 -0.334550023 -0.582407415
vn -0.740862846 -0.334550023 -0.582407415
vn -2.07967005E-05 -0.52659744 0.850114703
vn -2.07967005E-05 -0.52659744 0.850114703
vn -0 -0.984544873 -0.175132617
vn -0 -0.803011 -0.595964193
vn -0 -0.83121711 -0.555948079
vn -0 -0.984544873 -0.175132617
vn -0 -0.498128057 -0.867103517
vn -0 -0.498128057 -0.867103517
vn -0.532713592 0.653576314 0.537637711
vn -0.528494835 0.817183316 0.230010062
vn -0.528494895 0.817183316 0.230010062
vn -0.535677612 0.677805007 0.50361681
vn -0.480758011 0.436758101 0.760338187
vn -0.480758011 0.436758161 0.760338187
vn -4.6946614E-05 0.458666295 -0.888608694
vn -4.69466177E-05 0.458666295 -0.888608694
vn -4.69466177E-05 0.458666295 -0.888608694
vn -4.69466104E-05 0.458666265 -0.888608575
g head_0
f 3/3/3 2/2/2 1/1/1
f 4/4/4 3/3/3 1/1/1
f 2/2/2 5/5/5 1/1/1
f 5/5/5 6/6/6 1/1/1
f 3/3/3 7/7/7 2/2/2
f 7/7/7 8/8/8 2/2/2
f 2/2/2 8/8/8 5/5/5
f 8/8/8 9/9/9 5/5/5
f 5/5/5 9/9/9 10/10/10
f 9/9/9 11/11/11 10/10/10
f 11/11/11 12/12/12 10/10/10
f 12/12/12 13/13/13 10/10/10
f 13/13/13 14/14/14 10/10/10
f 14/14/14 15/15/15 10/10/10
f 15/15/15 6/6/6 5/5/5
f 10/10/10 15/15/15 5/5/5
f 18/18/18 17/17/17 16/16/16
f 19/19/19 18/18/18 16/16/16
f 20/20/20 19/19/19 16/16/16
f 21/21/21 20/20/20 16/16/16
f 22/22/22 18/18/18 19/19/19
f 23/23/23 22/22/22 19/19/19
f 23/23/23 19/19/19 20/20/20
f 24/24/24 23/23/23 20/20/20
f 24/24/24 20/20/20 25/25/25
f 26/26/26 24/24/24 25/25/25
f 27/27/27 26/26/26 25/25/25
f 28/28/28 27/27/27 25/25/25
f 29/29/29 28/28/28 25/25/25
f 30/30/30 29/29/29 25/25/25
f 30/30/30 25/25/25 20/20/20
f 21/21/21 30/30/30 20/20/20
f 33/33/33 32/32/32 31/31/31
f 34/34/34 33/33/33 31/31/31
f 31/31/31 32/32/32 35/35/35
f 32/32/32 36/36/36 35/35/35
f 39/39/39 38/38/38 37/37/37
f 39/39/39 40/40/40 38/38/38
f 43/43/43 42/42/42 41/41/41
f 44/44/44 43/43/43 41/41/41
f 44/44/44 41/41/41 45/45/45
f 46/46/46 44/44/44 45/45/45
f 49/49/49 48/48/48 47/47/47
f 50/50/50 48/48/48 49/49/49
f 53/53/53 52/52/52 51/51/51
f 54/54/54 52/52/52 53/53/53
f 55/55/55 54/54/54 53/53/53
f 58/58/58 57/57/57 56/56/56
f 59/59/59 58/58/58 56/56/56
f 59/59/59 60/60/60 58/58/58
f 60/60/60 61/61/61 58/58/58
f 62/62/62 61/61/61 60/60/60
f 63/63/63 62/62/62 60/60/60
f 63/63/63 64/64/64 62/62/62
f 64/64/64 65/65/65 62/62/62
f 68/68/68 67/67/67 66/66/66
f 68/68/68 69/69/69 67/67/67
f 69/69/69 70/70/70 67/67/67
f 73/73/73 72/72/72 71/71/71
f 74/74/74 73/73/73 71/71/71
f 75/75/75 72/72/72 73/73/73
f 76/76/76 75/75/75 73/73/73
f 76/76/76 77/77/77 75/75/75
f 77/77/77 78/78/78 75/75/75
f 79/79/79 78/78/78 77/77/77
f 80/80/80 79/79/79 77/77/77
f 83/83/83 82/82/82 81/81/81
f 84/84/84 83/83/83 81/81/81
f 83/83/83 85/85/85 82/82/82
f 85/85/85 86/86/86 82/82/82
f 85/85/85 87/87/87 86/86/86
f 87/87/87 88/88/88 86/86/86
f 89/89/89 84/84/84 81/81/81
f 90/90/90 89/89/89 81/81/81
f 89/89/89 90/90/90 91/91/91
f 92/92/92 89/89/89 91/91/91
f 92/92/92 91/91/91 93/93/93
f 94/94/94 92/92/92 93/93/93
f 95/95/95 83/83/83 84/84/84
f 96/96/96 95/95/95 84/84/84
f 96/96/96 84/84/84 89/89/89
f 95/95/95 96/96/96 97/97/97
f 98/98/98 95/95/95 97/97/97
f 95/95/95 98/98/98 99/99/99
f 100/100/100 95/95/95 99/99/99
f 100/100/100 99/99/99 101/101/101
f 102/102/102 100/100/100 101/101/101
f 96/96/96 103/103/103 97/97/97
f 103/103/103 96/96/96 89/89/89
f 103/103/103 89/89/89 92/92/92
f 103/103/103 104/104/104 97/97/97
f 103/103/103 105/105/105 104/104/104
f 105/105/105 103/103/103 92/92/92
f 105/105/105 92/92/92 94/94/94
f 105/105/105 106/106/106 104/104/104
f 105/105/105 107/107/107 106/106/106
f 107/107/107 105/105/105 94/94/94
f 107/107/107 108/108/108 106/106/106
f 100/100/100 102/102/102 85/85/85
f 102/102/102 87/87/87 85/85/85
f 100/100/100 85/85/85 83/83/83
f 95/95/95 100/100/100 83/83/83
f 111/111/111 110/110/110 109/109/109
f 112/112/112 111/111/111 109/109/109
f 113/113/113 112/112/112 109/109/109
f 110/110/110 114/114/114 109/109/109
f 114/114/114 115/115/115 109/109/109
f 115/115/115 116/116/116 109/109/109
f 119/119/119 118/118/118 117/117/117
f 120/120/120 119/119/119 117/117/117
f 121/121/121 119/119/119 120/120/120
f 122/122/122 121/121/121 120/120/120
f 123/123/123 121/121/121 122/122/122
f 124/124/124 123/123/123 122/122/122
f 118/118/118 125/125/125 117/117/117
f 125/125/125 126/126/126 117/117/117
f 126/126/126 125/125/125 127/127/127
f 125/125/125 128/128/128 127/127/127
f 127/127/127 128/128/128 129/129/129
f 128/128/128 130/130/130 129/129/129
f 119/119/119 131/131/131 118/118/118
f 131/131/131 132/132/132 118/118/118
f 118/118/118 132/132/132 125/125/125
f 132/132/132 131/131/131 133/133/133
f 131/131/131 134/134/134 133/133/133
f 134/134/134 131/131/131 135/135/135
f 131/131/131 136/136/136 135/135/135
f 135/135/135 136/136/136 137/137/137
f 136/136/136 138/138/138 137/137/137
f 139/139/139 132/132/132 133/133/133
f 132/132/132 139/139/139 125/125/125
f 125/125/125 139/139/139 128/128/128
f 140/140/140 139/139/139 133/133/133
f 141/141/141 139/139/139 140/140/140
f 139/139/139 141/141/141 128/128/128
f 128/128/128 141/141/141 130/130/130
f 142/142/142 141/141/141 140/140/140
f 143/143/143 141/141/141 142/142/142
f 141/141/141 143/143/143 130/130/130
f 144/144/144 143/143/143 142/142/142
f 138/138/138 136/136/136 121/121/121
f 123/123/123 138/138/138 121/121/121
f 136/136/136 131/131/131 119/119/119
f 121/121/121 136/136/136 119/119/119
f 147/147/147 146/146/146 145/145/145
f 146/146/146 148/148/148 145/145/145
f 148/148/148 149/149/149 145/145/145
f 150/150/150 147/147/147 145/145/145
f 151/151/151 150/150/150 145/145/145
f 152/152/152 151/151/151 145/145/145
f 155/155/155 154/154/154 153/153/153
f 156/156/156 155/155/155 153/153/153
f 156/156/156 153/153/153 157/157/157
f 153/153/153 158/158/158 157/157/157
f 157/157/157 158/158/158 159/159/159
f 158/158/158 160/160/160 159/159/159
f 155/155/155 161/161/161 154/154/154
f 161/161/161 162/162/162 154/154/154
f 165/165/165 164/164/164 163/163/163
f 166/166/166 164/164/164 165/165/165
f 167/167/167 166/166/166 165/165/165
f 163/163/163 164/164/164 168/168/168
f 164/164/164 169/169/169 168/168/168
f 172/172/172 171/171/171 170/170/170
f 170/170/170 171/171/171 173/173/173
f 171/171/171 174/174/174 173/173/173
f 172/172/172 170/170/170 175/175/175
f 176/176/176 172/172/172 175/175/175
f 170/170/170 173/173/173 177/177/177
f 175/175/175 170/170/170 177/177/177
f 178/178/178 177/177/177 173/173/173
f 174/174/174 178/178/178 173/173/173
f 179/179/179 171/171/171 172/172/172
f 180/180/180 179/179/179 172/172/172
f 180/180/180 172/172/172 176/176/176
f 181/181/181 180/180/180 176/176/176
f 184/184/184 183/183/183 182/182/182
f 185/185/185 184/184/184 182/182/182
f 186/186/186 185/185/185 182/182/182
f 189/189/189 188/188/188 187/187/187
f 190/190/190 189/189/189 187/187/187
f 187/187/187 188/188/188 191/191/191
f 192/192/192 187/187/187 191/191/191
f 192/192/192 191/191/191 193/193/193
f 194/194/194 192/192/192 193/193/193
f 195/195/195 189/189/189 190/190/190
f 196/196/196 195/195/195 190/190/190
f 199/199/199 198/198/198 197/197/197
f 199/199/199 200/200/200 198/198/198
f 200/200/200 201/201/201 198/198/198
f 199/199/199 197/197/197 202/202/202
f 203/203/203 199/199/199 202/202/202
f 206/206/206 205/205/205 204/204/204
f 206/206/206 204/204/204 207/207/207
f 208/208/208 206/206/206 207/207/207
f 204/204/204 205/205/205 209/209/209
f 205/205/205 210/210/210 209/209/209
f 204/204/204 209/209/209 211/211/211
f 207/207/207 204/204/204 211/211/211
f 212/212/212 208/208/208 207/207/207
f 211/211/211 212/212/212 207/207/207
f 206/206/206 213/213/213 205/205/205
f 213/213/213 214/214/214 205/205/205
f 205/205/205 214/214/214 210/210/210
f 214/214/214 215/215/215 210/210/210
f 218/218/218 217/217/217 216/216/216
f 219/219/219 218/218/218 216/216/216
f 217/217/217 220/220/220 216/216/216
f 223/223/223 222/222/222 221/221/221
f 223/223/223 221/221/221 224/224/224
f 221/221/221 225/225/225 224/224/224
f 228/228/228 227/227/227 226/226/226
f 227/227/227 228/228/228 229/229/229
f 228/228/228 230/230/230 229/229/229
f 231/231/231 229/229/229 230/230/230
f 232/232/232 231/231/231 230/230/230
f 233/233/233 228/228/228 226/226/226
f 234/234/234 233/233/233 226/226/226
f 227/227/227 235/235/235 226/226/226
f 236/236/236 226/226/226 235/235/235
f 237/237/237 236/236/236 235/235/235
f 238/238/238 236/236/236 237/237/237
f 226/226/226 236/236/236 238/238/238
f 234/234/234 226/226/226 238/238/238
f 239/239/239 238/238/238 237/237/237
f 242/242/242 241/241/241 240/240/240
f 243/243/243 242/242/242 240/240/240
f 244/244/244 241/241/241 242/242/242
f 246/246/246 241/241/241 245/245/245
f 249/249/249 248/248/248 247/247/247
f 250/250/250 249/249/249 247/247/247
f 253/253/253 252/252/252 251/251/251
f 256/256/256 255/255/255 254/254/254
f 254/254/254 255/255/255 257/257/257
f 258/258/258 254/254/254 257/257/257
f 261/261/261 260/260/260 259/259/259
f 260/260/260 261/261/261 262/262/262
f 263/263/263 260/260/260 262/262/262
f 262/262/262 264/264/264 263/263/263
f 264/264/264 265/265/265 263/263/263
f 260/260/260 266/266/266 259/259/259
f 266/266/266 267/267/267 259/259/259
f 268/268/268 261/261/261 259/259/259
f 259/259/259 269/269/269 268/268/268
f 269/269/269 270/270/270 268/268/268
f 269/269/269 271/271/271 270/270/270
f 259/259/259 267/267/267 271/271/271
f 269/269/269 259/259/259 271/271/271
f 271/271/271 272/272/272 270/270/270
f 275/275/275 274/274/274 273/273/273
f 276/276/276 275/275/275 273/273/273
f 276/276/276 277/277/277 275/275/275
f 273/273/273 278/278/278 276/276/276
f 278/278/278 279/279/279 276/276/276
f 282/282/282 281/281/281 280/280/280
f 283/283/283 282/282/282 280/280/280
f 286/286/286 285/285/285 284/284/284
f 287/287/287 286/286/286 284/284/284
f 284/284/284 285/285/285 288/288/288
f 289/289/289 284/284/284 288/288/288
f 286/286/286 287/287/287 290/290/290
f 291/291/291 286/286/286 290/290/290
f 292/292/292 291/291/291 290/290/290
f 293/293/293 292/292/292 290/290/290
f 296/296/296 295/295/295 294/294/294
f 297/297/297 296/296/296 294/294/294
f 298/298/298 294/294/294 295/295/295
f 297/297/297 299/299/299 296/296/296
f 299/299/299 300/300/300 296/296/296
f 303/303/303 302/302/302 301/301/301
f 304/304/304 303/303/303 301/301/301
f 301/301/301 305/305/305 304/304/304
f 306/306/306 302/302/302 303/303/303
f 307/307/307 306/306/306 303/303/303
f 310/310/310 309/309/309 308/308/308
f 311/311/311 310/310/310 308/308/308
f 312/312/312 311/311/311 308/308/308
f 313/313/313 312/312/312 308/308/308
f 314/314/314 309/309/309 310/310/310
f 315/315/315 314/314/314 310/310/310
f 314/314/314 315/315/315 316/316/316
f 315/315/315 317/317/317 316/316/316
f 310/310/310 311/311/311 318/318/318
f 311/311/311 312/312/312 318/318/318
f 319/319/319 310/310/310 318/318/318
f 308/308/308 309/309/309 320/320/320
f 313/313/313 308/308/308 320/320/320
f 309/309/309 321/321/321 320/320/320
f 309/309/309 314/314/314 321/321/321
f 322/322/322 313/313/313 320/320/320
f 310/310/310 319/319/319 323/323/323
f 315/315/315 310/310/310 323/323/323
f 323/323/323 319/319/319 324/324/324
f 315/315/315 323/323/323 324/324/324
f 317/317/317 315/315/315 324/324/324
f 327/327/327 326/326/326 325/325/325
f 328/328/328 327/327/327 325/325/325
f 325/325/325 326/326/326 329/329/329
f 326/326/326 330/330/330 329/329/329
f 329/329/329 330/330/330 331/331/331
f 330/330/330 332/332/332 331/331/331
f 331/331/331 332/332/332 333/333/333
f 332/332/332 334/334/334 333/333/333
f 333/333/333 334/334/334 335/335/335
f 334/334/334 336/336/336 335/335/335
f 335/335/335 336/336/336 337/337/337
f 336/336/336 338/338/338 337/337/337
f 337/337/337 338/338/338 339/339/339
f 338/338/338 340/340/340 339/339/339
f 339/339/339 340/340/340 341/341/341
f 340/340/340 342/342/342 341/341/341
f 327/327/327 328/328/328 343/343/343
f 344/344/344 327/327/327 343/343/343
f 345/345/345 344/344/344 343/343/343
f 346/346/346 345/345/345 343/343/343
f 347/347/347 345/345/345 346/346/346
f 348/348/348 347/347/347 346/346/346
f 349/349/349 347/347/347 348/348/348
f 350/350/350 349/349/349 348/348/348
f 353/353/353 352/352/352 351/351/351
f 354/354/354 352/352/352 353/353/353
f 355/355/355 352/352/352 354/354/354
f 356/356/356 352/352/352 355/355/355
f 357/357/357 352/352/352 356/356/356
f 358/358/358 352/352/352 357/357/357
f 359/359/359 352/352/352 358/358/358
f 360/360/360 352/352/352 359/359/359
f 361/361/361 352/352/352 360/360/360
f 362/362/362 352/352/352 361/361/361
f 363/363/363 352/352/352 362/362/362
f 351/351/351 352/352/352 363/363/363
f 366/366/366 365/365/365 364/364/364
f 367/367/367 366/366/366 364/364/364
f 365/365/365 368/368/368 364/364/364
f 368/368/368 369/369/369 364/364/364
f 369/369/369 368/368/368 370/370/370
f 371/371/371 369/369/369 370/370/370
f 371/371/371 370/370/370 372/372/372
f 370/370/370 373/373/373 372/372/372
f 373/373/373 374/374/374 372/372/372
f 374/374/374 375/375/375 372/372/372
f 374/374/374 376/376/376 375/375/375
f 376/376/376 377/377/377 375/375/375
f 380/380/380 379/379/379 378/378/378
f 381/381/381 380/380/380 378/378/378
f 381/381/381 378/378/378 382/382/382
f 382/382/382 384/384/384 383/383/383
f 385/385/385 382/382/382 383/383/383
f 385/385/385 386/386/386 382/382/382
f 388/388/388 387/387/387 384/384/384
f 389/389/389 388/388/388 384/384/384
f 388/388/388 389/389/389 390/390/390
f 389/389/389 391/391/391 390/390/390
f 394/394/394 393/393/393 392/392/392
f 395/395/395 394/394/394 392/392/392
f 396/396/396 395/395/395 392/392/392
f 397/397/397 396/396/396 392/392/392
f 396/396/396 397/397/397 398/398/398
f 397/397/397 399/399/399 398/398/398
f 398/398/398 399/399/399 400/400/400
f 401/401/401 398/398/398 400/400/400
f 402/402/402 401/401/401 400/400/400
f 403/403/403 402/402/402 400/400/400
f 404/404/404 402/402/402 403/403/403
f 405/405/405 404/404/404 403/403/403
f 408/408/408 407/407/407 406/406/406
f 409/409/409 408/408/408 406/406/406
f 406/406/406 407/407/407 410/410/410
f 410/410/410 412/412/412 411/411/411
f 413/413/413 410/410/410 411/411/411
f 414/414/414 412/412/412 410/410/410
f 416/416/416 415/415/415 413/413/413
f 415/415/415 416/416/416 417/417/417
f 418/418/418 415/415/415 417/417/417
f 419/419/419 416/416/416 413/413/413
f 422/422/422 421/421/421 420/420/420
f 423/423/423 422/422/422 420/420/420
f 422/422/422 424/424/424 421/421/421
f 424/424/424 425/425/425 421/421/421
f 424/424/424 426/426/426 425/425/425
f 426/426/426 427/427/427 425/425/425
f 421/421/421 428/428/428 420/420/420
f 428/428/428 429/429/429 420/420/420
f 430/430/430 428/428/428 421/421/421
f 425/425/425 430/430/430 421/421/421
f 431/431/431 430/430/430 425/425/425
f 427/427/427 431/431/431 425/425/425
f 428/428/428 432/432/432 429/429/429
f 432/432/432 433/433/433 429/429/429
f 434/434/434 432/432/432 428/428/428
f 430/430/430 434/434/434 428/428/428
f 435/435/435 434/434/434 430/430/430
f 431/431/431 435/435/435 430/430/430
f 438/438/438 437/437/437 436/436/436
f 439/439/439 438/438/438 436/436/436
f 436/436/436 437/437/437 440/440/440
f 437/437/437 441/441/441 440/440/440
f 440/440/440 441/441/441 442/442/442
f 443/443/443 440/440/440 442/442/442
f 446/446/446 445/445/445 444/444/444
f 447/447/447 446/446/446 444/444/444
f 444/444/444 445/445/445 448/448/448
f 445/445/445 449/449/449 448/448/448
f 452/452/452 451/451/451 450/450/450
f 453/453/453 452/452/452 450/450/450
f 453/453/453 450/450/450 454/454/454
f 455/455/455 453/453/453 454/454/454
f 458/458/458 457/457/457 456/456/456
f 459/459/459 458/458/458 456/456/456
f 459/459/459 456/456/456 460/460/460
f 461/461/461 459/459/459 460/460/460
f 461/461/461 460/460/460 462/462/462
f 460/460/460 463/463/463 462/462/462
f 466/466/466 465/465/465 464/464/464
f 467/467/467 466/466/466 464/464/464
f 467/467/467 464/464/464 468/468/468
f 469/469/469 467/467/467 468/468/468
f 472/472/472 471/471/471 470/470/470
f 473/473/473 472/472/472 470/470/470
f 470/470/470 471/471/471 474/474/474
f 471/471/471 475/475/475 474/474/474
f 478/478/478 477/477/477 476/476/476
f 476/476/476 479/479/479 478/478/478
f 476/476/476 480/480/480 479/479/479
f 480/480/480 476/476/476 481/481/481
f 476/476/476 482/482/482 481/481/481
f 481/481/481 482/482/482 483/483/483
f 482/482/482 484/484/484 483/483/483
f 487/487/487 486/486/486 485/485/485
f 488/488/488 487/487/487 485/485/485
f 485/485/485 486/486/486 489/489/489
f 490/490/490 485/485/485 489/489/489
f 493/493/493 492/492/492 491/491/491
f 494/494/494 493/493/493 491/491/491
f 494/494/494 495/495/495 493/493/493
f 495/495/495 496/496/496 493/493/493
f 499/499/499 498/498/498 497/497/497
f 497/497/497 500/500/500 499/499/499
f 497/497/497 501/501/501 500/500/500
f 498/498/498 499/499/499 502/502/502
f 499/499/499 503/503/503 502/502/502
f 502/502/502 503/503/503 504/504/504
f 503/503/503 505/505/505 504/504/504
f 508/508/508 507/507/507 506/506/506
f 509/509/509 508/508/508 506/506/506
f 509/509/509 506/506/506 510/510/510
f 506/506/506 511/511/511 510/510/510
f 514/514/514 513/513/513 512/512/512
f 515/515/515 514/514/514 512/512/512
f 516/516/516 513/513/513 514/514/514
f 517/517/517 516/516/516 514/514/514
f 520/520/520 519/519/519 518/518/518
f 521/521/521 520/520/520 518/518/518
f 518/518/518 519/519/519 522/522/522
f 519/519/519 523/523/523 522/522/522
f 522/522/522 523/523/523 524/524/524
f 523/523/523 525/525/525 524/524/524
f 524/524/524 525/525/525 526/526/526
f 525/525/525 527/527/527 526/526/526
f 526/526/526 527/527/527 528/528/528
f 527/527/527 529/529/529 528/528/528
f 528/528/528 529/529/529 530/530/530
f 529/529/529 531/531/531 530/530/530
f 530/530/530 531/531/531 532/532/532
f 531/531/531 533/533/533 532/532/532
f 532/532/532 533/533/533 534/534/534
f 533/533/533 535/535/535 534/534/534
f 534/534/534 535/535/535 536/536/536
f 535/535/535 537/537/537 536/536/536
f 540/540/540 539/539/539 538/538/538
f 541/541/541 540/540/540 538/538/538
f 538/538/538 539/539/539 542/542/542
f 539/539/539 543/543/543 542/542/542
f 543/543/543 520/520/520 542/542/542
f 520/520/520 521/521/521 542/542/542
f 546/546/546 545/545/545 544/544/544
f 547/547/547 546/546/546 544/544/544
f 546/546/546 548/548/548 545/545/545
f 548/548/548 549/549/549 545/545/545
f 548/548/548 550/550/550 549/549/549
f 550/550/550 551/551/551 549/549/549
f 550/550/550 552/552/552 551/551/551
f 552/552/552 553/553/553 551/551/551
f 552/552/552 554/554/554 553/553/553
f 554/554/554 555/555/555 553/553/553
f 554/554/554 556/556/556 555/555/555
f 556/556/556 557/557/557 555/555/555
f 556/556/556 558/558/558 557/557/557
f 558/558/558 559/559/559 557/557/557
f 558/558/558 560/560/560 559/559/559
f 560/560/560 561/561/561 559/559/559
f 560/560/560 562/562/562 561/561/561
f 562/562/562 563/563/563 561/561/561
f 562/562/562 564/564/564 563/563/563
f 564/564/564 565/565/565 563/563/563
f 564/564/564 566/566/566 565/565/565
f 566/566/566 567/567/567 565/565/565
f 566/566/566 547/547/547 567/567/567
f 547/547/547 544/544/544 567/567/567
f 555/555/555 557/557/557 568/568/568
f 555/555/555 568/568/568 553/553/553
f 553/553/553 568/568/568 569/569/569
f 551/551/551 553/553/553 569/569/569
f 551/551/551 569/569/569 549/549/549
f 549/549/549 569/569/569 570/570/570
f 545/545/545 570/570/570 544/544/544
f 545/545/545 549/549/549 570/570/570
f 563/563/563 565/565/565 571/571/571
f 563/563/563 571/571/571 561/561/561
f 561/561/561 571/571/571 572/572/572
f 557/557/557 572/572/572 568/568/568
f 559/559/559 572/572/572 557/557/557
f 559/559/559 561/561/561 572/572/572
f 544/544/544 570/570/570 573/573/573
f 565/565/565 573/573/573 571/571/571
f 567/567/567 573/573/573 565/565/565
f 567/567/567 544/544/544 573/573/573
f 574/574/574 570/570/570 569/569/569
f 575/575/575 574/574/574 569/569/569
f 576/576/576 572/572/572 571/571/571
f 576/576/576 577/577/577 572/572/572
f 577/577/577 575/575/575 568/568/568
f 577/577/577 568/568/568 572/572/572
f 575/575/575 569/569/569 568/568/568
f 578/578/578 576/576/576 571/571/571
f 578/578/578 571/571/571 573/573/573
f 579/579/579 578/578/578 573/573/573
f 579/579/579 573/573/573 570/570/570
f 574/574/574 579/579/579 570/570/570
f 575/575/575 580/580/580 574/574/574
f 577/577/577 580/580/580 575/575/575
f 576/576/576 580/580/580 577/577/577
f 578/578/578 580/580/580 576/576/576
f 579/579/579 580/580/580 578/578/578
f 574/574/574 580/580/580 579/579/579
f 583/583/583 582/582/582 581/581/581
f 584/584/584 583/583/583 581/581/581
f 585/585/585 583/583/583 584/584/584
f 586/586/586 585/585/585 584/584/584
f 587/587/587 586/586/586 584/584/584
f 586/586/586 587/587/587 588/588/588
f 589/589/589 586/586/586 588/588/588
f 592/592/592 591/591/591 590/590/590
f 593/593/593 592/592/592 590/590/590
f 591/591/591 592/592/592 594/594/594
f 592/592/592 595/595/595 594/594/594
f 594/594/594 595/595/595 596/596/596
f 595/595/595 597/597/597 596/596/596
f 598/598/598 593/593/593 590/590/590
f 599/599/599 598/598/598 590/590/590
f 602/602/602 601/601/601 600/600/600
f 603/603/603 602/602/602 600/600/600
f 604/604/604 603/603/603 600/600/600
f 605/605/605 604/604/604 600/600/600
f 606/606/606 604/604/604 605/605/605
f 607/607/607 606/606/606 605/605/605
f 601/601/601 602/602/602 608/608/608
f 602/602/602 609/609/609 608/608/608
f 608/608/608 609/609/609 610/610/610
f 609/609/609 611/611/611 610/610/610
f 601/601/601 612/612/612 600/600/600
f 612/612/612 613/613/613 600/600/600
f 613/613/613 612/612/612 614/614/614
f 612/612/612 615/615/615 614/614/614
f 613/613/613 614/614/614 616/616/616
f 617/617/617 613/613/613 616/616/616
f 612/612/612 618/618/618 615/615/615
f 618/618/618 608/608/608 610/610/610
f 618/618/618 619/619/619 615/615/615
f 618/618/618 620/620/620 619/619/619
f 620/620/620 618/618/618 610/610/610
f 620/620/620 621/621/621 619/619/619
f 613/613/613 617/617/617 600/600/600
f 617/617/617 605/605/605 600/600/600
f 618/618/618 612/612/612 601/601/601
f 608/608/608 618/618/618 601/601/601
f 614/614/614 615/615/615 622/622/622
f 623/623/623 614/614/614 622/622/622
f 623/623/623 622/622/622 624/624/624
f 625/625/625 623/623/623 624/624/624
f 625/625/625 626/626/626 623/623/623
f 626/626/626 627/627/627 623/623/623
f 624/624/624 622/622/622 628/628/628
f 622/622/622 629/629/629 628/628/628
f 619/619/619 621/621/621 629/629/629
f 628/628/628 629/629/629 630/630/630
f 629/629/629 631/631/631 630/630/630
f 621/621/621 631/631/631 629/629/629
f 622/622/622 615/615/615 629/629/629
f 615/615/615 619/619/619 629/629/629
f 614/614/614 623/623/623 627/627/627
f 616/616/616 614/614/614 627/627/627
f 624/624/624 632/632/632 625/625/625
f 632/632/632 633/633/633 625/625/625
f 625/625/625 633/633/633 626/626/626
f 633/633/633 634/634/634 626/626/626
f 630/630/630 635/635/635 628/628/628
f 635/635/635 630/630/630 636/636/636
f 637/637/637 635/635/635 636/636/636
f 635/635/635 638/638/638 628/628/628
f 638/638/638 632/632/632 624/624/624
f 628/628/628 638/638/638 624/624/624
f 630/630/630 640/640/640 639/639/639
f 641/641/641 630/630/630 639/639/639
f 643/643/643 642/642/642 640/640/640
f 644/644/644 643/643/643 640/640/640
f 647/647/647 646/646/646 645/645/645
f 649/649/649 648/648/648 645/645/645
f 647/647/647 650/650/650 605/605/605
f 650/650/650 651/651/651 605/605/605
f 654/654/654 653/653/653 652/652/652
f 655/655/655 654/654/654 652/652/652
f 653/653/653 654/654/654 656/656/656
f 654/654/654 657/657/657 656/656/656
f 656/656/656 657/657/657 658/658/658
f 657/657/657 659/659/659 658/658/658
f 658/658/658 659/659/659 660/660/660
f 659/659/659 661/661/661 660/660/660
f 660/660/660 661/661/661 662/662/662
f 661/661/661 663/663/663 662/662/662
f 662/662/662 663/663/663 664/664/664
f 663/663/663 665/665/665 664/664/664
f 664/664/664 665/665/665 666/666/666
f 665/665/665 667/667/667 666/666/666
f 666/666/666 667/667/667 668/668/668
f 667/667/667 669/669/669 668/668/668
f 668/668/668 669/669/669 670/670/670
f 669/669/669 671/671/671 670/670/670
f 674/674/674 673/673/673 672/672/672
f 675/675/675 674/674/674 672/672/672
f 672/672/672 673/673/673 676/676/676
f 673/673/673 677/677/677 676/676/676
f 676/676/676 677/677/677 652/652/652
f 677/677/677 655/655/655 652/652/652
f 680/680/680 679/679/679 678/678/678
f 681/681/681 680/680/680 678/678/678
f 678/678/678 679/679/679 682/682/682
f 679/679/679 683/683/683 682/682/682
f 682/682/682 683/683/683 684/684/684
f 683/683/683 685/685/685 684/684/684
f 684/684/684 685/685/685 686/686/686
f 685/685/685 687/687/687 686/686/686
f 686/686/686 687/687/687 688/688/688
f 687/687/687 689/689/689 688/688/688
f 688/688/688 689/689/689 690/690/690
f 689/689/689 691/691/691 690/690/690
f 690/690/690 691/691/691 692/692/692
f 691/691/691 693/693/693 692/692/692
f 692/692/692 693/693/693 694/694/694
f 693/693/693 695/695/695 694/694/694
f 694/694/694 695/695/695 696/696/696
f 695/695/695 697/697/697 696/696/696
f 696/696/696 697/697/697 698/698/698
f 697/697/697 699/699/699 698/698/698
f 699/699/699 700/700/700 698/698/698
f 700/700/700 701/701/701 698/698/698
f 701/701/701 700/700/700 681/681/681
f 700/700/700 680/680/680 681/681/681
f 690/690/690 702/702/702 688/688/688
f 692/692/692 702/702/702 690/690/690
f 694/694/694 702/702/702 692/692/692
f 696/696/696 702/702/702 694/694/694
f 698/698/698 702/702/702 696/696/696
f 701/701/701 702/702/702 698/698/698
f 681/681/681 702/702/702 701/701/701
f 678/678/678 702/702/702 681/681/681
f 682/682/682 702/702/702 678/678/678
f 684/684/684 702/702/702 682/682/682
f 686/686/686 702/702/702 684/684/684
f 688/688/688 702/702/702 686/686/686
f 705/705/705 704/704/704 703/703/703
f 706/706/706 705/705/705 703/703/703
f 707/707/707 703/703/703 704/704/704
f 708/708/708 707/707/707 704/704/704
f 709/709/709 705/705/705 706/706/706
f 710/710/710 709/709/709 706/706/706
f 713/713/713 712/712/712 711/711/711
f 714/714/714 713/713/713 711/711/711
f 717/717/717 716/716/716 715/715/715
f 718/718/718 717/717/717 715/715/715
f 721/721/721 720/720/720 719/719/719
f 722/722/722 721/721/721 719/719/719
f 719/719/719 723/723/723 722/722/722
f 723/723/723 724/724/724 722/722/722
f 725/725/725 720/720/720 721/721/721
f 726/726/726 725/725/725 721/721/721
f 724/724/724 723/723/723 727/727/727
f 723/723/723 728/728/728 727/727/727
f 729/729/729 728/728/728 723/723/723
f 719/719/719 729/729/729 723/723/723
f 720/720/720 725/725/725 729/729/729
f 719/719/719 720/720/720 729/729/729
f 732/732/732 731/731/731 730/730/730
f 733/733/733 732/732/732 730/730/730
f 734/734/734 732/732/732 733/733/733
f 735/735/735 734/734/734 733/733/733
f 738/738/738 737/737/737 736/736/736
f 739/739/739 738/738/738 736/736/736
f 736/736/736 737/737/737 740/740/740
f 741/741/741 736/736/736 740/740/740
f 744/744/744 743/743/743 742/742/742
f 745/745/745 744/744/744 742/742/742
f 745/745/745 746/746/746 744/744/744
f 746/746/746 747/747/747 744/744/744
f 750/750/750 749/749/749 748/748/748
f 751/751/751 750/750/750 748/748/748
f 752/752/752 748/748/748 749/749/749
f 753/753/753 752/752/752 749/749/749
f 751/751/751 754/754/754 750/750/750
f 754/754/754 755/755/755 750/750/750
f 756/756/756 752/752/752 753/753/753
f 757/757/757 756/756/756 753/753/753
f 760/760/760 759/759/759 758/758/758
f 761/761/761 760/760/760 758/758/758
f 760/760/760 761/761/761 762/762/762
f 761/761/761 763/763/763 762/762/762
f 761/761/761 758/758/758 764/764/764
f 763/763/763 761/761/761 764/764/764
f 763/763/763 765/765/765 762/762/762
f 763/763/763 764/764/764 765/765/765
f 765/765/765 766/766/766 762/762/762
f 764/764/764 767/767/767 765/765/765
f 770/770/770 769/769/769 768/768/768
f 771/771/771 770/770/770 768/768/768
f 768/768/768 769/769/769 772/772/772
f 769/769/769 773/773/773 772/772/772
f 776/776/776 775/775/775 774/774/774
f 777/777/777 776/776/776 774/774/774
f 774/774/774 778/778/778 777/777/777
f 778/778/778 779/779/779 777/777/777
f 780/780/780 775/775/775 776/776/776
f 781/781/781 780/780/780 776/776/776
f 778/778/778 782/782/782 779/779/779
f 782/782/782 783/783/783 779/779/779
f 786/786/786 785/785/785 784/784/784
f 787/787/787 786/786/786 784/784/784
f 785/785/785 786/786/786 788/788/788
f 789/789/789 785/785/785 788/788/788
f 785/785/785 789/789/789 790/790/790
f 784/784/784 785/785/785 790/790/790
f 791/791/791 789/789/789 788/788/788
f 790/790/790 789/789/789 791/791/791
f 792/792/792 791/791/791 788/788/788
f 793/793/793 790/790/790 791/791/791
f 796/796/796 795/795/795 794/794/794
f 797/797/797 796/796/796 794/794/794
f 797/797/797 794/794/794 798/798/798
f 799/799/799 797/797/797 798/798/798
f 802/802/802 801/801/801 800/800/800
f 803/803/803 802/802/802 800/800/800
f 802/802/802 803/803/803 804/804/804
f 805/805/805 802/802/802 804/804/804
f 805/805/805 804/804/804 806/806/806
f 804/804/804 807/807/807 806/806/806
f 806/806/806 807/807/807 808/808/808
f 807/807/807 809/809/809 808/808/808
f 800/800/800 801/801/801 810/810/810
f 811/811/811 800/800/800 810/810/810
f 812/812/812 811/811/811 810/810/810
f 813/813/813 812/812/812 810/810/810
f 812/812/812 813/813/813 814/814/814
f 815/815/815 812/812/812 814/814/814
f 818/818/818 817/817/817 816/816/816
f 819/819/819 818/818/818 816/816/816
f 816/816/816 817/817/817 820/820/820
f 820/820/820 817/817/817 821/821/821
f 817/817/817 822/822/822 821/821/821
f 822/822/822 823/823/823 821/821/821
f 823/823/823 824/824/824 821/821/821
f 823/823/823 825/825/825 824/824/824
f 825/825/825 826/826/826 824/824/824
f 826/826/826 827/827/827 824/824/824
f 826/826/826 828/828/828 827/827/827
f 819/819/819 816/816/816 829/829/829
f 832/832/832 831/831/831 830/830/830
f 831/831/831 833/833/833 830/830/830
f 832/832/832 830/830/830 834/834/834
f 832/832/832 834/834/834 835/835/835
f 836/836/836 832/832/832 835/835/835
f 837/837/837 836/836/836 835/835/835
f 838/838/838 837/837/837 835/835/835
f 839/839/839 837/837/837 838/838/838
f 840/840/840 839/839/839 838/838/838
f 841/841/841 839/839/839 840/840/840
f 842/842/842 841/841/841 840/840/840
f 843/843/843 841/841/841 842/842/842
f 830/830/830 833/833/833 844/844/844
f 847/847/847 846/846/846 845/845/845
f 848/848/848 847/847/847 845/845/845
f 851/851/851 850/850/850 849/849/849
f 852/852/852 851/851/851 849/849/849
f 849/849/849 850/850/850 853/853/853
f 850/850/850 854/854/854 853/853/853
f 851/851/851 855/855/855 850/850/850
f 855/855/855 856/856/856 850/850/850
f 850/850/850 856/856/856 854/854/854
f 856/856/856 857/857/857 854/854/854
f 855/855/855 858/858/858 856/856/856
f 858/858/858 859/859/859 856/856/856
f 856/856/856 859/859/859 857/857/857
f 859/859/859 860/860/860 857/857/857
f 863/863/863 862/862/862 861/861/861
f 864/864/864 863/863/863 861/861/861
f 862/862/862 865/865/865 861/861/861
f 865/865/865 866/866/866 861/861/861
f 869/869/869 868/868/868 867/867/867
f 870/870/870 869/869/869 867/867/867
f 871/871/871 868/868/868 869/869/869
f 874/874/874 873/873/873 872/872/872
f 873/873/873 875/875/875 872/872/872
f 875/875/875 876/876/876 872/872/872
f 879/879/879 878/878/878 877/877/877
f 880/880/880 879/879/879 877/877/877
f 877/877/877 878/878/878 881/881/881
f 878/878/878 882/882/882 881/881/881
f 881/881/881 882/882/882 883/883/883
f 882/882/882 884/884/884 883/883/883
f 884/884/884 885/885/885 883/883/883
f 885/885/885 886/886/886 883/883/883
f 886/886/886 885/885/885 887/887/887
f 888/888/888 886/886/886 887/887/887
f 889/889/889 888/888/888 887/887/887
f 889/889/889 890/890/890 888/888/888
f 890/890/890 891/891/891 888/888/888
f 891/891/891 890/890/890 892/892/892
f 893/893/893 891/891/891 892/892/892
f 895/895/895 893/893/893 894/894/894
f 896/896/896 895/895/895 894/894/894
f 895/895/895 896/896/896 897/897/897
f 896/896/896 898/898/898 897/897/897
f 901/901/901 900/900/900 899/899/899
f 902/902/902 901/901/901 899/899/899
f 899/899/899 900/900/900 903/903/903
f 900/900/900 904/904/904 903/903/903
f 902/902/902 905/905/905 901/901/901
f 905/905/905 906/906/906 901/901/901
f 907/907/907 906/906/906 905/905/905
f 908/908/908 907/907/907 905/905/905
f 903/903/903 904/904/904 909/909/909
f 910/910/910 903/903/903 909/909/909
f 910/910/910 909/909/909 911/911/911
f 909/909/909 912/912/912 911/911/911
f 912/912/912 913/913/913 911/911/911
f 913/913/913 914/914/914 911/911/911
f 907/907/907 908/908/908 915/915/915
f 916/916/916 907/907/907 915/915/915
f 916/916/916 915/915/915 917/917/917
f 918/918/918 916/916/916 917/917/917
f 921/921/921 920/920/920 919/919/919
f 922/922/922 921/921/921 919/919/919
f 925/925/925 924/924/924 923/923/923
f 926/926/926 925/925/925 923/923/923
f 926/926/926 923/923/923 927/927/927
f 928/928/928 926/926/926 927/927/927
f 928/928/928 927/927/927 929/929/929
f 930/930/930 928/928/928 929/929/929
f 931/931/931 930/930/930 929/929/929
f 932/932/932 931/931/931 929/929/929
f 931/931/931 932/932/932 933/933/933
f 932/932/932 934/934/934 933/933/933
f 934/934/934 935/935/935 933/933/933
f 936/936/936 935/935/935 934/934/934
f 937/937/937 936/936/936 934/934/934
f 936/936/936 937/937/937 938/938/938
f 937/937/937 939/939/939 938/938/938
f 939/939/939 940/940/940 938/938/938
f 940/940/940 941/941/941 938/938/938
f 941/941/941 940/940/940 942/942/942
f 943/943/943 941/941/941 942/942/942
f 946/946/946 945/945/945 944/944/944
f 947/947/947 946/946/946 944/944/944
f 947/947/947 944/944/944 948/948/948
f 949/949/949 947/947/947 948/948/948
f 950/950/950 945/945/945 946/946/946
f 951/951/951 950/950/950 946/946/946
f 951/951/951 952/952/952 950/950/950
f 952/952/952 953/953/953 950/950/950
f 949/949/949 948/948/948 954/954/954
f 948/948/948 955/955/955 954/954/954
f 954/954/954 955/955/955 956/956/956
f 957/957/957 954/954/954 956/956/956
f 958/958/958 957/957/957 956/956/956
f 959/959/959 958/958/958 956/956/956
f 953/953/953 952/952/952 960/960/960
f 952/952/952 961/961/961 960/960/960
f 960/960/960 961/961/961 962/962/962
f 961/961/961 963/963/963 962/962/962
f 966/966/966 965/965/965 964/964/964
f 967/967/967 966/966/966 964/964/964
f 970/970/970 969/969/969 968/968/968
f 971/971/971 970/970/970 968/968/968
f 972/972/972 971/971/971 968/968/968
f 973/973/973 972/972/972 968/968/968
f 974/974/974 972/972/972 973/973/973
f 975/975/975 974/974/974 973/973/973
f 976/976/976 974/974/974 975/975/975
f 977/977/977 976/976/976 975/975/975
f 980/980/980 979/979/979 978/978/978
f 981/981/981 980/980/980 978/978/978
f 982/982/982 979/979/979 980/980/980
f 985/985/985 984/984/984 983/983/983
f 985/985/985 986/986/986 984/984/984
f 985/985/985 987/987/987 986/986/986
f 985/985/985 988/988/988 987/987/987
f 991/991/991 990/990/990 989/989/989
f 992/992/992 991/991/991 989/989/989
f 990/990/990 993/993/993 989/989/989
f 993/993/993 994/994/994 989/989/989
f 993/993/993 995/995/995 994/994/994
f 995/995/995 996/996/996 994/994/994
f 995/995/995 997/997/997 996/996/996
f 997/997/997 998/998/998 996/996/996
f 1001/1001/1001 1000/1000/1000 999/999/999
f 1002/1002/1002 1001/1001/1001 999/999/999
f 1002/1002/1002 1003/1003/1003 1001/1001/1001
f 1006/1006/1006 1005/1005/1005 1004/1004/1004
f 1007/1007/1007 1005/1005/1005 1006/1006/1006
f 1008/1008/1008 1005/1005/1005 1007/1007/1007
f 1009/1009/1009 1005/1005/1005 1008/1008/1008
f 1012/1012/1012 1011/1011/1011 1010/1010/1010
f 1013/1013/1013 1012/1012/1012 1010/1010/1010
f 1012/1012/1012 1013/1013/1013 1014/1014/1014
f 1013/1013/1013 1015/1015/1015 1014/1014/1014
f 1015/1015/1015 1013/1013/1013 1016/1016/1016
f 1017/1017/1017 1015/1015/1015 1016/1016/1016
f 1011/1011/1011 1012/1012/1012 1018/1018/1018
f 1019/1019/1019 1011/1011/1011 1018/1018/1018
f 1012/1012/1012 1014/1014/1014 1020/1020/1020
f 1018/1018/1018 1012/1012/1012 1020/1020/1020
f 1019/1019/1019 1018/1018/1018 1021/1021/1021
f 1018/1018/1018 1022/1022/1022 1021/1021/1021
f 1018/1018/1018 1020/1020/1020 1022/1022/1022
f 1020/1020/1020 1023/1023/1023 1022/1022/1022
f 1016/1016/1016 1024/1024/1024 1017/1017/1017
f 1024/1024/1024 1025/1025/1025 1017/1017/1017
f 1025/1025/1025 1024/1024/1024 1026/1026/1026
f 1025/1025/1025 1026/1026/1026 1027/1027/1027
f 1028/1028/1028 1025/1025/1025 1027/1027/1027
f 1029/1029/1029 1028/1028/1028 1027/1027/1027
f 1032/1032/1032 1031/1031/1031 1030/1030/1030
f 1033/1033/1033 1032/1032/1032 1030/1030/1030
f 1032/1032/1032 1034/1034/1034 1031/1031/1031
f 1034/1034/1034 1035/1035/1035 1031/1031/1031
f 1034/1034/1034 1036/1036/1036 1035/1035/1035
f 1036/1036/1036 1037/1037/1037 1035/1035/1035
f 1038/1038/1038 1037/1037/1037 1036/1036/1036
f 1038/1038/1038 1036/1036/1036 1039/1039/1039
f 1036/1036/1036 1040/1040/1040 1039/1039/1039
f 1040/1040/1040 1041/1041/1041 1039/1039/1039
f 1041/1041/1041 1042/1042/1042 1039/1039/1039
f 1033/1033/1033 1030/1030/1030 1043/1043/1043
f 1044/1044/1044 1033/1033/1033 1043/1043/1043
f 1043/1043/1043 1045/1045/1045 1044/1044/1044
f 1048/1048/1048 1047/1047/1047 1046/1046/1046
f 1049/1049/1049 1048/1048/1048 1046/1046/1046
f 1047/1047/1047 1048/1048/1048 1050/1050/1050
f 1051/1051/1051 1047/1047/1047 1050/1050/1050
f 1047/1047/1047 1051/1051/1051 1052/1052/1052
f 1051/1051/1051 1053/1053/1053 1052/1052/1052
f 1048/1048/1048 1049/1049/1049 1054/1054/1054
f 1049/1049/1049 1055/1055/1055 1054/1054/1054
f 1048/1048/1048 1054/1054/1054 1056/1056/1056
f 1050/1050/1050 1048/1048/1048 1056/1056/1056
f 1054/1054/1054 1055/1055/1055 1057/1057/1057
f 1058/1058/1058 1054/1054/1054 1057/1057/1057
f 1056/1056/1056 1054/1054/1054 1058/1058/1058
f 1059/1059/1059 1056/1056/1056 1058/1058/1058
f 1060/1060/1060 1052/1052/1052 1053/1053/1053
f 1061/1061/1061 1060/1060/1060 1053/1053/1053
f 1060/1060/1060 1061/1061/1061 1062/1062/1062
f 1062/1062/1062 1061/1061/1061 1063/1063/1063
f 1061/1061/1061 1064/1064/1064 1063/1063/1063
f 1064/1064/1064 1065/1065/1065 1063/1063/1063
f 1068/1068/1068 1067/1067/1067 1066/1066/1066
f 1069/1069/1069 1068/1068/1068 1066/1066/1066
f 1070/1070/1070 1068/1068/1068 1069/1069/1069
f 1071/1071/1071 1070/1070/1070 1069/1069/1069
f 1072/1072/1072 1070/1070/1070 1071/1071/1071
f 1073/1073/1073 1072/1072/1072 1071/1071/1071
f 1073/1073/1073 1074/1074/1074 1072/1072/1072
f 1072/1072/1072 1074/1074/1074 1075/1075/1075
f 1076/1076/1076 1072/1072/1072 1075/1075/1075
f 1077/1077/1077 1076/1076/1076 1075/1075/1075
f 1078/1078/1078 1077/1077/1077 1075/1075/1075
f 1066/1066/1066 1067/1067/1067 1079/1079/1079
f 1067/1067/1067 1080/1080/1080 1079/1079/1079
f 1081/1081/1081 1079/1079/1079 1080/1080/1080
f 1084/1084/1084 1083/1083/1083 1082/1082/1082
f 1085/1085/1085 1084/1084/1084 1082/1082/1082
f 1083/1083/1083 1084/1084/1084 1086/1086/1086
f 1083/1083/1083 1086/1086/1086 1087/1087/1087
f 1088/1088/1088 1083/1083/1083 1087/1087/1087
f 1088/1088/1088 1087/1087/1087 1089/1089/1089
f 1092/1092/1092 1091/1091/1091 1090/1090/1090
f 1091/1091/1091 1093/1093/1093 1090/1090/1090
f 1091/1091/1091 1094/1094/1094 1093/1093/1093
f 1094/1094/1094 1095/1095/1095 1093/1093/1093
f 1094/1094/1094 1096/1096/1096 1095/1095/1095
f 1096/1096/1096 1097/1097/1097 1095/1095/1095
f 1100/1100/1100 1099/1099/1099 1098/1098/1098
f 1101/1101/1101 1100/1100/1100 1098/1098/1098
f 1102/1102/1102 1100/1100/1100 1101/1101/1101
f 1103/1103/1103 1102/1102/1102 1101/1101/1101
f 1098/1098/1098 1104/1104/1104 1101/1101/1101
f 1104/1104/1104 1105/1105/1105 1101/1101/1101
f 1101/1101/1101 1105/1105/1105 1103/1103/1103
f 1105/1105/1105 1106/1106/1106 1103/1103/1103
f 1103/1103/1103 1107/1107/1107 1102/1102/1102
f 1107/1107/1107 1108/1108/1108 1102/1102/1102
f 1109/1109/1109 1107/1107/1107 1103/1103/1103
f 1106/1106/1106 1109/1109/1109 1103/1103/1103
f 1104/1104/1104 1110/1110/1110 1105/1105/1105
f 1105/1105/1105 1110/1110/1110 1106/1106/1106
f 1110/1110/1110 1111/1111/1111 1106/1106/1106
f 1106/1106/1106 1111/1111/1111 1109/1109/1109
f 1111/1111/1111 1112/1112/1112 1109/1109/1109
f 1115/1115/1115 1114/1114/1114 1113/1113/1113
f 1116/1116/1116 1115/1115/1115 1113/1113/1113
f 1115/1115/1115 1117/1117/1117 1114/1114/1114
f 1117/1117/1117 1118/1118/1118 1114/1114/1114
f 1119/1119/1119 1113/1113/1113 1114/1114/1114
f 1120/1120/1120 1119/1119/1119 1114/1114/1114
f 1120/1120/1120 1114/1114/1114 1118/1118/1118
f 1121/1121/1121 1120/1120/1120 1118/1118/1118
f 1122/1122/1122 1118/1118/1118 1117/1117/1117
f 1123/1123/1123 1122/1122/1122 1117/1117/1117
f 1124/1124/1124 1121/1121/1121 1118/1118/1118
f 1122/1122/1122 1124/1124/1124 1118/1118/1118
f 1125/1125/1125 1119/1119/1119 1120/1120/1120
f 1125/1125/1125 1120/1120/1120 1121/1121/1121
f 1126/1126/1126 1125/1125/1125 1121/1121/1121
f 1126/1126/1126 1121/1121/1121 1124/1124/1124
f 1127/1127/1127 1126/1126/1126 1124/1124/1124
f 1130/1130/1130 1129/1129/1129 1128/1128/1128
f 1131/1131/1131 1130/1130/1130 1128/1128/1128
f 1132/1132/1132 1129/1129/1129 1130/1130/1130
f 1133/1133/1133 1132/1132/1132 1130/1130/1130
f 1134/1134/1134 1132/1132/1132 1133/1133/1133
f 1135/1135/1135 1134/1134/1134 1133/1133/1133
f 1138/1138/1138 1137/1137/1137 1136/1136/1136
f 1139/1139/1139 1138/1138/1138 1136/1136/1136
f 1137/1137/1137 1138/1138/1138 1140/1140/1140
f 1143/1143/1143 1142/1142/1142 1141/1141/1141
f 1144/1144/1144 1143/1143/1143 1141/1141/1141
f 1144/1144/1144 1145/1145/1145 1143/1143/1143
f 1145/1145/1145 1146/1146/1146 1143/1143/1143
f 1145/1145/1145 1147/1147/1147 1146/1146/1146
f 1147/1147/1147 1148/1148/1148 1146/1146/1146
f 1151/1151/1151 1150/1150/1150 1149/1149/1149
f 1152/1152/1152 1151/1151/1151 1149/1149/1149
f 1151/1151/1151 1152/1152/1152 1153/1153/1153
f 1156/1156/1156 1155/1155/1155 1154/1154/1154
f 1157/1157/1157 1156/1156/1156 1154/1154/1154
f 1157/1157/1157 1154/1154/1154 1158/1158/1158
f 1154/1154/1154 1159/1159/1159 1158/1158/1158
f 1155/1155/1155 1156/1156/1156 1160/1160/1160
f 1156/1156/1156 1161/1161/1161 1160/1160/1160
f 1161/1161/1161 1162/1162/1162 1160/1160/1160
f 1162/1162/1162 1163/1163/1163 1160/1160/1160
f 1166/1166/1166 1165/1165/1165 1164/1164/1164
f 1167/1167/1167 1166/1166/1166 1164/1164/1164
f 1164/1164/1164 1168/1168/1168 1167/1167/1167
f 1169/1169/1169 1165/1165/1165 1166/1166/1166
f 1170/1170/1170 1169/1169/1169 1166/1166/1166
f 1173/1173/1173 1172/1172/1172 1171/1171/1171
f 1174/1174/1174 1173/1173/1173 1171/1171/1171
f 1175/1175/1175 1172/1172/1172 1173/1173/1173
f 1171/1171/1171 1176/1176/1176 1174/1174/1174
f 1176/1176/1176 1177/1177/1177 1174/1174/1174
f 1180/1180/1180 1179/1179/1179 1178/1178/1178
f 1181/1181/1181 1180/1180/1180 1178/1178/1178
f 1180/1180/1180 1182/1182/1182 1179/1179/1179
f 1182/1182/1182 1183/1183/1183 1179/1179/1179
f 1178/1178/1178 1184/1184/1184 1181/1181/1181
f 1184/1184/1184 1185/1185/1185 1181/1181/1181
f 1185/1185/1185 1184/1184/1184 1186/1186/1186
f 1187/1187/1187 1185/1185/1185 1186/1186/1186
f 1180/1180/1180 1181/1181/1181 1188/1188/1188
f 1180/1180/1180 1188/1188/1188 1182/1182/1182
f 1181/1181/1181 1189/1189/1189 1188/1188/1188
f 1181/1181/1181 1185/1185/1185 1189/1189/1189
f 1185/1185/1185 1187/1187/1187 1189/1189/1189
f 1178/1178/1178 1179/1179/1179 1190/1190/1190
f 1178/1178/1178 1190/1190/1190 1184/1184/1184
f 1179/1179/1179 1191/1191/1191 1190/1190/1190
f 1179/1179/1179 1183/1183/1183 1191/1191/1191
f 1183/1183/1183 1192/1192/1192 1191/1191/1191
f 1195/1195/1195 1194/1194/1194 1193/1193/1193
f 1196/1196/1196 1195/1195/1195 1193/1193/1193
f 1196/1196/1196 1193/1193/1193 1197/1197/1197
f 1198/1198/1198 1196/1196/1196 1197/1197/1197
f 1198/1198/1198 1197/1197/1197 1199/1199/1199
f 1200/1200/1200 1198/1198/1198 1199/1199/1199
f 1200/1200/1200 1199/1199/1199 1201/1201/1201
f 1202/1202/1202 1200/1200/1200 1201/1201/1201
f 1202/1202/1202 1201/1201/1201 1203/1203/1203
f 1204/1204/1204 1202/1202/1202 1203/1203/1203
f 1204/1204/1204 1203/1203/1203 1205/1205/1205
f 1206/1206/1206 1204/1204/1204 1205/1205/1205
f 1206/1206/1206 1205/1205/1205 1207/1207/1207
f 1208/1208/1208 1206/1206/1206 1207/1207/1207
f 1208/1208/1208 1207/1207/1207 1209/1209/1209
f 1210/1210/1210 1208/1208/1208 1209/1209/1209
f 1195/1195/1195 1212/1212/1212 1211/1211/1211
f 1212/1212/1212 1213/1213/1213 1211/1211/1211
f 1213/1213/1213 1214/1214/1214 1211/1211/1211
f 1213/1213/1213 1215/1215/1215 1214/1214/1214
f 1215/1215/1215 1216/1216/1216 1214/1214/1214
f 1215/1215/1215 1217/1217/1217 1216/1216/1216
f 1217/1217/1217 1218/1218/1218 1216/1216/1216
f 1194/1194/1194 1195/1195/1195 1211/1211/1211
f 1221/1221/1221 1220/1220/1220 1219/1219/1219
f 1221/1221/1221 1222/1222/1222 1220/1220/1220
f 1221/1221/1221 1223/1223/1223 1222/1222/1222
f 1221/1221/1221 1224/1224/1224 1223/1223/1223
f 1221/1221/1221 1225/1225/1225 1224/1224/1224
f 1221/1221/1221 1226/1226/1226 1225/1225/1225
f 1221/1221/1221 1227/1227/1227 1226/1226/1226
f 1221/1221/1221 1228/1228/1228 1227/1227/1227
f 1221/1221/1221 1229/1229/1229 1228/1228/1228
f 1221/1221/1221 1230/1230/1230 1229/1229/1229
f 1221/1221/1221 1231/1231/1231 1230/1230/1230
f 1221/1221/1221 1219/1219/1219 1231/1231/1231
f 1234/1234/1234 1233/1233/1233 1232/1232/1232
f 1235/1235/1235 1234/1234/1234 1232/1232/1232
f 1236/1236/1236 1234/1234/1234 1235/1235/1235
f 1237/1237/1237 1236/1236/1236 1235/1235/1235
f 1238/1238/1238 1236/1236/1236 1237/1237/1237
f 1239/1239/1239 1238/1238/1238 1237/1237/1237
f 1240/1240/1240 1235/1235/1235 1232/1232/1232
f 1241/1241/1241 1240/1240/1240 1232/1232/1232
f 1242/1242/1242 1237/1237/1237 1235/1235/1235
f 1240/1240/1240 1242/1242/1242 1235/1235/1235
f 1243/1243/1243 1239/1239/1239 1237/1237/1237
f 1242/1242/1242 1243/1243/1243 1237/1237/1237
f 1244/1244/1244 1240/1240/1240 1241/1241/1241
f 1245/1245/1245 1244/1244/1244 1241/1241/1241
f 1246/1246/1246 1242/1242/1242 1240/1240/1240
f 1244/1244/1244 1246/1246/1246 1240/1240/1240
f 1247/1247/1247 1243/1243/1243 1242/1242/1242
f 1246/1246/1246 1247/1247/1247 1242/1242/1242
f 1250/1250/1250 1249/1249/1249 1248/1248/1248
f 1251/1251/1251 1250/1250/1250 1248/1248/1248
f 1251/1251/1251 1248/1248/1248 1252/1252/1252
f 1253/1253/1253 1251/1251/1251 1252/1252/1252
f 1253/1253/1253 1252/1252/1252 1254/1254/1254
f 1255/1255/1255 1253/1253/1253 1254/1254/1254
f 1255/1255/1255 1254/1254/1254 1256/1256/1256
f 1257/1257/1257 1255/1255/1255 1256/1256/1256
f 1257/1257/1257 1256/1256/1256 1258/1258/1258
f 1259/1259/1259 1257/1257/1257 1258/1258/1258
f 1259/1259/1259 1258/1258/1258 1260/1260/1260
f 1261/1261/1261 1259/1259/1259 1260/1260/1260
f 1261/1261/1261 1260/1260/1260 1262/1262/1262
f 1263/1263/1263 1261/1261/1261 1262/1262/1262
f 1263/1263/1263 1262/1262/1262 1264/1264/1264
f 1265/1265/1265 1263/1263/1263 1264/1264/1264
f 1265/1265/1265 1264/1264/1264 1266/1266/1266
f 1267/1267/1267 1265/1265/1265 1266/1266/1266
f 1270/1270/1270 1269/1269/1269 1268/1268/1268
f 1271/1271/1271 1270/1270/1270 1268/1268/1268
f 1271/1271/1271 1268/1268/1268 1272/1272/1272
f 1273/1273/1273 1271/1271/1271 1272/1272/1272
f 1250/1250/1250 1273/1273/1273 1272/1272/1272
f 1249/1249/1249 1250/1250/1250 1272/1272/1272
f 1276/1276/1276 1275/1275/1275 1274/1274/1274
f 1277/1277/1277 1276/1276/1276 1274/1274/1274
f 1278/1278/1278 1276/1276/1276 1277/1277/1277
f 1279/1279/1279 1278/1278/1278 1277/1277/1277
f 1280/1280/1280 1278/1278/1278 1279/1279/1279
f 1281/1281/1281 1280/1280/1280 1279/1279/1279
f 1282/1282/1282 1280/1280/1280 1281/1281/1281
f 1283/1283/1283 1282/1282/1282 1281/1281/1281
f 1284/1284/1284 1282/1282/1282 1283/1283/1283
f 1285/1285/1285 1284/1284/1284 1283/1283/1283
f 1286/1286/1286 1284/1284/1284 1285/1285/1285
f 1287/1287/1287 1286/1286/1286 1285/1285/1285
f 1288/1288/1288 1286/1286/1286 1287/1287/1287
f 1289/1289/1289 1288/1288/1288 1287/1287/1287
f 1290/1290/1290 1288/1288/1288 1289/1289/1289
f 1291/1291/1291 1290/1290/1290 1289/1289/1289
f 1292/1292/1292 1290/1290/1290 1291/1291/1291
f 1293/1293/1293 1292/1292/1292 1291/1291/1291
f 1294/1294/1294 1292/1292/1292 1293/1293/1293
f 1295/1295/1295 1294/1294/1294 1293/1293/1293
f 1296/1296/1296 1294/1294/1294 1295/1295/1295
f 1297/1297/1297 1296/1296/1296 1295/1295/1295
f 1275/1275/1275 1296/1296/1296 1297/1297/1297
f 1274/1274/1274 1275/1275/1275 1297/1297/1297
f 1287/1287/1287 1285/1285/1285 1298/1298/1298
f 1285/1285/1285 1283/1283/1283 1298/1298/1298
f 1298/1298/1298 1283/1283/1283 1299/1299/1299
f 1283/1283/1283 1281/1281/1281 1299/1299/1299
f 1281/1281/1281 1279/1279/1279 1299/1299/1299
f 1299/1299/1299 1279/1279/1279 1300/1300/1300
f 1277/1277/1277 1274/1274/1274 1300/1300/1300
f 1279/1279/1279 1277/1277/1277 1300/1300/1300
f 1295/1295/1295 1293/1293/1293 1301/1301/1301
f 1293/1293/1293 1291/1291/1291 1301/1301/1301
f 1301/1301/1301 1291/1291/1291 1302/1302/1302
f 1302/1302/1302 1287/1287/1287 1298/1298/1298
f 1289/1289/1289 1287/1287/1287 1302/1302/1302
f 1291/1291/1291 1289/1289/1289 1302/1302/1302
f 1300/1300/1300 1274/1274/1274 1303/1303/1303
f 1303/1303/1303 1295/1295/1295 1301/1301/1301
f 1297/1297/1297 1295/1295/1295 1303/1303/1303
f 1274/1274/1274 1297/1297/1297 1303/1303/1303
f 1300/1300/1300 1304/1304/1304 1299/1299/1299
f 1304/1304/1304 1305/1305/1305 1299/1299/1299
f 1302/1302/1302 1306/1306/1306 1301/1301/1301
f 1307/1307/1307 1306/1306/1306 1302/1302/1302
f 1305/1305/1305 1307/1307/1307 1298/1298/1298
f 1298/1298/1298 1307/1307/1307 1302/1302/1302
f 1299/1299/1299 1305/1305/1305 1298/1298/1298
f 1306/1306/1306 1308/1308/1308 1301/1301/1301
f 1308/1308/1308 1309/1309/1309 1303/1303/1303
f 1301/1301/1301 1308/1308/1308 1303/1303/1303
f 1309/1309/1309 1304/1304/1304 1300/1300/1300
f 1303/1303/1303 1309/1309/1309 1300/1300/1300
f 1310/1310/1310 1305/1305/1305 1304/1304/1304
f 1310/1310/1310 1307/1307/1307 1305/1305/1305
f 1310/1310/1310 1306/1306/1306 1307/1307/1307
f 1310/1310/1310 1308/1308/1308 1306/1306/1306
f 1310/1310/1310 1309/1309/1309 1308/1308/1308
f 1310/1310/1310 1304/1304/1304 1309/1309/1309
f 1313/1313/1313 1312/1312/1312 1311/1311/1311
f 1314/1314/1314 1313/1313/1313 1311/1311/1311
f 1313/1313/1313 1315/1315/1315 1312/1312/1312
f 1315/1315/1315 1316/1316/1316 1312/1312/1312
f 1316/1316/1316 1317/1317/1317 1312/1312/1312
f 1317/1317/1317 1316/1316/1316 1318/1318/1318
f 1316/1316/1316 1319/1319/1319 1318/1318/1318
f 1322/1322/1322 1321/1321/1321 1320/1320/1320
f 1323/1323/1323 1322/1322/1322 1320/1320/1320
f 1322/1322/1322 1323/1323/1323 1324/1324/1324
f 1325/1325/1325 1322/1322/1322 1324/1324/1324
f 1325/1325/1325 1324/1324/1324 1326/1326/1326
f 1327/1327/1327 1325/1325/1325 1326/1326/1326
f 1321/1321/1321 1328/1328/1328 1320/1320/1320
f 1328/1328/1328 1329/1329/1329 1320/1320/1320
f 1332/1332/1332 1331/1331/1331 1330/1330/1330
f 1333/1333/1333 1332/1332/1332 1330/1330/1330
f 1331/1331/1331 1334/1334/1334 1330/1330/1330
f 1334/1334/1334 1335/1335/1335 1330/1330/1330
f 1334/1334/1334 1336/1336/1336 1335/1335/1335
f 1336/1336/1336 1337/1337/1337 1335/1335/1335
f 1332/1332/1332 1333/1333/1333 1338/1338/1338
f 1339/1339/1339 1332/1332/1332 1338/1338/1338
f 1339/1339/1339 1338/1338/1338 1340/1340/1340
f 1341/1341/1341 1339/1339/1339 1340/1340/1340
f 1342/1342/1342 1333/1333/1333 1330/1330/1330
f 1343/1343/1343 1342/1342/1342 1330/1330/1330
f 1342/1342/1342 1343/1343/1343 1344/1344/1344
f 1345/1345/1345 1342/1342/1342 1344/1344/1344
f 1344/1344/1344 1343/1343/1343 1346/1346/1346
f 1343/1343/1343 1347/1347/1347 1346/1346/1346
f 1348/1348/1348 1342/1342/1342 1345/1345/1345
f 1338/1338/1338 1348/1348/1348 1340/1340/1340
f 1348/1348/1348 1338/1338/1338 1333/1333/1333
f 1342/1342/1342 1348/1348/1348 1333/1333/1333
f 1349/1349/1349 1348/1348/1348 1345/1345/1345
f 1350/1350/1350 1348/1348/1348 1349/1349/1349
f 1348/1348/1348 1350/1350/1350 1340/1340/1340
f 1351/1351/1351 1350/1350/1350 1349/1349/1349
f 1347/1347/1347 1343/1343/1343 1330/1330/1330
f 1335/1335/1335 1347/1347/1347 1330/1330/1330
f 1345/1345/1345 1344/1344/1344 1352/1352/1352
f 1344/1344/1344 1353/1353/1353 1352/1352/1352
f 1352/1352/1352 1353/1353/1353 1354/1354/1354
f 1353/1353/1353 1355/1355/1355 1354/1354/1354
f 1356/1356/1356 1355/1355/1355 1353/1353/1353
f 1357/1357/1357 1356/1356/1356 1353/1353/1353
f 1344/1344/1344 1346/1346/1346 1357/1357/1357
f 1353/1353/1353 1344/1344/1344 1357/1357/1357
f 1352/1352/1352 1354/1354/1354 1358/1358/1358
f 1359/1359/1359 1352/1352/1352 1358/1358/1358
f 1351/1351/1351 1349/1349/1349 1359/1359/1359
f 1359/1359/1359 1358/1358/1358 1360/1360/1360
f 1361/1361/1361 1359/1359/1359 1360/1360/1360
f 1361/1361/1361 1351/1351/1351 1359/1359/1359
f 1345/1345/1345 1352/1352/1352 1359/1359/1359
f 1349/1349/1349 1345/1345/1345 1359/1359/1359
f 1362/1362/1362 1354/1354/1354 1355/1355/1355
f 1363/1363/1363 1362/1362/1362 1355/1355/1355
f 1363/1363/1363 1355/1355/1355 1356/1356/1356
f 1364/1364/1364 1363/1363/1363 1356/1356/1356
f 1365/1365/1365 1360/1360/1360 1358/1358/1358
f 1365/1365/1365 1366/1366/1366 1360/1360/1360
f 1366/1366/1366 1367/1367/1367 1360/1360/1360
f 1368/1368/1368 1365/1365/1365 1358/1358/1358
f 1368/1368/1368 1358/1358/1358 1354/1354/1354
f 1362/1362/1362 1368/1368/1368 1354/1354/1354
f 1360/1360/1360 1370/1370/1370 1369/1369/1369
f 1371/1371/1371 1360/1360/1360 1369/1369/1369
f 1373/1373/1373 1372/1372/1372 1371/1371/1371
f 1374/1374/1374 1373/1373/1373 1371/1371/1371
f 1377/1377/1377 1376/1376/1376 1375/1375/1375
f 1378/1378/1378 1377/1377/1377 1346/1346/1346
f 1380/1380/1380 1379/1379/1379 1335/1335/1335
f 1381/1381/1381 1380/1380/1380 1335/1335/1335
f 1384/1384/1384 1383/1383/1383 1382/1382/1382
f 1385/1385/1385 1384/1384/1384 1382/1382/1382
f 1384/1384/1384 1385/1385/1385 1386/1386/1386
f 1387/1387/1387 1384/1384/1384 1386/1386/1386
f 1387/1387/1387 1386/1386/1386 1388/1388/1388
f 1389/1389/1389 1387/1387/1387 1388/1388/1388
f 1389/1389/1389 1388/1388/1388 1390/1390/1390
f 1391/1391/1391 1389/1389/1389 1390/1390/1390
f 1391/1391/1391 1390/1390/1390 1392/1392/1392
f 1393/1393/1393 1391/1391/1391 1392/1392/1392
f 1393/1393/1393 1392/1392/1392 1394/1394/1394
f 1395/1395/1395 1393/1393/1393 1394/1394/1394
f 1395/1395/1395 1394/1394/1394 1396/1396/1396
f 1397/1397/1397 1395/1395/1395 1396/1396/1396
f 1397/1397/1397 1396/1396/1396 1398/1398/1398
f 1399/1399/1399 1397/1397/1397 1398/1398/1398
f 1399/1399/1399 1398/1398/1398 1400/1400/1400
f 1401/1401/1401 1399/1399/1399 1400/1400/1400
f 1404/1404/1404 1403/1403/1403 1402/1402/1402
f 1405/1405/1405 1404/1404/1404 1402/1402/1402
f 1405/1405/1405 1402/1402/1402 1406/1406/1406
f 1407/1407/1407 1405/1405/1405 1406/1406/1406
f 1407/1407/1407 1406/1406/1406 1382/1382/1382
f 1383/1383/1383 1407/1407/1407 1382/1382/1382
f 1410/1410/1410 1409/1409/1409 1408/1408/1408
f 1411/1411/1411 1410/1410/1410 1408/1408/1408
f 1411/1411/1411 1408/1408/1408 1412/1412/1412
f 1413/1413/1413 1411/1411/1411 1412/1412/1412
f 1413/1413/1413 1412/1412/1412 1414/1414/1414
f 1415/1415/1415 1413/1413/1413 1414/1414/1414
f 1415/1415/1415 1414/1414/1414 1416/1416/1416
f 1417/1417/1417 1415/1415/1415 1416/1416/1416
f 1417/1417/1417 1416/1416/1416 1418/1418/1418
f 1419/1419/1419 1417/1417/1417 1418/1418/1418
f 1419/1419/1419 1418/1418/1418 1420/1420/1420
f 1421/1421/1421 1419/1419/1419 1420/1420/1420
f 1421/1421/1421 1420/1420/1420 1422/1422/1422
f 1423/1423/1423 1421/1421/1421 1422/1422/1422
f 1423/1423/1423 1422/1422/1422 1424/1424/1424
f 1425/1425/1425 1423/1423/1423 1424/1424/1424
f 1425/1425/1425 1424/1424/1424 1426/1426/1426
f 1427/1427/1427 1425/1425/1425 1426/1426/1426
f 1427/1427/1427 1426/1426/1426 1428/1428/1428
f 1429/1429/1429 1427/1427/1427 1428/1428/1428
f 1430/1430/1430 1429/1429/1429 1428/1428/1428
f 1431/1431/1431 1430/1430/1430 1428/1428/1428
f 1430/1430/1430 1431/1431/1431 1409/1409/1409
f 1410/1410/1410 1430/1430/1430 1409/1409/1409
f 1432/1432/1432 1420/1420/1420 1418/1418/1418
f 1432/1432/1432 1422/1422/1422 1420/1420/1420
f 1432/1432/1432 1424/1424/1424 1422/1422/1422
f 1432/1432/1432 1426/1426/1426 1424/1424/1424
f 1432/1432/1432 1428/1428/1428 1426/1426/1426
f 1432/1432/1432 1431/1431/1431 1428/1428/1428
f 1432/1432/1432 1409/1409/1409 1431/1431/1431
f 1432/1432/1432 1408/1408/1408 1409/1409/1409
f 1432/1432/1432 1412/1412/1412 1408/1408/1408
f 1432/1432/1432 1414/1414/1414 1412/1412/1412
f 1432/1432/1432 1416/1416/1416 1414/1414/1414
f 1432/1432/1432 1418/1418/1418 1416/1416/1416
f 1435/1435/1435 1434/1434/1434 1433/1433/1433
f 1436/1436/1436 1435/1435/1435 1433/1433/1433
f 1433/1433/1433 1437/1437/1437 1436/1436/1436
f 1437/1437/1437 1438/1438/1438 1436/1436/1436
f 1435/1435/1435 1439/1439/1439 1434/1434/1434
f 1439/1439/1439 1440/1440/1440 1434/1434/1434
f 1443/1443/1443 1442/1442/1442 1441/1441/1441
f 1444/1444/1444 1443/1443/1443 1441/1441/1441
f 1447/1447/1447 1446/1446/1446 1445/1445/1445
f 1448/1448/1448 1447/1447/1447 1445/1445/1445
f 1451/1451/1451 1450/1450/1450 1449/1449/1449
f 1452/1452/1452 1451/1451/1451 1449/1449/1449
f 1453/1453/1453 1449/1449/1449 1450/1450/1450
f 1454/1454/1454 1453/1453/1453 1450/1450/1450
f 1452/1452/1452 1455/1455/1455 1451/1451/1451
f 1455/1455/1455 1456/1456/1456 1451/1451/1451
f 1453/1453/1453 1454/1454/1454 1457/1457/1457
f 1458/1458/1458 1453/1453/1453 1457/1457/1457
f 1459/1459/1459 1449/1449/1449 1453/1453/1453
f 1458/1458/1458 1459/1459/1459 1453/1453/1453
f 1452/1452/1452 1449/1449/1449 1459/1459/1459
f 1455/1455/1455 1452/1452/1452 1459/1459/1459
f 1462/1462/1462 1461/1461/1461 1460/1460/1460
f 1463/1463/1463 1462/1462/1462 1460/1460/1460
f 1462/1462/1462 1464/1464/1464 1461/1461/1461
f 1464/1464/1464 1465/1465/1465 1461/1461/1461
f 1468/1468/1468 1467/1467/1467 1466/1466/1466
f 1469/1469/1469 1468/1468/1468 1466/1466/1466
f 1469/1469/1469 1466/1466/1466 1470/1470/1470
f 1466/1466/1466 1471/1471/1471 1470/1470/1470
f 1474/1474/1474 1473/1473/1473 1472/1472/1472
f 1475/1475/1475 1474/1474/1474 1472/1472/1472
f 1476/1476/1476 1473/1473/1473 1474/1474/1474
f 1477/1477/1477 1476/1476/1476 1474/1474/1474
f 1480/1480/1480 1479/1479/1479 1478/1478/1478
f 1481/1481/1481 1480/1480/1480 1478/1478/1478
f 1480/1480/1480 1482/1482/1482 1479/1479/1479
f 1482/1482/1482 1483/1483/1483 1479/1479/1479
f 1484/1484/1484 1481/1481/1481 1478/1478/1478
f 1485/1485/1485 1484/1484/1484 1478/1478/1478
f 1488/1488/1488 1487/1487/1487 1486/1486/1486
f 1489/1489/1489 1488/1488/1488 1486/1486/1486
f 1489/1489/1489 1490/1490/1490 1488/1488/1488
f 1490/1490/1490 1491/1491/1491 1488/1488/1488
f 1494/1494/1494 1493/1493/1493 1492/1492/1492
f 1495/1495/1495 1494/1494/1494 1492/1492/1492
f 1492/1492/1492 1493/1493/1493 1496/1496/1496
f 1497/1497/1497 1492/1492/1492 1496/1496/1496
f 1500/1500/1500 1499/1499/1499 1498/1498/1498
f 1501/1501/1501 1500/1500/1500 1498/1498/1498
f 1504/1504/1504 1503/1503/1503 1502/1502/1502
f 1505/1505/1505 1504/1504/1504 1502/1502/1502
f 1503/1503/1503 1504/1504/1504 1506/1506/1506
f 1504/1504/1504 1507/1507/1507 1506/1506/1506
f 1506/1506/1506 1507/1507/1507 1508/1508/1508
f 1509/1509/1509 1506/1506/1506 1508/1508/1508
f 1509/1509/1509 1508/1508/1508 1510/1510/1510
f 1511/1511/1511 1509/1509/1509 1510/1510/1510
f 1505/1505/1505 1502/1502/1502 1512/1512/1512
f 1502/1502/1502 1513/1513/1513 1512/1512/1512
f 1513/1513/1513 1514/1514/1514 1512/1512/1512
f 1514/1514/1514 1515/1515/1515 1512/1512/1512
f 1515/1515/1515 1514/1514/1514 1516/1516/1516
f 1514/1514/1514 1517/1517/1517 1516/1516/1516
f 1520/1520/1520 1519/1519/1519 1518/1518/1518
f 1519/1519/1519 1521/1521/1521 1518/1518/1518
f 1520/1520/1520 1518/1518/1518 1522/1522/1522
f 1520/1520/1520 1522/1522/1522 1523/1523/1523
f 1524/1524/1524 1520/1520/1520 1523/1523/1523
f 1525/1525/1525 1524/1524/1524 1523/1523/1523
f 1526/1526/1526 1525/1525/1525 1523/1523/1523
f 1527/1527/1527 1525/1525/1525 1526/1526/1526
f 1528/1528/1528 1527/1527/1527 1526/1526/1526
f 1529/1529/1529 1528/1528/1528 1526/1526/1526
f 1530/1530/1530 1528/1528/1528 1529/1529/1529
f 1518/1518/1518 1521/1521/1521 1531/1531/1531
f 1534/1534/1534 1533/1533/1533 1532/1532/1532
f 1535/1535/1535 1534/1534/1534 1532/1532/1532
f 1532/1532/1532 1533/1533/1533 1536/1536/1536
f 1536/1536/1536 1533/1533/1533 1537/1537/1537
f 1533/1533/1533 1538/1538/1538 1537/1537/1537
f 1538/1538/1538 1539/1539/1539 1537/1537/1537
f 1539/1539/1539 1540/1540/1540 1537/1537/1537
f 1539/1539/1539 1541/1541/1541 1540/1540/1540
f 1541/1541/1541 1542/1542/1542 1540/1540/1540
f 1541/1541/1541 1543/1543/1543 1542/1542/1542
f 1543/1543/1543 1544/1544/1544 1542/1542/1542
f 1543/1543/1543 1545/1545/1545 1544/1544/1544
f 1535/1535/1535 1532/1532/1532 1546/1546/1546
f 1549/1549/1549 1548/1548/1548 1547/1547/1547
f 1550/1550/1550 1549/1549/1549 1547/1547/1547
f 1553/1553/1553 1552/1552/1552 1551/1551/1551
f 1554/1554/1554 1553/1553/1553 1551/1551/1551
f 1554/1554/1554 1551/1551/1551 1555/1555/1555
f 1556/1556/1556 1554/1554/1554 1555/1555/1555
f 1557/1557/1557 1553/1553/1553 1554/1554/1554
f 1558/1558/1558 1557/1557/1557 1554/1554/1554
f 1558/1558/1558 1554/1554/1554 1556/1556/1556
f 1559/1559/1559 1558/1558/1558 1556/1556/1556
f 1560/1560/1560 1557/1557/1557 1558/1558/1558
f 1561/1561/1561 1560/1560/1560 1558/1558/1558
f 1561/1561/1561 1558/1558/1558 1559/1559/1559
f 1562/1562/1562 1561/1561/1561 1559/1559/1559
f 1565/1565/1565 1564/1564/1564 1563/1563/1563
f 1566/1566/1566 1565/1565/1565 1563/1563/1563
f 1567/1567/1567 1566/1566/1566 1563/1563/1563
f 1568/1568/1568 1567/1567/1567 1563/1563/1563
f 1571/1571/1571 1570/1570/1570 1569/1569/1569
f 1570/1570/1570 1572/1572/1572 1569/1569/1569
f 1571/1571/1571 1573/1573/1573 1570/1570/1570
f 1576/1576/1576 1575/1575/1575 1574/1574/1574
f 1577/1577/1577 1576/1576/1576 1574/1574/1574
f 1578/1578/1578 1577/1577/1577 1574/1574/1574
f 1581/1581/1581 1580/1580/1580 1579/1579/1579
f 1582/1582/1582 1581/1581/1581 1579/1579/1579
f 1581/1581/1581 1582/1582/1582 1583/1583/1583
f 1582/1582/1582 1584/1584/1584 1583/1583/1583
f 1583/1583/1583 1584/1584/1584 1585/1585/1585
f 1584/1584/1584 1586/1586/1586 1585/1585/1585
f 1585/1585/1585 1586/1586/1586 1587/1587/1587
f 1588/1588/1588 1585/1585/1585 1587/1587/1587
f 1587/1587/1587 1586/1586/1586 1589/1589/1589
f 1590/1590/1590 1587/1587/1587 1589/1589/1589
f 1593/1593/1593 1592/1592/1592 1591/1591/1591
f 1594/1594/1594 1593/1593/1593 1591/1591/1591
f 1593/1593/1593 1594/1594/1594 1595/1595/1595
f 1596/1596/1596 1593/1593/1593 1595/1595/1595
f 1592/1592/1592 1597/1597/1597 1591/1591/1591
f 1597/1597/1597 1598/1598/1598 1591/1591/1591
f 1598/1598/1598 1599/1599/1599 1591/1591/1591
f 1599/1599/1599 1598/1598/1598 1600/1600/1600
f 1598/1598/1598 1601/1601/1601 1600/1600/1600
f 1604/1604/1604 1603/1603/1603 1602/1602/1602
f 1605/1605/1605 1604/1604/1604 1602/1602/1602
f 1604/1604/1604 1605/1605/1605 1606/1606/1606
f 1607/1607/1607 1604/1604/1604 1606/1606/1606
f 1607/1607/1607 1606/1606/1606 1608/1608/1608
f 1609/1609/1609 1607/1607/1607 1608/1608/1608
f 1610/1610/1610 1609/1609/1609 1608/1608/1608
f 1611/1611/1611 1610/1610/1610 1608/1608/1608
f 1614/1614/1614 1613/1613/1613 1612/1612/1612
f 1615/1615/1615 1614/1614/1614 1612/1612/1612
f 1615/1615/1615 1612/1612/1612 1616/1616/1616
f 1612/1612/1612 1617/1617/1617 1616/1616/1616
f 1617/1617/1617 1618/1618/1618 1616/1616/1616
f 1618/1618/1618 1619/1619/1619 1616/1616/1616
f 1622/1622/1622 1621/1621/1621 1620/1620/1620
f 1623/1623/1623 1622/1622/1622 1620/1620/1620
f 1622/1622/1622 1623/1623/1623 1624/1624/1624
f 1624/1624/1624 1623/1623/1623 1625/1625/1625
f 1623/1623/1623 1626/1626/1626 1625/1625/1625
f 1625/1625/1625 1626/1626/1626 1627/1627/1627
f 1630/1630/1630 1629/1629/1629 1628/1628/1628
f 1631/1631/1631 1630/1630/1630 1628/1628/1628
f 1632/1632/1632 1630/1630/1630 1631/1631/1631
f 1633/1633/1633 1632/1632/1632 1631/1631/1631
f 1634/1634/1634 1632/1632/1632 1633/1633/1633
f 1635/1635/1635 1634/1634/1634 1633/1633/1633
f 1638/1638/1638 1637/1637/1637 1636/1636/1636
f 1639/1639/1639 1638/1638/1638 1636/1636/1636
f 1638/1638/1638 1639/1639/1639 1640/1640/1640
f 1641/1641/1641 1638/1638/1638 1640/1640/1640
f 1641/1641/1641 1640/1640/1640 1642/1642/1642
f 1643/1643/1643 1641/1641/1641 1642/1642/1642
f 1643/1643/1643 1642/1642/1642 1644/1644/1644
f 1642/1642/1642 1645/1645/1645 1644/1644/1644
f 1643/1643/1643 1644/1644/1644 1646/1646/1646
f 1644/1644/1644 1647/1647/1647 1646/1646/1646
f 1650/1650/1650 1649/1649/1649 1648/1648/1648
f 1651/1651/1651 1650/1650/1650 1648/1648/1648
f 1649/1649/1649 1650/1650/1650 1652/1652/1652
f 1650/1650/1650 1653/1653/1653 1652/1652/1652
f 1654/1654/1654 1651/1651/1651 1648/1648/1648
f 1655/1655/1655 1654/1654/1654 1648/1648/1648
f 1656/1656/1656 1655/1655/1655 1648/1648/1648
f 1655/1655/1655 1656/1656/1656 1657/1657/1657
f 1658/1658/1658 1655/1655/1655 1657/1657/1657
f 1661/1661/1661 1660/1660/1660 1659/1659/1659
f 1662/1662/1662 1661/1661/1661 1659/1659/1659
f 1660/1660/1660 1661/1661/1661 1663/1663/1663
f 1661/1661/1661 1664/1664/1664 1663/1663/1663
f 1663/1663/1663 1664/1664/1664 1665/1665/1665
f 1664/1664/1664 1666/1666/1666 1665/1665/1665
f 1666/1666/1666 1667/1667/1667 1665/1665/1665
f 1667/1667/1667 1668/1668/1668 1665/1665/1665
f 1671/1671/1671 1670/1670/1670 1669/1669/1669
f 1672/1672/1672 1671/1671/1671 1669/1669/1669
f 1669/1669/1669 1670/1670/1670 1673/1673/1673
f 1674/1674/1674 1669/1669/1669 1673/1673/1673
f 1675/1675/1675 1674/1674/1674 1673/1673/1673
f 1676/1676/1676 1675/1675/1675 1673/1673/1673
f 1679/1679/1679 1678/1678/1678 1677/1677/1677
f 1680/1680/1680 1679/1679/1679 1677/1677/1677
f 1678/1678/1678 1679/1679/1679 1681/1681/1681
f 1679/1679/1679 1682/1682/1682 1681/1681/1681
f 1680/1680/1680 1677/1677/1677 1683/1683/1683
f 1684/1684/1684 1680/1680/1680 1683/1683/1683
f 1681/1681/1681 1682/1682/1682 1685/1685/1685
f 1686/1686/1686 1681/1681/1681 1685/1685/1685
f 1689/1689/1689 1688/1688/1688 1687/1687/1687
f 1690/1690/1690 1689/1689/1689 1687/1687/1687
f 1691/1691/1691 1689/1689/1689 1690/1690/1690
f 1692/1692/1692 1691/1691/1691 1690/1690/1690
f 1695/1695/1695 1694/1694/1694 1693/1693/1693
f 1696/1696/1696 1695/1695/1695 1693/1693/1693
f 1695/1695/1695 1696/1696/1696 1697/1697/1697
f 1698/1698/1698 1695/1695/1695 1697/1697/1697
f 1693/1693/1693 1694/1694/1694 1699/1699/1699
f 1694/1694/1694 1700/1700/1700 1699/1699/1699
f 1698/1698/1698 1697/1697/1697 1701/1701/1701
f 1697/1697/1697 1702/1702/1702 1701/1701/1701
f 1705/1705/1705 1704/1704/1704 1703/1703/1703
f 1706/1706/1706 1705/1705/1705 1703/1703/1703
f 1705/1705/1705 1707/1707/1707 1704/1704/1704
f 1707/1707/1707 1708/1708/1708 1704/1704/1704
f 1711/1711/1711 1710/1710/1710 1709/1709/1709
f 1712/1712/1712 1711/1711/1711 1709/1709/1709
f 1712/1712/1712 1713/1713/1713 1711/1711/1711
f 1713/1713/1713 1714/1714/1714 1711/1711/1711
f 1712/1712/1712 1709/1709/1709 1715/1715/1715
f 1709/1709/1709 1716/1716/1716 1715/1715/1715
f 1712/1712/1712 1715/1715/1715 1717/1717/1717
f 1713/1713/1713 1712/1712/1712 1717/1717/1717
f 1711/1711/1711 1718/1718/1718 1710/1710/1710
f 1711/1711/1711 1714/1714/1714 1718/1718/1718
f 1718/1718/1718 1719/1719/1719 1710/1710/1710
f 1714/1714/1714 1720/1720/1720 1718/1718/1718
f 1721/1721/1721 1709/1709/1709 1710/1710/1710
f 1722/1722/1722 1721/1721/1721 1710/1710/1710
f 1722/1722/1722 1710/1710/1710 1719/1719/1719
f 1713/1713/1713 1723/1723/1723 1714/1714/1714
f 1723/1723/1723 1713/1713/1713 1717/1717/1717
f 1723/1723/1723 1724/1724/1724 1714/1714/1714
f 1709/1709/1709 1721/1721/1721 1725/1725/1725
f 1716/1716/1716 1709/1709/1709 1725/1725/1725
f 1726/1726/1726 1723/1723/1723 1717/1717/1717
f 1727/1727/1727 1722/1722/1722 1719/1719/1719
f 1728/1728/1728 1720/1720/1720 1714/1714/1714
f 1724/1724/1724 1728/1728/1728 1714/1714/1714
f 1731/1731/1731 1730/1730/1730 1729/1729/1729
f 1732/1732/1732 1731/1731/1731 1729/1729/1729
f 1733/1733/1733 1730/1730/1730 1731/1731/1731
f 1734/1734/1734 1733/1733/1733 1731/1731/1731
f 1729/1729/1729 1730/1730/1730 1735/1735/1735
f 1736/1736/1736 1729/1729/1729 1735/1735/1735
f 1730/1730/1730 1733/1733/1733 1737/1737/1737
f 1735/1735/1735 1730/1730/1730 1737/1737/1737
f 1738/1738/1738 1731/1731/1731 1732/1732/1732
f 1734/1734/1734 1731/1731/1731 1738/1738/1738
f 1739/1739/1739 1738/1738/1738 1732/1732/1732
f 1740/1740/1740 1734/1734/1734 1738/1738/1738
f 1729/1729/1729 1741/1741/1741 1732/1732/1732
f 1741/1741/1741 1742/1742/1742 1732/1732/1732
f 1732/1732/1732 1742/1742/1742 1739/1739/1739
f 1743/1743/1743 1733/1733/1733 1734/1734/1734
f 1733/1733/1733 1743/1743/1743 1737/1737/1737
f 1744/1744/1744 1743/1743/1743 1734/1734/1734
f 1729/1729/1729 1736/1736/1736 1745/1745/1745
f 1741/1741/1741 1729/1729/1729 1745/1745/1745
f 1743/1743/1743 1746/1746/1746 1737/1737/1737
f 1742/1742/1742 1747/1747/1747 1739/1739/1739
f 1748/1748/1748 1744/1744/1744 1734/1734/1734
f 1740/1740/1740 1748/1748/1748 1734/1734/1734
f 1751/1751/1751 1750/1750/1750 1749/1749/1749
f 1752/1752/1752 1751/1751/1751 1749/1749/1749
f 1749/1749/1749 1750/1750/1750 1753/1753/1753
f 1750/1750/1750 1754/1754/1754 1753/1753/1753
f 1751/1751/1751 1752/1752/1752 1755/1755/1755
f 1752/1752/1752 1756/1756/1756 1755/1755/1755
f 1757/1757/1757 1755/1755/1755 1756/1756/1756
f 1758/1758/1758 1757/1757/1757 1756/1756/1756
f 1761/1761/1761 1760/1760/1760 1759/1759/1759
f 1762/1762/1762 1761/1761/1761 1759/1759/1759
f 1762/1762/1762 1759/1759/1759 1763/1763/1763
f 1759/1759/1759 1764/1764/1764 1763/1763/1763
f 1760/1760/1760 1761/1761/1761 1765/1765/1765
f 1761/1761/1761 1766/1766/1766 1765/1765/1765
f 1769/1769/1769 1768/1768/1768 1767/1767/1767
f 1770/1770/1770 1769/1769/1769 1767/1767/1767
f 1767/1767/1767 1768/1768/1768 1771/1771/1771
f 1772/1772/1772 1767/1767/1767 1771/1771/1771
f 1769/1769/1769 1770/1770/1770 1773/1773/1773
f 1770/1770/1770 1774/1774/1774 1773/1773/1773
f 1774/1774/1774 1775/1775/1775 1773/1773/1773
f 1775/1775/1775 1776/1776/1776 1773/1773/1773
f 1779/1779/1779 1778/1778/1778 1777/1777/1777
f 1780/1780/1780 1779/1779/1779 1777/1777/1777
f 1777/1777/1777 1778/1778/1778 1781/1781/1781
f 1782/1782/1782 1777/1777/1777 1781/1781/1781
f 1779/1779/1779 1780/1780/1780 1783/1783/1783
f 1784/1784/1784 1779/1779/1779 1783/1783/1783
f 1787/1787/1787 1786/1786/1786 1785/1785/1785
f 1788/1788/1788 1787/1787/1787 1785/1785/1785
f 1789/1789/1789 1788/1788/1788 1785/1785/1785
f 1790/1790/1790 1789/1789/1789 1785/1785/1785
f 1791/1791/1791 1785/1785/1785 1786/1786/1786
f 1792/1792/1792 1791/1791/1791 1786/1786/1786
f 1785/1785/1785 1791/1791/1791 1793/1793/1793
f 1791/1791/1791 1794/1794/1794 1793/1793/1793
f 1797/1797/1797 1796/1796/1796 1795/1795/1795
f 1798/1798/1798 1797/1797/1797 1795/1795/1795
f 1796/1796/1796 1799/1799/1799 1795/1795/1795
f 1799/1799/1799 1800/1800/1800 1795/1795/1795
f 1795/1795/1795 1801/1801/1801 1798/1798/1798
f 1801/1801/1801 1802/1802/1802 1798/1798/1798
f 1801/1801/1801 1795/1795/1795 1803/1803/1803
f 1804/1804/1804 1801/1801/1801 1803/1803/1803
f 1807/1807/1807 1806/1806/1806 1805/1805/1805
f 1808/1808/1808 1807/1807/1807 1805/1805/1805
f 1809/1809/1809 1807/1807/1807 1808/1808/1808
f 1810/1810/1810 1809/1809/1809 1808/1808/1808
f 1806/1806/1806 1811/1811/1811 1805/1805/1805
f 1811/1811/1811 1812/1812/1812 1805/1805/1805
f 1815/1815/1815 1814/1814/1814 1813/1813/1813
f 1816/1816/1816 1815/1815/1815 1813/1813/1813
f 1817/1817/1817 1814/1814/1814 1815/1815/1815
f 1818/1818/1818 1817/1817/1817 1815/1815/1815
f 1821/1821/1821 1820/1820/1820 1819/1819/1819
f 1822/1822/1822 1821/1821/1821 1819/1819/1819
f 1822/1822/1822 1819/1819/1819 1823/1823/1823
f 1819/1819/1819 1824/1824/1824 1823/1823/1823
f 1827/1827/1827 1826/1826/1826 1825/1825/1825
f 1828/1828/1828 1827/1827/1827 1825/1825/1825
