Godot Engine v4.7.2.stable.official.ed1daf0bf - https://godotengine.org

[   0% ] [90m[1mfirst_scan_filesystem[22m | Started 專案初始化中 (5 steps)[39m[0m
[   0% ] [90m[1mfirst_scan_filesystem[22m | 正在掃描檔案結構…[39m[0m
ERROR: Cannot go into subdir 'audio-missing-archive-tfpon_0v'.
   at: _scan_new_dir (editor/file_system/editor_file_system.cpp:1219)
[  16% ] [90m[1mfirst_scan_filesystem[22m | 正在載入全域類別名稱…[39m[0m
[  33% ] [90m[1mfirst_scan_filesystem[22m | 正在驗證 GDExtension…[39m[0m
[  50% ] [90m[1mfirst_scan_filesystem[22m | 正在建立自動載入腳本…[39m[0m
[  66% ] [90m[1mfirst_scan_filesystem[22m | 初始化外掛程式...[39m[0m
[  83% ] [90m[1mfirst_scan_filesystem[22m | 開始掃描檔案...[39m[0m
[92m[ DONE ][39m [1mfirst_scan_filesystem[22m
[0m
[   0% ] [90m[1mupdate_scripts_classes[22m | Started 註冊全域類別中... (234 steps)[39m[0m
[   0% ] [90m[1mupdate_scripts_classes[22m | [39m[0m
[   0% ] [90m[1mupdate_scripts_classes[22m | ArmorCatalog[39m[0m
[   0% ] [90m[1mupdate_scripts_classes[22m | [39m[0m
[   1% ] [90m[1mupdate_scripts_classes[22m | [39m[0m
[   1% ] [90m[1mupdate_scripts_classes[22m | [39m[0m
[   2% ] [90m[1mupdate_scripts_classes[22m | [39m[0m
[   2% ] [90m[1mupdate_scripts_classes[22m | [39m[0m
[   2% ] [90m[1mupdate_scripts_classes[22m | ManufacturerCatalog[39m[0m
[   3% ] [90m[1mupdate_scripts_classes[22m | [39m[0m
[   3% ] [90m[1mupdate_scripts_classes[22m | PropsCatalogData[39m[0m
[   4% ] [90m[1mupdate_scripts_classes[22m | [39m[0m
[   4% ] [90m[1mupdate_scripts_classes[22m | [39m[0m
[   5% ] [90m[1mupdate_scripts_classes[22m | RecoveredSourceAssets[39m[0m
[   5% ] [90m[1mupdate_scripts_classes[22m | UnityColliderBuilder[39m[0m
[   5% ] [90m[1mupdate_scripts_classes[22m | UnityMaterialRestorer[39m[0m
[   6% ] [90m[1mupdate_scripts_classes[22m | [39m[0m
[   6% ] [90m[1mupdate_scripts_classes[22m | [39m[0m
[   7% ] [90m[1mupdate_scripts_classes[22m | [39m[0m
[   7% ] [90m[1mupdate_scripts_classes[22m | ArmorPowerController[39m[0m
[   8% ] [90m[1mupdate_scripts_classes[22m | [39m[0m
[   8% ] [90m[1mupdate_scripts_classes[22m | WarfareEnemy[39m[0m
[   8% ] [90m[1mupdate_scripts_classes[22m | EnemyHitGeometry[39m[0m
[   9% ] [90m[1mupdate_scripts_classes[22m | WarfareExpanseTerrain[39m[0m
[   9% ] [90m[1mupdate_scripts_classes[22m | WarfareExpanseWorld[39m[0m
[  10% ] [90m[1mupdate_scripts_classes[22m | WarfareGameWorld[39m[0m
[  10% ] [90m[1mupdate_scripts_classes[22m | OriginalPickupVisual[39m[0m
[  11% ] [90m[1mupdate_scripts_classes[22m | OriginalWeaponArea[39m[0m
[  11% ] [90m[1mupdate_scripts_classes[22m | OriginalWeaponEffect[39m[0m
[  11% ] [90m[1mupdate_scripts_classes[22m | OriginalWeaponParticles[39m[0m
[  12% ] [90m[1mupdate_scripts_classes[22m | OriginalWeaponTrail[39m[0m
[  12% ] [90m[1mupdate_scripts_classes[22m | WarfarePickup[39m[0m
[  13% ] [90m[1mupdate_scripts_classes[22m | WarfarePlayer[39m[0m
[  13% ] [90m[1mupdate_scripts_classes[22m | WarfareProjectile[39m[0m
[  14% ] [90m[1mupdate_scripts_classes[22m | [39m[0m
[  14% ] [90m[1mupdate_scripts_classes[22m | WarfareSectorLandmark[39m[0m
[  14% ] [90m[1mupdate_scripts_classes[22m | UnitySceneEffects[39m[0m
[  15% ] [90m[1mupdate_scripts_classes[22m | [39m[0m
[  15% ] [90m[1mupdate_scripts_classes[22m | WeaponVfxPolish[39m[0m
[  16% ] [90m[1mupdate_scripts_classes[22m | [39m[0m
[  16% ] [90m[1mupdate_scripts_classes[22m | WarfareHipReticle[39m[0m
[  17% ] [90m[1mupdate_scripts_classes[22m | WarfareHitMarker[39m[0m
[  17% ] [90m[1mupdate_scripts_classes[22m | WarfareHUD[39m[0m
[  17% ] [90m[1mupdate_scripts_classes[22m | WarfareInGameOptions[39m[0m
[  18% ] [90m[1mupdate_scripts_classes[22m | [39m[0m
[  18% ] [90m[1mupdate_scripts_classes[22m | [39m[0m
[  19% ] [90m[1mupdate_scripts_classes[22m | [39m[0m
[  19% ] [90m[1mupdate_scripts_classes[22m | OriginalAtlas[39m[0m
[  20% ] [90m[1mupdate_scripts_classes[22m | [39m[0m
[  20% ] [90m[1mupdate_scripts_classes[22m | WarfareScopeOverlay[39m[0m
[  20% ] [90m[1mupdate_scripts_classes[22m | [39m[0m
[  21% ] [90m[1mupdate_scripts_classes[22m | [39m[0m
[  21% ] [90m[1mupdate_scripts_classes[22m | TouchActionButton[39m[0m
[  22% ] [90m[1mupdate_scripts_classes[22m | UnityEquipmentShell[39m[0m
[  22% ] [90m[1mupdate_scripts_classes[22m | WarfareVirtualJoystick[39m[0m
[  22% ] [90m[1mupdate_scripts_classes[22m | [39m[0m
[  23% ] [90m[1mupdate_scripts_classes[22m | [39m[0m
[  23% ] [90m[1mupdate_scripts_classes[22m | [39m[0m
[  24% ] [90m[1mupdate_scripts_classes[22m | [39m[0m
[  24% ] [90m[1mupdate_scripts_classes[22m | [39m[0m
[  25% ] [90m[1mupdate_scripts_classes[22m | [39m[0m
[  25% ] [90m[1mupdate_scripts_classes[22m | [39m[0m
[  25% ] [90m[1mupdate_scripts_classes[22m | [39m[0m
[  26% ] [90m[1mupdate_scripts_classes[22m | [39m[0m
[  26% ] [90m[1mupdate_scripts_classes[22m | [39m[0m
[  27% ] [90m[1mupdate_scripts_classes[22m | [39m[0m
[  27% ] [90m[1mupdate_scripts_classes[22m | [39m[0m
[  28% ] [90m[1mupdate_scripts_classes[22m | [39m[0m
[  28% ] [90m[1mupdate_scripts_classes[22m | [39m[0m
[  28% ] [90m[1mupdate_scripts_classes[22m | [39m[0m
[  29% ] [90m[1mupdate_scripts_classes[22m | [39m[0m
[  29% ] [90m[1mupdate_scripts_classes[22m | [39m[0m
[  30% ] [90m[1mupdate_scripts_classes[22m | [39m[0m
[  30% ] [90m[1mupdate_scripts_classes[22m | [39m[0m
[  31% ] [90m[1mupdate_scripts_classes[22m | [39m[0m
[  31% ] [90m[1mupdate_scripts_classes[22m | [39m[0m
[  31% ] [90m[1mupdate_scripts_classes[22m | [39m[0m
[  32% ] [90m[1mupdate_scripts_classes[22m | [39m[0m
[  32% ] [90m[1mupdate_scripts_classes[22m | [39m[0m
[  33% ] [90m[1mupdate_scripts_classes[22m | [39m[0m
[  33% ] [90m[1mupdate_scripts_classes[22m | [39m[0m
[  34% ] [90m[1mupdate_scripts_classes[22m | [39m[0m
[  34% ] [90m[1mupdate_scripts_classes[22m | [39m[0m
[  34% ] [90m[1mupdate_scripts_classes[22m | [39m[0m
[  35% ] [90m[1mupdate_scripts_classes[22m | [39m[0m
[  35% ] [90m[1mupdate_scripts_classes[22m | [39m[0m
[  36% ] [90m[1mupdate_scripts_classes[22m | [39m[0m
[  36% ] [90m[1mupdate_scripts_classes[22m | [39m[0m
[  37% ] [90m[1mupdate_scripts_classes[22m | [39m[0m
[  37% ] [90m[1mupdate_scripts_classes[22m | [39m[0m
[  37% ] [90m[1mupdate_scripts_classes[22m | [39m[0m
[  38% ] [90m[1mupdate_scripts_classes[22m | [39m[0m
[  38% ] [90m[1mupdate_scripts_classes[22m | [39m[0m
[  39% ] [90m[1mupdate_scripts_classes[22m | [39m[0m
[  39% ] [90m[1mupdate_scripts_classes[22m | [39m[0m
[  40% ] [90m[1mupdate_scripts_classes[22m | [39m[0m
[  40% ] [90m[1mupdate_scripts_classes[22m | [39m[0m
[  40% ] [90m[1mupdate_scripts_classes[22m | [39m[0m
[  41% ] [90m[1mupdate_scripts_classes[22m | [39m[0m
[  41% ] [90m[1mupdate_scripts_classes[22m | [39m[0m
[  42% ] [90m[1mupdate_scripts_classes[22m | [39m[0m
[  42% ] [90m[1mupdate_scripts_classes[22m | [39m[0m
[  42% ] [90m[1mupdate_scripts_classes[22m | [39m[0m
[  43% ] [90m[1mupdate_scripts_classes[22m | [39m[0m
[  43% ] [90m[1mupdate_scripts_classes[22m | [39m[0m
[  44% ] [90m[1mupdate_scripts_classes[22m | [39m[0m
[  44% ] [90m[1mupdate_scripts_classes[22m | [39m[0m
[  45% ] [90m[1mupdate_scripts_classes[22m | [39m[0m
[  45% ] [90m[1mupdate_scripts_classes[22m | [39m[0m
[  45% ] [90m[1mupdate_scripts_classes[22m | [39m[0m
[  46% ] [90m[1mupdate_scripts_classes[22m | [39m[0m
[  46% ] [90m[1mupdate_scripts_classes[22m | [39m[0m
[  47% ] [90m[1mupdate_scripts_classes[22m | [39m[0m
[  47% ] [90m[1mupdate_scripts_classes[22m | [39m[0m
[  48% ] [90m[1mupdate_scripts_classes[22m | [39m[0m
[  48% ] [90m[1mupdate_scripts_classes[22m | [39m[0m
[  48% ] [90m[1mupdate_scripts_classes[22m | [39m[0m
[  49% ] [90m[1mupdate_scripts_classes[22m | [39m[0m
[  49% ] [90m[1mupdate_scripts_classes[22m | [39m[0m
[  50% ] [90m[1mupdate_scripts_classes[22m | [39m[0m
[  50% ] [90m[1mupdate_scripts_classes[22m | [39m[0m
[  51% ] [90m[1mupdate_scripts_classes[22m | [39m[0m
[  51% ] [90m[1mupdate_scripts_classes[22m | [39m[0m
[  51% ] [90m[1mupdate_scripts_classes[22m | [39m[0m
[  52% ] [90m[1mupdate_scripts_classes[22m | [39m[0m
[  52% ] [90m[1mupdate_scripts_classes[22m | [39m[0m
[  53% ] [90m[1mupdate_scripts_classes[22m | [39m[0m
[  53% ] [90m[1mupdate_scripts_classes[22m | [39m[0m
[  54% ] [90m[1mupdate_scripts_classes[22m | [39m[0m
[  54% ] [90m[1mupdate_scripts_classes[22m | [39m[0m
[  54% ] [90m[1mupdate_scripts_classes[22m | [39m[0m
[  55% ] [90m[1mupdate_scripts_classes[22m | [39m[0m
[  55% ] [90m[1mupdate_scripts_classes[22m | [39m[0m
[  56% ] [90m[1mupdate_scripts_classes[22m | [39m[0m
[  56% ] [90m[1mupdate_scripts_classes[22m | [39m[0m
[  57% ] [90m[1mupdate_scripts_classes[22m | [39m[0m
[  57% ] [90m[1mupdate_scripts_classes[22m | [39m[0m
[  57% ] [90m[1mupdate_scripts_classes[22m | [39m[0m
[  58% ] [90m[1mupdate_scripts_classes[22m | [39m[0m
[  58% ] [90m[1mupdate_scripts_classes[22m | [39m[0m
[  59% ] [90m[1mupdate_scripts_classes[22m | [39m[0m
[  59% ] [90m[1mupdate_scripts_classes[22m | [39m[0m
[  60% ] [90m[1mupdate_scripts_classes[22m | [39m[0m
[  60% ] [90m[1mupdate_scripts_classes[22m | [39m[0m
[  60% ] [90m[1mupdate_scripts_classes[22m | [39m[0m
[  61% ] [90m[1mupdate_scripts_classes[22m | [39m[0m
[  61% ] [90m[1mupdate_scripts_classes[22m | [39m[0m
[  62% ] [90m[1mupdate_scripts_classes[22m | [39m[0m
[  62% ] [90m[1mupdate_scripts_classes[22m | [39m[0m
[  62% ] [90m[1mupdate_scripts_classes[22m | [39m[0m
[  63% ] [90m[1mupdate_scripts_classes[22m | [39m[0m
[  63% ] [90m[1mupdate_scripts_classes[22m | [39m[0m
[  64% ] [90m[1mupdate_scripts_classes[22m | [39m[0m
[  64% ] [90m[1mupdate_scripts_classes[22m | [39m[0m
[  65% ] [90m[1mupdate_scripts_classes[22m | [39m[0m
[  65% ] [90m[1mupdate_scripts_classes[22m | [39m[0m
[  65% ] [90m[1mupdate_scripts_classes[22m | [39m[0m
[  66% ] [90m[1mupdate_scripts_classes[22m | [39m[0m
[  66% ] [90m[1mupdate_scripts_classes[22m | [39m[0m
[  67% ] [90m[1mupdate_scripts_classes[22m | [39m[0m
[  67% ] [90m[1mupdate_scripts_classes[22m | [39m[0m
[  68% ] [90m[1mupdate_scripts_classes[22m | [39m[0m
[  68% ] [90m[1mupdate_scripts_classes[22m | [39m[0m
[  68% ] [90m[1mupdate_scripts_classes[22m | [39m[0m
[  69% ] [90m[1mupdate_scripts_classes[22m | [39m[0m
[  69% ] [90m[1mupdate_scripts_classes[22m | [39m[0m
[  70% ] [90m[1mupdate_scripts_classes[22m | [39m[0m
[  70% ] [90m[1mupdate_scripts_classes[22m | [39m[0m
[  71% ] [90m[1mupdate_scripts_classes[22m | [39m[0m
[  71% ] [90m[1mupdate_scripts_classes[22m | [39m[0m
[  71% ] [90m[1mupdate_scripts_classes[22m | [39m[0m
[  72% ] [90m[1mupdate_scripts_classes[22m | [39m[0m
[  72% ] [90m[1mupdate_scripts_classes[22m | [39m[0m
[  73% ] [90m[1mupdate_scripts_classes[22m | [39m[0m
[  73% ] [90m[1mupdate_scripts_classes[22m | [39m[0m
[  74% ] [90m[1mupdate_scripts_classes[22m | [39m[0m
[  74% ] [90m[1mupdate_scripts_classes[22m | [39m[0m
[  74% ] [90m[1mupdate_scripts_classes[22m | [39m[0m
[  75% ] [90m[1mupdate_scripts_classes[22m | [39m[0m
[  75% ] [90m[1mupdate_scripts_classes[22m | [39m[0m
[  76% ] [90m[1mupdate_scripts_classes[22m | [39m[0m
[  76% ] [90m[1mupdate_scripts_classes[22m | [39m[0m
[  77% ] [90m[1mupdate_scripts_classes[22m | [39m[0m
[  77% ] [90m[1mupdate_scripts_classes[22m | [39m[0m
[  77% ] [90m[1mupdate_scripts_classes[22m | [39m[0m
[  78% ] [90m[1mupdate_scripts_classes[22m | [39m[0m
[  78% ] [90m[1mupdate_scripts_classes[22m | [39m[0m
[  79% ] [90m[1mupdate_scripts_classes[22m | [39m[0m
[  79% ] [90m[1mupdate_scripts_classes[22m | [39m[0m
[  80% ] [90m[1mupdate_scripts_classes[22m | [39m[0m
[  80% ] [90m[1mupdate_scripts_classes[22m | [39m[0m
[  80% ] [90m[1mupdate_scripts_classes[22m | [39m[0m
[  81% ] [90m[1mupdate_scripts_classes[22m | [39m[0m
[  81% ] [90m[1mupdate_scripts_classes[22m | [39m[0m
[  82% ] [90m[1mupdate_scripts_classes[22m | [39m[0m
[  82% ] [90m[1mupdate_scripts_classes[22m | [39m[0m
[  82% ] [90m[1mupdate_scripts_classes[22m | [39m[0m
[  83% ] [90m[1mupdate_scripts_classes[22m | [39m[0m
[  83% ] [90m[1mupdate_scripts_classes[22m | [39m[0m
[  84% ] [90m[1mupdate_scripts_classes[22m | [39m[0m
[  84% ] [90m[1mupdate_scripts_classes[22m | [39m[0m
[  85% ] [90m[1mupdate_scripts_classes[22m | [39m[0m
[  85% ] [90m[1mupdate_scripts_classes[22m | [39m[0m
[  85% ] [90m[1mupdate_scripts_classes[22m | [39m[0m
[  86% ] [90m[1mupdate_scripts_classes[22m | [39m[0m
[  86% ] [90m[1mupdate_scripts_classes[22m | [39m[0m
[  87% ] [90m[1mupdate_scripts_classes[22m | [39m[0m
[  87% ] [90m[1mupdate_scripts_classes[22m | [39m[0m
[  88% ] [90m[1mupdate_scripts_classes[22m | [39m[0m
[  88% ] [90m[1mupdate_scripts_classes[22m | [39m[0m
[  88% ] [90m[1mupdate_scripts_classes[22m | [39m[0m
[  89% ] [90m[1mupdate_scripts_classes[22m | [39m[0m
[  89% ] [90m[1mupdate_scripts_classes[22m | [39m[0m
[  90% ] [90m[1mupdate_scripts_classes[22m | [39m[0m
[  90% ] [90m[1mupdate_scripts_classes[22m | [39m[0m
[  91% ] [90m[1mupdate_scripts_classes[22m | [39m[0m
[  91% ] [90m[1mupdate_scripts_classes[22m | [39m[0m
[  91% ] [90m[1mupdate_scripts_classes[22m | [39m[0m
[  92% ] [90m[1mupdate_scripts_classes[22m | [39m[0m
[  92% ] [90m[1mupdate_scripts_classes[22m | [39m[0m
[  93% ] [90m[1mupdate_scripts_classes[22m | [39m[0m
[  93% ] [90m[1mupdate_scripts_classes[22m | [39m[0m
[  94% ] [90m[1mupdate_scripts_classes[22m | [39m[0m
[  94% ] [90m[1mupdate_scripts_classes[22m | [39m[0m
[  94% ] [90m[1mupdate_scripts_classes[22m | [39m[0m
[  95% ] [90m[1mupdate_scripts_classes[22m | [39m[0m
[  95% ] [90m[1mupdate_scripts_classes[22m | [39m[0m
[  96% ] [90m[1mupdate_scripts_classes[22m | [39m[0m
[  96% ] [90m[1mupdate_scripts_classes[22m | [39m[0m
[  97% ] [90m[1mupdate_scripts_classes[22m | [39m[0m
[  97% ] [90m[1mupdate_scripts_classes[22m | [39m[0m
[  97% ] [90m[1mupdate_scripts_classes[22m | [39m[0m
[  98% ] [90m[1mupdate_scripts_classes[22m | [39m[0m
[  98% ] [90m[1mupdate_scripts_classes[22m | [39m[0m
[  99% ] [90m[1mupdate_scripts_classes[22m | [39m[0m
[92m[ DONE ][39m [1mupdate_scripts_classes[22m
[0m
[   0% ] [90m[1m_update_scan_actions[22m | Started 掃描動作中... (4542 steps)[39m[0m
[   0% ] [90m[1m_update_scan_actions[22m | cygni_head.png[39m[0m
[   0% ] [90m[1m_update_scan_actions[22m | new_cygni_helmet.png[39m[0m
[   0% ] [90m[1m_update_scan_actions[22m | body_diffuse.png[39m[0m
[   0% ] [90m[1m_update_scan_actions[22m | cygni.glb[39m[0m
[   0% ] [90m[1m_update_scan_actions[22m | cygni_body_diffuse.png[39m[0m
[   0% ] [90m[1m_update_scan_actions[22m | cygni_foot_diffuse.png[39m[0m
[   0% ] [90m[1m_update_scan_actions[22m | cygni_hand_diffuse.png[39m[0m
[   0% ] [90m[1m_update_scan_actions[22m | cygni_head_diffuse.png[39m[0m
[   0% ] [90m[1m_update_scan_actions[22m | foot_diffuse.png[39m[0m
[   0% ] [90m[1m_update_scan_actions[22m | hand_diffuse.png[39m[0m
[   0% ] [90m[1m_update_scan_actions[22m | head_diffuse.png[39m[0m
[   0% ] [90m[1m_update_scan_actions[22m | body_diffuse.png[39m[0m
[   0% ] [90m[1m_update_scan_actions[22m | foot_diffuse.png[39m[0m
[   0% ] [90m[1m_update_scan_actions[22m | fortune.glb[39m[0m
[   0% ] [90m[1m_update_scan_actions[22m | fortune_body_diffuse.png[39m[0m
[   0% ] [90m[1m_update_scan_actions[22m | fortune_foot_diffuse.png[39m[0m
[   0% ] [90m[1m_update_scan_actions[22m | fortune_hand_diffuse.png[39m[0m
[   0% ] [90m[1m_update_scan_actions[22m | fortune_head_diffuse.png[39m[0m
[   0% ] [90m[1m_update_scan_actions[22m | fortune_shoulder_diffuse.png[39m[0m
[   0% ] [90m[1m_update_scan_actions[22m | hand_diffuse.png[39m[0m
[   0% ] [90m[1m_update_scan_actions[22m | head_diffuse.png[39m[0m
[   0% ] [90m[1m_update_scan_actions[22m | shoulder_diffuse.png[39m[0m
[   0% ] [90m[1m_update_scan_actions[22m | body_diffuse.png[39m[0m
[   0% ] [90m[1m_update_scan_actions[22m | foot_diffuse.png[39m[0m
[   0% ] [90m[1m_update_scan_actions[22m | hand_diffuse.png[39m[0m
[   0% ] [90m[1m_update_scan_actions[22m | head_diffuse.png[39m[0m
[   0% ] [90m[1m_update_scan_actions[22m | shoulder_diffuse.png[39m[0m
[   0% ] [90m[1m_update_scan_actions[22m | tank.glb[39m[0m
[   0% ] [90m[1m_update_scan_actions[22m | tank_body_diffuse.png[39m[0m
[   0% ] [90m[1m_update_scan_actions[22m | tank_foot_diffuse.png[39m[0m
[   0% ] [90m[1m_update_scan_actions[22m | tank_hand_diffuse.png[39m[0m
[   0% ] [90m[1m_update_scan_actions[22m | tank_head_diffuse.png[39m[0m
[   0% ] [90m[1m_update_scan_actions[22m | tank_shoulder_diffuse.png[39m[0m
[   0% ] [90m[1m_update_scan_actions[22m | 14ceb45bf36d.png[39m[0m
[   0% ] [90m[1m_update_scan_actions[22m | amber_visor_paint.png[39m[0m
[   0% ] [90m[1m_update_scan_actions[22m | blue_shell_paint.png[39m[0m
[   0% ] [90m[1m_update_scan_actions[22m | d6da6925f6b4.png[39m[0m
[   0% ] [90m[1m_update_scan_actions[22m | dce7a1446714.png[39m[0m
[   0% ] [90m[1m_update_scan_actions[22m | df2d0a0b46da.png[39m[0m
[   0% ] [90m[1m_update_scan_actions[22m | helmet_detail_albedo.png[39m[0m
[   0% ] [90m[1m_update_scan_actions[22m | helmet_detail_emission.png[39m[0m
[   0% ] [90m[1m_update_scan_actions[22m | helmet_detail_normal.png[39m[0m
[   0% ] [90m[1m_update_scan_actions[22m | helmet_source_albedo.png[39m[0m
[   0% ] [90m[1m_update_scan_actions[22m | arms.png[39m[0m
[   0% ] [90m[1m_update_scan_actions[22m | body.png[39m[0m
[   0% ] [90m[1m_update_scan_actions[22m | head.png[39m[0m
[   1% ] [90m[1m_update_scan_actions[22m | legs.png[39m[0m
[   1% ] [90m[1m_update_scan_actions[22m | shoulder.png[39m[0m
[   1% ] [90m[1m_update_scan_actions[22m | body_diffuse.png[39m[0m
[   1% ] [90m[1m_update_scan_actions[22m | foot_diffuse.png[39m[0m
[   1% ] [90m[1m_update_scan_actions[22m | hand_diffuse.png[39m[0m
[   1% ] [90m[1m_update_scan_actions[22m | head_diffuse.png[39m[0m
[   1% ] [90m[1m_update_scan_actions[22m | shoulder_diffuse.png[39m[0m
[   1% ] [90m[1m_update_scan_actions[22m | viper.glb[39m[0m
[   1% ] [90m[1m_update_scan_actions[22m | viper_body_diffuse.png[39m[0m
[   1% ] [90m[1m_update_scan_actions[22m | viper_foot_diffuse.png[39m[0m
[   1% ] [90m[1m_update_scan_actions[22m | viper_hand_diffuse.png[39m[0m
[   1% ] [90m[1m_update_scan_actions[22m | viper_head_diffuse.png[39m[0m
[   1% ] [90m[1m_update_scan_actions[22m | viper_shoulder_diffuse.png[39m[0m
[   1% ] [90m[1m_update_scan_actions[22m | crawler.wav[39m[0m
[   1% ] [90m[1m_update_scan_actions[22m | death.wav[39m[0m
[   1% ] [90m[1m_update_scan_actions[22m | menumusic.wav[39m[0m
[   1% ] [90m[1m_update_scan_actions[22m | boss_final.mp3[39m[0m
[   1% ] [90m[1m_update_scan_actions[22m | normal.mp3[39m[0m
[   1% ] [90m[1m_update_scan_actions[22m | M-27B1.wav[39m[0m
[   1% ] [90m[1m_update_scan_actions[22m | M-Z7B2.wav[39m[0m
[   1% ] [90m[1m_update_scan_actions[22m | MCP76.wav[39m[0m
[   1% ] [90m[1m_update_scan_actions[22m | enemy_hit_heavy_or_lethal.wav[39m[0m
[   1% ] [90m[1m_update_scan_actions[22m | enemy_hit_light.wav[39m[0m
[   1% ] [90m[1m_update_scan_actions[22m | weapon_reload_magazine_eject.wav[39m[0m
[   1% ] [90m[1m_update_scan_actions[22m | weapon_reload_magazine_insert.wav[39m[0m
[   1% ] [90m[1m_update_scan_actions[22m | credits.wav[39m[0m
[   1% ] [90m[1m_update_scan_actions[22m | energy.wav[39m[0m
[   1% ] [90m[1m_update_scan_actions[22m | death.wav[39m[0m
[   1% ] [90m[1m_update_scan_actions[22m | hurt.wav[39m[0m
[   1% ] [90m[1m_update_scan_actions[22m | click_back.wav[39m[0m
[   1% ] [90m[1m_update_scan_actions[22m | click_ok.wav[39m[0m
[   1% ] [90m[1m_update_scan_actions[22m | lose.wav[39m[0m
[   1% ] [90m[1m_update_scan_actions[22m | pause.wav[39m[0m
[   1% ] [90m[1m_update_scan_actions[22m | explosion.wav[39m[0m
[   1% ] [90m[1m_update_scan_actions[22m | railgun.wav[39m[0m
[   1% ] [90m[1m_update_scan_actions[22m | rifle.wav[39m[0m
[   1% ] [90m[1m_update_scan_actions[22m | rocket.wav[39m[0m
[   1% ] [90m[1m_update_scan_actions[22m | shotgun.wav[39m[0m
[   1% ] [90m[1m_update_scan_actions[22m | armor.png[39m[0m
[   1% ] [90m[1m_update_scan_actions[22m | AssaultArmor.dae[39m[0m
[   1% ] [90m[1m_update_scan_actions[22m | body_assault.png[39m[0m
[   1% ] [90m[1m_update_scan_actions[22m | equip.png[39m[0m
[   1% ] [90m[1m_update_scan_actions[22m | foot_assault.png[39m[0m
[   1% ] [90m[1m_update_scan_actions[22m | hand_assault.png[39m[0m
[   1% ] [90m[1m_update_scan_actions[22m | helmet.png[39m[0m
[   2% ] [90m[1m_update_scan_actions[22m | armor.png[39m[0m
[   2% ] [90m[1m_update_scan_actions[22m | CombatSuit.dae[39m[0m
[   2% ] [90m[1m_update_scan_actions[22m | equip.png[39m[0m
[   2% ] [90m[1m_update_scan_actions[22m | helmet.png[39m[0m
[   2% ] [90m[1m_update_scan_actions[22m | armor.png[39m[0m
[   2% ] [90m[1m_update_scan_actions[22m | Drillmaster.dae[39m[0m
[   2% ] [90m[1m_update_scan_actions[22m | equip.png[39m[0m
[   2% ] [90m[1m_update_scan_actions[22m | helmet.png[39m[0m
[   2% ] [90m[1m_update_scan_actions[22m | armor.png[39m[0m
[   2% ] [90m[1m_update_scan_actions[22m | equip.png[39m[0m
[   2% ] [90m[1m_update_scan_actions[22m | HeavyBattlesuit.dae[39m[0m
[   2% ] [90m[1m_update_scan_actions[22m | helmet.png[39m[0m
[   2% ] [90m[1m_update_scan_actions[22m | armor.png[39m[0m
[   2% ] [90m[1m_update_scan_actions[22m | equip.png[39m[0m
[   2% ] [90m[1m_update_scan_actions[22m | helmet.png[39m[0m
[   2% ] [90m[1m_update_scan_actions[22m | Mark6117R.dae[39m[0m
[   2% ] [90m[1m_update_scan_actions[22m | armor.png[39m[0m
[   2% ] [90m[1m_update_scan_actions[22m | equip.png[39m[0m
[   2% ] [90m[1m_update_scan_actions[22m | helmet.png[39m[0m
[   2% ] [90m[1m_update_scan_actions[22m | ReconSuit.dae[39m[0m
[   2% ] [90m[1m_update_scan_actions[22m | armor.png[39m[0m
[   2% ] [90m[1m_update_scan_actions[22m | equip.png[39m[0m
[   2% ] [90m[1m_update_scan_actions[22m | helmet.png[39m[0m
[   2% ] [90m[1m_update_scan_actions[22m | Sanguine.dae[39m[0m
[   2% ] [90m[1m_update_scan_actions[22m | armor.png[39m[0m
[   2% ] [90m[1m_update_scan_actions[22m | equip.png[39m[0m
[   2% ] [90m[1m_update_scan_actions[22m | helmet.png[39m[0m
[   2% ] [90m[1m_update_scan_actions[22m | TrainingSuit.dae[39m[0m
[   2% ] [90m[1m_update_scan_actions[22m | 0bf4e9e8dfa3.png[39m[0m
[   2% ] [90m[1m_update_scan_actions[22m | 0ca4e8e98bc1.png[39m[0m
[   2% ] [90m[1m_update_scan_actions[22m | 00fd1aba76f4.png[39m[0m
[   2% ] [90m[1m_update_scan_actions[22m | 1af616b7a660.png[39m[0m
[   2% ] [90m[1m_update_scan_actions[22m | 1db67501b5e9.png[39m[0m
[   2% ] [90m[1m_update_scan_actions[22m | 1e257e985412.png[39m[0m
[   2% ] [90m[1m_update_scan_actions[22m | 2ca09b153e65.png[39m[0m
[   2% ] [90m[1m_update_scan_actions[22m | 2cff7009b3eb.png[39m[0m
[   2% ] [90m[1m_update_scan_actions[22m | 2d09a6e87a57.png[39m[0m
[   2% ] [90m[1m_update_scan_actions[22m | 3a9bd82ecea8.png[39m[0m
[   2% ] [90m[1m_update_scan_actions[22m | 3bcbc0c0aa9b.png[39m[0m
[   2% ] [90m[1m_update_scan_actions[22m | 3c5547e69196.png[39m[0m
[   2% ] [90m[1m_update_scan_actions[22m | 3ecf5919962b.png[39m[0m
[   2% ] [90m[1m_update_scan_actions[22m | 4afeb00a10f9.png[39m[0m
[   2% ] [90m[1m_update_scan_actions[22m | 4d90748e1d2d.png[39m[0m
[   2% ] [90m[1m_update_scan_actions[22m | 4db9e13f00b3.png[39m[0m
[   2% ] [90m[1m_update_scan_actions[22m | 5b9bd919fde2.png[39m[0m
[   2% ] [90m[1m_update_scan_actions[22m | 5ca3cf9fa974.png[39m[0m
[   3% ] [90m[1m_update_scan_actions[22m | 5d70d9e4309b.png[39m[0m
[   3% ] [90m[1m_update_scan_actions[22m | 5db9841c0dae.png[39m[0m
[   3% ] [90m[1m_update_scan_actions[22m | 5f56b01ebe2b.png[39m[0m
[   3% ] [90m[1m_update_scan_actions[22m | 6b89602967fd.png[39m[0m
[   3% ] [90m[1m_update_scan_actions[22m | 6ca60a7bcd52.png[39m[0m
[   3% ] [90m[1m_update_scan_actions[22m | 7beec7a9bece.png[39m[0m
[   3% ] [90m[1m_update_scan_actions[22m | 7bf248899ed7.png[39m[0m
[   3% ] [90m[1m_update_scan_actions[22m | 7c12265b4a47.png[39m[0m
[   3% ] [90m[1m_update_scan_actions[22m | 7cef17965008.png[39m[0m
[   3% ] [90m[1m_update_scan_actions[22m | 7e29a9d3f24b.png[39m[0m
[   3% ] [90m[1m_update_scan_actions[22m | 7fabe3a4b2a8.png[39m[0m
[   3% ] [90m[1m_update_scan_actions[22m | 8a5b8abdb8a5.png[39m[0m
[   3% ] [90m[1m_update_scan_actions[22m | 8ac8c70fe46c.png[39m[0m
[   3% ] [90m[1m_update_scan_actions[22m | 8df7ef6317f7.png[39m[0m
[   3% ] [90m[1m_update_scan_actions[22m | 8eb2c055a82d.png[39m[0m
[   3% ] [90m[1m_update_scan_actions[22m | 8f9c6ee70139.png[39m[0m
[   3% ] [90m[1m_update_scan_actions[22m | 8f57364be727.png[39m[0m
[   3% ] [90m[1m_update_scan_actions[22m | 8fb964ef7c8b.png[39m[0m
[   3% ] [90m[1m_update_scan_actions[22m | 8ff4bf12f676.png[39m[0m
[   3% ] [90m[1m_update_scan_actions[22m | 11cfd40c650e.png[39m[0m
[   3% ] [90m[1m_update_scan_actions[22m | 13b012fd9ee4.png[39m[0m
[   3% ] [90m[1m_update_scan_actions[22m | 013e5345e988.png[39m[0m
[   3% ] [90m[1m_update_scan_actions[22m | 14ceb45bf36d.png[39m[0m
[   3% ] [90m[1m_update_scan_actions[22m | 19a497d1b53f.png[39m[0m
[   3% ] [90m[1m_update_scan_actions[22m | 20ac9e0f07fb.png[39m[0m
[   3% ] [90m[1m_update_scan_actions[22m | 24d26eb90e3d.png[39m[0m
[   3% ] [90m[1m_update_scan_actions[22m | 26b97b42483b.png[39m[0m
[   3% ] [90m[1m_update_scan_actions[22m | 27d8aca6862e.png[39m[0m
[   3% ] [90m[1m_update_scan_actions[22m | 37a0f053aec6.png[39m[0m
[   3% ] [90m[1m_update_scan_actions[22m | 41b8af21a374.png[39m[0m
[   3% ] [90m[1m_update_scan_actions[22m | 48b80808b3d2.png[39m[0m
[   3% ] [90m[1m_update_scan_actions[22m | 62f2d817ef0d.png[39m[0m
[   3% ] [90m[1m_update_scan_actions[22m | 062f024d03d4.png[39m[0m
[   3% ] [90m[1m_update_scan_actions[22m | 72ff0f5633f4.png[39m[0m
[   3% ] [90m[1m_update_scan_actions[22m | 93d1e802e43a.png[39m[0m
[   3% ] [90m[1m_update_scan_actions[22m | 96f84a961b22.png[39m[0m
[   3% ] [90m[1m_update_scan_actions[22m | 107c30555389.png[39m[0m
[   3% ] [90m[1m_update_scan_actions[22m | 113ffba8b645.png[39m[0m
[   3% ] [90m[1m_update_scan_actions[22m | 266f17532d5f.png[39m[0m
[   3% ] [90m[1m_update_scan_actions[22m | 378b90c0e5c4.png[39m[0m
[   3% ] [90m[1m_update_scan_actions[22m | 398d02e6d38e.png[39m[0m
[   3% ] [90m[1m_update_scan_actions[22m | 0425e1d5d249.png[39m[0m
[   3% ] [90m[1m_update_scan_actions[22m | 435a8b77ed07.png[39m[0m
[   3% ] [90m[1m_update_scan_actions[22m | 436e75b2e5d7.png[39m[0m
[   3% ] [90m[1m_update_scan_actions[22m | 438e24f3b96b.png[39m[0m
[   4% ] [90m[1m_update_scan_actions[22m | 443b5cb7ec3d.png[39m[0m
[   4% ] [90m[1m_update_scan_actions[22m | 445c83865937.png[39m[0m
[   4% ] [90m[1m_update_scan_actions[22m | 524d483df241.png[39m[0m
[   4% ] [90m[1m_update_scan_actions[22m | 655b644f3035.png[39m[0m
[   4% ] [90m[1m_update_scan_actions[22m | 0841bd8f20ff.png[39m[0m
[   4% ] [90m[1m_update_scan_actions[22m | 861e0887ba58.png[39m[0m
[   4% ] [90m[1m_update_scan_actions[22m | 950b5ba43ab9.png[39m[0m
[   4% ] [90m[1m_update_scan_actions[22m | 958c5896b48e.png[39m[0m
[   4% ] [90m[1m_update_scan_actions[22m | 1898e8311cf8.png[39m[0m
[   4% ] [90m[1m_update_scan_actions[22m | 3005f4f01159.png[39m[0m
[   4% ] [90m[1m_update_scan_actions[22m | 3225ad218670.png[39m[0m
[   4% ] [90m[1m_update_scan_actions[22m | 3476e4a38e66.png[39m[0m
[   4% ] [90m[1m_update_scan_actions[22m | 3783cf91e1d4.png[39m[0m
[   4% ] [90m[1m_update_scan_actions[22m | 5729f3514182.png[39m[0m
[   4% ] [90m[1m_update_scan_actions[22m | 8093ee7da5cc.png[39m[0m
[   4% ] [90m[1m_update_scan_actions[22m | 08879dd1e04a.png[39m[0m
[   4% ] [90m[1m_update_scan_actions[22m | 9638bb9b5656.png[39m[0m
[   4% ] [90m[1m_update_scan_actions[22m | 9776bb1d30d0.png[39m[0m
[   4% ] [90m[1m_update_scan_actions[22m | 09914f050dbd.png[39m[0m
[   4% ] [90m[1m_update_scan_actions[22m | 34088ca21905.png[39m[0m
[   4% ] [90m[1m_update_scan_actions[22m | 051266f3df93.png[39m[0m
[   4% ] [90m[1m_update_scan_actions[22m | 76385ef77893.png[39m[0m
[   4% ] [90m[1m_update_scan_actions[22m | 87458c19798e.png[39m[0m
[   4% ] [90m[1m_update_scan_actions[22m | 50782960e0f5.png[39m[0m
[   4% ] [90m[1m_update_scan_actions[22m | 949647941d06.png[39m[0m
[   4% ] [90m[1m_update_scan_actions[22m | 315340500216.png[39m[0m
[   4% ] [90m[1m_update_scan_actions[22m | a9e2d4fb952b.png[39m[0m
[   4% ] [90m[1m_update_scan_actions[22m | a60e8070de0c.png[39m[0m
[   4% ] [90m[1m_update_scan_actions[22m | a482e88d7a83.png[39m[0m
[   4% ] [90m[1m_update_scan_actions[22m | a5429f0c7b50.png[39m[0m
[   4% ] [90m[1m_update_scan_actions[22m | a7537bc21d67.png[39m[0m
[   4% ] [90m[1m_update_scan_actions[22m | a73271fead2a.png[39m[0m
[   4% ] [90m[1m_update_scan_actions[22m | ab524f9c88a6.png[39m[0m
[   4% ] [90m[1m_update_scan_actions[22m | ab715c9e3745.png[39m[0m
[   4% ] [90m[1m_update_scan_actions[22m | ad15dcb1df25.png[39m[0m
[   4% ] [90m[1m_update_scan_actions[22m | aefd6fd7e91d.png[39m[0m
[   4% ] [90m[1m_update_scan_actions[22m | af376230b3b4.png[39m[0m
[   4% ] [90m[1m_update_scan_actions[22m | b0d6ec57f49b.png[39m[0m
[   4% ] [90m[1m_update_scan_actions[22m | b2e6cadb7e24.png[39m[0m
[   4% ] [90m[1m_update_scan_actions[22m | b3a8f050444f.png[39m[0m
[   4% ] [90m[1m_update_scan_actions[22m | b5ba61172d0a.png[39m[0m
[   4% ] [90m[1m_update_scan_actions[22m | b7ad21731551.png[39m[0m
[   4% ] [90m[1m_update_scan_actions[22m | b7e6b31639fc.png[39m[0m
[   4% ] [90m[1m_update_scan_actions[22m | b8a17c36a791.png[39m[0m
[   4% ] [90m[1m_update_scan_actions[22m | b8d8a7f5e13d.png[39m[0m
[   4% ] [90m[1m_update_scan_actions[22m | b0462be193ee.png[39m[0m
[   5% ] [90m[1m_update_scan_actions[22m | b470c43e21aa.png[39m[0m
[   5% ] [90m[1m_update_scan_actions[22m | b539c4f06298.png[39m[0m
[   5% ] [90m[1m_update_scan_actions[22m | b9587bfc57ba.png[39m[0m
[   5% ] [90m[1m_update_scan_actions[22m | b95319369d61.png[39m[0m
[   5% ] [90m[1m_update_scan_actions[22m | b38368733664.png[39m[0m
[   5% ] [90m[1m_update_scan_actions[22m | babd802baeb7.png[39m[0m
[   5% ] [90m[1m_update_scan_actions[22m | baf88f7e5afd.png[39m[0m
[   5% ] [90m[1m_update_scan_actions[22m | bb972009e25a.png[39m[0m
[   5% ] [90m[1m_update_scan_actions[22m | bc14702bae0e.png[39m[0m
[   5% ] [90m[1m_update_scan_actions[22m | bd0befd2783e.png[39m[0m
[   5% ] [90m[1m_update_scan_actions[22m | bf9d524d5d67.png[39m[0m
[   5% ] [90m[1m_update_scan_actions[22m | bf08669aa138.png[39m[0m
[   5% ] [90m[1m_update_scan_actions[22m | c0beb4cb8ee2.png[39m[0m
[   5% ] [90m[1m_update_scan_actions[22m | c3a97a6a1dac.png[39m[0m
[   5% ] [90m[1m_update_scan_actions[22m | c3d0ed27d5e1.png[39m[0m
[   5% ] [90m[1m_update_scan_actions[22m | c4743f867735.png[39m[0m
[   5% ] [90m[1m_update_scan_actions[22m | c7000f5df383.png[39m[0m
[   5% ] [90m[1m_update_scan_actions[22m | c7715af76e7a.png[39m[0m
[   5% ] [90m[1m_update_scan_actions[22m | c53920e708ad.png[39m[0m
[   5% ] [90m[1m_update_scan_actions[22m | c95128bc2300.png[39m[0m
[   5% ] [90m[1m_update_scan_actions[22m | cb8393bb76ac.png[39m[0m
[   5% ] [90m[1m_update_scan_actions[22m | cb31310013af.png[39m[0m
[   5% ] [90m[1m_update_scan_actions[22m | cbcd44c14375.png[39m[0m
[   5% ] [90m[1m_update_scan_actions[22m | cf037357576a.png[39m[0m
[   5% ] [90m[1m_update_scan_actions[22m | d6da6925f6b4.png[39m[0m
[   5% ] [90m[1m_update_scan_actions[22m | d9de5e813a43.png[39m[0m
[   5% ] [90m[1m_update_scan_actions[22m | d0549fa28a30.png[39m[0m
[   5% ] [90m[1m_update_scan_actions[22m | d664b72576e4.png[39m[0m
[   5% ] [90m[1m_update_scan_actions[22m | d731fd1424f6.png[39m[0m
[   5% ] [90m[1m_update_scan_actions[22m | d6814a0b37a7.png[39m[0m
[   5% ] [90m[1m_update_scan_actions[22m | da3741ed2d06.png[39m[0m
[   5% ] [90m[1m_update_scan_actions[22m | da39365ccb11.png[39m[0m
[   5% ] [90m[1m_update_scan_actions[22m | dce7a1446714.png[39m[0m
[   5% ] [90m[1m_update_scan_actions[22m | df2d0a0b46da.png[39m[0m
[   5% ] [90m[1m_update_scan_actions[22m | e1f5a0524d77.png[39m[0m
[   5% ] [90m[1m_update_scan_actions[22m | e2b2a2489ba3.png[39m[0m
[   5% ] [90m[1m_update_scan_actions[22m | e2e9ef377784.png[39m[0m
[   5% ] [90m[1m_update_scan_actions[22m | e4b61105acb2.png[39m[0m
[   5% ] [90m[1m_update_scan_actions[22m | e8fbfe34f4aa.png[39m[0m
[   5% ] [90m[1m_update_scan_actions[22m | e33ef0b8caaf.png[39m[0m
[   5% ] [90m[1m_update_scan_actions[22m | e93dd6dddc72.png[39m[0m
[   5% ] [90m[1m_update_scan_actions[22m | e44110a5f9d8.png[39m[0m
[   5% ] [90m[1m_update_scan_actions[22m | e09934561080.png[39m[0m
[   5% ] [90m[1m_update_scan_actions[22m | ea42d0b7ad24.png[39m[0m
[   5% ] [90m[1m_update_scan_actions[22m | ed85fab263d0.png[39m[0m
[   6% ] [90m[1m_update_scan_actions[22m | ef825f99cf05.png[39m[0m
[   6% ] [90m[1m_update_scan_actions[22m | f8d96c60d30f.png[39m[0m
[   6% ] [90m[1m_update_scan_actions[22m | f812b11bd7b8.png[39m[0m
[   6% ] [90m[1m_update_scan_actions[22m | f5120c6990b3.png[39m[0m
[   6% ] [90m[1m_update_scan_actions[22m | f54372ccdca7.png[39m[0m
[   6% ] [90m[1m_update_scan_actions[22m | fce740b7bd77.png[39m[0m
[   6% ] [90m[1m_update_scan_actions[22m | boss01.gltf[39m[0m
[   6% ] [90m[1m_update_scan_actions[22m | longlong.png[39m[0m
[   6% ] [90m[1m_update_scan_actions[22m | bug01.gltf[39m[0m
[   6% ] [90m[1m_update_scan_actions[22m | bug_01.png[39m[0m
[   6% ] [90m[1m_update_scan_actions[22m | bug03.gltf[39m[0m
[   6% ] [90m[1m_update_scan_actions[22m | bug_3.png[39m[0m
[   6% ] [90m[1m_update_scan_actions[22m | 04_1201.png[39m[0m
[   6% ] [90m[1m_update_scan_actions[22m | bug04.gltf[39m[0m
[   6% ] [90m[1m_update_scan_actions[22m | warrior.gltf[39m[0m
[   6% ] [90m[1m_update_scan_actions[22m | warrior_albedo.png[39m[0m
[   6% ] [90m[1m_update_scan_actions[22m | warrior_anatomy_v4.png[39m[0m
[   6% ] [90m[1m_update_scan_actions[22m | warrior_chitin_v2.png[39m[0m
[   6% ] [90m[1m_update_scan_actions[22m | bug01.obj[39m[0m
[   6% ] [90m[1m_update_scan_actions[22m | bug_01.png[39m[0m
[   6% ] [90m[1m_update_scan_actions[22m | collision.obj[39m[0m
[   6% ] [90m[1m_update_scan_actions[22m | lightmap_1df0289d4d85.png[39m[0m
[   6% ] [90m[1m_update_scan_actions[22m | lightmap_6d9888486222.png[39m[0m
[   6% ] [90m[1m_update_scan_actions[22m | lightmap_303d21e29f94.png[39m[0m
[   6% ] [90m[1m_update_scan_actions[22m | lightmap_1358341ec3fe.png[39m[0m
[   6% ] [90m[1m_update_scan_actions[22m | MT_21.png[39m[0m
[   6% ] [90m[1m_update_scan_actions[22m | MT_22.png[39m[0m
[   6% ] [90m[1m_update_scan_actions[22m | sc01_1.png[39m[0m
[   6% ] [90m[1m_update_scan_actions[22m | sc01_2.png[39m[0m
[   6% ] [90m[1m_update_scan_actions[22m | sc01_3.png[39m[0m
[   6% ] [90m[1m_update_scan_actions[22m | sc01_3_l.png[39m[0m
[   6% ] [90m[1m_update_scan_actions[22m | sc01_4.png[39m[0m
[   6% ] [90m[1m_update_scan_actions[22m | sc01_5.png[39m[0m
[   6% ] [90m[1m_update_scan_actions[22m | sc_light_A1.png[39m[0m
[   6% ] [90m[1m_update_scan_actions[22m | sc_sky_line.png[39m[0m
[   6% ] [90m[1m_update_scan_actions[22m | stage.gltf[39m[0m
[   6% ] [90m[1m_update_scan_actions[22m | stage.obj[39m[0m
[   6% ] [90m[1m_update_scan_actions[22m | collision.obj[39m[0m
[   6% ] [90m[1m_update_scan_actions[22m | lightmap_7b1771b88636.png[39m[0m
[   6% ] [90m[1m_update_scan_actions[22m | sc02_1.png[39m[0m
[   6% ] [90m[1m_update_scan_actions[22m | sc02_11.png[39m[0m
[   6% ] [90m[1m_update_scan_actions[22m | sc02_12.png[39m[0m
[   6% ] [90m[1m_update_scan_actions[22m | sc02_13.png[39m[0m
[   6% ] [90m[1m_update_scan_actions[22m | sc02_14.png[39m[0m
[   6% ] [90m[1m_update_scan_actions[22m | sc02_fx.png[39m[0m
[   6% ] [90m[1m_update_scan_actions[22m | stage.gltf[39m[0m
[   7% ] [90m[1m_update_scan_actions[22m | stage.obj[39m[0m
[   7% ] [90m[1m_update_scan_actions[22m | collision.obj[39m[0m
[   7% ] [90m[1m_update_scan_actions[22m | ground.png[39m[0m
[   7% ] [90m[1m_update_scan_actions[22m | lightmap_73fb53a02f14.png[39m[0m
[   7% ] [90m[1m_update_scan_actions[22m | sc03_1.png[39m[0m
[   7% ] [90m[1m_update_scan_actions[22m | sc03_2.png[39m[0m
[   7% ] [90m[1m_update_scan_actions[22m | sc03_4.png[39m[0m
[   7% ] [90m[1m_update_scan_actions[22m | sc03_4_l.png[39m[0m
[   7% ] [90m[1m_update_scan_actions[22m | sc03_5.png[39m[0m
[   7% ] [90m[1m_update_scan_actions[22m | sc03_6.png[39m[0m
[   7% ] [90m[1m_update_scan_actions[22m | sc03_61.png[39m[0m
[   7% ] [90m[1m_update_scan_actions[22m | sc03_fx.png[39m[0m
[   7% ] [90m[1m_update_scan_actions[22m | sc_03_star.png[39m[0m
[   7% ] [90m[1m_update_scan_actions[22m | sky.png[39m[0m
[   7% ] [90m[1m_update_scan_actions[22m | stage.gltf[39m[0m
[   7% ] [90m[1m_update_scan_actions[22m | stage.obj[39m[0m
[   7% ] [90m[1m_update_scan_actions[22m | wall_1.png[39m[0m
[   7% ] [90m[1m_update_scan_actions[22m | 05.png[39m[0m
[   7% ] [90m[1m_update_scan_actions[22m | bug04.png[39m[0m
[   7% ] [90m[1m_update_scan_actions[22m | collision.obj[39m[0m
[   7% ] [90m[1m_update_scan_actions[22m | g.png[39m[0m
[   7% ] [90m[1m_update_scan_actions[22m | g_1.png[39m[0m
[   7% ] [90m[1m_update_scan_actions[22m | lightmap_0d83c56cf9a8.png[39m[0m
[   7% ] [90m[1m_update_scan_actions[22m | lightmap_330ff173c1d6.png[39m[0m
[   7% ] [90m[1m_update_scan_actions[22m | light_sfx.png[39m[0m
[   7% ] [90m[1m_update_scan_actions[22m | light_sfx_2.png[39m[0m
[   7% ] [90m[1m_update_scan_actions[22m | LM.png[39m[0m
[   7% ] [90m[1m_update_scan_actions[22m | Mt_1.png[39m[0m
[   7% ] [90m[1m_update_scan_actions[22m | MT_3.png[39m[0m
[   7% ] [90m[1m_update_scan_actions[22m | Mt_12.png[39m[0m
[   7% ] [90m[1m_update_scan_actions[22m | sc_sky_line.png[39m[0m
[   7% ] [90m[1m_update_scan_actions[22m | stage.gltf[39m[0m
[   7% ] [90m[1m_update_scan_actions[22m | stage.obj[39m[0m
[   7% ] [90m[1m_update_scan_actions[22m | collision.obj[39m[0m
[   7% ] [90m[1m_update_scan_actions[22m | lightmap_87d4b82a6725.png[39m[0m
[   7% ] [90m[1m_update_scan_actions[22m | lightmap_a30710c23ccc.png[39m[0m
[   7% ] [90m[1m_update_scan_actions[22m | sc05_01.png[39m[0m
[   7% ] [90m[1m_update_scan_actions[22m | sc05_sfx01.png[39m[0m
[   7% ] [90m[1m_update_scan_actions[22m | sc_05_sfx02.png[39m[0m
[   7% ] [90m[1m_update_scan_actions[22m | sc_05_sfx03.png[39m[0m
[   7% ] [90m[1m_update_scan_actions[22m | sc_05_sfx.png[39m[0m
[   7% ] [90m[1m_update_scan_actions[22m | sc_C_01.png[39m[0m
[   7% ] [90m[1m_update_scan_actions[22m | sc_G_02.png[39m[0m
[   7% ] [90m[1m_update_scan_actions[22m | sc_sky_line.png[39m[0m
[   7% ] [90m[1m_update_scan_actions[22m | stage.gltf[39m[0m
[   8% ] [90m[1m_update_scan_actions[22m | stage.obj[39m[0m
[   8% ] [90m[1m_update_scan_actions[22m | collision.obj[39m[0m
[   8% ] [90m[1m_update_scan_actions[22m | grass_1.png[39m[0m
[   8% ] [90m[1m_update_scan_actions[22m | grass_2.png[39m[0m
[   8% ] [90m[1m_update_scan_actions[22m | lightmap_48cc4f8afc31.png[39m[0m
[   8% ] [90m[1m_update_scan_actions[22m | lightmap_12753f543b52.png[39m[0m
[   8% ] [90m[1m_update_scan_actions[22m | lightmap_b35970ccbfc8.png[39m[0m
[   8% ] [90m[1m_update_scan_actions[22m | lightmap_d4a027a20a21.png[39m[0m
[   8% ] [90m[1m_update_scan_actions[22m | lightmap_e8f6c382d1f7.png[39m[0m
[   8% ] [90m[1m_update_scan_actions[22m | light_1.png[39m[0m
[   8% ] [90m[1m_update_scan_actions[22m | MOT_03.png[39m[0m
[   8% ] [90m[1m_update_scan_actions[22m | MOT_04.png[39m[0m
[   8% ] [90m[1m_update_scan_actions[22m | MOT_05.png[39m[0m
[   8% ] [90m[1m_update_scan_actions[22m | MOT_06.png[39m[0m
[   8% ] [90m[1m_update_scan_actions[22m | MOT_08.png[39m[0m
[   8% ] [90m[1m_update_scan_actions[22m | MOT_09.png[39m[0m
[   8% ] [90m[1m_update_scan_actions[22m | MOT_10.png[39m[0m
[   8% ] [90m[1m_update_scan_actions[22m | MOT_11.png[39m[0m
[   8% ] [90m[1m_update_scan_actions[22m | MOT_12.png[39m[0m
[   8% ] [90m[1m_update_scan_actions[22m | sc_sky_line.png[39m[0m
[   8% ] [90m[1m_update_scan_actions[22m | stage.gltf[39m[0m
[   8% ] [90m[1m_update_scan_actions[22m | stage.obj[39m[0m
[   8% ] [90m[1m_update_scan_actions[22m | collision.obj[39m[0m
[   8% ] [90m[1m_update_scan_actions[22m | L7_ground.png[39m[0m
[   8% ] [90m[1m_update_scan_actions[22m | L7_metal02.png[39m[0m
[   8% ] [90m[1m_update_scan_actions[22m | L7_metal03.png[39m[0m
[   8% ] [90m[1m_update_scan_actions[22m | L7_metal04.png[39m[0m
[   8% ] [90m[1m_update_scan_actions[22m | L7_metal05.png[39m[0m
[   8% ] [90m[1m_update_scan_actions[22m | L7_metal06.png[39m[0m
[   8% ] [90m[1m_update_scan_actions[22m | L7_metal07.png[39m[0m
[   8% ] [90m[1m_update_scan_actions[22m | L7_metal08.png[39m[0m
[   8% ] [90m[1m_update_scan_actions[22m | L7_metal.png[39m[0m
[   8% ] [90m[1m_update_scan_actions[22m | L7_pilla.png[39m[0m
[   8% ] [90m[1m_update_scan_actions[22m | lightmap_4a830dd0e1dd.png[39m[0m
[   8% ] [90m[1m_update_scan_actions[22m | lightmap_57d74bad3e85.png[39m[0m
[   8% ] [90m[1m_update_scan_actions[22m | lightmap_34735c6b8472.png[39m[0m
[   8% ] [90m[1m_update_scan_actions[22m | lightmap_321696b271ab.png[39m[0m
[   8% ] [90m[1m_update_scan_actions[22m | lightmap_ab3bed76d9f1.png[39m[0m
[   8% ] [90m[1m_update_scan_actions[22m | lightmap_d4652367969a.png[39m[0m
[   8% ] [90m[1m_update_scan_actions[22m | lightmap_d12572236038.png[39m[0m
[   8% ] [90m[1m_update_scan_actions[22m | sky.png[39m[0m
[   8% ] [90m[1m_update_scan_actions[22m | stage.gltf[39m[0m
[   8% ] [90m[1m_update_scan_actions[22m | stage.obj[39m[0m
[   8% ] [90m[1m_update_scan_actions[22m | BING.png[39m[0m
[   8% ] [90m[1m_update_scan_actions[22m | collision.obj[39m[0m
[   9% ] [90m[1m_update_scan_actions[22m | groundsnow.png[39m[0m
[   9% ] [90m[1m_update_scan_actions[22m | lightmap_f43e1433f9d9.png[39m[0m
[   9% ] [90m[1m_update_scan_actions[22m | lightmap_fc75c9e14892.png[39m[0m
[   9% ] [90m[1m_update_scan_actions[22m | SKY.png[39m[0m
[   9% ] [90m[1m_update_scan_actions[22m | stage.gltf[39m[0m
[   9% ] [90m[1m_update_scan_actions[22m | stage.obj[39m[0m
[   9% ] [90m[1m_update_scan_actions[22m | swpark01.png[39m[0m
[   9% ] [90m[1m_update_scan_actions[22m | swpark02.png[39m[0m
[   9% ] [90m[1m_update_scan_actions[22m | collision.obj[39m[0m
[   9% ] [90m[1m_update_scan_actions[22m | lightmap_0b5d9d7cdafb.png[39m[0m
[   9% ] [90m[1m_update_scan_actions[22m | lightmap_044a22f2d7a2.png[39m[0m
[   9% ] [90m[1m_update_scan_actions[22m | MOT_01.png[39m[0m
[   9% ] [90m[1m_update_scan_actions[22m | MOT_02.png[39m[0m
[   9% ] [90m[1m_update_scan_actions[22m | sky.png[39m[0m
[   9% ] [90m[1m_update_scan_actions[22m | stage.gltf[39m[0m
[   9% ] [90m[1m_update_scan_actions[22m | stage.obj[39m[0m
[   9% ] [90m[1m_update_scan_actions[22m | wall_L_03_T.png[39m[0m
[   9% ] [90m[1m_update_scan_actions[22m | wall_L_04_T.png[39m[0m
[   9% ] [90m[1m_update_scan_actions[22m | wall_L_07_T.png[39m[0m
[   9% ] [90m[1m_update_scan_actions[22m | wall_L_08_T.png[39m[0m
[   9% ] [90m[1m_update_scan_actions[22m | booox_001.png[39m[0m
[   9% ] [90m[1m_update_scan_actions[22m | booox_002.png[39m[0m
[   9% ] [90m[1m_update_scan_actions[22m | booox_003.png[39m[0m
[   9% ] [90m[1m_update_scan_actions[22m | booox_004.png[39m[0m
[   9% ] [90m[1m_update_scan_actions[22m | booox_005.png[39m[0m
[   9% ] [90m[1m_update_scan_actions[22m | booox_006.png[39m[0m
[   9% ] [90m[1m_update_scan_actions[22m | booox_007.png[39m[0m
[   9% ] [90m[1m_update_scan_actions[22m | booox_008.png[39m[0m
[   9% ] [90m[1m_update_scan_actions[22m | booox_009.png[39m[0m
[   9% ] [90m[1m_update_scan_actions[22m | booox_010.png[39m[0m
[   9% ] [90m[1m_update_scan_actions[22m | booox_011.png[39m[0m
[   9% ] [90m[1m_update_scan_actions[22m | booox_012.png[39m[0m
[   9% ] [90m[1m_update_scan_actions[22m | booox_013.png[39m[0m
[   9% ] [90m[1m_update_scan_actions[22m | collision.obj[39m[0m
[   9% ] [90m[1m_update_scan_actions[22m | ground_01.png[39m[0m
[   9% ] [90m[1m_update_scan_actions[22m | ground_02.png[39m[0m
[   9% ] [90m[1m_update_scan_actions[22m | house_01.png[39m[0m
[   9% ] [90m[1m_update_scan_actions[22m | house_02.png[39m[0m
[   9% ] [90m[1m_update_scan_actions[22m | house_03.png[39m[0m
[   9% ] [90m[1m_update_scan_actions[22m | lightmap_8a70a2730331.png[39m[0m
[   9% ] [90m[1m_update_scan_actions[22m | lightmap_9b741a90594b.png[39m[0m
[   9% ] [90m[1m_update_scan_actions[22m | lightmap_c90f612c81d7.png[39m[0m
[   9% ] [90m[1m_update_scan_actions[22m | sky.png[39m[0m
[   9% ] [90m[1m_update_scan_actions[22m | stage.gltf[39m[0m
[   9% ] [90m[1m_update_scan_actions[22m | stage.obj[39m[0m
[   9% ] [90m[1m_update_scan_actions[22m | wall_001.png[39m[0m
[  10% ] [90m[1m_update_scan_actions[22m | wall_002.png[39m[0m
[  10% ] [90m[1m_update_scan_actions[22m | wall_003.png[39m[0m
[  10% ] [90m[1m_update_scan_actions[22m | wall_004.png[39m[0m
[  10% ] [90m[1m_update_scan_actions[22m | collision.obj[39m[0m
[  10% ] [90m[1m_update_scan_actions[22m | lighting01.png[39m[0m
[  10% ] [90m[1m_update_scan_actions[22m | lighting02.png[39m[0m
[  10% ] [90m[1m_update_scan_actions[22m | lightmap_6dbeff468fcd.png[39m[0m
[  10% ] [90m[1m_update_scan_actions[22m | lightmap_73a5fabd1ec8.png[39m[0m
[  10% ] [90m[1m_update_scan_actions[22m | lightmap_368bc12c73ed.png[39m[0m
[  10% ] [90m[1m_update_scan_actions[22m | lightmap_914587a423c3.png[39m[0m
[  10% ] [90m[1m_update_scan_actions[22m | lightmap_68266687d83a.png[39m[0m
[  10% ] [90m[1m_update_scan_actions[22m | lightmap_c3d516aadc07.png[39m[0m
[  10% ] [90m[1m_update_scan_actions[22m | lightmap_e45e161324ca.png[39m[0m
[  10% ] [90m[1m_update_scan_actions[22m | SC_11_BOX01.png[39m[0m
[  10% ] [90m[1m_update_scan_actions[22m | SC_11_BOX02.png[39m[0m
[  10% ] [90m[1m_update_scan_actions[22m | SC_11_BUILDING0top.png[39m[0m
[  10% ] [90m[1m_update_scan_actions[22m | SC_11_BUILDING01.png[39m[0m
[  10% ] [90m[1m_update_scan_actions[22m | SC_11_BUILDING02.png[39m[0m
[  10% ] [90m[1m_update_scan_actions[22m | SC_11_BUILDING03.png[39m[0m
[  10% ] [90m[1m_update_scan_actions[22m | SC_11_BUILDING04.png[39m[0m
[  10% ] [90m[1m_update_scan_actions[22m | SC_11_DOOR.png[39m[0m
[  10% ] [90m[1m_update_scan_actions[22m | SC_11_GROUND01.png[39m[0m
[  10% ] [90m[1m_update_scan_actions[22m | SC_11_GROUND03.png[39m[0m
[  10% ] [90m[1m_update_scan_actions[22m | SC_11_GROUND04.png[39m[0m
[  10% ] [90m[1m_update_scan_actions[22m | SC_11_GROUND05.png[39m[0m
[  10% ] [90m[1m_update_scan_actions[22m | SC_11_GROUND06.png[39m[0m
[  10% ] [90m[1m_update_scan_actions[22m | SC_11_GROUNDCRASH.png[39m[0m
[  10% ] [90m[1m_update_scan_actions[22m | SC_11_GROUNDIN02.png[39m[0m
[  10% ] [90m[1m_update_scan_actions[22m | SC_11_GROUNDIN.png[39m[0m
[  10% ] [90m[1m_update_scan_actions[22m | SC_11_line.png[39m[0m
[  10% ] [90m[1m_update_scan_actions[22m | SC_11_PILLA02.png[39m[0m
[  10% ] [90m[1m_update_scan_actions[22m | SC_11_SKY.png[39m[0m
[  10% ] [90m[1m_update_scan_actions[22m | SC_11_TOWER.png[39m[0m
[  10% ] [90m[1m_update_scan_actions[22m | SC_11_WALL01.png[39m[0m
[  10% ] [90m[1m_update_scan_actions[22m | SC_11_WALL03.png[39m[0m
[  10% ] [90m[1m_update_scan_actions[22m | stage.gltf[39m[0m
[  10% ] [90m[1m_update_scan_actions[22m | stage.obj[39m[0m
[  10% ] [90m[1m_update_scan_actions[22m | booox_1.png[39m[0m
[  10% ] [90m[1m_update_scan_actions[22m | booox_2.png[39m[0m
[  10% ] [90m[1m_update_scan_actions[22m | booox_3.png[39m[0m
[  10% ] [90m[1m_update_scan_actions[22m | booox_4.png[39m[0m
[  10% ] [90m[1m_update_scan_actions[22m | booox_5.png[39m[0m
[  10% ] [90m[1m_update_scan_actions[22m | booox_6.png[39m[0m
[  10% ] [90m[1m_update_scan_actions[22m | booox_7.png[39m[0m
[  10% ] [90m[1m_update_scan_actions[22m | booox_8.png[39m[0m
[  11% ] [90m[1m_update_scan_actions[22m | booox_9.png[39m[0m
[  11% ] [90m[1m_update_scan_actions[22m | booox_10.png[39m[0m
[  11% ] [90m[1m_update_scan_actions[22m | booox_11.png[39m[0m
[  11% ] [90m[1m_update_scan_actions[22m | booox_12.png[39m[0m
[  11% ] [90m[1m_update_scan_actions[22m | booox_13.png[39m[0m
[  11% ] [90m[1m_update_scan_actions[22m | booox_14.png[39m[0m
[  11% ] [90m[1m_update_scan_actions[22m | booox_15.png[39m[0m
[  11% ] [90m[1m_update_scan_actions[22m | booox_16.png[39m[0m
[  11% ] [90m[1m_update_scan_actions[22m | booox_17.png[39m[0m
[  11% ] [90m[1m_update_scan_actions[22m | booox_18.png[39m[0m
[  11% ] [90m[1m_update_scan_actions[22m | collision.obj[39m[0m
[  11% ] [90m[1m_update_scan_actions[22m | lightmap_8c7ffe9fe70a.png[39m[0m
[  11% ] [90m[1m_update_scan_actions[22m | lightmap_cc9cf30a58e3.png[39m[0m
[  11% ] [90m[1m_update_scan_actions[22m | lightmap_e4c55d5a15e0.png[39m[0m
[  11% ] [90m[1m_update_scan_actions[22m | stage.gltf[39m[0m
[  11% ] [90m[1m_update_scan_actions[22m | stage.obj[39m[0m
[  11% ] [90m[1m_update_scan_actions[22m | str_skyline.png[39m[0m
[  11% ] [90m[1m_update_scan_actions[22m | booox_1.png[39m[0m
[  11% ] [90m[1m_update_scan_actions[22m | booox_2.png[39m[0m
[  11% ] [90m[1m_update_scan_actions[22m | booox_3.png[39m[0m
[  11% ] [90m[1m_update_scan_actions[22m | booox_4.png[39m[0m
[  11% ] [90m[1m_update_scan_actions[22m | booox_5.png[39m[0m
[  11% ] [90m[1m_update_scan_actions[22m | booox_6.png[39m[0m
[  11% ] [90m[1m_update_scan_actions[22m | booox_7.png[39m[0m
[  11% ] [90m[1m_update_scan_actions[22m | booox_8.png[39m[0m
[  11% ] [90m[1m_update_scan_actions[22m | booox_9.png[39m[0m
[  11% ] [90m[1m_update_scan_actions[22m | booox_10.png[39m[0m
[  11% ] [90m[1m_update_scan_actions[22m | booox_11.png[39m[0m
[  11% ] [90m[1m_update_scan_actions[22m | booox_12.png[39m[0m
[  11% ] [90m[1m_update_scan_actions[22m | booox_13.png[39m[0m
[  11% ] [90m[1m_update_scan_actions[22m | booox_14.png[39m[0m
[  11% ] [90m[1m_update_scan_actions[22m | booox_15.png[39m[0m
[  11% ] [90m[1m_update_scan_actions[22m | booox_16.png[39m[0m
[  11% ] [90m[1m_update_scan_actions[22m | booox_17.png[39m[0m
[  11% ] [90m[1m_update_scan_actions[22m | collision.obj[39m[0m
[  11% ] [90m[1m_update_scan_actions[22m | lightmap_8091deed6c94.png[39m[0m
[  11% ] [90m[1m_update_scan_actions[22m | stage.gltf[39m[0m
[  11% ] [90m[1m_update_scan_actions[22m | stage.obj[39m[0m
[  11% ] [90m[1m_update_scan_actions[22m | str_skyline.png[39m[0m
[  11% ] [90m[1m_update_scan_actions[22m | building01.png[39m[0m
[  11% ] [90m[1m_update_scan_actions[22m | building02.png[39m[0m
[  11% ] [90m[1m_update_scan_actions[22m | building03.png[39m[0m
[  11% ] [90m[1m_update_scan_actions[22m | building04.png[39m[0m
[  11% ] [90m[1m_update_scan_actions[22m | building05.png[39m[0m
[  11% ] [90m[1m_update_scan_actions[22m | buildinginside.png[39m[0m
[  11% ] [90m[1m_update_scan_actions[22m | buildingout.png[39m[0m
[  12% ] [90m[1m_update_scan_actions[22m | collision.obj[39m[0m
[  12% ] [90m[1m_update_scan_actions[22m | ground.png[39m[0m
[  12% ] [90m[1m_update_scan_actions[22m | lightmap_1f5ba7a1845e.png[39m[0m
[  12% ] [90m[1m_update_scan_actions[22m | lightmap_5a9e5988974e.png[39m[0m
[  12% ] [90m[1m_update_scan_actions[22m | lightmap_5dbf028273f5.png[39m[0m
[  12% ] [90m[1m_update_scan_actions[22m | lightmap_6c9b53a8261a.png[39m[0m
[  12% ] [90m[1m_update_scan_actions[22m | lightmap_7a8e34436d18.png[39m[0m
[  12% ] [90m[1m_update_scan_actions[22m | lightmap_8aeccbcae3bf.png[39m[0m
[  12% ] [90m[1m_update_scan_actions[22m | lightmap_b7616f2b8092.png[39m[0m
[  12% ] [90m[1m_update_scan_actions[22m | lightmap_d7032d6d05b1.png[39m[0m
[  12% ] [90m[1m_update_scan_actions[22m | lightmap_f24f0b734317.png[39m[0m
[  12% ] [90m[1m_update_scan_actions[22m | metal01.png[39m[0m
[  12% ] [90m[1m_update_scan_actions[22m | objnew.png[39m[0m
[  12% ] [90m[1m_update_scan_actions[22m | roof.png[39m[0m
[  12% ] [90m[1m_update_scan_actions[22m | sky.png[39m[0m
[  12% ] [90m[1m_update_scan_actions[22m | stage.gltf[39m[0m
[  12% ] [90m[1m_update_scan_actions[22m | stage.obj[39m[0m
[  12% ] [90m[1m_update_scan_actions[22m | tower01.png[39m[0m
[  12% ] [90m[1m_update_scan_actions[22m | tower02.png[39m[0m
[  12% ] [90m[1m_update_scan_actions[22m | tower03.png[39m[0m
[  12% ] [90m[1m_update_scan_actions[22m | wall01.png[39m[0m
[  12% ] [90m[1m_update_scan_actions[22m | collision.obj[39m[0m
[  12% ] [90m[1m_update_scan_actions[22m | house_01.png[39m[0m
[  12% ] [90m[1m_update_scan_actions[22m | lightmap_79fd50956cee.png[39m[0m
[  12% ] [90m[1m_update_scan_actions[22m | mask_003.png[39m[0m
[  12% ] [90m[1m_update_scan_actions[22m | stage.gltf[39m[0m
[  12% ] [90m[1m_update_scan_actions[22m | stage.obj[39m[0m
[  12% ] [90m[1m_update_scan_actions[22m | wall_003.png[39m[0m
[  12% ] [90m[1m_update_scan_actions[22m | booox_001.png[39m[0m
[  12% ] [90m[1m_update_scan_actions[22m | booox_002.png[39m[0m
[  12% ] [90m[1m_update_scan_actions[22m | booox_003.png[39m[0m
[  12% ] [90m[1m_update_scan_actions[22m | booox_004.png[39m[0m
[  12% ] [90m[1m_update_scan_actions[22m | booox_005.png[39m[0m
[  12% ] [90m[1m_update_scan_actions[22m | booox_006.png[39m[0m
[  12% ] [90m[1m_update_scan_actions[22m | booox_007.png[39m[0m
[  12% ] [90m[1m_update_scan_actions[22m | booox_008.png[39m[0m
[  12% ] [90m[1m_update_scan_actions[22m | booox_009.png[39m[0m
[  12% ] [90m[1m_update_scan_actions[22m | booox_010.png[39m[0m
[  12% ] [90m[1m_update_scan_actions[22m | booox_011.png[39m[0m
[  12% ] [90m[1m_update_scan_actions[22m | booox_012.png[39m[0m
[  12% ] [90m[1m_update_scan_actions[22m | booox_013.png[39m[0m
[  12% ] [90m[1m_update_scan_actions[22m | collision.obj[39m[0m
[  12% ] [90m[1m_update_scan_actions[22m | ground_01.png[39m[0m
[  12% ] [90m[1m_update_scan_actions[22m | ground_02.png[39m[0m
[  12% ] [90m[1m_update_scan_actions[22m | house_01.png[39m[0m
[  13% ] [90m[1m_update_scan_actions[22m | house_02.png[39m[0m
[  13% ] [90m[1m_update_scan_actions[22m | house_03.png[39m[0m
[  13% ] [90m[1m_update_scan_actions[22m | lightmap_b54e5bb69b95.png[39m[0m
[  13% ] [90m[1m_update_scan_actions[22m | lightmap_eed6c68ba3b1.png[39m[0m
[  13% ] [90m[1m_update_scan_actions[22m | SC_11_SKY.png[39m[0m
[  13% ] [90m[1m_update_scan_actions[22m | stage.gltf[39m[0m
[  13% ] [90m[1m_update_scan_actions[22m | stage.obj[39m[0m
[  13% ] [90m[1m_update_scan_actions[22m | uv.png[39m[0m
[  13% ] [90m[1m_update_scan_actions[22m | wall_001.png[39m[0m
[  13% ] [90m[1m_update_scan_actions[22m | wall_002.png[39m[0m
[  13% ] [90m[1m_update_scan_actions[22m | wall_003.png[39m[0m
[  13% ] [90m[1m_update_scan_actions[22m | wall_004.png[39m[0m
[  13% ] [90m[1m_update_scan_actions[22m | collision.obj[39m[0m
[  13% ] [90m[1m_update_scan_actions[22m | G1.png[39m[0m
[  13% ] [90m[1m_update_scan_actions[22m | G2.png[39m[0m
[  13% ] [90m[1m_update_scan_actions[22m | ice01AL.png[39m[0m
[  13% ] [90m[1m_update_scan_actions[22m | light.png[39m[0m
[  13% ] [90m[1m_update_scan_actions[22m | lightmap_7dc2369225e5.png[39m[0m
[  13% ] [90m[1m_update_scan_actions[22m | SC_21_SKY.png[39m[0m
[  13% ] [90m[1m_update_scan_actions[22m | stage.gltf[39m[0m
[  13% ] [90m[1m_update_scan_actions[22m | stage.obj[39m[0m
[  13% ] [90m[1m_update_scan_actions[22m | tree_LR.png[39m[0m
[  13% ] [90m[1m_update_scan_actions[22m | 09_body_078a88725c3f_2x.png[39m[0m
[  13% ] [90m[1m_update_scan_actions[22m | 09_body_783880b587e1_2x.png[39m[0m
[  13% ] [90m[1m_update_scan_actions[22m | 09_foot_4c47253ee54a_2x.png[39m[0m
[  13% ] [90m[1m_update_scan_actions[22m | 09_foot_7f94fc6ee9cf_2x.png[39m[0m
[  13% ] [90m[1m_update_scan_actions[22m | 09_hand_5cfca001cbd7_2x.png[39m[0m
[  13% ] [90m[1m_update_scan_actions[22m | 09_hand_b608dd58d5f0_2x.png[39m[0m
[  13% ] [90m[1m_update_scan_actions[22m | 09_head_1d5d05de7b53_2x.png[39m[0m
[  13% ] [90m[1m_update_scan_actions[22m | 09_head_7f3e9b9b23ec_2x.png[39m[0m
[  13% ] [90m[1m_update_scan_actions[22m | 09_jian_3d289fdf8273_2x.png[39m[0m
[  13% ] [90m[1m_update_scan_actions[22m | 09_jian_1344077133c0_2x.png[39m[0m
[  13% ] [90m[1m_update_scan_actions[22m | 10_body_3ae3c84f3d48_2x.png[39m[0m
[  13% ] [90m[1m_update_scan_actions[22m | 10_foot_5b3d23be8b3b_2x.png[39m[0m
[  13% ] [90m[1m_update_scan_actions[22m | 10_hand_81a30970e8c5_2x.png[39m[0m
[  13% ] [90m[1m_update_scan_actions[22m | 10_head_e0f50e924883_2x.png[39m[0m
[  13% ] [90m[1m_update_scan_actions[22m | 10_jian_65bd618d01a0_2x.png[39m[0m
[  13% ] [90m[1m_update_scan_actions[22m | 11_body_a85e7d5e28a8_2x.png[39m[0m
[  13% ] [90m[1m_update_scan_actions[22m | 11_foot_6852f656af02_2x.png[39m[0m
[  13% ] [90m[1m_update_scan_actions[22m | 11_hand_c31f0ebfc6d3_2x.png[39m[0m
[  13% ] [90m[1m_update_scan_actions[22m | 11_head_b52a3c95a113_2x.png[39m[0m
[  13% ] [90m[1m_update_scan_actions[22m | 11_jian_f0978280b0ba_2x.png[39m[0m
[  13% ] [90m[1m_update_scan_actions[22m | body15_42e7675d0242_2x.png[39m[0m
[  13% ] [90m[1m_update_scan_actions[22m | body_1b6b8f34e05d_2x.png[39m[0m
[  13% ] [90m[1m_update_scan_actions[22m | body_41c59e886aaa_2x.png[39m[0m
[  13% ] [90m[1m_update_scan_actions[22m | body_aa8d1a1b3465_2x.png[39m[0m
[  14% ] [90m[1m_update_scan_actions[22m | body_bd16b9436c5e_2x.png[39m[0m
[  14% ] [90m[1m_update_scan_actions[22m | body_c4fabbd7d47a_2x.png[39m[0m
[  14% ] [90m[1m_update_scan_actions[22m | body_ed36db00f85b_2x.png[39m[0m
[  14% ] [90m[1m_update_scan_actions[22m | foot15_96857982a4cc_2x.png[39m[0m
[  14% ] [90m[1m_update_scan_actions[22m | foot_2d50e768959c_2x.png[39m[0m
[  14% ] [90m[1m_update_scan_actions[22m | foot_3d4c778949e5_2x.png[39m[0m
[  14% ] [90m[1m_update_scan_actions[22m | foot_8288ab97aa55_2x.png[39m[0m
[  14% ] [90m[1m_update_scan_actions[22m | foot_31083bd2d7d1_2x.png[39m[0m
[  14% ] [90m[1m_update_scan_actions[22m | foot_ee6e6e462c68_2x.png[39m[0m
[  14% ] [90m[1m_update_scan_actions[22m | foot_efec64cd00d2_2x.png[39m[0m
[  14% ] [90m[1m_update_scan_actions[22m | hand15_6983ab4b649e_2x.png[39m[0m
[  14% ] [90m[1m_update_scan_actions[22m | hand_0fc9da36fa37_2x.png[39m[0m
[  14% ] [90m[1m_update_scan_actions[22m | hand_1a8b5c7e8dee_2x.png[39m[0m
[  14% ] [90m[1m_update_scan_actions[22m | hand_6ef14752ec18_2x.png[39m[0m
[  14% ] [90m[1m_update_scan_actions[22m | hand_c974522680fe_2x.png[39m[0m
[  14% ] [90m[1m_update_scan_actions[22m | hand_e05d06ac0d12_2x.png[39m[0m
[  14% ] [90m[1m_update_scan_actions[22m | hand_f539ff620e61_2x.png[39m[0m
[  14% ] [90m[1m_update_scan_actions[22m | head15_ffc0e1fba300_2x.png[39m[0m
[  14% ] [90m[1m_update_scan_actions[22m | head_0fec56bddc36_2x.png[39m[0m
[  14% ] [90m[1m_update_scan_actions[22m | head_9d25898f6b16_2x.png[39m[0m
[  14% ] [90m[1m_update_scan_actions[22m | head_22f92a18e5f8_2x.png[39m[0m
[  14% ] [90m[1m_update_scan_actions[22m | head_27f2a32dc8b6_2x.png[39m[0m
[  14% ] [90m[1m_update_scan_actions[22m | head_669b47fdd3fe_2x.png[39m[0m
[  14% ] [90m[1m_update_scan_actions[22m | head_bb67000287dd_2x.png[39m[0m
[  14% ] [90m[1m_update_scan_actions[22m | jian15_7300a1364c44_2x.png[39m[0m
[  14% ] [90m[1m_update_scan_actions[22m | jian_077c0f9d616a_2x.png[39m[0m
[  14% ] [90m[1m_update_scan_actions[22m | jian_496b2bbd770e_2x.png[39m[0m
[  14% ] [90m[1m_update_scan_actions[22m | jian_636c11b729f7_2x.png[39m[0m
[  14% ] [90m[1m_update_scan_actions[22m | jian_0811a86c44a4_2x.png[39m[0m
[  14% ] [90m[1m_update_scan_actions[22m | jian_6847836cc115_2x.png[39m[0m
[  14% ] [90m[1m_update_scan_actions[22m | jian_aa13458c0049_2x.png[39m[0m
[  14% ] [90m[1m_update_scan_actions[22m | man12_body_1778b2d39261_2x.png[39m[0m
[  14% ] [90m[1m_update_scan_actions[22m | man12_foot_f6f97a1a8d53_2x.png[39m[0m
[  14% ] [90m[1m_update_scan_actions[22m | man12_hand_64abc2477921_2x.png[39m[0m
[  14% ] [90m[1m_update_scan_actions[22m | man12_head_451652e6b89d_2x.png[39m[0m
[  14% ] [90m[1m_update_scan_actions[22m | man12_jian_a2e46ef2f89e_2x.png[39m[0m
[  14% ] [90m[1m_update_scan_actions[22m | man14_body_c6cc7be2b05d_2x.png[39m[0m
[  14% ] [90m[1m_update_scan_actions[22m | man14_foot_e4fbb3b61198_2x.png[39m[0m
[  14% ] [90m[1m_update_scan_actions[22m | man14_hand_99131397b1b3_2x.png[39m[0m
[  14% ] [90m[1m_update_scan_actions[22m | man14_head_0ab6d8812c14_2x.png[39m[0m
[  14% ] [90m[1m_update_scan_actions[22m | man14_jian_9e232c36c926_2x.png[39m[0m
[  14% ] [90m[1m_update_scan_actions[22m | man16_body_63307083342a_2x.png[39m[0m
[  14% ] [90m[1m_update_scan_actions[22m | man16_foot_4169dc525c32_2x.png[39m[0m
[  14% ] [90m[1m_update_scan_actions[22m | man16_hand_4a615a548275_2x.png[39m[0m
[  14% ] [90m[1m_update_scan_actions[22m | man16_head_7a337a2a18bd_2x.png[39m[0m
[  15% ] [90m[1m_update_scan_actions[22m | man16_jian_cbdccfc79697_2x.png[39m[0m
[  15% ] [90m[1m_update_scan_actions[22m | man17_body_401d03a8e6b3_2x.png[39m[0m
[  15% ] [90m[1m_update_scan_actions[22m | man17_foot_1_38483bb85489_2x.png[39m[0m
[  15% ] [90m[1m_update_scan_actions[22m | man17_hand_1_82204a05757f_2x.png[39m[0m
[  15% ] [90m[1m_update_scan_actions[22m | man17_head_1_75e18329d0d6_2x.png[39m[0m
[  15% ] [90m[1m_update_scan_actions[22m | man17_jian_1_a73780a31b9b_2x.png[39m[0m
[  15% ] [90m[1m_update_scan_actions[22m | man18_body_df7f25af8b26_2x.png[39m[0m
[  15% ] [90m[1m_update_scan_actions[22m | man18_foot_5ef8d09b07ce_2x.png[39m[0m
[  15% ] [90m[1m_update_scan_actions[22m | man18_hand_e5d6c7456eed_2x.png[39m[0m
[  15% ] [90m[1m_update_scan_actions[22m | man18_head_65ccee2693b6_2x.png[39m[0m
[  15% ] [90m[1m_update_scan_actions[22m | man18_jian_539b27ad97ee_2x.png[39m[0m
[  15% ] [90m[1m_update_scan_actions[22m | man19_body_ab70729e6633_2x.png[39m[0m
[  15% ] [90m[1m_update_scan_actions[22m | man19_foot_a94ec99687be_2x.png[39m[0m
[  15% ] [90m[1m_update_scan_actions[22m | man19_hand_c16d26dd5cc0_2x.png[39m[0m
[  15% ] [90m[1m_update_scan_actions[22m | man19_head_e614ab22f924_2x.png[39m[0m
[  15% ] [90m[1m_update_scan_actions[22m | man19_jian_323b94133c9f_2x.png[39m[0m
[  15% ] [90m[1m_update_scan_actions[22m | man21_body_01_66ab4425588d_2x.png[39m[0m
[  15% ] [90m[1m_update_scan_actions[22m | man21_body_02_c0d116bd9135_2x.png[39m[0m
[  15% ] [90m[1m_update_scan_actions[22m | man21_foot_4341048b7988_2x.png[39m[0m
[  15% ] [90m[1m_update_scan_actions[22m | man21_hand_00b7226ab905_2x.png[39m[0m
[  15% ] [90m[1m_update_scan_actions[22m | man21_head_a25624569c4f_2x.png[39m[0m
[  15% ] [90m[1m_update_scan_actions[22m | man_20_body_b03063fb74e7_2x.png[39m[0m
[  15% ] [90m[1m_update_scan_actions[22m | man_20_foot_899b6031a5df_2x.png[39m[0m
[  15% ] [90m[1m_update_scan_actions[22m | man_20_hand_1d66f803fe84_2x.png[39m[0m
[  15% ] [90m[1m_update_scan_actions[22m | man_20_head_1b24ab63ae4c_2x.png[39m[0m
[  15% ] [90m[1m_update_scan_actions[22m | man_20_jian_01a02a9cb079_2x.png[39m[0m
[  15% ] [90m[1m_update_scan_actions[22m | renze_body_16eb171eeab8_2x.png[39m[0m
[  15% ] [90m[1m_update_scan_actions[22m | renze_foot_e5aa5a82bb0c_2x.png[39m[0m
[  15% ] [90m[1m_update_scan_actions[22m | renze_hand_1a5434190067_2x.png[39m[0m
[  15% ] [90m[1m_update_scan_actions[22m | renze_head_9b2c4db93098_2x.png[39m[0m
[  15% ] [90m[1m_update_scan_actions[22m | renze_jian_5e960b431792_2x.png[39m[0m
[  15% ] [90m[1m_update_scan_actions[22m | r_jiao_962a757faf32_2x.png[39m[0m
[  15% ] [90m[1m_update_scan_actions[22m | r_shen_bb94860740e4_2x.png[39m[0m
[  15% ] [90m[1m_update_scan_actions[22m | r_shou_03cec9a53dd6_2x.png[39m[0m
[  15% ] [90m[1m_update_scan_actions[22m | r_shou_a_fef419c461f1_2x.png[39m[0m
[  15% ] [90m[1m_update_scan_actions[22m | r_tou_54434b4b8e32_2x.png[39m[0m
[  15% ] [90m[1m_update_scan_actions[22m | 01.png[39m[0m
[  15% ] [90m[1m_update_scan_actions[22m | ArmorBag_00.obj[39m[0m
[  15% ] [90m[1m_update_scan_actions[22m | 02.png[39m[0m
[  15% ] [90m[1m_update_scan_actions[22m | ArmorBag_01.obj[39m[0m
[  15% ] [90m[1m_update_scan_actions[22m | 03.png[39m[0m
[  15% ] [90m[1m_update_scan_actions[22m | ArmorBag_02.obj[39m[0m
[  15% ] [90m[1m_update_scan_actions[22m | 04.png[39m[0m
[  15% ] [90m[1m_update_scan_actions[22m | ArmorBag_03.obj[39m[0m
[  15% ] [90m[1m_update_scan_actions[22m | 05.png[39m[0m
[  16% ] [90m[1m_update_scan_actions[22m | ArmorBag_04.obj[39m[0m
[  16% ] [90m[1m_update_scan_actions[22m | 06.png[39m[0m
[  16% ] [90m[1m_update_scan_actions[22m | ArmorBag_05.obj[39m[0m
[  16% ] [90m[1m_update_scan_actions[22m | 07.png[39m[0m
[  16% ] [90m[1m_update_scan_actions[22m | ArmorBag_06.obj[39m[0m
[  16% ] [90m[1m_update_scan_actions[22m | 08.png[39m[0m
[  16% ] [90m[1m_update_scan_actions[22m | ArmorBag_07.obj[39m[0m
[  16% ] [90m[1m_update_scan_actions[22m | 09.png[39m[0m
[  16% ] [90m[1m_update_scan_actions[22m | ArmorBag_08.obj[39m[0m
[  16% ] [90m[1m_update_scan_actions[22m | 10.png[39m[0m
[  16% ] [90m[1m_update_scan_actions[22m | ArmorBag_09.obj[39m[0m
[  16% ] [90m[1m_update_scan_actions[22m | 11.png[39m[0m
[  16% ] [90m[1m_update_scan_actions[22m | ArmorBag_10.obj[39m[0m
[  16% ] [90m[1m_update_scan_actions[22m | 12.png[39m[0m
[  16% ] [90m[1m_update_scan_actions[22m | ArmorBag_11.obj[39m[0m
[  16% ] [90m[1m_update_scan_actions[22m | 13.png[39m[0m
[  16% ] [90m[1m_update_scan_actions[22m | ArmorBag_12.obj[39m[0m
[  16% ] [90m[1m_update_scan_actions[22m | 14.png[39m[0m
[  16% ] [90m[1m_update_scan_actions[22m | ArmorBag_13.obj[39m[0m
[  16% ] [90m[1m_update_scan_actions[22m | ArmorBag_14.obj[39m[0m
[  16% ] [90m[1m_update_scan_actions[22m | beg_up1_2.png[39m[0m
[  16% ] [90m[1m_update_scan_actions[22m | ArmorBag_15.obj[39m[0m
[  16% ] [90m[1m_update_scan_actions[22m | bag_up1_1.png[39m[0m
[  16% ] [90m[1m_update_scan_actions[22m | plasma_bolt1_blue01.png[39m[0m
[  16% ] [90m[1m_update_scan_actions[22m | ArmorBag_16.obj[39m[0m
[  16% ] [90m[1m_update_scan_actions[22m | bag17.png[39m[0m
[  16% ] [90m[1m_update_scan_actions[22m | ArmorBag_17.obj[39m[0m
[  16% ] [90m[1m_update_scan_actions[22m | bag_18.png[39m[0m
[  16% ] [90m[1m_update_scan_actions[22m | ArmorBag_18.obj[39m[0m
[  16% ] [90m[1m_update_scan_actions[22m | bag_19.png[39m[0m
[  16% ] [90m[1m_update_scan_actions[22m | ArmorBag_19.obj[39m[0m
[  16% ] [90m[1m_update_scan_actions[22m | bag20.png[39m[0m
[  16% ] [90m[1m_update_scan_actions[22m | ArmorBag_20.obj[39m[0m
[  16% ] [90m[1m_update_scan_actions[22m | bag21.png[39m[0m
[  16% ] [90m[1m_update_scan_actions[22m | ArmorBag_21.obj[39m[0m
[  16% ] [90m[1m_update_scan_actions[22m | bag_xueren.png[39m[0m
[  16% ] [90m[1m_update_scan_actions[22m | ArmorBag_22.obj[39m[0m
[  16% ] [90m[1m_update_scan_actions[22m | man18_beibao.png[39m[0m
[  16% ] [90m[1m_update_scan_actions[22m | ArmorBag_23.obj[39m[0m
[  16% ] [90m[1m_update_scan_actions[22m | dwings_fly01.png[39m[0m
[  16% ] [90m[1m_update_scan_actions[22m | man19_beibao.png[39m[0m
[  16% ] [90m[1m_update_scan_actions[22m | ArmorBag_24.obj[39m[0m
[  16% ] [90m[1m_update_scan_actions[22m | bag25.png[39m[0m
[  16% ] [90m[1m_update_scan_actions[22m | 01.png[39m[0m
[  16% ] [90m[1m_update_scan_actions[22m | bag.obj[39m[0m
[  16% ] [90m[1m_update_scan_actions[22m | body.png[39m[0m
[  17% ] [90m[1m_update_scan_actions[22m | foot.png[39m[0m
[  17% ] [90m[1m_update_scan_actions[22m | hand.png[39m[0m
[  17% ] [90m[1m_update_scan_actions[22m | head.png[39m[0m
[  17% ] [90m[1m_update_scan_actions[22m | jian.png[39m[0m
[  17% ] [90m[1m_update_scan_actions[22m | player.gltf[39m[0m
[  17% ] [90m[1m_update_scan_actions[22m | 01.png[39m[0m
[  17% ] [90m[1m_update_scan_actions[22m | body.png[39m[0m
[  17% ] [90m[1m_update_scan_actions[22m | foot.png[39m[0m
[  17% ] [90m[1m_update_scan_actions[22m | hand.png[39m[0m
[  17% ] [90m[1m_update_scan_actions[22m | head.png[39m[0m
[  17% ] [90m[1m_update_scan_actions[22m | jian.png[39m[0m
[  17% ] [90m[1m_update_scan_actions[22m | player.obj[39m[0m
[  17% ] [90m[1m_update_scan_actions[22m | gun0910.png[39m[0m
[  17% ] [90m[1m_update_scan_actions[22m | gun0910_hd.png[39m[0m
[  17% ] [90m[1m_update_scan_actions[22m | original_rocket.obj[39m[0m
[  17% ] [90m[1m_update_scan_actions[22m | plasma_bolt1_red.png[39m[0m
[  17% ] [90m[1m_update_scan_actions[22m | 33_EartherBreaker_D.png[39m[0m
[  17% ] [90m[1m_update_scan_actions[22m | 33_EartherBreaker_L.png[39m[0m
[  17% ] [90m[1m_update_scan_actions[22m | Bag09_Float_LA_01.png[39m[0m
[  17% ] [90m[1m_update_scan_actions[22m | c02.png[39m[0m
[  17% ] [90m[1m_update_scan_actions[22m | FL334AR_TB10-LW.png[39m[0m
[  17% ] [90m[1m_update_scan_actions[22m | FR28A_MA72.png[39m[0m
[  17% ] [90m[1m_update_scan_actions[22m | G22.png[39m[0m
[  17% ] [90m[1m_update_scan_actions[22m | gong_1.png[39m[0m
[  17% ] [90m[1m_update_scan_actions[22m | guiji-0657.png[39m[0m
[  17% ] [90m[1m_update_scan_actions[22m | gun00.obj[39m[0m
[  17% ] [90m[1m_update_scan_actions[22m | gun00_body.obj[39m[0m
[  17% ] [90m[1m_update_scan_actions[22m | gun00_magazine.obj[39m[0m
[  17% ] [90m[1m_update_scan_actions[22m | gun01.obj[39m[0m
[  17% ] [90m[1m_update_scan_actions[22m | gun01_body.obj[39m[0m
[  17% ] [90m[1m_update_scan_actions[22m | gun01_reload.obj[39m[0m
[  17% ] [90m[1m_update_scan_actions[22m | gun02.obj[39m[0m
[  17% ] [90m[1m_update_scan_actions[22m | gun02_body.obj[39m[0m
[  17% ] [90m[1m_update_scan_actions[22m | gun02_reload.obj[39m[0m
[  17% ] [90m[1m_update_scan_actions[22m | gun03.obj[39m[0m
[  17% ] [90m[1m_update_scan_actions[22m | gun03_body.obj[39m[0m
[  17% ] [90m[1m_update_scan_actions[22m | gun03_reload.obj[39m[0m
[  17% ] [90m[1m_update_scan_actions[22m | gun04.obj[39m[0m
[  17% ] [90m[1m_update_scan_actions[22m | gun04_body.obj[39m[0m
[  17% ] [90m[1m_update_scan_actions[22m | gun04_reload.obj[39m[0m
[  17% ] [90m[1m_update_scan_actions[22m | gun05.obj[39m[0m
[  17% ] [90m[1m_update_scan_actions[22m | gun05_body.obj[39m[0m
[  17% ] [90m[1m_update_scan_actions[22m | gun05_reload.obj[39m[0m
[  17% ] [90m[1m_update_scan_actions[22m | gun06.obj[39m[0m
[  17% ] [90m[1m_update_scan_actions[22m | gun07.obj[39m[0m
[  18% ] [90m[1m_update_scan_actions[22m | gun08.obj[39m[0m
[  18% ] [90m[1m_update_scan_actions[22m | gun09.obj[39m[0m
[  18% ] [90m[1m_update_scan_actions[22m | gun10.obj[39m[0m
[  18% ] [90m[1m_update_scan_actions[22m | gun11.obj[39m[0m
[  18% ] [90m[1m_update_scan_actions[22m | gun11_body.obj[39m[0m
[  18% ] [90m[1m_update_scan_actions[22m | gun11_rocket.obj[39m[0m
[  18% ] [90m[1m_update_scan_actions[22m | gun12.obj[39m[0m
[  18% ] [90m[1m_update_scan_actions[22m | gun12_body.obj[39m[0m
[  18% ] [90m[1m_update_scan_actions[22m | gun12_reload.obj[39m[0m
[  18% ] [90m[1m_update_scan_actions[22m | gun13.obj[39m[0m
[  18% ] [90m[1m_update_scan_actions[22m | gun13.png[39m[0m
[  18% ] [90m[1m_update_scan_actions[22m | gun13_body.obj[39m[0m
[  18% ] [90m[1m_update_scan_actions[22m | gun13_reload.obj[39m[0m
[  18% ] [90m[1m_update_scan_actions[22m | gun14.obj[39m[0m
[  18% ] [90m[1m_update_scan_actions[22m | gun14_body.obj[39m[0m
[  18% ] [90m[1m_update_scan_actions[22m | gun14_reload.obj[39m[0m
[  18% ] [90m[1m_update_scan_actions[22m | gun15.obj[39m[0m
[  18% ] [90m[1m_update_scan_actions[22m | gun15_body.obj[39m[0m
[  18% ] [90m[1m_update_scan_actions[22m | gun15_reload.obj[39m[0m
[  18% ] [90m[1m_update_scan_actions[22m | gun16.obj[39m[0m
[  18% ] [90m[1m_update_scan_actions[22m | gun16_body.obj[39m[0m
[  18% ] [90m[1m_update_scan_actions[22m | gun16_reload.obj[39m[0m
[  18% ] [90m[1m_update_scan_actions[22m | gun17.obj[39m[0m
[  18% ] [90m[1m_update_scan_actions[22m | gun18.obj[39m[0m
[  18% ] [90m[1m_update_scan_actions[22m | gun19.obj[39m[0m
[  18% ] [90m[1m_update_scan_actions[22m | gun20.obj[39m[0m
[  18% ] [90m[1m_update_scan_actions[22m | gun21.obj[39m[0m
[  18% ] [90m[1m_update_scan_actions[22m | gun22.obj[39m[0m
[  18% ] [90m[1m_update_scan_actions[22m | gun23.obj[39m[0m
[  18% ] [90m[1m_update_scan_actions[22m | gun24.obj[39m[0m
[  18% ] [90m[1m_update_scan_actions[22m | gun25.obj[39m[0m
[  18% ] [90m[1m_update_scan_actions[22m | gun26.obj[39m[0m
[  18% ] [90m[1m_update_scan_actions[22m | gun27.obj[39m[0m
[  18% ] [90m[1m_update_scan_actions[22m | gun28.obj[39m[0m
[  18% ] [90m[1m_update_scan_actions[22m | gun29.obj[39m[0m
[  18% ] [90m[1m_update_scan_actions[22m | gun30.obj[39m[0m
[  18% ] [90m[1m_update_scan_actions[22m | gun30_body.obj[39m[0m
[  18% ] [90m[1m_update_scan_actions[22m | gun30_reload.obj[39m[0m
[  18% ] [90m[1m_update_scan_actions[22m | gun31.obj[39m[0m
[  18% ] [90m[1m_update_scan_actions[22m | gun32.obj[39m[0m
[  18% ] [90m[1m_update_scan_actions[22m | gun33.obj[39m[0m
[  18% ] [90m[1m_update_scan_actions[22m | gun34.obj[39m[0m
[  18% ] [90m[1m_update_scan_actions[22m | gun34_body.obj[39m[0m
[  18% ] [90m[1m_update_scan_actions[22m | gun34_reload.obj[39m[0m
[  18% ] [90m[1m_update_scan_actions[22m | gun35.obj[39m[0m
[  18% ] [90m[1m_update_scan_actions[22m | gun35_body.obj[39m[0m
[  19% ] [90m[1m_update_scan_actions[22m | gun35_reload.obj[39m[0m
[  19% ] [90m[1m_update_scan_actions[22m | gun36.obj[39m[0m
[  19% ] [90m[1m_update_scan_actions[22m | gun37.obj[39m[0m
[  19% ] [90m[1m_update_scan_actions[22m | gun38.obj[39m[0m
[  19% ] [90m[1m_update_scan_actions[22m | gun39.obj[39m[0m
[  19% ] [90m[1m_update_scan_actions[22m | gun40.obj[39m[0m
[  19% ] [90m[1m_update_scan_actions[22m | gun40_body.obj[39m[0m
[  19% ] [90m[1m_update_scan_actions[22m | gun40_reload.obj[39m[0m
[  19% ] [90m[1m_update_scan_actions[22m | gun41.obj[39m[0m
[  19% ] [90m[1m_update_scan_actions[22m | gun41_body.obj[39m[0m
[  19% ] [90m[1m_update_scan_actions[22m | gun41_reload.obj[39m[0m
[  19% ] [90m[1m_update_scan_actions[22m | gun42.obj[39m[0m
[  19% ] [90m[1m_update_scan_actions[22m | gun43.obj[39m[0m
[  19% ] [90m[1m_update_scan_actions[22m | gun43_body.obj[39m[0m
[  19% ] [90m[1m_update_scan_actions[22m | gun43_reload.obj[39m[0m
[  19% ] [90m[1m_update_scan_actions[22m | gun44.obj[39m[0m
[  19% ] [90m[1m_update_scan_actions[22m | gun45.obj[39m[0m
[  19% ] [90m[1m_update_scan_actions[22m | gun45_body.obj[39m[0m
[  19% ] [90m[1m_update_scan_actions[22m | gun45_reload.obj[39m[0m
[  19% ] [90m[1m_update_scan_actions[22m | gun46.obj[39m[0m
[  19% ] [90m[1m_update_scan_actions[22m | gun0506.png[39m[0m
[  19% ] [90m[1m_update_scan_actions[22m | gun0708.png[39m[0m
[  19% ] [90m[1m_update_scan_actions[22m | gun0910.png[39m[0m
[  19% ] [90m[1m_update_scan_actions[22m | gun1112.png[39m[0m
[  19% ] [90m[1m_update_scan_actions[22m | gunChristmas.png[39m[0m
[  19% ] [90m[1m_update_scan_actions[22m | gun_1.png[39m[0m
[  19% ] [90m[1m_update_scan_actions[22m | gun_2.png[39m[0m
[  19% ] [90m[1m_update_scan_actions[22m | gun_17.png[39m[0m
[  19% ] [90m[1m_update_scan_actions[22m | gun_17_l.png[39m[0m
[  19% ] [90m[1m_update_scan_actions[22m | gun_up1_gzgj.png[39m[0m
[  19% ] [90m[1m_update_scan_actions[22m | gun_up_1_gzbq0102.png[39m[0m
[  19% ] [90m[1m_update_scan_actions[22m | gun_up_1_gzqgj_l.png[39m[0m
[  19% ] [90m[1m_update_scan_actions[22m | gun_up_gzqgj.png[39m[0m
[  19% ] [90m[1m_update_scan_actions[22m | GXDJ_2.png[39m[0m
[  19% ] [90m[1m_update_scan_actions[22m | HotWing_D.png[39m[0m
[  19% ] [90m[1m_update_scan_actions[22m | HotWing_L.png[39m[0m
[  19% ] [90m[1m_update_scan_actions[22m | jian_zujiqiang.png[39m[0m
[  19% ] [90m[1m_update_scan_actions[22m | jjq.png[39m[0m
[  19% ] [90m[1m_update_scan_actions[22m | joke.png[39m[0m
[  19% ] [90m[1m_update_scan_actions[22m | joke_01.png[39m[0m
[  19% ] [90m[1m_update_scan_actions[22m | joke_L.png[39m[0m
[  19% ] [90m[1m_update_scan_actions[22m | leiquan.png[39m[0m
[  19% ] [90m[1m_update_scan_actions[22m | lg_001.png[39m[0m
[  19% ] [90m[1m_update_scan_actions[22m | lg_002.png[39m[0m
[  19% ] [90m[1m_update_scan_actions[22m | M347_Ge09x.png[39m[0m
[  20% ] [90m[1m_update_scan_actions[22m | M-Z7B2.png[39m[0m
[  20% ] [90m[1m_update_scan_actions[22m | maichong.png[39m[0m
[  20% ] [90m[1m_update_scan_actions[22m | MG.png[39m[0m
[  20% ] [90m[1m_update_scan_actions[22m | MS06_FR43C.png[39m[0m
[  20% ] [90m[1m_update_scan_actions[22m | rpg-8_rpg-8a.png[39m[0m
[  20% ] [90m[1m_update_scan_actions[22m | S92M_T740.png[39m[0m
[  20% ] [90m[1m_update_scan_actions[22m | SD58_WD03S.png[39m[0m
[  20% ] [90m[1m_update_scan_actions[22m | shandian_003.png[39m[0m
[  20% ] [90m[1m_update_scan_actions[22m | TB10-LW_NOVA27.png[39m[0m
[  20% ] [90m[1m_update_scan_actions[22m | TheArrow_d.png[39m[0m
[  20% ] [90m[1m_update_scan_actions[22m | AST-KK_FiringSound.wav[39m[0m
[  20% ] [90m[1m_update_scan_actions[22m | FL334AR_FiringSound.wav[39m[0m
[  20% ] [90m[1m_update_scan_actions[22m | FR28a_FiringSound.wav[39m[0m
[  20% ] [90m[1m_update_scan_actions[22m | FR43C_FiringSound.wav[39m[0m
[  20% ] [90m[1m_update_scan_actions[22m | MA72_FiringSound.wav[39m[0m
[  20% ] [90m[1m_update_scan_actions[22m | MS06_FiringSound.wav[39m[0m
[  20% ] [90m[1m_update_scan_actions[22m | TB10-LW_FiringSound.wav[39m[0m
[  20% ] [90m[1m_update_scan_actions[22m | blank_shot01.wav[39m[0m
[  20% ] [90m[1m_update_scan_actions[22m | blank_shot02.wav[39m[0m
[  20% ] [90m[1m_update_scan_actions[22m | blank_shot.wav[39m[0m
[  20% ] [90m[1m_update_scan_actions[22m | black_disk_bounce01.wav[39m[0m
[  20% ] [90m[1m_update_scan_actions[22m | black_disk_bounce02.wav[39m[0m
[  20% ] [90m[1m_update_scan_actions[22m | black_disk_bounce03.wav[39m[0m
[  20% ] [90m[1m_update_scan_actions[22m | black_disk_bounce04.wav[39m[0m
[  20% ] [90m[1m_update_scan_actions[22m | black_disk_fire01.wav[39m[0m
[  20% ] [90m[1m_update_scan_actions[22m | black_disk_fire02.wav[39m[0m
[  20% ] [90m[1m_update_scan_actions[22m | nailgun_fire.wav[39m[0m
[  20% ] [90m[1m_update_scan_actions[22m | long_attacked.wav[39m[0m
[  20% ] [90m[1m_update_scan_actions[22m | long_feixing.wav[39m[0m
[  20% ] [90m[1m_update_scan_actions[22m | long_fly_attack.wav[39m[0m
[  20% ] [90m[1m_update_scan_actions[22m | long_fly_dive.wav[39m[0m
[  20% ] [90m[1m_update_scan_actions[22m | long_fly_sprint2.wav[39m[0m
[  20% ] [90m[1m_update_scan_actions[22m | long_fly_sprint3.wav[39m[0m
[  20% ] [90m[1m_update_scan_actions[22m | long_housheng_1.wav[39m[0m
[  20% ] [90m[1m_update_scan_actions[22m | long_housheng_2.wav[39m[0m
[  20% ] [90m[1m_update_scan_actions[22m | long_luodi.wav[39m[0m
[  20% ] [90m[1m_update_scan_actions[22m | long_tuxi_1.wav[39m[0m
[  20% ] [90m[1m_update_scan_actions[22m | long_tuxi_2.wav[39m[0m
[  20% ] [90m[1m_update_scan_actions[22m | long_walk.wav[39m[0m
[  20% ] [90m[1m_update_scan_actions[22m | long_wing_1.wav[39m[0m
[  20% ] [90m[1m_update_scan_actions[22m | long_wing_2.wav[39m[0m
[  20% ] [90m[1m_update_scan_actions[22m | attack_dash_fastidle1.wav[39m[0m
[  20% ] [90m[1m_update_scan_actions[22m | attack_dash_fastidle2.wav[39m[0m
[  20% ] [90m[1m_update_scan_actions[22m | attack_dash_idle.wav[39m[0m
[  20% ] [90m[1m_update_scan_actions[22m | attack_dash_start.wav[39m[0m
[  20% ] [90m[1m_update_scan_actions[22m | attack_spit1.wav[39m[0m
[  21% ] [90m[1m_update_scan_actions[22m | attack_spit2.wav[39m[0m
[  21% ] [90m[1m_update_scan_actions[22m | attack_tail1.wav[39m[0m
[  21% ] [90m[1m_update_scan_actions[22m | attack_tail2.wav[39m[0m
[  21% ] [90m[1m_update_scan_actions[22m | dead.wav[39m[0m
[  21% ] [90m[1m_update_scan_actions[22m | ground_in.wav[39m[0m
[  21% ] [90m[1m_update_scan_actions[22m | ground_out1.wav[39m[0m
[  21% ] [90m[1m_update_scan_actions[22m | ground_out2.wav[39m[0m
[  21% ] [90m[1m_update_scan_actions[22m | hit.wav[39m[0m
[  21% ] [90m[1m_update_scan_actions[22m | rage2.wav[39m[0m
[  21% ] [90m[1m_update_scan_actions[22m | rage3.wav[39m[0m
[  21% ] [90m[1m_update_scan_actions[22m | rage.wav[39m[0m
[  21% ] [90m[1m_update_scan_actions[22m | ready_to_break.wav[39m[0m
[  21% ] [90m[1m_update_scan_actions[22m | run.wav[39m[0m
[  21% ] [90m[1m_update_scan_actions[22m | feixingtanglang_fly_attack_03.wav[39m[0m
[  21% ] [90m[1m_update_scan_actions[22m | feixingtanglang_fly_idle.wav[39m[0m
[  21% ] [90m[1m_update_scan_actions[22m | feixingtanglang_fly_walk.wav[39m[0m
[  21% ] [90m[1m_update_scan_actions[22m | feixingtanglang_fuchong2.wav[39m[0m
[  21% ] [90m[1m_update_scan_actions[22m | feixingtanglang_gongjiqian.wav[39m[0m
[  21% ] [90m[1m_update_scan_actions[22m | feixingtanglang_luodi.wav[39m[0m
[  21% ] [90m[1m_update_scan_actions[22m | feixingtanglang_qifei.wav[39m[0m
[  21% ] [90m[1m_update_scan_actions[22m | feixingtanglang_wing_1.wav[39m[0m
[  21% ] [90m[1m_update_scan_actions[22m | feixingtanglang_wing_2.wav[39m[0m
[  21% ] [90m[1m_update_scan_actions[22m | tanglang_attacked.wav[39m[0m
[  21% ] [90m[1m_update_scan_actions[22m | tanglang_attack_01.wav[39m[0m
[  21% ] [90m[1m_update_scan_actions[22m | tanglang_dead.wav[39m[0m
[  21% ] [90m[1m_update_scan_actions[22m | tanglang_fly_attack01.wav[39m[0m
[  21% ] [90m[1m_update_scan_actions[22m | tanglang_fly_attack02.wav[39m[0m
[  21% ] [90m[1m_update_scan_actions[22m | tanglang_fuchong_02.wav[39m[0m
[  21% ] [90m[1m_update_scan_actions[22m | tanglang_jiguang.wav[39m[0m
[  21% ] [90m[1m_update_scan_actions[22m | tanglang_run.wav[39m[0m
[  21% ] [90m[1m_update_scan_actions[22m | jixiebichuidigongji.wav[39m[0m
[  21% ] [90m[1m_update_scan_actions[22m | jixiemendakai.wav[39m[0m
[  21% ] [90m[1m_update_scan_actions[22m | kongqipaofashe.wav[39m[0m
[  21% ] [90m[1m_update_scan_actions[22m | laser.wav[39m[0m
[  21% ] [90m[1m_update_scan_actions[22m | liwuhe.wav[39m[0m
[  21% ] [90m[1m_update_scan_actions[22m | piqiu.wav[39m[0m
[  21% ] [90m[1m_update_scan_actions[22m | siwang.wav[39m[0m
[  21% ] [90m[1m_update_scan_actions[22m | xiaochouxiaosheng.wav[39m[0m
[  21% ] [90m[1m_update_scan_actions[22m | XMAS_reload.mp3[39m[0m
[  21% ] [90m[1m_update_scan_actions[22m | xunlu.wav[39m[0m
[  21% ] [90m[1m_update_scan_actions[22m | juxingjiachong.wav[39m[0m
[  21% ] [90m[1m_update_scan_actions[22m | juxingjiachong_attack_04.wav[39m[0m
[  21% ] [90m[1m_update_scan_actions[22m | juxingjiachong_dead.wav[39m[0m
[  21% ] [90m[1m_update_scan_actions[22m | juxingjiachong_duye.wav[39m[0m
[  21% ] [90m[1m_update_scan_actions[22m | juxingjiachong_hurt.wav[39m[0m
[  22% ] [90m[1m_update_scan_actions[22m | juxingjiachong_jump1.wav[39m[0m
[  22% ] [90m[1m_update_scan_actions[22m | juxingjiachong_jump03.wav[39m[0m
[  22% ] [90m[1m_update_scan_actions[22m | juxingjiachong_rage.wav[39m[0m
[  22% ] [90m[1m_update_scan_actions[22m | juxingjiachong_run.wav[39m[0m
[  22% ] [90m[1m_update_scan_actions[22m | juxingjiachong_taunt.wav[39m[0m
[  22% ] [90m[1m_update_scan_actions[22m | juxingjiachong_walk.wav[39m[0m
[  22% ] [90m[1m_update_scan_actions[22m | daxingjiachong.wav[39m[0m
[  22% ] [90m[1m_update_scan_actions[22m | feixingchong.wav[39m[0m
[  22% ] [90m[1m_update_scan_actions[22m | gaosuchong.wav[39m[0m
[  22% ] [90m[1m_update_scan_actions[22m | gongchong.wav[39m[0m
[  22% ] [90m[1m_update_scan_actions[22m | jinjiachong.wav[39m[0m
[  22% ] [90m[1m_update_scan_actions[22m | luntaichong_juansuo.wav[39m[0m
[  22% ] [90m[1m_update_scan_actions[22m | luntaichong_shuzhan.wav[39m[0m
[  22% ] [90m[1m_update_scan_actions[22m | xeiweichong.wav[39m[0m
[  22% ] [90m[1m_update_scan_actions[22m | zibaochong.wav[39m[0m
[  22% ] [90m[1m_update_scan_actions[22m | grenade_launcher_boom.wav[39m[0m
[  22% ] [90m[1m_update_scan_actions[22m | grenade_launcher_fire.wav[39m[0m
[  22% ] [90m[1m_update_scan_actions[22m | laser_charge.wav[39m[0m
[  22% ] [90m[1m_update_scan_actions[22m | laser_fire.wav[39m[0m
[  22% ] [90m[1m_update_scan_actions[22m | laser_fire_loop.wav[39m[0m
[  22% ] [90m[1m_update_scan_actions[22m | laser_rifle_fire.wav[39m[0m
[  22% ] [90m[1m_update_scan_actions[22m | light_sword01.wav[39m[0m
[  22% ] [90m[1m_update_scan_actions[22m | light_sword02.wav[39m[0m
[  22% ] [90m[1m_update_scan_actions[22m | light_sword03.wav[39m[0m
[  22% ] [90m[1m_update_scan_actions[22m | light_sword_swing01.wav[39m[0m
[  22% ] [90m[1m_update_scan_actions[22m | light_sword_swing02.wav[39m[0m
[  22% ] [90m[1m_update_scan_actions[22m | windblade.wav[39m[0m
[  22% ] [90m[1m_update_scan_actions[22m | M-27B1_FiringSound_01.wav[39m[0m
[  22% ] [90m[1m_update_scan_actions[22m | M-27B1_FiringSound_02.wav[39m[0m
[  22% ] [90m[1m_update_scan_actions[22m | M-27B1_FiringSound_03.wav[39m[0m
[  22% ] [90m[1m_update_scan_actions[22m | M-Z7B2_FiringSound_01.wav[39m[0m
[  22% ] [90m[1m_update_scan_actions[22m | M-Z7B2_FiringSound_02.wav[39m[0m
[  22% ] [90m[1m_update_scan_actions[22m | M-Z7B2_FiringSound_03.wav[39m[0m
[  22% ] [90m[1m_update_scan_actions[22m | MCP76_FiringSound_01.wav[39m[0m
[  22% ] [90m[1m_update_scan_actions[22m | MCP76_FiringSound_02.wav[39m[0m
[  22% ] [90m[1m_update_scan_actions[22m | MCP76_FiringSound_03.wav[39m[0m
[  22% ] [90m[1m_update_scan_actions[22m | back_cancle.wav[39m[0m
[  22% ] [90m[1m_update_scan_actions[22m | click_back.wav[39m[0m
[  22% ] [90m[1m_update_scan_actions[22m | click_ok.wav[39m[0m
[  22% ] [90m[1m_update_scan_actions[22m | exp.wav[39m[0m
[  22% ] [90m[1m_update_scan_actions[22m | menumusic.wav[39m[0m
[  22% ] [90m[1m_update_scan_actions[22m | mount_gears.wav[39m[0m
[  22% ] [90m[1m_update_scan_actions[22m | mount_weapon.wav[39m[0m
[  22% ] [90m[1m_update_scan_actions[22m | pause.wav[39m[0m
[  22% ] [90m[1m_update_scan_actions[22m | pause_back.wav[39m[0m
[  23% ] [90m[1m_update_scan_actions[22m | rankup.wav[39m[0m
[  23% ] [90m[1m_update_scan_actions[22m | switch_items.wav[39m[0m
[  23% ] [90m[1m_update_scan_actions[22m | drop_flag.wav[39m[0m
[  23% ] [90m[1m_update_scan_actions[22m | get_flag.wav[39m[0m
[  23% ] [90m[1m_update_scan_actions[22m | killcombo.wav[39m[0m
[  23% ] [90m[1m_update_scan_actions[22m | moneyup.wav[39m[0m
[  23% ] [90m[1m_update_scan_actions[22m | pickup_energy.wav[39m[0m
[  23% ] [90m[1m_update_scan_actions[22m | pickup_money01.wav[39m[0m
[  23% ] [90m[1m_update_scan_actions[22m | pickup_money02.wav[39m[0m
[  23% ] [90m[1m_update_scan_actions[22m | win_flag.wav[39m[0m
[  23% ] [90m[1m_update_scan_actions[22m | rpg-21_boom.wav[39m[0m
[  23% ] [90m[1m_update_scan_actions[22m | rpg-21_FiringSound.wav[39m[0m
[  23% ] [90m[1m_update_scan_actions[22m | rpg-24_boom.wav[39m[0m
[  23% ] [90m[1m_update_scan_actions[22m | rpg-24_FiringSound.wav[39m[0m
[  23% ] [90m[1m_update_scan_actions[22m | rpg-31_boom.wav[39m[0m
[  23% ] [90m[1m_update_scan_actions[22m | rpg-31_FiringSound.wav[39m[0m
[  23% ] [90m[1m_update_scan_actions[22m | MORPHEUS.wav[39m[0m
[  23% ] [90m[1m_update_scan_actions[22m | MORPHEUS_01.wav[39m[0m
[  23% ] [90m[1m_update_scan_actions[22m | S92M_FiringSound.wav[39m[0m
[  23% ] [90m[1m_update_scan_actions[22m | SD58_FiringSound.wav[39m[0m
[  23% ] [90m[1m_update_scan_actions[22m | ShotgunCock01.wav[39m[0m
[  23% ] [90m[1m_update_scan_actions[22m | ShotgunCock02.wav[39m[0m
[  23% ] [90m[1m_update_scan_actions[22m | T740_FiringSound.wav[39m[0m
[  23% ] [90m[1m_update_scan_actions[22m | TSG-03_FiringSound.wav[39m[0m
[  23% ] [90m[1m_update_scan_actions[22m | WD03S_FiringSound.wav[39m[0m
[  23% ] [90m[1m_update_scan_actions[22m | r100_railgun.wav[39m[0m
[  23% ] [90m[1m_update_scan_actions[22m | Snow.wav[39m[0m
[  23% ] [90m[1m_update_scan_actions[22m | Snow_loop.wav[39m[0m
[  23% ] [90m[1m_update_scan_actions[22m | Snow_Start.wav[39m[0m
[  23% ] [90m[1m_update_scan_actions[22m | energy_glove_fire.wav[39m[0m
[  23% ] [90m[1m_update_scan_actions[22m | lightbow_hum.wav[39m[0m
[  23% ] [90m[1m_update_scan_actions[22m | lightbow_shot.wav[39m[0m
[  23% ] [90m[1m_update_scan_actions[22m | lightbow_unfold.wav[39m[0m
[  23% ] [90m[1m_update_scan_actions[22m | plasma_gun.wav[39m[0m
[  23% ] [90m[1m_update_scan_actions[22m | 270706_rifle.wav[39m[0m
[  23% ] [90m[1m_update_scan_actions[22m | AK47+FiringSound.wav[39m[0m
[  23% ] [90m[1m_update_scan_actions[22m | boss_final.mp3[39m[0m
[  23% ] [90m[1m_update_scan_actions[22m | bow_fire.mp3[39m[0m
[  23% ] [90m[1m_update_scan_actions[22m | djq.wav[39m[0m
[  23% ] [90m[1m_update_scan_actions[22m | enemies_smash1.wav[39m[0m
[  23% ] [90m[1m_update_scan_actions[22m | enemies_smash2.wav[39m[0m
[  23% ] [90m[1m_update_scan_actions[22m | float_idle.wav[39m[0m
[  23% ] [90m[1m_update_scan_actions[22m | float_move.wav[39m[0m
[  23% ] [90m[1m_update_scan_actions[22m | force_shield01.wav[39m[0m
[  23% ] [90m[1m_update_scan_actions[22m | force_shield02.wav[39m[0m
[  23% ] [90m[1m_update_scan_actions[22m | laser_charge.mp3[39m[0m
[  24% ] [90m[1m_update_scan_actions[22m | laser_fire.mp3[39m[0m
[  24% ] [90m[1m_update_scan_actions[22m | lose.wav[39m[0m
[  24% ] [90m[1m_update_scan_actions[22m | normal.mp3[39m[0m
[  24% ] [90m[1m_update_scan_actions[22m | playerGotHit.wav[39m[0m
[  24% ] [90m[1m_update_scan_actions[22m | player_killed_1.wav[39m[0m
[  24% ] [90m[1m_update_scan_actions[22m | rpg.wav[39m[0m
[  24% ] [90m[1m_update_scan_actions[22m | walk_crement.wav[39m[0m
[  24% ] [90m[1m_update_scan_actions[22m | walk_metal.wav[39m[0m
[  24% ] [90m[1m_update_scan_actions[22m | wish.mp3[39m[0m
[  24% ] [90m[1m_update_scan_actions[22m | font1.png[39m[0m
[  24% ] [90m[1m_update_scan_actions[22m | ZEROTWOS.ttf[39m[0m
[  24% ] [90m[1m_update_scan_actions[22m | AdsAtlas.png[39m[0m
[  24% ] [90m[1m_update_scan_actions[22m | advertise.png[39m[0m
[  24% ] [90m[1m_update_scan_actions[22m | AD2.png[39m[0m
[  24% ] [90m[1m_update_scan_actions[22m | AdsAtlas.png[39m[0m
[  24% ] [90m[1m_update_scan_actions[22m | AD2.png[39m[0m
[  24% ] [90m[1m_update_scan_actions[22m | AdsAtlas.png[39m[0m
[  24% ] [90m[1m_update_scan_actions[22m | Font1Atlas.png[39m[0m
[  24% ] [90m[1m_update_scan_actions[22m | hud_1_0.png[39m[0m
[  24% ] [90m[1m_update_scan_actions[22m | Font2Atlas.png[39m[0m
[  24% ] [90m[1m_update_scan_actions[22m | hud_2_0.png[39m[0m
[  24% ] [90m[1m_update_scan_actions[22m | Font3Atlas.png[39m[0m
[  24% ] [90m[1m_update_scan_actions[22m | hud_3_0.png[39m[0m
[  24% ] [90m[1m_update_scan_actions[22m | Font4Atlas.png[39m[0m
[  24% ] [90m[1m_update_scan_actions[22m | hud_4_0.png[39m[0m
[  24% ] [90m[1m_update_scan_actions[22m | Font5Atlas.png[39m[0m
[  24% ] [90m[1m_update_scan_actions[22m | hud_5_0.png[39m[0m
[  24% ] [90m[1m_update_scan_actions[22m | Font6Atlas.png[39m[0m
[  24% ] [90m[1m_update_scan_actions[22m | hud_6_0.png[39m[0m
[  24% ] [90m[1m_update_scan_actions[22m | HUD.png[39m[0m
[  24% ] [90m[1m_update_scan_actions[22m | white.png[39m[0m
[  24% ] [90m[1m_update_scan_actions[22m | weapons1.png[39m[0m
[  24% ] [90m[1m_update_scan_actions[22m | 0.png[39m[0m
[  24% ] [90m[1m_update_scan_actions[22m | 1.png[39m[0m
[  24% ] [90m[1m_update_scan_actions[22m | 2.png[39m[0m
[  24% ] [90m[1m_update_scan_actions[22m | 3.png[39m[0m
[  24% ] [90m[1m_update_scan_actions[22m | 4.png[39m[0m
[  24% ] [90m[1m_update_scan_actions[22m | 5.png[39m[0m
[  24% ] [90m[1m_update_scan_actions[22m | 6.png[39m[0m
[  24% ] [90m[1m_update_scan_actions[22m | 7.png[39m[0m
[  24% ] [90m[1m_update_scan_actions[22m | 8.png[39m[0m
[  24% ] [90m[1m_update_scan_actions[22m | 9.png[39m[0m
[  24% ] [90m[1m_update_scan_actions[22m | 10.png[39m[0m
[  24% ] [90m[1m_update_scan_actions[22m | 11.png[39m[0m
[  24% ] [90m[1m_update_scan_actions[22m | 12.png[39m[0m
[  25% ] [90m[1m_update_scan_actions[22m | 13.png[39m[0m
[  25% ] [90m[1m_update_scan_actions[22m | 14.png[39m[0m
[  25% ] [90m[1m_update_scan_actions[22m | 15.png[39m[0m
[  25% ] [90m[1m_update_scan_actions[22m | 16.png[39m[0m
[  25% ] [90m[1m_update_scan_actions[22m | 17.png[39m[0m
[  25% ] [90m[1m_update_scan_actions[22m | 18.png[39m[0m
[  25% ] [90m[1m_update_scan_actions[22m | 19.png[39m[0m
[  25% ] [90m[1m_update_scan_actions[22m | 20.png[39m[0m
[  25% ] [90m[1m_update_scan_actions[22m | 21.png[39m[0m
[  25% ] [90m[1m_update_scan_actions[22m | 22.png[39m[0m
[  25% ] [90m[1m_update_scan_actions[22m | lock.png[39m[0m
[  25% ] [90m[1m_update_scan_actions[22m | unlock1.png[39m[0m
[  25% ] [90m[1m_update_scan_actions[22m | unlock.png[39m[0m
[  25% ] [90m[1m_update_scan_actions[22m | danjia.png[39m[0m
[  25% ] [90m[1m_update_scan_actions[22m | danjia_l.png[39m[0m
[  25% ] [90m[1m_update_scan_actions[22m | Default-Particle.png[39m[0m
[  25% ] [90m[1m_update_scan_actions[22m | gq_002.png[39m[0m
[  25% ] [90m[1m_update_scan_actions[22m | gq_003.png[39m[0m
[  25% ] [90m[1m_update_scan_actions[22m | money.png[39m[0m
[  25% ] [90m[1m_update_scan_actions[22m | star002.png[39m[0m
[  25% ] [90m[1m_update_scan_actions[22m | star004.png[39m[0m
[  25% ] [90m[1m_update_scan_actions[22m | act_imp_knife_01.wav[39m[0m
[  25% ] [90m[1m_update_scan_actions[22m | act_imp_knife_02.wav[39m[0m
[  25% ] [90m[1m_update_scan_actions[22m | act_imp_knife_03.wav[39m[0m
[  25% ] [90m[1m_update_scan_actions[22m | act_woosh_fist_01.wav[39m[0m
[  25% ] [90m[1m_update_scan_actions[22m | act_woosh_fist_02.wav[39m[0m
[  25% ] [90m[1m_update_scan_actions[22m | act_woosh_fist_03.wav[39m[0m
[  25% ] [90m[1m_update_scan_actions[22m | act_woosh_throw_01.wav[39m[0m
[  25% ] [90m[1m_update_scan_actions[22m | act_woosh_throw_02.wav[39m[0m
[  25% ] [90m[1m_update_scan_actions[22m | act_woosh_throw_03.wav[39m[0m
[  25% ] [90m[1m_update_scan_actions[22m | fs_falldown_dirt_01.wav[39m[0m
[  25% ] [90m[1m_update_scan_actions[22m | fs_falldown_dirt_02.wav[39m[0m
[  25% ] [90m[1m_update_scan_actions[22m | fs_jump_hvy_01.wav[39m[0m
[  25% ] [90m[1m_update_scan_actions[22m | fs_jump_hvy_02.wav[39m[0m
[  25% ] [90m[1m_update_scan_actions[22m | fs_jump_lit_01.wav[39m[0m
[  25% ] [90m[1m_update_scan_actions[22m | fs_jump_lit_02.wav[39m[0m
[  25% ] [90m[1m_update_scan_actions[22m | fs_land_dirt_01.wav[39m[0m
[  25% ] [90m[1m_update_scan_actions[22m | fs_land_dirt_02.wav[39m[0m
[  25% ] [90m[1m_update_scan_actions[22m | fs_roll_01.wav[39m[0m
[  25% ] [90m[1m_update_scan_actions[22m | fs_roll_02.wav[39m[0m
[  25% ] [90m[1m_update_scan_actions[22m | fs_roll_short_01.wav[39m[0m
[  25% ] [90m[1m_update_scan_actions[22m | fs_roll_short_02.wav[39m[0m
[  25% ] [90m[1m_update_scan_actions[22m | fs_run_dirt_01.wav[39m[0m
[  25% ] [90m[1m_update_scan_actions[22m | fs_run_dirt_02.wav[39m[0m
[  25% ] [90m[1m_update_scan_actions[22m | fs_run_dirt_03.wav[39m[0m
[  25% ] [90m[1m_update_scan_actions[22m | fs_run_Santa_01.wav[39m[0m
[  26% ] [90m[1m_update_scan_actions[22m | fs_run_Santa_02.wav[39m[0m
[  26% ] [90m[1m_update_scan_actions[22m | fs_run_Santa_03.wav[39m[0m
[  26% ] [90m[1m_update_scan_actions[22m | fs_run_snow_01.wav[39m[0m
[  26% ] [90m[1m_update_scan_actions[22m | fs_run_snow_02.wav[39m[0m
[  26% ] [90m[1m_update_scan_actions[22m | fs_run_snow_03.wav[39m[0m
[  26% ] [90m[1m_update_scan_actions[22m | Hit_metal_01.wav[39m[0m
[  26% ] [90m[1m_update_scan_actions[22m | Hunter_Skill_Lv2.wav[39m[0m
[  26% ] [90m[1m_update_scan_actions[22m | Hunter_Skill_Lv4.wav[39m[0m
[  26% ] [90m[1m_update_scan_actions[22m | Hunter_Weapon_Fire.wav[39m[0m
[  26% ] [90m[1m_update_scan_actions[22m | imp_amour_03.wav[39m[0m
[  26% ] [90m[1m_update_scan_actions[22m | imp_bullet_body_01.wav[39m[0m
[  26% ] [90m[1m_update_scan_actions[22m | imp_bullet_body_02.wav[39m[0m
[  26% ] [90m[1m_update_scan_actions[22m | imp_bullet_body_03.wav[39m[0m
[  26% ] [90m[1m_update_scan_actions[22m | imp_bullet_metal_lit_01.wav[39m[0m
[  26% ] [90m[1m_update_scan_actions[22m | imp_bullet_metal_lit_02.wav[39m[0m
[  26% ] [90m[1m_update_scan_actions[22m | imp_bullet_metal_lit_03.wav[39m[0m
[  26% ] [90m[1m_update_scan_actions[22m | imp_bullet_stone_01.wav[39m[0m
[  26% ] [90m[1m_update_scan_actions[22m | imp_bullet_stone_02.wav[39m[0m
[  26% ] [90m[1m_update_scan_actions[22m | imp_bullet_stone_03.wav[39m[0m
[  26% ] [90m[1m_update_scan_actions[22m | imp_metal_hvy.wav[39m[0m
[  26% ] [90m[1m_update_scan_actions[22m | imp_stone_metal_hvy.wav[39m[0m
[  26% ] [90m[1m_update_scan_actions[22m | Lentiwhisperer_Skill_Lv2.wav[39m[0m
[  26% ] [90m[1m_update_scan_actions[22m | Lentiwhisperer_Skill_Lv6_1.wav[39m[0m
[  26% ] [90m[1m_update_scan_actions[22m | Lentiwhisperer_Skill_Lv6_2.wav[39m[0m
[  26% ] [90m[1m_update_scan_actions[22m | Lentiwhisperer_Skill_Lv6_3_a.wav[39m[0m
[  26% ] [90m[1m_update_scan_actions[22m | Lentiwhisperer_Skill_Lv6_3_b.wav[39m[0m
[  26% ] [90m[1m_update_scan_actions[22m | MechaSmith_move_1.wav[39m[0m
[  26% ] [90m[1m_update_scan_actions[22m | MechaSmith_move_2.wav[39m[0m
[  26% ] [90m[1m_update_scan_actions[22m | MechaSmith_Skill_Lv2_1.wav[39m[0m
[  26% ] [90m[1m_update_scan_actions[22m | MechaSmith_Skill_Lv2_2.wav[39m[0m
[  26% ] [90m[1m_update_scan_actions[22m | MechaSmith_Skill_Lv4.wav[39m[0m
[  26% ] [90m[1m_update_scan_actions[22m | Metal_creak_01.wav[39m[0m
[  26% ] [90m[1m_update_scan_actions[22m | Metal_creak_02.wav[39m[0m
[  26% ] [90m[1m_update_scan_actions[22m | Metal_creak_03.wav[39m[0m
[  26% ] [90m[1m_update_scan_actions[22m | metal_turret_done_01.wav[39m[0m
[  26% ] [90m[1m_update_scan_actions[22m | metal_turret_done_02.wav[39m[0m
[  26% ] [90m[1m_update_scan_actions[22m | metal_turret_done_03.wav[39m[0m
[  26% ] [90m[1m_update_scan_actions[22m | Mus_industrial.wav[39m[0m
[  26% ] [90m[1m_update_scan_actions[22m | Mus_interior.wav[39m[0m
[  26% ] [90m[1m_update_scan_actions[22m | Mus_intro.wav[39m[0m
[  26% ] [90m[1m_update_scan_actions[22m | Mus_living.wav[39m[0m
[  26% ] [90m[1m_update_scan_actions[22m | Mus_lose.wav[39m[0m
[  26% ] [90m[1m_update_scan_actions[22m | Mus_menu.wav[39m[0m
[  26% ] [90m[1m_update_scan_actions[22m | Mus_shop.wav[39m[0m
[  26% ] [90m[1m_update_scan_actions[22m | Mus_win.wav[39m[0m
[  27% ] [90m[1m_update_scan_actions[22m | Pumpkinknight_Attack_a.wav[39m[0m
[  27% ] [90m[1m_update_scan_actions[22m | Pumpkinknight_Attack_b.wav[39m[0m
[  27% ] [90m[1m_update_scan_actions[22m | Pumpkinknight_Skill_Lv2_1.wav[39m[0m
[  27% ] [90m[1m_update_scan_actions[22m | Pumpkinknight_Skill_Lv2_2.wav[39m[0m
[  27% ] [90m[1m_update_scan_actions[22m | Pumpkinknight_Skill_Lv4.wav[39m[0m
[  27% ] [90m[1m_update_scan_actions[22m | Sarutobi_Attack_a.wav[39m[0m
[  27% ] [90m[1m_update_scan_actions[22m | Sarutobi_Attack_b.wav[39m[0m
[  27% ] [90m[1m_update_scan_actions[22m | Sarutobi_Skill_Lv2_1.wav[39m[0m
[  27% ] [90m[1m_update_scan_actions[22m | Sarutobi_Skill_Lv2_2.wav[39m[0m
[  27% ] [90m[1m_update_scan_actions[22m | Sarutobi_Skill_Lv4.wav[39m[0m
[  27% ] [90m[1m_update_scan_actions[22m | sfx_amour_heal_01.wav[39m[0m
[  27% ] [90m[1m_update_scan_actions[22m | sfx_portal_out.wav[39m[0m
[  27% ] [90m[1m_update_scan_actions[22m | sfx_portal_release.wav[39m[0m
[  27% ] [90m[1m_update_scan_actions[22m | sfx_presentbag_01.wav[39m[0m
[  27% ] [90m[1m_update_scan_actions[22m | sfx_snowman_change_01.wav[39m[0m
[  27% ] [90m[1m_update_scan_actions[22m | sfx_UAV_release.wav[39m[0m
[  27% ] [90m[1m_update_scan_actions[22m | Skills_Absorb01.wav[39m[0m
[  27% ] [90m[1m_update_scan_actions[22m | skills_invisible.wav[39m[0m
[  27% ] [90m[1m_update_scan_actions[22m | skills_shield_active.wav[39m[0m
[  27% ] [90m[1m_update_scan_actions[22m | skills_shield_broken.wav[39m[0m
[  27% ] [90m[1m_update_scan_actions[22m | skill_turrent_active.wav[39m[0m
[  27% ] [90m[1m_update_scan_actions[22m | skill_turrent_explo.wav[39m[0m
[  27% ] [90m[1m_update_scan_actions[22m | skill_turret_fire_01.wav[39m[0m
[  27% ] [90m[1m_update_scan_actions[22m | skill_turret_fire_02.wav[39m[0m
[  27% ] [90m[1m_update_scan_actions[22m | skill_turret_missile_fire.wav[39m[0m
[  27% ] [90m[1m_update_scan_actions[22m | skill_TwirlLoop01.wav[39m[0m
[  27% ] [90m[1m_update_scan_actions[22m | Sniper_Skill_Lv2.wav[39m[0m
[  27% ] [90m[1m_update_scan_actions[22m | Sniper_Skill_Lv4_01.wav[39m[0m
[  27% ] [90m[1m_update_scan_actions[22m | Sniper_Skill_Lv4_02.wav[39m[0m
[  27% ] [90m[1m_update_scan_actions[22m | Sniper_Skill_Lv4_03.wav[39m[0m
[  27% ] [90m[1m_update_scan_actions[22m | Sniper_Weapon_Fire.wav[39m[0m
[  27% ] [90m[1m_update_scan_actions[22m | Sniper_Weapon_PowerUp.wav[39m[0m
[  27% ] [90m[1m_update_scan_actions[22m | UI_back.wav[39m[0m
[  27% ] [90m[1m_update_scan_actions[22m | UI_bonus_get_02.wav[39m[0m
[  27% ] [90m[1m_update_scan_actions[22m | UI_bonus_spin_lp_01.wav[39m[0m
[  27% ] [90m[1m_update_scan_actions[22m | UI_buy.wav[39m[0m
[  27% ] [90m[1m_update_scan_actions[22m | UI_click.wav[39m[0m
[  27% ] [90m[1m_update_scan_actions[22m | UI_click_top.wav[39m[0m
[  27% ] [90m[1m_update_scan_actions[22m | UI_daily_get.wav[39m[0m
[  27% ] [90m[1m_update_scan_actions[22m | UI_daily_open.wav[39m[0m
[  27% ] [90m[1m_update_scan_actions[22m | UI_moveon.wav[39m[0m
[  27% ] [90m[1m_update_scan_actions[22m | UI_reborn.wav[39m[0m
[  27% ] [90m[1m_update_scan_actions[22m | UI_unlock.wav[39m[0m
[  27% ] [90m[1m_update_scan_actions[22m | UI_update.wav[39m[0m
[  27% ] [90m[1m_update_scan_actions[22m | UI_update_character.wav[39m[0m
[  27% ] [90m[1m_update_scan_actions[22m | UI_weapon_equip.wav[39m[0m
[  28% ] [90m[1m_update_scan_actions[22m | Vox_death_01.wav[39m[0m
[  28% ] [90m[1m_update_scan_actions[22m | Vox_death_02.wav[39m[0m
[  28% ] [90m[1m_update_scan_actions[22m | Vox_death_03.wav[39m[0m
[  28% ] [90m[1m_update_scan_actions[22m | Vox_death_04.wav[39m[0m
[  28% ] [90m[1m_update_scan_actions[22m | Vox_DoubleKill.wav[39m[0m
[  28% ] [90m[1m_update_scan_actions[22m | Vox_hurt_01.wav[39m[0m
[  28% ] [90m[1m_update_scan_actions[22m | Vox_hurt_02.wav[39m[0m
[  28% ] [90m[1m_update_scan_actions[22m | Vox_hurt_03.wav[39m[0m
[  28% ] [90m[1m_update_scan_actions[22m | Vox_hurt_04.wav[39m[0m
[  28% ] [90m[1m_update_scan_actions[22m | Vox_MegaKill.wav[39m[0m
[  28% ] [90m[1m_update_scan_actions[22m | Vox_MonsterKill.wav[39m[0m
[  28% ] [90m[1m_update_scan_actions[22m | Vox_QuadraKill.wav[39m[0m
[  28% ] [90m[1m_update_scan_actions[22m | Vox_TripleKill.wav[39m[0m
[  28% ] [90m[1m_update_scan_actions[22m | Weap_alien_050_smg_fire.wav[39m[0m
[  28% ] [90m[1m_update_scan_actions[22m | Weap_alien_051_hg_fire.wav[39m[0m
[  28% ] [90m[1m_update_scan_actions[22m | Weap_alien_052_laserknife_hit.wav[39m[0m
[  28% ] [90m[1m_update_scan_actions[22m | Weap_alien_052_laserknife_ko.wav[39m[0m
[  28% ] [90m[1m_update_scan_actions[22m | Weap_alien_052_laserknife_woosh_01.wav[39m[0m
[  28% ] [90m[1m_update_scan_actions[22m | Weap_alien_052_laserknife_woosh_02.wav[39m[0m
[  28% ] [90m[1m_update_scan_actions[22m | Weap_alien_052_laserknife_woosh_03.wav[39m[0m
[  28% ] [90m[1m_update_scan_actions[22m | Weap_alien_053_Splitter_explo.wav[39m[0m
[  28% ] [90m[1m_update_scan_actions[22m | Weap_alien_053_Splitter_fire.wav[39m[0m
[  28% ] [90m[1m_update_scan_actions[22m | Weap_alien_053_Splitter_set.wav[39m[0m
[  28% ] [90m[1m_update_scan_actions[22m | Weap_alien_054_Pulser_fire.wav[39m[0m
[  28% ] [90m[1m_update_scan_actions[22m | Weap_alien_055_Plasma_fire.wav[39m[0m
[  28% ] [90m[1m_update_scan_actions[22m | Weap_alien_056_rifle_fire.wav[39m[0m
[  28% ] [90m[1m_update_scan_actions[22m | Weap_alien_057_laser_atk.wav[39m[0m
[  28% ] [90m[1m_update_scan_actions[22m | Weap_alien_057_laser_end.wav[39m[0m
[  28% ] [90m[1m_update_scan_actions[22m | Weap_alien_057_laser_lp.wav[39m[0m
[  28% ] [90m[1m_update_scan_actions[22m | Weap_alien_freeze_atk.wav[39m[0m
[  28% ] [90m[1m_update_scan_actions[22m | Weap_alien_freeze_fire.wav[39m[0m
[  28% ] [90m[1m_update_scan_actions[22m | Weap_alien_rockmangun_atk01.wav[39m[0m
[  28% ] [90m[1m_update_scan_actions[22m | Weap_alien_rockmangun_atk02.wav[39m[0m
[  28% ] [90m[1m_update_scan_actions[22m | Weap_alien_rockmangun_hit01.wav[39m[0m
[  28% ] [90m[1m_update_scan_actions[22m | Weap_alien_ShotLaserGun01.wav[39m[0m
[  28% ] [90m[1m_update_scan_actions[22m | Weap_alien_ShotLaserGun01Loop.wav[39m[0m
[  28% ] [90m[1m_update_scan_actions[22m | Weap_alien_sugergun_fire.wav[39m[0m
[  28% ] [90m[1m_update_scan_actions[22m | Weap_alien_sugerstick_fire.wav[39m[0m
[  28% ] [90m[1m_update_scan_actions[22m | Weap_alien_suger_atk.wav[39m[0m
[  28% ] [90m[1m_update_scan_actions[22m | Weap_bullet_drop_01.wav[39m[0m
[  28% ] [90m[1m_update_scan_actions[22m | Weap_bullet_drop_02.wav[39m[0m
[  28% ] [90m[1m_update_scan_actions[22m | Weap_bullet_drop_03.wav[39m[0m
[  28% ] [90m[1m_update_scan_actions[22m | Weap_bullet_drop_hollow_01.wav[39m[0m
[  28% ] [90m[1m_update_scan_actions[22m | Weap_bullet_drop_hollow_02.wav[39m[0m
[  28% ] [90m[1m_update_scan_actions[22m | Weap_bullet_drop_hollow_03.wav[39m[0m
[  29% ] [90m[1m_update_scan_actions[22m | Weap_bullet_empty_01.wav[39m[0m
[  29% ] [90m[1m_update_scan_actions[22m | Weap_bullet_pin.wav[39m[0m
[  29% ] [90m[1m_update_scan_actions[22m | Weap_bullet_set_01.wav[39m[0m
[  29% ] [90m[1m_update_scan_actions[22m | Weap_bullet_set_02.wav[39m[0m
[  29% ] [90m[1m_update_scan_actions[22m | Weap_bullet_set_03.wav[39m[0m
[  29% ] [90m[1m_update_scan_actions[22m | Weap_charge_01.wav[39m[0m
[  29% ] [90m[1m_update_scan_actions[22m | Weap_explo_med_01.wav[39m[0m
[  29% ] [90m[1m_update_scan_actions[22m | Weap_explo_med_02.wav[39m[0m
[  29% ] [90m[1m_update_scan_actions[22m | Weap_explo_med_03.wav[39m[0m
[  29% ] [90m[1m_update_scan_actions[22m | Weap_flamegun_end.wav[39m[0m
[  29% ] [90m[1m_update_scan_actions[22m | Weap_flamegun_fire.wav[39m[0m
[  29% ] [90m[1m_update_scan_actions[22m | Weap_flamegun_lp.wav[39m[0m
[  29% ] [90m[1m_update_scan_actions[22m | Weap_flamegun_reload.wav[39m[0m
[  29% ] [90m[1m_update_scan_actions[22m | Weap_grenade_pinout_01.wav[39m[0m
[  29% ] [90m[1m_update_scan_actions[22m | Weap_hg_charge_01.wav[39m[0m
[  29% ] [90m[1m_update_scan_actions[22m | Weap_hg_charge_02.wav[39m[0m
[  29% ] [90m[1m_update_scan_actions[22m | Weap_hg_fire_01.wav[39m[0m
[  29% ] [90m[1m_update_scan_actions[22m | Weap_hg_fire_02.wav[39m[0m
[  29% ] [90m[1m_update_scan_actions[22m | Weap_hg_fire_03.wav[39m[0m
[  29% ] [90m[1m_update_scan_actions[22m | Weap_hg_reload_01.wav[39m[0m
[  29% ] [90m[1m_update_scan_actions[22m | Weap_hg_reload_02.wav[39m[0m
[  29% ] [90m[1m_update_scan_actions[22m | Weap_mg_fire_01.wav[39m[0m
[  29% ] [90m[1m_update_scan_actions[22m | Weap_mg_fire_02.wav[39m[0m
[  29% ] [90m[1m_update_scan_actions[22m | Weap_mg_fire_03.wav[39m[0m
[  29% ] [90m[1m_update_scan_actions[22m | Weap_mg_pull_bullet.wav[39m[0m
[  29% ] [90m[1m_update_scan_actions[22m | Weap_mg_putdown.wav[39m[0m
[  29% ] [90m[1m_update_scan_actions[22m | Weap_mg_putup.wav[39m[0m
[  29% ] [90m[1m_update_scan_actions[22m | Weap_mg_reload_01.wav[39m[0m
[  29% ] [90m[1m_update_scan_actions[22m | Weap_mg_reload_02.wav[39m[0m
[  29% ] [90m[1m_update_scan_actions[22m | Weap_mg_reload_change.wav[39m[0m
[  29% ] [90m[1m_update_scan_actions[22m | Weap_rifle_charge_01.wav[39m[0m
[  29% ] [90m[1m_update_scan_actions[22m | Weap_rifle_charge_02.wav[39m[0m
[  29% ] [90m[1m_update_scan_actions[22m | Weap_rifle_fire_01.wav[39m[0m
[  29% ] [90m[1m_update_scan_actions[22m | Weap_rifle_fire_02.wav[39m[0m
[  29% ] [90m[1m_update_scan_actions[22m | Weap_rifle_fire_03.wav[39m[0m
[  29% ] [90m[1m_update_scan_actions[22m | Weap_rifle_reload_01.wav[39m[0m
[  29% ] [90m[1m_update_scan_actions[22m | Weap_rifle_reload_02.wav[39m[0m
[  29% ] [90m[1m_update_scan_actions[22m | Weap_rocket_deequip.wav[39m[0m
[  29% ] [90m[1m_update_scan_actions[22m | Weap_rocket_equip.wav[39m[0m
[  29% ] [90m[1m_update_scan_actions[22m | Weap_rocket_fire_01.wav[39m[0m
[  29% ] [90m[1m_update_scan_actions[22m | Weap_rocket_fire_02.wav[39m[0m
[  29% ] [90m[1m_update_scan_actions[22m | Weap_rocket_fire_03.wav[39m[0m
[  29% ] [90m[1m_update_scan_actions[22m | Weap_rocket_grenade_off.wav[39m[0m
[  29% ] [90m[1m_update_scan_actions[22m | Weap_rocket_grenade_on.wav[39m[0m
[  29% ] [90m[1m_update_scan_actions[22m | Weap_saber_charge.wav[39m[0m
[  30% ] [90m[1m_update_scan_actions[22m | Weap_saber_woosh_01.wav[39m[0m
[  30% ] [90m[1m_update_scan_actions[22m | Weap_saber_woosh_02.wav[39m[0m
[  30% ] [90m[1m_update_scan_actions[22m | Weap_saber_woosh_03.wav[39m[0m
[  30% ] [90m[1m_update_scan_actions[22m | Weap_sg_charge_01.wav[39m[0m
[  30% ] [90m[1m_update_scan_actions[22m | Weap_sg_charge_02.wav[39m[0m
[  30% ] [90m[1m_update_scan_actions[22m | Weap_sg_fire_01.wav[39m[0m
[  30% ] [90m[1m_update_scan_actions[22m | Weap_sg_fire_02.wav[39m[0m
[  30% ] [90m[1m_update_scan_actions[22m | Weap_sg_fire_03.wav[39m[0m
[  30% ] [90m[1m_update_scan_actions[22m | Weap_sg_reload_01.wav[39m[0m
[  30% ] [90m[1m_update_scan_actions[22m | Weap_sg_reload_02.wav[39m[0m
[  30% ] [90m[1m_update_scan_actions[22m | Weap_smg_charge_01.wav[39m[0m
[  30% ] [90m[1m_update_scan_actions[22m | Weap_smg_charge_02.wav[39m[0m
[  30% ] [90m[1m_update_scan_actions[22m | Weap_smg_fire_01.wav[39m[0m
[  30% ] [90m[1m_update_scan_actions[22m | Weap_smg_fire_02.wav[39m[0m
[  30% ] [90m[1m_update_scan_actions[22m | Weap_smg_fire_03.wav[39m[0m
[  30% ] [90m[1m_update_scan_actions[22m | Weap_smg_reload_01.wav[39m[0m
[  30% ] [90m[1m_update_scan_actions[22m | Weap_smg_reload_02.wav[39m[0m
[  30% ] [90m[1m_update_scan_actions[22m | Weap_smg_reload_change.wav[39m[0m
[  30% ] [90m[1m_update_scan_actions[22m | Weap_sniper_charge_01.wav[39m[0m
[  30% ] [90m[1m_update_scan_actions[22m | Weap_sniper_charge_02.wav[39m[0m
[  30% ] [90m[1m_update_scan_actions[22m | Weap_sniper_fire_01.wav[39m[0m
[  30% ] [90m[1m_update_scan_actions[22m | Weap_sniper_fire_02.wav[39m[0m
[  30% ] [90m[1m_update_scan_actions[22m | Weap_sniper_fire_03.wav[39m[0m
[  30% ] [90m[1m_update_scan_actions[22m | Weap_sniper_reload_01.wav[39m[0m
[  30% ] [90m[1m_update_scan_actions[22m | Weap_sniper_reload_02.wav[39m[0m
[  30% ] [90m[1m_update_scan_actions[22m | ChatUI_Atlas.png[39m[0m
[  30% ] [90m[1m_update_scan_actions[22m | CommonUI.png[39m[0m
[  30% ] [90m[1m_update_scan_actions[22m | Equipments.png[39m[0m
[  30% ] [90m[1m_update_scan_actions[22m | GuildUI_Atlas.png[39m[0m
[  30% ] [90m[1m_update_scan_actions[22m | RankUI.png[39m[0m
[  30% ] [90m[1m_update_scan_actions[22m | jixiebichuidigongji.wav[39m[0m
[  30% ] [90m[1m_update_scan_actions[22m | jixiemendakai.wav[39m[0m
[  30% ] [90m[1m_update_scan_actions[22m | kongqipaofashe.wav[39m[0m
[  30% ] [90m[1m_update_scan_actions[22m | liwuhe.wav[39m[0m
[  30% ] [90m[1m_update_scan_actions[22m | piqiu.wav[39m[0m
[  30% ] [90m[1m_update_scan_actions[22m | siwang.wav[39m[0m
[  30% ] [90m[1m_update_scan_actions[22m | xiaochouxiaosheng.wav[39m[0m
[  30% ] [90m[1m_update_scan_actions[22m | xunlu.wav[39m[0m
[  30% ] [90m[1m_update_scan_actions[22m | tb10-lw_firingsound.wav[39m[0m
[  30% ] [90m[1m_update_scan_actions[22m | sound_achievement.wav[39m[0m
[  30% ] [90m[1m_update_scan_actions[22m | sound_collect_others.wav[39m[0m
[  30% ] [90m[1m_update_scan_actions[22m | tmx_grenade03.wav[39m[0m
[  30% ] [90m[1m_update_scan_actions[22m | 2_menu_online.wav[39m[0m
[  30% ] [90m[1m_update_scan_actions[22m | 4_win_loop.wav[39m[0m
[  30% ] [90m[1m_update_scan_actions[22m | 6_lose_loop.wav[39m[0m
[  30% ] [90m[1m_update_scan_actions[22m | 7_boss.wav[39m[0m
[  31% ] [90m[1m_update_scan_actions[22m | main_menu1.wav[39m[0m
[  31% ] [90m[1m_update_scan_actions[22m | main_menu2.wav[39m[0m
[  31% ] [90m[1m_update_scan_actions[22m | single_level.wav[39m[0m
[  31% ] [90m[1m_update_scan_actions[22m | boss4_3fireball.wav[39m[0m
[  31% ] [90m[1m_update_scan_actions[22m | boss4_3hit.wav[39m[0m
[  31% ] [90m[1m_update_scan_actions[22m | boss4_attack01.wav[39m[0m
[  31% ] [90m[1m_update_scan_actions[22m | boss4_attack02.wav[39m[0m
[  31% ] [90m[1m_update_scan_actions[22m | boss4_attacked.wav[39m[0m
[  31% ] [90m[1m_update_scan_actions[22m | boss4_bigfireball.wav[39m[0m
[  31% ] [90m[1m_update_scan_actions[22m | boss4_bigfireballhit.wav[39m[0m
[  31% ] [90m[1m_update_scan_actions[22m | boss4_cyclone.wav[39m[0m
[  31% ] [90m[1m_update_scan_actions[22m | boss4_dash02.wav[39m[0m
[  31% ] [90m[1m_update_scan_actions[22m | boss4_dead.wav[39m[0m
[  31% ] [90m[1m_update_scan_actions[22m | boss4_pre3hit.wav[39m[0m
[  31% ] [90m[1m_update_scan_actions[22m | boss4_prefire.wav[39m[0m
[  31% ] [90m[1m_update_scan_actions[22m | boss4_prewind.wav[39m[0m
[  31% ] [90m[1m_update_scan_actions[22m | boss4_push.wav[39m[0m
[  31% ] [90m[1m_update_scan_actions[22m | boss4_rage.wav[39m[0m
[  31% ] [90m[1m_update_scan_actions[22m | boss4_run.wav[39m[0m
[  31% ] [90m[1m_update_scan_actions[22m | boss5_attack01.wav[39m[0m
[  31% ] [90m[1m_update_scan_actions[22m | boss5_attack02.wav[39m[0m
[  31% ] [90m[1m_update_scan_actions[22m | boss5_attacked-2.wav[39m[0m
[  31% ] [90m[1m_update_scan_actions[22m | boss5_attacked.wav[39m[0m
[  31% ] [90m[1m_update_scan_actions[22m | boss5_bee01.wav[39m[0m
[  31% ] [90m[1m_update_scan_actions[22m | boss5_bee03.wav[39m[0m
[  31% ] [90m[1m_update_scan_actions[22m | boss5_bombdrop.wav[39m[0m
[  31% ] [90m[1m_update_scan_actions[22m | boss5_bombland.wav[39m[0m
[  31% ] [90m[1m_update_scan_actions[22m | boss5_dash01.wav[39m[0m
[  31% ] [90m[1m_update_scan_actions[22m | boss5_dash02.wav[39m[0m
[  31% ] [90m[1m_update_scan_actions[22m | boss5_dead.wav[39m[0m
[  31% ] [90m[1m_update_scan_actions[22m | boss5_laser02-2.wav[39m[0m
[  31% ] [90m[1m_update_scan_actions[22m | boss5_laser02.wav[39m[0m
[  31% ] [90m[1m_update_scan_actions[22m | boss5_laserbee.wav[39m[0m
[  31% ] [90m[1m_update_scan_actions[22m | boss5_rage.wav[39m[0m
[  31% ] [90m[1m_update_scan_actions[22m | boss5_rocket.wav[39m[0m
[  31% ] [90m[1m_update_scan_actions[22m | boss5_run-2.wav[39m[0m
[  31% ] [90m[1m_update_scan_actions[22m | boss5_run.wav[39m[0m
[  31% ] [90m[1m_update_scan_actions[22m | boss5_stepback.wav[39m[0m
[  31% ] [90m[1m_update_scan_actions[22m | boss2_attack01.wav[39m[0m
[  31% ] [90m[1m_update_scan_actions[22m | boss2_attack03.wav[39m[0m
[  31% ] [90m[1m_update_scan_actions[22m | boss2_attacked.wav[39m[0m
[  31% ] [90m[1m_update_scan_actions[22m | boss2_dash.wav[39m[0m
[  31% ] [90m[1m_update_scan_actions[22m | boss2_dead.wav[39m[0m
[  31% ] [90m[1m_update_scan_actions[22m | boss2_leapattack.wav[39m[0m
[  31% ] [90m[1m_update_scan_actions[22m | boss2_nonani_laserlong0.wav[39m[0m
[  32% ] [90m[1m_update_scan_actions[22m | boss2_nonani_laserlong1.wav[39m[0m
[  32% ] [90m[1m_update_scan_actions[22m | boss2_nonani_lasershort.wav[39m[0m
[  32% ] [90m[1m_update_scan_actions[22m | boss2_rage.wav[39m[0m
[  32% ] [90m[1m_update_scan_actions[22m | boss2_range03.wav[39m[0m
[  32% ] [90m[1m_update_scan_actions[22m | boss2_rockattack.wav[39m[0m
[  32% ] [90m[1m_update_scan_actions[22m | boss2_rockfall.wav[39m[0m
[  32% ] [90m[1m_update_scan_actions[22m | boss2_roofdown.wav[39m[0m
[  32% ] [90m[1m_update_scan_actions[22m | boss2_roofrange04.wav[39m[0m
[  32% ] [90m[1m_update_scan_actions[22m | boss2_roofrange04end.wav[39m[0m
[  32% ] [90m[1m_update_scan_actions[22m | boss2_run.wav[39m[0m
[  32% ] [90m[1m_update_scan_actions[22m | boss3_armorup.wav[39m[0m
[  32% ] [90m[1m_update_scan_actions[22m | boss3_attack01.wav[39m[0m
[  32% ] [90m[1m_update_scan_actions[22m | boss3_attack02.wav[39m[0m
[  32% ] [90m[1m_update_scan_actions[22m | boss3_attacked.wav[39m[0m
[  32% ] [90m[1m_update_scan_actions[22m | boss3_dash.wav[39m[0m
[  32% ] [90m[1m_update_scan_actions[22m | boss3_dead.wav[39m[0m
[  32% ] [90m[1m_update_scan_actions[22m | boss3_jump01.wav[39m[0m
[  32% ] [90m[1m_update_scan_actions[22m | boss3_jump02.wav[39m[0m
[  32% ] [90m[1m_update_scan_actions[22m | boss3_jumpattack.wav[39m[0m
[  32% ] [90m[1m_update_scan_actions[22m | boss3_rage.wav[39m[0m
[  32% ] [90m[1m_update_scan_actions[22m | boss3_random.wav[39m[0m
[  32% ] [90m[1m_update_scan_actions[22m | boss3_run.wav[39m[0m
[  32% ] [90m[1m_update_scan_actions[22m | boss3_snowball1.wav[39m[0m
[  32% ] [90m[1m_update_scan_actions[22m | boss3_snowball1_end.wav[39m[0m
[  32% ] [90m[1m_update_scan_actions[22m | boss3_snowball2.wav[39m[0m
[  32% ] [90m[1m_update_scan_actions[22m | boss3_snowball2_end.wav[39m[0m
[  32% ] [90m[1m_update_scan_actions[22m | boss3_spike.wav[39m[0m
[  32% ] [90m[1m_update_scan_actions[22m | boss3_spikeend.wav[39m[0m
[  32% ] [90m[1m_update_scan_actions[22m | boss1_attack01.wav[39m[0m
[  32% ] [90m[1m_update_scan_actions[22m | boss1_attack03.wav[39m[0m
[  32% ] [90m[1m_update_scan_actions[22m | boss1_attacked.wav[39m[0m
[  32% ] [90m[1m_update_scan_actions[22m | boss1_dash02.wav[39m[0m
[  32% ] [90m[1m_update_scan_actions[22m | boss1_dead.wav[39m[0m
[  32% ] [90m[1m_update_scan_actions[22m | boss1_rage.wav[39m[0m
[  32% ] [90m[1m_update_scan_actions[22m | boss1_range01.wav[39m[0m
[  32% ] [90m[1m_update_scan_actions[22m | boss1_range02.wav[39m[0m
[  32% ] [90m[1m_update_scan_actions[22m | boss1_run.wav[39m[0m
[  32% ] [90m[1m_update_scan_actions[22m | boss1_spike_explode.wav[39m[0m
[  32% ] [90m[1m_update_scan_actions[22m | boss1_stepback.wav[39m[0m
[  32% ] [90m[1m_update_scan_actions[22m | boss1_weapon_attack01.wav[39m[0m
[  32% ] [90m[1m_update_scan_actions[22m | boss1_weapon_attack02.wav[39m[0m
[  32% ] [90m[1m_update_scan_actions[22m | boss1_weapon_dash02.wav[39m[0m
[  32% ] [90m[1m_update_scan_actions[22m | boss1_weapon_drop.wav[39m[0m
[  32% ] [90m[1m_update_scan_actions[22m | boss1_weapon_get.wav[39m[0m
[  32% ] [90m[1m_update_scan_actions[22m | boss1_weapon_hit.wav[39m[0m
[  32% ] [90m[1m_update_scan_actions[22m | boss1_weapon_spin.wav[39m[0m
[  33% ] [90m[1m_update_scan_actions[22m | enemy_ambient1_digger.wav[39m[0m
[  33% ] [90m[1m_update_scan_actions[22m | enemy_smash1.wav[39m[0m
[  33% ] [90m[1m_update_scan_actions[22m | enemy_smash2.wav[39m[0m
[  33% ] [90m[1m_update_scan_actions[22m | menu_buttonbuy.wav[39m[0m
[  33% ] [90m[1m_update_scan_actions[22m | menu_buttoncancel.wav[39m[0m
[  33% ] [90m[1m_update_scan_actions[22m | menu_buttondrag.wav[39m[0m
[  33% ] [90m[1m_update_scan_actions[22m | menu_buttonequipt.wav[39m[0m
[  33% ] [90m[1m_update_scan_actions[22m | menu_buttonok.wav[39m[0m
[  33% ] [90m[1m_update_scan_actions[22m | menu_buttonselect.wav[39m[0m
[  33% ] [90m[1m_update_scan_actions[22m | menu_mainmenudooropen.wav[39m[0m
[  33% ] [90m[1m_update_scan_actions[22m | menu_missiondialogue.wav[39m[0m
[  33% ] [90m[1m_update_scan_actions[22m | menu_missionendsum.wav[39m[0m
[  33% ] [90m[1m_update_scan_actions[22m | menu_missionprogress.wav[39m[0m
[  33% ] [90m[1m_update_scan_actions[22m | menu_missiontext.wav[39m[0m
[  33% ] [90m[1m_update_scan_actions[22m | 3_win.wav[39m[0m
[  33% ] [90m[1m_update_scan_actions[22m | 5_lose.wav[39m[0m
[  33% ] [90m[1m_update_scan_actions[22m | player_dead.wav[39m[0m
[  33% ] [90m[1m_update_scan_actions[22m | player_float.wav[39m[0m
[  33% ] [90m[1m_update_scan_actions[22m | player_footstep.wav[39m[0m
[  33% ] [90m[1m_update_scan_actions[22m | player_hit_heavy.wav[39m[0m
[  33% ] [90m[1m_update_scan_actions[22m | player_hit_light.wav[39m[0m
[  33% ] [90m[1m_update_scan_actions[22m | player_hurt.wav[39m[0m
[  33% ] [90m[1m_update_scan_actions[22m | shieldactive.wav[39m[0m
[  33% ] [90m[1m_update_scan_actions[22m | void1_attack1.wav[39m[0m
[  33% ] [90m[1m_update_scan_actions[22m | void1_attack2.wav[39m[0m
[  33% ] [90m[1m_update_scan_actions[22m | void2_heal_big.wav[39m[0m
[  33% ] [90m[1m_update_scan_actions[22m | void2_heal_normal.wav[39m[0m
[  33% ] [90m[1m_update_scan_actions[22m | void3_attack_long.wav[39m[0m
[  33% ] [90m[1m_update_scan_actions[22m | void4_invisible.wav[39m[0m
[  33% ] [90m[1m_update_scan_actions[22m | void5_teleport.wav[39m[0m
[  33% ] [90m[1m_update_scan_actions[22m | 01_atvmini_move.wav[39m[0m
[  33% ] [90m[1m_update_scan_actions[22m | 01_atvmini_shoot.wav[39m[0m
[  33% ] [90m[1m_update_scan_actions[22m | vechicle_01_atvmini_idle.wav[39m[0m
[  33% ] [90m[1m_update_scan_actions[22m | vechicle_01_atvmini_open.wav[39m[0m
[  33% ] [90m[1m_update_scan_actions[22m | vechicle_02_turret_open.wav[39m[0m
[  33% ] [90m[1m_update_scan_actions[22m | vechicle_02_turret_shoot.wav[39m[0m
[  33% ] [90m[1m_update_scan_actions[22m | gun_01_smg.wav[39m[0m
[  33% ] [90m[1m_update_scan_actions[22m | gun_02_shotgun.wav[39m[0m
[  33% ] [90m[1m_update_scan_actions[22m | gun_03_rpg.wav[39m[0m
[  33% ] [90m[1m_update_scan_actions[22m | gun_03_rpg_boom.wav[39m[0m
[  33% ] [90m[1m_update_scan_actions[22m | gun_04_lasershotgun.wav[39m[0m
[  33% ] [90m[1m_update_scan_actions[22m | gun_05_laserrifle.wav[39m[0m
[  33% ] [90m[1m_update_scan_actions[22m | gun_06_doublepistol.wav[39m[0m
[  33% ] [90m[1m_update_scan_actions[22m | gun_06_doublepistol_powerattack.wav[39m[0m
[  33% ] [90m[1m_update_scan_actions[22m | gun_07_railgun_charge.wav[39m[0m
[  34% ] [90m[1m_update_scan_actions[22m | gun_07_railgun_shoot.wav[39m[0m
[  34% ] [90m[1m_update_scan_actions[22m | weapon_bladeswing1_left.wav[39m[0m
[  34% ] [90m[1m_update_scan_actions[22m | weapon_bladeswing1_right.wav[39m[0m
[  34% ] [90m[1m_update_scan_actions[22m | weapon_bladeswing2.wav[39m[0m
[  34% ] [90m[1m_update_scan_actions[22m | BattleHUD.png[39m[0m
[  34% ] [90m[1m_update_scan_actions[22m | Common.png[39m[0m
[  34% ] [90m[1m_update_scan_actions[22m | UIDemo.png[39m[0m
[  34% ] [90m[1m_update_scan_actions[22m | UI_bag.png[39m[0m
[  34% ] [90m[1m_update_scan_actions[22m | UI_date.png[39m[0m
[  34% ] [90m[1m_update_scan_actions[22m | UI_equipicon.png[39m[0m
[  34% ] [90m[1m_update_scan_actions[22m | UI_guest.png[39m[0m
[  34% ] [90m[1m_update_scan_actions[22m | UI_iap.png[39m[0m
[  34% ] [90m[1m_update_scan_actions[22m | UI_loading.png[39m[0m
[  34% ] [90m[1m_update_scan_actions[22m | UI_map.png[39m[0m
[  34% ] [90m[1m_update_scan_actions[22m | UI_monster.png[39m[0m
[  34% ] [90m[1m_update_scan_actions[22m | UI_net.png[39m[0m
[  34% ] [90m[1m_update_scan_actions[22m | UI_option.png[39m[0m
[  34% ] [90m[1m_update_scan_actions[22m | UI_pet.png[39m[0m
[  34% ] [90m[1m_update_scan_actions[22m | UI_pvp.png[39m[0m
[  34% ] [90m[1m_update_scan_actions[22m | UI_reward.png[39m[0m
[  34% ] [90m[1m_update_scan_actions[22m | UI_share.png[39m[0m
[  34% ] [90m[1m_update_scan_actions[22m | UI_shop.png[39m[0m
[  34% ] [90m[1m_update_scan_actions[22m | UI_start.png[39m[0m
[  34% ] [90m[1m_update_scan_actions[22m | UI_weaponicon.png[39m[0m
[  34% ] [90m[1m_update_scan_actions[22m | UI_word1.png[39m[0m
[  34% ] [90m[1m_update_scan_actions[22m | UI_word.png[39m[0m
[  34% ] [90m[1m_update_scan_actions[22m | 2cfaa567_sc_03_fire1.png[39m[0m
[  34% ] [90m[1m_update_scan_actions[22m | ac2167a9_lizi02.png[39m[0m
[  34% ] [90m[1m_update_scan_actions[22m | armor_arms_00.png[39m[0m
[  34% ] [90m[1m_update_scan_actions[22m | armor_arms_01.png[39m[0m
[  34% ] [90m[1m_update_scan_actions[22m | armor_arms_02.png[39m[0m
[  34% ] [90m[1m_update_scan_actions[22m | armor_arms_03.png[39m[0m
[  34% ] [90m[1m_update_scan_actions[22m | armor_arms_04.png[39m[0m
[  34% ] [90m[1m_update_scan_actions[22m | armor_arms_05.png[39m[0m
[  34% ] [90m[1m_update_scan_actions[22m | armor_arms_06.png[39m[0m
[  34% ] [90m[1m_update_scan_actions[22m | armor_arms_07.png[39m[0m
[  34% ] [90m[1m_update_scan_actions[22m | armor_arms_08.png[39m[0m
[  34% ] [90m[1m_update_scan_actions[22m | armor_arms_09.png[39m[0m
[  34% ] [90m[1m_update_scan_actions[22m | armor_arms_10.png[39m[0m
[  34% ] [90m[1m_update_scan_actions[22m | armor_arms_11.png[39m[0m
[  34% ] [90m[1m_update_scan_actions[22m | armor_arms_12.png[39m[0m
[  34% ] [90m[1m_update_scan_actions[22m | armor_arms_13.png[39m[0m
[  34% ] [90m[1m_update_scan_actions[22m | armor_arms_14.png[39m[0m
[  34% ] [90m[1m_update_scan_actions[22m | armor_arms_15.png[39m[0m
[  34% ] [90m[1m_update_scan_actions[22m | armor_arms_16.png[39m[0m
[  34% ] [90m[1m_update_scan_actions[22m | armor_arms_17.png[39m[0m
[  35% ] [90m[1m_update_scan_actions[22m | armor_arms_18.png[39m[0m
[  35% ] [90m[1m_update_scan_actions[22m | armor_arms_19.png[39m[0m
[  35% ] [90m[1m_update_scan_actions[22m | armor_arms_20.png[39m[0m
[  35% ] [90m[1m_update_scan_actions[22m | armor_arms_21.png[39m[0m
[  35% ] [90m[1m_update_scan_actions[22m | armor_arms_22.png[39m[0m
[  35% ] [90m[1m_update_scan_actions[22m | armor_arms_23.png[39m[0m
[  35% ] [90m[1m_update_scan_actions[22m | armor_arms_24.png[39m[0m
[  35% ] [90m[1m_update_scan_actions[22m | armor_arms_25.png[39m[0m
[  35% ] [90m[1m_update_scan_actions[22m | armor_arms_26.png[39m[0m
[  35% ] [90m[1m_update_scan_actions[22m | armor_arms_27.png[39m[0m
[  35% ] [90m[1m_update_scan_actions[22m | armor_arms_28.png[39m[0m
[  35% ] [90m[1m_update_scan_actions[22m | armor_bag_00.png[39m[0m
[  35% ] [90m[1m_update_scan_actions[22m | armor_bag_01.png[39m[0m
[  35% ] [90m[1m_update_scan_actions[22m | armor_bag_02.png[39m[0m
[  35% ] [90m[1m_update_scan_actions[22m | armor_bag_03.png[39m[0m
[  35% ] [90m[1m_update_scan_actions[22m | armor_bag_04.png[39m[0m
[  35% ] [90m[1m_update_scan_actions[22m | armor_bag_05.png[39m[0m
[  35% ] [90m[1m_update_scan_actions[22m | armor_bag_06.png[39m[0m
[  35% ] [90m[1m_update_scan_actions[22m | armor_bag_07.png[39m[0m
[  35% ] [90m[1m_update_scan_actions[22m | armor_bag_08.png[39m[0m
[  35% ] [90m[1m_update_scan_actions[22m | armor_bag_09.png[39m[0m
[  35% ] [90m[1m_update_scan_actions[22m | armor_bag_10.png[39m[0m
[  35% ] [90m[1m_update_scan_actions[22m | armor_bag_11.png[39m[0m
[  35% ] [90m[1m_update_scan_actions[22m | armor_bag_12.png[39m[0m
[  35% ] [90m[1m_update_scan_actions[22m | armor_bag_13.png[39m[0m
[  35% ] [90m[1m_update_scan_actions[22m | armor_bag_14.png[39m[0m
[  35% ] [90m[1m_update_scan_actions[22m | armor_bag_15.png[39m[0m
[  35% ] [90m[1m_update_scan_actions[22m | armor_bag_16.png[39m[0m
[  35% ] [90m[1m_update_scan_actions[22m | armor_bag_17.png[39m[0m
[  35% ] [90m[1m_update_scan_actions[22m | armor_bag_18.png[39m[0m
[  35% ] [90m[1m_update_scan_actions[22m | armor_bag_19.png[39m[0m
[  35% ] [90m[1m_update_scan_actions[22m | armor_bag_20.png[39m[0m
[  35% ] [90m[1m_update_scan_actions[22m | armor_bag_21.png[39m[0m
[  35% ] [90m[1m_update_scan_actions[22m | armor_bag_22.png[39m[0m
[  35% ] [90m[1m_update_scan_actions[22m | armor_bag_23.png[39m[0m
[  35% ] [90m[1m_update_scan_actions[22m | armor_bag_24.png[39m[0m
[  35% ] [90m[1m_update_scan_actions[22m | armor_body_00.png[39m[0m
[  35% ] [90m[1m_update_scan_actions[22m | armor_body_01.png[39m[0m
[  35% ] [90m[1m_update_scan_actions[22m | armor_body_02.png[39m[0m
[  35% ] [90m[1m_update_scan_actions[22m | armor_body_03.png[39m[0m
[  35% ] [90m[1m_update_scan_actions[22m | armor_body_04.png[39m[0m
[  35% ] [90m[1m_update_scan_actions[22m | armor_body_05.png[39m[0m
[  35% ] [90m[1m_update_scan_actions[22m | armor_body_06.png[39m[0m
[  35% ] [90m[1m_update_scan_actions[22m | armor_body_07.png[39m[0m
[  35% ] [90m[1m_update_scan_actions[22m | armor_body_08.png[39m[0m
[  36% ] [90m[1m_update_scan_actions[22m | armor_body_09.png[39m[0m
[  36% ] [90m[1m_update_scan_actions[22m | armor_body_10.png[39m[0m
[  36% ] [90m[1m_update_scan_actions[22m | armor_body_11.png[39m[0m
[  36% ] [90m[1m_update_scan_actions[22m | armor_body_12.png[39m[0m
[  36% ] [90m[1m_update_scan_actions[22m | armor_body_13.png[39m[0m
[  36% ] [90m[1m_update_scan_actions[22m | armor_body_14.png[39m[0m
[  36% ] [90m[1m_update_scan_actions[22m | armor_body_15.png[39m[0m
[  36% ] [90m[1m_update_scan_actions[22m | armor_body_16.png[39m[0m
[  36% ] [90m[1m_update_scan_actions[22m | armor_body_17.png[39m[0m
[  36% ] [90m[1m_update_scan_actions[22m | armor_body_18.png[39m[0m
[  36% ] [90m[1m_update_scan_actions[22m | armor_body_19.png[39m[0m
[  36% ] [90m[1m_update_scan_actions[22m | armor_body_20.png[39m[0m
[  36% ] [90m[1m_update_scan_actions[22m | armor_body_21.png[39m[0m
[  36% ] [90m[1m_update_scan_actions[22m | armor_body_22.png[39m[0m
[  36% ] [90m[1m_update_scan_actions[22m | armor_body_23.png[39m[0m
[  36% ] [90m[1m_update_scan_actions[22m | armor_body_24.png[39m[0m
[  36% ] [90m[1m_update_scan_actions[22m | armor_body_25.png[39m[0m
[  36% ] [90m[1m_update_scan_actions[22m | armor_body_26.png[39m[0m
[  36% ] [90m[1m_update_scan_actions[22m | armor_body_27.png[39m[0m
[  36% ] [90m[1m_update_scan_actions[22m | armor_body_28.png[39m[0m
[  36% ] [90m[1m_update_scan_actions[22m | armor_head_00.png[39m[0m
[  36% ] [90m[1m_update_scan_actions[22m | armor_head_01.png[39m[0m
[  36% ] [90m[1m_update_scan_actions[22m | armor_head_02.png[39m[0m
[  36% ] [90m[1m_update_scan_actions[22m | armor_head_03.png[39m[0m
[  36% ] [90m[1m_update_scan_actions[22m | armor_head_04.png[39m[0m
[  36% ] [90m[1m_update_scan_actions[22m | armor_head_05.png[39m[0m
[  36% ] [90m[1m_update_scan_actions[22m | armor_head_06.png[39m[0m
[  36% ] [90m[1m_update_scan_actions[22m | armor_head_07.png[39m[0m
[  36% ] [90m[1m_update_scan_actions[22m | armor_head_08.png[39m[0m
[  36% ] [90m[1m_update_scan_actions[22m | armor_head_09.png[39m[0m
[  36% ] [90m[1m_update_scan_actions[22m | armor_head_10.png[39m[0m
[  36% ] [90m[1m_update_scan_actions[22m | armor_head_11.png[39m[0m
[  36% ] [90m[1m_update_scan_actions[22m | armor_head_12.png[39m[0m
[  36% ] [90m[1m_update_scan_actions[22m | armor_head_13.png[39m[0m
[  36% ] [90m[1m_update_scan_actions[22m | armor_head_14.png[39m[0m
[  36% ] [90m[1m_update_scan_actions[22m | armor_head_15.png[39m[0m
[  36% ] [90m[1m_update_scan_actions[22m | armor_head_16.png[39m[0m
[  36% ] [90m[1m_update_scan_actions[22m | armor_head_17.png[39m[0m
[  36% ] [90m[1m_update_scan_actions[22m | armor_head_18.png[39m[0m
[  36% ] [90m[1m_update_scan_actions[22m | armor_head_19.png[39m[0m
[  36% ] [90m[1m_update_scan_actions[22m | armor_head_20.png[39m[0m
[  36% ] [90m[1m_update_scan_actions[22m | armor_head_21.png[39m[0m
[  36% ] [90m[1m_update_scan_actions[22m | armor_head_22.png[39m[0m
[  36% ] [90m[1m_update_scan_actions[22m | armor_head_23.png[39m[0m
[  36% ] [90m[1m_update_scan_actions[22m | armor_head_24.png[39m[0m
[  37% ] [90m[1m_update_scan_actions[22m | armor_head_25.png[39m[0m
[  37% ] [90m[1m_update_scan_actions[22m | armor_head_26.png[39m[0m
[  37% ] [90m[1m_update_scan_actions[22m | armor_head_27.png[39m[0m
[  37% ] [90m[1m_update_scan_actions[22m | armor_head_28.png[39m[0m
[  37% ] [90m[1m_update_scan_actions[22m | armor_legs_00.png[39m[0m
[  37% ] [90m[1m_update_scan_actions[22m | armor_legs_01.png[39m[0m
[  37% ] [90m[1m_update_scan_actions[22m | armor_legs_02.png[39m[0m
[  37% ] [90m[1m_update_scan_actions[22m | armor_legs_03.png[39m[0m
[  37% ] [90m[1m_update_scan_actions[22m | armor_legs_04.png[39m[0m
[  37% ] [90m[1m_update_scan_actions[22m | armor_legs_05.png[39m[0m
[  37% ] [90m[1m_update_scan_actions[22m | armor_legs_06.png[39m[0m
[  37% ] [90m[1m_update_scan_actions[22m | armor_legs_07.png[39m[0m
[  37% ] [90m[1m_update_scan_actions[22m | armor_legs_08.png[39m[0m
[  37% ] [90m[1m_update_scan_actions[22m | armor_legs_09.png[39m[0m
[  37% ] [90m[1m_update_scan_actions[22m | armor_legs_10.png[39m[0m
[  37% ] [90m[1m_update_scan_actions[22m | armor_legs_11.png[39m[0m
[  37% ] [90m[1m_update_scan_actions[22m | armor_legs_12.png[39m[0m
[  37% ] [90m[1m_update_scan_actions[22m | armor_legs_13.png[39m[0m
[  37% ] [90m[1m_update_scan_actions[22m | armor_legs_14.png[39m[0m
[  37% ] [90m[1m_update_scan_actions[22m | armor_legs_15.png[39m[0m
[  37% ] [90m[1m_update_scan_actions[22m | armor_legs_16.png[39m[0m
[  37% ] [90m[1m_update_scan_actions[22m | armor_legs_17.png[39m[0m
[  37% ] [90m[1m_update_scan_actions[22m | armor_legs_18.png[39m[0m
[  37% ] [90m[1m_update_scan_actions[22m | armor_legs_19.png[39m[0m
[  37% ] [90m[1m_update_scan_actions[22m | armor_legs_20.png[39m[0m
[  37% ] [90m[1m_update_scan_actions[22m | armor_legs_21.png[39m[0m
[  37% ] [90m[1m_update_scan_actions[22m | armor_legs_22.png[39m[0m
[  37% ] [90m[1m_update_scan_actions[22m | armor_legs_23.png[39m[0m
[  37% ] [90m[1m_update_scan_actions[22m | armor_legs_24.png[39m[0m
[  37% ] [90m[1m_update_scan_actions[22m | armor_legs_25.png[39m[0m
[  37% ] [90m[1m_update_scan_actions[22m | armor_legs_26.png[39m[0m
[  37% ] [90m[1m_update_scan_actions[22m | armor_legs_27.png[39m[0m
[  37% ] [90m[1m_update_scan_actions[22m | armor_legs_28.png[39m[0m
[  37% ] [90m[1m_update_scan_actions[22m | armory_action_disabled.png[39m[0m
[  37% ] [90m[1m_update_scan_actions[22m | armory_action_normal.png[39m[0m
[  37% ] [90m[1m_update_scan_actions[22m | armory_action_pressed.png[39m[0m
[  37% ] [90m[1m_update_scan_actions[22m | armory_background.png[39m[0m
[  37% ] [90m[1m_update_scan_actions[22m | armory_back_normal.png[39m[0m
[  37% ] [90m[1m_update_scan_actions[22m | armory_back_pressed.png[39m[0m
[  37% ] [90m[1m_update_scan_actions[22m | armory_category_00.png[39m[0m
[  37% ] [90m[1m_update_scan_actions[22m | armory_category_01.png[39m[0m
[  37% ] [90m[1m_update_scan_actions[22m | armory_category_02.png[39m[0m
[  37% ] [90m[1m_update_scan_actions[22m | armory_category_03.png[39m[0m
[  37% ] [90m[1m_update_scan_actions[22m | armory_category_04.png[39m[0m
[  37% ] [90m[1m_update_scan_actions[22m | armory_category_05.png[39m[0m
[  37% ] [90m[1m_update_scan_actions[22m | armory_category_frame.png[39m[0m
[  38% ] [90m[1m_update_scan_actions[22m | armory_detail_panel.png[39m[0m
[  38% ] [90m[1m_update_scan_actions[22m | armory_nav_bar.png[39m[0m
[  38% ] [90m[1m_update_scan_actions[22m | armory_nav_dot.png[39m[0m
[  38% ] [90m[1m_update_scan_actions[22m | armory_nav_selected.png[39m[0m
[  38% ] [90m[1m_update_scan_actions[22m | armory_selector_plate_active_v2.png[39m[0m
[  38% ] [90m[1m_update_scan_actions[22m | armory_selector_plate_v2.png[39m[0m
[  38% ] [90m[1m_update_scan_actions[22m | armory_side_button.png[39m[0m
[  38% ] [90m[1m_update_scan_actions[22m | armory_side_flag.png[39m[0m
[  38% ] [90m[1m_update_scan_actions[22m | armory_stat_hp_fill.png[39m[0m
[  38% ] [90m[1m_update_scan_actions[22m | armory_stat_hp_gain.png[39m[0m
[  38% ] [90m[1m_update_scan_actions[22m | armory_stat_hp_loss.png[39m[0m
[  38% ] [90m[1m_update_scan_actions[22m | armory_stat_hp_title.png[39m[0m
[  38% ] [90m[1m_update_scan_actions[22m | armory_stat_pow_fill.png[39m[0m
[  38% ] [90m[1m_update_scan_actions[22m | armory_stat_pow_gain.png[39m[0m
[  38% ] [90m[1m_update_scan_actions[22m | armory_stat_pow_loss.png[39m[0m
[  38% ] [90m[1m_update_scan_actions[22m | armory_stat_pow_title.png[39m[0m
[  38% ] [90m[1m_update_scan_actions[22m | armory_stat_rail.png[39m[0m
[  38% ] [90m[1m_update_scan_actions[22m | armory_stat_spd_fill.png[39m[0m
[  38% ] [90m[1m_update_scan_actions[22m | armory_stat_spd_gain.png[39m[0m
[  38% ] [90m[1m_update_scan_actions[22m | armory_stat_spd_loss.png[39m[0m
[  38% ] [90m[1m_update_scan_actions[22m | armory_stat_spd_title.png[39m[0m
[  38% ] [90m[1m_update_scan_actions[22m | button_equip.png[39m[0m
[  38% ] [90m[1m_update_scan_actions[22m | button_hover.png[39m[0m
[  38% ] [90m[1m_update_scan_actions[22m | button_normal.png[39m[0m
[  38% ] [90m[1m_update_scan_actions[22m | button_pressed.png[39m[0m
[  38% ] [90m[1m_update_scan_actions[22m | dropdown_check.svg[39m[0m
[  38% ] [90m[1m_update_scan_actions[22m | dropdown_check_blank.svg[39m[0m
[  38% ] [90m[1m_update_scan_actions[22m | dropdown_check_disabled.svg[39m[0m
[  38% ] [90m[1m_update_scan_actions[22m | main_bottom_panel.png[39m[0m
[  38% ] [90m[1m_update_scan_actions[22m | main_free_mithril.png[39m[0m
[  38% ] [90m[1m_update_scan_actions[22m | main_nav_bank.png[39m[0m
[  38% ] [90m[1m_update_scan_actions[22m | main_nav_button_normal.png[39m[0m
[  38% ] [90m[1m_update_scan_actions[22m | main_nav_button_pressed.png[39m[0m
[  38% ] [90m[1m_update_scan_actions[22m | main_nav_customize_icon.png[39m[0m
[  38% ] [90m[1m_update_scan_actions[22m | main_nav_customize_icon_pressed.png[39m[0m
[  38% ] [90m[1m_update_scan_actions[22m | main_nav_edit_normal.png[39m[0m
[  38% ] [90m[1m_update_scan_actions[22m | main_nav_edit_pressed.png[39m[0m
[  38% ] [90m[1m_update_scan_actions[22m | main_nav_options_icon.png[39m[0m
[  38% ] [90m[1m_update_scan_actions[22m | main_nav_options_icon_pressed.png[39m[0m
[  38% ] [90m[1m_update_scan_actions[22m | main_nav_panel.png[39m[0m
[  38% ] [90m[1m_update_scan_actions[22m | main_nav_shadow.png[39m[0m
[  38% ] [90m[1m_update_scan_actions[22m | main_nav_store_icon.png[39m[0m
[  38% ] [90m[1m_update_scan_actions[22m | main_nav_store_icon_pressed.png[39m[0m
[  38% ] [90m[1m_update_scan_actions[22m | main_nav_toggle.png[39m[0m
[  38% ] [90m[1m_update_scan_actions[22m | main_new_badge.png[39m[0m
[  39% ] [90m[1m_update_scan_actions[22m | main_online_normal.png[39m[0m
[  39% ] [90m[1m_update_scan_actions[22m | main_online_pressed.png[39m[0m
[  39% ] [90m[1m_update_scan_actions[22m | main_rank_00.png[39m[0m
[  39% ] [90m[1m_update_scan_actions[22m | main_rank_01.png[39m[0m
[  39% ] [90m[1m_update_scan_actions[22m | main_rank_02.png[39m[0m
[  39% ] [90m[1m_update_scan_actions[22m | main_rank_03.png[39m[0m
[  39% ] [90m[1m_update_scan_actions[22m | main_rank_04.png[39m[0m
[  39% ] [90m[1m_update_scan_actions[22m | main_rank_05.png[39m[0m
[  39% ] [90m[1m_update_scan_actions[22m | main_rank_06.png[39m[0m
[  39% ] [90m[1m_update_scan_actions[22m | main_rank_07.png[39m[0m
[  39% ] [90m[1m_update_scan_actions[22m | main_rank_08.png[39m[0m
[  39% ] [90m[1m_update_scan_actions[22m | main_rank_09.png[39m[0m
[  39% ] [90m[1m_update_scan_actions[22m | main_rank_10.png[39m[0m
[  39% ] [90m[1m_update_scan_actions[22m | main_rank_11.png[39m[0m
[  39% ] [90m[1m_update_scan_actions[22m | main_single_normal.png[39m[0m
[  39% ] [90m[1m_update_scan_actions[22m | main_single_pressed.png[39m[0m
[  39% ] [90m[1m_update_scan_actions[22m | main_title.png[39m[0m
[  39% ] [90m[1m_update_scan_actions[22m | menu_hero.png[39m[0m
[  39% ] [90m[1m_update_scan_actions[22m | menu_logo.png[39m[0m
[  39% ] [90m[1m_update_scan_actions[22m | menu_subtitle.png[39m[0m
[  39% ] [90m[1m_update_scan_actions[22m | props_item_00.png[39m[0m
[  39% ] [90m[1m_update_scan_actions[22m | props_item_01.png[39m[0m
[  39% ] [90m[1m_update_scan_actions[22m | props_item_02.png[39m[0m
[  39% ] [90m[1m_update_scan_actions[22m | props_item_03.png[39m[0m
[  39% ] [90m[1m_update_scan_actions[22m | props_item_04.png[39m[0m
[  39% ] [90m[1m_update_scan_actions[22m | props_item_05.png[39m[0m
[  39% ] [90m[1m_update_scan_actions[22m | props_item_06.png[39m[0m
[  39% ] [90m[1m_update_scan_actions[22m | props_item_07.png[39m[0m
[  39% ] [90m[1m_update_scan_actions[22m | props_item_08.png[39m[0m
[  39% ] [90m[1m_update_scan_actions[22m | props_item_09.png[39m[0m
[  39% ] [90m[1m_update_scan_actions[22m | props_item_10.png[39m[0m
[  39% ] [90m[1m_update_scan_actions[22m | store_backdrop.png[39m[0m
[  39% ] [90m[1m_update_scan_actions[22m | HUD.png[39m[0m
[  39% ] [90m[1m_update_scan_actions[22m | weapons1.png[39m[0m
[  39% ] [90m[1m_update_scan_actions[22m | bc_002_a_hd.png[39m[0m
[  39% ] [90m[1m_update_scan_actions[22m | bc_002_hd.png[39m[0m
[  39% ] [90m[1m_update_scan_actions[22m | bug_RPG6_hd.png[39m[0m
[  39% ] [90m[1m_update_scan_actions[22m | dg_test_002_a_hd.png[39m[0m
[  39% ] [90m[1m_update_scan_actions[22m | dg_test_002_hd.png[39m[0m
[  39% ] [90m[1m_update_scan_actions[22m | fd_01_hd.png[39m[0m
[  39% ] [90m[1m_update_scan_actions[22m | fire_00302_hd.png[39m[0m
[  39% ] [90m[1m_update_scan_actions[22m | fire_smook_001_hd.png[39m[0m
[  39% ] [90m[1m_update_scan_actions[22m | glow_002_a_hd.png[39m[0m
[  39% ] [90m[1m_update_scan_actions[22m | glow_002_hd.png[39m[0m
[  39% ] [90m[1m_update_scan_actions[22m | gun0506_hd.png[39m[0m
[  39% ] [90m[1m_update_scan_actions[22m | gun0910_hd.png[39m[0m
[  40% ] [90m[1m_update_scan_actions[22m | gunburst_01_hd.png[39m[0m
[  40% ] [90m[1m_update_scan_actions[22m | gunburst_02_hd.png[39m[0m
[  40% ] [90m[1m_update_scan_actions[22m | gunburst_03_hd.png[39m[0m
[  40% ] [90m[1m_update_scan_actions[22m | gunpoint_01_hd.png[39m[0m
[  40% ] [90m[1m_update_scan_actions[22m | gunpoint_02_hd.png[39m[0m
[  40% ] [90m[1m_update_scan_actions[22m | gunpoint_03_hd.png[39m[0m
[  40% ] [90m[1m_update_scan_actions[22m | gunpoint_blue_01_hd.png[39m[0m
[  40% ] [90m[1m_update_scan_actions[22m | gunpoint_blue_02_hd.png[39m[0m
[  40% ] [90m[1m_update_scan_actions[22m | gunpoint_blue_03_hd.png[39m[0m
[  40% ] [90m[1m_update_scan_actions[22m | gunpoint_m_01_hd.png[39m[0m
[  40% ] [90m[1m_update_scan_actions[22m | gunpoint_m_02_hd.png[39m[0m
[  40% ] [90m[1m_update_scan_actions[22m | gunpoint_m_03_hd.png[39m[0m
[  40% ] [90m[1m_update_scan_actions[22m | gun_up_1_slf_sfx_hd.png[39m[0m
[  40% ] [90m[1m_update_scan_actions[22m | HotWing_D_hd.png[39m[0m
[  40% ] [90m[1m_update_scan_actions[22m | joke_force_hd.png[39m[0m
[  40% ] [90m[1m_update_scan_actions[22m | joke_warning01_hd.png[39m[0m
[  40% ] [90m[1m_update_scan_actions[22m | laserParticle_hd.png[39m[0m
[  40% ] [90m[1m_update_scan_actions[22m | laser_02_hd.png[39m[0m
[  40% ] [90m[1m_update_scan_actions[22m | l_001_hd.png[39m[0m
[  40% ] [90m[1m_update_scan_actions[22m | plasma_bolt1_red_hd.png[39m[0m
[  40% ] [90m[1m_update_scan_actions[22m | S2_Fireflys_hd.png[39m[0m
[  40% ] [90m[1m_update_scan_actions[22m | shandian_005_hd.png[39m[0m
[  40% ] [90m[1m_update_scan_actions[22m | Skill_1_01_hd.png[39m[0m
[  40% ] [90m[1m_update_scan_actions[22m | VD5_Rush_01_hd.png[39m[0m
[  40% ] [90m[1m_update_scan_actions[22m | xmas_light01_r_hd.png[39m[0m
[  40% ] [90m[1m_update_scan_actions[22m | black_disk_bounce01.wav[39m[0m
[  40% ] [90m[1m_update_scan_actions[22m | black_disk_bounce02.wav[39m[0m
[  40% ] [90m[1m_update_scan_actions[22m | black_disk_bounce03.wav[39m[0m
[  40% ] [90m[1m_update_scan_actions[22m | black_disk_fire01.wav[39m[0m
[  40% ] [90m[1m_update_scan_actions[22m | black_disk_fire02.wav[39m[0m
[  40% ] [90m[1m_update_scan_actions[22m | nailgun_fire.wav[39m[0m
[  40% ] [90m[1m_update_scan_actions[22m | grenade_launcher_boom.wav[39m[0m
[  40% ] [90m[1m_update_scan_actions[22m | grenade_launcher_fire.wav[39m[0m
[  40% ] [90m[1m_update_scan_actions[22m | windblade.wav[39m[0m
[  40% ] [90m[1m_update_scan_actions[22m | rpg-21_boom.wav[39m[0m
[  40% ] [90m[1m_update_scan_actions[22m | rpg-21_FiringSound.wav[39m[0m
[  40% ] [90m[1m_update_scan_actions[22m | rpg-24_boom.wav[39m[0m
[  40% ] [90m[1m_update_scan_actions[22m | rpg-24_FiringSound.wav[39m[0m
[  40% ] [90m[1m_update_scan_actions[22m | rpg-31_boom.wav[39m[0m
[  40% ] [90m[1m_update_scan_actions[22m | rpg-31_FiringSound.wav[39m[0m
[  40% ] [90m[1m_update_scan_actions[22m | energy_glove_fire.wav[39m[0m
[  40% ] [90m[1m_update_scan_actions[22m | lightbow_shot.wav[39m[0m
[  40% ] [90m[1m_update_scan_actions[22m | 48be0519.png[39m[0m
[  40% ] [90m[1m_update_scan_actions[22m | a_ball_001.png[39m[0m
[  40% ] [90m[1m_update_scan_actions[22m | a_ball_001_orange.png[39m[0m
[  41% ] [90m[1m_update_scan_actions[22m | ball_005.png[39m[0m
[  41% ] [90m[1m_update_scan_actions[22m | ball_005_orange.png[39m[0m
[  41% ] [90m[1m_update_scan_actions[22m | bc_002.png[39m[0m
[  41% ] [90m[1m_update_scan_actions[22m | bc_002_a.png[39m[0m
[  41% ] [90m[1m_update_scan_actions[22m | bomb_fire.png[39m[0m
[  41% ] [90m[1m_update_scan_actions[22m | bug_RPG6.png[39m[0m
[  41% ] [90m[1m_update_scan_actions[22m | bz_001.png[39m[0m
[  41% ] [90m[1m_update_scan_actions[22m | changtiaoshanguang01.png[39m[0m
[  41% ] [90m[1m_update_scan_actions[22m | dg_test_002.png[39m[0m
[  41% ] [90m[1m_update_scan_actions[22m | dg_test_002_a.png[39m[0m
[  41% ] [90m[1m_update_scan_actions[22m | Dust_wind_B_Red_Normal_04.png[39m[0m
[  41% ] [90m[1m_update_scan_actions[22m | ef_yanwu.png[39m[0m
[  41% ] [90m[1m_update_scan_actions[22m | enemy_hit02.png[39m[0m
[  41% ] [90m[1m_update_scan_actions[22m | eye_fxl_t_lightning_010.png[39m[0m
[  41% ] [90m[1m_update_scan_actions[22m | fangsheguang_00157.png[39m[0m
[  41% ] [90m[1m_update_scan_actions[22m | fd_01.png[39m[0m
[  41% ] [90m[1m_update_scan_actions[22m | fireline_y.png[39m[0m
[  41% ] [90m[1m_update_scan_actions[22m | FireRain_01.png[39m[0m
[  41% ] [90m[1m_update_scan_actions[22m | FireRipple_01.png[39m[0m
[  41% ] [90m[1m_update_scan_actions[22m | fire_00302.png[39m[0m
[  41% ] [90m[1m_update_scan_actions[22m | fire_smook_001.png[39m[0m
[  41% ] [90m[1m_update_scan_actions[22m | fly_wave001.png[39m[0m
[  41% ] [90m[1m_update_scan_actions[22m | fx1519.png[39m[0m
[  41% ] [90m[1m_update_scan_actions[22m | FX1555.png[39m[0m
[  41% ] [90m[1m_update_scan_actions[22m | glow_001.png[39m[0m
[  41% ] [90m[1m_update_scan_actions[22m | glow_002.png[39m[0m
[  41% ] [90m[1m_update_scan_actions[22m | glow_002_a.png[39m[0m
[  41% ] [90m[1m_update_scan_actions[22m | gong_2.png[39m[0m
[  41% ] [90m[1m_update_scan_actions[22m | gun0506.png[39m[0m
[  41% ] [90m[1m_update_scan_actions[22m | gun0910.png[39m[0m
[  41% ] [90m[1m_update_scan_actions[22m | gun_up1_gzgj_ammo_1.png[39m[0m
[  41% ] [90m[1m_update_scan_actions[22m | gun_up_1_slf_sfx.png[39m[0m
[  41% ] [90m[1m_update_scan_actions[22m | gun_up_gzqgj1_l.png[39m[0m
[  41% ] [90m[1m_update_scan_actions[22m | gun_up_gzqgj.png[39m[0m
[  41% ] [90m[1m_update_scan_actions[22m | HotWing_D.png[39m[0m
[  41% ] [90m[1m_update_scan_actions[22m | huoxing_001.png[39m[0m
[  41% ] [90m[1m_update_scan_actions[22m | jk_001.png[39m[0m
[  41% ] [90m[1m_update_scan_actions[22m | joke_force01.png[39m[0m
[  41% ] [90m[1m_update_scan_actions[22m | joke_force.png[39m[0m
[  41% ] [90m[1m_update_scan_actions[22m | joke_warning01.png[39m[0m
[  41% ] [90m[1m_update_scan_actions[22m | laserParticle.png[39m[0m
[  41% ] [90m[1m_update_scan_actions[22m | light0007.png[39m[0m
[  41% ] [90m[1m_update_scan_actions[22m | light0080.png[39m[0m
[  41% ] [90m[1m_update_scan_actions[22m | light0181.png[39m[0m
[  41% ] [90m[1m_update_scan_actions[22m | magic0095.png[39m[0m
[  41% ] [90m[1m_update_scan_actions[22m | plasma_bolt1_red.png[39m[0m
[  42% ] [90m[1m_update_scan_actions[22m | point_glow_001.png[39m[0m
[  42% ] [90m[1m_update_scan_actions[22m | ring_blur_002_blue_a.png[39m[0m
[  42% ] [90m[1m_update_scan_actions[22m | S2_Fireflys.png[39m[0m
[  42% ] [90m[1m_update_scan_actions[22m | Skill_1_01.png[39m[0m
[  42% ] [90m[1m_update_scan_actions[22m | suns_001_128.png[39m[0m
[  42% ] [90m[1m_update_scan_actions[22m | sw1_2x2_orange.png[39m[0m
[  42% ] [90m[1m_update_scan_actions[22m | VD5_Rush_01.png[39m[0m
[  42% ] [90m[1m_update_scan_actions[22m | waikuo.png[39m[0m
[  42% ] [90m[1m_update_scan_actions[22m | xmas_light01_r.png[39m[0m
[  42% ] [90m[1m_update_scan_actions[22m | icon.png[39m[0m
[  42% ] [90m[1m_update_scan_actions[22m | additive_store_preview.png[39m[0m
[  42% ] [90m[1m_update_scan_actions[22m | armory_restoration_preview.png[39m[0m
[  42% ] [90m[1m_update_scan_actions[22m | armor_restoration_preview.png[39m[0m
[  42% ] [90m[1m_update_scan_actions[22m | bag_restoration_preview.png[39m[0m
[  42% ] [90m[1m_update_scan_actions[22m | callofmini_enhanced_preview.png[39m[0m
[  42% ] [90m[1m_update_scan_actions[22m | enemy_direction_preview.png[39m[0m
[  42% ] [90m[1m_update_scan_actions[22m | expanse_preview.png[39m[0m
[  42% ] [90m[1m_update_scan_actions[22m | menu_navigation_preview.png[39m[0m
[  42% ] [90m[1m_update_scan_actions[22m | menu_restoration_preview.png[39m[0m
[  42% ] [90m[1m_update_scan_actions[22m | mobile_restoration_preview.png[39m[0m
[  42% ] [90m[1m_update_scan_actions[22m | projectile_vfx_preview.png[39m[0m
[  42% ] [90m[1m_update_scan_actions[22m | restoration_preview.png[39m[0m
[  42% ] [90m[1m_update_scan_actions[22m | scene_restoration_preview.png[39m[0m
[  42% ] [90m[1m_update_scan_actions[22m | special_store_preview.png[39m[0m
[  42% ] [90m[1m_update_scan_actions[22m | special_weapon_restoration_preview.png[39m[0m
[  42% ] [90m[1m_update_scan_actions[22m | weapon_pose_fire_preview.png[39m[0m
[  42% ] [90m[1m_update_scan_actions[22m | weapon_pose_idle_preview.png[39m[0m
[  42% ] [90m[1m_update_scan_actions[22m | 32.png[39m[0m
[  42% ] [90m[1m_update_scan_actions[22m | 48.png[39m[0m
[  42% ] [90m[1m_update_scan_actions[22m | 64.png[39m[0m
[  42% ] [90m[1m_update_scan_actions[22m | 96.png[39m[0m
[  42% ] [90m[1m_update_scan_actions[22m | 128.png[39m[0m
[  42% ] [90m[1m_update_scan_actions[22m | 192.png[39m[0m
[  42% ] [90m[1m_update_scan_actions[22m | 256.png[39m[0m
[  42% ] [90m[1m_update_scan_actions[22m | 32.png[39m[0m
[  42% ] [90m[1m_update_scan_actions[22m | 48.png[39m[0m
[  42% ] [90m[1m_update_scan_actions[22m | 64.png[39m[0m
[  42% ] [90m[1m_update_scan_actions[22m | 96.png[39m[0m
[  42% ] [90m[1m_update_scan_actions[22m | 128.png[39m[0m
[  42% ] [90m[1m_update_scan_actions[22m | 192.png[39m[0m
[  42% ] [90m[1m_update_scan_actions[22m | 256.png[39m[0m
[  42% ] [90m[1m_update_scan_actions[22m | 32.png[39m[0m
[  42% ] [90m[1m_update_scan_actions[22m | 48.png[39m[0m
[  42% ] [90m[1m_update_scan_actions[22m | 64.png[39m[0m
[  42% ] [90m[1m_update_scan_actions[22m | 96.png[39m[0m
[  43% ] [90m[1m_update_scan_actions[22m | 128.png[39m[0m
[  43% ] [90m[1m_update_scan_actions[22m | 192.png[39m[0m
[  43% ] [90m[1m_update_scan_actions[22m | 256.png[39m[0m
[  43% ] [90m[1m_update_scan_actions[22m | 32.png[39m[0m
[  43% ] [90m[1m_update_scan_actions[22m | 48.png[39m[0m
[  43% ] [90m[1m_update_scan_actions[22m | 64.png[39m[0m
[  43% ] [90m[1m_update_scan_actions[22m | 96.png[39m[0m
[  43% ] [90m[1m_update_scan_actions[22m | 128.png[39m[0m
[  43% ] [90m[1m_update_scan_actions[22m | 192.png[39m[0m
[  43% ] [90m[1m_update_scan_actions[22m | 256.png[39m[0m
[  43% ] [90m[1m_update_scan_actions[22m | 32.png[39m[0m
[  43% ] [90m[1m_update_scan_actions[22m | 48.png[39m[0m
[  43% ] [90m[1m_update_scan_actions[22m | 64.png[39m[0m
[  43% ] [90m[1m_update_scan_actions[22m | 96.png[39m[0m
[  43% ] [90m[1m_update_scan_actions[22m | 128.png[39m[0m
[  43% ] [90m[1m_update_scan_actions[22m | 192.png[39m[0m
[  43% ] [90m[1m_update_scan_actions[22m | 256.png[39m[0m
[  43% ] [90m[1m_update_scan_actions[22m | 32.png[39m[0m
[  43% ] [90m[1m_update_scan_actions[22m | 48.png[39m[0m
[  43% ] [90m[1m_update_scan_actions[22m | 64.png[39m[0m
[  43% ] [90m[1m_update_scan_actions[22m | 96.png[39m[0m
[  43% ] [90m[1m_update_scan_actions[22m | 128.png[39m[0m
[  43% ] [90m[1m_update_scan_actions[22m | 192.png[39m[0m
[  43% ] [90m[1m_update_scan_actions[22m | 256.png[39m[0m
[  43% ] [90m[1m_update_scan_actions[22m | 32.png[39m[0m
[  43% ] [90m[1m_update_scan_actions[22m | 48.png[39m[0m
[  43% ] [90m[1m_update_scan_actions[22m | 64.png[39m[0m
[  43% ] [90m[1m_update_scan_actions[22m | 96.png[39m[0m
[  43% ] [90m[1m_update_scan_actions[22m | 128.png[39m[0m
[  43% ] [90m[1m_update_scan_actions[22m | 192.png[39m[0m
[  43% ] [90m[1m_update_scan_actions[22m | 256.png[39m[0m
[  43% ] [90m[1m_update_scan_actions[22m | 32.png[39m[0m
[  43% ] [90m[1m_update_scan_actions[22m | 48.png[39m[0m
[  43% ] [90m[1m_update_scan_actions[22m | 64.png[39m[0m
[  43% ] [90m[1m_update_scan_actions[22m | 96.png[39m[0m
[  43% ] [90m[1m_update_scan_actions[22m | 128.png[39m[0m
[  43% ] [90m[1m_update_scan_actions[22m | 192.png[39m[0m
[  43% ] [90m[1m_update_scan_actions[22m | 256.png[39m[0m
[  43% ] [90m[1m_update_scan_actions[22m | 32.png[39m[0m
[  43% ] [90m[1m_update_scan_actions[22m | 48.png[39m[0m
[  43% ] [90m[1m_update_scan_actions[22m | 64.png[39m[0m
[  43% ] [90m[1m_update_scan_actions[22m | 96.png[39m[0m
[  43% ] [90m[1m_update_scan_actions[22m | 128.png[39m[0m
[  43% ] [90m[1m_update_scan_actions[22m | 192.png[39m[0m
[  43% ] [90m[1m_update_scan_actions[22m | 256.png[39m[0m
[  44% ] [90m[1m_update_scan_actions[22m | 32.png[39m[0m
[  44% ] [90m[1m_update_scan_actions[22m | 48.png[39m[0m
[  44% ] [90m[1m_update_scan_actions[22m | 64.png[39m[0m
[  44% ] [90m[1m_update_scan_actions[22m | 96.png[39m[0m
[  44% ] [90m[1m_update_scan_actions[22m | 128.png[39m[0m
[  44% ] [90m[1m_update_scan_actions[22m | 192.png[39m[0m
[  44% ] [90m[1m_update_scan_actions[22m | 256.png[39m[0m
[  44% ] [90m[1m_update_scan_actions[22m | 32.png[39m[0m
[  44% ] [90m[1m_update_scan_actions[22m | 48.png[39m[0m
[  44% ] [90m[1m_update_scan_actions[22m | 64.png[39m[0m
[  44% ] [90m[1m_update_scan_actions[22m | 96.png[39m[0m
[  44% ] [90m[1m_update_scan_actions[22m | 128.png[39m[0m
[  44% ] [90m[1m_update_scan_actions[22m | 192.png[39m[0m
[  44% ] [90m[1m_update_scan_actions[22m | 256.png[39m[0m
[  44% ] [90m[1m_update_scan_actions[22m | 32.png[39m[0m
[  44% ] [90m[1m_update_scan_actions[22m | 48.png[39m[0m
[  44% ] [90m[1m_update_scan_actions[22m | 64.png[39m[0m
[  44% ] [90m[1m_update_scan_actions[22m | 96.png[39m[0m
[  44% ] [90m[1m_update_scan_actions[22m | 128.png[39m[0m
[  44% ] [90m[1m_update_scan_actions[22m | 192.png[39m[0m
[  44% ] [90m[1m_update_scan_actions[22m | 256.png[39m[0m
[  44% ] [90m[1m_update_scan_actions[22m | 32.png[39m[0m
[  44% ] [90m[1m_update_scan_actions[22m | 48.png[39m[0m
[  44% ] [90m[1m_update_scan_actions[22m | 64.png[39m[0m
[  44% ] [90m[1m_update_scan_actions[22m | 96.png[39m[0m
[  44% ] [90m[1m_update_scan_actions[22m | 128.png[39m[0m
[  44% ] [90m[1m_update_scan_actions[22m | 192.png[39m[0m
[  44% ] [90m[1m_update_scan_actions[22m | 256.png[39m[0m
[  44% ] [90m[1m_update_scan_actions[22m | 32.png[39m[0m
[  44% ] [90m[1m_update_scan_actions[22m | 48.png[39m[0m
[  44% ] [90m[1m_update_scan_actions[22m | 64.png[39m[0m
[  44% ] [90m[1m_update_scan_actions[22m | 96.png[39m[0m
[  44% ] [90m[1m_update_scan_actions[22m | 128.png[39m[0m
[  44% ] [90m[1m_update_scan_actions[22m | 192.png[39m[0m
[  44% ] [90m[1m_update_scan_actions[22m | 256.png[39m[0m
[  44% ] [90m[1m_update_scan_actions[22m | bag_00_original_outward.png[39m[0m
[  44% ] [90m[1m_update_scan_actions[22m | bag_00_original_side.png[39m[0m
[  44% ] [90m[1m_update_scan_actions[22m | bag_00_original_threequarter.png[39m[0m
[  44% ] [90m[1m_update_scan_actions[22m | bag_01_original_outward.png[39m[0m
[  44% ] [90m[1m_update_scan_actions[22m | bag_01_original_side.png[39m[0m
[  44% ] [90m[1m_update_scan_actions[22m | bag_01_original_threequarter.png[39m[0m
[  44% ] [90m[1m_update_scan_actions[22m | bag_02_original_outward.png[39m[0m
[  44% ] [90m[1m_update_scan_actions[22m | bag_02_original_side.png[39m[0m
[  44% ] [90m[1m_update_scan_actions[22m | bag_02_original_threequarter.png[39m[0m
[  44% ] [90m[1m_update_scan_actions[22m | bag_03_original_outward.png[39m[0m
[  44% ] [90m[1m_update_scan_actions[22m | bag_03_original_side.png[39m[0m
[  45% ] [90m[1m_update_scan_actions[22m | bag_03_original_threequarter.png[39m[0m
[  45% ] [90m[1m_update_scan_actions[22m | bag_04_original_outward.png[39m[0m
[  45% ] [90m[1m_update_scan_actions[22m | bag_04_original_side.png[39m[0m
[  45% ] [90m[1m_update_scan_actions[22m | bag_04_original_threequarter.png[39m[0m
[  45% ] [90m[1m_update_scan_actions[22m | bag_05_original_outward.png[39m[0m
[  45% ] [90m[1m_update_scan_actions[22m | bag_05_original_side.png[39m[0m
[  45% ] [90m[1m_update_scan_actions[22m | bag_05_original_threequarter.png[39m[0m
[  45% ] [90m[1m_update_scan_actions[22m | bag_06_original_outward.png[39m[0m
[  45% ] [90m[1m_update_scan_actions[22m | bag_06_original_side.png[39m[0m
[  45% ] [90m[1m_update_scan_actions[22m | bag_06_original_threequarter.png[39m[0m
[  45% ] [90m[1m_update_scan_actions[22m | bag_07_original_outward.png[39m[0m
[  45% ] [90m[1m_update_scan_actions[22m | bag_07_original_side.png[39m[0m
[  45% ] [90m[1m_update_scan_actions[22m | bag_07_original_threequarter.png[39m[0m
[  45% ] [90m[1m_update_scan_actions[22m | bag_08_original_outward.png[39m[0m
[  45% ] [90m[1m_update_scan_actions[22m | bag_08_original_side.png[39m[0m
[  45% ] [90m[1m_update_scan_actions[22m | bag_08_original_threequarter.png[39m[0m
[  45% ] [90m[1m_update_scan_actions[22m | bag_09_original_outward.png[39m[0m
[  45% ] [90m[1m_update_scan_actions[22m | bag_09_original_side.png[39m[0m
[  45% ] [90m[1m_update_scan_actions[22m | bag_09_original_threequarter.png[39m[0m
[  45% ] [90m[1m_update_scan_actions[22m | bag_10_original_outward.png[39m[0m
[  45% ] [90m[1m_update_scan_actions[22m | bag_10_original_side.png[39m[0m
[  45% ] [90m[1m_update_scan_actions[22m | bag_10_original_threequarter.png[39m[0m
[  45% ] [90m[1m_update_scan_actions[22m | bag_11_original_outward.png[39m[0m
[  45% ] [90m[1m_update_scan_actions[22m | bag_11_original_side.png[39m[0m
[  45% ] [90m[1m_update_scan_actions[22m | bag_11_original_threequarter.png[39m[0m
[  45% ] [90m[1m_update_scan_actions[22m | bag_12_original_outward.png[39m[0m
[  45% ] [90m[1m_update_scan_actions[22m | bag_12_original_side.png[39m[0m
[  45% ] [90m[1m_update_scan_actions[22m | bag_12_original_threequarter.png[39m[0m
[  45% ] [90m[1m_update_scan_actions[22m | bag_13_original_outward.png[39m[0m
[  45% ] [90m[1m_update_scan_actions[22m | bag_13_original_side.png[39m[0m
[  45% ] [90m[1m_update_scan_actions[22m | bag_13_original_threequarter.png[39m[0m
[  45% ] [90m[1m_update_scan_actions[22m | bag_14_original_outward.png[39m[0m
[  45% ] [90m[1m_update_scan_actions[22m | bag_14_original_side.png[39m[0m
[  45% ] [90m[1m_update_scan_actions[22m | bag_14_original_threequarter.png[39m[0m
[  45% ] [90m[1m_update_scan_actions[22m | bag_15_original_outward.png[39m[0m
[  45% ] [90m[1m_update_scan_actions[22m | bag_15_original_side.png[39m[0m
[  45% ] [90m[1m_update_scan_actions[22m | bag_15_original_threequarter.png[39m[0m
[  45% ] [90m[1m_update_scan_actions[22m | bag_16_original_outward.png[39m[0m
[  45% ] [90m[1m_update_scan_actions[22m | bag_16_original_side.png[39m[0m
[  45% ] [90m[1m_update_scan_actions[22m | bag_16_original_threequarter.png[39m[0m
[  45% ] [90m[1m_update_scan_actions[22m | bag_17_original_outward.png[39m[0m
[  45% ] [90m[1m_update_scan_actions[22m | bag_17_original_side.png[39m[0m
[  45% ] [90m[1m_update_scan_actions[22m | bag_17_original_threequarter.png[39m[0m
[  45% ] [90m[1m_update_scan_actions[22m | bag_18_original_outward.png[39m[0m
[  45% ] [90m[1m_update_scan_actions[22m | bag_18_original_side.png[39m[0m
[  46% ] [90m[1m_update_scan_actions[22m | bag_18_original_threequarter.png[39m[0m
[  46% ] [90m[1m_update_scan_actions[22m | bag_19_original_outward.png[39m[0m
[  46% ] [90m[1m_update_scan_actions[22m | bag_19_original_side.png[39m[0m
[  46% ] [90m[1m_update_scan_actions[22m | bag_19_original_threequarter.png[39m[0m
[  46% ] [90m[1m_update_scan_actions[22m | bag_20_original_outward.png[39m[0m
[  46% ] [90m[1m_update_scan_actions[22m | bag_20_original_side.png[39m[0m
[  46% ] [90m[1m_update_scan_actions[22m | bag_20_original_threequarter.png[39m[0m
[  46% ] [90m[1m_update_scan_actions[22m | bag_21_original_outward.png[39m[0m
[  46% ] [90m[1m_update_scan_actions[22m | bag_21_original_side.png[39m[0m
[  46% ] [90m[1m_update_scan_actions[22m | bag_21_original_threequarter.png[39m[0m
[  46% ] [90m[1m_update_scan_actions[22m | bag_22_original_outward.png[39m[0m
[  46% ] [90m[1m_update_scan_actions[22m | bag_22_original_side.png[39m[0m
[  46% ] [90m[1m_update_scan_actions[22m | bag_22_original_threequarter.png[39m[0m
[  46% ] [90m[1m_update_scan_actions[22m | bag_23_original_outward.png[39m[0m
[  46% ] [90m[1m_update_scan_actions[22m | bag_23_original_side.png[39m[0m
[  46% ] [90m[1m_update_scan_actions[22m | bag_23_original_threequarter.png[39m[0m
[  46% ] [90m[1m_update_scan_actions[22m | bag_24_original_outward.png[39m[0m
[  46% ] [90m[1m_update_scan_actions[22m | bag_24_original_side.png[39m[0m
[  46% ] [90m[1m_update_scan_actions[22m | bag_24_original_threequarter.png[39m[0m
[  46% ] [90m[1m_update_scan_actions[22m | 128.png[39m[0m
[  46% ] [90m[1m_update_scan_actions[22m | PAD-ico_32.png[39m[0m
[  46% ] [90m[1m_update_scan_actions[22m | PAD-ico_48.png[39m[0m
[  46% ] [90m[1m_update_scan_actions[22m | PAD-ico_56.png[39m[0m
[  46% ] [90m[1m_update_scan_actions[22m | PAD-ico_64.png[39m[0m
[  46% ] [90m[1m_update_scan_actions[22m | PAD-ico_128.png[39m[0m
[  46% ] [90m[1m_update_scan_actions[22m | desktop.png[39m[0m
[  46% ] [90m[1m_update_scan_actions[22m | mobile.png[39m[0m
[  46% ] [90m[1m_update_scan_actions[22m | mobile_comparison.png[39m[0m
[  46% ] [90m[1m_update_scan_actions[22m | halo4_series12.png[39m[0m
[  46% ] [90m[1m_update_scan_actions[22m | hazmat_concept.jpg[39m[0m
[  46% ] [90m[1m_update_scan_actions[22m | hazmat_fan.jpg[39m[0m
[  46% ] [90m[1m_update_scan_actions[22m | hazmat_renders.jpg[39m[0m
[  46% ] [90m[1m_update_scan_actions[22m | hunter_concept.jpg[39m[0m
[  46% ] [90m[1m_update_scan_actions[22m | hunter_turnaround.jpg[39m[0m
[  46% ] [90m[1m_update_scan_actions[22m | odst_comms.png[39m[0m
[  46% ] [90m[1m_update_scan_actions[22m | odst_tactical.jpg[39m[0m
[  46% ] [90m[1m_update_scan_actions[22m | reach_series8.png[39m[0m
[  46% ] [90m[1m_update_scan_actions[22m | reach_series8_concept.jpg[39m[0m
[  46% ] [90m[1m_update_scan_actions[22m | rookie_guide_page29.jpg[39m[0m
[  46% ] [90m[1m_update_scan_actions[22m | rookie_guide_page30.jpg[39m[0m
[  46% ] [90m[1m_update_scan_actions[22m | rookie_guide_page31.jpg[39m[0m
[  46% ] [90m[1m_update_scan_actions[22m | rookie_guide_page32.jpg[39m[0m
[  46% ] [90m[1m_update_scan_actions[22m | rookie_guide_page33.jpg[39m[0m
[  46% ] [90m[1m_update_scan_actions[22m | yoroi_hefley2.jpg[39m[0m
[  46% ] [90m[1m_update_scan_actions[22m | yoroi_tworek2.jpg[39m[0m
[  46% ] [90m[1m_update_scan_actions[22m | c01_rookie_official_turnaround.jpg[39m[0m
[  47% ] [90m[1m_update_scan_actions[22m | c02_recon_reach_helmet_concept.jpg[39m[0m
[  47% ] [90m[1m_update_scan_actions[22m | c02_recon_reach_render.png[39m[0m
[  47% ] [90m[1m_update_scan_actions[22m | c03_grenadier_reach_armor.jpg[39m[0m
[  47% ] [90m[1m_update_scan_actions[22m | c03_grenadier_reach_helmet_concept.jpg[39m[0m
[  47% ] [90m[1m_update_scan_actions[22m | c03_grenadier_reach_jorge_concept.png[39m[0m
[  47% ] [90m[1m_update_scan_actions[22m | c04_operator_reach_armor.png[39m[0m
[  47% ] [90m[1m_update_scan_actions[22m | c04_operator_reach_body.png[39m[0m
[  47% ] [90m[1m_update_scan_actions[22m | c05_recruit_halo4_model.jpg[39m[0m
[  47% ] [90m[1m_update_scan_actions[22m | c05_recruit_halo4_render.png[39m[0m
[  47% ] [90m[1m_update_scan_actions[22m | c06_eva_halo3_concept.png[39m[0m
[  47% ] [90m[1m_update_scan_actions[22m | c06_eva_halo3_hannaford_concept.jpg[39m[0m
[  47% ] [90m[1m_update_scan_actions[22m | c06_eva_halo3_screenshot.jpg[39m[0m
[  47% ] [90m[1m_update_scan_actions[22m | c07_warmaster_halo4_concept.jpg[39m[0m
[  47% ] [90m[1m_update_scan_actions[22m | c07_warmaster_halo4_render.png[39m[0m
[  47% ] [90m[1m_update_scan_actions[22m | c08_engineer_front.png[39m[0m
[  47% ] [90m[1m_update_scan_actions[22m | c08_engineer_game3.png[39m[0m
[  47% ] [90m[1m_update_scan_actions[22m | c08_engineer_game3_preview.png[39m[0m
[  47% ] [90m[1m_update_scan_actions[22m | c08_engineer_guide.jpg[39m[0m
[  47% ] [90m[1m_update_scan_actions[22m | c09_helioskrill_concept.jpg[39m[0m
[  47% ] [90m[1m_update_scan_actions[22m | c09_helioskrill_front.png[39m[0m
[  47% ] [90m[1m_update_scan_actions[22m | c10_cqc_armor.jpg[39m[0m
[  47% ] [90m[1m_update_scan_actions[22m | c10_cqc_game.png[39m[0m
[  47% ] [90m[1m_update_scan_actions[22m | c10_cqc_helmet.jpg[39m[0m
[  47% ] [90m[1m_update_scan_actions[22m | c11_venator_model.jpg[39m[0m
[  47% ] [90m[1m_update_scan_actions[22m | c11_venator_rear.png[39m[0m
[  47% ] [90m[1m_update_scan_actions[22m | c12_air_assault_h5_front.png[39m[0m
[  47% ] [90m[1m_update_scan_actions[22m | c12_air_assault_model.jpg[39m[0m
[  47% ] [90m[1m_update_scan_actions[22m | c12_valkyrie_concept.jpg[39m[0m
[  47% ] [90m[1m_update_scan_actions[22m | c12_valkyrie_front.png[39m[0m
[  47% ] [90m[1m_update_scan_actions[22m | c13_oceanic_hipoly.jpg[39m[0m
[  47% ] [90m[1m_update_scan_actions[22m | c13_oceanic_model.jpg[39m[0m
[  47% ] [90m[1m_update_scan_actions[22m | c14_eod_closeup.jpg[39m[0m
[  47% ] [90m[1m_update_scan_actions[22m | c14_eod_front.png[39m[0m
[  47% ] [90m[1m_update_scan_actions[22m | c14_eod_full.png[39m[0m
[  47% ] [90m[1m_update_scan_actions[22m | c14_eod_game.jpg[39m[0m
[  47% ] [90m[1m_update_scan_actions[22m | c15_hayabusa_back.jpg[39m[0m
[  47% ] [90m[1m_update_scan_actions[22m | c15_hayabusa_front.jpg[39m[0m
[  47% ] [90m[1m_update_scan_actions[22m | c16_hazop_front.png[39m[0m
[  47% ] [90m[1m_update_scan_actions[22m | c16_hazop_helmet.jpg[39m[0m
[  47% ] [90m[1m_update_scan_actions[22m | c17_prefect_back.png[39m[0m
[  47% ] [90m[1m_update_scan_actions[22m | c17_prefect_front.png[39m[0m
[  47% ] [90m[1m_update_scan_actions[22m | c18_achilles_back.png[39m[0m
[  47% ] [90m[1m_update_scan_actions[22m | c18_achilles_front.png[39m[0m
[  47% ] [90m[1m_update_scan_actions[22m | c19_locus_front.png[39m[0m
[  47% ] [90m[1m_update_scan_actions[22m | c19_locus_helmet.jpg[39m[0m
[  48% ] [90m[1m_update_scan_actions[22m | c20_protector_angle.png[39m[0m
[  48% ] [90m[1m_update_scan_actions[22m | c20_protector_front.png[39m[0m
[  48% ] [90m[1m_update_scan_actions[22m | c21_yoroi_angles.jpg[39m[0m
[  48% ] [90m[1m_update_scan_actions[22m | c21_yoroi_front.jpg[39m[0m
[  48% ] [90m[1m_update_scan_actions[22m | c21_yoroi_helmets.jpg[39m[0m
[  48% ] [90m[1m_update_scan_actions[22m | c01_front.png[39m[0m
[  48% ] [90m[1m_update_scan_actions[22m | c01_rear.png[39m[0m
[  48% ] [90m[1m_update_scan_actions[22m | c01_side.png[39m[0m
[  48% ] [90m[1m_update_scan_actions[22m | c02_front.png[39m[0m
[  48% ] [90m[1m_update_scan_actions[22m | c02_rear.png[39m[0m
[  48% ] [90m[1m_update_scan_actions[22m | c02_side.png[39m[0m
[  48% ] [90m[1m_update_scan_actions[22m | c03_front.png[39m[0m
[  48% ] [90m[1m_update_scan_actions[22m | c03_rear.png[39m[0m
[  48% ] [90m[1m_update_scan_actions[22m | c03_side.png[39m[0m
[  48% ] [90m[1m_update_scan_actions[22m | c04_front.png[39m[0m
[  48% ] [90m[1m_update_scan_actions[22m | c04_rear.png[39m[0m
[  48% ] [90m[1m_update_scan_actions[22m | c04_side.png[39m[0m
[  48% ] [90m[1m_update_scan_actions[22m | c05_front.png[39m[0m
[  48% ] [90m[1m_update_scan_actions[22m | c05_rear.png[39m[0m
[  48% ] [90m[1m_update_scan_actions[22m | c05_side.png[39m[0m
[  48% ] [90m[1m_update_scan_actions[22m | c06_front.png[39m[0m
[  48% ] [90m[1m_update_scan_actions[22m | c06_rear.png[39m[0m
[  48% ] [90m[1m_update_scan_actions[22m | c06_side.png[39m[0m
[  48% ] [90m[1m_update_scan_actions[22m | c07_front.png[39m[0m
[  48% ] [90m[1m_update_scan_actions[22m | c07_rear.png[39m[0m
[  48% ] [90m[1m_update_scan_actions[22m | c07_side.png[39m[0m
[  48% ] [90m[1m_update_scan_actions[22m | c08_front.png[39m[0m
[  48% ] [90m[1m_update_scan_actions[22m | c08_rear.png[39m[0m
[  48% ] [90m[1m_update_scan_actions[22m | c08_side.png[39m[0m
[  48% ] [90m[1m_update_scan_actions[22m | c09_front.png[39m[0m
[  48% ] [90m[1m_update_scan_actions[22m | c09_rear.png[39m[0m
[  48% ] [90m[1m_update_scan_actions[22m | c09_side.png[39m[0m
[  48% ] [90m[1m_update_scan_actions[22m | c10_front.png[39m[0m
[  48% ] [90m[1m_update_scan_actions[22m | c10_rear.png[39m[0m
[  48% ] [90m[1m_update_scan_actions[22m | c10_side.png[39m[0m
[  48% ] [90m[1m_update_scan_actions[22m | 0bf4e9e8dfa3.png[39m[0m
[  48% ] [90m[1m_update_scan_actions[22m | 0ca4e8e98bc1.png[39m[0m
[  48% ] [90m[1m_update_scan_actions[22m | 1af616b7a660.png[39m[0m
[  48% ] [90m[1m_update_scan_actions[22m | 2ca09b153e65.png[39m[0m
[  48% ] [90m[1m_update_scan_actions[22m | 2cff7009b3eb.png[39m[0m
[  48% ] [90m[1m_update_scan_actions[22m | 2d09a6e87a57.png[39m[0m
[  48% ] [90m[1m_update_scan_actions[22m | 3a9bd82ecea8.png[39m[0m
[  48% ] [90m[1m_update_scan_actions[22m | 3c5547e69196.png[39m[0m
[  48% ] [90m[1m_update_scan_actions[22m | 3ecf5919962b.png[39m[0m
[  48% ] [90m[1m_update_scan_actions[22m | 4d90748e1d2d.png[39m[0m
[  48% ] [90m[1m_update_scan_actions[22m | 4db9e13f00b3.png[39m[0m
[  49% ] [90m[1m_update_scan_actions[22m | 5b9bd919fde2.png[39m[0m
[  49% ] [90m[1m_update_scan_actions[22m | 5ca3cf9fa974.png[39m[0m
[  49% ] [90m[1m_update_scan_actions[22m | 5db9841c0dae.png[39m[0m
[  49% ] [90m[1m_update_scan_actions[22m | 5f56b01ebe2b.png[39m[0m
[  49% ] [90m[1m_update_scan_actions[22m | 6b89602967fd.png[39m[0m
[  49% ] [90m[1m_update_scan_actions[22m | 7beec7a9bece.png[39m[0m
[  49% ] [90m[1m_update_scan_actions[22m | 7c12265b4a47.png[39m[0m
[  49% ] [90m[1m_update_scan_actions[22m | 7fabe3a4b2a8.png[39m[0m
[  49% ] [90m[1m_update_scan_actions[22m | 8a5b8abdb8a5.png[39m[0m
[  49% ] [90m[1m_update_scan_actions[22m | 8ac8c70fe46c.png[39m[0m
[  49% ] [90m[1m_update_scan_actions[22m | 8df7ef6317f7.png[39m[0m
[  49% ] [90m[1m_update_scan_actions[22m | 8eb2c055a82d.png[39m[0m
[  49% ] [90m[1m_update_scan_actions[22m | 8f9c6ee70139.png[39m[0m
[  49% ] [90m[1m_update_scan_actions[22m | 8f57364be727.png[39m[0m
[  49% ] [90m[1m_update_scan_actions[22m | 8fb964ef7c8b.png[39m[0m
[  49% ] [90m[1m_update_scan_actions[22m | 8ff4bf12f676.png[39m[0m
[  49% ] [90m[1m_update_scan_actions[22m | 11cfd40c650e.png[39m[0m
[  49% ] [90m[1m_update_scan_actions[22m | 013e5345e988.png[39m[0m
[  49% ] [90m[1m_update_scan_actions[22m | 20ac9e0f07fb.png[39m[0m
[  49% ] [90m[1m_update_scan_actions[22m | 26b97b42483b.png[39m[0m
[  49% ] [90m[1m_update_scan_actions[22m | 27d8aca6862e.png[39m[0m
[  49% ] [90m[1m_update_scan_actions[22m | 37a0f053aec6.png[39m[0m
[  49% ] [90m[1m_update_scan_actions[22m | 41b8af21a374.png[39m[0m
[  49% ] [90m[1m_update_scan_actions[22m | 48b80808b3d2.png[39m[0m
[  49% ] [90m[1m_update_scan_actions[22m | 62f2d817ef0d.png[39m[0m
[  49% ] [90m[1m_update_scan_actions[22m | 062f024d03d4.png[39m[0m
[  49% ] [90m[1m_update_scan_actions[22m | 72ff0f5633f4.png[39m[0m
[  49% ] [90m[1m_update_scan_actions[22m | 96f84a961b22.png[39m[0m
[  49% ] [90m[1m_update_scan_actions[22m | 107c30555389.png[39m[0m
[  49% ] [90m[1m_update_scan_actions[22m | 113ffba8b645.png[39m[0m
[  49% ] [90m[1m_update_scan_actions[22m | 378b90c0e5c4.png[39m[0m
[  49% ] [90m[1m_update_scan_actions[22m | 398d02e6d38e.png[39m[0m
[  49% ] [90m[1m_update_scan_actions[22m | 0425e1d5d249.png[39m[0m
[  49% ] [90m[1m_update_scan_actions[22m | 435a8b77ed07.png[39m[0m
[  49% ] [90m[1m_update_scan_actions[22m | 438e24f3b96b.png[39m[0m
[  49% ] [90m[1m_update_scan_actions[22m | 443b5cb7ec3d.png[39m[0m
[  49% ] [90m[1m_update_scan_actions[22m | 445c83865937.png[39m[0m
[  49% ] [90m[1m_update_scan_actions[22m | 524d483df241.png[39m[0m
[  49% ] [90m[1m_update_scan_actions[22m | 0841bd8f20ff.png[39m[0m
[  49% ] [90m[1m_update_scan_actions[22m | 861e0887ba58.png[39m[0m
[  49% ] [90m[1m_update_scan_actions[22m | 950b5ba43ab9.png[39m[0m
[  49% ] [90m[1m_update_scan_actions[22m | 958c5896b48e.png[39m[0m
[  49% ] [90m[1m_update_scan_actions[22m | 3005f4f01159.png[39m[0m
[  49% ] [90m[1m_update_scan_actions[22m | 3783cf91e1d4.png[39m[0m
[  49% ] [90m[1m_update_scan_actions[22m | 5729f3514182.png[39m[0m
[  50% ] [90m[1m_update_scan_actions[22m | 8093ee7da5cc.png[39m[0m
[  50% ] [90m[1m_update_scan_actions[22m | 08879dd1e04a.png[39m[0m
[  50% ] [90m[1m_update_scan_actions[22m | 9638bb9b5656.png[39m[0m
[  50% ] [90m[1m_update_scan_actions[22m | 9776bb1d30d0.png[39m[0m
[  50% ] [90m[1m_update_scan_actions[22m | 09914f050dbd.png[39m[0m
[  50% ] [90m[1m_update_scan_actions[22m | 34088ca21905.png[39m[0m
[  50% ] [90m[1m_update_scan_actions[22m | 051266f3df93.png[39m[0m
[  50% ] [90m[1m_update_scan_actions[22m | 87458c19798e.png[39m[0m
[  50% ] [90m[1m_update_scan_actions[22m | 949647941d06.png[39m[0m
[  50% ] [90m[1m_update_scan_actions[22m | 315340500216.png[39m[0m
[  50% ] [90m[1m_update_scan_actions[22m | a9e2d4fb952b.png[39m[0m
[  50% ] [90m[1m_update_scan_actions[22m | a60e8070de0c.png[39m[0m
[  50% ] [90m[1m_update_scan_actions[22m | a5429f0c7b50.png[39m[0m
[  50% ] [90m[1m_update_scan_actions[22m | a7537bc21d67.png[39m[0m
[  50% ] [90m[1m_update_scan_actions[22m | a73271fead2a.png[39m[0m
[  50% ] [90m[1m_update_scan_actions[22m | ab524f9c88a6.png[39m[0m
[  50% ] [90m[1m_update_scan_actions[22m | ab715c9e3745.png[39m[0m
[  50% ] [90m[1m_update_scan_actions[22m | ad15dcb1df25.png[39m[0m
[  50% ] [90m[1m_update_scan_actions[22m | aefd6fd7e91d.png[39m[0m
[  50% ] [90m[1m_update_scan_actions[22m | af376230b3b4.png[39m[0m
[  50% ] [90m[1m_update_scan_actions[22m | b0d6ec57f49b.png[39m[0m
[  50% ] [90m[1m_update_scan_actions[22m | b2e6cadb7e24.png[39m[0m
[  50% ] [90m[1m_update_scan_actions[22m | b3a8f050444f.png[39m[0m
[  50% ] [90m[1m_update_scan_actions[22m | b5ba61172d0a.png[39m[0m
[  50% ] [90m[1m_update_scan_actions[22m | b7ad21731551.png[39m[0m
[  50% ] [90m[1m_update_scan_actions[22m | b7e6b31639fc.png[39m[0m
[  50% ] [90m[1m_update_scan_actions[22m | b8a17c36a791.png[39m[0m
[  50% ] [90m[1m_update_scan_actions[22m | b8d8a7f5e13d.png[39m[0m
[  50% ] [90m[1m_update_scan_actions[22m | b0462be193ee.png[39m[0m
[  50% ] [90m[1m_update_scan_actions[22m | b470c43e21aa.png[39m[0m
[  50% ] [90m[1m_update_scan_actions[22m | b539c4f06298.png[39m[0m
[  50% ] [90m[1m_update_scan_actions[22m | b95319369d61.png[39m[0m
[  50% ] [90m[1m_update_scan_actions[22m | babd802baeb7.png[39m[0m
[  50% ] [90m[1m_update_scan_actions[22m | baf88f7e5afd.png[39m[0m
[  50% ] [90m[1m_update_scan_actions[22m | bb972009e25a.png[39m[0m
[  50% ] [90m[1m_update_scan_actions[22m | bc14702bae0e.png[39m[0m
[  50% ] [90m[1m_update_scan_actions[22m | bd0befd2783e.png[39m[0m
[  50% ] [90m[1m_update_scan_actions[22m | bf9d524d5d67.png[39m[0m
[  50% ] [90m[1m_update_scan_actions[22m | c3a97a6a1dac.png[39m[0m
[  50% ] [90m[1m_update_scan_actions[22m | c4743f867735.png[39m[0m
[  50% ] [90m[1m_update_scan_actions[22m | c7000f5df383.png[39m[0m
[  50% ] [90m[1m_update_scan_actions[22m | c7715af76e7a.png[39m[0m
[  50% ] [90m[1m_update_scan_actions[22m | c53920e708ad.png[39m[0m
[  50% ] [90m[1m_update_scan_actions[22m | cb8393bb76ac.png[39m[0m
[  50% ] [90m[1m_update_scan_actions[22m | cf037357576a.png[39m[0m
[  51% ] [90m[1m_update_scan_actions[22m | d9de5e813a43.png[39m[0m
[  51% ] [90m[1m_update_scan_actions[22m | d0549fa28a30.png[39m[0m
[  51% ] [90m[1m_update_scan_actions[22m | d731fd1424f6.png[39m[0m
[  51% ] [90m[1m_update_scan_actions[22m | d6814a0b37a7.png[39m[0m
[  51% ] [90m[1m_update_scan_actions[22m | da3741ed2d06.png[39m[0m
[  51% ] [90m[1m_update_scan_actions[22m | e2b2a2489ba3.png[39m[0m
[  51% ] [90m[1m_update_scan_actions[22m | e2e9ef377784.png[39m[0m
[  51% ] [90m[1m_update_scan_actions[22m | e4b61105acb2.png[39m[0m
[  51% ] [90m[1m_update_scan_actions[22m | e33ef0b8caaf.png[39m[0m
[  51% ] [90m[1m_update_scan_actions[22m | e93dd6dddc72.png[39m[0m
[  51% ] [90m[1m_update_scan_actions[22m | e44110a5f9d8.png[39m[0m
[  51% ] [90m[1m_update_scan_actions[22m | e09934561080.png[39m[0m
[  51% ] [90m[1m_update_scan_actions[22m | ea42d0b7ad24.png[39m[0m
[  51% ] [90m[1m_update_scan_actions[22m | ed85fab263d0.png[39m[0m
[  51% ] [90m[1m_update_scan_actions[22m | ef825f99cf05.png[39m[0m
[  51% ] [90m[1m_update_scan_actions[22m | f5120c6990b3.png[39m[0m
[  51% ] [90m[1m_update_scan_actions[22m | f54372ccdca7.png[39m[0m
[  51% ] [90m[1m_update_scan_actions[22m | fce740b7bd77.png[39m[0m
[  51% ] [90m[1m_update_scan_actions[22m | current_close_front.png[39m[0m
[  51% ] [90m[1m_update_scan_actions[22m | current_close_rear.png[39m[0m
[  51% ] [90m[1m_update_scan_actions[22m | current_close_side.png[39m[0m
[  51% ] [90m[1m_update_scan_actions[22m | current_full_front.png[39m[0m
[  51% ] [90m[1m_update_scan_actions[22m | current_full_rear.png[39m[0m
[  51% ] [90m[1m_update_scan_actions[22m | current_full_side.png[39m[0m
[  51% ] [90m[1m_update_scan_actions[22m | current_close_front.png[39m[0m
[  51% ] [90m[1m_update_scan_actions[22m | current_close_rear.png[39m[0m
[  51% ] [90m[1m_update_scan_actions[22m | current_close_side.png[39m[0m
[  51% ] [90m[1m_update_scan_actions[22m | current_full_front.png[39m[0m
[  51% ] [90m[1m_update_scan_actions[22m | current_full_rear.png[39m[0m
[  51% ] [90m[1m_update_scan_actions[22m | current_full_side.png[39m[0m
[  51% ] [90m[1m_update_scan_actions[22m | baseline_close_front.png[39m[0m
[  51% ] [90m[1m_update_scan_actions[22m | baseline_close_rear.png[39m[0m
[  51% ] [90m[1m_update_scan_actions[22m | baseline_close_side.png[39m[0m
[  51% ] [90m[1m_update_scan_actions[22m | baseline_full_front.png[39m[0m
[  51% ] [90m[1m_update_scan_actions[22m | baseline_full_rear.png[39m[0m
[  51% ] [90m[1m_update_scan_actions[22m | baseline_full_side.png[39m[0m
[  51% ] [90m[1m_update_scan_actions[22m | current_close_front.png[39m[0m
[  51% ] [90m[1m_update_scan_actions[22m | current_close_rear.png[39m[0m
[  51% ] [90m[1m_update_scan_actions[22m | current_close_side.png[39m[0m
[  51% ] [90m[1m_update_scan_actions[22m | current_full_front.png[39m[0m
[  51% ] [90m[1m_update_scan_actions[22m | current_full_rear.png[39m[0m
[  51% ] [90m[1m_update_scan_actions[22m | current_full_side.png[39m[0m
[  51% ] [90m[1m_update_scan_actions[22m | baseline_close_front.png[39m[0m
[  51% ] [90m[1m_update_scan_actions[22m | baseline_close_rear.png[39m[0m
[  51% ] [90m[1m_update_scan_actions[22m | baseline_close_side.png[39m[0m
[  51% ] [90m[1m_update_scan_actions[22m | baseline_full_front.png[39m[0m
[  52% ] [90m[1m_update_scan_actions[22m | baseline_full_rear.png[39m[0m
[  52% ] [90m[1m_update_scan_actions[22m | baseline_full_side.png[39m[0m
[  52% ] [90m[1m_update_scan_actions[22m | current_close_front.png[39m[0m
[  52% ] [90m[1m_update_scan_actions[22m | current_close_rear.png[39m[0m
[  52% ] [90m[1m_update_scan_actions[22m | current_close_side.png[39m[0m
[  52% ] [90m[1m_update_scan_actions[22m | current_full_front.png[39m[0m
[  52% ] [90m[1m_update_scan_actions[22m | current_full_rear.png[39m[0m
[  52% ] [90m[1m_update_scan_actions[22m | current_full_side.png[39m[0m
[  52% ] [90m[1m_update_scan_actions[22m | baseline_close_front.png[39m[0m
[  52% ] [90m[1m_update_scan_actions[22m | baseline_close_rear.png[39m[0m
[  52% ] [90m[1m_update_scan_actions[22m | baseline_close_side.png[39m[0m
[  52% ] [90m[1m_update_scan_actions[22m | baseline_full_front.png[39m[0m
[  52% ] [90m[1m_update_scan_actions[22m | baseline_full_rear.png[39m[0m
[  52% ] [90m[1m_update_scan_actions[22m | baseline_full_side.png[39m[0m
[  52% ] [90m[1m_update_scan_actions[22m | current_close_front.png[39m[0m
[  52% ] [90m[1m_update_scan_actions[22m | current_close_rear.png[39m[0m
[  52% ] [90m[1m_update_scan_actions[22m | current_close_side.png[39m[0m
[  52% ] [90m[1m_update_scan_actions[22m | current_full_front.png[39m[0m
[  52% ] [90m[1m_update_scan_actions[22m | current_full_rear.png[39m[0m
[  52% ] [90m[1m_update_scan_actions[22m | current_full_side.png[39m[0m
[  52% ] [90m[1m_update_scan_actions[22m | baseline_close_front.png[39m[0m
[  52% ] [90m[1m_update_scan_actions[22m | baseline_close_rear.png[39m[0m
[  52% ] [90m[1m_update_scan_actions[22m | baseline_close_side.png[39m[0m
[  52% ] [90m[1m_update_scan_actions[22m | baseline_full_front.png[39m[0m
[  52% ] [90m[1m_update_scan_actions[22m | baseline_full_rear.png[39m[0m
[  52% ] [90m[1m_update_scan_actions[22m | baseline_full_side.png[39m[0m
[  52% ] [90m[1m_update_scan_actions[22m | current_close_front.png[39m[0m
[  52% ] [90m[1m_update_scan_actions[22m | current_close_rear.png[39m[0m
[  52% ] [90m[1m_update_scan_actions[22m | current_close_side.png[39m[0m
[  52% ] [90m[1m_update_scan_actions[22m | current_full_front.png[39m[0m
[  52% ] [90m[1m_update_scan_actions[22m | current_full_rear.png[39m[0m
[  52% ] [90m[1m_update_scan_actions[22m | current_full_side.png[39m[0m
[  52% ] [90m[1m_update_scan_actions[22m | baseline_close_front.png[39m[0m
[  52% ] [90m[1m_update_scan_actions[22m | baseline_close_rear.png[39m[0m
[  52% ] [90m[1m_update_scan_actions[22m | baseline_close_side.png[39m[0m
[  52% ] [90m[1m_update_scan_actions[22m | baseline_full_front.png[39m[0m
[  52% ] [90m[1m_update_scan_actions[22m | baseline_full_rear.png[39m[0m
[  52% ] [90m[1m_update_scan_actions[22m | baseline_full_side.png[39m[0m
[  52% ] [90m[1m_update_scan_actions[22m | current_close_front.png[39m[0m
[  52% ] [90m[1m_update_scan_actions[22m | current_close_rear.png[39m[0m
[  52% ] [90m[1m_update_scan_actions[22m | current_close_side.png[39m[0m
[  52% ] [90m[1m_update_scan_actions[22m | current_full_front.png[39m[0m
[  52% ] [90m[1m_update_scan_actions[22m | current_full_rear.png[39m[0m
[  52% ] [90m[1m_update_scan_actions[22m | current_full_side.png[39m[0m
[  52% ] [90m[1m_update_scan_actions[22m | baseline_close_front.png[39m[0m
[  53% ] [90m[1m_update_scan_actions[22m | baseline_close_rear.png[39m[0m
[  53% ] [90m[1m_update_scan_actions[22m | baseline_close_side.png[39m[0m
[  53% ] [90m[1m_update_scan_actions[22m | baseline_full_front.png[39m[0m
[  53% ] [90m[1m_update_scan_actions[22m | baseline_full_rear.png[39m[0m
[  53% ] [90m[1m_update_scan_actions[22m | baseline_full_side.png[39m[0m
[  53% ] [90m[1m_update_scan_actions[22m | current_close_front.png[39m[0m
[  53% ] [90m[1m_update_scan_actions[22m | current_close_rear.png[39m[0m
[  53% ] [90m[1m_update_scan_actions[22m | current_close_side.png[39m[0m
[  53% ] [90m[1m_update_scan_actions[22m | current_full_front.png[39m[0m
[  53% ] [90m[1m_update_scan_actions[22m | current_full_rear.png[39m[0m
[  53% ] [90m[1m_update_scan_actions[22m | current_full_side.png[39m[0m
[  53% ] [90m[1m_update_scan_actions[22m | baseline_close_front.png[39m[0m
[  53% ] [90m[1m_update_scan_actions[22m | baseline_close_rear.png[39m[0m
[  53% ] [90m[1m_update_scan_actions[22m | baseline_close_side.png[39m[0m
[  53% ] [90m[1m_update_scan_actions[22m | baseline_full_front.png[39m[0m
[  53% ] [90m[1m_update_scan_actions[22m | baseline_full_rear.png[39m[0m
[  53% ] [90m[1m_update_scan_actions[22m | baseline_full_side.png[39m[0m
[  53% ] [90m[1m_update_scan_actions[22m | current_close_front.png[39m[0m
[  53% ] [90m[1m_update_scan_actions[22m | current_close_rear.png[39m[0m
[  53% ] [90m[1m_update_scan_actions[22m | current_close_side.png[39m[0m
[  53% ] [90m[1m_update_scan_actions[22m | current_full_front.png[39m[0m
[  53% ] [90m[1m_update_scan_actions[22m | current_full_rear.png[39m[0m
[  53% ] [90m[1m_update_scan_actions[22m | current_full_side.png[39m[0m
[  53% ] [90m[1m_update_scan_actions[22m | baseline_close_front.png[39m[0m
[  53% ] [90m[1m_update_scan_actions[22m | baseline_close_rear.png[39m[0m
[  53% ] [90m[1m_update_scan_actions[22m | baseline_close_side.png[39m[0m
[  53% ] [90m[1m_update_scan_actions[22m | baseline_full_front.png[39m[0m
[  53% ] [90m[1m_update_scan_actions[22m | baseline_full_rear.png[39m[0m
[  53% ] [90m[1m_update_scan_actions[22m | baseline_full_side.png[39m[0m
[  53% ] [90m[1m_update_scan_actions[22m | current_close_front.png[39m[0m
[  53% ] [90m[1m_update_scan_actions[22m | current_close_rear.png[39m[0m
[  53% ] [90m[1m_update_scan_actions[22m | current_close_side.png[39m[0m
[  53% ] [90m[1m_update_scan_actions[22m | current_full_front.png[39m[0m
[  53% ] [90m[1m_update_scan_actions[22m | current_full_rear.png[39m[0m
[  53% ] [90m[1m_update_scan_actions[22m | current_full_side.png[39m[0m
[  53% ] [90m[1m_update_scan_actions[22m | baseline_close_front.png[39m[0m
[  53% ] [90m[1m_update_scan_actions[22m | baseline_close_rear.png[39m[0m
[  53% ] [90m[1m_update_scan_actions[22m | baseline_close_side.png[39m[0m
[  53% ] [90m[1m_update_scan_actions[22m | baseline_full_front.png[39m[0m
[  53% ] [90m[1m_update_scan_actions[22m | baseline_full_rear.png[39m[0m
[  53% ] [90m[1m_update_scan_actions[22m | baseline_full_side.png[39m[0m
[  53% ] [90m[1m_update_scan_actions[22m | current_close_front.png[39m[0m
[  53% ] [90m[1m_update_scan_actions[22m | current_close_rear.png[39m[0m
[  53% ] [90m[1m_update_scan_actions[22m | current_close_side.png[39m[0m
[  53% ] [90m[1m_update_scan_actions[22m | current_full_front.png[39m[0m
[  53% ] [90m[1m_update_scan_actions[22m | current_full_rear.png[39m[0m
[  54% ] [90m[1m_update_scan_actions[22m | current_full_side.png[39m[0m
[  54% ] [90m[1m_update_scan_actions[22m | baseline_close_front.png[39m[0m
[  54% ] [90m[1m_update_scan_actions[22m | baseline_close_rear.png[39m[0m
[  54% ] [90m[1m_update_scan_actions[22m | baseline_close_side.png[39m[0m
[  54% ] [90m[1m_update_scan_actions[22m | baseline_full_front.png[39m[0m
[  54% ] [90m[1m_update_scan_actions[22m | baseline_full_rear.png[39m[0m
[  54% ] [90m[1m_update_scan_actions[22m | baseline_full_side.png[39m[0m
[  54% ] [90m[1m_update_scan_actions[22m | current_close_front.png[39m[0m
[  54% ] [90m[1m_update_scan_actions[22m | current_close_rear.png[39m[0m
[  54% ] [90m[1m_update_scan_actions[22m | current_close_side.png[39m[0m
[  54% ] [90m[1m_update_scan_actions[22m | current_full_front.png[39m[0m
[  54% ] [90m[1m_update_scan_actions[22m | current_full_rear.png[39m[0m
[  54% ] [90m[1m_update_scan_actions[22m | current_full_side.png[39m[0m
[  54% ] [90m[1m_update_scan_actions[22m | baseline_close_front.png[39m[0m
[  54% ] [90m[1m_update_scan_actions[22m | baseline_close_rear.png[39m[0m
[  54% ] [90m[1m_update_scan_actions[22m | baseline_close_side.png[39m[0m
[  54% ] [90m[1m_update_scan_actions[22m | baseline_full_front.png[39m[0m
[  54% ] [90m[1m_update_scan_actions[22m | baseline_full_rear.png[39m[0m
[  54% ] [90m[1m_update_scan_actions[22m | baseline_full_side.png[39m[0m
[  54% ] [90m[1m_update_scan_actions[22m | current_close_front.png[39m[0m
[  54% ] [90m[1m_update_scan_actions[22m | current_close_rear.png[39m[0m
[  54% ] [90m[1m_update_scan_actions[22m | current_close_side.png[39m[0m
[  54% ] [90m[1m_update_scan_actions[22m | current_full_front.png[39m[0m
[  54% ] [90m[1m_update_scan_actions[22m | current_full_rear.png[39m[0m
[  54% ] [90m[1m_update_scan_actions[22m | current_full_side.png[39m[0m
[  54% ] [90m[1m_update_scan_actions[22m | baseline_close_front.png[39m[0m
[  54% ] [90m[1m_update_scan_actions[22m | baseline_close_rear.png[39m[0m
[  54% ] [90m[1m_update_scan_actions[22m | baseline_close_side.png[39m[0m
[  54% ] [90m[1m_update_scan_actions[22m | baseline_full_front.png[39m[0m
[  54% ] [90m[1m_update_scan_actions[22m | baseline_full_rear.png[39m[0m
[  54% ] [90m[1m_update_scan_actions[22m | baseline_full_side.png[39m[0m
[  54% ] [90m[1m_update_scan_actions[22m | current_close_front.png[39m[0m
[  54% ] [90m[1m_update_scan_actions[22m | current_close_rear.png[39m[0m
[  54% ] [90m[1m_update_scan_actions[22m | current_close_side.png[39m[0m
[  54% ] [90m[1m_update_scan_actions[22m | current_full_front.png[39m[0m
[  54% ] [90m[1m_update_scan_actions[22m | current_full_rear.png[39m[0m
[  54% ] [90m[1m_update_scan_actions[22m | current_full_side.png[39m[0m
[  54% ] [90m[1m_update_scan_actions[22m | baseline_close_front.png[39m[0m
[  54% ] [90m[1m_update_scan_actions[22m | baseline_close_rear.png[39m[0m
[  54% ] [90m[1m_update_scan_actions[22m | baseline_close_side.png[39m[0m
[  54% ] [90m[1m_update_scan_actions[22m | baseline_full_front.png[39m[0m
[  54% ] [90m[1m_update_scan_actions[22m | baseline_full_rear.png[39m[0m
[  54% ] [90m[1m_update_scan_actions[22m | baseline_full_side.png[39m[0m
[  54% ] [90m[1m_update_scan_actions[22m | current_close_front.png[39m[0m
[  54% ] [90m[1m_update_scan_actions[22m | current_close_rear.png[39m[0m
[  55% ] [90m[1m_update_scan_actions[22m | current_close_side.png[39m[0m
[  55% ] [90m[1m_update_scan_actions[22m | current_full_front.png[39m[0m
[  55% ] [90m[1m_update_scan_actions[22m | current_full_rear.png[39m[0m
[  55% ] [90m[1m_update_scan_actions[22m | current_full_side.png[39m[0m
[  55% ] [90m[1m_update_scan_actions[22m | baseline_close_front.png[39m[0m
[  55% ] [90m[1m_update_scan_actions[22m | baseline_close_rear.png[39m[0m
[  55% ] [90m[1m_update_scan_actions[22m | baseline_close_side.png[39m[0m
[  55% ] [90m[1m_update_scan_actions[22m | baseline_full_front.png[39m[0m
[  55% ] [90m[1m_update_scan_actions[22m | baseline_full_rear.png[39m[0m
[  55% ] [90m[1m_update_scan_actions[22m | baseline_full_side.png[39m[0m
[  55% ] [90m[1m_update_scan_actions[22m | current_close_front.png[39m[0m
[  55% ] [90m[1m_update_scan_actions[22m | current_close_rear.png[39m[0m
[  55% ] [90m[1m_update_scan_actions[22m | current_close_side.png[39m[0m
[  55% ] [90m[1m_update_scan_actions[22m | current_full_front.png[39m[0m
[  55% ] [90m[1m_update_scan_actions[22m | current_full_rear.png[39m[0m
[  55% ] [90m[1m_update_scan_actions[22m | current_full_side.png[39m[0m
[  55% ] [90m[1m_update_scan_actions[22m | baseline_close_front.png[39m[0m
[  55% ] [90m[1m_update_scan_actions[22m | baseline_close_rear.png[39m[0m
[  55% ] [90m[1m_update_scan_actions[22m | baseline_close_side.png[39m[0m
[  55% ] [90m[1m_update_scan_actions[22m | baseline_full_front.png[39m[0m
[  55% ] [90m[1m_update_scan_actions[22m | baseline_full_rear.png[39m[0m
[  55% ] [90m[1m_update_scan_actions[22m | baseline_full_side.png[39m[0m
[  55% ] [90m[1m_update_scan_actions[22m | current_close_front.png[39m[0m
[  55% ] [90m[1m_update_scan_actions[22m | current_close_rear.png[39m[0m
[  55% ] [90m[1m_update_scan_actions[22m | current_close_side.png[39m[0m
[  55% ] [90m[1m_update_scan_actions[22m | current_full_front.png[39m[0m
[  55% ] [90m[1m_update_scan_actions[22m | current_full_rear.png[39m[0m
[  55% ] [90m[1m_update_scan_actions[22m | current_full_side.png[39m[0m
[  55% ] [90m[1m_update_scan_actions[22m | baseline_close_front.png[39m[0m
[  55% ] [90m[1m_update_scan_actions[22m | baseline_close_rear.png[39m[0m
[  55% ] [90m[1m_update_scan_actions[22m | baseline_close_side.png[39m[0m
[  55% ] [90m[1m_update_scan_actions[22m | baseline_full_front.png[39m[0m
[  55% ] [90m[1m_update_scan_actions[22m | baseline_full_rear.png[39m[0m
[  55% ] [90m[1m_update_scan_actions[22m | baseline_full_side.png[39m[0m
[  55% ] [90m[1m_update_scan_actions[22m | current_close_front.png[39m[0m
[  55% ] [90m[1m_update_scan_actions[22m | current_close_rear.png[39m[0m
[  55% ] [90m[1m_update_scan_actions[22m | current_close_side.png[39m[0m
[  55% ] [90m[1m_update_scan_actions[22m | current_full_front.png[39m[0m
[  55% ] [90m[1m_update_scan_actions[22m | current_full_rear.png[39m[0m
[  55% ] [90m[1m_update_scan_actions[22m | current_full_side.png[39m[0m
[  55% ] [90m[1m_update_scan_actions[22m | baseline_close_front.png[39m[0m
[  55% ] [90m[1m_update_scan_actions[22m | baseline_close_rear.png[39m[0m
[  55% ] [90m[1m_update_scan_actions[22m | baseline_close_side.png[39m[0m
[  55% ] [90m[1m_update_scan_actions[22m | baseline_full_front.png[39m[0m
[  55% ] [90m[1m_update_scan_actions[22m | baseline_full_rear.png[39m[0m
[  55% ] [90m[1m_update_scan_actions[22m | baseline_full_side.png[39m[0m
[  56% ] [90m[1m_update_scan_actions[22m | current_close_front.png[39m[0m
[  56% ] [90m[1m_update_scan_actions[22m | current_close_rear.png[39m[0m
[  56% ] [90m[1m_update_scan_actions[22m | current_close_side.png[39m[0m
[  56% ] [90m[1m_update_scan_actions[22m | current_full_front.png[39m[0m
[  56% ] [90m[1m_update_scan_actions[22m | current_full_rear.png[39m[0m
[  56% ] [90m[1m_update_scan_actions[22m | current_full_side.png[39m[0m
[  56% ] [90m[1m_update_scan_actions[22m | baseline_close_front.png[39m[0m
[  56% ] [90m[1m_update_scan_actions[22m | baseline_close_rear.png[39m[0m
[  56% ] [90m[1m_update_scan_actions[22m | baseline_close_side.png[39m[0m
[  56% ] [90m[1m_update_scan_actions[22m | baseline_full_front.png[39m[0m
[  56% ] [90m[1m_update_scan_actions[22m | baseline_full_rear.png[39m[0m
[  56% ] [90m[1m_update_scan_actions[22m | baseline_full_side.png[39m[0m
[  56% ] [90m[1m_update_scan_actions[22m | current_close_front.png[39m[0m
[  56% ] [90m[1m_update_scan_actions[22m | current_close_rear.png[39m[0m
[  56% ] [90m[1m_update_scan_actions[22m | current_close_side.png[39m[0m
[  56% ] [90m[1m_update_scan_actions[22m | current_full_front.png[39m[0m
[  56% ] [90m[1m_update_scan_actions[22m | current_full_rear.png[39m[0m
[  56% ] [90m[1m_update_scan_actions[22m | current_full_side.png[39m[0m
[  56% ] [90m[1m_update_scan_actions[22m | baseline_close_front.png[39m[0m
[  56% ] [90m[1m_update_scan_actions[22m | baseline_close_rear.png[39m[0m
[  56% ] [90m[1m_update_scan_actions[22m | baseline_close_side.png[39m[0m
[  56% ] [90m[1m_update_scan_actions[22m | baseline_full_front.png[39m[0m
[  56% ] [90m[1m_update_scan_actions[22m | baseline_full_rear.png[39m[0m
[  56% ] [90m[1m_update_scan_actions[22m | baseline_full_side.png[39m[0m
[  56% ] [90m[1m_update_scan_actions[22m | current_close_front.png[39m[0m
[  56% ] [90m[1m_update_scan_actions[22m | current_close_rear.png[39m[0m
[  56% ] [90m[1m_update_scan_actions[22m | current_close_side.png[39m[0m
[  56% ] [90m[1m_update_scan_actions[22m | current_full_front.png[39m[0m
[  56% ] [90m[1m_update_scan_actions[22m | current_full_rear.png[39m[0m
[  56% ] [90m[1m_update_scan_actions[22m | current_full_side.png[39m[0m
[  56% ] [90m[1m_update_scan_actions[22m | baseline_close_front.png[39m[0m
[  56% ] [90m[1m_update_scan_actions[22m | baseline_close_rear.png[39m[0m
[  56% ] [90m[1m_update_scan_actions[22m | baseline_close_side.png[39m[0m
[  56% ] [90m[1m_update_scan_actions[22m | baseline_full_front.png[39m[0m
[  56% ] [90m[1m_update_scan_actions[22m | baseline_full_rear.png[39m[0m
[  56% ] [90m[1m_update_scan_actions[22m | baseline_full_side.png[39m[0m
[  56% ] [90m[1m_update_scan_actions[22m | current_close_front.png[39m[0m
[  56% ] [90m[1m_update_scan_actions[22m | current_close_rear.png[39m[0m
[  56% ] [90m[1m_update_scan_actions[22m | current_close_side.png[39m[0m
[  56% ] [90m[1m_update_scan_actions[22m | current_full_front.png[39m[0m
[  56% ] [90m[1m_update_scan_actions[22m | current_full_rear.png[39m[0m
[  56% ] [90m[1m_update_scan_actions[22m | current_full_side.png[39m[0m
[  56% ] [90m[1m_update_scan_actions[22m | baseline_close_front.png[39m[0m
[  56% ] [90m[1m_update_scan_actions[22m | baseline_close_rear.png[39m[0m
[  56% ] [90m[1m_update_scan_actions[22m | baseline_close_side.png[39m[0m
[  57% ] [90m[1m_update_scan_actions[22m | baseline_full_front.png[39m[0m
[  57% ] [90m[1m_update_scan_actions[22m | baseline_full_rear.png[39m[0m
[  57% ] [90m[1m_update_scan_actions[22m | baseline_full_side.png[39m[0m
[  57% ] [90m[1m_update_scan_actions[22m | current_close_front.png[39m[0m
[  57% ] [90m[1m_update_scan_actions[22m | current_close_rear.png[39m[0m
[  57% ] [90m[1m_update_scan_actions[22m | current_close_side.png[39m[0m
[  57% ] [90m[1m_update_scan_actions[22m | current_full_front.png[39m[0m
[  57% ] [90m[1m_update_scan_actions[22m | current_full_rear.png[39m[0m
[  57% ] [90m[1m_update_scan_actions[22m | current_full_side.png[39m[0m
[  57% ] [90m[1m_update_scan_actions[22m | baseline_close_front.png[39m[0m
[  57% ] [90m[1m_update_scan_actions[22m | baseline_close_rear.png[39m[0m
[  57% ] [90m[1m_update_scan_actions[22m | baseline_close_side.png[39m[0m
[  57% ] [90m[1m_update_scan_actions[22m | baseline_full_front.png[39m[0m
[  57% ] [90m[1m_update_scan_actions[22m | baseline_full_rear.png[39m[0m
[  57% ] [90m[1m_update_scan_actions[22m | baseline_full_side.png[39m[0m
[  57% ] [90m[1m_update_scan_actions[22m | current_close_front.png[39m[0m
[  57% ] [90m[1m_update_scan_actions[22m | current_close_rear.png[39m[0m
[  57% ] [90m[1m_update_scan_actions[22m | current_close_side.png[39m[0m
[  57% ] [90m[1m_update_scan_actions[22m | current_full_front.png[39m[0m
[  57% ] [90m[1m_update_scan_actions[22m | current_full_rear.png[39m[0m
[  57% ] [90m[1m_update_scan_actions[22m | current_full_side.png[39m[0m
[  57% ] [90m[1m_update_scan_actions[22m | baseline_close_front.png[39m[0m
[  57% ] [90m[1m_update_scan_actions[22m | baseline_close_rear.png[39m[0m
[  57% ] [90m[1m_update_scan_actions[22m | baseline_close_side.png[39m[0m
[  57% ] [90m[1m_update_scan_actions[22m | baseline_full_front.png[39m[0m
[  57% ] [90m[1m_update_scan_actions[22m | baseline_full_rear.png[39m[0m
[  57% ] [90m[1m_update_scan_actions[22m | baseline_full_side.png[39m[0m
[  57% ] [90m[1m_update_scan_actions[22m | current_close_front.png[39m[0m
[  57% ] [90m[1m_update_scan_actions[22m | current_close_rear.png[39m[0m
[  57% ] [90m[1m_update_scan_actions[22m | current_close_side.png[39m[0m
[  57% ] [90m[1m_update_scan_actions[22m | current_full_front.png[39m[0m
[  57% ] [90m[1m_update_scan_actions[22m | current_full_rear.png[39m[0m
[  57% ] [90m[1m_update_scan_actions[22m | current_full_side.png[39m[0m
[  57% ] [90m[1m_update_scan_actions[22m | baseline_close_front.png[39m[0m
[  57% ] [90m[1m_update_scan_actions[22m | baseline_close_rear.png[39m[0m
[  57% ] [90m[1m_update_scan_actions[22m | baseline_close_side.png[39m[0m
[  57% ] [90m[1m_update_scan_actions[22m | baseline_full_front.png[39m[0m
[  57% ] [90m[1m_update_scan_actions[22m | baseline_full_rear.png[39m[0m
[  57% ] [90m[1m_update_scan_actions[22m | baseline_full_side.png[39m[0m
[  57% ] [90m[1m_update_scan_actions[22m | current_close_front.png[39m[0m
[  57% ] [90m[1m_update_scan_actions[22m | current_close_rear.png[39m[0m
[  57% ] [90m[1m_update_scan_actions[22m | current_close_side.png[39m[0m
[  57% ] [90m[1m_update_scan_actions[22m | current_full_front.png[39m[0m
[  57% ] [90m[1m_update_scan_actions[22m | current_full_rear.png[39m[0m
[  57% ] [90m[1m_update_scan_actions[22m | current_full_side.png[39m[0m
[  58% ] [90m[1m_update_scan_actions[22m | baseline_close_front.png[39m[0m
[  58% ] [90m[1m_update_scan_actions[22m | baseline_close_rear.png[39m[0m
[  58% ] [90m[1m_update_scan_actions[22m | baseline_close_side.png[39m[0m
[  58% ] [90m[1m_update_scan_actions[22m | baseline_full_front.png[39m[0m
[  58% ] [90m[1m_update_scan_actions[22m | baseline_full_rear.png[39m[0m
[  58% ] [90m[1m_update_scan_actions[22m | baseline_full_side.png[39m[0m
[  58% ] [90m[1m_update_scan_actions[22m | current_close_front.png[39m[0m
[  58% ] [90m[1m_update_scan_actions[22m | current_close_rear.png[39m[0m
[  58% ] [90m[1m_update_scan_actions[22m | current_close_side.png[39m[0m
[  58% ] [90m[1m_update_scan_actions[22m | current_full_front.png[39m[0m
[  58% ] [90m[1m_update_scan_actions[22m | current_full_rear.png[39m[0m
[  58% ] [90m[1m_update_scan_actions[22m | current_full_side.png[39m[0m
[  58% ] [90m[1m_update_scan_actions[22m | baseline_close_front.png[39m[0m
[  58% ] [90m[1m_update_scan_actions[22m | baseline_close_rear.png[39m[0m
[  58% ] [90m[1m_update_scan_actions[22m | baseline_close_side.png[39m[0m
[  58% ] [90m[1m_update_scan_actions[22m | baseline_full_front.png[39m[0m
[  58% ] [90m[1m_update_scan_actions[22m | baseline_full_rear.png[39m[0m
[  58% ] [90m[1m_update_scan_actions[22m | baseline_full_side.png[39m[0m
[  58% ] [90m[1m_update_scan_actions[22m | current_close_front.png[39m[0m
[  58% ] [90m[1m_update_scan_actions[22m | current_close_rear.png[39m[0m
[  58% ] [90m[1m_update_scan_actions[22m | current_close_side.png[39m[0m
[  58% ] [90m[1m_update_scan_actions[22m | current_full_front.png[39m[0m
[  58% ] [90m[1m_update_scan_actions[22m | current_full_rear.png[39m[0m
[  58% ] [90m[1m_update_scan_actions[22m | current_full_side.png[39m[0m
[  58% ] [90m[1m_update_scan_actions[22m | 128.png[39m[0m
[  58% ] [90m[1m_update_scan_actions[22m | PAD-ico_32.png[39m[0m
[  58% ] [90m[1m_update_scan_actions[22m | PAD-ico_48.png[39m[0m
[  58% ] [90m[1m_update_scan_actions[22m | PAD-ico_56.png[39m[0m
[  58% ] [90m[1m_update_scan_actions[22m | PAD-ico_64.png[39m[0m
[  58% ] [90m[1m_update_scan_actions[22m | PAD-ico_128.png[39m[0m
[  58% ] [90m[1m_update_scan_actions[22m | icon_16.png[39m[0m
[  58% ] [90m[1m_update_scan_actions[22m | icon_128.png[39m[0m
[  58% ] [90m[1m_update_scan_actions[22m | topbar_floating_button.png[39m[0m
[  58% ] [90m[1m_update_scan_actions[22m | topbar_floating_button_close.png[39m[0m
[  58% ] [90m[1m_update_scan_actions[22m | topbar_floating_button_hover.png[39m[0m
[  58% ] [90m[1m_update_scan_actions[22m | topbar_floating_button_maximize.png[39m[0m
[  58% ] [90m[1m_update_scan_actions[22m | topbar_floating_button_pressed.png[39m[0m
[  58% ] [90m[1m_update_scan_actions[22m | 32.png[39m[0m
[  58% ] [90m[1m_update_scan_actions[22m | 48.png[39m[0m
[  58% ] [90m[1m_update_scan_actions[22m | 64.png[39m[0m
[  58% ] [90m[1m_update_scan_actions[22m | 96.png[39m[0m
[  58% ] [90m[1m_update_scan_actions[22m | 128.png[39m[0m
[  58% ] [90m[1m_update_scan_actions[22m | 192.png[39m[0m
[  58% ] [90m[1m_update_scan_actions[22m | 256.png[39m[0m
[  58% ] [90m[1m_update_scan_actions[22m | 32.png[39m[0m
[  58% ] [90m[1m_update_scan_actions[22m | 48.png[39m[0m
[  59% ] [90m[1m_update_scan_actions[22m | 64.png[39m[0m
[  59% ] [90m[1m_update_scan_actions[22m | 96.png[39m[0m
[  59% ] [90m[1m_update_scan_actions[22m | 128.png[39m[0m
[  59% ] [90m[1m_update_scan_actions[22m | 192.png[39m[0m
[  59% ] [90m[1m_update_scan_actions[22m | 256.png[39m[0m
[  59% ] [90m[1m_update_scan_actions[22m | 32.png[39m[0m
[  59% ] [90m[1m_update_scan_actions[22m | 48.png[39m[0m
[  59% ] [90m[1m_update_scan_actions[22m | 64.png[39m[0m
[  59% ] [90m[1m_update_scan_actions[22m | 96.png[39m[0m
[  59% ] [90m[1m_update_scan_actions[22m | 128.png[39m[0m
[  59% ] [90m[1m_update_scan_actions[22m | 192.png[39m[0m
[  59% ] [90m[1m_update_scan_actions[22m | 256.png[39m[0m
[  59% ] [90m[1m_update_scan_actions[22m | 32.png[39m[0m
[  59% ] [90m[1m_update_scan_actions[22m | 48.png[39m[0m
[  59% ] [90m[1m_update_scan_actions[22m | 64.png[39m[0m
[  59% ] [90m[1m_update_scan_actions[22m | 96.png[39m[0m
[  59% ] [90m[1m_update_scan_actions[22m | 128.png[39m[0m
[  59% ] [90m[1m_update_scan_actions[22m | 192.png[39m[0m
[  59% ] [90m[1m_update_scan_actions[22m | 256.png[39m[0m
[  59% ] [90m[1m_update_scan_actions[22m | 32.png[39m[0m
[  59% ] [90m[1m_update_scan_actions[22m | 48.png[39m[0m
[  59% ] [90m[1m_update_scan_actions[22m | 64.png[39m[0m
[  59% ] [90m[1m_update_scan_actions[22m | 96.png[39m[0m
[  59% ] [90m[1m_update_scan_actions[22m | 128.png[39m[0m
[  59% ] [90m[1m_update_scan_actions[22m | 192.png[39m[0m
[  59% ] [90m[1m_update_scan_actions[22m | 256.png[39m[0m
[  59% ] [90m[1m_update_scan_actions[22m | 32.png[39m[0m
[  59% ] [90m[1m_update_scan_actions[22m | 48.png[39m[0m
[  59% ] [90m[1m_update_scan_actions[22m | 64.png[39m[0m
[  59% ] [90m[1m_update_scan_actions[22m | 96.png[39m[0m
[  59% ] [90m[1m_update_scan_actions[22m | 128.png[39m[0m
[  59% ] [90m[1m_update_scan_actions[22m | 192.png[39m[0m
[  59% ] [90m[1m_update_scan_actions[22m | 256.png[39m[0m
[  59% ] [90m[1m_update_scan_actions[22m | 32.png[39m[0m
[  59% ] [90m[1m_update_scan_actions[22m | 48.png[39m[0m
[  59% ] [90m[1m_update_scan_actions[22m | 64.png[39m[0m
[  59% ] [90m[1m_update_scan_actions[22m | 96.png[39m[0m
[  59% ] [90m[1m_update_scan_actions[22m | 128.png[39m[0m
[  59% ] [90m[1m_update_scan_actions[22m | 192.png[39m[0m
[  59% ] [90m[1m_update_scan_actions[22m | 256.png[39m[0m
[  59% ] [90m[1m_update_scan_actions[22m | 32.png[39m[0m
[  59% ] [90m[1m_update_scan_actions[22m | 48.png[39m[0m
[  59% ] [90m[1m_update_scan_actions[22m | 64.png[39m[0m
[  59% ] [90m[1m_update_scan_actions[22m | 96.png[39m[0m
[  59% ] [90m[1m_update_scan_actions[22m | 128.png[39m[0m
[  60% ] [90m[1m_update_scan_actions[22m | 192.png[39m[0m
[  60% ] [90m[1m_update_scan_actions[22m | 256.png[39m[0m
[  60% ] [90m[1m_update_scan_actions[22m | 32.png[39m[0m
[  60% ] [90m[1m_update_scan_actions[22m | 48.png[39m[0m
[  60% ] [90m[1m_update_scan_actions[22m | 64.png[39m[0m
[  60% ] [90m[1m_update_scan_actions[22m | 96.png[39m[0m
[  60% ] [90m[1m_update_scan_actions[22m | 128.png[39m[0m
[  60% ] [90m[1m_update_scan_actions[22m | 192.png[39m[0m
[  60% ] [90m[1m_update_scan_actions[22m | 256.png[39m[0m
[  60% ] [90m[1m_update_scan_actions[22m | 32.png[39m[0m
[  60% ] [90m[1m_update_scan_actions[22m | 48.png[39m[0m
[  60% ] [90m[1m_update_scan_actions[22m | 64.png[39m[0m
[  60% ] [90m[1m_update_scan_actions[22m | 96.png[39m[0m
[  60% ] [90m[1m_update_scan_actions[22m | 128.png[39m[0m
[  60% ] [90m[1m_update_scan_actions[22m | 192.png[39m[0m
[  60% ] [90m[1m_update_scan_actions[22m | 256.png[39m[0m
[  60% ] [90m[1m_update_scan_actions[22m | 32.png[39m[0m
[  60% ] [90m[1m_update_scan_actions[22m | 48.png[39m[0m
[  60% ] [90m[1m_update_scan_actions[22m | 64.png[39m[0m
[  60% ] [90m[1m_update_scan_actions[22m | 96.png[39m[0m
[  60% ] [90m[1m_update_scan_actions[22m | 128.png[39m[0m
[  60% ] [90m[1m_update_scan_actions[22m | 192.png[39m[0m
[  60% ] [90m[1m_update_scan_actions[22m | 256.png[39m[0m
[  60% ] [90m[1m_update_scan_actions[22m | 32.png[39m[0m
[  60% ] [90m[1m_update_scan_actions[22m | 48.png[39m[0m
[  60% ] [90m[1m_update_scan_actions[22m | 64.png[39m[0m
[  60% ] [90m[1m_update_scan_actions[22m | 96.png[39m[0m
[  60% ] [90m[1m_update_scan_actions[22m | 128.png[39m[0m
[  60% ] [90m[1m_update_scan_actions[22m | 192.png[39m[0m
[  60% ] [90m[1m_update_scan_actions[22m | 256.png[39m[0m
[  60% ] [90m[1m_update_scan_actions[22m | 32.png[39m[0m
[  60% ] [90m[1m_update_scan_actions[22m | 48.png[39m[0m
[  60% ] [90m[1m_update_scan_actions[22m | 64.png[39m[0m
[  60% ] [90m[1m_update_scan_actions[22m | 96.png[39m[0m
[  60% ] [90m[1m_update_scan_actions[22m | 128.png[39m[0m
[  60% ] [90m[1m_update_scan_actions[22m | 192.png[39m[0m
[  60% ] [90m[1m_update_scan_actions[22m | 256.png[39m[0m
[  60% ] [90m[1m_update_scan_actions[22m | 32.png[39m[0m
[  60% ] [90m[1m_update_scan_actions[22m | 48.png[39m[0m
[  60% ] [90m[1m_update_scan_actions[22m | 64.png[39m[0m
[  60% ] [90m[1m_update_scan_actions[22m | 96.png[39m[0m
[  60% ] [90m[1m_update_scan_actions[22m | 128.png[39m[0m
[  60% ] [90m[1m_update_scan_actions[22m | 192.png[39m[0m
[  60% ] [90m[1m_update_scan_actions[22m | 256.png[39m[0m
[  60% ] [90m[1m_update_scan_actions[22m | data_page.png[39m[0m
[  60% ] [90m[1m_update_scan_actions[22m | 32.png[39m[0m
[  61% ] [90m[1m_update_scan_actions[22m | 48.png[39m[0m
[  61% ] [90m[1m_update_scan_actions[22m | 64.png[39m[0m
[  61% ] [90m[1m_update_scan_actions[22m | 96.png[39m[0m
[  61% ] [90m[1m_update_scan_actions[22m | 128.png[39m[0m
[  61% ] [90m[1m_update_scan_actions[22m | 192.png[39m[0m
[  61% ] [90m[1m_update_scan_actions[22m | 256.png[39m[0m
[  61% ] [90m[1m_update_scan_actions[22m | 32.png[39m[0m
[  61% ] [90m[1m_update_scan_actions[22m | 48.png[39m[0m
[  61% ] [90m[1m_update_scan_actions[22m | 64.png[39m[0m
[  61% ] [90m[1m_update_scan_actions[22m | 96.png[39m[0m
[  61% ] [90m[1m_update_scan_actions[22m | 128.png[39m[0m
[  61% ] [90m[1m_update_scan_actions[22m | 192.png[39m[0m
[  61% ] [90m[1m_update_scan_actions[22m | 256.png[39m[0m
[  61% ] [90m[1m_update_scan_actions[22m | 32.png[39m[0m
[  61% ] [90m[1m_update_scan_actions[22m | 48.png[39m[0m
[  61% ] [90m[1m_update_scan_actions[22m | 64.png[39m[0m
[  61% ] [90m[1m_update_scan_actions[22m | 96.png[39m[0m
[  61% ] [90m[1m_update_scan_actions[22m | 128.png[39m[0m
[  61% ] [90m[1m_update_scan_actions[22m | 192.png[39m[0m
[  61% ] [90m[1m_update_scan_actions[22m | 256.png[39m[0m
[  61% ] [90m[1m_update_scan_actions[22m | 32.png[39m[0m
[  61% ] [90m[1m_update_scan_actions[22m | 48.png[39m[0m
[  61% ] [90m[1m_update_scan_actions[22m | 64.png[39m[0m
[  61% ] [90m[1m_update_scan_actions[22m | 96.png[39m[0m
[  61% ] [90m[1m_update_scan_actions[22m | 128.png[39m[0m
[  61% ] [90m[1m_update_scan_actions[22m | 192.png[39m[0m
[  61% ] [90m[1m_update_scan_actions[22m | 256.png[39m[0m
[  61% ] [90m[1m_update_scan_actions[22m | 32.png[39m[0m
[  61% ] [90m[1m_update_scan_actions[22m | 48.png[39m[0m
[  61% ] [90m[1m_update_scan_actions[22m | 64.png[39m[0m
[  61% ] [90m[1m_update_scan_actions[22m | 96.png[39m[0m
[  61% ] [90m[1m_update_scan_actions[22m | 128.png[39m[0m
[  61% ] [90m[1m_update_scan_actions[22m | 192.png[39m[0m
[  61% ] [90m[1m_update_scan_actions[22m | 256.png[39m[0m
[  61% ] [90m[1m_update_scan_actions[22m | 32.png[39m[0m
[  61% ] [90m[1m_update_scan_actions[22m | 48.png[39m[0m
[  61% ] [90m[1m_update_scan_actions[22m | 64.png[39m[0m
[  61% ] [90m[1m_update_scan_actions[22m | 96.png[39m[0m
[  61% ] [90m[1m_update_scan_actions[22m | 128.png[39m[0m
[  61% ] [90m[1m_update_scan_actions[22m | 192.png[39m[0m
[  61% ] [90m[1m_update_scan_actions[22m | 256.png[39m[0m
[  61% ] [90m[1m_update_scan_actions[22m | 32.png[39m[0m
[  61% ] [90m[1m_update_scan_actions[22m | 48.png[39m[0m
[  61% ] [90m[1m_update_scan_actions[22m | 64.png[39m[0m
[  61% ] [90m[1m_update_scan_actions[22m | 96.png[39m[0m
[  62% ] [90m[1m_update_scan_actions[22m | 128.png[39m[0m
[  62% ] [90m[1m_update_scan_actions[22m | 192.png[39m[0m
[  62% ] [90m[1m_update_scan_actions[22m | 256.png[39m[0m
[  62% ] [90m[1m_update_scan_actions[22m | 32.png[39m[0m
[  62% ] [90m[1m_update_scan_actions[22m | 48.png[39m[0m
[  62% ] [90m[1m_update_scan_actions[22m | 64.png[39m[0m
[  62% ] [90m[1m_update_scan_actions[22m | 96.png[39m[0m
[  62% ] [90m[1m_update_scan_actions[22m | 128.png[39m[0m
[  62% ] [90m[1m_update_scan_actions[22m | 192.png[39m[0m
[  62% ] [90m[1m_update_scan_actions[22m | 256.png[39m[0m
[  62% ] [90m[1m_update_scan_actions[22m | 32.png[39m[0m
[  62% ] [90m[1m_update_scan_actions[22m | 48.png[39m[0m
[  62% ] [90m[1m_update_scan_actions[22m | 64.png[39m[0m
[  62% ] [90m[1m_update_scan_actions[22m | 96.png[39m[0m
[  62% ] [90m[1m_update_scan_actions[22m | 128.png[39m[0m
[  62% ] [90m[1m_update_scan_actions[22m | 192.png[39m[0m
[  62% ] [90m[1m_update_scan_actions[22m | 256.png[39m[0m
[  62% ] [90m[1m_update_scan_actions[22m | 32.png[39m[0m
[  62% ] [90m[1m_update_scan_actions[22m | 48.png[39m[0m
[  62% ] [90m[1m_update_scan_actions[22m | 64.png[39m[0m
[  62% ] [90m[1m_update_scan_actions[22m | 96.png[39m[0m
[  62% ] [90m[1m_update_scan_actions[22m | 128.png[39m[0m
[  62% ] [90m[1m_update_scan_actions[22m | 192.png[39m[0m
[  62% ] [90m[1m_update_scan_actions[22m | 256.png[39m[0m
[  62% ] [90m[1m_update_scan_actions[22m | 32.png[39m[0m
[  62% ] [90m[1m_update_scan_actions[22m | 48.png[39m[0m
[  62% ] [90m[1m_update_scan_actions[22m | 64.png[39m[0m
[  62% ] [90m[1m_update_scan_actions[22m | 96.png[39m[0m
[  62% ] [90m[1m_update_scan_actions[22m | 128.png[39m[0m
[  62% ] [90m[1m_update_scan_actions[22m | 192.png[39m[0m
[  62% ] [90m[1m_update_scan_actions[22m | 256.png[39m[0m
[  62% ] [90m[1m_update_scan_actions[22m | 32.png[39m[0m
[  62% ] [90m[1m_update_scan_actions[22m | 48.png[39m[0m
[  62% ] [90m[1m_update_scan_actions[22m | 64.png[39m[0m
[  62% ] [90m[1m_update_scan_actions[22m | 96.png[39m[0m
[  62% ] [90m[1m_update_scan_actions[22m | 128.png[39m[0m
[  62% ] [90m[1m_update_scan_actions[22m | 192.png[39m[0m
[  62% ] [90m[1m_update_scan_actions[22m | 256.png[39m[0m
[  62% ] [90m[1m_update_scan_actions[22m | 32.png[39m[0m
[  62% ] [90m[1m_update_scan_actions[22m | 48.png[39m[0m
[  62% ] [90m[1m_update_scan_actions[22m | 64.png[39m[0m
[  62% ] [90m[1m_update_scan_actions[22m | 96.png[39m[0m
[  62% ] [90m[1m_update_scan_actions[22m | 128.png[39m[0m
[  62% ] [90m[1m_update_scan_actions[22m | 192.png[39m[0m
[  62% ] [90m[1m_update_scan_actions[22m | 256.png[39m[0m
[  62% ] [90m[1m_update_scan_actions[22m | 32.png[39m[0m
[  63% ] [90m[1m_update_scan_actions[22m | 48.png[39m[0m
[  63% ] [90m[1m_update_scan_actions[22m | 64.png[39m[0m
[  63% ] [90m[1m_update_scan_actions[22m | 96.png[39m[0m
[  63% ] [90m[1m_update_scan_actions[22m | 128.png[39m[0m
[  63% ] [90m[1m_update_scan_actions[22m | 192.png[39m[0m
[  63% ] [90m[1m_update_scan_actions[22m | 256.png[39m[0m
[  63% ] [90m[1m_update_scan_actions[22m | cover_v1_solo_thunder.jpg[39m[0m
[  63% ] [90m[1m_update_scan_actions[22m | cover_v2_dual_tactical.jpg[39m[0m
[  63% ] [90m[1m_update_scan_actions[22m | assassin_concept_v1.png[39m[0m
[  63% ] [90m[1m_update_scan_actions[22m | scorpion_artillery_concept_v1.png[39m[0m
[  63% ] [90m[1m_update_scan_actions[22m | scorpion_striker_concept_v1.png[39m[0m
[  63% ] [90m[1m_update_scan_actions[22m | tank_concept_v1.png[39m[0m
[  63% ] [90m[1m_update_scan_actions[22m | warrior_concept_v1.png[39m[0m
[  63% ] [90m[1m_update_scan_actions[22m | chorus_spine_concept_v1.png[39m[0m
[  63% ] [90m[1m_update_scan_actions[22m | rift_burrower_concept_v1.png[39m[0m
[  63% ] [90m[1m_update_scan_actions[22m | sacwing_concept_v1.png[39m[0m
[  63% ] [90m[1m_update_scan_actions[22m | cover_armor_board.png[39m[0m
[  63% ] [90m[1m_update_scan_actions[22m | cover_bag_board.png[39m[0m
[  63% ] [90m[1m_update_scan_actions[22m | cover_enemy_board.png[39m[0m
[  63% ] [90m[1m_update_scan_actions[22m | cover_mixed_armor_board.png[39m[0m
[  63% ] [90m[1m_update_scan_actions[22m | 01_mantis_turnaround.jpg[39m[0m
[  63% ] [90m[1m_update_scan_actions[22m | 01_turnaround_colored.jpg[39m[0m
[  63% ] [90m[1m_update_scan_actions[22m | 02_blueprint_wireframe.jpg[39m[0m
[  63% ] [90m[1m_update_scan_actions[22m | 02_mantis_blueprint.jpg[39m[0m
[  63% ] [90m[1m_update_scan_actions[22m | 05_fast_bug_turnaround.jpg[39m[0m
[  63% ] [90m[1m_update_scan_actions[22m | 06_spitter_turnaround.jpg[39m[0m
[  63% ] [90m[1m_update_scan_actions[22m | 07_large_beetle_turnaround.jpg[39m[0m
[  63% ] [90m[1m_update_scan_actions[22m | cover_fireteam_ambush.jpg[39m[0m
[  63% ] [90m[1m_update_scan_actions[22m | cover_fireteam_new_v1.png[39m[0m
[  63% ] [90m[1m_update_scan_actions[22m | cover_fireteam_new_v2.png[39m[0m
[  63% ] [90m[1m_update_scan_actions[22m | cover_fireteam_restyle_v1.png[39m[0m
[  63% ] [90m[1m_update_scan_actions[22m | cover_fireteam_restyle_v2.png[39m[0m
[  63% ] [90m[1m_update_scan_actions[22m | cover_outpost_new_v2.png[39m[0m
[  63% ] [90m[1m_update_scan_actions[22m | cover_outpost_restyle_v1.png[39m[0m
[  63% ] [90m[1m_update_scan_actions[22m | cover_outpost_restyle_v2.png[39m[0m
[  63% ] [90m[1m_update_scan_actions[22m | cover_whiskey_outpost.jpg[39m[0m
[  63% ] [90m[1m_update_scan_actions[22m | fastbug_concept_v2.png[39m[0m
[  63% ] [90m[1m_update_scan_actions[22m | fastbug_concept_v3.png[39m[0m
[  63% ] [90m[1m_update_scan_actions[22m | fastbug_design_v2.png[39m[0m
[  63% ] [90m[1m_update_scan_actions[22m | fastbug_design_v3.png[39m[0m
[  63% ] [90m[1m_update_scan_actions[22m | fastbug_sketch_v2.png[39m[0m
[  63% ] [90m[1m_update_scan_actions[22m | fastbug_sketch_v3.png[39m[0m
[  63% ] [90m[1m_update_scan_actions[22m | largebeetle_concept_v2.png[39m[0m
[  63% ] [90m[1m_update_scan_actions[22m | largebeetle_design_v2.png[39m[0m
[  63% ] [90m[1m_update_scan_actions[22m | largebeetle_sketch_v2.png[39m[0m
[  64% ] [90m[1m_update_scan_actions[22m | original_game_preview.png[39m[0m
[  64% ] [90m[1m_update_scan_actions[22m | original_texture.png[39m[0m
[  64% ] [90m[1m_update_scan_actions[22m | spitter_concept_v2.png[39m[0m
[  64% ] [90m[1m_update_scan_actions[22m | spitter_design_v2.png[39m[0m
[  64% ] [90m[1m_update_scan_actions[22m | spitter_ref.png[39m[0m
[  64% ] [90m[1m_update_scan_actions[22m | spitter_sketch_v2.png[39m[0m
[  64% ] [90m[1m_update_scan_actions[22m | before_detail_head.png[39m[0m
[  64% ] [90m[1m_update_scan_actions[22m | before_detail_idle_side.png[39m[0m
[  64% ] [90m[1m_update_scan_actions[22m | 128.png[39m[0m
[  64% ] [90m[1m_update_scan_actions[22m | PAD-ico_32.png[39m[0m
[  64% ] [90m[1m_update_scan_actions[22m | PAD-ico_48.png[39m[0m
[  64% ] [90m[1m_update_scan_actions[22m | PAD-ico_56.png[39m[0m
[  64% ] [90m[1m_update_scan_actions[22m | PAD-ico_64.png[39m[0m
[  64% ] [90m[1m_update_scan_actions[22m | PAD-ico_128.png[39m[0m
[  64% ] [90m[1m_update_scan_actions[22m | after_attack_front.png[39m[0m
[  64% ] [90m[1m_update_scan_actions[22m | after_attack_side.png[39m[0m
[  64% ] [90m[1m_update_scan_actions[22m | after_dead_front.png[39m[0m
[  64% ] [90m[1m_update_scan_actions[22m | after_dead_side.png[39m[0m
[  64% ] [90m[1m_update_scan_actions[22m | after_head_front.png[39m[0m
[  64% ] [90m[1m_update_scan_actions[22m | after_head_side.png[39m[0m
[  64% ] [90m[1m_update_scan_actions[22m | after_head_threequarter.png[39m[0m
[  64% ] [90m[1m_update_scan_actions[22m | after_idle_front.png[39m[0m
[  64% ] [90m[1m_update_scan_actions[22m | after_idle_side.png[39m[0m
[  64% ] [90m[1m_update_scan_actions[22m | after_level01_gameplay.png[39m[0m
[  64% ] [90m[1m_update_scan_actions[22m | after_run_front.png[39m[0m
[  64% ] [90m[1m_update_scan_actions[22m | after_run_side.png[39m[0m
[  64% ] [90m[1m_update_scan_actions[22m | before_attack_front.png[39m[0m
[  64% ] [90m[1m_update_scan_actions[22m | before_attack_side.png[39m[0m
[  64% ] [90m[1m_update_scan_actions[22m | before_dead_front.png[39m[0m
[  64% ] [90m[1m_update_scan_actions[22m | before_dead_side.png[39m[0m
[  64% ] [90m[1m_update_scan_actions[22m | before_idle_front.png[39m[0m
[  64% ] [90m[1m_update_scan_actions[22m | before_idle_side.png[39m[0m
[  64% ] [90m[1m_update_scan_actions[22m | before_run_front.png[39m[0m
[  64% ] [90m[1m_update_scan_actions[22m | before_run_side.png[39m[0m
[  64% ] [90m[1m_update_scan_actions[22m | browser_desktop.png[39m[0m
[  64% ] [90m[1m_update_scan_actions[22m | browser_mobile.png[39m[0m
[  64% ] [90m[1m_update_scan_actions[22m | comparison_front.png[39m[0m
[  64% ] [90m[1m_update_scan_actions[22m | 128.png[39m[0m
[  64% ] [90m[1m_update_scan_actions[22m | PAD-ico_32.png[39m[0m
[  64% ] [90m[1m_update_scan_actions[22m | PAD-ico_48.png[39m[0m
[  64% ] [90m[1m_update_scan_actions[22m | PAD-ico_56.png[39m[0m
[  64% ] [90m[1m_update_scan_actions[22m | PAD-ico_64.png[39m[0m
[  64% ] [90m[1m_update_scan_actions[22m | PAD-ico_128.png[39m[0m
[  64% ] [90m[1m_update_scan_actions[22m | armor_01_original_front.png[39m[0m
[  64% ] [90m[1m_update_scan_actions[22m | armor_01_original_rear.png[39m[0m
[  65% ] [90m[1m_update_scan_actions[22m | armor_01_original_side.png[39m[0m
[  65% ] [90m[1m_update_scan_actions[22m | armor_01_refined_front.png[39m[0m
[  65% ] [90m[1m_update_scan_actions[22m | armor_01_refined_rear.png[39m[0m
[  65% ] [90m[1m_update_scan_actions[22m | armor_01_refined_side.png[39m[0m
[  65% ] [90m[1m_update_scan_actions[22m | armor_02_original_front.png[39m[0m
[  65% ] [90m[1m_update_scan_actions[22m | armor_02_original_rear.png[39m[0m
[  65% ] [90m[1m_update_scan_actions[22m | armor_02_original_side.png[39m[0m
[  65% ] [90m[1m_update_scan_actions[22m | armor_02_refined_front.png[39m[0m
[  65% ] [90m[1m_update_scan_actions[22m | armor_02_refined_rear.png[39m[0m
[  65% ] [90m[1m_update_scan_actions[22m | armor_02_refined_side.png[39m[0m
[  65% ] [90m[1m_update_scan_actions[22m | armor_03_original_front.png[39m[0m
[  65% ] [90m[1m_update_scan_actions[22m | armor_03_original_rear.png[39m[0m
[  65% ] [90m[1m_update_scan_actions[22m | armor_03_original_side.png[39m[0m
[  65% ] [90m[1m_update_scan_actions[22m | armor_03_refined_front.png[39m[0m
[  65% ] [90m[1m_update_scan_actions[22m | armor_03_refined_rear.png[39m[0m
[  65% ] [90m[1m_update_scan_actions[22m | armor_03_refined_side.png[39m[0m
[  65% ] [90m[1m_update_scan_actions[22m | armor_04_original_front.png[39m[0m
[  65% ] [90m[1m_update_scan_actions[22m | armor_04_original_rear.png[39m[0m
[  65% ] [90m[1m_update_scan_actions[22m | armor_04_original_side.png[39m[0m
[  65% ] [90m[1m_update_scan_actions[22m | armor_04_refined_front.png[39m[0m
[  65% ] [90m[1m_update_scan_actions[22m | armor_04_refined_rear.png[39m[0m
[  65% ] [90m[1m_update_scan_actions[22m | armor_04_refined_side.png[39m[0m
[  65% ] [90m[1m_update_scan_actions[22m | armor_05_original_front.png[39m[0m
[  65% ] [90m[1m_update_scan_actions[22m | armor_05_original_rear.png[39m[0m
[  65% ] [90m[1m_update_scan_actions[22m | armor_05_original_side.png[39m[0m
[  65% ] [90m[1m_update_scan_actions[22m | armor_05_refined_front.png[39m[0m
[  65% ] [90m[1m_update_scan_actions[22m | armor_05_refined_rear.png[39m[0m
[  65% ] [90m[1m_update_scan_actions[22m | armor_05_refined_side.png[39m[0m
[  65% ] [90m[1m_update_scan_actions[22m | armor_06_original_front.png[39m[0m
[  65% ] [90m[1m_update_scan_actions[22m | armor_06_original_rear.png[39m[0m
[  65% ] [90m[1m_update_scan_actions[22m | armor_06_original_side.png[39m[0m
[  65% ] [90m[1m_update_scan_actions[22m | armor_06_refined_front.png[39m[0m
[  65% ] [90m[1m_update_scan_actions[22m | armor_06_refined_rear.png[39m[0m
[  65% ] [90m[1m_update_scan_actions[22m | armor_06_refined_side.png[39m[0m
[  65% ] [90m[1m_update_scan_actions[22m | armor_07_original_front.png[39m[0m
[  65% ] [90m[1m_update_scan_actions[22m | armor_07_original_rear.png[39m[0m
[  65% ] [90m[1m_update_scan_actions[22m | armor_07_original_side.png[39m[0m
[  65% ] [90m[1m_update_scan_actions[22m | armor_07_refined_front.png[39m[0m
[  65% ] [90m[1m_update_scan_actions[22m | armor_07_refined_rear.png[39m[0m
[  65% ] [90m[1m_update_scan_actions[22m | armor_07_refined_side.png[39m[0m
[  65% ] [90m[1m_update_scan_actions[22m | armor_08_original_front.png[39m[0m
[  65% ] [90m[1m_update_scan_actions[22m | armor_08_original_rear.png[39m[0m
[  65% ] [90m[1m_update_scan_actions[22m | armor_08_original_side.png[39m[0m
[  65% ] [90m[1m_update_scan_actions[22m | armor_08_refined_front.png[39m[0m
[  65% ] [90m[1m_update_scan_actions[22m | armor_08_refined_rear.png[39m[0m
[  65% ] [90m[1m_update_scan_actions[22m | armor_08_refined_side.png[39m[0m
[  66% ] [90m[1m_update_scan_actions[22m | armor_09_original_front.png[39m[0m
[  66% ] [90m[1m_update_scan_actions[22m | armor_09_original_rear.png[39m[0m
[  66% ] [90m[1m_update_scan_actions[22m | armor_09_original_side.png[39m[0m
[  66% ] [90m[1m_update_scan_actions[22m | armor_09_refined_front.png[39m[0m
[  66% ] [90m[1m_update_scan_actions[22m | armor_09_refined_rear.png[39m[0m
[  66% ] [90m[1m_update_scan_actions[22m | armor_09_refined_side.png[39m[0m
[  66% ] [90m[1m_update_scan_actions[22m | armor_10_original_front.png[39m[0m
[  66% ] [90m[1m_update_scan_actions[22m | armor_10_original_rear.png[39m[0m
[  66% ] [90m[1m_update_scan_actions[22m | armor_10_original_side.png[39m[0m
[  66% ] [90m[1m_update_scan_actions[22m | armor_10_refined_front.png[39m[0m
[  66% ] [90m[1m_update_scan_actions[22m | armor_10_refined_rear.png[39m[0m
[  66% ] [90m[1m_update_scan_actions[22m | armor_10_refined_side.png[39m[0m
[  66% ] [90m[1m_update_scan_actions[22m | armor_11_original_front.png[39m[0m
[  66% ] [90m[1m_update_scan_actions[22m | armor_11_original_rear.png[39m[0m
[  66% ] [90m[1m_update_scan_actions[22m | armor_11_original_side.png[39m[0m
[  66% ] [90m[1m_update_scan_actions[22m | armor_11_refined_front.png[39m[0m
[  66% ] [90m[1m_update_scan_actions[22m | armor_11_refined_rear.png[39m[0m
[  66% ] [90m[1m_update_scan_actions[22m | armor_11_refined_side.png[39m[0m
[  66% ] [90m[1m_update_scan_actions[22m | armor_12_original_front.png[39m[0m
[  66% ] [90m[1m_update_scan_actions[22m | armor_12_original_rear.png[39m[0m
[  66% ] [90m[1m_update_scan_actions[22m | armor_12_original_side.png[39m[0m
[  66% ] [90m[1m_update_scan_actions[22m | armor_12_refined_front.png[39m[0m
[  66% ] [90m[1m_update_scan_actions[22m | armor_12_refined_rear.png[39m[0m
[  66% ] [90m[1m_update_scan_actions[22m | armor_12_refined_side.png[39m[0m
[  66% ] [90m[1m_update_scan_actions[22m | armor_13_original_front.png[39m[0m
[  66% ] [90m[1m_update_scan_actions[22m | armor_13_original_rear.png[39m[0m
[  66% ] [90m[1m_update_scan_actions[22m | armor_13_original_side.png[39m[0m
[  66% ] [90m[1m_update_scan_actions[22m | armor_13_refined_front.png[39m[0m
[  66% ] [90m[1m_update_scan_actions[22m | armor_13_refined_rear.png[39m[0m
[  66% ] [90m[1m_update_scan_actions[22m | armor_13_refined_side.png[39m[0m
[  66% ] [90m[1m_update_scan_actions[22m | armor_14_original_front.png[39m[0m
[  66% ] [90m[1m_update_scan_actions[22m | armor_14_original_rear.png[39m[0m
[  66% ] [90m[1m_update_scan_actions[22m | armor_14_original_side.png[39m[0m
[  66% ] [90m[1m_update_scan_actions[22m | armor_14_refined_front.png[39m[0m
[  66% ] [90m[1m_update_scan_actions[22m | armor_14_refined_rear.png[39m[0m
[  66% ] [90m[1m_update_scan_actions[22m | armor_14_refined_side.png[39m[0m
[  66% ] [90m[1m_update_scan_actions[22m | armor_15_original_front.png[39m[0m
[  66% ] [90m[1m_update_scan_actions[22m | armor_15_original_rear.png[39m[0m
[  66% ] [90m[1m_update_scan_actions[22m | armor_15_original_side.png[39m[0m
[  66% ] [90m[1m_update_scan_actions[22m | armor_15_refined_front.png[39m[0m
[  66% ] [90m[1m_update_scan_actions[22m | armor_15_refined_rear.png[39m[0m
[  66% ] [90m[1m_update_scan_actions[22m | armor_15_refined_side.png[39m[0m
[  66% ] [90m[1m_update_scan_actions[22m | armor_16_original_front.png[39m[0m
[  66% ] [90m[1m_update_scan_actions[22m | armor_16_original_rear.png[39m[0m
[  66% ] [90m[1m_update_scan_actions[22m | armor_16_original_side.png[39m[0m
[  67% ] [90m[1m_update_scan_actions[22m | armor_16_refined_front.png[39m[0m
[  67% ] [90m[1m_update_scan_actions[22m | armor_16_refined_rear.png[39m[0m
[  67% ] [90m[1m_update_scan_actions[22m | armor_16_refined_side.png[39m[0m
[  67% ] [90m[1m_update_scan_actions[22m | armor_17_original_front.png[39m[0m
[  67% ] [90m[1m_update_scan_actions[22m | armor_17_original_rear.png[39m[0m
[  67% ] [90m[1m_update_scan_actions[22m | armor_17_original_side.png[39m[0m
[  67% ] [90m[1m_update_scan_actions[22m | armor_17_refined_front.png[39m[0m
[  67% ] [90m[1m_update_scan_actions[22m | armor_17_refined_rear.png[39m[0m
[  67% ] [90m[1m_update_scan_actions[22m | armor_17_refined_side.png[39m[0m
[  67% ] [90m[1m_update_scan_actions[22m | armor_18_original_front.png[39m[0m
[  67% ] [90m[1m_update_scan_actions[22m | armor_18_original_rear.png[39m[0m
[  67% ] [90m[1m_update_scan_actions[22m | armor_18_original_side.png[39m[0m
[  67% ] [90m[1m_update_scan_actions[22m | armor_18_refined_front.png[39m[0m
[  67% ] [90m[1m_update_scan_actions[22m | armor_18_refined_rear.png[39m[0m
[  67% ] [90m[1m_update_scan_actions[22m | armor_18_refined_side.png[39m[0m
[  67% ] [90m[1m_update_scan_actions[22m | armor_19_original_front.png[39m[0m
[  67% ] [90m[1m_update_scan_actions[22m | armor_19_original_rear.png[39m[0m
[  67% ] [90m[1m_update_scan_actions[22m | armor_19_original_side.png[39m[0m
[  67% ] [90m[1m_update_scan_actions[22m | armor_19_refined_front.png[39m[0m
[  67% ] [90m[1m_update_scan_actions[22m | armor_19_refined_rear.png[39m[0m
[  67% ] [90m[1m_update_scan_actions[22m | armor_19_refined_side.png[39m[0m
[  67% ] [90m[1m_update_scan_actions[22m | armor_20_original_front.png[39m[0m
[  67% ] [90m[1m_update_scan_actions[22m | armor_20_original_rear.png[39m[0m
[  67% ] [90m[1m_update_scan_actions[22m | armor_20_original_side.png[39m[0m
[  67% ] [90m[1m_update_scan_actions[22m | armor_20_refined_front.png[39m[0m
[  67% ] [90m[1m_update_scan_actions[22m | armor_20_refined_rear.png[39m[0m
[  67% ] [90m[1m_update_scan_actions[22m | armor_20_refined_side.png[39m[0m
[  67% ] [90m[1m_update_scan_actions[22m | armor_21_original_front.png[39m[0m
[  67% ] [90m[1m_update_scan_actions[22m | armor_21_original_rear.png[39m[0m
[  67% ] [90m[1m_update_scan_actions[22m | armor_21_original_side.png[39m[0m
[  67% ] [90m[1m_update_scan_actions[22m | armor_21_refined_front.png[39m[0m
[  67% ] [90m[1m_update_scan_actions[22m | armor_21_refined_rear.png[39m[0m
[  67% ] [90m[1m_update_scan_actions[22m | armor_21_refined_side.png[39m[0m
[  67% ] [90m[1m_update_scan_actions[22m | armor_22_original_front.png[39m[0m
[  67% ] [90m[1m_update_scan_actions[22m | armor_22_original_rear.png[39m[0m
[  67% ] [90m[1m_update_scan_actions[22m | armor_22_original_side.png[39m[0m
[  67% ] [90m[1m_update_scan_actions[22m | armor_22_refined_front.png[39m[0m
[  67% ] [90m[1m_update_scan_actions[22m | armor_22_refined_rear.png[39m[0m
[  67% ] [90m[1m_update_scan_actions[22m | armor_22_refined_side.png[39m[0m
[  67% ] [90m[1m_update_scan_actions[22m | armor_23_original_front.png[39m[0m
[  67% ] [90m[1m_update_scan_actions[22m | armor_23_original_rear.png[39m[0m
[  67% ] [90m[1m_update_scan_actions[22m | armor_23_original_side.png[39m[0m
[  67% ] [90m[1m_update_scan_actions[22m | armor_23_refined_front.png[39m[0m
[  67% ] [90m[1m_update_scan_actions[22m | armor_23_refined_rear.png[39m[0m
[  67% ] [90m[1m_update_scan_actions[22m | armor_23_refined_side.png[39m[0m
[  67% ] [90m[1m_update_scan_actions[22m | armor_24_original_front.png[39m[0m
[  68% ] [90m[1m_update_scan_actions[22m | armor_24_original_rear.png[39m[0m
[  68% ] [90m[1m_update_scan_actions[22m | armor_24_original_side.png[39m[0m
[  68% ] [90m[1m_update_scan_actions[22m | armor_24_refined_front.png[39m[0m
[  68% ] [90m[1m_update_scan_actions[22m | armor_24_refined_rear.png[39m[0m
[  68% ] [90m[1m_update_scan_actions[22m | armor_24_refined_side.png[39m[0m
[  68% ] [90m[1m_update_scan_actions[22m | armor_25_original_front.png[39m[0m
[  68% ] [90m[1m_update_scan_actions[22m | armor_25_original_rear.png[39m[0m
[  68% ] [90m[1m_update_scan_actions[22m | armor_25_original_side.png[39m[0m
[  68% ] [90m[1m_update_scan_actions[22m | armor_25_refined_front.png[39m[0m
[  68% ] [90m[1m_update_scan_actions[22m | armor_25_refined_rear.png[39m[0m
[  68% ] [90m[1m_update_scan_actions[22m | armor_25_refined_side.png[39m[0m
[  68% ] [90m[1m_update_scan_actions[22m | armor_26_original_front.png[39m[0m
[  68% ] [90m[1m_update_scan_actions[22m | armor_26_original_rear.png[39m[0m
[  68% ] [90m[1m_update_scan_actions[22m | armor_26_original_side.png[39m[0m
[  68% ] [90m[1m_update_scan_actions[22m | armor_26_refined_front.png[39m[0m
[  68% ] [90m[1m_update_scan_actions[22m | armor_26_refined_rear.png[39m[0m
[  68% ] [90m[1m_update_scan_actions[22m | armor_26_refined_side.png[39m[0m
[  68% ] [90m[1m_update_scan_actions[22m | armor_27_original_front.png[39m[0m
[  68% ] [90m[1m_update_scan_actions[22m | armor_27_original_rear.png[39m[0m
[  68% ] [90m[1m_update_scan_actions[22m | armor_27_original_side.png[39m[0m
[  68% ] [90m[1m_update_scan_actions[22m | armor_27_refined_front.png[39m[0m
[  68% ] [90m[1m_update_scan_actions[22m | armor_27_refined_rear.png[39m[0m
[  68% ] [90m[1m_update_scan_actions[22m | armor_27_refined_side.png[39m[0m
[  68% ] [90m[1m_update_scan_actions[22m | armor_28_original_front.png[39m[0m
[  68% ] [90m[1m_update_scan_actions[22m | armor_28_original_rear.png[39m[0m
[  68% ] [90m[1m_update_scan_actions[22m | armor_28_original_side.png[39m[0m
[  68% ] [90m[1m_update_scan_actions[22m | armor_28_refined_front.png[39m[0m
[  68% ] [90m[1m_update_scan_actions[22m | armor_28_refined_rear.png[39m[0m
[  68% ] [90m[1m_update_scan_actions[22m | armor_28_refined_side.png[39m[0m
[  68% ] [90m[1m_update_scan_actions[22m | browser_preview.png[39m[0m
[  68% ] [90m[1m_update_scan_actions[22m | game_1_09_gun00.png[39m[0m
[  68% ] [90m[1m_update_scan_actions[22m | game_1_21_gun11.png[39m[0m
[  68% ] [90m[1m_update_scan_actions[22m | game_1_28_gun26.png[39m[0m
[  68% ] [90m[1m_update_scan_actions[22m | game_3_09_gun00.png[39m[0m
[  68% ] [90m[1m_update_scan_actions[22m | game_3_21_gun11.png[39m[0m
[  68% ] [90m[1m_update_scan_actions[22m | game_3_28_gun26.png[39m[0m
[  68% ] [90m[1m_update_scan_actions[22m | gun00_original_front.png[39m[0m
[  68% ] [90m[1m_update_scan_actions[22m | gun00_original_rear.png[39m[0m
[  68% ] [90m[1m_update_scan_actions[22m | gun00_original_side.png[39m[0m
[  68% ] [90m[1m_update_scan_actions[22m | gun00_refined_front.png[39m[0m
[  68% ] [90m[1m_update_scan_actions[22m | gun00_refined_rear.png[39m[0m
[  68% ] [90m[1m_update_scan_actions[22m | gun00_refined_side.png[39m[0m
[  68% ] [90m[1m_update_scan_actions[22m | gun01_original_front.png[39m[0m
[  68% ] [90m[1m_update_scan_actions[22m | gun01_original_rear.png[39m[0m
[  68% ] [90m[1m_update_scan_actions[22m | gun01_original_side.png[39m[0m
[  69% ] [90m[1m_update_scan_actions[22m | gun01_refined_front.png[39m[0m
[  69% ] [90m[1m_update_scan_actions[22m | gun01_refined_rear.png[39m[0m
[  69% ] [90m[1m_update_scan_actions[22m | gun01_refined_side.png[39m[0m
[  69% ] [90m[1m_update_scan_actions[22m | gun02_original_front.png[39m[0m
[  69% ] [90m[1m_update_scan_actions[22m | gun02_original_rear.png[39m[0m
[  69% ] [90m[1m_update_scan_actions[22m | gun02_original_side.png[39m[0m
[  69% ] [90m[1m_update_scan_actions[22m | gun02_refined_front.png[39m[0m
[  69% ] [90m[1m_update_scan_actions[22m | gun02_refined_rear.png[39m[0m
[  69% ] [90m[1m_update_scan_actions[22m | gun02_refined_side.png[39m[0m
[  69% ] [90m[1m_update_scan_actions[22m | gun03_original_front.png[39m[0m
[  69% ] [90m[1m_update_scan_actions[22m | gun03_original_rear.png[39m[0m
[  69% ] [90m[1m_update_scan_actions[22m | gun03_original_side.png[39m[0m
[  69% ] [90m[1m_update_scan_actions[22m | gun03_refined_front.png[39m[0m
[  69% ] [90m[1m_update_scan_actions[22m | gun03_refined_rear.png[39m[0m
[  69% ] [90m[1m_update_scan_actions[22m | gun03_refined_side.png[39m[0m
[  69% ] [90m[1m_update_scan_actions[22m | gun04_original_front.png[39m[0m
[  69% ] [90m[1m_update_scan_actions[22m | gun04_original_rear.png[39m[0m
[  69% ] [90m[1m_update_scan_actions[22m | gun04_original_side.png[39m[0m
[  69% ] [90m[1m_update_scan_actions[22m | gun04_refined_front.png[39m[0m
[  69% ] [90m[1m_update_scan_actions[22m | gun04_refined_rear.png[39m[0m
[  69% ] [90m[1m_update_scan_actions[22m | gun04_refined_side.png[39m[0m
[  69% ] [90m[1m_update_scan_actions[22m | gun05_original_front.png[39m[0m
[  69% ] [90m[1m_update_scan_actions[22m | gun05_original_rear.png[39m[0m
[  69% ] [90m[1m_update_scan_actions[22m | gun05_original_side.png[39m[0m
[  69% ] [90m[1m_update_scan_actions[22m | gun05_refined_front.png[39m[0m
[  69% ] [90m[1m_update_scan_actions[22m | gun05_refined_rear.png[39m[0m
[  69% ] [90m[1m_update_scan_actions[22m | gun05_refined_side.png[39m[0m
[  69% ] [90m[1m_update_scan_actions[22m | gun06_original_front.png[39m[0m
[  69% ] [90m[1m_update_scan_actions[22m | gun06_original_rear.png[39m[0m
[  69% ] [90m[1m_update_scan_actions[22m | gun06_original_side.png[39m[0m
[  69% ] [90m[1m_update_scan_actions[22m | gun06_refined_front.png[39m[0m
[  69% ] [90m[1m_update_scan_actions[22m | gun06_refined_rear.png[39m[0m
[  69% ] [90m[1m_update_scan_actions[22m | gun06_refined_side.png[39m[0m
[  69% ] [90m[1m_update_scan_actions[22m | gun07_original_front.png[39m[0m
[  69% ] [90m[1m_update_scan_actions[22m | gun07_original_rear.png[39m[0m
[  69% ] [90m[1m_update_scan_actions[22m | gun07_original_side.png[39m[0m
[  69% ] [90m[1m_update_scan_actions[22m | gun07_refined_front.png[39m[0m
[  69% ] [90m[1m_update_scan_actions[22m | gun07_refined_rear.png[39m[0m
[  69% ] [90m[1m_update_scan_actions[22m | gun07_refined_side.png[39m[0m
[  69% ] [90m[1m_update_scan_actions[22m | gun08_original_front.png[39m[0m
[  69% ] [90m[1m_update_scan_actions[22m | gun08_original_rear.png[39m[0m
[  69% ] [90m[1m_update_scan_actions[22m | gun08_original_side.png[39m[0m
[  69% ] [90m[1m_update_scan_actions[22m | gun08_refined_front.png[39m[0m
[  69% ] [90m[1m_update_scan_actions[22m | gun08_refined_rear.png[39m[0m
[  69% ] [90m[1m_update_scan_actions[22m | gun08_refined_side.png[39m[0m
[  69% ] [90m[1m_update_scan_actions[22m | gun09_original_front.png[39m[0m
[  70% ] [90m[1m_update_scan_actions[22m | gun09_original_rear.png[39m[0m
[  70% ] [90m[1m_update_scan_actions[22m | gun09_original_side.png[39m[0m
[  70% ] [90m[1m_update_scan_actions[22m | gun09_refined_front.png[39m[0m
[  70% ] [90m[1m_update_scan_actions[22m | gun09_refined_rear.png[39m[0m
[  70% ] [90m[1m_update_scan_actions[22m | gun09_refined_side.png[39m[0m
[  70% ] [90m[1m_update_scan_actions[22m | gun10_original_front.png[39m[0m
[  70% ] [90m[1m_update_scan_actions[22m | gun10_original_rear.png[39m[0m
[  70% ] [90m[1m_update_scan_actions[22m | gun10_original_side.png[39m[0m
[  70% ] [90m[1m_update_scan_actions[22m | gun10_refined_front.png[39m[0m
[  70% ] [90m[1m_update_scan_actions[22m | gun10_refined_rear.png[39m[0m
[  70% ] [90m[1m_update_scan_actions[22m | gun10_refined_side.png[39m[0m
[  70% ] [90m[1m_update_scan_actions[22m | gun11_original_front.png[39m[0m
[  70% ] [90m[1m_update_scan_actions[22m | gun11_original_rear.png[39m[0m
[  70% ] [90m[1m_update_scan_actions[22m | gun11_original_side.png[39m[0m
[  70% ] [90m[1m_update_scan_actions[22m | gun11_refined_front.png[39m[0m
[  70% ] [90m[1m_update_scan_actions[22m | gun11_refined_rear.png[39m[0m
[  70% ] [90m[1m_update_scan_actions[22m | gun11_refined_side.png[39m[0m
[  70% ] [90m[1m_update_scan_actions[22m | gun12_original_front.png[39m[0m
[  70% ] [90m[1m_update_scan_actions[22m | gun12_original_rear.png[39m[0m
[  70% ] [90m[1m_update_scan_actions[22m | gun12_original_side.png[39m[0m
[  70% ] [90m[1m_update_scan_actions[22m | gun12_refined_front.png[39m[0m
[  70% ] [90m[1m_update_scan_actions[22m | gun12_refined_rear.png[39m[0m
[  70% ] [90m[1m_update_scan_actions[22m | gun12_refined_side.png[39m[0m
[  70% ] [90m[1m_update_scan_actions[22m | gun13_original_front.png[39m[0m
[  70% ] [90m[1m_update_scan_actions[22m | gun13_original_rear.png[39m[0m
[  70% ] [90m[1m_update_scan_actions[22m | gun13_original_side.png[39m[0m
[  70% ] [90m[1m_update_scan_actions[22m | gun13_refined_front.png[39m[0m
[  70% ] [90m[1m_update_scan_actions[22m | gun13_refined_rear.png[39m[0m
[  70% ] [90m[1m_update_scan_actions[22m | gun13_refined_side.png[39m[0m
[  70% ] [90m[1m_update_scan_actions[22m | gun14_original_front.png[39m[0m
[  70% ] [90m[1m_update_scan_actions[22m | gun14_original_rear.png[39m[0m
[  70% ] [90m[1m_update_scan_actions[22m | gun14_original_side.png[39m[0m
[  70% ] [90m[1m_update_scan_actions[22m | gun14_refined_front.png[39m[0m
[  70% ] [90m[1m_update_scan_actions[22m | gun14_refined_rear.png[39m[0m
[  70% ] [90m[1m_update_scan_actions[22m | gun14_refined_side.png[39m[0m
[  70% ] [90m[1m_update_scan_actions[22m | gun15_original_front.png[39m[0m
[  70% ] [90m[1m_update_scan_actions[22m | gun15_original_rear.png[39m[0m
[  70% ] [90m[1m_update_scan_actions[22m | gun15_original_side.png[39m[0m
[  70% ] [90m[1m_update_scan_actions[22m | gun15_refined_front.png[39m[0m
[  70% ] [90m[1m_update_scan_actions[22m | gun15_refined_rear.png[39m[0m
[  70% ] [90m[1m_update_scan_actions[22m | gun15_refined_side.png[39m[0m
[  70% ] [90m[1m_update_scan_actions[22m | gun16_original_front.png[39m[0m
[  70% ] [90m[1m_update_scan_actions[22m | gun16_original_rear.png[39m[0m
[  70% ] [90m[1m_update_scan_actions[22m | gun16_original_side.png[39m[0m
[  70% ] [90m[1m_update_scan_actions[22m | gun16_refined_front.png[39m[0m
[  71% ] [90m[1m_update_scan_actions[22m | gun16_refined_rear.png[39m[0m
[  71% ] [90m[1m_update_scan_actions[22m | gun16_refined_side.png[39m[0m
[  71% ] [90m[1m_update_scan_actions[22m | gun17_original_front.png[39m[0m
[  71% ] [90m[1m_update_scan_actions[22m | gun17_original_rear.png[39m[0m
[  71% ] [90m[1m_update_scan_actions[22m | gun17_original_side.png[39m[0m
[  71% ] [90m[1m_update_scan_actions[22m | gun17_refined_front.png[39m[0m
[  71% ] [90m[1m_update_scan_actions[22m | gun17_refined_rear.png[39m[0m
[  71% ] [90m[1m_update_scan_actions[22m | gun17_refined_side.png[39m[0m
[  71% ] [90m[1m_update_scan_actions[22m | gun18_original_front.png[39m[0m
[  71% ] [90m[1m_update_scan_actions[22m | gun18_original_rear.png[39m[0m
[  71% ] [90m[1m_update_scan_actions[22m | gun18_original_side.png[39m[0m
[  71% ] [90m[1m_update_scan_actions[22m | gun18_refined_front.png[39m[0m
[  71% ] [90m[1m_update_scan_actions[22m | gun18_refined_rear.png[39m[0m
[  71% ] [90m[1m_update_scan_actions[22m | gun18_refined_side.png[39m[0m
[  71% ] [90m[1m_update_scan_actions[22m | gun19_original_front.png[39m[0m
[  71% ] [90m[1m_update_scan_actions[22m | gun19_original_rear.png[39m[0m
[  71% ] [90m[1m_update_scan_actions[22m | gun19_original_side.png[39m[0m
[  71% ] [90m[1m_update_scan_actions[22m | gun19_refined_front.png[39m[0m
[  71% ] [90m[1m_update_scan_actions[22m | gun19_refined_rear.png[39m[0m
[  71% ] [90m[1m_update_scan_actions[22m | gun19_refined_side.png[39m[0m
[  71% ] [90m[1m_update_scan_actions[22m | gun20_original_front.png[39m[0m
[  71% ] [90m[1m_update_scan_actions[22m | gun20_original_rear.png[39m[0m
[  71% ] [90m[1m_update_scan_actions[22m | gun20_original_side.png[39m[0m
[  71% ] [90m[1m_update_scan_actions[22m | gun20_refined_front.png[39m[0m
[  71% ] [90m[1m_update_scan_actions[22m | gun20_refined_rear.png[39m[0m
[  71% ] [90m[1m_update_scan_actions[22m | gun20_refined_side.png[39m[0m
[  71% ] [90m[1m_update_scan_actions[22m | gun21_original_front.png[39m[0m
[  71% ] [90m[1m_update_scan_actions[22m | gun21_original_rear.png[39m[0m
[  71% ] [90m[1m_update_scan_actions[22m | gun21_original_side.png[39m[0m
[  71% ] [90m[1m_update_scan_actions[22m | gun21_refined_front.png[39m[0m
[  71% ] [90m[1m_update_scan_actions[22m | gun21_refined_rear.png[39m[0m
[  71% ] [90m[1m_update_scan_actions[22m | gun21_refined_side.png[39m[0m
[  71% ] [90m[1m_update_scan_actions[22m | gun22_original_front.png[39m[0m
[  71% ] [90m[1m_update_scan_actions[22m | gun22_original_rear.png[39m[0m
[  71% ] [90m[1m_update_scan_actions[22m | gun22_original_side.png[39m[0m
[  71% ] [90m[1m_update_scan_actions[22m | gun22_refined_front.png[39m[0m
[  71% ] [90m[1m_update_scan_actions[22m | gun22_refined_rear.png[39m[0m
[  71% ] [90m[1m_update_scan_actions[22m | gun22_refined_side.png[39m[0m
[  71% ] [90m[1m_update_scan_actions[22m | gun23_original_front.png[39m[0m
[  71% ] [90m[1m_update_scan_actions[22m | gun23_original_rear.png[39m[0m
[  71% ] [90m[1m_update_scan_actions[22m | gun23_original_side.png[39m[0m
[  71% ] [90m[1m_update_scan_actions[22m | gun23_refined_front.png[39m[0m
[  71% ] [90m[1m_update_scan_actions[22m | gun23_refined_rear.png[39m[0m
[  71% ] [90m[1m_update_scan_actions[22m | gun23_refined_side.png[39m[0m
[  71% ] [90m[1m_update_scan_actions[22m | gun24_original_front.png[39m[0m
[  72% ] [90m[1m_update_scan_actions[22m | gun24_original_rear.png[39m[0m
[  72% ] [90m[1m_update_scan_actions[22m | gun24_original_side.png[39m[0m
[  72% ] [90m[1m_update_scan_actions[22m | gun24_refined_front.png[39m[0m
[  72% ] [90m[1m_update_scan_actions[22m | gun24_refined_rear.png[39m[0m
[  72% ] [90m[1m_update_scan_actions[22m | gun24_refined_side.png[39m[0m
[  72% ] [90m[1m_update_scan_actions[22m | gun25_original_front.png[39m[0m
[  72% ] [90m[1m_update_scan_actions[22m | gun25_original_rear.png[39m[0m
[  72% ] [90m[1m_update_scan_actions[22m | gun25_original_side.png[39m[0m
[  72% ] [90m[1m_update_scan_actions[22m | gun25_refined_front.png[39m[0m
[  72% ] [90m[1m_update_scan_actions[22m | gun25_refined_rear.png[39m[0m
[  72% ] [90m[1m_update_scan_actions[22m | gun25_refined_side.png[39m[0m
[  72% ] [90m[1m_update_scan_actions[22m | gun26_original_front.png[39m[0m
[  72% ] [90m[1m_update_scan_actions[22m | gun26_original_rear.png[39m[0m
[  72% ] [90m[1m_update_scan_actions[22m | gun26_original_side.png[39m[0m
[  72% ] [90m[1m_update_scan_actions[22m | gun26_refined_front.png[39m[0m
[  72% ] [90m[1m_update_scan_actions[22m | gun26_refined_rear.png[39m[0m
[  72% ] [90m[1m_update_scan_actions[22m | gun26_refined_side.png[39m[0m
[  72% ] [90m[1m_update_scan_actions[22m | gun27_original_front.png[39m[0m
[  72% ] [90m[1m_update_scan_actions[22m | gun27_original_rear.png[39m[0m
[  72% ] [90m[1m_update_scan_actions[22m | gun27_original_side.png[39m[0m
[  72% ] [90m[1m_update_scan_actions[22m | gun27_refined_front.png[39m[0m
[  72% ] [90m[1m_update_scan_actions[22m | gun27_refined_rear.png[39m[0m
[  72% ] [90m[1m_update_scan_actions[22m | gun27_refined_side.png[39m[0m
[  72% ] [90m[1m_update_scan_actions[22m | gun28_original_front.png[39m[0m
[  72% ] [90m[1m_update_scan_actions[22m | gun28_original_rear.png[39m[0m
[  72% ] [90m[1m_update_scan_actions[22m | gun28_original_side.png[39m[0m
[  72% ] [90m[1m_update_scan_actions[22m | gun28_refined_front.png[39m[0m
[  72% ] [90m[1m_update_scan_actions[22m | gun28_refined_rear.png[39m[0m
[  72% ] [90m[1m_update_scan_actions[22m | gun28_refined_side.png[39m[0m
[  72% ] [90m[1m_update_scan_actions[22m | gun29_original_front.png[39m[0m
[  72% ] [90m[1m_update_scan_actions[22m | gun29_original_rear.png[39m[0m
[  72% ] [90m[1m_update_scan_actions[22m | gun29_original_side.png[39m[0m
[  72% ] [90m[1m_update_scan_actions[22m | gun29_refined_front.png[39m[0m
[  72% ] [90m[1m_update_scan_actions[22m | gun29_refined_rear.png[39m[0m
[  72% ] [90m[1m_update_scan_actions[22m | gun29_refined_side.png[39m[0m
[  72% ] [90m[1m_update_scan_actions[22m | gun30_original_front.png[39m[0m
[  72% ] [90m[1m_update_scan_actions[22m | gun30_original_rear.png[39m[0m
[  72% ] [90m[1m_update_scan_actions[22m | gun30_original_side.png[39m[0m
[  72% ] [90m[1m_update_scan_actions[22m | gun30_refined_front.png[39m[0m
[  72% ] [90m[1m_update_scan_actions[22m | gun30_refined_rear.png[39m[0m
[  72% ] [90m[1m_update_scan_actions[22m | gun30_refined_side.png[39m[0m
[  72% ] [90m[1m_update_scan_actions[22m | gun31_original_front.png[39m[0m
[  72% ] [90m[1m_update_scan_actions[22m | gun31_original_rear.png[39m[0m
[  72% ] [90m[1m_update_scan_actions[22m | gun31_original_side.png[39m[0m
[  72% ] [90m[1m_update_scan_actions[22m | gun31_refined_front.png[39m[0m
[  72% ] [90m[1m_update_scan_actions[22m | gun31_refined_rear.png[39m[0m
[  73% ] [90m[1m_update_scan_actions[22m | gun31_refined_side.png[39m[0m
[  73% ] [90m[1m_update_scan_actions[22m | gun32_original_front.png[39m[0m
[  73% ] [90m[1m_update_scan_actions[22m | gun32_original_rear.png[39m[0m
[  73% ] [90m[1m_update_scan_actions[22m | gun32_original_side.png[39m[0m
[  73% ] [90m[1m_update_scan_actions[22m | gun32_refined_front.png[39m[0m
[  73% ] [90m[1m_update_scan_actions[22m | gun32_refined_rear.png[39m[0m
[  73% ] [90m[1m_update_scan_actions[22m | gun32_refined_side.png[39m[0m
[  73% ] [90m[1m_update_scan_actions[22m | gun33_original_front.png[39m[0m
[  73% ] [90m[1m_update_scan_actions[22m | gun33_original_rear.png[39m[0m
[  73% ] [90m[1m_update_scan_actions[22m | gun33_original_side.png[39m[0m
[  73% ] [90m[1m_update_scan_actions[22m | gun33_refined_front.png[39m[0m
[  73% ] [90m[1m_update_scan_actions[22m | gun33_refined_rear.png[39m[0m
[  73% ] [90m[1m_update_scan_actions[22m | gun33_refined_side.png[39m[0m
[  73% ] [90m[1m_update_scan_actions[22m | gun34_original_front.png[39m[0m
[  73% ] [90m[1m_update_scan_actions[22m | gun34_original_rear.png[39m[0m
[  73% ] [90m[1m_update_scan_actions[22m | gun34_original_side.png[39m[0m
[  73% ] [90m[1m_update_scan_actions[22m | gun34_refined_front.png[39m[0m
[  73% ] [90m[1m_update_scan_actions[22m | gun34_refined_rear.png[39m[0m
[  73% ] [90m[1m_update_scan_actions[22m | gun34_refined_side.png[39m[0m
[  73% ] [90m[1m_update_scan_actions[22m | gun35_original_front.png[39m[0m
[  73% ] [90m[1m_update_scan_actions[22m | gun35_original_rear.png[39m[0m
[  73% ] [90m[1m_update_scan_actions[22m | gun35_original_side.png[39m[0m
[  73% ] [90m[1m_update_scan_actions[22m | gun35_refined_front.png[39m[0m
[  73% ] [90m[1m_update_scan_actions[22m | gun35_refined_rear.png[39m[0m
[  73% ] [90m[1m_update_scan_actions[22m | gun35_refined_side.png[39m[0m
[  73% ] [90m[1m_update_scan_actions[22m | gun36_original_front.png[39m[0m
[  73% ] [90m[1m_update_scan_actions[22m | gun36_original_rear.png[39m[0m
[  73% ] [90m[1m_update_scan_actions[22m | gun36_original_side.png[39m[0m
[  73% ] [90m[1m_update_scan_actions[22m | gun36_refined_front.png[39m[0m
[  73% ] [90m[1m_update_scan_actions[22m | gun36_refined_rear.png[39m[0m
[  73% ] [90m[1m_update_scan_actions[22m | gun36_refined_side.png[39m[0m
[  73% ] [90m[1m_update_scan_actions[22m | gun37_original_front.png[39m[0m
[  73% ] [90m[1m_update_scan_actions[22m | gun37_original_rear.png[39m[0m
[  73% ] [90m[1m_update_scan_actions[22m | gun37_original_side.png[39m[0m
[  73% ] [90m[1m_update_scan_actions[22m | gun37_refined_front.png[39m[0m
[  73% ] [90m[1m_update_scan_actions[22m | gun37_refined_rear.png[39m[0m
[  73% ] [90m[1m_update_scan_actions[22m | gun37_refined_side.png[39m[0m
[  73% ] [90m[1m_update_scan_actions[22m | gun38_original_front.png[39m[0m
[  73% ] [90m[1m_update_scan_actions[22m | gun38_original_rear.png[39m[0m
[  73% ] [90m[1m_update_scan_actions[22m | gun38_original_side.png[39m[0m
[  73% ] [90m[1m_update_scan_actions[22m | gun38_refined_front.png[39m[0m
[  73% ] [90m[1m_update_scan_actions[22m | gun38_refined_rear.png[39m[0m
[  73% ] [90m[1m_update_scan_actions[22m | gun38_refined_side.png[39m[0m
[  73% ] [90m[1m_update_scan_actions[22m | gun39_original_front.png[39m[0m
[  73% ] [90m[1m_update_scan_actions[22m | gun39_original_rear.png[39m[0m
[  74% ] [90m[1m_update_scan_actions[22m | gun39_original_side.png[39m[0m
[  74% ] [90m[1m_update_scan_actions[22m | gun39_refined_front.png[39m[0m
[  74% ] [90m[1m_update_scan_actions[22m | gun39_refined_rear.png[39m[0m
[  74% ] [90m[1m_update_scan_actions[22m | gun39_refined_side.png[39m[0m
[  74% ] [90m[1m_update_scan_actions[22m | gun40_original_front.png[39m[0m
[  74% ] [90m[1m_update_scan_actions[22m | gun40_original_rear.png[39m[0m
[  74% ] [90m[1m_update_scan_actions[22m | gun40_original_side.png[39m[0m
[  74% ] [90m[1m_update_scan_actions[22m | gun40_refined_front.png[39m[0m
[  74% ] [90m[1m_update_scan_actions[22m | gun40_refined_rear.png[39m[0m
[  74% ] [90m[1m_update_scan_actions[22m | gun40_refined_side.png[39m[0m
[  74% ] [90m[1m_update_scan_actions[22m | gun41_original_front.png[39m[0m
[  74% ] [90m[1m_update_scan_actions[22m | gun41_original_rear.png[39m[0m
[  74% ] [90m[1m_update_scan_actions[22m | gun41_original_side.png[39m[0m
[  74% ] [90m[1m_update_scan_actions[22m | gun41_refined_front.png[39m[0m
[  74% ] [90m[1m_update_scan_actions[22m | gun41_refined_rear.png[39m[0m
[  74% ] [90m[1m_update_scan_actions[22m | gun41_refined_side.png[39m[0m
[  74% ] [90m[1m_update_scan_actions[22m | gun42_original_front.png[39m[0m
[  74% ] [90m[1m_update_scan_actions[22m | gun42_original_rear.png[39m[0m
[  74% ] [90m[1m_update_scan_actions[22m | gun42_original_side.png[39m[0m
[  74% ] [90m[1m_update_scan_actions[22m | gun42_refined_front.png[39m[0m
[  74% ] [90m[1m_update_scan_actions[22m | gun42_refined_rear.png[39m[0m
[  74% ] [90m[1m_update_scan_actions[22m | gun42_refined_side.png[39m[0m
[  74% ] [90m[1m_update_scan_actions[22m | gun43_original_front.png[39m[0m
[  74% ] [90m[1m_update_scan_actions[22m | gun43_original_rear.png[39m[0m
[  74% ] [90m[1m_update_scan_actions[22m | gun43_original_side.png[39m[0m
[  74% ] [90m[1m_update_scan_actions[22m | gun43_refined_front.png[39m[0m
[  74% ] [90m[1m_update_scan_actions[22m | gun43_refined_rear.png[39m[0m
[  74% ] [90m[1m_update_scan_actions[22m | gun43_refined_side.png[39m[0m
[  74% ] [90m[1m_update_scan_actions[22m | gun44_original_front.png[39m[0m
[  74% ] [90m[1m_update_scan_actions[22m | gun44_original_rear.png[39m[0m
[  74% ] [90m[1m_update_scan_actions[22m | gun44_original_side.png[39m[0m
[  74% ] [90m[1m_update_scan_actions[22m | gun44_refined_front.png[39m[0m
[  74% ] [90m[1m_update_scan_actions[22m | gun44_refined_rear.png[39m[0m
[  74% ] [90m[1m_update_scan_actions[22m | gun44_refined_side.png[39m[0m
[  74% ] [90m[1m_update_scan_actions[22m | gun45_original_front.png[39m[0m
[  74% ] [90m[1m_update_scan_actions[22m | gun45_original_rear.png[39m[0m
[  74% ] [90m[1m_update_scan_actions[22m | gun45_original_side.png[39m[0m
[  74% ] [90m[1m_update_scan_actions[22m | gun45_refined_front.png[39m[0m
[  74% ] [90m[1m_update_scan_actions[22m | gun45_refined_rear.png[39m[0m
[  74% ] [90m[1m_update_scan_actions[22m | gun45_refined_side.png[39m[0m
[  74% ] [90m[1m_update_scan_actions[22m | gun46_original_front.png[39m[0m
[  74% ] [90m[1m_update_scan_actions[22m | gun46_original_rear.png[39m[0m
[  74% ] [90m[1m_update_scan_actions[22m | gun46_original_side.png[39m[0m
[  74% ] [90m[1m_update_scan_actions[22m | gun46_refined_front.png[39m[0m
[  74% ] [90m[1m_update_scan_actions[22m | gun46_refined_rear.png[39m[0m
[  74% ] [90m[1m_update_scan_actions[22m | gun46_refined_side.png[39m[0m
[  75% ] [90m[1m_update_scan_actions[22m | motion_09_gun00_front.png[39m[0m
[  75% ] [90m[1m_update_scan_actions[22m | motion_09_gun00_rear.png[39m[0m
[  75% ] [90m[1m_update_scan_actions[22m | motion_09_gun00_side.png[39m[0m
[  75% ] [90m[1m_update_scan_actions[22m | motion_14_gun11_front.png[39m[0m
[  75% ] [90m[1m_update_scan_actions[22m | motion_14_gun11_rear.png[39m[0m
[  75% ] [90m[1m_update_scan_actions[22m | motion_14_gun11_side.png[39m[0m
[  75% ] [90m[1m_update_scan_actions[22m | motion_21_gun01_front.png[39m[0m
[  75% ] [90m[1m_update_scan_actions[22m | motion_21_gun01_rear.png[39m[0m
[  75% ] [90m[1m_update_scan_actions[22m | motion_21_gun01_side.png[39m[0m
[  75% ] [90m[1m_update_scan_actions[22m | motion_28_gun26_front.png[39m[0m
[  75% ] [90m[1m_update_scan_actions[22m | motion_28_gun26_rear.png[39m[0m
[  75% ] [90m[1m_update_scan_actions[22m | motion_28_gun26_side.png[39m[0m
[  75% ] [90m[1m_update_scan_actions[22m | armors_0.png[39m[0m
[  75% ] [90m[1m_update_scan_actions[22m | armors_1.png[39m[0m
[  75% ] [90m[1m_update_scan_actions[22m | armors_2.png[39m[0m
[  75% ] [90m[1m_update_scan_actions[22m | armors_3.png[39m[0m
[  75% ] [90m[1m_update_scan_actions[22m | armors_4.png[39m[0m
[  75% ] [90m[1m_update_scan_actions[22m | armors_5.png[39m[0m
[  75% ] [90m[1m_update_scan_actions[22m | armors_6.png[39m[0m
[  75% ] [90m[1m_update_scan_actions[22m | armor_sides_0.png[39m[0m
[  75% ] [90m[1m_update_scan_actions[22m | armor_sides_1.png[39m[0m
[  75% ] [90m[1m_update_scan_actions[22m | armor_sides_2.png[39m[0m
[  75% ] [90m[1m_update_scan_actions[22m | armor_sides_3.png[39m[0m
[  75% ] [90m[1m_update_scan_actions[22m | armor_sides_4.png[39m[0m
[  75% ] [90m[1m_update_scan_actions[22m | armor_sides_5.png[39m[0m
[  75% ] [90m[1m_update_scan_actions[22m | armor_sides_6.png[39m[0m
[  75% ] [90m[1m_update_scan_actions[22m | gallery_0.png[39m[0m
[  75% ] [90m[1m_update_scan_actions[22m | gallery_1.png[39m[0m
[  75% ] [90m[1m_update_scan_actions[22m | gallery_2.png[39m[0m
[  75% ] [90m[1m_update_scan_actions[22m | models_0.png[39m[0m
[  75% ] [90m[1m_update_scan_actions[22m | models_1.png[39m[0m
[  75% ] [90m[1m_update_scan_actions[22m | models_2.png[39m[0m
[  75% ] [90m[1m_update_scan_actions[22m | models_3.png[39m[0m
[  75% ] [90m[1m_update_scan_actions[22m | models_4.png[39m[0m
[  75% ] [90m[1m_update_scan_actions[22m | models_5.png[39m[0m
[  75% ] [90m[1m_update_scan_actions[22m | models_6.png[39m[0m
[  75% ] [90m[1m_update_scan_actions[22m | models_7.png[39m[0m
[  75% ] [90m[1m_update_scan_actions[22m | models_8.png[39m[0m
[  75% ] [90m[1m_update_scan_actions[22m | models_9.png[39m[0m
[  75% ] [90m[1m_update_scan_actions[22m | models_10.png[39m[0m
[  75% ] [90m[1m_update_scan_actions[22m | models_11.png[39m[0m
[  75% ] [90m[1m_update_scan_actions[22m | models_12.png[39m[0m
[  75% ] [90m[1m_update_scan_actions[22m | models_13.png[39m[0m
[  75% ] [90m[1m_update_scan_actions[22m | models_14.png[39m[0m
[  75% ] [90m[1m_update_scan_actions[22m | models_15.png[39m[0m
[  76% ] [90m[1m_update_scan_actions[22m | models_16.png[39m[0m
[  76% ] [90m[1m_update_scan_actions[22m | models_17.png[39m[0m
[  76% ] [90m[1m_update_scan_actions[22m | models_18.png[39m[0m
[  76% ] [90m[1m_update_scan_actions[22m | textures_0.png[39m[0m
[  76% ] [90m[1m_update_scan_actions[22m | textures_1.png[39m[0m
[  76% ] [90m[1m_update_scan_actions[22m | textures_2.png[39m[0m
[  76% ] [90m[1m_update_scan_actions[22m | textures_3.png[39m[0m
[  76% ] [90m[1m_update_scan_actions[22m | textures_4.png[39m[0m
[  76% ] [90m[1m_update_scan_actions[22m | textures_5.png[39m[0m
[  76% ] [90m[1m_update_scan_actions[22m | textures_6.png[39m[0m
[  76% ] [90m[1m_update_scan_actions[22m | textures_7.png[39m[0m
[  76% ] [90m[1m_update_scan_actions[22m | textures_8.png[39m[0m
[  76% ] [90m[1m_update_scan_actions[22m | weapons_0.png[39m[0m
[  76% ] [90m[1m_update_scan_actions[22m | weapons_1.png[39m[0m
[  76% ] [90m[1m_update_scan_actions[22m | weapons_2.png[39m[0m
[  76% ] [90m[1m_update_scan_actions[22m | weapons_3.png[39m[0m
[  76% ] [90m[1m_update_scan_actions[22m | weapons_4.png[39m[0m
[  76% ] [90m[1m_update_scan_actions[22m | weapons_5.png[39m[0m
[  76% ] [90m[1m_update_scan_actions[22m | weapons_6.png[39m[0m
[  76% ] [90m[1m_update_scan_actions[22m | weapons_7.png[39m[0m
[  76% ] [90m[1m_update_scan_actions[22m | weapons_8.png[39m[0m
[  76% ] [90m[1m_update_scan_actions[22m | weapons_9.png[39m[0m
[  76% ] [90m[1m_update_scan_actions[22m | weapons_10.png[39m[0m
[  76% ] [90m[1m_update_scan_actions[22m | weapons_11.png[39m[0m
[  76% ] [90m[1m_update_scan_actions[22m | fortune_head.png[39m[0m
[  76% ] [90m[1m_update_scan_actions[22m | gun17_rejected_lower_resolution.png[39m[0m
[  76% ] [90m[1m_update_scan_actions[22m | 128.png[39m[0m
[  76% ] [90m[1m_update_scan_actions[22m | PAD-ico_32.png[39m[0m
[  76% ] [90m[1m_update_scan_actions[22m | PAD-ico_48.png[39m[0m
[  76% ] [90m[1m_update_scan_actions[22m | PAD-ico_56.png[39m[0m
[  76% ] [90m[1m_update_scan_actions[22m | PAD-ico_64.png[39m[0m
[  76% ] [90m[1m_update_scan_actions[22m | PAD-ico_128.png[39m[0m
[  76% ] [90m[1m_update_scan_actions[22m | icon_16.png[39m[0m
[  76% ] [90m[1m_update_scan_actions[22m | icon_128.png[39m[0m
[  76% ] [90m[1m_update_scan_actions[22m | topbar_floating_button.png[39m[0m
[  76% ] [90m[1m_update_scan_actions[22m | topbar_floating_button_close.png[39m[0m
[  76% ] [90m[1m_update_scan_actions[22m | topbar_floating_button_hover.png[39m[0m
[  76% ] [90m[1m_update_scan_actions[22m | topbar_floating_button_maximize.png[39m[0m
[  76% ] [90m[1m_update_scan_actions[22m | topbar_floating_button_pressed.png[39m[0m
[  76% ] [90m[1m_update_scan_actions[22m | 32.png[39m[0m
[  76% ] [90m[1m_update_scan_actions[22m | 48.png[39m[0m
[  76% ] [90m[1m_update_scan_actions[22m | 64.png[39m[0m
[  76% ] [90m[1m_update_scan_actions[22m | 96.png[39m[0m
[  76% ] [90m[1m_update_scan_actions[22m | 128.png[39m[0m
[  76% ] [90m[1m_update_scan_actions[22m | 192.png[39m[0m
[  76% ] [90m[1m_update_scan_actions[22m | 256.png[39m[0m
[  77% ] [90m[1m_update_scan_actions[22m | 32.png[39m[0m
[  77% ] [90m[1m_update_scan_actions[22m | 48.png[39m[0m
[  77% ] [90m[1m_update_scan_actions[22m | 64.png[39m[0m
[  77% ] [90m[1m_update_scan_actions[22m | 96.png[39m[0m
[  77% ] [90m[1m_update_scan_actions[22m | 128.png[39m[0m
[  77% ] [90m[1m_update_scan_actions[22m | 192.png[39m[0m
[  77% ] [90m[1m_update_scan_actions[22m | 256.png[39m[0m
[  77% ] [90m[1m_update_scan_actions[22m | 32.png[39m[0m
[  77% ] [90m[1m_update_scan_actions[22m | 48.png[39m[0m
[  77% ] [90m[1m_update_scan_actions[22m | 64.png[39m[0m
[  77% ] [90m[1m_update_scan_actions[22m | 96.png[39m[0m
[  77% ] [90m[1m_update_scan_actions[22m | 128.png[39m[0m
[  77% ] [90m[1m_update_scan_actions[22m | 192.png[39m[0m
[  77% ] [90m[1m_update_scan_actions[22m | 256.png[39m[0m
[  77% ] [90m[1m_update_scan_actions[22m | 32.png[39m[0m
[  77% ] [90m[1m_update_scan_actions[22m | 48.png[39m[0m
[  77% ] [90m[1m_update_scan_actions[22m | 64.png[39m[0m
[  77% ] [90m[1m_update_scan_actions[22m | 96.png[39m[0m
[  77% ] [90m[1m_update_scan_actions[22m | 128.png[39m[0m
[  77% ] [90m[1m_update_scan_actions[22m | 192.png[39m[0m
[  77% ] [90m[1m_update_scan_actions[22m | 256.png[39m[0m
[  77% ] [90m[1m_update_scan_actions[22m | 32.png[39m[0m
[  77% ] [90m[1m_update_scan_actions[22m | 48.png[39m[0m
[  77% ] [90m[1m_update_scan_actions[22m | 64.png[39m[0m
[  77% ] [90m[1m_update_scan_actions[22m | 96.png[39m[0m
[  77% ] [90m[1m_update_scan_actions[22m | 128.png[39m[0m
[  77% ] [90m[1m_update_scan_actions[22m | 192.png[39m[0m
[  77% ] [90m[1m_update_scan_actions[22m | 256.png[39m[0m
[  77% ] [90m[1m_update_scan_actions[22m | 32.png[39m[0m
[  77% ] [90m[1m_update_scan_actions[22m | 48.png[39m[0m
[  77% ] [90m[1m_update_scan_actions[22m | 64.png[39m[0m
[  77% ] [90m[1m_update_scan_actions[22m | 96.png[39m[0m
[  77% ] [90m[1m_update_scan_actions[22m | 128.png[39m[0m
[  77% ] [90m[1m_update_scan_actions[22m | 192.png[39m[0m
[  77% ] [90m[1m_update_scan_actions[22m | 256.png[39m[0m
[  77% ] [90m[1m_update_scan_actions[22m | 32.png[39m[0m
[  77% ] [90m[1m_update_scan_actions[22m | 48.png[39m[0m
[  77% ] [90m[1m_update_scan_actions[22m | 64.png[39m[0m
[  77% ] [90m[1m_update_scan_actions[22m | 96.png[39m[0m
[  77% ] [90m[1m_update_scan_actions[22m | 128.png[39m[0m
[  77% ] [90m[1m_update_scan_actions[22m | 192.png[39m[0m
[  77% ] [90m[1m_update_scan_actions[22m | 256.png[39m[0m
[  77% ] [90m[1m_update_scan_actions[22m | 32.png[39m[0m
[  77% ] [90m[1m_update_scan_actions[22m | 48.png[39m[0m
[  77% ] [90m[1m_update_scan_actions[22m | 64.png[39m[0m
[  78% ] [90m[1m_update_scan_actions[22m | 96.png[39m[0m
[  78% ] [90m[1m_update_scan_actions[22m | 128.png[39m[0m
[  78% ] [90m[1m_update_scan_actions[22m | 192.png[39m[0m
[  78% ] [90m[1m_update_scan_actions[22m | 256.png[39m[0m
[  78% ] [90m[1m_update_scan_actions[22m | 32.png[39m[0m
[  78% ] [90m[1m_update_scan_actions[22m | 48.png[39m[0m
[  78% ] [90m[1m_update_scan_actions[22m | 64.png[39m[0m
[  78% ] [90m[1m_update_scan_actions[22m | 96.png[39m[0m
[  78% ] [90m[1m_update_scan_actions[22m | 128.png[39m[0m
[  78% ] [90m[1m_update_scan_actions[22m | 192.png[39m[0m
[  78% ] [90m[1m_update_scan_actions[22m | 256.png[39m[0m
[  78% ] [90m[1m_update_scan_actions[22m | 32.png[39m[0m
[  78% ] [90m[1m_update_scan_actions[22m | 48.png[39m[0m
[  78% ] [90m[1m_update_scan_actions[22m | 64.png[39m[0m
[  78% ] [90m[1m_update_scan_actions[22m | 96.png[39m[0m
[  78% ] [90m[1m_update_scan_actions[22m | 128.png[39m[0m
[  78% ] [90m[1m_update_scan_actions[22m | 192.png[39m[0m
[  78% ] [90m[1m_update_scan_actions[22m | 256.png[39m[0m
[  78% ] [90m[1m_update_scan_actions[22m | 32.png[39m[0m
[  78% ] [90m[1m_update_scan_actions[22m | 48.png[39m[0m
[  78% ] [90m[1m_update_scan_actions[22m | 64.png[39m[0m
[  78% ] [90m[1m_update_scan_actions[22m | 96.png[39m[0m
[  78% ] [90m[1m_update_scan_actions[22m | 128.png[39m[0m
[  78% ] [90m[1m_update_scan_actions[22m | 192.png[39m[0m
[  78% ] [90m[1m_update_scan_actions[22m | 256.png[39m[0m
[  78% ] [90m[1m_update_scan_actions[22m | 32.png[39m[0m
[  78% ] [90m[1m_update_scan_actions[22m | 48.png[39m[0m
[  78% ] [90m[1m_update_scan_actions[22m | 64.png[39m[0m
[  78% ] [90m[1m_update_scan_actions[22m | 96.png[39m[0m
[  78% ] [90m[1m_update_scan_actions[22m | 128.png[39m[0m
[  78% ] [90m[1m_update_scan_actions[22m | 192.png[39m[0m
[  78% ] [90m[1m_update_scan_actions[22m | 256.png[39m[0m
[  78% ] [90m[1m_update_scan_actions[22m | 32.png[39m[0m
[  78% ] [90m[1m_update_scan_actions[22m | 48.png[39m[0m
[  78% ] [90m[1m_update_scan_actions[22m | 64.png[39m[0m
[  78% ] [90m[1m_update_scan_actions[22m | 96.png[39m[0m
[  78% ] [90m[1m_update_scan_actions[22m | 128.png[39m[0m
[  78% ] [90m[1m_update_scan_actions[22m | 192.png[39m[0m
[  78% ] [90m[1m_update_scan_actions[22m | 256.png[39m[0m
[  78% ] [90m[1m_update_scan_actions[22m | 32.png[39m[0m
[  78% ] [90m[1m_update_scan_actions[22m | 48.png[39m[0m
[  78% ] [90m[1m_update_scan_actions[22m | 64.png[39m[0m
[  78% ] [90m[1m_update_scan_actions[22m | 96.png[39m[0m
[  78% ] [90m[1m_update_scan_actions[22m | 128.png[39m[0m
[  78% ] [90m[1m_update_scan_actions[22m | 192.png[39m[0m
[  79% ] [90m[1m_update_scan_actions[22m | 256.png[39m[0m
[  79% ] [90m[1m_update_scan_actions[22m | desktop_insufficient.png[39m[0m
[  79% ] [90m[1m_update_scan_actions[22m | desktop_suit_quote.png[39m[0m
[  79% ] [90m[1m_update_scan_actions[22m | desktop_weapon_lv2.png[39m[0m
[  79% ] [90m[1m_update_scan_actions[22m | desktop_weapon_quote.png[39m[0m
[  79% ] [90m[1m_update_scan_actions[22m | mobile_max.png[39m[0m
[  79% ] [90m[1m_update_scan_actions[22m | mobile_suit_lv6.png[39m[0m
[  79% ] [90m[1m_update_scan_actions[22m | mobile_suit_quote.png[39m[0m
[  79% ] [90m[1m_update_scan_actions[22m | mobile_weapon.png[39m[0m
[  79% ] [90m[1m_update_scan_actions[22m | review_desktop.png[39m[0m
[  79% ] [90m[1m_update_scan_actions[22m | 7e29a9d3f24b.png[39m[0m
[  79% ] [90m[1m_update_scan_actions[22m | 24d26eb90e3d.png[39m[0m
[  79% ] [90m[1m_update_scan_actions[22m | b38368733664.png[39m[0m
[  79% ] [90m[1m_update_scan_actions[22m | c0beb4cb8ee2.png[39m[0m
[  79% ] [90m[1m_update_scan_actions[22m | e8fbfe34f4aa.png[39m[0m
[  79% ] [90m[1m_update_scan_actions[22m | browser_preview.png[39m[0m
[  79% ] [90m[1m_update_scan_actions[22m | current_close_front.png[39m[0m
[  79% ] [90m[1m_update_scan_actions[22m | current_close_rear.png[39m[0m
[  79% ] [90m[1m_update_scan_actions[22m | current_close_side.png[39m[0m
[  79% ] [90m[1m_update_scan_actions[22m | current_full_front.png[39m[0m
[  79% ] [90m[1m_update_scan_actions[22m | current_full_rear.png[39m[0m
[  79% ] [90m[1m_update_scan_actions[22m | current_full_side.png[39m[0m
[  79% ] [90m[1m_update_scan_actions[22m | game_1.png[39m[0m
[  79% ] [90m[1m_update_scan_actions[22m | game_3.png[39m[0m
[  79% ] [90m[1m_update_scan_actions[22m | original_close_front.png[39m[0m
[  79% ] [90m[1m_update_scan_actions[22m | original_close_rear.png[39m[0m
[  79% ] [90m[1m_update_scan_actions[22m | original_close_side.png[39m[0m
[  79% ] [90m[1m_update_scan_actions[22m | original_full_front.png[39m[0m
[  79% ] [90m[1m_update_scan_actions[22m | original_full_rear.png[39m[0m
[  79% ] [90m[1m_update_scan_actions[22m | original_full_side.png[39m[0m
[  79% ] [90m[1m_update_scan_actions[22m | previous_close_front.png[39m[0m
[  79% ] [90m[1m_update_scan_actions[22m | previous_close_rear.png[39m[0m
[  79% ] [90m[1m_update_scan_actions[22m | previous_close_side.png[39m[0m
[  79% ] [90m[1m_update_scan_actions[22m | previous_full_front.png[39m[0m
[  79% ] [90m[1m_update_scan_actions[22m | previous_full_rear.png[39m[0m
[  79% ] [90m[1m_update_scan_actions[22m | previous_full_side.png[39m[0m
[  79% ] [90m[1m_update_scan_actions[22m | reload_20_front.png[39m[0m
[  79% ] [90m[1m_update_scan_actions[22m | reload_20_rear.png[39m[0m
[  79% ] [90m[1m_update_scan_actions[22m | reload_20_side.png[39m[0m
[  79% ] [90m[1m_update_scan_actions[22m | reload_52_front.png[39m[0m
[  79% ] [90m[1m_update_scan_actions[22m | reload_52_rear.png[39m[0m
[  79% ] [90m[1m_update_scan_actions[22m | reload_52_side.png[39m[0m
[  79% ] [90m[1m_update_scan_actions[22m | reload_85_front.png[39m[0m
[  79% ] [90m[1m_update_scan_actions[22m | reload_85_rear.png[39m[0m
[  79% ] [90m[1m_update_scan_actions[22m | reload_85_side.png[39m[0m
[  79% ] [90m[1m_update_scan_actions[22m | viper_close_front.png[39m[0m
[  80% ] [90m[1m_update_scan_actions[22m | viper_close_rear.png[39m[0m
[  80% ] [90m[1m_update_scan_actions[22m | viper_close_side.png[39m[0m
[  80% ] [90m[1m_update_scan_actions[22m | viper_full_front.png[39m[0m
[  80% ] [90m[1m_update_scan_actions[22m | viper_full_rear.png[39m[0m
[  80% ] [90m[1m_update_scan_actions[22m | viper_full_side.png[39m[0m
[  80% ] [90m[1m_update_scan_actions[22m | after.png[39m[0m
[  80% ] [90m[1m_update_scan_actions[22m | Bag09_Float_LA_01.png[39m[0m
[  80% ] [90m[1m_update_scan_actions[22m | before.png[39m[0m
[  80% ] [90m[1m_update_scan_actions[22m | guiji-0657.png[39m[0m
[  80% ] [90m[1m_update_scan_actions[22m | gun45.obj[39m[0m
[  80% ] [90m[1m_update_scan_actions[22m | HotWing_D.png[39m[0m
[  80% ] [90m[1m_update_scan_actions[22m | lg_002.png[39m[0m
[  80% ] [90m[1m_update_scan_actions[22m | desktop_gun00_capped.png[39m[0m
[  80% ] [90m[1m_update_scan_actions[22m | desktop_gun00_capped_reticle.png[39m[0m
[  80% ] [90m[1m_update_scan_actions[22m | desktop_gun00_half.png[39m[0m
[  80% ] [90m[1m_update_scan_actions[22m | desktop_gun00_half_reticle.png[39m[0m
[  80% ] [90m[1m_update_scan_actions[22m | desktop_gun00_precise.png[39m[0m
[  80% ] [90m[1m_update_scan_actions[22m | desktop_gun00_precise_reticle.png[39m[0m
[  80% ] [90m[1m_update_scan_actions[22m | desktop_gun00_recovered.png[39m[0m
[  80% ] [90m[1m_update_scan_actions[22m | desktop_gun00_recovered_reticle.png[39m[0m
[  80% ] [90m[1m_update_scan_actions[22m | desktop_gun00_recovering.png[39m[0m
[  80% ] [90m[1m_update_scan_actions[22m | desktop_gun00_recovering_reticle.png[39m[0m
[  80% ] [90m[1m_update_scan_actions[22m | desktop_gun06_capped.png[39m[0m
[  80% ] [90m[1m_update_scan_actions[22m | desktop_gun06_capped_reticle.png[39m[0m
[  80% ] [90m[1m_update_scan_actions[22m | desktop_gun06_half.png[39m[0m
[  80% ] [90m[1m_update_scan_actions[22m | desktop_gun06_half_reticle.png[39m[0m
[  80% ] [90m[1m_update_scan_actions[22m | desktop_gun06_precise.png[39m[0m
[  80% ] [90m[1m_update_scan_actions[22m | desktop_gun06_precise_reticle.png[39m[0m
[  80% ] [90m[1m_update_scan_actions[22m | desktop_gun06_recovered.png[39m[0m
[  80% ] [90m[1m_update_scan_actions[22m | desktop_gun06_recovered_reticle.png[39m[0m
[  80% ] [90m[1m_update_scan_actions[22m | desktop_gun06_recovering.png[39m[0m
[  80% ] [90m[1m_update_scan_actions[22m | desktop_gun06_recovering_reticle.png[39m[0m
[  80% ] [90m[1m_update_scan_actions[22m | desktop_gun17_capped.png[39m[0m
[  80% ] [90m[1m_update_scan_actions[22m | desktop_gun17_capped_reticle.png[39m[0m
[  80% ] [90m[1m_update_scan_actions[22m | desktop_gun17_focus.png[39m[0m
[  80% ] [90m[1m_update_scan_actions[22m | desktop_gun17_focus_reticle.png[39m[0m
[  80% ] [90m[1m_update_scan_actions[22m | desktop_gun17_half.png[39m[0m
[  80% ] [90m[1m_update_scan_actions[22m | desktop_gun17_half_reticle.png[39m[0m
[  80% ] [90m[1m_update_scan_actions[22m | desktop_gun17_precise.png[39m[0m
[  80% ] [90m[1m_update_scan_actions[22m | desktop_gun17_precise_reticle.png[39m[0m
[  80% ] [90m[1m_update_scan_actions[22m | desktop_gun17_recovered.png[39m[0m
[  80% ] [90m[1m_update_scan_actions[22m | desktop_gun17_recovered_reticle.png[39m[0m
[  80% ] [90m[1m_update_scan_actions[22m | desktop_gun17_recovering.png[39m[0m
[  80% ] [90m[1m_update_scan_actions[22m | desktop_gun17_recovering_reticle.png[39m[0m
[  80% ] [90m[1m_update_scan_actions[22m | desktop_gun40_capped.png[39m[0m
[  81% ] [90m[1m_update_scan_actions[22m | desktop_gun40_capped_reticle.png[39m[0m
[  81% ] [90m[1m_update_scan_actions[22m | desktop_gun40_half.png[39m[0m
[  81% ] [90m[1m_update_scan_actions[22m | desktop_gun40_half_reticle.png[39m[0m
[  81% ] [90m[1m_update_scan_actions[22m | desktop_gun40_precise.png[39m[0m
[  81% ] [90m[1m_update_scan_actions[22m | desktop_gun40_precise_reticle.png[39m[0m
[  81% ] [90m[1m_update_scan_actions[22m | desktop_gun40_recovered.png[39m[0m
[  81% ] [90m[1m_update_scan_actions[22m | desktop_gun40_recovered_reticle.png[39m[0m
[  81% ] [90m[1m_update_scan_actions[22m | desktop_gun40_recovering.png[39m[0m
[  81% ] [90m[1m_update_scan_actions[22m | desktop_gun40_recovering_reticle.png[39m[0m
[  81% ] [90m[1m_update_scan_actions[22m | 128.png[39m[0m
[  81% ] [90m[1m_update_scan_actions[22m | PAD-ico_32.png[39m[0m
[  81% ] [90m[1m_update_scan_actions[22m | PAD-ico_48.png[39m[0m
[  81% ] [90m[1m_update_scan_actions[22m | PAD-ico_56.png[39m[0m
[  81% ] [90m[1m_update_scan_actions[22m | PAD-ico_64.png[39m[0m
[  81% ] [90m[1m_update_scan_actions[22m | PAD-ico_128.png[39m[0m
[  81% ] [90m[1m_update_scan_actions[22m | browser_desktop.png[39m[0m
[  81% ] [90m[1m_update_scan_actions[22m | browser_mobile.png[39m[0m
[  81% ] [90m[1m_update_scan_actions[22m | browser_turnaround.png[39m[0m
[  81% ] [90m[1m_update_scan_actions[22m | 128.png[39m[0m
[  81% ] [90m[1m_update_scan_actions[22m | PAD-ico_32.png[39m[0m
[  81% ] [90m[1m_update_scan_actions[22m | PAD-ico_48.png[39m[0m
[  81% ] [90m[1m_update_scan_actions[22m | PAD-ico_56.png[39m[0m
[  81% ] [90m[1m_update_scan_actions[22m | PAD-ico_64.png[39m[0m
[  81% ] [90m[1m_update_scan_actions[22m | PAD-ico_128.png[39m[0m
[  81% ] [90m[1m_update_scan_actions[22m | browser_desktop.png[39m[0m
[  81% ] [90m[1m_update_scan_actions[22m | browser_mobile.png[39m[0m
[  81% ] [90m[1m_update_scan_actions[22m | browser_turnaround.png[39m[0m
[  81% ] [90m[1m_update_scan_actions[22m | c02_concept_rejected.png[39m[0m
[  81% ] [90m[1m_update_scan_actions[22m | c03_concept_rejected.png[39m[0m
[  81% ] [90m[1m_update_scan_actions[22m | c04_concept_rejected.png[39m[0m
[  81% ] [90m[1m_update_scan_actions[22m | c05_concept_rejected.png[39m[0m
[  81% ] [90m[1m_update_scan_actions[22m | halo_mark_vii_reference.png[39m[0m
[  81% ] [90m[1m_update_scan_actions[22m | pvp_dropdown.png[39m[0m
[  81% ] [90m[1m_update_scan_actions[22m | pvp_options.png[39m[0m
[  81% ] [90m[1m_update_scan_actions[22m | pvp_pause.png[39m[0m
[  81% ] [90m[1m_update_scan_actions[22m | solo_dropdown.png[39m[0m
[  81% ] [90m[1m_update_scan_actions[22m | solo_options.png[39m[0m
[  81% ] [90m[1m_update_scan_actions[22m | solo_pause.png[39m[0m
[  81% ] [90m[1m_update_scan_actions[22m | pvp_dropdown.png[39m[0m
[  81% ] [90m[1m_update_scan_actions[22m | pvp_options.png[39m[0m
[  81% ] [90m[1m_update_scan_actions[22m | pvp_pause.png[39m[0m
[  81% ] [90m[1m_update_scan_actions[22m | solo_dropdown.png[39m[0m
[  81% ] [90m[1m_update_scan_actions[22m | solo_options.png[39m[0m
[  81% ] [90m[1m_update_scan_actions[22m | solo_pause.png[39m[0m
[  81% ] [90m[1m_update_scan_actions[22m | pvp_audio.png[39m[0m
[  81% ] [90m[1m_update_scan_actions[22m | pvp_controls.png[39m[0m
[  82% ] [90m[1m_update_scan_actions[22m | pvp_dropdown.png[39m[0m
[  82% ] [90m[1m_update_scan_actions[22m | pvp_language.png[39m[0m
[  82% ] [90m[1m_update_scan_actions[22m | pvp_options.png[39m[0m
[  82% ] [90m[1m_update_scan_actions[22m | pvp_pause.png[39m[0m
[  82% ] [90m[1m_update_scan_actions[22m | solo_audio.png[39m[0m
[  82% ] [90m[1m_update_scan_actions[22m | solo_controls.png[39m[0m
[  82% ] [90m[1m_update_scan_actions[22m | solo_dropdown.png[39m[0m
[  82% ] [90m[1m_update_scan_actions[22m | solo_language.png[39m[0m
[  82% ] [90m[1m_update_scan_actions[22m | solo_options.png[39m[0m
[  82% ] [90m[1m_update_scan_actions[22m | solo_pause.png[39m[0m
[  82% ] [90m[1m_update_scan_actions[22m | pvp_audio.png[39m[0m
[  82% ] [90m[1m_update_scan_actions[22m | pvp_controls.png[39m[0m
[  82% ] [90m[1m_update_scan_actions[22m | pvp_dropdown.png[39m[0m
[  82% ] [90m[1m_update_scan_actions[22m | pvp_language.png[39m[0m
[  82% ] [90m[1m_update_scan_actions[22m | pvp_options.png[39m[0m
[  82% ] [90m[1m_update_scan_actions[22m | pvp_pause.png[39m[0m
[  82% ] [90m[1m_update_scan_actions[22m | solo_audio.png[39m[0m
[  82% ] [90m[1m_update_scan_actions[22m | solo_controls.png[39m[0m
[  82% ] [90m[1m_update_scan_actions[22m | solo_dropdown.png[39m[0m
[  82% ] [90m[1m_update_scan_actions[22m | solo_language.png[39m[0m
[  82% ] [90m[1m_update_scan_actions[22m | solo_options.png[39m[0m
[  82% ] [90m[1m_update_scan_actions[22m | solo_pause.png[39m[0m
[  82% ] [90m[1m_update_scan_actions[22m | pvp_audio.png[39m[0m
[  82% ] [90m[1m_update_scan_actions[22m | pvp_controls.png[39m[0m
[  82% ] [90m[1m_update_scan_actions[22m | pvp_dropdown.png[39m[0m
[  82% ] [90m[1m_update_scan_actions[22m | pvp_language.png[39m[0m
[  82% ] [90m[1m_update_scan_actions[22m | pvp_options.png[39m[0m
[  82% ] [90m[1m_update_scan_actions[22m | pvp_pause.png[39m[0m
[  82% ] [90m[1m_update_scan_actions[22m | solo_audio.png[39m[0m
[  82% ] [90m[1m_update_scan_actions[22m | solo_controls.png[39m[0m
[  82% ] [90m[1m_update_scan_actions[22m | solo_dropdown.png[39m[0m
[  82% ] [90m[1m_update_scan_actions[22m | solo_language.png[39m[0m
[  82% ] [90m[1m_update_scan_actions[22m | solo_options.png[39m[0m
[  82% ] [90m[1m_update_scan_actions[22m | solo_pause.png[39m[0m
[  82% ] [90m[1m_update_scan_actions[22m | pvp_audio.png[39m[0m
[  82% ] [90m[1m_update_scan_actions[22m | pvp_controls.png[39m[0m
[  82% ] [90m[1m_update_scan_actions[22m | pvp_dropdown.png[39m[0m
[  82% ] [90m[1m_update_scan_actions[22m | pvp_language.png[39m[0m
[  82% ] [90m[1m_update_scan_actions[22m | pvp_options.png[39m[0m
[  82% ] [90m[1m_update_scan_actions[22m | pvp_pause.png[39m[0m
[  82% ] [90m[1m_update_scan_actions[22m | solo_audio.png[39m[0m
[  82% ] [90m[1m_update_scan_actions[22m | solo_controls.png[39m[0m
[  82% ] [90m[1m_update_scan_actions[22m | solo_dropdown.png[39m[0m
[  82% ] [90m[1m_update_scan_actions[22m | solo_language.png[39m[0m
[  82% ] [90m[1m_update_scan_actions[22m | solo_options.png[39m[0m
[  83% ] [90m[1m_update_scan_actions[22m | solo_pause.png[39m[0m
[  83% ] [90m[1m_update_scan_actions[22m | hud0_native.png[39m[0m
[  83% ] [90m[1m_update_scan_actions[22m | hud1_native.png[39m[0m
[  83% ] [90m[1m_update_scan_actions[22m | hud2_native.png[39m[0m
[  83% ] [90m[1m_update_scan_actions[22m | hud3_native.png[39m[0m
[  83% ] [90m[1m_update_scan_actions[22m | hud4_native.png[39m[0m
[  83% ] [90m[1m_update_scan_actions[22m | hud5_native.png[39m[0m
[  83% ] [90m[1m_update_scan_actions[22m | hud6_native.png[39m[0m
[  83% ] [90m[1m_update_scan_actions[22m | hud7_native.png[39m[0m
[  83% ] [90m[1m_update_scan_actions[22m | hud8_native.png[39m[0m
[  83% ] [90m[1m_update_scan_actions[22m | hud9_native.png[39m[0m
[  83% ] [90m[1m_update_scan_actions[22m | hud10_native.png[39m[0m
[  83% ] [90m[1m_update_scan_actions[22m | hud11_native.png[39m[0m
[  83% ] [90m[1m_update_scan_actions[22m | hud12_native.png[39m[0m
[  83% ] [90m[1m_update_scan_actions[22m | hud13_native.png[39m[0m
[  83% ] [90m[1m_update_scan_actions[22m | imported_hud0.png[39m[0m
[  83% ] [90m[1m_update_scan_actions[22m | imported_hud1.png[39m[0m
[  83% ] [90m[1m_update_scan_actions[22m | imported_hud2.png[39m[0m
[  83% ] [90m[1m_update_scan_actions[22m | imported_hud3.png[39m[0m
[  83% ] [90m[1m_update_scan_actions[22m | imported_hud4.png[39m[0m
[  83% ] [90m[1m_update_scan_actions[22m | imported_hud5.png[39m[0m
[  83% ] [90m[1m_update_scan_actions[22m | imported_hud6.png[39m[0m
[  83% ] [90m[1m_update_scan_actions[22m | imported_hud7.png[39m[0m
[  83% ] [90m[1m_update_scan_actions[22m | imported_hud8.png[39m[0m
[  83% ] [90m[1m_update_scan_actions[22m | imported_hud9.png[39m[0m
[  83% ] [90m[1m_update_scan_actions[22m | imported_hud10.png[39m[0m
[  83% ] [90m[1m_update_scan_actions[22m | imported_hud11.png[39m[0m
[  83% ] [90m[1m_update_scan_actions[22m | imported_hud12.png[39m[0m
[  83% ] [90m[1m_update_scan_actions[22m | imported_hud13.png[39m[0m
[  83% ] [90m[1m_update_scan_actions[22m | imported_HUD.png[39m[0m
[  83% ] [90m[1m_update_scan_actions[22m | original_atlas_hud0.png[39m[0m
[  83% ] [90m[1m_update_scan_actions[22m | raw_hud0.png[39m[0m
[  83% ] [90m[1m_update_scan_actions[22m | armed_idle.png[39m[0m
[  83% ] [90m[1m_update_scan_actions[22m | full_front.png[39m[0m
[  83% ] [90m[1m_update_scan_actions[22m | full_rear.png[39m[0m
[  83% ] [90m[1m_update_scan_actions[22m | full_side.png[39m[0m
[  83% ] [90m[1m_update_scan_actions[22m | full_three_quarter.png[39m[0m
[  83% ] [90m[1m_update_scan_actions[22m | helmet_front.png[39m[0m
[  83% ] [90m[1m_update_scan_actions[22m | helmet_rear.png[39m[0m
[  83% ] [90m[1m_update_scan_actions[22m | helmet_side.png[39m[0m
[  83% ] [90m[1m_update_scan_actions[22m | helmet_three_quarter.png[39m[0m
[  83% ] [90m[1m_update_scan_actions[22m | reload_20_rear.png[39m[0m
[  83% ] [90m[1m_update_scan_actions[22m | reload_20_side.png[39m[0m
[  83% ] [90m[1m_update_scan_actions[22m | reload_20_three_quarter.png[39m[0m
[  83% ] [90m[1m_update_scan_actions[22m | reload_52_rear.png[39m[0m
[  83% ] [90m[1m_update_scan_actions[22m | reload_52_side.png[39m[0m
[  84% ] [90m[1m_update_scan_actions[22m | reload_52_three_quarter.png[39m[0m
[  84% ] [90m[1m_update_scan_actions[22m | reload_85_rear.png[39m[0m
[  84% ] [90m[1m_update_scan_actions[22m | reload_85_side.png[39m[0m
[  84% ] [90m[1m_update_scan_actions[22m | reload_85_three_quarter.png[39m[0m
[  84% ] [90m[1m_update_scan_actions[22m | 09_body_078a88725c3f_2x.png[39m[0m
[  84% ] [90m[1m_update_scan_actions[22m | 09_body_783880b587e1_2x.png[39m[0m
[  84% ] [90m[1m_update_scan_actions[22m | 09_foot_4c47253ee54a_2x.png[39m[0m
[  84% ] [90m[1m_update_scan_actions[22m | 09_foot_7f94fc6ee9cf_2x.png[39m[0m
[  84% ] [90m[1m_update_scan_actions[22m | 09_hand_5cfca001cbd7_2x.png[39m[0m
[  84% ] [90m[1m_update_scan_actions[22m | 09_hand_b608dd58d5f0_2x.png[39m[0m
[  84% ] [90m[1m_update_scan_actions[22m | 09_head_1d5d05de7b53_2x.png[39m[0m
[  84% ] [90m[1m_update_scan_actions[22m | 09_head_7f3e9b9b23ec_2x.png[39m[0m
[  84% ] [90m[1m_update_scan_actions[22m | 09_jian_3d289fdf8273_2x.png[39m[0m
[  84% ] [90m[1m_update_scan_actions[22m | 09_jian_1344077133c0_2x.png[39m[0m
[  84% ] [90m[1m_update_scan_actions[22m | 10_body_3ae3c84f3d48_2x.png[39m[0m
[  84% ] [90m[1m_update_scan_actions[22m | 10_foot_5b3d23be8b3b_2x.png[39m[0m
[  84% ] [90m[1m_update_scan_actions[22m | 10_hand_81a30970e8c5_2x.png[39m[0m
[  84% ] [90m[1m_update_scan_actions[22m | 10_head_e0f50e924883_2x.png[39m[0m
[  84% ] [90m[1m_update_scan_actions[22m | 10_jian_65bd618d01a0_2x.png[39m[0m
[  84% ] [90m[1m_update_scan_actions[22m | 11_body_a85e7d5e28a8_2x.png[39m[0m
[  84% ] [90m[1m_update_scan_actions[22m | 11_foot_6852f656af02_2x.png[39m[0m
[  84% ] [90m[1m_update_scan_actions[22m | 11_hand_c31f0ebfc6d3_2x.png[39m[0m
[  84% ] [90m[1m_update_scan_actions[22m | 11_head_b52a3c95a113_2x.png[39m[0m
[  84% ] [90m[1m_update_scan_actions[22m | 11_jian_f0978280b0ba_2x.png[39m[0m
[  84% ] [90m[1m_update_scan_actions[22m | body15_42e7675d0242_2x.png[39m[0m
[  84% ] [90m[1m_update_scan_actions[22m | body_1b6b8f34e05d_2x.png[39m[0m
[  84% ] [90m[1m_update_scan_actions[22m | body_41c59e886aaa_2x.png[39m[0m
[  84% ] [90m[1m_update_scan_actions[22m | body_aa8d1a1b3465_2x.png[39m[0m
[  84% ] [90m[1m_update_scan_actions[22m | body_bd16b9436c5e_2x.png[39m[0m
[  84% ] [90m[1m_update_scan_actions[22m | body_c4fabbd7d47a_2x.png[39m[0m
[  84% ] [90m[1m_update_scan_actions[22m | body_ed36db00f85b_2x.png[39m[0m
[  84% ] [90m[1m_update_scan_actions[22m | foot15_96857982a4cc_2x.png[39m[0m
[  84% ] [90m[1m_update_scan_actions[22m | foot_2d50e768959c_2x.png[39m[0m
[  84% ] [90m[1m_update_scan_actions[22m | foot_3d4c778949e5_2x.png[39m[0m
[  84% ] [90m[1m_update_scan_actions[22m | foot_8288ab97aa55_2x.png[39m[0m
[  84% ] [90m[1m_update_scan_actions[22m | foot_31083bd2d7d1_2x.png[39m[0m
[  84% ] [90m[1m_update_scan_actions[22m | foot_ee6e6e462c68_2x.png[39m[0m
[  84% ] [90m[1m_update_scan_actions[22m | foot_efec64cd00d2_2x.png[39m[0m
[  84% ] [90m[1m_update_scan_actions[22m | hand15_6983ab4b649e_2x.png[39m[0m
[  84% ] [90m[1m_update_scan_actions[22m | hand_0fc9da36fa37_2x.png[39m[0m
[  84% ] [90m[1m_update_scan_actions[22m | hand_1a8b5c7e8dee_2x.png[39m[0m
[  84% ] [90m[1m_update_scan_actions[22m | hand_6ef14752ec18_2x.png[39m[0m
[  84% ] [90m[1m_update_scan_actions[22m | hand_c974522680fe_2x.png[39m[0m
[  84% ] [90m[1m_update_scan_actions[22m | hand_e05d06ac0d12_2x.png[39m[0m
[  84% ] [90m[1m_update_scan_actions[22m | hand_f539ff620e61_2x.png[39m[0m
[  85% ] [90m[1m_update_scan_actions[22m | head15_ffc0e1fba300_2x.png[39m[0m
[  85% ] [90m[1m_update_scan_actions[22m | head_0fec56bddc36_2x.png[39m[0m
[  85% ] [90m[1m_update_scan_actions[22m | head_9d25898f6b16_2x.png[39m[0m
[  85% ] [90m[1m_update_scan_actions[22m | head_22f92a18e5f8_2x.png[39m[0m
[  85% ] [90m[1m_update_scan_actions[22m | head_27f2a32dc8b6_2x.png[39m[0m
[  85% ] [90m[1m_update_scan_actions[22m | head_669b47fdd3fe_2x.png[39m[0m
[  85% ] [90m[1m_update_scan_actions[22m | head_bb67000287dd_2x.png[39m[0m
[  85% ] [90m[1m_update_scan_actions[22m | jian15_7300a1364c44_2x.png[39m[0m
[  85% ] [90m[1m_update_scan_actions[22m | jian_077c0f9d616a_2x.png[39m[0m
[  85% ] [90m[1m_update_scan_actions[22m | jian_496b2bbd770e_2x.png[39m[0m
[  85% ] [90m[1m_update_scan_actions[22m | jian_636c11b729f7_2x.png[39m[0m
[  85% ] [90m[1m_update_scan_actions[22m | jian_0811a86c44a4_2x.png[39m[0m
[  85% ] [90m[1m_update_scan_actions[22m | jian_6847836cc115_2x.png[39m[0m
[  85% ] [90m[1m_update_scan_actions[22m | jian_aa13458c0049_2x.png[39m[0m
[  85% ] [90m[1m_update_scan_actions[22m | man12_body_1778b2d39261_2x.png[39m[0m
[  85% ] [90m[1m_update_scan_actions[22m | man12_foot_f6f97a1a8d53_2x.png[39m[0m
[  85% ] [90m[1m_update_scan_actions[22m | man12_hand_64abc2477921_2x.png[39m[0m
[  85% ] [90m[1m_update_scan_actions[22m | man12_head_451652e6b89d_2x.png[39m[0m
[  85% ] [90m[1m_update_scan_actions[22m | man12_jian_a2e46ef2f89e_2x.png[39m[0m
[  85% ] [90m[1m_update_scan_actions[22m | man14_body_c6cc7be2b05d_2x.png[39m[0m
[  85% ] [90m[1m_update_scan_actions[22m | man14_foot_e4fbb3b61198_2x.png[39m[0m
[  85% ] [90m[1m_update_scan_actions[22m | man14_hand_99131397b1b3_2x.png[39m[0m
[  85% ] [90m[1m_update_scan_actions[22m | man14_head_0ab6d8812c14_2x.png[39m[0m
[  85% ] [90m[1m_update_scan_actions[22m | man14_jian_9e232c36c926_2x.png[39m[0m
[  85% ] [90m[1m_update_scan_actions[22m | man16_body_63307083342a_2x.png[39m[0m
[  85% ] [90m[1m_update_scan_actions[22m | man16_foot_4169dc525c32_2x.png[39m[0m
[  85% ] [90m[1m_update_scan_actions[22m | man16_hand_4a615a548275_2x.png[39m[0m
[  85% ] [90m[1m_update_scan_actions[22m | man16_head_7a337a2a18bd_2x.png[39m[0m
[  85% ] [90m[1m_update_scan_actions[22m | man16_jian_cbdccfc79697_2x.png[39m[0m
[  85% ] [90m[1m_update_scan_actions[22m | man17_body_401d03a8e6b3_2x.png[39m[0m
[  85% ] [90m[1m_update_scan_actions[22m | man17_foot_1_38483bb85489_2x.png[39m[0m
[  85% ] [90m[1m_update_scan_actions[22m | man17_hand_1_82204a05757f_2x.png[39m[0m
[  85% ] [90m[1m_update_scan_actions[22m | man17_head_1_75e18329d0d6_2x.png[39m[0m
[  85% ] [90m[1m_update_scan_actions[22m | man17_jian_1_a73780a31b9b_2x.png[39m[0m
[  85% ] [90m[1m_update_scan_actions[22m | man18_body_df7f25af8b26_2x.png[39m[0m
[  85% ] [90m[1m_update_scan_actions[22m | man18_foot_5ef8d09b07ce_2x.png[39m[0m
[  85% ] [90m[1m_update_scan_actions[22m | man18_hand_e5d6c7456eed_2x.png[39m[0m
[  85% ] [90m[1m_update_scan_actions[22m | man18_head_65ccee2693b6_2x.png[39m[0m
[  85% ] [90m[1m_update_scan_actions[22m | man18_jian_539b27ad97ee_2x.png[39m[0m
[  85% ] [90m[1m_update_scan_actions[22m | man19_body_ab70729e6633_2x.png[39m[0m
[  85% ] [90m[1m_update_scan_actions[22m | man19_foot_a94ec99687be_2x.png[39m[0m
[  85% ] [90m[1m_update_scan_actions[22m | man19_hand_c16d26dd5cc0_2x.png[39m[0m
[  85% ] [90m[1m_update_scan_actions[22m | man19_head_e614ab22f924_2x.png[39m[0m
[  85% ] [90m[1m_update_scan_actions[22m | man19_jian_323b94133c9f_2x.png[39m[0m
[  85% ] [90m[1m_update_scan_actions[22m | man21_body_01_66ab4425588d_2x.png[39m[0m
[  86% ] [90m[1m_update_scan_actions[22m | man21_body_02_c0d116bd9135_2x.png[39m[0m
[  86% ] [90m[1m_update_scan_actions[22m | man21_foot_4341048b7988_2x.png[39m[0m
[  86% ] [90m[1m_update_scan_actions[22m | man21_hand_00b7226ab905_2x.png[39m[0m
[  86% ] [90m[1m_update_scan_actions[22m | man21_head_a25624569c4f_2x.png[39m[0m
[  86% ] [90m[1m_update_scan_actions[22m | man_20_body_b03063fb74e7_2x.png[39m[0m
[  86% ] [90m[1m_update_scan_actions[22m | man_20_foot_899b6031a5df_2x.png[39m[0m
[  86% ] [90m[1m_update_scan_actions[22m | man_20_hand_1d66f803fe84_2x.png[39m[0m
[  86% ] [90m[1m_update_scan_actions[22m | man_20_head_1b24ab63ae4c_2x.png[39m[0m
[  86% ] [90m[1m_update_scan_actions[22m | man_20_jian_01a02a9cb079_2x.png[39m[0m
[  86% ] [90m[1m_update_scan_actions[22m | renze_body_16eb171eeab8_2x.png[39m[0m
[  86% ] [90m[1m_update_scan_actions[22m | renze_foot_e5aa5a82bb0c_2x.png[39m[0m
[  86% ] [90m[1m_update_scan_actions[22m | renze_hand_1a5434190067_2x.png[39m[0m
[  86% ] [90m[1m_update_scan_actions[22m | renze_head_9b2c4db93098_2x.png[39m[0m
[  86% ] [90m[1m_update_scan_actions[22m | renze_jian_5e960b431792_2x.png[39m[0m
[  86% ] [90m[1m_update_scan_actions[22m | r_jiao_962a757faf32_2x.png[39m[0m
[  86% ] [90m[1m_update_scan_actions[22m | r_shen_bb94860740e4_2x.png[39m[0m
[  86% ] [90m[1m_update_scan_actions[22m | r_shou_03cec9a53dd6_2x.png[39m[0m
[  86% ] [90m[1m_update_scan_actions[22m | r_shou_a_fef419c461f1_2x.png[39m[0m
[  86% ] [90m[1m_update_scan_actions[22m | r_tou_54434b4b8e32_2x.png[39m[0m
[  86% ] [90m[1m_update_scan_actions[22m | preview.blend[39m[0m
[  86% ] [90m[1m_update_scan_actions[22m | rebuild_front.png[39m[0m
[  86% ] [90m[1m_update_scan_actions[22m | rebuild_rear.png[39m[0m
[  86% ] [90m[1m_update_scan_actions[22m | rebuild_three.png[39m[0m
[  86% ] [90m[1m_update_scan_actions[22m | source.blend[39m[0m
[  86% ] [90m[1m_update_scan_actions[22m | source.gltf[39m[0m
[  86% ] [90m[1m_update_scan_actions[22m | source_front.png[39m[0m
[  86% ] [90m[1m_update_scan_actions[22m | source_rear.png[39m[0m
[  86% ] [90m[1m_update_scan_actions[22m | source_three.png[39m[0m
[  86% ] [90m[1m_update_scan_actions[22m | gpu_grain.png[39m[0m
[  86% ] [90m[1m_update_scan_actions[22m | gpu_is_srgb.png[39m[0m
[  86% ] [90m[1m_update_scan_actions[22m | gpu_luma.png[39m[0m
[  86% ] [90m[1m_update_scan_actions[22m | gpu_raw.png[39m[0m
[  86% ] [90m[1m_update_scan_actions[22m | visor_facing.png[39m[0m
[  86% ] [90m[1m_update_scan_actions[22m | visor_height.png[39m[0m
[  86% ] [90m[1m_update_scan_actions[22m | visor_normal.png[39m[0m
[  86% ] [90m[1m_update_scan_actions[22m | visor_xcenter.png[39m[0m
[  86% ] [90m[1m_update_scan_actions[22m | armed_idle.png[39m[0m
[  86% ] [90m[1m_update_scan_actions[22m | full_front.png[39m[0m
[  86% ] [90m[1m_update_scan_actions[22m | full_rear.png[39m[0m
[  86% ] [90m[1m_update_scan_actions[22m | full_side.png[39m[0m
[  86% ] [90m[1m_update_scan_actions[22m | full_three_quarter.png[39m[0m
[  86% ] [90m[1m_update_scan_actions[22m | game_level_1.png[39m[0m
[  86% ] [90m[1m_update_scan_actions[22m | game_level_3.png[39m[0m
[  86% ] [90m[1m_update_scan_actions[22m | helmet_front.png[39m[0m
[  86% ] [90m[1m_update_scan_actions[22m | helmet_rear.png[39m[0m
[  86% ] [90m[1m_update_scan_actions[22m | helmet_side.png[39m[0m
[  87% ] [90m[1m_update_scan_actions[22m | helmet_three_quarter.png[39m[0m
[  87% ] [90m[1m_update_scan_actions[22m | reload_20_rear.png[39m[0m
[  87% ] [90m[1m_update_scan_actions[22m | reload_20_side.png[39m[0m
[  87% ] [90m[1m_update_scan_actions[22m | reload_20_three_quarter.png[39m[0m
[  87% ] [90m[1m_update_scan_actions[22m | reload_52_rear.png[39m[0m
[  87% ] [90m[1m_update_scan_actions[22m | reload_52_side.png[39m[0m
[  87% ] [90m[1m_update_scan_actions[22m | reload_52_three_quarter.png[39m[0m
[  87% ] [90m[1m_update_scan_actions[22m | reload_85_rear.png[39m[0m
[  87% ] [90m[1m_update_scan_actions[22m | reload_85_side.png[39m[0m
[  87% ] [90m[1m_update_scan_actions[22m | reload_85_three_quarter.png[39m[0m
[  87% ] [90m[1m_update_scan_actions[22m | armed_idle.png[39m[0m
[  87% ] [90m[1m_update_scan_actions[22m | full_front.png[39m[0m
[  87% ] [90m[1m_update_scan_actions[22m | full_rear.png[39m[0m
[  87% ] [90m[1m_update_scan_actions[22m | full_side.png[39m[0m
[  87% ] [90m[1m_update_scan_actions[22m | full_three_quarter.png[39m[0m
[  87% ] [90m[1m_update_scan_actions[22m | game_level_1.png[39m[0m
[  87% ] [90m[1m_update_scan_actions[22m | game_level_3.png[39m[0m
[  87% ] [90m[1m_update_scan_actions[22m | helmet_front.png[39m[0m
[  87% ] [90m[1m_update_scan_actions[22m | helmet_rear.png[39m[0m
[  87% ] [90m[1m_update_scan_actions[22m | helmet_side.png[39m[0m
[  87% ] [90m[1m_update_scan_actions[22m | helmet_three_quarter.png[39m[0m
[  87% ] [90m[1m_update_scan_actions[22m | reload_20_rear.png[39m[0m
[  87% ] [90m[1m_update_scan_actions[22m | reload_20_side.png[39m[0m
[  87% ] [90m[1m_update_scan_actions[22m | reload_20_three_quarter.png[39m[0m
[  87% ] [90m[1m_update_scan_actions[22m | reload_52_rear.png[39m[0m
[  87% ] [90m[1m_update_scan_actions[22m | reload_52_side.png[39m[0m
[  87% ] [90m[1m_update_scan_actions[22m | reload_52_three_quarter.png[39m[0m
[  87% ] [90m[1m_update_scan_actions[22m | reload_85_rear.png[39m[0m
[  87% ] [90m[1m_update_scan_actions[22m | reload_85_side.png[39m[0m
[  87% ] [90m[1m_update_scan_actions[22m | reload_85_three_quarter.png[39m[0m
[  87% ] [90m[1m_update_scan_actions[22m | 128.png[39m[0m
[  87% ] [90m[1m_update_scan_actions[22m | PAD-ico_32.png[39m[0m
[  87% ] [90m[1m_update_scan_actions[22m | PAD-ico_48.png[39m[0m
[  87% ] [90m[1m_update_scan_actions[22m | PAD-ico_56.png[39m[0m
[  87% ] [90m[1m_update_scan_actions[22m | PAD-ico_64.png[39m[0m
[  87% ] [90m[1m_update_scan_actions[22m | PAD-ico_128.png[39m[0m
[  87% ] [90m[1m_update_scan_actions[22m | browser_desktop.png[39m[0m
[  87% ] [90m[1m_update_scan_actions[22m | browser_mobile.png[39m[0m
[  87% ] [90m[1m_update_scan_actions[22m | reference.png[39m[0m
[  87% ] [90m[1m_update_scan_actions[22m | armed_idle.png[39m[0m
[  87% ] [90m[1m_update_scan_actions[22m | detail_chest.png[39m[0m
[  87% ] [90m[1m_update_scan_actions[22m | detail_crown.png[39m[0m
[  87% ] [90m[1m_update_scan_actions[22m | detail_forearm.png[39m[0m
[  87% ] [90m[1m_update_scan_actions[22m | detail_legs.png[39m[0m
[  87% ] [90m[1m_update_scan_actions[22m | detail_respirator.png[39m[0m
[  88% ] [90m[1m_update_scan_actions[22m | detail_shoulder.png[39m[0m
[  88% ] [90m[1m_update_scan_actions[22m | detail_visor.png[39m[0m
[  88% ] [90m[1m_update_scan_actions[22m | full_front.png[39m[0m
[  88% ] [90m[1m_update_scan_actions[22m | full_low_front.png[39m[0m
[  88% ] [90m[1m_update_scan_actions[22m | full_rear.png[39m[0m
[  88% ] [90m[1m_update_scan_actions[22m | full_side.png[39m[0m
[  88% ] [90m[1m_update_scan_actions[22m | full_three_quarter.png[39m[0m
[  88% ] [90m[1m_update_scan_actions[22m | game_level_1.png[39m[0m
[  88% ] [90m[1m_update_scan_actions[22m | game_level_3.png[39m[0m
[  88% ] [90m[1m_update_scan_actions[22m | game_level_3_low_front.png[39m[0m
[  88% ] [90m[1m_update_scan_actions[22m | helmet_front.png[39m[0m
[  88% ] [90m[1m_update_scan_actions[22m | helmet_low_front.png[39m[0m
[  88% ] [90m[1m_update_scan_actions[22m | helmet_rear.png[39m[0m
[  88% ] [90m[1m_update_scan_actions[22m | helmet_side.png[39m[0m
[  88% ] [90m[1m_update_scan_actions[22m | helmet_three_quarter.png[39m[0m
[  88% ] [90m[1m_update_scan_actions[22m | reload_20_rear.png[39m[0m
[  88% ] [90m[1m_update_scan_actions[22m | reload_20_side.png[39m[0m
[  88% ] [90m[1m_update_scan_actions[22m | reload_20_three_quarter.png[39m[0m
[  88% ] [90m[1m_update_scan_actions[22m | reload_52_rear.png[39m[0m
[  88% ] [90m[1m_update_scan_actions[22m | reload_52_side.png[39m[0m
[  88% ] [90m[1m_update_scan_actions[22m | reload_52_three_quarter.png[39m[0m
[  88% ] [90m[1m_update_scan_actions[22m | reload_85_rear.png[39m[0m
[  88% ] [90m[1m_update_scan_actions[22m | reload_85_side.png[39m[0m
[  88% ] [90m[1m_update_scan_actions[22m | reload_85_three_quarter.png[39m[0m
[  88% ] [90m[1m_update_scan_actions[22m | detail_chest.png[39m[0m
[  88% ] [90m[1m_update_scan_actions[22m | detail_respirator.png[39m[0m
[  88% ] [90m[1m_update_scan_actions[22m | detail_shoulder.png[39m[0m
[  88% ] [90m[1m_update_scan_actions[22m | detail_visor.png[39m[0m
[  88% ] [90m[1m_update_scan_actions[22m | helmet_front.png[39m[0m
[  88% ] [90m[1m_update_scan_actions[22m | helmet_low_front.png[39m[0m
[  88% ] [90m[1m_update_scan_actions[22m | helmet_rear.png[39m[0m
[  88% ] [90m[1m_update_scan_actions[22m | helmet_side.png[39m[0m
[  88% ] [90m[1m_update_scan_actions[22m | helmet_three_quarter.png[39m[0m
[  88% ] [90m[1m_update_scan_actions[22m | detail_respirator.png[39m[0m
[  88% ] [90m[1m_update_scan_actions[22m | helmet_low_front.png[39m[0m
[  88% ] [90m[1m_update_scan_actions[22m | helmet_rear.png[39m[0m
[  88% ] [90m[1m_update_scan_actions[22m | helmet_side.png[39m[0m
[  88% ] [90m[1m_update_scan_actions[22m | helmet_three_quarter.png[39m[0m
[  88% ] [90m[1m_update_scan_actions[22m | armed_idle.png[39m[0m
[  88% ] [90m[1m_update_scan_actions[22m | detail_chest.png[39m[0m
[  88% ] [90m[1m_update_scan_actions[22m | detail_crown.png[39m[0m
[  88% ] [90m[1m_update_scan_actions[22m | detail_forearm.png[39m[0m
[  88% ] [90m[1m_update_scan_actions[22m | detail_legs.png[39m[0m
[  88% ] [90m[1m_update_scan_actions[22m | detail_respirator.png[39m[0m
[  88% ] [90m[1m_update_scan_actions[22m | detail_shoulder.png[39m[0m
[  88% ] [90m[1m_update_scan_actions[22m | detail_visor.png[39m[0m
[  89% ] [90m[1m_update_scan_actions[22m | full_front.png[39m[0m
[  89% ] [90m[1m_update_scan_actions[22m | full_low_front.png[39m[0m
[  89% ] [90m[1m_update_scan_actions[22m | full_rear.png[39m[0m
[  89% ] [90m[1m_update_scan_actions[22m | full_side.png[39m[0m
[  89% ] [90m[1m_update_scan_actions[22m | full_three_quarter.png[39m[0m
[  89% ] [90m[1m_update_scan_actions[22m | game_level_1.png[39m[0m
[  89% ] [90m[1m_update_scan_actions[22m | game_level_3.png[39m[0m
[  89% ] [90m[1m_update_scan_actions[22m | game_level_3_low_front.png[39m[0m
[  89% ] [90m[1m_update_scan_actions[22m | helmet_front.png[39m[0m
[  89% ] [90m[1m_update_scan_actions[22m | helmet_low_front.png[39m[0m
[  89% ] [90m[1m_update_scan_actions[22m | helmet_rear.png[39m[0m
[  89% ] [90m[1m_update_scan_actions[22m | helmet_side.png[39m[0m
[  89% ] [90m[1m_update_scan_actions[22m | helmet_three_quarter.png[39m[0m
[  89% ] [90m[1m_update_scan_actions[22m | reload_20_rear.png[39m[0m
[  89% ] [90m[1m_update_scan_actions[22m | reload_20_side.png[39m[0m
[  89% ] [90m[1m_update_scan_actions[22m | reload_20_three_quarter.png[39m[0m
[  89% ] [90m[1m_update_scan_actions[22m | reload_52_rear.png[39m[0m
[  89% ] [90m[1m_update_scan_actions[22m | reload_52_side.png[39m[0m
[  89% ] [90m[1m_update_scan_actions[22m | reload_52_three_quarter.png[39m[0m
[  89% ] [90m[1m_update_scan_actions[22m | reload_85_rear.png[39m[0m
[  89% ] [90m[1m_update_scan_actions[22m | reload_85_side.png[39m[0m
[  89% ] [90m[1m_update_scan_actions[22m | reload_85_three_quarter.png[39m[0m
[  89% ] [90m[1m_update_scan_actions[22m | full_3q.png[39m[0m
[  89% ] [90m[1m_update_scan_actions[22m | full_back_3q.png[39m[0m
[  89% ] [90m[1m_update_scan_actions[22m | head_3q.png[39m[0m
[  89% ] [90m[1m_update_scan_actions[22m | head_back_3q.png[39m[0m
[  89% ] [90m[1m_update_scan_actions[22m | browser_desktop.png[39m[0m
[  89% ] [90m[1m_update_scan_actions[22m | browser_mobile.png[39m[0m
[  89% ] [90m[1m_update_scan_actions[22m | reference.png[39m[0m
[  89% ] [90m[1m_update_scan_actions[22m | 32.png[39m[0m
[  89% ] [90m[1m_update_scan_actions[22m | 48.png[39m[0m
[  89% ] [90m[1m_update_scan_actions[22m | 64.png[39m[0m
[  89% ] [90m[1m_update_scan_actions[22m | 96.png[39m[0m
[  89% ] [90m[1m_update_scan_actions[22m | 128.png[39m[0m
[  89% ] [90m[1m_update_scan_actions[22m | 192.png[39m[0m
[  89% ] [90m[1m_update_scan_actions[22m | 256.png[39m[0m
[  89% ] [90m[1m_update_scan_actions[22m | 32.png[39m[0m
[  89% ] [90m[1m_update_scan_actions[22m | 48.png[39m[0m
[  89% ] [90m[1m_update_scan_actions[22m | 64.png[39m[0m
[  89% ] [90m[1m_update_scan_actions[22m | 96.png[39m[0m
[  89% ] [90m[1m_update_scan_actions[22m | 128.png[39m[0m
[  89% ] [90m[1m_update_scan_actions[22m | 192.png[39m[0m
[  89% ] [90m[1m_update_scan_actions[22m | 256.png[39m[0m
[  89% ] [90m[1m_update_scan_actions[22m | 32.png[39m[0m
[  89% ] [90m[1m_update_scan_actions[22m | 48.png[39m[0m
[  90% ] [90m[1m_update_scan_actions[22m | 64.png[39m[0m
[  90% ] [90m[1m_update_scan_actions[22m | 96.png[39m[0m
[  90% ] [90m[1m_update_scan_actions[22m | 128.png[39m[0m
[  90% ] [90m[1m_update_scan_actions[22m | 192.png[39m[0m
[  90% ] [90m[1m_update_scan_actions[22m | 256.png[39m[0m
[  90% ] [90m[1m_update_scan_actions[22m | 32.png[39m[0m
[  90% ] [90m[1m_update_scan_actions[22m | 48.png[39m[0m
[  90% ] [90m[1m_update_scan_actions[22m | 64.png[39m[0m
[  90% ] [90m[1m_update_scan_actions[22m | 96.png[39m[0m
[  90% ] [90m[1m_update_scan_actions[22m | 128.png[39m[0m
[  90% ] [90m[1m_update_scan_actions[22m | 192.png[39m[0m
[  90% ] [90m[1m_update_scan_actions[22m | 256.png[39m[0m
[  90% ] [90m[1m_update_scan_actions[22m | 32.png[39m[0m
[  90% ] [90m[1m_update_scan_actions[22m | 48.png[39m[0m
[  90% ] [90m[1m_update_scan_actions[22m | 64.png[39m[0m
[  90% ] [90m[1m_update_scan_actions[22m | 96.png[39m[0m
[  90% ] [90m[1m_update_scan_actions[22m | 128.png[39m[0m
[  90% ] [90m[1m_update_scan_actions[22m | 192.png[39m[0m
[  90% ] [90m[1m_update_scan_actions[22m | 256.png[39m[0m
[  90% ] [90m[1m_update_scan_actions[22m | 32.png[39m[0m
[  90% ] [90m[1m_update_scan_actions[22m | 48.png[39m[0m
[  90% ] [90m[1m_update_scan_actions[22m | 64.png[39m[0m
[  90% ] [90m[1m_update_scan_actions[22m | 96.png[39m[0m
[  90% ] [90m[1m_update_scan_actions[22m | 128.png[39m[0m
[  90% ] [90m[1m_update_scan_actions[22m | 192.png[39m[0m
[  90% ] [90m[1m_update_scan_actions[22m | 256.png[39m[0m
[  90% ] [90m[1m_update_scan_actions[22m | 32.png[39m[0m
[  90% ] [90m[1m_update_scan_actions[22m | 48.png[39m[0m
[  90% ] [90m[1m_update_scan_actions[22m | 64.png[39m[0m
[  90% ] [90m[1m_update_scan_actions[22m | 96.png[39m[0m
[  90% ] [90m[1m_update_scan_actions[22m | 128.png[39m[0m
[  90% ] [90m[1m_update_scan_actions[22m | 192.png[39m[0m
[  90% ] [90m[1m_update_scan_actions[22m | 256.png[39m[0m
[  90% ] [90m[1m_update_scan_actions[22m | 32.png[39m[0m
[  90% ] [90m[1m_update_scan_actions[22m | 48.png[39m[0m
[  90% ] [90m[1m_update_scan_actions[22m | 64.png[39m[0m
[  90% ] [90m[1m_update_scan_actions[22m | 96.png[39m[0m
[  90% ] [90m[1m_update_scan_actions[22m | 128.png[39m[0m
[  90% ] [90m[1m_update_scan_actions[22m | 192.png[39m[0m
[  90% ] [90m[1m_update_scan_actions[22m | 256.png[39m[0m
[  90% ] [90m[1m_update_scan_actions[22m | 32.png[39m[0m
[  90% ] [90m[1m_update_scan_actions[22m | 48.png[39m[0m
[  90% ] [90m[1m_update_scan_actions[22m | 64.png[39m[0m
[  90% ] [90m[1m_update_scan_actions[22m | 96.png[39m[0m
[  90% ] [90m[1m_update_scan_actions[22m | 128.png[39m[0m
[  90% ] [90m[1m_update_scan_actions[22m | 192.png[39m[0m
[  91% ] [90m[1m_update_scan_actions[22m | 256.png[39m[0m
[  91% ] [90m[1m_update_scan_actions[22m | 32.png[39m[0m
[  91% ] [90m[1m_update_scan_actions[22m | 48.png[39m[0m
[  91% ] [90m[1m_update_scan_actions[22m | 64.png[39m[0m
[  91% ] [90m[1m_update_scan_actions[22m | 96.png[39m[0m
[  91% ] [90m[1m_update_scan_actions[22m | 128.png[39m[0m
[  91% ] [90m[1m_update_scan_actions[22m | 192.png[39m[0m
[  91% ] [90m[1m_update_scan_actions[22m | 256.png[39m[0m
[  91% ] [90m[1m_update_scan_actions[22m | 32.png[39m[0m
[  91% ] [90m[1m_update_scan_actions[22m | 48.png[39m[0m
[  91% ] [90m[1m_update_scan_actions[22m | 64.png[39m[0m
[  91% ] [90m[1m_update_scan_actions[22m | 96.png[39m[0m
[  91% ] [90m[1m_update_scan_actions[22m | 128.png[39m[0m
[  91% ] [90m[1m_update_scan_actions[22m | 192.png[39m[0m
[  91% ] [90m[1m_update_scan_actions[22m | 256.png[39m[0m
[  91% ] [90m[1m_update_scan_actions[22m | 32.png[39m[0m
[  91% ] [90m[1m_update_scan_actions[22m | 48.png[39m[0m
[  91% ] [90m[1m_update_scan_actions[22m | 64.png[39m[0m
[  91% ] [90m[1m_update_scan_actions[22m | 96.png[39m[0m
[  91% ] [90m[1m_update_scan_actions[22m | 128.png[39m[0m
[  91% ] [90m[1m_update_scan_actions[22m | 192.png[39m[0m
[  91% ] [90m[1m_update_scan_actions[22m | 256.png[39m[0m
[  91% ] [90m[1m_update_scan_actions[22m | 32.png[39m[0m
[  91% ] [90m[1m_update_scan_actions[22m | 48.png[39m[0m
[  91% ] [90m[1m_update_scan_actions[22m | 64.png[39m[0m
[  91% ] [90m[1m_update_scan_actions[22m | 96.png[39m[0m
[  91% ] [90m[1m_update_scan_actions[22m | 128.png[39m[0m
[  91% ] [90m[1m_update_scan_actions[22m | 192.png[39m[0m
[  91% ] [90m[1m_update_scan_actions[22m | 256.png[39m[0m
[  91% ] [90m[1m_update_scan_actions[22m | 32.png[39m[0m
[  91% ] [90m[1m_update_scan_actions[22m | 48.png[39m[0m
[  91% ] [90m[1m_update_scan_actions[22m | 64.png[39m[0m
[  91% ] [90m[1m_update_scan_actions[22m | 96.png[39m[0m
[  91% ] [90m[1m_update_scan_actions[22m | 128.png[39m[0m
[  91% ] [90m[1m_update_scan_actions[22m | 192.png[39m[0m
[  91% ] [90m[1m_update_scan_actions[22m | 256.png[39m[0m
[  91% ] [90m[1m_update_scan_actions[22m | armed_idle.png[39m[0m
[  91% ] [90m[1m_update_scan_actions[22m | detail_chest.png[39m[0m
[  91% ] [90m[1m_update_scan_actions[22m | detail_crown.png[39m[0m
[  91% ] [90m[1m_update_scan_actions[22m | detail_forearm.png[39m[0m
[  91% ] [90m[1m_update_scan_actions[22m | detail_legs.png[39m[0m
[  91% ] [90m[1m_update_scan_actions[22m | detail_respirator.png[39m[0m
[  91% ] [90m[1m_update_scan_actions[22m | detail_shoulder.png[39m[0m
[  91% ] [90m[1m_update_scan_actions[22m | detail_visor.png[39m[0m
[  91% ] [90m[1m_update_scan_actions[22m | full_front.png[39m[0m
[  92% ] [90m[1m_update_scan_actions[22m | full_low_front.png[39m[0m
[  92% ] [90m[1m_update_scan_actions[22m | full_rear.png[39m[0m
[  92% ] [90m[1m_update_scan_actions[22m | full_side.png[39m[0m
[  92% ] [90m[1m_update_scan_actions[22m | full_three_quarter.png[39m[0m
[  92% ] [90m[1m_update_scan_actions[22m | game_level_1.png[39m[0m
[  92% ] [90m[1m_update_scan_actions[22m | game_level_3.png[39m[0m
[  92% ] [90m[1m_update_scan_actions[22m | game_level_3_low_front.png[39m[0m
[  92% ] [90m[1m_update_scan_actions[22m | helmet_front.png[39m[0m
[  92% ] [90m[1m_update_scan_actions[22m | helmet_low_front.png[39m[0m
[  92% ] [90m[1m_update_scan_actions[22m | helmet_rear.png[39m[0m
[  92% ] [90m[1m_update_scan_actions[22m | helmet_side.png[39m[0m
[  92% ] [90m[1m_update_scan_actions[22m | helmet_three_quarter.png[39m[0m
[  92% ] [90m[1m_update_scan_actions[22m | reload_20_rear.png[39m[0m
[  92% ] [90m[1m_update_scan_actions[22m | reload_20_side.png[39m[0m
[  92% ] [90m[1m_update_scan_actions[22m | reload_20_three_quarter.png[39m[0m
[  92% ] [90m[1m_update_scan_actions[22m | reload_52_rear.png[39m[0m
[  92% ] [90m[1m_update_scan_actions[22m | reload_52_side.png[39m[0m
[  92% ] [90m[1m_update_scan_actions[22m | reload_52_three_quarter.png[39m[0m
[  92% ] [90m[1m_update_scan_actions[22m | reload_85_rear.png[39m[0m
[  92% ] [90m[1m_update_scan_actions[22m | reload_85_side.png[39m[0m
[  92% ] [90m[1m_update_scan_actions[22m | reload_85_three_quarter.png[39m[0m
[  92% ] [90m[1m_update_scan_actions[22m | armed_idle.png[39m[0m
[  92% ] [90m[1m_update_scan_actions[22m | detail_chest.png[39m[0m
[  92% ] [90m[1m_update_scan_actions[22m | detail_crown.png[39m[0m
[  92% ] [90m[1m_update_scan_actions[22m | detail_forearm.png[39m[0m
[  92% ] [90m[1m_update_scan_actions[22m | detail_legs.png[39m[0m
[  92% ] [90m[1m_update_scan_actions[22m | detail_respirator.png[39m[0m
[  92% ] [90m[1m_update_scan_actions[22m | detail_shoulder.png[39m[0m
[  92% ] [90m[1m_update_scan_actions[22m | detail_visor.png[39m[0m
[  92% ] [90m[1m_update_scan_actions[22m | full_front.png[39m[0m
[  92% ] [90m[1m_update_scan_actions[22m | full_low_front.png[39m[0m
[  92% ] [90m[1m_update_scan_actions[22m | full_rear.png[39m[0m
[  92% ] [90m[1m_update_scan_actions[22m | full_side.png[39m[0m
[  92% ] [90m[1m_update_scan_actions[22m | full_three_quarter.png[39m[0m
[  92% ] [90m[1m_update_scan_actions[22m | game_level_1.png[39m[0m
[  92% ] [90m[1m_update_scan_actions[22m | game_level_3.png[39m[0m
[  92% ] [90m[1m_update_scan_actions[22m | game_level_3_low_front.png[39m[0m
[  92% ] [90m[1m_update_scan_actions[22m | helmet_front.png[39m[0m
[  92% ] [90m[1m_update_scan_actions[22m | helmet_low_front.png[39m[0m
[  92% ] [90m[1m_update_scan_actions[22m | helmet_rear.png[39m[0m
[  92% ] [90m[1m_update_scan_actions[22m | helmet_side.png[39m[0m
[  92% ] [90m[1m_update_scan_actions[22m | helmet_three_quarter.png[39m[0m
[  92% ] [90m[1m_update_scan_actions[22m | reload_20_rear.png[39m[0m
[  92% ] [90m[1m_update_scan_actions[22m | reload_20_side.png[39m[0m
[  92% ] [90m[1m_update_scan_actions[22m | reload_20_three_quarter.png[39m[0m
[  93% ] [90m[1m_update_scan_actions[22m | reload_52_rear.png[39m[0m
[  93% ] [90m[1m_update_scan_actions[22m | reload_52_side.png[39m[0m
[  93% ] [90m[1m_update_scan_actions[22m | reload_52_three_quarter.png[39m[0m
[  93% ] [90m[1m_update_scan_actions[22m | reload_85_rear.png[39m[0m
[  93% ] [90m[1m_update_scan_actions[22m | reload_85_side.png[39m[0m
[  93% ] [90m[1m_update_scan_actions[22m | reload_85_three_quarter.png[39m[0m
[  93% ] [90m[1m_update_scan_actions[22m | armed_idle.png[39m[0m
[  93% ] [90m[1m_update_scan_actions[22m | detail_chest.png[39m[0m
[  93% ] [90m[1m_update_scan_actions[22m | detail_crown.png[39m[0m
[  93% ] [90m[1m_update_scan_actions[22m | detail_forearm.png[39m[0m
[  93% ] [90m[1m_update_scan_actions[22m | detail_legs.png[39m[0m
[  93% ] [90m[1m_update_scan_actions[22m | detail_respirator.png[39m[0m
[  93% ] [90m[1m_update_scan_actions[22m | detail_shoulder.png[39m[0m
[  93% ] [90m[1m_update_scan_actions[22m | detail_visor.png[39m[0m
[  93% ] [90m[1m_update_scan_actions[22m | full_front.png[39m[0m
[  93% ] [90m[1m_update_scan_actions[22m | full_low_front.png[39m[0m
[  93% ] [90m[1m_update_scan_actions[22m | full_rear.png[39m[0m
[  93% ] [90m[1m_update_scan_actions[22m | full_side.png[39m[0m
[  93% ] [90m[1m_update_scan_actions[22m | full_three_quarter.png[39m[0m
[  93% ] [90m[1m_update_scan_actions[22m | game_level_1.png[39m[0m
[  93% ] [90m[1m_update_scan_actions[22m | game_level_3.png[39m[0m
[  93% ] [90m[1m_update_scan_actions[22m | game_level_3_low_front.png[39m[0m
[  93% ] [90m[1m_update_scan_actions[22m | helmet_front.png[39m[0m
[  93% ] [90m[1m_update_scan_actions[22m | helmet_low_front.png[39m[0m
[  93% ] [90m[1m_update_scan_actions[22m | helmet_rear.png[39m[0m
[  93% ] [90m[1m_update_scan_actions[22m | helmet_side.png[39m[0m
[  93% ] [90m[1m_update_scan_actions[22m | helmet_three_quarter.png[39m[0m
[  93% ] [90m[1m_update_scan_actions[22m | reload_20_rear.png[39m[0m
[  93% ] [90m[1m_update_scan_actions[22m | reload_20_side.png[39m[0m
[  93% ] [90m[1m_update_scan_actions[22m | reload_20_three_quarter.png[39m[0m
[  93% ] [90m[1m_update_scan_actions[22m | reload_52_rear.png[39m[0m
[  93% ] [90m[1m_update_scan_actions[22m | reload_52_side.png[39m[0m
[  93% ] [90m[1m_update_scan_actions[22m | reload_52_three_quarter.png[39m[0m
[  93% ] [90m[1m_update_scan_actions[22m | reload_85_rear.png[39m[0m
[  93% ] [90m[1m_update_scan_actions[22m | reload_85_side.png[39m[0m
[  93% ] [90m[1m_update_scan_actions[22m | reload_85_three_quarter.png[39m[0m
[  93% ] [90m[1m_update_scan_actions[22m | thunder.blend[39m[0m
[  93% ] [90m[1m_update_scan_actions[22m | additive_alpha_probe.png[39m[0m
[  93% ] [90m[1m_update_scan_actions[22m | additive_store_preview.png[39m[0m
[  93% ] [90m[1m_update_scan_actions[22m | aid_store_preview.png[39m[0m
[  93% ] [90m[1m_update_scan_actions[22m | armory_restoration_preview.png[39m[0m
[  93% ] [90m[1m_update_scan_actions[22m | armor_restoration_preview.png[39m[0m
[  93% ] [90m[1m_update_scan_actions[22m | armor_store_preview.png[39m[0m
[  93% ] [90m[1m_update_scan_actions[22m | assist_store_preview.png[39m[0m
[  93% ] [90m[1m_update_scan_actions[22m | bag_restoration_preview.png[39m[0m
[  93% ] [90m[1m_update_scan_actions[22m | bag_store_preview.png[39m[0m
[  94% ] [90m[1m_update_scan_actions[22m | customize_store_preview.png[39m[0m
[  94% ] [90m[1m_update_scan_actions[22m | health_store_preview.png[39m[0m
[  94% ] [90m[1m_update_scan_actions[22m | locked_store_preview.png[39m[0m
[  94% ] [90m[1m_update_scan_actions[22m | menu_bank.png[39m[0m
[  94% ] [90m[1m_update_scan_actions[22m | menu_disabled.png[39m[0m
[  94% ] [90m[1m_update_scan_actions[22m | menu_focus.png[39m[0m
[  94% ] [90m[1m_update_scan_actions[22m | menu_hover.png[39m[0m
[  94% ] [90m[1m_update_scan_actions[22m | menu_name.png[39m[0m
[  94% ] [90m[1m_update_scan_actions[22m | menu_navigation_preview.png[39m[0m
[  94% ] [90m[1m_update_scan_actions[22m | menu_options.png[39m[0m
[  94% ] [90m[1m_update_scan_actions[22m | menu_options_changed.png[39m[0m
[  94% ] [90m[1m_update_scan_actions[22m | menu_options_dropdown.png[39m[0m
[  94% ] [90m[1m_update_scan_actions[22m | menu_pressed.png[39m[0m
[  94% ] [90m[1m_update_scan_actions[22m | menu_pvp_arenas.png[39m[0m
[  94% ] [90m[1m_update_scan_actions[22m | menu_restoration_preview.png[39m[0m
[  94% ] [90m[1m_update_scan_actions[22m | menu_solo_sectors.png[39m[0m
[  94% ] [90m[1m_update_scan_actions[22m | purchase_store_preview.png[39m[0m
[  94% ] [90m[1m_update_scan_actions[22m | special_store_preview.png[39m[0m
[  94% ] [90m[1m_update_scan_actions[22m | additive_alpha_probe.png[39m[0m
[  94% ] [90m[1m_update_scan_actions[22m | menu_bank.png[39m[0m
[  94% ] [90m[1m_update_scan_actions[22m | menu_disabled.png[39m[0m
[  94% ] [90m[1m_update_scan_actions[22m | menu_focus.png[39m[0m
[  94% ] [90m[1m_update_scan_actions[22m | menu_hover.png[39m[0m
[  94% ] [90m[1m_update_scan_actions[22m | menu_name.png[39m[0m
[  94% ] [90m[1m_update_scan_actions[22m | menu_navigation_preview.png[39m[0m
[  94% ] [90m[1m_update_scan_actions[22m | menu_options.png[39m[0m
[  94% ] [90m[1m_update_scan_actions[22m | menu_options_changed.png[39m[0m
[  94% ] [90m[1m_update_scan_actions[22m | menu_options_dropdown.png[39m[0m
[  94% ] [90m[1m_update_scan_actions[22m | menu_pressed.png[39m[0m
[  94% ] [90m[1m_update_scan_actions[22m | menu_pvp_arenas.png[39m[0m
[  94% ] [90m[1m_update_scan_actions[22m | menu_restoration_preview.png[39m[0m
[  94% ] [90m[1m_update_scan_actions[22m | menu_solo_sectors.png[39m[0m
[  94% ] [90m[1m_update_scan_actions[22m | additive_alpha_probe.png[39m[0m
[  94% ] [90m[1m_update_scan_actions[22m | additive_store_preview.png[39m[0m
[  94% ] [90m[1m_update_scan_actions[22m | aid_store_preview.png[39m[0m
[  94% ] [90m[1m_update_scan_actions[22m | armory_restoration_preview.png[39m[0m
[  94% ] [90m[1m_update_scan_actions[22m | armor_restoration_preview.png[39m[0m
[  94% ] [90m[1m_update_scan_actions[22m | armor_store_preview.png[39m[0m
[  94% ] [90m[1m_update_scan_actions[22m | assist_store_preview.png[39m[0m
[  94% ] [90m[1m_update_scan_actions[22m | bag_restoration_preview.png[39m[0m
[  94% ] [90m[1m_update_scan_actions[22m | bag_store_preview.png[39m[0m
[  94% ] [90m[1m_update_scan_actions[22m | customize_store_preview.png[39m[0m
[  94% ] [90m[1m_update_scan_actions[22m | health_store_preview.png[39m[0m
[  94% ] [90m[1m_update_scan_actions[22m | locked_store_preview.png[39m[0m
[  94% ] [90m[1m_update_scan_actions[22m | menu_bank.png[39m[0m
[  95% ] [90m[1m_update_scan_actions[22m | menu_disabled.png[39m[0m
[  95% ] [90m[1m_update_scan_actions[22m | menu_focus.png[39m[0m
[  95% ] [90m[1m_update_scan_actions[22m | menu_hover.png[39m[0m
[  95% ] [90m[1m_update_scan_actions[22m | menu_name.png[39m[0m
[  95% ] [90m[1m_update_scan_actions[22m | menu_navigation_preview.png[39m[0m
[  95% ] [90m[1m_update_scan_actions[22m | menu_options.png[39m[0m
[  95% ] [90m[1m_update_scan_actions[22m | menu_options_changed.png[39m[0m
[  95% ] [90m[1m_update_scan_actions[22m | menu_options_dropdown.png[39m[0m
[  95% ] [90m[1m_update_scan_actions[22m | menu_pressed.png[39m[0m
[  95% ] [90m[1m_update_scan_actions[22m | menu_pvp_arenas.png[39m[0m
[  95% ] [90m[1m_update_scan_actions[22m | menu_restoration_preview.png[39m[0m
[  95% ] [90m[1m_update_scan_actions[22m | menu_solo_sectors.png[39m[0m
[  95% ] [90m[1m_update_scan_actions[22m | purchase_store_preview.png[39m[0m
[  95% ] [90m[1m_update_scan_actions[22m | special_store_preview.png[39m[0m
[  95% ] [90m[1m_update_scan_actions[22m | additive_alpha_probe.png[39m[0m
[  95% ] [90m[1m_update_scan_actions[22m | additive_store_preview.png[39m[0m
[  95% ] [90m[1m_update_scan_actions[22m | aid_store_preview.png[39m[0m
[  95% ] [90m[1m_update_scan_actions[22m | armory_restoration_preview.png[39m[0m
[  95% ] [90m[1m_update_scan_actions[22m | armor_restoration_preview.png[39m[0m
[  95% ] [90m[1m_update_scan_actions[22m | armor_store_preview.png[39m[0m
[  95% ] [90m[1m_update_scan_actions[22m | assist_store_preview.png[39m[0m
[  95% ] [90m[1m_update_scan_actions[22m | bag_restoration_preview.png[39m[0m
[  95% ] [90m[1m_update_scan_actions[22m | bag_store_preview.png[39m[0m
[  95% ] [90m[1m_update_scan_actions[22m | customize_store_preview.png[39m[0m
[  95% ] [90m[1m_update_scan_actions[22m | health_store_preview.png[39m[0m
[  95% ] [90m[1m_update_scan_actions[22m | locked_store_preview.png[39m[0m
[  95% ] [90m[1m_update_scan_actions[22m | menu_bank.png[39m[0m
[  95% ] [90m[1m_update_scan_actions[22m | menu_disabled.png[39m[0m
[  95% ] [90m[1m_update_scan_actions[22m | menu_focus.png[39m[0m
[  95% ] [90m[1m_update_scan_actions[22m | menu_hover.png[39m[0m
[  95% ] [90m[1m_update_scan_actions[22m | menu_name.png[39m[0m
[  95% ] [90m[1m_update_scan_actions[22m | menu_navigation_preview.png[39m[0m
[  95% ] [90m[1m_update_scan_actions[22m | menu_options.png[39m[0m
[  95% ] [90m[1m_update_scan_actions[22m | menu_options_changed.png[39m[0m
[  95% ] [90m[1m_update_scan_actions[22m | menu_options_dropdown.png[39m[0m
[  95% ] [90m[1m_update_scan_actions[22m | menu_pressed.png[39m[0m
[  95% ] [90m[1m_update_scan_actions[22m | menu_pvp_arenas.png[39m[0m
[  95% ] [90m[1m_update_scan_actions[22m | menu_restoration_preview.png[39m[0m
[  95% ] [90m[1m_update_scan_actions[22m | menu_solo_sectors.png[39m[0m
[  95% ] [90m[1m_update_scan_actions[22m | purchase_store_preview.png[39m[0m
[  95% ] [90m[1m_update_scan_actions[22m | special_store_preview.png[39m[0m
[  95% ] [90m[1m_update_scan_actions[22m | additive_alpha_probe.png[39m[0m
[  95% ] [90m[1m_update_scan_actions[22m | additive_store_preview.png[39m[0m
[  95% ] [90m[1m_update_scan_actions[22m | aid_store_preview.png[39m[0m
[  95% ] [90m[1m_update_scan_actions[22m | armory_restoration_preview.png[39m[0m
[  95% ] [90m[1m_update_scan_actions[22m | armor_restoration_preview.png[39m[0m
[  96% ] [90m[1m_update_scan_actions[22m | armor_store_preview.png[39m[0m
[  96% ] [90m[1m_update_scan_actions[22m | assist_store_preview.png[39m[0m
[  96% ] [90m[1m_update_scan_actions[22m | bag_restoration_preview.png[39m[0m
[  96% ] [90m[1m_update_scan_actions[22m | bag_store_preview.png[39m[0m
[  96% ] [90m[1m_update_scan_actions[22m | customize_store_preview.png[39m[0m
[  96% ] [90m[1m_update_scan_actions[22m | health_store_preview.png[39m[0m
[  96% ] [90m[1m_update_scan_actions[22m | locked_store_preview.png[39m[0m
[  96% ] [90m[1m_update_scan_actions[22m | menu_navigation_preview.png[39m[0m
[  96% ] [90m[1m_update_scan_actions[22m | menu_restoration_preview.png[39m[0m
[  96% ] [90m[1m_update_scan_actions[22m | purchase_store_preview.png[39m[0m
[  96% ] [90m[1m_update_scan_actions[22m | special_store_preview.png[39m[0m
[  96% ] [90m[1m_update_scan_actions[22m | defeat.png[39m[0m
[  96% ] [90m[1m_update_scan_actions[22m | pause.png[39m[0m
[  96% ] [90m[1m_update_scan_actions[22m | victory.png[39m[0m
[  96% ] [90m[1m_update_scan_actions[22m | ammo.png[39m[0m
[  96% ] [90m[1m_update_scan_actions[22m | 128.png[39m[0m
[  96% ] [90m[1m_update_scan_actions[22m | PAD-ico_32.png[39m[0m
[  96% ] [90m[1m_update_scan_actions[22m | PAD-ico_48.png[39m[0m
[  96% ] [90m[1m_update_scan_actions[22m | PAD-ico_56.png[39m[0m
[  96% ] [90m[1m_update_scan_actions[22m | PAD-ico_64.png[39m[0m
[  96% ] [90m[1m_update_scan_actions[22m | PAD-ico_128.png[39m[0m
[  96% ] [90m[1m_update_scan_actions[22m | icon_16.png[39m[0m
[  96% ] [90m[1m_update_scan_actions[22m | icon_128.png[39m[0m
[  96% ] [90m[1m_update_scan_actions[22m | topbar_floating_button.png[39m[0m
[  96% ] [90m[1m_update_scan_actions[22m | topbar_floating_button_close.png[39m[0m
[  96% ] [90m[1m_update_scan_actions[22m | topbar_floating_button_hover.png[39m[0m
[  96% ] [90m[1m_update_scan_actions[22m | topbar_floating_button_maximize.png[39m[0m
[  96% ] [90m[1m_update_scan_actions[22m | topbar_floating_button_pressed.png[39m[0m
[  96% ] [90m[1m_update_scan_actions[22m | 32.png[39m[0m
[  96% ] [90m[1m_update_scan_actions[22m | 48.png[39m[0m
[  96% ] [90m[1m_update_scan_actions[22m | 64.png[39m[0m
[  96% ] [90m[1m_update_scan_actions[22m | 96.png[39m[0m
[  96% ] [90m[1m_update_scan_actions[22m | 128.png[39m[0m
[  96% ] [90m[1m_update_scan_actions[22m | 192.png[39m[0m
[  96% ] [90m[1m_update_scan_actions[22m | 256.png[39m[0m
[  96% ] [90m[1m_update_scan_actions[22m | 32.png[39m[0m
[  96% ] [90m[1m_update_scan_actions[22m | 48.png[39m[0m
[  96% ] [90m[1m_update_scan_actions[22m | 64.png[39m[0m
[  96% ] [90m[1m_update_scan_actions[22m | 96.png[39m[0m
[  96% ] [90m[1m_update_scan_actions[22m | 128.png[39m[0m
[  96% ] [90m[1m_update_scan_actions[22m | 192.png[39m[0m
[  96% ] [90m[1m_update_scan_actions[22m | 256.png[39m[0m
[  96% ] [90m[1m_update_scan_actions[22m | 32.png[39m[0m
[  96% ] [90m[1m_update_scan_actions[22m | 48.png[39m[0m
[  96% ] [90m[1m_update_scan_actions[22m | 64.png[39m[0m
[  97% ] [90m[1m_update_scan_actions[22m | 96.png[39m[0m
[  97% ] [90m[1m_update_scan_actions[22m | 128.png[39m[0m
[  97% ] [90m[1m_update_scan_actions[22m | 192.png[39m[0m
[  97% ] [90m[1m_update_scan_actions[22m | 256.png[39m[0m
[  97% ] [90m[1m_update_scan_actions[22m | 32.png[39m[0m
[  97% ] [90m[1m_update_scan_actions[22m | 48.png[39m[0m
[  97% ] [90m[1m_update_scan_actions[22m | 64.png[39m[0m
[  97% ] [90m[1m_update_scan_actions[22m | 96.png[39m[0m
[  97% ] [90m[1m_update_scan_actions[22m | 128.png[39m[0m
[  97% ] [90m[1m_update_scan_actions[22m | 192.png[39m[0m
[  97% ] [90m[1m_update_scan_actions[22m | 256.png[39m[0m
[  97% ] [90m[1m_update_scan_actions[22m | 32.png[39m[0m
[  97% ] [90m[1m_update_scan_actions[22m | 48.png[39m[0m
[  97% ] [90m[1m_update_scan_actions[22m | 64.png[39m[0m
[  97% ] [90m[1m_update_scan_actions[22m | 96.png[39m[0m
[  97% ] [90m[1m_update_scan_actions[22m | 128.png[39m[0m
[  97% ] [90m[1m_update_scan_actions[22m | 192.png[39m[0m
[  97% ] [90m[1m_update_scan_actions[22m | 256.png[39m[0m
[  97% ] [90m[1m_update_scan_actions[22m | 32.png[39m[0m
[  97% ] [90m[1m_update_scan_actions[22m | 48.png[39m[0m
[  97% ] [90m[1m_update_scan_actions[22m | 64.png[39m[0m
[  97% ] [90m[1m_update_scan_actions[22m | 96.png[39m[0m
[  97% ] [90m[1m_update_scan_actions[22m | 128.png[39m[0m
[  97% ] [90m[1m_update_scan_actions[22m | 192.png[39m[0m
[  97% ] [90m[1m_update_scan_actions[22m | 256.png[39m[0m
[  97% ] [90m[1m_update_scan_actions[22m | 32.png[39m[0m
[  97% ] [90m[1m_update_scan_actions[22m | 48.png[39m[0m
[  97% ] [90m[1m_update_scan_actions[22m | 64.png[39m[0m
[  97% ] [90m[1m_update_scan_actions[22m | 96.png[39m[0m
[  97% ] [90m[1m_update_scan_actions[22m | 128.png[39m[0m
[  97% ] [90m[1m_update_scan_actions[22m | 192.png[39m[0m
[  97% ] [90m[1m_update_scan_actions[22m | 256.png[39m[0m
[  97% ] [90m[1m_update_scan_actions[22m | 32.png[39m[0m
[  97% ] [90m[1m_update_scan_actions[22m | 48.png[39m[0m
[  97% ] [90m[1m_update_scan_actions[22m | 64.png[39m[0m
[  97% ] [90m[1m_update_scan_actions[22m | 96.png[39m[0m
[  97% ] [90m[1m_update_scan_actions[22m | 128.png[39m[0m
[  97% ] [90m[1m_update_scan_actions[22m | 192.png[39m[0m
[  97% ] [90m[1m_update_scan_actions[22m | 256.png[39m[0m
[  97% ] [90m[1m_update_scan_actions[22m | 32.png[39m[0m
[  97% ] [90m[1m_update_scan_actions[22m | 48.png[39m[0m
[  97% ] [90m[1m_update_scan_actions[22m | 64.png[39m[0m
[  97% ] [90m[1m_update_scan_actions[22m | 96.png[39m[0m
[  97% ] [90m[1m_update_scan_actions[22m | 128.png[39m[0m
[  97% ] [90m[1m_update_scan_actions[22m | 192.png[39m[0m
[  97% ] [90m[1m_update_scan_actions[22m | 256.png[39m[0m
[  98% ] [90m[1m_update_scan_actions[22m | 32.png[39m[0m
[  98% ] [90m[1m_update_scan_actions[22m | 48.png[39m[0m
[  98% ] [90m[1m_update_scan_actions[22m | 64.png[39m[0m
[  98% ] [90m[1m_update_scan_actions[22m | 96.png[39m[0m
[  98% ] [90m[1m_update_scan_actions[22m | 128.png[39m[0m
[  98% ] [90m[1m_update_scan_actions[22m | 192.png[39m[0m
[  98% ] [90m[1m_update_scan_actions[22m | 256.png[39m[0m
[  98% ] [90m[1m_update_scan_actions[22m | 32.png[39m[0m
[  98% ] [90m[1m_update_scan_actions[22m | 48.png[39m[0m
[  98% ] [90m[1m_update_scan_actions[22m | 64.png[39m[0m
[  98% ] [90m[1m_update_scan_actions[22m | 96.png[39m[0m
[  98% ] [90m[1m_update_scan_actions[22m | 128.png[39m[0m
[  98% ] [90m[1m_update_scan_actions[22m | 192.png[39m[0m
[  98% ] [90m[1m_update_scan_actions[22m | 256.png[39m[0m
[  98% ] [90m[1m_update_scan_actions[22m | 32.png[39m[0m
[  98% ] [90m[1m_update_scan_actions[22m | 48.png[39m[0m
[  98% ] [90m[1m_update_scan_actions[22m | 64.png[39m[0m
[  98% ] [90m[1m_update_scan_actions[22m | 96.png[39m[0m
[  98% ] [90m[1m_update_scan_actions[22m | 128.png[39m[0m
[  98% ] [90m[1m_update_scan_actions[22m | 192.png[39m[0m
[  98% ] [90m[1m_update_scan_actions[22m | 256.png[39m[0m
[  98% ] [90m[1m_update_scan_actions[22m | 32.png[39m[0m
[  98% ] [90m[1m_update_scan_actions[22m | 48.png[39m[0m
[  98% ] [90m[1m_update_scan_actions[22m | 64.png[39m[0m
[  98% ] [90m[1m_update_scan_actions[22m | 96.png[39m[0m
[  98% ] [90m[1m_update_scan_actions[22m | 128.png[39m[0m
[  98% ] [90m[1m_update_scan_actions[22m | 192.png[39m[0m
[  98% ] [90m[1m_update_scan_actions[22m | 256.png[39m[0m
[  98% ] [90m[1m_update_scan_actions[22m | 32.png[39m[0m
[  98% ] [90m[1m_update_scan_actions[22m | 48.png[39m[0m
[  98% ] [90m[1m_update_scan_actions[22m | 64.png[39m[0m
[  98% ] [90m[1m_update_scan_actions[22m | 96.png[39m[0m
[  98% ] [90m[1m_update_scan_actions[22m | 128.png[39m[0m
[  98% ] [90m[1m_update_scan_actions[22m | 192.png[39m[0m
[  98% ] [90m[1m_update_scan_actions[22m | 256.png[39m[0m
[  98% ] [90m[1m_update_scan_actions[22m | desktop_english.png[39m[0m
[  98% ] [90m[1m_update_scan_actions[22m | desktop_entry.png[39m[0m
[  98% ] [90m[1m_update_scan_actions[22m | desktop_launcher.png[39m[0m
[  98% ] [90m[1m_update_scan_actions[22m | desktop_locked.png[39m[0m
[  98% ] [90m[1m_update_scan_actions[22m | desktop_rifle.png[39m[0m
[  98% ] [90m[1m_update_scan_actions[22m | mobile_details.png[39m[0m
[  98% ] [90m[1m_update_scan_actions[22m | mobile_entry.png[39m[0m
[  98% ] [90m[1m_update_scan_actions[22m | gun11_0.png[39m[0m
[  98% ] [90m[1m_update_scan_actions[22m | gun11_1.png[39m[0m
[  98% ] [90m[1m_update_scan_actions[22m | gun12_0.png[39m[0m
[  99% ] [90m[1m_update_scan_actions[22m | gun12_1.png[39m[0m
[  99% ] [90m[1m_update_scan_actions[22m | gun13_0.png[39m[0m
[  99% ] [90m[1m_update_scan_actions[22m | gun13_1.png[39m[0m
[  99% ] [90m[1m_update_scan_actions[22m | gun14_0.png[39m[0m
[  99% ] [90m[1m_update_scan_actions[22m | gun14_1.png[39m[0m
[  99% ] [90m[1m_update_scan_actions[22m | gun15_0.png[39m[0m
[  99% ] [90m[1m_update_scan_actions[22m | gun15_1.png[39m[0m
[  99% ] [90m[1m_update_scan_actions[22m | gun16_0.png[39m[0m
[  99% ] [90m[1m_update_scan_actions[22m | gun16_1.png[39m[0m
[  99% ] [90m[1m_update_scan_actions[22m | gun22_0.png[39m[0m
[  99% ] [90m[1m_update_scan_actions[22m | gun22_1.png[39m[0m
[  99% ] [90m[1m_update_scan_actions[22m | gun23_0.png[39m[0m
[  99% ] [90m[1m_update_scan_actions[22m | gun23_1.png[39m[0m
[  99% ] [90m[1m_update_scan_actions[22m | gun29_0.png[39m[0m
[  99% ] [90m[1m_update_scan_actions[22m | gun29_1.png[39m[0m
[  99% ] [90m[1m_update_scan_actions[22m | gun30_0.png[39m[0m
[  99% ] [90m[1m_update_scan_actions[22m | gun30_1.png[39m[0m
[  99% ] [90m[1m_update_scan_actions[22m | gun33_0.png[39m[0m
[  99% ] [90m[1m_update_scan_actions[22m | gun33_1.png[39m[0m
[  99% ] [90m[1m_update_scan_actions[22m | gun36_0.png[39m[0m
[  99% ] [90m[1m_update_scan_actions[22m | gun36_1.png[39m[0m
[  99% ] [90m[1m_update_scan_actions[22m | gun37_0.png[39m[0m
[  99% ] [90m[1m_update_scan_actions[22m | gun37_1.png[39m[0m
[  99% ] [90m[1m_update_scan_actions[22m | gun41_0.png[39m[0m
[  99% ] [90m[1m_update_scan_actions[22m | gun41_1.png[39m[0m
[  99% ] [90m[1m_update_scan_actions[22m | gun42_0.png[39m[0m
[  99% ] [90m[1m_update_scan_actions[22m | gun42_1.png[39m[0m
[  99% ] [90m[1m_update_scan_actions[22m | gun44_0.png[39m[0m
[  99% ] [90m[1m_update_scan_actions[22m | gun44_1.png[39m[0m
[  99% ] [90m[1m_update_scan_actions[22m | gun45_0.png[39m[0m
[  99% ] [90m[1m_update_scan_actions[22m | gun45_1.png[39m[0m
[  99% ] [90m[1m_update_scan_actions[22m | audio_review.png[39m[0m
[  99% ] [90m[1m_update_scan_actions[22m | enemy_art_desktop.png[39m[0m
[  99% ] [90m[1m_update_scan_actions[22m | enemy_art_mobile.png[39m[0m
[  99% ] [90m[1m_update_scan_actions[22m | pickup_preview.png[39m[0m
[  99% ] [90m[1m_update_scan_actions[22m | quality_00_after.png[39m[0m
[  99% ] [90m[1m_update_scan_actions[22m | quality_00_before.png[39m[0m
[  99% ] [90m[1m_update_scan_actions[22m | quality_01_after.png[39m[0m
[  99% ] [90m[1m_update_scan_actions[22m | quality_01_before.png[39m[0m
[  99% ] [90m[1m_update_scan_actions[22m | quality_09_after.png[39m[0m
[  99% ] [90m[1m_update_scan_actions[22m | quality_09_before.png[39m[0m
[  99% ] [90m[1m_update_scan_actions[22m | weapon_polish_after.png[39m[0m
[  99% ] [90m[1m_update_scan_actions[22m | weapon_polish_before.png[39m[0m
[  99% ] [90m[1m_update_scan_actions[22m | weapon_polish_occlusion.png[39m[0m
[92m[ DONE ][39m [1m_update_scan_actions[22m
[0m
[   0% ] [90m[1mreimport[22m | Started （重新）匯入素材 (1 steps)[39m[0m
[   0% ] [90m[1mreimport[22m | 正在準備重新匯入檔案…[39m[0m
[   0% ] [90m[1mreimport[22m | 執行預先重新匯入作業…[39m[0m
[   0% ] [90m[1mreimport[22m | rpg-8_rpg-8a.png[39m[0m
[  50% ] [90m[1mreimport[22m | 完成素材匯入...[39m[0m
[92m[ DONE ][39m [1mreimport[22m
[0m
[   0% ] [90m[1mreimport[22m | Started （重新）匯入素材 (1 steps)[39m[0m
[   0% ] [90m[1mreimport[22m | 執行重新匯入後續處理作業…[39m[0m
[92m[ DONE ][39m [1mreimport[22m
[0m
[   0% ] [90m[1mloading_editor_layout[22m | Started 正在載入編輯器 (5 steps)[39m[0m
[   0% ] [90m[1mloading_editor_layout[22m | 正在載入編輯器佈局…[39m[0m
[  16% ] [90m[1mloading_editor_layout[22m | 正在載入面板…[39m[0m
ERROR: Cannot go into subdir 'audio-missing-archive-tfpon_0v'.
   at: _scan_new_dir (editor/file_system/editor_file_system.cpp:1219)
[  33% ] [90m[1mloading_editor_layout[22m | 正在重新開啟場景…[39m[0m
[  50% ] [90m[1mloading_editor_layout[22m | 正在載入中央編輯器佈局…[39m[0m
[  66% ] [90m[1mloading_editor_layout[22m | 正在載入外掛視窗佈局…[39m[0m
[  83% ] [90m[1mloading_editor_layout[22m | 編輯器佈局就緒。[39m[0m
[92m[ DONE ][39m [1mloading_editor_layout[22m
[0m
[   0% ] [90m[1m_update_scan_actions[22m | Started 掃描動作中... (2 steps)[39m[0m
[   0% ] [90m[1m_update_scan_actions[22m | source.gltf[39m[0m
[  33% ] [90m[1m_update_scan_actions[22m | head_lossless.fortune_head_reimport[39m[0m
[92m[ DONE ][39m [1m_update_scan_actions[22m
[0m
[   0% ] [90m[1mreimport[22m | Started （重新）匯入素材 (1 steps)[39m[0m
[   0% ] [90m[1mreimport[22m | 正在準備重新匯入檔案…[39m[0m
[   0% ] [90m[1mreimport[22m | 執行預先重新匯入作業…[39m[0m
[   0% ] [90m[1mreimport[22m | head_lossless.fortune_head_reimport[39m[0m
ERROR: Couldn't find the given section "remap" and key "generator_parameters", and no default was given.
   at: get_value (core/io/config_file.cpp:60)
   GDScript backtrace (most recent call first):
       [0] _import (res://tools/fortune_runtime_v1/reimport_head_lossless.gd:28)
       [1] _import_request (res://tools/fortune_runtime_v1/reimport_head_lossless.gd:60)
[  50% ] [90m[1mreimport[22m | 完成素材匯入...[39m[0m
[92m[ DONE ][39m [1mreimport[22m
[0m
[   0% ] [90m[1mreimport[22m | Started （重新）匯入素材 (1 steps)[39m[0m
[   0% ] [90m[1mreimport[22m | 執行重新匯入後續處理作業…[39m[0m
[92m[ DONE ][39m [1mreimport[22m
[0m
FORTUNE_HEAD_LOSSLESS_PASS errors=0
ERROR: Cannot go into subdir 'audio-missing-archive-tfpon_0v'.
   at: _scan_new_dir (editor/file_system/editor_file_system.cpp:1219)
WARNING: Scan thread aborted...
   at: _notification (editor/file_system/editor_file_system.cpp:1757)
ERROR: 6 RID allocations of type 'N16RendererViewport8ViewportE' were leaked at exit.
ERROR: 9 RID allocations of type 'PN13RendererDummy14TextureStorage12DummyTextureE' were leaked at exit.
ERROR: 1 RID allocations of type 'N17RendererSceneCull8ScenarioE' were leaked at exit.
ERROR: 83 RID allocations of type 'PN18TextServerAdvanced22ShapedTextDataAdvancedE' were leaked at exit.
ERROR: 1 RID allocations of type 'PN18TextServerAdvanced12FontAdvancedE' were leaked at exit.
WARNING: 6 RIDs of type "Canvas" were leaked.
   at: _free_rids (servers/rendering/renderer_canvas_cull.cpp:2735)
WARNING: 36 RIDs of type "CanvasItem" were leaked.
   at: _free_rids (servers/rendering/renderer_canvas_cull.cpp:2735)
WARNING: 209 ObjectDB instances were leaked at exit (run with `--verbose` for details).
   at: cleanup (core/object/object.cpp:2536)
