<?xml version="1.0" encoding="utf-8"?>
<COLLADA xmlns="http://www.collada.org/2005/11/COLLADASchema" version="1.4.1">
  <asset>
    <created>2016-02-19T23:10:25Z</created>
    <modified>2016-02-19T23:10:25Z</modified>
  </asset>
  <library_images>
    <image id="Image">
      <init_from>helmet.png</init_from>
    </image>
    <image id="Image1">
      <init_from>equip.png</init_from>
    </image>
    <image id="Image2">
      <init_from>armor.png</init_from>
    </image>
  </library_images>
  <library_materials>
    <material id="VisualMaterial" name="helmet_005_006_01_m">
      <instance_effect url="#Effect"/>
      <extra>
        <technique profile="FCOLLADA">
          <user_properties>helmet_005_006_01_m</user_properties>
        </technique>
      </extra>
    </material>
    <material id="VisualMaterial1" name="equip_006_01_m">
      <instance_effect url="#Effect1"/>
      <extra>
        <technique profile="FCOLLADA">
          <user_properties>equip_006_01_m</user_properties>
        </technique>
      </extra>
    </material>
    <material id="VisualMaterial2" name="role_001_m">
      <instance_effect url="#Effect2"/>
      <extra>
        <technique profile="FCOLLADA">
          <user_properties>role_001_m</user_properties>
        </technique>
      </extra>
    </material>
  </library_materials>
  <library_effects>
    <effect id="Effect" name="C__Users_Eric_Desktop_dump_callofminiinfinity_app_Data_Texture2D_helmet_005_006_01_m__320824_pvr">
      <profile_COMMON>
        <newparam sid="Image-surface">
          <surface type="2D">
            <init_from>Image</init_from>
            <format>A8R8G8B8</format>
          </surface>
        </newparam>
        <newparam sid="Image-sampler">
          <sampler2D>
            <source>Image-surface</source>
            <wrap_s>WRAP</wrap_s>
            <wrap_t>WRAP</wrap_t>
            <minfilter>NONE</minfilter>
            <magfilter>NONE</magfilter>
            <mipfilter>NONE</mipfilter>
          </sampler2D>
        </newparam>
        <technique sid="common">
          <phong>
            <emission>
              <color>0 0 0 1</color>
            </emission>
            <ambient>
              <color>0 0 0 1</color>
            </ambient>
            <diffuse>
              <texture texture="Image-sampler" texcoord=""/>
            </diffuse>
            <specular>
              <color>1 1 1 1</color>
            </specular>
            <shininess>
              <float>0</float>
            </shininess>
            <transparent opaque="A_ONE">
              <color>0 0 0 1</color>
            </transparent>
            <transparency>
              <float>1</float>
            </transparency>
            <index_of_refraction>
              <float>1.55</float>
            </index_of_refraction>
          </phong>
          <extra>
            <technique profile="FCOLLADA">
              <spec_level>
                <float>0</float>
              </spec_level>
            </technique>
          </extra>
        </technique>
      </profile_COMMON>
      <extra>
        <technique profile="FCOLLADA">
          <user_properties>C:%5CUsers%5CEric%5CDesktop%5Cdump%5Ccallofminiinfinity.app%5CData%5CTexture2D%5Chelmet_005_006_01_m #320824.pvr</user_properties>
        </technique>
      </extra>
    </effect>
    <effect id="Effect1" name="C__Users_Eric_Desktop_dump_callofminiinfinity_app_Data_Texture2D_equip_006_01_m__320670_pvr">
      <profile_COMMON>
        <newparam sid="Image1-surface">
          <surface type="2D">
            <init_from>Image1</init_from>
            <format>A8R8G8B8</format>
          </surface>
        </newparam>
        <newparam sid="Image1-sampler">
          <sampler2D>
            <source>Image1-surface</source>
            <wrap_s>WRAP</wrap_s>
            <wrap_t>WRAP</wrap_t>
            <minfilter>NONE</minfilter>
            <magfilter>NONE</magfilter>
            <mipfilter>NONE</mipfilter>
          </sampler2D>
        </newparam>
        <technique sid="common">
          <phong>
            <emission>
              <color>0 0 0 1</color>
            </emission>
            <ambient>
              <color>0 0 0 1</color>
            </ambient>
            <diffuse>
              <texture texture="Image1-sampler" texcoord=""/>
            </diffuse>
            <specular>
              <color>1 1 1 1</color>
            </specular>
            <shininess>
              <float>0</float>
            </shininess>
            <transparent opaque="A_ONE">
              <color>0 0 0 1</color>
            </transparent>
            <transparency>
              <float>1</float>
            </transparency>
            <index_of_refraction>
              <float>1.55</float>
            </index_of_refraction>
          </phong>
          <extra>
            <technique profile="FCOLLADA">
              <spec_level>
                <float>0</float>
              </spec_level>
            </technique>
          </extra>
        </technique>
      </profile_COMMON>
      <extra>
        <technique profile="FCOLLADA">
          <user_properties>C:%5CUsers%5CEric%5CDesktop%5Cdump%5Ccallofminiinfinity.app%5CData%5CTexture2D%5Cequip_006_01_m #320670.pvr</user_properties>
        </technique>
      </extra>
    </effect>
    <effect id="Effect2" name="C__Users_Eric_Desktop_dump_callofminiinfinity_app_Data_Texture2D_role_001_m__320768_pvr">
      <profile_COMMON>
        <newparam sid="Image2-surface">
          <surface type="2D">
            <init_from>Image2</init_from>
            <format>A8R8G8B8</format>
          </surface>
        </newparam>
        <newparam sid="Image2-sampler">
          <sampler2D>
            <source>Image2-surface</source>
            <wrap_s>WRAP</wrap_s>
            <wrap_t>WRAP</wrap_t>
            <minfilter>NONE</minfilter>
            <magfilter>NONE</magfilter>
            <mipfilter>NONE</mipfilter>
          </sampler2D>
        </newparam>
        <technique sid="common">
          <phong>
            <emission>
              <color>0 0 0 1</color>
            </emission>
            <ambient>
              <color>0 0 0 1</color>
            </ambient>
            <diffuse>
              <texture texture="Image2-sampler" texcoord=""/>
            </diffuse>
            <specular>
              <color>1 1 1 1</color>
            </specular>
            <shininess>
              <float>0</float>
            </shininess>
            <transparent opaque="A_ONE">
              <color>0 0 0 1</color>
            </transparent>
            <transparency>
              <float>1</float>
            </transparency>
            <index_of_refraction>
              <float>1.55</float>
            </index_of_refraction>
          </phong>
          <extra>
            <technique profile="FCOLLADA">
              <spec_level>
                <float>0</float>
              </spec_level>
            </technique>
          </extra>
        </technique>
      </profile_COMMON>
      <extra>
        <technique profile="FCOLLADA">
          <user_properties>C:%5CUsers%5CEric%5CDesktop%5Cdump%5Ccallofminiinfinity.app%5CData%5CTexture2D%5Crole_001_m #320768.pvr</user_properties>
        </technique>
      </extra>
    </effect>
  </library_effects>
  <library_geometries>
    <geometry id="Geometry" name="helmet_006">
      <mesh>
        <source id="GeometrySource" name="helmet_006Pos">
          <float_array id="GeometrySource-array" count="555">0.388035 1.87965 0.261977 0.225626 2.02401 0.307935 0.187706 1.88789 0.421948 0.255741 2.10805 -0.02917 0.421385 1.94615 -0.039906 0.000425 2.05094 0.312821 0.000487 2.15917 -0.02996 0.411157 1.65291 0.163019 0.461254 1.70115 -0.049259 0.252889 2.09625 -0.292256 0.000478 2.14159 -0.332609 0.222745 2.00453 -0.423305 0.000412 2.02257 -0.507677 0.382292 1.97006 -0.275098 0.43235 1.74771 -0.302799 0.332668 1.60935 0.364406 0.176239 1.57756 0.48635 0.000346 1.91126 0.459476 0.000163 1.58603 0.522762 0.234359 1.79513 -0.515007 0.000292 1.80863 -0.626369 0.448085 1.57188 0.008253 0.444012 1.63452 -0.275056 0.410776 1.54982 0.088909 0.42503 1.45865 0.02332 0.400218 1.44268 0.096741 0.077833 1.28126 0.454048 -0.000007 1.28131 0.456962 -0.000074 1.16333 0.397188 0.133654 1.15949 0.381833 0.077833 1.28126 0.454048 0.077936 1.36939 0.384151 0.000042 1.36981 0.392821 -0.000007 1.28131 0.456962 0.405596 1.30911 0.085678 0.330025 1.36844 0.169265 0.283898 1.2088 0.148411 0.357765 1.20667 0.089438 0.347861 1.22501 -0.227004 0.434882 1.39231 -0.264831 0.216494 1.22378 -0.342155 0.245953 1.43956 -0.478376 -0.000037 1.22469 -0.409898 0.000091 1.45234 -0.544153 0.347861 1.22501 -0.227004 -0.000074 1.16333 0.397188 0.216494 1.22378 -0.342155 -0.000037 1.22469 -0.409898 0.357765 1.20667 0.089438 0.283898 1.2088 0.148411 0.165175 1.19316 0.308853 0.133654 1.15949 0.381833 0.152114 1.31696 0.317718 0.133654 1.15949 0.381833 0.165175 1.19316 0.308853 0.077833 1.28126 0.454048 0.077936 1.36939 0.384151 0.330025 1.36844 0.169265 0.405596 1.30911 0.085678 0.434882 1.39231 -0.264831 0.38724 1.49053 -0.226769 0.202073 1.55391 -0.440546 0.245953 1.43956 -0.478376 0.000154 1.56426 -0.500546 0.000091 1.45234 -0.544153 0.330025 1.36844 0.169265 0.152114 1.31696 0.317718 0.165175 1.19316 0.308853 0.283898 1.2088 0.148411 0.152114 1.31696 0.317718 0.330025 1.36844 0.169265 0.39509 1.66757 0.162932 0.293001 1.62627 0.314957 0.077936 1.36939 0.384151 0.136063 1.62127 0.420847 0.000042 1.36981 0.392821 0.000183 1.62135 0.431981 0.38724 1.49053 -0.226769 0.407242 1.76781 -0.30664 0.202073 1.55391 -0.440546 0.178315 1.79953 -0.517558 0.000154 1.56426 -0.500546 0.00029 1.80492 -0.555484 -0.387376 1.88008 0.261974 -0.187039 1.8881 0.421947 -0.224804 2.02427 0.307934 -0.254822 2.10834 -0.029171 -0.420649 1.94663 -0.039909 -0.410752 1.65337 0.163016 -0.460794 1.70166 -0.049262 -0.251982 2.09653 -0.292257 -0.221941 2.00478 -0.423306 -0.381527 1.97049 -0.2751 -0.431835 1.74819 -0.302802 -0.332314 1.60972 0.364404 -0.175921 1.57776 0.486349 -0.23379 1.79539 -0.515009 -0.447771 1.57238 0.00825 -0.443625 1.63502 -0.275059 -0.410487 1.55029 0.088907 -0.424843 1.45913 0.023317 -0.40005 1.44313 0.096738 -0.077848 1.28135 0.454047 -0.133807 1.15964 0.381833 -0.077848 1.28135 0.454047 -0.077852 1.36948 0.384151 -0.405578 1.30957 0.085676 -0.357863 1.20708 0.089436 -0.283994 1.20912 0.148409 -0.329941 1.36881 0.169263 -0.347936 1.2254 -0.227006 -0.434768 1.3928 -0.264833 -0.216569 1.22402 -0.342157 -0.245784 1.43984 -0.478377 -0.216569 1.22402 -0.342157 -0.347936 1.2254 -0.227006 -0.357863 1.20708 0.089436 -0.283994 1.20912 0.148409 -0.165289 1.19334 0.308852 -0.133807 1.15964 0.381833 -0.152089 1.31713 0.317717 -0.165289 1.19334 0.308852 -0.133807 1.15964 0.381833 -0.077848 1.28135 0.454047 -0.077852 1.36948 0.384151 -0.329941 1.36881 0.169263 -0.387016 1.49096 -0.226771 -0.434768 1.3928 -0.264833 -0.405578 1.30957 0.085676 -0.201776 1.55414 -0.440547 -0.245784 1.43984 -0.478377 -0.329941 1.36881 0.169263 -0.283994 1.20912 0.148409 -0.165289 1.19334 0.308852 -0.152089 1.31713 0.317717 -0.152089 1.31713 0.317717 -0.292627 1.6266 0.314955 -0.394669 1.66802 0.16293 -0.329941 1.36881 0.169263 -0.077852 1.36948 0.384151 -0.135696 1.62142 0.420846 -0.387016 1.49096 -0.226771 -0.406706 1.76827 -0.306643 -0.201776 1.55414 -0.440547 -0.177741 1.79973 -0.517559 -0.410752 1.65337 0.163016 -0.410487 1.55029 0.088907 0.410776 1.54982 0.088909 0.411157 1.65291 0.163019 0.411157 1.65291 0.163019 0.332668 1.60935 0.364406 -0.332314 1.60972 0.364404 -0.410752 1.65337 0.163016 -0.175921 1.57776 0.486349 0.176239 1.57756 0.48635 0.176239 1.57756 0.48635 0.000163 1.58603 0.522762 -0.175921 1.57776 0.486349 -0.410487 1.55029 0.088907 -0.40005 1.44313 0.096738 0.400218 1.44268 0.096741 0.410776 1.54982 0.088909 -0.40005 1.44313 0.096738 -0.424843 1.45913 0.023317 0.42503 1.45865 0.02332 0.400218 1.44268 0.096741 -0.424843 1.45913 0.023317 -0.447771 1.57238 0.00825 0.448085 1.57188 0.008253 0.42503 1.45865 0.02332 -0.447771 1.57238 0.00825 -0.443625 1.63502 -0.275059 0.444012 1.63452 -0.275056 0.448085 1.57188 0.008253 -0.443625 1.63502 -0.275059 -0.431835 1.74819 -0.302802 0.43235 1.74771 -0.302799 0.444012 1.63452 -0.275056 -0.431835 1.74819 -0.302802 -0.23379 1.79539 -0.515009 0.234359 1.79513 -0.515007 0.43235 1.74771 -0.302799 -0.23379 1.79539 -0.515009 0.000292 1.80863 -0.626369 0.234359 1.79513 -0.515007</float_array>
          <technique_common>
            <accessor source="#GeometrySource-array" count="185" stride="3">
              <param name="X" type="float"/>
              <param name="Y" type="float"/>
              <param name="Z" type="float"/>
            </accessor>
          </technique_common>
        </source>
        <source id="GeometrySource1" name="helmet_006Nrm">
          <float_array id="GeometrySource1-array" count="555">0.8313 0.331023 0.446502 0.415339 0.752656 0.510883 0.38497 0.379329 0.841372 0.453809 0.884445 0.108696 0.890251 0.450483 0.067225 0.000478 0.853302 0.521417 0.000559 0.993701 0.112067 0.965809 -0.001949 0.259247 0.997918 0.048627 0.042374 0.465792 0.832209 -0.300777 0.000529 0.938183 -0.34614 0.488995 0.548205 -0.678495 0.000358 0.633072 -0.774093 0.822711 0.463506 -0.329102 0.943148 0.169748 -0.285757 0.734858 0.088699 0.672396 0.386633 0.172352 0.905986 0.000252 0.454356 0.89082 0.000105 0.19327 0.981146 0.548605 0.361162 -0.754052 0.000258 0.454224 -0.890887 0.972888 -0.074219 0.219044 0.997283 -0.029876 -0.067339 0.946567 -0.090649 0.309504 0.931034 -0.105715 0.349286 0.931034 -0.105715 0.349286 0.067416 -0.469091 0.880573 -0.000267 -0.470131 0.882597 -0.000267 -0.470131 0.882597 0.067416 -0.469091 0.880573 0.060947 0.603352 0.795143 0.060947 0.603352 0.795143 0.000337 0.604497 0.796607 0.000337 0.604497 0.796607 0.835114 -0.401658 0.37584 0.82027 -0.233066 0.522338 0.605824 -0.266099 0.749779 0.809207 -0.384978 0.443819 0.790185 -0.492309 -0.36502 0.762986 -0.493537 -0.417461 0.436329 -0.505784 -0.744177 0.380709 -0.511841 -0.770117 -0.000296 -0.53173 -0.846914 -0.000296 -0.53173 -0.846914 0.072052 -0.995928 -0.054184 -0.000556 -0.988847 -0.148936 0.038165 -0.996794 -0.070319 -0.000561 -0.997122 -0.075811 0.097928 -0.994847 -0.026247 0.105404 -0.994217 -0.02054 0.566695 -0.807383 0.164283 0.670523 -0.741386 -0.027313 0.851809 0.181751 0.491312 0.670523 -0.741386 -0.027313 0.566695 -0.807383 0.164283 0.8327 0.215405 0.510109 0.8327 0.215405 0.510109 0.846397 0.136788 0.514685 0.844886 0.48268 0.230622 0.8406 0.522096 -0.144246 0.838611 0.522133 -0.15527 0.480338 0.440699 -0.758327 0.551387 0.45898 -0.696642 0.00022 0.386181 -0.922423 0.00022 0.386181 -0.922423 0.846397 0.136788 0.514685 0.729173 -0.154956 0.666555 0.729173 -0.154956 0.666555 0.729173 -0.154956 0.666555 0.636442 -0.245003 0.731379 0.82027 -0.233066 0.522338 0.937779 -0.19076 0.290142 0.678043 -0.245052 0.69297 0.341676 -0.209376 0.916198 0.355748 -0.211913 0.91024 -0.000092 -0.159247 0.987239 -0.000092 -0.159247 0.987239 0.953598 -0.177676 -0.243068 0.863797 -0.197821 -0.463381 0.517905 -0.228712 -0.824297 0.426246 -0.236455 -0.873157 -0.000138 -0.250915 -0.968009 -0.000138 -0.250915 -0.968009 -0.83093 0.331959 0.446496 -0.384548 0.379762 0.84137 -0.414495 0.753124 0.510881 -0.452813 0.884955 0.108694 -0.889743 0.451485 0.06722 -0.965812 -0.000861 0.259241 -0.997863 0.04975 0.042368 -0.464852 0.832733 -0.30078 -0.488373 0.548755 -0.678498 -0.822187 0.464432 -0.329108 -0.942955 0.170809 -0.285763 -0.734762 0.089526 0.672391 -0.386444 0.172787 0.905983 -0.548193 0.36178 -0.754055 -0.972972 -0.073124 0.219038 -0.997315 -0.028753 -0.067345 -0.946671 -0.089584 0.309498 -0.931154 -0.104666 0.34928 -0.931154 -0.104666 0.34928 -0.067949 -0.469015 0.880572 -0.067949 -0.469015 0.880572 -0.060273 0.60342 0.795143 -0.060273 0.60342 0.795143 -0.835568 -0.400717 0.375835 -0.809643 -0.384067 0.443814 -0.606128 -0.265416 0.749776 -0.820536 -0.232142 0.522333 -0.790737 -0.491419 -0.365024 -0.763539 -0.492677 -0.417466 -0.436893 -0.505292 -0.74418 -0.38128 -0.511412 -0.770119 -0.039286 -0.996751 -0.070319 -0.073173 -0.995846 -0.054184 -0.099048 -0.994736 -0.026248 -0.106523 -0.994098 -0.020541 -0.567605 -0.806745 0.164279 -0.671357 -0.74063 -0.027318 -0.851607 0.18271 0.491307 -0.567605 -0.806745 0.164279 -0.671357 -0.74063 -0.027318 -0.83246 0.216343 0.510104 -0.83246 0.216343 0.510103 -0.846246 0.137741 0.51468 -0.838021 0.523077 -0.155275 -0.840011 0.523042 -0.144251 -0.844344 0.483631 0.230617 -0.479836 0.441239 -0.75833 -0.550865 0.459601 -0.696645 -0.846246 0.137741 0.51468 -0.729351 -0.154135 0.66655 -0.729352 -0.154135 0.66655 -0.729352 -0.154135 0.66655 -0.636722 -0.244287 0.731375 -0.678322 -0.244288 0.692966 -0.937995 -0.189704 0.290136 -0.820536 -0.232142 0.522333 -0.341917 -0.208991 0.916196 -0.355992 -0.211513 0.910237 -0.953796 -0.176602 -0.243074 -0.864016 -0.196848 -0.463387 -0.518157 -0.228129 -0.8243 -0.426506 -0.235975 -0.87316 -0.000331 -0.58372 0.811955 -0.000331 -0.58372 0.811955 -0.000331 -0.58372 0.811955 -0.000331 -0.58372 0.811955 -0.000549 -0.97735 -0.21163 -0.000549 -0.97735 -0.21163 -0.000549 -0.97735 -0.21163 -0.000549 -0.97735 -0.21163 -0.000543 -0.967501 -0.252867 -0.000543 -0.967501 -0.252867 -0.000549 -0.9746 0.223954 -0.000549 -0.9746 0.223954 -0.000549 -0.9746 0.223954 0.000037 0.072892 0.99734 0.000037 0.072892 0.99734 0.000037 0.072892 0.99734 0.000037 0.072892 0.99734 -0.000549 -0.977104 -0.212761 -0.000549 -0.977104 -0.212761 -0.000549 -0.977104 -0.212761 -0.000549 -0.977104 -0.212761 -0.000071 -0.131899 -0.991263 -0.000071 -0.131899 -0.991263 -0.000071 -0.131899 -0.991263 -0.000071 -0.131899 -0.991263 -0.000549 -0.976418 -0.215886 -0.000549 -0.976418 -0.215886 -0.000549 -0.976418 -0.215886 -0.000549 -0.976418 -0.215886 -0.00013 -0.23807 -0.971248 -0.00013 -0.23807 -0.971248 -0.00013 -0.23807 -0.971248 -0.00013 -0.23807 -0.971248 -0.000548 -0.97604 -0.217592 -0.000548 -0.97604 -0.217592 -0.000548 -0.97604 -0.217592 -0.000548 -0.97604 -0.217592 -0.000558 -0.992867 -0.119228 -0.000558 -0.992867 -0.119228 -0.000558 -0.992867 -0.119228</float_array>
          <technique_common>
            <accessor source="#GeometrySource1-array" count="185" stride="3">
              <param name="X" type="float"/>
              <param name="Y" type="float"/>
              <param name="Z" type="float"/>
            </accessor>
          </technique_common>
        </source>
        <source id="GeometrySource2" name="helmet_006UV">
          <float_array id="GeometrySource2-array" count="370">0.596291 0.670708 0.597119 0.591719 0.535206 0.602652 0.719914 0.606621 0.702743 0.688503 0.5895 0.510433 0.738077 0.513065 0.591005 0.761937 0.679511 0.774095 0.807693 0.634707 0.857394 0.554286 0.8566 0.662435 0.927045 0.609287 0.784925 0.695573 0.781337 0.78125 0.503328 0.721309 0.440209 0.669575 0.506413 0.537228 0.40154 0.611251 0.897926 0.735758 0.983068 0.680975 0.644803 0.811916 0.755232 0.820161 0.609901 0.810032 0.623888 0.850133 0.594476 0.847198 0.101856 0.845347 0.029689 0.845257 0.029794 0.965212 0.183797 0.965484 0.101856 0.845347 0.110491 0.76152 0.02978 0.763314 0.029689 0.845257 0.49481 0.793261 0.545604 0.812967 0.503685 0.868635 0.466477 0.853198 0.284223 0.754967 0.304354 0.662998 0.170448 0.728538 0.166619 0.563504 0.021879 0.70899 0.014139 0.543599 0.27382 0.887394 0.414715 0.966389 0.247863 0.916929 0.232437 0.965629 0.345199 0.885385 0.358372 0.901925 0.394656 0.928671 0.412602 0.936145 0.233823 0.782007 0.211544 0.915478 0.266763 0.86105 0.101856 0.845347 0.110491 0.76152 0.541173 0.763257 0.49481 0.793261 0.304354 0.662998 0.336775 0.632975 0.197947 0.519113 0.166619 0.563504 0.030832 0.488209 0.014139 0.543599 0.465315 0.473202 0.278231 0.488993 0.281301 0.560094 0.443875 0.565561 0.891787 0.808875 0.770099 0.830165 0.745626 0.966828 0.835087 0.949458 0.94888 0.828798 0.922508 0.949093 0.986551 0.829445 0.985932 0.946592 0.638592 0.86331 0.630797 0.980285 0.534153 0.88866 0.52571 0.983865 0.440563 0.886541 0.440238 0.986633 0.596291 0.670708 0.535206 0.602652 0.597119 0.591719 0.719914 0.606621 0.702743 0.688503 0.591005 0.761937 0.679511 0.774095 0.807693 0.634707 0.8566 0.662435 0.784925 0.695573 0.781337 0.78125 0.503328 0.721309 0.440209 0.669575 0.897926 0.735758 0.644803 0.811916 0.755232 0.820161 0.609901 0.810032 0.623888 0.850133 0.594476 0.847198 0.101856 0.845347 0.183797 0.965484 0.101856 0.845347 0.110491 0.76152 0.49481 0.793261 0.466477 0.853198 0.503685 0.868635 0.545604 0.812967 0.284223 0.754967 0.304354 0.662998 0.170448 0.728538 0.166619 0.563504 0.247863 0.916929 0.27382 0.887394 0.345199 0.885385 0.358372 0.901925 0.394656 0.928671 0.412602 0.936145 0.233823 0.782007 0.266763 0.86105 0.211544 0.915478 0.101856 0.845347 0.110491 0.76152 0.541173 0.763257 0.336775 0.632975 0.304354 0.662998 0.49481 0.793261 0.197947 0.519113 0.166619 0.563504 0.465315 0.473202 0.443875 0.565561 0.281301 0.560094 0.278231 0.488993 0.891787 0.808875 0.835087 0.949458 0.745626 0.966828 0.770099 0.830165 0.94888 0.828798 0.922508 0.949093 0.638592 0.86331 0.630797 0.980285 0.534153 0.88866 0.52571 0.983865 0.918723 0.780034 0.918752 0.774787 0.991158 0.774787 0.991187 0.780034 0.991187 0.780034 0.984269 0.794281 0.925641 0.794281 0.918723 0.780034 0.939431 0.802907 0.970479 0.802907 0.970479 0.802907 0.954955 0.805484 0.939431 0.802907 0.918752 0.774787 0.919677 0.775337 0.990233 0.775337 0.991158 0.774787 0.919677 0.775337 0.91749 0.770143 0.992419 0.770143 0.990233 0.775337 0.91749 0.770143 0.915463 0.769082 0.994446 0.769082 0.992419 0.770143 0.915463 0.769082 0.915826 0.74904 0.994084 0.74904 0.994446 0.769082 0.915826 0.74904 0.91686 0.747082 0.99305 0.747082 0.994084 0.74904 0.91686 0.747082 0.934318 0.73207 0.975592 0.73207 0.99305 0.747082 0.934318 0.73207 0.954955 0.724192 0.975592 0.73207</float_array>
          <technique_common>
            <accessor source="#GeometrySource2-array" count="185" stride="2">
              <param name="S" type="float"/>
              <param name="T" type="float"/>
            </accessor>
          </technique_common>
        </source>
        <vertices id="Geometry-vertices">
          <input semantic="POSITION" source="#GeometrySource"/>
          <input semantic="NORMAL" source="#GeometrySource1"/>
          <input semantic="TEXCOORD" source="#GeometrySource2"/>
        </vertices>
        <triangles material="VisualMaterial0" count="168">
          <input semantic="VERTEX" source="#Geometry-vertices" offset="0"/>
          <p>0 1 2 0 3 1 0 4 3 3 5 1 3 6 5 7 4 0 7 8 4 6 3 9 6 9 10 11 10 9 11 12 10 3 4 13 3 13 9 13 11 9 4 14 13 4 8 14 0 15 7 2 15 0 2 16 15 1 17 2 1 5 17 16 2 17 16 17 18 19 11 13 19 13 14 20 12 11 20 11 19 21 8 7 21 14 8 21 22 14 21 7 23 23 24 21 23 25 24 26 27 28 26 28 29 30 31 32 30 32 33 34 35 36 34 36 37 34 37 38 34 38 39 39 38 40 39 40 41 41 40 42 41 42 43 44 45 46 46 45 47 45 44 48 45 48 49 50 45 49 51 45 50 52 53 54 52 55 53 52 56 55 57 58 59 57 59 60 59 61 60 59 62 61 62 63 61 62 64 63 65 66 67 65 67 68 69 70 71 69 71 72 72 73 69 72 74 73 74 75 73 74 76 75 71 70 77 71 77 78 78 77 79 78 79 80 80 79 81 80 81 82 83 84 85 85 84 17 85 17 5 86 5 6 83 85 86 86 85 5 83 86 87 88 83 87 88 87 89 6 10 90 6 90 86 91 10 12 20 91 12 91 90 10 86 92 87 86 90 92 92 90 91 87 93 89 87 92 93 83 88 94 84 83 94 84 94 95 95 18 17 95 17 84 20 96 91 96 92 91 96 93 92 97 89 93 97 88 89 97 93 98 97 99 88 99 97 100 99 100 101 102 28 27 102 103 28 104 33 32 104 32 105 106 107 108 106 108 109 106 110 107 106 111 110 111 112 110 113 42 112 113 43 42 111 113 112 114 47 45 115 114 45 45 116 115 45 117 116 118 117 45 119 118 45 120 121 122 120 122 123 120 123 124 125 126 127 125 127 128 127 126 129 130 129 63 130 63 64 127 129 130 131 132 133 131 133 134 135 136 137 135 137 138 136 135 139 140 139 75 140 75 76 136 139 140 137 141 138 137 142 141 142 143 141 144 81 143 144 82 81 142 144 143 145 146 147 145 147 148 149 150 151 149 151 152 150 153 151 150 154 153 155 156 157 158 159 160 158 160 161 162 163 164 162 164 165 166 167 168 166 168 169 170 171 172 170 172 173 174 175 176 174 176 177 178 179 180 178 180 181 182 183 184</p>
        </triangles>
      </mesh>
    </geometry>
    <geometry id="Geometry1" name="equip_006">
      <mesh>
        <source id="GeometrySource3" name="equip_006Pos">
          <float_array id="GeometrySource3-array" count="1188">0.625552 1.0055 -0.053362 0.697811 1.0031 -0.071453 0.629874 0.941651 -0.097266 0.625552 1.00559 0.107946 0.69354 1.00107 0.125081 0.612004 0.922973 0.166362 0.791126 0.851103 -0.10204 0.819462 0.927253 -0.067913 0.845258 0.87382 -0.055644 0.819462 0.927363 0.128572 0.845258 0.873921 0.123239 0.779084 0.822417 0.179083 0.629874 0.941651 -0.097266 0.612004 0.922973 0.166362 0.625552 1.00559 0.107946 0.625552 1.0055 -0.053362 0.109184 0.887301 -0.269692 0.000138 0.887103 -0.280643 0.000272 1.12523 -0.11758 0.099807 1.12513 -0.100179 0.112542 1.0777 0.247077 0.000276 1.13424 0.145888 0.000246 1.08188 0.258157 0.28368 1.12933 0.103083 0.000276 1.13424 0.145888 0.325875 0.867917 0.182412 0.288285 0.907519 0.251451 0.271061 0.734707 0.231495 0.317882 0.759999 0.1843 0.325876 0.867748 -0.12184 0.325875 0.867917 0.182412 0.317882 0.759999 0.1843 0.320167 0.752079 -0.093714 0.000272 1.12523 -0.11758 0.000276 1.13424 0.145888 0.099807 1.12513 -0.100179 0.28368 1.12924 -0.060532 0.28368 1.12933 0.103083 0.325876 0.867748 -0.12184 0.251052 0.887507 -0.257686 0.262887 1.01738 -0.281435 0.28368 1.12924 -0.060532 0.112542 1.0777 0.247077 0.000246 1.08188 0.258157 0.000157 0.92444 0.333836 0.132607 0.920489 0.323218 0.000052 0.737369 0.292926 0.118969 0.734273 0.287157 0.28368 1.12933 0.103083 0.288285 0.907519 0.251451 0.319305 0.003166 -0.125242 0.037498 0.003167 -0.125241 0.036894 0.342655 -0.110079 0.295771 0.342655 -0.110079 0.319306 0.003166 0.260029 0.301393 0.24035 0.249952 0.035405 0.24035 0.249951 0.037498 0.003167 0.260029 0.381704 0.003166 -0.069115 0.381704 0.003166 0.203903 0.319306 0.003166 0.260029 0.319305 0.003166 -0.125242 0.037498 0.003167 0.260029 0.037498 0.003167 -0.125241 0.284433 0.598936 -0.098229 -0.000000 0.594664 -0.152109 -0.000000 0.664528 -0.150674 0.276435 0.663245 -0.101302 0.334921 0.598936 -0.055788 0.326618 0.663214 -0.059322 0.000000 0.540657 0.320284 0.000000 0.497102 0.290861 0.039654 0.499584 0.292236 0.076211 0.543921 0.319599 0.10882 0.553068 0.284852 0.109597 0.653434 0.281094 0.06957 0.71946 0.286884 0.06426 0.69035 0.300501 0.326618 0.663214 -0.059322 0.335258 0.667813 0.182114 0.34356 0.595113 0.186427 0.334921 0.598936 -0.055788 0.283762 0.590513 0.253209 0.27613 0.665106 0.244322 0.10882 0.553068 0.284852 0.109597 0.653434 0.281094 0.06426 0.69035 0.300501 0.06957 0.71946 0.286884 0.000000 0.7211 0.287149 0.000000 0.692078 0.300546 0.000000 0.540657 0.320284 0.076211 0.543921 0.319599 0.06426 0.69035 0.300501 0.000000 0.692078 0.300546 0.379423 0.677594 -0.010618 0.378446 0.677594 0.117281 0.374093 0.571036 0.124842 0.3767 0.565671 -0.011709 0.334292 0.696335 -0.020508 0.333182 0.696335 0.124715 0.378446 0.677594 0.117281 0.379423 0.677594 -0.010618 0.333182 0.696335 0.124715 0.345796 0.560483 0.1333 0.374093 0.571036 0.124842 0.378446 0.677594 0.117281 0.345796 0.560483 0.1333 0.348756 0.556814 -0.021747 0.3767 0.565671 -0.011709 0.374093 0.571036 0.124842 0.348756 0.556814 -0.021747 0.334292 0.696335 -0.020508 0.379423 0.677594 -0.010618 0.3767 0.565671 -0.011709 0.953351 0.739603 0.16245 0.812321 0.834117 0.161834 0.696044 0.650694 0.162772 0.835351 0.556181 0.163644 0.953351 0.739456 -0.099481 0.835352 0.556031 -0.102214 0.697902 0.649404 -0.100157 0.814208 0.832829 -0.098083 0.972228 0.767536 0.124184 0.953351 0.739603 0.16245 0.953351 0.739456 -0.099481 0.972228 0.767432 -0.060938 0.835352 0.556031 -0.102214 0.835351 0.556181 0.163644 0.336745 0.506445 0.200874 0.282872 0.506775 0.248075 0.289308 0.381905 0.251416 0.343384 0.391344 0.202987 0.083531 0.381906 0.266065 0.084464 0.506463 0.271408 0.099807 1.12513 -0.100179 0.28368 1.12924 -0.060532 0.273835 1.16153 -0.186302 0.135172 1.16298 -0.194206 0.120926 1.01884 -0.289339 0.262887 1.01738 -0.281435 0.251052 0.887507 -0.257686 0.109184 0.887301 -0.269692 0.099807 1.12513 -0.100179 0.120926 1.01884 -0.289339 0.109184 0.887301 -0.269692 -0.625143 1.00621 -0.053364 -0.629536 0.94236 -0.097268 -0.697404 1.00389 -0.071456 -0.625143 1.0063 0.107944 -0.693136 1.00185 0.125079 -0.611688 0.923662 0.16636 -0.79089 0.851993 -0.102042 -0.819141 0.928176 -0.067916 -0.844997 0.874772 -0.055647 -0.819141 0.928286 0.128569 -0.844997 0.874873 0.123236 -0.778881 0.823294 0.17908 -0.629536 0.94236 -0.097268 -0.625143 1.00621 -0.053364 -0.625143 1.0063 0.107944 -0.611688 0.923662 0.16636 -0.108907 0.887424 -0.269693 -0.099263 1.12524 -0.10018 -0.112053 1.07783 0.247076 -0.282799 1.12629 0.103981 -0.325403 0.867819 0.183066 -0.270959 0.735012 0.231494 -0.287988 0.907844 0.251449 -0.317751 0.760357 0.184298 -0.325402 0.867648 -0.121671 -0.320043 0.752439 -0.093716 -0.317751 0.760357 0.184298 -0.325403 0.867819 0.183066 -0.099263 1.12524 -0.10018 -0.282799 1.12619 -0.057452 -0.282799 1.12629 0.103981 -0.325402 0.867648 -0.121671 -0.262463 1.01768 -0.281436 -0.250774 0.88779 -0.257688 -0.282799 1.12619 -0.057452 -0.112053 1.07783 0.247076 -0.132296 0.920638 0.323217 -0.118867 0.734407 0.287156 -0.282799 1.12629 0.103981 -0.287988 0.907844 0.251449 -0.319307 0.003167 -0.125241 -0.295771 0.342656 -0.11008 -0.036895 0.342655 -0.110079 -0.037499 0.003167 -0.125241 -0.319307 0.003167 0.260029 -0.035406 0.24035 0.249951 -0.301394 0.24035 0.249951 -0.0375 0.003167 0.260029 -0.381705 0.003167 -0.069115 -0.319307 0.003167 -0.125241 -0.319307 0.003167 0.260029 -0.381706 0.003167 0.203903 -0.0375 0.003167 0.260029 -0.037499 0.003167 -0.125241 -0.284433 0.598936 -0.098228 -0.276435 0.663245 -0.101301 -0.334921 0.598936 -0.055787 -0.326618 0.663214 -0.059321 -0.039653 0.499584 0.292236 -0.07621 0.543921 0.319599 -0.108819 0.553068 0.284853 -0.109596 0.653434 0.281094 -0.069569 0.71946 0.286884 -0.064259 0.69035 0.300501 -0.326618 0.663214 -0.059321 -0.334921 0.598936 -0.055787 -0.343559 0.595113 0.186428 -0.335257 0.667813 0.182115 -0.283761 0.590513 0.25321 -0.276129 0.665106 0.244323 -0.108819 0.553068 0.284853 -0.109596 0.653434 0.281094 -0.064259 0.69035 0.300501 -0.069569 0.71946 0.286884 -0.064259 0.69035 0.300501 -0.07621 0.543921 0.319599 -0.379423 0.677594 -0.010617 -0.3767 0.565671 -0.011708 -0.374093 0.571036 0.124843 -0.378445 0.677594 0.117282 -0.334292 0.696335 -0.020507 -0.379423 0.677594 -0.010617 -0.378445 0.677594 0.117282 -0.333182 0.696335 0.124716 -0.333182 0.696335 0.124716 -0.378445 0.677594 0.117282 -0.374093 0.571036 0.124843 -0.345796 0.560483 0.133301 -0.345796 0.560483 0.133301 -0.374093 0.571036 0.124843 -0.3767 0.565671 -0.011708 -0.348756 0.556814 -0.021746 -0.348756 0.556814 -0.021746 -0.3767 0.565671 -0.011708 -0.379423 0.677594 -0.010617 -0.334292 0.696335 -0.020507 -0.953241 0.740677 0.162447 -0.835448 0.557122 0.163642 -0.695391 0.650315 0.162771 -0.81146 0.83387 0.161832 -0.953241 0.74053 -0.099484 -0.813349 0.832583 -0.098085 -0.697249 0.649027 -0.100159 -0.835448 0.556972 -0.102217 -0.972087 0.768631 0.124181 -0.972087 0.768527 -0.060941 -0.953241 0.74053 -0.099484 -0.953241 0.740677 0.162447 -0.835448 0.556972 -0.102217 -0.835448 0.557122 0.163642 -0.336746 0.506446 0.200873 -0.343384 0.391345 0.202986 -0.289309 0.381906 0.251416 -0.282872 0.506776 0.248075 -0.083532 0.381906 0.266064 -0.084465 0.506463 0.271408 -0.099263 1.12524 -0.10018 -0.134585 1.16314 -0.194207 -0.273249 1.16184 -0.186304 -0.282799 1.12619 -0.057452 -0.120501 1.01897 -0.28934 -0.108907 0.887424 -0.269693 -0.250774 0.88779 -0.257688 -0.262463 1.01768 -0.281436 -0.099263 1.12524 -0.10018 -0.108907 0.887424 -0.269693 -0.120501 1.01897 -0.28934 0.235859 1.21676 -0.091302 0.382796 1.2388 -0.092047 0.29252 1.0727 -0.116975 0.235859 1.2169 0.145382 0.377534 1.23629 0.145591 0.28693 1.07757 0.181605 0.485698 1.12855 -0.087756 0.485697 1.12868 0.149822 0.525697 0.969597 0.184232 0.620146 1.09418 0.184494 0.626783 1.093 -0.124564 0.530886 0.9683 -0.110423 0.485698 1.12855 -0.087756 0.485697 1.12868 0.149822 0.620146 1.09418 0.184494 0.626783 1.093 -0.124564 0.620146 1.09418 0.184494 0.525697 0.969597 0.184232 0.530886 0.9683 -0.110423 0.626783 1.093 -0.124564 -0.235212 1.21703 -0.091303 -0.292035 1.07303 -0.116976 -0.382124 1.23923 -0.092048 -0.235212 1.21716 0.145381 -0.376865 1.23671 0.14559 -0.28644 1.07789 0.181604 -0.48515 1.12909 -0.087757 -0.48515 1.12923 0.14982 -0.525329 0.970188 0.18423 -0.619638 1.09487 0.184491 -0.626275 1.09371 -0.124566 -0.530518 0.968897 -0.110425 -0.48515 1.12909 -0.087757 -0.626275 1.09371 -0.124566 -0.619638 1.09487 0.184491 -0.48515 1.12923 0.14982 -0.619638 1.09487 0.184491 -0.626275 1.09371 -0.124566 -0.530518 0.968897 -0.110425 -0.525329 0.970188 0.18423 0.262887 1.01738 -0.281435 0.120926 1.01884 -0.289339 0.135172 1.16298 -0.194206 0.273835 1.16153 -0.186302 0.120926 1.01884 -0.289339 0.099807 1.12513 -0.100179 0.135172 1.16298 -0.194206 -0.262463 1.01768 -0.281436 -0.282799 1.12619 -0.057452 -0.273249 1.16184 -0.186304 -0.099263 1.12524 -0.10018 -0.120501 1.01897 -0.28934 -0.134585 1.16314 -0.194207 -0.120501 1.01897 -0.28934 -0.262463 1.01768 -0.281436 -0.273249 1.16184 -0.186304 -0.134585 1.16314 -0.194207 0.320167 0.752079 -0.093714 0.000056 0.741526 -0.157268 0.109184 0.887301 -0.269692 0.251052 0.887507 -0.257686 0.000138 0.887103 -0.280643 0.320167 0.752079 -0.093714 0.271061 0.734707 0.231495 0.381704 0.003166 -0.069115 0.353608 0.342556 -0.058131 0.381704 0.003166 0.203903 0.359436 0.249789 0.196701 0.352634 0.34659 0.194587 0.294957 0.34692 0.246611 0.036338 0.346608 0.255295 0.036338 0.346608 0.255295 0.036894 0.342655 -0.110079 0.035405 0.24035 0.249951 0.037498 0.003167 -0.125241 0.037498 0.003167 0.260029 0.832038 0.86205 0.123891 0.972228 0.767536 0.124184 0.833596 0.861021 -0.059946 0.972228 0.767432 -0.060938 0.972228 0.767432 -0.060938 0.833596 0.861021 -0.059946 0.696044 0.650694 0.162772 0.697902 0.649404 -0.100157 -0.108907 0.887424 -0.269693 -0.320043 0.752439 -0.093716 -0.250774 0.88779 -0.257688 -0.320043 0.752439 -0.093716 -0.270959 0.735012 0.231494 -0.381705 0.003167 -0.069115 -0.353608 0.342557 -0.058132 -0.381706 0.003167 0.203903 -0.359438 0.24979 0.1967 -0.352635 0.346591 0.194586 -0.294958 0.346921 0.24661 -0.036339 0.346608 0.255295 -0.036339 0.346608 0.255295 -0.035406 0.24035 0.249951 -0.036895 0.342655 -0.110079 -0.037499 0.003167 -0.125241 -0.0375 0.003167 0.260029 -0.831146 0.861824 0.123889 -0.972087 0.768631 0.124181 -0.832704 0.860797 -0.059948 -0.972087 0.768527 -0.060941 -0.972087 0.768527 -0.060941 -0.832704 0.860797 -0.059948 -0.695391 0.650315 0.162771 -0.697249 0.649027 -0.100159 0.28368 1.12924 -0.060532 0.262887 1.01738 -0.281435 0.273835 1.16153 -0.186302 0.320167 0.752079 -0.093714 0.118969 0.734273 0.287157 0.000052 0.737369 0.292926 0.000056 0.741526 -0.157268 0.271061 0.734707 0.231495 0.317882 0.759999 0.1843 0.000052 0.737369 0.292926 -0.118867 0.734407 0.287156 -0.320043 0.752439 -0.093716 0.000056 0.741526 -0.157268 -0.317751 0.760357 0.184298 -0.270959 0.735012 0.231494</float_array>
          <technique_common>
            <accessor source="#GeometrySource3-array" count="396" stride="3">
              <param name="X" type="float"/>
              <param name="Y" type="float"/>
              <param name="Z" type="float"/>
            </accessor>
          </technique_common>
        </source>
        <source id="GeometrySource4" name="equip_006Nrm">
          <float_array id="GeometrySource4-array" count="1188">-0.058093 0.918086 -0.392102 0.222045 0.810272 -0.54236 0.0245 0.406849 -0.913167 -0.051564 0.91175 0.407497 0.212116 0.824652 0.524362 0.059799 0.436831 0.897554 0.332443 0.2399 -0.912102 0.642604 0.561827 -0.520971 0.863272 0.328831 -0.382926 0.626731 0.589711 0.509362 0.814435 0.346677 0.465307 0.267929 0.315259 0.910399 -0.997486 0.05893 -0.03937 -0.997486 0.05893 -0.03937 -0.997486 0.05893 -0.03937 -0.997486 0.05893 -0.03937 0.110332 0.570717 -0.813701 0.000325 0.574264 -0.81867 0.000325 0.574264 -0.81867 0.110332 0.570717 -0.813701 0.075175 0.90371 0.421495 0.000508 0.906282 0.422674 0.000508 0.906282 0.422674 0.143184 0.980346 0.135723 -0.004326 0.988307 0.152419 0.860577 0.033866 0.508193 0.881777 0.105569 0.4597 0.797758 -0.110268 0.592809 0.797758 -0.110268 0.592809 0.998155 -0.060521 0.004771 0.998155 -0.060521 0.004771 0.998155 -0.060523 0.004747 0.998155 -0.060523 0.004747 0.000562 0.999416 -0.034153 -0.004326 0.988307 0.152419 0.003944 0.999618 -0.027362 0.414134 0.89926 -0.140803 0.143184 0.980346 0.135723 0.913877 -0.042922 -0.403715 0.691195 -0.054891 -0.720581 0.684621 -0.023988 -0.728504 0.414134 0.89926 -0.140803 0.288129 0.467678 0.835619 0.000244 0.439453 0.898266 0.000068 0.127971 0.991778 0.261827 0.144948 0.954168 -0.000118 -0.204635 0.978838 0.215025 -0.192246 0.9575 0.443903 0.477889 0.758006 0.433958 0.173763 0.884018 0.367258 0.066852 -0.927713 -0.695586 0.028742 -0.717868 -0.718806 0.029316 -0.694592 0.34649 0.065773 -0.935745 0.368742 0.067239 0.927097 0.36038 0.048601 0.931539 -0.717387 0.012386 0.696564 -0.696321 0.027311 0.717211 -0.000001 -1 0.000000 -0.000001 -1 0.000000 -0.000001 -1 0.000000 -0.000001 -1 0.000000 -0.000001 -1 0.000000 -0.000001 -1 0.000000 0.443814 0.02283 -0.895828 -0.000001 -0.001229 -0.999999 -0.000001 -0.001229 -0.999999 0.405891 0.019271 -0.913718 0.641991 0.042053 -0.765558 0.641991 0.042053 -0.765558 0.000001 -0.549196 0.835693 0.000001 -0.549196 0.835693 0.14451 -0.611761 0.777731 0.554549 -0.475462 0.682943 0.739518 -0.220854 0.635874 0.542708 0.153526 0.825771 0.50533 0.176539 0.844675 0.50533 0.176539 0.844675 0.992343 0.118256 -0.035643 0.929715 0.138863 0.341098 0.923241 0.139346 0.358063 0.992343 0.118256 -0.035643 0.460653 0.112121 0.88047 0.481957 0.114536 0.868676 0.185042 0.078054 0.979626 0.185042 0.078054 0.979626 0.012682 0.420445 0.907229 0.012682 0.420445 0.907229 0.000001 0.420479 0.907302 0.000001 0.420479 0.907302 0.000001 0.129441 0.991587 0.003742 0.12944 0.99158 0.003742 0.12944 0.99158 0.000001 0.129441 0.991587 0.999389 -0.031946 0.014192 0.999389 -0.031946 0.014192 0.999389 -0.031946 0.014192 0.999389 -0.031946 0.014192 0.382954 0.923763 0.002926 0.382954 0.923763 0.002926 0.382954 0.923763 0.002926 0.382954 0.923763 0.002926 0.218295 0.072255 0.973204 0.218295 0.072255 0.973204 0.218295 0.072255 0.973204 0.218295 0.072255 0.973204 0.325137 -0.945001 0.035484 0.325137 -0.945001 0.035484 0.325137 -0.945001 0.035484 0.325137 -0.945001 0.035484 0.265723 0.021335 -0.963813 0.265723 0.021335 -0.963813 0.265723 0.021335 -0.963813 0.265723 0.021335 -0.963813 0.696955 -0.073607 0.713327 0.227535 0.344561 0.910772 -0.39439 -0.575312 0.716569 0.163175 -0.798594 0.579329 0.697676 -0.070305 -0.712955 0.162681 -0.796059 -0.582945 -0.399847 -0.575794 -0.71315 0.226813 0.35171 -0.908216 0.930213 0.242819 0.275213 0.696955 -0.073607 0.713327 0.697676 -0.070305 -0.712955 0.930278 0.242981 -0.27485 0.162681 -0.796059 -0.582945 0.163175 -0.798594 0.579329 0.659668 0.052981 0.749687 0.389328 0.024037 0.920785 0.39022 0.024129 0.920405 0.659668 0.052981 0.749687 0.093561 -0.00593 0.995596 0.093561 -0.00593 0.995596 -0.051785 0.953107 0.298171 -0.051785 0.953107 0.298171 -0.051785 0.953107 0.298171 -0.051785 0.953107 0.298171 0.068222 -0.169367 -0.983189 0.684621 -0.023988 -0.728504 0.691195 -0.054891 -0.720581 0.068222 -0.169367 -0.983189 -0.986878 0.066092 -0.147321 -0.986878 0.066092 -0.147321 -0.12874 -0.655971 -0.743726 0.059128 0.918019 -0.392102 -0.024039 0.406875 -0.913167 -0.221131 0.810521 -0.542361 0.052589 0.911691 0.407496 -0.211189 0.824891 0.524361 -0.05931 0.436898 0.897553 -0.33217 0.240274 -0.912103 -0.641969 0.56255 -0.520974 -0.8629 0.329802 -0.382929 -0.626068 0.590417 0.509359 -0.814046 0.347594 0.465304 -0.267577 0.315561 0.910398 0.997551 0.057807 -0.039366 0.997551 0.057807 -0.039366 0.997551 0.057807 -0.039366 0.997551 0.057807 -0.039366 -0.109685 0.570841 -0.813702 -0.109684 0.570841 -0.813702 -0.07416 0.903794 0.421494 -0.155135 0.97848 0.136048 -0.859995 0.034048 0.509165 -0.796638 -0.110308 0.594307 -0.882069 0.108543 0.458447 -0.796638 -0.110308 0.594307 -0.998322 -0.057711 0.004737 -0.998322 -0.057713 0.004714 -0.998322 -0.057713 0.004714 -0.998322 -0.057711 0.004737 -0.010988 0.999615 -0.025461 -0.422156 0.896433 -0.13488 -0.155135 0.97848 0.136048 -0.915205 -0.039324 -0.401065 -0.684028 -0.022157 -0.729119 -0.693054 -0.052106 -0.719 -0.422156 0.896433 -0.13488 -0.288035 0.469 0.83491 -0.262242 0.145775 0.953928 -0.215247 -0.192004 0.957499 -0.445087 0.480113 0.755903 -0.43491 0.175309 0.883244 -0.367258 0.066853 -0.927713 -0.346488 0.065774 -0.935746 0.718808 0.029314 -0.69459 0.695585 0.02874 -0.717868 -0.368741 0.06724 0.927097 0.717386 0.012384 0.696566 -0.360382 0.048602 0.931538 0.696321 0.027309 0.717211 -0.000001 -1 0.000000 -0.000001 -1 0.000000 -0.000001 -1 0.000000 -0.000001 -1 0.000000 -0.000001 -1 0.000000 -0.000001 -1 0.000000 -0.443817 0.02283 -0.895827 -0.405893 0.019271 -0.913717 -0.641993 0.042053 -0.765556 -0.641993 0.042053 -0.765556 -0.144507 -0.611761 0.777732 -0.554547 -0.475462 0.682945 -0.739517 -0.220854 0.635877 -0.542706 0.153526 0.825772 -0.505328 0.176539 0.844676 -0.505328 0.176539 0.844676 -0.992343 0.118256 -0.03564 -0.992343 0.118256 -0.03564 -0.92324 0.139346 0.358066 -0.929714 0.138863 0.341101 -0.46065 0.112121 0.880472 -0.481955 0.114536 0.868678 -0.185039 0.078054 0.979626 -0.185039 0.078054 0.979626 -0.012679 0.420445 0.907229 -0.012679 0.420445 0.907229 -0.00374 0.12944 0.99158 -0.00374 0.12944 0.99158 -0.999389 -0.031946 0.014195 -0.999389 -0.031946 0.014195 -0.999389 -0.031946 0.014195 -0.999389 -0.031946 0.014195 -0.382954 0.923763 0.002927 -0.382954 0.923763 0.002927 -0.382954 0.923763 0.002927 -0.382954 0.923763 0.002927 -0.218292 0.072255 0.973205 -0.218292 0.072255 0.973205 -0.218292 0.072255 0.973205 -0.218292 0.072255 0.973205 -0.325137 -0.945001 0.035485 -0.325137 -0.945001 0.035485 -0.325137 -0.945001 0.035485 -0.325137 -0.945001 0.035485 -0.265726 0.021335 -0.963813 -0.265726 0.021335 -0.963813 -0.265726 0.021335 -0.963813 -0.265726 0.021335 -0.963813 -0.696983 -0.070714 0.713593 -0.167176 -0.797461 0.579748 0.390127 -0.580314 0.714868 -0.223531 0.345204 0.91152 -0.697677 -0.067389 -0.713235 -0.222698 0.352387 -0.908972 0.395603 -0.580878 -0.711392 -0.166659 -0.794917 -0.583379 -0.928937 0.247306 0.275528 -0.928986 0.247474 -0.275211 -0.697677 -0.067389 -0.713235 -0.696983 -0.070714 0.713593 -0.166659 -0.794917 -0.583379 -0.167176 -0.797461 0.579748 -0.65967 0.052982 0.749686 -0.65967 0.052982 0.749686 -0.390222 0.02413 0.920405 -0.38933 0.024038 0.920785 -0.093563 -0.005929 0.995596 -0.093563 -0.005929 0.995596 0.047377 0.950197 0.308028 0.047377 0.950197 0.308028 0.047377 0.950197 0.308028 0.047378 0.950197 0.308028 -0.068406 -0.16929 -0.983189 -0.068406 -0.16929 -0.983189 -0.693054 -0.052106 -0.719 -0.684028 -0.022157 -0.729119 0.986953 0.064981 -0.147314 0.128006 -0.656115 -0.743725 0.986953 0.064981 -0.147314 -0.118069 0.797095 -0.592198 0.276018 0.769776 -0.575551 0.022322 0.126593 -0.991704 -0.116453 0.811968 0.571967 0.262136 0.786891 0.558648 0.021492 0.20219 0.979111 0.300046 0.378354 -0.875683 0.289732 0.429765 0.855195 -0.01879 0.206856 0.978191 -0.01879 0.206856 0.978191 -0.030485 0.131556 -0.99084 -0.030485 0.131556 -0.99084 0.246395 0.969169 0.000676 0.246395 0.969169 0.000676 0.246395 0.969169 0.000676 0.246395 0.969169 0.000676 0.795147 -0.606148 0.018054 0.795147 -0.606148 0.018054 0.795147 -0.606148 0.018054 0.795147 -0.606148 0.018054 0.118968 0.796961 -0.592199 -0.022176 0.126617 -0.991704 -0.275149 0.770086 -0.575552 0.117365 0.811837 0.571966 -0.261252 0.787186 0.558646 -0.021268 0.202214 0.97911 -0.299617 0.378691 -0.875684 -0.289251 0.430091 0.855193 0.019019 0.206835 0.978191 0.019019 0.206835 0.978191 0.030636 0.131521 -0.99084 0.030636 0.131521 -0.99084 -0.245303 0.969446 0.000674 -0.245303 0.969446 0.000674 -0.245303 0.969446 0.000674 -0.245303 0.969446 0.000674 -0.795829 -0.605252 0.018052 -0.795829 -0.605252 0.018052 -0.795829 -0.605252 0.018052 -0.795829 -0.605252 0.018052 0.052745 0.546842 -0.835573 0.052745 0.546842 -0.835573 0.052745 0.546842 -0.835573 0.052745 0.546842 -0.835573 -0.934214 0.256162 -0.248245 -0.934214 0.256162 -0.248245 -0.934214 0.256162 -0.248245 -0.996564 -0.021837 -0.079901 -0.996564 -0.021837 -0.079901 -0.996564 -0.021837 -0.079901 0.934503 0.255111 -0.248239 0.934503 0.255111 -0.24824 0.934503 0.255111 -0.24824 -0.052124 0.546901 -0.835573 -0.052124 0.546901 -0.835573 -0.052124 0.546901 -0.835573 -0.052124 0.546901 -0.835573 0.083773 -0.947184 -0.309556 -0.000504 -0.898367 -0.439245 -0.12874 -0.655971 -0.743726 0.130595 -0.704062 -0.698026 -0.000361 -0.646174 -0.76319 0.854202 -0.161809 -0.494122 0.370593 -0.17481 0.912197 0.910867 0.090264 -0.402708 0.910961 0.088345 -0.402922 0.909831 0.09151 0.404762 0.909647 0.083007 0.407003 0.908756 0.072959 0.410901 0.356775 0.02803 0.93377 -0.685344 -0.000371 0.72822 -0.685344 -0.000371 0.72822 -0.718806 0.029316 -0.694592 -0.717387 0.012386 0.696564 -0.695586 0.028742 -0.717868 -0.696321 0.027311 0.717211 0.520779 0.774887 0.358245 0.930213 0.242819 0.275213 0.520783 0.777231 -0.353125 0.930278 0.242981 -0.27485 0.930278 0.242981 -0.27485 0.520783 0.777231 -0.353125 -0.39439 -0.575312 0.716569 -0.399847 -0.575794 -0.71315 0.128006 -0.656115 -0.743725 -0.084837 -0.947089 -0.309556 -0.131383 -0.703915 -0.698027 -0.855415 -0.158911 -0.492964 -0.370795 -0.174392 0.912194 -0.910867 0.090266 -0.402708 -0.910959 0.088348 -0.402924 -0.909831 0.091512 0.404763 -0.909648 0.083009 0.407001 -0.908757 0.072961 0.410899 -0.356777 0.028031 0.933769 0.685342 -0.000373 0.728221 0.685342 -0.000373 0.728221 0.717386 0.012384 0.696566 0.718808 0.029314 -0.69459 0.695585 0.02874 -0.717868 0.696321 0.027309 0.717211 -0.513686 0.779363 0.358777 -0.928937 0.247306 0.275528 -0.513621 0.781717 -0.353711 -0.928986 0.247474 -0.275211 -0.928986 0.247474 -0.275211 -0.513621 0.781717 -0.353711 0.390127 -0.580314 0.714868 0.395603 -0.580878 -0.711392 0.996309 -0.020692 -0.083304 0.996309 -0.020691 -0.083304 0.996309 -0.020691 -0.083304 0.083773 -0.947184 -0.309556 0.043096 -0.998746 -0.025492 -0.000562 -0.999766 -0.02162 -0.000504 -0.898367 -0.439245 0.109588 -0.993306 -0.036511 0.109588 -0.993306 -0.036511 -0.000562 -0.999766 -0.02162 -0.04422 -0.998697 -0.025493 -0.084837 -0.947089 -0.309556 -0.000504 -0.898367 -0.439245 -0.110706 -0.993182 -0.036512 -0.110706 -0.993182 -0.036512</float_array>
          <technique_common>
            <accessor source="#GeometrySource4-array" count="396" stride="3">
              <param name="X" type="float"/>
              <param name="Y" type="float"/>
              <param name="Z" type="float"/>
            </accessor>
          </technique_common>
        </source>
        <source id="GeometrySource5" name="equip_006UV">
          <float_array id="GeometrySource5-array" count="792">0.406698 0.33327 0.440646 0.327975 0.429132 0.257899 0.408485 0.441001 0.440243 0.448212 0.414091 0.510503 0.544051 0.259189 0.519431 0.326882 0.566065 0.329788 0.522409 0.450099 0.569284 0.448183 0.537891 0.511192 0.671464 0.149714 0.550073 0.151239 0.570731 0.191181 0.656353 0.192003 0.914709 0.593408 0.986214 0.593281 0.986067 0.391387 0.915206 0.390907 0.275137 0.23332 0.382146 0.180415 0.382146 0.233071 0.115258 0.179906 0.382146 0.180415 0.04175 0.413829 0.114978 0.369331 0.120835 0.541423 0.052502 0.536142 0.959566 0.024852 0.714095 0.024884 0.718022 0.10911 0.955958 0.109957 0.535448 0.675294 0.72341 0.680559 0.544179 0.617189 0.563014 0.491848 0.702533 0.499254 0.754564 0.541932 0.850012 0.53305 0.850414 0.423147 0.754262 0.366916 0.275137 0.23332 0.382146 0.233071 0.382146 0.36296 0.261799 0.367181 0.382146 0.534895 0.266361 0.546694 0.115258 0.179906 0.114978 0.369331 0.186602 0.910525 0.040838 0.910525 0.040838 0.708256 0.186602 0.708256 0.412939 0.910525 0.412939 0.758824 0.561615 0.758824 0.561615 0.910525 0.665543 0.13569 0.591325 0.13569 0.571793 0.116159 0.685075 0.116159 0.571793 0.022409 0.685075 0.022409 0.41813 0.978612 0.547446 0.978462 0.547565 0.922528 0.417931 0.922149 0.337193 0.978607 0.337516 0.922341 0.45327 0.19811 0.45318 0.23792 0.49163 0.236879 0.51587 0.196522 0.544031 0.191947 0.543169 0.101629 0.517045 0.042278 0.491904 0.072587 0.337516 0.922341 0.252184 0.92242 0.253498 0.978769 0.337193 0.978607 0.189612 0.977855 0.189642 0.922558 0.047199 0.984263 0.046985 0.922853 0.491904 0.072587 0.517045 0.042278 0.452809 0.04217 0.453214 0.071916 0.45327 0.19811 0.51587 0.196522 0.491904 0.072587 0.453214 0.071916 0.177966 0.590295 0.090897 0.591057 0.087119 0.679281 0.179468 0.67943 0.184083 0.553335 0.085221 0.553474 0.090897 0.591057 0.177966 0.590295 0.059948 0.581502 0.064333 0.684429 0.087119 0.679281 0.090897 0.591057 0.079743 0.698422 0.184652 0.697787 0.179468 0.67943 0.087119 0.679281 0.201477 0.686707 0.208654 0.576322 0.177966 0.590295 0.179468 0.67943 0.706475 0.323191 0.706336 0.22317 0.815812 0.223276 0.816182 0.323331 0.713448 0.472914 0.582272 0.472744 0.582904 0.356924 0.714081 0.357094 0.871065 0.34606 0.853296 0.332531 0.975272 0.332531 0.957503 0.346061 0.975846 0.279631 0.853296 0.279631 0.717851 0.121428 0.773544 0.121428 0.773544 0.200134 0.717851 0.196386 0.960876 0.200134 0.960876 0.121428 0.525382 0.649059 0.422716 0.68223 0.45218 0.549133 0.516369 0.542149 0.317497 0.656989 0.316211 0.568501 0.416914 0.568472 0.417368 0.657456 0.90813 0.359301 0.859647 0.460405 0.905497 0.4856 0.406698 0.33327 0.429132 0.257899 0.440646 0.327975 0.408485 0.441001 0.440243 0.448212 0.414091 0.510503 0.544051 0.259189 0.519431 0.326882 0.566065 0.329788 0.522409 0.450099 0.569284 0.448183 0.537891 0.511192 0.671464 0.149714 0.656353 0.192003 0.570731 0.191181 0.550073 0.151239 0.914709 0.593408 0.915206 0.390907 0.275137 0.23332 0.115258 0.179906 0.04175 0.413829 0.120835 0.541423 0.114978 0.369331 0.052502 0.536142 0.959566 0.024852 0.955958 0.109957 0.718022 0.10911 0.714095 0.024884 0.544179 0.617189 0.563014 0.491848 0.702533 0.499254 0.754564 0.541932 0.850414 0.423147 0.850012 0.53305 0.754262 0.366916 0.275137 0.23332 0.261799 0.367181 0.266361 0.546694 0.115258 0.179906 0.114978 0.369331 0.186602 0.910525 0.186602 0.708256 0.040838 0.708256 0.040838 0.910525 0.412939 0.910525 0.561615 0.758824 0.412939 0.758824 0.561615 0.910525 0.665543 0.13569 0.685075 0.116159 0.571793 0.116159 0.591325 0.13569 0.571793 0.022409 0.685075 0.022409 0.41813 0.978612 0.417931 0.922149 0.337193 0.978607 0.337516 0.922341 0.49163 0.236879 0.51587 0.196522 0.544031 0.191947 0.543169 0.101629 0.517045 0.042278 0.491904 0.072587 0.337516 0.922341 0.337193 0.978607 0.253498 0.978769 0.252184 0.92242 0.189612 0.977855 0.189642 0.922558 0.047199 0.984263 0.046985 0.922853 0.491904 0.072587 0.517045 0.042278 0.491904 0.072587 0.51587 0.196522 0.177966 0.590295 0.179468 0.67943 0.087119 0.679281 0.090897 0.591057 0.184083 0.553335 0.177966 0.590295 0.090897 0.591057 0.085221 0.553474 0.059948 0.581502 0.090897 0.591057 0.087119 0.679281 0.064333 0.684429 0.079743 0.698422 0.087119 0.679281 0.179468 0.67943 0.184652 0.697787 0.201477 0.686707 0.179468 0.67943 0.177966 0.590295 0.208654 0.576322 0.706475 0.323191 0.816182 0.323331 0.815812 0.223276 0.706336 0.22317 0.713448 0.472914 0.714081 0.357094 0.582904 0.356924 0.582272 0.472744 0.871065 0.34606 0.957503 0.346061 0.975272 0.332531 0.853296 0.332531 0.975846 0.279631 0.853296 0.279631 0.717851 0.121428 0.717851 0.196386 0.773544 0.200134 0.773544 0.121428 0.960876 0.200134 0.960876 0.121428 0.525382 0.649059 0.516369 0.542149 0.45218 0.549133 0.422716 0.68223 0.317497 0.656989 0.417368 0.657456 0.416914 0.568472 0.316211 0.568501 0.90813 0.359301 0.905497 0.4856 0.859647 0.460405 0.382039 0.009297 0.380509 0.058443 0.444487 0.0464 0.300324 0.009428 0.303227 0.057653 0.237427 0.04431 0.379502 0.103292 0.303973 0.103791 0.234961 0.168606 0.299854 0.155875 0.384776 0.156231 0.448244 0.170557 0.379502 0.103292 0.303973 0.103791 0.299854 0.155875 0.384776 0.156231 0.018139 0.311968 0.069439 0.311523 0.068971 0.180881 0.018686 0.181292 0.160007 0.007194 0.222455 0.044297 0.158477 0.05634 0.078292 0.007325 0.081194 0.05555 0.015395 0.042207 0.15747 0.101189 0.081941 0.101688 0.012929 0.166503 0.077822 0.153772 0.162744 0.154128 0.226212 0.168454 0.15747 0.101189 0.162744 0.154128 0.077822 0.153772 0.081941 0.101688 0.018139 0.311968 0.018686 0.181292 0.068971 0.180881 0.069439 0.311523 0.316211 0.568501 0.317497 0.656989 0.224652 0.656989 0.224293 0.568501 0.859647 0.460405 0.90813 0.359301 0.854596 0.372962 0.850414 0.423147 0.754262 0.366916 0.822884 0.336877 0.90813 0.359301 0.859647 0.460405 0.854596 0.372962 0.317497 0.656989 0.316211 0.568501 0.224293 0.568501 0.224652 0.656989 0.75643 0.712767 0.986205 0.712638 0.914709 0.593408 0.821379 0.592852 0.986214 0.593281 0.754188 0.616397 0.120835 0.541423 0.234821 0.910525 0.234821 0.708256 0.368738 0.910525 0.368738 0.755849 0.368738 0.696358 0.412939 0.696358 0.561615 0.696358 0.609147 0.969647 0.624928 0.740818 0.711725 0.969647 0.956334 0.740818 0.956334 0.969647 0.68328 0.223148 0.683399 0.323162 0.574465 0.22343 0.574833 0.323191 0.741896 0.473021 0.742531 0.356914 0.853296 0.219861 0.976419 0.220687 0.914709 0.593408 0.75643 0.712767 0.821379 0.592852 0.754188 0.616397 0.120835 0.541423 0.234821 0.910525 0.234821 0.708256 0.368738 0.910525 0.368738 0.755849 0.368738 0.696358 0.412939 0.696358 0.561615 0.696358 0.609147 0.969647 0.711725 0.969647 0.624928 0.740818 0.956334 0.740818 0.956334 0.969647 0.68328 0.223148 0.683399 0.323162 0.574465 0.22343 0.574833 0.323191 0.741896 0.473021 0.742531 0.356914 0.853296 0.219861 0.976419 0.220687 0.754262 0.366916 0.850414 0.423147 0.822884 0.336877 0.694744 0.686032 0.614375 0.716383 0.612707 0.734883 0.70678 0.736031 0.626597 0.692847 0.63664 0.68568 0.612714 0.734599 0.614382 0.7161 0.694751 0.685749 0.706787 0.735747 0.636647 0.685397 0.626604 0.692563</float_array>
          <technique_common>
            <accessor source="#GeometrySource5-array" count="396" stride="2">
              <param name="S" type="float"/>
              <param name="T" type="float"/>
            </accessor>
          </technique_common>
        </source>
        <vertices id="Geometry1-vertices">
          <input semantic="POSITION" source="#GeometrySource3"/>
          <input semantic="NORMAL" source="#GeometrySource4"/>
          <input semantic="TEXCOORD" source="#GeometrySource5"/>
        </vertices>
        <triangles material="VisualMaterial10" count="286">
          <input semantic="VERTEX" source="#Geometry1-vertices" offset="0"/>
          <p>0 1 2 3 1 0 3 4 1 5 4 3 1 6 2 4 7 1 1 7 6 7 8 6 9 8 7 5 9 4 4 9 7 9 10 8 5 11 9 11 10 9 12 13 14 12 14 15 16 17 18 16 18 19 20 21 22 20 23 24 25 26 27 25 27 28 29 30 31 29 31 32 33 34 35 34 36 35 34 37 36 38 39 40 38 40 41 42 43 44 42 44 45 45 44 46 45 46 47 45 48 42 45 49 48 50 51 52 50 52 53 54 55 56 54 56 57 58 59 60 58 60 61 61 60 62 61 62 63 64 65 66 64 66 67 67 68 64 67 69 68 70 71 72 70 72 73 72 74 73 74 75 73 73 75 76 73 76 77 78 79 80 78 80 81 79 82 80 79 83 82 84 82 83 84 83 85 86 87 88 86 88 89 90 91 92 90 92 93 94 95 96 94 96 97 98 99 100 98 100 101 102 103 104 102 104 105 106 107 108 106 108 109 110 111 112 110 112 113 114 115 116 114 116 117 118 119 120 118 120 121 122 123 124 122 124 125 123 126 124 123 127 126 128 129 130 128 130 131 132 130 129 132 129 133 134 135 136 134 136 137 138 139 140 138 140 141 142 143 144 145 146 147 148 145 147 148 147 149 150 148 149 147 146 151 149 147 152 147 151 152 152 151 153 154 152 153 149 152 154 150 149 154 154 153 155 156 154 155 150 154 156 157 158 159 157 159 160 161 18 17 161 162 18 163 22 21 163 24 164 165 166 167 165 168 166 169 170 171 169 171 172 33 173 34 34 173 174 34 174 175 176 177 178 176 179 177 180 44 43 181 46 44 180 181 44 181 182 46 181 183 184 181 180 183 185 186 187 185 187 188 189 190 191 189 192 190 193 194 195 193 195 196 194 197 195 194 198 197 199 66 65 199 200 66 200 199 201 200 201 202 70 203 71 70 204 203 203 204 205 205 204 206 204 207 206 204 208 207 209 210 211 209 211 212 212 211 213 212 213 214 215 214 213 215 216 214 217 89 88 217 88 218 90 93 219 90 219 220 221 222 223 221 223 224 225 226 227 225 227 228 229 230 231 229 231 232 233 234 235 233 235 236 237 238 239 237 239 240 241 242 243 241 243 244 245 246 247 245 247 248 249 250 251 249 251 252 252 251 253 252 253 254 255 256 257 255 257 258 259 258 257 259 260 258 261 262 263 261 263 264 265 266 267 265 267 268 269 270 271 272 273 274 275 273 272 275 276 273 275 277 276 276 278 273 274 273 278 279 276 277 276 279 278 279 277 280 279 280 281 274 278 282 274 282 283 284 285 286 284 286 287 288 289 290 288 290 291 292 293 294 295 292 294 295 294 296 295 296 297 293 298 294 296 294 298 296 298 299 299 297 296 299 300 297 299 301 300 293 302 298 293 303 302 304 305 306 304 306 307 308 309 310 308 310 311 312 313 314 312 314 315 316 317 318 319 320 321 322 323 324 325 326 327 325 327 328 329 330 331 329 331 332 330 333 331 23 26 25 334 39 38 47 49 45 47 335 49 53 336 50 53 337 336 337 338 336 337 339 338 337 340 339 340 55 339 340 341 55 56 55 341 339 55 54 339 54 338 56 341 342 343 344 345 345 344 346 345 346 347 348 115 114 348 114 349 350 348 349 350 349 351 121 352 118 121 353 352 354 126 127 354 355 126 330 356 333 357 356 330 357 358 356 164 165 167 359 176 178 182 181 184 182 184 360 186 185 361 186 361 362 362 361 363 362 363 364 362 364 365 365 364 191 365 191 366 190 366 191 364 363 189 364 189 191 190 367 366 368 369 370 369 371 370 369 372 371 373 241 244 373 374 241 375 374 373 375 376 374 246 245 377 246 377 378 379 254 253 379 253 380 381 382 383 384 385 386 384 386 387 384 388 385 384 389 388 390 391 392 390 392 393 391 394 392 391 395 394</p>
        </triangles>
      </mesh>
    </geometry>
    <geometry id="Geometry2" name="role_001">
      <mesh>
        <source id="GeometrySource6" name="role_001Pos">
          <float_array id="GeometrySource6-array" count="450">-0.09556 1.07944 0.118394 0.098387 1.07933 0.118395 0.099309 1.31619 0.118374 -0.096188 1.3163 0.118373 0.098387 1.07933 0.118395 0.098388 1.07922 -0.075552 0.09931 1.31608 -0.077124 0.099309 1.31619 0.118374 0.098388 1.07922 -0.075552 -0.095559 1.07933 -0.075553 -0.096188 1.31619 -0.077125 0.09931 1.31608 -0.077124 -0.095559 1.07933 -0.075553 -0.09556 1.07944 0.118394 -0.096188 1.3163 0.118373 -0.096188 1.31619 -0.077125 -0.3593 1.07711 0.138782 -0.32365 0.862027 0.188907 -0.280058 1.13008 0.105828 -0.379866 1.10507 0.107689 -0.6164 0.977542 0.116098 -0.601531 0.946766 0.15101 -0.56338 1.006 -0.050217 -0.379863 1.10499 -0.043698 -0.5449 0.977059 -0.084158 -0.359296 1.07699 -0.07469 -0.280057 1.12999 -0.062649 -0.326701 0.909419 0.138916 0.359788 1.07671 0.138783 0.380386 1.10464 0.10769 0.280607 1.12977 0.10583 0.323897 0.861663 0.188909 0.616777 0.976848 0.1161 0.601872 0.946089 0.151012 0.563788 1.00537 -0.050215 0.380383 1.10456 -0.043697 0.545277 0.976445 -0.084156 0.359785 1.07659 -0.074688 0.327 0.909051 0.138918 -0.270877 0.632938 -0.095779 -0.257989 0.768959 -0.100137 0.000076 0.778352 -0.147221 -0.000001 0.632948 -0.148426 -0.323845 0.632938 -0.054688 -0.308453 0.768961 -0.073466 -0.000000 0.496112 -0.127777 -0.0349 0.496112 -0.121257 -0.333451 0.532384 -0.051473 -0.282644 0.512444 -0.098679 -0.295771 0.33503 -0.11008 -0.036895 0.33503 -0.110079 -0.353608 0.334931 -0.058132 -0.270877 0.632938 0.244456 -0.000003 0.615854 0.292679 0.00008 0.786638 0.281579 -0.25799 0.769013 0.225716 -0.308453 0.769001 0.168317 -0.323845 0.632938 0.186417 -0.275132 0.587263 0.246986 -0.034612 0.496112 0.257768 -0.294958 0.339295 0.24661 -0.036339 0.338983 0.255295 -0.352635 0.338966 0.194586 -0.328933 0.587263 0.190032 0 0.496112 0.270753 -0.653186 0.957563 -0.053408 -0.643112 0.924178 -0.089168 -0.508121 0.782251 0.150514 -0.699894 0.647824 0.162772 -0.815964 0.831379 0.161834 -0.326698 0.909301 -0.074699 -0.457297 0.817803 -0.083563 -0.323649 0.86185 -0.125725 -0.546792 0.755102 -0.089637 -0.817852 0.830092 -0.098083 -0.701752 0.646536 -0.100157 -0.837208 0.858306 -0.059947 -0.835649 0.859333 0.12389 -0.508121 0.782251 0.150514 -0.699894 0.647824 0.162772 -0.326701 0.909419 0.138916 -0.32365 0.862027 0.188907 -0.036339 0.338983 0.255295 -0.036895 0.33503 -0.110079 -0.0349 0.496112 -0.121257 -0.034612 0.496112 0.257768 -0.333451 0.532384 -0.051473 -0.353608 0.334931 -0.058132 -0.352635 0.338966 0.194586 -0.328933 0.587263 0.190032 -0.323845 0.632938 -0.054688 -0.323845 0.632938 0.186417 -0.308453 0.768961 -0.073466 -0.308453 0.769001 0.168317 0.270876 0.632937 -0.095779 0.258132 0.768669 -0.100135 0.323845 0.632937 -0.054688 0.308595 0.768614 -0.073464 0.0349 0.496112 -0.121257 0.333451 0.532383 -0.051473 0.282643 0.512443 -0.098679 0.295771 0.335029 -0.110079 0.036894 0.33503 -0.110079 0.353607 0.33493 -0.058131 0.270877 0.632938 0.244456 0.258131 0.768722 0.225717 0.308594 0.768654 0.168319 0.323845 0.632937 0.186416 0.275132 0.587263 0.246986 0.034612 0.496112 0.257768 0.294956 0.339294 0.246611 0.036337 0.338983 0.255295 0.352633 0.338965 0.194587 0.328933 0.587263 0.190032 0.280607 1.12967 -0.062647 0.326998 0.908933 -0.074698 0.65354 0.956827 -0.053406 0.643429 0.923454 -0.089165 0.508277 0.781678 0.150516 0.699899 0.647036 0.162774 0.816175 0.83046 0.161836 0.457494 0.817288 -0.083562 0.546918 0.754487 -0.089636 0.818063 0.829171 -0.098081 0.701757 0.645746 -0.100155 0.835892 0.858392 0.123893 0.83745 0.857363 -0.059944 0.508277 0.781678 0.150516 0.699899 0.647036 0.162774 0.327 0.909051 0.138918 0.323898 0.861486 -0.125723 0.323897 0.861663 0.188909 0.036337 0.338983 0.255295 0.034612 0.496112 0.257768 0.0349 0.496112 -0.121257 0.036894 0.33503 -0.110079 0.333451 0.532383 -0.051473 0.328933 0.587263 0.190032 0.352633 0.338965 0.194587 0.353607 0.33493 -0.058131 0.323845 0.632937 -0.054688 0.323845 0.632937 0.186416 0.308595 0.768614 -0.073464 0.308594 0.768654 0.168319 -0.0349 0.496112 -0.121257 -0.000000 0.496112 -0.127777 0 0.496112 0.270753 -0.034612 0.496112 0.257768 0.0349 0.496112 -0.121257 0.034612 0.496112 0.257768</float_array>
          <technique_common>
            <accessor source="#GeometrySource6-array" count="150" stride="3">
              <param name="X" type="float"/>
              <param name="Y" type="float"/>
              <param name="Z" type="float"/>
            </accessor>
          </technique_common>
        </source>
        <source id="GeometrySource7" name="role_001Nrm">
          <float_array id="GeometrySource7-array" count="450">-0.000003 0.000088 1 -0.000003 0.000088 1 -0.000003 0.000089 1 -0.000003 0.000089 1 0.999992 -0.003892 0.000005 0.999992 -0.003892 0.000005 0.999992 -0.003893 0.000005 0.999992 -0.003893 0.000005 -0.000000 -0.006635 -0.999978 -0.000000 -0.006635 -0.999978 -0.000000 -0.006637 -0.999978 -0.000000 -0.006637 -0.999978 -0.999996 -0.002654 -0.000001 -0.999996 -0.002654 -0.000001 -0.999996 -0.002654 -0.000001 -0.999996 -0.002654 -0.000001 -0.17812 0.392606 0.902294 -0.856223 0.053203 0.51386 -0.264484 0.849458 0.456585 -0.330411 0.864533 0.378697 -0.426436 0.821415 0.378721 -0.147251 0.35901 0.921645 -0.424559 0.818644 -0.386745 -0.359536 0.858515 -0.36563 -0.141709 0.351217 -0.925508 -0.099207 0.331681 -0.938161 -0.255603 0.797632 -0.546305 -0.391404 -0.21459 0.894849 0.178563 0.392403 0.902294 0.331384 0.86416 0.378699 0.265442 0.849159 0.456584 0.856283 0.052266 0.513856 0.427359 0.820934 0.378723 0.147651 0.358843 0.921646 0.425482 0.818166 -0.386743 0.360505 0.858109 -0.365629 0.142108 0.351058 -0.925507 0.099583 0.331569 -0.938161 0.391166 -0.215012 0.894852 -0.384412 0.004063 -0.923153 -0.360218 -0.008046 -0.932834 0.000001 -0.002626 -0.999997 -0.000008 -0.074524 -0.997219 -0.897552 0.075597 -0.434379 -0.852492 0.049162 -0.520423 -0.000000 -0.147577 -0.989051 0.190457 -0.080025 -0.978428 -0.907185 0.09597 -0.409641 -0.382819 0.051972 -0.92236 -0.384201 0.053007 -0.921726 0.701545 -0.006712 -0.712593 -0.907341 0.105393 -0.406971 -0.45759 0.095843 0.883983 -0.000006 -0.065823 0.997831 0.000055 0.104984 0.994474 -0.480659 0.140772 0.865535 -0.930634 0.147428 0.33494 -0.922617 0.133244 0.361971 -0.399726 0.067879 0.914118 0.206133 -0.124106 0.970622 -0.411337 0.035146 0.910805 0.697016 -0.012031 0.716955 -0.921079 0.08986 0.378865 -0.919214 0.103554 0.379897 0.000000 -0.224064 0.974575 -0.4278 0.823458 -0.372698 -0.151516 0.368546 -0.917179 0.43483 -0.561816 0.703766 0.434684 -0.56091 0.704578 -0.16159 0.384032 0.90907 -0.746589 -0.200939 -0.634215 0.436253 -0.562028 -0.702715 -0.991077 0.062762 -0.117591 0.435086 -0.55908 -0.705783 -0.16259 0.387397 -0.907463 0.432435 -0.554524 -0.710987 -0.429812 0.826308 -0.363973 -0.430175 0.826972 0.362031 0.43483 -0.561816 0.703766 0.434684 -0.56091 0.704578 -0.391404 -0.21459 0.894849 -0.856223 0.053203 0.51386 0.697016 -0.012031 0.716955 0.701545 -0.006712 -0.712593 0.190457 -0.080025 -0.978428 0.206133 -0.124106 0.970622 -0.907185 0.09597 -0.409641 -0.907341 0.105393 -0.406971 -0.921079 0.08986 0.378865 -0.919214 0.103554 0.379897 -0.897552 0.075597 -0.434379 -0.922617 0.133244 0.361971 -0.852492 0.049162 -0.520423 -0.930634 0.147428 0.33494 0.384411 0.004063 -0.923153 0.360214 -0.008451 -0.932831 0.897551 0.075597 -0.434381 0.85255 0.048202 -0.520418 -0.190457 -0.080025 -0.978428 0.907185 0.095969 -0.40964 0.38282 0.051971 -0.92236 0.384204 0.053006 -0.921726 -0.701544 -0.00671 -0.712595 0.907342 0.10539 -0.406969 0.457591 0.095843 0.883982 0.480812 0.140231 0.865538 0.930797 0.14638 0.334946 0.922618 0.133244 0.361969 0.399727 0.067878 0.914118 -0.206133 -0.124106 0.970622 0.411335 0.035145 0.910806 -0.697018 -0.012029 0.716953 0.921078 0.089857 0.378867 0.919215 0.103552 0.379897 0.256507 0.797344 -0.546302 0.746382 -0.201764 -0.634197 0.428728 0.822976 -0.372696 0.151935 0.368376 -0.917178 -0.435465 -0.561326 0.703764 -0.435318 -0.560421 0.704576 0.162019 0.383849 0.909071 -0.436883 -0.561536 -0.702717 -0.435713 -0.558589 -0.705785 0.163029 0.387214 -0.907462 -0.433056 -0.554036 -0.710989 0.431104 0.826487 0.362033 0.430744 0.825824 -0.363971 -0.435465 -0.561326 0.703764 -0.435318 -0.560421 0.704576 0.391166 -0.215012 0.894852 0.991149 0.061663 -0.117565 0.856283 0.052266 0.513856 -0.697018 -0.012029 0.716953 -0.206133 -0.124106 0.970622 -0.190457 -0.080025 -0.978428 -0.701544 -0.00671 -0.712595 0.907185 0.095969 -0.40964 0.919215 0.103552 0.379897 0.921078 0.089857 0.378867 0.907342 0.10539 -0.406969 0.897551 0.075597 -0.434381 0.922618 0.133244 0.361969 0.85255 0.048202 -0.520418 0.930797 0.14638 0.334946 -0.000000 -1 0.000000 -0.000000 -1 0 -0.000000 -1 0 -0.000000 -1 0.000000 -0.000000 -1 0.000000 -0.000000 -1 0.000000</float_array>
          <technique_common>
            <accessor source="#GeometrySource7-array" count="150" stride="3">
              <param name="X" type="float"/>
              <param name="Y" type="float"/>
              <param name="Z" type="float"/>
            </accessor>
          </technique_common>
        </source>
        <source id="GeometrySource8" name="role_001UV">
          <float_array id="GeometrySource8-array" count="300">0.023326 0.624629 0.023326 0.738871 0.139985 0.738871 0.139985 0.624629 0.023092 0.505335 0.023092 0.619577 0.139751 0.619577 0.139751 0.505335 0.023649 0.74143 0.023649 0.855673 0.140308 0.855673 0.140308 0.741431 0.023649 0.85904 0.023649 0.973282 0.140308 0.973282 0.140308 0.85904 0.811167 0.104863 1.00421 0.147578 0.837049 0.045543 0.768087 0.104177 0.76886 0.339632 0.813246 0.34045 0.624762 0.291744 0.624405 0.101972 0.580828 0.29189 0.571653 0.101973 0.57974 0.026385 0.95888 0.156072 0.811167 0.104863 0.768087 0.104177 0.816234 0.029552 1.00421 0.147578 0.76886 0.339632 0.813246 0.34045 0.624762 0.291744 0.624405 0.101972 0.580828 0.29189 0.571653 0.101973 0.95888 0.156072 0.907396 0.627126 0.895244 0.502917 0.58161 0.503283 0.58161 0.627126 0.971102 0.627126 0.956574 0.502953 0.58161 0.767805 0.622925 0.767805 0.986811 0.767805 0.920536 0.767805 0.920536 0.9864 0.621222 0.9864 0.986811 0.9864 0.23852 0.630188 0.554569 0.630188 0.554569 0.503014 0.250597 0.502923 0.189642 0.502959 0.175203 0.630188 0.22546 0.774329 0.505104 0.774329 0.22546 0.981521 0.512874 0.981521 0.15959 0.981521 0.15959 0.774329 0.554569 0.774329 0.624941 0.387461 0.580989 0.386849 0.958162 0.359648 0.974255 0.478972 0.813982 0.479072 0.433198 0.155576 0.433648 0.318908 0.415706 0.131967 0.433623 0.400573 0.581149 0.478974 0.421799 0.479058 0.625119 0.478918 0.770002 0.479102 0.280309 0.359082 0.280309 0.478799 0.280309 0.156051 0.267595 0.134404 0.25658 0.103276 0.427781 0.100561 0.426918 0.019725 0.238134 0.0294 0.219006 0.354021 0.232323 0.46178 0.024593 0.466149 0.018573 0.354006 0.218194 0.209763 0.018811 0.244437 0.224092 0.016233 0.019918 0.035894 0.907396 0.627126 0.895244 0.502917 0.971102 0.627126 0.956574 0.502953 0.622925 0.767805 0.986811 0.767805 0.920536 0.767805 0.920536 0.9864 0.621222 0.9864 0.986811 0.9864 0.23852 0.630188 0.250597 0.502923 0.189642 0.502959 0.175203 0.630188 0.22546 0.774329 0.505104 0.774329 0.22546 0.981521 0.512874 0.981521 0.15959 0.981521 0.15959 0.774329 0.531228 0.050007 0.433198 0.155576 0.624941 0.387461 0.580989 0.386849 0.958162 0.359648 0.974255 0.478972 0.813982 0.479072 0.433648 0.318908 0.433623 0.400573 0.581149 0.478974 0.421799 0.479058 0.770002 0.479102 0.625119 0.478918 0.280309 0.359082 0.280309 0.478799 0.280309 0.156051 0.415706 0.131967 0.267595 0.134404 0.25658 0.103276 0.238134 0.0294 0.426918 0.019725 0.427781 0.100561 0.219006 0.354021 0.018573 0.354006 0.024593 0.466149 0.232323 0.46178 0.218194 0.209763 0.018811 0.244437 0.224092 0.016233 0.019918 0.035894 0.598767 0.798996 0.537904 0.796249 0.537904 0.96412 0.607775 0.960399 0.598767 0.798996 0.607775 0.960399</float_array>
          <technique_common>
            <accessor source="#GeometrySource8-array" count="150" stride="2">
              <param name="S" type="float"/>
              <param name="T" type="float"/>
            </accessor>
          </technique_common>
        </source>
        <vertices id="Geometry2-vertices">
          <input semantic="POSITION" source="#GeometrySource6"/>
          <input semantic="NORMAL" source="#GeometrySource7"/>
          <input semantic="TEXCOORD" source="#GeometrySource8"/>
        </vertices>
        <triangles material="VisualMaterial20" count="160">
          <input semantic="VERTEX" source="#Geometry2-vertices" offset="0"/>
          <p>0 1 2 0 2 3 4 5 6 4 6 7 8 9 10 8 10 11 12 13 14 12 14 15 16 17 18 16 19 20 16 20 21 19 22 20 19 23 22 23 24 22 25 23 26 23 25 24 16 27 17 28 29 30 28 30 31 28 32 29 28 33 32 29 32 34 29 34 35 35 34 36 35 36 37 28 31 38 39 40 41 39 41 42 40 39 43 40 43 44 39 42 45 39 45 46 39 47 43 39 48 47 46 48 39 49 48 46 49 46 50 48 51 47 48 49 51 52 53 54 52 54 55 56 52 55 56 57 52 57 58 52 58 59 52 59 53 52 60 59 58 60 61 59 58 62 60 58 63 62 57 63 58 59 64 53 18 19 16 18 23 19 18 26 23 22 65 20 24 65 22 24 66 65 67 16 21 68 67 21 20 69 21 68 21 69 67 27 16 70 25 26 24 25 70 24 70 71 66 24 71 70 26 72 66 71 73 74 66 73 74 73 75 66 74 76 66 76 65 65 76 77 20 77 69 65 77 20 70 78 71 78 73 71 78 75 73 78 79 75 80 70 72 70 80 78 80 72 81 82 83 84 82 84 85 86 87 88 86 88 89 90 86 89 90 89 91 92 90 91 92 91 93 94 42 41 94 45 42 94 41 95 95 96 94 95 97 96 94 98 45 94 96 99 94 99 100 98 94 100 101 98 100 101 102 98 100 103 101 100 99 103 104 54 53 104 105 54 106 105 104 106 104 107 107 104 108 108 104 109 109 53 64 109 104 53 110 108 109 110 109 111 108 110 112 108 112 113 107 108 113 30 29 35 30 35 114 114 35 37 115 114 37 32 116 34 34 116 117 34 117 36 33 28 38 33 38 118 119 33 118 119 120 33 121 115 37 121 37 36 122 36 117 122 121 36 116 123 117 123 122 117 123 124 122 33 125 32 33 120 125 32 126 116 116 126 123 32 125 126 127 121 122 127 115 121 124 127 122 124 128 127 127 129 115 129 130 115 115 130 114 129 131 130 132 133 134 132 134 135 136 137 138 136 138 139 140 137 136 140 141 137 142 141 140 142 143 141 144 145 146 144 146 147 148 146 145 148 149 146</p>
        </triangles>
      </mesh>
    </geometry>
  </library_geometries>
  <library_controllers>
    <controller id="Controller">
      <skin source="#Geometry">
        <bind_shape_matrix>1 0 0 0 0 1 0 0 0 0 1 0 0 0 0 1</bind_shape_matrix>
        <source id="Controller-joints">
          <Name_array id="Controller-joints-array" count="25">Bip01_L_Clavicle Bip01_L_UpperArm Bip01_R_Clavicle Bip01_R_UpperArm Bip01_Pelvis Bip01_Spine Bip01_Spine1 Bip01_Neck Bip01_Head Bip01_HeadNub Bip01_L_Forearm Bip01_L_Hand Bip01_R_Forearm Bip01_R_Hand Bip01_L_Thigh Bip01_L_Calf Bip01_L_Foot Bip01_L_Toe0 Bip01_R_Thigh Bip01_R_Calf Bip01_R_Foot Bip01_R_Toe0 Bip01 UpBodyRotate Role06</Name_array>
          <technique_common>
            <accessor source="#Controller-joints-array" count="25" stride="1">
              <param name="JOINT" type="Name"/>
            </accessor>
          </technique_common>
        </source>
        <source id="Controller-bind_poses">
          <float_array id="Controller-bind_poses-array" count="400">0.961054 -0.265368 -0.077161 0.227823 -0.093695 -0.050202 -0.994334 0.0843 0.259991 0.962839 -0.07311 -1.06319 0 0 0 1 0.860194 -0.509912 0.00741 0.259871 0.05651 0.080867 -0.995121 -0.09537 0.506825 0.856417 0.098377 -1.03018 0 0 0 1 -0.961353 -0.264286 -0.077162 0.227128 0.093639 -0.050308 -0.994334 0.084369 0.258907 -0.963131 0.073111 1.06337 0 0 0 1 -0.860768 -0.508943 0.00741 0.259249 -0.056418 0.08093 -0.995122 -0.09541 0.505861 -0.856987 -0.098376 1.03054 0 0 0 1 0 1 0 -0.562364 0.000001 0 1 -0.056176 1 0 -0.000001 0 0 0 0 1 0.000562 1 0.000233 -0.642601 -0.000003 -0.000233 1 -0.07658 1 -0.000562 0.000003 0.000361 0 0 0 1 0.000562 0.998765 -0.049682 -0.850199 0.000024 0.049682 0.998765 -0.118962 1 -0.000562 0.000003 0.000361 0 0 0 1 0.000562 0.999997 -0.002577 -1.16402 -0.000001 0.002577 0.999997 -0.057511 1 -0.000562 0.000003 0.000361 0 0 0 1 0.000562 1 -0.000564 -1.22999 -0.000002 0.000564 1 -0.055035 1 -0.000562 0.000003 0.000361 0 0 0 1 0.000562 1 -0.000564 -1.9539 -0.000002 0.000564 1 -0.055035 1 -0.000562 0.000003 0.000361 0 0 0 1 0.85016 -0.515458 0.10738 -0.055061 0.142671 0.029213 -0.989339 -0.101418 0.506825 0.856417 0.098377 -1.03018 0 0 0 1 0.85016 -0.515458 0.10738 -0.264798 -0.506712 -0.856393 -0.099165 1.03009 0.143075 0.029895 -0.98926 -0.102238 0 0 0 1 -0.85074 -0.5145 0.107379 -0.055676 -0.142637 0.029373 -0.989339 -0.10152 0.505861 -0.856987 -0.098376 1.03054 0 0 0 1 -0.85074 -0.5145 0.107379 -0.265413 0.505747 -0.856963 -0.099164 1.03046 0.14304 -0.030056 0.98926 0.102341 0 0 0 1 0.036504 -0.980395 0.193631 0.53362 -0.017088 0.193119 0.981026 -0.160511 -0.999187 -0.039121 -0.009704 0.20979 0 0 0 1 0.039126 -0.999234 -0.000395 0.269083 -0.009681 -0.000775 0.999953 -0.110399 -0.999187 -0.039121 -0.009704 0.20979 0 0 0 1 -0.000001 -1 0.000000 0.00466 0.000000 0.000000 1 -0.112429 -1 0.000001 0.000000 0.208686 0 0 0 1 0.000000 0.000000 1 -0.247529 0.000001 1 -0.000000 -0.00106 -1 0.000001 0.000000 0.208686 0 0 0 1 -0.036507 -0.980395 0.193631 0.53362 0.017089 0.193119 0.981026 -0.160511 -0.999187 0.039124 0.009704 -0.209792 0 0 0 1 -0.039129 -0.999234 -0.000395 0.269082 0.009681 -0.000775 0.999953 -0.110399 -0.999187 0.039124 0.009704 -0.209792 0 0 0 1 -0.000001 -1 0.000000 0.00466 -0.000000 0.000000 1 -0.112429 -1 0.000001 -0.000000 -0.208688 0 0 0 1 -0.000000 0.000000 1 -0.247529 0.000001 1 -0.000000 -0.00106 -1 0.000001 -0.000000 -0.208688 0 0 0 1 0 0 1 -0.056176 1 0 0 0 0 1 0 -0.562364 0 0 0 1 0 1 0 -0.642583 -0.000038 0 1 -0.07673 1 0 0.000038 -0.000002 0 0 0 1 1 0 0 0 0 1 0 0 0 0 1 0 0 0 0 1</float_array>
          <technique_common>
            <accessor source="#Controller-bind_poses-array" count="25" stride="16">
              <param name="TRANSFORM" type="float4x4"/>
            </accessor>
          </technique_common>
        </source>
        <source id="Controller-weights">
          <float_array id="Controller-weights-array" count="1">1</float_array>
          <technique_common>
            <accessor source="#Controller-weights-array" count="1" stride="1">
              <param name="WEIGHT" type="float"/>
            </accessor>
          </technique_common>
        </source>
        <joints>
          <input semantic="JOINT" source="#Controller-joints"/>
          <input semantic="INV_BIND_MATRIX" source="#Controller-bind_poses"/>
        </joints>
        <vertex_weights count="185">
          <input semantic="JOINT" source="#Controller-joints" offset="0"/>
          <input semantic="WEIGHT" source="#Controller-weights" offset="1"/>
          <vcount>1 1 1 1 1 1 1 1 1 1 1 1 1 1 1 1 1 1 1 1 1 1 1 1 1 1 1 1 1 1 1 1 1 1 1 1 1 1 1 1 1 1 1 1 1 1 1 1 1 1 1 1 1 1 1 1 1 1 1 1 1 1 1 1 1 1 1 1 1 1 1 1 1 1 1 1 1 1 1 1 1 1 1 1 1 1 1 1 1 1 1 1 1 1 1 1 1 1 1 1 1 1 1 1 1 1 1 1 1 1 1 1 1 1 1 1 1 1 1 1 1 1 1 1 1 1 1 1 1 1 1 1 1 1 1 1 1 1 1 1 1 1 1 1 1 1 1 1 1 1 1 1 1 1 1 1 1 1 1 1 1 1 1 1 1 1 1 1 1 1 1 1 1 1 1 1 1 1 1 1 1 1 1 1 1 </vcount>
          <v>8 0 8 0 8 0 8 0 8 0 8 0 8 0 8 0 8 0 8 0 8 0 8 0 8 0 8 0 8 0 8 0 8 0 8 0 8 0 8 0 8 0 8 0 8 0 8 0 8 0 8 0 8 0 8 0 8 0 8 0 8 0 8 0 8 0 8 0 8 0 8 0 8 0 8 0 8 0 8 0 8 0 8 0 8 0 8 0 8 0 8 0 8 0 8 0 8 0 8 0 8 0 8 0 8 0 8 0 8 0 8 0 8 0 8 0 8 0 8 0 8 0 8 0 8 0 8 0 8 0 8 0 8 0 8 0 8 0 8 0 8 0 8 0 8 0 8 0 8 0 8 0 8 0 8 0 8 0 8 0 8 0 8 0 8 0 8 0 8 0 8 0 8 0 8 0 8 0 8 0 8 0 8 0 8 0 8 0 8 0 8 0 8 0 8 0 8 0 8 0 8 0 8 0 8 0 8 0 8 0 8 0 8 0 8 0 8 0 8 0 8 0 8 0 8 0 8 0 8 0 8 0 8 0 8 0 8 0 8 0 8 0 8 0 8 0 8 0 8 0 8 0 8 0 8 0 8 0 8 0 8 0 8 0 8 0 8 0 8 0 8 0 8 0 8 0 8 0 8 0 8 0 8 0 8 0 8 0 8 0 8 0 8 0 8 0 8 0 8 0 8 0 8 0 8 0 8 0 8 0 8 0 8 0 8 0 8 0 8 0 8 0 8 0 8 0 8 0 8 0 8 0 8 0 8 0 8 0 8 0 8 0 8 0 8 0 8 0 8 0 8 0 8 0 8 0 8 0 8 0 8 0 8 0 8 0 8 0 8 0</v>
        </vertex_weights>
      </skin>
      <extra>
        <technique profile="FCOLLADA">
          <user_properties>SkinController</user_properties>
        </technique>
      </extra>
    </controller>
    <controller id="Controller1">
      <skin source="#Geometry1">
        <bind_shape_matrix>1 0 0 0 0 1 0 0 0 0 1 0 0 0 0 1</bind_shape_matrix>
        <source id="Controller1-joints">
          <Name_array id="Controller1-joints-array" count="25">Bip01_L_Clavicle Bip01_L_UpperArm Bip01_R_Clavicle Bip01_R_UpperArm Bip01_Pelvis Bip01_Spine Bip01_Spine1 Bip01_Neck Bip01_Head Bip01_HeadNub Bip01_L_Forearm Bip01_L_Hand Bip01_R_Forearm Bip01_R_Hand Bip01_L_Thigh Bip01_L_Calf Bip01_L_Foot Bip01_L_Toe0 Bip01_R_Thigh Bip01_R_Calf Bip01_R_Foot Bip01_R_Toe0 Bip01 UpBodyRotate Role06</Name_array>
          <technique_common>
            <accessor source="#Controller1-joints-array" count="25" stride="1">
              <param name="JOINT" type="Name"/>
            </accessor>
          </technique_common>
        </source>
        <source id="Controller1-bind_poses">
          <float_array id="Controller1-bind_poses-array" count="400">0.961054 -0.265368 -0.077161 0.227823 -0.093695 -0.050202 -0.994334 0.0843 0.259991 0.962839 -0.07311 -1.06319 0 0 0 1 0.860194 -0.509912 0.00741 0.259871 0.05651 0.080867 -0.995121 -0.09537 0.506825 0.856417 0.098377 -1.03018 0 0 0 1 -0.961353 -0.264286 -0.077162 0.227128 0.093639 -0.050308 -0.994334 0.084369 0.258907 -0.963131 0.073111 1.06337 0 0 0 1 -0.860768 -0.508943 0.00741 0.259249 -0.056418 0.08093 -0.995122 -0.09541 0.505861 -0.856987 -0.098376 1.03054 0 0 0 1 0 1 0 -0.562364 0.000001 0 1 -0.056176 1 0 -0.000001 0 0 0 0 1 0.000562 1 0.000233 -0.642601 -0.000003 -0.000233 1 -0.07658 1 -0.000562 0.000003 0.000361 0 0 0 1 0.000562 0.998765 -0.049682 -0.850199 0.000024 0.049682 0.998765 -0.118962 1 -0.000562 0.000003 0.000361 0 0 0 1 0.000562 0.999997 -0.002577 -1.16402 -0.000001 0.002577 0.999997 -0.057511 1 -0.000562 0.000003 0.000361 0 0 0 1 0.000562 1 -0.000564 -1.22999 -0.000002 0.000564 1 -0.055035 1 -0.000562 0.000003 0.000361 0 0 0 1 0.000562 1 -0.000564 -1.9539 -0.000002 0.000564 1 -0.055035 1 -0.000562 0.000003 0.000361 0 0 0 1 0.85016 -0.515458 0.10738 -0.055061 0.142671 0.029213 -0.989339 -0.101418 0.506825 0.856417 0.098377 -1.03018 0 0 0 1 0.85016 -0.515458 0.10738 -0.264798 -0.506712 -0.856393 -0.099165 1.03009 0.143075 0.029895 -0.98926 -0.102238 0 0 0 1 -0.85074 -0.5145 0.107379 -0.055676 -0.142637 0.029373 -0.989339 -0.10152 0.505861 -0.856987 -0.098376 1.03054 0 0 0 1 -0.85074 -0.5145 0.107379 -0.265413 0.505747 -0.856963 -0.099164 1.03046 0.14304 -0.030056 0.98926 0.102341 0 0 0 1 0.036504 -0.980395 0.193631 0.53362 -0.017088 0.193119 0.981026 -0.160511 -0.999187 -0.039121 -0.009704 0.20979 0 0 0 1 0.039126 -0.999234 -0.000395 0.269083 -0.009681 -0.000775 0.999953 -0.110399 -0.999187 -0.039121 -0.009704 0.20979 0 0 0 1 -0.000001 -1 0.000000 0.00466 0.000000 0.000000 1 -0.112429 -1 0.000001 0.000000 0.208686 0 0 0 1 0.000000 0.000000 1 -0.247529 0.000001 1 -0.000000 -0.00106 -1 0.000001 0.000000 0.208686 0 0 0 1 -0.036507 -0.980395 0.193631 0.53362 0.017089 0.193119 0.981026 -0.160511 -0.999187 0.039124 0.009704 -0.209792 0 0 0 1 -0.039129 -0.999234 -0.000395 0.269082 0.009681 -0.000775 0.999953 -0.110399 -0.999187 0.039124 0.009704 -0.209792 0 0 0 1 -0.000001 -1 0.000000 0.00466 -0.000000 0.000000 1 -0.112429 -1 0.000001 -0.000000 -0.208688 0 0 0 1 -0.000000 0.000000 1 -0.247529 0.000001 1 -0.000000 -0.00106 -1 0.000001 -0.000000 -0.208688 0 0 0 1 0 0 1 -0.056176 1 0 0 0 0 1 0 -0.562364 0 0 0 1 0 1 0 -0.642583 -0.000038 0 1 -0.07673 1 0 0.000038 -0.000002 0 0 0 1 1 0 0 0 0 1 0 0 0 0 1 0 0 0 0 1</float_array>
          <technique_common>
            <accessor source="#Controller1-bind_poses-array" count="25" stride="16">
              <param name="TRANSFORM" type="float4x4"/>
            </accessor>
          </technique_common>
        </source>
        <source id="Controller1-weights">
          <float_array id="Controller1-weights-array" count="173">1 0.25 0.75 0.5 0.5 0.5 0.5 0.5 0.5 0.5 0.5 0.25 0.75 0.25 0.75 0.25 0.75 0.5 0.5 0.5 0.5 0.25 0.75 0.5 0.5 0.5 0.5 0.25 0.75 0.25 0.75 0.5 0.5 0.5 0.5 0.5 0.5 0.5 0.5 0.25 0.75 0.25 0.75 0.5 0.5 0.5 0.5 0.5 0.5 0.5 0.5 0.25 0.75 0.25 0.75 0.25 0.75 0.5 0.5 0.25 0.75 0.5 0.5 0.5 0.5 0.25 0.75 0.25 0.75 0.5 0.5 0.5 0.5 0.5 0.5 0.5 0.5 0.25 0.75 0.25 0.75 0.5 0.5 0.5 0.5 0.5 0.5 0.5 0.5 0.5 0.5 0.25 0.75 0.75 0.25 0.75 0.25 0.75 0.25 0.75 0.25 0.5 0.5 0.25 0.75 0.5 0.5 0.5 0.5 0.5 0.5 0.5 0.5 0.5 0.5 0.5 0.5 0.5 0.5 0.5 0.5 0.5 0.5 0.25 0.75 0.75 0.25 0.75 0.25 0.75 0.25 0.75 0.25 0.25 0.75 0.5 0.5 0.5 0.5 0.5 0.5 0.5 0.5 0.5 0.5 0.5 0.5 0.25 0.75 0.5 0.5 0.5 0.5 0.5 0.5 0.5 0.5 0.5 0.5 0.5 0.5 0.5 0.5 0.5 0.5 0.5 0.5 0.5 0.5 0.5 0.5 0.5 0.5</float_array>
          <technique_common>
            <accessor source="#Controller1-weights-array" count="173" stride="1">
              <param name="WEIGHT" type="float"/>
            </accessor>
          </technique_common>
        </source>
        <joints>
          <input semantic="JOINT" source="#Controller1-joints"/>
          <input semantic="INV_BIND_MATRIX" source="#Controller1-bind_poses"/>
        </joints>
        <vertex_weights count="396">
          <input semantic="JOINT" source="#Controller1-joints" offset="0"/>
          <input semantic="WEIGHT" source="#Controller1-weights" offset="1"/>
          <vcount>1 1 1 1 1 1 1 1 1 1 1 1 1 1 1 1 1 1 1 1 1 1 1 2 1 1 1 2 2 1 1 2 2 1 1 1 2 2 1 1 1 2 1 1 1 1 2 2 2 1 1 1 2 2 1 2 2 1 1 1 1 1 1 1 1 1 1 1 1 1 1 1 1 1 1 1 1 1 1 1 1 1 1 1 1 1 1 1 1 1 1 1 1 1 1 1 1 1 1 1 1 1 1 1 1 1 1 1 1 1 1 1 1 1 1 2 2 1 1 1 2 2 1 1 1 1 1 1 1 1 1 1 1 1 1 2 1 1 1 1 1 1 1 1 1 1 1 1 1 1 1 1 1 1 1 1 1 1 1 1 1 1 1 1 2 1 2 1 2 1 2 2 1 1 2 2 1 1 1 2 1 1 2 2 1 1 2 2 1 1 2 2 1 1 1 1 1 1 1 1 1 1 1 1 1 1 1 1 1 1 1 1 1 1 1 1 1 1 1 1 1 1 1 1 1 1 1 1 1 1 1 1 1 1 1 1 1 1 1 1 1 1 1 2 2 1 2 2 1 1 1 1 1 1 1 1 1 1 1 1 1 1 1 1 2 1 1 1 1 1 1 1 1 1 1 1 1 1 1 1 1 1 1 1 1 1 1 1 1 1 1 1 1 1 1 1 1 1 1 1 1 1 1 1 1 1 1 1 1 1 1 1 1 1 1 1 1 1 1 1 2 1 1 1 1 1 1 1 1 2 2 1 1 1 2 2 1 2 1 2 2 2 2 2 2 2 1 1 2 1 2 1 1 2 2 2 1 2 1 2 2 1 2 1 2 2 2 2 2 2 2 1 1 2 1 2 1 1 2 2 2 2 1 1 2 2 2 2 2 2 2 2 2 2 2 2 </vcount>
          <v>10 0 10 0 10 0 10 0 10 0 10 0 10 0 10 0 10 0 10 0 10 0 10 0 10 0 10 0 10 0 10 0 6 0 6 0 6 0 6 0 6 0 6 0 6 0 1 1 6 2 6 0 6 0 6 0 5 3 6 4 5 5 6 6 6 0 6 0 5 7 6 8 5 9 6 10 6 0 6 0 6 0 1 11 6 12 1 13 6 14 6 0 6 0 6 0 1 15 6 16 6 0 6 0 6 0 6 0 5 17 6 18 5 19 6 20 1 21 6 22 6 0 16 0 16 0 14 23 15 24 14 25 15 26 16 0 14 27 15 28 14 29 15 30 16 0 16 0 16 0 16 0 16 0 16 0 16 0 4 0 4 0 4 0 4 0 4 0 4 0 4 0 4 0 4 0 4 0 4 0 4 0 4 0 4 0 4 0 4 0 4 0 4 0 4 0 4 0 4 0 4 0 4 0 4 0 4 0 4 0 4 0 4 0 4 0 4 0 4 0 4 0 4 0 4 0 4 0 4 0 4 0 4 0 4 0 4 0 4 0 4 0 4 0 4 0 4 0 4 0 4 0 4 0 4 0 4 0 11 0 11 31 10 32 11 33 10 34 11 0 11 0 11 0 11 35 10 36 11 37 10 38 11 0 11 0 11 0 11 0 11 0 11 0 14 0 14 0 14 0 14 0 14 0 14 0 6 0 1 39 6 40 6 0 6 0 6 0 6 0 6 0 6 0 6 0 6 0 6 0 12 0 12 0 12 0 12 0 12 0 12 0 12 0 12 0 12 0 12 0 12 0 12 0 12 0 12 0 12 0 12 0 6 0 6 0 6 0 3 41 6 42 6 0 5 43 6 44 6 0 5 45 6 46 6 0 5 47 6 48 5 49 6 50 6 0 6 0 3 51 6 52 3 53 6 54 6 0 6 0 6 0 3 55 6 56 6 0 6 0 5 57 6 58 3 59 6 60 6 0 20 0 18 61 19 62 18 63 19 64 20 0 20 0 18 65 19 66 18 67 19 68 20 0 20 0 20 0 20 0 20 0 20 0 20 0 4 0 4 0 4 0 4 0 4 0 4 0 4 0 4 0 4 0 4 0 4 0 4 0 4 0 4 0 4 0 4 0 4 0 4 0 4 0 4 0 4 0 4 0 4 0 4 0 4 0 4 0 4 0 4 0 4 0 4 0 4 0 4 0 4 0 4 0 4 0 4 0 4 0 4 0 4 0 4 0 4 0 4 0 13 0 13 0 13 69 12 70 13 71 12 72 13 0 13 73 12 74 13 75 12 76 13 0 13 0 13 0 13 0 13 0 13 0 13 0 18 0 18 0 18 0 18 0 18 0 18 0 6 0 6 0 6 0 3 77 6 78 6 0 6 0 6 0 6 0 6 0 6 0 6 0 1 0 1 0 1 0 1 0 1 0 1 0 1 0 1 0 1 0 1 0 1 0 1 0 1 0 1 0 1 0 1 0 1 0 1 0 1 0 1 0 3 0 3 0 3 0 3 0 3 0 3 0 3 0 3 0 3 0 3 0 3 0 3 0 3 0 3 0 3 0 3 0 3 0 3 0 3 0 3 0 6 0 6 0 6 0 6 0 6 0 6 0 6 0 6 0 3 79 6 80 6 0 6 0 6 0 6 0 6 0 6 0 6 0 6 0 5 81 6 82 5 83 6 84 6 0 6 0 6 0 5 85 6 86 5 87 6 88 16 0 14 89 15 90 16 0 14 91 15 92 14 93 15 94 14 95 15 96 14 97 15 98 14 99 15 100 14 101 15 102 14 103 15 104 16 0 16 0 11 105 10 106 11 0 11 107 10 108 11 0 11 0 11 109 10 110 11 111 10 112 11 113 10 114 6 0 5 115 6 116 6 0 5 117 6 118 5 119 6 120 20 0 18 121 19 122 20 0 18 123 19 124 18 125 19 126 18 127 19 128 18 129 19 130 18 131 19 132 18 133 19 134 18 135 19 136 20 0 20 0 13 137 12 138 13 0 13 139 12 140 13 0 13 0 13 141 12 142 13 143 12 144 13 145 12 146 1 147 6 148 6 0 6 0 5 149 6 150 5 151 6 152 5 153 6 154 5 155 6 156 5 157 6 158 5 159 6 160 5 161 6 162 5 163 6 164 5 165 6 166 5 167 6 168 5 169 6 170 5 171 6 172</v>
        </vertex_weights>
      </skin>
      <extra>
        <technique profile="FCOLLADA">
          <user_properties>SkinController</user_properties>
        </technique>
      </extra>
    </controller>
    <controller id="Controller2">
      <skin source="#Geometry2">
        <bind_shape_matrix>1 0 0 0 0 1 0 0 0 0 1 0 0 0 0 1</bind_shape_matrix>
        <source id="Controller2-joints">
          <Name_array id="Controller2-joints-array" count="25">Bip01_L_Clavicle Bip01_L_UpperArm Bip01_R_Clavicle Bip01_R_UpperArm Bip01_Pelvis Bip01_Spine Bip01_Spine1 Bip01_Neck Bip01_Head Bip01_HeadNub Bip01_L_Forearm Bip01_L_Hand Bip01_R_Forearm Bip01_R_Hand Bip01_L_Thigh Bip01_L_Calf Bip01_L_Foot Bip01_L_Toe0 Bip01_R_Thigh Bip01_R_Calf Bip01_R_Foot Bip01_R_Toe0 Bip01 UpBodyRotate Role06</Name_array>
          <technique_common>
            <accessor source="#Controller2-joints-array" count="25" stride="1">
              <param name="JOINT" type="Name"/>
            </accessor>
          </technique_common>
        </source>
        <source id="Controller2-bind_poses">
          <float_array id="Controller2-bind_poses-array" count="400">0.961054 -0.265368 -0.077161 0.227823 -0.093695 -0.050202 -0.994334 0.0843 0.259991 0.962839 -0.07311 -1.06319 0 0 0 1 0.860194 -0.509912 0.00741 0.259871 0.05651 0.080867 -0.995121 -0.09537 0.506825 0.856417 0.098377 -1.03018 0 0 0 1 -0.961353 -0.264286 -0.077162 0.227128 0.093639 -0.050308 -0.994334 0.084369 0.258907 -0.963131 0.073111 1.06337 0 0 0 1 -0.860768 -0.508943 0.00741 0.259249 -0.056418 0.08093 -0.995122 -0.09541 0.505861 -0.856987 -0.098376 1.03054 0 0 0 1 0 1 0 -0.562364 0.000001 0 1 -0.056176 1 0 -0.000001 0 0 0 0 1 0.000562 1 0.000233 -0.642601 -0.000003 -0.000233 1 -0.07658 1 -0.000562 0.000003 0.000361 0 0 0 1 0.000562 0.998765 -0.049682 -0.850199 0.000024 0.049682 0.998765 -0.118962 1 -0.000562 0.000003 0.000361 0 0 0 1 0.000562 0.999997 -0.002577 -1.16402 -0.000001 0.002577 0.999997 -0.057511 1 -0.000562 0.000003 0.000361 0 0 0 1 0.000562 1 -0.000564 -1.22999 -0.000002 0.000564 1 -0.055035 1 -0.000562 0.000003 0.000361 0 0 0 1 0.000562 1 -0.000564 -1.9539 -0.000002 0.000564 1 -0.055035 1 -0.000562 0.000003 0.000361 0 0 0 1 0.85016 -0.515458 0.10738 -0.055061 0.142671 0.029213 -0.989339 -0.101418 0.506825 0.856417 0.098377 -1.03018 0 0 0 1 0.85016 -0.515458 0.10738 -0.264798 -0.506712 -0.856393 -0.099165 1.03009 0.143075 0.029895 -0.98926 -0.102238 0 0 0 1 -0.85074 -0.5145 0.107379 -0.055676 -0.142637 0.029373 -0.989339 -0.10152 0.505861 -0.856987 -0.098376 1.03054 0 0 0 1 -0.85074 -0.5145 0.107379 -0.265413 0.505747 -0.856963 -0.099164 1.03046 0.14304 -0.030056 0.98926 0.102341 0 0 0 1 0.036504 -0.980395 0.193631 0.53362 -0.017088 0.193119 0.981026 -0.160511 -0.999187 -0.039121 -0.009704 0.20979 0 0 0 1 0.039126 -0.999234 -0.000395 0.269083 -0.009681 -0.000775 0.999953 -0.110399 -0.999187 -0.039121 -0.009704 0.20979 0 0 0 1 -0.000001 -1 0.000000 0.00466 0.000000 0.000000 1 -0.112429 -1 0.000001 0.000000 0.208686 0 0 0 1 0.000000 0.000000 1 -0.247529 0.000001 1 -0.000000 -0.00106 -1 0.000001 0.000000 0.208686 0 0 0 1 -0.036507 -0.980395 0.193631 0.53362 0.017089 0.193119 0.981026 -0.160511 -0.999187 0.039124 0.009704 -0.209792 0 0 0 1 -0.039129 -0.999234 -0.000395 0.269082 0.009681 -0.000775 0.999953 -0.110399 -0.999187 0.039124 0.009704 -0.209792 0 0 0 1 -0.000001 -1 0.000000 0.00466 -0.000000 0.000000 1 -0.112429 -1 0.000001 -0.000000 -0.208688 0 0 0 1 -0.000000 0.000000 1 -0.247529 0.000001 1 -0.000000 -0.00106 -1 0.000001 -0.000000 -0.208688 0 0 0 1 0 0 1 -0.056176 1 0 0 0 0 1 0 -0.562364 0 0 0 1 0 1 0 -0.642583 -0.000038 0 1 -0.07673 1 0 0.000038 -0.000002 0 0 0 1 1 0 0 0 0 1 0 0 0 0 1 0 0 0 0 1</float_array>
          <technique_common>
            <accessor source="#Controller2-bind_poses-array" count="25" stride="16">
              <param name="TRANSFORM" type="float4x4"/>
            </accessor>
          </technique_common>
        </source>
        <source id="Controller2-weights">
          <float_array id="Controller2-weights-array" count="245">1 0.25 0.75 0.5 0.5 0.5 0.5 0.75 0.25 0.75 0.25 0.25 0.75 0.75 0.25 0.25 0.75 0.5 0.5 0.5 0.5 0.75 0.25 0.75 0.25 0.692308 0.307692 0.2 0.8 0.5 0.5 0.5 0.5 0.2 0.8 0.2 0.8 0.5 0.5 0.1 0.099878 0.800122 0.5 0.5 0.75 0.25 0.75 0.25 0.5 0.5 0.5 0.5 0.5 0.5 0.2 0.8 0.2 0.8 0.5 0.5 0.5 0.5 0.5 0.5 0.2 0.8 0.5 0.5 0.5 0.5 0.25 0.75 0.25 0.75 0.25 0.75 0.5 0.5 0.1 0.099878 0.800122 0.25 0.75 0.25 0.75 0.5 0.5 0.5 0.5 0.5 0.5 0.75 0.25 0.75 0.25 0.25 0.75 0.5 0.5 0.5 0.5 0.5 0.5 0.5 0.5 0.5 0.5 0.5 0.5 0.75 0.25 0.25 0.75 0.5 0.5 0.5 0.5 0.5 0.5 0.75 0.25 0.5 0.5 0.25 0.75 0.5 0.5 0.2 0.8 0.2 0.8 0.5 0.5 0.5 0.5 0.2 0.8 0.5 0.5 0.2 0.8 0.5 0.5 0.5 0.5 0.75 0.25 0.75 0.25 0.5 0.5 0.5 0.5 0.5 0.5 0.2 0.8 0.5 0.5 0.5 0.5 0.2 0.8 0.5 0.5 0.5 0.5 0.25 0.75 0.25 0.75 0.25 0.75 0.5 0.5 0.25 0.75 0.692308 0.307692 0.25 0.75 0.25 0.75 0.5 0.5 0.5 0.5 0.5 0.5 0.75 0.25 0.25 0.75 0.5 0.5 0.5 0.5 0.5 0.5 0.5 0.5 0.5 0.5 0.5 0.5 0.692308 0.307692 0.25 0.75 0.5 0.5 0.5 0.5 0.5 0.5 0.75 0.25 0.5 0.5 0.25 0.75 0.5 0.5 0.2 0.8 0.2 0.8 0.5 0.5 0.5 0.5 0.5 0.5 0.1 0.099878 0.800122 0.1 0.099878 0.800122 0.5 0.5 0.5 0.5 0.5 0.5</float_array>
          <technique_common>
            <accessor source="#Controller2-weights-array" count="245" stride="1">
              <param name="WEIGHT" type="float"/>
            </accessor>
          </technique_common>
        </source>
        <joints>
          <input semantic="JOINT" source="#Controller2-joints"/>
          <input semantic="INV_BIND_MATRIX" source="#Controller2-bind_poses"/>
        </joints>
        <vertex_weights count="150">
          <input semantic="JOINT" source="#Controller2-joints" offset="0"/>
          <input semantic="WEIGHT" source="#Controller2-weights" offset="1"/>
          <vcount>1 1 1 1 1 1 1 1 1 1 1 1 1 1 1 1 1 1 2 1 2 2 2 1 2 1 2 2 1 1 2 1 2 2 2 1 2 1 2 2 2 2 2 2 2 3 2 2 2 2 2 2 2 2 2 2 2 2 2 2 2 2 2 2 3 2 2 2 2 2 2 2 1 2 2 2 2 2 2 2 2 1 2 2 2 2 2 2 2 2 2 2 2 2 2 2 2 2 2 2 2 2 2 2 2 2 2 2 2 2 2 2 2 2 2 2 2 2 2 2 2 2 2 2 2 2 2 2 2 2 1 1 2 2 2 2 2 2 2 2 2 2 2 2 2 3 3 2 2 2 </vcount>
          <v>6 0 6 0 8 0 8 0 6 0 6 0 8 0 8 0 6 0 6 0 8 0 8 0 6 0 6 0 8 0 8 0 3 0 6 0 3 1 6 2 3 0 3 3 12 4 3 5 12 6 3 7 12 8 3 0 3 9 12 10 3 0 3 11 6 12 3 13 6 14 1 0 1 0 1 15 6 16 6 0 1 17 10 18 1 19 10 20 1 21 10 22 1 0 1 23 10 24 1 0 1 25 6 26 18 27 4 28 5 29 6 30 5 31 6 32 5 33 4 34 18 35 4 36 5 37 6 38 14 39 18 40 4 41 18 42 4 43 18 44 4 45 18 46 4 47 19 48 18 49 19 50 18 51 19 52 18 53 18 54 4 55 5 56 4 57 5 58 6 59 5 60 6 61 5 62 6 63 18 64 4 65 18 66 4 67 18 68 4 69 19 70 18 71 19 72 18 73 19 74 18 75 18 76 4 77 14 78 18 79 4 80 3 81 12 82 3 83 12 84 3 85 12 86 13 87 12 88 13 89 12 90 3 91 6 92 3 93 12 94 6 0 3 95 12 96 13 97 12 98 13 99 12 100 13 101 12 102 13 103 12 104 3 105 12 106 13 107 12 108 3 109 6 110 6 0 19 111 18 112 19 113 18 114 18 115 4 116 18 117 4 118 18 119 4 120 19 121 18 122 19 123 18 124 18 125 4 126 18 127 4 128 18 129 4 130 5 131 6 132 5 133 6 134 14 135 4 136 5 137 6 138 14 139 4 140 5 141 6 142 14 143 4 144 14 145 4 146 14 147 4 148 15 149 14 150 15 151 14 152 15 153 14 154 14 155 4 156 5 157 6 158 5 159 6 160 14 161 4 162 14 163 4 164 14 165 4 166 15 167 14 168 15 169 14 170 15 171 14 172 14 173 4 174 1 175 6 176 1 177 6 178 1 179 10 180 1 181 10 182 1 183 10 184 11 185 10 186 11 187 10 188 1 189 10 190 1 191 10 192 11 193 10 194 11 195 10 196 11 197 10 198 11 199 10 200 1 201 10 202 11 203 10 204 1 205 6 206 6 0 6 0 15 207 14 208 14 209 4 210 14 211 4 212 15 213 14 214 14 215 4 216 14 217 4 218 15 219 14 220 15 221 14 222 14 223 4 224 14 225 4 226 5 227 6 228 5 229 6 230 18 231 4 232 14 233 18 234 4 235 14 236 18 237 4 238 18 239 4 240 14 241 4 242 14 243 4 244</v>
        </vertex_weights>
      </skin>
      <extra>
        <technique profile="FCOLLADA">
          <user_properties>SkinController</user_properties>
        </technique>
      </extra>
    </controller>
  </library_controllers>
  <library_visual_scenes>
    <visual_scene id="VisualSceneNode" name="rdmscene">
      <node id="VisualSceneNode1" name="Role06" sid="Role06" type="JOINT">
        <matrix>1 0 0 0 0 1 0 0 0 0 1 0 0 0 0 1</matrix>
        <node id="VisualSceneNode2" name="Bip01" sid="Bip01" type="JOINT">
          <matrix>0 1 0 0 0 0 1 0.562364 1 0 0 0.056176 0 0 0 1</matrix>
          <node id="VisualSceneNode3" name="UpBodyRotate" sid="UpBodyRotate" type="JOINT">
            <matrix>0 1 0.000038 0.020554 0 -0.000038 1 0 1 0 0 0.080219 0 0 0 1</matrix>
            <node id="VisualSceneNode4" name="Bip01_Spine" sid="Bip01_Spine" type="JOINT">
              <matrix>1 -0.000233 -0.000562 0 0.000233 1 -0.000034 0 0.000562 0.000034 1 0 0 0 0 1</matrix>
              <node id="VisualSceneNode5" name="Bip01_Spine1" sid="Bip01_Spine1" type="JOINT">
                <matrix>0.998753 0.049915 0.000000 0.212477 -0.049915 0.998753 0 -0.000204 -0.000000 0 1 0 0 0 0 1</matrix>
                <node id="VisualSceneNode6" name="Bip01_Neck" sid="Bip01_Neck" type="JOINT">
                  <matrix>0.99889 -0.047107 -0.000000 0.309822 0.047107 0.99889 0 -0.00668 0.000000 0 1 0 0 0 0 1</matrix>
                  <node id="VisualSceneNode7" name="Bip01_L_Clavicle" sid="Bip01_L_Clavicle" type="JOINT">
                    <matrix>-0.264627 -0.047691 0.963171 -0.075684 -0.077846 -0.99446 -0.070629 -0.031034 0.961203 -0.09367 0.259449 0.065115 0 0 0 1</matrix>
                    <node id="VisualSceneNode8" name="Bip01_L_UpperArm" sid="Bip01_L_UpperArm" type="JOINT">
                      <matrix>0.961436 0.109635 0.25223 0.248271 -0.062366 0.980129 -0.188301 0 -0.267863 0.165309 0.949169 0 0 0 0 1</matrix>
                      <node id="VisualSceneNode9" name="Bip01_L_Forearm" sid="Bip01_L_Forearm" type="JOINT">
                        <matrix>0.994937 0.100497 -0.000000 0.324846 -0.100497 0.994937 0 0 0 0 1 0 0 0 0 1</matrix>
                        <node id="VisualSceneNode10" name="Bip01_L_Hand" sid="Bip01_L_Hand" type="JOINT">
                          <matrix>1 0 0 0.209737 0 0.000796 0.999999 0 -0.000000 -0.999999 0.000796 0 0 0 0 1</matrix>
                        </node>
                      </node>
                    </node>
                  </node>
                  <node id="VisualSceneNode11" name="Bip01_R_Clavicle" sid="Bip01_R_Clavicle" type="JOINT">
                    <matrix>-0.264627 -0.047692 -0.963171 -0.075684 -0.077841 -0.994461 0.070628 -0.031034 -0.961204 0.093664 0.259449 -0.065116 0 0 0 1</matrix>
                    <node id="VisualSceneNode12" name="Bip01_R_UpperArm" sid="Bip01_R_UpperArm" type="JOINT">
                      <matrix>0.961436 0.109635 -0.25223 0.248271 -0.062366 0.980129 0.188301 0 0.267863 -0.165309 0.949169 0 0 0 0 1</matrix>
                      <node id="VisualSceneNode13" name="Bip01_R_Forearm" sid="Bip01_R_Forearm" type="JOINT">
                        <matrix>0.994937 0.100497 0.000000 0.324846 -0.100497 0.994937 0 0 0 0 1 0 0 0 0 1</matrix>
                        <node id="VisualSceneNode14" name="Bip01_R_Hand" sid="Bip01_R_Hand" type="JOINT">
                          <matrix>1 0 0 0.209737 0 0.000796 -1 0 0.000000 1 0.000796 0 0 0 0 1</matrix>
                        </node>
                      </node>
                    </node>
                  </node>
                  <node id="VisualSceneNode15" name="Bip01_Head" sid="Bip01_Head" type="JOINT">
                    <matrix>0.999998 -0.002013 0 0.065856 0.002013 0.999998 0 0 0 0 1 0 0 0 0 1</matrix>
                    <node id="VisualSceneNode16" name="Bip01_HeadNub" sid="Bip01_HeadNub" type="JOINT">
                      <matrix>1 0 0 0.72391 0 1 0 0 0 0 1 0 0 0 0 1</matrix>
                    </node>
                  </node>
                </node>
              </node>
            </node>
          </node>
          <node id="VisualSceneNode17" name="Bip01_Pelvis" sid="Bip01_Pelvis" type="JOINT">
            <matrix>0 1 -0.000001 0 0 0.000001 1 0 1 0 0 0 0 0 0 1</matrix>
            <node id="VisualSceneNode18" name="Bip01_L_Thigh" sid="Bip01_L_Thigh" type="JOINT">
              <matrix>-0.980395 0.193119 -0.039121 -0.000000 0.193631 0.981026 -0.009705 0.000000 0.036504 -0.01709 -0.999187 0.187397 0 0 0 1</matrix>
              <node id="VisualSceneNode19" name="Bip01_L_Calf" sid="Bip01_L_Calf" type="JOINT">
                <matrix>0.980996 0.194028 0 0.291072 -0.194028 0.980996 0 0 0 0 1 0 0 0 0 1</matrix>
                <node id="VisualSceneNode20" name="Bip01_L_Foot" sid="Bip01_L_Foot" type="JOINT">
                  <matrix>0.999234 -0.000395 -0.039128 0.272547 0.000775 0.999953 0.009682 0 0.039122 -0.009705 0.999187 0 0 0 0 1</matrix>
                  <node id="VisualSceneNode21" name="Bip01_L_Toe0" sid="Bip01_L_Toe0" type="JOINT">
                    <matrix>0 -1 0 0.003599 1 0 0 0.1351 0 0 1 0 0 0 0 1</matrix>
                  </node>
                </node>
              </node>
            </node>
            <node id="VisualSceneNode22" name="Bip01_R_Thigh" sid="Bip01_R_Thigh" type="JOINT">
              <matrix>-0.980395 0.193119 0.039124 0.000000 0.193631 0.981026 0.009703 -0.000000 -0.036507 0.017088 -0.999187 -0.187397 0 0 0 1</matrix>
              <node id="VisualSceneNode23" name="Bip01_R_Calf" sid="Bip01_R_Calf" type="JOINT">
                <matrix>0.980996 0.194028 0 0.291072 -0.194028 0.980996 0 0 0 0 1 0 0 0 0 1</matrix>
                <node id="VisualSceneNode24" name="Bip01_R_Foot" sid="Bip01_R_Foot" type="JOINT">
                  <matrix>0.999234 -0.000395 0.039128 0.272547 0.000775 0.999953 -0.009682 0 -0.039122 0.009705 0.999187 0 0 0 0 1</matrix>
                  <node id="VisualSceneNode25" name="Bip01_R_Toe0" sid="Bip01_R_Toe0" type="JOINT">
                    <matrix>0 -1 0 0.003599 1 0 0 0.1351 0 0 1 0 0 0 0 1</matrix>
                  </node>
                </node>
              </node>
            </node>
          </node>
        </node>
      </node>
      <node id="VisualSceneNode26" name="helmet_006" type="NODE">
        <matrix>1 0 0 0 0 1 0 0 0 0 1 0 0 0 0 1</matrix>
        <instance_controller url="#Controller">
          <skeleton>#VisualSceneNode1</skeleton>
          <bind_material>
            <technique_common>
              <instance_material symbol="VisualMaterial0" target="#VisualMaterial"/>
            </technique_common>
          </bind_material>
        </instance_controller>
      </node>
      <node id="VisualSceneNode27" name="equip_006" type="NODE">
        <matrix>1 0 0 0 0 1 0 0 0 0 1 0 0 0 0 1</matrix>
        <instance_controller url="#Controller1">
          <skeleton>#VisualSceneNode1</skeleton>
          <bind_material>
            <technique_common>
              <instance_material symbol="VisualMaterial10" target="#VisualMaterial1"/>
            </technique_common>
          </bind_material>
        </instance_controller>
      </node>
      <node id="VisualSceneNode28" name="role_001" type="NODE">
        <matrix>1 0 0 0 0 1 0 0 0 0 1 0 0 0 0 1</matrix>
        <instance_controller url="#Controller2">
          <skeleton>#VisualSceneNode1</skeleton>
          <bind_material>
            <technique_common>
              <instance_material symbol="VisualMaterial20" target="#VisualMaterial2"/>
            </technique_common>
          </bind_material>
        </instance_controller>
      </node>
    </visual_scene>
  </library_visual_scenes>
  <scene>
    <instance_visual_scene url="#VisualSceneNode"/>
  </scene>
</COLLADA>
