<?xml version="1.0" encoding="utf-8"?>
<COLLADA xmlns="http://www.collada.org/2005/11/COLLADASchema" version="1.4.1">
  <asset>
    <created>2016-02-19T23:52:45Z</created>
    <modified>2016-02-19T23:52:45Z</modified>
  </asset>
  <library_images>
    <image id="Image">
      <init_from>helmet.png</init_from>
    </image>
    <image id="Image1">
      <init_from>equip.png</init_from>
    </image>
    <image id="Image2">
      <init_from>armor.png</init_from>
    </image>
  </library_images>
  <library_materials>
    <material id="VisualMaterial" name="helmet_009_010_01_m">
      <instance_effect url="#Effect"/>
      <extra>
        <technique profile="FCOLLADA">
          <user_properties>helmet_009_010_01_m</user_properties>
        </technique>
      </extra>
    </material>
    <material id="VisualMaterial1" name="equip_010_01_m">
      <instance_effect url="#Effect1"/>
      <extra>
        <technique profile="FCOLLADA">
          <user_properties>equip_010_01_m</user_properties>
        </technique>
      </extra>
    </material>
    <material id="VisualMaterial2" name="role_001_m">
      <instance_effect url="#Effect2"/>
      <extra>
        <technique profile="FCOLLADA">
          <user_properties>role_001_m</user_properties>
        </technique>
      </extra>
    </material>
  </library_materials>
  <library_effects>
    <effect id="Effect" name="C__Users_Eric_Desktop_dump_callofminiinfinity_app_Data_Texture2D_helmet_009_010_01_m__320642_pvr">
      <profile_COMMON>
        <newparam sid="Image-surface">
          <surface type="2D">
            <init_from>Image</init_from>
            <format>A8R8G8B8</format>
          </surface>
        </newparam>
        <newparam sid="Image-sampler">
          <sampler2D>
            <source>Image-surface</source>
            <wrap_s>WRAP</wrap_s>
            <wrap_t>WRAP</wrap_t>
            <minfilter>NONE</minfilter>
            <magfilter>NONE</magfilter>
            <mipfilter>NONE</mipfilter>
          </sampler2D>
        </newparam>
        <technique sid="common">
          <phong>
            <emission>
              <color>0 0 0 1</color>
            </emission>
            <ambient>
              <color>0 0 0 1</color>
            </ambient>
            <diffuse>
              <texture texture="Image-sampler" texcoord=""/>
            </diffuse>
            <specular>
              <color>1 1 1 1</color>
            </specular>
            <shininess>
              <float>0</float>
            </shininess>
            <transparent opaque="A_ONE">
              <color>0 0 0 1</color>
            </transparent>
            <transparency>
              <float>1</float>
            </transparency>
            <index_of_refraction>
              <float>1.55</float>
            </index_of_refraction>
          </phong>
          <extra>
            <technique profile="FCOLLADA">
              <spec_level>
                <float>0</float>
              </spec_level>
            </technique>
          </extra>
        </technique>
      </profile_COMMON>
      <extra>
        <technique profile="FCOLLADA">
          <user_properties>C:%5CUsers%5CEric%5CDesktop%5Cdump%5Ccallofminiinfinity.app%5CData%5CTexture2D%5Chelmet_009_010_01_m #320642.pvr</user_properties>
        </technique>
      </extra>
    </effect>
    <effect id="Effect1" name="C__Users_Eric_Desktop_dump_callofminiinfinity_app_Data_Texture2D_equip_010_01_m__320774_pvr">
      <profile_COMMON>
        <newparam sid="Image1-surface">
          <surface type="2D">
            <init_from>Image1</init_from>
            <format>A8R8G8B8</format>
          </surface>
        </newparam>
        <newparam sid="Image1-sampler">
          <sampler2D>
            <source>Image1-surface</source>
            <wrap_s>WRAP</wrap_s>
            <wrap_t>WRAP</wrap_t>
            <minfilter>NONE</minfilter>
            <magfilter>NONE</magfilter>
            <mipfilter>NONE</mipfilter>
          </sampler2D>
        </newparam>
        <technique sid="common">
          <phong>
            <emission>
              <color>0 0 0 1</color>
            </emission>
            <ambient>
              <color>0 0 0 1</color>
            </ambient>
            <diffuse>
              <texture texture="Image1-sampler" texcoord=""/>
            </diffuse>
            <specular>
              <color>1 1 1 1</color>
            </specular>
            <shininess>
              <float>0</float>
            </shininess>
            <transparent opaque="A_ONE">
              <color>0 0 0 1</color>
            </transparent>
            <transparency>
              <float>1</float>
            </transparency>
            <index_of_refraction>
              <float>1.55</float>
            </index_of_refraction>
          </phong>
          <extra>
            <technique profile="FCOLLADA">
              <spec_level>
                <float>0</float>
              </spec_level>
            </technique>
          </extra>
        </technique>
      </profile_COMMON>
      <extra>
        <technique profile="FCOLLADA">
          <user_properties>C:%5CUsers%5CEric%5CDesktop%5Cdump%5Ccallofminiinfinity.app%5CData%5CTexture2D%5Cequip_010_01_m #320774.pvr</user_properties>
        </technique>
      </extra>
    </effect>
    <effect id="Effect2" name="C__Users_Eric_Desktop_dump_callofminiinfinity_app_Data_Texture2D_role_001_m__320768_pvr">
      <profile_COMMON>
        <newparam sid="Image2-surface">
          <surface type="2D">
            <init_from>Image2</init_from>
            <format>A8R8G8B8</format>
          </surface>
        </newparam>
        <newparam sid="Image2-sampler">
          <sampler2D>
            <source>Image2-surface</source>
            <wrap_s>WRAP</wrap_s>
            <wrap_t>WRAP</wrap_t>
            <minfilter>NONE</minfilter>
            <magfilter>NONE</magfilter>
            <mipfilter>NONE</mipfilter>
          </sampler2D>
        </newparam>
        <technique sid="common">
          <phong>
            <emission>
              <color>0 0 0 1</color>
            </emission>
            <ambient>
              <color>0 0 0 1</color>
            </ambient>
            <diffuse>
              <texture texture="Image2-sampler" texcoord=""/>
            </diffuse>
            <specular>
              <color>1 1 1 1</color>
            </specular>
            <shininess>
              <float>0</float>
            </shininess>
            <transparent opaque="A_ONE">
              <color>0 0 0 1</color>
            </transparent>
            <transparency>
              <float>1</float>
            </transparency>
            <index_of_refraction>
              <float>1.55</float>
            </index_of_refraction>
          </phong>
          <extra>
            <technique profile="FCOLLADA">
              <spec_level>
                <float>0</float>
              </spec_level>
            </technique>
          </extra>
        </technique>
      </profile_COMMON>
      <extra>
        <technique profile="FCOLLADA">
          <user_properties>C:%5CUsers%5CEric%5CDesktop%5Cdump%5Ccallofminiinfinity.app%5CData%5CTexture2D%5Crole_001_m #320768.pvr</user_properties>
        </technique>
      </extra>
    </effect>
  </library_effects>
  <library_geometries>
    <geometry id="Geometry" name="helmet_010">
      <mesh>
        <source id="GeometrySource" name="helmet_010Pos">
          <float_array id="GeometrySource-array" count="468">0.328713 1.5711 0.27172 0.1881 1.56549 0.406919 0.174754 1.48602 0.389401 0.318562 1.50032 0.259574 0.000472 1.48371 0.399837 0.000518 1.5654 0.418829 0.404403 1.5193 0.031702 0.413201 1.57445 0.02839 0.340265 1.90351 0.327569 0.244288 2.06114 0.292577 0.246296 1.90684 0.445553 0.27892 2.14424 0.005962 0.454183 1.9227 0.006429 0.000869 2.1869 0.004969 0.000821 2.10367 0.319738 0.446878 1.56226 0.028554 0.352663 1.55152 0.303995 0.309421 2.09616 -0.287974 0.000852 2.15431 -0.319935 0.000742 1.95879 -0.520127 0.277323 1.92465 -0.434407 0.44778 1.92229 -0.253855 0.204973 1.54639 0.423571 0.000713 1.91209 0.492991 0.000506 1.54439 0.469804 0.296696 1.72252 -0.4048 0.00061 1.72399 -0.500748 0.439123 1.71051 -0.243904 0.455992 1.64194 -0.112504 0.446878 1.56226 0.028554 0.413201 1.57445 0.02839 0.404403 1.5193 0.031702 0.439243 1.50181 0.029753 0.17661 1.46996 0.42963 0.158591 1.17622 0.344711 0.280188 1.18286 0.172635 0.352913 1.48336 0.27104 0.439243 1.50181 0.029753 0.342931 1.195 0.056334 0.000299 1.17624 0.353242 0.000463 1.46894 0.439883 0.317873 1.19815 -0.17966 0.435459 1.48291 -0.107529 0.455992 1.64194 -0.112504 0.446878 1.56226 0.028554 0.403455 1.4209 -0.213948 0.230051 1.20065 -0.301054 0.270177 1.41985 -0.378106 0.000317 1.20405 -0.343713 0.000441 1.4248 -0.440863 0.000299 1.17624 0.353242 0.0003 1.17814 0.298284 0.280188 1.18286 0.172635 0.158591 1.17622 0.344711 0.342931 1.195 0.056334 0.317873 1.19815 -0.17966 0.230051 1.20065 -0.301054 0.000317 1.20405 -0.343713 0.17661 1.46996 0.42963 0.174754 1.48602 0.389401 0.000472 1.48371 0.399837 0.000463 1.46894 0.439883 0.352913 1.48336 0.27104 0.318562 1.50032 0.259574 0.439243 1.50181 0.029753 0.404403 1.5193 0.031702 0.000458 1.45341 -0.57276 0.000598 1.70283 -0.581264 0.333219 1.70149 -0.476633 0.308121 1.44929 -0.46004 0.475572 1.67261 -0.265825 0.443147 1.4504 -0.248476 0.475132 1.50619 -0.142542 0.484589 1.61626 -0.150577 0.00061 1.72399 -0.500748 0.296696 1.72252 -0.4048 0.333219 1.70149 -0.476633 0.000598 1.70283 -0.581264 0.475572 1.67261 -0.265825 0.439123 1.71051 -0.243904 0.484589 1.61626 -0.150577 0.455992 1.64194 -0.112504 0.475132 1.50619 -0.142542 0.435459 1.48291 -0.107529 0.443147 1.4504 -0.248476 0.403455 1.4209 -0.213948 0.308121 1.44929 -0.46004 0.270177 1.41985 -0.378106 0.000458 1.45341 -0.57276 0.000441 1.4248 -0.440863 -0.327669 1.57147 0.271718 -0.317598 1.50068 0.259572 -0.173806 1.48622 0.3894 -0.187063 1.5657 0.406918 -0.403416 1.51976 0.031699 -0.412152 1.57491 0.028388 -0.244875 1.90712 0.445552 -0.338847 1.90389 0.327567 -0.242692 2.06142 0.292575 -0.277228 2.14495 0.00596 -0.452741 1.92321 0.006427 -0.445843 1.56276 0.028552 -0.351641 1.55192 0.303993 -0.307782 2.0965 -0.287976 -0.275876 1.92496 -0.434409 -0.446337 1.92279 -0.253858 -0.203958 1.54662 0.423569 -0.295477 1.72285 -0.404802 -0.437918 1.711 -0.243907 -0.454866 1.64245 -0.112507 -0.445843 1.56276 0.028552 -0.438276 1.5023 0.029751 -0.403416 1.51976 0.031699 -0.412152 1.57491 0.028388 -0.175681 1.47016 0.429629 -0.351967 1.48376 0.271037 -0.279581 1.18317 0.172633 -0.157992 1.1764 0.34471 -0.438276 1.5023 0.029751 -0.342309 1.19539 0.056332 -0.317246 1.19851 -0.179663 -0.434512 1.4834 -0.107531 -0.454866 1.64245 -0.112507 -0.445843 1.56276 0.028552 -0.402577 1.42136 -0.21395 -0.22942 1.20091 -0.301055 -0.2693 1.42015 -0.378107 -0.157992 1.1764 0.34471 -0.279581 1.18317 0.172633 -0.342309 1.19539 0.056332 -0.317246 1.19851 -0.179663 -0.22942 1.20091 -0.301055 -0.175681 1.47016 0.429629 -0.173806 1.48622 0.3894 -0.351967 1.48376 0.271037 -0.317598 1.50068 0.259572 -0.438276 1.5023 0.029751 -0.403416 1.51976 0.031699 -0.332023 1.70187 -0.476635 -0.307209 1.44964 -0.460042 -0.474406 1.68195 -0.249317 -0.442236 1.4509 -0.248478 -0.474158 1.50672 -0.142545 -0.483492 1.61681 -0.15058 -0.332023 1.70187 -0.476635 -0.295477 1.72285 -0.404802 -0.474406 1.68195 -0.249317 -0.437918 1.711 -0.243907 -0.483492 1.61681 -0.15058 -0.454866 1.64245 -0.112507 -0.474158 1.50672 -0.142545 -0.434512 1.4834 -0.107531 -0.442236 1.4509 -0.248478 -0.402577 1.42136 -0.21395 -0.307209 1.44964 -0.460042 -0.2693 1.42015 -0.378107</float_array>
          <technique_common>
            <accessor source="#GeometrySource-array" count="156" stride="3">
              <param name="X" type="float"/>
              <param name="Y" type="float"/>
              <param name="Z" type="float"/>
            </accessor>
          </technique_common>
        </source>
        <source id="GeometrySource1" name="helmet_010Nrm">
          <float_array id="GeometrySource1-array" count="468">0.818632 -0.209947 0.534569 0.40385 -0.248949 0.880301 0.367086 -0.247844 0.896561 0.821145 -0.209181 0.531003 -0.00013 -0.225774 0.97418 -0.00013 -0.225774 0.97418 0.930305 -0.163042 0.328559 0.930305 -0.163042 0.328559 0.827064 0.259851 0.498441 0.45816 0.760309 0.460457 0.463956 0.281824 0.839833 0.494399 0.862753 0.10596 0.938543 0.314474 0.14228 0.000896 0.997017 0.077181 0.000666 0.853913 0.520415 0.99046 -0.058501 0.12477 0.84757 -0.033771 0.529609 0.515724 0.763484 -0.388743 0.000673 0.888826 -0.458244 0.000183 0.320619 -0.947208 0.487223 0.246783 -0.837683 0.898545 0.268843 -0.346902 0.454988 -0.076015 0.887247 0.00018 0.325088 0.945684 -0.000044 -0.073557 0.997291 0.559675 -0.069189 -0.825819 -0.000051 -0.097768 -0.995209 0.941343 -0.020683 -0.336817 0.999269 -0.0382 -0.001211 0.040394 0.033223 0.998631 0.040394 0.033223 0.998631 0.040394 0.033223 0.998631 0.040394 0.033223 0.998631 0.410705 -0.314745 0.85572 0.428021 -0.315273 0.846995 0.820438 -0.299996 0.486707 0.811996 -0.300666 0.500263 0.964552 -0.251565 0.079711 0.932365 -0.319379 0.169391 -0.000161 -0.28231 0.959323 -0.000161 -0.28231 0.959323 0.873203 -0.361959 -0.326346 0.962561 -0.267769 -0.042148 0.999269 -0.0382 -0.001211 0.99046 -0.058501 0.12477 0.887643 -0.360578 -0.286484 0.495529 -0.385897 -0.778161 0.481364 -0.386459 -0.786726 -0.000212 -0.382923 -0.92378 -0.000212 -0.382923 -0.92378 -0.000562 -0.999273 -0.038124 -0.000562 -0.999165 -0.040845 -0.032533 -0.993459 -0.109461 -0.000989 -0.999273 -0.038124 0.023112 -0.999053 -0.036871 0.02104 -0.999391 -0.027852 0.002133 -0.999324 -0.036704 -0.000562 -0.999187 -0.04031 0.105939 0.923367 0.369014 0.163036 0.912974 0.374028 0.000524 0.933644 0.358201 0.000524 0.933644 0.358201 0.351276 0.890352 0.289619 0.331122 0.890585 0.311794 0.410186 0.884791 0.221115 0.410186 0.884791 0.221115 -0.000034 -0.066742 -0.99777 -0.000034 -0.066742 -0.99777 0.600504 -0.106463 -0.792503 0.599091 -0.10625 -0.7936 0.899056 -0.140865 -0.414555 0.904115 -0.140852 -0.403406 0.973971 -0.13658 -0.180902 0.973971 -0.13658 -0.180902 0.000546 0.968717 -0.248166 0.264774 0.93413 -0.239366 0.235821 0.941383 -0.241216 0.000546 0.968717 -0.248166 0.63836 0.769728 0.004001 0.619415 0.784825 -0.019347 0.820303 0.296087 0.489322 0.820665 0.301171 0.485598 0.766273 -0.388622 0.511662 0.755256 -0.482222 0.443904 0.508437 -0.860444 -0.033594 0.525888 -0.850496 -0.009902 0.175982 -0.952776 -0.247483 0.210444 -0.946243 -0.245637 -0.000544 -0.967759 -0.251876 -0.000544 -0.967759 -0.251876 -0.818871 -0.209025 0.534563 -0.821383 -0.208256 0.530998 -0.367371 -0.247431 0.896558 -0.404136 -0.248495 0.880298 -0.93049 -0.161994 0.328553 -0.93049 -0.161994 0.328553 -0.463644 0.282346 0.83983 -0.826776 0.260649 0.498501 -0.457257 0.760664 0.460768 -0.493204 0.863442 0.10591 -0.938269 0.315302 0.142251 -0.990525 -0.057386 0.124764 -0.84761 -0.032816 0.529603 -0.514858 0.763926 -0.389022 -0.486939 0.247331 -0.837686 -0.898252 0.269688 -0.347005 -0.455079 -0.075502 0.887244 -0.559748 -0.068559 -0.825822 -0.941364 -0.019623 -0.336823 -0.999312 -0.037075 -0.001218 -0.040363 0.033269 0.998631 -0.040363 0.033269 0.998631 -0.040363 0.033269 0.998631 -0.040363 0.033269 0.998631 -0.411064 -0.314282 0.855718 -0.812337 -0.299751 0.500258 -0.820778 -0.299072 0.486702 -0.428381 -0.314791 0.846993 -0.964836 -0.250479 0.079705 -0.932725 -0.318329 0.169386 -0.873608 -0.360976 -0.326352 -0.962861 -0.266685 -0.042154 -0.999312 -0.037075 -0.001218 -0.990525 -0.057386 0.124764 -0.888047 -0.359578 -0.286489 -0.495958 -0.385338 -0.778164 -0.481795 -0.385917 -0.786729 -0.000135 -0.999273 -0.038124 0.031415 -0.993495 -0.109461 -0.024236 -0.999026 -0.036871 -0.022165 -0.999366 -0.027852 -0.003258 -0.999321 -0.036704 -0.104901 0.923485 0.369013 -0.16201 0.913158 0.374027 -0.350275 0.890746 0.289617 -0.330121 0.890958 0.311792 -0.409191 0.885253 0.221112 -0.409191 0.885253 0.221112 -0.612819 -0.095865 -0.784387 -0.608207 -0.095374 -0.788028 -0.903674 -0.122004 -0.410473 -0.904363 -0.122038 -0.408943 -0.971913 -0.123456 -0.20036 -0.971913 -0.123456 -0.20036 -0.217601 0.947292 -0.235131 -0.247091 0.940851 -0.23183 -0.624207 0.775329 0.096077 -0.546275 0.837349 -0.020751 -0.78874 0.308327 0.531812 -0.788574 0.324068 0.52262 -0.766714 -0.387759 0.511657 -0.755801 -0.481371 0.443899 -0.509405 -0.859871 -0.033597 -0.526845 -0.849904 -0.009905 -0.177053 -0.952577 -0.247485 -0.211507 -0.946005 -0.245639</float_array>
          <technique_common>
            <accessor source="#GeometrySource1-array" count="156" stride="3">
              <param name="X" type="float"/>
              <param name="Y" type="float"/>
              <param name="Z" type="float"/>
            </accessor>
          </technique_common>
        </source>
        <source id="GeometrySource2" name="helmet_010UV">
          <float_array id="GeometrySource2-array" count="312">0.157886 0.865048 0.098408 0.803936 0.046875 0.851563 0.109375 0.90625 0.011718 0.816406 0.047627 0.762982 0.179688 0.96875 0.223284 0.943677 0.170833 0.680794 0.170833 0.606576 0.112239 0.657357 0.28802 0.583138 0.291927 0.696419 0.268489 0.477669 0.13177 0.516732 0.265168 0.809701 0.151302 0.801888 0.38177 0.587044 0.416927 0.473763 0.520884 0.527567 0.463802 0.614388 0.393489 0.672982 0.057551 0.758919 0.049739 0.594857 0.003385 0.727669 0.498958 0.696419 0.584267 0.598887 0.409114 0.770638 0.358333 0.801888 0.015625 0.90625 0.042968 0.871094 0.125 0.953125 0.09375 0.984375 0.894531 0.78125 0.882813 0.976563 0.746094 0.972656 0.769531 0.769531 0.636719 0.765625 0.648438 0.976563 0.988281 0.972656 0.988281 0.789063 0.5 0.976563 0.558594 0.78125 0.542969 0.683594 0.636719 0.671875 0.5 0.824219 0.382813 0.972656 0.367188 0.832031 0.226563 0.972656 0.222656 0.835938 0.761719 0.5625 0.746094 0.558594 0.714844 0.621094 0.757813 0.585938 0.699219 0.632813 0.636719 0.632813 0.613281 0.609375 0.601563 0.5625 0.894531 0.78125 0.886719 0.753906 0.988281 0.765625 0.988281 0.789063 0.769531 0.769531 0.773438 0.742188 0.636719 0.765625 0.648438 0.730469 0.984375 0.71875 0.988281 0.636719 0.855469 0.632813 0.859375 0.714844 0.769531 0.636719 0.777344 0.714844 0.738281 0.699219 0.734375 0.667969 0.984375 0.609375 0.863281 0.609375 0.855469 0.632813 0.988281 0.636719 0.769531 0.636719 0.765625 0.621094 0.734375 0.667969 0.714844 0.660156 0.738281 0.699219 0.722656 0.714844 0.777344 0.714844 0.777344 0.734375 0.859375 0.714844 0.863281 0.738281 0.984375 0.71875 0.964844 0.75 0.157886 0.865048 0.109375 0.90625 0.046875 0.851563 0.098408 0.803936 0.179688 0.96875 0.223284 0.943677 0.112239 0.657357 0.170833 0.680794 0.170833 0.606576 0.28802 0.583138 0.291927 0.696419 0.265168 0.809701 0.151302 0.801888 0.38177 0.587044 0.463802 0.614388 0.393489 0.672982 0.057551 0.758919 0.498958 0.696419 0.409114 0.770638 0.358333 0.801888 0.015625 0.90625 0.09375 0.984375 0.125 0.953125 0.042968 0.871094 0.894531 0.78125 0.769531 0.769531 0.746094 0.972656 0.882813 0.976563 0.636719 0.765625 0.648438 0.976563 0.5 0.976563 0.558594 0.78125 0.542969 0.683594 0.636719 0.671875 0.5 0.824219 0.382813 0.972656 0.367188 0.832031 0.757813 0.585938 0.714844 0.621094 0.699219 0.632813 0.636719 0.632813 0.613281 0.609375 0.894531 0.78125 0.886719 0.753906 0.769531 0.769531 0.773438 0.742188 0.636719 0.765625 0.648438 0.730469 0.855469 0.632813 0.859375 0.714844 0.769531 0.636719 0.777344 0.714844 0.738281 0.699219 0.734375 0.667969 0.855469 0.632813 0.863281 0.609375 0.769531 0.636719 0.765625 0.621094 0.734375 0.667969 0.714844 0.660156 0.738281 0.699219 0.722656 0.714844 0.777344 0.714844 0.777344 0.734375 0.859375 0.714844 0.863281 0.738281</float_array>
          <technique_common>
            <accessor source="#GeometrySource2-array" count="156" stride="2">
              <param name="S" type="float"/>
              <param name="T" type="float"/>
            </accessor>
          </technique_common>
        </source>
        <vertices id="Geometry-vertices">
          <input semantic="POSITION" source="#GeometrySource"/>
          <input semantic="NORMAL" source="#GeometrySource1"/>
          <input semantic="TEXCOORD" source="#GeometrySource2"/>
        </vertices>
        <triangles material="VisualMaterial0" count="164">
          <input semantic="VERTEX" source="#Geometry-vertices" offset="0"/>
          <p>0 1 2 0 2 3 1 4 2 1 5 4 6 0 3 6 7 0 8 9 10 8 11 9 8 12 11 9 11 13 10 9 14 9 13 14 15 12 8 10 16 8 15 8 16 13 11 17 13 17 18 17 19 18 17 20 19 11 12 21 11 21 17 21 20 17 10 22 16 10 14 23 22 10 23 22 23 24 25 20 21 26 20 25 26 19 20 25 21 27 15 28 12 28 21 12 28 27 21 29 30 31 29 31 32 33 34 35 33 35 36 37 36 35 37 35 38 39 34 33 39 33 40 41 37 38 37 41 42 43 37 42 43 44 37 42 41 45 45 41 46 45 46 47 47 46 48 47 48 49 50 51 52 50 52 53 52 51 54 54 51 55 55 51 56 56 51 57 58 59 60 58 60 61 62 59 58 62 63 59 64 63 62 64 65 63 66 67 68 66 68 69 69 68 70 69 70 71 72 71 70 72 70 73 74 75 76 74 76 77 75 78 76 75 79 78 79 80 78 79 81 80 81 82 80 81 83 82 83 84 82 83 85 84 85 86 84 85 87 86 87 88 86 87 89 88 90 91 92 93 92 4 93 4 5 90 92 93 94 91 90 94 90 95 96 23 14 97 96 98 96 14 98 98 14 13 98 13 99 97 98 99 97 99 100 101 97 100 96 97 102 101 102 97 13 18 103 13 103 99 103 18 19 26 104 19 103 19 104 99 105 100 99 103 105 105 103 104 106 23 96 96 102 106 106 24 23 26 107 104 107 105 104 107 108 105 109 105 108 101 100 109 109 100 105 110 111 112 110 112 113 39 40 114 114 115 116 39 114 117 114 116 117 118 116 115 118 119 116 118 120 119 120 118 121 122 121 118 122 118 123 120 121 124 124 125 120 126 48 125 126 49 48 124 126 125 50 127 128 50 128 51 128 129 51 129 130 51 131 57 51 130 131 51 132 61 60 132 60 133 134 132 133 134 133 135 136 134 135 136 135 137 66 138 67 66 139 138 139 140 138 139 141 140 142 140 141 142 143 140 74 77 144 74 144 145 145 144 146 145 146 147 147 146 148 147 148 149 149 148 150 149 150 151 151 150 152 151 152 153 153 152 154 155 154 88 155 88 89 153 154 155</p>
        </triangles>
      </mesh>
    </geometry>
    <geometry id="Geometry1" name="equip_010">
      <mesh>
        <source id="GeometrySource3" name="equip_010Pos">
          <float_array id="GeometrySource3-array" count="1254">0.568814 0.987878 -0.109337 0.494391 0.984013 -0.167765 0.52897 1.13662 -0.105312 0.290985 1.22225 -0.11023 0.272942 1.03069 -0.181266 0.285351 1.21957 0.163408 0.52897 1.13677 0.168258 0.266957 1.03595 0.22525 0.484769 0.99232 0.231242 0.56288 0.99302 0.17094 0.656143 1.00023 0.159931 0.644305 1.11892 0.125015 0.648576 1.12096 -0.07152 0.656143 1.00009 -0.096149 0.811127 1.0142 -0.067962 0.845258 0.873806 -0.082019 0.656143 1.00009 -0.096149 0.648576 1.12096 -0.07152 0.644305 1.11892 0.125015 0.811126 1.01431 0.128523 0.845258 0.873806 -0.082019 0.845257 0.873934 0.147042 0.845257 0.873934 0.147042 0.656143 1.00023 0.159931 0.797882 0.822406 0.179643 0.652922 0.911414 0.166369 0.662185 0.929914 -0.097259 0.831653 0.851078 -0.10598 0.112542 1.0777 0.247077 0.000276 1.13424 0.145888 0.000246 1.08188 0.258157 0.282985 1.12976 0.102119 0.000276 1.13424 0.145888 0.32443 0.870222 0.183997 0.288244 0.833483 0.251493 0.271061 0.734707 0.231495 0.317882 0.759999 0.1843 0.324431 0.870053 -0.116095 0.32443 0.870222 0.183997 0.317882 0.759999 0.1843 0.321602 0.752078 -0.093714 0.000276 1.13424 0.145888 0.146493 1.12655 -0.123175 0.00027 1.12303 -0.119043 0.282985 1.12967 -0.058863 0.282985 1.12976 0.102119 0.112542 1.0777 0.247077 0.000246 1.08188 0.258157 0.000115 0.850404 0.333878 0.132565 0.846453 0.323259 0.000052 0.737369 0.292926 0.118969 0.734273 0.287157 0.282985 1.12976 0.102119 0.288244 0.833483 0.251493 0.319305 0.003166 -0.125242 0.037498 0.003167 -0.125241 0.036894 0.341565 -0.110079 0.295771 0.341565 -0.110079 0.319306 0.003166 0.260029 0.301393 0.24035 0.249952 0.035405 0.24035 0.249951 0.037498 0.003167 0.260029 0.381704 0.003166 -0.069115 0.381704 0.003166 0.203903 0.319306 0.003166 0.260029 0.319305 0.003166 -0.125242 0.037498 0.003167 0.260029 0.037498 0.003167 -0.125241 0.284433 0.598936 -0.098229 -0.000000 0.594664 -0.152109 -0.000000 0.664528 -0.150674 0.276435 0.663245 -0.101302 0.334921 0.598936 -0.055788 0.326618 0.663214 -0.059322 0.000000 0.551063 0.320284 0.000000 0.497102 0.290861 0.039654 0.499584 0.292236 0.076396 0.554328 0.319599 0.0937 0.553068 0.284852 0.088924 0.653434 0.281094 0.057879 0.712927 0.286884 0.053838 0.688935 0.300501 0.326618 0.663214 -0.059322 0.335258 0.667813 0.182114 0.34356 0.595113 0.186427 0.334921 0.598936 -0.055788 0.283762 0.590513 0.253209 0.27613 0.665106 0.244322 0.0937 0.553068 0.284852 0.088924 0.653434 0.281094 0.053838 0.688935 0.300501 0.057879 0.712927 0.286884 0.000000 0.714528 0.287149 0.000000 0.689068 0.300546 0.000000 0.551063 0.320284 0.076396 0.554328 0.319599 0.053838 0.688935 0.300501 0.000000 0.689068 0.300546 0.379423 0.687026 -0.010618 0.378446 0.687026 0.117281 0.374093 0.571036 0.124842 0.3767 0.565671 -0.011709 0.334292 0.705767 -0.020508 0.333182 0.705767 0.124715 0.378446 0.687026 0.117281 0.379423 0.687026 -0.010618 0.333182 0.705767 0.124715 0.345796 0.560483 0.1333 0.374093 0.571036 0.124842 0.378446 0.687026 0.117281 0.345796 0.560483 0.1333 0.348756 0.556814 -0.021747 0.3767 0.565671 -0.011709 0.374093 0.571036 0.124842 0.348756 0.556814 -0.021747 0.334292 0.705767 -0.020508 0.379423 0.687026 -0.010618 0.3767 0.565671 -0.011709 0.953351 0.739603 0.16245 0.81376 0.832956 0.161835 0.697484 0.649533 0.162773 0.835351 0.556181 0.163644 0.953351 0.739456 -0.099481 0.835352 0.556031 -0.102214 0.699341 0.648243 -0.100157 0.815647 0.831668 -0.098082 0.972228 0.767536 0.124184 0.953351 0.739603 0.16245 0.953351 0.739456 -0.099481 0.972228 0.767432 -0.060938 0.835352 0.556031 -0.102214 0.835351 0.556181 0.163644 0.350754 0.495726 0.078578 0.352634 0.501929 0.194587 0.359437 0.378817 0.196701 0.354885 0.382353 0.072223 0.293657 0.369378 0.249951 0.287221 0.497086 0.250639 0.078832 0.369378 0.25752 0.079764 0.488244 0.262863 0.00027 1.12303 -0.119043 0.146493 1.12655 -0.123175 0.072438 1.10532 -0.331193 0.000261 1.10538 -0.331526 0.282985 1.12967 -0.058863 0.324431 0.870053 -0.116095 0.321602 0.752078 -0.093714 0.106941 0.804009 -0.330785 0.000056 0.741526 -0.157268 0.000091 0.803852 -0.331053 0.172286 0.900667 -0.330712 0.000261 1.10538 -0.331526 0.106941 0.804009 -0.330785 0.000091 0.803852 -0.331053 0.172286 0.900667 -0.330712 0.072438 1.10532 -0.331193 0.172286 0.900667 -0.330712 0.072438 1.10532 -0.331193 0.146493 1.12655 -0.123175 0.321602 0.752078 -0.093714 0.503289 1.00886 -0.307243 0.407757 1.19814 -0.326598 0.168757 1.05194 -0.161901 0.232737 0.952869 -0.143911 0.082992 1.05332 -0.244813 0.23421 1.21784 -0.448344 0.425273 0.839276 -0.409634 0.210952 0.855183 -0.208832 0.251726 0.858975 -0.53138 0.125188 0.856568 -0.291745 0.23421 1.21784 -0.448344 0.156194 1.04826 -0.550735 0.061207 0.955637 -0.309735 0.082992 1.05332 -0.244813 0.125188 0.856568 -0.291745 0.251726 0.858975 -0.53138 0.299164 0.89773 -0.564445 0.512502 1.02484 -0.374365 0.446341 0.881024 -0.461198 0.218148 1.05825 -0.580859 0.431486 1.18536 -0.39078 0.284309 1.20207 -0.494026 -0.568424 0.988518 -0.109339 -0.528413 1.13721 -0.105314 -0.494005 0.984569 -0.167767 -0.290332 1.22257 -0.110231 -0.272504 1.031 -0.181266 -0.284701 1.21989 0.163407 -0.528413 1.13737 0.168256 -0.266514 1.03625 0.225249 -0.484375 0.992866 0.231241 -0.562485 0.993654 0.170938 -0.65574 1.00097 0.159929 -0.65574 1.00083 -0.096151 -0.648037 1.12169 -0.071522 -0.643769 1.11965 0.125012 -0.810707 1.01512 -0.067965 -0.648037 1.12169 -0.071522 -0.65574 1.00083 -0.096151 -0.844997 0.874757 -0.082021 -0.643769 1.11965 0.125012 -0.810708 1.01523 0.12852 -0.844997 0.874757 -0.082021 -0.844997 0.874886 0.14704 -0.844997 0.874886 0.14704 -0.65574 1.00097 0.159929 -0.79768 0.823305 0.17964 -0.652619 0.912149 0.166367 -0.661861 0.930659 -0.097261 -0.831417 0.852014 -0.105982 -0.112053 1.07783 0.247076 -0.283319 1.13008 0.101398 -0.324774 0.868408 0.182594 -0.270959 0.735012 0.231494 -0.28803 0.833808 0.251491 -0.317751 0.760357 0.184298 -0.324773 0.86824 -0.11538 -0.321477 0.75244 -0.093716 -0.317751 0.760357 0.184298 -0.324774 0.868408 0.182594 -0.145947 1.12672 -0.123176 -0.283318 1.12999 -0.057799 -0.283319 1.13008 0.101398 -0.112053 1.07783 0.247076 -0.132337 0.846602 0.323258 -0.118867 0.734407 0.287156 -0.283319 1.13008 0.101398 -0.28803 0.833808 0.251491 -0.319307 0.003167 -0.125241 -0.295771 0.341566 -0.11008 -0.036895 0.341565 -0.110079 -0.037499 0.003167 -0.125241 -0.319307 0.003167 0.260029 -0.035406 0.24035 0.249951 -0.301394 0.24035 0.249951 -0.0375 0.003167 0.260029 -0.381705 0.003167 -0.069115 -0.319307 0.003167 -0.125241 -0.319307 0.003167 0.260029 -0.381706 0.003167 0.203903 -0.0375 0.003167 0.260029 -0.037499 0.003167 -0.125241 -0.284433 0.598936 -0.098228 -0.276435 0.663245 -0.101301 -0.334921 0.598936 -0.055787 -0.326618 0.663214 -0.059321 -0.076395 0.554328 0.319599 -0.039653 0.499584 0.292236 -0.093699 0.553068 0.284852 -0.088923 0.653434 0.281094 -0.057878 0.712927 0.286884 -0.053837 0.688935 0.300501 -0.326618 0.663214 -0.059321 -0.334921 0.598936 -0.055787 -0.343559 0.595113 0.186428 -0.335257 0.667813 0.182115 -0.283761 0.590513 0.25321 -0.276129 0.665106 0.244323 -0.093699 0.553068 0.284852 -0.088923 0.653434 0.281094 -0.053837 0.688935 0.300501 -0.057878 0.712927 0.286884 -0.053837 0.688935 0.300501 -0.076395 0.554328 0.319599 -0.379423 0.687026 -0.010617 -0.3767 0.565671 -0.011708 -0.374093 0.571036 0.124843 -0.378445 0.687026 0.117282 -0.334292 0.705767 -0.020507 -0.379423 0.687026 -0.010617 -0.378445 0.687026 0.117282 -0.333182 0.705767 0.124716 -0.333182 0.705767 0.124716 -0.378445 0.687026 0.117282 -0.374093 0.571036 0.124843 -0.345796 0.560483 0.133301 -0.345796 0.560483 0.133301 -0.374093 0.571036 0.124843 -0.3767 0.565671 -0.011708 -0.348756 0.556814 -0.021746 -0.348756 0.556814 -0.021746 -0.3767 0.565671 -0.011708 -0.379423 0.687026 -0.010617 -0.334292 0.705767 -0.020507 -0.953241 0.740677 0.162447 -0.835448 0.557122 0.163642 -0.697451 0.649405 0.162771 -0.813521 0.83296 0.161833 -0.953241 0.74053 -0.099484 -0.815409 0.831673 -0.098084 -0.699309 0.648117 -0.100158 -0.835448 0.556972 -0.102217 -0.972087 0.768631 0.124181 -0.972087 0.768527 -0.060941 -0.953241 0.74053 -0.099484 -0.953241 0.740677 0.162447 -0.835448 0.556972 -0.102217 -0.835448 0.557122 0.163642 -0.350754 0.495727 0.078578 -0.354886 0.382354 0.072222 -0.359437 0.378818 0.1967 -0.352635 0.50193 0.194586 -0.293658 0.369379 0.249951 -0.287221 0.497086 0.250638 -0.078832 0.369379 0.25752 -0.079765 0.488244 0.262863 -0.071915 1.10541 -0.331193 -0.145947 1.12672 -0.123176 -0.321477 0.75244 -0.093716 -0.324773 0.86824 -0.11538 -0.283318 1.12999 -0.057799 -0.106757 0.804129 -0.330785 -0.171993 0.900861 -0.330713 -0.106757 0.804129 -0.330785 -0.171993 0.900861 -0.330713 -0.071915 1.10541 -0.331193 -0.171993 0.900861 -0.330713 -0.321477 0.75244 -0.093716 -0.145947 1.12672 -0.123176 -0.071915 1.10541 -0.331193 -0.502874 1.00943 -0.307246 -0.232386 0.953131 -0.143912 -0.168295 1.05213 -0.161902 -0.407129 1.1986 -0.326601 -0.082528 1.05342 -0.244814 -0.233559 1.2181 -0.448346 -0.425049 0.839754 -0.409637 -0.210711 0.855421 -0.208834 -0.251479 0.859258 -0.531381 -0.124945 0.856708 -0.291745 -0.233559 1.2181 -0.448346 -0.082528 1.05342 -0.244814 -0.060853 0.955706 -0.309735 -0.155734 1.04843 -0.550736 -0.124945 0.856708 -0.291745 -0.251479 0.859258 -0.531381 -0.512069 1.02542 -0.374369 -0.298873 0.898067 -0.564447 -0.44607 0.881527 -0.461201 -0.217677 1.0585 -0.58086 -0.430873 1.18585 -0.390782 -0.283676 1.20239 -0.494028 0.407757 1.19814 -0.326598 0.503289 1.00886 -0.307243 0.512502 1.02484 -0.374365 0.431486 1.18536 -0.39078 0.446341 0.881024 -0.461198 0.425273 0.839276 -0.409634 0.299164 0.89773 -0.564445 0.251726 0.858975 -0.53138 0.218148 1.05825 -0.580859 0.156194 1.04826 -0.550735 0.284309 1.20207 -0.494026 0.23421 1.21784 -0.448344 -0.502874 1.00943 -0.307246 -0.407129 1.1986 -0.326601 -0.430873 1.18585 -0.390782 -0.512069 1.02542 -0.374369 -0.283676 1.20239 -0.494028 -0.233559 1.2181 -0.448346 -0.217677 1.0585 -0.58086 -0.155734 1.04843 -0.550736 -0.298873 0.898067 -0.564447 -0.251479 0.859258 -0.531381 -0.44607 0.881527 -0.461201 -0.425049 0.839754 -0.409637 0.271061 0.734707 0.231495 0.381704 0.003166 -0.069115 0.353608 0.341466 -0.058131 0.381704 0.003166 0.203903 0.359436 0.249789 0.196701 0.352634 0.345501 0.194587 0.294957 0.34583 0.246611 0.036338 0.345519 0.255295 0.036338 0.345519 0.255295 0.036894 0.341565 -0.110079 0.035405 0.24035 0.249951 0.037498 0.003167 -0.125241 0.037498 0.003167 0.260029 0.833477 0.860889 0.123892 0.972228 0.767536 0.124184 0.835035 0.85986 -0.059945 0.972228 0.767432 -0.060938 0.972228 0.767432 -0.060938 0.835035 0.85986 -0.059945 0.697484 0.649533 0.162773 0.699341 0.648243 -0.100157 -0.270959 0.735012 0.231494 -0.381705 0.003167 -0.069115 -0.353608 0.341467 -0.058132 -0.381706 0.003167 0.203903 -0.359438 0.24979 0.1967 -0.352635 0.345502 0.194586 -0.294958 0.345831 0.24661 -0.036339 0.345519 0.255295 -0.036339 0.345519 0.255295 -0.035406 0.24035 0.249951 -0.036895 0.341565 -0.110079 -0.037499 0.003167 -0.125241 -0.0375 0.003167 0.260029 -0.833206 0.860914 0.12389 -0.972087 0.768631 0.124181 -0.834765 0.859887 -0.059948 -0.972087 0.768527 -0.060941 -0.972087 0.768527 -0.060941 -0.834765 0.859887 -0.059948 -0.697451 0.649405 0.162771 -0.699309 0.648117 -0.100158 0.317882 0.759999 0.1843 0.271061 0.734707 0.231495 0.118969 0.734273 0.287157 0.321602 0.752078 -0.093714 0.000056 0.741526 -0.157268 0.000052 0.737369 0.292926 -0.321477 0.75244 -0.093716 -0.118867 0.734407 0.287156 -0.317751 0.760357 0.184298 -0.270959 0.735012 0.231494</float_array>
          <technique_common>
            <accessor source="#GeometrySource3-array" count="418" stride="3">
              <param name="X" type="float"/>
              <param name="Y" type="float"/>
              <param name="Z" type="float"/>
            </accessor>
          </technique_common>
        </source>
        <source id="GeometrySource4" name="equip_010Nrm">
          <float_array id="GeometrySource4-array" count="1254">0.879153 0.238029 -0.412834 0.338746 0.284271 -0.896907 0.632348 0.611995 -0.474972 0.290973 0.80628 -0.515021 0.135289 0.340243 -0.930554 0.255826 0.808651 0.529751 0.620837 0.609188 0.493408 0.071879 0.342686 0.936696 0.296169 0.280109 0.913139 0.882281 0.224957 0.413491 -0.233383 0.19218 0.953205 -0.455158 0.748606 0.482101 -0.423675 0.745321 -0.514778 -0.275708 0.152143 -0.949125 0.673904 0.502645 -0.541481 0.599781 0.287585 -0.746698 -0.275708 0.152143 -0.949125 -0.423675 0.745321 -0.514778 -0.455158 0.748606 0.482101 0.671043 0.520561 0.527938 0.599781 0.287585 -0.746698 0.610484 0.290031 0.737015 0.610484 0.290031 0.737015 -0.233383 0.19218 0.953205 0.139593 0.218326 0.96584 0.139593 0.218326 0.96584 0.154937 0.245611 -0.956906 0.154937 0.245611 -0.956906 0.075175 0.90371 0.421495 0.000508 0.906282 0.422674 0.000508 0.906282 0.422674 0.098909 0.982803 0.155932 0.000385 0.987986 0.154541 0.805685 0.156991 0.571161 0.833697 -0.02032 0.551849 0.837136 -0.145246 0.527358 0.837136 -0.145246 0.527358 0.999161 -0.040364 0.007002 0.999161 -0.040364 0.007002 0.999161 -0.040367 0.006986 0.999161 -0.040367 0.006986 0.000385 0.987986 0.154541 -0.014425 0.999234 -0.036369 0.000562 0.999107 -0.042243 0.003412 0.99984 -0.017569 0.098909 0.982803 0.155932 0.311392 0.348397 0.884112 0.000174 0.315623 0.948885 -0.000003 -0.00022 1 0.269853 0.022115 0.962648 -0.000187 -0.32741 0.944882 0.202918 -0.312342 0.928045 0.48505 0.363348 0.795427 0.448665 0.050637 0.892265 0.367284 0.067068 -0.927687 -0.695553 0.02884 -0.717896 -0.718839 0.029403 -0.694554 0.346451 0.065982 -0.935745 0.368742 0.067239 0.927097 0.360413 0.048755 0.931518 -0.717453 0.012386 0.696497 -0.696319 0.027304 0.717213 -0.000001 -1 0.000000 -0.000001 -1 0.000000 -0.000001 -1 0.000000 -0.000001 -1 0.000000 -0.000001 -1 0.000000 -0.000001 -1 0.000000 0.443814 0.02283 -0.895828 -0.000001 -0.001229 -0.999999 -0.000001 -0.001229 -0.999999 0.405891 0.019271 -0.913718 0.641991 0.042053 -0.765558 0.641991 0.042053 -0.765558 0.000001 -0.46777 0.883851 0.000001 -0.46777 0.883851 0.156175 -0.532571 0.831852 0.675834 -0.357583 0.644502 0.860585 -0.259921 0.437989 0.678516 0.206112 0.705077 0.636758 0.226388 0.737081 0.636758 0.226388 0.737081 0.992343 0.118256 -0.035643 0.929715 0.138863 0.341098 0.923241 0.139346 0.358063 0.992343 0.118256 -0.035643 0.453575 0.115294 0.883729 0.473167 0.117277 0.873132 0.167364 0.082874 0.982406 0.167364 0.082874 0.982406 0.009867 0.478769 0.877885 0.009867 0.478769 0.877885 0.000001 0.478792 0.877928 0.000001 0.478792 0.877928 0.000001 0.14121 0.98998 0.002159 0.14121 0.989977 0.002159 0.14121 0.989977 0.000001 0.14121 0.98998 0.999467 -0.02941 0.014142 0.999467 -0.02941 0.014142 0.999467 -0.02941 0.014142 0.999467 -0.02941 0.014142 0.382954 0.923763 0.002926 0.382954 0.923763 0.002926 0.382954 0.923763 0.002926 0.382954 0.923763 0.002926 0.217819 0.067053 0.973683 0.217819 0.067053 0.973683 0.217819 0.067053 0.973683 0.217819 0.067053 0.973683 0.325137 -0.945001 0.035484 0.325137 -0.945001 0.035484 0.325137 -0.945001 0.035484 0.325137 -0.945001 0.035484 0.265543 0.019838 -0.963895 0.265543 0.019838 -0.963895 0.265543 0.019838 -0.963895 0.265543 0.019838 -0.963895 0.69694 -0.07334 0.713369 0.227063 0.344629 0.910864 -0.394008 -0.575836 0.716359 0.163529 -0.798474 0.579394 0.697641 -0.070021 -0.713017 0.163023 -0.795924 -0.583034 -0.39952 -0.576313 -0.712915 0.226285 0.351819 -0.908305 0.930091 0.24324 0.275256 0.69694 -0.07334 0.713369 0.697641 -0.070021 -0.713017 0.930149 0.243409 -0.274908 0.163023 -0.795924 -0.583034 0.163529 -0.798474 0.579394 0.99854 0.046652 -0.027221 0.908909 0.04706 0.41433 0.90139 0.046876 0.430463 0.99854 0.046652 -0.027221 0.359108 0.007526 0.933266 0.361585 0.007784 0.932307 0.047295 -0.02337 0.998608 0.047295 -0.02337 0.998608 0.00056 0.996027 -0.089049 0.111487 0.737008 -0.666625 -0.017347 0.995877 -0.089035 0.00056 0.996027 -0.089049 0.197627 0.11021 -0.974062 0.197627 0.110209 -0.974062 0.31215 -0.604622 -0.732799 0.285189 -0.828943 -0.481165 -0.000535 -0.952266 -0.305271 -0.000528 -0.94111 -0.338101 0.624219 -0.421503 -0.657788 0.000002 -0.001203 -0.999999 0.003152 -0.001204 -0.999994 0.000002 -0.001203 -0.999999 0.003152 -0.001204 -0.999994 0.003152 -0.001204 -0.999994 0.862084 0.392714 -0.320293 0.862084 0.392714 -0.320293 0.862084 0.392714 -0.320293 0.477025 -0.85883 -0.186704 0.527864 -0.135578 0.838438 0.100443 0.663034 0.741821 0.06509 0.690152 0.720731 0.524364 -0.107729 0.844652 -0.654394 0.746619 0.119698 -0.615734 0.771318 0.161058 0.270326 -0.893455 0.358694 0.280397 -0.885789 0.369806 -0.470921 -0.841368 -0.265206 -0.450771 -0.856068 -0.252891 -0.615734 0.771318 0.161058 -0.930036 0.025039 -0.366615 -0.924938 -0.025425 -0.379266 -0.654394 0.746619 0.119698 -0.450771 -0.856068 -0.252891 -0.470921 -0.841368 -0.265206 0.577317 0.210709 -0.788864 0.577317 0.210709 -0.788864 0.577317 0.210709 -0.788864 0.577317 0.210709 -0.788864 0.577317 0.210709 -0.788864 0.577317 0.210709 -0.788864 -0.878883 0.239018 -0.412838 -0.631657 0.612706 -0.474975 -0.338423 0.284651 -0.896908 -0.290063 0.806607 -0.515023 -0.134902 0.340395 -0.930555 -0.254917 0.808939 0.52975 -0.620153 0.609887 0.493405 -0.071496 0.342767 0.936696 -0.295856 0.280443 0.913138 -0.882029 0.22595 0.413488 0.233596 0.191918 0.953205 0.275883 0.151832 -0.949124 0.424516 0.744843 -0.514777 0.455999 0.748093 0.482102 -0.673335 0.503403 -0.541484 0.424516 0.744843 -0.514777 0.275883 0.151832 -0.949124 -0.599454 0.28826 -0.7467 0.455999 0.748093 0.482102 -0.670458 0.521317 0.527935 -0.599454 0.28826 -0.7467 -0.61016 0.290719 0.737012 -0.61016 0.290719 0.737012 0.233596 0.191918 0.953205 -0.13935 0.218483 0.96584 -0.13935 0.218483 0.96584 -0.154656 0.245785 -0.956907 -0.154656 0.245785 -0.956907 -0.07416 0.903794 0.421494 -0.100679 0.982683 0.155559 -0.813058 0.150162 0.562484 -0.837057 -0.144669 0.527643 -0.835802 -0.017037 0.548767 -0.837057 -0.144669 0.527643 -0.998948 -0.045301 0.007106 -0.998948 -0.045304 0.007088 -0.998948 -0.045304 0.007088 -0.998948 -0.045301 0.007106 0.015415 0.999222 -0.036296 -0.002415 0.999845 -0.017467 -0.100679 0.982683 0.155559 -0.311104 0.348855 0.884033 -0.26992 0.022471 0.962621 -0.203276 -0.312113 0.928043 -0.484905 0.364077 0.795182 -0.448841 0.051577 0.892122 -0.367284 0.067069 -0.927687 -0.346448 0.065983 -0.935746 0.718841 0.029401 -0.694552 0.695553 0.028838 -0.717896 -0.368741 0.06724 0.927097 0.717451 0.012384 0.696499 -0.360415 0.048756 0.931517 0.696319 0.027302 0.717213 -0.000001 -1 0.000000 -0.000001 -1 0.000000 -0.000001 -1 0.000000 -0.000001 -1 0.000000 -0.000001 -1 0.000000 -0.000001 -1 0.000000 -0.443817 0.02283 -0.895827 -0.405893 0.019271 -0.913717 -0.641993 0.042053 -0.765556 -0.641993 0.042053 -0.765556 -0.675833 -0.357583 0.644504 -0.156172 -0.532571 0.831852 -0.860584 -0.259921 0.437991 -0.678514 0.206112 0.705079 -0.636756 0.226388 0.737082 -0.636756 0.226388 0.737082 -0.992343 0.118256 -0.03564 -0.992343 0.118256 -0.03564 -0.92324 0.139346 0.358066 -0.929714 0.138863 0.341101 -0.453573 0.115294 0.88373 -0.473164 0.117277 0.873133 -0.167361 0.082874 0.982406 -0.167361 0.082874 0.982406 -0.009864 0.478769 0.877886 -0.009864 0.478769 0.877886 -0.002156 0.14121 0.989977 -0.002156 0.14121 0.989977 -0.999467 -0.02941 0.014145 -0.999467 -0.02941 0.014145 -0.999467 -0.02941 0.014145 -0.999467 -0.02941 0.014145 -0.382954 0.923763 0.002927 -0.382954 0.923763 0.002927 -0.382954 0.923763 0.002927 -0.382954 0.923763 0.002927 -0.217816 0.067053 0.973684 -0.217816 0.067053 0.973684 -0.217816 0.067053 0.973684 -0.217816 0.067053 0.973684 -0.325137 -0.945001 0.035485 -0.325137 -0.945001 0.035485 -0.325137 -0.945001 0.035485 -0.325137 -0.945001 0.035485 -0.265546 0.019838 -0.963894 -0.265546 0.019838 -0.963894 -0.265546 0.019838 -0.963894 -0.265546 0.019838 -0.963894 -0.69699 -0.071306 0.713527 -0.166256 -0.797729 0.579644 0.391237 -0.578966 0.715355 -0.224531 0.345119 0.911306 -0.697667 -0.067971 -0.71319 -0.223671 0.352337 -0.908752 0.396775 -0.579491 -0.71187 -0.165731 -0.79517 -0.583299 -0.929225 0.246321 0.275441 -0.929272 0.246494 -0.275126 -0.697667 -0.067971 -0.71319 -0.69699 -0.071306 0.713527 -0.165731 -0.79517 -0.583299 -0.166256 -0.797729 0.579644 -0.99854 0.046655 -0.027223 -0.99854 0.046655 -0.027223 -0.901391 0.046878 0.430461 -0.90891 0.047063 0.414328 -0.35911 0.007527 0.933265 -0.361587 0.007785 0.932306 -0.047297 -0.02337 0.998608 -0.047297 -0.02337 0.998608 0.018468 0.995857 -0.089035 -0.116017 0.738104 -0.664637 -0.316228 -0.601118 -0.733933 -0.206276 0.113399 -0.971901 -0.206276 0.113399 -0.971901 -0.286119 -0.828622 -0.481167 -0.624689 -0.4208 -0.657792 -0.003148 -0.001201 -0.999994 -0.003148 -0.001201 -0.999994 -0.003148 -0.001201 -0.999994 -0.861639 0.393684 -0.320298 -0.47799 -0.858293 -0.186707 -0.861639 0.393684 -0.320298 -0.861639 0.393684 -0.320298 -0.528022 -0.134984 0.838435 -0.52449 -0.107139 0.844648 -0.064318 0.690225 0.720731 -0.0997 0.663146 0.74182 0.655234 0.745882 0.119702 0.616601 0.770625 0.161063 -0.271334 -0.89315 0.358692 -0.281396 -0.885473 0.369804 0.469975 -0.841897 -0.265203 0.449808 -0.856575 -0.252888 0.616601 0.770625 0.161063 0.655234 0.745882 0.119702 0.924911 -0.026466 -0.37926 0.930065 0.023992 -0.36661 0.449808 -0.856575 -0.252888 0.469975 -0.841897 -0.265203 -0.577074 0.211358 -0.788868 -0.577074 0.211358 -0.788868 -0.577075 0.211359 -0.788868 -0.577075 0.211359 -0.788868 -0.577074 0.211358 -0.788868 -0.577074 0.211358 -0.788868 0.592758 0.803201 0.059213 0.990063 0.015998 0.13971 0.990063 0.015998 0.13971 0.592758 0.803201 0.059213 0.665606 -0.689278 -0.286119 0.665607 -0.689278 -0.286119 -0.056155 -0.607352 -0.792445 -0.056155 -0.607352 -0.792445 -0.453459 0.17985 -0.872943 -0.453459 0.17985 -0.872943 -0.129003 0.885126 -0.447113 -0.129003 0.885126 -0.447113 -0.990046 0.017113 0.139703 -0.591854 0.803868 0.059209 -0.591854 0.803868 0.059209 -0.990046 0.017113 0.139703 0.130002 0.884981 -0.447112 0.130003 0.88498 -0.447112 0.453667 0.17934 -0.87294 0.453667 0.179339 -0.87294 0.055476 -0.607415 -0.792445 0.055476 -0.607415 -0.792445 -0.66638 -0.688529 -0.286124 -0.66638 -0.688528 -0.286123 0.35616 -0.289151 0.888562 0.910821 0.090486 -0.402763 0.910909 0.088666 -0.402968 0.909853 0.0916 0.404693 0.909637 0.083415 0.406943 0.908685 0.073766 0.410913 0.356653 0.028324 0.933807 -0.685199 -0.000377 0.728355 -0.685199 -0.000377 0.728355 -0.718839 0.029403 -0.694554 -0.717453 0.012386 0.696497 -0.695553 0.02884 -0.717896 -0.696319 0.027304 0.717213 0.52002 0.775368 0.358307 0.930091 0.24324 0.275256 0.520005 0.777726 -0.353182 0.930149 0.243409 -0.274908 0.930149 0.243409 -0.274908 0.520005 0.777726 -0.353182 -0.394008 -0.575836 0.716359 -0.39952 -0.576313 -0.712915 -0.356491 -0.28875 0.888559 -0.91082 0.090489 -0.402763 -0.910908 0.088669 -0.40297 -0.909853 0.091603 0.404694 -0.909638 0.083417 0.406941 -0.908686 0.073768 0.410911 -0.356655 0.028325 0.933807 0.685198 -0.000379 0.728357 0.685198 -0.000379 0.728357 0.717451 0.012384 0.696499 0.718841 0.029401 -0.694552 0.695553 0.028838 -0.717896 0.696319 0.027302 0.717213 -0.515472 0.778255 0.35862 -0.929225 0.246321 0.275441 -0.515411 0.780622 -0.353527 -0.929272 0.246494 -0.275126 -0.929272 0.246494 -0.275126 -0.515411 0.780622 -0.353527 0.391237 -0.578966 0.715355 0.396775 -0.579491 -0.71187 0.10986 -0.993295 -0.035983 0.10986 -0.993295 -0.035983 0.043022 -0.998753 -0.025327 0.477025 -0.85883 -0.186704 -0.000562 -0.999767 -0.021602 -0.000562 -0.999767 -0.021602 -0.47799 -0.858293 -0.186707 -0.044146 -0.998704 -0.025327 -0.110978 -0.993171 -0.035983 -0.110978 -0.993171 -0.035983</float_array>
          <technique_common>
            <accessor source="#GeometrySource4-array" count="418" stride="3">
              <param name="X" type="float"/>
              <param name="Y" type="float"/>
              <param name="Z" type="float"/>
            </accessor>
          </technique_common>
        </source>
        <source id="GeometrySource5" name="equip_010UV">
          <float_array id="GeometrySource5-array" count="836">0.212204 0.158529 0.252307 0.133314 0.200303 0.104068 0.210283 0.010971 0.285178 0.04643 0.097603 0.009809 0.105189 0.104444 0.025217 0.040825 0.052853 0.128019 0.09342 0.155983 0.339765 0.148413 0.39756 0.13181 0.398778 0.036651 0.34029 0.024533 0.490815 0.348735 0.542433 0.30172 0.433142 0.299089 0.396774 0.346842 0.395556 0.442001 0.490835 0.443761 0.560724 0.341856 0.560746 0.452695 0.540202 0.494162 0.430222 0.4903 0.532899 0.530787 0.451256 0.526136 0.451941 0.278598 0.542293 0.284416 0.275137 0.23332 0.382146 0.181725 0.382146 0.233071 0.113044 0.176428 0.382146 0.181725 0.04175 0.435966 0.114978 0.441276 0.120835 0.541423 0.052502 0.536142 0.959566 0.024852 0.714095 0.024884 0.718022 0.10911 0.955958 0.109957 0.983364 0.337876 0.888588 0.475211 0.983496 0.478034 0.808428 0.432903 0.822005 0.337879 0.275137 0.23332 0.382146 0.233071 0.382146 0.434905 0.261799 0.439125 0.382146 0.534895 0.266361 0.546694 0.113044 0.176428 0.114978 0.441276 0.186602 0.910525 0.040838 0.910525 0.040838 0.708256 0.186602 0.708256 0.412939 0.910525 0.412939 0.758824 0.561615 0.758824 0.561615 0.910525 0.665543 0.13569 0.591325 0.13569 0.571793 0.116159 0.685075 0.116159 0.571793 0.022409 0.685075 0.022409 0.41813 0.978612 0.547446 0.978462 0.547565 0.922528 0.417931 0.922149 0.337193 0.978607 0.337516 0.922341 0.428919 0.19811 0.428829 0.23792 0.46728 0.236879 0.49152 0.196522 0.51968 0.191947 0.518819 0.101629 0.492694 0.042278 0.467553 0.072587 0.337516 0.922341 0.252184 0.92242 0.253498 0.978769 0.337193 0.978607 0.189612 0.977855 0.189642 0.922558 0.047199 0.984263 0.046985 0.922853 0.467553 0.072587 0.492694 0.042278 0.428458 0.04217 0.428863 0.071916 0.428919 0.19811 0.49152 0.196522 0.467553 0.072587 0.428863 0.071916 0.478593 0.576899 0.391525 0.57766 0.387747 0.665884 0.480095 0.666035 0.48471 0.539939 0.385849 0.540078 0.391525 0.57766 0.478593 0.576899 0.360576 0.568106 0.364961 0.671032 0.387747 0.665884 0.391525 0.57766 0.380371 0.685026 0.485279 0.68439 0.480095 0.666035 0.387747 0.665884 0.502104 0.673311 0.509282 0.562926 0.478593 0.576899 0.480095 0.666035 0.704604 0.255242 0.704466 0.155221 0.813941 0.155327 0.814312 0.255383 0.713448 0.472914 0.582272 0.472744 0.582904 0.356924 0.714081 0.357094 0.856907 0.29476 0.836828 0.279472 0.974661 0.279472 0.954581 0.29476 0.975309 0.219694 0.836828 0.219694 0.80452 0.275683 0.715361 0.275616 0.715105 0.345857 0.804573 0.345873 0.676479 0.345871 0.676976 0.27543 0.580029 0.34582 0.580147 0.275491 0.976761 0.509917 0.878823 0.509448 0.949732 0.560485 0.976815 0.560852 0.80458 0.511685 0.803052 0.652196 0.799295 0.70279 0.940266 0.665011 0.976791 0.71917 0.976821 0.664438 0.918664 0.633634 0.976815 0.560852 0.940266 0.665011 0.976821 0.664438 0.918664 0.633634 0.949732 0.560485 0.918664 0.633634 0.949732 0.560485 0.878823 0.509448 0.799295 0.70279 0.186411 0.691609 0.260376 0.691609 0.260376 0.557841 0.186411 0.557841 0.333607 0.55789 0.333607 0.691674 0.112446 0.691609 0.112446 0.557841 0.037747 0.691674 0.037747 0.55789 0.260376 0.691609 0.186411 0.691609 0.186411 0.557841 0.260376 0.557841 0.112446 0.557841 0.112446 0.691609 0.702886 0.682409 0.579057 0.611031 0.620333 0.682409 0.744162 0.611031 0.620333 0.539424 0.702886 0.539424 0.212204 0.158529 0.200303 0.104068 0.252307 0.133314 0.210283 0.010971 0.285178 0.04643 0.097603 0.009809 0.105189 0.104444 0.025217 0.040825 0.052853 0.128019 0.09342 0.155983 0.339765 0.148413 0.34029 0.024533 0.398778 0.036651 0.39756 0.13181 0.490815 0.348735 0.396774 0.346842 0.433142 0.299089 0.542433 0.30172 0.395556 0.442001 0.490835 0.443761 0.560724 0.341856 0.560746 0.452695 0.540202 0.494162 0.430222 0.4903 0.532899 0.530787 0.451256 0.526136 0.451941 0.278598 0.542293 0.284416 0.275137 0.23332 0.113044 0.176428 0.04175 0.435966 0.120835 0.541423 0.114978 0.441276 0.052502 0.536142 0.959566 0.024852 0.955958 0.109957 0.718022 0.10911 0.714095 0.024884 0.888588 0.475211 0.808428 0.432903 0.822005 0.337879 0.275137 0.23332 0.261799 0.439125 0.266361 0.546694 0.113044 0.176428 0.114978 0.441276 0.186602 0.910525 0.186602 0.708256 0.040838 0.708256 0.040838 0.910525 0.412939 0.910525 0.561615 0.758824 0.412939 0.758824 0.561615 0.910525 0.665543 0.13569 0.685075 0.116159 0.571793 0.116159 0.591325 0.13569 0.571793 0.022409 0.685075 0.022409 0.41813 0.978612 0.417931 0.922149 0.337193 0.978607 0.337516 0.922341 0.49152 0.196522 0.46728 0.236879 0.51968 0.191947 0.518819 0.101629 0.492694 0.042278 0.467553 0.072587 0.337516 0.922341 0.337193 0.978607 0.253498 0.978769 0.252184 0.92242 0.189612 0.977855 0.189642 0.922558 0.047199 0.984263 0.046985 0.922853 0.467553 0.072587 0.492694 0.042278 0.467553 0.072587 0.49152 0.196522 0.478593 0.576899 0.480095 0.666035 0.387747 0.665884 0.391525 0.57766 0.48471 0.539939 0.478593 0.576899 0.391525 0.57766 0.385849 0.540078 0.360576 0.568106 0.391525 0.57766 0.387747 0.665884 0.364961 0.671032 0.380371 0.685026 0.387747 0.665884 0.480095 0.666035 0.485279 0.68439 0.502104 0.673311 0.480095 0.666035 0.478593 0.576899 0.509282 0.562926 0.704604 0.255242 0.814312 0.255383 0.813941 0.155327 0.704466 0.155221 0.713448 0.472914 0.714081 0.357094 0.582904 0.356924 0.582272 0.472744 0.856907 0.29476 0.954581 0.29476 0.974661 0.279472 0.836828 0.279472 0.975309 0.219694 0.836828 0.219694 0.80452 0.275683 0.804573 0.345873 0.715105 0.345857 0.715361 0.275616 0.676479 0.345871 0.676976 0.27543 0.580029 0.34582 0.580147 0.275491 0.949732 0.560485 0.878823 0.509448 0.799295 0.70279 0.803052 0.652196 0.80458 0.511685 0.940266 0.665011 0.918664 0.633634 0.940266 0.665011 0.918664 0.633634 0.949732 0.560485 0.918664 0.633634 0.799295 0.70279 0.878823 0.509448 0.949732 0.560485 0.186411 0.691609 0.186411 0.557841 0.260376 0.557841 0.260376 0.691609 0.333607 0.55789 0.333607 0.691674 0.112446 0.691609 0.112446 0.557841 0.037747 0.691674 0.037747 0.55789 0.260376 0.691609 0.260376 0.557841 0.186411 0.557841 0.186411 0.691609 0.112446 0.557841 0.112446 0.691609 0.579057 0.611031 0.702886 0.682409 0.620333 0.682409 0.744162 0.611031 0.620333 0.539424 0.702886 0.539424 0.589259 0.493932 0.523931 0.611027 0.579057 0.611031 0.620333 0.539424 0.620333 0.682409 0.590815 0.720673 0.702886 0.682409 0.726733 0.721364 0.744162 0.611031 0.795019 0.611065 0.702886 0.539424 0.728604 0.494013 0.523931 0.611027 0.589259 0.493932 0.620333 0.539424 0.579057 0.611031 0.702886 0.539424 0.728604 0.494013 0.744162 0.611031 0.795019 0.611065 0.702886 0.682409 0.726733 0.721364 0.620333 0.682409 0.590815 0.720673 0.120835 0.541423 0.234821 0.910525 0.234821 0.708256 0.368738 0.910525 0.368738 0.755849 0.368738 0.696358 0.412939 0.696358 0.561615 0.696358 0.609147 0.969647 0.624928 0.740818 0.711725 0.969647 0.956334 0.740818 0.956334 0.969647 0.681409 0.155199 0.681528 0.255213 0.572594 0.155482 0.572962 0.255242 0.741896 0.473021 0.742531 0.356914 0.836828 0.152155 0.975957 0.153088 0.120835 0.541423 0.234821 0.910525 0.234821 0.708256 0.368738 0.910525 0.368738 0.755849 0.368738 0.696358 0.412939 0.696358 0.561615 0.696358 0.609147 0.969647 0.711725 0.969647 0.624928 0.740818 0.956334 0.740818 0.956334 0.969647 0.681409 0.155199 0.681528 0.255213 0.572594 0.155482 0.572962 0.255242 0.741896 0.473021 0.742531 0.356914 0.836828 0.152155 0.975957 0.153088 0.825134 0.480548 0.820254 0.486223 0.804395 0.492916 0.825522 0.447117 0.791996 0.439475 0.791996 0.49361 0.758468 0.447117 0.779596 0.492916 0.758857 0.480548 0.763737 0.486223</float_array>
          <technique_common>
            <accessor source="#GeometrySource5-array" count="418" stride="2">
              <param name="S" type="float"/>
              <param name="T" type="float"/>
            </accessor>
          </technique_common>
        </source>
        <vertices id="Geometry1-vertices">
          <input semantic="POSITION" source="#GeometrySource3"/>
          <input semantic="NORMAL" source="#GeometrySource4"/>
          <input semantic="TEXCOORD" source="#GeometrySource5"/>
        </vertices>
        <triangles material="VisualMaterial10" count="320">
          <input semantic="VERTEX" source="#Geometry1-vertices" offset="0"/>
          <p>0 1 2 3 2 1 3 1 4 5 2 3 5 6 2 7 6 5 7 8 6 6 8 9 2 6 9 2 9 0 10 11 12 10 12 13 14 15 16 14 16 17 18 14 17 18 19 14 19 20 14 19 21 20 22 19 18 22 18 23 24 22 23 24 23 25 15 26 16 15 27 26 28 29 30 28 31 32 33 34 35 33 35 36 37 38 39 37 39 40 41 42 43 41 44 42 41 45 44 46 47 48 46 48 49 49 48 50 49 50 51 49 52 46 49 53 52 54 55 56 54 56 57 58 59 60 58 60 61 62 63 64 62 64 65 65 64 66 65 66 67 68 69 70 68 70 71 71 72 68 71 73 72 74 75 76 74 76 77 76 78 77 78 79 77 77 79 80 77 80 81 82 83 84 82 84 85 83 86 84 83 87 86 88 86 87 88 87 89 90 91 92 90 92 93 94 95 96 94 96 97 98 99 100 98 100 101 102 103 104 102 104 105 106 107 108 106 108 109 110 111 112 110 112 113 114 115 116 114 116 117 118 119 120 118 120 121 122 123 124 122 124 125 126 127 128 126 128 129 127 130 128 127 131 130 132 133 134 132 134 135 133 136 134 133 137 136 138 136 137 138 137 139 140 141 142 140 142 143 141 144 145 141 145 146 147 146 148 149 147 148 147 150 146 151 152 153 152 151 154 154 151 155 156 157 158 156 158 159 160 161 162 160 162 163 161 164 162 161 165 164 166 160 163 166 163 167 168 166 167 168 167 169 170 171 172 170 172 173 171 174 172 171 175 174 176 177 178 177 176 179 177 179 180 180 179 181 182 183 184 185 184 183 185 186 184 187 185 183 187 183 188 189 187 188 189 188 190 188 191 190 183 182 191 183 191 188 192 193 194 192 194 195 196 197 198 196 198 199 200 197 196 200 196 201 201 196 202 201 202 203 204 200 201 204 205 200 206 205 204 206 207 205 199 198 208 199 208 209 210 30 29 210 32 211 212 213 214 212 215 213 216 217 218 216 218 219 41 43 220 41 220 221 41 221 222 223 48 47 224 50 48 223 224 48 224 225 50 224 223 226 224 226 227 228 229 230 228 230 231 232 233 234 232 235 233 236 237 238 236 238 239 237 240 238 237 241 240 242 70 69 242 243 70 243 242 244 243 244 245 74 246 247 74 247 75 247 246 248 248 246 249 246 250 249 246 251 250 252 253 254 252 254 255 255 254 256 255 256 257 258 257 256 258 259 257 260 93 92 260 92 261 94 97 262 94 262 263 264 265 266 264 266 267 268 269 270 268 270 271 272 273 274 272 274 275 276 277 278 276 278 279 280 281 282 280 282 283 284 285 286 284 286 287 288 289 290 288 290 291 292 293 294 292 294 295 295 294 296 295 296 297 298 299 300 298 300 301 301 300 302 301 302 303 304 303 302 304 305 303 140 143 306 140 306 307 307 308 309 307 309 310 311 148 308 149 148 311 311 308 312 313 151 153 151 313 314 151 314 315 316 317 318 316 318 319 320 321 322 320 322 323 323 322 324 323 324 325 326 321 320 326 327 321 328 327 326 328 329 327 330 331 332 330 332 333 333 332 334 333 334 335 336 337 338 337 336 339 339 336 340 339 340 341 342 343 344 342 344 345 343 346 344 343 347 346 347 348 346 347 349 348 349 350 348 349 351 350 351 352 350 351 353 352 353 342 345 353 345 352 354 355 356 354 356 357 355 358 356 355 359 358 359 360 358 359 361 360 361 362 360 361 363 362 363 364 362 365 354 357 365 357 364 363 365 364 31 34 33 51 53 49 51 366 53 57 367 54 57 368 367 368 369 367 368 370 369 368 371 370 371 59 370 371 372 59 60 59 372 370 58 369 370 59 58 60 372 373 374 375 376 376 375 377 376 377 378 379 119 118 379 118 380 381 379 380 381 380 382 125 383 122 125 384 383 385 130 131 385 386 130 211 212 214 225 224 227 225 227 387 229 228 388 229 388 389 389 388 390 389 390 391 389 391 392 392 391 234 392 234 393 233 393 234 391 390 232 391 232 234 233 394 393 395 396 397 396 398 397 396 399 398 400 284 287 400 401 284 402 401 400 402 403 401 289 288 404 289 404 405 406 297 296 406 296 407 408 409 410 408 410 411 410 412 411 410 413 412 413 414 412 413 415 414 415 416 414 415 417 416</p>
        </triangles>
      </mesh>
    </geometry>
    <geometry id="Geometry2" name="role_001">
      <mesh>
        <source id="GeometrySource6" name="role_001Pos">
          <float_array id="GeometrySource6-array" count="450">-0.09556 1.07944 0.118394 0.098387 1.07933 0.118395 0.099309 1.31619 0.118374 -0.096188 1.3163 0.118373 0.098387 1.07933 0.118395 0.098388 1.07922 -0.075552 0.09931 1.31608 -0.077124 0.099309 1.31619 0.118374 0.098388 1.07922 -0.075552 -0.095559 1.07933 -0.075553 -0.096188 1.31619 -0.077125 0.09931 1.31608 -0.077124 -0.095559 1.07933 -0.075553 -0.09556 1.07944 0.118394 -0.096188 1.3163 0.118373 -0.096188 1.31619 -0.077125 -0.3593 1.07711 0.138782 -0.32365 0.862027 0.188907 -0.280058 1.13008 0.105828 -0.379866 1.10507 0.107689 -0.6164 0.977542 0.116098 -0.601531 0.946766 0.151011 -0.56338 1.006 -0.050217 -0.379863 1.10499 -0.043698 -0.5449 0.977059 -0.084158 -0.359296 1.07699 -0.07469 -0.280057 1.12999 -0.062649 -0.326701 0.909419 0.138916 0.359788 1.07671 0.138783 0.380386 1.10464 0.10769 0.280607 1.12977 0.10583 0.323897 0.861663 0.188909 0.616777 0.976848 0.1161 0.601872 0.946089 0.151012 0.563788 1.00537 -0.050215 0.380383 1.10456 -0.043697 0.545277 0.976445 -0.084156 0.359785 1.07659 -0.074688 0.327 0.909051 0.138918 -0.270877 0.632938 -0.095779 -0.257989 0.768959 -0.100137 0.000076 0.778352 -0.147221 -0.000001 0.632948 -0.148426 -0.323845 0.632938 -0.054688 -0.308453 0.768961 -0.073466 -0.000000 0.496112 -0.127777 -0.0349 0.496112 -0.121257 -0.333451 0.532384 -0.051473 -0.282644 0.512444 -0.098679 -0.295771 0.33503 -0.11008 -0.036895 0.33503 -0.110079 -0.353608 0.334931 -0.058132 -0.270877 0.632938 0.244456 -0.000003 0.615854 0.292679 0.00008 0.786638 0.281579 -0.25799 0.769013 0.225716 -0.308453 0.769001 0.168317 -0.323845 0.632938 0.186417 -0.275132 0.587263 0.246986 -0.034612 0.496112 0.257768 -0.294958 0.339295 0.24661 -0.036339 0.338983 0.255295 -0.352635 0.338966 0.194586 -0.328933 0.587263 0.190032 0 0.496112 0.270753 -0.653186 0.957563 -0.053408 -0.643112 0.924178 -0.089167 -0.508121 0.782251 0.150514 -0.699894 0.647824 0.162772 -0.815964 0.831379 0.161834 -0.326698 0.909301 -0.074699 -0.457297 0.817803 -0.083563 -0.323649 0.86185 -0.125725 -0.546792 0.755102 -0.089637 -0.817852 0.830092 -0.098083 -0.701752 0.646536 -0.100157 -0.837208 0.858306 -0.059947 -0.835649 0.859333 0.12389 -0.508121 0.782251 0.150514 -0.699894 0.647824 0.162772 -0.326701 0.909419 0.138916 -0.32365 0.862027 0.188907 -0.036339 0.338983 0.255295 -0.036895 0.33503 -0.110079 -0.0349 0.496112 -0.121257 -0.034612 0.496112 0.257768 -0.333451 0.532384 -0.051473 -0.353608 0.334931 -0.058132 -0.352635 0.338966 0.194586 -0.328933 0.587263 0.190032 -0.323845 0.632938 -0.054688 -0.323845 0.632938 0.186417 -0.308453 0.768961 -0.073466 -0.308453 0.769001 0.168317 0.270876 0.632937 -0.095779 0.258132 0.768669 -0.100135 0.323845 0.632937 -0.054688 0.308595 0.768614 -0.073464 0.0349 0.496112 -0.121257 0.333451 0.532383 -0.051473 0.282643 0.512443 -0.098679 0.295771 0.335029 -0.110079 0.036894 0.33503 -0.110079 0.353607 0.33493 -0.058131 0.270877 0.632938 0.244456 0.258131 0.768722 0.225717 0.308594 0.768654 0.168319 0.323845 0.632937 0.186416 0.275132 0.587263 0.246986 0.034612 0.496112 0.257768 0.294956 0.339294 0.246611 0.036337 0.338983 0.255295 0.352633 0.338965 0.194587 0.328933 0.587263 0.190032 0.280607 1.12967 -0.062647 0.326998 0.908933 -0.074698 0.65354 0.956827 -0.053406 0.643429 0.923454 -0.089165 0.508277 0.781678 0.150516 0.699899 0.647036 0.162774 0.816175 0.83046 0.161836 0.457494 0.817288 -0.083562 0.546918 0.754487 -0.089636 0.818063 0.829171 -0.098081 0.701757 0.645746 -0.100155 0.835892 0.858392 0.123893 0.83745 0.857363 -0.059944 0.508277 0.781678 0.150516 0.699899 0.647036 0.162774 0.327 0.909051 0.138918 0.323898 0.861486 -0.125723 0.323897 0.861663 0.188909 0.036337 0.338983 0.255295 0.034612 0.496112 0.257768 0.0349 0.496112 -0.121257 0.036894 0.33503 -0.110079 0.333451 0.532383 -0.051473 0.328933 0.587263 0.190032 0.352633 0.338965 0.194587 0.353607 0.33493 -0.058131 0.323845 0.632937 -0.054688 0.323845 0.632937 0.186416 0.308595 0.768614 -0.073464 0.308594 0.768654 0.168319 -0.0349 0.496112 -0.121257 -0.000000 0.496112 -0.127777 0 0.496112 0.270753 -0.034612 0.496112 0.257768 0.0349 0.496112 -0.121257 0.034612 0.496112 0.257768</float_array>
          <technique_common>
            <accessor source="#GeometrySource6-array" count="150" stride="3">
              <param name="X" type="float"/>
              <param name="Y" type="float"/>
              <param name="Z" type="float"/>
            </accessor>
          </technique_common>
        </source>
        <source id="GeometrySource7" name="role_001Nrm">
          <float_array id="GeometrySource7-array" count="450">-0.000003 0.000088 1 -0.000003 0.000088 1 -0.000003 0.000089 1 -0.000003 0.000089 1 0.999992 -0.003892 0.000005 0.999992 -0.003892 0.000005 0.999992 -0.003893 0.000005 0.999992 -0.003893 0.000005 -0.000000 -0.006635 -0.999978 -0.000000 -0.006635 -0.999978 -0.000000 -0.006637 -0.999978 -0.000000 -0.006637 -0.999978 -0.999996 -0.002654 -0.000001 -0.999996 -0.002654 -0.000001 -0.999996 -0.002654 -0.000001 -0.999996 -0.002654 -0.000001 -0.17812 0.392606 0.902294 -0.856223 0.053203 0.51386 -0.264484 0.849458 0.456585 -0.330411 0.864533 0.378697 -0.426436 0.821415 0.378721 -0.147251 0.35901 0.921645 -0.424559 0.818644 -0.386745 -0.359536 0.858515 -0.36563 -0.141709 0.351217 -0.925508 -0.099207 0.331681 -0.938161 -0.255603 0.797632 -0.546305 -0.391404 -0.21459 0.894849 0.178563 0.392403 0.902294 0.331384 0.86416 0.378699 0.265442 0.849159 0.456584 0.856283 0.052266 0.513856 0.427359 0.820934 0.378723 0.147651 0.358843 0.921646 0.425482 0.818166 -0.386743 0.360505 0.858109 -0.365629 0.142108 0.351058 -0.925507 0.099583 0.331569 -0.938161 0.391166 -0.215012 0.894852 -0.384412 0.004063 -0.923153 -0.360218 -0.008046 -0.932834 0.000001 -0.002626 -0.999997 -0.000008 -0.074524 -0.997219 -0.897552 0.075597 -0.434379 -0.852492 0.049162 -0.520423 -0.000000 -0.147577 -0.989051 0.190457 -0.080025 -0.978428 -0.907185 0.09597 -0.409641 -0.382819 0.051972 -0.92236 -0.384201 0.053007 -0.921726 0.701545 -0.006712 -0.712593 -0.907341 0.105393 -0.406971 -0.45759 0.095843 0.883983 -0.000006 -0.065823 0.997831 0.000055 0.104984 0.994474 -0.480659 0.140772 0.865535 -0.930634 0.147428 0.33494 -0.922617 0.133244 0.361971 -0.399726 0.067879 0.914118 0.206133 -0.124106 0.970622 -0.411337 0.035146 0.910805 0.697016 -0.012031 0.716955 -0.921079 0.08986 0.378865 -0.919214 0.103554 0.379897 0.000000 -0.224064 0.974575 -0.4278 0.823458 -0.372698 -0.151516 0.368546 -0.917179 0.43483 -0.561816 0.703766 0.434684 -0.56091 0.704578 -0.16159 0.384032 0.90907 -0.746589 -0.200939 -0.634215 0.436253 -0.562028 -0.702715 -0.991077 0.062762 -0.117591 0.435086 -0.55908 -0.705783 -0.16259 0.387397 -0.907463 0.432435 -0.554524 -0.710987 -0.429812 0.826308 -0.363973 -0.430175 0.826972 0.362031 0.43483 -0.561816 0.703766 0.434684 -0.56091 0.704578 -0.391404 -0.21459 0.894849 -0.856223 0.053203 0.51386 0.697016 -0.012031 0.716955 0.701545 -0.006712 -0.712593 0.190457 -0.080025 -0.978428 0.206133 -0.124106 0.970622 -0.907185 0.09597 -0.409641 -0.907341 0.105393 -0.406971 -0.921079 0.08986 0.378865 -0.919214 0.103554 0.379897 -0.897552 0.075597 -0.434379 -0.922617 0.133244 0.361971 -0.852492 0.049162 -0.520423 -0.930634 0.147428 0.33494 0.384411 0.004063 -0.923153 0.360214 -0.008451 -0.932831 0.897551 0.075597 -0.434381 0.85255 0.048202 -0.520418 -0.190457 -0.080025 -0.978428 0.907185 0.095969 -0.40964 0.38282 0.051971 -0.92236 0.384204 0.053006 -0.921726 -0.701544 -0.00671 -0.712595 0.907342 0.10539 -0.406969 0.457591 0.095843 0.883982 0.480812 0.140231 0.865538 0.930797 0.14638 0.334946 0.922618 0.133244 0.361969 0.399727 0.067878 0.914118 -0.206133 -0.124106 0.970622 0.411335 0.035145 0.910806 -0.697018 -0.012029 0.716953 0.921078 0.089857 0.378867 0.919215 0.103552 0.379897 0.256507 0.797344 -0.546302 0.746382 -0.201764 -0.634197 0.428728 0.822976 -0.372696 0.151935 0.368376 -0.917178 -0.435465 -0.561326 0.703764 -0.435318 -0.560421 0.704576 0.162019 0.383849 0.909071 -0.436883 -0.561536 -0.702717 -0.435713 -0.558589 -0.705785 0.163029 0.387214 -0.907462 -0.433056 -0.554036 -0.710989 0.431104 0.826487 0.362033 0.430744 0.825824 -0.363971 -0.435465 -0.561326 0.703764 -0.435318 -0.560421 0.704576 0.391166 -0.215012 0.894852 0.991149 0.061663 -0.117565 0.856283 0.052266 0.513856 -0.697018 -0.012029 0.716953 -0.206133 -0.124106 0.970622 -0.190457 -0.080025 -0.978428 -0.701544 -0.00671 -0.712595 0.907185 0.095969 -0.40964 0.919215 0.103552 0.379897 0.921078 0.089857 0.378867 0.907342 0.10539 -0.406969 0.897551 0.075597 -0.434381 0.922618 0.133244 0.361969 0.85255 0.048202 -0.520418 0.930797 0.14638 0.334946 -0.000000 -1 0.000000 -0.000000 -1 0 -0.000000 -1 0 -0.000000 -1 0.000000 -0.000000 -1 0.000000 -0.000000 -1 0.000000</float_array>
          <technique_common>
            <accessor source="#GeometrySource7-array" count="150" stride="3">
              <param name="X" type="float"/>
              <param name="Y" type="float"/>
              <param name="Z" type="float"/>
            </accessor>
          </technique_common>
        </source>
        <source id="GeometrySource8" name="role_001UV">
          <float_array id="GeometrySource8-array" count="300">0.023326 0.624629 0.023326 0.738871 0.139985 0.738871 0.139985 0.624629 0.023092 0.505335 0.023092 0.619577 0.139751 0.619577 0.139751 0.505335 0.023649 0.74143 0.023649 0.855673 0.140308 0.855673 0.140308 0.741431 0.023649 0.85904 0.023649 0.973282 0.140308 0.973282 0.140308 0.85904 0.811167 0.104863 1.00421 0.147578 0.837049 0.045543 0.768087 0.104177 0.76886 0.339632 0.813246 0.34045 0.624762 0.291744 0.624405 0.101972 0.580828 0.29189 0.571653 0.101973 0.57974 0.026385 0.95888 0.156072 0.811167 0.104863 0.768087 0.104177 0.816234 0.029552 1.00421 0.147578 0.76886 0.339632 0.813246 0.34045 0.624762 0.291744 0.624405 0.101972 0.580828 0.29189 0.571653 0.101973 0.95888 0.156072 0.907396 0.627126 0.895244 0.502917 0.58161 0.503283 0.58161 0.627126 0.971102 0.627126 0.956574 0.502953 0.58161 0.767805 0.622925 0.767805 0.986811 0.767805 0.920536 0.767805 0.920536 0.9864 0.621222 0.9864 0.986811 0.9864 0.23852 0.630188 0.554569 0.630188 0.554569 0.503014 0.250597 0.502923 0.189642 0.502959 0.175203 0.630188 0.22546 0.774329 0.505104 0.774329 0.22546 0.981521 0.512874 0.981521 0.15959 0.981521 0.15959 0.774329 0.554569 0.774329 0.624941 0.387461 0.580989 0.386849 0.958162 0.359648 0.974255 0.478972 0.813982 0.479072 0.433198 0.155576 0.433648 0.318908 0.415706 0.131967 0.433623 0.400573 0.581149 0.478974 0.421799 0.479058 0.625119 0.478918 0.770002 0.479102 0.280309 0.359082 0.280309 0.478799 0.280309 0.156051 0.267595 0.134404 0.25658 0.103276 0.427781 0.100561 0.426918 0.019725 0.238134 0.0294 0.219006 0.354021 0.232323 0.46178 0.024593 0.466149 0.018573 0.354006 0.218194 0.209763 0.018811 0.244437 0.224092 0.016233 0.019918 0.035894 0.907396 0.627126 0.895244 0.502917 0.971102 0.627126 0.956574 0.502953 0.622925 0.767805 0.986811 0.767805 0.920536 0.767805 0.920536 0.9864 0.621222 0.9864 0.986811 0.9864 0.23852 0.630188 0.250597 0.502923 0.189642 0.502959 0.175203 0.630188 0.22546 0.774329 0.505104 0.774329 0.22546 0.981521 0.512874 0.981521 0.15959 0.981521 0.15959 0.774329 0.531228 0.050007 0.433198 0.155576 0.624941 0.387461 0.580989 0.386849 0.958162 0.359648 0.974255 0.478972 0.813982 0.479072 0.433648 0.318908 0.433623 0.400573 0.581149 0.478974 0.421799 0.479058 0.770002 0.479102 0.625119 0.478918 0.280309 0.359082 0.280309 0.478799 0.280309 0.156051 0.415706 0.131967 0.267595 0.134404 0.25658 0.103276 0.238134 0.0294 0.426918 0.019725 0.427781 0.100561 0.219006 0.354021 0.018573 0.354006 0.024593 0.466149 0.232323 0.46178 0.218194 0.209763 0.018811 0.244437 0.224092 0.016233 0.019918 0.035894 0.598767 0.798996 0.537904 0.796249 0.537904 0.96412 0.607775 0.960399 0.598767 0.798996 0.607775 0.960399</float_array>
          <technique_common>
            <accessor source="#GeometrySource8-array" count="150" stride="2">
              <param name="S" type="float"/>
              <param name="T" type="float"/>
            </accessor>
          </technique_common>
        </source>
        <vertices id="Geometry2-vertices">
          <input semantic="POSITION" source="#GeometrySource6"/>
          <input semantic="NORMAL" source="#GeometrySource7"/>
          <input semantic="TEXCOORD" source="#GeometrySource8"/>
        </vertices>
        <triangles material="VisualMaterial20" count="160">
          <input semantic="VERTEX" source="#Geometry2-vertices" offset="0"/>
          <p>0 1 2 0 2 3 4 5 6 4 6 7 8 9 10 8 10 11 12 13 14 12 14 15 16 17 18 16 19 20 16 20 21 19 22 20 19 23 22 23 24 22 23 25 24 25 23 26 16 27 17 28 29 30 28 30 31 28 32 29 28 33 32 29 34 35 29 32 34 35 34 36 35 36 37 28 31 38 39 40 41 39 41 42 40 39 43 40 43 44 39 42 45 39 45 46 39 47 43 39 48 47 46 48 39 49 48 46 49 46 50 48 49 51 48 51 47 52 53 54 52 54 55 56 52 55 56 57 52 57 58 52 58 59 52 59 53 52 60 59 58 60 61 59 58 62 60 57 63 58 58 63 62 59 64 53 18 19 16 18 23 19 18 26 23 24 65 22 22 65 20 24 66 65 67 16 21 68 67 21 68 21 69 20 69 21 67 27 16 70 25 26 24 25 70 24 70 71 66 24 71 70 26 72 66 71 73 74 66 73 74 73 75 66 74 76 66 76 65 65 76 77 20 77 69 65 77 20 70 78 71 78 75 73 78 73 71 78 79 75 80 70 72 70 80 78 80 72 81 82 83 84 82 84 85 86 87 88 86 88 89 90 86 89 90 89 91 92 90 91 92 91 93 94 45 42 94 42 41 94 41 95 95 96 94 95 97 96 94 98 45 94 96 99 98 94 100 94 99 100 101 98 100 101 102 98 100 99 103 100 103 101 104 54 53 104 105 54 106 105 104 106 104 107 107 104 108 109 104 53 109 53 64 108 104 109 110 108 109 110 109 111 108 110 112 107 108 113 108 112 113 30 29 35 30 35 114 114 35 37 115 114 37 32 116 34 34 116 117 34 117 36 33 28 38 33 38 118 119 33 118 119 120 33 121 37 36 121 115 37 122 36 117 122 121 36 116 123 117 123 122 117 123 124 122 33 125 32 33 120 125 32 126 116 116 126 123 32 125 126 124 127 122 127 121 122 127 115 121 124 128 127 127 129 115 129 130 115 115 130 114 129 131 130 132 133 134 132 134 135 136 137 138 136 138 139 140 137 136 140 141 137 142 141 140 142 143 141 144 145 146 144 146 147 148 146 145 148 149 146</p>
        </triangles>
      </mesh>
    </geometry>
  </library_geometries>
  <library_controllers>
    <controller id="Controller">
      <skin source="#Geometry">
        <bind_shape_matrix>1 0 0 0 0 1 0 0 0 0 1 0 0 0 0 1</bind_shape_matrix>
        <source id="Controller-joints">
          <Name_array id="Controller-joints-array" count="25">Bip01_R_Toe0 Bip01_R_Foot Bip01_R_Calf Bip01_R_Thigh Bip01_L_Toe0 Bip01_L_Foot Bip01_L_Calf Bip01_L_Thigh Bip01_R_Hand Bip01_R_Forearm Bip01_R_UpperArm Bip01_R_Clavicle Bip01_L_Hand Bip01_L_Forearm Bip01_L_UpperArm Bip01_L_Clavicle Bip01_HeadNub Bip01_Head Bip01_Neck Bip01_Spine1 Bip01_Spine Bip01_Pelvis Bip01 UpBodyRotate Role10</Name_array>
          <technique_common>
            <accessor source="#Controller-joints-array" count="25" stride="1">
              <param name="JOINT" type="Name"/>
            </accessor>
          </technique_common>
        </source>
        <source id="Controller-bind_poses">
          <float_array id="Controller-bind_poses-array" count="400">-0.000000 0.000000 1 -0.259258 0.000001 1 -0.000000 0.000328 -1 0.000001 -0.000000 -0.208688 0 0 0 1 -0.000001 -1 0.000000 0.00466 -0.000000 0.000000 1 -0.112429 -1 0.000001 -0.000000 -0.208688 0 0 0 1 -0.039129 -0.999234 -0.000395 0.269082 0.009681 -0.000775 0.999953 -0.110399 -0.999187 0.039124 0.009704 -0.209792 0 0 0 1 -0.036507 -0.980395 0.193631 0.53362 0.017089 0.193119 0.981026 -0.160511 -0.999187 0.039124 0.009704 -0.209792 0 0 0 1 0.000000 0.000000 1 -0.259258 0.000001 1 -0.000000 0.000328 -1 0.000001 0.000000 0.208686 0 0 0 1 -0.000001 -1 0.000000 0.00466 0.000000 0.000000 1 -0.112429 -1 0.000001 0.000000 0.208686 0 0 0 1 0.039126 -0.999234 -0.000395 0.269083 -0.009681 -0.000775 0.999953 -0.110399 -0.999187 -0.039121 -0.009704 0.20979 0 0 0 1 0.036504 -0.980395 0.193631 0.53362 -0.017088 0.193119 0.981026 -0.160511 -0.999187 -0.039121 -0.009704 0.20979 0 0 0 1 -0.85074 -0.5145 0.107379 -0.265413 0.505747 -0.856963 -0.099164 1.03046 0.14304 -0.030056 0.98926 0.102341 0 0 0 1 -0.85074 -0.5145 0.107379 -0.055676 -0.142637 0.029373 -0.989339 -0.10152 0.505861 -0.856987 -0.098376 1.03054 0 0 0 1 -0.860768 -0.508943 0.00741 0.259249 -0.056418 0.08093 -0.995122 -0.09541 0.505861 -0.856987 -0.098376 1.03054 0 0 0 1 -0.961353 -0.264286 -0.077162 0.227128 0.093639 -0.050308 -0.994334 0.084369 0.258907 -0.963131 0.073111 1.06337 0 0 0 1 0.85016 -0.515458 0.10738 -0.264798 -0.506712 -0.856393 -0.099165 1.03009 0.143075 0.029895 -0.98926 -0.102238 0 0 0 1 0.85016 -0.515458 0.10738 -0.055061 0.142671 0.029213 -0.989339 -0.101418 0.506825 0.856417 0.098377 -1.03018 0 0 0 1 0.860194 -0.509912 0.00741 0.259871 0.05651 0.080867 -0.995121 -0.09537 0.506825 0.856417 0.098377 -1.03018 0 0 0 1 0.961054 -0.265368 -0.077161 0.227823 -0.093695 -0.050202 -0.994334 0.0843 0.259991 0.962839 -0.07311 -1.06319 0 0 0 1 0.000562 1 -0.000564 -1.9539 -0.000002 0.000564 1 -0.055035 1 -0.000562 0.000003 0.000361 0 0 0 1 0.000562 1 -0.000564 -1.22999 -0.000002 0.000564 1 -0.055035 1 -0.000562 0.000003 0.000361 0 0 0 1 0.000562 0.999997 -0.002577 -1.16402 -0.000001 0.002577 0.999997 -0.057511 1 -0.000562 0.000003 0.000361 0 0 0 1 0.000562 0.998765 -0.049682 -0.850199 0.000024 0.049682 0.998765 -0.118962 1 -0.000562 0.000003 0.000361 0 0 0 1 0.000562 1 0.000233 -0.642601 -0.000003 -0.000233 1 -0.07658 1 -0.000562 0.000003 0.000361 0 0 0 1 0 1 0 -0.562364 0.000001 0 1 -0.056176 1 0 -0.000001 0 0 0 0 1 0 0 1 -0.056176 1 0 0 0 0 1 0 -0.562364 0 0 0 1 0 1 0 -0.642583 -0.000038 0 1 -0.07673 1 0 0.000038 -0.000002 0 0 0 1 1 0 0 0 0 1 0 0 0 0 1 0 0 0 0 1</float_array>
          <technique_common>
            <accessor source="#Controller-bind_poses-array" count="25" stride="16">
              <param name="TRANSFORM" type="float4x4"/>
            </accessor>
          </technique_common>
        </source>
        <source id="Controller-weights">
          <float_array id="Controller-weights-array" count="1">1</float_array>
          <technique_common>
            <accessor source="#Controller-weights-array" count="1" stride="1">
              <param name="WEIGHT" type="float"/>
            </accessor>
          </technique_common>
        </source>
        <joints>
          <input semantic="JOINT" source="#Controller-joints"/>
          <input semantic="INV_BIND_MATRIX" source="#Controller-bind_poses"/>
        </joints>
        <vertex_weights count="156">
          <input semantic="JOINT" source="#Controller-joints" offset="0"/>
          <input semantic="WEIGHT" source="#Controller-weights" offset="1"/>
          <vcount>1 1 1 1 1 1 1 1 1 1 1 1 1 1 1 1 1 1 1 1 1 1 1 1 1 1 1 1 1 1 1 1 1 1 1 1 1 1 1 1 1 1 1 1 1 1 1 1 1 1 1 1 1 1 1 1 1 1 1 1 1 1 1 1 1 1 1 1 1 1 1 1 1 1 1 1 1 1 1 1 1 1 1 1 1 1 1 1 1 1 1 1 1 1 1 1 1 1 1 1 1 1 1 1 1 1 1 1 1 1 1 1 1 1 1 1 1 1 1 1 1 1 1 1 1 1 1 1 1 1 1 1 1 1 1 1 1 1 1 1 1 1 1 1 1 1 1 1 1 1 1 1 1 1 1 1 </vcount>
          <v>17 0 17 0 17 0 17 0 17 0 17 0 17 0 17 0 17 0 17 0 17 0 17 0 17 0 17 0 17 0 17 0 17 0 17 0 17 0 17 0 17 0 17 0 17 0 17 0 17 0 17 0 17 0 17 0 17 0 17 0 17 0 17 0 17 0 17 0 17 0 17 0 17 0 17 0 17 0 17 0 17 0 17 0 17 0 17 0 17 0 17 0 17 0 17 0 17 0 17 0 17 0 17 0 17 0 17 0 17 0 17 0 17 0 17 0 17 0 17 0 17 0 17 0 17 0 17 0 17 0 17 0 17 0 17 0 17 0 17 0 17 0 17 0 17 0 17 0 17 0 17 0 17 0 17 0 17 0 17 0 17 0 17 0 17 0 17 0 17 0 17 0 17 0 17 0 17 0 17 0 17 0 17 0 17 0 17 0 17 0 17 0 17 0 17 0 17 0 17 0 17 0 17 0 17 0 17 0 17 0 17 0 17 0 17 0 17 0 17 0 17 0 17 0 17 0 17 0 17 0 17 0 17 0 17 0 17 0 17 0 17 0 17 0 17 0 17 0 17 0 17 0 17 0 17 0 17 0 17 0 17 0 17 0 17 0 17 0 17 0 17 0 17 0 17 0 17 0 17 0 17 0 17 0 17 0 17 0 17 0 17 0 17 0 17 0 17 0 17 0 17 0 17 0 17 0 17 0 17 0 17 0</v>
        </vertex_weights>
      </skin>
      <extra>
        <technique profile="FCOLLADA">
          <user_properties>SkinController</user_properties>
        </technique>
      </extra>
    </controller>
    <controller id="Controller1">
      <skin source="#Geometry1">
        <bind_shape_matrix>1 0 0 0 0 1 0 0 0 0 1 0 0 0 0 1</bind_shape_matrix>
        <source id="Controller1-joints">
          <Name_array id="Controller1-joints-array" count="25">Bip01_R_Toe0 Bip01_R_Foot Bip01_R_Calf Bip01_R_Thigh Bip01_L_Toe0 Bip01_L_Foot Bip01_L_Calf Bip01_L_Thigh Bip01_R_Hand Bip01_R_Forearm Bip01_R_UpperArm Bip01_R_Clavicle Bip01_L_Hand Bip01_L_Forearm Bip01_L_UpperArm Bip01_L_Clavicle Bip01_HeadNub Bip01_Head Bip01_Neck Bip01_Spine1 Bip01_Spine Bip01_Pelvis Bip01 UpBodyRotate Role10</Name_array>
          <technique_common>
            <accessor source="#Controller1-joints-array" count="25" stride="1">
              <param name="JOINT" type="Name"/>
            </accessor>
          </technique_common>
        </source>
        <source id="Controller1-bind_poses">
          <float_array id="Controller1-bind_poses-array" count="400">-0.000000 0.000000 1 -0.259258 0.000001 1 -0.000000 0.000328 -1 0.000001 -0.000000 -0.208688 0 0 0 1 -0.000001 -1 0.000000 0.00466 -0.000000 0.000000 1 -0.112429 -1 0.000001 -0.000000 -0.208688 0 0 0 1 -0.039129 -0.999234 -0.000395 0.269082 0.009681 -0.000775 0.999953 -0.110399 -0.999187 0.039124 0.009704 -0.209792 0 0 0 1 -0.036507 -0.980395 0.193631 0.53362 0.017089 0.193119 0.981026 -0.160511 -0.999187 0.039124 0.009704 -0.209792 0 0 0 1 0.000000 0.000000 1 -0.259258 0.000001 1 -0.000000 0.000328 -1 0.000001 0.000000 0.208686 0 0 0 1 -0.000001 -1 0.000000 0.00466 0.000000 0.000000 1 -0.112429 -1 0.000001 0.000000 0.208686 0 0 0 1 0.039126 -0.999234 -0.000395 0.269083 -0.009681 -0.000775 0.999953 -0.110399 -0.999187 -0.039121 -0.009704 0.20979 0 0 0 1 0.036504 -0.980395 0.193631 0.53362 -0.017088 0.193119 0.981026 -0.160511 -0.999187 -0.039121 -0.009704 0.20979 0 0 0 1 -0.85074 -0.5145 0.107379 -0.265413 0.505747 -0.856963 -0.099164 1.03046 0.14304 -0.030056 0.98926 0.102341 0 0 0 1 -0.85074 -0.5145 0.107379 -0.055676 -0.142637 0.029373 -0.989339 -0.10152 0.505861 -0.856987 -0.098376 1.03054 0 0 0 1 -0.860768 -0.508943 0.00741 0.259249 -0.056418 0.08093 -0.995122 -0.09541 0.505861 -0.856987 -0.098376 1.03054 0 0 0 1 -0.961353 -0.264286 -0.077162 0.227128 0.093639 -0.050308 -0.994334 0.084369 0.258907 -0.963131 0.073111 1.06337 0 0 0 1 0.85016 -0.515458 0.10738 -0.264798 -0.506712 -0.856393 -0.099165 1.03009 0.143075 0.029895 -0.98926 -0.102238 0 0 0 1 0.85016 -0.515458 0.10738 -0.055061 0.142671 0.029213 -0.989339 -0.101418 0.506825 0.856417 0.098377 -1.03018 0 0 0 1 0.860194 -0.509912 0.00741 0.259871 0.05651 0.080867 -0.995121 -0.09537 0.506825 0.856417 0.098377 -1.03018 0 0 0 1 0.961054 -0.265368 -0.077161 0.227823 -0.093695 -0.050202 -0.994334 0.0843 0.259991 0.962839 -0.07311 -1.06319 0 0 0 1 0.000562 1 -0.000564 -1.9539 -0.000002 0.000564 1 -0.055035 1 -0.000562 0.000003 0.000361 0 0 0 1 0.000562 1 -0.000564 -1.22999 -0.000002 0.000564 1 -0.055035 1 -0.000562 0.000003 0.000361 0 0 0 1 0.000562 0.999997 -0.002577 -1.16402 -0.000001 0.002577 0.999997 -0.057511 1 -0.000562 0.000003 0.000361 0 0 0 1 0.000562 0.998765 -0.049682 -0.850199 0.000024 0.049682 0.998765 -0.118962 1 -0.000562 0.000003 0.000361 0 0 0 1 0.000562 1 0.000233 -0.642601 -0.000003 -0.000233 1 -0.07658 1 -0.000562 0.000003 0.000361 0 0 0 1 0 1 0 -0.562364 0.000001 0 1 -0.056176 1 0 -0.000001 0 0 0 0 1 0 0 1 -0.056176 1 0 0 0 0 1 0 -0.562364 0 0 0 1 0 1 0 -0.642583 -0.000038 0 1 -0.07673 1 0 0.000038 -0.000002 0 0 0 1 1 0 0 0 0 1 0 0 0 0 1 0 0 0 0 1</float_array>
          <technique_common>
            <accessor source="#Controller1-bind_poses-array" count="25" stride="16">
              <param name="TRANSFORM" type="float4x4"/>
            </accessor>
          </technique_common>
        </source>
        <source id="Controller1-weights">
          <float_array id="Controller1-weights-array" count="161">1 0.75 0.25 0.5 0.5 0.5 0.5 0.5 0.5 0.5 0.5 0.75 0.25 0.75 0.25 0.5 0.5 0.5 0.5 0.75 0.25 0.5 0.5 0.5 0.5 0.25 0.75 0.25 0.75 0.5 0.5 0.5 0.5 0.5 0.5 0.5 0.5 0.75 0.25 0.5 0.5 0.5 0.5 0.5 0.5 0.25 0.75 0.5 0.5 0.5 0.5 0.5 0.5 0.5 0.5 0.25 0.75 0.25 0.75 0.5 0.5 0.25 0.75 0.5 0.5 0.5 0.5 0.25 0.75 0.25 0.75 0.5 0.5 0.5 0.5 0.5 0.5 0.5 0.5 0.5 0.5 0.25 0.75 0.5 0.5 0.5 0.5 0.5 0.5 0.25 0.75 0.75 0.25 0.75 0.25 0.75 0.25 0.75 0.25 0.5 0.5 0.25 0.75 0.5 0.5 0.5 0.5 0.5 0.5 0.5 0.5 0.5 0.5 0.5 0.5 0.5 0.5 0.25 0.75 0.75 0.25 0.75 0.25 0.75 0.25 0.75 0.25 0.25 0.75 0.5 0.5 0.5 0.5 0.5 0.5 0.5 0.5 0.5 0.5 0.5 0.5 0.5 0.5 0.5 0.5 0.5 0.5 0.5 0.5 0.5 0.5 0.5 0.5 0.5 0.5 0.5 0.5 0.5 0.5 0.5 0.5</float_array>
          <technique_common>
            <accessor source="#Controller1-weights-array" count="161" stride="1">
              <param name="WEIGHT" type="float"/>
            </accessor>
          </technique_common>
        </source>
        <joints>
          <input semantic="JOINT" source="#Controller1-joints"/>
          <input semantic="INV_BIND_MATRIX" source="#Controller1-bind_poses"/>
        </joints>
        <vertex_weights count="418">
          <input semantic="JOINT" source="#Controller1-joints" offset="0"/>
          <input semantic="WEIGHT" source="#Controller1-weights" offset="1"/>
          <vcount>1 1 1 1 1 1 1 1 1 1 1 1 1 1 1 1 1 1 1 1 1 1 1 1 1 1 1 1 1 1 1 2 1 1 1 2 2 1 1 2 2 1 1 1 2 2 1 1 1 1 2 2 2 1 1 1 2 2 1 2 2 1 1 1 1 1 1 1 1 1 1 1 1 1 1 1 1 1 1 1 1 1 1 1 1 1 1 1 1 1 1 1 1 1 1 1 1 1 1 1 1 1 1 1 1 1 1 1 1 1 1 1 1 1 1 1 1 1 1 2 2 1 1 1 2 2 1 1 1 1 1 1 1 1 1 1 1 1 1 1 1 1 1 1 2 1 2 1 2 1 1 1 1 1 1 1 1 1 1 2 1 1 1 1 1 1 1 1 1 1 1 1 1 1 1 1 1 1 1 1 1 1 1 1 1 1 1 1 1 1 1 1 1 1 1 1 1 1 1 1 1 1 1 1 1 1 1 1 1 1 1 2 1 2 1 2 1 2 2 1 1 2 2 1 1 2 2 1 1 2 2 1 1 2 2 1 1 1 1 1 1 1 1 1 1 1 1 1 1 1 1 1 1 1 1 1 1 1 1 1 1 1 1 1 1 1 1 1 1 1 1 1 1 1 1 1 1 1 1 1 1 1 1 1 1 1 2 2 1 2 2 1 1 1 1 1 1 1 1 1 1 1 1 1 1 1 1 1 2 1 2 1 1 1 1 1 1 2 1 1 1 1 1 1 1 1 1 1 1 1 1 1 1 1 1 1 1 1 1 1 1 1 1 1 1 1 1 1 1 1 1 1 1 1 1 1 1 1 1 1 1 1 1 1 1 1 2 1 2 1 2 2 2 2 2 2 2 1 1 2 1 2 1 1 2 2 2 2 1 2 1 2 2 2 2 2 2 2 1 1 2 1 2 1 1 2 2 2 2 2 2 2 2 2 2 2 2 2 </vcount>
          <v>14 0 14 0 14 0 14 0 14 0 14 0 14 0 14 0 14 0 14 0 13 0 13 0 13 0 13 0 13 0 13 0 13 0 13 0 13 0 13 0 13 0 13 0 13 0 13 0 13 0 13 0 13 0 13 0 19 0 19 0 19 0 19 1 14 2 19 0 19 0 19 0 20 3 19 4 20 5 19 6 19 0 19 0 20 7 19 8 20 9 19 10 19 0 19 0 19 0 19 11 14 12 19 13 14 14 19 0 19 0 19 0 19 0 20 15 19 16 20 17 19 18 19 19 14 20 19 0 5 0 5 0 7 21 6 22 7 23 6 24 5 0 7 25 6 26 7 27 6 28 5 0 5 0 5 0 5 0 5 0 5 0 5 0 21 0 21 0 21 0 21 0 21 0 21 0 21 0 21 0 21 0 21 0 21 0 21 0 21 0 21 0 21 0 21 0 21 0 21 0 21 0 21 0 21 0 21 0 21 0 21 0 21 0 21 0 21 0 21 0 21 0 21 0 21 0 21 0 21 0 21 0 21 0 21 0 21 0 21 0 21 0 21 0 21 0 21 0 21 0 21 0 21 0 21 0 21 0 21 0 21 0 21 0 12 0 12 29 13 30 12 31 13 32 12 0 12 0 12 0 12 33 13 34 12 35 13 36 12 0 12 0 12 0 12 0 12 0 12 0 7 0 7 0 7 0 7 0 7 0 7 0 7 0 7 0 19 0 19 0 19 0 19 0 19 37 14 38 19 0 20 39 19 40 19 0 20 41 19 42 19 0 19 0 19 0 19 0 19 0 19 0 19 0 19 0 19 0 19 0 20 43 19 44 19 0 19 0 19 0 19 0 19 0 19 0 19 0 19 0 19 0 19 0 19 0 19 0 19 0 19 0 19 0 19 0 19 0 19 0 19 0 19 0 19 0 19 0 10 0 10 0 10 0 10 0 10 0 10 0 10 0 10 0 10 0 10 0 9 0 9 0 9 0 9 0 9 0 9 0 9 0 9 0 9 0 9 0 9 0 9 0 9 0 9 0 9 0 9 0 9 0 9 0 19 0 10 45 19 46 19 0 20 47 19 48 19 0 20 49 19 50 19 0 20 51 19 52 20 53 19 54 19 0 19 0 10 55 19 56 10 57 19 58 19 0 19 0 20 59 19 60 10 61 19 62 19 0 1 0 3 63 2 64 3 65 2 66 1 0 1 0 3 67 2 68 3 69 2 70 1 0 1 0 1 0 1 0 1 0 1 0 1 0 21 0 21 0 21 0 21 0 21 0 21 0 21 0 21 0 21 0 21 0 21 0 21 0 21 0 21 0 21 0 21 0 21 0 21 0 21 0 21 0 21 0 21 0 21 0 21 0 21 0 21 0 21 0 21 0 21 0 21 0 21 0 21 0 21 0 21 0 21 0 21 0 21 0 21 0 21 0 21 0 21 0 21 0 8 0 8 0 8 71 9 72 8 73 9 74 8 0 8 75 9 76 8 77 9 78 8 0 8 0 8 0 8 0 8 0 8 0 8 0 3 0 3 0 3 0 3 0 3 0 3 0 3 0 3 0 19 0 19 0 20 79 19 80 19 0 10 81 19 82 19 0 19 0 19 0 19 0 19 0 19 0 20 83 19 84 19 0 19 0 19 0 19 0 19 0 19 0 19 0 19 0 19 0 19 0 19 0 19 0 19 0 19 0 19 0 19 0 19 0 19 0 19 0 19 0 19 0 19 0 19 0 19 0 19 0 19 0 19 0 19 0 19 0 19 0 19 0 19 0 19 0 19 0 19 0 19 0 19 0 19 0 19 0 19 0 19 0 19 0 19 0 19 0 19 0 19 0 19 0 19 0 20 85 19 86 5 0 7 87 6 88 5 0 7 89 6 90 7 91 6 92 7 93 6 94 7 95 6 96 7 97 6 98 7 99 6 100 7 101 6 102 5 0 5 0 12 103 13 104 12 0 12 105 13 106 12 0 12 0 12 107 13 108 12 109 13 110 12 111 13 112 20 113 19 114 1 0 3 115 2 116 1 0 3 117 2 118 3 119 2 120 3 121 2 122 3 123 2 124 3 125 2 126 3 127 2 128 3 129 2 130 1 0 1 0 8 131 9 132 8 0 8 133 9 134 8 0 8 0 8 135 9 136 8 137 9 138 8 139 9 140 20 141 19 142 20 143 19 144 20 145 19 146 20 147 19 148 20 149 19 150 20 151 19 152 20 153 19 154 20 155 19 156 20 157 19 158 20 159 19 160</v>
        </vertex_weights>
      </skin>
      <extra>
        <technique profile="FCOLLADA">
          <user_properties>SkinController</user_properties>
        </technique>
      </extra>
    </controller>
    <controller id="Controller2">
      <skin source="#Geometry2">
        <bind_shape_matrix>1 0 0 0 0 1 0 0 0 0 1 0 0 0 0 1</bind_shape_matrix>
        <source id="Controller2-joints">
          <Name_array id="Controller2-joints-array" count="25">Bip01_R_Toe0 Bip01_R_Foot Bip01_R_Calf Bip01_R_Thigh Bip01_L_Toe0 Bip01_L_Foot Bip01_L_Calf Bip01_L_Thigh Bip01_R_Hand Bip01_R_Forearm Bip01_R_UpperArm Bip01_R_Clavicle Bip01_L_Hand Bip01_L_Forearm Bip01_L_UpperArm Bip01_L_Clavicle Bip01_HeadNub Bip01_Head Bip01_Neck Bip01_Spine1 Bip01_Spine Bip01_Pelvis Bip01 UpBodyRotate Role10</Name_array>
          <technique_common>
            <accessor source="#Controller2-joints-array" count="25" stride="1">
              <param name="JOINT" type="Name"/>
            </accessor>
          </technique_common>
        </source>
        <source id="Controller2-bind_poses">
          <float_array id="Controller2-bind_poses-array" count="400">-0.000000 0.000000 1 -0.259258 0.000001 1 -0.000000 0.000328 -1 0.000001 -0.000000 -0.208688 0 0 0 1 -0.000001 -1 0.000000 0.00466 -0.000000 0.000000 1 -0.112429 -1 0.000001 -0.000000 -0.208688 0 0 0 1 -0.039129 -0.999234 -0.000395 0.269082 0.009681 -0.000775 0.999953 -0.110399 -0.999187 0.039124 0.009704 -0.209792 0 0 0 1 -0.036507 -0.980395 0.193631 0.53362 0.017089 0.193119 0.981026 -0.160511 -0.999187 0.039124 0.009704 -0.209792 0 0 0 1 0.000000 0.000000 1 -0.259258 0.000001 1 -0.000000 0.000328 -1 0.000001 0.000000 0.208686 0 0 0 1 -0.000001 -1 0.000000 0.00466 0.000000 0.000000 1 -0.112429 -1 0.000001 0.000000 0.208686 0 0 0 1 0.039126 -0.999234 -0.000395 0.269083 -0.009681 -0.000775 0.999953 -0.110399 -0.999187 -0.039121 -0.009704 0.20979 0 0 0 1 0.036504 -0.980395 0.193631 0.53362 -0.017088 0.193119 0.981026 -0.160511 -0.999187 -0.039121 -0.009704 0.20979 0 0 0 1 -0.85074 -0.5145 0.107379 -0.265413 0.505747 -0.856963 -0.099164 1.03046 0.14304 -0.030056 0.98926 0.102341 0 0 0 1 -0.85074 -0.5145 0.107379 -0.055676 -0.142637 0.029373 -0.989339 -0.10152 0.505861 -0.856987 -0.098376 1.03054 0 0 0 1 -0.860768 -0.508943 0.00741 0.259249 -0.056418 0.08093 -0.995122 -0.09541 0.505861 -0.856987 -0.098376 1.03054 0 0 0 1 -0.961353 -0.264286 -0.077162 0.227128 0.093639 -0.050308 -0.994334 0.084369 0.258907 -0.963131 0.073111 1.06337 0 0 0 1 0.85016 -0.515458 0.10738 -0.264798 -0.506712 -0.856393 -0.099165 1.03009 0.143075 0.029895 -0.98926 -0.102238 0 0 0 1 0.85016 -0.515458 0.10738 -0.055061 0.142671 0.029213 -0.989339 -0.101418 0.506825 0.856417 0.098377 -1.03018 0 0 0 1 0.860194 -0.509912 0.00741 0.259871 0.05651 0.080867 -0.995121 -0.09537 0.506825 0.856417 0.098377 -1.03018 0 0 0 1 0.961054 -0.265368 -0.077161 0.227823 -0.093695 -0.050202 -0.994334 0.0843 0.259991 0.962839 -0.07311 -1.06319 0 0 0 1 0.000562 1 -0.000564 -1.9539 -0.000002 0.000564 1 -0.055035 1 -0.000562 0.000003 0.000361 0 0 0 1 0.000562 1 -0.000564 -1.22999 -0.000002 0.000564 1 -0.055035 1 -0.000562 0.000003 0.000361 0 0 0 1 0.000562 0.999997 -0.002577 -1.16402 -0.000001 0.002577 0.999997 -0.057511 1 -0.000562 0.000003 0.000361 0 0 0 1 0.000562 0.998765 -0.049682 -0.850199 0.000024 0.049682 0.998765 -0.118962 1 -0.000562 0.000003 0.000361 0 0 0 1 0.000562 1 0.000233 -0.642601 -0.000003 -0.000233 1 -0.07658 1 -0.000562 0.000003 0.000361 0 0 0 1 0 1 0 -0.562364 0.000001 0 1 -0.056176 1 0 -0.000001 0 0 0 0 1 0 0 1 -0.056176 1 0 0 0 0 1 0 -0.562364 0 0 0 1 0 1 0 -0.642583 -0.000038 0 1 -0.07673 1 0 0.000038 -0.000002 0 0 0 1 1 0 0 0 0 1 0 0 0 0 1 0 0 0 0 1</float_array>
          <technique_common>
            <accessor source="#Controller2-bind_poses-array" count="25" stride="16">
              <param name="TRANSFORM" type="float4x4"/>
            </accessor>
          </technique_common>
        </source>
        <source id="Controller2-weights">
          <float_array id="Controller2-weights-array" count="245">1 0.25 0.75 0.5 0.5 0.5 0.5 0.75 0.25 0.75 0.25 0.25 0.75 0.75 0.25 0.25 0.75 0.5 0.5 0.5 0.5 0.75 0.25 0.75 0.25 0.692308 0.307692 0.2 0.8 0.5 0.5 0.5 0.5 0.2 0.8 0.2 0.8 0.5 0.5 0.1 0.099878 0.800122 0.5 0.5 0.75 0.25 0.75 0.25 0.5 0.5 0.5 0.5 0.5 0.5 0.2 0.8 0.2 0.8 0.5 0.5 0.5 0.5 0.5 0.5 0.2 0.8 0.5 0.5 0.5 0.5 0.25 0.75 0.25 0.75 0.25 0.75 0.5 0.5 0.1 0.099878 0.800122 0.25 0.75 0.25 0.75 0.5 0.5 0.5 0.5 0.5 0.5 0.75 0.25 0.75 0.25 0.25 0.75 0.5 0.5 0.5 0.5 0.5 0.5 0.5 0.5 0.5 0.5 0.5 0.5 0.75 0.25 0.25 0.75 0.5 0.5 0.5 0.5 0.5 0.5 0.75 0.25 0.5 0.5 0.25 0.75 0.5 0.5 0.2 0.8 0.2 0.8 0.5 0.5 0.5 0.5 0.2 0.8 0.5 0.5 0.2 0.8 0.5 0.5 0.5 0.5 0.75 0.25 0.75 0.25 0.5 0.5 0.5 0.5 0.5 0.5 0.2 0.8 0.5 0.5 0.5 0.5 0.2 0.8 0.5 0.5 0.5 0.5 0.25 0.75 0.25 0.75 0.25 0.75 0.5 0.5 0.25 0.75 0.692308 0.307692 0.25 0.75 0.25 0.75 0.5 0.5 0.5 0.5 0.5 0.5 0.75 0.25 0.25 0.75 0.5 0.5 0.5 0.5 0.5 0.5 0.5 0.5 0.5 0.5 0.5 0.5 0.692308 0.307692 0.25 0.75 0.5 0.5 0.5 0.5 0.5 0.5 0.75 0.25 0.5 0.5 0.25 0.75 0.5 0.5 0.2 0.8 0.2 0.8 0.5 0.5 0.5 0.5 0.5 0.5 0.1 0.099878 0.800122 0.1 0.099878 0.800122 0.5 0.5 0.5 0.5 0.5 0.5</float_array>
          <technique_common>
            <accessor source="#Controller2-weights-array" count="245" stride="1">
              <param name="WEIGHT" type="float"/>
            </accessor>
          </technique_common>
        </source>
        <joints>
          <input semantic="JOINT" source="#Controller2-joints"/>
          <input semantic="INV_BIND_MATRIX" source="#Controller2-bind_poses"/>
        </joints>
        <vertex_weights count="150">
          <input semantic="JOINT" source="#Controller2-joints" offset="0"/>
          <input semantic="WEIGHT" source="#Controller2-weights" offset="1"/>
          <vcount>1 1 1 1 1 1 1 1 1 1 1 1 1 1 1 1 1 1 2 1 2 2 2 1 2 1 2 2 1 1 2 1 2 2 2 1 2 1 2 2 2 2 2 2 2 3 2 2 2 2 2 2 2 2 2 2 2 2 2 2 2 2 2 2 3 2 2 2 2 2 2 2 1 2 2 2 2 2 2 2 2 1 2 2 2 2 2 2 2 2 2 2 2 2 2 2 2 2 2 2 2 2 2 2 2 2 2 2 2 2 2 2 2 2 2 2 2 2 2 2 2 2 2 2 2 2 2 2 2 2 1 1 2 2 2 2 2 2 2 2 2 2 2 2 2 3 3 2 2 2 </vcount>
          <v>19 0 19 0 17 0 17 0 19 0 19 0 17 0 17 0 19 0 19 0 17 0 17 0 19 0 19 0 17 0 17 0 10 0 19 0 10 1 19 2 10 0 10 3 9 4 10 5 9 6 10 7 9 8 10 0 10 9 9 10 10 0 10 11 19 12 10 13 19 14 14 0 14 0 14 15 19 16 19 0 14 17 13 18 14 19 13 20 14 21 13 22 14 0 14 23 13 24 14 0 14 25 19 26 3 27 21 28 20 29 19 30 20 31 19 32 20 33 21 34 3 35 21 36 20 37 19 38 7 39 3 40 21 41 3 42 21 43 3 44 21 45 3 46 21 47 2 48 3 49 2 50 3 51 2 52 3 53 3 54 21 55 20 56 21 57 20 58 19 59 20 60 19 61 20 62 19 63 3 64 21 65 3 66 21 67 3 68 21 69 2 70 3 71 2 72 3 73 2 74 3 75 3 76 21 77 7 78 3 79 21 80 10 81 9 82 10 83 9 84 10 85 9 86 8 87 9 88 8 89 9 90 10 91 19 92 10 93 9 94 19 0 10 95 9 96 8 97 9 98 8 99 9 100 8 101 9 102 8 103 9 104 10 105 9 106 8 107 9 108 10 109 19 110 19 0 2 111 3 112 2 113 3 114 3 115 21 116 3 117 21 118 3 119 21 120 2 121 3 122 2 123 3 124 3 125 21 126 3 127 21 128 3 129 21 130 20 131 19 132 20 133 19 134 7 135 21 136 20 137 19 138 7 139 21 140 20 141 19 142 7 143 21 144 7 145 21 146 7 147 21 148 6 149 7 150 6 151 7 152 6 153 7 154 7 155 21 156 20 157 19 158 20 159 19 160 7 161 21 162 7 163 21 164 7 165 21 166 6 167 7 168 6 169 7 170 6 171 7 172 7 173 21 174 14 175 19 176 14 177 19 178 14 179 13 180 14 181 13 182 14 183 13 184 12 185 13 186 12 187 13 188 14 189 13 190 14 191 13 192 12 193 13 194 12 195 13 196 12 197 13 198 12 199 13 200 14 201 13 202 12 203 13 204 14 205 19 206 19 0 19 0 6 207 7 208 7 209 21 210 7 211 21 212 6 213 7 214 7 215 21 216 7 217 21 218 6 219 7 220 6 221 7 222 7 223 21 224 7 225 21 226 20 227 19 228 20 229 19 230 3 231 21 232 7 233 3 234 21 235 7 236 3 237 21 238 3 239 21 240 7 241 21 242 7 243 21 244</v>
        </vertex_weights>
      </skin>
      <extra>
        <technique profile="FCOLLADA">
          <user_properties>SkinController</user_properties>
        </technique>
      </extra>
    </controller>
  </library_controllers>
  <library_visual_scenes>
    <visual_scene id="VisualSceneNode" name="rdmscene">
      <node id="VisualSceneNode1" name="Role10" sid="Role10" type="JOINT">
        <matrix>1 0 0 0 0 1 0 0 0 0 1 0 0 0 0 1</matrix>
        <node id="VisualSceneNode2" name="Bip01" sid="Bip01" type="JOINT">
          <matrix>0 1 0 0 0 0 1 0.562364 1 0 0 0.056176 0 0 0 1</matrix>
          <node id="VisualSceneNode3" name="Bip01_Pelvis" sid="Bip01_Pelvis" type="JOINT">
            <matrix>0 1 -0.000001 0 0 0.000001 1 0 1 0 0 0 0 0 0 1</matrix>
            <node id="VisualSceneNode4" name="Bip01_R_Thigh" sid="Bip01_R_Thigh" type="JOINT">
              <matrix>-0.980395 0.193119 0.039124 0.000000 0.193631 0.981026 0.009703 -0.000000 -0.036507 0.017088 -0.999187 -0.187397 0 0 0 1</matrix>
              <node id="VisualSceneNode5" name="Bip01_R_Calf" sid="Bip01_R_Calf" type="JOINT">
                <matrix>0.980996 0.194028 0 0.291072 -0.194028 0.980996 0 0 0 0 1 0 0 0 0 1</matrix>
                <node id="VisualSceneNode6" name="Bip01_R_Foot" sid="Bip01_R_Foot" type="JOINT">
                  <matrix>0.999234 -0.000395 0.039128 0.272547 0.000775 0.999953 -0.009682 0 -0.039122 0.009705 0.999187 0 0 0 0 1</matrix>
                  <node id="VisualSceneNode7" name="Bip01_R_Toe0" sid="Bip01_R_Toe0" type="JOINT">
                    <matrix>0 -1 0 0.004988 1 0 0 0.146829 0 0 1 0 0 0 0 1</matrix>
                  </node>
                </node>
              </node>
            </node>
            <node id="VisualSceneNode8" name="Bip01_L_Thigh" sid="Bip01_L_Thigh" type="JOINT">
              <matrix>-0.980395 0.193119 -0.039121 -0.000000 0.193631 0.981026 -0.009705 0.000000 0.036504 -0.01709 -0.999187 0.187397 0 0 0 1</matrix>
              <node id="VisualSceneNode9" name="Bip01_L_Calf" sid="Bip01_L_Calf" type="JOINT">
                <matrix>0.980996 0.194028 0 0.291072 -0.194028 0.980996 0 0 0 0 1 0 0 0 0 1</matrix>
                <node id="VisualSceneNode10" name="Bip01_L_Foot" sid="Bip01_L_Foot" type="JOINT">
                  <matrix>0.999234 -0.000395 -0.039128 0.272547 0.000775 0.999953 0.009682 0 0.039122 -0.009705 0.999187 0 0 0 0 1</matrix>
                  <node id="VisualSceneNode11" name="Bip01_L_Toe0" sid="Bip01_L_Toe0" type="JOINT">
                    <matrix>0 -1 0 0.004988 1 0 0 0.146829 0 0 1 0 0 0 0 1</matrix>
                  </node>
                </node>
              </node>
            </node>
          </node>
          <node id="VisualSceneNode12" name="UpBodyRotate" sid="UpBodyRotate" type="JOINT">
            <matrix>0 1 0.000038 0.020554 0 -0.000038 1 0 1 0 0 0.080219 0 0 0 1</matrix>
            <node id="VisualSceneNode13" name="Bip01_Spine" sid="Bip01_Spine" type="JOINT">
              <matrix>1 -0.000233 -0.000562 0 0.000233 1 -0.000034 0 0.000562 0.000034 1 0 0 0 0 1</matrix>
              <node id="VisualSceneNode14" name="Bip01_Spine1" sid="Bip01_Spine1" type="JOINT">
                <matrix>0.998753 0.049915 0.000000 0.212477 -0.049915 0.998753 0 -0.000204 -0.000000 0 1 0 0 0 0 1</matrix>
                <node id="VisualSceneNode15" name="Bip01_Neck" sid="Bip01_Neck" type="JOINT">
                  <matrix>0.99889 -0.047107 -0.000000 0.309822 0.047107 0.99889 0 -0.00668 0.000000 0 1 0 0 0 0 1</matrix>
                  <node id="VisualSceneNode16" name="Bip01_R_Clavicle" sid="Bip01_R_Clavicle" type="JOINT">
                    <matrix>-0.264627 -0.047692 -0.963171 -0.075684 -0.077841 -0.994461 0.070628 -0.031034 -0.961204 0.093664 0.259449 -0.065116 0 0 0 1</matrix>
                    <node id="VisualSceneNode17" name="Bip01_R_UpperArm" sid="Bip01_R_UpperArm" type="JOINT">
                      <matrix>0.961436 0.109635 -0.25223 0.248271 -0.062366 0.980129 0.188301 0 0.267863 -0.165309 0.949169 0 0 0 0 1</matrix>
                      <node id="VisualSceneNode18" name="Bip01_R_Forearm" sid="Bip01_R_Forearm" type="JOINT">
                        <matrix>0.994937 0.100497 0.000000 0.324846 -0.100497 0.994937 0 0 0 0 1 0 0 0 0 1</matrix>
                        <node id="VisualSceneNode19" name="Bip01_R_Hand" sid="Bip01_R_Hand" type="JOINT">
                          <matrix>1 0 0 0.209737 0 0.000796 -1 0 0.000000 1 0.000796 0 0 0 0 1</matrix>
                        </node>
                      </node>
                    </node>
                  </node>
                  <node id="VisualSceneNode20" name="Bip01_L_Clavicle" sid="Bip01_L_Clavicle" type="JOINT">
                    <matrix>-0.264627 -0.047691 0.963171 -0.075684 -0.077846 -0.99446 -0.070629 -0.031034 0.961203 -0.09367 0.259449 0.065115 0 0 0 1</matrix>
                    <node id="VisualSceneNode21" name="Bip01_L_UpperArm" sid="Bip01_L_UpperArm" type="JOINT">
                      <matrix>0.961436 0.109635 0.25223 0.248271 -0.062366 0.980129 -0.188301 0 -0.267863 0.165309 0.949169 0.000000 0 0 0 1</matrix>
                      <node id="VisualSceneNode22" name="Bip01_L_Forearm" sid="Bip01_L_Forearm" type="JOINT">
                        <matrix>0.994937 0.100497 -0.000000 0.324846 -0.100497 0.994937 0 0 0 0 1 -0.000000 0 0 0 1</matrix>
                        <node id="VisualSceneNode23" name="Bip01_L_Hand" sid="Bip01_L_Hand" type="JOINT">
                          <matrix>1 0 0 0.209737 0 0.000796 0.999999 0 -0.000000 -0.999999 0.000796 0 0 0 0 1</matrix>
                        </node>
                      </node>
                    </node>
                  </node>
                  <node id="VisualSceneNode24" name="Bip01_Head" sid="Bip01_Head" type="JOINT">
                    <matrix>0.999998 -0.002013 0 0.065856 0.002013 0.999998 0 0 0 0 1 0 0 0 0 1</matrix>
                    <node id="VisualSceneNode25" name="Bip01_HeadNub" sid="Bip01_HeadNub" type="JOINT">
                      <matrix>1 0 0 0.72391 0 1 0 0 0 0 1 0 0 0 0 1</matrix>
                    </node>
                  </node>
                </node>
              </node>
            </node>
          </node>
        </node>
      </node>
      <node id="VisualSceneNode26" name="helmet_010" type="NODE">
        <matrix>1 0 0 0 0 1 0 0 0 0 1 0 0 0 0 1</matrix>
        <instance_controller url="#Controller">
          <skeleton>#VisualSceneNode1</skeleton>
          <bind_material>
            <technique_common>
              <instance_material symbol="VisualMaterial0" target="#VisualMaterial"/>
            </technique_common>
          </bind_material>
        </instance_controller>
      </node>
      <node id="VisualSceneNode27" name="equip_010" type="NODE">
        <matrix>1 0 0 0 0 1 0 0 0 0 1 0 0 0 0 1</matrix>
        <instance_controller url="#Controller1">
          <skeleton>#VisualSceneNode1</skeleton>
          <bind_material>
            <technique_common>
              <instance_material symbol="VisualMaterial10" target="#VisualMaterial1"/>
            </technique_common>
          </bind_material>
        </instance_controller>
      </node>
      <node id="VisualSceneNode28" name="role_001" type="NODE">
        <matrix>1 0 0 0 0 1 0 0 0 0 1 0 0 0 0 1</matrix>
        <instance_controller url="#Controller2">
          <skeleton>#VisualSceneNode1</skeleton>
          <bind_material>
            <technique_common>
              <instance_material symbol="VisualMaterial20" target="#VisualMaterial2"/>
            </technique_common>
          </bind_material>
        </instance_controller>
      </node>
    </visual_scene>
  </library_visual_scenes>
  <scene>
    <instance_visual_scene url="#VisualSceneNode"/>
  </scene>
</COLLADA>
