# Generated from legacy Unity YAML Mesh assets without Unity.
mtllib ArmorBag_15.mtl

o ArmorBag_15_00_max_plane
v 0.123030067 -0.239507015 0.692661334
v -0.547108139 0.183945477 0.800377082
v -0.0873092877 -0.692831934 1.16617732
v -0.757447493 -0.269379442 1.27389307
vt 0 1
vt 1 1
vt 0 0
vt 1 0
vn -0.452723047 -0.535013942 -0.713303529
vn -0.452723047 -0.535013942 -0.713303529
vn -0.452723047 -0.535013942 -0.713303529
vn -0.452723047 -0.535013942 -0.713303529

g ArmorBag_15_00_max_plane_submesh_0
usemtl fire_003
f 1/1/1 3/3/3 2/2/2
f 4/4/4 2/2/2 3/3/3

o ArmorBag_15_01_max_plane
v -0.536382789 -0.107744889 0.525888691
v 0.112341866 0.0511972965 0.966222218
v -0.746723037 -0.561069811 0.999404279
v -0.0979983826 -0.402127626 1.43973781
vt 0 1
vt 1 1
vt 0 0
vt 1 0
vn -0.499084447 0.72590798 0.473257139
vn -0.499084447 0.72590798 0.473257139
vn -0.499084447 0.72590798 0.473257139
vn -0.499084447 0.72590798 0.473257139

g ArmorBag_15_01_max_plane_submesh_0
usemtl fire_003_2
f 5/5/5 7/7/7 6/6/6
f 8/8/8 6/6/6 7/7/7

o ArmorBag_15_02_max_plane
v -0.223294987 0.263282094 1.02017096
v -0.201881447 -0.319112739 0.472121924
v -0.433634341 -0.190042825 1.49368695
v -0.412220802 -0.772437658 0.945637913
vt 0 1
vt 1 1
vt 0 0
vt 1 0
vn 0.951807457 -0.190893696 0.240046165
vn 0.951807457 -0.190893696 0.240046165
vn 0.951807457 -0.190893696 0.240046165
vn 0.951807457 -0.190893696 0.240046165

g ArmorBag_15_02_max_plane_submesh_0
usemtl fire_003_3
f 9/9/9 11/11/11 10/10/10
f 12/12/12 10/10/10 11/11/11

o ArmorBag_15_03_max_plane
v 0.302296293 -0.239507019 0.458887118
v -0.00615243174 0.183945436 1.06349227
v 0.560486663 -0.692831999 0.908106025
v 0.252037939 -0.269379544 1.51271118
vt 0 1
vt 1 1
vt 0 0
vt 1 0
vn -0.843026832 -0.535013837 -0.0553710601
vn -0.843026832 -0.535013837 -0.0553710601
vn -0.843026832 -0.535013837 -0.0553710601
vn -0.843026832 -0.535013837 -0.0553710601

g ArmorBag_15_03_max_plane_submesh_0
usemtl fire_003_4
f 13/13/13 15/15/15 14/14/14
f 16/16/16 14/14/14 15/15/15

o ArmorBag_15_04_max_plane
v -0.221436818 -0.107744835 0.89287117
v 0.516853761 0.051197198 0.62893095
v 0.0367527018 -0.561069819 1.34209056
v 0.77504328 -0.402127786 1.07815034
vt 0 1
vt 1 1
vt 0 0
vt 1 0
vn 0.087607763 0.7259079 0.682189563
vn 0.087607763 0.7259079 0.682189563
vn 0.087607763 0.7259079 0.682189563
vn 0.087607763 0.7259079 0.682189563

g ArmorBag_15_04_max_plane_submesh_0
usemtl fire_003_5
f 17/17/17 19/19/19 18/18/18
f 20/20/20 18/18/18 19/19/19

o ArmorBag_15_05_max_plane
v 0.36236776 0.263281977 0.931745525
v -0.0674739061 -0.319112666 0.591080743
v 0.620558131 -0.190043003 1.38096443
v 0.190716464 -0.772437646 1.04029965
vt 0 1
vt 1 1
vt 0 0
vt 1 0
vn 0.755419002 -0.190893755 -0.626818719
vn 0.755419002 -0.190893755 -0.626818719
vn 0.755419002 -0.190893755 -0.626818719
vn 0.755419002 -0.190893755 -0.626818719

g ArmorBag_15_05_max_plane_submesh_0
usemtl fire_003_6
f 21/21/21 23/23/23 22/22/22
f 24/24/24 22/22/22 23/23/23

o ArmorBag_15_06_objBox01
v 0.299247444 -0.246638869 0.486310735
v 0.110398105 -0.331232148 0.486310735
v 0.299247444 -0.331232148 0.486310735
v 0.110398105 -0.246638869 0.486310735
v 8.62958291e-09 -0.307886062 0.685210745
v 0.0970769405 -0.0043853751 0.685210745
v 0.0970769405 -0.307886062 0.685210745
v 8.62958291e-09 -0.0043853751 0.685210745
v 0.0970769405 0.0900792895 0.651708424
v 8.62958291e-09 0.0900792895 0.651708424
v 0.11035822 -0.000835561585 0.745474999
v 0.272844422 0.121727061 0.70084516
v 0.299247444 -0.000835561585 0.745474999
v 0.11035822 0.121727061 0.70084516
v 0.299247444 -0.327642709 0.745474999
v 0.11035822 -0.327642709 0.745474999
v 8.62958291e-09 0.0900792895 0.567872922
v 0.097116825 -0.000835561585 0.567872922
v 0.0970902443 0.0900792895 0.567872922
v 8.62958291e-09 -0.000835561585 0.567872922
v 8.62958291e-09 -0.204282291 0.567872922
v 0.097116825 -0.204282434 0.567872922
v 0.299247444 -0.000835561585 0.567872922
v 0.299247444 -0.204282434 0.567872922
v 8.62958291e-09 -0.307886062 0.567872922
v 0.097116825 -0.307886062 0.567872922
v 0.283054662 0.0599471449 0.486310735
v 0.097116825 -0.000835561585 0.567872922
v 0.299247444 -0.000835561585 0.567872922
v 0.110318336 0.0599471449 0.486310735
v 0.0970769405 -0.331232148 0.685210745
v 0.11035822 -0.327642709 0.745474999
v 0.299247444 -0.327642709 0.745474999
v 0.299247444 -0.331232148 0.486310735
v 0.097116825 -0.331232148 0.567872922
v 0.110398105 -0.331232148 0.486310735
v 0.299247444 -0.204282434 0.567872922
v 0.299247444 -0.331232148 0.486310735
v 0.299247444 -0.327642709 0.745474999
v 0.299247444 -0.246638869 0.486310735
v 0.299247444 -0.000835561585 0.745474999
v 0.299247444 -0.000835561585 0.567872922
v 0.272844422 0.121727061 0.70084516
v 0.272844422 0.121567416 0.486310735
v 0.283054662 0.0599471449 0.486310735
v 0.0970769405 0.121567416 0.640540959
v 0.272844422 0.121567416 0.486310735
v 0.272844422 0.121727061 0.70084516
v 0.0970769405 0.121567416 0.567872922
v 0.107272786 0.121690011 0.686835663
v 0.110318336 0.121567416 0.486310735
v 0.11035822 0.121727061 0.70084516
v 0.11035822 -0.000835561585 0.745474999
v 0.0970769405 0.0900792895 0.651708424
v 0.11035822 0.121727061 0.70084516
v 0.0970769405 -0.0043853751 0.685210745
v 0.11035822 -0.327642709 0.745474999
v 0.0970769405 -0.307886062 0.685210745
v 0.0970769405 -0.331232148 0.685210745
v 0.107272786 0.121690011 0.686835663
v 0.110318336 0.0599471449 0.486310735
v 0.272844422 0.121567416 0.486310735
v 0.110318336 0.121567416 0.486310735
v 0.283054662 0.0599471449 0.486310735
v 0.110398105 -0.246638869 0.486310735
v 0.299247444 -0.204282434 0.567872922
v 0.097116825 -0.204282434 0.567872922
v 0.299247444 -0.246638869 0.486310735
v 0.0970769405 0.121567416 0.567872922
v 0.0970902443 0.0900792895 0.567872922
v 0.110318336 0.121567416 0.486310735
v 0.097116825 -0.000835561585 0.567872922
v 0.110318336 0.0599471449 0.486310735
v 0.110398105 -0.246638869 0.486310735
v 0.097116825 -0.204282434 0.567872922
v 0.097116825 -0.307886062 0.567872922
v 0.097116825 -0.331232148 0.567872922
v 0.110398105 -0.331232148 0.486310735
v 0.29701395 -0.0565930253 0.697654476
v 0.321103692 -0.0509693997 0.576806822
v 0.29701395 -0.0565930253 0.576806822
v 0.310694075 -0.0509693997 0.697654476
v 0.29701395 -0.00929102712 0.697654476
v 0.321103692 -0.0149544209 0.576806822
v 0.310694075 -0.0149544209 0.697654476
v 0.29701395 -0.00929102712 0.576806822
v 0.29701395 -0.00929102712 0.576806822
v 0.321103692 -0.0509693997 0.576806822
v 0.321103692 -0.0149544209 0.576806822
v 0.29701395 -0.0565930253 0.576806822
v 0.310694075 -0.0149544209 0.697654476
v 0.29701395 -0.0565930253 0.697654476
v 0.29701395 -0.00929102712 0.697654476
v 0.310694075 -0.0509693997 0.697654476
v 0.321103692 -0.0149544209 0.576806822
v 0.310694075 -0.0509693997 0.697654476
v 0.310694075 -0.0149544209 0.697654476
v 0.321103692 -0.0509693997 0.576806822
v 0.29701395 -0.120406985 0.697654476
v 0.321103692 -0.114743448 0.576806822
v 0.29701395 -0.120406985 0.576806822
v 0.310694075 -0.114743448 0.697654476
v 0.29701395 -0.0731048438 0.697654476
v 0.321103692 -0.0787284694 0.576806822
v 0.310694075 -0.0787284694 0.697654476
v 0.29701395 -0.0731048438 0.576806822
v 0.29701395 -0.0731048438 0.576806822
v 0.321103692 -0.114743448 0.576806822
v 0.321103692 -0.0787284694 0.576806822
v 0.29701395 -0.120406985 0.576806822
v 0.310694075 -0.0787284694 0.697654476
v 0.29701395 -0.120406985 0.697654476
v 0.29701395 -0.0731048438 0.697654476
v 0.310694075 -0.114743448 0.697654476
v 0.321103692 -0.0787284694 0.576806822
v 0.310694075 -0.114743448 0.697654476
v 0.310694075 -0.0787284694 0.697654476
v 0.321103692 -0.114743448 0.576806822
v 0.150600868 -0.0968755051 0.723499093
v 0.281738484 -0.191998062 0.845104453
v 0.262713951 -0.0968755051 0.723499093
v 0.180114806 -0.191998062 0.892486273
v 0.150600868 -0.0668031559 0.798839432
v 0.180114806 -0.191998062 0.892486273
v 0.150600868 -0.0968755051 0.723499093
v 0.18314597 -0.0992286961 0.898987303
v 0.262713951 -0.0668031559 0.798839432
v 0.18314597 -0.0992286961 0.898987303
v 0.150600868 -0.0668031559 0.798839432
v 0.284769648 -0.0992286961 0.851565642
v 0.262713951 -0.0968755051 0.723499093
v 0.284769648 -0.0992286961 0.851565642
v 0.262713951 -0.0668031559 0.798839432
v 0.281738484 -0.191998062 0.845104453
v 0.17788133 -0.089576894 0.897152744
v 0.282855248 -0.196903857 0.839082072
v 0.28636499 -0.089576894 0.846540257
v 0.174371552 -0.196903857 0.889654576
v 0.174371552 -0.196903857 0.889654576
v 0.340726483 -0.155065839 0.963200089
v 0.282855248 -0.196903857 0.839082072
v 0.232242823 -0.155065839 1.01377259
v 0.17788133 -0.089576894 0.897152744
v 0.232242823 -0.155065839 1.01377259
v 0.174371552 -0.196903857 0.889654576
v 0.205999339 -0.0577096824 0.957416962
v 0.28636499 -0.089576894 0.846540257
v 0.205999339 -0.0577096824 0.957416962
v 0.17788133 -0.089576894 0.897152744
v 0.314443123 -0.0577096824 0.906844457
v 0.282855248 -0.196903857 0.839082072
v 0.314443123 -0.0577096824 0.906844457
v 0.28636499 -0.089576894 0.846540257
v 0.340726483 -0.155065839 0.963200089
v 0.481117165 -0.536154592 1.3091115
v 0.483111334 -0.50408811 1.41532166
v 0.510152471 -0.516890756 1.3919896
v 0.44781425 -0.516890756 1.42106488
v 0.402984989 -0.536154592 1.34556507
v 0.270331746 0.0895009339 0.806816177
v 0.179955286 0.150163907 0.877529921
v 0.153711784 0.0895009339 0.861177605
v 0.265984422 0.150163907 0.837446783
v 0.379493451 -0.218002323 0.974088354
v 0.150002611 -0.0478186989 0.920085841
v 0.211662823 -0.218002323 1.05238002
v 0.317833221 -0.0478186989 0.841834018
v 0.235752583 -0.214931302 1.10394966
v 0.210266876 0.0485003374 1.00507802
v 0.291230822 -0.161367527 1.17873163
v 0.15897646 -0.0211762863 0.939389517
v 0.179955286 0.150163907 0.877529921
v 0.153711784 0.0895009339 0.861177605
v 0.402984989 -0.536154592 1.34556507
v 0.44781425 -0.516890756 1.42106488
v 0.150002611 -0.0478186989 0.920085841
v 0.211662823 -0.218002323 1.05238002
v 0.425160277 -0.161367527 1.11627373
v 0.288997328 0.071194253 0.999095334
v 0.344196367 0.0485003374 0.942620112
v 0.369961238 -0.138673755 1.17270918
v 0.291230822 -0.161367527 1.17873163
v 0.44781425 -0.516890756 1.42106488
v 0.483111334 -0.50408811 1.41532166
v 0.210266876 0.0485003374 1.00507802
v 0.510152471 -0.516890756 1.3919896
v 0.265984422 0.150163907 0.837446783
v 0.179955286 0.150163907 0.877529921
v 0.425160277 -0.161367527 1.11627373
v 0.32680707 -0.0211762863 0.861137694
v 0.403583193 -0.214931302 1.02569776
v 0.344196367 0.0485003374 0.942620112
v 0.270331746 0.0895009339 0.806816177
v 0.265984422 0.150163907 0.837446783
v 0.510152471 -0.516890756 1.3919896
v 0.481117165 -0.536154592 1.3091115
v 0.379493451 -0.218002323 0.974088354
v 0.317833221 -0.0478186989 0.841834018
v 0.32680707 -0.0211762863 0.861137694
v 0.153711784 0.0895009339 0.861177605
v 0.15897646 -0.0211762863 0.939389517
v 0.270331746 0.0895009339 0.806816177
v 0.235752583 -0.214931302 1.10394966
v 0.481117165 -0.536154592 1.3091115
v 0.403583193 -0.214931302 1.02569776
v 0.402984989 -0.536154592 1.34556507
v 0.317833221 -0.0478186989 0.841834018
v 0.15897646 -0.0211762863 0.939389517
v 0.150002611 -0.0478186989 0.920085841
v 0.32680707 -0.0211762863 0.861137694
v 0.211662823 -0.218002323 1.05238002
v 0.403583193 -0.214931302 1.02569776
v 0.379493451 -0.218002323 0.974088354
v 0.235752583 -0.214931302 1.10394966
v 0.134208664 -0.0611795303 0.815351179
v 0.27679292 -0.13963091 0.739293009
v 0.134208664 -0.13963091 0.739293009
v 0.27679292 -0.0611795303 0.815351179
v 0.27679292 -0.0210167843 0.799238187
v 0.134208664 -0.00865273303 0.744198697
v 0.27679292 -0.00865273303 0.744198697
v 0.134208664 -0.0210167843 0.799238187
v 0.134208664 -0.13963091 0.739293009
v 0.134208664 -0.00865273303 0.744198697
v 0.134208664 -0.0210167843 0.799238187
v 0.134208664 -0.0611795303 0.815351179
v 0.27679292 -0.0210167843 0.799238187
v 0.27679292 -0.00865273303 0.744198697
v 0.27679292 -0.13963091 0.739293009
v 0.27679292 -0.0611795303 0.815351179
v 0.134208664 -0.0611795303 0.815351179
v 0.27679292 -0.0210167843 0.799238187
v 0.27679292 -0.0611795303 0.815351179
v 0.134208664 -0.0210167843 0.799238187
v 0.153033793 -0.216686253 0.771040487
v 0.174411428 -0.216247515 0.744836848
v 0.178120619 -0.218281559 0.769564736
v 0.149284717 -0.214652066 0.744118946
v 0.149404362 -0.299365079 0.728803607
v 0.149284717 -0.256729408 0.736700637
v 0.155905402 -0.261595149 0.785079559
v 0.153033793 -0.216686253 0.771040487
v 0.149284717 -0.214652066 0.744118946
v 0.158936566 -0.362580656 0.846181341
v 0.163682735 -0.308219228 0.854277677
v 0.163682735 -0.308219228 0.854277677
v 0.18518005 -0.364176105 0.841435191
v 0.158936566 -0.362580656 0.846181341
v 0.189966094 -0.309814677 0.849491687
v 0.178080744 -0.300960385 0.737817365
v 0.181032139 -0.263150687 0.781729266
v 0.175727606 -0.258324714 0.743839817
v 0.174411428 -0.216247515 0.744836848
v 0.178120619 -0.218281559 0.769564736
v 0.189966094 -0.309814677 0.849491687
v 0.18518005 -0.364176105 0.841435191
v 0.155905402 -0.261595149 0.785079559
v 0.178120619 -0.218281559 0.769564736
v 0.181032139 -0.263150687 0.781729266
v 0.153033793 -0.216686253 0.771040487
v 0.163682735 -0.308219228 0.854277677
v 0.189966094 -0.309814677 0.849491687
v 0.18518005 -0.364176105 0.841435191
v 0.149404362 -0.299365079 0.728803607
v 0.158936566 -0.362580656 0.846181341
v 0.178080744 -0.300960385 0.737817365
v 0.171579695 -0.617158433 1.02789145
v 0.210107356 -0.615722628 0.998218002
v 0.158777028 -0.612611624 1.00751089
v 0.203526539 -0.619072814 1.02210833
v 0.159534824 -0.274996178 0.862015169
v 0.206996423 -0.297251213 0.831663656
v 0.19686597 -0.277269546 0.855274815
v 0.13963286 -0.293183125 0.843868062
v 0.202808619 -0.455988459 0.830068278
v 0.12204414 -0.375463125 0.827316332
v 0.124437162 -0.451282077 0.8443068
v 0.207913756 -0.380648012 0.811721829
v 0.130419731 -0.459059337 0.880002703
v 0.154708886 -0.342838314 0.925868969
v 0.160412264 -0.457424263 0.978116602
v 0.127468327 -0.355481458 0.850528665
v 0.159534824 -0.274996178 0.862015169
v 0.13963286 -0.293183125 0.843868062
v 0.12204414 -0.375463125 0.827316332
v 0.124437162 -0.451282077 0.8443068
v 0.147210762 -0.523910346 0.952989887
v 0.158777028 -0.612611624 1.00751089
v 0.171579695 -0.617158433 1.02789145
v 0.160412264 -0.457424263 0.978116602
v 0.215770841 -0.346507718 0.914781291
v 0.215372014 -0.460734466 0.968145652
v 0.154708886 -0.342838314 0.925868969
v 0.19686597 -0.277269546 0.855274815
v 0.171579695 -0.617158433 1.02789145
v 0.203526539 -0.619072814 1.02210833
v 0.159534824 -0.274996178 0.862015169
v 0.19686597 -0.277269546 0.855274815
v 0.215372014 -0.460734466 0.968145652
v 0.213337934 -0.360666346 0.834934162
v 0.208831072 -0.46380563 0.865764181
v 0.215770841 -0.346507718 0.914781291
v 0.206996423 -0.297251213 0.831663656
v 0.19686597 -0.277269546 0.855274815
v 0.202808619 -0.455988459 0.830068278
v 0.207913756 -0.380648012 0.811721829
v 0.212061667 -0.527858772 0.941224219
v 0.203526539 -0.619072814 1.02210833
v 0.210107356 -0.615722628 0.998218002
v 0.213337934 -0.360666346 0.834934162
v 0.13963286 -0.293183125 0.843868062
v 0.127468327 -0.355481458 0.850528665
v 0.206996423 -0.297251213 0.831663656
v 0.210107356 -0.615722628 0.998218002
v 0.147210762 -0.523910346 0.952989887
v 0.158777028 -0.612611624 1.00751089
v 0.212061667 -0.527858772 0.941224219
v 0.130419731 -0.459059337 0.880002703
v 0.208831072 -0.46380563 0.865764181
v 0.124437162 -0.451282077 0.8443068
v 0.202808619 -0.455988459 0.830068278
v 0.207913756 -0.380648012 0.811721829
v 0.127468327 -0.355481458 0.850528665
v 0.12204414 -0.375463125 0.827316332
v 0.213337934 -0.360666346 0.834934162
v 0.259443498 -0.21840115 0.781450066
v 0.2557742 -0.214811711 0.744956546
v 0.282775462 -0.216845755 0.772197091
v 0.228812814 -0.216407017 0.744158857
v 0.223229098 -0.30112003 0.738654894
v 0.229450929 -0.25848436 0.744717257
v 0.268776298 -0.263310189 0.789865549
v 0.259443498 -0.21840115 0.781450066
v 0.228812814 -0.216407017 0.744158857
v 0.312249506 -0.364295839 0.835811566
v 0.315360439 -0.309974179 0.844625875
v 0.315360439 -0.309974179 0.844625875
v 0.332749736 -0.362700533 0.818741347
v 0.312249506 -0.364295839 0.835811566
v 0.335900545 -0.308378873 0.827595568
v 0.255654556 -0.299524581 0.729641171
v 0.291270679 -0.261714883 0.778219543
v 0.2557742 -0.25688891 0.737538165
v 0.2557742 -0.214811711 0.744956546
v 0.282775462 -0.216845755 0.772197091
v 0.335900545 -0.308378873 0.827595568
v 0.332749736 -0.362700533 0.818741347
v 0.268776298 -0.263310189 0.789865549
v 0.282775462 -0.216845755 0.772197091
v 0.291270679 -0.261714883 0.778219543
v 0.259443498 -0.21840115 0.781450066
v 0.315360439 -0.309974179 0.844625875
v 0.335900545 -0.308378873 0.827595568
v 0.332749736 -0.362700533 0.818741347
v 0.223229098 -0.30112003 0.738654894
v 0.312249506 -0.364295839 0.835811566
v 0.255654556 -0.299524581 0.729641171
v 0.424681699 -0.560124738 0.948283648
v 0.418419957 -0.550153718 0.888936603
v 0.386592722 -0.552626571 0.915379531
v 0.444503903 -0.5585692 0.93181167
v 0.337495923 -0.274916355 0.873222509
v 0.341085434 -0.30171827 0.808850221
v 0.360588598 -0.273121636 0.854038424
v 0.299327195 -0.304948793 0.843549058
v 0.349102056 -0.427072678 0.799836498
v 0.286763817 -0.371076033 0.833937024
v 0.300483835 -0.430821762 0.840198801
v 0.339968705 -0.366928123 0.789745887
v 0.319109523 -0.437003716 0.86205508
v 0.353688705 -0.339208964 0.90177916
v 0.386313558 -0.429784784 0.928740577
v 0.298090822 -0.355242277 0.849092861
v 0.337495923 -0.274916355 0.873222509
v 0.299327195 -0.304948793 0.843549058
v 0.386592722 -0.552626571 0.915379531
v 0.424681699 -0.560124738 0.948283648
v 0.286763817 -0.371076033 0.833937024
v 0.300483835 -0.430821762 0.840198801
v 0.386313558 -0.429784784 0.928740577
v 0.391538322 -0.336297445 0.870350829
v 0.42037425 -0.427152501 0.900463018
v 0.353688705 -0.339208964 0.90177916
v 0.360588598 -0.273121636 0.854038424
v 0.424681699 -0.560124738 0.948283648
v 0.444503903 -0.5585692 0.93181167
v 0.337495923 -0.274916355 0.873222509
v 0.360588598 -0.273121636 0.854038424
v 0.42037425 -0.427152501 0.900463018
v 0.351335585 -0.351094223 0.804861813
v 0.367687869 -0.433254775 0.821652867
v 0.391538322 -0.336297445 0.870350829
v 0.341085434 -0.30171827 0.808850221
v 0.360588598 -0.273121636 0.854038424
v 0.444503903 -0.5585692 0.93181167
v 0.418419957 -0.550153718 0.888936603
v 0.349102056 -0.427072678 0.799836498
v 0.339968705 -0.366928123 0.789745887
v 0.351335585 -0.351094223 0.804861813
v 0.299327195 -0.304948793 0.843549058
v 0.298090822 -0.355242277 0.849092861
v 0.341085434 -0.30171827 0.808850221
v 0.319109523 -0.437003716 0.86205508
v 0.418419957 -0.550153718 0.888936603
v 0.367687869 -0.433254775 0.821652867
v 0.386592722 -0.552626571 0.915379531
v 0.300483835 -0.430821762 0.840198801
v 0.349102056 -0.427072678 0.799836498
v 0.339968705 -0.366928123 0.789745887
v 0.298090822 -0.355242277 0.849092861
v 0.286763817 -0.371076033 0.833937024
v 0.351335585 -0.351094223 0.804861813
v 0.107272786 0.121690011 0.686835663
v 0.0970769405 0.0900792895 0.651708424
v 0.0970769405 0.121567416 0.640540959
v 0.0970769405 0.121567416 0.567872922
v 0.0970769405 0.0900792895 0.651708424
v 0.0970902443 0.0900792895 0.567872922
v 0.0970769405 0.121567416 0.640540959
v 0.0970902443 0.0900792895 0.567872922
v 8.62958291e-09 0.0900792895 0.651708424
v 8.62958291e-09 0.0900792895 0.567872922
v 0.0970769405 0.0900792895 0.651708424
v 0.0970769405 -0.307886062 0.685210745
v 0.097116825 -0.331232148 0.567872922
v 0.097116825 -0.307886062 0.567872922
v 0.0970769405 -0.331232148 0.685210745
v 0.0970769405 -0.307886062 0.685210745
v 8.62958291e-09 -0.307886062 0.567872922
v 8.62958291e-09 -0.307886062 0.685210745
v 0.097116825 -0.307886062 0.567872922
v 0.340726483 -0.155065839 0.963200089
v 0.205999339 -0.0577096824 0.957416962
v 0.314443123 -0.0577096824 0.906844457
v 0.232242823 -0.155065839 1.01377259
v -0.299247444 -0.246638869 0.486310735
v -0.110398087 -0.331232148 0.486310735
v -0.110398087 -0.246638869 0.486310735
v -0.299247444 -0.331232148 0.486310735
v 8.62958291e-09 -0.307886062 0.685210745
v -0.0970769227 -0.0043853751 0.685210745
v 8.62958291e-09 -0.0043853751 0.685210745
v -0.0970769227 -0.307886062 0.685210745
v -0.0970769227 0.0900792895 0.651708424
v 8.62958291e-09 0.0900792895 0.651708424
v -0.110358202 -0.000835561585 0.745474999
v -0.272844422 0.121727061 0.70084516
v -0.110358202 0.121727061 0.70084516
v -0.299247444 -0.000835561585 0.745474999
v -0.299247444 -0.327642709 0.745474999
v -0.110358202 -0.327642709 0.745474999
v 8.62958291e-09 0.0900792895 0.567872922
v -0.0971168071 -0.000835561585 0.567872922
v 8.62958291e-09 -0.000835561585 0.567872922
v -0.0970902264 0.0900792895 0.567872922
v 8.62958291e-09 -0.204282291 0.567872922
v -0.0971168071 -0.204282434 0.567872922
v -0.299247444 -0.000835561585 0.567872922
v -0.299247444 -0.204282434 0.567872922
v 8.62958291e-09 -0.307886062 0.567872922
v -0.0971168071 -0.307886062 0.567872922
v -0.283054662 0.0599471449 0.486310735
v -0.0971168071 -0.000835561585 0.567872922
v -0.110318318 0.0599471449 0.486310735
v -0.299247444 -0.000835561585 0.567872922
v -0.0970769227 -0.331232148 0.685210745
v -0.299247444 -0.327642709 0.745474999
v -0.110358202 -0.327642709 0.745474999
v -0.299247444 -0.331232148 0.486310735
v -0.0971168071 -0.331232148 0.567872922
v -0.110398087 -0.331232148 0.486310735
v -0.299247444 -0.204282434 0.567872922
v -0.299247444 -0.331232148 0.486310735
v -0.299247444 -0.246638869 0.486310735
v -0.299247444 -0.327642709 0.745474999
v -0.299247444 -0.000835561585 0.745474999
v -0.299247444 -0.000835561585 0.567872922
v -0.272844422 0.121727061 0.70084516
v -0.272844422 0.121567416 0.486310735
v -0.283054662 0.0599471449 0.486310735
v -0.0970769227 0.121567416 0.640540959
v -0.272844422 0.121567416 0.486310735
v -0.0970769227 0.121567416 0.567872922
v -0.272844422 0.121727061 0.70084516
v -0.107272768 0.121690011 0.686835663
v -0.110318318 0.121567416 0.486310735
v -0.110358202 0.121727061 0.70084516
v -0.110358202 -0.000835561585 0.745474999
v -0.0970769227 0.0900792895 0.651708424
v -0.0970769227 -0.0043853751 0.685210745
v -0.110358202 0.121727061 0.70084516
v -0.110358202 -0.327642709 0.745474999
v -0.0970769227 -0.307886062 0.685210745
v -0.0970769227 -0.331232148 0.685210745
v -0.107272768 0.121690011 0.686835663
v -0.110318318 0.0599471449 0.486310735
v -0.272844422 0.121567416 0.486310735
v -0.283054662 0.0599471449 0.486310735
v -0.110318318 0.121567416 0.486310735
v -0.110398087 -0.246638869 0.486310735
v -0.299247444 -0.204282434 0.567872922
v -0.299247444 -0.246638869 0.486310735
v -0.0971168071 -0.204282434 0.567872922
v -0.0970769227 0.121567416 0.567872922
v -0.110318318 0.121567416 0.486310735
v -0.0970902264 0.0900792895 0.567872922
v -0.0971168071 -0.000835561585 0.567872922
v -0.110318318 0.0599471449 0.486310735
v -0.110398087 -0.246638869 0.486310735
v -0.0971168071 -0.307886062 0.567872922
v -0.0971168071 -0.204282434 0.567872922
v -0.0971168071 -0.331232148 0.567872922
v -0.110398087 -0.331232148 0.486310735
v -0.29701395 -0.0565930253 0.697654476
v -0.321103692 -0.0509693997 0.576806822
v -0.310694075 -0.0509693997 0.697654476
v -0.29701395 -0.0565930253 0.576806822
v -0.29701395 -0.00929102712 0.697654476
v -0.321103692 -0.0149544209 0.576806822
v -0.29701395 -0.00929102712 0.576806822
v -0.310694075 -0.0149544209 0.697654476
v -0.29701395 -0.00929102712 0.576806822
v -0.321103692 -0.0509693997 0.576806822
v -0.29701395 -0.0565930253 0.576806822
v -0.321103692 -0.0149544209 0.576806822
v -0.310694075 -0.0149544209 0.697654476
v -0.29701395 -0.0565930253 0.697654476
v -0.310694075 -0.0509693997 0.697654476
v -0.29701395 -0.00929102712 0.697654476
v -0.321103692 -0.0149544209 0.576806822
v -0.310694075 -0.0509693997 0.697654476
v -0.321103692 -0.0509693997 0.576806822
v -0.310694075 -0.0149544209 0.697654476
v -0.29701395 -0.120406985 0.697654476
v -0.321103692 -0.114743448 0.576806822
v -0.310694075 -0.114743448 0.697654476
v -0.29701395 -0.120406985 0.576806822
v -0.29701395 -0.0731048438 0.697654476
v -0.321103692 -0.0787284694 0.576806822
v -0.29701395 -0.0731048438 0.576806822
v -0.310694075 -0.0787284694 0.697654476
v -0.29701395 -0.0731048438 0.576806822
v -0.321103692 -0.114743448 0.576806822
v -0.29701395 -0.120406985 0.576806822
v -0.321103692 -0.0787284694 0.576806822
v -0.310694075 -0.0787284694 0.697654476
v -0.29701395 -0.120406985 0.697654476
v -0.310694075 -0.114743448 0.697654476
v -0.29701395 -0.0731048438 0.697654476
v -0.321103692 -0.0787284694 0.576806822
v -0.310694075 -0.114743448 0.697654476
v -0.321103692 -0.114743448 0.576806822
v -0.310694075 -0.0787284694 0.697654476
v -0.150600868 -0.0968755051 0.723499093
v -0.281738484 -0.191998062 0.845104453
v -0.180114806 -0.191998062 0.892486273
v -0.262713951 -0.0968755051 0.723499093
v -0.150600868 -0.0668031559 0.798839432
v -0.180114806 -0.191998062 0.892486273
v -0.18314597 -0.0992286961 0.898987303
v -0.150600868 -0.0968755051 0.723499093
v -0.262713951 -0.0668031559 0.798839432
v -0.18314597 -0.0992286961 0.898987303
v -0.284769648 -0.0992286961 0.851565642
v -0.150600868 -0.0668031559 0.798839432
v -0.262713951 -0.0968755051 0.723499093
v -0.284769648 -0.0992286961 0.851565642
v -0.281738484 -0.191998062 0.845104453
v -0.262713951 -0.0668031559 0.798839432
v -0.17788133 -0.089576894 0.897152744
v -0.282855248 -0.196903857 0.839082072
v -0.174371552 -0.196903857 0.889654576
v -0.28636499 -0.089576894 0.846540257
v -0.174371552 -0.196903857 0.889654576
v -0.340726483 -0.155065839 0.963200089
v -0.232242823 -0.155065839 1.01377259
v -0.282855248 -0.196903857 0.839082072
v -0.17788133 -0.089576894 0.897152744
v -0.232242823 -0.155065839 1.01377259
v -0.205999339 -0.0577096824 0.957416962
v -0.174371552 -0.196903857 0.889654576
v -0.28636499 -0.089576894 0.846540257
v -0.205999339 -0.0577096824 0.957416962
v -0.314443123 -0.0577096824 0.906844457
v -0.17788133 -0.089576894 0.897152744
v -0.282855248 -0.196903857 0.839082072
v -0.314443123 -0.0577096824 0.906844457
v -0.340726483 -0.155065839 0.963200089
v -0.28636499 -0.089576894 0.846540257
v -0.481117165 -0.536154592 1.3091115
v -0.483111334 -0.50408811 1.41532166
v -0.44781425 -0.516890756 1.42106488
v -0.510152471 -0.516890756 1.3919896
v -0.402984989 -0.536154592 1.34556507
v -0.270331746 0.0895009339 0.806816177
v -0.179955286 0.150163907 0.877529921
v -0.265984422 0.150163907 0.837446783
v -0.153711784 0.0895009339 0.861177605
v -0.379493451 -0.218002323 0.974088354
v -0.150002611 -0.0478186989 0.920085841
v -0.317833221 -0.0478186989 0.841834018
v -0.211662823 -0.218002323 1.05238002
v -0.235752583 -0.214931302 1.10394966
v -0.210266876 0.0485003374 1.00507802
v -0.15897646 -0.0211762863 0.939389517
v -0.291230822 -0.161367527 1.17873163
v -0.179955286 0.150163907 0.877529921
v -0.153711784 0.0895009339 0.861177605
v -0.402984989 -0.536154592 1.34556507
v -0.44781425 -0.516890756 1.42106488
v -0.150002611 -0.0478186989 0.920085841
v -0.211662823 -0.218002323 1.05238002
v -0.425160277 -0.161367527 1.11627373
v -0.288997328 0.071194253 0.999095334
v -0.369961238 -0.138673755 1.17270918
v -0.344196367 0.0485003374 0.942620112
v -0.291230822 -0.161367527 1.17873163
v -0.44781425 -0.516890756 1.42106488
v -0.483111334 -0.50408811 1.41532166
v -0.210266876 0.0485003374 1.00507802
v -0.510152471 -0.516890756 1.3919896
v -0.265984422 0.150163907 0.837446783
v -0.179955286 0.150163907 0.877529921
v -0.425160277 -0.161367527 1.11627373
v -0.32680707 -0.0211762863 0.861137694
v -0.344196367 0.0485003374 0.942620112
v -0.403583193 -0.214931302 1.02569776
v -0.270331746 0.0895009339 0.806816177
v -0.265984422 0.150163907 0.837446783
v -0.510152471 -0.516890756 1.3919896
v -0.481117165 -0.536154592 1.3091115
v -0.379493451 -0.218002323 0.974088354
v -0.317833221 -0.0478186989 0.841834018
v -0.32680707 -0.0211762863 0.861137694
v -0.153711784 0.0895009339 0.861177605
v -0.270331746 0.0895009339 0.806816177
v -0.15897646 -0.0211762863 0.939389517
v -0.235752583 -0.214931302 1.10394966
v -0.481117165 -0.536154592 1.3091115
v -0.402984989 -0.536154592 1.34556507
v -0.403583193 -0.214931302 1.02569776
v -0.317833221 -0.0478186989 0.841834018
v -0.15897646 -0.0211762863 0.939389517
v -0.32680707 -0.0211762863 0.861137694
v -0.150002611 -0.0478186989 0.920085841
v -0.211662823 -0.218002323 1.05238002
v -0.403583193 -0.214931302 1.02569776
v -0.235752583 -0.214931302 1.10394966
v -0.379493451 -0.218002323 0.974088354
v -0.134208646 -0.0611795303 0.815351179
v -0.27679292 -0.13963091 0.739293009
v -0.27679292 -0.0611795303 0.815351179
v -0.134208646 -0.13963091 0.739293009
v -0.27679292 -0.0210167843 0.799238187
v -0.134208646 -0.00865273303 0.744198697
v -0.134208646 -0.0210167843 0.799238187
v -0.27679292 -0.00865273303 0.744198697
v -0.134208646 -0.13963091 0.739293009
v -0.134208646 -0.0210167843 0.799238187
v -0.134208646 -0.00865273303 0.744198697
v -0.134208646 -0.0611795303 0.815351179
v -0.27679292 -0.0210167843 0.799238187
v -0.27679292 -0.13963091 0.739293009
v -0.27679292 -0.00865273303 0.744198697
v -0.27679292 -0.0611795303 0.815351179
v -0.134208646 -0.0611795303 0.815351179
v -0.27679292 -0.0210167843 0.799238187
v -0.134208646 -0.0210167843 0.799238187
v -0.27679292 -0.0611795303 0.815351179
v -0.153033793 -0.216686253 0.771040487
v -0.174411428 -0.216247515 0.744836848
v -0.1492847 -0.214652066 0.744118946
v -0.178120619 -0.218281559 0.769564736
v -0.149404344 -0.299365079 0.728803607
v -0.155905402 -0.261595149 0.785079559
v -0.1492847 -0.256729408 0.736700637
v -0.153033793 -0.216686253 0.771040487
v -0.1492847 -0.214652066 0.744118946
v -0.158936566 -0.362580656 0.846181341
v -0.163682735 -0.308219228 0.854277677
v -0.163682735 -0.308219228 0.854277677
v -0.18518005 -0.364176105 0.841435191
v -0.189966094 -0.309814677 0.849491687
v -0.158936566 -0.362580656 0.846181341
v -0.178080744 -0.300960385 0.737817365
v -0.175727606 -0.258324714 0.743839817
v -0.181032139 -0.263150687 0.781729266
v -0.174411428 -0.216247515 0.744836848
v -0.178120619 -0.218281559 0.769564736
v -0.189966094 -0.309814677 0.849491687
v -0.18518005 -0.364176105 0.841435191
v -0.155905402 -0.261595149 0.785079559
v -0.178120619 -0.218281559 0.769564736
v -0.153033793 -0.216686253 0.771040487
v -0.181032139 -0.263150687 0.781729266
v -0.163682735 -0.308219228 0.854277677
v -0.189966094 -0.309814677 0.849491687
v -0.18518005 -0.364176105 0.841435191
v -0.149404344 -0.299365079 0.728803607
v -0.178080744 -0.300960385 0.737817365
v -0.158936566 -0.362580656 0.846181341
v -0.171579695 -0.617158433 1.02789145
v -0.210107356 -0.615722628 0.998218002
v -0.203526539 -0.619072814 1.02210833
v -0.158777028 -0.612611624 1.00751089
v -0.159534824 -0.274996178 0.862015169
v -0.206996423 -0.297251213 0.831663656
v -0.139632842 -0.293183125 0.843868062
v -0.19686597 -0.277269546 0.855274815
v -0.202808619 -0.455988459 0.830068278
v -0.122044122 -0.375463125 0.827316332
v -0.207913756 -0.380648012 0.811721829
v -0.124437144 -0.451282077 0.8443068
v -0.130419713 -0.459059337 0.880002703
v -0.154708886 -0.342838314 0.925868969
v -0.127468309 -0.355481458 0.850528665
v -0.160412264 -0.457424263 0.978116602
v -0.159534824 -0.274996178 0.862015169
v -0.139632842 -0.293183125 0.843868062
v -0.122044122 -0.375463125 0.827316332
v -0.124437144 -0.451282077 0.8443068
v -0.147210744 -0.523910346 0.952989887
v -0.158777028 -0.612611624 1.00751089
v -0.171579695 -0.617158433 1.02789145
v -0.160412264 -0.457424263 0.978116602
v -0.215770841 -0.346507718 0.914781291
v -0.154708886 -0.342838314 0.925868969
v -0.215372014 -0.460734466 0.968145652
v -0.19686597 -0.277269546 0.855274815
v -0.171579695 -0.617158433 1.02789145
v -0.203526539 -0.619072814 1.02210833
v -0.19686597 -0.277269546 0.855274815
v -0.159534824 -0.274996178 0.862015169
v -0.215372014 -0.460734466 0.968145652
v -0.213337934 -0.360666346 0.834934162
v -0.215770841 -0.346507718 0.914781291
v -0.208831072 -0.46380563 0.865764181
v -0.206996423 -0.297251213 0.831663656
v -0.19686597 -0.277269546 0.855274815
v -0.202808619 -0.455988459 0.830068278
v -0.207913756 -0.380648012 0.811721829
v -0.212061667 -0.527858772 0.941224219
v -0.203526539 -0.619072814 1.02210833
v -0.210107356 -0.615722628 0.998218002
v -0.213337934 -0.360666346 0.834934162
v -0.139632842 -0.293183125 0.843868062
v -0.206996423 -0.297251213 0.831663656
v -0.127468309 -0.355481458 0.850528665
v -0.210107356 -0.615722628 0.998218002
v -0.147210744 -0.523910346 0.952989887
v -0.212061667 -0.527858772 0.941224219
v -0.158777028 -0.612611624 1.00751089
v -0.130419713 -0.459059337 0.880002703
v -0.208831072 -0.46380563 0.865764181
v -0.124437144 -0.451282077 0.8443068
v -0.202808619 -0.455988459 0.830068278
v -0.207913756 -0.380648012 0.811721829
v -0.127468309 -0.355481458 0.850528665
v -0.213337934 -0.360666346 0.834934162
v -0.122044122 -0.375463125 0.827316332
v -0.259443498 -0.21840115 0.781450066
v -0.2557742 -0.214811711 0.744956546
v -0.228812814 -0.216407017 0.744158857
v -0.282775462 -0.216845755 0.772197091
v -0.223229098 -0.30112003 0.738654894
v -0.268776298 -0.263310189 0.789865549
v -0.229450929 -0.25848436 0.744717257
v -0.259443498 -0.21840115 0.781450066
v -0.228812814 -0.216407017 0.744158857
v -0.312249506 -0.364295839 0.835811566
v -0.315360439 -0.309974179 0.844625875
v -0.315360439 -0.309974179 0.844625875
v -0.332749736 -0.362700533 0.818741347
v -0.335900545 -0.308378873 0.827595568
v -0.312249506 -0.364295839 0.835811566
v -0.255654556 -0.299524581 0.729641171
v -0.2557742 -0.25688891 0.737538165
v -0.291270679 -0.261714883 0.778219543
v -0.2557742 -0.214811711 0.744956546
v -0.282775462 -0.216845755 0.772197091
v -0.335900545 -0.308378873 0.827595568
v -0.332749736 -0.362700533 0.818741347
v -0.268776298 -0.263310189 0.789865549
v -0.282775462 -0.216845755 0.772197091
v -0.259443498 -0.21840115 0.781450066
v -0.291270679 -0.261714883 0.778219543
v -0.315360439 -0.309974179 0.844625875
v -0.335900545 -0.308378873 0.827595568
v -0.332749736 -0.362700533 0.818741347
v -0.223229098 -0.30112003 0.738654894
v -0.255654556 -0.299524581 0.729641171
v -0.312249506 -0.364295839 0.835811566
v -0.424681699 -0.560124738 0.948283648
v -0.418419957 -0.550153718 0.888936603
v -0.444503903 -0.5585692 0.93181167
v -0.386592722 -0.552626571 0.915379531
v -0.337495923 -0.274916355 0.873222509
v -0.341085434 -0.30171827 0.808850221
v -0.299327195 -0.304948793 0.843549058
v -0.360588598 -0.273121636 0.854038424
v -0.349102056 -0.427072678 0.799836498
v -0.286763817 -0.371076033 0.833937024
v -0.339968705 -0.366928123 0.789745887
v -0.300483835 -0.430821762 0.840198801
v -0.319109523 -0.437003716 0.86205508
v -0.353688705 -0.339208964 0.90177916
v -0.298090822 -0.355242277 0.849092861
v -0.386313558 -0.429784784 0.928740577
v -0.337495923 -0.274916355 0.873222509
v -0.299327195 -0.304948793 0.843549058
v -0.386592722 -0.552626571 0.915379531
v -0.424681699 -0.560124738 0.948283648
v -0.286763817 -0.371076033 0.833937024
v -0.300483835 -0.430821762 0.840198801
v -0.386313558 -0.429784784 0.928740577
v -0.391538322 -0.336297445 0.870350829
v -0.353688705 -0.339208964 0.90177916
v -0.42037425 -0.427152501 0.900463018
v -0.360588598 -0.273121636 0.854038424
v -0.424681699 -0.560124738 0.948283648
v -0.444503903 -0.5585692 0.93181167
v -0.360588598 -0.273121636 0.854038424
v -0.337495923 -0.274916355 0.873222509
v -0.42037425 -0.427152501 0.900463018
v -0.351335585 -0.351094223 0.804861813
v -0.391538322 -0.336297445 0.870350829
v -0.367687869 -0.433254775 0.821652867
v -0.341085434 -0.30171827 0.808850221
v -0.360588598 -0.273121636 0.854038424
v -0.444503903 -0.5585692 0.93181167
v -0.418419957 -0.550153718 0.888936603
v -0.349102056 -0.427072678 0.799836498
v -0.339968705 -0.366928123 0.789745887
v -0.351335585 -0.351094223 0.804861813
v -0.299327195 -0.304948793 0.843549058
v -0.341085434 -0.30171827 0.808850221
v -0.298090822 -0.355242277 0.849092861
v -0.319109523 -0.437003716 0.86205508
v -0.418419957 -0.550153718 0.888936603
v -0.386592722 -0.552626571 0.915379531
v -0.367687869 -0.433254775 0.821652867
v -0.300483835 -0.430821762 0.840198801
v -0.349102056 -0.427072678 0.799836498
v -0.339968705 -0.366928123 0.789745887
v -0.298090822 -0.355242277 0.849092861
v -0.351335585 -0.351094223 0.804861813
v -0.286763817 -0.371076033 0.833937024
v -0.107272768 0.121690011 0.686835663
v -0.0970769227 0.121567416 0.640540959
v -0.0970769227 0.0900792895 0.651708424
v -0.0970769227 0.121567416 0.567872922
v -0.0970769227 0.0900792895 0.651708424
v -0.0970769227 0.121567416 0.640540959
v -0.0970902264 0.0900792895 0.567872922
v -0.0970902264 0.0900792895 0.567872922
v 8.62958291e-09 0.0900792895 0.651708424
v -0.0970769227 0.0900792895 0.651708424
v 8.62958291e-09 0.0900792895 0.567872922
v -0.0970769227 -0.307886062 0.685210745
v -0.0971168071 -0.331232148 0.567872922
v -0.0970769227 -0.331232148 0.685210745
v -0.0971168071 -0.307886062 0.567872922
v -0.0970769227 -0.307886062 0.685210745
v 8.62958291e-09 -0.307886062 0.567872922
v -0.0971168071 -0.307886062 0.567872922
v 8.62958291e-09 -0.307886062 0.685210745
v -0.340726483 -0.155065839 0.963200089
v -0.205999339 -0.0577096824 0.957416962
v -0.232242823 -0.155065839 1.01377259
v -0.314443123 -0.0577096824 0.906844457
vt 0.116800003 0.0588000007
vt 0.283699989 0.00879999995
vt 0.116800003 0.00879999995
vt 0.283699989 0.0588000007
vt 0.390200019 0.0274857059
vt 0.497999996 0.278200001
vt 0.497999996 0.0274857134
vt 0.390199989 0.278200001
vt 0.497999996 0.387645215
vt 0.390199989 0.387645215
vt 0.556900024 0.278200001
vt 0.715600014 0.387199998
vt 0.741299987 0.278200001
vt 0.556900024 0.387199998
vt 0.741299987 0.00820000004
vt 0.556900024 0.00820000004
vt 0.381244719 0.389853746
vt 0.283699989 0.293099999
vt 0.283638984 0.38823837
vt 0.381300002 0.293401539
vt 0.381299973 0.143461958
vt 0.283699989 0.130899996
vt 0.116800003 0.293099999
vt 0.116800003 0.130899996
vt 0.382267296 0.0648791343
vt 0.2845397 0.0607285686
vt 0.131099999 0.365200013
vt 0.283699989 0.293099999
vt 0.116800003 0.293099999
vt 0.283800006 0.365200013
vt 0.824000001 0.579699993
vt 0.824000001 0.6329
vt 0.995999992 0.6329
vt 0.995999992 0.395700008
vt 0.824000001 0.472799987
vt 0.824000001 0.397799999
vt 0.914799988 0.0998999998
vt 0.994499981 0.00820000004
vt 0.741299987 0.00820000004
vt 0.994499981 0.0626000017
vt 0.741299987 0.278200001
vt 0.914799988 0.278200001
vt 0.785000026 0.387199998
vt 0.994499981 0.387100011
vt 0.994499981 0.332800001
vt 0.556900024 0.446099997
vt 0.715600014 0.596800029
vt 0.715600014 0.387199998
vt 0.556900024 0.517099977
vt 0.556900024 0.400883317
vt 0.556800008 0.596800029
vt 0.556900024 0.387199998
vt 0.556900024 0.278200001
vt 0.497999996 0.359875023
vt 0.556900024 0.387199998
vt 0.497999996 0.278200001
vt 0.556900024 0.00820000004
vt 0.497999996 0.0274857134
vt 0.497999996 0.00820000004
vt 0.543216705 0.387176782
vt 0.556800008 0.65109998
vt 0.715600014 0.596800029
vt 0.556800008 0.596800029
vt 0.725499988 0.65109998
vt 0.283699989 0.0588000007
vt 0.116800003 0.130899996
vt 0.283699989 0.130899996
vt 0.116800003 0.0588000007
vt 1.91459918 0.386668682
vt 1.91481566 0.359072208
vt 1.99430001 0.386668682
vt 1.91460001 0.278200001
vt 1.99430001 0.332800001
vt 1.99430001 0.0626000017
vt 1.91470003 0.0998999998
vt 1.91121948 0.0243710186
vt 1.91121948 0.00820000004
vt 1.99430001 0.00820000004
vt 0.457199991 0.549499989
vt 0.4736 0.696699977
vt 0.444799989 0.694400012
vt 0.4736 0.550999999
vt 0.529200017 0.549499989
vt 0.512799978 0.696699977
vt 0.512799978 0.550999999
vt 0.541599989 0.694400012
vt 0.518899977 0.725700021
vt 0.4736 0.696699977
vt 0.512799978 0.696699977
vt 0.467500001 0.725700021
vt 0.512799978 0.550999999
vt 0.467500001 0.534500003
vt 0.518899977 0.534500003
vt 0.4736 0.550999999
vt 0.512799978 0.696699977
vt 0.4736 0.550999999
vt 0.512799978 0.550999999
vt 0.4736 0.696699977
vt 1.45720005 0.549499989
vt 1.47360003 0.696699977
vt 1.44480002 0.694400012
vt 1.47360003 0.550999999
vt 1.52919996 0.549499989
vt 1.51279998 0.696699977
vt 1.51279998 0.550999999
vt 1.54159999 0.694400012
vt 1.51890004 0.725700021
vt 1.47360003 0.696699977
vt 1.51279998 0.696699977
vt 1.46749997 0.725700021
vt 1.51279998 0.550999999
vt 1.46749997 0.534500003
vt 1.51890004 0.534500003
vt 1.47360003 0.550999999
vt 1.51279998 0.696699977
vt 1.47360003 0.550999999
vt 1.51279998 0.550999999
vt 1.47360003 0.696699977
vt 1.98829997 0.644299984
vt 1.80429995 0.774699986
vt 1.98829997 0.774699986
vt 1.80429995 0.644299984
vt 1.93869996 0.857599974
vt 1.80429995 0.774699986
vt 1.98829997 0.774699986
vt 1.85160005 0.857599974
vt 1.93869996 0.857599974
vt 1.85160005 0.987900019
vt 1.93869996 0.987900019
vt 1.85160005 0.857599974
vt 1.98829997 0.774699986
vt 1.85160005 0.857599974
vt 1.93869996 0.857599974
vt 1.80429995 0.774699986
vt 1.61880004 0.669200003
vt 1.71580005 0.746999979
vt 1.71580005 0.669200003
vt 1.61880004 0.746999979
vt 1.98829997 0.644299984
vt 1.80429995 0.774699986
vt 1.98829997 0.774699986
vt 1.80429995 0.644299984
vt 1.93869996 0.857599974
vt 1.80480003 0.775200009
vt 1.98889995 0.775200009
vt 1.85160005 0.857599974
vt 1.93809998 0.85860002
vt 1.85160005 0.987900019
vt 1.93869996 0.987900019
vt 1.85109997 0.85860002
vt 1.98829997 0.774699986
vt 1.85109997 0.85860002
vt 1.93809998 0.85860002
vt 1.80429995 0.774699986
vt 1.00890005 0.896200001
vt 1.07509995 0.929700017
vt 1.07539999 0.90170002
vt 1.0747 0.957799971
vt 1.00820005 0.961799979
vt 1.77960002 0.888700008
vt 1.71449995 0.976800025
vt 1.77849996 0.986599982
vt 1.71539998 0.897099972
vt 1.00590003 0.203899994
vt 1.10870004 0.300599992
vt 1.10979998 0.203899994
vt 1.00479996 0.300599992
vt 1.39629996 0.770200014
vt 1.58809996 0.878400028
vt 1.37249994 0.875199974
vt 1.61039996 0.774900019
vt 1.71539998 0.897099972
vt 1.71430004 0.813899994
vt 1.10409999 0.821699977
vt 1.07539999 0.90170002
vt 1.60640001 0.749599993
vt 1.43200004 0.738399982
vt 1.37249994 0.875199974
vt 1.58739996 0.935500026
vt 1.58809996 0.878400028
vt 1.37189996 0.933200002
vt 1.37119997 0.991100013
vt 1.0747 0.957799971
vt 1.07509995 0.929700017
vt 1.58679998 0.992699981
vt 1.07539999 0.90170002
vt 1.71539998 0.897099972
vt 1.71449995 0.976800025
vt 1.37249994 0.875199974
vt 1.61039996 0.774900019
vt 1.39629996 0.770200014
vt 1.58809996 0.878400028
vt 1.71430004 0.813899994
vt 1.71539998 0.897099972
vt 1.07539999 0.90170002
vt 1.10409999 0.821699977
vt 1.43200004 0.738399982
vt 1.60640001 0.749599993
vt 1.00460005 0.318699986
vt 1.09210002 0.371699989
vt 1.1085 0.318699986
vt 1.01989996 0.371699989
vt 1.11020005 0.173600003
vt 1.03579998 0.00609999988
vt 1.00619996 0.173600003
vt 1.08420002 0.00609999988
vt 1.00479996 0.300599992
vt 1.1085 0.318699986
vt 1.10870004 0.300599992
vt 1.00460005 0.318699986
vt 1.10979998 0.203899994
vt 1.00619996 0.173600003
vt 1.00590003 0.203899994
vt 1.11020005 0.173600003
vt 1.00849998 0.496199995
vt 1.16789997 0.414400011
vt 1.00849998 0.414400011
vt 1.16789997 0.496199995
vt 1.16789997 0.543600023
vt 1.00849998 0.606100023
vt 1.16789997 0.606100023
vt 1.00849998 0.543600023
vt 1.28269994 0.587499976
vt 1.16789997 0.606100023
vt 1.16789997 0.543600023
vt 1.21179998 0.515600026
vt 1.16789997 0.543600023
vt 1.16789997 0.606100023
vt 1.28269994 0.587499976
vt 1.21179998 0.515600026
vt 1.00849998 0.496199995
vt 1.16789997 0.543600023
vt 1.16789997 0.496199995
vt 1.00849998 0.543600023
vt 1.41129994 0.565199971
vt 1.4411 0.538600028
vt 1.4253 0.532000005
vt 1.42659998 0.572399974
vt 1.38440001 0.437599987
vt 1.40579998 0.483200014
vt 1.37030005 0.505999982
vt 1.4253 0.532000005
vt 1.43760002 0.522599995
vt 1.23169994 0.437900007
vt 1.25810003 0.50029999
vt 1.22440004 0.514900029
vt 1.23169994 0.437900007
vt 1.19780004 0.451900005
vt 1.25810003 0.50029999
vt 1.38440001 0.437599987
vt 1.37030005 0.505999982
vt 1.40579998 0.483200014
vt 1.43760002 0.522599995
vt 1.4253 0.532000005
vt 1.25810003 0.50029999
vt 1.23169994 0.437900007
vt 1.36150002 0.542699993
vt 1.4253 0.532000005
vt 1.37030005 0.505999982
vt 1.41129994 0.565199971
vt 1.25530005 0.53579998
vt 1.25810003 0.50029999
vt 1.23169994 0.437900007
vt 1.38469994 0.399199992
vt 1.23080003 0.401499987
vt 1.38440001 0.437599987
vt 1.01059997 0.723699987
vt 1.06659997 0.678600013
vt 1.01989996 0.664399981
vt 1.03929996 0.733799994
vt 1.40600002 0.721300006
vt 1.36810005 0.649800003
vt 1.37100005 0.716000021
vt 1.43110001 0.661800027
vt 1.10979998 0.203899994
vt 1.00479996 0.300599992
vt 1.00590003 0.203899994
vt 1.10870004 0.300599992
vt 1.21879995 0.620500028
vt 1.29270005 0.713100016
vt 1.18630004 0.722899973
vt 1.31570005 0.62529999
vt 1.37100005 0.716000021
vt 1.36810005 0.649800003
vt 1.3053 0.597199976
vt 1.2421 0.602599978
vt 1.14269996 0.649500012
vt 1.06659997 0.678600013
vt 1.03929996 0.733799994
vt 1.1882 0.770600021
vt 1.29270005 0.713100016
vt 1.18630004 0.722899973
vt 1.29509997 0.769299984
vt 1.37100005 0.716000021
vt 1.04079998 0.768299997
vt 1.03929996 0.733799994
vt 1.37290001 0.758700013
vt 1.37100005 0.716000021
vt 1.18630004 0.722899973
vt 1.31570005 0.62529999
vt 1.21879995 0.620500028
vt 1.29270005 0.713100016
vt 1.36810005 0.649800003
vt 1.37100005 0.716000021
vt 1.2421 0.602599978
vt 1.3053 0.597199976
vt 1.14269996 0.649500012
vt 1.03929996 0.733799994
vt 1.06659997 0.678600013
vt 1.1085 0.318699986
vt 1.01989996 0.371699989
vt 1.00460005 0.318699986
vt 1.09210002 0.371699989
vt 1.08420002 0.00609999988
vt 1.02100003 0.0899000019
vt 1.03579998 0.00609999988
vt 1.09720004 0.0899000019
vt 1.00619996 0.173600003
vt 1.11020005 0.173600003
vt 1.00590003 0.203899994
vt 1.10979998 0.203899994
vt 1.10870004 0.300599992
vt 1.00460005 0.318699986
vt 1.00479996 0.300599992
vt 1.1085 0.318699986
vt 1.41129994 0.565199971
vt 1.4411 0.538600028
vt 1.4253 0.532000005
vt 1.42659998 0.572399974
vt 1.38440001 0.437599987
vt 1.40579998 0.483200014
vt 1.37030005 0.505999982
vt 1.4253 0.532000005
vt 1.43760002 0.522599995
vt 1.23169994 0.437900007
vt 1.25810003 0.50029999
vt 1.22440004 0.514900029
vt 1.23169994 0.437900007
vt 1.19780004 0.451900005
vt 1.25810003 0.50029999
vt 1.38440001 0.437599987
vt 1.37030005 0.505999982
vt 1.40579998 0.483200014
vt 1.43760002 0.522599995
vt 1.4253 0.532000005
vt 1.25810003 0.50029999
vt 1.23169994 0.437900007
vt 1.36150002 0.542699993
vt 1.4253 0.532000005
vt 1.37030005 0.505999982
vt 1.41129994 0.565199971
vt 1.25530005 0.53579998
vt 1.25810003 0.50029999
vt 1.23169994 0.437900007
vt 1.38469994 0.399199992
vt 1.23080003 0.401499987
vt 1.38440001 0.437599987
vt 1.01059997 0.723699987
vt 1.06659997 0.678600013
vt 1.01989996 0.664399981
vt 1.03929996 0.733799994
vt 1.40600002 0.721300006
vt 1.36810005 0.649800003
vt 1.37100005 0.716000021
vt 1.43110001 0.661800027
vt 1.10979998 0.203899994
vt 1.00479996 0.300599992
vt 1.00590003 0.203899994
vt 1.10870004 0.300599992
vt 1.21879995 0.620500028
vt 1.29270005 0.713100016
vt 1.18630004 0.722899973
vt 1.31570005 0.62529999
vt 1.37100005 0.716000021
vt 1.36810005 0.649800003
vt 1.06659997 0.678600013
vt 1.03929996 0.733799994
vt 1.3053 0.597199976
vt 1.2421 0.602599978
vt 1.1882 0.770600021
vt 1.29270005 0.713100016
vt 1.18630004 0.722899973
vt 1.29509997 0.769299984
vt 1.37100005 0.716000021
vt 1.04079998 0.768299997
vt 1.03929996 0.733799994
vt 1.37290001 0.758700013
vt 1.37100005 0.716000021
vt 1.18630004 0.722899973
vt 1.31570005 0.62529999
vt 1.21879995 0.620500028
vt 1.29270005 0.713100016
vt 1.36810005 0.649800003
vt 1.37100005 0.716000021
vt 1.03929996 0.733799994
vt 1.06659997 0.678600013
vt 1.2421 0.602599978
vt 1.3053 0.597199976
vt 1.1085 0.318699986
vt 1.01989996 0.371699989
vt 1.00460005 0.318699986
vt 1.09210002 0.371699989
vt 1.00619996 0.173600003
vt 1.08420002 0.00609999988
vt 1.11020005 0.173600003
vt 1.03579998 0.00609999988
vt 1.00590003 0.203899994
vt 1.10979998 0.203899994
vt 1.10870004 0.300599992
vt 1.00460005 0.318699986
vt 1.00479996 0.300599992
vt 1.1085 0.318699986
vt 1.8075701 0.386668682
vt 1.83956337 0.359058321
vt 1.8489331 0.386668682
vt 1.91459918 0.386668682
vt 1.83956337 0.359058321
vt 1.91481566 0.359072208
vt 1.8489331 0.386668682
vt 0.555556953 0.521309733
vt 0.446248412 0.442255467
vt 0.446248412 0.521309733
vt 0.555541992 0.442255467
vt 1.83209717 0.024385903
vt 1.91121948 0.00817906577
vt 1.91121948 0.0243725963
vt 1.83209717 0.00817837659
vt 0.804365873 0.579783201
vt 0.722882271 0.472123384
vt 0.722882569 0.57978344
vt 0.804382324 0.472123146
vt 1.8074007 0.770947993
vt 1.97921085 0.646795213
vt 1.84091878 0.646795213
vt 1.94574404 0.770947993
vt 0.116800003 0.0588000007
vt 0.283699989 0.00879999995
vt 0.283699989 0.0588000007
vt 0.116800003 0.00879999995
vt 0.390200019 0.0274857059
vt 0.497999996 0.278200001
vt 0.390199989 0.278200001
vt 0.497999996 0.0274857134
vt 0.497999996 0.387645215
vt 0.390199989 0.387645215
vt 0.556900024 0.278200001
vt 0.715600014 0.387199998
vt 0.556900024 0.387199998
vt 0.741299987 0.278200001
vt 0.741299987 0.00820000004
vt 0.556900024 0.00820000004
vt 0.381244719 0.389853746
vt 0.283699989 0.293099999
vt 0.381300002 0.293401539
vt 0.283638984 0.38823837
vt 0.381299973 0.143461958
vt 0.283699989 0.130899996
vt 0.116800003 0.293099999
vt 0.116800003 0.130899996
vt 0.382267296 0.0648791343
vt 0.2845397 0.0607285686
vt 0.131099999 0.365200013
vt 0.283699989 0.293099999
vt 0.283800006 0.365200013
vt 0.116800003 0.293099999
vt 0.824000001 0.579699993
vt 0.995999992 0.6329
vt 0.824000001 0.6329
vt 0.995999992 0.395700008
vt 0.824000001 0.472799987
vt 0.824000001 0.397799999
vt 0.914799988 0.0998999998
vt 0.994499981 0.00820000004
vt 0.994499981 0.0626000017
vt 0.741299987 0.00820000004
vt 0.741299987 0.278200001
vt 0.914799988 0.278200001
vt 0.785000026 0.387199998
vt 0.994499981 0.387100011
vt 0.994499981 0.332800001
vt 0.556900024 0.446099997
vt 0.715600014 0.596800029
vt 0.556900024 0.517099977
vt 0.715600014 0.387199998
vt 0.556900024 0.400883317
vt 0.556800008 0.596800029
vt 0.556900024 0.387199998
vt 0.556900024 0.278200001
vt 0.497999996 0.359875023
vt 0.497999996 0.278200001
vt 0.556900024 0.387199998
vt 0.556900024 0.00820000004
vt 0.497999996 0.0274857134
vt 0.497999996 0.00820000004
vt 0.543216705 0.387176782
vt 0.556800008 0.65109998
vt 0.715600014 0.596800029
vt 0.725499988 0.65109998
vt 0.556800008 0.596800029
vt 0.283699989 0.0588000007
vt 0.116800003 0.130899996
vt 0.116800003 0.0588000007
vt 0.283699989 0.130899996
vt 1.91459918 0.386668682
vt 1.99430001 0.386668682
vt 1.91481566 0.359072208
vt 1.91460001 0.278200001
vt 1.99430001 0.332800001
vt 1.99430001 0.0626000017
vt 1.91121948 0.0243710186
vt 1.91470003 0.0998999998
vt 1.91121948 0.00820000004
vt 1.99430001 0.00820000004
vt 0.457199991 0.549499989
vt 0.4736 0.696699977
vt 0.4736 0.550999999
vt 0.444799989 0.694400012
vt 0.529200017 0.549499989
vt 0.512799978 0.696699977
vt 0.541599989 0.694400012
vt 0.512799978 0.550999999
vt 0.518899977 0.725700021
vt 0.4736 0.696699977
vt 0.467500001 0.725700021
vt 0.512799978 0.696699977
vt 0.512799978 0.550999999
vt 0.467500001 0.534500003
vt 0.4736 0.550999999
vt 0.518899977 0.534500003
vt 0.512799978 0.696699977
vt 0.4736 0.550999999
vt 0.4736 0.696699977
vt 0.512799978 0.550999999
vt 1.45720005 0.549499989
vt 1.47360003 0.696699977
vt 1.47360003 0.550999999
vt 1.44480002 0.694400012
vt 1.52919996 0.549499989
vt 1.51279998 0.696699977
vt 1.54159999 0.694400012
vt 1.51279998 0.550999999
vt 1.51890004 0.725700021
vt 1.47360003 0.696699977
vt 1.46749997 0.725700021
vt 1.51279998 0.696699977
vt 1.51279998 0.550999999
vt 1.46749997 0.534500003
vt 1.47360003 0.550999999
vt 1.51890004 0.534500003
vt 1.51279998 0.696699977
vt 1.47360003 0.550999999
vt 1.47360003 0.696699977
vt 1.51279998 0.550999999
vt 1.98829997 0.644299984
vt 1.80429995 0.774699986
vt 1.80429995 0.644299984
vt 1.98829997 0.774699986
vt 1.93869996 0.857599974
vt 1.80429995 0.774699986
vt 1.85160005 0.857599974
vt 1.98829997 0.774699986
vt 1.93869996 0.857599974
vt 1.85160005 0.987900019
vt 1.85160005 0.857599974
vt 1.93869996 0.987900019
vt 1.98829997 0.774699986
vt 1.85160005 0.857599974
vt 1.80429995 0.774699986
vt 1.93869996 0.857599974
vt 1.61880004 0.669200003
vt 1.71580005 0.746999979
vt 1.61880004 0.746999979
vt 1.71580005 0.669200003
vt 1.98829997 0.644299984
vt 1.80429995 0.774699986
vt 1.80429995 0.644299984
vt 1.98829997 0.774699986
vt 1.93869996 0.857599974
vt 1.80480003 0.775200009
vt 1.85160005 0.857599974
vt 1.98889995 0.775200009
vt 1.93809998 0.85860002
vt 1.85160005 0.987900019
vt 1.85109997 0.85860002
vt 1.93869996 0.987900019
vt 1.98829997 0.774699986
vt 1.85109997 0.85860002
vt 1.80429995 0.774699986
vt 1.93809998 0.85860002
vt 1.00890005 0.896200001
vt 1.07509995 0.929700017
vt 1.0747 0.957799971
vt 1.07539999 0.90170002
vt 1.00820005 0.961799979
vt 1.77960002 0.888700008
vt 1.71449995 0.976800025
vt 1.71539998 0.897099972
vt 1.77849996 0.986599982
vt 1.00590003 0.203899994
vt 1.10870004 0.300599992
vt 1.00479996 0.300599992
vt 1.10979998 0.203899994
vt 1.39629996 0.770200014
vt 1.58809996 0.878400028
vt 1.61039996 0.774900019
vt 1.37249994 0.875199974
vt 1.71539998 0.897099972
vt 1.71430004 0.813899994
vt 1.10409999 0.821699977
vt 1.07539999 0.90170002
vt 1.60640001 0.749599993
vt 1.43200004 0.738399982
vt 1.37249994 0.875199974
vt 1.58739996 0.935500026
vt 1.37189996 0.933200002
vt 1.58809996 0.878400028
vt 1.37119997 0.991100013
vt 1.0747 0.957799971
vt 1.07509995 0.929700017
vt 1.58679998 0.992699981
vt 1.07539999 0.90170002
vt 1.71539998 0.897099972
vt 1.71449995 0.976800025
vt 1.37249994 0.875199974
vt 1.61039996 0.774900019
vt 1.58809996 0.878400028
vt 1.39629996 0.770200014
vt 1.71430004 0.813899994
vt 1.71539998 0.897099972
vt 1.07539999 0.90170002
vt 1.10409999 0.821699977
vt 1.43200004 0.738399982
vt 1.60640001 0.749599993
vt 1.00460005 0.318699986
vt 1.09210002 0.371699989
vt 1.01989996 0.371699989
vt 1.1085 0.318699986
vt 1.11020005 0.173600003
vt 1.03579998 0.00609999988
vt 1.08420002 0.00609999988
vt 1.00619996 0.173600003
vt 1.00479996 0.300599992
vt 1.1085 0.318699986
vt 1.00460005 0.318699986
vt 1.10870004 0.300599992
vt 1.10979998 0.203899994
vt 1.00619996 0.173600003
vt 1.11020005 0.173600003
vt 1.00590003 0.203899994
vt 1.00849998 0.496199995
vt 1.16789997 0.414400011
vt 1.16789997 0.496199995
vt 1.00849998 0.414400011
vt 1.16789997 0.543600023
vt 1.00849998 0.606100023
vt 1.00849998 0.543600023
vt 1.16789997 0.606100023
vt 1.28269994 0.587499976
vt 1.16789997 0.543600023
vt 1.16789997 0.606100023
vt 1.21179998 0.515600026
vt 1.16789997 0.543600023
vt 1.28269994 0.587499976
vt 1.16789997 0.606100023
vt 1.21179998 0.515600026
vt 1.00849998 0.496199995
vt 1.16789997 0.543600023
vt 1.00849998 0.543600023
vt 1.16789997 0.496199995
vt 1.41129994 0.565199971
vt 1.4411 0.538600028
vt 1.42659998 0.572399974
vt 1.4253 0.532000005
vt 1.38440001 0.437599987
vt 1.37030005 0.505999982
vt 1.40579998 0.483200014
vt 1.4253 0.532000005
vt 1.43760002 0.522599995
vt 1.23169994 0.437900007
vt 1.25810003 0.50029999
vt 1.22440004 0.514900029
vt 1.23169994 0.437900007
vt 1.25810003 0.50029999
vt 1.19780004 0.451900005
vt 1.38440001 0.437599987
vt 1.40579998 0.483200014
vt 1.37030005 0.505999982
vt 1.43760002 0.522599995
vt 1.4253 0.532000005
vt 1.25810003 0.50029999
vt 1.23169994 0.437900007
vt 1.36150002 0.542699993
vt 1.4253 0.532000005
vt 1.41129994 0.565199971
vt 1.37030005 0.505999982
vt 1.25530005 0.53579998
vt 1.25810003 0.50029999
vt 1.23169994 0.437900007
vt 1.38469994 0.399199992
vt 1.38440001 0.437599987
vt 1.23080003 0.401499987
vt 1.01059997 0.723699987
vt 1.06659997 0.678600013
vt 1.03929996 0.733799994
vt 1.01989996 0.664399981
vt 1.40600002 0.721300006
vt 1.36810005 0.649800003
vt 1.43110001 0.661800027
vt 1.37100005 0.716000021
vt 1.10979998 0.203899994
vt 1.00479996 0.300599992
vt 1.10870004 0.300599992
vt 1.00590003 0.203899994
vt 1.21879995 0.620500028
vt 1.29270005 0.713100016
vt 1.31570005 0.62529999
vt 1.18630004 0.722899973
vt 1.37100005 0.716000021
vt 1.36810005 0.649800003
vt 1.3053 0.597199976
vt 1.2421 0.602599978
vt 1.14269996 0.649500012
vt 1.06659997 0.678600013
vt 1.03929996 0.733799994
vt 1.1882 0.770600021
vt 1.29270005 0.713100016
vt 1.29509997 0.769299984
vt 1.18630004 0.722899973
vt 1.37100005 0.716000021
vt 1.04079998 0.768299997
vt 1.03929996 0.733799994
vt 1.37100005 0.716000021
vt 1.37290001 0.758700013
vt 1.18630004 0.722899973
vt 1.31570005 0.62529999
vt 1.29270005 0.713100016
vt 1.21879995 0.620500028
vt 1.36810005 0.649800003
vt 1.37100005 0.716000021
vt 1.2421 0.602599978
vt 1.3053 0.597199976
vt 1.14269996 0.649500012
vt 1.03929996 0.733799994
vt 1.06659997 0.678600013
vt 1.1085 0.318699986
vt 1.01989996 0.371699989
vt 1.09210002 0.371699989
vt 1.00460005 0.318699986
vt 1.08420002 0.00609999988
vt 1.02100003 0.0899000019
vt 1.09720004 0.0899000019
vt 1.03579998 0.00609999988
vt 1.00619996 0.173600003
vt 1.11020005 0.173600003
vt 1.00590003 0.203899994
vt 1.10979998 0.203899994
vt 1.10870004 0.300599992
vt 1.00460005 0.318699986
vt 1.1085 0.318699986
vt 1.00479996 0.300599992
vt 1.41129994 0.565199971
vt 1.4411 0.538600028
vt 1.42659998 0.572399974
vt 1.4253 0.532000005
vt 1.38440001 0.437599987
vt 1.37030005 0.505999982
vt 1.40579998 0.483200014
vt 1.4253 0.532000005
vt 1.43760002 0.522599995
vt 1.23169994 0.437900007
vt 1.25810003 0.50029999
vt 1.22440004 0.514900029
vt 1.23169994 0.437900007
vt 1.25810003 0.50029999
vt 1.19780004 0.451900005
vt 1.38440001 0.437599987
vt 1.40579998 0.483200014
vt 1.37030005 0.505999982
vt 1.43760002 0.522599995
vt 1.4253 0.532000005
vt 1.25810003 0.50029999
vt 1.23169994 0.437900007
vt 1.36150002 0.542699993
vt 1.4253 0.532000005
vt 1.41129994 0.565199971
vt 1.37030005 0.505999982
vt 1.25530005 0.53579998
vt 1.25810003 0.50029999
vt 1.23169994 0.437900007
vt 1.38469994 0.399199992
vt 1.38440001 0.437599987
vt 1.23080003 0.401499987
vt 1.01059997 0.723699987
vt 1.06659997 0.678600013
vt 1.03929996 0.733799994
vt 1.01989996 0.664399981
vt 1.40600002 0.721300006
vt 1.36810005 0.649800003
vt 1.43110001 0.661800027
vt 1.37100005 0.716000021
vt 1.10979998 0.203899994
vt 1.00479996 0.300599992
vt 1.10870004 0.300599992
vt 1.00590003 0.203899994
vt 1.21879995 0.620500028
vt 1.29270005 0.713100016
vt 1.31570005 0.62529999
vt 1.18630004 0.722899973
vt 1.37100005 0.716000021
vt 1.36810005 0.649800003
vt 1.06659997 0.678600013
vt 1.03929996 0.733799994
vt 1.3053 0.597199976
vt 1.2421 0.602599978
vt 1.1882 0.770600021
vt 1.29270005 0.713100016
vt 1.29509997 0.769299984
vt 1.18630004 0.722899973
vt 1.37100005 0.716000021
vt 1.04079998 0.768299997
vt 1.03929996 0.733799994
vt 1.37100005 0.716000021
vt 1.37290001 0.758700013
vt 1.18630004 0.722899973
vt 1.31570005 0.62529999
vt 1.29270005 0.713100016
vt 1.21879995 0.620500028
vt 1.36810005 0.649800003
vt 1.37100005 0.716000021
vt 1.03929996 0.733799994
vt 1.06659997 0.678600013
vt 1.2421 0.602599978
vt 1.3053 0.597199976
vt 1.1085 0.318699986
vt 1.01989996 0.371699989
vt 1.09210002 0.371699989
vt 1.00460005 0.318699986
vt 1.00619996 0.173600003
vt 1.08420002 0.00609999988
vt 1.03579998 0.00609999988
vt 1.11020005 0.173600003
vt 1.00590003 0.203899994
vt 1.10979998 0.203899994
vt 1.10870004 0.300599992
vt 1.00460005 0.318699986
vt 1.1085 0.318699986
vt 1.00479996 0.300599992
vt 1.8075701 0.386668682
vt 1.8489331 0.386668682
vt 1.83956337 0.359058321
vt 1.91459918 0.386668682
vt 1.83956337 0.359058321
vt 1.8489331 0.386668682
vt 1.91481566 0.359072208
vt 0.555556953 0.521309733
vt 0.446248412 0.442255467
vt 0.555541992 0.442255467
vt 0.446248412 0.521309733
vt 1.83209717 0.024385903
vt 1.91121948 0.00817906577
vt 1.83209717 0.00817837659
vt 1.91121948 0.0243725963
vt 0.804365873 0.579783201
vt 0.722882271 0.472123384
vt 0.804382324 0.472123146
vt 0.722882569 0.57978344
vt 1.8074007 0.770947993
vt 1.97921085 0.646795213
vt 1.94574404 0.770947993
vt 1.84091878 0.646795213
vn 0 0 -1
vn 0 0 -1
vn 0 0 -1
vn 0 0 -1
vn 0 -3.6580577e-16 1
vn 0 0.0477060538 0.998861418
vn 0 -3.6580577e-16 1
vn 0 0.134826945 0.990869161
vn 0 0.334255671 0.942482438
vn 0 0.334255671 0.942482438
vn 0 0.0937555474 0.995595248
vn 0 0.342160225 0.939641623
vn 0 0.0988302905 0.995104303
vn 0 0.342160225 0.939641623
vn 0 0 1
vn 0 0 1
vn 0 0 -1
vn 1.61572884e-22 4.47684128e-16 -1
vn 0 0 -1
vn 0 3.7716302e-16 -1
vn 3.20341748e-22 4.3495739e-16 -1
vn 1.30043717e-22 4.55788575e-16 -1
vn 0 5.45706608e-16 -1
vn 0 5.45706608e-16 -1
vn 0 0 -1
vn 0 0 -1
vn 0 -0.801831574 -0.597550104
vn 0 -0.801831574 -0.597550104
vn 0 -0.801831574 -0.597550104
vn 0 -0.801831574 -0.597550104
vn 0.00815864314 -0.999838051 0.0160408074
vn 0 -0.99823091 0.0594562851
vn 0.0111906098 -0.999695295 0.0220019939
vn 0.00780105517 -0.999938133 0.00792932714
vn -1.15744526e-16 -1 -2.86842635e-16
vn 0 -1 0
vn 1 0 0
vn 1 0 0
vn 1 0 0
vn 1 0 0
vn 0.999183112 0.0404117356 8.97989212e-18
vn 0.992218835 0.124433848 -0.00424272585
vn 0.97755454 0.210682496 -8.57722175e-05
vn 0.979056678 0.203237967 -0.0119310501
vn 0.983855622 0.163021061 -0.0738393424
vn -0.000424456923 0.999999568 -0.00082721179
vn -0.00038630859 0.999999828 -0.000440254097
vn -0.00051823787 0.99999922 -0.00113670064
vn 4.7421234e-18 1 1.80369108e-16
vn 2.30817952e-07 0.999996496 -0.00264737039
vn 0 1 1.70149776e-16
vn 0 0.999996503 -0.00264464248
vn -0.97633317 0.030755784 0.214073875
vn -0.974269467 0.0763119375 0.212074267
vn -0.973906155 0.0775529638 0.213289333
vn -0.976640308 0.00992217973 0.214651482
vn -0.976565701 -3.49419744e-17 0.215219497
vn -0.976565701 -6.98797126e-17 0.215219497
vn -0.976565701 0 0.215219497
vn -0.973813903 0.0759906997 0.214270615
vn 0 0 -1
vn 0 0 -1
vn 0 0 -1
vn 0 0 -1
vn 0 0.887465646 -0.460873873
vn 0 0.887465646 -0.460873873
vn 0 0.887465646 -0.460873873
vn 0 0.887465646 -0.460873873
vn -0.987076511 -0.00041704056 -0.16024914
vn -0.987082372 -0.000321636258 -0.160213259
vn -0.987106 -0.000213941327 -0.160067795
vn -0.987112078 -0.000172013639 -0.160030357
vn -0.987152841 0 -0.159778808
vn -0.98700014 0 -0.160719391
vn -0.98700014 0 -0.160719391
vn -0.98700014 0 -0.160719391
vn -0.98700014 0 -0.160719391
vn -0.98700014 0 -0.160719391
vn 0.285377014 -0.958336523 0.0122909525
vn 0.285377014 -0.958336523 0.0122909525
vn 0.227332583 -0.973817178 -2.2366058e-16
vn 0.380004527 -0.924405275 0.0327329626
vn 0.287228832 0.957782107 0.0123707087
vn 0.287228832 0.957782107 0.0123707087
vn 0.382297306 0.923452411 0.0329304588
vn 0.228856276 0.973460223 2.09604934e-16
vn 0 0 -1
vn 0 0 -1
vn 0 0 -1
vn 0 0 -1
vn 0 0 1
vn 0 0 1
vn 0 0 1
vn 0 0 1
vn 0.996310611 0 0.0858205513
vn 0.996310611 0 0.0858205513
vn 0.996310611 0 0.0858205513
vn 0.996310611 0 0.0858205513
vn 0.287235487 -0.957780107 0.0123709953
vn 0.287235487 -0.957780107 0.0123709953
vn 0.228861754 -0.973458935 -2.235783e-16
vn 0.38230554 -0.923448976 0.0329311681
vn 0.285377014 0.958336523 0.0122909525
vn 0.285377014 0.958336523 0.0122909525
vn 0.380004527 0.924405275 0.0327329626
vn 0.227332583 0.973817178 2.2366058e-16
vn 0 0 -1
vn 0 0 -1
vn 0 0 -1
vn 0 0 -1
vn 0 0 1
vn 0 0 1
vn 0 0 1
vn 0 0 1
vn 0.996310611 0 0.0858205513
vn 0.996310611 0 0.0858205513
vn 0.996310611 0 0.0858205513
vn 0.996310611 0 0.0858205513
vn -0.117520295 -0.839734359 -0.53012752
vn -0.117520295 -0.839734359 -0.53012752
vn 0 -0.787652275 -0.616120031
vn -0.210450342 -0.867165309 -0.451370114
vn -0.978928835 -0.0959402319 0.180260387
vn -0.978928835 -0.0959402319 0.180260387
vn -0.981426556 -0.178169315 0.0711168798
vn -0.950122863 0.00919858115 0.311740168
vn 0.0808981872 0.92763531 0.364620646
vn 0.0808981872 0.92763531 0.364620646
vn 0 0.951375612 0.308033189
vn 0.208795169 0.869596761 0.447443907
vn 0.981994918 0.0873190214 -0.167515284
vn 0.981994918 0.0873190214 -0.167515284
vn 0.913921098 0.376971114 -0.150469285
vn 0.98522534 -0.0203478244 -0.170049981
vn -0.421411138 0.0767417372 -0.903616821
vn -0.421411138 0.0767417372 -0.903616821
vn -0.421553392 0.0765743812 -0.903564664
vn -0.421268845 0.0769091086 -0.903668938
vn 0.123450015 -0.95636478 0.264814089
vn 0.123450015 -0.95636478 0.264814089
vn 0.123450004 -0.956364775 0.26481411
vn 0.123450025 -0.956364784 0.264814068
vn -0.906320107 0.000208851314 0.42259179
vn -0.906320107 0.000208851314 0.42259179
vn -0.90633959 0.000118326528 0.422550037
vn -0.906287015 0.00036250322 0.422662649
vn -0.182654576 0.901829495 -0.391587624
vn -0.182654576 0.901829495 -0.391587624
vn -0.182707917 0.901804963 -0.391619236
vn -0.182601223 0.901854029 -0.391556004
vn 0.906407561 -6.01380227e-05 -0.422404225
vn 0.906407561 -6.01380227e-05 -0.422404225
vn 0.90661631 -0.000325775857 -0.421955874
vn 0.906317383 5.45040046e-05 -0.42259768
vn 0.110979279 -0.96492623 0.237909583
vn 0.132553098 -0.949558543 0.284197554
vn -0.196483169 -0.937632444 0.286774763
vn 0.190238527 -0.956499198 0.221175468
vn 0.0910330754 -0.976546672 0.195114268
vn -0.388458682 0.392880938 -0.8335133
vn -0.388458682 0.392880938 -0.8335133
vn -0.388541166 0.3927727 -0.833525866
vn -0.38834686 0.393027647 -0.833496242
vn -0.320849302 -0.650966835 -0.6879665
vn -0.320849302 -0.650966835 -0.6879665
vn -0.320899536 -0.651013214 -0.687899181
vn -0.320799055 -0.650920442 -0.688033826
vn -0.840895778 0.0640193593 0.537397258
vn -0.849136151 0.151158781 0.506081831
vn -0.834104864 0.031406294 0.550711105
vn -0.867362785 0.157882711 0.471969118
vn -0.8722707 0.257006033 0.416042937
vn -0.866474302 0.259961593 0.426195088
vn -0.831581313 -0.000728307291 0.555402547
vn -0.856624154 -0.0260546383 0.515282655
vn -0.906250377 9.51047015e-05 0.422741345
vn -0.906037848 0.000704477083 0.42319608
vn 0.688546513 0.574713394 0.442276174
vn 0.28391184 0.740731156 0.608860757
vn 0.650778974 0.663265674 0.369547524
vn 0.332410272 0.617623956 0.712772096
vn -0.103685742 0.574746227 0.811736436
vn -0.0799783561 0.535575928 0.840691316
vn 0.340983956 0.590976492 0.731079153
vn -0.135266034 0.663303581 0.736024089
vn 0.695629442 0.535496811 0.478897531
vn 0.38330244 0.85023852 0.360795923
vn 0.0298322024 0.850234246 0.525558528
vn 0.957054065 0.081484454 -0.278222572
vn 0.932211341 0.115757959 -0.342902479
vn 0.954082322 0.027551182 -0.298274799
vn 0.920160651 0.180243412 -0.347586952
vn 0.879442559 0.256766232 -0.400814032
vn 0.878521836 0.263987646 -0.398133026
vn 0.960041669 -0.000656175288 -0.279856326
vn 0.946216327 -0.0531811184 -0.319133878
vn 0.906312579 8.3729424e-05 -0.422607978
vn 0.906562013 0.000457847248 -0.422072396
vn -0.352575569 -0.551143094 -0.7562617
vn -0.352575569 -0.551143094 -0.7562617
vn -0.352595613 -0.551174454 -0.756229499
vn -0.352546718 -0.551097956 -0.756308042
vn -0.313892505 -0.669653465 -0.673079291
vn -0.313892505 -0.669653465 -0.673079291
vn -0.31384376 -0.669639575 -0.67311584
vn -0.313997188 -0.669683288 -0.673000787
vn -0.330137861 0.624223881 -0.708063231
vn -0.330137861 0.624223881 -0.708063231
vn -0.330137861 0.624223881 -0.708063231
vn -0.330137861 0.624223881 -0.708063231
vn 0.022764495 -0.998548544 0.0488117092
vn 0.022764495 -0.998548544 0.0488117092
vn 0.0227620612 -0.99854946 0.0487940975
vn 0.0227669306 -0.998547627 0.0488293336
vn 0 -0.696070861 0.717973089
vn 0 -0.696070861 0.717973089
vn 0 -0.696070861 0.717973089
vn 0 -0.696070861 0.717973089
vn 0 0.975684996 0.219177526
vn 0 0.975684996 0.219177526
vn 0 0.975684996 0.219177526
vn 0 0.975684996 0.219177526
vn -1 0 0
vn -1 0 0
vn -1 0 0
vn -1 0 0
vn 1 0 0
vn 1 0 0
vn 1 0 0
vn 1 0 0
vn 0 0.372344566 0.928094566
vn 0 0.372344566 0.928094566
vn 0 0.372344566 0.928094566
vn 0 0.372344566 0.928094566
vn 0.0643032165 0.99553317 0.0691288986
vn 0.0643032165 0.99553317 0.0691288986
vn 0.0675018308 0.995137204 0.0717317845
vn 0.0613289696 0.995885915 0.066708334
vn -0.994466472 0.0166111123 0.103732862
vn -0.990712488 -0.0244029174 0.133765702
vn -0.9924574 0.0235760073 0.120301628
vn -0.990676519 -0.0224772964 0.134368174
vn -0.990403111 -0.0239963791 0.136109703
vn -0.992458696 0.0402628254 0.115778412
vn -0.986131217 0.0632433642 0.153445427
vn 0.166907658 -0.159196336 0.973035642
vn 0.166907658 -0.159196336 0.973035642
vn 0.166292236 -0.159447511 0.973099884
vn 0.167521968 -0.158945514 0.972971075
vn 0.993822426 -0.010044626 -0.110526424
vn 0.991986865 0.0438817124 -0.118475547
vn 0.989825903 0.0537890351 -0.131724797
vn 0.989806597 0.0302537142 -0.139167573
vn 0.988933128 0.0245006876 -0.14632493
vn 0.99393454 -0.0227759214 -0.107588972
vn 0.991281991 -0.0708061506 -0.111114824
vn 0.123673472 0.577552848 0.806930964
vn 0.109405353 0.284986675 0.952267328
vn 0.144387816 0.737290775 0.659965508
vn 0.0751049198 0.301901661 0.950376051
vn 0.137086189 0.826391499 0.546154252
vn 0.149646893 0.823434949 0.54732138
vn -0.0119159736 -0.868317066 -0.495866395
vn -0.0119159736 -0.868317066 -0.495866395
vn -0.13669072 -0.876760795 -0.461092351
vn 0.117449666 -0.844164818 -0.523059592
vn -0.0887726536 -0.982655918 -0.162808973
vn -0.0887726536 -0.982655918 -0.162808973
vn -0.0891018784 -0.982556003 -0.163231601
vn -0.0882434947 -0.982815883 -0.16212966
vn -0.0748942213 0.744712575 -0.663169688
vn -0.0748942213 0.744712575 -0.663169688
vn -0.0742471469 0.745296616 -0.662586082
vn -0.0752528224 0.744388522 -0.663492834
vn -0.187156905 -0.22042766 -0.957279447
vn -0.187156905 -0.22042766 -0.957279447
vn -0.187155671 -0.220426441 -0.957279969
vn -0.187158032 -0.220428774 -0.95727897
vn -0.956722567 0.0678331947 0.282985136
vn -0.943904381 0.137040553 0.300440353
vn -0.940399432 0.0841261113 0.329502208
vn -0.933907419 0.159296773 0.320064793
vn -0.887193939 0.303926665 0.34715342
vn -0.757670245 0.213868258 0.616600493
vn -0.982313583 0.0189826976 0.186278507
vn -0.98600388 0.00621471511 0.166606501
vn -0.950534682 0.0748030441 0.301476903
vn -0.910944607 0.0860189461 0.403460859
vn -0.829964218 0.112241413 0.546407596
vn 0.187354855 0.373012452 0.908713304
vn 0.184115078 0.490423512 0.851813605
vn 0.187545312 0.340588441 0.921317681
vn 0.18049956 0.559005455 0.809279192
vn 0.171556969 0.668658414 0.723508211
vn 0.187591256 0.304203754 0.933953744
vn 0.187307028 0.304293899 0.933981424
vn 0.171352115 0.668750628 0.723471527
vn 0.171352115 0.668750628 0.723471527
vn 0.998632875 -0.0421270099 -0.0309466539
vn 0.99725044 -0.0284800262 -0.0684137942
vn 0.994967462 -0.055857327 -0.083184791
vn 0.996927962 0.0775779193 -0.0107845232
vn 0.98145329 0.191448401 0.00984626413
vn 0.932024153 0.346293137 0.106827157
vn 0.980407051 -0.0996215437 -0.169933995
vn 0.984548244 -0.101468173 -0.142719881
vn 0.999488735 -0.0200096109 0.0249376164
vn 0.996171146 -0.0172068909 0.085714478
vn 0.945176709 0.162656434 0.283167569
vn -0.182111282 -0.0690498423 -0.980850447
vn -0.182111282 -0.0690498423 -0.980850447
vn -0.182302187 -0.0692650522 -0.980799809
vn -0.181867879 -0.0687754665 -0.980914884
vn -0.182200795 -0.532125879 -0.826828229
vn -0.176685444 -0.61552715 -0.768055064
vn -0.181956259 -0.532018819 -0.826950964
vn -0.169602701 -0.69006959 -0.703589998
vn -0.152444165 -0.807354217 -0.570035037
vn -0.136733364 -0.876637286 -0.461314487
vn -0.0946541628 -0.975777741 -0.197226749
vn -0.0945148616 -0.975690647 -0.197723802
vn -0.0703277668 0.764067538 -0.641291512
vn -0.0703277668 0.764067538 -0.641291512
vn -0.0703277615 0.764067544 -0.641291505
vn -0.0703277721 0.764067532 -0.641291518
vn -0.0450599899 0.993735324 0.10227269
vn -0.0450599899 0.993735324 0.10227269
vn -0.0264523484 0.994586817 0.100485507
vn -0.0618089365 0.992670348 0.10385199
vn -0.744383304 -0.0076495515 0.667708755
vn -0.759699554 -0.00753055287 0.650230635
vn -0.755263981 -0.0223752416 0.655038676
vn -0.763159889 -0.0208470668 0.645873349
vn -0.772822586 -0.00329825392 0.634613561
vn -0.755516463 -0.0274348985 0.654554963
vn -0.783382053 -0.0555846211 0.619050005
vn 0.638217892 -0.159276049 0.753199218
vn 0.638217892 -0.159276049 0.753199218
vn 0.639043428 -0.15871789 0.752616854
vn 0.637391795 -0.159833801 0.753780376
vn 0.77181648 0.0741924512 -0.63150202
vn 0.758334037 0.0870107025 -0.646032992
vn 0.755193246 0.115585749 -0.64523104
vn 0.73750516 0.0828198245 -0.670243997
vn 0.711146323 0.0404354317 -0.701880248
vn 0.77479447 0.0659405928 -0.628764954
vn 0.774826105 0.0576702424 -0.629538443
vn 0.328499944 0.548848384 0.768669785
vn 0.391989897 0.221438537 0.89292155
vn 0.322837102 0.724815032 0.608620879
vn 0.343783367 0.241493113 0.907465742
vn 0.271724749 0.8227097 0.49931394
vn 0.329507877 0.816598344 0.47391107
vn -0.167291434 -0.87878156 -0.446941323
vn -0.167291434 -0.87878156 -0.446941323
vn -0.236485415 -0.899232862 -0.368041993
vn -0.101440486 -0.850852457 -0.515519083
vn -0.0558225834 -0.985585917 -0.159700467
vn -0.0558225834 -0.985585917 -0.159700467
vn -0.0560837335 -0.98557583 -0.159671218
vn -0.0554032588 -0.985601971 -0.159747407
vn -0.376363927 0.847664496 -0.373918568
vn -0.376363927 0.847664496 -0.373918568
vn -0.376493501 0.84761319 -0.373904432
vn -0.376292262 0.847692865 -0.373926384
vn -0.612978539 -0.220335495 -0.758755284
vn -0.612978539 -0.220335495 -0.758755284
vn -0.612952752 -0.220285212 -0.758790715
vn -0.613002077 -0.220381399 -0.758722935
vn -0.702425022 -0.0658830143 0.708701994
vn -0.696433412 -0.000756894334 0.717621021
vn -0.690684615 -0.0672398017 0.720023313
vn -0.694821783 0.0257212567 0.718721857
vn -0.688326234 0.122911509 0.714912412
vn -0.657924072 0.0984728959 0.746618379
vn -0.68504944 -0.080309738 0.724056359
vn -0.660753906 -0.0826454818 0.746038873
vn -0.760621986 -0.0995750926 0.641513052
vn -0.771723851 -0.11160018 0.626089209
vn 0.577541805 0.36614642 0.729645299
vn 0.558586696 0.425145842 0.71220216
vn 0.588052288 0.329029452 0.738873552
vn 0.555371326 0.434430213 0.709107242
vn 0.549448016 0.450814739 0.703472067
vn 0.598426924 0.288221437 0.747538374
vn 0.598521565 0.288200198 0.74747079
vn 0.549389771 0.450841358 0.703500497
vn 0.549389771 0.450841358 0.703500497
vn 0.83278732 0.0471575111 -0.551580863
vn 0.822969183 0.0862598113 -0.56149886
vn 0.830709837 0.0399589092 -0.555269711
vn 0.82811292 0.166367505 -0.535304442
vn 0.812313486 0.239102376 -0.531955688
vn 0.81320236 0.264536228 -0.518384515
vn 0.83920127 0.037506418 -0.542526033
vn 0.858496856 0.0811252227 -0.506361379
vn 0.774088461 0.0190977317 -0.632789326
vn 0.790345869 0.0172723889 -0.6124174
vn -0.634306938 -0.06938031 -0.76996174
vn -0.634306938 -0.06938031 -0.76996174
vn -0.634258661 -0.069285392 -0.770010055
vn -0.634368509 -0.0695013867 -0.769900092
vn -0.458978231 -0.644047698 -0.611997995
vn -0.49140783 -0.584660729 -0.645515436
vn -0.396731328 -0.738218893 -0.545561288
vn -0.491160209 -0.584518705 -0.645832434
vn -0.0903225427 -0.975769543 -0.199287827
vn -0.0903780312 -0.975722043 -0.19949513
vn -0.446102057 0.764503045 -0.465325744
vn -0.446102057 0.764503045 -0.465325744
vn -0.446088793 0.764515044 -0.465318747
vn -0.446115314 0.764491053 -0.465332738
vn -0.973814053 0.0759920288 0.214269462
vn -0.973814053 0.0759920288 0.214269462
vn -0.973814053 0.0759920288 0.214269462
vn -0.999999971 -0.000226324344 -8.50061055e-05
vn -0.999999971 -0.000226324344 -8.50061055e-05
vn -0.999999898 -0.0004225007 -0.000158688803
vn -1 0 0
vn 0 1 1.65535931e-16
vn 0 1 1.65535931e-16
vn 0 1 1.65535931e-16
vn 0 1 1.65535931e-16
vn -0.999999942 0 -0.000339911246
vn -0.999999942 0 -0.000339911246
vn -0.999999942 0 -0.000339911246
vn -0.999999942 0 -0.000339911246
vn 0 -1 -4.73088299e-16
vn 0 -1 -4.73088299e-16
vn 0 -1 -4.73088299e-16
vn 0 -1 -4.73088299e-16
vn 0.356151323 0.538236707 0.763843886
vn 0.356151323 0.538236707 0.763843886
vn 0.356191123 0.538288513 0.763788819
vn 0.35611153 0.538184909 0.763898934
vn 0 0 -1
vn 0 0 -1
vn 0 0 -1
vn 0 0 -1
vn 0 -3.6580577e-16 1
vn 0 0.0477060538 0.998861418
vn 0 0.134826945 0.990869161
vn 0 -3.6580577e-16 1
vn 0 0.334255671 0.942482438
vn 0 0.334255671 0.942482438
vn 0 0.0937555479 0.995595248
vn 0 0.342160225 0.939641623
vn 0 0.342160225 0.939641623
vn 0 0.0988302905 0.995104303
vn 0 0 1
vn 0 0 1
vn 0 0 -1
vn -1.61572879e-22 4.47684131e-16 -1
vn 0 3.7716302e-16 -1
vn 0 0 -1
vn -3.2034175e-22 4.3495739e-16 -1
vn -1.30043709e-22 4.55788581e-16 -1
vn 0 5.45706608e-16 -1
vn 0 5.45706608e-16 -1
vn 0 0 -1
vn 0 0 -1
vn 0 -0.801831574 -0.597550104
vn 0 -0.801831574 -0.597550104
vn 0 -0.801831574 -0.597550104
vn 0 -0.801831574 -0.597550104
vn -0.00815864241 -0.999838051 0.0160408074
vn -0.0111906088 -0.999695295 0.0220019939
vn 0 -0.99823091 0.0594562851
vn -0.00780105448 -0.999938133 0.00792932714
vn 1.15744515e-16 -1 -2.86842635e-16
vn 0 -1 0
vn -1 0 0
vn -1 0 0
vn -1 0 0
vn -1 0 0
vn -0.999183112 0.0404117356 8.97989212e-18
vn -0.992218835 0.124433848 -0.00424272585
vn -0.97755454 0.210682496 -8.57722175e-05
vn -0.979056678 0.203237967 -0.0119310501
vn -0.983855622 0.163021061 -0.0738393424
vn 0.00042445688 0.999999568 -0.000827211792
vn 0.00038630855 0.999999828 -0.000440254096
vn -4.7421229e-18 1 1.80369108e-16
vn 0.000518237817 0.99999922 -0.00113670064
vn -2.30817927e-07 0.999996496 -0.00264737039
vn 0 1 1.70149776e-16
vn 0 0.999996503 -0.00264464248
vn 0.97633317 0.030755784 0.214073875
vn 0.974269467 0.0763119375 0.212074267
vn 0.976640308 0.00992217973 0.214651482
vn 0.973906155 0.0775529638 0.213289333
vn 0.976565701 -3.49419744e-17 0.215219497
vn 0.976565701 -6.98797126e-17 0.215219497
vn 0.976565701 0 0.215219497
vn 0.973813903 0.0759906997 0.214270615
vn 0 0 -1
vn 0 0 -1
vn 0 0 -1
vn 0 0 -1
vn 0 0.887465646 -0.460873873
vn 0 0.887465646 -0.460873873
vn 0 0.887465646 -0.460873873
vn 0 0.887465646 -0.460873873
vn 0.987076511 -0.00041704056 -0.16024914
vn 0.987106 -0.000213941327 -0.160067795
vn 0.987082372 -0.000321636258 -0.160213259
vn 0.987112078 -0.000172013639 -0.160030357
vn 0.987152841 0 -0.159778808
vn 0.98700014 0 -0.160719391
vn 0.98700014 0 -0.160719391
vn 0.98700014 0 -0.160719391
vn 0.98700014 0 -0.160719391
vn 0.98700014 0 -0.160719391
vn -0.285377014 -0.958336523 0.0122909525
vn -0.285377014 -0.958336523 0.0122909525
vn -0.380004527 -0.924405275 0.0327329626
vn -0.227332583 -0.973817178 -2.2366058e-16
vn -0.287228832 0.957782107 0.0123707087
vn -0.287228832 0.957782107 0.0123707087
vn -0.228856276 0.973460223 2.09604934e-16
vn -0.382297306 0.923452411 0.0329304588
vn 0 0 -1
vn 0 0 -1
vn 0 0 -1
vn 0 0 -1
vn 0 0 1
vn 0 0 1
vn 0 0 1
vn 0 0 1
vn -0.996310611 0 0.0858205513
vn -0.996310611 0 0.0858205513
vn -0.996310611 0 0.0858205513
vn -0.996310611 0 0.0858205513
vn -0.287235487 -0.957780107 0.0123709953
vn -0.287235487 -0.957780107 0.0123709953
vn -0.38230554 -0.923448976 0.0329311681
vn -0.228861754 -0.973458935 -2.235783e-16
vn -0.285377014 0.958336523 0.0122909525
vn -0.285377014 0.958336523 0.0122909525
vn -0.227332583 0.973817178 2.2366058e-16
vn -0.380004527 0.924405275 0.0327329626
vn 0 0 -1
vn 0 0 -1
vn 0 0 -1
vn 0 0 -1
vn 0 0 1
vn 0 0 1
vn 0 0 1
vn 0 0 1
vn -0.996310611 0 0.0858205513
vn -0.996310611 0 0.0858205513
vn -0.996310611 0 0.0858205513
vn -0.996310611 0 0.0858205513
vn 0.117520295 -0.839734359 -0.53012752
vn 0.117520295 -0.839734359 -0.53012752
vn 0.210450342 -0.867165309 -0.451370114
vn 0 -0.787652275 -0.616120031
vn 0.978928835 -0.0959402319 0.180260387
vn 0.978928835 -0.0959402319 0.180260387
vn 0.950122863 0.00919858115 0.311740168
vn 0.981426556 -0.178169315 0.0711168798
vn -0.0808981872 0.92763531 0.364620646
vn -0.0808981872 0.92763531 0.364620646
vn -0.208795169 0.869596761 0.447443907
vn 0 0.951375612 0.308033189
vn -0.981994918 0.0873190214 -0.167515284
vn -0.981994918 0.0873190214 -0.167515284
vn -0.98522534 -0.0203478244 -0.170049981
vn -0.913921098 0.376971114 -0.150469285
vn 0.421411138 0.0767417372 -0.903616821
vn 0.421411138 0.0767417372 -0.903616821
vn 0.421268845 0.0769091086 -0.903668938
vn 0.421553392 0.0765743812 -0.903564664
vn -0.123450015 -0.95636478 0.264814089
vn -0.123450015 -0.95636478 0.264814089
vn -0.123450025 -0.956364784 0.264814068
vn -0.123450004 -0.956364775 0.26481411
vn 0.906320107 0.000208851314 0.42259179
vn 0.906320107 0.000208851314 0.42259179
vn 0.906287015 0.00036250322 0.422662649
vn 0.90633959 0.000118326528 0.422550037
vn 0.182654576 0.901829495 -0.391587624
vn 0.182654576 0.901829495 -0.391587624
vn 0.182601223 0.901854029 -0.391556004
vn 0.182707917 0.901804963 -0.391619236
vn -0.906407561 -6.01380227e-05 -0.422404225
vn -0.906407561 -6.01380227e-05 -0.422404225
vn -0.906317383 5.45040046e-05 -0.42259768
vn -0.90661631 -0.000325775857 -0.421955874
vn -0.110979279 -0.96492623 0.237909583
vn -0.132553098 -0.949558543 0.284197554
vn -0.190238527 -0.956499198 0.221175468
vn 0.196483169 -0.937632444 0.286774763
vn -0.0910330754 -0.976546672 0.195114268
vn 0.388458682 0.392880938 -0.8335133
vn 0.388458682 0.392880938 -0.8335133
vn 0.38834686 0.393027647 -0.833496242
vn 0.388541166 0.3927727 -0.833525866
vn 0.320849302 -0.650966835 -0.6879665
vn 0.320849302 -0.650966835 -0.6879665
vn 0.320799055 -0.650920442 -0.688033826
vn 0.320899536 -0.651013214 -0.687899181
vn 0.840895778 0.0640193593 0.537397258
vn 0.849136151 0.151158781 0.506081831
vn 0.867362785 0.157882711 0.471969118
vn 0.834104864 0.031406294 0.550711105
vn 0.8722707 0.257006033 0.416042937
vn 0.866474302 0.259961593 0.426195088
vn 0.831581313 -0.000728307291 0.555402547
vn 0.856624154 -0.0260546383 0.515282655
vn 0.906250377 9.51047015e-05 0.422741345
vn 0.906037848 0.000704477083 0.42319608
vn -0.688546513 0.574713394 0.442276174
vn -0.28391184 0.740731156 0.608860757
vn -0.332410272 0.617623956 0.712772096
vn -0.650778974 0.663265674 0.369547524
vn 0.103685742 0.574746227 0.811736436
vn 0.0799783561 0.535575928 0.840691316
vn -0.340983956 0.590976492 0.731079153
vn 0.135266034 0.663303581 0.736024089
vn -0.695629442 0.535496811 0.478897531
vn -0.38330244 0.85023852 0.360795923
vn -0.0298322024 0.850234246 0.525558528
vn -0.957054065 0.081484454 -0.278222572
vn -0.932211341 0.115757959 -0.342902479
vn -0.920160651 0.180243412 -0.347586952
vn -0.954082322 0.027551182 -0.298274799
vn -0.879442559 0.256766232 -0.400814032
vn -0.878521836 0.263987646 -0.398133026
vn -0.960041669 -0.000656175288 -0.279856326
vn -0.946216327 -0.0531811184 -0.319133878
vn -0.906312579 8.3729424e-05 -0.422607978
vn -0.906562013 0.000457847248 -0.422072396
vn 0.352575569 -0.551143094 -0.7562617
vn 0.352575569 -0.551143094 -0.7562617
vn 0.352546718 -0.551097956 -0.756308042
vn 0.352595613 -0.551174454 -0.756229499
vn 0.313892505 -0.669653465 -0.673079291
vn 0.313892505 -0.669653465 -0.673079291
vn 0.313997188 -0.669683288 -0.673000787
vn 0.31384376 -0.669639575 -0.67311584
vn 0.330137861 0.624223881 -0.708063231
vn 0.330137861 0.624223881 -0.708063231
vn 0.330137861 0.624223881 -0.708063231
vn 0.330137861 0.624223881 -0.708063231
vn -0.022764495 -0.998548544 0.0488117092
vn -0.022764495 -0.998548544 0.0488117092
vn -0.0227669306 -0.998547627 0.0488293336
vn -0.0227620612 -0.99854946 0.0487940975
vn 0 -0.696070861 0.717973089
vn 0 -0.696070861 0.717973089
vn 0 -0.696070861 0.717973089
vn 0 -0.696070861 0.717973089
vn 0 0.975684996 0.219177526
vn 0 0.975684996 0.219177526
vn 0 0.975684996 0.219177526
vn 0 0.975684996 0.219177526
vn 1 0 0
vn 1 0 0
vn 1 0 0
vn 1 0 0
vn -1 0 0
vn -1 0 0
vn -1 0 0
vn -1 0 0
vn 0 0.372344566 0.928094566
vn 0 0.372344566 0.928094566
vn 0 0.372344566 0.928094566
vn 0 0.372344566 0.928094566
vn -0.0643031935 0.995533172 0.0691288799
vn -0.0643031935 0.995533172 0.0691288799
vn -0.0613289272 0.99588592 0.0667082995
vn -0.0675018308 0.995137204 0.0717317845
vn 0.994466445 0.0166112056 0.103733112
vn 0.992457374 0.0235760798 0.120301829
vn 0.990712431 -0.0244029202 0.133766123
vn 0.990676457 -0.0224772589 0.134368639
vn 0.990403021 -0.0239964913 0.136110339
vn 0.992458676 0.040262914 0.115778558
vn 0.986131217 0.0632433642 0.153445427
vn -0.166907658 -0.159196336 0.973035642
vn -0.166907658 -0.159196336 0.973035642
vn -0.167521968 -0.158945514 0.972971075
vn -0.166292236 -0.159447511 0.973099884
vn -0.993822426 -0.010044626 -0.110526424
vn -0.989825903 0.0537890351 -0.131724797
vn -0.991986865 0.0438817124 -0.118475547
vn -0.989806597 0.0302537142 -0.139167573
vn -0.988933128 0.0245006876 -0.14632493
vn -0.99393454 -0.0227759214 -0.107588972
vn -0.991281991 -0.0708061506 -0.111114824
vn -0.123673472 0.577552848 0.806930964
vn -0.109405353 0.284986675 0.952267328
vn -0.0751049198 0.301901661 0.950376051
vn -0.144387816 0.737290775 0.659965508
vn -0.137086189 0.826391499 0.546154252
vn -0.149646893 0.823434949 0.54732138
vn 0.0119159698 -0.868317067 -0.495866395
vn 0.0119159698 -0.868317067 -0.495866395
vn -0.117449593 -0.844164827 -0.523059593
vn 0.136690717 -0.876760803 -0.461092335
vn 0.0887726536 -0.982655918 -0.162808973
vn 0.0887726536 -0.982655918 -0.162808973
vn 0.0882434947 -0.982815883 -0.16212966
vn 0.0891018784 -0.982556003 -0.163231601
vn 0.0748942049 0.74471259 -0.663169674
vn 0.0748942049 0.74471259 -0.663169674
vn 0.0752527969 0.744388545 -0.663492811
vn 0.0742471469 0.745296616 -0.662586082
vn 0.187156866 -0.220427663 -0.957279454
vn 0.187156866 -0.220427663 -0.957279454
vn 0.187157994 -0.220428778 -0.957278977
vn 0.18715563 -0.220426441 -0.957279977
vn 0.95672252 0.0678332752 0.282985275
vn 0.943904315 0.13704064 0.300440522
vn 0.933907341 0.159296851 0.320064979
vn 0.940399359 0.0841262022 0.329502393
vn 0.887193808 0.303926776 0.347153656
vn 0.757669918 0.213868238 0.616600901
vn 0.982313583 0.0189826976 0.186278507
vn 0.98600388 0.00621471511 0.166606501
vn 0.950534585 0.0748031776 0.301477176
vn 0.910944498 0.0860189897 0.403461095
vn 0.829964218 0.112241413 0.546407596
vn -0.187354855 0.373012452 0.908713304
vn -0.184115078 0.490423512 0.851813605
vn -0.18049956 0.559005455 0.809279192
vn -0.187545312 0.340588441 0.921317681
vn -0.171556969 0.668658414 0.723508211
vn -0.187591256 0.304203754 0.933953744
vn -0.187307028 0.304293899 0.933981424
vn -0.171352115 0.668750628 0.723471527
vn -0.171352115 0.668750628 0.723471527
vn -0.998632875 -0.0421270099 -0.0309466539
vn -0.99725044 -0.0284800262 -0.0684137942
vn -0.996927962 0.0775779193 -0.0107845232
vn -0.994967462 -0.055857327 -0.083184791
vn -0.98145329 0.191448401 0.00984626413
vn -0.932024153 0.346293137 0.106827157
vn -0.980407051 -0.0996215437 -0.169933995
vn -0.984548244 -0.101468173 -0.142719881
vn -0.999488735 -0.0200096109 0.0249376164
vn -0.996171146 -0.0172068909 0.085714478
vn -0.945176709 0.162656434 0.283167569
vn 0.182111241 -0.0690498448 -0.980850455
vn 0.182111241 -0.0690498448 -0.980850455
vn 0.181867832 -0.0687754623 -0.980914893
vn 0.182302151 -0.06926506 -0.980799815
vn 0.182200767 -0.532125893 -0.826828225
vn 0.17668541 -0.615527165 -0.76805506
vn 0.169602659 -0.690069592 -0.703590006
vn 0.181956258 -0.532018845 -0.826950947
vn 0.152444129 -0.807354219 -0.570035045
vn 0.136733334 -0.876637288 -0.461314492
vn 0.094654142 -0.975777742 -0.197226753
vn 0.0945148408 -0.975690648 -0.197723806
vn 0.0703277527 0.764067537 -0.641291514
vn 0.0703277527 0.764067537 -0.641291514
vn 0.070327758 0.764067531 -0.641291521
vn 0.0703277474 0.764067543 -0.641291507
vn 0.0450599899 0.993735324 0.10227269
vn 0.0450599899 0.993735324 0.10227269
vn 0.0618089365 0.992670348 0.10385199
vn 0.0264523484 0.994586817 0.100485507
vn 0.744383304 -0.0076495515 0.667708755
vn 0.755263981 -0.0223752416 0.655038676
vn 0.759699554 -0.00753055287 0.650230635
vn 0.763159889 -0.0208470668 0.645873349
vn 0.772822586 -0.00329825392 0.634613561
vn 0.755516463 -0.0274348985 0.654554963
vn 0.783382053 -0.0555846211 0.619050005
vn -0.638217892 -0.159276049 0.753199218
vn -0.638217892 -0.159276049 0.753199218
vn -0.637391795 -0.159833801 0.753780376
vn -0.639043428 -0.15871789 0.752616854
vn -0.77181648 0.0741924512 -0.63150202
vn -0.755193246 0.115585749 -0.64523104
vn -0.758334037 0.0870107025 -0.646032992
vn -0.73750516 0.0828198245 -0.670243997
vn -0.711146323 0.0404354317 -0.701880248
vn -0.77479447 0.0659405928 -0.628764954
vn -0.774826105 0.0576702424 -0.629538443
vn -0.328499944 0.548848384 0.768669785
vn -0.391989897 0.221438537 0.89292155
vn -0.343783367 0.241493113 0.907465742
vn -0.322837102 0.724815032 0.608620879
vn -0.271724749 0.8227097 0.49931394
vn -0.329507877 0.816598344 0.47391107
vn 0.167291434 -0.87878156 -0.446941323
vn 0.167291434 -0.87878156 -0.446941323
vn 0.101440486 -0.850852457 -0.515519083
vn 0.236485415 -0.899232862 -0.368041993
vn 0.0558225834 -0.985585917 -0.159700467
vn 0.0558225834 -0.985585917 -0.159700467
vn 0.0554032588 -0.985601971 -0.159747407
vn 0.0560837335 -0.98557583 -0.159671218
vn 0.376363927 0.847664496 -0.373918568
vn 0.376363927 0.847664496 -0.373918568
vn 0.376292262 0.847692865 -0.373926384
vn 0.376493501 0.84761319 -0.373904432
vn 0.612978539 -0.220335495 -0.758755284
vn 0.612978539 -0.220335495 -0.758755284
vn 0.613002077 -0.220381399 -0.758722935
vn 0.612952752 -0.220285212 -0.758790715
vn 0.702425022 -0.0658830143 0.708701994
vn 0.696433412 -0.000756894334 0.717621021
vn 0.694821783 0.0257212567 0.718721857
vn 0.690684615 -0.0672398017 0.720023313
vn 0.688326234 0.122911509 0.714912412
vn 0.657924072 0.0984728959 0.746618379
vn 0.68504944 -0.080309738 0.724056359
vn 0.660753906 -0.0826454818 0.746038873
vn 0.760621986 -0.0995750926 0.641513052
vn 0.771723851 -0.11160018 0.626089209
vn -0.577541805 0.36614642 0.729645299
vn -0.558586696 0.425145842 0.71220216
vn -0.555371326 0.434430213 0.709107242
vn -0.588052288 0.329029452 0.738873552
vn -0.549448016 0.450814739 0.703472067
vn -0.598426924 0.288221437 0.747538374
vn -0.598521565 0.288200198 0.74747079
vn -0.549389771 0.450841358 0.703500497
vn -0.549389771 0.450841358 0.703500497
vn -0.83278732 0.0471575111 -0.551580863
vn -0.822969183 0.0862598113 -0.56149886
vn -0.82811292 0.166367505 -0.535304442
vn -0.830709837 0.0399589092 -0.555269711
vn -0.812313486 0.239102376 -0.531955688
vn -0.81320236 0.264536228 -0.518384515
vn -0.83920127 0.037506418 -0.542526033
vn -0.858496856 0.0811252227 -0.506361379
vn -0.774088461 0.0190977317 -0.632789326
vn -0.790345869 0.0172723889 -0.6124174
vn 0.634306938 -0.06938031 -0.76996174
vn 0.634306938 -0.06938031 -0.76996174
vn 0.634368509 -0.0695013867 -0.769900092
vn 0.634258661 -0.069285392 -0.770010055
vn 0.458978231 -0.644047698 -0.611997995
vn 0.49140783 -0.584660729 -0.645515436
vn 0.491160209 -0.584518705 -0.645832434
vn 0.396731328 -0.738218893 -0.545561288
vn 0.0903225427 -0.975769543 -0.199287827
vn 0.0903780312 -0.975722043 -0.19949513
vn 0.446102057 0.764503045 -0.465325744
vn 0.446102057 0.764503045 -0.465325744
vn 0.446115314 0.764491053 -0.465332738
vn 0.446088793 0.764515044 -0.465318747
vn 0.973814053 0.0759920288 0.214269462
vn 0.973814053 0.0759920288 0.214269462
vn 0.973814053 0.0759920288 0.214269462
vn 0.999999971 -0.000226324344 -8.50061055e-05
vn 0.999999971 -0.000226324344 -8.50061055e-05
vn 1 0 0
vn 0.999999898 -0.0004225007 -0.000158688803
vn 0 1 1.65535931e-16
vn 0 1 1.65535931e-16
vn 0 1 1.65535931e-16
vn 0 1 1.65535931e-16
vn 0.999999942 0 -0.000339911246
vn 0.999999942 0 -0.000339911246
vn 0.999999942 0 -0.000339911246
vn 0.999999942 0 -0.000339911246
vn 0 -1 -4.73088299e-16
vn 0 -1 -4.73088299e-16
vn 0 -1 -4.73088299e-16
vn 0 -1 -4.73088299e-16
vn -0.356151323 0.538236707 0.763843886
vn -0.356151323 0.538236707 0.763843886
vn -0.35611153 0.538184909 0.763898934
vn -0.356191123 0.538288513 0.763788819

g ArmorBag_15_06_objBox01_submesh_0
usemtl bag16
f 25/25/25 27/27/27 26/26/26
f 25/25/25 26/26/26 28/28/28
f 29/29/29 31/31/31 30/30/30
f 29/29/29 30/30/30 32/32/32
f 32/32/32 30/30/30 33/33/33
f 32/32/32 33/33/33 34/34/34
f 35/35/35 37/37/37 36/36/36
f 35/35/35 36/36/36 38/38/38
f 35/35/35 39/39/39 37/37/37
f 35/35/35 40/40/40 39/39/39
f 41/41/41 43/43/43 42/42/42
f 41/41/41 42/42/42 44/44/44
f 42/42/42 45/45/45 44/44/44
f 42/42/42 46/46/46 45/45/45
f 46/46/46 42/42/42 47/47/47
f 46/46/46 47/47/47 48/48/48
f 46/46/46 49/49/49 45/45/45
f 46/46/46 50/50/50 49/49/49
f 51/51/51 53/53/53 52/52/52
f 51/51/51 52/52/52 54/54/54
f 55/55/55 57/57/57 56/56/56
f 58/58/58 57/57/57 55/55/55
f 58/58/58 55/55/55 59/59/59
f 59/59/59 60/60/60 58/58/58
f 61/61/61 63/63/63 62/62/62
f 61/61/61 62/62/62 64/64/64
f 65/65/65 63/63/63 61/61/61
f 65/65/65 61/61/61 66/66/66
f 66/66/66 67/67/67 65/65/65
f 68/68/68 67/67/67 66/66/66
f 68/68/68 66/66/66 69/69/69
f 70/70/70 72/72/72 71/71/71
f 70/70/70 71/71/71 73/73/73
f 70/70/70 74/74/74 72/72/72
f 71/71/71 75/75/75 73/73/73
f 74/74/74 76/76/76 72/72/72
f 77/77/77 79/79/79 78/78/78
f 77/77/77 78/78/78 80/80/80
f 81/81/81 77/77/77 80/80/80
f 81/81/81 80/80/80 82/82/82
f 81/81/81 82/82/82 83/83/83
f 78/78/78 79/79/79 84/84/84
f 85/85/85 87/87/87 86/86/86
f 85/85/85 86/86/86 88/88/88
f 89/89/89 91/91/91 90/90/90
f 89/89/89 90/90/90 92/92/92
f 93/93/93 95/95/95 94/94/94
f 95/95/95 96/96/96 94/94/94
f 95/95/95 97/97/97 96/96/96
f 98/98/98 100/100/100 99/99/99
f 98/98/98 101/101/101 100/100/100
f 98/98/98 102/102/102 101/101/101
f 103/103/103 105/105/105 104/104/104
f 103/103/103 104/104/104 106/106/106
f 107/107/107 109/109/109 108/108/108
f 107/107/107 108/108/108 110/110/110
f 111/111/111 113/113/113 112/112/112
f 111/111/111 112/112/112 114/114/114
f 115/115/115 117/117/117 116/116/116
f 115/115/115 116/116/116 118/118/118
f 119/119/119 121/121/121 120/120/120
f 119/119/119 120/120/120 122/122/122
f 123/123/123 125/125/125 124/124/124
f 123/123/123 124/124/124 126/126/126
f 127/127/127 129/129/129 128/128/128
f 127/127/127 128/128/128 130/130/130
f 131/131/131 133/133/133 132/132/132
f 131/131/131 132/132/132 134/134/134
f 135/135/135 137/137/137 136/136/136
f 135/135/135 136/136/136 138/138/138
f 139/139/139 141/141/141 140/140/140
f 139/139/139 140/140/140 142/142/142
f 143/143/143 145/145/145 144/144/144
f 143/143/143 144/144/144 146/146/146
f 147/147/147 149/149/149 148/148/148
f 147/147/147 148/148/148 150/150/150
f 151/151/151 153/153/153 152/152/152
f 151/151/151 152/152/152 154/154/154
f 155/155/155 157/157/157 156/156/156
f 155/155/155 156/156/156 158/158/158
f 159/159/159 161/161/161 160/160/160
f 159/159/159 160/160/160 162/162/162
f 163/163/163 165/165/165 164/164/164
f 163/163/163 164/164/164 166/166/166
f 167/167/167 169/169/169 168/168/168
f 167/167/167 168/168/168 170/170/170
f 171/171/171 173/173/173 172/172/172
f 171/171/171 172/172/172 174/174/174
f 175/175/175 177/177/177 176/176/176
f 175/175/175 176/176/176 178/178/178
f 179/179/179 181/181/181 180/180/180
f 179/179/179 180/180/180 182/182/182
f 179/179/179 182/182/182 183/183/183
f 184/184/184 186/186/186 185/185/185
f 184/184/184 185/185/185 187/187/187
f 188/188/188 190/190/190 189/189/189
f 188/188/188 189/189/189 191/191/191
f 192/192/192 194/194/194 193/193/193
f 192/192/192 193/193/193 195/195/195
f 195/195/195 193/193/193 196/196/196
f 195/195/195 196/196/196 197/197/197
f 194/194/194 192/192/192 198/198/198
f 194/194/194 198/198/198 199/199/199
f 200/200/200 192/192/192 195/195/195
f 200/200/200 201/201/201 192/192/192
f 202/202/202 204/204/204 203/203/203
f 202/202/202 203/203/203 205/205/205
f 206/206/206 205/205/205 203/203/203
f 207/207/207 205/205/205 206/206/206
f 207/207/207 208/208/208 205/205/205
f 206/206/206 203/203/203 209/209/209
f 205/205/205 208/208/208 210/210/210
f 205/205/205 210/210/210 202/202/202
f 211/211/211 203/203/203 204/204/204
f 211/211/211 212/212/212 203/203/203
f 203/203/203 212/212/212 209/209/209
f 213/213/213 215/215/215 214/214/214
f 213/213/213 214/214/214 216/216/216
f 216/216/216 214/214/214 217/217/217
f 216/216/216 217/217/217 218/218/218
f 215/215/215 213/213/213 219/219/219
f 215/215/215 219/219/219 220/220/220
f 221/221/221 214/214/214 215/215/215
f 221/221/221 222/222/222 214/214/214
f 223/223/223 225/225/225 224/224/224
f 223/223/223 224/224/224 226/226/226
f 227/227/227 229/229/229 228/228/228
f 227/227/227 228/228/228 230/230/230
f 231/231/231 233/233/233 232/232/232
f 231/231/231 232/232/232 234/234/234
f 235/235/235 237/237/237 236/236/236
f 235/235/235 236/236/236 238/238/238
f 239/239/239 241/241/241 240/240/240
f 239/239/239 240/240/240 242/242/242
f 243/243/243 245/245/245 244/244/244
f 243/243/243 244/244/244 246/246/246
f 247/247/247 249/249/249 248/248/248
f 249/249/249 247/247/247 250/250/250
f 251/251/251 253/253/253 252/252/252
f 253/253/253 251/251/251 254/254/254
f 255/255/255 257/257/257 256/256/256
f 255/255/255 256/256/256 258/258/258
f 259/259/259 261/261/261 260/260/260
f 259/259/259 260/260/260 262/262/262
f 263/263/263 265/265/265 264/264/264
f 264/264/264 265/265/265 266/266/266
f 264/264/264 266/266/266 267/267/267
f 268/268/268 265/265/265 263/263/263
f 268/268/268 269/269/269 265/265/265
f 270/270/270 272/272/272 271/271/271
f 270/270/270 271/271/271 273/273/273
f 274/274/274 276/276/276 275/275/275
f 275/275/275 276/276/276 277/277/277
f 275/275/275 277/277/277 278/278/278
f 279/279/279 274/274/274 275/275/275
f 279/279/279 280/280/280 274/274/274
f 281/281/281 283/283/283 282/282/282
f 281/281/281 282/282/282 284/284/284
f 285/285/285 283/283/283 281/281/281
f 285/285/285 286/286/286 283/283/283
f 287/287/287 289/289/289 288/288/288
f 287/287/287 288/288/288 290/290/290
f 291/291/291 293/293/293 292/292/292
f 291/291/291 292/292/292 294/294/294
f 295/295/295 297/297/297 296/296/296
f 295/295/295 296/296/296 298/298/298
f 299/299/299 301/301/301 300/300/300
f 299/299/299 300/300/300 302/302/302
f 303/303/303 305/305/305 304/304/304
f 303/303/303 304/304/304 306/306/306
f 306/306/306 304/304/304 307/307/307
f 306/306/306 307/307/307 308/308/308
f 309/309/309 303/303/303 306/306/306
f 309/309/309 310/310/310 303/303/303
f 311/311/311 305/305/305 303/303/303
f 312/312/312 305/305/305 311/311/311
f 312/312/312 313/313/313 305/305/305
f 314/314/314 316/316/316 315/315/315
f 314/314/314 315/315/315 317/317/317
f 317/317/317 315/315/315 318/318/318
f 316/316/316 314/314/314 319/319/319
f 316/316/316 319/319/319 320/320/320
f 317/317/317 322/322/322 321/321/321
f 323/323/323 325/325/325 324/324/324
f 323/323/323 324/324/324 326/326/326
f 326/326/326 324/324/324 327/327/327
f 326/326/326 327/327/327 328/328/328
f 329/329/329 324/324/324 325/325/325
f 329/329/329 330/330/330 324/324/324
f 323/323/323 331/331/331 325/325/325
f 332/332/332 331/331/331 323/323/323
f 332/332/332 333/333/333 331/331/331
f 334/334/334 336/336/336 335/335/335
f 334/334/334 335/335/335 337/337/337
f 338/338/338 340/340/340 339/339/339
f 338/338/338 339/339/339 341/341/341
f 341/341/341 339/339/339 342/342/342
f 341/341/341 342/342/342 343/343/343
f 344/344/344 343/343/343 342/342/342
f 344/344/344 345/345/345 343/343/343
f 346/346/346 348/348/348 347/347/347
f 346/346/346 347/347/347 349/349/349
f 350/350/350 352/352/352 351/351/351
f 350/350/350 351/351/351 353/353/353
f 354/354/354 356/356/356 355/355/355
f 355/355/355 356/356/356 357/357/357
f 355/355/355 357/357/357 358/358/358
f 359/359/359 356/356/356 354/354/354
f 359/359/359 360/360/360 356/356/356
f 361/361/361 363/363/363 362/362/362
f 361/361/361 362/362/362 364/364/364
f 365/365/365 367/367/367 366/366/366
f 366/366/366 367/367/367 368/368/368
f 366/366/366 368/368/368 369/369/369
f 370/370/370 365/365/365 366/366/366
f 370/370/370 371/371/371 365/365/365
f 372/372/372 374/374/374 373/373/373
f 372/372/372 373/373/373 375/375/375
f 376/376/376 374/374/374 372/372/372
f 376/376/376 377/377/377 374/374/374
f 378/378/378 380/380/380 379/379/379
f 378/378/378 379/379/379 381/381/381
f 382/382/382 384/384/384 383/383/383
f 382/382/382 383/383/383 385/385/385
f 386/386/386 388/388/388 387/387/387
f 386/386/386 387/387/387 389/389/389
f 390/390/390 392/392/392 391/391/391
f 390/390/390 391/391/391 393/393/393
f 394/394/394 396/396/396 395/395/395
f 394/394/394 395/395/395 397/397/397
f 397/397/397 395/395/395 398/398/398
f 397/397/397 398/398/398 399/399/399
f 396/396/396 394/394/394 400/400/400
f 396/396/396 400/400/400 401/401/401
f 402/402/402 394/394/394 397/397/397
f 402/402/402 403/403/403 394/394/394
f 404/404/404 406/406/406 405/405/405
f 404/404/404 405/405/405 407/407/407
f 407/407/407 405/405/405 408/408/408
f 406/406/406 404/404/404 409/409/409
f 406/406/406 409/409/409 410/410/410
f 407/407/407 412/412/412 411/411/411
f 413/413/413 415/415/415 414/414/414
f 413/413/413 414/414/414 416/416/416
f 416/416/416 414/414/414 417/417/417
f 416/416/416 417/417/417 418/418/418
f 415/415/415 413/413/413 419/419/419
f 415/415/415 419/419/419 420/420/420
f 421/421/421 414/414/414 415/415/415
f 421/421/421 422/422/422 414/414/414
f 423/423/423 425/425/425 424/424/424
f 423/423/423 424/424/424 426/426/426
f 427/427/427 429/429/429 428/428/428
f 427/427/427 428/428/428 430/430/430
f 431/431/431 429/429/429 427/427/427
f 431/431/431 432/432/432 429/429/429
f 433/433/433 435/435/435 434/434/434
f 433/433/433 434/434/434 436/436/436
f 437/437/437 439/439/439 438/438/438
f 440/440/440 442/442/442 441/441/441
f 440/440/440 441/441/441 443/443/443
f 444/444/444 446/446/446 445/445/445
f 444/444/444 445/445/445 447/447/447
f 448/448/448 450/450/450 449/449/449
f 448/448/448 449/449/449 451/451/451
f 452/452/452 454/454/454 453/453/453
f 452/452/452 453/453/453 455/455/455
f 456/456/456 458/458/458 457/457/457
f 456/456/456 457/457/457 459/459/459
f 460/460/460 462/462/462 461/461/461
f 460/460/460 461/461/461 463/463/463
f 464/464/464 466/466/466 465/465/465
f 464/464/464 465/465/465 467/467/467
f 466/466/466 468/468/468 465/465/465
f 466/466/466 469/469/469 468/468/468
f 470/470/470 472/472/472 471/471/471
f 470/470/470 471/471/471 473/473/473
f 470/470/470 473/473/473 474/474/474
f 470/470/470 474/474/474 475/475/475
f 476/476/476 478/478/478 477/477/477
f 476/476/476 477/477/477 479/479/479
f 477/477/477 478/478/478 480/480/480
f 477/477/477 480/480/480 481/481/481
f 481/481/481 482/482/482 477/477/477
f 481/481/481 483/483/483 482/482/482
f 481/481/481 480/480/480 484/484/484
f 481/481/481 484/484/484 485/485/485
f 486/486/486 488/488/488 487/487/487
f 486/486/486 487/487/487 489/489/489
f 490/490/490 492/492/492 491/491/491
f 493/493/493 490/490/490 491/491/491
f 493/493/493 494/494/494 490/490/490
f 494/494/494 493/493/493 495/495/495
f 496/496/496 498/498/498 497/497/497
f 496/496/496 497/497/497 499/499/499
f 500/500/500 496/496/496 499/499/499
f 500/500/500 501/501/501 496/496/496
f 501/501/501 500/500/500 502/502/502
f 503/503/503 501/501/501 502/502/502
f 503/503/503 504/504/504 501/501/501
f 505/505/505 507/507/507 506/506/506
f 505/505/505 506/506/506 508/508/508
f 505/505/505 508/508/508 509/509/509
f 506/506/506 507/507/507 510/510/510
f 509/509/509 508/508/508 511/511/511
f 512/512/512 514/514/514 513/513/513
f 512/512/512 513/513/513 515/515/515
f 516/516/516 514/514/514 512/512/512
f 516/516/516 517/517/517 514/514/514
f 516/516/516 518/518/518 517/517/517
f 513/513/513 519/519/519 515/515/515
f 520/520/520 522/522/522 521/521/521
f 520/520/520 521/521/521 523/523/523
f 524/524/524 526/526/526 525/525/525
f 524/524/524 525/525/525 527/527/527
f 528/528/528 530/530/530 529/529/529
f 529/529/529 530/530/530 531/531/531
f 529/529/529 531/531/531 532/532/532
f 533/533/533 535/535/535 534/534/534
f 533/533/533 534/534/534 536/536/536
f 533/533/533 536/536/536 537/537/537
f 538/538/538 540/540/540 539/539/539
f 538/538/538 539/539/539 541/541/541
f 542/542/542 544/544/544 543/543/543
f 542/542/542 543/543/543 545/545/545
f 546/546/546 548/548/548 547/547/547
f 546/546/546 547/547/547 549/549/549
f 550/550/550 552/552/552 551/551/551
f 550/550/550 551/551/551 553/553/553
f 554/554/554 556/556/556 555/555/555
f 554/554/554 555/555/555 557/557/557
f 558/558/558 560/560/560 559/559/559
f 558/558/558 559/559/559 561/561/561
f 562/562/562 564/564/564 563/563/563
f 562/562/562 563/563/563 565/565/565
f 566/566/566 568/568/568 567/567/567
f 566/566/566 567/567/567 569/569/569
f 570/570/570 572/572/572 571/571/571
f 570/570/570 571/571/571 573/573/573
f 574/574/574 576/576/576 575/575/575
f 574/574/574 575/575/575 577/577/577
f 578/578/578 580/580/580 579/579/579
f 578/578/578 579/579/579 581/581/581
f 582/582/582 584/584/584 583/583/583
f 582/582/582 583/583/583 585/585/585
f 586/586/586 588/588/588 587/587/587
f 586/586/586 587/587/587 589/589/589
f 590/590/590 592/592/592 591/591/591
f 590/590/590 591/591/591 593/593/593
f 594/594/594 596/596/596 595/595/595
f 594/594/594 595/595/595 597/597/597
f 598/598/598 600/600/600 599/599/599
f 598/598/598 599/599/599 601/601/601
f 602/602/602 604/604/604 603/603/603
f 602/602/602 603/603/603 605/605/605
f 606/606/606 608/608/608 607/607/607
f 606/606/606 607/607/607 609/609/609
f 610/610/610 612/612/612 611/611/611
f 610/610/610 611/611/611 613/613/613
f 614/614/614 616/616/616 615/615/615
f 614/614/614 615/615/615 617/617/617
f 614/614/614 618/618/618 616/616/616
f 619/619/619 621/621/621 620/620/620
f 619/619/619 620/620/620 622/622/622
f 623/623/623 625/625/625 624/624/624
f 623/623/623 624/624/624 626/626/626
f 627/627/627 629/629/629 628/628/628
f 627/627/627 628/628/628 630/630/630
f 629/629/629 631/631/631 628/628/628
f 629/629/629 632/632/632 631/631/631
f 630/630/630 633/633/633 627/627/627
f 630/630/630 634/634/634 633/633/633
f 635/635/635 629/629/629 627/627/627
f 635/635/635 627/627/627 636/636/636
f 637/637/637 639/639/639 638/638/638
f 637/637/637 638/638/638 640/640/640
f 641/641/641 638/638/638 639/639/639
f 642/642/642 641/641/641 639/639/639
f 642/642/642 639/639/639 643/643/643
f 641/641/641 644/644/644 638/638/638
f 639/639/639 637/637/637 645/645/645
f 639/639/639 645/645/645 643/643/643
f 646/646/646 640/640/640 638/638/638
f 646/646/646 638/638/638 647/647/647
f 638/638/638 644/644/644 647/647/647
f 648/648/648 650/650/650 649/649/649
f 648/648/648 649/649/649 651/651/651
f 650/650/650 652/652/652 649/649/649
f 650/650/650 653/653/653 652/652/652
f 651/651/651 654/654/654 648/648/648
f 651/651/651 655/655/655 654/654/654
f 656/656/656 651/651/651 649/649/649
f 656/656/656 649/649/649 657/657/657
f 658/658/658 660/660/660 659/659/659
f 658/658/658 659/659/659 661/661/661
f 662/662/662 664/664/664 663/663/663
f 662/662/662 663/663/663 665/665/665
f 666/666/666 668/668/668 667/667/667
f 666/666/666 667/667/667 669/669/669
f 670/670/670 672/672/672 671/671/671
f 670/670/670 671/671/671 673/673/673
f 674/674/674 676/676/676 675/675/675
f 674/674/674 675/675/675 677/677/677
f 678/678/678 680/680/680 679/679/679
f 678/678/678 679/679/679 681/681/681
f 682/682/682 684/684/684 683/683/683
f 683/683/683 685/685/685 682/682/682
f 686/686/686 688/688/688 687/687/687
f 687/687/687 689/689/689 686/686/686
f 690/690/690 692/692/692 691/691/691
f 690/690/690 691/691/691 693/693/693
f 694/694/694 696/696/696 695/695/695
f 694/694/694 695/695/695 697/697/697
f 698/698/698 700/700/700 699/699/699
f 700/700/700 701/701/701 699/699/699
f 700/700/700 702/702/702 701/701/701
f 703/703/703 698/698/698 699/699/699
f 703/703/703 699/699/699 704/704/704
f 705/705/705 707/707/707 706/706/706
f 705/705/705 706/706/706 708/708/708
f 709/709/709 711/711/711 710/710/710
f 711/711/711 712/712/712 710/710/710
f 711/711/711 713/713/713 712/712/712
f 714/714/714 711/711/711 709/709/709
f 714/714/714 709/709/709 715/715/715
f 716/716/716 718/718/718 717/717/717
f 716/716/716 717/717/717 719/719/719
f 720/720/720 716/716/716 719/719/719
f 720/720/720 719/719/719 721/721/721
f 722/722/722 724/724/724 723/723/723
f 722/722/722 723/723/723 725/725/725
f 726/726/726 728/728/728 727/727/727
f 726/726/726 727/727/727 729/729/729
f 730/730/730 732/732/732 731/731/731
f 730/730/730 731/731/731 733/733/733
f 734/734/734 736/736/736 735/735/735
f 734/734/734 735/735/735 737/737/737
f 738/738/738 740/740/740 739/739/739
f 738/738/738 739/739/739 741/741/741
f 740/740/740 742/742/742 739/739/739
f 740/740/740 743/743/743 742/742/742
f 744/744/744 740/740/740 738/738/738
f 744/744/744 738/738/738 745/745/745
f 746/746/746 738/738/738 741/741/741
f 747/747/747 746/746/746 741/741/741
f 747/747/747 741/741/741 748/748/748
f 749/749/749 751/751/751 750/750/750
f 749/749/749 750/750/750 752/752/752
f 751/751/751 753/753/753 750/750/750
f 752/752/752 754/754/754 749/749/749
f 752/752/752 755/755/755 754/754/754
f 751/751/751 757/757/757 756/756/756
f 758/758/758 760/760/760 759/759/759
f 758/758/758 759/759/759 761/761/761
f 760/760/760 762/762/762 759/759/759
f 760/760/760 763/763/763 762/762/762
f 764/764/764 761/761/761 759/759/759
f 764/764/764 759/759/759 765/765/765
f 758/758/758 761/761/761 766/766/766
f 767/767/767 758/758/758 766/766/766
f 767/767/767 766/766/766 768/768/768
f 769/769/769 771/771/771 770/770/770
f 769/769/769 770/770/770 772/772/772
f 773/773/773 775/775/775 774/774/774
f 773/773/773 774/774/774 776/776/776
f 775/775/775 777/777/777 774/774/774
f 775/775/775 778/778/778 777/777/777
f 779/779/779 777/777/777 778/778/778
f 779/779/779 778/778/778 780/780/780
f 781/781/781 783/783/783 782/782/782
f 781/781/781 782/782/782 784/784/784
f 785/785/785 787/787/787 786/786/786
f 785/785/785 786/786/786 788/788/788
f 789/789/789 791/791/791 790/790/790
f 791/791/791 792/792/792 790/790/790
f 791/791/791 793/793/793 792/792/792
f 794/794/794 789/789/789 790/790/790
f 794/794/794 790/790/790 795/795/795
f 796/796/796 798/798/798 797/797/797
f 796/796/796 797/797/797 799/799/799
f 800/800/800 802/802/802 801/801/801
f 802/802/802 803/803/803 801/801/801
f 802/802/802 804/804/804 803/803/803
f 805/805/805 802/802/802 800/800/800
f 805/805/805 800/800/800 806/806/806
f 807/807/807 809/809/809 808/808/808
f 807/807/807 808/808/808 810/810/810
f 811/811/811 807/807/807 810/810/810
f 811/811/811 810/810/810 812/812/812
f 813/813/813 815/815/815 814/814/814
f 813/813/813 814/814/814 816/816/816
f 817/817/817 819/819/819 818/818/818
f 817/817/817 818/818/818 820/820/820
f 821/821/821 823/823/823 822/822/822
f 821/821/821 822/822/822 824/824/824
f 825/825/825 827/827/827 826/826/826
f 825/825/825 826/826/826 828/828/828
f 829/829/829 831/831/831 830/830/830
f 829/829/829 830/830/830 832/832/832
f 831/831/831 833/833/833 830/830/830
f 831/831/831 834/834/834 833/833/833
f 832/832/832 835/835/835 829/829/829
f 832/832/832 836/836/836 835/835/835
f 837/837/837 831/831/831 829/829/829
f 837/837/837 829/829/829 838/838/838
f 839/839/839 841/841/841 840/840/840
f 839/839/839 840/840/840 842/842/842
f 841/841/841 843/843/843 840/840/840
f 842/842/842 844/844/844 839/839/839
f 842/842/842 845/845/845 844/844/844
f 841/841/841 847/847/847 846/846/846
f 848/848/848 850/850/850 849/849/849
f 848/848/848 849/849/849 851/851/851
f 850/850/850 852/852/852 849/849/849
f 850/850/850 853/853/853 852/852/852
f 851/851/851 854/854/854 848/848/848
f 851/851/851 855/855/855 854/854/854
f 856/856/856 851/851/851 849/849/849
f 856/856/856 849/849/849 857/857/857
f 858/858/858 860/860/860 859/859/859
f 858/858/858 859/859/859 861/861/861
f 862/862/862 864/864/864 863/863/863
f 862/862/862 863/863/863 865/865/865
f 866/866/866 862/862/862 865/865/865
f 866/866/866 865/865/865 867/867/867
f 868/868/868 870/870/870 869/869/869
f 868/868/868 869/869/869 871/871/871
f 872/872/872 874/874/874 873/873/873
f 875/875/875 877/877/877 876/876/876
f 875/875/875 876/876/876 878/878/878
f 879/879/879 881/881/881 880/880/880
f 879/879/879 880/880/880 882/882/882
f 883/883/883 885/885/885 884/884/884
f 883/883/883 884/884/884 886/886/886
f 887/887/887 889/889/889 888/888/888
f 887/887/887 888/888/888 890/890/890
f 891/891/891 893/893/893 892/892/892
f 891/891/891 892/892/892 894/894/894
