<?xml version="1.0" encoding="utf-8"?>
<COLLADA xmlns="http://www.collada.org/2005/11/COLLADASchema" version="1.4.1">
  <asset>
    <created>2016-02-19T22:58:52Z</created>
    <modified>2016-02-19T22:58:52Z</modified>
  </asset>
  <library_images>
    <image id="Image">
      <init_from>helmet.png</init_from>
    </image>
    <image id="Image1">
      <init_from>equip.png</init_from>
    </image>
    <image id="Image2">
      <init_from>armor.png</init_from>
    </image>
  </library_images>
  <library_materials>
    <material id="VisualMaterial" name="helmet_003_004_01_m">
      <instance_effect url="#Effect"/>
      <extra>
        <technique profile="FCOLLADA">
          <user_properties>helmet_003_004_01_m</user_properties>
        </technique>
      </extra>
    </material>
    <material id="VisualMaterial1" name="equip_003_01_m">
      <instance_effect url="#Effect1"/>
      <extra>
        <technique profile="FCOLLADA">
          <user_properties>equip_003_01_m</user_properties>
        </technique>
      </extra>
    </material>
    <material id="VisualMaterial2" name="role_001_m">
      <instance_effect url="#Effect2"/>
      <extra>
        <technique profile="FCOLLADA">
          <user_properties>role_001_m</user_properties>
        </technique>
      </extra>
    </material>
  </library_materials>
  <library_effects>
    <effect id="Effect" name="C__Users_Eric_Desktop_dump_callofminiinfinity_app_Data_Texture2D_helmet_003_004_01_m__320588_pvr">
      <profile_COMMON>
        <newparam sid="Image-surface">
          <surface type="2D">
            <init_from>Image</init_from>
            <format>A8R8G8B8</format>
          </surface>
        </newparam>
        <newparam sid="Image-sampler">
          <sampler2D>
            <source>Image-surface</source>
            <wrap_s>WRAP</wrap_s>
            <wrap_t>WRAP</wrap_t>
            <minfilter>NONE</minfilter>
            <magfilter>NONE</magfilter>
            <mipfilter>NONE</mipfilter>
          </sampler2D>
        </newparam>
        <technique sid="common">
          <phong>
            <emission>
              <color>0 0 0 1</color>
            </emission>
            <ambient>
              <color>0 0 0 1</color>
            </ambient>
            <diffuse>
              <texture texture="Image-sampler" texcoord=""/>
            </diffuse>
            <specular>
              <color>1 1 1 1</color>
            </specular>
            <shininess>
              <float>0</float>
            </shininess>
            <transparent opaque="A_ONE">
              <color>0 0 0 1</color>
            </transparent>
            <transparency>
              <float>1</float>
            </transparency>
            <index_of_refraction>
              <float>1.55</float>
            </index_of_refraction>
          </phong>
          <extra>
            <technique profile="FCOLLADA">
              <spec_level>
                <float>0</float>
              </spec_level>
            </technique>
          </extra>
        </technique>
      </profile_COMMON>
      <extra>
        <technique profile="FCOLLADA">
          <user_properties>C:%5CUsers%5CEric%5CDesktop%5Cdump%5Ccallofminiinfinity.app%5CData%5CTexture2D%5Chelmet_003_004_01_m #320588.pvr</user_properties>
        </technique>
      </extra>
    </effect>
    <effect id="Effect1" name="C__Users_Eric_Desktop_dump_callofminiinfinity_app_Data_Texture2D_equip_003_01_m__320729_pvr">
      <profile_COMMON>
        <newparam sid="Image1-surface">
          <surface type="2D">
            <init_from>Image1</init_from>
            <format>A8R8G8B8</format>
          </surface>
        </newparam>
        <newparam sid="Image1-sampler">
          <sampler2D>
            <source>Image1-surface</source>
            <wrap_s>WRAP</wrap_s>
            <wrap_t>WRAP</wrap_t>
            <minfilter>NONE</minfilter>
            <magfilter>NONE</magfilter>
            <mipfilter>NONE</mipfilter>
          </sampler2D>
        </newparam>
        <technique sid="common">
          <phong>
            <emission>
              <color>0 0 0 1</color>
            </emission>
            <ambient>
              <color>0 0 0 1</color>
            </ambient>
            <diffuse>
              <texture texture="Image1-sampler" texcoord=""/>
            </diffuse>
            <specular>
              <color>1 1 1 1</color>
            </specular>
            <shininess>
              <float>0</float>
            </shininess>
            <transparent opaque="A_ONE">
              <color>0 0 0 1</color>
            </transparent>
            <transparency>
              <float>1</float>
            </transparency>
            <index_of_refraction>
              <float>1.55</float>
            </index_of_refraction>
          </phong>
          <extra>
            <technique profile="FCOLLADA">
              <spec_level>
                <float>0</float>
              </spec_level>
            </technique>
          </extra>
        </technique>
      </profile_COMMON>
      <extra>
        <technique profile="FCOLLADA">
          <user_properties>C:%5CUsers%5CEric%5CDesktop%5Cdump%5Ccallofminiinfinity.app%5CData%5CTexture2D%5Cequip_003_01_m #320729.pvr</user_properties>
        </technique>
      </extra>
    </effect>
    <effect id="Effect2" name="C__Users_Eric_Desktop_dump_callofminiinfinity_app_Data_Texture2D_role_001_m__320768_pvr">
      <profile_COMMON>
        <newparam sid="Image2-surface">
          <surface type="2D">
            <init_from>Image2</init_from>
            <format>A8R8G8B8</format>
          </surface>
        </newparam>
        <newparam sid="Image2-sampler">
          <sampler2D>
            <source>Image2-surface</source>
            <wrap_s>WRAP</wrap_s>
            <wrap_t>WRAP</wrap_t>
            <minfilter>NONE</minfilter>
            <magfilter>NONE</magfilter>
            <mipfilter>NONE</mipfilter>
          </sampler2D>
        </newparam>
        <technique sid="common">
          <phong>
            <emission>
              <color>0 0 0 1</color>
            </emission>
            <ambient>
              <color>0 0 0 1</color>
            </ambient>
            <diffuse>
              <texture texture="Image2-sampler" texcoord=""/>
            </diffuse>
            <specular>
              <color>1 1 1 1</color>
            </specular>
            <shininess>
              <float>0</float>
            </shininess>
            <transparent opaque="A_ONE">
              <color>0 0 0 1</color>
            </transparent>
            <transparency>
              <float>1</float>
            </transparency>
            <index_of_refraction>
              <float>1.55</float>
            </index_of_refraction>
          </phong>
          <extra>
            <technique profile="FCOLLADA">
              <spec_level>
                <float>0</float>
              </spec_level>
            </technique>
          </extra>
        </technique>
      </profile_COMMON>
      <extra>
        <technique profile="FCOLLADA">
          <user_properties>C:%5CUsers%5CEric%5CDesktop%5Cdump%5Ccallofminiinfinity.app%5CData%5CTexture2D%5Crole_001_m #320768.pvr</user_properties>
        </technique>
      </extra>
    </effect>
  </library_effects>
  <library_geometries>
    <geometry id="Geometry" name="helmet_003">
      <mesh>
        <source id="GeometrySource" name="helmet_003Pos">
          <float_array id="GeometrySource-array" count="756">0.320848 1.53431 0.311831 0.282248 1.35671 0.302224 0.339058 1.44755 0.208606 0.369095 1.5484 0.083385 0.097332 1.28435 0.42763 0.154764 1.49212 0.444905 0.335673 1.64212 0.316741 0.211219 1.62557 0.455206 0.000475 1.48938 0.476318 0.000552 1.6257 0.476746 0.000334 1.23986 0.440582 0.357611 1.63496 0.189693 0.38084 1.8915 0.284461 0.268655 2.02976 0.263661 0.199513 1.88929 0.445611 0.314502 2.05267 0.004542 0.431237 1.91054 -0.00273 0.000826 2.10976 0.003662 0.000802 2.0696 0.294815 0.270915 2.02949 -0.224061 0.000804 2.06927 -0.295095 0.000746 1.96596 -0.464152 0.249938 1.93441 -0.376195 0.39416 1.91043 -0.242208 0.418966 1.66012 -0.304213 0.452776 1.59068 -0.038583 0.416682 1.6297 0.20832 0.420232 1.54206 0.110676 0.3246 1.63753 0.378565 0.125541 1.59867 0.593695 0.000635 1.76791 -0.663912 0.235995 1.73252 -0.560192 0.0007 1.88942 0.476649 0.00053 1.58814 0.639027 -0.124468 1.59881 0.593694 -0.198112 1.88951 0.44561 -0.323482 1.63789 0.378563 -0.267094 2.03007 0.263659 -0.379435 1.89192 0.284459 -0.312914 2.05303 0.00454 -0.429809 1.91103 -0.002733 -0.269352 2.02979 -0.224063 -0.248481 1.93469 -0.376196 -0.392731 1.91087 -0.24221 -0.417818 1.66059 -0.304216 -0.451708 1.59119 -0.038586 -0.415572 1.63017 0.208317 -0.419219 1.54254 0.110673 -0.234764 1.73278 -0.560193 0.418966 1.66012 -0.304213 0.351808 1.22867 -0.197612 0.225327 1.21394 -0.308466 0.269017 1.71671 -0.430541 0.00033 1.22743 -0.373691 0.000631 1.76208 -0.518723 0.452776 1.59068 -0.038583 0.360434 1.22201 0.005578 0.420232 1.54206 0.110676 0.391051 1.44878 0.230692 0.276061 1.20901 0.328684 0.308066 1.36193 0.327054 0.129823 1.1991 0.470628 0.104011 1.27259 0.516388 0.000307 1.1914 0.511948 0.000346 1.26137 0.551102 0.416682 1.6297 0.20832 0.341492 1.65289 0.208987 0.36081 1.54371 0.097484 0.420232 1.54206 0.110676 0.420232 1.54206 0.110676 0.36081 1.54371 0.097484 0.34088 1.45436 0.213752 0.391051 1.44878 0.230692 0.308066 1.36193 0.327054 0.28297 1.37144 0.309126 0.104078 1.29992 0.430353 0.104011 1.27259 0.516388 0.104011 1.27259 0.516388 0.104078 1.29992 0.430353 0.000368 1.29885 0.447908 0.000346 1.26137 0.551102 0.000631 1.76208 -0.518723 0.000635 1.76791 -0.663912 0.235995 1.73252 -0.560192 0.269017 1.71671 -0.430541 0.418966 1.66012 -0.304213 -0.234764 1.73278 -0.560193 -0.267804 1.71702 -0.430542 -0.417818 1.66059 -0.304216 0.351808 1.22867 -0.197612 0.000307 1.1914 0.511948 0.225327 1.21394 -0.308466 0.00033 1.22743 -0.373691 0.360434 1.22201 0.005578 0.276061 1.20901 0.328684 0.129823 1.1991 0.470628 -0.319846 1.53467 0.311829 -0.368075 1.54882 0.083383 -0.338152 1.44793 0.208603 -0.281446 1.35703 0.302222 -0.096612 1.28445 0.427629 -0.15381 1.49229 0.444904 -0.33455 1.6425 0.316738 -0.210114 1.62581 0.455205 -0.356494 1.63536 0.189691 -0.267804 1.71702 -0.430542 -0.224682 1.21419 -0.308467 -0.417818 1.66059 -0.304216 -0.351146 1.22907 -0.197615 -0.451708 1.59119 -0.038586 -0.359781 1.22242 0.005576 -0.419219 1.54254 0.110673 -0.390144 1.44922 0.230689 -0.275425 1.20932 0.328682 -0.307258 1.36228 0.327052 -0.129199 1.19924 0.470627 -0.103305 1.2727 0.516387 -0.415572 1.63017 0.208317 -0.419219 1.54254 0.110673 -0.359796 1.54411 0.097482 -0.340355 1.65327 0.208985 -0.419219 1.54254 0.110673 -0.390144 1.44922 0.230689 -0.339967 1.45474 0.21375 -0.359796 1.54411 0.097482 -0.307258 1.36228 0.327052 -0.282151 1.37176 0.309124 -0.10334 1.30004 0.430353 -0.103305 1.2727 0.516387 -0.103305 1.2727 0.516387 -0.10334 1.30004 0.430353 -0.224682 1.21419 -0.308467 -0.351146 1.22907 -0.197615 -0.359781 1.22242 0.005576 -0.275425 1.20932 0.328682 -0.129199 1.19924 0.470627 0.3246 1.63753 0.378565 0.125541 1.59867 0.593695 0.123265 1.63744 0.379371 0.416682 1.6297 0.20832 0.125541 1.59867 0.593695 0.00053 1.58814 0.639027 0.000552 1.62691 0.424703 0.123265 1.63744 0.379371 -0.122147 1.63758 0.37937 -0.124468 1.59881 0.593694 -0.124468 1.59881 0.593694 -0.323482 1.63789 0.378563 -0.415572 1.63017 0.208317 -0.122147 1.63758 0.37937 0.460222 1.35118 0.050176 0.460221 1.34791 -0.187604 0.485897 1.4877 -0.214794 0.485885 1.46955 0.11502 0.511545 1.58091 0.087845 0.511565 1.61449 -0.149955 0.366065 1.36903 0.055036 0.366064 1.36641 -0.187346 0.460221 1.34791 -0.187604 0.460222 1.35118 0.050176 0.366064 1.36641 -0.187346 0.392237 1.5089 -0.215062 0.485897 1.4877 -0.214794 0.460221 1.34791 -0.187604 0.511565 1.61449 -0.149955 0.418402 1.63815 -0.148968 0.418402 1.63815 -0.148968 0.418382 1.60393 0.093434 0.511545 1.58091 0.087845 0.511565 1.61449 -0.149955 0.418382 1.60393 0.093434 0.392218 1.47748 0.121142 0.485885 1.46955 0.11502 0.511545 1.58091 0.087845 0.460222 1.35118 0.050176 0.366065 1.36903 0.055036 0.522046 2.10658 -0.440035 0.51005 2.08445 -0.326693 0.5436 2.07533 -0.326657 0.555279 2.09706 -0.437104 0.396531 1.61716 0.051279 0.48644 1.59958 0.045688 0.417136 1.64401 -0.162582 0.396531 1.61716 0.051279 0.51005 2.08445 -0.326693 0.522046 2.10658 -0.440035 0.48644 1.59958 0.045688 0.486455 1.62579 -0.163572 0.555279 2.09706 -0.437104 0.5436 2.07533 -0.326657 0.486455 1.62579 -0.163572 0.417136 1.64401 -0.162582 0.522046 2.10658 -0.440035 0.555279 2.09706 -0.437104 0.417136 1.64401 -0.162582 0.486455 1.62579 -0.163572 0.48644 1.59958 0.045688 0.396531 1.61716 0.051279 -0.459424 1.35169 0.050173 -0.484954 1.4701 0.115017 -0.484943 1.48824 -0.214797 -0.459425 1.34842 -0.187607 -0.510489 1.58149 0.087842 -0.510469 1.61507 -0.149958 -0.365247 1.36944 0.055034 -0.459424 1.35169 0.050173 -0.459425 1.34842 -0.187607 -0.365247 1.36682 -0.187348 -0.365247 1.36682 -0.187348 -0.459425 1.34842 -0.187607 -0.484943 1.48824 -0.214797 -0.39126 1.50935 -0.215064 -0.39126 1.50935 -0.215064 -0.484943 1.48824 -0.214797 -0.510469 1.61507 -0.149958 -0.41728 1.63862 -0.148971 -0.41728 1.63862 -0.148971 -0.510469 1.61507 -0.149958 -0.510489 1.58149 0.087842 -0.4173 1.6044 0.093431 -0.4173 1.6044 0.093431 -0.510489 1.58149 0.087842 -0.484954 1.4701 0.115017 -0.391278 1.47792 0.121139 -0.391278 1.47792 0.121139 -0.484954 1.4701 0.115017 -0.459424 1.35169 0.050173 -0.365247 1.36944 0.055034 -0.520394 2.10717 -0.440038 -0.553638 2.09769 -0.437108 -0.541985 2.07595 -0.32666 -0.508424 2.08502 -0.326696 -0.416007 1.64448 -0.162585 -0.520394 2.10717 -0.440038 -0.508424 2.08502 -0.326696 -0.395434 1.6176 0.051277 -0.395434 1.6176 0.051277 -0.508424 2.08502 -0.326696 -0.541985 2.07595 -0.32666 -0.485362 1.60013 0.045685 -0.485362 1.60013 0.045685 -0.541985 2.07595 -0.32666 -0.553638 2.09769 -0.437108 -0.485347 1.62634 -0.163576 -0.485347 1.62634 -0.163576 -0.553638 2.09769 -0.437108 -0.520394 2.10717 -0.440038 -0.416007 1.64448 -0.162585 -0.416007 1.64448 -0.162585 -0.395434 1.6176 0.051277 -0.485362 1.60013 0.045685 -0.485347 1.62634 -0.163576</float_array>
          <technique_common>
            <accessor source="#GeometrySource-array" count="252" stride="3">
              <param name="X" type="float"/>
              <param name="Y" type="float"/>
              <param name="Z" type="float"/>
            </accessor>
          </technique_common>
        </source>
        <source id="GeometrySource1" name="helmet_003Nrm">
          <float_array id="GeometrySource1-array" count="756">0.85145 -0.184913 0.490755 0.747168 -0.190028 0.636891 0.954612 -0.122602 0.271449 0.966047 -0.124228 0.226539 0.345185 -0.16465 0.923979 0.414292 -0.163723 0.895297 0.872016 -0.192735 0.449936 0.502318 -0.187175 0.844181 -0.000062 -0.104986 0.994474 -0.000042 -0.070026 0.997545 -0.000081 -0.139993 0.990153 0.973786 -0.125349 0.189809 0.826151 0.336745 0.451749 0.4414 0.80701 0.392301 0.416642 0.477564 0.773526 0.509526 0.860418 0.008011 0.923677 0.382703 0.018953 0.000562 0.999994 -0.003483 0.000506 0.902879 0.429894 0.439051 0.843841 -0.308491 0.000524 0.929905 -0.3678 0.00043 0.761297 -0.648403 0.514734 0.621989 -0.590067 0.837554 0.433772 -0.332183 0.880196 -0.056544 -0.47123 0.996832 -0.079251 -0.006675 0.795985 -0.297404 0.527219 0.554925 0.020982 0.831636 0.76807 0.091614 0.633779 0.373325 0.366329 0.85231 0.000388 0.685428 -0.72814 0.433943 -0.418708 -0.797732 0.00033 0.592145 0.805831 0.000247 0.445137 0.895463 -0.372917 0.366749 0.852307 -0.416109 0.478033 0.773523 -0.76797 0.092479 0.633774 -0.440494 0.807507 0.392298 -0.825774 0.337675 0.451744 -0.508557 0.860991 0.008008 -0.923246 0.383743 0.018947 -0.438098 0.844335 -0.308494 -0.51403 0.622568 -0.59007 -0.837063 0.434715 -0.332188 -0.880256 -0.055553 -0.471236 -0.996921 -0.078128 -0.006682 -0.796322 -0.296507 0.527214 -0.554906 0.021607 0.831632 -0.434409 -0.41822 -0.797735 0.880196 -0.056544 -0.47123 0.857994 -0.252077 -0.447554 0.444584 -0.258658 -0.857579 0.411016 -0.258016 -0.874353 -0.000143 -0.259889 -0.965639 -0.000143 -0.259889 -0.965639 0.996832 -0.079251 -0.006675 0.967067 -0.248392 0.055523 0.970209 -0.216787 0.108156 0.941755 -0.269983 0.200515 0.817807 -0.235338 0.525174 0.86121 -0.271586 0.429602 0.578726 -0.265808 0.770988 0.482325 -0.337611 0.80832 -0.000264 -0.465138 0.885238 -0.000264 -0.465138 0.885238 0.795985 -0.297404 0.527219 -0.195185 -0.724797 0.660736 -0.195185 -0.724797 0.660736 0.554925 0.020982 0.831636 0.554925 0.020982 0.831636 -0.110572 0.797338 0.593318 -0.116651 0.791904 0.5994 -0.116517 0.792024 0.599267 -0.114266 0.867009 0.485014 -0.114301 0.866754 0.485461 -0.053278 0.937745 0.343215 -0.011774 0.942723 0.333369 -0.011774 0.942723 0.333369 -0.053278 0.937745 0.343215 0.000531 0.946029 0.324081 0.000531 0.946029 0.324081 -0.000561 -0.998065 -0.062181 -0.000561 -0.998065 -0.062181 0.433943 -0.418708 -0.797732 -0.275878 -0.960368 -0.039814 0.880196 -0.056544 -0.47123 -0.434409 -0.41822 -0.797735 0.274797 -0.960678 -0.039812 -0.880256 -0.055553 -0.471236 0.096272 -0.995344 -0.004598 -0.000562 -0.999724 -0.023467 0.018601 -0.999577 -0.022366 -0.000562 -0.999173 -0.040651 0.037719 -0.998725 -0.033557 0.045576 -0.998586 -0.027373 0.055286 -0.998389 -0.012744 -0.85166 -0.183954 0.49075 -0.966188 -0.12314 0.226533 -0.954751 -0.121527 0.271443 -0.747385 -0.189186 0.636886 -0.345376 -0.164261 0.923977 -0.414482 -0.163257 0.895294 -0.872235 -0.191753 0.44993 -0.502534 -0.186609 0.844178 -0.973928 -0.124253 0.189803 -0.411301 -0.257553 -0.874356 -0.444869 -0.258157 -0.857582 -0.880256 -0.055553 -0.471236 -0.858274 -0.25111 -0.447559 -0.996921 -0.078128 -0.006682 -0.967346 -0.247303 0.055517 -0.970453 -0.215694 0.108149 -0.94206 -0.268922 0.200509 -0.818075 -0.234417 0.525168 -0.861518 -0.270616 0.429597 -0.57903 -0.265157 0.770984 -0.482709 -0.337068 0.808317 -0.796322 -0.296507 0.527214 -0.554906 0.021607 0.831632 0.194364 -0.725016 0.660738 0.194364 -0.725016 0.660738 -0.554906 0.021607 0.831632 0.117405 0.791893 0.599268 0.117538 0.791772 0.599401 0.111465 0.797213 0.593319 0.115239 0.86688 0.485015 0.115274 0.866625 0.485462 0.054332 0.937684 0.343215 0.012833 0.942709 0.333369 0.012833 0.942709 0.333369 0.054332 0.937684 0.343215 -0.019726 -0.999555 -0.022366 -0.097392 -0.995235 -0.004599 -0.038843 -0.998682 -0.033557 -0.0467 -0.998534 -0.027374 -0.05641 -0.998326 -0.012744 0.000119 -0.996781 -0.080168 0.000119 -0.996781 -0.080168 0.000119 -0.996781 -0.080168 0.000119 -0.996781 -0.080168 0.018458 -0.983845 -0.178069 0.018458 -0.983845 -0.178069 0.018458 -0.983845 -0.178069 0.018458 -0.983845 -0.178069 -0.019565 -0.983823 -0.178069 -0.019565 -0.983823 -0.178069 -0.00124 -0.996781 -0.080168 -0.00124 -0.996781 -0.080168 -0.00124 -0.996781 -0.080168 -0.00124 -0.996781 -0.080168 0.980923 -0.19433 -0.005076 0.980923 -0.19433 -0.005076 0.979602 -0.200617 -0.011515 0.979412 -0.20149 -0.01241 0.977991 -0.207791 -0.018883 0.977991 -0.207791 -0.018883 -0.189232 -0.981858 0.012044 -0.189232 -0.981858 0.012044 -0.189232 -0.981858 0.012044 -0.189232 -0.981858 0.012044 -0.038835 -0.183906 -0.982176 0.034464 0.139714 -0.989592 0.031632 0.127183 -0.991375 -0.038835 -0.183906 -0.982176 0.101415 0.436591 -0.893926 0.101415 0.436591 -0.893926 0.245238 0.959937 0.135571 0.245238 0.959937 0.135571 0.245238 0.959937 0.135571 0.245238 0.959937 0.135571 0.094883 0.204177 0.974325 0.03704 -0.184232 0.982185 0.045859 -0.129211 0.990556 0.094883 0.204177 0.974325 -0.017488 -0.496898 0.867633 -0.017488 -0.496898 0.867633 0.2539 0.943745 0.211849 0.221752 0.816507 0.53305 0.221198 0.81436 0.536553 0.2539 0.943745 0.211849 0.164176 0.595796 0.786176 0.164176 0.595796 0.786176 -0.981011 0.180607 -0.070702 -0.981011 0.180607 -0.070702 -0.981011 0.180607 -0.070702 -0.981011 0.180607 -0.070702 0.992662 -0.119514 0.018389 0.992662 -0.119514 0.018389 0.992662 -0.119514 0.018389 0.992662 -0.119514 0.018389 -0.115807 -0.488669 -0.864749 -0.115807 -0.488669 -0.864749 -0.115807 -0.488669 -0.864749 -0.115807 -0.488669 -0.864749 -0.222591 -0.965938 -0.131975 -0.222591 -0.965938 -0.131975 -0.222591 -0.965938 -0.131975 -0.222591 -0.965938 -0.131975 -0.981141 -0.193226 -0.005082 -0.979638 -0.200387 -0.012417 -0.979827 -0.199514 -0.011521 -0.981141 -0.193226 -0.005082 -0.978224 -0.20669 -0.018889 -0.978224 -0.20669 -0.018889 0.188126 -0.982071 0.012046 0.188126 -0.982071 0.012046 0.188126 -0.982071 0.012046 0.188126 -0.982071 0.012046 0.038634 -0.183949 -0.982176 0.038634 -0.183949 -0.982176 0.038634 -0.183949 -0.982176 0.038634 -0.183949 -0.982176 -0.100918 0.436705 -0.893926 -0.100918 0.436705 -0.893926 -0.100918 0.436705 -0.893926 -0.100918 0.436705 -0.893926 -0.244158 0.960212 0.13557 -0.244158 0.960212 0.13557 -0.244158 0.960212 0.13557 -0.244158 0.960212 0.13557 -0.094659 0.204284 0.974324 -0.094659 0.204284 0.974324 -0.094659 0.204284 0.974324 -0.094659 0.204284 0.974324 0.016923 -0.496917 0.867633 0.016923 -0.496917 0.867633 0.016923 -0.496917 0.867633 0.016923 -0.496917 0.867633 -0.252838 0.94403 0.211848 -0.252838 0.94403 0.211848 -0.252838 0.94403 0.211848 -0.252838 0.94403 0.211848 0.981214 0.179502 -0.070696 0.981214 0.179502 -0.070696 0.981214 0.179502 -0.070696 0.981214 0.179502 -0.070696 -0.16351 0.595981 0.786175 -0.16351 0.595981 0.786175 -0.16351 0.595981 0.786175 -0.16351 0.595981 0.786175 -0.992796 -0.118396 0.018382 -0.992796 -0.118396 0.018382 -0.992796 -0.118396 0.018382 -0.992796 -0.118396 0.018382 0.115262 -0.488799 -0.864748 0.115262 -0.488799 -0.864748 0.115262 -0.488799 -0.864748 0.115262 -0.488799 -0.864748 0.221504 -0.966188 -0.131973 0.221504 -0.966188 -0.131973 0.221504 -0.966188 -0.131973 0.221504 -0.966188 -0.131973</float_array>
          <technique_common>
            <accessor source="#GeometrySource1-array" count="252" stride="3">
              <param name="X" type="float"/>
              <param name="Y" type="float"/>
              <param name="Z" type="float"/>
            </accessor>
          </technique_common>
        </source>
        <source id="GeometrySource2" name="helmet_003UV">
          <float_array id="GeometrySource2-array" count="504">0.746094 0.621094 0.777344 0.726563 0.691406 0.679688 0.589844 0.640625 0.925781 0.75 0.886719 0.613281 0.726563 0.542969 0.847656 0.523438 0.982364 0.613281 0.978457 0.523438 0.982364 0.78125 0.644531 0.566406 0.214844 0.6875 0.21875 0.632813 0.136719 0.65625 0.3125 0.632813 0.320313 0.6875 0.304688 0.515625 0.179688 0.539063 0.402344 0.617188 0.429688 0.511719 0.511719 0.542969 0.453125 0.628906 0.40625 0.671875 0.453125 0.757813 0.34375 0.804688 0.238281 0.789063 0.277344 0.824219 0.132813 0.765625 0.074218 0.734375 0.582031 0.585938 0.519531 0.679688 0.085937 0.59375 0.011718 0.679688 0.074218 0.734375 0.136719 0.65625 0.132813 0.765625 0.21875 0.632813 0.214844 0.6875 0.3125 0.632813 0.320313 0.6875 0.402344 0.617188 0.453125 0.628906 0.40625 0.671875 0.453125 0.757813 0.34375 0.804688 0.238281 0.789063 0.277344 0.824219 0.519531 0.679688 0.435512 0.786443 0.429688 0.94847 0.517566 0.946529 0.541729 0.754608 0.616533 0.936728 0.627596 0.738913 0.335283 0.820944 0.300781 0.964844 0.285126 0.838507 0.223358 0.877069 0.160156 0.964867 0.17253 0.908265 0.089843 0.964844 0.087317 0.939011 0.019531 0.964844 0.019531 0.939011 0.019422 0.824536 0.016166 0.782218 0.126844 0.778963 0.130099 0.824536 0.013353 0.885718 0.013353 0.835717 0.066478 0.835717 0.066478 0.885718 0.128979 0.885718 0.128979 0.835717 0.194604 0.835717 0.194604 0.885718 0.807168 0.823019 0.807168 0.764575 0.917793 0.764575 0.917793 0.823019 0.5 0.726563 0.511719 0.746094 0.570313 0.667969 0.558594 0.65625 0.582031 0.597656 0.570313 0.667969 0.558594 0.65625 0.582031 0.597656 0.08235 0.572771 0.009997 0.521802 0.097301 0.554976 0.104528 0.52087 0.059675 0.574255 0.019854 0.562673 0.011481 0.544478 0.746094 0.621094 0.589844 0.640625 0.691406 0.679688 0.777344 0.726563 0.925781 0.75 0.886719 0.613281 0.726563 0.542969 0.847656 0.523438 0.644531 0.566406 0.541729 0.754608 0.517566 0.946529 0.435512 0.786443 0.429688 0.94847 0.335283 0.820944 0.300781 0.964844 0.285126 0.838507 0.223358 0.877069 0.160156 0.964867 0.17253 0.908265 0.089843 0.964844 0.087317 0.939011 0.019422 0.824536 0.130099 0.824536 0.126844 0.778963 0.016166 0.782218 0.013353 0.885718 0.066478 0.885718 0.066478 0.835717 0.013353 0.835717 0.128979 0.885718 0.128979 0.835717 0.194604 0.835717 0.194604 0.885718 0.807168 0.823019 0.807168 0.764575 0.097301 0.554976 0.08235 0.572771 0.059675 0.574255 0.019854 0.562673 0.011481 0.544478 0.132813 0.765625 0.074218 0.734375 0.074218 0.734375 0.132813 0.765625 0.074218 0.734375 0.011718 0.679688 0.011718 0.679688 0.074218 0.734375 0.074218 0.734375 0.074218 0.734375 0.074218 0.734375 0.132813 0.765625 0.132813 0.765625 0.074218 0.734375 0.749531 0.829134 0.749531 0.747521 0.704715 0.731338 0.704715 0.845318 0.659475 0.829385 0.659475 0.747271 0.775166 0.849886 0.771291 0.732582 0.749531 0.747521 0.749531 0.829134 0.771291 0.732582 0.704034 0.700817 0.704715 0.731338 0.749531 0.747521 0.659475 0.747271 0.636859 0.73251 0.636859 0.73251 0.636859 0.844146 0.659475 0.829385 0.659475 0.747271 0.636859 0.844146 0.71911 0.871615 0.704715 0.845318 0.659475 0.829385 0.749531 0.829134 0.775166 0.849886 0.624864 0.984522 0.68294 0.984044 0.682747 0.963989 0.624557 0.963734 0.979534 0.984283 0.979258 0.946164 0.901816 0.869268 0.979258 0.946164 0.682747 0.963989 0.637832 0.928082 0.979258 0.946164 0.901816 0.869268 0.637832 0.928082 0.682747 0.963989 0.901816 0.869268 0.894324 0.835298 0.632625 0.897519 0.637832 0.928082 0.922683 0.853002 0.901816 0.869268 0.979258 0.946164 1.00082 0.925196 0.749531 0.829134 0.704715 0.845318 0.704715 0.731338 0.749531 0.747521 0.659475 0.829385 0.659475 0.747271 0.775166 0.849886 0.749531 0.829134 0.749531 0.747521 0.771291 0.732582 0.771291 0.732582 0.749531 0.747521 0.704715 0.731338 0.704034 0.700817 0.704034 0.700817 0.704715 0.731338 0.659475 0.747271 0.636859 0.73251 0.636859 0.73251 0.659475 0.747271 0.659475 0.829385 0.636859 0.844146 0.636859 0.844146 0.659475 0.829385 0.704715 0.845318 0.71911 0.871615 0.71911 0.871615 0.704715 0.845318 0.749531 0.829134 0.775166 0.849886 0.624864 0.984522 0.624557 0.963734 0.682747 0.963989 0.68294 0.984044 0.901816 0.869268 0.637832 0.928082 0.682747 0.963989 0.979258 0.946164 0.979534 0.984283 0.68294 0.984044 0.682747 0.963989 0.979258 0.946164 0.979258 0.946164 0.682747 0.963989 0.637832 0.928082 0.901816 0.869268 0.901816 0.869268 0.637832 0.928082 0.632625 0.897519 0.894324 0.835298 0.922683 0.853002 1.00082 0.925196 0.979258 0.946164 0.901816 0.869268</float_array>
          <technique_common>
            <accessor source="#GeometrySource2-array" count="252" stride="2">
              <param name="S" type="float"/>
              <param name="T" type="float"/>
            </accessor>
          </technique_common>
        </source>
        <source id="GeometrySource3" name="helmet_003Clr">
          <float_array id="GeometrySource3-array" count="1008">1 1 1 1 1 1 1 1 1 1 1 1 1 1 1 1 1 1 1 1 1 1 1 1 1 1 1 1 1 1 1 1 1 1 1 1 1 1 1 1 1 1 1 1 1 1 1 1 1 1 1 1 1 1 1 1 1 1 1 1 1 1 1 1 1 1 1 1 1 1 1 1 1 1 1 1 1 1 1 1 1 1 1 1 1 1 1 1 1 1 1 1 1 1 1 1 1 1 1 1 1 1 1 1 1 1 1 1 1 1 1 1 1 1 1 1 1 1 1 1 1 1 1 1 1 1 1 1 1 1 1 1 1 1 1 1 1 1 1 1 1 1 1 1 1 1 1 1 1 1 1 1 1 1 1 1 1 1 1 1 1 1 1 1 1 1 1 1 1 1 1 1 1 1 1 1 1 1 1 1 1 1 1 1 1 1 1 1 1 1 1 1 1 1 1 1 1 1 1 1 1 1 1 1 1 1 1 1 1 1 1 1 1 1 1 1 1 1 1 1 1 1 1 1 1 1 1 1 1 1 1 1 1 1 1 1 1 1 1 1 1 1 1 1 1 1 1 1 1 1 1 1 1 1 1 1 1 1 1 1 1 1 1 1 1 1 1 1 1 1 1 1 1 1 1 1 1 1 1 1 1 1 1 1 1 1 1 1 1 1 1 1 1 1 1 1 1 1 1 1 1 1 1 1 1 1 1 1 1 1 1 1 1 1 1 1 1 1 1 1 1 1 1 1 1 1 1 1 1 1 1 1 1 1 1 1 1 1 1 1 1 1 1 1 1 1 1 1 1 1 1 1 1 1 1 1 1 1 1 1 1 1 1 1 1 1 1 1 1 1 1 1 1 1 1 1 1 1 1 1 1 1 1 1 1 1 1 1 1 1 1 1 1 1 1 1 1 1 1 1 1 1 1 1 1 1 1 1 1 1 1 1 1 1 1 1 1 1 1 1 1 1 1 1 1 1 1 1 1 1 1 1 1 1 1 1 1 1 1 1 1 1 1 1 1 1 1 1 1 1 1 1 1 1 1 1 1 1 1 1 1 1 1 1 1 1 1 1 1 1 1 1 1 1 1 1 1 1 1 1 1 1 1 1 1 1 1 1 1 1 1 1 1 1 1 1 1 1 1 1 1 1 1 1 1 1 1 1 1 1 1 1 1 1 1 1 1 1 1 1 1 1 1 1 1 1 1 1 1 1 1 1 1 1 1 1 1 1 1 1 1 1 1 1 1 1 1 1 1 1 1 1 1 1 1 1 1 1 1 1 1 1 1 1 1 1 1 1 1 1 1 1 1 1 1 1 1 1 1 1 1 1 1 1 1 1 1 1 1 1 1 1 1 1 1 1 1 1 1 1 1 1 1 1 1 1 1 1 1 1 1 1 1 1 1 1 1 1 1 1 1 1 1 1 1 1 1 1 1 1 1 1 1 1 1 1 1 1 1 1 1 1 1 1 1 1 1 1 1 1 1 1 1 1 1 1 1 1 1 1 1 1 1 1 1 1 1 1 1 1 1 1 1 1 1 1 1 1 1 1 1 1 1 1 1 1 1 1 1 1 1 1 1 1 1 1 1 1 1 1 1 1 1 1 1 1 1 1 1 1 1 1 1 1 1 1 1 1 1 1 1 1 1 1 1 1 1 1 1 1 1 1 1 1 1 1 1 1 1 1 1 1 1 1 1 1 1 1 1 1 1 1 1 1 1 1 1 1 1 1 1 1 1 1 1 1 1 1 1 1 1 1 1 1 1 1 1 1 1 1 1 1 1 1 1 1 1 1 1 1 1 1 1 1 1 1 1 1 1 1 1 1 1 1 1 1 1 1 1 1 1 1 1 1 1 1 1 1 1 1 1 1 1 1 1 1 1 1 1 1 1 1 1 1 1 1 1 1 1 1 1 1 1 1 1 1 1 1 1 1 1 1 1 1 1 1 1 1 1 1 1 1 1 1 1 1 1 1 1 1 1 1 1 1 1 1 1 1 1 1 1 1 1 1 1 1 1 1 1 1 1 1 1 1 1 1 1 1 1 1 1 1 1 1 1 1 1 1 1 1 1 1 1 1 1 1 1 1 1 1 1 1 1 1 1 1 1 1 1 1 1 1 1 1 1 1 1 1 1 1 1 1 1 1 1 1 1 1 1 1 1 1 1 1 1 1 1 1 1 1 1 1 1 1 1 1 1 1 1 1 1 1 1 1 1 1 1 1 1 1 1 1 1 1 1 1 1 1 1 1 1 1 1 1 1 1 1 1 1 1 1 1 1 1 1 1 1 1</float_array>
          <technique_common>
            <accessor source="#GeometrySource3-array" count="252" stride="4">
              <param name="R" type="float"/>
              <param name="G" type="float"/>
              <param name="B" type="float"/>
              <param name="A" type="float"/>
            </accessor>
          </technique_common>
        </source>
        <vertices id="Geometry-vertices">
          <input semantic="POSITION" source="#GeometrySource"/>
          <input semantic="NORMAL" source="#GeometrySource1"/>
          <input semantic="TEXCOORD" source="#GeometrySource2"/>
          <input semantic="COLOR" source="#GeometrySource3"/>
        </vertices>
        <triangles material="VisualMaterial0" count="208">
          <input semantic="VERTEX" source="#Geometry-vertices" offset="0"/>
          <p>0 1 2 0 2 3 0 4 1 0 5 4 6 5 0 3 6 0 6 7 5 7 8 5 7 9 8 5 8 10 5 10 4 3 11 6 12 13 14 12 15 13 12 16 15 13 15 17 14 13 18 13 17 18 17 15 19 17 19 20 19 21 20 19 22 21 23 22 19 15 16 23 15 23 19 16 24 23 16 25 24 26 16 12 26 25 16 26 27 25 12 28 26 14 28 12 14 29 28 30 21 22 31 23 24 31 22 23 30 22 31 14 18 32 29 14 32 29 32 33 34 33 32 35 32 18 34 32 35 35 36 34 37 18 17 35 18 37 35 38 36 38 35 37 38 37 39 37 17 39 38 39 40 41 20 21 17 20 41 17 41 39 41 21 42 30 42 21 39 43 40 39 41 43 43 41 42 40 43 44 40 44 45 46 38 40 38 46 36 46 40 45 46 45 47 48 43 42 30 48 42 48 44 43 49 50 51 49 51 52 52 51 53 52 53 54 55 50 49 55 56 50 57 56 55 57 58 56 58 59 56 58 60 59 60 61 59 60 62 61 62 63 61 62 64 63 65 66 67 65 67 68 69 70 71 69 71 72 71 73 72 71 74 73 73 74 75 73 75 76 77 78 79 77 79 80 81 82 83 81 83 84 84 83 85 81 86 82 81 87 86 87 88 86 89 90 91 91 90 92 93 90 89 94 90 93 95 90 94 96 97 98 96 98 99 96 99 100 96 100 101 101 10 8 101 100 10 97 96 102 102 96 101 103 8 9 103 101 8 102 101 103 97 102 104 105 54 53 105 53 106 107 105 106 107 106 108 109 107 108 109 108 110 111 109 110 111 110 112 112 110 113 112 113 114 114 113 115 114 115 116 116 115 63 116 63 64 117 118 119 117 119 120 121 122 123 121 123 124 123 122 125 123 125 126 125 127 126 125 128 127 129 80 79 129 79 130 131 92 90 132 131 90 133 132 90 134 133 90 135 134 90 136 137 138 136 138 139 140 141 142 140 142 143 141 144 142 141 145 144 146 147 148 146 148 149 150 151 152 150 152 153 152 154 153 152 155 154 156 157 158 156 158 159 160 161 162 160 162 163 161 164 162 161 165 164 166 167 168 166 168 169 170 171 172 170 172 173 171 174 172 171 175 174 176 177 178 176 178 179 180 178 177 180 181 178 182 183 184 182 184 185 186 187 188 186 188 189 190 191 192 190 192 193 194 195 196 194 196 197 198 199 200 198 200 201 200 199 202 200 202 203 204 205 206 204 206 207 208 209 210 208 210 211 212 213 214 212 214 215 216 217 218 216 218 219 220 221 222 220 222 223 224 225 226 224 226 227 228 229 230 228 230 231 232 233 234 232 234 235 236 237 238 236 238 239 240 241 242 240 242 243 244 245 246 244 246 247 248 249 250 248 250 251</p>
        </triangles>
      </mesh>
    </geometry>
    <geometry id="Geometry1" name="equip_003">
      <mesh>
        <source id="GeometrySource4" name="equip_003Pos">
          <float_array id="GeometrySource4-array" count="1122">0.290995 1.18628 -0.068373 0.422027 1.17264 -0.06896 0.318336 1.0835 -0.130244 0.290995 1.18639 0.12371 0.417757 1.1706 0.123897 0.3138 1.0875 0.194981 0.5129 1.00096 -0.119984 0.498949 1.12162 -0.065499 0.498949 1.12173 0.127309 0.505606 1.00725 0.18246 0.498949 1.12173 0.127309 0.505606 1.00725 0.18246 0.5129 1.00096 -0.119984 0.498949 1.12162 -0.065499 0.625552 1.0055 -0.053362 0.697811 1.0031 -0.071453 0.629874 0.941651 -0.097266 0.625552 1.00559 0.107946 0.69354 1.00107 0.125081 0.612004 0.922973 0.166362 0.791126 0.851103 -0.10204 0.819462 0.927253 -0.067913 0.845258 0.87382 -0.055644 0.819462 0.927363 0.128572 0.845258 0.873921 0.123239 0.779084 0.822417 0.179083 0.629874 0.941651 -0.097266 0.612004 0.922973 0.166362 0.625552 1.00559 0.107946 0.625552 1.0055 -0.053362 0.500917 1.08752 0.090389 0.486696 1.04738 0.104516 0.571994 1.01138 0.098319 0.486697 1.0473 -0.043223 0.500917 1.08745 -0.02948 0.571994 1.01131 -0.037026 0.500917 1.08745 -0.02948 0.500917 1.08752 0.090389 0.571994 1.01138 0.098319 0.571994 1.01131 -0.037026 0.183734 0.846648 -0.290714 0.000115 0.846206 -0.31367 0.000263 1.11025 -0.216213 0.160287 1.10713 -0.198848 0.112542 1.0777 0.247077 0.000276 1.13424 0.145888 0.000246 1.08188 0.258157 0.280607 1.12977 0.10583 0.000276 1.13424 0.145888 0.323897 0.861663 0.188909 0.288244 0.833484 0.251493 0.271061 0.734707 0.231495 0.317882 0.759999 0.1843 0.231363 0.851471 -0.154662 0.323898 0.861486 -0.125723 0.320167 0.752079 -0.093714 0.216291 0.752129 -0.140787 0.323898 0.861486 -0.125723 0.323897 0.861663 0.188909 0.317882 0.759999 0.1843 0.320167 0.752079 -0.093714 0.00027 1.12302 -0.145899 0.000276 1.13424 0.145888 0.280607 1.12967 -0.062647 0.19876 1.12042 -0.140242 0.280607 1.12977 0.10583 0.231363 0.851471 -0.154662 0.183734 0.846648 -0.290714 0.160287 1.10713 -0.198848 0.19876 1.12042 -0.140242 0.112542 1.0777 0.247077 0.000246 1.08188 0.258157 0.000115 0.850404 0.333878 0.132565 0.846453 0.323259 0.000052 0.737369 0.292926 0.118969 0.734273 0.287157 0.280607 1.12977 0.10583 0.288244 0.833484 0.251493 0.19876 1.12042 -0.140242 0.160287 1.10713 -0.198848 0.000263 1.11025 -0.216213 0.00027 1.12302 -0.145899 -0.290382 1.18661 -0.068374 -0.317839 1.08386 -0.130245 -0.42143 1.17311 -0.068961 -0.290382 1.18672 0.123709 -0.417162 1.17107 0.123895 -0.313299 1.08785 0.19498 -0.512496 1.00153 -0.119986 -0.498409 1.12218 -0.065501 -0.498409 1.12229 0.127307 -0.505196 1.00782 0.182458 -0.498409 1.12229 0.127307 -0.498409 1.12218 -0.065501 -0.512496 1.00153 -0.119986 -0.505196 1.00782 0.182458 -0.625143 1.00621 -0.053364 -0.629536 0.94236 -0.097268 -0.697404 1.00389 -0.071456 -0.625143 1.0063 0.107944 -0.693136 1.00185 0.125079 -0.611688 0.923662 0.16636 -0.79089 0.851993 -0.102042 -0.819141 0.928176 -0.067916 -0.844997 0.874772 -0.055647 -0.819141 0.928286 0.128569 -0.844997 0.874873 0.123236 -0.778881 0.823294 0.17908 -0.629536 0.94236 -0.097268 -0.625143 1.00621 -0.053364 -0.625143 1.0063 0.107944 -0.611688 0.923662 0.16636 -0.500416 1.08809 0.090387 -0.571579 1.01203 0.098317 -0.48624 1.04793 0.104515 -0.48624 1.04785 -0.043225 -0.571579 1.01195 -0.037028 -0.500416 1.08802 -0.029482 -0.500416 1.08802 -0.029482 -0.571579 1.01195 -0.037028 -0.571579 1.01203 0.098317 -0.500416 1.08809 0.090387 -0.183502 0.846855 -0.290715 -0.159763 1.10731 -0.198849 -0.112053 1.07783 0.247076 -0.280059 1.13008 0.105828 -0.323651 0.862027 0.188907 -0.270959 0.735012 0.231494 -0.28803 0.833808 0.251491 -0.317751 0.760357 0.184298 -0.231127 0.851731 -0.154663 -0.320043 0.752439 -0.093716 -0.323651 0.86185 -0.125725 -0.216167 0.752373 -0.140789 -0.323651 0.86185 -0.125725 -0.320043 0.752439 -0.093716 -0.317751 0.760357 0.184298 -0.323651 0.862027 0.188907 -0.280059 1.12999 -0.062649 -0.198221 1.12064 -0.140243 -0.280059 1.13008 0.105828 -0.231127 0.851731 -0.154663 -0.159763 1.10731 -0.198849 -0.183502 0.846855 -0.290715 -0.198221 1.12064 -0.140243 -0.112053 1.07783 0.247076 -0.132337 0.846602 0.323258 -0.118867 0.734407 0.287156 -0.280059 1.13008 0.105828 -0.28803 0.833808 0.251491 -0.198221 1.12064 -0.140243 -0.159763 1.10731 -0.198849 0.319305 0.003166 -0.125242 0.037498 0.003167 -0.125241 0.036894 0.33503 -0.110079 0.295771 0.335029 -0.110079 0.319306 0.003166 0.260029 0.301393 0.24035 0.249952 0.035405 0.24035 0.249951 0.037498 0.003167 0.260029 0.381704 0.003166 -0.069115 0.381704 0.003166 0.203903 0.319306 0.003166 0.260029 0.319305 0.003166 -0.125242 0.037498 0.003167 0.260029 0.037498 0.003167 -0.125241 0.284433 0.598936 -0.098229 -0.000000 0.594664 -0.152109 -0.000000 0.664528 -0.150674 0.276435 0.663245 -0.101302 0.334921 0.598936 -0.055788 0.326618 0.663214 -0.059322 0.000000 0.540657 0.320284 0.000000 0.497102 0.290861 0.039654 0.499584 0.292236 0.076211 0.543921 0.319599 0.0937 0.553068 0.284852 0.080974 0.653434 0.281094 0.054215 0.71946 0.286884 0.050078 0.713421 0.300501 0.326618 0.663214 -0.059322 0.335258 0.667813 0.182114 0.34356 0.595113 0.186427 0.334921 0.598936 -0.055788 0.283762 0.590513 0.253209 0.27613 0.665106 0.244322 0.0937 0.553068 0.284852 0.080974 0.653434 0.281094 0.050078 0.713421 0.300501 0.054215 0.71946 0.286884 0.000000 0.7211 0.287149 0.000000 0.71515 0.300546 0.000000 0.540657 0.320284 0.076211 0.543921 0.319599 0.050078 0.713421 0.300501 0.000000 0.71515 0.300546 0.379423 0.677594 -0.010618 0.378446 0.677594 0.117281 0.374093 0.571036 0.124842 0.3767 0.565671 -0.011709 0.334292 0.696335 -0.020508 0.333182 0.696335 0.124715 0.378446 0.677594 0.117281 0.379423 0.677594 -0.010618 0.333182 0.696335 0.124715 0.345796 0.560483 0.1333 0.374093 0.571036 0.124842 0.378446 0.677594 0.117281 0.345796 0.560483 0.1333 0.348756 0.556814 -0.021747 0.3767 0.565671 -0.011709 0.374093 0.571036 0.124842 0.348756 0.556814 -0.021747 0.334292 0.696335 -0.020508 0.379423 0.677594 -0.010618 0.3767 0.565671 -0.011709 -0.319307 0.003167 -0.125241 -0.295771 0.33503 -0.11008 -0.036895 0.33503 -0.110079 -0.037499 0.003167 -0.125241 -0.319307 0.003167 0.260029 -0.035406 0.24035 0.249951 -0.301394 0.24035 0.249951 -0.0375 0.003167 0.260029 -0.381705 0.003167 -0.069115 -0.319307 0.003167 -0.125241 -0.319307 0.003167 0.260029 -0.381706 0.003167 0.203903 -0.0375 0.003167 0.260029 -0.037499 0.003167 -0.125241 -0.284433 0.598936 -0.098228 -0.276435 0.663245 -0.101301 -0.334921 0.598936 -0.055787 -0.326618 0.663214 -0.059321 -0.039653 0.499584 0.292236 -0.07621 0.543921 0.319599 -0.093699 0.553068 0.284852 -0.080974 0.653434 0.281094 -0.054214 0.71946 0.286884 -0.050077 0.713421 0.300501 -0.326618 0.663214 -0.059321 -0.334921 0.598936 -0.055787 -0.343559 0.595113 0.186428 -0.335257 0.667813 0.182115 -0.283761 0.590513 0.25321 -0.276129 0.665106 0.244323 -0.093699 0.553068 0.284852 -0.080974 0.653434 0.281094 -0.050077 0.713421 0.300501 -0.054214 0.71946 0.286884 -0.050077 0.713421 0.300501 -0.07621 0.543921 0.319599 -0.379423 0.677594 -0.010617 -0.3767 0.565671 -0.011708 -0.374093 0.571036 0.124843 -0.378445 0.677594 0.117282 -0.334292 0.696335 -0.020507 -0.379423 0.677594 -0.010617 -0.378445 0.677594 0.117282 -0.333182 0.696335 0.124716 -0.333182 0.696335 0.124716 -0.378445 0.677594 0.117282 -0.374093 0.571036 0.124843 -0.345796 0.560483 0.133301 -0.345796 0.560483 0.133301 -0.374093 0.571036 0.124843 -0.3767 0.565671 -0.011708 -0.348756 0.556814 -0.021746 -0.348756 0.556814 -0.021746 -0.3767 0.565671 -0.011708 -0.379423 0.677594 -0.010617 -0.334292 0.696335 -0.020507 -0.953242 0.740677 0.162447 -0.835449 0.557122 0.163642 -0.699894 0.647824 0.162772 -0.815964 0.831379 0.161834 -0.953242 0.74053 -0.099484 -0.817852 0.830092 -0.098083 -0.701752 0.646536 -0.100157 -0.835448 0.556972 -0.102217 -0.972087 0.768631 0.124181 -0.972087 0.768527 -0.060941 -0.953242 0.74053 -0.099484 -0.953242 0.740677 0.162447 -0.835448 0.556972 -0.102217 -0.835449 0.557122 0.163642 0.953351 0.739603 0.16245 0.816175 0.83046 0.161836 0.699899 0.647036 0.162774 0.835351 0.556181 0.163644 0.953351 0.739456 -0.099481 0.835352 0.556031 -0.102214 0.701757 0.645746 -0.100155 0.818063 0.829171 -0.098081 0.972228 0.767536 0.124184 0.953351 0.739603 0.16245 0.953351 0.739456 -0.099481 0.972228 0.767432 -0.060938 0.835352 0.556031 -0.102214 0.835351 0.556181 0.163644 0.170693 0.752883 -0.255464 0.000057 0.742258 -0.271454 0.000115 0.846206 -0.31367 0.183734 0.846648 -0.290714 0.280607 1.12967 -0.062647 0.19876 1.12042 -0.140242 0.216291 0.752129 -0.140787 0.170693 0.752883 -0.255464 0.000056 0.741526 -0.157268 0.000057 0.742258 -0.271454 0.170693 0.752883 -0.255464 0.216291 0.752129 -0.140787 0.271061 0.734707 0.231495 -0.170567 0.753075 -0.255465 -0.183502 0.846855 -0.290715 -0.280059 1.12999 -0.062649 -0.198221 1.12064 -0.140243 -0.216167 0.752373 -0.140789 -0.170567 0.753075 -0.255465 -0.216167 0.752373 -0.140789 -0.170567 0.753075 -0.255465 -0.270959 0.735012 0.231494 0.381704 0.003166 -0.069115 0.353608 0.33493 -0.058131 0.381704 0.003166 0.203903 0.359436 0.249789 0.196701 0.352634 0.338965 0.194587 0.294957 0.339294 0.246611 0.036338 0.338983 0.255295 0.036338 0.338983 0.255295 0.036894 0.33503 -0.110079 0.035405 0.24035 0.249951 0.037498 0.003167 -0.125241 0.037498 0.003167 0.260029 -0.381705 0.003167 -0.069115 -0.353608 0.334931 -0.058132 -0.381706 0.003167 0.203903 -0.359438 0.24979 0.1967 -0.352635 0.338966 0.194586 -0.294958 0.339295 0.24661 -0.036339 0.338983 0.255295 -0.036339 0.338983 0.255295 -0.035406 0.24035 0.249951 -0.036895 0.33503 -0.110079 -0.037499 0.003167 -0.125241 -0.0375 0.003167 0.260029 -0.835649 0.859333 0.12389 -0.972087 0.768631 0.124181 -0.837208 0.858306 -0.059947 -0.972087 0.768527 -0.060941 -0.972087 0.768527 -0.060941 -0.837208 0.858306 -0.059947 -0.699894 0.647824 0.162772 -0.701752 0.646536 -0.100157 0.835892 0.858392 0.123893 0.972228 0.767536 0.124184 0.83745 0.857363 -0.059944 0.972228 0.767432 -0.060938 0.972228 0.767432 -0.060938 0.83745 0.857363 -0.059944 0.699899 0.647036 0.162774 0.701757 0.645746 -0.100155 0.317882 0.759999 0.1843 0.271061 0.734707 0.231495 0.216291 0.752129 -0.140787 0.320167 0.752079 -0.093714 0.118969 0.734273 0.287157 0.000056 0.741526 -0.157268 0.000052 0.737369 0.292926 -0.118867 0.734407 0.287156 -0.216167 0.752373 -0.140789 -0.270959 0.735012 0.231494 -0.320043 0.752439 -0.093716 -0.317751 0.760357 0.184298</float_array>
          <technique_common>
            <accessor source="#GeometrySource4-array" count="374" stride="3">
              <param name="X" type="float"/>
              <param name="Y" type="float"/>
              <param name="Z" type="float"/>
            </accessor>
          </technique_common>
        </source>
        <source id="GeometrySource5" name="equip_003Nrm">
          <float_array id="GeometrySource5-array" count="1122">0.098041 0.898839 -0.427172 0.302007 0.821632 -0.483438 0.151095 0.455929 -0.877097 0.106183 0.90782 0.405695 0.299548 0.834727 0.462063 0.161753 0.513677 0.842598 0.236749 0.389804 -0.889946 0.42469 0.682757 -0.594544 0.414386 0.699114 0.582688 0.23607 0.437962 0.867444 0.996087 0.087338 0.01354 0.996087 0.087338 0.01354 0.996087 0.087338 0.01354 0.996087 0.087338 0.01354 -0.058093 0.918086 -0.392102 0.222045 0.810272 -0.54236 0.0245 0.406849 -0.913167 -0.051564 0.91175 0.407497 0.212116 0.824652 0.524362 0.059799 0.436831 0.897554 0.332443 0.2399 -0.912102 0.642604 0.561827 -0.520971 0.863272 0.328831 -0.382926 0.626731 0.589711 0.509362 0.814435 0.346677 0.465307 0.267929 0.315259 0.910399 -0.997486 0.05893 -0.03937 -0.997486 0.05893 -0.03937 -0.997486 0.05893 -0.03937 -0.997486 0.05893 -0.03937 0.182018 0.26844 0.945944 0.182018 0.26844 0.945944 0.182018 0.26844 0.945944 0.179136 0.261209 -0.948515 0.179136 0.261209 -0.948515 0.179136 0.261209 -0.948515 0.731002 0.682375 -0.000382 0.731002 0.682375 -0.000382 0.731002 0.682375 -0.000382 0.731002 0.682375 -0.000382 0.112145 0.341765 -0.93307 0.000196 0.343991 -0.938973 0.000196 0.343991 -0.938973 0.112145 0.341765 -0.93307 0.075175 0.90371 0.421495 0.000508 0.906282 0.422674 0.000508 0.906282 0.422674 0.096319 0.982918 0.156828 0.000556 0.988981 0.148041 0.807261 0.135026 0.574541 0.82588 -0.018899 0.563529 0.825257 -0.162442 0.540892 0.825257 -0.162442 0.540892 0.435545 -0.03304 -0.899561 0.694578 -0.027659 -0.718886 0.860227 -0.154849 -0.48583 0.361363 -0.230221 -0.903557 0.694578 -0.027659 -0.718886 0.998953 -0.045539 0.004484 0.998953 -0.045541 0.004466 0.860227 -0.154849 -0.48583 0.000562 0.998562 -0.053608 0.000556 0.988981 0.148041 0.001665 0.999473 -0.03243 0.411297 0.88063 -0.235213 0.096319 0.982918 0.156828 0.923825 -0.021291 -0.382222 0.924082 -0.026143 -0.381298 0.893829 0.17731 -0.411862 0.411297 0.88063 -0.235213 0.309553 0.346976 0.885316 0.000174 0.315623 0.948885 -0.000003 -0.00022 1 0.268774 0.021451 0.962964 -0.000187 -0.32741 0.944882 0.202918 -0.312342 0.928045 0.481768 0.361042 0.798466 0.446382 0.048237 0.893541 0.02884 0.97806 -0.206315 0.02884 0.97806 -0.206315 0.000551 0.978468 -0.206398 0.000551 0.978468 -0.206398 -0.097027 0.898949 -0.427173 -0.150579 0.456098 -0.877098 -0.30108 0.821971 -0.48344 -0.105162 0.907939 0.405694 -0.298609 0.835064 0.462062 -0.161177 0.51386 0.842597 -0.236307 0.390069 -0.889947 -0.423919 0.683234 -0.594545 -0.4136 0.69958 0.582685 -0.23558 0.438229 0.867443 -0.995988 0.088459 0.013536 -0.995988 0.088459 0.013536 -0.995988 0.088459 0.013536 -0.995988 0.088459 0.013536 0.059128 0.918019 -0.392102 -0.024039 0.406875 -0.913167 -0.221131 0.810521 -0.542361 0.052589 0.911691 0.407496 -0.211189 0.824891 0.524361 -0.05931 0.436898 0.897553 -0.33217 0.240274 -0.912103 -0.641969 0.56255 -0.520974 -0.8629 0.329802 -0.382929 -0.626068 0.590417 0.509359 -0.814046 0.347594 0.465304 -0.267577 0.315561 0.910398 0.997551 0.057807 -0.039366 0.997551 0.057807 -0.039366 0.997551 0.057807 -0.039366 0.997551 0.057807 -0.039366 -0.181719 0.268646 0.945943 -0.181719 0.268646 0.945943 -0.181719 0.268646 0.945943 -0.178839 0.26141 -0.948515 -0.178839 0.26141 -0.948515 -0.178839 0.26141 -0.948515 -0.730233 0.683198 -0.000385 -0.730233 0.683198 -0.000385 -0.730233 0.683198 -0.000385 -0.730233 0.683198 -0.000385 -0.111754 0.341891 -0.933071 -0.111754 0.341891 -0.933071 -0.07416 0.903794 0.421494 -0.095213 0.983026 0.156827 -0.807112 0.135935 0.574536 -0.825443 -0.161513 0.540886 -0.825904 -0.01797 0.563524 -0.825443 -0.161513 0.540886 -0.435576 -0.03255 -0.899563 -0.860398 -0.15388 -0.485835 -0.694604 -0.026878 -0.71889 -0.361616 -0.229814 -0.903559 -0.694604 -0.026878 -0.71889 -0.860398 -0.15388 -0.485835 -0.999003 -0.044416 0.004459 -0.999003 -0.044414 0.004477 -0.000539 0.999474 -0.03243 -0.410304 0.881093 -0.235216 -0.095213 0.983026 0.156827 -0.923846 -0.020251 -0.382227 -0.893626 0.178316 -0.411868 -0.924109 -0.025103 -0.381304 -0.410304 0.881093 -0.235216 -0.309168 0.347324 0.885314 -0.268755 0.021753 0.962963 -0.203276 -0.312113 0.928043 -0.481366 0.361585 0.798463 -0.446333 0.048739 0.893538 -0.027737 0.978092 -0.206316 -0.027737 0.978092 -0.206316 0.367445 0.068393 -0.927527 -0.695352 0.029445 -0.718066 -0.719043 0.029939 -0.69432 0.346208 0.067265 -0.935743 0.368742 0.067239 0.927097 0.360623 0.049755 0.931384 -0.717876 0.012389 0.696061 -0.696308 0.027266 0.717225 -0.000001 -1 0.000000 -0.000001 -1 0.000000 -0.000001 -1 0.000000 -0.000001 -1 0.000000 -0.000001 -1 0.000000 -0.000001 -1 0.000000 0.443814 0.02283 -0.895828 -0.000001 -0.001229 -0.999999 -0.000001 -0.001229 -0.999999 0.405891 0.019271 -0.913718 0.641991 0.042053 -0.765558 0.641991 0.042053 -0.765558 0.000001 -0.549196 0.835693 0.000001 -0.549196 0.835693 0.168885 -0.623486 0.763376 0.714605 -0.446947 0.538125 0.896882 -0.179631 0.404147 0.789597 0.198905 0.580494 0.77709 0.208075 0.594 0.77709 0.208075 0.594 0.992343 0.118256 -0.035643 0.929715 0.138863 0.341098 0.923241 0.139346 0.358063 0.992343 0.118256 -0.035643 0.451416 0.119325 0.884299 0.470854 0.121033 0.873869 0.163022 0.089981 0.982511 0.163022 0.089981 0.982511 0.030662 0.911852 0.409373 0.030662 0.911852 0.409373 0.000000 0.912281 0.409565 0.000000 0.912281 0.409565 0.000001 0.112513 0.99365 0.00438 0.112512 0.993641 0.00438 0.112512 0.993641 0.000001 0.112513 0.99365 0.999389 -0.031946 0.014192 0.999389 -0.031946 0.014192 0.999389 -0.031946 0.014192 0.999389 -0.031946 0.014192 0.382954 0.923763 0.002926 0.382954 0.923763 0.002926 0.382954 0.923763 0.002926 0.382954 0.923763 0.002926 0.218295 0.072255 0.973204 0.218295 0.072255 0.973204 0.218295 0.072255 0.973204 0.218295 0.072255 0.973204 0.325137 -0.945001 0.035484 0.325137 -0.945001 0.035484 0.325137 -0.945001 0.035484 0.325137 -0.945001 0.035484 0.265723 0.021335 -0.963813 0.265723 0.021335 -0.963813 0.265723 0.021335 -0.963813 0.265723 0.021335 -0.963813 -0.367445 0.068394 -0.927527 -0.346206 0.067266 -0.935744 0.719045 0.029937 -0.694319 0.695352 0.029443 -0.718066 -0.368741 0.06724 0.927097 0.717874 0.012387 0.696063 -0.360625 0.049756 0.931383 0.696308 0.027264 0.717225 -0.000001 -1 0.000000 -0.000001 -1 0.000000 -0.000001 -1 0.000000 -0.000001 -1 0.000000 -0.000001 -1 0.000000 -0.000001 -1 0.000000 -0.443817 0.02283 -0.895827 -0.405893 0.019271 -0.913717 -0.641993 0.042053 -0.765556 -0.641993 0.042053 -0.765556 -0.168883 -0.623486 0.763377 -0.714603 -0.446947 0.538127 -0.896881 -0.179631 0.40415 -0.789595 0.198905 0.580497 -0.777088 0.208075 0.594002 -0.777088 0.208075 0.594002 -0.992343 0.118256 -0.03564 -0.992343 0.118256 -0.03564 -0.92324 0.139346 0.358066 -0.929714 0.138863 0.341101 -0.451414 0.119325 0.8843 -0.470852 0.121033 0.87387 -0.16302 0.089981 0.982511 -0.16302 0.089981 0.982511 -0.030661 0.911852 0.409373 -0.030661 0.911852 0.409373 -0.004378 0.112512 0.993641 -0.004378 0.112512 0.993641 -0.999389 -0.031946 0.014195 -0.999389 -0.031946 0.014195 -0.999389 -0.031946 0.014195 -0.999389 -0.031946 0.014195 -0.382954 0.923763 0.002927 -0.382954 0.923763 0.002927 -0.382954 0.923763 0.002927 -0.382954 0.923763 0.002927 -0.218292 0.072255 0.973205 -0.218292 0.072255 0.973205 -0.218292 0.072255 0.973205 -0.218292 0.072255 0.973205 -0.325137 -0.945001 0.035485 -0.325137 -0.945001 0.035485 -0.325137 -0.945001 0.035485 -0.325137 -0.945001 0.035485 -0.265726 0.021335 -0.963813 -0.265726 0.021335 -0.963813 -0.265726 0.021335 -0.963813 -0.265726 0.021335 -0.963813 -0.696978 -0.071341 0.713535 -0.166138 -0.797745 0.579655 0.391418 -0.578797 0.715392 -0.224572 0.34514 0.911288 -0.697626 -0.067984 -0.713229 -0.22364 0.352419 -0.908728 0.397045 -0.579297 -0.711878 -0.165596 -0.795162 -0.583348 -0.929248 0.246236 0.275439 -0.929288 0.246419 -0.27514 -0.697626 -0.067984 -0.713229 -0.696978 -0.071341 0.713535 -0.165596 -0.795162 -0.583348 -0.166138 -0.797745 0.579655 0.696894 -0.072127 0.713538 0.224958 0.344886 0.911289 -0.392072 -0.578356 0.715391 0.165238 -0.797932 0.579655 0.697552 -0.068769 -0.713227 0.164703 -0.795348 -0.583348 -0.397694 -0.578849 -0.71188 0.22404 0.352168 -0.908726 0.929523 0.24519 0.275443 0.696894 -0.072127 0.713538 0.697552 -0.068769 -0.713227 0.929565 0.245373 -0.275137 0.164703 -0.795348 -0.583348 0.165238 -0.797932 0.579655 0.112958 -0.367816 -0.923012 -0.000205 -0.37013 -0.92898 -0.000205 -0.3705 -0.928832 0.112958 -0.368184 -0.922866 0.496048 0.192252 -0.846744 0.496048 0.192252 -0.846744 0.915794 -0.218498 -0.337016 0.915794 -0.218498 -0.337016 -0.000562 -0.999843 -0.017722 -0.000562 -0.999843 -0.017722 0.056261 -0.998259 -0.017693 0.056261 -0.998259 -0.017693 0.35616 -0.289151 0.888562 -0.113366 -0.367689 -0.923013 -0.113366 -0.368056 -0.922867 -0.495827 0.19281 -0.846747 -0.495826 0.19281 -0.846747 -0.916037 -0.217467 -0.337021 -0.916037 -0.217467 -0.337021 -0.057385 -0.998195 -0.017693 -0.057385 -0.998195 -0.017693 -0.356491 -0.28875 0.888559 0.910536 0.091847 -0.403098 0.91059 0.090627 -0.403251 0.909984 0.09215 0.404274 0.909556 0.086062 0.406574 0.908211 0.079004 0.410989 0.355864 0.030223 0.934049 -0.684266 -0.000419 0.729233 -0.684266 -0.000419 0.729233 -0.719043 0.029939 -0.69432 -0.717876 0.012389 0.696061 -0.695352 0.029445 -0.718066 -0.696308 0.027266 0.717225 -0.910536 0.091849 -0.403098 -0.910589 0.09063 -0.403254 -0.909984 0.092153 0.404274 -0.909556 0.086065 0.406571 -0.908211 0.079007 0.410987 -0.355866 0.030224 0.934048 0.684264 -0.000421 0.729234 0.684264 -0.000421 0.729234 0.717874 0.012387 0.696063 0.719045 0.029937 -0.694319 0.695352 0.029443 -0.718066 0.696308 0.027264 0.717225 -0.515625 0.778162 0.358601 -0.929248 0.246236 0.275439 -0.515546 0.780551 -0.353487 -0.929288 0.246419 -0.27514 -0.929288 0.246419 -0.27514 -0.515546 0.780551 -0.353487 0.391418 -0.578797 0.715392 0.397045 -0.579297 -0.711878 0.5165 0.777581 0.358603 0.929523 0.24519 0.275443 0.516426 0.77997 -0.353485 0.929565 0.245373 -0.275137 0.929565 0.245373 -0.275137 0.516426 0.77997 -0.353485 -0.392072 -0.578356 0.715391 -0.397694 -0.578849 -0.71188 0.165113 -0.985885 -0.027731 0.049191 -0.99803 -0.03894 0.069322 -0.997218 -0.02739 0.165113 -0.985885 -0.027731 0.010242 -0.999488 -0.030318 -0.000562 -0.999747 -0.0225 -0.000562 -0.999747 -0.0225 -0.011367 -0.999476 -0.030318 -0.070445 -0.99714 -0.027391 -0.050314 -0.997974 -0.03894 -0.166223 -0.985698 -0.027732 -0.166223 -0.985698 -0.027732</float_array>
          <technique_common>
            <accessor source="#GeometrySource5-array" count="374" stride="3">
              <param name="X" type="float"/>
              <param name="Y" type="float"/>
              <param name="Z" type="float"/>
            </accessor>
          </technique_common>
        </source>
        <source id="GeometrySource6" name="equip_003UV">
          <float_array id="GeometrySource6-array" count="748">0.160787 0.01153 0.158406 0.073447 0.223235 0.048633 0.079072 0.011661 0.081123 0.072657 0.016175 0.046542 0.22804 0.128165 0.15825 0.105525 0.077612 0.106024 0.011696 0.124297 0.067221 0.119339 0.016545 0.161862 0.218868 0.163041 0.179698 0.117764 0.406698 0.33327 0.440646 0.327975 0.429132 0.257899 0.408485 0.441001 0.440243 0.448212 0.414091 0.510503 0.544051 0.259189 0.519431 0.326882 0.566065 0.329788 0.522409 0.450099 0.569284 0.448183 0.537891 0.511192 0.671464 0.149714 0.550073 0.151239 0.570731 0.191181 0.656353 0.192003 0.253975 0.025777 0.232794 0.041467 0.256877 0.109816 0.343605 0.041504 0.321449 0.025777 0.318411 0.109816 0.321449 0.025777 0.253975 0.025777 0.256877 0.109816 0.318411 0.109816 0.875947 0.637977 0.740395 0.634528 0.768594 0.433515 0.889087 0.448029 0.275137 0.23332 0.382146 0.17321 0.382146 0.233071 0.115258 0.172702 0.382146 0.17321 0.04175 0.435966 0.114978 0.441276 0.120835 0.541423 0.052502 0.536142 0.772453 0.134416 0.783611 0.193934 0.698356 0.204532 0.704153 0.132041 0.959566 0.024852 0.714095 0.024884 0.718022 0.10911 0.955958 0.109957 0.536586 0.665367 0.710625 0.670242 0.56211 0.49551 0.543212 0.547149 0.691294 0.502367 0.976935 0.641941 0.875947 0.637977 0.889087 0.448029 0.942819 0.439305 0.275137 0.23332 0.382146 0.233071 0.382146 0.434905 0.261799 0.439125 0.382146 0.534895 0.266361 0.546694 0.115258 0.172702 0.114978 0.441276 0.336233 0.675137 0.307116 0.622109 0.182971 0.610981 0.18223 0.680096 0.160787 0.01153 0.223235 0.048633 0.158406 0.073447 0.079072 0.011661 0.081123 0.072657 0.016175 0.046542 0.22804 0.128165 0.15825 0.105525 0.077612 0.106024 0.011696 0.124297 0.067221 0.119339 0.179698 0.117764 0.218868 0.163041 0.016545 0.161862 0.406698 0.33327 0.429132 0.257899 0.440646 0.327975 0.408485 0.441001 0.440243 0.448212 0.414091 0.510503 0.544051 0.259189 0.519431 0.326882 0.566065 0.329788 0.522409 0.450099 0.569284 0.448183 0.537891 0.511192 0.671464 0.149714 0.656353 0.192003 0.570731 0.191181 0.550073 0.151239 0.253975 0.025777 0.256877 0.109816 0.232794 0.041467 0.343605 0.041504 0.318411 0.109816 0.321449 0.025777 0.321449 0.025777 0.318411 0.109816 0.256877 0.109816 0.253975 0.025777 0.875947 0.637977 0.889087 0.448029 0.275137 0.23332 0.115258 0.172702 0.04175 0.435966 0.120835 0.541423 0.114978 0.441276 0.052502 0.536142 0.772453 0.134416 0.698356 0.204532 0.783611 0.193934 0.704153 0.132041 0.959566 0.024852 0.955958 0.109957 0.718022 0.10911 0.714095 0.024884 0.56211 0.49551 0.543212 0.547149 0.691294 0.502367 0.976935 0.641941 0.889087 0.448029 0.875947 0.637977 0.942819 0.439305 0.275137 0.23332 0.261799 0.439125 0.266361 0.546694 0.115258 0.172702 0.114978 0.441276 0.336233 0.675137 0.307116 0.622109 0.186602 0.910525 0.040838 0.910525 0.040838 0.708256 0.186602 0.708256 0.412939 0.910525 0.412939 0.758824 0.561615 0.758824 0.561615 0.910525 0.665543 0.13569 0.591325 0.13569 0.571793 0.116159 0.685075 0.116159 0.571793 0.022409 0.685075 0.022409 0.41813 0.978612 0.547446 0.978462 0.547565 0.922528 0.417931 0.922149 0.337193 0.978607 0.337516 0.922341 0.428919 0.19811 0.428829 0.23792 0.46728 0.236879 0.49152 0.196522 0.51968 0.191947 0.518819 0.101629 0.492694 0.042278 0.467553 0.072587 0.337516 0.922341 0.252184 0.92242 0.253498 0.978769 0.337193 0.978607 0.189612 0.977855 0.189642 0.922558 0.047199 0.984263 0.046985 0.922853 0.467553 0.072587 0.492694 0.042278 0.428458 0.04217 0.428863 0.071916 0.428919 0.19811 0.49152 0.196522 0.467553 0.072587 0.428863 0.071916 0.478593 0.576899 0.391525 0.57766 0.387747 0.665884 0.480095 0.666035 0.48471 0.539939 0.385849 0.540078 0.391525 0.57766 0.478593 0.576899 0.360576 0.568106 0.364961 0.671032 0.387747 0.665884 0.391525 0.57766 0.380371 0.685026 0.485279 0.68439 0.480095 0.666035 0.387747 0.665884 0.502104 0.673311 0.509282 0.562926 0.478593 0.576899 0.480095 0.666035 0.186602 0.910525 0.186602 0.708256 0.040838 0.708256 0.040838 0.910525 0.412939 0.910525 0.561615 0.758824 0.412939 0.758824 0.561615 0.910525 0.665543 0.13569 0.685075 0.116159 0.571793 0.116159 0.591325 0.13569 0.571793 0.022409 0.685075 0.022409 0.41813 0.978612 0.417931 0.922149 0.337193 0.978607 0.337516 0.922341 0.46728 0.236879 0.49152 0.196522 0.51968 0.191947 0.518819 0.101629 0.492694 0.042278 0.467553 0.072587 0.337516 0.922341 0.337193 0.978607 0.253498 0.978769 0.252184 0.92242 0.189612 0.977855 0.189642 0.922558 0.047199 0.984263 0.046985 0.922853 0.467553 0.072587 0.492694 0.042278 0.467553 0.072587 0.49152 0.196522 0.478593 0.576899 0.480095 0.666035 0.387747 0.665884 0.391525 0.57766 0.48471 0.539939 0.478593 0.576899 0.391525 0.57766 0.385849 0.540078 0.360576 0.568106 0.391525 0.57766 0.387747 0.665884 0.364961 0.671032 0.380371 0.685026 0.387747 0.665884 0.480095 0.666035 0.485279 0.68439 0.502104 0.673311 0.480095 0.666035 0.478593 0.576899 0.509282 0.562926 0.706475 0.323191 0.816182 0.323331 0.815812 0.223276 0.706336 0.22317 0.713448 0.472914 0.714081 0.357094 0.582904 0.356924 0.582272 0.472744 0.871065 0.34606 0.957503 0.346061 0.975272 0.332531 0.853296 0.332531 0.975846 0.279631 0.853296 0.279631 0.706475 0.323191 0.706336 0.22317 0.815812 0.223276 0.816182 0.323331 0.713448 0.472914 0.582272 0.472744 0.582904 0.356924 0.714081 0.357094 0.871065 0.34606 0.853296 0.332531 0.975272 0.332531 0.957503 0.346061 0.975846 0.279631 0.853296 0.279631 0.885039 0.708797 0.751858 0.723986 0.740395 0.634528 0.875947 0.637977 0.979539 0.189636 0.975226 0.124701 0.982249 0.725371 0.885039 0.708797 0.021794 0.608986 0.021494 0.688769 0.124664 0.688001 0.170821 0.608638 0.120835 0.541423 0.885039 0.708797 0.875947 0.637977 0.979539 0.189636 0.975226 0.124701 0.982249 0.725371 0.885039 0.708797 0.170821 0.608638 0.124664 0.688001 0.120835 0.541423 0.234821 0.910525 0.234821 0.708256 0.368738 0.910525 0.368738 0.755849 0.368738 0.696358 0.412939 0.696358 0.561615 0.696358 0.609147 0.969647 0.624928 0.740818 0.711725 0.969647 0.956334 0.740818 0.956334 0.969647 0.234821 0.910525 0.234821 0.708256 0.368738 0.910525 0.368738 0.755849 0.368738 0.696358 0.412939 0.696358 0.561615 0.696358 0.609147 0.969647 0.711725 0.969647 0.624928 0.740818 0.956334 0.740818 0.956334 0.969647 0.68328 0.223148 0.683399 0.323162 0.574465 0.22343 0.574833 0.323191 0.741896 0.473021 0.742531 0.356914 0.853296 0.219861 0.976419 0.220687 0.68328 0.223148 0.683399 0.323162 0.574465 0.22343 0.574833 0.323191 0.741896 0.473021 0.742531 0.356914 0.853296 0.219861 0.976419 0.220687 0.652768 0.536651 0.657898 0.540534 0.663901 0.509898 0.652517 0.513772 0.674566 0.545115 0.687599 0.508542 0.687599 0.54559 0.674251 0.545115 0.663586 0.509898 0.657582 0.540534 0.652202 0.513772 0.652453 0.536651</float_array>
          <technique_common>
            <accessor source="#GeometrySource6-array" count="374" stride="2">
              <param name="S" type="float"/>
              <param name="T" type="float"/>
            </accessor>
          </technique_common>
        </source>
        <source id="GeometrySource7" name="equip_003Clr">
          <float_array id="GeometrySource7-array" count="1496">1 1 1 1 1 1 1 1 1 1 1 1 1 1 1 1 1 1 1 1 1 1 1 1 1 1 1 1 1 1 1 1 1 1 1 1 1 1 1 1 1 1 1 1 1 1 1 1 1 1 1 1 1 1 1 1 1 1 1 1 1 1 1 1 1 1 1 1 1 1 1 1 1 1 1 1 1 1 1 1 1 1 1 1 1 1 1 1 1 1 1 1 1 1 1 1 1 1 1 1 1 1 1 1 1 1 1 1 1 1 1 1 1 1 1 1 1 1 1 1 1 1 1 1 1 1 1 1 1 1 1 1 1 1 1 1 1 1 1 1 1 1 1 1 1 1 1 1 1 1 1 1 1 1 1 1 1 1 1 1 1 1 1 1 1 1 1 1 1 1 1 1 1 1 1 1 1 1 1 1 1 1 1 1 1 1 1 1 1 1 1 1 1 1 1 1 1 1 1 1 1 1 1 1 1 1 1 1 1 1 1 1 1 1 1 1 1 1 1 1 1 1 1 1 1 1 1 1 1 1 1 1 1 1 1 1 1 1 1 1 1 1 1 1 1 1 1 1 1 1 1 1 1 1 1 1 1 1 1 1 1 1 1 1 1 1 1 1 1 1 1 1 1 1 1 1 1 1 1 1 1 1 1 1 1 1 1 1 1 1 1 1 1 1 1 1 1 1 1 1 1 1 1 1 1 1 1 1 1 1 1 1 1 1 1 1 1 1 1 1 1 1 1 1 1 1 1 1 1 1 1 1 1 1 1 1 1 1 1 1 1 1 1 1 1 1 1 1 1 1 1 1 1 1 1 1 1 1 1 1 1 1 1 1 1 1 1 1 1 1 1 1 1 1 1 1 1 1 1 1 1 1 1 1 1 1 1 1 1 1 1 1 1 1 1 1 1 1 1 1 1 1 1 1 1 1 1 1 1 1 1 1 1 1 1 1 1 1 1 1 1 1 1 1 1 1 1 1 1 1 1 1 1 1 1 1 1 1 1 1 1 1 1 1 1 1 1 1 1 1 1 1 1 1 1 1 1 1 1 1 1 1 1 1 1 1 1 1 1 1 1 1 1 1 1 1 1 1 1 1 1 1 1 1 1 1 1 1 1 1 1 1 1 1 1 1 1 1 1 1 1 1 1 1 1 1 1 1 1 1 1 1 1 1 1 1 1 1 1 1 1 1 1 1 1 1 1 1 1 1 1 1 1 1 1 1 1 1 1 1 1 1 1 1 1 1 1 1 1 1 1 1 1 1 1 1 1 1 1 1 1 1 1 1 1 1 1 1 1 1 1 1 1 1 1 1 1 1 1 1 1 1 1 1 1 1 1 1 1 1 1 1 1 1 1 1 1 1 1 1 1 1 1 1 1 1 1 1 1 1 1 1 1 1 1 1 1 1 1 1 1 1 1 1 1 1 1 1 1 1 1 1 1 1 1 1 1 1 1 1 1 1 1 1 1 1 1 1 1 1 1 1 1 1 1 1 1 1 1 1 1 1 1 1 1 1 1 1 1 1 1 1 1 1 1 1 1 1 1 1 1 1 1 1 1 1 1 1 1 1 1 1 1 1 1 1 1 1 1 1 1 1 1 1 1 1 1 1 1 1 1 1 1 1 1 1 1 1 1 1 1 1 1 1 1 1 1 1 1 1 1 1 1 1 1 1 1 1 1 1 1 1 1 1 1 1 1 1 1 1 1 1 1 1 1 1 1 1 1 1 1 1 1 1 1 1 1 1 1 1 1 1 1 1 1 1 1 1 1 1 1 1 1 1 1 1 1 1 1 1 1 1 1 1 1 1 1 1 1 1 1 1 1 1 1 1 1 1 1 1 1 1 1 1 1 1 1 1 1 1 1 1 1 1 1 1 1 1 1 1 1 1 1 1 1 1 1 1 1 1 1 1 1 1 1 1 1 1 1 1 1 1 1 1 1 1 1 1 1 1 1 1 1 1 1 1 1 1 1 1 1 1 1 1 1 1 1 1 1 1 1 1 1 1 1 1 1 1 1 1 1 1 1 1 1 1 1 1 1 1 1 1 1 1 1 1 1 1 1 1 1 1 1 1 1 1 1 1 1 1 1 1 1 1 1 1 1 1 1 1 1 1 1 1 1 1 1 1 1 1 1 1 1 1 1 1 1 1 1 1 1 1 1 1 1 1 1 1 1 1 1 1 1 1 1 1 1 1 1 1 1 1 1 1 1 1 1 1 1 1 1 1 1 1 1 1 1 1 1 1 1 1 1 1 1 1 1 1 1 1 1 1 1 1 1 1 1 1 1 1 1 1 1 1 1 1 1 1 1 1 1 1 1 1 1 1 1 1 1 1 1 1 1 1 1 1 1 1 1 1 1 1 1 1 1 1 1 1 1 1 1 1 1 1 1 1 1 1 1 1 1 1 1 1 1 1 1 1 1 1 1 1 1 1 1 1 1 1 1 1 1 1 1 1 1 1 1 1 1 1 1 1 1 1 1 1 1 1 1 1 1 1 1 1 1 1 1 1 1 1 1 1 1 1 1 1 1 1 1 1 1 1 1 1 1 1 1 1 1 1 1 1 1 1 1 1 1 1 1 1 1 1 1 1 1 1 1 1 1 1 1 1 1 1 1 1 1 1 1 1 1 1 1 1 1 1 1 1 1 1 1 1 1 1 1 1 1 1 1 1 1 1 1 1 1 1 1 1 1 1 1 1 1 1 1 1 1 1 1 1 1 1 1 1 1 1 1 1 1 1 1 1 1 1 1 1 1 1 1 1 1 1 1 1 1 1 1 1 1 1 1 1 1 1 1 1 1 1 1 1 1 1 1 1 1 1 1 1 1 1 1 1 1 1 1 1 1 1 1 1 1 1 1 1 1 1 1 1 1 1 1 1 1 1 1 1 1 1 1 1 1 1 1 1 1 1 1 1 1 1 1 1 1 1 1 1 1 1 1 1 1 1 1 1 1 1 1 1 1 1 1 1 1 1 1 1 1 1 1 1 1 1 1 1 1 1 1 1 1 1 1 1 1 1 1 1 1 1 1 1 1 1 1 1 1 1 1 1 1 1 1 1 1 1 1 1 1 1 1 1 1 1 1 1 1 1 1 1 1 1 1 1 1 1 1 1 1 1 1 1 1 1 1 1 1 1 1 1 1 1 1 1 1 1 1 1 1 1 1 1 1 1 1 1 1 1 1 1 1 1 1 1 1 1 1 1 1 1 1 1 1 1 1 1 1 1 1 1 1 1 1 1 1 1 1 1 1 1 1 1 1 1 1 1 1 1 1 1 1 1 1 1 1 1 1 1 1 1 1 1 1 1 1 1 1 1 1 1 1 1 1 1 1 1 1 1 1 1 1 1 1 1 1 1 1 1 1 1 1 1 1 1 1 1 1 1</float_array>
          <technique_common>
            <accessor source="#GeometrySource7-array" count="374" stride="4">
              <param name="R" type="float"/>
              <param name="G" type="float"/>
              <param name="B" type="float"/>
              <param name="A" type="float"/>
            </accessor>
          </technique_common>
        </source>
        <vertices id="Geometry1-vertices">
          <input semantic="POSITION" source="#GeometrySource4"/>
          <input semantic="NORMAL" source="#GeometrySource5"/>
          <input semantic="TEXCOORD" source="#GeometrySource6"/>
          <input semantic="COLOR" source="#GeometrySource7"/>
        </vertices>
        <triangles material="VisualMaterial10" count="278">
          <input semantic="VERTEX" source="#Geometry1-vertices" offset="0"/>
          <p>0 1 2 3 1 0 3 4 1 3 5 4 1 6 2 4 7 1 1 7 6 4 8 7 5 8 4 5 9 8 10 11 12 10 12 13 14 15 16 17 15 14 17 18 15 19 18 17 15 20 16 18 21 15 15 21 20 21 22 20 19 23 18 18 23 21 23 22 21 23 24 22 19 25 23 25 24 23 26 27 28 26 28 29 30 31 32 33 34 35 36 37 38 36 38 39 40 41 42 40 42 43 44 45 46 44 47 48 49 50 51 49 51 52 53 54 55 53 55 56 57 58 59 57 59 60 61 62 63 61 63 64 62 65 63 66 67 68 66 68 69 70 71 72 70 72 73 73 72 74 73 74 75 73 76 70 73 77 76 78 79 80 78 80 81 82 83 84 85 82 84 85 84 86 85 86 87 84 83 88 86 84 89 84 88 89 86 89 90 87 86 90 87 90 91 92 93 94 92 94 95 96 97 98 99 96 98 99 98 100 101 99 100 98 97 102 98 102 103 100 98 103 103 102 104 105 103 104 101 100 105 100 103 105 105 104 106 101 105 107 107 105 106 108 109 110 108 110 111 112 113 114 115 116 117 118 119 120 118 120 121 122 42 41 122 123 42 124 46 45 124 48 125 126 127 128 126 129 127 130 131 132 130 133 131 134 135 136 134 136 137 61 138 62 61 139 138 62 138 140 141 142 143 141 144 142 145 72 71 145 146 72 146 74 72 146 147 74 146 148 149 146 145 148 150 81 80 150 80 151 152 153 154 152 154 155 156 157 158 156 158 159 160 161 162 160 162 163 163 162 164 163 164 165 166 167 168 166 168 169 169 170 166 169 171 170 172 173 174 172 174 175 174 176 175 176 177 175 175 177 178 175 178 179 180 181 182 180 182 183 181 184 182 181 185 184 186 184 185 186 185 187 188 189 190 188 190 191 192 193 194 192 194 195 196 197 198 196 198 199 200 201 202 200 202 203 204 205 206 204 206 207 208 209 210 208 210 211 212 213 214 212 214 215 216 217 218 216 218 219 220 221 222 220 223 221 224 225 226 224 226 227 225 228 226 225 229 228 230 168 167 230 231 168 231 230 232 231 232 233 172 234 173 172 235 234 234 235 236 236 235 237 235 238 237 235 239 238 240 241 242 240 242 243 243 242 244 243 244 245 246 245 244 246 247 245 248 191 190 248 190 249 192 195 250 192 250 251 252 253 254 252 254 255 256 257 258 256 258 259 260 261 262 260 262 263 264 265 266 264 266 267 268 269 270 268 270 271 272 273 274 272 274 275 276 277 278 276 278 279 280 281 282 280 282 283 283 282 284 283 284 285 286 287 288 286 288 289 290 291 292 290 292 293 294 295 296 294 296 297 295 298 296 295 299 298 300 301 302 300 302 303 47 50 49 304 54 53 304 53 305 306 307 67 306 67 66 308 309 310 308 310 311 75 77 73 75 312 77 313 302 301 313 314 302 125 126 128 315 316 130 315 130 132 317 141 143 317 143 318 308 319 320 308 320 309 147 146 149 147 149 321 155 322 152 155 323 322 323 324 322 323 325 324 323 326 325 326 157 325 326 327 157 158 157 327 325 157 156 325 156 324 158 327 328 329 330 331 331 330 332 331 332 333 217 216 334 217 334 335 335 334 336 335 336 337 335 337 338 338 337 222 338 222 339 221 339 222 337 336 220 337 220 222 221 340 339 341 342 343 342 344 343 342 345 344 346 272 275 346 347 272 348 347 346 348 349 347 277 276 350 277 350 351 352 285 284 352 284 353 354 287 286 354 286 355 356 354 355 356 355 357 293 358 290 293 359 358 360 298 299 360 361 298 362 363 364 362 364 365 363 366 364 366 367 364 366 368 367 368 369 370 368 370 367 369 371 370 371 372 370 371 373 372</p>
        </triangles>
      </mesh>
    </geometry>
    <geometry id="Geometry2" name="role_001">
      <mesh>
        <source id="GeometrySource8" name="role_001Pos">
          <float_array id="GeometrySource8-array" count="450">-0.09556 1.07944 0.118394 0.098387 1.07933 0.118395 0.099309 1.31619 0.118374 -0.096188 1.3163 0.118373 0.098387 1.07933 0.118395 0.098388 1.07922 -0.075552 0.09931 1.31608 -0.077124 0.099309 1.31619 0.118374 0.098388 1.07922 -0.075552 -0.095559 1.07933 -0.075553 -0.096188 1.31619 -0.077125 0.09931 1.31608 -0.077124 -0.095559 1.07933 -0.075553 -0.09556 1.07944 0.118394 -0.096188 1.3163 0.118373 -0.096188 1.31619 -0.077125 -0.3593 1.07711 0.138782 -0.32365 0.862027 0.188907 -0.280058 1.13008 0.105828 -0.379866 1.10507 0.107689 -0.6164 0.977542 0.116098 -0.601531 0.946766 0.15101 -0.379863 1.10499 -0.043698 -0.56338 1.006 -0.050217 -0.5449 0.977059 -0.084158 -0.359296 1.07699 -0.07469 -0.280057 1.12999 -0.062649 -0.326701 0.909419 0.138916 0.359788 1.07671 0.138783 0.380386 1.10464 0.10769 0.280607 1.12977 0.10583 0.323897 0.861663 0.188909 0.616777 0.976848 0.1161 0.601872 0.946089 0.151012 0.563788 1.00537 -0.050215 0.380383 1.10456 -0.043697 0.545277 0.976445 -0.084156 0.359785 1.07659 -0.074688 0.327 0.909051 0.138918 -0.270877 0.632938 -0.095779 -0.257989 0.768959 -0.100137 0.000076 0.778352 -0.147221 -0.000001 0.632948 -0.148426 -0.323845 0.632938 -0.054688 -0.308453 0.768961 -0.073466 -0.000000 0.496112 -0.127777 -0.0349 0.496112 -0.121257 -0.333451 0.532384 -0.051473 -0.282644 0.512444 -0.098679 -0.295771 0.33503 -0.11008 -0.036895 0.33503 -0.110079 -0.353608 0.334931 -0.058132 -0.270877 0.632938 0.244456 -0.000003 0.615854 0.292679 0.00008 0.786638 0.281579 -0.25799 0.769013 0.225716 -0.308453 0.769001 0.168317 -0.323845 0.632938 0.186417 -0.275132 0.587263 0.246986 -0.034612 0.496112 0.257768 -0.294958 0.339295 0.24661 -0.036339 0.338983 0.255295 -0.352635 0.338966 0.194586 -0.328933 0.587263 0.190032 0 0.496112 0.270753 -0.653186 0.957563 -0.053408 -0.643112 0.924178 -0.089167 -0.508121 0.782251 0.150514 -0.699894 0.647824 0.162772 -0.815964 0.831379 0.161834 -0.326698 0.909301 -0.074699 -0.457297 0.817803 -0.083563 -0.323649 0.86185 -0.125725 -0.546792 0.755102 -0.089637 -0.817852 0.830092 -0.098083 -0.701752 0.646536 -0.100157 -0.837208 0.858306 -0.059947 -0.835649 0.859333 0.12389 -0.508121 0.782251 0.150514 -0.699894 0.647824 0.162772 -0.326701 0.909419 0.138916 -0.32365 0.862027 0.188907 -0.036339 0.338983 0.255295 -0.036895 0.33503 -0.110079 -0.0349 0.496112 -0.121257 -0.034612 0.496112 0.257768 -0.333451 0.532384 -0.051473 -0.353608 0.334931 -0.058132 -0.352635 0.338966 0.194586 -0.328933 0.587263 0.190032 -0.323845 0.632938 -0.054688 -0.323845 0.632938 0.186417 -0.308453 0.768961 -0.073466 -0.308453 0.769001 0.168317 0.270876 0.632937 -0.095779 0.258132 0.768669 -0.100135 0.323845 0.632937 -0.054688 0.308595 0.768614 -0.073464 0.0349 0.496112 -0.121257 0.333451 0.532383 -0.051473 0.282643 0.512443 -0.098679 0.295771 0.335029 -0.110079 0.036894 0.33503 -0.110079 0.353607 0.33493 -0.058131 0.270877 0.632938 0.244456 0.258131 0.768722 0.225717 0.308594 0.768654 0.168319 0.323845 0.632937 0.186416 0.275132 0.587263 0.246986 0.034612 0.496112 0.257768 0.294956 0.339294 0.246611 0.036337 0.338983 0.255295 0.352633 0.338965 0.194587 0.328933 0.587263 0.190032 0.280607 1.12967 -0.062647 0.326998 0.908933 -0.074698 0.65354 0.956827 -0.053406 0.643429 0.923454 -0.089165 0.508277 0.781678 0.150516 0.699899 0.647036 0.162774 0.816175 0.83046 0.161836 0.457494 0.817288 -0.083562 0.546918 0.754487 -0.089636 0.818063 0.829171 -0.098081 0.701757 0.645746 -0.100155 0.835892 0.858392 0.123893 0.83745 0.857363 -0.059944 0.508277 0.781678 0.150516 0.699899 0.647036 0.162774 0.327 0.909051 0.138918 0.323898 0.861486 -0.125723 0.323897 0.861663 0.188909 0.036337 0.338983 0.255295 0.034612 0.496112 0.257768 0.0349 0.496112 -0.121257 0.036894 0.33503 -0.110079 0.333451 0.532383 -0.051473 0.328933 0.587263 0.190032 0.352633 0.338965 0.194587 0.353607 0.33493 -0.058131 0.323845 0.632937 -0.054688 0.323845 0.632937 0.186416 0.308595 0.768614 -0.073464 0.308594 0.768654 0.168319 -0.0349 0.496112 -0.121257 -0.000000 0.496112 -0.127777 0 0.496112 0.270753 -0.034612 0.496112 0.257768 0.0349 0.496112 -0.121257 0.034612 0.496112 0.257768</float_array>
          <technique_common>
            <accessor source="#GeometrySource8-array" count="150" stride="3">
              <param name="X" type="float"/>
              <param name="Y" type="float"/>
              <param name="Z" type="float"/>
            </accessor>
          </technique_common>
        </source>
        <source id="GeometrySource9" name="role_001Nrm">
          <float_array id="GeometrySource9-array" count="450">-0.000003 0.000088 1 -0.000003 0.000088 1 -0.000003 0.000089 1 -0.000003 0.000089 1 0.999992 -0.003892 0.000005 0.999992 -0.003892 0.000005 0.999992 -0.003893 0.000005 0.999992 -0.003893 0.000005 -0.000000 -0.006635 -0.999978 -0.000000 -0.006635 -0.999978 -0.000000 -0.006637 -0.999978 -0.000000 -0.006637 -0.999978 -0.999996 -0.002654 -0.000001 -0.999996 -0.002654 -0.000001 -0.999996 -0.002654 -0.000001 -0.999996 -0.002654 -0.000001 -0.17812 0.392606 0.902294 -0.856223 0.053203 0.51386 -0.264484 0.849458 0.456585 -0.330411 0.864533 0.378697 -0.426436 0.821415 0.378721 -0.147251 0.35901 0.921645 -0.359536 0.858515 -0.36563 -0.424559 0.818644 -0.386745 -0.141709 0.351217 -0.925508 -0.099207 0.331681 -0.938161 -0.255603 0.797632 -0.546305 -0.391404 -0.21459 0.894849 0.178563 0.392403 0.902294 0.331384 0.86416 0.378699 0.265442 0.849159 0.456584 0.856283 0.052266 0.513856 0.427359 0.820934 0.378723 0.147651 0.358843 0.921646 0.425482 0.818166 -0.386743 0.360505 0.858109 -0.365629 0.142108 0.351058 -0.925507 0.099583 0.331569 -0.938161 0.391166 -0.215012 0.894852 -0.384412 0.004063 -0.923153 -0.360218 -0.008046 -0.932834 0.000001 -0.002626 -0.999997 -0.000008 -0.074524 -0.997219 -0.897552 0.075597 -0.434379 -0.852492 0.049162 -0.520423 -0.000000 -0.147577 -0.989051 0.190457 -0.080025 -0.978428 -0.907185 0.09597 -0.409641 -0.382819 0.051972 -0.92236 -0.384201 0.053007 -0.921726 0.701545 -0.006712 -0.712593 -0.907341 0.105393 -0.406971 -0.45759 0.095843 0.883983 -0.000006 -0.065823 0.997831 0.000055 0.104984 0.994474 -0.480659 0.140772 0.865535 -0.930634 0.147428 0.33494 -0.922617 0.133244 0.361971 -0.399726 0.067879 0.914118 0.206133 -0.124106 0.970622 -0.411337 0.035146 0.910805 0.697016 -0.012031 0.716955 -0.921079 0.08986 0.378865 -0.919214 0.103554 0.379897 0.000000 -0.224064 0.974575 -0.4278 0.823458 -0.372698 -0.151516 0.368546 -0.917179 0.43483 -0.561816 0.703766 0.434684 -0.56091 0.704578 -0.16159 0.384032 0.90907 -0.746589 -0.200939 -0.634215 0.436253 -0.562028 -0.702715 -0.991077 0.062762 -0.117591 0.435086 -0.55908 -0.705783 -0.16259 0.387397 -0.907463 0.432435 -0.554524 -0.710987 -0.429812 0.826308 -0.363973 -0.430175 0.826972 0.362031 0.43483 -0.561816 0.703766 0.434684 -0.56091 0.704578 -0.391404 -0.21459 0.894849 -0.856223 0.053203 0.51386 0.697016 -0.012031 0.716955 0.701545 -0.006712 -0.712593 0.190457 -0.080025 -0.978428 0.206133 -0.124106 0.970622 -0.907185 0.09597 -0.409641 -0.907341 0.105393 -0.406971 -0.921079 0.08986 0.378865 -0.919214 0.103554 0.379897 -0.897552 0.075597 -0.434379 -0.922617 0.133244 0.361971 -0.852492 0.049162 -0.520423 -0.930634 0.147428 0.33494 0.384411 0.004063 -0.923153 0.360214 -0.008451 -0.932831 0.897551 0.075597 -0.434381 0.85255 0.048202 -0.520418 -0.190457 -0.080025 -0.978428 0.907185 0.095969 -0.40964 0.38282 0.051971 -0.92236 0.384204 0.053006 -0.921726 -0.701544 -0.00671 -0.712595 0.907342 0.10539 -0.406969 0.457591 0.095843 0.883982 0.480812 0.140231 0.865538 0.930797 0.14638 0.334946 0.922618 0.133244 0.361969 0.399727 0.067878 0.914118 -0.206133 -0.124106 0.970622 0.411335 0.035145 0.910806 -0.697018 -0.012029 0.716953 0.921078 0.089857 0.378867 0.919215 0.103552 0.379897 0.256507 0.797344 -0.546302 0.746382 -0.201764 -0.634197 0.428729 0.822976 -0.372696 0.151935 0.368376 -0.917178 -0.435465 -0.561326 0.703764 -0.435318 -0.560421 0.704576 0.162019 0.383849 0.909071 -0.436883 -0.561536 -0.702717 -0.435713 -0.558589 -0.705785 0.163029 0.387214 -0.907462 -0.433056 -0.554036 -0.710989 0.431104 0.826487 0.362033 0.430744 0.825824 -0.363971 -0.435465 -0.561326 0.703764 -0.435318 -0.560421 0.704576 0.391166 -0.215012 0.894852 0.991149 0.061663 -0.117565 0.856283 0.052266 0.513856 -0.697018 -0.012029 0.716953 -0.206133 -0.124106 0.970622 -0.190457 -0.080025 -0.978428 -0.701544 -0.00671 -0.712595 0.907185 0.095969 -0.40964 0.919215 0.103552 0.379897 0.921078 0.089857 0.378867 0.907342 0.10539 -0.406969 0.897551 0.075597 -0.434381 0.922618 0.133244 0.361969 0.85255 0.048202 -0.520418 0.930797 0.14638 0.334946 -0.000000 -1 0.000000 -0.000000 -1 0 -0.000000 -1 0 -0.000000 -1 0.000000 -0.000000 -1 0.000000 -0.000000 -1 0.000000</float_array>
          <technique_common>
            <accessor source="#GeometrySource9-array" count="150" stride="3">
              <param name="X" type="float"/>
              <param name="Y" type="float"/>
              <param name="Z" type="float"/>
            </accessor>
          </technique_common>
        </source>
        <source id="GeometrySource10" name="role_001UV">
          <float_array id="GeometrySource10-array" count="300">0.023326 0.624629 0.023326 0.738871 0.139985 0.738871 0.139985 0.624629 0.023092 0.505335 0.023092 0.619577 0.139751 0.619577 0.139751 0.505335 0.023649 0.74143 0.023649 0.855673 0.140308 0.855673 0.140308 0.741431 0.023649 0.85904 0.023649 0.973282 0.140308 0.973282 0.140308 0.85904 0.811167 0.104863 1.00421 0.147578 0.837049 0.045543 0.768087 0.104177 0.76886 0.339632 0.813246 0.34045 0.624405 0.101972 0.624762 0.291744 0.580828 0.29189 0.571653 0.101973 0.57974 0.026385 0.95888 0.156072 0.811167 0.104863 0.768087 0.104177 0.816234 0.029552 1.00421 0.147578 0.76886 0.339632 0.813246 0.34045 0.624762 0.291744 0.624405 0.101972 0.580828 0.29189 0.571653 0.101973 0.95888 0.156072 0.907396 0.627126 0.895244 0.502917 0.58161 0.503283 0.58161 0.627126 0.971102 0.627126 0.956574 0.502953 0.58161 0.767805 0.622925 0.767805 0.986811 0.767805 0.920536 0.767805 0.920536 0.9864 0.621222 0.9864 0.986811 0.9864 0.23852 0.630188 0.554569 0.630188 0.554569 0.503014 0.250597 0.502923 0.189642 0.502959 0.175203 0.630188 0.22546 0.774329 0.505104 0.774329 0.22546 0.981521 0.512874 0.981521 0.15959 0.981521 0.15959 0.774329 0.554569 0.774329 0.624941 0.387461 0.580989 0.386849 0.958162 0.359648 0.974255 0.478972 0.813982 0.479072 0.433198 0.155576 0.433648 0.318908 0.415706 0.131967 0.433623 0.400573 0.581149 0.478974 0.421799 0.479058 0.625119 0.478918 0.770002 0.479102 0.280309 0.359082 0.280309 0.478799 0.280309 0.156051 0.267595 0.134404 0.25658 0.103276 0.427781 0.100561 0.426918 0.019725 0.238134 0.0294 0.219006 0.354021 0.232323 0.46178 0.024593 0.466149 0.018573 0.354006 0.218194 0.209763 0.018811 0.244437 0.224092 0.016233 0.019918 0.035894 0.907396 0.627126 0.895244 0.502917 0.971102 0.627126 0.956574 0.502953 0.622925 0.767805 0.986811 0.767805 0.920536 0.767805 0.920536 0.9864 0.621222 0.9864 0.986811 0.9864 0.23852 0.630188 0.250597 0.502923 0.189642 0.502959 0.175203 0.630188 0.22546 0.774329 0.505104 0.774329 0.22546 0.981521 0.512874 0.981521 0.15959 0.981521 0.15959 0.774329 0.531228 0.050007 0.433198 0.155576 0.624941 0.387461 0.580989 0.386849 0.958162 0.359648 0.974255 0.478972 0.813982 0.479072 0.433648 0.318908 0.433623 0.400573 0.581149 0.478974 0.421799 0.479058 0.770002 0.479102 0.625119 0.478918 0.280309 0.359082 0.280309 0.478799 0.280309 0.156051 0.415706 0.131967 0.267595 0.134404 0.25658 0.103276 0.238134 0.0294 0.426918 0.019725 0.427781 0.100561 0.219006 0.354021 0.018573 0.354006 0.024593 0.466149 0.232323 0.46178 0.218194 0.209763 0.018811 0.244437 0.224092 0.016233 0.019918 0.035894 0.598767 0.798996 0.537904 0.796249 0.537904 0.96412 0.607775 0.960399 0.598767 0.798996 0.607775 0.960399</float_array>
          <technique_common>
            <accessor source="#GeometrySource10-array" count="150" stride="2">
              <param name="S" type="float"/>
              <param name="T" type="float"/>
            </accessor>
          </technique_common>
        </source>
        <source id="GeometrySource11" name="role_001Clr">
          <float_array id="GeometrySource11-array" count="600">1 1 1 1 1 1 1 1 1 1 1 1 1 1 1 1 1 1 1 1 1 1 1 1 1 1 1 1 1 1 1 1 1 1 1 1 1 1 1 1 1 1 1 1 1 1 1 1 1 1 1 1 1 1 1 1 1 1 1 1 1 1 1 1 1 1 1 1 1 1 1 1 1 1 1 1 1 1 1 1 1 1 1 1 1 1 1 1 1 1 1 1 1 1 1 1 1 1 1 1 1 1 1 1 1 1 1 1 1 1 1 1 1 1 1 1 1 1 1 1 1 1 1 1 1 1 1 1 1 1 1 1 1 1 1 1 1 1 1 1 1 1 1 1 1 1 1 1 1 1 1 1 1 1 1 1 1 1 1 1 1 1 1 1 1 1 1 1 1 1 1 1 1 1 1 1 1 1 1 1 1 1 1 1 1 1 1 1 1 1 1 1 1 1 1 1 1 1 1 1 1 1 1 1 1 1 1 1 1 1 1 1 1 1 1 1 1 1 1 1 1 1 1 1 1 1 1 1 1 1 1 1 1 1 1 1 1 1 1 1 1 1 1 1 1 1 1 1 1 1 1 1 1 1 1 1 1 1 1 1 1 1 1 1 1 1 1 1 1 1 1 1 1 1 1 1 1 1 1 1 1 1 1 1 1 1 1 1 1 1 1 1 1 1 1 1 1 1 1 1 1 1 1 1 1 1 1 1 1 1 1 1 1 1 1 1 1 1 1 1 1 1 1 1 1 1 1 1 1 1 1 1 1 1 1 1 1 1 1 1 1 1 1 1 1 1 1 1 1 1 1 1 1 1 1 1 1 1 1 1 1 1 1 1 1 1 1 1 1 1 1 1 1 1 1 1 1 1 1 1 1 1 1 1 1 1 1 1 1 1 1 1 1 1 1 1 1 1 1 1 1 1 1 1 1 1 1 1 1 1 1 1 1 1 1 1 1 1 1 1 1 1 1 1 1 1 1 1 1 1 1 1 1 1 1 1 1 1 1 1 1 1 1 1 1 1 1 1 1 1 1 1 1 1 1 1 1 1 1 1 1 1 1 1 1 1 1 1 1 1 1 1 1 1 1 1 1 1 1 1 1 1 1 1 1 1 1 1 1 1 1 1 1 1 1 1 1 1 1 1 1 1 1 1 1 1 1 1 1 1 1 1 1 1 1 1 1 1 1 1 1 1 1 1 1 1 1 1 1 1 1 1 1 1 1 1 1 1 1 1 1 1 1 1 1 1 1 1 1 1 1 1 1 1 1 1 1 1 1 1 1 1 1 1 1 1 1 1 1 1 1 1 1 1 1 1 1 1 1 1 1 1 1 1 1 1 1 1 1 1 1 1 1 1 1 1 1 1 1 1</float_array>
          <technique_common>
            <accessor source="#GeometrySource11-array" count="150" stride="4">
              <param name="R" type="float"/>
              <param name="G" type="float"/>
              <param name="B" type="float"/>
              <param name="A" type="float"/>
            </accessor>
          </technique_common>
        </source>
        <vertices id="Geometry2-vertices">
          <input semantic="POSITION" source="#GeometrySource8"/>
          <input semantic="NORMAL" source="#GeometrySource9"/>
          <input semantic="TEXCOORD" source="#GeometrySource10"/>
          <input semantic="COLOR" source="#GeometrySource11"/>
        </vertices>
        <triangles material="VisualMaterial20" count="160">
          <input semantic="VERTEX" source="#Geometry2-vertices" offset="0"/>
          <p>0 1 2 0 2 3 4 5 6 4 6 7 8 9 10 8 10 11 12 13 14 12 14 15 16 17 18 16 19 20 16 20 21 19 22 23 19 23 20 22 24 23 22 25 24 25 22 26 16 27 17 28 29 30 28 30 31 28 32 29 28 33 32 29 34 35 29 32 34 35 34 36 35 36 37 28 31 38 39 40 41 39 41 42 40 39 43 40 43 44 39 42 45 39 45 46 39 47 43 46 48 39 39 48 47 49 48 46 49 46 50 48 49 51 48 51 47 52 53 54 52 54 55 56 52 55 56 57 52 57 58 52 58 59 52 59 53 52 60 59 58 60 61 59 58 62 60 58 63 62 57 63 58 59 64 53 18 19 16 18 22 19 18 26 22 23 65 20 24 65 23 24 66 65 67 16 21 68 67 21 68 21 69 20 69 21 67 27 16 24 25 70 70 25 26 66 24 71 24 70 71 70 26 72 66 71 73 74 66 73 74 73 75 66 74 76 66 76 65 65 77 20 20 77 69 65 76 77 70 78 71 78 73 71 78 75 73 78 79 75 80 70 72 70 80 78 80 72 81 82 83 84 82 84 85 86 87 88 86 88 89 90 86 89 90 89 91 92 90 91 92 91 93 94 45 42 94 42 41 94 41 95 95 96 94 95 97 96 94 98 45 94 96 99 98 94 100 94 99 100 101 98 100 101 102 98 100 99 103 100 103 101 104 54 53 104 105 54 106 105 104 106 104 107 107 104 108 109 104 53 109 53 64 108 104 109 110 108 109 110 109 111 108 110 112 107 108 113 108 112 113 30 29 35 30 35 114 114 35 37 115 114 37 32 116 34 34 116 117 34 117 36 33 28 38 33 38 118 119 33 118 119 120 33 121 37 36 121 115 37 122 36 117 122 121 36 116 123 117 123 122 117 123 124 122 33 125 32 33 120 125 32 126 116 116 126 123 32 125 126 124 127 122 127 121 122 127 115 121 124 128 127 127 129 115 129 130 115 115 130 114 129 131 130 132 133 134 132 134 135 136 137 138 136 138 139 140 137 136 140 141 137 142 141 140 142 143 141 144 145 146 144 146 147 148 146 145 148 149 146</p>
        </triangles>
      </mesh>
    </geometry>
  </library_geometries>
  <library_controllers>
    <controller id="Controller">
      <skin source="#Geometry">
        <bind_shape_matrix>1 0 0 0 0 1 0 0 0 0 1 0 0 0 0 1</bind_shape_matrix>
        <source id="Controller-joints">
          <Name_array id="Controller-joints-array" count="25">Bip01_L_Clavicle Bip01_L_UpperArm Bip01_R_Clavicle Bip01_R_UpperArm Bip01_Pelvis Bip01_Spine Bip01_Spine1 Bip01_Neck Bip01_Head Bip01_HeadNub Bip01_L_Forearm Bip01_L_Hand Bip01_R_Forearm Bip01_R_Hand Bip01_L_Thigh Bip01_L_Calf Bip01_L_Foot Bip01_L_Toe0 Bip01_R_Thigh Bip01_R_Calf Bip01_R_Foot Bip01_R_Toe0 Bip01 UpBodyRotate Role03</Name_array>
          <technique_common>
            <accessor source="#Controller-joints-array" count="25" stride="1">
              <param name="JOINT" type="Name"/>
            </accessor>
          </technique_common>
        </source>
        <source id="Controller-bind_poses">
          <float_array id="Controller-bind_poses-array" count="400">0.961054 -0.265368 -0.077161 0.227823 -0.093695 -0.050202 -0.994334 0.0843 0.259991 0.962839 -0.07311 -1.06319 0 0 0 1 0.860194 -0.509912 0.00741 0.259871 0.05651 0.080867 -0.995121 -0.09537 0.506825 0.856417 0.098377 -1.03018 0 0 0 1 -0.961353 -0.264286 -0.077162 0.227128 0.093639 -0.050308 -0.994334 0.084369 0.258907 -0.963131 0.073111 1.06337 0 0 0 1 -0.860768 -0.508943 0.00741 0.259249 -0.056418 0.08093 -0.995122 -0.09541 0.505861 -0.856987 -0.098376 1.03054 0 0 0 1 0 1 0 -0.562364 0.000001 0 1 -0.056176 1 0 -0.000001 0 0 0 0 1 0.000562 1 0.000233 -0.642601 -0.000003 -0.000233 1 -0.07658 1 -0.000562 0.000003 0.000361 0 0 0 1 0.000562 0.998765 -0.049682 -0.850199 0.000024 0.049682 0.998765 -0.118962 1 -0.000562 0.000003 0.000361 0 0 0 1 0.000562 0.999997 -0.002577 -1.16402 -0.000001 0.002577 0.999997 -0.057511 1 -0.000562 0.000003 0.000361 0 0 0 1 0.000562 1 -0.000564 -1.22999 -0.000002 0.000564 1 -0.055035 1 -0.000562 0.000003 0.000361 0 0 0 1 0.000562 1 -0.000564 -1.9539 -0.000002 0.000564 1 -0.055035 1 -0.000562 0.000003 0.000361 0 0 0 1 0.85016 -0.515458 0.10738 -0.055061 0.142671 0.029213 -0.989339 -0.101418 0.506825 0.856417 0.098377 -1.03018 0 0 0 1 0.85016 -0.515458 0.10738 -0.264798 -0.506712 -0.856393 -0.099165 1.03009 0.143075 0.029895 -0.98926 -0.102238 0 0 0 1 -0.85074 -0.5145 0.107379 -0.055676 -0.142637 0.029373 -0.989339 -0.10152 0.505861 -0.856987 -0.098376 1.03054 0 0 0 1 -0.85074 -0.5145 0.107379 -0.265413 0.505747 -0.856963 -0.099164 1.03046 0.14304 -0.030056 0.98926 0.102341 0 0 0 1 0.036504 -0.980395 0.193631 0.53362 -0.017088 0.193119 0.981026 -0.160511 -0.999187 -0.039121 -0.009704 0.20979 0 0 0 1 0.039126 -0.999234 -0.000395 0.269083 -0.009681 -0.000775 0.999953 -0.110399 -0.999187 -0.039121 -0.009704 0.20979 0 0 0 1 -0.000001 -1 0.000000 0.00466 0.000000 0.000000 1 -0.112429 -1 0.000001 0.000000 0.208686 0 0 0 1 0.000000 0.000000 1 -0.253092 0.000001 1 -0.000000 -0.002568 -1 0.000001 0.000000 0.208686 0 0 0 1 -0.036507 -0.980395 0.193631 0.53362 0.017089 0.193119 0.981026 -0.160511 -0.999187 0.039124 0.009704 -0.209792 0 0 0 1 -0.039129 -0.999234 -0.000395 0.269082 0.009681 -0.000775 0.999953 -0.110399 -0.999187 0.039124 0.009704 -0.209792 0 0 0 1 -0.000001 -1 0.000000 0.00466 -0.000000 0.000000 1 -0.112429 -1 0.000001 -0.000000 -0.208688 0 0 0 1 -0.000000 0.000000 1 -0.253092 0.000001 1 -0.000000 -0.002568 -1 0.000001 -0.000000 -0.208688 0 0 0 1 0 0 1 -0.056176 1 0 0 0 0 1 0 -0.562364 0 0 0 1 0 1 0 -0.642583 -0.000038 0 1 -0.07673 1 0 0.000038 -0.000002 0 0 0 1 1 0 0 0 0 1 0 0 0 0 1 0 0 0 0 1</float_array>
          <technique_common>
            <accessor source="#Controller-bind_poses-array" count="25" stride="16">
              <param name="TRANSFORM" type="float4x4"/>
            </accessor>
          </technique_common>
        </source>
        <source id="Controller-weights">
          <float_array id="Controller-weights-array" count="1">1</float_array>
          <technique_common>
            <accessor source="#Controller-weights-array" count="1" stride="1">
              <param name="WEIGHT" type="float"/>
            </accessor>
          </technique_common>
        </source>
        <joints>
          <input semantic="JOINT" source="#Controller-joints"/>
          <input semantic="INV_BIND_MATRIX" source="#Controller-bind_poses"/>
        </joints>
        <vertex_weights count="252">
          <input semantic="JOINT" source="#Controller-joints" offset="0"/>
          <input semantic="WEIGHT" source="#Controller-weights" offset="1"/>
          <vcount>1 1 1 1 1 1 1 1 1 1 1 1 1 1 1 1 1 1 1 1 1 1 1 1 1 1 1 1 1 1 1 1 1 1 1 1 1 1 1 1 1 1 1 1 1 1 1 1 1 1 1 1 1 1 1 1 1 1 1 1 1 1 1 1 1 1 1 1 1 1 1 1 1 1 1 1 1 1 1 1 1 1 1 1 1 1 1 1 1 1 1 1 1 1 1 1 1 1 1 1 1 1 1 1 1 1 1 1 1 1 1 1 1 1 1 1 1 1 1 1 1 1 1 1 1 1 1 1 1 1 1 1 1 1 1 1 1 1 1 1 1 1 1 1 1 1 1 1 1 1 1 1 1 1 1 1 1 1 1 1 1 1 1 1 1 1 1 1 1 1 1 1 1 1 1 1 1 1 1 1 1 1 1 1 1 1 1 1 1 1 1 1 1 1 1 1 1 1 1 1 1 1 1 1 1 1 1 1 1 1 1 1 1 1 1 1 1 1 1 1 1 1 1 1 1 1 1 1 1 1 1 1 1 1 1 1 1 1 1 1 1 1 1 1 1 1 1 1 1 1 1 1 </vcount>
          <v>8 0 8 0 8 0 8 0 8 0 8 0 8 0 8 0 8 0 8 0 8 0 8 0 8 0 8 0 8 0 8 0 8 0 8 0 8 0 8 0 8 0 8 0 8 0 8 0 8 0 8 0 8 0 8 0 8 0 8 0 8 0 8 0 8 0 8 0 8 0 8 0 8 0 8 0 8 0 8 0 8 0 8 0 8 0 8 0 8 0 8 0 8 0 8 0 8 0 8 0 8 0 8 0 8 0 8 0 8 0 8 0 8 0 8 0 8 0 8 0 8 0 8 0 8 0 8 0 8 0 8 0 8 0 8 0 8 0 8 0 8 0 8 0 8 0 8 0 8 0 8 0 8 0 8 0 8 0 8 0 8 0 8 0 8 0 8 0 8 0 8 0 8 0 8 0 8 0 8 0 8 0 8 0 8 0 8 0 8 0 8 0 8 0 8 0 8 0 8 0 8 0 8 0 8 0 8 0 8 0 8 0 8 0 8 0 8 0 8 0 8 0 8 0 8 0 8 0 8 0 8 0 8 0 8 0 8 0 8 0 8 0 8 0 8 0 8 0 8 0 8 0 8 0 8 0 8 0 8 0 8 0 8 0 8 0 8 0 8 0 8 0 8 0 8 0 8 0 8 0 8 0 8 0 8 0 8 0 8 0 8 0 8 0 8 0 8 0 8 0 8 0 8 0 8 0 8 0 8 0 8 0 8 0 8 0 8 0 8 0 8 0 8 0 8 0 8 0 8 0 8 0 8 0 8 0 8 0 8 0 8 0 8 0 8 0 8 0 8 0 8 0 8 0 8 0 8 0 8 0 8 0 8 0 8 0 8 0 8 0 8 0 8 0 8 0 8 0 8 0 8 0 8 0 8 0 8 0 8 0 8 0 8 0 8 0 8 0 8 0 8 0 8 0 8 0 8 0 8 0 8 0 8 0 8 0 8 0 8 0 8 0 8 0 8 0 8 0 8 0 8 0 8 0 8 0 8 0 8 0 8 0 8 0 8 0 8 0 8 0 8 0 8 0 8 0 8 0 8 0 8 0 8 0 8 0 8 0 8 0 8 0 8 0 8 0 8 0 8 0 8 0 8 0 8 0 8 0 8 0 8 0 8 0 8 0 8 0 8 0 8 0 8 0</v>
        </vertex_weights>
      </skin>
      <extra>
        <technique profile="FCOLLADA">
          <user_properties>SkinController</user_properties>
        </technique>
      </extra>
    </controller>
    <controller id="Controller1">
      <skin source="#Geometry1">
        <bind_shape_matrix>1 0 0 0 0 1 0 0 0 0 1 0 0 0 0 1</bind_shape_matrix>
        <source id="Controller1-joints">
          <Name_array id="Controller1-joints-array" count="25">Bip01_L_Clavicle Bip01_L_UpperArm Bip01_R_Clavicle Bip01_R_UpperArm Bip01_Pelvis Bip01_Spine Bip01_Spine1 Bip01_Neck Bip01_Head Bip01_HeadNub Bip01_L_Forearm Bip01_L_Hand Bip01_R_Forearm Bip01_R_Hand Bip01_L_Thigh Bip01_L_Calf Bip01_L_Foot Bip01_L_Toe0 Bip01_R_Thigh Bip01_R_Calf Bip01_R_Foot Bip01_R_Toe0 Bip01 UpBodyRotate Role03</Name_array>
          <technique_common>
            <accessor source="#Controller1-joints-array" count="25" stride="1">
              <param name="JOINT" type="Name"/>
            </accessor>
          </technique_common>
        </source>
        <source id="Controller1-bind_poses">
          <float_array id="Controller1-bind_poses-array" count="400">0.961054 -0.265368 -0.077161 0.227823 -0.093695 -0.050202 -0.994334 0.0843 0.259991 0.962839 -0.07311 -1.06319 0 0 0 1 0.860194 -0.509912 0.00741 0.259871 0.05651 0.080867 -0.995121 -0.09537 0.506825 0.856417 0.098377 -1.03018 0 0 0 1 -0.961353 -0.264286 -0.077162 0.227128 0.093639 -0.050308 -0.994334 0.084369 0.258907 -0.963131 0.073111 1.06337 0 0 0 1 -0.860768 -0.508943 0.00741 0.259249 -0.056418 0.08093 -0.995122 -0.09541 0.505861 -0.856987 -0.098376 1.03054 0 0 0 1 0 1 0 -0.562364 0.000001 0 1 -0.056176 1 0 -0.000001 0 0 0 0 1 0.000562 1 0.000233 -0.642601 -0.000003 -0.000233 1 -0.07658 1 -0.000562 0.000003 0.000361 0 0 0 1 0.000562 0.998765 -0.049682 -0.850199 0.000024 0.049682 0.998765 -0.118962 1 -0.000562 0.000003 0.000361 0 0 0 1 0.000562 0.999997 -0.002577 -1.16402 -0.000001 0.002577 0.999997 -0.057511 1 -0.000562 0.000003 0.000361 0 0 0 1 0.000562 1 -0.000564 -1.22999 -0.000002 0.000564 1 -0.055035 1 -0.000562 0.000003 0.000361 0 0 0 1 0.000562 1 -0.000564 -1.9539 -0.000002 0.000564 1 -0.055035 1 -0.000562 0.000003 0.000361 0 0 0 1 0.85016 -0.515458 0.10738 -0.055061 0.142671 0.029213 -0.989339 -0.101418 0.506825 0.856417 0.098377 -1.03018 0 0 0 1 0.85016 -0.515458 0.10738 -0.264798 -0.506712 -0.856393 -0.099165 1.03009 0.143075 0.029895 -0.98926 -0.102238 0 0 0 1 -0.85074 -0.5145 0.107379 -0.055676 -0.142637 0.029373 -0.989339 -0.10152 0.505861 -0.856987 -0.098376 1.03054 0 0 0 1 -0.85074 -0.5145 0.107379 -0.265413 0.505747 -0.856963 -0.099164 1.03046 0.14304 -0.030056 0.98926 0.102341 0 0 0 1 0.036504 -0.980395 0.193631 0.53362 -0.017088 0.193119 0.981026 -0.160511 -0.999187 -0.039121 -0.009704 0.20979 0 0 0 1 0.039126 -0.999234 -0.000395 0.269083 -0.009681 -0.000775 0.999953 -0.110399 -0.999187 -0.039121 -0.009704 0.20979 0 0 0 1 -0.000001 -1 0.000000 0.00466 0.000000 0.000000 1 -0.112429 -1 0.000001 0.000000 0.208686 0 0 0 1 0.000000 0.000000 1 -0.253092 0.000001 1 -0.000000 -0.002568 -1 0.000001 0.000000 0.208686 0 0 0 1 -0.036507 -0.980395 0.193631 0.53362 0.017089 0.193119 0.981026 -0.160511 -0.999187 0.039124 0.009704 -0.209792 0 0 0 1 -0.039129 -0.999234 -0.000395 0.269082 0.009681 -0.000775 0.999953 -0.110399 -0.999187 0.039124 0.009704 -0.209792 0 0 0 1 -0.000001 -1 0.000000 0.00466 -0.000000 0.000000 1 -0.112429 -1 0.000001 -0.000000 -0.208688 0 0 0 1 -0.000000 0.000000 1 -0.253092 0.000001 1 -0.000000 -0.002568 -1 0.000001 -0.000000 -0.208688 0 0 0 1 0 0 1 -0.056176 1 0 0 0 0 1 0 -0.562364 0 0 0 1 0 1 0 -0.642583 -0.000038 0 1 -0.07673 1 0 0.000038 -0.000002 0 0 0 1 1 0 0 0 0 1 0 0 0 0 1 0 0 0 0 1</float_array>
          <technique_common>
            <accessor source="#Controller1-bind_poses-array" count="25" stride="16">
              <param name="TRANSFORM" type="float4x4"/>
            </accessor>
          </technique_common>
        </source>
        <source id="Controller1-weights">
          <float_array id="Controller1-weights-array" count="189">1 0.25 0.75 0.5 0.5 0.5 0.5 0.5 0.5 0.5 0.5 0.5 0.5 0.5 0.5 0.25 0.75 0.25 0.75 0.5 0.5 0.5 0.5 0.25 0.75 0.25 0.75 0.5 0.5 0.5 0.5 0.5 0.5 0.5 0.5 0.5 0.5 0.5 0.5 0.25 0.75 0.25 0.75 0.5 0.5 0.25 0.75 0.5 0.5 0.5 0.5 0.25 0.75 0.25 0.75 0.5 0.5 0.5 0.5 0.75 0.25 0.75 0.25 0.5 0.5 0.5 0.5 0.5 0.5 0.5 0.5 0.5 0.5 0.5 0.5 0.5 0.5 0.5 0.5 0.5 0.5 0.5 0.5 0.25 0.75 0.5 0.5 0.5 0.5 0.5 0.5 0.5 0.5 0.5 0.5 0.5 0.5 0.5 0.5 0.5 0.5 0.25 0.75 0.5 0.5 0.5 0.5 0.5 0.5 0.5 0.5 0.5 0.5 0.5 0.5 0.25 0.75 0.75 0.25 0.75 0.25 0.75 0.25 0.75 0.25 0.5 0.5 0.25 0.75 0.5 0.5 0.75 0.25 0.25 0.75 0.25 0.75 0.25 0.75 0.25 0.75 0.75 0.25 0.5 0.5 0.5 0.5 0.5 0.5 0.5 0.5 0.5 0.5 0.5 0.5 0.5 0.5 0.5 0.5 0.5 0.5 0.5 0.5 0.5 0.5 0.5 0.5 0.5 0.5 0.5 0.5 0.5 0.5 0.5 0.5 0.5 0.5 0.5 0.5 0.5 0.5 0.5 0.5 0.5 0.5 0.5 0.5 0.5 0.5</float_array>
          <technique_common>
            <accessor source="#Controller1-weights-array" count="189" stride="1">
              <param name="WEIGHT" type="float"/>
            </accessor>
          </technique_common>
        </source>
        <joints>
          <input semantic="JOINT" source="#Controller1-joints"/>
          <input semantic="INV_BIND_MATRIX" source="#Controller1-bind_poses"/>
        </joints>
        <vertex_weights count="374">
          <input semantic="JOINT" source="#Controller1-joints" offset="0"/>
          <input semantic="WEIGHT" source="#Controller1-weights" offset="1"/>
          <vcount>1 1 1 1 1 1 1 1 1 1 1 1 1 1 1 1 1 1 1 1 1 1 1 1 1 1 1 1 1 1 1 1 1 1 1 1 1 1 1 1 1 1 1 1 1 1 1 2 1 1 1 2 2 1 1 2 2 1 1 2 2 1 1 2 1 2 1 1 1 1 1 1 1 1 2 2 2 1 1 1 1 1 1 1 1 1 1 1 1 1 1 1 1 1 1 1 1 1 1 1 1 1 1 1 1 1 1 1 1 1 1 1 1 1 1 1 1 1 1 1 1 1 1 1 1 2 1 2 1 2 1 2 1 2 1 2 2 1 2 1 2 1 1 1 1 1 1 2 2 1 1 1 1 1 2 2 1 2 2 1 1 1 1 1 1 1 1 1 1 1 1 1 1 1 1 1 1 1 1 1 1 1 1 1 1 1 1 1 1 1 1 1 1 1 1 1 1 1 1 1 1 1 1 1 1 1 1 1 1 1 1 1 1 1 1 1 1 2 2 1 1 2 2 1 1 1 1 1 1 1 1 1 1 1 1 1 1 1 1 1 1 1 1 1 1 1 1 1 1 1 1 1 1 1 1 1 1 1 1 1 1 1 1 1 1 1 1 1 1 1 1 1 1 1 2 2 1 2 2 1 1 1 1 1 1 1 1 2 2 1 1 1 2 2 1 1 1 1 1 1 2 2 1 1 2 1 2 2 2 2 2 2 2 2 1 2 1 2 2 2 2 2 1 2 1 2 2 2 2 2 2 2 1 1 1 2 1 2 2 2 2 2 2 2 1 1 2 1 2 1 1 2 2 2 2 1 2 1 1 2 2 2 2 2 2 2 2 2 2 2 2 2 2 2 </vcount>
          <v>1 0 1 0 1 0 1 0 1 0 1 0 1 0 1 0 1 0 1 0 1 0 1 0 1 0 1 0 10 0 10 0 10 0 10 0 10 0 10 0 10 0 10 0 10 0 10 0 10 0 10 0 10 0 10 0 10 0 10 0 1 0 1 0 1 0 1 0 1 0 1 0 1 0 1 0 1 0 1 0 6 0 6 0 6 0 6 0 6 0 6 0 6 0 1 1 6 2 6 0 6 0 6 0 5 3 6 4 5 5 6 6 6 0 6 0 5 7 6 8 5 9 6 10 6 0 6 0 5 11 6 12 5 13 6 14 6 0 6 0 1 15 6 16 6 0 1 17 6 18 6 0 6 0 6 0 6 0 6 0 6 0 6 0 6 0 5 19 6 20 5 21 6 22 1 23 6 24 6 0 6 0 6 0 6 0 6 0 3 0 3 0 3 0 3 0 3 0 3 0 3 0 3 0 3 0 3 0 3 0 3 0 3 0 3 0 12 0 12 0 12 0 12 0 12 0 12 0 12 0 12 0 12 0 12 0 12 0 12 0 12 0 12 0 12 0 12 0 3 0 3 0 3 0 3 0 3 0 3 0 3 0 3 0 3 0 3 0 6 0 6 0 6 0 3 25 6 26 6 0 5 27 6 28 6 0 5 29 6 30 6 0 5 31 6 32 6 0 5 33 6 34 6 0 5 35 6 36 5 37 6 38 6 0 3 39 6 40 6 0 3 41 6 42 6 0 6 0 6 0 6 0 6 0 6 0 5 43 6 44 3 45 6 46 6 0 6 0 6 0 16 0 16 0 14 47 15 48 14 49 15 50 16 0 14 51 15 52 14 53 15 54 16 0 16 0 16 0 16 0 16 0 16 0 16 0 4 0 4 0 4 0 4 0 4 0 4 0 4 0 4 0 4 0 4 0 4 0 4 0 4 0 4 0 4 0 4 0 4 0 4 0 4 0 4 0 4 0 4 0 4 0 4 0 4 0 4 0 4 0 4 0 4 0 4 0 4 0 4 0 4 0 4 0 4 0 4 0 4 0 4 0 4 0 4 0 4 0 4 0 4 0 4 0 4 0 4 0 4 0 4 0 4 0 4 0 20 0 19 55 18 56 19 57 18 58 20 0 20 0 19 59 18 60 19 61 18 62 20 0 20 0 20 0 20 0 20 0 20 0 20 0 4 0 4 0 4 0 4 0 4 0 4 0 4 0 4 0 4 0 4 0 4 0 4 0 4 0 4 0 4 0 4 0 4 0 4 0 4 0 4 0 4 0 4 0 4 0 4 0 4 0 4 0 4 0 4 0 4 0 4 0 4 0 4 0 4 0 4 0 4 0 4 0 4 0 4 0 4 0 4 0 4 0 4 0 13 0 13 0 13 63 12 64 13 65 12 66 13 0 13 67 12 68 13 69 12 70 13 0 13 0 13 0 13 0 13 0 13 0 13 0 11 0 11 71 10 72 11 73 10 74 11 0 11 0 11 0 11 75 10 76 11 77 10 78 11 0 11 0 11 0 11 0 11 0 11 0 5 79 6 80 5 81 6 82 6 0 6 0 1 83 6 84 6 0 5 85 6 86 5 87 6 88 5 89 6 90 5 91 6 92 5 93 6 94 5 95 6 96 5 97 6 98 5 99 6 100 6 0 3 101 6 102 6 0 5 103 6 104 5 105 6 106 5 107 6 108 5 109 6 110 5 111 6 112 16 0 14 113 15 114 16 0 14 115 15 116 14 117 15 118 14 119 15 120 14 121 15 122 14 123 15 124 14 125 15 126 14 127 15 128 16 0 16 0 20 0 19 129 18 130 20 0 19 131 18 132 19 133 18 134 19 135 18 136 19 137 18 138 19 139 18 140 19 141 18 142 19 143 18 144 20 0 20 0 13 145 12 146 13 0 13 147 12 148 13 0 13 0 13 149 12 150 13 151 12 152 13 153 12 154 11 155 10 156 11 0 11 157 10 158 11 0 11 0 11 159 10 160 11 161 10 162 11 163 10 164 5 165 6 166 5 167 6 168 5 169 6 170 5 171 6 172 5 173 6 174 5 175 6 176 5 177 6 178 5 179 6 180 5 181 6 182 5 183 6 184 5 185 6 186 5 187 6 188</v>
        </vertex_weights>
      </skin>
      <extra>
        <technique profile="FCOLLADA">
          <user_properties>SkinController</user_properties>
        </technique>
      </extra>
    </controller>
    <controller id="Controller2">
      <skin source="#Geometry2">
        <bind_shape_matrix>1 0 0 0 0 1 0 0 0 0 1 0 0 0 0 1</bind_shape_matrix>
        <source id="Controller2-joints">
          <Name_array id="Controller2-joints-array" count="25">Bip01_L_Clavicle Bip01_L_UpperArm Bip01_R_Clavicle Bip01_R_UpperArm Bip01_Pelvis Bip01_Spine Bip01_Spine1 Bip01_Neck Bip01_Head Bip01_HeadNub Bip01_L_Forearm Bip01_L_Hand Bip01_R_Forearm Bip01_R_Hand Bip01_L_Thigh Bip01_L_Calf Bip01_L_Foot Bip01_L_Toe0 Bip01_R_Thigh Bip01_R_Calf Bip01_R_Foot Bip01_R_Toe0 Bip01 UpBodyRotate Role03</Name_array>
          <technique_common>
            <accessor source="#Controller2-joints-array" count="25" stride="1">
              <param name="JOINT" type="Name"/>
            </accessor>
          </technique_common>
        </source>
        <source id="Controller2-bind_poses">
          <float_array id="Controller2-bind_poses-array" count="400">0.961054 -0.265368 -0.077161 0.227823 -0.093695 -0.050202 -0.994334 0.0843 0.259991 0.962839 -0.07311 -1.06319 0 0 0 1 0.860194 -0.509912 0.00741 0.259871 0.05651 0.080867 -0.995121 -0.09537 0.506825 0.856417 0.098377 -1.03018 0 0 0 1 -0.961353 -0.264286 -0.077162 0.227128 0.093639 -0.050308 -0.994334 0.084369 0.258907 -0.963131 0.073111 1.06337 0 0 0 1 -0.860768 -0.508943 0.00741 0.259249 -0.056418 0.08093 -0.995122 -0.09541 0.505861 -0.856987 -0.098376 1.03054 0 0 0 1 0 1 0 -0.562364 0.000001 0 1 -0.056176 1 0 -0.000001 0 0 0 0 1 0.000562 1 0.000233 -0.642601 -0.000003 -0.000233 1 -0.07658 1 -0.000562 0.000003 0.000361 0 0 0 1 0.000562 0.998765 -0.049682 -0.850199 0.000024 0.049682 0.998765 -0.118962 1 -0.000562 0.000003 0.000361 0 0 0 1 0.000562 0.999997 -0.002577 -1.16402 -0.000001 0.002577 0.999997 -0.057511 1 -0.000562 0.000003 0.000361 0 0 0 1 0.000562 1 -0.000564 -1.22999 -0.000002 0.000564 1 -0.055035 1 -0.000562 0.000003 0.000361 0 0 0 1 0.000562 1 -0.000564 -1.9539 -0.000002 0.000564 1 -0.055035 1 -0.000562 0.000003 0.000361 0 0 0 1 0.85016 -0.515458 0.10738 -0.055061 0.142671 0.029213 -0.989339 -0.101418 0.506825 0.856417 0.098377 -1.03018 0 0 0 1 0.85016 -0.515458 0.10738 -0.264798 -0.506712 -0.856393 -0.099165 1.03009 0.143075 0.029895 -0.98926 -0.102238 0 0 0 1 -0.85074 -0.5145 0.107379 -0.055676 -0.142637 0.029373 -0.989339 -0.10152 0.505861 -0.856987 -0.098376 1.03054 0 0 0 1 -0.85074 -0.5145 0.107379 -0.265413 0.505747 -0.856963 -0.099164 1.03046 0.14304 -0.030056 0.98926 0.102341 0 0 0 1 0.036504 -0.980395 0.193631 0.53362 -0.017088 0.193119 0.981026 -0.160511 -0.999187 -0.039121 -0.009704 0.20979 0 0 0 1 0.039126 -0.999234 -0.000395 0.269083 -0.009681 -0.000775 0.999953 -0.110399 -0.999187 -0.039121 -0.009704 0.20979 0 0 0 1 -0.000001 -1 0.000000 0.00466 0.000000 0.000000 1 -0.112429 -1 0.000001 0.000000 0.208686 0 0 0 1 0.000000 0.000000 1 -0.253092 0.000001 1 -0.000000 -0.002568 -1 0.000001 0.000000 0.208686 0 0 0 1 -0.036507 -0.980395 0.193631 0.53362 0.017089 0.193119 0.981026 -0.160511 -0.999187 0.039124 0.009704 -0.209792 0 0 0 1 -0.039129 -0.999234 -0.000395 0.269082 0.009681 -0.000775 0.999953 -0.110399 -0.999187 0.039124 0.009704 -0.209792 0 0 0 1 -0.000001 -1 0.000000 0.00466 -0.000000 0.000000 1 -0.112429 -1 0.000001 -0.000000 -0.208688 0 0 0 1 -0.000000 0.000000 1 -0.253092 0.000001 1 -0.000000 -0.002568 -1 0.000001 -0.000000 -0.208688 0 0 0 1 0 0 1 -0.056176 1 0 0 0 0 1 0 -0.562364 0 0 0 1 0 1 0 -0.642583 -0.000038 0 1 -0.07673 1 0 0.000038 -0.000002 0 0 0 1 1 0 0 0 0 1 0 0 0 0 1 0 0 0 0 1</float_array>
          <technique_common>
            <accessor source="#Controller2-bind_poses-array" count="25" stride="16">
              <param name="TRANSFORM" type="float4x4"/>
            </accessor>
          </technique_common>
        </source>
        <source id="Controller2-weights">
          <float_array id="Controller2-weights-array" count="245">1 0.25 0.75 0.5 0.5 0.5 0.5 0.75 0.25 0.75 0.25 0.25 0.75 0.75 0.25 0.25 0.75 0.5 0.5 0.5 0.5 0.75 0.25 0.75 0.25 0.692308 0.307692 0.2 0.8 0.5 0.5 0.5 0.5 0.2 0.8 0.2 0.8 0.5 0.5 0.1 0.099878 0.800122 0.5 0.5 0.75 0.25 0.75 0.25 0.5 0.5 0.5 0.5 0.5 0.5 0.2 0.8 0.2 0.8 0.5 0.5 0.5 0.5 0.5 0.5 0.2 0.8 0.5 0.5 0.5 0.5 0.25 0.75 0.25 0.75 0.25 0.75 0.5 0.5 0.1 0.099878 0.800122 0.25 0.75 0.25 0.75 0.5 0.5 0.5 0.5 0.5 0.5 0.75 0.25 0.75 0.25 0.25 0.75 0.5 0.5 0.5 0.5 0.5 0.5 0.5 0.5 0.5 0.5 0.5 0.5 0.75 0.25 0.25 0.75 0.5 0.5 0.5 0.5 0.5 0.5 0.75 0.25 0.5 0.5 0.25 0.75 0.5 0.5 0.2 0.8 0.2 0.8 0.5 0.5 0.5 0.5 0.2 0.8 0.5 0.5 0.2 0.8 0.5 0.5 0.5 0.5 0.75 0.25 0.75 0.25 0.5 0.5 0.5 0.5 0.5 0.5 0.2 0.8 0.5 0.5 0.5 0.5 0.2 0.8 0.5 0.5 0.5 0.5 0.25 0.75 0.25 0.75 0.25 0.75 0.5 0.5 0.25 0.75 0.692308 0.307692 0.25 0.75 0.25 0.75 0.5 0.5 0.5 0.5 0.5 0.5 0.75 0.25 0.25 0.75 0.5 0.5 0.5 0.5 0.5 0.5 0.5 0.5 0.5 0.5 0.5 0.5 0.692308 0.307692 0.25 0.75 0.5 0.5 0.5 0.5 0.5 0.5 0.75 0.25 0.5 0.5 0.25 0.75 0.5 0.5 0.2 0.8 0.2 0.8 0.5 0.5 0.5 0.5 0.5 0.5 0.1 0.099878 0.800122 0.1 0.099878 0.800122 0.5 0.5 0.5 0.5 0.5 0.5</float_array>
          <technique_common>
            <accessor source="#Controller2-weights-array" count="245" stride="1">
              <param name="WEIGHT" type="float"/>
            </accessor>
          </technique_common>
        </source>
        <joints>
          <input semantic="JOINT" source="#Controller2-joints"/>
          <input semantic="INV_BIND_MATRIX" source="#Controller2-bind_poses"/>
        </joints>
        <vertex_weights count="150">
          <input semantic="JOINT" source="#Controller2-joints" offset="0"/>
          <input semantic="WEIGHT" source="#Controller2-weights" offset="1"/>
          <vcount>1 1 1 1 1 1 1 1 1 1 1 1 1 1 1 1 1 1 2 1 2 2 1 2 2 1 2 2 1 1 2 1 2 2 2 1 2 1 2 2 2 2 2 2 2 3 2 2 2 2 2 2 2 2 2 2 2 2 2 2 2 2 2 2 3 2 2 2 2 2 2 2 1 2 2 2 2 2 2 2 2 1 2 2 2 2 2 2 2 2 2 2 2 2 2 2 2 2 2 2 2 2 2 2 2 2 2 2 2 2 2 2 2 2 2 2 2 2 2 2 2 2 2 2 2 2 2 2 2 2 1 1 2 2 2 2 2 2 2 2 2 2 2 2 2 3 3 2 2 2 </vcount>
          <v>6 0 6 0 8 0 8 0 6 0 6 0 8 0 8 0 6 0 6 0 8 0 8 0 6 0 6 0 8 0 8 0 3 0 6 0 3 1 6 2 3 0 3 3 12 4 3 5 12 6 3 0 3 7 12 8 3 9 12 10 3 0 3 11 6 12 3 13 6 14 1 0 1 0 1 15 6 16 6 0 1 17 10 18 1 19 10 20 1 21 10 22 1 0 1 23 10 24 1 0 1 25 6 26 18 27 4 28 5 29 6 30 5 31 6 32 5 33 4 34 18 35 4 36 5 37 6 38 14 39 18 40 4 41 18 42 4 43 18 44 4 45 18 46 4 47 19 48 18 49 19 50 18 51 19 52 18 53 18 54 4 55 5 56 4 57 5 58 6 59 5 60 6 61 5 62 6 63 18 64 4 65 18 66 4 67 18 68 4 69 19 70 18 71 19 72 18 73 19 74 18 75 18 76 4 77 14 78 18 79 4 80 3 81 12 82 3 83 12 84 3 85 12 86 13 87 12 88 13 89 12 90 3 91 6 92 3 93 12 94 6 0 3 95 12 96 13 97 12 98 13 99 12 100 13 101 12 102 13 103 12 104 3 105 12 106 13 107 12 108 3 109 6 110 6 0 19 111 18 112 19 113 18 114 18 115 4 116 18 117 4 118 18 119 4 120 19 121 18 122 19 123 18 124 18 125 4 126 18 127 4 128 18 129 4 130 5 131 6 132 5 133 6 134 14 135 4 136 5 137 6 138 14 139 4 140 5 141 6 142 14 143 4 144 14 145 4 146 14 147 4 148 15 149 14 150 15 151 14 152 15 153 14 154 14 155 4 156 5 157 6 158 5 159 6 160 14 161 4 162 14 163 4 164 14 165 4 166 15 167 14 168 15 169 14 170 15 171 14 172 14 173 4 174 1 175 6 176 1 177 6 178 1 179 10 180 1 181 10 182 1 183 10 184 11 185 10 186 11 187 10 188 1 189 10 190 1 191 10 192 11 193 10 194 11 195 10 196 11 197 10 198 11 199 10 200 1 201 10 202 11 203 10 204 1 205 6 206 6 0 6 0 15 207 14 208 14 209 4 210 14 211 4 212 15 213 14 214 14 215 4 216 14 217 4 218 15 219 14 220 15 221 14 222 14 223 4 224 14 225 4 226 5 227 6 228 5 229 6 230 18 231 4 232 14 233 18 234 4 235 14 236 18 237 4 238 18 239 4 240 14 241 4 242 14 243 4 244</v>
        </vertex_weights>
      </skin>
      <extra>
        <technique profile="FCOLLADA">
          <user_properties>SkinController</user_properties>
        </technique>
      </extra>
    </controller>
  </library_controllers>
  <library_visual_scenes>
    <visual_scene id="VisualSceneNode" name="rdmscene">
      <node id="VisualSceneNode1" name="Role03" sid="Role03" type="JOINT">
        <matrix>1 0 0 0 0 1 0 0 0 0 1 0 0 0 0 1</matrix>
        <node id="VisualSceneNode2" name="Bip01" sid="Bip01" type="JOINT">
          <matrix>0 1 0 0 0 0 1 0.562364 1 0 0 0.056176 0 0 0 1</matrix>
          <node id="VisualSceneNode3" name="UpBodyRotate" sid="UpBodyRotate" type="JOINT">
            <matrix>0 1 0.000038 0.020554 0 -0.000038 1 0 1 0 0 0.080219 0 0 0 1</matrix>
            <node id="VisualSceneNode4" name="Bip01_Spine" sid="Bip01_Spine" type="JOINT">
              <matrix>1 -0.000233 -0.000562 0 0.000233 1 -0.000034 0 0.000562 0.000034 1 0 0 0 0 1</matrix>
              <node id="VisualSceneNode5" name="Bip01_Spine1" sid="Bip01_Spine1" type="JOINT">
                <matrix>0.998753 0.049915 0.000000 0.212477 -0.049915 0.998753 0 -0.000204 -0.000000 0 1 0 0 0 0 1</matrix>
                <node id="VisualSceneNode6" name="Bip01_Neck" sid="Bip01_Neck" type="JOINT">
                  <matrix>0.99889 -0.047107 -0.000000 0.309822 0.047107 0.99889 0 -0.00668 0.000000 0 1 0 0 0 0 1</matrix>
                  <node id="VisualSceneNode7" name="Bip01_L_Clavicle" sid="Bip01_L_Clavicle" type="JOINT">
                    <matrix>-0.264627 -0.047691 0.963171 -0.075684 -0.077846 -0.99446 -0.070629 -0.031034 0.961203 -0.09367 0.259449 0.065115 0 0 0 1</matrix>
                    <node id="VisualSceneNode8" name="Bip01_L_UpperArm" sid="Bip01_L_UpperArm" type="JOINT">
                      <matrix>0.961436 0.109635 0.25223 0.248271 -0.062366 0.980129 -0.188301 0 -0.267863 0.165309 0.949169 0 0 0 0 1</matrix>
                      <node id="VisualSceneNode9" name="Bip01_L_Forearm" sid="Bip01_L_Forearm" type="JOINT">
                        <matrix>0.994937 0.100497 -0.000000 0.324846 -0.100497 0.994937 0 0 0 0 1 0 0 0 0 1</matrix>
                        <node id="VisualSceneNode10" name="Bip01_L_Hand" sid="Bip01_L_Hand" type="JOINT">
                          <matrix>1 0 0 0.209737 0 0.000796 0.999999 0 -0.000000 -0.999999 0.000796 0 0 0 0 1</matrix>
                        </node>
                      </node>
                    </node>
                  </node>
                  <node id="VisualSceneNode11" name="Bip01_R_Clavicle" sid="Bip01_R_Clavicle" type="JOINT">
                    <matrix>-0.264627 -0.047692 -0.963171 -0.075684 -0.077841 -0.994461 0.070628 -0.031034 -0.961204 0.093664 0.259449 -0.065116 0 0 0 1</matrix>
                    <node id="VisualSceneNode12" name="Bip01_R_UpperArm" sid="Bip01_R_UpperArm" type="JOINT">
                      <matrix>0.961436 0.109635 -0.25223 0.248271 -0.062366 0.980129 0.188301 0 0.267863 -0.165309 0.949169 0 0 0 0 1</matrix>
                      <node id="VisualSceneNode13" name="Bip01_R_Forearm" sid="Bip01_R_Forearm" type="JOINT">
                        <matrix>0.994937 0.100497 0.000000 0.324846 -0.100497 0.994937 0 0 0 0 1 0 0 0 0 1</matrix>
                        <node id="VisualSceneNode14" name="Bip01_R_Hand" sid="Bip01_R_Hand" type="JOINT">
                          <matrix>1 0 0 0.209737 0 0.000796 -1 0 0.000000 1 0.000796 0 0 0 0 1</matrix>
                        </node>
                      </node>
                    </node>
                  </node>
                  <node id="VisualSceneNode15" name="Bip01_Head" sid="Bip01_Head" type="JOINT">
                    <matrix>0.999998 -0.002013 0 0.065856 0.002013 0.999998 0 0 0 0 1 0 0 0 0 1</matrix>
                    <node id="VisualSceneNode16" name="Bip01_HeadNub" sid="Bip01_HeadNub" type="JOINT">
                      <matrix>1 0 0 0.72391 0 1 0 0 0 0 1 0 0 0 0 1</matrix>
                    </node>
                  </node>
                </node>
              </node>
            </node>
          </node>
          <node id="VisualSceneNode17" name="Bip01_Pelvis" sid="Bip01_Pelvis" type="JOINT">
            <matrix>0 1 -0.000001 0 0 0.000001 1 0 1 0 0 0 0 0 0 1</matrix>
            <node id="VisualSceneNode18" name="Bip01_L_Thigh" sid="Bip01_L_Thigh" type="JOINT">
              <matrix>-0.980395 0.193119 -0.039121 -0.000000 0.193631 0.981026 -0.009705 0.000000 0.036504 -0.01709 -0.999187 0.187397 0 0 0 1</matrix>
              <node id="VisualSceneNode19" name="Bip01_L_Calf" sid="Bip01_L_Calf" type="JOINT">
                <matrix>0.980996 0.194028 0 0.291072 -0.194028 0.980996 0 0 0 0 1 0 0 0 0 1</matrix>
                <node id="VisualSceneNode20" name="Bip01_L_Foot" sid="Bip01_L_Foot" type="JOINT">
                  <matrix>0.999234 -0.000395 -0.039128 0.272547 0.000775 0.999953 0.009682 0 0.039122 -0.009705 0.999187 0 0 0 0 1</matrix>
                  <node id="VisualSceneNode21" name="Bip01_L_Toe0" sid="Bip01_L_Toe0" type="JOINT">
                    <matrix>0 -1 0 0.002092 1 0 0 0.140663 0 0 1 0 0 0 0 1</matrix>
                  </node>
                </node>
              </node>
            </node>
            <node id="VisualSceneNode22" name="Bip01_R_Thigh" sid="Bip01_R_Thigh" type="JOINT">
              <matrix>-0.980395 0.193119 0.039124 0.000000 0.193631 0.981026 0.009703 -0.000000 -0.036507 0.017088 -0.999187 -0.187397 0 0 0 1</matrix>
              <node id="VisualSceneNode23" name="Bip01_R_Calf" sid="Bip01_R_Calf" type="JOINT">
                <matrix>0.980996 0.194028 0 0.291072 -0.194028 0.980996 0 0 0 0 1 0 0 0 0 1</matrix>
                <node id="VisualSceneNode24" name="Bip01_R_Foot" sid="Bip01_R_Foot" type="JOINT">
                  <matrix>0.999234 -0.000395 0.039128 0.272547 0.000775 0.999953 -0.009682 0 -0.039122 0.009705 0.999187 0 0 0 0 1</matrix>
                  <node id="VisualSceneNode25" name="Bip01_R_Toe0" sid="Bip01_R_Toe0" type="JOINT">
                    <matrix>0 -1 0 0.002092 1 0 0 0.140663 0 0 1 0 0 0 0 1</matrix>
                  </node>
                </node>
              </node>
            </node>
          </node>
        </node>
      </node>
      <node id="VisualSceneNode26" name="helmet_003" type="NODE">
        <matrix>1 0 0 0 0 1 0 0 0 0 1 0 0 0 0 1</matrix>
        <instance_controller url="#Controller">
          <skeleton>#VisualSceneNode1</skeleton>
          <bind_material>
            <technique_common>
              <instance_material symbol="VisualMaterial0" target="#VisualMaterial"/>
            </technique_common>
          </bind_material>
        </instance_controller>
      </node>
      <node id="VisualSceneNode27" name="equip_003" type="NODE">
        <matrix>1 0 0 0 0 1 0 0 0 0 1 0 0 0 0 1</matrix>
        <instance_controller url="#Controller1">
          <skeleton>#VisualSceneNode1</skeleton>
          <bind_material>
            <technique_common>
              <instance_material symbol="VisualMaterial10" target="#VisualMaterial1"/>
            </technique_common>
          </bind_material>
        </instance_controller>
      </node>
      <node id="VisualSceneNode28" name="role_001" type="NODE">
        <matrix>1 0 0 0 0 1 0 0 0 0 1 0 0 0 0 1</matrix>
        <instance_controller url="#Controller2">
          <skeleton>#VisualSceneNode1</skeleton>
          <bind_material>
            <technique_common>
              <instance_material symbol="VisualMaterial20" target="#VisualMaterial2"/>
            </technique_common>
          </bind_material>
        </instance_controller>
      </node>
    </visual_scene>
  </library_visual_scenes>
  <scene>
    <instance_visual_scene url="#VisualSceneNode"/>
  </scene>
</COLLADA>
