# Generated from legacy Unity YAML Mesh assets without Unity.
# Material schema 4: Unity shader state and grouped diffuse materials.
mtllib stage.mtl

o stage
v -14.9500112 93.1321135 37.9758762
v 2.62272356 83.4432887 68.4127426
v -5.85369488 93.1321135 36.7783253
v -14.9500098 83.4432887 70.7262309
v 18.9978995 83.4432887 61.6299153
v 2.62271768 93.1321135 33.2672774
v 33.0595724 83.4432887 50.8400071
v 9.90157795 93.1321135 27.6820126
v 43.8494836 83.4432887 36.7783342
v 15.4868456 93.1321135 20.4031494
v 50.6322991 83.4432887 20.4031553
v 18.9978936 93.1321135 11.9267369
v 52.9457874 83.4432887 2.83042957
v 20.1954444 93.1321135 2.83042462
v 50.6322991 83.4432887 -14.7422952
v 18.9978965 93.1321135 -6.26588855
v 43.8494894 83.4432887 -31.1174682
v 15.4868544 93.1321135 -14.7423026
v 33.0595871 83.4432887 -45.1791558
v 9.90158971 93.1321135 -22.0211643
v 18.9979142 83.4432887 -55.9690582
v 2.6227265 93.1321135 -27.6064349
v 2.62274413 83.4432887 -62.7518855
v -5.85368533 93.1321135 -31.1174829
v -14.9499812 83.4432887 -65.0653856
v -14.9499964 93.1321135 -32.3150337
v -32.5227079 83.4432887 -62.7519031
v -24.0463085 93.1321135 -31.1174859
v -48.8978823 83.4432887 -55.9690876
v -32.5227255 93.1321135 -27.6064467
v -62.9595699 83.4432887 -45.179194
v -39.8015902 93.1321135 -22.0211878
v -73.7494958 83.4432887 -31.1175241
v -45.3868579 93.1321135 -14.7423305
v -80.5323231 83.4432887 -14.7423584
v -48.8979088 93.1321135 -6.26591941
v -82.8458291 83.4432887 2.83036644
v -50.0954684 93.1321135 2.83039194
v -80.5323466 83.4432887 20.4030951
v -48.8979235 93.1321135 11.9267045
v -73.7495428 83.4432887 36.7782754
v -45.3868873 93.1321135 20.4031215
v -62.9596463 83.4432887 50.8399659
v -39.8016313 93.1321135 27.6819891
v -48.8979764 83.4432887 61.62988
v -32.5227711 93.1321135 33.2672656
v -32.5228107 83.4432887 68.4127191
v -24.0463629 93.1321135 36.7783136
v -14.9500098 83.4432887 70.7262309
v -14.9500112 93.1321135 37.9758762
v -110.969181 68.0305941 2.83034453
v -107.697443 68.0305941 27.6819362
v -98.1051116 68.0305941 50.8399365
v -82.8458878 68.0305941 70.7261722
v -62.9596875 68.0305941 85.9854194
v -39.8017019 68.0305941 95.5778033
v -14.9500085 68.0305941 98.8495944
v -128.54194 47.9443743 33.2671833
v -132.549003 47.9443743 2.83032773
v -107.69739 68.0305941 -22.0212407
v -98.1050234 68.0305941 -45.1792263
v -82.8457821 68.0305941 -65.0654267
v -62.9595552 68.0305941 -80.3246504
v -39.8015579 68.0305941 -89.9169932
v -14.9499681 68.0305941 -93.1887549
v 9.90161909 68.0305941 -89.9169638
v 33.0596018 68.0305941 -80.3246152
v 52.945811 68.0305941 -65.0653679
v 68.2050347 68.0305941 -45.1791441
v 77.7973833 68.0305941 -22.0211496
v 81.0691567 68.0305941 2.83043381
v 77.7973833 68.0305941 27.6820215
v 68.2050347 68.0305941 50.8400129
v 52.9457874 68.0305941 70.7262309
v 33.0595782 68.0305941 85.9854605
v 9.90158971 68.0305941 95.5778209
v -14.9500085 68.0305941 98.8495944
v 15.4868574 47.9443743 116.422324
v -14.9500076 47.9443743 120.429411
v 43.8494836 47.9443743 104.674131
v 68.2050347 47.9443743 85.9854723
v 86.8936989 47.9443743 61.6299153
v 98.6418923 47.9443743 33.2672921
v 102.648979 47.9443743 2.83043707
v 98.6419041 47.9443743 -27.6064173
v 86.8937224 47.9443743 -55.9690523
v 68.2050582 47.9443743 -80.3245975
v 43.8495188 47.9443743 -99.0132677
v 15.4868956 47.9443743 -110.761485
v -14.9499581 47.9443743 -114.768583
v -45.3868138 47.9443743 -110.761508
v -73.7494547 47.9443743 -99.0133382
v -98.1050175 47.9443743 -80.3246739
v -116.793688 47.9443743 -55.9691463
v -128.541905 47.9443743 -27.6065172
v -14.9499518 24.5534849 -128.334214
v 18.9979436 24.5534849 -123.864869
v -48.89785 24.5534849 -123.864916
v -80.5322702 24.5534849 -110.76152
v -107.69736 24.5534849 -89.9170225
v -128.541881 24.5534849 -62.7519678
v -141.645289 24.5534849 -31.1175769
v -146.114634 24.5534849 2.83031716
v -141.645348 24.5534849 36.7782225
v -128.541963 24.5534849 68.4126368
v -116.79377 47.9443743 61.6298271
v -98.1051351 47.9443743 85.98539
v -73.7496192 47.9443743 104.674072
v -45.3869872 47.9443743 116.422289
v -14.9500076 47.9443743 120.429411
v -107.697501 24.5534849 95.5777386
v -80.5324524 24.5534849 116.422242
v -48.898044 24.5534849 129.525685
v -14.950007 24.5534849 133.995042
v -110.969269 -0.548037453 98.8495003
v -82.8459466 -0.548037453 120.42934
v -50.0956007 -0.548037453 133.995018
v -14.9500068 -0.548037453 138.622042
v -132.549062 -0.548037453 70.7261252
v -146.114681 -0.548037453 37.9757733
v -150.741634 -0.548037453 2.83031356
v -146.114622 -0.548037453 -32.3151278
v -132.548956 -0.548037453 -65.065462
v -110.969128 -0.548037453 -93.1888136
v -82.8457586 -0.548037453 -114.768595
v -50.0954008 -0.548037453 -128.334226
v -14.9499496 -0.548037453 -132.961191
v 20.1955003 -0.548037453 -128.334202
v 50.6323344 24.5534849 -110.761461
v 77.7974185 24.5534849 -89.916952
v 98.6419158 24.5534849 -62.751862
v 111.745312 24.5534849 -31.1174565
v 116.21461 24.5534849 2.83043912
v 111.745277 24.5534849 36.77834
v 98.6418805 24.5534849 68.4127426
v 77.7973833 24.5534849 95.5778209
v 50.6322991 24.5534849 116.422312
v 18.9979083 24.5534849 129.525709
v -14.950007 24.5534849 133.995042
v 20.1954621 -0.548037453 133.995042
v -14.9500068 -0.548037453 138.622042
v 52.9458051 -0.548037453 120.429399
v 81.0691567 -0.548037453 98.8495944
v 102.648979 -0.548037453 70.7262368
v 116.21461 -0.548037453 37.9758909
v 120.84161 -0.548037453 2.83043982
v 116.214622 -0.548037453 -32.3150044
v 102.648991 -0.548037453 -65.0653562
v 81.0691861 -0.548037453 -93.1887255
v 52.9458345 -0.548037453 -114.768536
vt 0 0.994184792
vt 0.166651428 0.69047755
vt 0.166651428 0.994184792
vt 0 0.69047755
vt 0.333302855 0.69047755
vt 0.333302855 0.994184792
vt 0.499954343 0.69047755
vt 0.499954343 0.994184792
vt 0.666605711 0.69047755
vt 0.666605711 0.994184792
vt 0.833257198 0.69047755
vt 0.833257198 0.994184792
vt 0.999908566 0.69047755
vt 0.999908566 0.994184792
vt 1.16656005 0.69047755
vt 1.16656005 0.994184792
vt 1.3332113 0.69047755
vt 1.3332113 0.994184792
vt 1.49986279 0.69047755
vt 1.49986279 0.994184792
vt 1.66651416 0.69047755
vt 1.66651416 0.994184792
vt 1.83316576 0.69047755
vt 1.83316576 0.994184792
vt 1.99981689 0.69047755
vt 1.99981689 0.994184792
vt 2.16646838 0.69047755
vt 2.16646838 0.994184792
vt 2.33312011 0.69047755
vt 2.33312011 0.994184792
vt 2.49977112 0.69047755
vt 2.49977112 0.994184792
vt 2.66642261 0.69047755
vt 2.66642261 0.994184792
vt 2.83307433 0.69047755
vt 2.83307433 0.994184792
vt 2.99972558 0.69047755
vt 2.99972558 0.994184792
vt 3.16637707 0.69047755
vt 3.16637707 0.994184792
vt 3.33302832 0.69047755
vt 3.33302832 0.994184792
vt 3.4996798 0.69047755
vt 3.4996798 0.994184792
vt 3.66633153 0.69047755
vt 3.66633153 0.994184792
vt 3.83298254 0.69047755
vt 3.83298254 0.994184792
vt 3.99963379 0.69047755
vt 3.99963379 0.994184792
vt 2.99972558 0.511475623
vt 3.16637707 0.511475623
vt 3.33302832 0.511475623
vt 3.4996798 0.511475623
vt 3.66633153 0.511475623
vt 3.83298254 0.511475623
vt 3.99963379 0.511475623
vt 3.16637707 0.335628808
vt 2.99972558 0.335628808
vt 2.83307433 0.511475623
vt 2.66642261 0.511475623
vt 2.49977112 0.511475623
vt 2.33312011 0.511475623
vt 2.16646838 0.511475623
vt 1.99981689 0.511475623
vt 1.83316576 0.511475623
vt 1.66651416 0.511475623
vt 1.49986279 0.511475623
vt 1.3332113 0.511475623
vt 1.16656005 0.511475623
vt 0.999908566 0.511475623
vt 0.833257198 0.511475623
vt 0.666605711 0.511475623
vt 0.499954343 0.511475623
vt 0.333302855 0.511475623
vt 0.166651428 0.511475623
vt 0 0.511475623
vt 0.166651428 0.335628808
vt 0 0.335628808
vt 0.333302855 0.335628808
vt 0.499954343 0.335628808
vt 0.666605711 0.335628808
vt 0.833257198 0.335628808
vt 0.999908566 0.335628808
vt 1.16656005 0.335628808
vt 1.3332113 0.335628808
vt 1.49986279 0.335628808
vt 1.66651416 0.335628808
vt 1.83316576 0.335628808
vt 1.99981689 0.335628808
vt 2.16646838 0.335628808
vt 2.33312011 0.335628808
vt 2.49977112 0.335628808
vt 2.66642261 0.335628808
vt 2.83307433 0.335628808
vt 1.99981689 0.174838483
vt 1.83316576 0.174838483
vt 2.16646838 0.174838483
vt 2.33312011 0.174838483
vt 2.49977112 0.174838483
vt 2.66642261 0.174838483
vt 2.83307433 0.174838483
vt 2.99972558 0.174838483
vt 3.16637707 0.174838483
vt 3.33302832 0.174838483
vt 3.33302832 0.335628808
vt 3.4996798 0.335628808
vt 3.66633153 0.335628808
vt 3.83298254 0.335628808
vt 3.99963379 0.335628808
vt 3.4996798 0.174838483
vt 3.66633153 0.174838483
vt 3.83298254 0.174838483
vt 3.99963379 0.174838483
vt 3.4996798 0.00287467241
vt 3.66633153 0.00287467241
vt 3.83298254 0.00287467241
vt 3.99963379 0.00287467241
vt 3.33302832 0.00287467241
vt 3.16637707 0.00287467241
vt 2.99972558 0.00287467241
vt 2.83307433 0.00287467241
vt 2.66642261 0.00287467241
vt 2.49977112 0.00287467241
vt 2.33312011 0.00287467241
vt 2.16646838 0.00287467241
vt 1.99981689 0.00287467241
vt 1.83316576 0.00287467241
vt 1.66651416 0.174838483
vt 1.49986279 0.174838483
vt 1.3332113 0.174838483
vt 1.16656005 0.174838483
vt 0.999908566 0.174838483
vt 0.833257198 0.174838483
vt 0.666605711 0.174838483
vt 0.499954343 0.174838483
vt 0.333302855 0.174838483
vt 0.166651428 0.174838483
vt 0 0.174838483
vt 0.166651428 0.00287467241
vt 0 0.00287467241
vt 0.333302855 0.00287467241
vt 0.499954343 0.00287467241
vt 0.666605711 0.00287467241
vt 0.833257198 0.00287467241
vt 0.999908566 0.00287467241
vt 1.16656005 0.00287467241
vt 1.3332113 0.00287467241
vt 1.49986279 0.00287467241
vt 1.66651416 0.00287467241
vn -0.0373217323 -0.958249456 -0.283487335
vn -0.113517591 -0.91810147 -0.37974129
vn -0.0911327645 -0.95875613 -0.269223888
vn -0.0555200604 -0.905025946 -0.421717394
vn -0.207933919 -0.918101465 -0.337421375
vn -0.157707779 -0.958756119 -0.236463443
vn -0.288179736 -0.918101448 -0.272106912
vn -0.213535188 -0.958756116 -0.187588467
vn -0.348786676 -0.918101477 -0.188248591
vn -0.254810648 -0.95875612 -0.125929488
vn -0.385624416 -0.918101466 -0.0915614955
vn -0.278721194 -0.958756103 -0.0556887016
vn -0.396182473 -0.918101454 0.0113652738
vn -0.283637338 -0.958756092 0.0183471107
vn -0.379741418 -0.918101434 0.113517458
vn -0.269224064 -0.958756094 0.0911326268
vn -0.33742158 -0.918101432 0.207933733
vn -0.236463577 -0.958756102 0.157707682
vn -0.27210697 -0.918101453 0.288179664
vn -0.187588465 -0.958756108 0.213535226
vn -0.188248661 -0.918101475 0.348786645
vn -0.125929638 -0.958756103 0.254810639
vn -0.0915617583 -0.918101452 0.385624389
vn -0.0556887903 -0.95875611 0.278721153
vn 0.0113650893 -0.918101468 0.396182443
vn 0.0183470592 -0.958756116 0.283637261
vn 0.113517394 -0.918101479 0.379741327
vn 0.0911326183 -0.958756114 0.269223997
vn 0.207933652 -0.918101469 0.33742153
vn 0.157707565 -0.958756102 0.236463658
vn 0.288179523 -0.918101451 0.272107126
vn 0.213535063 -0.958756116 0.187588611
vn 0.348786577 -0.918101452 0.188248899
vn 0.254810515 -0.958756138 0.12592962
vn 0.385624382 -0.918101448 0.0915618192
vn 0.278721034 -0.958756137 0.0556889079
vn 0.396182463 -0.918101462 -0.0113649151
vn 0.283637208 -0.958756133 -0.0183469612
vn 0.379741342 -0.918101493 -0.113517229
vn 0.269224 -0.958756128 -0.0911324626
vn 0.337421553 -0.918101488 -0.207933529
vn 0.236463625 -0.958756122 -0.157707488
vn 0.272107058 -0.91810148 -0.288179495
vn 0.187588618 -0.958756113 -0.213535071
vn 0.188248953 -0.918101473 -0.348786491
vn 0.125929772 -0.958756111 -0.254810541
vn 0.0915617015 -0.918101447 -0.385624414
vn 0.0556887919 -0.958756119 -0.278721121
vn 0.0474592722 -0.931555863 -0.360487574
vn 0.0373219773 -0.958249444 -0.283487341
vn 0.590013702 -0.807331383 -0.00999346934
vn 0.567322997 -0.80733137 -0.16235971
vn 0.505970075 -0.807331407 -0.30366146
vn 0.410136127 -0.80733146 -0.424269102
vn 0.286352208 -0.807331433 -0.515963536
vn 0.143053522 -0.807331392 -0.572496038
vn 0.072838591 -0.829815951 -0.553263072
vn 0.75370444 -0.62278149 -0.209935307
vn 0.7823578 -0.62278154 -0.00770890938
vn 0.572495921 -0.807331466 0.143053572
vn 0.515963567 -0.807331456 0.286352087
vn 0.424269161 -0.807331512 0.410135964
vn 0.30366161 -0.807331542 0.50596977
vn 0.162359924 -0.807331529 0.56732271
vn 0.00999372462 -0.807331533 0.590013492
vn -0.143053398 -0.807331562 0.572495829
vn -0.286351932 -0.80733147 0.515963631
vn -0.41013598 -0.807331427 0.424269307
vn -0.505969769 -0.807331503 0.303661714
vn -0.567322611 -0.807331556 0.162360138
vn -0.590013498 -0.807331526 0.00999399851
vn -0.572495977 -0.807331497 -0.143053175
vn -0.515963734 -0.807331438 -0.286351837
vn -0.424269475 -0.80733146 -0.410135741
vn -0.303661936 -0.807331448 -0.505969724
vn -0.162360298 -0.807331445 -0.567322722
vn -0.0813029795 -0.782312105 -0.617557767
vn -0.209935928 -0.622781384 -0.753704354
vn -0.106101151 -0.582441742 -0.805918211
vn -0.397855529 -0.622781388 -0.673687109
vn -0.558661947 -0.622781514 -0.547759085
vn -0.681396504 -0.622781429 -0.3845024
vn -0.757695065 -0.622781374 -0.195042425
vn -0.782357812 -0.622781519 0.00770923698
vn -0.753704175 -0.622781686 0.209935677
vn -0.673686964 -0.622781673 0.397855328
vn -0.547759141 -0.622781605 0.55866179
vn -0.384502747 -0.622781404 0.681396331
vn -0.195042764 -0.622781451 0.757694915
vn 0.00770906438 -0.62278161 0.782357742
vn 0.209935518 -0.622781596 0.753704294
vn 0.397855214 -0.622781495 0.673687197
vn 0.558661617 -0.622781512 0.547759423
vn 0.681396227 -0.622781538 0.384502714
vn 0.75769487 -0.622781487 0.195042827
vn 0.00430063506 -0.347457757 0.937685775
vn -0.238536675 -0.347458037 0.90684793
vn 0.246845187 -0.347457877 0.904621732
vn 0.47256747 -0.347457984 0.809909214
vn 0.666084957 -0.347457988 0.660002861
vn 0.814209911 -0.347458031 0.465118413
vn 0.906847839 -0.347458206 0.238536771
vn 0.937685627 -0.347458158 -0.00430046813
vn 0.904621669 -0.347458282 -0.246844846
vn 0.809909345 -0.347458168 -0.47256711
vn 0.673687532 -0.622781337 -0.397854893
vn 0.547759688 -0.62278143 -0.558661449
vn 0.384502995 -0.622781372 -0.68139622
vn 0.195042728 -0.622781285 -0.757695061
vn 0.0982954644 -0.657942455 -0.74662556
vn 0.660003166 -0.347458083 -0.666084606
vn 0.465118542 -0.347458185 -0.814209771
vn 0.238536688 -0.347458144 -0.906847885
vn 0.11976893 -0.397545609 -0.909732319
vn 0.72456392 -0.181115758 -0.664984367
vn 0.527764227 -0.18111609 -0.829856543
vn 0.294998178 -0.18111635 -0.938175326
vn 0.128400018 -0.179776822 -0.975291613
vn 0.871985313 -0.181116255 -0.454795026
vn 0.959982799 -0.181116345 -0.213611552
vn 0.982558905 -0.18111644 0.0421287711
vn 0.938175387 -0.18111603 0.294998182
vn 0.829856675 -0.181115812 0.527764115
vn 0.66498474 -0.181116046 0.724563506
vn 0.454795158 -0.181115461 0.871985409
vn 0.213611923 -0.181115475 0.95998288
vn -0.0421284435 -0.181115852 0.982559027
vn -0.294997954 -0.181116099 0.938175445
vn -0.465118171 -0.347458135 0.814210005
vn -0.660002562 -0.347458083 0.666085204
vn -0.809909095 -0.347458003 0.472567662
vn -0.904621711 -0.347457896 0.246845235
vn -0.937685673 -0.347458028 0.00430090995
vn -0.906847983 -0.347458101 -0.238536377
vn -0.814210202 -0.347458224 -0.46511776
vn -0.666085202 -0.347458041 -0.660002586
vn -0.47256779 -0.347458046 -0.809909001
vn -0.246845613 -0.347458054 -0.904621547
vn -0.124815715 -0.292554664 -0.948067933
vn -0.213612587 -0.181116359 -0.959982566
vn -0.128399893 -0.179776924 -0.97529161
vn -0.454795592 -0.18111623 -0.871985023
vn -0.664984993 -0.181116086 -0.724563263
vn -0.829856995 -0.181116247 -0.527763463
vn -0.938175526 -0.181116298 -0.294997574
vn -0.982558929 -0.181116439 -0.0421282178
vn -0.959982777 -0.18111575 0.213612155
vn -0.871985267 -0.181115522 0.454795406
vn -0.724563356 -0.181115774 0.664984977
vn -0.527763798 -0.181115758 0.829856889
v 24.8898468 -0.0472129621 36.6094666
v 24.4249535 5.57226229 36.6094742
v 24.8884792 5.57226229 36.6094704
v 24.4249535 -0.0472129621 36.6094742
v 24.8884792 5.57226229 36.6094704
v 24.8898468 -0.0472129062 36.1365662
v 24.8898468 -0.0472129621 36.6094666
v 24.8884811 5.57226229 36.13657
v 24.4249554 5.57226229 36.1365738
v 24.4249535 -0.0472129621 36.6094742
v 24.4249554 -0.0472129062 36.1365738
v 24.4249535 5.57226229 36.6094742
v 24.4249535 -0.0472129062 36.1365738
v 24.8884811 5.57226229 36.13657
v 24.4249535 5.57226229 36.1365738
v 24.8898468 -0.0472129062 36.1365662
v 24.4249554 5.57226229 36.1365738
v 24.8884792 5.57226229 36.6094704
v 24.4249535 5.57226229 36.6094742
v 24.8884811 5.57226229 36.13657
v 24.9560089 4.92445421 36.5189629
v 24.4911175 4.92444754 41.4141121
v 24.9560108 4.92445326 41.4141121
v 24.4911156 4.92444849 36.5189629
v 24.9560108 4.92445326 41.4141121
v 24.9560089 5.3973546 36.5189629
v 24.9560089 4.92445421 36.5189629
v 24.9560108 5.39735365 41.4141121
v 24.4911175 5.39734793 41.4141121
v 24.4911156 4.92444849 36.5189629
v 24.4911156 5.39734888 36.5189629
v 24.4911175 4.92444754 41.4141121
v 24.4911156 5.39734888 36.5189629
v 24.9560108 5.39735365 41.4141121
v 24.4911175 5.39734793 41.4141121
v 24.9560089 5.3973546 36.5189629
v 24.951828 -0.0472135246 41.3226357
v 24.9518337 5.56521177 41.787529
v 24.951828 5.56521177 41.3226357
v 24.9518337 -0.0472135805 41.787529
v 24.951828 5.56521177 41.3226357
v 24.4789276 -0.0472135246 41.3226357
v 24.951828 -0.0472135246 41.3226357
v 24.4789276 5.56521177 41.3226357
v 24.4789333 5.56521177 41.787529
v 24.9518337 -0.0472135805 41.787529
v 24.4789333 -0.0472135805 41.787529
v 24.9518337 5.56521177 41.787529
v 24.4789333 -0.0472135805 41.787529
v 24.4789276 5.56521177 41.3226357
v 24.4789333 5.56521177 41.787529
v 24.4789276 -0.0472135246 41.3226357
v 24.4789276 5.56521177 41.3226357
v 24.9518337 5.56521177 41.787529
v 24.4789333 5.56521177 41.787529
v 24.951828 5.56521177 41.3226357
v 24.5453224 -3.36689595e-07 36.4348526
v 24.5453262 5.15965414 41.633358
v 24.5453243 -9.56399276e-07 41.6333542
v 24.5453224 5.15965509 36.4348526
v -24.7075806 4.99999952 38.9535942
v 1.78966618 4.99999905 42.1634483
v -24.7075806 4.99999905 42.1634483
v 1.78966618 4.99999952 38.9535942
v -24.0691757 4.96748161 41.5495529
v -24.06917 21.0931606 42.0144463
v -24.0691757 21.0931606 41.5495529
v -24.06917 4.96748161 42.0144463
v -24.0691757 21.0931606 41.5495529
v -24.6580429 4.96748161 41.5495529
v -24.0691757 4.96748161 41.5495529
v -24.6580429 21.0931606 41.5495529
v 25 -4.76556306e-06 42.5000038
v -22.9467888 -4.49865638e-06 40.2610283
v 22.789917 -4.49865638e-06 40.2610283
v -25 -4.76556306e-06 42.5000038
v 18.8295441 -0.999995232 -38.4528847
v -20.8931503 4.88477235e-06 -38.4528847
v -19.260643 -0.999995232 -38.4528847
v 20.5796661 4.88477235e-06 -38.4528847
v 20.5796661 4.88477235e-06 -38.4528847
v -20.8931503 4.88477235e-06 -38.4528847
v -24.7075806 5.00000095 28.1906509
v 9.63769531 4.99999952 38.9535904
v -24.7075806 4.99999952 38.9535942
v 9.63769531 5.00000095 28.1906509
v 9.63769531 3.43497959e-07 28.1906509
v 9.63769531 0.567992508 38.9535904
v 9.63769531 0.567993581 28.1906509
v 9.63769531 -9.39544407e-07 38.9535904
v 9.63769531 4.99999952 38.9535904
v 2.81526184 4.66686964 38.9535904
v 1.78966618 4.99999952 38.9535904
v 9.63769531 4.66686964 38.9535904
v 9.63769531 0.567992508 38.9535904
v 1.78966618 4.99999952 38.9535904
v 2.81526184 4.66686964 38.9535904
v 9.63769531 -9.39544407e-07 38.9535904
v 9.63769531 4.66686964 38.9535904
v 9.63769531 5.00000095 28.1906509
v 9.63769531 4.66687107 28.1906509
v 9.63769531 4.99999952 38.9535904
v 2.81526184 4.66686964 38.9535904
v 9.63769531 4.66686964 38.9535904
v 9.63769531 0.567992508 38.9535904
v 9.63769531 0.567992508 38.9535904
v 9.63769531 4.66687107 28.1906509
v 9.63769531 0.567993581 28.1906509
v 9.63769531 4.66686964 38.9535904
v -24.1237564 -0.0472141951 -41.5695915
v -24.5886497 21.0931606 -41.5695839
v -24.1237564 21.0931606 -41.5695877
v -24.5886497 -0.0472141951 -41.5695839
v -24.1237564 21.0931606 -41.5695877
v -24.1237564 -0.0472141244 -42.1584587
v -24.1237564 -0.0472141951 -41.5695915
v -24.1237564 21.0931625 -42.1584549
v 18.8295441 -0.999999821 -42.5
v -19.260643 -1.00000036 -38.4528809
v -19.260643 -0.999999821 -42.5
v 18.8295441 -1.00000036 -38.4528809
v -3.91639137 -5.23974657 -41.2916145
v -7.88767624 -5.23974657 -40.8696594
v -7.88767624 -5.23974657 -41.2916145
v 1.78966618 5.00000048 42.1634483
v 9.63769531 5.00000048 41.4864731
v 9.63769531 5.00000048 42.1634483
v 1.78966618 5.00000048 41.4864731
v 9.63769531 -3.38374321e-07 42.1634483
v 9.63769531 0.567993224 41.4864731
v 9.63769531 -2.57672582e-07 41.4864731
v 9.63769531 0.567992866 42.1634483
v 9.63769531 5.00000048 41.4864731
v 2.81526184 4.66687059 41.4864731
v 9.63769531 4.66687059 41.4864731
v 1.78966618 5.00000048 41.4864731
v 9.63769531 0.567993224 41.4864731
v 1.78966618 5.00000048 41.4864731
v 9.63769531 -2.57672582e-07 41.4864731
v 2.81526184 4.66687059 41.4864731
v 9.63769531 4.66687059 41.4864731
v 9.63769531 5.00000048 42.1634483
v 9.63769531 5.00000048 41.4864731
v 9.63769531 4.66687012 42.1634483
v 2.81526184 4.66687059 41.4864731
v 9.63769531 0.567993224 41.4864731
v 9.63769531 4.66687059 41.4864731
v 9.63769531 0.567993224 41.4864731
v 9.63769531 4.66687012 42.1634483
v 9.63769531 4.66687059 41.4864731
v 9.63769531 0.567992866 42.1634483
v -23.3899078 5 22.6538086
v -24.8051376 5.00000048 28.1906509
v -23.3899078 5.00000048 28.1906509
v -24.8051376 5 22.6538086
v -23.3899078 5 22.6538086
v -23.3899078 4.66687059 27.1650543
v -23.3899078 4.66687012 22.6538086
v -23.3899078 5.00000048 28.1906509
v -23.3899078 4.66687059 27.8217545
v -23.3899078 0.567992866 22.6538086
v -23.3899078 4.66687059 27.8217545
v -23.3899078 -6.28044745e-07 22.6538086
v -23.3899078 4.66687059 27.1650543
v -23.3899078 4.66687012 22.6538086
v -24.8051376 5 22.6538086
v -23.3899078 5 22.6538086
v -24.8051376 4.66687012 22.6538086
v -24.8051376 -6.28044745e-07 22.6538086
v -23.3899078 0.567992866 22.6538086
v -23.3899078 -6.28044745e-07 22.6538086
v -24.8051376 0.567992628 22.6538086
v -23.3899078 4.66687059 27.1650543
v -23.3899078 0.567992866 22.6538086
v -23.3899078 4.66687012 22.6538086
v -23.3899078 0.567992866 22.6538086
v -24.8051376 4.66687012 22.6538086
v -23.3899078 4.66687012 22.6538086
v -24.8051376 0.567992628 22.6538086
v 22.47616 -5.72542831e-08 -9.57029629
v 22.47616 5 -9.2702961
v 22.47616 -5.72542831e-08 -9.2702961
v 22.47616 5 -9.57029629
v 22.47616 -5.72542831e-08 -9.2702961
v 23.7660809 5 -9.27029705
v 23.7660809 1.96309333e-08 -9.270298
v 22.47616 5 -9.2702961
v 23.7660809 5 -9.57029724
v 22.47616 5 -9.2702961
v 22.47616 5 -9.57029629
v 23.7660809 5 -9.27029705
v 23.7660809 1.96310435e-08 -9.57029724
v 22.47616 5 -9.57029629
v 22.47616 -5.72542831e-08 -9.57029629
v 23.7660809 5 -9.57029724
v 24.8898468 -0.0472129621 13.8935642
v 24.4249535 5.57226229 13.8935699
v 24.8884792 5.57226229 13.8935661
v 24.4249535 -0.0472129621 13.8935699
v 24.8884792 5.57226229 13.8935661
v 24.8898468 -0.0472129062 13.4206638
v 24.8898468 -0.0472129621 13.8935642
v 24.8884811 5.57226229 13.4206657
v 24.4249554 5.57226229 13.4206696
v 24.4249535 -0.0472129621 13.8935699
v 24.4249554 -0.0472129062 13.4206696
v 24.4249535 5.57226229 13.8935699
v 24.4249535 -0.0472129062 13.4206696
v 24.8884811 5.57226229 13.4206657
v 24.4249535 5.57226229 13.4206696
v 24.8898468 -0.0472129062 13.4206638
v 24.4249554 5.57226229 13.4206696
v 24.8884792 5.57226229 13.8935661
v 24.4249535 5.57226229 13.8935699
v 24.8884811 5.57226229 13.4206657
v 24.9560089 4.92445421 13.8030567
v 24.4911175 4.92444754 18.6982079
v 24.9560108 4.92445326 18.6982079
v 24.4911156 4.92444849 13.8030567
v 24.9560108 4.92445326 18.6982079
v 24.9560089 5.3973546 13.8030567
v 24.9560089 4.92445421 13.8030567
v 24.9560108 5.39735365 18.6982079
v 24.4911175 5.39734793 18.6982079
v 24.4911156 4.92444849 13.8030567
v 24.4911156 5.39734888 13.8030567
v 24.4911175 4.92444754 18.6982079
v 24.4911156 5.39734888 13.8030567
v 24.9560108 5.39735365 18.6982079
v 24.4911175 5.39734793 18.6982079
v 24.9560089 5.3973546 13.8030567
v 24.951828 -0.0472135246 18.6067314
v 24.9518337 5.56521177 19.0716267
v 24.951828 5.56521177 18.6067314
v 24.9518337 -0.0472135805 19.0716248
v 24.951828 5.56521177 18.6067314
v 24.4789276 -0.0472135246 18.6067314
v 24.951828 -0.0472135246 18.6067314
v 24.4789276 5.56521177 18.6067314
v 24.4789333 5.56521177 19.0716248
v 24.9518337 -0.0472135805 19.0716248
v 24.4789333 -0.0472135805 19.0716228
v 24.9518337 5.56521177 19.0716267
v 24.4789333 -0.0472135805 19.0716248
v 24.4789276 5.56521177 18.6067314
v 24.4789333 5.56521177 19.0716267
v 24.4789276 -0.0472135246 18.6067314
v 24.4789276 5.56521177 18.6067314
v 24.9518337 5.56521177 19.0716267
v 24.4789333 5.56521177 19.0716267
v 24.951828 5.56521177 18.6067314
v 24.5453224 -3.36689595e-07 13.7189484
v 24.5453262 5.15965414 18.9174538
v 24.5453243 -9.56399276e-07 18.91745
v 24.5453224 5.15965509 13.7189484
v -22.9465752 5.06639481e-06 -42.5000038
v -25 -5.06639481e-06 42.5000038
v -25 5.06639481e-06 -42.5000038
v -22.9467888 -4.79948812e-06 40.2610283
v -20.8931503 4.58394061e-06 -38.4528847
v -20.8931503 5.06639481e-06 -42.5000038
v -21.8503895 -8.7034893 -21.9934902
v -21.989439 -8.7034893 -22.2675457
v -21.8503895 -8.7034893 -22.2675457
v -21.9894543 -8.70349026 -16.6632881
v 24.1797142 -0.0472126007 -42.0646439
v 24.1797085 21.0931606 -42.5295372
v 24.1797142 21.0931606 -42.0646439
v 24.1797085 -0.0472126007 -42.5295372
v 24.1797142 21.0931606 -42.0646439
v 24.7685814 -0.0472126007 -42.0646439
v 24.1797142 -0.0472126007 -42.0646439
v 24.7685814 21.0931606 -42.0646439
v 23.1192417 -1.93941805e-08 6.29677629
v 23.1192417 5 6.59677649
v 23.1192417 -1.93941769e-08 6.59677649
v 23.1192417 5 6.29677677
v 23.1192417 -1.93941769e-08 6.59677649
v 23.7700005 5 6.59677505
v 23.7700005 1.939401e-08 6.59677458
v 23.1192417 5 6.59677649
v 23.7700005 5 6.29677534
v 23.1192417 5 6.59677649
v 23.1192417 5 6.29677677
v 23.7700005 5 6.59677505
v 23.7700005 1.93941201e-08 6.29677486
v 23.1192417 5 6.29677677
v 23.1192417 -1.93941805e-08 6.29677629
v 23.7700005 5 6.29677534
v -24.6906776 -0.0472126007 -16.2937489
v -24.684885 5.56521225 -16.7586422
v -24.6848793 5.56521225 -16.2937489
v -24.6906834 -0.0472126007 -16.7586422
v -24.6848793 5.56521225 -16.2937489
v -24.2177773 -0.0472126007 -16.2937489
v -24.6906776 -0.0472126007 -16.2937489
v -24.2177773 5.56521225 -16.2937489
v -24.217783 5.56521225 -16.7586403
v -24.6906834 -0.0472126007 -16.7586422
v -24.217783 -0.0472126007 -16.7586403
v -24.684885 5.56521225 -16.7586422
v -24.217783 -0.0472126007 -16.7586422
v -24.2177773 5.56521225 -16.2937489
v -24.217783 5.56521225 -16.7586422
v -24.2177773 -0.0472126007 -16.2937489
v -24.6286983 -0.0472126007 -11.5805788
v -24.163805 5.57226181 -11.5805845
v -24.6269035 5.57226181 -11.5805826
v -24.163805 -0.0472126007 -11.5805845
v -24.6269035 5.57226181 -11.5805826
v -24.6286983 -0.0472126007 -11.1076784
v -24.6286983 -0.0472126007 -11.5805788
v -24.6269054 5.57226181 -11.1076822
v -24.1638069 5.57226181 -11.1076841
v -24.163805 -0.0472126007 -11.5805845
v -24.1638069 -0.0472126007 -11.1076841
v -24.163805 5.57226181 -11.5805845
v -24.163805 -0.0472126007 -11.1076841
v -24.6269054 5.57226181 -11.1076822
v -24.163805 5.57226181 -11.1076841
v -24.6286983 -0.0472126007 -11.1076784
v -24.6948586 4.92445374 -11.4900713
v -24.2299652 4.92444801 -16.3852234
v -24.6948586 4.92445374 -16.3852234
v -24.2299652 4.92444801 -11.4900713
v -24.6948586 4.92445374 -16.3852234
v -24.6948586 5.39735413 -11.4900713
v -24.6948586 4.92445374 -11.4900713
v -24.6948586 5.39735413 -16.3852234
v -24.2299671 5.3973484 -16.3852234
v -24.2299652 4.92444801 -11.4900713
v -24.2299671 5.3973484 -11.4900713
v -24.2299652 4.92444801 -16.3852234
v -24.2299652 5.3973484 -11.4900713
v -24.6948586 5.39735413 -16.3852234
v -24.2299652 5.3973484 -16.3852234
v -24.6948586 5.39735413 -11.4900713
v -24.2177773 5.56521225 -16.2937489
v -24.684885 5.56521225 -16.7586422
v -24.217783 5.56521225 -16.7586422
v -24.6848793 5.56521225 -16.2937489
v -24.1638069 5.57226181 -11.1076841
v -24.6269035 5.57226181 -11.5805826
v -24.163805 5.57226181 -11.5805845
v -24.6269054 5.57226181 -11.1076822
v -4.94873428 -0.0472126007 -27.9653263
v -4.94874001 28.2720318 -28.4302197
v -4.94873428 28.2720318 -27.9653263
v -4.94874001 -0.0472126007 -28.4302197
v -4.94873428 28.2720318 -27.9653263
v -4.47583389 -0.0472126007 -27.9653263
v -4.94873428 -0.0472126007 -27.9653263
v -4.47583389 28.2720318 -27.9653263
v -4.47583961 28.2720318 -28.4302177
v -4.94874001 -0.0472126007 -28.4302197
v -4.47583961 -0.0472126007 -28.4302177
v -4.94874001 28.2720318 -28.4302197
v -4.47583961 -0.0472126007 -28.4302197
v -4.47583389 28.2720318 -27.9653263
v -4.47583961 28.2720318 -28.4302197
v -4.47583389 -0.0472126007 -27.9653263
v -17.4803982 -0.0472126007 -27.9653282
v -17.480402 28.2720318 -28.4302216
v -17.4803982 28.2720318 -27.9653282
v -17.480402 -0.0472126007 -28.4302216
v -17.4803982 28.2720318 -27.9653282
v -17.0074978 -0.0472126007 -27.9653282
v -17.4803982 -0.0472126007 -27.9653282
v -17.0074978 28.2720318 -27.9653282
v -17.0075016 28.2720318 -28.4302197
v -17.480402 -0.0472126007 -28.4302216
v -17.0075016 -0.0472126007 -28.4302197
v -17.480402 28.2720318 -28.4302216
v -17.0075016 -0.0472126007 -28.4302216
v -17.0074978 28.2720318 -27.9653282
v -17.0075016 28.2720318 -28.4302216
v -17.0074978 -0.0472126007 -27.9653282
v -17.5109863 -0.0472126007 -19.1569633
v -17.510994 28.2720318 -19.6218567
v -17.5109863 28.2720318 -19.1569633
v -17.510994 -0.0472126007 -19.6218567
v -17.5109863 28.2720318 -19.1569633
v -17.0380859 -0.0472126007 -19.1569633
v -17.5109863 -0.0472126007 -19.1569633
v -17.0380859 28.2720318 -19.1569633
v -17.0380936 28.2720318 -19.6218548
v -17.510994 -0.0472126007 -19.6218567
v -17.0380936 -0.0472126007 -19.6218548
v -17.510994 28.2720318 -19.6218567
v -17.0380936 -0.0472126007 -19.6218567
v -17.0380859 28.2720318 -19.1569633
v -17.0380936 28.2720318 -19.6218567
v -17.0380859 -0.0472126007 -19.1569633
v -17.1792545 27.7845325 -28.1824512
v -4.71547508 28.2304153 -28.1824532
v -17.1792545 28.2304153 -28.1824512
v -4.71547508 27.7845325 -28.1824532
v -17.8609695 27.7845325 -23.8182716
v -17.1792545 28.2304153 -28.1824512
v -17.8609695 28.2304153 -23.8182716
v -17.1792545 27.7845325 -28.1824512
v -17.1792526 27.7845325 -19.4540997
v -17.1792526 28.2304153 -19.4540977
v -4.71547413 27.7845325 -19.4541054
v -17.1792526 28.2304153 -19.4540977
v -4.71547413 28.2304153 -19.4541016
v -17.1792526 27.7845325 -19.4540997
v -4.71547508 27.7845325 -28.1824532
v -4.71547413 28.2304153 -19.4541016
v -4.71547508 28.2304153 -28.1824532
v -4.71547413 27.7845325 -19.4541054
v -4.94873524 -0.0472126007 -19.1569595
v -4.94873905 28.2720318 -19.6218529
v -4.94873524 28.2720318 -19.1569595
v -4.94873905 -0.0472126007 -19.6218529
v -4.94873524 28.2720318 -19.1569595
v -4.47583485 -0.0472126007 -19.1569595
v -4.94873524 -0.0472126007 -19.1569595
v -4.47583485 28.2720318 -19.1569595
v -4.47583866 28.2720318 -19.6218529
v -4.94873905 -0.0472126007 -19.6218529
v -4.47583866 -0.0472126007 -19.6218529
v -4.94873905 28.2720318 -19.6218529
v -4.47583866 -0.0472126007 -19.6218529
v -4.47583485 28.2720318 -19.1569595
v -4.47583866 28.2720318 -19.6218529
v -4.47583485 -0.0472126007 -19.1569595
v -4.71547508 0 -28.1824532
v -17.1792469 6.50931168 -28.1824512
v -17.1792469 0 -28.1824493
v -4.71547508 6.50931168 -28.1824532
v -17.1792469 0 -28.1824493
v -17.8609695 6.50931168 -23.8182716
v -17.8609695 0 -23.8182716
v -17.1792469 6.50931168 -28.1824512
v -17.1792526 6.50931168 -19.4540977
v -17.179245 0 -19.4540939
v -17.179245 0 -19.4540939
v -12.7940435 4.67555428 -19.4540977
v -12.7940435 0 -19.4540977
v -17.1792526 6.50931168 -19.4540977
v -4.71547413 6.50931168 -19.4541016
v -7.67056751 4.67555428 -19.4541016
v -7.67056751 0 -19.4540977
v -4.71547413 0 -19.4540977
v -4.71547413 0 -19.4540977
v -4.71547508 6.50931168 -28.1824532
v -4.71547508 0 -28.1824532
v -4.71547413 6.50931168 -19.4541016
v -17.1792545 20.6004543 -28.1824512
v -4.71547508 26.3755379 -28.1824532
v -17.1792545 26.3755379 -28.1824512
v -4.71547508 20.6004543 -28.1824532
v -17.8609695 20.6004543 -23.8182716
v -17.1792545 26.3755379 -28.1824512
v -17.8609695 26.3755379 -23.8182716
v -17.1792545 20.6004543 -28.1824512
v -17.1792526 20.6004543 -19.4540997
v -17.1792526 26.3755379 -19.4540997
v -4.71547508 20.6004543 -28.1824532
v -4.71547413 26.3755379 -19.4541054
v -4.71547508 26.3755379 -28.1824532
v -4.71547413 20.6004543 -19.4541054
v -17.1792469 6.50931168 -28.1824512
v -4.71547508 6.86141205 -28.1824532
v -17.1792469 6.86141205 -28.1824512
v -4.71547508 6.50931168 -28.1824532
v -17.8609695 6.50931168 -23.8182716
v -17.1792469 6.86141205 -28.1824512
v -17.8609695 6.86141205 -23.8182716
v -17.1792469 6.50931168 -28.1824512
v -17.1792526 6.50931168 -19.4540977
v -17.1792526 6.86141205 -19.4540997
v -4.71547413 6.50931168 -19.4541016
v -17.1792526 6.86141205 -19.4540997
v -4.71547413 6.86141205 -19.4541054
v -17.1792526 6.50931168 -19.4540977
v -4.71547508 6.50931168 -28.1824532
v -4.71547413 6.86141205 -19.4541054
v -4.71547508 6.86141205 -28.1824532
v -4.71547413 6.50931168 -19.4541016
v -17.1792469 13.1567326 -28.1824512
v -4.71547508 13.554883 -28.1824532
v -17.1792545 13.554883 -28.1824512
v -4.71547508 13.1567326 -28.1824532
v -17.8609695 13.1567326 -23.8182716
v -17.1792545 13.554883 -28.1824512
v -17.8609695 13.554883 -23.8182716
v -17.1792469 13.1567326 -28.1824512
v -17.1792526 13.1567326 -19.4540997
v -17.1792526 13.554883 -19.4540997
v -4.71547413 13.1567326 -19.4541054
v -17.1792526 13.554883 -19.4540997
v -4.71547413 13.554883 -19.4541054
v -17.1792526 13.1567326 -19.4540997
v -4.71547508 13.1567326 -28.1824532
v -4.71547413 13.554883 -19.4541054
v -4.71547508 13.554883 -28.1824532
v -4.71547413 13.1567326 -19.4541054
v -17.1792545 20.1268044 -28.1824512
v -4.71547508 20.6004543 -28.1824532
v -17.1792545 20.6004543 -28.1824512
v -4.71547508 20.1268044 -28.1824532
v -17.8609695 20.1268044 -23.8182716
v -17.1792545 20.6004543 -28.1824512
v -17.8609695 20.6004543 -23.8182716
v -17.1792545 20.1268044 -28.1824512
v -17.1792526 20.1268044 -19.4540997
v -17.1792526 20.6004543 -19.4540997
v -4.71547413 20.1268044 -19.4541054
v -17.1792526 20.6004543 -19.4540997
v -4.71547413 20.6004543 -19.4541054
v -17.1792526 20.1268044 -19.4540997
v -4.71547508 20.1268044 -28.1824532
v -4.71547413 20.6004543 -19.4541054
v -4.71547508 20.6004543 -28.1824532
v -4.71547413 20.1268044 -19.4541054
v -4.71547413 20.6004543 -19.4541054
v -17.1792526 26.3755379 -19.4540997
v -4.71547413 26.3755379 -19.4541054
v -17.1792526 20.6004543 -19.4540997
v -17.1792545 13.554883 -28.1824512
v -4.71547508 20.1268044 -28.1824532
v -17.1792545 20.1268044 -28.1824512
v -4.71547508 13.554883 -28.1824532
v -17.8609695 13.554883 -23.8182716
v -17.1792545 20.1268044 -28.1824512
v -17.8609695 20.1268044 -23.8182716
v -17.1792545 13.554883 -28.1824512
v -17.1792526 13.554883 -19.4540997
v -17.1792526 20.1268044 -19.4540997
v -4.71547413 13.554883 -19.4541054
v -17.1792526 20.1268044 -19.4540997
v -4.71547413 20.1268044 -19.4541054
v -17.1792526 13.554883 -19.4540997
v -4.71547508 13.554883 -28.1824532
v -4.71547413 20.1268044 -19.4541054
v -4.71547508 20.1268044 -28.1824532
v -4.71547413 13.554883 -19.4541054
v -17.1792469 6.86141205 -28.1824512
v -4.71547508 13.1567326 -28.1824532
v -17.1792469 13.1567326 -28.1824512
v -4.71547508 6.86141205 -28.1824532
v -17.8609695 6.86141205 -23.8182716
v -17.1792469 13.1567326 -28.1824512
v -17.8609695 13.1567326 -23.8182716
v -17.1792469 6.86141205 -28.1824512
v -17.1792526 6.86141205 -19.4540997
v -17.1792526 13.1567326 -19.4540997
v -4.71547413 6.86141205 -19.4541054
v -17.1792526 13.1567326 -19.4540997
v -4.71547413 13.1567326 -19.4541054
v -17.1792526 6.86141205 -19.4540997
v -4.71547508 6.86141205 -28.1824532
v -4.71547413 13.1567326 -19.4541054
v -4.71547508 13.1567326 -28.1824532
v -4.71547413 6.86141205 -19.4541054
v -17.1792545 26.3755379 -28.1824512
v -4.71547508 27.7845325 -28.1824532
v -17.1792545 27.7845325 -28.1824512
v -4.71547508 26.3755379 -28.1824532
v -17.8609695 26.3755379 -23.8182716
v -17.1792545 27.7845325 -28.1824512
v -17.8609695 27.7845325 -23.8182716
v -17.1792545 26.3755379 -28.1824512
v -17.1792526 26.3755379 -19.4540997
v -17.1792526 27.7845325 -19.4540997
v -4.71547413 26.3755379 -19.4541054
v -17.1792526 27.7845325 -19.4540997
v -4.71547413 27.7845325 -19.4541054
v -17.1792526 26.3755379 -19.4540997
v -4.71547508 26.3755379 -28.1824532
v -4.71547413 27.7845325 -19.4541054
v -4.71547508 27.7845325 -28.1824532
v -4.71547413 26.3755379 -19.4541054
v -4.33801794 3.08935547 -25.6581306
v -4.33801842 3.61124039 -27.1665306
v -4.33801842 3.08935547 -27.1665306
v -4.33801794 3.61124039 -25.6581306
v -4.33801842 3.61124039 -27.1665306
v -4.74588966 3.08935547 -27.1665306
v -4.33801842 3.08935547 -27.1665306
v -4.74588966 3.61124039 -27.1665306
v -4.33801794 3.61124039 -25.6581306
v -4.74588966 3.61124039 -27.1665306
v -4.33801842 3.61124039 -27.1665306
v -4.745893 3.61124039 -25.6581326
v -4.33801794 3.08935547 -25.6581306
v -4.745893 3.61124039 -25.6581326
v -4.33801794 3.61124039 -25.6581306
v -4.745893 3.08935547 -25.6581326
v -4.71547508 4.27315331 -28.4429588
v -12.6834641 4.45233345 -28.6122646
v -12.6834641 4.27315331 -28.4429531
v -4.71547508 4.45233345 -28.6122723
v -4.71547508 4.27315331 -28.4429588
v -4.36415291 4.45233345 -28.2688866
v -4.71547508 4.45233345 -28.6122723
v -4.49698067 4.27315331 -28.2688866
v -4.49698067 4.27315331 -28.2688866
v -4.36415291 4.45233345 -27.4490623
v -4.36415291 4.45233345 -28.2688866
v -4.49698067 4.27315331 -27.4490623
v -4.71547508 4.45233345 -28.6122723
v -4.49698067 4.6315136 -28.2688866
v -4.71547508 4.6315136 -28.4429588
v -4.36415291 4.45233345 -28.2688866
v -4.36415291 4.45233345 -28.2688866
v -4.49698067 4.6315136 -27.4490623
v -4.49698067 4.6315136 -28.2688866
v -4.36415291 4.45233345 -27.4490623
v -4.71547508 4.27315331 -28.4429588
v -4.70832634 4.44048882 -28.2469959
v -4.49698067 4.27315331 -28.2688866
v -4.49698067 4.6315136 -28.2688866
v -4.70832634 4.44048882 -28.2469959
v -4.71547508 4.6315136 -28.4429588
v -4.49698067 4.6315136 -27.4490623
v -4.70832634 4.44048882 -28.2469959
v -4.49698067 4.6315136 -28.2688866
v -4.70802498 4.44207573 -27.4654598
v -4.49698067 4.27315331 -28.2688866
v -4.70802498 4.44207573 -27.4654598
v -4.49698067 4.27315331 -27.4490623
v -4.70832634 4.44048882 -28.2469959
v -4.71547508 3.90472984 -28.4429607
v -12.6834641 4.08390999 -28.6122665
v -12.6834641 3.90472984 -28.4429531
v -4.71547508 4.08390999 -28.6122742
v -4.71547508 3.90472984 -28.4429607
v -4.36415291 4.08390999 -28.2688885
v -4.71547508 4.08390999 -28.6122742
v -4.49698067 3.90472984 -28.2688885
v -4.49698067 3.90472984 -28.2688885
v -4.36415291 4.08390999 -27.4490643
v -4.36415291 4.08390999 -28.2688885
v -4.49698067 3.90472984 -27.4490643
v -4.71547508 4.08390999 -28.6122742
v -4.49698067 4.26309013 -28.2688885
v -4.71547508 4.26309013 -28.4429607
v -4.36415291 4.08390999 -28.2688885
v -4.36415291 4.08390999 -28.2688885
v -4.49698067 4.26309013 -27.4490643
v -4.49698067 4.26309013 -28.2688885
v -4.36415291 4.08390999 -27.4490643
v -4.71547508 3.90472984 -28.4429607
v -4.70832634 4.07206535 -28.2469978
v -4.49698067 3.90472984 -28.2688885
v -4.49698067 4.26309013 -28.2688885
v -4.70832634 4.07206535 -28.2469978
v -4.71547508 4.26309013 -28.4429607
v -4.49698067 4.26309013 -27.4490643
v -4.70832634 4.07206535 -28.2469978
v -4.49698067 4.26309013 -28.2688885
v -4.70802498 4.07365227 -27.4654617
v -4.49698067 3.90472984 -28.2688885
v -4.70802498 4.07365227 -27.4654617
v -4.49698067 3.90472984 -27.4490643
v -4.70832634 4.07206535 -28.2469978
v -4.71547508 3.17038536 -28.4429626
v -12.3076782 3.34956551 -28.6122684
v -12.3076782 3.17038536 -28.442955
v -4.71547508 3.34956551 -28.6122761
v -4.71547508 3.17038536 -28.4429626
v -4.36415291 3.34956551 -28.2688904
v -4.71547508 3.34956551 -28.6122761
v -4.49698067 3.17038536 -28.2688904
v -4.49698067 3.17038536 -28.2688904
v -4.36415291 3.34956551 -27.1607361
v -4.36415291 3.34956551 -28.2688904
v -4.49698067 3.17038536 -27.1607361
v -4.71547508 3.34956551 -28.6122761
v -4.49698067 3.52874565 -28.2688904
v -4.71547508 3.52874565 -28.4429626
v -4.36415291 3.34956551 -28.2688904
v -4.36415291 3.34956551 -28.2688904
v -4.49698067 3.52874565 -27.1607361
v -4.49698067 3.52874565 -28.2688904
v -4.36415291 3.34956551 -27.1607361
v -4.71547508 3.17038536 -28.4429626
v -4.70832634 3.33772087 -28.2469997
v -4.49698067 3.17038536 -28.2688904
v -4.49698067 3.52874565 -28.2688904
v -4.70832634 3.33772087 -28.2469997
v -4.71547508 3.52874565 -28.4429626
v -4.49698067 3.52874565 -27.1607361
v -4.70832634 3.33772087 -28.2469997
v -4.49698067 3.52874565 -28.2688904
v -4.70802498 3.33930779 -27.1771336
v -4.49698067 3.17038536 -28.2688904
v -4.70802498 3.33930779 -27.1771336
v -4.49698067 3.17038536 -27.1607361
v -4.70832634 3.33772087 -28.2469997
v -12.3076782 3.52874565 -28.442955
v -4.71547508 3.34956551 -28.6122761
v -4.71547508 3.52874565 -28.4429626
v -12.3076782 3.34956551 -28.6122684
v -12.3076782 3.17038536 -28.442955
v -4.70832634 3.33772087 -28.2469997
v -4.71547508 3.17038536 -28.4429626
v -12.3273773 3.33772087 -28.2480335
v -12.3273773 3.33772087 -28.2480335
v -4.71547508 3.52874565 -28.4429626
v -4.70832634 3.33772087 -28.2469997
v -12.3076782 3.52874565 -28.442955
v -12.6834641 4.6315136 -28.4429531
v -4.71547508 4.45233345 -28.6122723
v -4.71547508 4.6315136 -28.4429588
v -12.6834641 4.45233345 -28.6122646
v -12.6834641 4.27315331 -28.4429531
v -4.70832634 4.44048882 -28.2469959
v -4.71547508 4.27315331 -28.4429588
v -12.7031631 4.44048882 -28.2480335
v -12.7031631 4.44048882 -28.2480335
v -4.71547508 4.6315136 -28.4429588
v -4.70832634 4.44048882 -28.2469959
v -12.6834641 4.6315136 -28.4429531
v -12.6834641 4.26309013 -28.4429531
v -4.71547508 4.08390999 -28.6122742
v -4.71547508 4.26309013 -28.4429607
v -12.6834641 4.08390999 -28.6122665
v -12.6834641 3.90472984 -28.4429531
v -4.70832634 4.07206535 -28.2469978
v -4.71547508 3.90472984 -28.4429607
v -12.7031631 4.07206535 -28.2480335
v -12.7031631 4.07206535 -28.2480335
v -4.71547508 4.26309013 -28.4429607
v -4.70832634 4.07206535 -28.2469978
v -12.6834641 4.26309013 -28.4429531
v -12.7940435 0 -19.4540977
v -7.67056751 4.67555428 -19.4541016
v -7.67056751 0 -19.4540977
v -12.7940435 4.67555428 -19.4540977
v 24.2416954 -0.0472141951 41.4875717
v 24.7065887 21.0931606 41.4875679
v 24.2416954 21.0931606 41.4875755
v 24.7065887 -0.0472141951 41.4875679
v 24.2416954 21.0931606 41.4875755
v 24.2416954 -0.0472141244 42.0764389
v 24.2416954 -0.0472141951 41.4875717
v 24.2416954 21.0931625 42.0764427
v 23.2302647 -5.72542831e-08 -19.5872021
v 23.2302647 5 -19.2872009
v 23.2302647 -5.72542831e-08 -19.2872028
v 23.2302647 5 -19.5872021
v 23.2302647 -5.72542831e-08 -19.2872028
v 23.7554779 5 -19.2872028
v 23.7554779 -2.59491895e-08 -19.2872028
v 23.2302647 5 -19.2872009
v 23.7554779 5 -19.587204
v 23.2302647 5 -19.2872009
v 23.2302647 5 -19.5872021
v 23.7554779 5 -19.2872028
v 23.7554779 -2.59490793e-08 -19.587204
v 23.2302647 5 -19.5872021
v 23.2302647 -5.72542831e-08 -19.5872021
v 23.7554779 5 -19.587204
v -12.0819426 2.39163518 -28.7652931
v -15.6709261 5.91308546 -28.7652893
v -15.6709261 2.39163518 -28.7652874
v -12.0819426 5.91308546 -28.7652931
v -15.6709261 2.39163518 -28.7652874
v -11.6833258 1.7954092 -28.0986538
v -12.0819426 2.39163518 -28.7652931
v -16.0695419 1.7954092 -28.0986481
v -15.6709261 5.91308546 -28.7652893
v -16.0695419 1.7954092 -28.0986481
v -15.6709261 2.39163518 -28.7652874
v -16.0695419 6.5093112 -28.09865
v -12.0819426 5.91308546 -28.7652931
v -16.0695419 6.5093112 -28.09865
v -15.6709261 5.91308546 -28.7652893
v -11.6833258 6.5093112 -28.0986538
v -12.0819426 2.39163518 -28.7652931
v -11.6833258 6.5093112 -28.0986538
v -12.0819426 5.91308546 -28.7652931
v -11.6833258 1.7954092 -28.0986538
v -17.9483356 3.16052341 -27.2785397
v -18.4888573 6.2068491 -23.8182697
v -18.4888573 3.16052318 -23.8182716
v -17.9483337 6.20684958 -27.2785435
v -18.4888573 3.16052318 -23.8182716
v -17.9483337 6.20684862 -20.3580036
v -17.9483318 3.1605227 -20.3580017
v -18.4888573 6.2068491 -23.8182697
v -18.4888573 3.16052318 -23.8182716
v -17.0954914 2.76105404 -27.814188
v -17.9483356 3.16052341 -27.2785397
v -17.7196884 2.76105356 -23.8182697
v -17.9483337 6.20684958 -27.2785435
v -17.7196884 6.60631847 -23.8182678
v -18.4888573 6.2068491 -23.8182697
v -17.0954914 6.60631895 -27.8141918
v -17.9483356 3.16052341 -27.2785397
v -17.0954914 6.60631895 -27.8141918
v -17.9483337 6.20684958 -27.2785435
v -17.0954914 2.76105404 -27.814188
v -17.9483318 3.1605227 -20.3580017
v -17.7196884 2.76105356 -23.8182697
v -18.4888573 3.16052318 -23.8182716
v -17.0954914 2.76105309 -19.8223515
v -17.9483337 6.20684862 -20.3580036
v -17.0954914 2.76105309 -19.8223515
v -17.9483318 3.1605227 -20.3580017
v -17.0954914 6.606318 -19.8223534
v -18.4888573 6.2068491 -23.8182697
v -17.0954914 6.606318 -19.8223534
v -17.9483337 6.20684862 -20.3580036
v -17.7196884 6.60631847 -23.8182678
v 24.7613449 13.6875906 -39.8803711
v -24.7539883 12.5097952 -39.8803711
v -24.7539883 13.6875868 -39.8803711
v 24.7613449 12.5098009 -39.8803711
v -24.7539883 12.5097952 -41.2255402
v 24.7613449 12.5098009 -39.8803711
v 24.7613449 12.509799 -41.2255402
v -24.7539883 12.5097952 -39.8803711
v 24.7613449 15.3627596 -39.8803711
v -24.7539883 14.1849661 -39.8803711
v -24.7539883 15.3627577 -39.8803711
v 24.7613449 14.1849699 -39.8803711
v -24.7539883 14.1849661 -41.2255402
v 24.7613449 14.1849699 -39.8803711
v 24.7613449 14.184968 -41.2255402
v -24.7539883 14.1849661 -39.8803711
v -24.8413677 -2.19766804e-07 -30.307888
v -7.91077423 2.50927734 -30.3078938
v -7.91077423 -2.19766108e-07 -30.3078938
v -24.8413677 2.50927734 -30.307888
v -7.91077423 -2.19766108e-07 -30.3078938
v -7.91077518 2.50927782 -32.6634712
v -7.91077518 6.10408364e-08 -32.663475
v -7.91077423 2.50927734 -30.3078938
v -7.91077518 2.50927782 -32.6634712
v -24.8413677 2.50927734 -30.307888
v -24.8413677 2.50927782 -32.6634712
v -7.91077423 2.50927734 -30.3078938
v -7.91077518 6.10408364e-08 -32.663475
v -24.8413677 2.50927782 -32.6634712
v -24.8413677 6.10408222e-08 -32.663475
v -7.91077518 2.50927782 -32.6634712
v -24.618742 14.1594849 -31.2513161
v -13.9456863 11.6502075 -31.2513103
v -13.9456863 14.1594849 -31.2513123
v -24.618742 11.6502075 -31.2513161
v -13.9456863 14.1594849 -31.2513123
v -13.9456873 11.6502075 -30.0735226
v -13.9456873 14.1594849 -30.0735207
v -13.9456863 11.6502075 -31.2513103
v -13.9456873 14.1594849 -30.0735207
v -24.618742 11.6502075 -30.0735245
v -24.618742 14.1594849 -30.0735207
v -13.9456873 11.6502075 -30.0735226
v -24.6187401 14.159483 -39.8801842
v -13.9456854 11.6502056 -39.8801804
v -13.9456854 14.159483 -39.8801804
v -24.618742 11.6502056 -39.8801804
v -13.9456854 14.159483 -39.8801804
v -13.9456854 11.6502056 -38.7023926
v -13.9456854 14.1594839 -38.7023888
v -13.9456854 11.6502056 -39.8801804
v -13.9456854 14.1594839 -38.7023888
v -24.618742 11.6502056 -38.7023888
v -24.618742 14.1594839 -38.7023888
v -13.9456854 11.6502056 -38.7023926
v -14.4887047 12.9592867 -38.7330475
v -14.4887047 11.7155142 -31.2032185
v -14.4887047 12.9592886 -31.2032204
v -14.4887047 11.7155132 -38.7330513
v -14.4887047 12.9592886 -31.2032204
v -15.6664925 11.7155142 -31.2032185
v -15.6664963 12.9592896 -31.2032166
v -14.4887047 11.7155142 -31.2032185
v -15.6664963 12.9592896 -31.2032166
v -15.6664963 11.7155132 -38.7330513
v -15.6665001 12.9592876 -38.7330513
v -15.6664925 11.7155142 -31.2032185
v -22.5154381 12.9592867 -38.7330475
v -22.5154381 11.7155142 -31.2032204
v -22.5154381 12.9592886 -31.2032204
v -22.5154381 11.7155132 -38.7330475
v -22.5154381 12.9592886 -31.2032204
v -23.6932259 11.7155142 -31.2032204
v -23.6932297 12.9592896 -31.2032166
v -22.5154381 11.7155142 -31.2032204
v -23.6932297 12.9592896 -31.2032166
v -23.6932297 11.7155132 -38.7330475
v -23.6932335 12.9592876 -38.7330475
v -23.6932259 11.7155142 -31.2032204
v -24.618742 11.6502075 -30.0735245
v -13.9456863 11.6502075 -31.2513103
v -24.618742 11.6502075 -31.2513161
v -13.9456873 11.6502075 -30.0735226
v -24.618742 11.6502056 -38.7023888
v -13.9456854 11.6502056 -39.8801804
v -24.618742 11.6502056 -39.8801804
v -13.9456854 11.6502056 -38.7023926
v -15.6664963 11.7155132 -38.7330513
v -14.4887047 11.7155142 -31.2032185
v -14.4887047 11.7155132 -38.7330513
v -15.6664925 11.7155142 -31.2032185
v -23.6932297 11.7155132 -38.7330475
v -22.5154381 11.7155142 -31.2032204
v -22.5154381 11.7155132 -38.7330475
v -23.6932259 11.7155142 -31.2032204
v 24.4088058 2.50927758 -31.5293846
v 4.68217087 2.50927734 -30.3515892
v 4.68217087 2.50927758 -31.5293808
v 24.4088058 2.50927734 -30.3515949
v 24.4088058 -7.93624082e-08 -31.5293884
v 4.68217087 2.50927758 -31.5293808
v 4.68217087 -7.93629198e-08 -31.5293827
v 24.4088058 2.50927758 -31.5293846
v 4.68217087 -7.93629198e-08 -31.5293827
v 4.68217087 2.50927734 -30.3515892
v 4.68217182 -2.19766846e-07 -30.3515892
v 4.68217087 2.50927758 -31.5293808
v 4.68217182 -2.19766846e-07 -30.3515892
v 24.4088058 2.50927734 -30.3515949
v 24.4088058 -2.19766108e-07 -30.3515949
v 4.68217087 2.50927734 -30.3515892
v -19.260643 -0.999998152 -38.4528809
v -20.8931503 2.42203964e-06 -42.5
v -19.260643 -0.999997795 -42.5
v -20.8931503 2.0526345e-06 -38.4528809
v -20.8931503 2.42203964e-06 -42.5
v -20.8931484 -1.81176519 -42.5
v -19.260643 -0.999997795 -42.5
v -20.8226585 7.86477131e-07 22.6538086
v -23.3899059 5 28.1906528
v -23.3899059 7.30090903e-07 22.6538086
v -20.8226585 5.00000048 28.1906528
v 1.78966618 5.00000191 41.4864731
v 9.63769531 2.34948675e-06 38.9535904
v 9.63769531 2.11231054e-06 41.4864731
v 1.78966582 5.00000191 38.9535904
v 18.8295441 -0.999999046 -42.5
v 20.5796661 6.1507518e-07 -38.4528809
v 18.8295441 -0.999999464 -38.4528809
v 20.5796661 9.56348799e-07 -42.5
v 18.8295441 -0.999999046 -42.5
v 20.579668 -1.69860756 -42.5
v 20.5796661 9.56348799e-07 -42.5
v 24.7267303 -6.30429895e-06 -42.4230156
v 24.6413002 5.15965891 42.2857552
v 24.6413002 3.79377207e-06 42.2857513
v 24.7267323 5.1596489 -42.4230118
v 24.6413002 5.15965891 42.2857552
v 24.726738 21.0598106 -42.4230042
v 24.6413021 21.0598202 42.2857666
v 24.7267323 5.1596489 -42.4230118
v 40.9616432 9.88809586 -8.09618378
v 40.9708557 9.8880949 -17.2320366
v 40.9708595 11.6029291 -17.2320347
v 9.60574245 4.23226929 22.6556759
v 7.69535971 4.57930183 22.6055126
v 7.69535923 4.23226929 22.6556778
v 9.60574436 4.57930183 22.6055107
v 9.60574436 4.57930183 22.6055107
v 7.69535971 4.67030525 22.6598949
v 7.69535971 4.57930183 22.6055126
v 9.60574436 4.67030525 22.659893
v 7.69535971 4.57930183 22.6055126
v 7.69535971 4.67030525 22.6598949
v 7.69535923 4.23226929 22.6556778
v 9.60574245 4.23226929 22.6556759
v 9.60574436 4.67030525 22.659893
v 9.60574436 4.57930183 22.6055107
v 4.75015068 4.23226929 22.6556759
v 2.83976841 4.57930183 22.6055126
v 2.83976793 4.23226929 22.6556778
v 4.75015259 4.57930183 22.6055107
v 4.75015259 4.57930183 22.6055107
v 2.83976841 4.67030525 22.6598949
v 2.83976841 4.57930183 22.6055126
v 4.75015259 4.67030525 22.659893
v 2.83976841 4.57930183 22.6055126
v 2.83976841 4.67030525 22.6598949
v 2.83976793 4.23226929 22.6556778
v 4.75015068 4.23226929 22.6556759
v 4.75015259 4.67030525 22.659893
v 4.75015259 4.57930183 22.6055107
v 0.23921299 4.23226929 22.6556721
v -1.67116833 4.57930183 22.6055069
v -1.67116928 4.23226929 22.6556721
v 0.239214897 4.57930183 22.6055069
v 0.239214897 4.57930183 22.6055069
v -1.67116833 4.67030525 22.6598892
v -1.67116833 4.57930183 22.6055069
v 0.239214897 4.67030525 22.6598892
v -1.67116833 4.57930183 22.6055069
v -1.67116833 4.67030525 22.6598892
v -1.67116928 4.23226929 22.6556721
v 0.23921299 4.23226929 22.6556721
v 0.239214897 4.67030525 22.6598892
v 0.239214897 4.57930183 22.6055069
v -4.37871838 4.23226929 22.6556702
v -6.28909874 4.57930183 22.605505
v -6.28909969 4.23226929 22.6556702
v -4.37871647 4.57930183 22.605505
v -4.37871647 4.57930183 22.605505
v -6.28909874 4.67030525 22.6598873
v -6.28909874 4.57930183 22.605505
v -4.37871647 4.67030525 22.6598873
v -6.28909874 4.57930183 22.605505
v -6.28909874 4.67030525 22.6598873
v -6.28909969 4.23226929 22.6556702
v -4.37871838 4.23226929 22.6556702
v -4.37871647 4.67030525 22.6598873
v -4.37871647 4.57930183 22.605505
v -8.8696537 4.23226929 22.6556683
v -10.780035 4.57930183 22.605505
v -10.7800369 4.23226929 22.6556702
v -8.86965179 4.57930183 22.6055031
v -8.86965179 4.57930183 22.6055031
v -10.780035 4.67030525 22.6598873
v -10.780035 4.57930183 22.605505
v -8.86965179 4.67030525 22.6598854
v -10.780035 4.57930183 22.605505
v -10.780035 4.67030525 22.6598873
v -10.7800369 4.23226929 22.6556702
v -8.8696537 4.23226929 22.6556683
v -8.86965179 4.67030525 22.6598854
v -8.86965179 4.57930183 22.6055031
v -13.12187 4.23226929 22.6556664
v -15.0322514 4.57930183 22.6055031
v -15.0322514 4.23226929 22.6556683
v -13.1218681 4.57930183 22.6055012
v -13.1218681 4.57930183 22.6055012
v -15.0322514 4.67030525 22.6598854
v -15.0322514 4.57930183 22.6055031
v -13.1218681 4.67030525 22.6598835
v -15.0322514 4.57930183 22.6055031
v -15.0322514 4.67030525 22.6598854
v -15.0322514 4.23226929 22.6556683
v -13.12187 4.23226929 22.6556664
v -13.1218681 4.67030525 22.6598835
v -13.1218681 4.57930183 22.6055012
v -17.3396873 4.23226929 22.6556644
v -19.2500687 4.57930183 22.6055012
v -19.2500706 4.23226929 22.6556664
v -17.3396854 4.57930183 22.6054993
v -17.3396854 4.57930183 22.6054993
v -19.2500687 4.67030525 22.6598835
v -19.2500687 4.57930183 22.6055012
v -17.3396854 4.67030525 22.6598816
v -19.2500687 4.57930183 22.6055012
v -19.2500687 4.67030525 22.6598835
v -19.2500706 4.23226929 22.6556664
v -17.3396873 4.23226929 22.6556644
v -17.3396854 4.67030525 22.6598816
v -17.3396854 4.57930183 22.6054993
v 9.63440895 4.23226929 24.5930119
v 9.68457222 4.57930183 22.6826286
v 9.63440704 4.23226929 22.6826286
v 9.68457413 4.57930183 24.5930138
v 9.68457413 4.57930183 24.5930138
v 9.6301899 4.67030525 22.6826286
v 9.68457222 4.57930183 22.6826286
v 9.6301918 4.67030525 24.5930138
v 9.68457222 4.57930183 22.6826286
v 9.6301899 4.67030525 22.6826286
v 9.63440704 4.23226929 22.6826286
v 9.63440895 4.23226929 24.5930119
v 9.6301918 4.67030525 24.5930138
v 9.68457413 4.57930183 24.5930138
v 9.634408 4.23226929 28.9142971
v 9.68457127 4.57930183 27.0039158
v 9.63440609 4.23226929 27.0039158
v 9.68457317 4.57930183 28.9143009
v 9.68457317 4.57930183 28.9143009
v 9.63018894 4.67030525 27.0039158
v 9.68457127 4.57930183 27.0039158
v 9.63019085 4.67030525 28.9143009
v 9.68457127 4.57930183 27.0039158
v 9.63018894 4.67030525 27.0039158
v 9.63440609 4.23226929 27.0039158
v 9.634408 4.23226929 28.9142971
v 9.63019085 4.67030525 28.9143009
v 9.68457317 4.57930183 28.9143009
v 9.63440704 4.23226929 32.9698944
v 9.68456936 4.57930183 31.0595131
v 9.63440418 4.23226929 31.0595131
v 9.68457222 4.57930183 32.9698982
v 9.68457222 4.57930183 32.9698982
v 9.63018703 4.67030525 31.0595131
v 9.68456936 4.57930183 31.0595131
v 9.6301899 4.67030525 32.9698982
v 9.68456936 4.57930183 31.0595131
v 9.63018703 4.67030525 31.0595131
v 9.63440418 4.23226929 31.0595131
v 9.63440704 4.23226929 32.9698944
v 9.6301899 4.67030525 32.9698982
v 9.68457222 4.57930183 32.9698982
v 9.63440514 4.23226929 37.3732872
v 9.68456745 4.57930183 35.4629059
v 9.63440228 4.23226929 35.4629059
v 9.68457031 4.57930183 37.373291
v 9.68457031 4.57930183 37.373291
v 9.63018513 4.67030525 35.4629059
v 9.68456745 4.57930183 35.4629059
v 9.63018799 4.67030525 37.373291
v 9.68456745 4.57930183 35.4629059
v 9.63018513 4.67030525 35.4629059
v 9.63440228 4.23226929 35.4629059
v 9.63440514 4.23226929 37.3732872
v 9.63018799 4.67030525 37.373291
v 9.68457031 4.57930183 37.373291
v 4.70599461 4.23226929 10.8955278
v 4.65583515 4.57930183 12.8059092
v 4.70600033 4.23226929 12.8059092
v 4.65582943 4.57930183 10.895524
v 4.65582943 4.57930183 10.895524
v 4.71021748 4.67030525 12.8059092
v 4.65583515 4.57930183 12.8059092
v 4.71021175 4.67030525 10.895524
v 4.65583515 4.57930183 12.8059092
v 4.71021748 4.67030525 12.8059092
v 4.70600033 4.23226929 12.8059092
v 4.70599461 4.23226929 10.8955278
v 4.71021175 4.67030525 10.895524
v 4.65582943 4.57930183 10.895524
v 4.70599365 4.23226929 3.46797752
v 4.6558342 4.57930183 5.37835884
v 4.70599937 4.23226929 5.37835884
v 4.65582848 4.57930183 3.46797371
v 4.65582848 4.57930183 3.46797371
v 4.71021652 4.67030525 5.37835884
v 4.6558342 4.57930183 5.37835884
v 4.7102108 4.67030525 3.46797371
v 4.6558342 4.57930183 5.37835884
v 4.71021652 4.67030525 5.37835884
v 4.70599937 4.23226929 5.37835884
v 4.70599365 4.23226929 3.46797752
v 4.7102108 4.67030525 3.46797371
v 4.65582848 4.57930183 3.46797371
v 4.7059927 4.23226929 -3.89401627
v 4.6558342 4.57930183 -1.98363495
v 4.70599937 4.23226929 -1.98363495
v 4.65582752 4.57930183 -3.89402008
v 4.65582752 4.57930183 -3.89402008
v 4.71021652 4.67030525 -1.98363495
v 4.6558342 4.57930183 -1.98363495
v 4.71020985 4.67030525 -3.89402008
v 4.6558342 4.57930183 -1.98363495
v 4.71021652 4.67030525 -1.98363495
v 4.70599937 4.23226929 -1.98363495
v 4.7059927 4.23226929 -3.89401627
v 4.71020985 4.67030525 -3.89402008
v 4.65582752 4.57930183 -3.89402008
v 4.7059927 4.23226929 -11.2589912
v 4.65583372 4.57930183 -9.34861183
v 4.7059989 4.23226929 -9.34861183
v 4.65582752 4.57930183 -11.2589951
v 4.65582752 4.57930183 -11.2589951
v 4.71021605 4.67030525 -9.34861183
v 4.65583372 4.57930183 -9.34861183
v 4.71020985 4.67030525 -11.2589951
v 4.65583372 4.57930183 -9.34861183
v 4.71021605 4.67030525 -9.34861183
v 4.7059989 4.23226929 -9.34861183
v 4.7059927 4.23226929 -11.2589912
v 4.71020985 4.67030525 -11.2589951
v 4.65582752 4.57930183 -11.2589951
v 4.70599174 4.23226929 -18.6462555
v 4.65583324 4.57930183 -16.7358742
v 4.70599842 4.23226929 -16.7358742
v 4.65582657 4.57930183 -18.6462593
v 4.65582657 4.57930183 -18.6462593
v 4.71021557 4.67030525 -16.7358742
v 4.65583324 4.57930183 -16.7358742
v 4.71020889 4.67030525 -18.6462593
v 4.65583324 4.57930183 -16.7358742
v 4.71021557 4.67030525 -16.7358742
v 4.70599842 4.23226929 -16.7358742
v 4.70599174 4.23226929 -18.6462555
v 4.71020889 4.67030525 -18.6462593
v 4.65582657 4.57930183 -18.6462593
v 7.23767376 4.23226929 -25.0953255
v 5.32729483 4.57930183 -25.1454811
v 5.32729483 4.23226929 -25.0953178
v 7.23767757 4.57930183 -25.1454887
v 7.23767757 4.57930183 -25.1454887
v 5.32729483 4.67030525 -25.0910988
v 5.32729483 4.57930183 -25.1454811
v 7.23767757 4.67030525 -25.0911064
v 5.32729483 4.57930183 -25.1454811
v 5.32729483 4.67030525 -25.0910988
v 5.32729483 4.23226929 -25.0953178
v 7.23767376 4.23226929 -25.0953255
v 7.23767757 4.67030525 -25.0911064
v 7.23767757 4.57930183 -25.1454887
v 18.7760658 -0.443939209 -38.4508934
v 16.8656845 -0.096906662 -38.5010529
v 16.8656845 -0.443939209 -38.4508858
v 18.7760696 -0.096906662 -38.5010605
v 18.7760696 -0.096906662 -38.5010605
v 16.8656845 -0.00590324402 -38.4466705
v 16.8656845 -0.096906662 -38.5010529
v 18.7760696 -0.00590324402 -38.4466782
v 16.8656845 -0.096906662 -38.5010529
v 16.8656845 -0.00590324402 -38.4466705
v 16.8656845 -0.443939209 -38.4508858
v 18.7760658 -0.443939209 -38.4508934
v 18.7760696 -0.00590324402 -38.4466782
v 18.7760696 -0.096906662 -38.5010605
v 22.9065838 4.23226929 -25.0953178
v 20.9962025 4.57930183 -25.1454735
v 20.9962025 4.23226929 -25.0953102
v 22.9065876 4.57930183 -25.1454849
v 22.9065876 4.57930183 -25.1454849
v 20.9962025 4.67030525 -25.0910912
v 20.9962025 4.57930183 -25.1454735
v 22.9065876 4.67030525 -25.0911026
v 20.9962025 4.57930183 -25.1454735
v 20.9962025 4.67030525 -25.0910912
v 20.9962025 4.23226929 -25.0953102
v 22.9065838 4.23226929 -25.0953178
v 22.9065876 4.67030525 -25.0911026
v 22.9065876 4.57930183 -25.1454849
v -14.872097 4.23226929 -8.72996712
v -16.7824821 4.57930183 -8.78700256
v -16.7824802 4.23226929 -8.72995949
v -14.8721008 4.57930183 -8.7870121
v -14.8721008 4.57930183 -8.7870121
v -16.7824821 4.67030525 -8.73262024
v -16.7824821 4.57930183 -8.78700256
v -14.8721008 4.67030525 -8.73262978
v -16.7824821 4.57930183 -8.78700256
v -16.7824821 4.67030525 -8.73262024
v -16.7824802 4.23226929 -8.72995949
v -14.872097 4.23226929 -8.72996712
v -14.8721008 4.67030525 -8.73262978
v -14.8721008 4.57930183 -8.7870121
v -17.4323578 -0.443939209 -38.4508896
v -19.3427391 -0.096906662 -38.5010452
v -19.3427391 -0.443939209 -38.4508781
v -17.432354 -0.096906662 -38.5010567
v -17.432354 -0.096906662 -38.5010567
v -19.3427391 -0.00590324402 -38.4466629
v -19.3427391 -0.096906662 -38.5010452
v -17.432354 -0.00590324402 -38.4466743
v -19.3427391 -0.096906662 -38.5010452
v -19.3427391 -0.00590324402 -38.4466629
v -19.3427391 -0.443939209 -38.4508781
v -17.4323578 -0.443939209 -38.4508896
v -17.432354 -0.00590324402 -38.4466743
v -17.432354 -0.096906662 -38.5010567
v 14.6404591 4.23226929 -25.0953217
v 12.7300797 4.57930183 -25.1454773
v 12.7300797 4.23226929 -25.0953102
v 14.6404629 4.57930183 -25.1454887
v 14.6404629 4.57930183 -25.1454887
v 12.7300797 4.67030525 -25.091095
v 12.7300797 4.57930183 -25.1454773
v 14.6404629 4.67030525 -25.0911064
v 12.7300797 4.57930183 -25.1454773
v 12.7300797 4.67030525 -25.091095
v 12.7300797 4.23226929 -25.0953102
v 14.6404591 4.23226929 -25.0953217
v 14.6404629 4.67030525 -25.0911064
v 14.6404629 4.57930183 -25.1454887
v -9.05423546 0.091796875 -2.739151
v -3.05423641 0.091796875 -5.36810303
v -3.05423641 0.091796875 -2.7380085
v -9.05423546 0.091796875 -5.37013054
v -9.05423546 0.091796875 -2.739151
v -9.05423546 0 -5.5521698
v -9.05423546 0.091796875 -5.37013054
v -9.05423546 0 -2.5521698
v -3.05423641 0.091796875 -5.36810303
v -3.05423641 0.00241088867 -2.55686188
v -3.05423641 0.091796875 -2.7380085
v -3.05423641 0.00241088867 -5.54802704
v 0.15506649 0.091796875 -5.21071243
v -3.046278 0.091796875 -2.76948738
v -2.88843346 0.091796875 -5.39484024
v -0.00283050537 0.091796875 -2.58447266
v 0.15506649 0.091796875 -5.21071243
v -0.00299263 0 -2.58176422
v -0.00283050537 0.091796875 -2.58447266
v 0.155378342 0 -5.21588707
v -2.88843346 0.091796875 -5.39484024
v 0.155378342 0 -5.21588707
v 0.15506649 0.091796875 -5.21071243
v -2.88843346 0 -5.39484024
v -3.046278 0.091796875 -2.76948738
v -2.88843346 0 -5.39484024
v -2.88843346 0.091796875 -5.39484024
v -3.046278 0 -2.76948738
v -0.00283050537 0.091796875 -2.58447266
v -3.046278 0 -2.76948738
v -3.046278 0.091796875 -2.76948738
v -0.00299263 0 -2.58176422
v 22.239109 0.091796875 20.6559238
v 18.5270996 0.091796875 22.2145004
v 19.3395004 0.091796875 19.7130222
v 21.4264336 0.091796875 23.1582451
v 22.239109 0.091796875 20.6559238
v 21.4255981 0 23.1608276
v 21.4264336 0.091796875 23.1582451
v 22.2407112 0 20.6509914
v 19.3395004 0.091796875 19.7130222
v 22.2407112 0 20.6509914
v 22.239109 0.091796875 20.6559238
v 19.3395004 0 19.7130222
v 18.5270996 0.091796875 22.2145004
v 19.3395004 0 19.7130222
v 19.3395004 0.091796875 19.7130222
v 18.5270996 0 22.2145004
v 21.4264336 0.091796875 23.1582451
v 18.5270996 0 22.2145004
v 18.5270996 0.091796875 22.2145004
v 21.4255981 0 23.1608276
v 9.74109459 0.091796875 19.9881115
v 13.337822 0.091796875 18.1793194
v 12.6983995 0.091796875 20.7305012
v 10.3807316 0.091796875 17.4360695
v 9.74109459 0.091796875 19.9881115
v 10.3813915 0 17.4334354
v 10.3807316 0.091796875 17.4360695
v 9.73983288 0 19.9931412
v 12.6983995 0.091796875 20.7305012
v 9.73983288 0 19.9931412
v 9.74109459 0.091796875 19.9881115
v 12.6983995 0 20.7305012
v 13.337822 0.091796875 18.1793194
v 12.6983995 0 20.7305012
v 12.6983995 0.091796875 20.7305012
v 13.337822 0 18.1793194
v 10.3807316 0.091796875 17.4360695
v 13.337822 0 18.1793194
v 13.337822 0.091796875 18.1793194
v 10.3813915 0 17.4334354
v 22.5044212 4.11840582 -9.53483582
v 21.3163376 4.11840582 -9.30575562
v 21.3163376 4.11840582 -9.534832
v 22.5044212 4.11840582 -9.30575752
v 22.5044212 3.84180784 -9.30575752
v 21.3163376 4.11840582 -9.30575562
v 22.5044212 4.11840582 -9.30575752
v 21.3163376 3.84180784 -9.30575562
v 21.3163376 3.84180784 -9.534832
v 22.5044212 4.11840582 -9.53483582
v 21.3163376 4.11840582 -9.534832
v 22.5044212 3.84180784 -9.53483582
v 22.5024109 4.87059593 -9.53483582
v 21.3143234 4.87059593 -9.30575562
v 21.3143234 4.87059593 -9.534832
v 22.5024071 4.87059593 -9.30575752
v 22.5024071 4.59399796 -9.30575752
v 21.3143234 4.87059593 -9.30575562
v 22.5024071 4.87059593 -9.30575752
v 21.3143234 4.59399796 -9.30575562
v 21.3143234 4.59399796 -9.534832
v 22.5024109 4.87059593 -9.53483582
v 21.3143234 4.87059593 -9.534832
v 22.5024109 4.59399796 -9.53483582
v 21.3163376 3.84180784 -9.534832
v 22.5044212 3.84180784 -9.30575752
v 22.5044212 3.84180784 -9.53483582
v 21.3163376 3.84180784 -9.30575562
v 21.3143234 4.59399796 -9.534832
v 22.5024071 4.59399796 -9.30575752
v 22.5024109 4.59399796 -9.53483582
v 21.3143234 4.59399796 -9.30575562
v 23.2581406 4.87059593 -19.5383873
v 21.3143234 4.87059593 -19.3093071
v 21.3143234 4.87059593 -19.5383835
v 23.2581367 4.87059593 -19.3093071
v 23.2581367 4.59399796 -19.3093071
v 21.3143234 4.87059593 -19.3093071
v 23.2581367 4.87059593 -19.3093071
v 21.3143234 4.59399796 -19.3093071
v 21.3143234 4.59399796 -19.5383835
v 23.2581406 4.87059593 -19.5383873
v 21.3143234 4.87059593 -19.5383835
v 23.2581406 4.59399796 -19.5383873
v 21.3143234 4.59399796 -19.5383835
v 23.2581367 4.59399796 -19.3093071
v 23.2581406 4.59399796 -19.5383873
v 21.3143234 4.59399796 -19.3093071
v 23.1652145 4.87059593 6.33725739
v 21.3143272 4.87059593 6.56633949
v 21.3143272 4.87059593 6.3372612
v 23.1652145 4.87059593 6.56633377
v 23.1652184 4.59399796 6.56633377
v 21.3143272 4.87059593 6.56633949
v 23.1652145 4.87059593 6.56633377
v 21.3143272 4.59399796 6.56633949
v 21.3143272 4.59399796 6.3372612
v 23.1652145 4.87059593 6.33725739
v 21.3143272 4.87059593 6.3372612
v 23.1652145 4.59399796 6.33725739
v 21.3143272 4.59399796 6.3372612
v 23.1652184 4.59399796 6.56633377
v 23.1652145 4.59399796 6.33725739
v 21.3143272 4.59399796 6.56633949
v -24.5662518 -6.3042994e-06 42.2857666
v -24.5662575 5.15965891 -42.4230118
v -24.5662575 3.79377252e-06 -42.423008
v -24.5662537 5.1596489 42.2857628
v -38.8814316 1.24880183 25.3346004
v -38.8814316 2.66203809 25.3345985
v -38.8814316 1.24880207 23.8421135
v -24.5662575 5.15965891 -42.4230118
v -24.5662594 21.0598106 42.285759
v -24.5662594 21.0598202 -42.4230194
v -24.5662537 5.1596489 42.2857628
v -24.3328514 8.15928161e-08 -11.2829857
v -24.3328533 5.15965605 -16.481493
v -24.3328514 7.01302724e-07 -16.4814892
v -24.3328514 5.15965509 -11.2829847
v -24.8662758 0 -42.1230049
v 25.0000019 5.15965462 -42.5
v 24.9999981 0 -42.5
v -24.866272 5.15965462 -42.1230087
v 25.0000019 5.15965462 -42.5
v -24.8662643 21.0598145 -42.1230125
v 25.0000095 21.0598145 -42.5000038
v -24.866272 5.15965462 -42.1230087
v -19.260643 -1 -42.4999962
v 20.5796661 0 -42.5
v 18.8295441 -1 -42.5
v -20.8931503 0 -42.4999962
v -12.5917339 -0.787826538 -50.0754128
v -6.56129456 -0.42434597 -50.0754128
v -7.19743156 -0.787826538 -50.0754128
v 25.0000267 0 41.9643097
v -24.8662472 5.15965462 41.9857445
v -24.8662434 0 41.9857445
v 25.0000229 5.15965462 41.9643097
v 6.61832428 1.90195084 51.4845352
v 6.61832237 3.25770378 51.4845352
v -6.48454952 1.90195084 51.4901695
v -24.8662472 5.15965462 41.9857445
v 25.0000153 21.0598145 41.9643173
v -24.8662548 21.0598145 41.9857483
v 25.0000229 5.15965462 41.9643097
v -5.15754843 0 11.479249
v -5.15754843 5 11.1792488
v -5.15754843 0 11.1792488
v -5.15754843 5 11.479249
v -5.15754843 0 11.1792488
v -11.1897917 5 11.1792431
v -11.1897917 0 11.1792431
v -5.15754843 5 11.1792488
v -11.1897926 5 11.4792433
v -5.15754843 5 11.1792488
v -5.15754843 5 11.479249
v -11.1897917 5 11.1792431
v -11.1897926 0 11.4792433
v -5.15754843 5 11.479249
v -5.15754843 0 11.479249
v -11.1897926 5 11.4792433
v -10.835907 5.52013063 -19.2961788
v -11.897644 4.49037075 -18.9374142
v -11.897644 5.52013063 -19.2961788
v -10.835907 4.4903717 -18.9374142
v -11.897644 4.49037075 -18.9374142
v -11.897644 5.52013063 -19.480114
v -11.897644 5.52013063 -19.2961788
v -11.8976421 4.49037123 -19.4801121
v -10.835907 5.52013063 -19.2961788
v -10.8359051 4.49037218 -19.4801159
v -10.835907 4.4903717 -18.9374142
v -10.8359051 5.52013063 -19.4801159
v -11.897644 5.52013063 -19.2961788
v -10.8359051 5.52013063 -19.4801159
v -10.835907 5.52013063 -19.2961788
v -11.897644 5.52013063 -19.480114
v -14.638649 5.52013063 -19.2961769
v -15.700386 4.49037075 -18.9374123
v -15.700386 5.52013063 -19.2961769
v -14.638649 4.4903717 -18.9374142
v -15.700386 4.49037075 -18.9374123
v -15.700386 5.52013063 -19.4801121
v -15.700386 5.52013063 -19.2961769
v -15.7003841 4.49037123 -19.4801102
v -14.638649 5.52013063 -19.2961769
v -14.6386471 4.49037218 -19.4801159
v -14.638649 4.4903717 -18.9374142
v -14.6386471 5.52013063 -19.4801159
v -15.700386 5.52013063 -19.2961769
v -14.6386471 5.52013063 -19.4801159
v -14.638649 5.52013063 -19.2961769
v -15.700386 5.52013063 -19.4801121
v -8.84396362 5.52013063 -19.2961788
v -9.90570068 4.49037075 -18.9374142
v -9.90570068 5.52013063 -19.2961788
v -8.84396362 4.4903717 -18.9374142
v -9.90570068 4.49037075 -18.9374142
v -9.90570068 5.52013063 -19.480114
v -9.90570068 5.52013063 -19.2961788
v -9.90569878 4.49037123 -19.4801121
v -8.84396362 5.52013063 -19.2961788
v -8.84396172 4.49037218 -19.4801159
v -8.84396362 4.4903717 -18.9374142
v -8.84396172 5.52013063 -19.4801159
v -9.90570068 5.52013063 -19.2961788
v -8.84396172 5.52013063 -19.4801159
v -8.84396362 5.52013063 -19.2961788
v -9.90570068 5.52013063 -19.480114
v -5.05450773 5.52013063 -19.2961769
v -6.11624479 4.49037075 -18.9374142
v -6.11624479 5.52013063 -19.2961788
v -5.05450773 4.4903717 -18.9374142
v -6.11624479 4.49037075 -18.9374142
v -6.11624479 5.52013063 -19.480114
v -6.11624479 5.52013063 -19.2961788
v -6.11624289 4.49037123 -19.4801121
v -5.05450773 5.52013063 -19.2961769
v -5.05450583 4.49037218 -19.4801159
v -5.05450773 4.4903717 -18.9374142
v -5.05450583 5.52013063 -19.4801159
v -6.11624479 5.52013063 -19.2961788
v -5.05450583 5.52013063 -19.4801159
v -5.05450773 5.52013063 -19.2961769
v -6.11624479 5.52013063 -19.480114
v -10.835907 4.4903717 -18.9374142
v -11.8976421 4.49037123 -19.4801121
v -11.897644 4.49037075 -18.9374142
v -10.8359051 4.49037218 -19.4801159
v -14.638649 4.4903717 -18.9374142
v -15.7003841 4.49037123 -19.4801102
v -15.700386 4.49037075 -18.9374123
v -14.6386471 4.49037218 -19.4801159
v -8.84396362 4.4903717 -18.9374142
v -9.90569878 4.49037123 -19.4801121
v -9.90570068 4.49037075 -18.9374142
v -8.84396172 4.49037218 -19.4801159
v -5.05450773 4.4903717 -18.9374142
v -6.11624289 4.49037123 -19.4801121
v -6.11624479 4.49037075 -18.9374142
v -5.05450583 4.49037218 -19.4801159
v -7.00509596 5.00000095 -11.5639086
v -11.0882416 5 -8.36866856
v -11.260314 5 -8.61441422
v -6.83302307 5.00000095 -11.3181629
v -7.00509596 1.65984943e-07 -11.5639095
v -11.260314 5 -8.61441422
v -11.260314 -3.74063205e-07 -8.61441422
v -7.00509596 5.00000095 -11.5639086
v -6.83302307 1.65984943e-07 -11.3181639
v -7.00509596 5.00000095 -11.5639086
v -7.00509596 1.65984943e-07 -11.5639095
v -6.83302307 5.00000095 -11.3181629
v -11.0882416 -3.74063177e-07 -8.36866951
v -6.83302307 5.00000095 -11.3181629
v -6.83302307 1.65984943e-07 -11.3181639
v -11.0882416 5 -8.36866856
v -18.6450615 5 15.7452774
v -11.0690002 5 11.0736561
v -10.9189997 5 11.3334637
v -18.795063 5 15.4854698
v -18.6450615 -1.3257376e-07 15.7452774
v -10.9189997 5 11.3334637
v -10.9189997 1.32573746e-07 11.3334637
v -18.6450615 5 15.7452774
v -18.795063 -1.3257376e-07 15.4854698
v -18.6450615 5 15.7452774
v -18.6450615 -1.3257376e-07 15.7452774
v -18.795063 5 15.4854698
v -11.0690002 1.32573717e-07 11.0736561
v -18.795063 5 15.4854698
v -18.795063 -1.3257376e-07 15.4854698
v -11.0690002 5 11.0736561
v 21.3535709 0 6.59677744
v 21.3535709 5 6.29677773
v 21.3535709 0 6.29677773
v 21.3535709 5 6.59677744
v 21.3535709 0 6.29677773
v 17.6170082 5 6.29677486
v 17.6170082 0 6.29677486
v 21.3535709 5 6.29677773
v 17.6170063 5 6.59677505
v 21.3535709 5 6.29677773
v 21.3535709 5 6.59677744
v 17.6170082 5 6.29677486
v 17.6170063 0 6.59677505
v 21.3535709 5 6.59677744
v 21.3535709 0 6.59677744
v 17.6170063 5 6.59677505
v 20.5278702 -1.71429377e-07 -1.64208162
v 20.5278702 5 -1.34208131
v 20.5278702 -1.71429377e-07 -1.34208155
v 20.5278702 5 -1.64208126
v 20.5278702 -1.71429377e-07 -1.34208155
v 23.7671108 5 -1.3420831
v 23.7671108 2.16444125e-08 -1.34208333
v 20.5278702 5 -1.34208131
v 23.7671108 5 -1.64208305
v 20.5278702 5 -1.34208131
v 20.5278702 5 -1.64208126
v 23.7671108 5 -1.3420831
v 23.7671108 2.16444374e-08 -1.64208329
v 20.5278702 5 -1.64208126
v 20.5278702 -1.71429377e-07 -1.64208162
v 23.7671108 5 -1.64208305
v 16.6215878 0 -24.7931747
v 16.6215878 5 -25.0931759
v 16.6215878 0 -25.0931759
v 16.6215878 5 -24.7931747
v 16.6215878 0 -25.0931759
v 5.00598717 5 -25.0931721
v 5.00598717 0 -25.0931721
v 16.6215878 5 -25.0931759
v 5.00598526 5 -24.7931728
v 16.6215878 5 -25.0931759
v 16.6215878 5 -24.7931747
v 5.00598717 5 -25.0931721
v 5.00598526 0 -24.7931728
v 16.6215878 5 -24.7931747
v 16.6215878 0 -24.7931747
v 5.00598526 5 -24.7931728
v -11.1723614 5.00000048 -8.7349844
v -10.8810005 4.99999809 11.2518206
v -11.1809998 4.99999809 11.2518244
v -10.8723621 5.00000048 -8.7349844
v -11.1723614 4.79487881e-08 -8.73498535
v -11.1809998 4.99999809 11.2518244
v -11.1809998 -2.33466426e-06 11.2518244
v -11.1723614 5.00000048 -8.7349844
v -10.8723621 4.79487881e-08 -8.73498535
v -11.1723614 5.00000048 -8.7349844
v -11.1723614 4.79487881e-08 -8.73498535
v -10.8723621 5.00000048 -8.7349844
v -10.8810005 -2.3346638e-06 11.2518206
v -10.8723621 5.00000048 -8.7349844
v -10.8723621 4.79487881e-08 -8.73498535
v -10.8810005 4.99999809 11.2518206
v 18.6738853 0 -1.34207857
v 18.6738853 5 -1.64207864
v 18.6738853 0 -1.64207864
v 18.6738853 5 -1.34207857
v 18.6738853 0 -1.64207864
v 17.6208439 5 -1.6420784
v 17.6208439 0 -1.6420784
v 18.6738853 5 -1.64207864
v 17.620842 5 -1.34207857
v 18.6738853 5 -1.64207864
v 18.6738853 5 -1.34207857
v 17.6208439 5 -1.6420784
v 17.620842 0 -1.34207857
v 18.6738853 5 -1.34207857
v 18.6738853 0 -1.34207857
v 17.620842 5 -1.34207857
v 21.3535709 0 -19.2764664
v 21.3535709 5 -19.5764656
v 21.3535709 0 -19.5764656
v 21.3535709 5 -19.2764664
v 21.3535709 0 -19.5764656
v 17.6170082 5 -19.5764694
v 17.6170082 0 -19.5764694
v 21.3535709 5 -19.5764656
v 17.6170063 5 -19.2764683
v 21.3535709 5 -19.5764656
v 21.3535709 5 -19.2764664
v 17.6170082 5 -19.5764694
v 17.6170063 0 -19.2764683
v 21.3535709 5 -19.2764664
v 21.3535709 0 -19.2764664
v 17.6170063 5 -19.2764683
v 7.67795563 0 -14.5369606
v 7.67795563 5 -14.2369604
v 7.67795563 0 -14.2369604
v 7.67795563 5 -14.5369606
v 7.67795563 0 -14.2369604
v 14.5674219 5 -14.2369633
v 14.5674219 0 -14.2369633
v 7.67795563 5 -14.2369604
v 14.5674219 5 -14.5369635
v 7.67795563 5 -14.2369604
v 7.67795563 5 -14.5369606
v 14.5674219 5 -14.2369633
v 14.5674219 0 -14.5369635
v 7.67795563 5 -14.5369606
v 7.67795563 0 -14.5369606
v 14.5674219 5 -14.5369635
v 12.6121607 -5.72542831e-08 -4.59061384
v 12.6121607 5 -4.29061365
v 12.6121607 -5.72542831e-08 -4.29061365
v 12.6121607 5 -4.59061337
v 12.6121607 -5.72542831e-08 -4.29061365
v 14.5332899 5 -4.29061508
v 14.5332899 5.7253942e-08 -4.29061556
v 12.6121607 5 -4.29061365
v 14.5332909 5 -4.5906148
v 12.6121607 5 -4.29061365
v 12.6121607 5 -4.59061337
v 14.5332899 5 -4.29061508
v 14.5332909 5.72539989e-08 -4.59061527
v 12.6121607 5 -4.59061337
v 12.6121607 -5.72542831e-08 -4.59061384
v 14.5332909 5 -4.5906148
v 21.3535709 0 -9.28549862
v 21.3535709 5 -9.58549881
v 21.3535709 0 -9.58549881
v 21.3535709 5 -9.28549862
v 21.3535709 0 -9.58549881
v 17.6170082 5 -9.58550072
v 17.6170082 0 -9.58550072
v 21.3535709 5 -9.58549881
v 17.6170063 5 -9.28550148
v 21.3535709 5 -9.58549881
v 21.3535709 5 -9.28549862
v 17.6170082 5 -9.58550072
v 17.6170063 0 -9.28550148
v 21.3535709 5 -9.28549862
v 21.3535709 0 -9.28549862
v 17.6170063 5 -9.28550148
v 17.6579075 -4.12531989e-07 10.7609787
v 17.3579063 5 10.7609797
v 17.3579063 -4.12531989e-07 10.7609797
v 17.6579075 5 10.7609797
v 17.3579063 -4.12531989e-07 10.7609797
v 17.3579082 5.00000048 13.1525087
v 17.3579082 -1.27439066e-07 13.1525087
v 17.3579063 5 10.7609797
v 17.6579094 5.00000048 13.1525097
v 17.3579063 5 10.7609797
v 17.6579075 5 10.7609797
v 17.3579082 5.00000048 13.1525087
v 17.6579094 -1.27438952e-07 13.1525087
v 17.6579075 5 10.7609797
v 17.6579075 -4.12531989e-07 10.7609787
v 17.6579094 5.00000048 13.1525097
v -19.9497833 -1.71429377e-07 -8.73498249
v -19.9497833 5 -8.4349823
v -19.9497833 -1.71429377e-07 -8.4349823
v -19.9497833 5 -8.73498249
v -19.9497833 -1.71429377e-07 -8.4349823
v -11.1723614 5.00000048 -8.43498516
v -11.1723614 3.51745712e-07 -8.43498611
v -19.9497833 5 -8.4349823
v -11.1723604 5.00000048 -8.73498535
v -19.9497833 5 -8.4349823
v -19.9497833 5 -8.73498249
v -11.1723614 5.00000048 -8.43498516
v -11.1723604 3.51745769e-07 -8.73498535
v -19.9497833 5 -8.73498249
v -19.9497833 -1.71429377e-07 -8.73498249
v -11.1723604 5.00000048 -8.73498535
v 5.55990648 5 -14.5392237
v 4.99221277 5 -14.2392225
v 4.99221277 5 -14.5392227
v 5.55990648 5 -14.2392235
v 5.55990648 0 -14.5392237
v 4.99221277 5 -14.5392227
v 4.99221277 0 -14.5392227
v 5.55990648 5 -14.5392237
v 5.55990648 0 -14.2392235
v 5.55990648 5 -14.5392237
v 5.55990648 0 -14.5392237
v 5.55990648 5 -14.2392235
v 4.99221277 0 -14.2392225
v 5.55990648 5 -14.2392235
v 5.55990648 0 -14.2392235
v 4.99221277 5 -14.2392225
v 7.09720135 0 13.1276541
v 7.09720135 5 13.4276543
v 7.09720135 0 13.4276543
v 7.09720135 5 13.1276541
v 7.09720135 0 13.4276543
v 23.8260231 5 13.4276505
v 23.8260231 0 13.4276505
v 7.09720135 5 13.4276543
v 23.8260231 5 13.1276512
v 7.09720135 5 13.4276543
v 7.09720135 5 13.1276541
v 23.8260231 5 13.4276505
v 23.8260231 0 13.1276512
v 7.09720135 5 13.1276541
v 7.09720135 0 13.1276541
v 23.8260231 5 13.1276512
v 17.3579063 5.00000191 -19.5967522
v 17.6579075 4.99999857 8.93418407
v 17.3579082 4.99999857 8.93418312
v 17.6579056 5.00000191 -19.5967522
v 17.3579063 1.40255293e-06 -19.5967522
v 17.3579082 4.99999857 8.93418312
v 17.3579082 -1.99859915e-06 8.93418217
v 17.3579063 5.00000191 -19.5967522
v 17.6579056 1.40255293e-06 -19.5967522
v 17.3579063 5.00000191 -19.5967522
v 17.3579063 1.40255293e-06 -19.5967522
v 17.6579056 5.00000191 -19.5967522
v 17.6579075 -1.99859915e-06 8.93418312
v 17.6579056 5.00000191 -19.5967522
v 17.6579056 1.40255293e-06 -19.5967522
v 17.6579075 4.99999857 8.93418407
v 17.3579082 -1.99859915e-06 8.93418217
v 17.6579075 4.99999857 8.93418407
v 17.6579075 -1.99859915e-06 8.93418312
v 17.3579082 4.99999857 8.93418312
v 20.3618679 -1.71429377e-07 -25.0931759
v 20.3618679 5 -24.7931767
v 20.3618679 -1.71429377e-07 -24.7931767
v 20.3618679 5 -25.0931759
v 20.3618679 -1.71429377e-07 -24.7931767
v 24.4693317 5 -24.7931786
v 24.4693317 7.33944887e-08 -24.7931786
v 20.3618679 5 -24.7931767
v 24.4693317 5 -25.0931778
v 20.3618679 5 -24.7931767
v 20.3618679 5 -25.0931759
v 24.4693317 5 -24.7931786
v 24.4693317 7.33945171e-08 -25.0931778
v 20.3618679 5 -25.0931759
v 20.3618679 -1.71429377e-07 -25.0931759
v 24.4693317 5 -25.0931778
v 14.807744 5.00000048 -24.2451973
v 14.5077429 5.00000048 -24.812891
v 14.8077431 5.00000048 -24.812891
v 14.5077438 5.00000048 -24.2451973
v 14.807744 -2.64185701e-07 -24.2451973
v 14.8077431 5.00000048 -24.812891
v 14.8077431 -3.31860065e-07 -24.812891
v 14.807744 5.00000048 -24.2451973
v 14.5077438 -2.64185701e-07 -24.2451973
v 14.807744 5.00000048 -24.2451973
v 14.807744 -2.64185701e-07 -24.2451973
v 14.5077438 5.00000048 -24.2451973
v 14.5077429 -3.31860065e-07 -24.812891
v 14.5077438 5.00000048 -24.2451973
v 14.5077438 -2.64185701e-07 -24.2451973
v 14.5077429 5.00000048 -24.812891
v 4.7059865 5.00000238 -25.0931778
v 5.00599098 4.99999809 13.4276562
v 4.70599079 4.99999809 13.4276581
v 5.00598669 5.00000238 -25.0931797
v 4.7059865 1.99799706e-06 -25.0931778
v 4.70599079 4.99999809 13.4276581
v 4.70599079 -2.59404374e-06 13.4276571
v 4.7059865 5.00000238 -25.0931778
v 4.70599079 -2.59404374e-06 13.4276571
v 5.00599098 4.99999809 13.4276562
v 5.00599098 -2.59404351e-06 13.4276552
v 4.70599079 4.99999809 13.4276581
v 5.00599098 -2.59404351e-06 13.4276552
v 5.00598669 5.00000238 -25.0931797
v 5.00598669 1.99799729e-06 -25.0931797
v 5.00599098 4.99999809 13.4276562
v 5.00598669 1.99799729e-06 -25.0931797
v 4.7059865 5.00000238 -25.0931778
v 4.7059865 1.99799706e-06 -25.0931778
v 5.00598669 5.00000238 -25.0931797
v 10.7375145 0 -4.29061079
v 10.7375145 5 -4.5906105
v 10.7375145 0 -4.5906105
v 10.7375145 5 -4.29061079
v 10.7375145 0 -4.5906105
v 4.98530102 5 -4.59061384
v 4.98530102 0 -4.59061384
v 10.7375145 5 -4.5906105
v 4.98530006 5 -4.29061413
v 10.7375145 5 -4.5906105
v 10.7375145 5 -4.29061079
v 4.98530102 5 -4.59061384
v 4.98530006 0 -4.29061413
v 10.7375145 5 -4.29061079
v 10.7375145 0 -4.29061079
v 4.98530006 5 -4.29061413
v 7.65690041 0 6.29677677
v 7.65690041 5 6.59677696
v 7.65690041 0 6.59677696
v 7.65690041 5 6.29677677
v 7.65690041 0 6.59677696
v 14.5463667 5 6.5967741
v 14.5463667 0 6.5967741
v 7.65690041 5 6.59677696
v 14.5463667 5 6.29677391
v 7.65690041 5 6.59677696
v 7.65690041 5 6.29677677
v 14.5463667 5 6.5967741
v 14.5463667 0 6.29677391
v 7.65690041 5 6.29677677
v 7.65690041 0 6.29677677
v 14.5463667 5 6.29677391
v 14.5040817 5.00000238 -22.1735001
v 14.8040838 4.99999905 6.92067003
v 14.5040836 4.99999905 6.92066908
v 14.8040819 5.00000238 -22.173502
v 14.5040817 1.99799706e-06 -22.1735001
v 14.5040836 4.99999905 6.92066908
v 14.5040836 -1.47029766e-06 6.9206686
v 14.5040817 5.00000238 -22.1735001
v 14.8040819 1.99799729e-06 -22.173502
v 14.5040817 5.00000238 -22.1735001
v 14.5040817 1.99799706e-06 -22.1735001
v 14.8040819 5.00000238 -22.173502
v 14.8040838 -1.47029778e-06 6.92066956
v 14.8040819 5.00000238 -22.173502
v 14.8040819 1.99799729e-06 -22.173502
v 14.8040838 4.99999905 6.92067003
v 14.5040836 -1.47029766e-06 6.9206686
v 14.8040838 4.99999905 6.92067003
v 14.8040838 -1.47029778e-06 6.92066956
v 14.5040836 4.99999905 6.92066908
v -24.8662624 21.0598183 -42.123024
v -10.9612484 27.8360176 -35.8320999
v -12.4681244 21.0598183 -42.2167473
v -21.8538036 27.8360176 -35.8321037
v 24.8341236 21.0598087 41.9857597
v 10.8596287 27.83601 35.5126228
v 12.409029 21.0598087 41.9857597
v 21.7641048 27.83601 35.5126266
v -24.5662594 21.0598087 42.2857552
v -21.8537998 27.8360119 19.1591434
v -24.5662613 21.0598106 21.1085606
v -21.8537998 27.83601 35.5126152
v -24.5662575 21.0598164 -21.2458267
v -21.8538036 27.8360176 -35.8321037
v -24.5662594 21.0598183 -42.4230232
v -21.8537998 27.8360157 -19.4786339
v 12.3574276 21.0315247 -42.4306488
v 21.7164249 27.8360176 -35.8320923
v 25.0000095 21.0598183 -42.5000038
v 10.8238659 27.8360176 -35.8320961
v -12.4411602 21.0598087 41.9857559
v -21.8537998 27.83601 35.5126152
v -24.8662548 21.0598087 41.9857521
v -10.9493237 27.83601 35.512619
v -24.5662594 21.0598145 -0.0686343312
v -21.8538017 27.8360157 -9.07783413
v -24.5662594 21.0598145 -10.6572313
v -21.8538017 27.8360138 -0.159744129
v -21.8537998 27.8360157 -19.4786339
v -24.5662575 21.0598164 -21.2458267
v -24.5662594 21.0598125 10.5199633
v -21.8538017 27.8360138 8.7583456
v -24.5662613 21.0598106 21.1085606
v -21.8537998 27.8360119 19.1591434
v -0.0542892329 21.0598373 -42.3104439
v 10.8238659 27.8360176 -35.8320961
v 12.3574276 21.0315247 -42.4306488
v -0.0686907619 27.8360176 -35.8320999
v -12.4681244 21.0598183 -42.2167473
v -10.9612484 27.8360176 -35.8320999
v -0.0160661861 21.0598087 41.9857559
v -10.9493237 27.83601 35.512619
v -12.4411602 21.0598087 41.9857559
v -0.0448470302 27.83601 35.512619
v 12.409029 21.0598087 41.9857597
v 10.8596287 27.83601 35.5126228
v 21.7164249 27.8360176 -35.8320923
v -21.8537998 27.83601 35.5126152
v 21.7641048 27.83601 35.5126266
v -21.8538036 27.8360176 -35.8321037
v 21.7164173 27.5503693 -4.89613104
v -21.8537922 27.5503693 8.90406132
v 21.7640934 27.5503693 8.90406704
v -21.853796 27.5503693 -4.89613771
v 21.7164116 27.5503674 21.2974739
v -21.8537922 27.5503654 35.0976677
v 21.7640896 27.5503654 35.0976753
v -21.8537979 27.5503674 21.2974701
v 21.7164135 27.5503731 -34.452198
v -3.76924253 27.5503712 -20.6520081
v 21.7640877 27.5503712 -20.6520061
v -3.76924443 27.5503731 -34.4522018
v -23.9486656 18.62883 41.8634338
v 24.1462345 21.687582 40.4321022
v -23.9486656 21.6895008 40.4362183
v 24.1462345 18.6269093 41.859314
v 21.7641048 27.83601 35.5126266
v 24.7267342 21.0598183 -42.6107368
v 21.7164249 27.8360176 -35.8320923
v 24.8341236 21.0598087 41.9857597
v -13.9663486 2.9571538 10.2539625
v -17.9842834 2.95715356 10.8617525
v -17.9842834 2.9571538 10.2539663
v -13.9663486 2.95715356 10.8617487
v -13.9663486 1.31261118e-08 10.2539616
v -17.9842834 2.9571538 10.2539663
v -17.9842796 1.31256002e-08 10.2539663
v -13.9663486 2.9571538 10.2539625
v -17.9842796 1.31256002e-08 10.2539663
v -17.9842834 2.95715356 10.8617525
v -17.9842796 -5.93281584e-08 10.8617525
v -17.9842834 2.9571538 10.2539663
v -17.9842796 -1.31782144e-07 11.4695406
v -13.9663486 2.95715356 11.4695368
v -13.9663486 -1.31781633e-07 11.4695368
v -17.9842834 2.95715356 11.4695406
v -13.9663486 -1.31781633e-07 11.4695368
v -13.9663486 2.95715356 10.8617487
v -13.9663486 -5.93276468e-08 10.8617477
v -13.9663486 2.95715356 11.4695368
v -17.9842834 2.95715356 10.8617525
v -13.9663486 2.95715356 11.4695368
v -17.9842834 2.95715356 11.4695406
v -13.9663486 2.95715356 10.8617487
v -17.9842796 -5.93281584e-08 10.8617525
v -17.9842834 2.95715356 11.4695406
v -17.9842796 -1.31782144e-07 11.4695406
v -17.9842834 2.95715356 10.8617525
v -13.9663486 -5.93276468e-08 10.8617477
v -13.9663486 2.9571538 10.2539625
v -13.9663486 1.31261118e-08 10.2539616
v -13.9663486 2.95715356 10.8617487
v -20.7269688 2.9571538 7.30327845
v -24.7449036 2.95715356 7.91106939
v -24.7449055 2.9571538 7.30328274
v -20.7269688 2.95715356 7.9110651
v -20.7269688 1.31261118e-08 7.30327845
v -24.7449055 2.9571538 7.30328274
v -24.7449017 1.31256002e-08 7.30328274
v -20.7269688 2.9571538 7.30327845
v -24.7449017 1.31256002e-08 7.30328274
v -24.7449036 2.95715356 7.91106939
v -24.7448997 -5.93281584e-08 7.91106892
v -24.7449055 2.9571538 7.30328274
v -24.7448997 -1.31782144e-07 8.518857
v -20.7269688 2.95715356 8.51885319
v -20.7269688 -1.31781633e-07 8.51885319
v -24.7449036 2.95715356 8.518857
v -20.7269688 -1.31781633e-07 8.51885319
v -20.7269688 2.95715356 7.9110651
v -20.7269688 -5.93276468e-08 7.91106462
v -20.7269688 2.95715356 8.51885319
v -24.7449036 2.95715356 7.91106939
v -20.7269688 2.95715356 8.51885319
v -24.7449036 2.95715356 8.518857
v -20.7269688 2.95715356 7.9110651
v -24.7448997 -5.93281584e-08 7.91106892
v -24.7449036 2.95715356 8.518857
v -24.7448997 -1.31782144e-07 8.518857
v -24.7449036 2.95715356 7.91106939
v -20.7269688 -5.93276468e-08 7.91106462
v -20.7269688 2.9571538 7.30327845
v -20.7269688 1.31261118e-08 7.30327845
v -20.7269688 2.95715356 7.9110651
v 16.319767 2.9571538 8.87323761
v 13.3039112 2.95715356 9.8509264
v 13.3039112 2.9571538 8.87324142
v 16.319767 2.95715356 9.85092258
v 16.319767 5.72217296e-08 8.87323761
v 13.3039112 2.9571538 8.87324142
v 13.303915 5.72212961e-08 8.87324142
v 16.319767 2.9571538 8.87323761
v 13.303915 5.72212961e-08 8.87324142
v 13.3039112 2.95715356 9.8509264
v 13.303915 -5.93277711e-08 9.8509264
v 13.3039112 2.9571538 8.87324142
v 13.303915 -1.75877204e-07 10.8286133
v 16.319767 2.95715356 10.8286104
v 16.319767 -1.75876764e-07 10.8286095
v 13.3039112 2.95715356 10.8286142
v 16.319767 -1.75876764e-07 10.8286095
v 16.319767 2.95715356 9.85092258
v 16.319767 -5.93273377e-08 9.85092258
v 16.319767 2.95715356 10.8286104
v 13.3039112 2.95715356 9.8509264
v 16.319767 2.95715356 10.8286104
v 13.3039112 2.95715356 10.8286142
v 16.319767 2.95715356 9.85092258
v 13.303915 -5.93277711e-08 9.8509264
v 13.3039112 2.95715356 10.8286142
v 13.303915 -1.75877204e-07 10.8286133
v 13.3039112 2.95715356 9.8509264
v 16.319767 -5.93273377e-08 9.85092258
v 16.319767 2.9571538 8.87323761
v 16.319767 5.72217296e-08 8.87323761
v 16.319767 2.95715356 9.85092258
v -13.9507513 2.9571538 3.28541732
v -17.9686852 2.95715356 3.89320779
v -17.9686871 2.9571538 3.28542161
v -13.9507513 2.95715356 3.8932035
v -13.9507513 1.31261118e-08 3.28541684
v -17.9686871 2.9571538 3.28542161
v -17.9686832 1.31256002e-08 3.28542113
v -13.9507513 2.9571538 3.28541732
v -17.9686832 1.31256002e-08 3.28542113
v -17.9686852 2.95715356 3.89320779
v -17.9686813 -5.93281584e-08 3.89320755
v -17.9686871 2.9571538 3.28542161
v -17.9686813 -1.31782144e-07 4.50099564
v -13.9507504 2.95715356 4.50099182
v -13.9507504 -1.31781633e-07 4.50099134
v -17.9686852 2.95715356 4.50099611
v -13.9507504 -1.31781633e-07 4.50099134
v -13.9507513 2.95715356 3.8932035
v -13.9507513 -5.93276468e-08 3.89320326
v -13.9507504 2.95715356 4.50099182
v -17.9686852 2.95715356 3.89320779
v -13.9507504 2.95715356 4.50099182
v -17.9686852 2.95715356 4.50099611
v -13.9507513 2.95715356 3.8932035
v -17.9686813 -5.93281584e-08 3.89320755
v -17.9686852 2.95715356 4.50099611
v -17.9686813 -1.31782144e-07 4.50099564
v -17.9686852 2.95715356 3.89320779
v -13.9507513 -5.93276468e-08 3.89320326
v -13.9507513 2.9571538 3.28541732
v -13.9507513 1.31261118e-08 3.28541684
v -13.9507513 2.95715356 3.8932035
v 9.63769531 3.19982973e-08 22.6538086
v -20.8226585 0.567993522 22.6538086
v -20.8226585 3.19982973e-08 22.6538086
v 9.63769531 0.567993283 22.6538086
v 9.63769531 -6.28044745e-07 28.1906509
v 9.63769531 0.567993283 22.6538086
v 9.63769531 3.19982973e-08 22.6538086
v 9.63769531 0.567992628 28.1906509
v -20.8226585 5.00000048 22.6538086
v -20.8226585 4.66687012 27.1650562
v -20.8226585 4.66687059 22.6538086
v -20.8226585 5 28.1906509
v -20.8226585 4.66687012 27.8217545
v -20.8226585 0.567993522 22.6538086
v -20.8226585 4.66687012 27.8217545
v -20.8226585 3.19982973e-08 22.6538086
v -20.8226585 4.66687012 27.1650562
v -20.8226585 4.66687059 22.6538086
v 9.63769531 5.00000048 22.6538086
v -20.8226585 5.00000048 22.6538086
v 9.63769531 4.66687059 22.6538086
v 9.63769531 4.66687059 22.6538086
v 9.63769531 5 28.1906509
v 9.63769531 5.00000048 22.6538086
v 9.63769531 4.66687012 28.1906509
v -20.8226585 5.00000048 22.6538086
v 9.63769531 5 28.1906509
v -20.8226585 5 28.1906509
v 9.63769531 5.00000048 22.6538086
v -20.8226585 4.66687012 27.1650562
v -20.8226585 0.567993522 22.6538086
v -20.8226585 4.66687059 22.6538086
v -20.8226585 0.567993522 22.6538086
v 9.63769531 4.66687059 22.6538086
v -20.8226585 4.66687059 22.6538086
v 9.63769531 0.567993283 22.6538086
v 9.63769531 0.567993283 22.6538086
v 9.63769531 4.66687012 28.1906509
v 9.63769531 4.66687059 22.6538086
v 9.63769531 0.567992628 28.1906509
v -20.9286156 7.99401665 35.166317
v -17.3617363 7.99401665 37.122509
v -21.1787281 7.99401665 36.0997505
v -17.1116238 7.99401665 36.1890755
v -20.9286156 4.98962212 35.166317
v -21.1787281 7.99401665 36.0997505
v -21.1787281 4.98962212 36.0997505
v -20.9286156 7.99401665 35.166317
v -21.4288406 4.98962212 37.0331841
v -17.6118488 7.99401665 38.0559425
v -17.6118488 4.98962212 38.0559425
v -21.4288406 7.99401665 37.0331841
v -17.6118488 4.98962212 38.0559425
v -17.3617363 7.99401665 37.122509
v -17.3617363 4.98962212 37.122509
v -17.6118488 7.99401665 38.0559425
v -17.1116238 4.98962212 36.1890755
v -20.9286156 7.99401665 35.166317
v -20.9286156 4.98962212 35.166317
v -17.1116238 7.99401665 36.1890755
v -21.1787281 7.99401665 36.0997505
v -17.6118488 7.99401665 38.0559425
v -21.4288406 7.99401665 37.0331841
v -17.3617363 7.99401665 37.122509
v -21.1787281 4.98962212 36.0997505
v -21.4288406 7.99401665 37.0331841
v -21.4288406 4.98962212 37.0331841
v -21.1787281 7.99401665 36.0997505
v -17.3617363 4.98962212 37.122509
v -17.1116238 7.99401665 36.1890755
v -17.1116238 4.98962212 36.1890755
v -17.3617363 7.99401665 37.122509
v -12.966258 2.9571538 -6.70550966
v -16.9841919 2.95715356 -6.09771872
v -16.9841938 2.9571538 -6.70550537
v -12.966258 2.95715356 -6.09772301
v -12.966258 1.31261118e-08 -6.70550966
v -16.9841938 2.9571538 -6.70550537
v -16.98419 1.31256002e-08 -6.70550537
v -12.966258 2.9571538 -6.70550966
v -16.98419 1.31256002e-08 -6.70550537
v -16.9841919 2.95715356 -6.09771872
v -16.9841881 -5.93281584e-08 -6.09771919
v -16.9841938 2.9571538 -6.70550537
v -16.9841881 -1.31782144e-07 -5.48993111
v -12.9662571 2.95715356 -5.48993492
v -12.9662571 -1.31781633e-07 -5.4899354
v -16.9841919 2.95715356 -5.48993063
v -12.9662571 -1.31781633e-07 -5.4899354
v -12.966258 2.95715356 -6.09772301
v -12.966258 -5.93276468e-08 -6.09772348
v -12.9662571 2.95715356 -5.48993492
v -16.9841919 2.95715356 -6.09771872
v -12.9662571 2.95715356 -5.48993492
v -16.9841919 2.95715356 -5.48993063
v -12.966258 2.95715356 -6.09772301
v -16.9841881 -5.93281584e-08 -6.09771919
v -16.9841919 2.95715356 -5.48993063
v -16.9841881 -1.31782144e-07 -5.48993111
v -16.9841919 2.95715356 -6.09771872
v -12.966258 -5.93276468e-08 -6.09772348
v -12.966258 2.9571538 -6.70550966
v -12.966258 1.31261118e-08 -6.70550966
v -12.966258 2.95715356 -6.09772301
v -26.367918 7.99401665 29.5083809
v -22.3008137 7.99401665 29.4190521
v -26.1178055 7.99401665 30.4418144
v -22.5509262 7.99401665 28.4856205
v -25.8676949 4.98962212 31.375246
v -22.0507011 7.99401665 30.3524857
v -22.050703 4.98962212 30.3524857
v -25.8676929 7.99401665 31.375246
v -22.050703 4.98962212 30.3524857
v -22.3008137 7.99401665 29.4190521
v -22.3008156 4.98962212 29.4190521
v -22.0507011 7.99401665 30.3524857
v -22.5509262 4.98962212 28.4856205
v -26.367918 7.99401665 29.5083809
v -26.367918 4.98962212 29.5083809
v -22.5509262 7.99401665 28.4856205
v -26.1178055 7.99401665 30.4418144
v -22.0507011 7.99401665 30.3524857
v -25.8676929 7.99401665 31.375246
v -22.3008137 7.99401665 29.4190521
v -22.3008156 4.98962212 29.4190521
v -22.5509262 7.99401665 28.4856205
v -22.5509262 4.98962212 28.4856205
v -22.3008137 7.99401665 29.4190521
v -18.2397251 2.9571538 -2.67816377
v -22.2576599 2.95715356 -2.0703733
v -22.2576618 2.9571538 -2.67815948
v -18.2397251 2.95715356 -2.07037759
v -18.2397251 1.31261118e-08 -2.67816424
v -22.2576618 2.9571538 -2.67815948
v -22.257658 1.31256002e-08 -2.67815995
v -18.2397251 2.9571538 -2.67816377
v -22.257658 1.31256002e-08 -2.67815995
v -22.2576599 2.95715356 -2.0703733
v -22.2576561 -5.93281584e-08 -2.07037354
v -22.2576618 2.9571538 -2.67815948
v -22.2576561 -1.31782144e-07 -1.46258545
v -18.2397251 2.95715356 -1.46258938
v -18.2397251 -1.31781633e-07 -1.46258974
v -22.2576599 2.95715356 -1.46258509
v -18.2397251 -1.31781633e-07 -1.46258974
v -18.2397251 2.95715356 -2.07037759
v -18.2397251 -5.93276468e-08 -2.07037783
v -18.2397251 2.95715356 -1.46258938
v -22.2576599 2.95715356 -2.0703733
v -18.2397251 2.95715356 -1.46258938
v -22.2576599 2.95715356 -1.46258509
v -18.2397251 2.95715356 -2.07037759
v -22.2576561 -5.93281584e-08 -2.07037354
v -22.2576599 2.95715356 -1.46258509
v -22.2576561 -1.31782144e-07 -1.46258545
v -22.2576599 2.95715356 -2.0703733
v -18.2397251 -5.93276468e-08 -2.07037783
v -18.2397251 2.9571538 -2.67816377
v -18.2397251 1.31261118e-08 -2.67816424
v -18.2397251 2.95715356 -2.07037759
v 22.7898331 5.06639481e-06 -42.5000038
v 20.5796661 4.58394061e-06 -38.4528847
v 20.5796661 5.06639481e-06 -42.5000038
v 22.789917 -4.79948812e-06 40.2610283
v 21.7620831 -10.7595205 -22.316288
v 21.6074543 -10.7595205 -22.033144
v 21.6074543 -10.7595205 -22.316288
v 21.7620888 -10.7595205 -16.5261497
v 25 -5.06639481e-06 42.5000038
v 25 5.06639481e-06 -42.5000038
v 12.7042418 0.0917965397 20.7343616
v 19.1723003 0.091796875 19.6972427
v 18.511488 0.0917965397 22.2429695
v 13.3652763 0.091796875 18.1877766
v 12.7042418 0.0917965397 20.7343616
v 13.4110136 1.11758709e-08 18.0115776
v 13.3652763 0.091796875 18.1877766
v 12.6572618 -3.6880374e-07 20.9153442
v 19.1723003 0.091796875 19.6972427
v 18.4647942 -3.6880374e-07 22.4228477
v 18.511488 0.0917965397 22.2429695
v 19.2185459 1.11758407e-08 19.5190811
v -3.05423689 0.0024107208 -5.54802608
v -9.05423737 3.00000024 -5.55216885
v -9.05423737 -1.67608903e-07 -5.55216885
v -3.05423689 3.00000024 -5.55216885
v -9.05423737 2.77905297 -5.36422348
v -3.05423689 0.0917966962 -5.36810255
v -9.05423737 0.0917966962 -5.37013006
v -3.05423689 2.76847887 -5.36417913
v -3.05423689 0.0024107208 -5.54802608
v -3.05423689 2.76847887 -5.36417913
v -3.05423689 3.00000024 -5.55216885
v -3.05423689 0.0917966962 -5.36810255
v -9.05423737 3.00000024 -5.55216885
v -9.05423737 0.0917966962 -5.37013006
v -9.05423737 -1.67608903e-07 -5.55216885
v -9.05423737 2.77905297 -5.36422348
v -9.05423737 -1.90016351e-07 -2.55216908
v -3.05423689 3.00000024 -2.55216861
v -3.05423689 0.00241069961 -2.55686259
v -9.05423737 3.00000024 -2.55216861
v -9.05423737 0.0917967185 -2.73915029
v -3.05423689 2.76847887 -2.73901677
v -9.05423737 2.77905297 -2.74011374
v -3.05423689 0.0917967185 -2.73800898
v -3.05423689 3.00000024 -2.55216861
v -3.05423689 0.0917967185 -2.73800898
v -3.05423689 0.00241069961 -2.55686259
v -3.05423689 2.76847887 -2.73901677
v -9.05423737 -1.90016351e-07 -2.55216908
v -9.05423737 2.77905297 -2.74011374
v -9.05423737 3.00000024 -2.55216861
v -9.05423737 0.0917967185 -2.73915029
v 19.2185459 3.00000024 19.5190811
v 12.6572628 2.99999976 20.9153442
v 13.4110136 3.00000024 18.0115776
v 18.4647942 2.99999976 22.4228477
v 12.704484 2.7790525 20.733429
v 19.1713142 2.76847887 19.7010403
v 13.3637924 2.77905297 18.1934948
v 18.5117397 2.76847839 22.241993
v 12.6572628 2.99999976 20.9153442
v 13.3637924 2.77905297 18.1934948
v 13.4110136 3.00000024 18.0115776
v 12.704484 2.7790525 20.733429
v 19.2185459 3.00000024 19.5190811
v 18.5117397 2.76847839 22.241993
v 18.4647942 2.99999976 22.4228477
v 19.1713142 2.76847887 19.7010403
v 19.2185459 -1.66908535e-07 19.5190811
v 13.4110136 3.00000024 18.0115776
v 13.4110136 -1.66908492e-07 18.0115776
v 19.2185459 3.00000024 19.5190811
v 13.3637924 2.77905297 18.1934948
v 19.1723003 0.0917966962 19.6972427
v 13.3652763 0.0917966962 18.1877766
v 19.1713142 2.76847887 19.7010403
v 19.2185459 -1.66908535e-07 19.5190811
v 19.1713142 2.76847887 19.7010403
v 19.2185459 3.00000024 19.5190811
v 19.1723003 0.0917966962 19.6972427
v 13.4110136 3.00000024 18.0115776
v 13.3652763 0.0917966962 18.1877766
v 13.4110136 -1.66908492e-07 18.0115776
v 13.3637924 2.77905297 18.1934948
v -4.091084 -3.28366525e-07 -25.4447365
v -4.0910821 3.11697793 -27.836834
v -4.0910821 -4.32062706e-08 -27.836834
v -4.091084 3.11697769 -25.4447365
v -4.0910821 3.11697793 -27.836834
v -4.75595331 -4.32062848e-08 -27.836834
v -4.0910821 -4.32062706e-08 -27.836834
v -4.75595331 3.11697793 -27.836834
v -4.091084 3.11697769 -25.4447365
v -4.75595331 3.11697793 -27.836834
v -4.0910821 3.11697793 -27.836834
v -4.75595522 3.11697769 -25.4447365
v -4.091084 -3.28366525e-07 -25.4447365
v -4.75595522 3.11697769 -25.4447365
v -4.091084 3.11697769 -25.4447365
v -4.75595522 -3.28366525e-07 -25.4447365
v 12.6572618 -1.90716406e-07 20.9153442
v 18.4647942 3.00000024 22.4228477
v 18.4647942 -1.90716406e-07 22.4228477
v 12.6572618 3.00000024 20.9153442
v 12.7042418 0.0917967185 20.7343597
v 18.5117397 2.76847887 22.241993
v 12.704484 2.77905297 20.733427
v 18.511488 0.0917967185 22.2429695
v 18.4647942 3.00000024 22.4228477
v 18.511488 0.0917967185 22.2429695
v 18.4647942 -1.90716406e-07 22.4228477
v 18.5117397 2.76847887 22.241993
v 12.6572618 -1.90716406e-07 20.9153442
v 12.704484 2.77905297 20.733427
v 12.6572618 3.00000024 20.9153442
v 12.7042418 0.0917967185 20.7343597
v -3.05423689 3.00000024 -5.55216885
v -9.05423737 2.99999976 -2.55216861
v -9.05423737 3.00000024 -5.55216885
v -3.05423689 2.99999976 -2.55216861
v -9.05423737 2.7790525 -2.74011374
v -3.05423689 2.76847887 -5.36417961
v -9.05423737 2.77905297 -5.36422396
v -3.05423689 2.76847839 -2.73901677
v -9.05423737 2.99999976 -2.55216861
v -9.05423737 2.77905297 -5.36422396
v -9.05423737 3.00000024 -5.55216885
v -9.05423737 2.7790525 -2.74011374
v -3.05423689 3.00000024 -5.55216885
v -3.05423689 2.76847839 -2.73901677
v -3.05423689 2.99999976 -2.55216861
v -3.05423689 2.76847887 -5.36417961
v -0.967888951 5.99108696 37.5428391
v -0.396710247 5.99108648 39.4755592
v -0.967889667 5.99108648 39.4755592
v -0.396709621 5.99108696 37.5428391
v -0.967888951 4.98962164 37.5428391
v -0.967889667 5.99108648 39.4755592
v -0.96789062 4.98962164 39.4755592
v -0.967888951 5.99108696 37.5428391
v -0.3967112 4.98962164 39.4755592
v -0.396709621 5.99108696 37.5428391
v -0.396709621 4.98962164 37.5428391
v -0.396710247 5.99108648 39.4755592
v -9.40616417 0.969482422 -38.1587906
v -12.5557671 0.969482243 -37.5876083
v -12.5557671 0.969482243 -38.1587906
v -9.40616417 0.969482422 -37.5876083
v -9.40616417 -0.0319824293 -38.1587906
v -12.5557671 0.969482243 -38.1587906
v -12.5557671 -0.0319826156 -38.1587906
v -9.40616417 0.969482422 -38.1587906
v -12.5557671 -0.0319826156 -37.5876122
v -9.40616417 0.969482422 -37.5876083
v -9.40616417 -0.0319824293 -37.5876083
v -12.5557671 0.969482243 -37.5876083
v -9.09771061 5.99108696 32.3515396
v -8.52653217 5.99108648 34.2842598
v -9.09771156 5.99108648 34.2842598
v -8.52653122 5.99108696 32.3515396
v -9.09771061 4.98962164 32.3515396
v -9.09771156 5.99108648 34.2842598
v -9.09771252 4.98962164 34.2842598
v -9.09771061 5.99108696 32.3515396
v -8.52653313 4.98962164 34.2842598
v -8.52653122 5.99108696 32.3515396
v -8.52653122 4.98962164 32.3515396
v -8.52653217 5.99108648 34.2842598
v 16.7813969 0.969482422 -38.1587906
v 13.9760933 0.969482243 -37.5876083
v 13.9760933 0.969482243 -38.1587906
v 16.7813969 0.969482422 -37.5876083
v 16.7813969 -0.031982448 -38.1587906
v 13.9760933 0.969482243 -38.1587906
v 13.9760933 -0.0319826156 -38.1587906
v 16.7813969 0.969482422 -38.1587906
v 13.9760933 -0.0319826156 -37.5876122
v 16.7813969 0.969482422 -37.5876083
v 16.7813969 -0.031982448 -37.5876083
v 13.9760933 0.969482243 -37.5876083
v 8.88519955 5.99108696 34.4142494
v 9.45637798 5.99108648 35.9946518
v 8.88519859 5.99108648 35.9946518
v 9.45637894 5.99108696 34.4142494
v 8.88519955 4.98962164 34.4142494
v 8.88519859 5.99108648 35.9946518
v 8.88519764 4.98962164 35.9946518
v 8.88519955 5.99108696 34.4142494
v 9.45637703 4.98962164 35.9946518
v 9.45637894 5.99108696 34.4142494
v 9.45637894 4.98962164 34.4142494
v 9.45637798 5.99108648 35.9946518
v 18.0858574 1.00146484 31.328146
v 18.6570358 1.00146461 33.2608681
v 18.0858574 1.00146461 33.2608681
v 18.6570358 1.00146484 31.328146
v 18.0858574 -9.45272518e-08 31.328146
v 18.0858574 1.00146461 33.2608681
v 18.0858555 -3.24925452e-07 33.2608681
v 18.0858574 1.00146484 31.328146
v 18.6570358 -3.24925423e-07 33.2608681
v 18.6570358 1.00146484 31.328146
v 18.6570358 -9.45272376e-08 31.328146
v 18.6570358 1.00146461 33.2608681
v -16.5872746 5.99108696 38.292923
v -16.0160961 5.99108648 40.2256432
v -16.5872746 5.99108648 40.2256432
v -16.0160961 5.99108696 38.292923
v -16.5872746 4.98962164 38.292923
v -16.5872746 5.99108648 40.2256432
v -16.5872765 4.98962164 40.2256432
v -16.5872746 5.99108696 38.292923
v -16.0160961 4.98962164 40.2256432
v -16.0160961 5.99108696 38.292923
v -16.0160961 4.98962164 38.292923
v -16.0160961 5.99108648 40.2256432
v 23.7326565 1.54332884e-06 -25.1127377
v 23.7326641 24.2751465 13.4276552
v 23.7326641 -3.051043e-06 13.4276514
v 23.7326488 24.2751503 -25.1127338
v 23.7326641 -3.051043e-06 13.4276514
v 24.8125706 21.0598145 13.4276543
v 24.8125706 -3.051043e-06 13.4276514
v 23.7326641 24.2751465 13.4276552
v 24.812561 1.54332884e-06 -25.1127377
v 23.7326488 24.2751503 -25.1127338
v 23.7326565 1.54332884e-06 -25.1127377
v 24.8125553 21.0598183 -25.1127357
v 23.7326565 -4.24316681e-07 19.057127
v 23.7326584 24.2751465 36.2134209
v 23.7326584 -2.46950594e-06 36.2134209
v 23.7326488 24.2751484 19.0571308
v 23.7326584 -2.46950594e-06 36.2134209
v 24.8125648 21.0598145 36.2134209
v 24.8125648 -2.46950572e-06 36.2134171
v 23.7326584 24.2751465 36.2134209
v 24.812561 -4.24316681e-07 19.057127
v 23.7326488 24.2751484 19.0571308
v 23.7326565 -4.24316681e-07 19.057127
v 24.8125553 21.0598164 19.0571308
v -3.93182802 4.69202757 -27.4753723
v -3.93182611 3.88820934 -25.9669724
v -3.93182611 4.69202709 -25.9669724
v -3.93182802 3.88820958 -27.4753723
v -3.93182611 3.88820934 -25.9669724
v -4.74588823 4.69202709 -25.9669704
v -3.93182611 4.69202709 -25.9669724
v -4.74588823 3.88820934 -25.9669724
v -3.93182802 3.88820958 -27.4753723
v -4.74588823 3.88820934 -25.9669724
v -3.93182611 3.88820934 -25.9669724
v -4.74589014 3.88820958 -27.4753704
v -3.93182802 4.69202757 -27.4753723
v -4.74589014 3.88820958 -27.4753704
v -3.93182802 3.88820958 -27.4753723
v -4.74589014 4.69202757 -27.4753704
v -0.932456434 8.99328423 34.9626007
v -5.34945202 8.99328423 35.5376854
v -5.3494525 8.99328423 34.9625969
v -0.932456315 8.99328423 35.5376854
v -5.3494525 6.99145317 34.9625969
v -0.932456434 8.99328423 34.9626007
v -5.3494525 8.99328423 34.9625969
v -0.932456434 6.99145317 34.9626007
v -5.34945202 6.99145317 35.5376854
v -5.3494525 8.99328423 34.9625969
v -5.34945202 8.99328423 35.5376854
v -5.3494525 6.99145317 34.9625969
v -0.932456315 6.99145317 35.5376854
v -5.34945202 8.99328423 35.5376854
v -0.932456315 8.99328423 35.5376854
v -5.34945202 6.99145317 35.5376854
v -0.932456434 4.98962212 34.9626007
v -5.3494525 4.98962212 34.9625969
v -5.3494525 4.98962212 34.9625969
v -5.34945202 4.98962212 35.5376854
v -5.34945202 4.98962212 35.5376854
v -0.932456315 4.98962212 35.5376854
v -1.27772808 3.97167969 -38.162693
v -9.43794632 3.97167969 -37.5876122
v -9.43794632 3.97167969 -38.1626968
v -1.27772808 3.97167969 -37.5876083
v -9.43794632 1.96984863 -38.1626968
v -1.27772808 3.97167969 -38.162693
v -9.43794632 3.97167969 -38.1626968
v -1.27772808 1.96984863 -38.162693
v -9.43794632 1.96984863 -37.5876122
v -9.43794632 3.97167969 -38.1626968
v -9.43794632 3.97167969 -37.5876122
v -9.43794632 1.96984863 -38.1626968
v -1.27772808 1.96984863 -37.5876083
v -9.43794632 3.97167969 -37.5876122
v -1.27772808 3.97167969 -37.5876083
v -9.43794632 1.96984863 -37.5876122
v -1.27772808 1.96984863 -38.162693
v -1.27772808 3.97167969 -37.5876083
v -1.27772808 3.97167969 -38.162693
v -1.27772808 1.96984863 -37.5876083
v -1.27772808 -0.0319824219 -38.162693
v -9.43794632 -0.0319824219 -38.1626968
v -9.43794632 -0.0319824219 -38.1626968
v -9.43794632 -0.0319824219 -37.5876122
v -9.43794632 -0.0319824219 -37.5876122
v -1.27772808 -0.0319824219 -37.5876083
v -1.27772808 -0.0319824219 -37.5876083
v -1.27772808 -0.0319824219 -38.162693
v 8.88129425 6.26879644 35.9721146
v 9.45637798 6.26879597 38.9532585
v 8.88129234 6.26879597 38.9532585
v 9.45637989 6.26879644 35.9721146
v 8.88129425 4.98962164 35.9721146
v 8.88129234 6.26879597 38.9532585
v 8.88129234 4.98962116 38.9532585
v 8.88129425 6.26879644 35.9721146
v 8.88129234 4.98962116 38.9532585
v 9.45637798 6.26879597 38.9532585
v 9.45637798 4.98962116 38.9532585
v 8.88129234 6.26879597 38.9532585
v 9.45637798 4.98962116 38.9532585
v 9.45637989 6.26879644 35.9721146
v 9.45637989 4.98962164 35.9721146
v 9.45637798 6.26879597 38.9532585
v 9.45637989 4.98962164 35.9721146
v 8.88129425 6.26879644 35.9721146
v 8.88129425 4.98962164 35.9721146
v 9.45637989 6.26879644 35.9721146
v -16.5911789 8.99328423 40.2031059
v -16.0160942 8.99328423 42.2923622
v -16.5911808 8.99328423 42.2923622
v -16.0160942 8.99328423 40.2031059
v -16.5911808 6.99145269 42.2923622
v -16.5911789 8.99328423 40.2031059
v -16.5911808 8.99328423 42.2923622
v -16.5911789 6.99145269 40.2031059
v -16.0160942 6.99145269 40.2031059
v -16.0160942 8.99328423 42.2923622
v -16.0160942 8.99328423 40.2031059
v -16.0160942 6.99145269 42.2923622
v -16.5911789 6.99145269 40.2031059
v -16.0160942 8.99328423 40.2031059
v -16.5911789 8.99328423 40.2031059
v -16.0160942 6.99145269 40.2031059
v -16.5911789 4.98962164 40.2031059
v -16.5911808 4.98962116 42.2923622
v -16.0160942 4.98962116 42.2923622
v -16.0160942 4.98962164 40.2031059
v -16.0160942 4.98962164 40.2031059
v -16.5911789 4.98962164 40.2031059
v -8.54244518 8.99328423 31.3499393
v -4.12544918 8.99328423 30.7748547
v -4.12544918 8.99328423 31.3499413
v -8.54244518 8.99328423 30.7748528
v -4.12544918 6.99145317 31.3499413
v -8.54244518 8.99328423 31.3499393
v -4.12544918 8.99328423 31.3499413
v -8.54244518 6.99145317 31.3499393
v -4.12544918 6.99145317 30.7748547
v -4.12544918 8.99328423 31.3499413
v -4.12544918 8.99328423 30.7748547
v -4.12544918 6.99145317 31.3499413
v -8.54244518 6.99145317 30.7748528
v -4.12544918 8.99328423 30.7748547
v -8.54244518 8.99328423 30.7748528
v -4.12544918 6.99145317 30.7748547
v -8.54244518 4.98962212 31.3499393
v -4.12544918 4.98962212 31.3499413
v -4.12544918 4.98962212 31.3499413
v -4.12544918 4.98962212 30.7748547
v -4.12544918 4.98962212 30.7748547
v -8.54244518 4.98962212 30.7748528
v 8.84742546 6.26879692 23.0426369
v 2.93212485 6.26879692 23.6177197
v 2.93212461 6.26879692 23.042635
v 8.84742546 6.26879692 23.6177216
v 8.84742928 4.98962212 23.0426369
v 2.93212461 6.26879692 23.042635
v 2.93212271 4.98962212 23.042635
v 8.84742546 6.26879692 23.0426369
v 2.93212295 4.98962212 23.6177197
v 8.84742546 6.26879692 23.6177216
v 8.84742928 4.98962212 23.6177216
v 2.93212485 6.26879692 23.6177197
v 8.84742928 4.98962212 23.6177216
v 8.84742546 6.26879692 23.0426369
v 8.84742928 4.98962212 23.0426369
v 8.84742546 6.26879692 23.6177216
v 2.93212271 4.98962212 23.042635
v 2.93212485 6.26879692 23.6177197
v 2.93212295 4.98962212 23.6177197
v 2.93212461 6.26879692 23.042635
v 18.0819511 4.00366354 24.5081387
v 18.6570358 4.00366259 31.3599281
v 18.0819492 4.00366259 31.3599281
v 18.6570358 4.00366354 24.5081387
v 18.0819492 2.00183129 31.3599281
v 18.0819511 4.00366354 24.5081387
v 18.0819492 4.00366259 31.3599281
v 18.0819511 2.00183201 24.5081387
v 18.6570358 2.00183129 31.3599281
v 18.0819492 4.00366259 31.3599281
v 18.6570358 4.00366259 31.3599281
v 18.0819492 2.00183129 31.3599281
v 18.6570358 2.00183201 24.5081387
v 18.6570358 4.00366259 31.3599281
v 18.6570358 4.00366354 24.5081387
v 18.6570358 2.00183129 31.3599281
v 18.0819511 2.00183201 24.5081387
v 18.6570358 4.00366354 24.5081387
v 18.0819511 4.00366354 24.5081387
v 18.6570358 2.00183201 24.5081387
v 18.0819511 7.18480919e-07 24.5081387
v 18.0819492 -9.83159794e-08 31.3599281
v 18.0819492 -9.83159794e-08 31.3599281
v 18.6570358 -9.83159651e-08 31.3599281
v 18.6570358 -9.83159651e-08 31.3599281
v 18.6570358 7.18480919e-07 24.5081387
v 18.6570358 7.18480919e-07 24.5081387
v 18.0819511 7.18480919e-07 24.5081387
v -0.97179389 8.99328423 39.453022
v -0.396709293 8.99328423 42.0293388
v -0.971794844 8.99328423 42.0293388
v -0.396708339 8.99328423 39.453022
v -0.971794844 6.99145269 42.0293388
v -0.97179389 8.99328423 39.453022
v -0.971794844 8.99328423 42.0293388
v -0.97179389 6.99145269 39.453022
v -0.396708339 6.99145269 39.453022
v -0.396709293 8.99328423 42.0293388
v -0.396708339 8.99328423 39.453022
v -0.396709293 6.99145269 42.0293388
v -0.97179389 6.99145269 39.453022
v -0.396708339 8.99328423 39.453022
v -0.97179389 8.99328423 39.453022
v -0.396708339 6.99145269 39.453022
v -0.97179389 4.98962164 39.453022
v -0.971794844 4.98962116 42.0293388
v -0.396709293 4.98962116 42.0293388
v -0.396708339 4.98962164 39.453022
v -0.396708339 4.98962164 39.453022
v -0.97179389 4.98962164 39.453022
v 20.7028179 3.97167969 -38.162693
v 16.7496147 3.97167969 -37.5876122
v 16.7496147 3.97167969 -38.1626968
v 20.7028179 3.97167969 -37.5876083
v 16.7496147 1.96984863 -38.1626968
v 20.7028179 3.97167969 -38.162693
v 16.7496147 3.97167969 -38.1626968
v 20.7028179 1.96984863 -38.162693
v 16.7496147 1.96984863 -37.5876122
v 16.7496147 3.97167969 -38.1626968
v 16.7496147 3.97167969 -37.5876122
v 16.7496147 1.96984863 -38.1626968
v 20.7028179 1.96984863 -37.5876083
v 16.7496147 3.97167969 -37.5876122
v 20.7028179 3.97167969 -37.5876083
v 16.7496147 1.96984863 -37.5876122
v 20.7028179 1.96984863 -38.162693
v 20.7028179 3.97167969 -37.5876083
v 20.7028179 3.97167969 -38.162693
v 20.7028179 1.96984863 -37.5876083
v 20.7028179 -0.0319824219 -38.162693
v 16.7496147 -0.0319824219 -38.1626968
v 16.7496147 -0.0319824219 -38.1626968
v 16.7496147 -0.0319824219 -37.5876122
v 16.7496147 -0.0319824219 -37.5876122
v 20.7028179 -0.0319824219 -37.5876083
v 20.7028179 -0.0319824219 -37.5876083
v 20.7028179 -0.0319824219 -38.162693
v -9.10161591 8.99328423 34.2617226
v -8.52653217 8.99328327 39.4047089
v -9.10161781 8.99328327 39.4047089
v -8.52653027 8.99328423 34.2617226
v -9.10161781 6.99145222 39.4047089
v -9.10161591 8.99328423 34.2617226
v -9.10161781 8.99328327 39.4047089
v -9.10161591 6.99145269 34.2617226
v -8.52653217 6.99145222 39.4047089
v -9.10161781 8.99328327 39.4047089
v -8.52653217 8.99328327 39.4047089
v -9.10161781 6.99145222 39.4047089
v -8.52653027 6.99145269 34.2617226
v -8.52653217 8.99328327 39.4047089
v -8.52653027 8.99328423 34.2617226
v -8.52653217 6.99145222 39.4047089
v -9.10161591 6.99145269 34.2617226
v -8.52653027 8.99328423 34.2617226
v -9.10161591 8.99328423 34.2617226
v -8.52653027 6.99145269 34.2617226
v -9.10161591 4.98962164 34.2617226
v -9.10161781 4.98962069 39.4047089
v -9.10161781 4.98962069 39.4047089
v -8.52653217 4.98962069 39.4047089
v -8.52653217 4.98962069 39.4047089
v -8.52653027 4.98962164 34.2617226
v -8.52653027 4.98962164 34.2617226
v -9.10161591 4.98962164 34.2617226
v 18.081953 4.00366211 33.2383308
v 18.6570358 4.00366163 39.4816055
v 18.0819511 4.00366163 39.4816055
v 18.6570377 4.00366211 33.2383308
v 18.0819511 2.00183034 39.4816055
v 18.081953 4.00366211 33.2383308
v 18.0819511 4.00366163 39.4816055
v 18.081953 2.00183105 33.2383308
v 18.6570358 2.00183034 39.4816055
v 18.0819511 4.00366163 39.4816055
v 18.6570358 4.00366163 39.4816055
v 18.0819511 2.00183034 39.4816055
v 18.6570377 2.00183105 33.2383308
v 18.6570358 4.00366163 39.4816055
v 18.6570377 4.00366211 33.2383308
v 18.6570358 2.00183034 39.4816055
v 18.081953 2.00183105 33.2383308
v 18.6570377 4.00366211 33.2383308
v 18.081953 4.00366211 33.2383308
v 18.6570377 2.00183105 33.2383308
v 18.081953 -3.22238805e-07 33.2383308
v 18.0819511 -1.06649532e-06 39.4816055
v 18.0819511 -1.06649532e-06 39.4816055
v 18.6570358 -1.06649532e-06 39.4816055
v 18.6570358 -1.06649532e-06 39.4816055
v 18.6570377 -3.22238776e-07 33.2383308
v 18.6570377 -3.22238776e-07 33.2383308
v 18.081953 -3.22238805e-07 33.2383308
v -9.08310795 8.99328423 36.2936554
v -13.500104 8.99328423 36.8687363
v -13.500104 8.99328423 36.2936516
v -9.08310795 8.99328423 36.8687401
v -13.500104 6.99145317 36.2936516
v -9.08310795 8.99328423 36.2936554
v -13.500104 8.99328423 36.2936516
v -9.08310795 6.99145317 36.2936554
v -13.500104 6.99145317 36.8687363
v -13.500104 8.99328423 36.2936516
v -13.500104 8.99328423 36.8687363
v -13.500104 6.99145317 36.2936516
v -9.08310795 6.99145317 36.8687401
v -13.500104 8.99328423 36.8687363
v -9.08310795 8.99328423 36.8687401
v -13.500104 6.99145317 36.8687363
v -9.08310795 4.98962212 36.2936554
v -13.500104 4.98962212 36.2936516
v -13.500104 4.98962212 36.2936516
v -13.500104 4.98962212 36.8687363
v -13.500104 4.98962212 36.8687363
v -9.08310795 4.98962212 36.8687401
v 8.8812933 6.26879787 25.0307369
v 9.45637798 6.26879692 34.4460335
v 8.88129234 6.26879692 34.4460335
v 9.45637894 6.26879787 25.0307369
v 8.8812933 4.98962307 25.0307331
v 8.88129234 6.26879692 34.4460335
v 8.88129234 4.98962164 34.4460335
v 8.8812933 6.26879787 25.0307369
v 8.88129234 4.98962164 34.4460335
v 9.45637798 6.26879692 34.4460335
v 9.45637798 4.98962164 34.4460335
v 8.88129234 6.26879692 34.4460335
v 9.45637798 4.98962164 34.4460335
v 9.45637894 6.26879787 25.0307369
v 9.45637894 4.98962307 25.0307331
v 9.45637798 6.26879692 34.4460335
v 9.45637894 4.98962307 25.0307331
v 8.8812933 6.26879787 25.0307369
v 8.8812933 4.98962307 25.0307331
v 9.45637894 6.26879787 25.0307369
v -16.9759674 25.3117161 -17.908699
v -4.91875219 26.5336876 -19.5081882
v -4.91875219 25.3117142 -17.9087029
v -16.9759693 26.5336895 -19.5081844
v -4.91875219 25.3117142 -17.9087029
v -16.9759674 25.3117161 -19.5081863
v -16.9759674 25.3117161 -17.908699
v -4.91875219 25.3117142 -19.5081882
v -4.91875219 25.3117142 -17.9087029
v -4.91875219 26.5336876 -19.5081882
v -4.91875219 25.3117142 -19.5081882
v -16.9759674 25.3117161 -17.908699
v -16.9759674 25.3117161 -19.5081863
v -16.9759693 26.5336895 -19.5081844
v -5.03377867 20.6004543 -19.0655212
v -16.8609428 21.4340286 -18.5639629
v -5.03377867 21.4340286 -18.5639668
v -16.8609428 20.6004543 -19.0655155
v -5.03377867 21.4340286 -18.5639668
v -5.03377867 20.6004543 -19.6248474
v -5.03377867 20.6004543 -19.0655212
v -5.03377867 21.4340286 -19.6248455
v -16.8609428 21.4340286 -18.5639629
v -5.03377867 21.4340286 -19.6248455
v -5.03377867 21.4340286 -18.5639668
v -16.8609428 21.4340286 -19.6248417
v -16.8609428 20.6004543 -19.0655155
v -16.8609428 21.4340286 -19.6248417
v -16.8609428 21.4340286 -18.5639629
v -16.8609428 20.6004543 -19.6248417
v -5.03377867 20.6004543 -19.0655212
v -16.8609428 20.6004543 -19.6248417
v -16.8609428 20.6004543 -19.0655155
v -5.03377867 20.6004543 -19.6248474
v -9.10161686 8.99328518 23.3469353
v -8.52653217 8.99328423 32.3833199
v -9.10161781 8.99328423 32.3833199
v -8.52653122 8.99328518 23.3469353
v -9.10161781 6.99145317 32.3833199
v -9.10161686 8.99328518 23.3469353
v -9.10161781 8.99328423 32.3833199
v -9.10161686 6.99145412 23.3469353
v -8.52653217 6.99145317 32.3833199
v -9.10161781 8.99328423 32.3833199
v -8.52653217 8.99328423 32.3833199
v -9.10161781 6.99145317 32.3833199
v -8.52653122 6.99145412 23.3469353
v -8.52653217 8.99328423 32.3833199
v -8.52653122 8.99328518 23.3469353
v -8.52653217 6.99145317 32.3833199
v -9.10161686 6.99145412 23.3469353
v -8.52653122 8.99328518 23.3469353
v -9.10161686 8.99328518 23.3469353
v -8.52653122 6.99145412 23.3469353
v -9.10161686 4.98962307 23.3469353
v -9.10161781 4.98962164 32.3833199
v -9.10161781 4.98962164 32.3833199
v -8.52653217 4.98962164 32.3833199
v -8.52653217 4.98962164 32.3833199
v -8.52653122 4.98962307 23.3469353
v -8.52653122 4.98962307 23.3469353
v -9.10161686 4.98962307 23.3469353
v -0.971794963 8.99328518 27.1774273
v -0.396710485 8.99328423 37.5746231
v -0.971796155 8.99328423 37.5746231
v -0.396709561 8.99328518 27.1774273
v -0.971796155 6.99145317 37.5746231
v -0.971794963 8.99328518 27.1774273
v -0.971796155 8.99328423 37.5746231
v -0.971794963 6.99145412 27.1774273
v -0.396710485 6.99145317 37.5746231
v -0.971796155 8.99328423 37.5746231
v -0.396710485 8.99328423 37.5746231
v -0.971796155 6.99145317 37.5746231
v -0.396709561 6.99145412 27.1774273
v -0.396710485 8.99328423 37.5746231
v -0.396709561 8.99328518 27.1774273
v -0.396710485 6.99145317 37.5746231
v -0.971794963 6.99145412 27.1774273
v -0.396709561 8.99328518 27.1774273
v -0.971794963 8.99328518 27.1774273
v -0.396709561 6.99145412 27.1774273
v -0.971794963 4.98962307 27.1774273
v -0.971796155 4.98962164 37.5746231
v -0.971796155 4.98962164 37.5746231
v -0.396710485 4.98962164 37.5746231
v -0.396710485 4.98962164 37.5746231
v -0.396709561 4.98962307 27.1774273
v -0.396709561 4.98962307 27.1774273
v -0.971794963 4.98962307 27.1774273
v -12.5332298 3.97167945 -38.162693
v -21.1666603 3.97167897 -37.5876083
v -21.1666603 3.97167897 -38.162693
v -12.5332298 3.97167945 -37.5876083
v -21.1666603 1.96984792 -38.162693
v -12.5332298 3.97167945 -38.162693
v -21.1666603 3.97167897 -38.162693
v -12.5332298 1.96984839 -38.162693
v -21.1666603 1.96984792 -37.5876083
v -21.1666603 3.97167897 -38.162693
v -21.1666603 3.97167897 -37.5876083
v -21.1666603 1.96984792 -38.162693
v -12.5332298 1.96984839 -37.5876083
v -21.1666603 3.97167897 -37.5876083
v -12.5332298 3.97167945 -37.5876083
v -21.1666603 1.96984792 -37.5876083
v -12.5332298 1.96984839 -38.162693
v -12.5332298 3.97167945 -37.5876083
v -12.5332298 3.97167945 -38.162693
v -12.5332298 1.96984839 -37.5876083
v -12.5332298 -0.0319826156 -38.162693
v -21.1666603 -0.0319831297 -38.162693
v -21.1666603 -0.0319831297 -38.162693
v -21.1666603 -0.0319831297 -37.5876083
v -21.1666603 -0.0319831297 -37.5876083
v -12.5332298 -0.0319826156 -37.5876083
v -12.5332298 -0.0319826156 -37.5876083
v -12.5332298 -0.0319826156 -38.162693
v 0.951002598 6.26879692 23.0426369
v -11.1675472 6.26879692 23.6177197
v -11.1675472 6.26879692 23.042635
v 0.951002598 6.26879692 23.6177216
v 0.951006413 4.98962212 23.0426369
v -11.1675472 6.26879692 23.042635
v -11.1675472 4.98962212 23.042635
v 0.951002598 6.26879692 23.0426369
v -11.1675472 4.98962212 23.6177197
v 0.951002598 6.26879692 23.6177216
v 0.951006413 4.98962212 23.6177216
v -11.1675472 6.26879692 23.6177197
v 0.951006413 4.98962212 23.6177216
v 0.951002598 6.26879692 23.0426369
v 0.951006413 4.98962212 23.0426369
v 0.951002598 6.26879692 23.6177216
v -11.1675472 4.98962212 23.042635
v -11.1675472 6.26879692 23.6177197
v -11.1675472 4.98962212 23.6177197
v -11.1675472 6.26879692 23.042635
v -13.593646 6.26879692 23.0426369
v -20.825201 6.26879692 23.6177197
v -20.825201 6.26879692 23.042635
v -13.5936451 6.26879692 23.6177216
v -13.5936422 4.98962212 23.0426369
v -20.825201 6.26879692 23.042635
v -20.8252029 4.98962212 23.042635
v -13.593646 6.26879692 23.0426369
v -20.8252029 4.98962212 23.6177197
v -13.5936451 6.26879692 23.6177216
v -13.5936413 4.98962212 23.6177216
v -20.825201 6.26879692 23.6177197
v -13.5936413 4.98962212 23.6177216
v -13.593646 6.26879692 23.0426369
v -13.5936422 4.98962212 23.0426369
v -13.5936451 6.26879692 23.6177216
v -20.8252029 4.98962212 23.042635
v -20.825201 6.26879692 23.6177197
v -20.8252029 4.98962212 23.6177197
v -20.825201 6.26879692 23.042635
v 13.9986305 3.97167945 -38.162693
v 5.69067001 3.97167897 -37.5876083
v 5.69067001 3.97167897 -38.162693
v 13.9986305 3.97167945 -37.5876083
v 5.69067001 1.96984792 -38.162693
v 13.9986305 3.97167945 -38.162693
v 5.69067001 3.97167897 -38.162693
v 13.9986305 1.96984839 -38.162693
v 5.69067001 1.96984792 -37.5876083
v 5.69067001 3.97167897 -38.162693
v 5.69067001 3.97167897 -37.5876083
v 5.69067001 1.96984792 -38.162693
v 13.9986305 1.96984839 -37.5876083
v 5.69067001 3.97167897 -37.5876083
v 13.9986305 3.97167945 -37.5876083
v 5.69067001 1.96984792 -37.5876083
v 13.9986305 1.96984839 -38.162693
v 13.9986305 3.97167945 -37.5876083
v 13.9986305 3.97167945 -38.162693
v 13.9986305 1.96984839 -37.5876083
v 13.9986305 -0.0319826156 -38.162693
v 5.69067001 -0.0319831111 -38.162693
v 5.69067001 -0.0319831111 -38.162693
v 5.69067001 -0.0319831111 -37.5876083
v 5.69067001 -0.0319831111 -37.5876083
v 13.9986305 -0.0319826156 -37.5876083
v 13.9986305 -0.0319826156 -37.5876083
v 13.9986305 -0.0319826156 -38.162693
v -3.50043821 4.79219818 -19.5318584
v -4.81187296 5.67388058 -28.1046925
v -3.50043941 4.79220057 -28.1046925
v -4.8118701 5.67387724 -19.5318584
v -3.50043941 4.79220057 -28.1046925
v -3.59209013 4.66042328 -19.5318584
v -3.50043821 4.79219818 -19.5318584
v -3.59209132 4.66042566 -28.1046925
v -3.59209132 4.66042566 -28.1046925
v -4.74136686 4.66042328 -19.5318584
v -3.59209013 4.66042328 -19.5318584
v -4.74136782 4.66042566 -28.1046925
v -4.74136686 4.66042328 -19.5318584
v -3.50043821 4.79219818 -19.5318584
v -3.59209013 4.66042328 -19.5318584
v -4.8118701 5.67387724 -19.5318584
v -3.59209132 4.66042566 -28.1046925
v -4.81187296 5.67388058 -28.1046925
v -4.74136782 4.66042566 -28.1046925
v -3.50043941 4.79220057 -28.1046925
v -16.5911808 8.99328613 26.9425259
v -16.0160961 8.99328423 38.324707
v -16.5911827 8.99328423 38.324707
v -16.0160961 8.99328613 26.9425259
v -16.5911827 6.99145317 38.324707
v -16.5911808 8.99328613 26.9425259
v -16.5911827 8.99328423 38.324707
v -16.5911808 6.9914546 26.9425259
v -16.0160961 6.99145317 38.324707
v -16.5911827 8.99328423 38.324707
v -16.0160961 8.99328423 38.324707
v -16.5911827 6.99145317 38.324707
v -16.0160961 6.9914546 26.9425259
v -16.0160961 8.99328423 38.324707
v -16.0160961 8.99328613 26.9425259
v -16.0160961 6.99145317 38.324707
v -16.5911808 6.9914546 26.9425259
v -16.0160961 8.99328613 26.9425259
v -16.5911808 8.99328613 26.9425259
v -16.0160961 6.9914546 26.9425259
v -16.5911808 4.98962307 26.9425259
v -16.5911827 4.98962164 38.324707
v -16.5911827 4.98962164 38.324707
v -16.0160961 4.98962164 38.324707
v -16.0160961 4.98962164 38.324707
v -16.0160961 4.98962307 26.9425259
v -16.0160961 4.98962307 26.9425259
v -16.5911808 4.98962307 26.9425259
vt -2.06445312 -0.00658798218
vt -0.984863281 0.202758789
vt -0.984863281 -0.00658416748
vt -2.06445312 0.202758789
vt -0.984863281 -0.00658416748
vt -2.06445312 -0.209960938
vt -2.06445312 -0.00658798218
vt -0.984863281 -0.209960938
vt -0.984863281 -0.00658798218
vt -2.06445312 -0.209960938
vt -2.06445312 -0.00658798218
vt -0.984863281 -0.209960938
vt -2.06445312 -0.00658798218
vt -0.984863281 0.202758789
vt -0.984863281 -0.00658798218
vt -2.06445312 0.202758789
vt -0.91796875 -0.00658798218
vt -0.994628906 -0.209960938
vt -0.91796875 -0.209960938
vt -0.994628906 -0.00658798218
vt -2.01367188 -0.00658798218
vt -0.984863281 0.202758789
vt -0.984863281 -0.00658416748
vt -2.01367188 0.202758789
vt -0.984863281 -0.00658416748
vt -2.01367188 -0.209960938
vt -2.01367188 -0.00658798218
vt -0.984863281 -0.209960938
vt -0.984863281 -0.00658798218
vt -2.01367188 -0.209960938
vt -2.01367188 -0.00658798218
vt -0.984863281 -0.209960938
vt -2.01367188 -0.00658798218
vt -0.984863281 0.202758789
vt -0.984863281 -0.00658798218
vt -2.01367188 0.202758789
vt -2.06445312 -0.00658798218
vt -0.986328125 0.202758789
vt -0.986328125 -0.00658416748
vt -2.06445312 0.202758789
vt -0.986328125 -0.00658416748
vt -2.06445312 -0.209960938
vt -2.06445312 -0.00658798218
vt -0.986328125 -0.209960938
vt -0.986328125 -0.00658798218
vt -2.06445312 -0.209960938
vt -2.06445312 -0.00658798218
vt -0.986328125 -0.209960938
vt -2.06445312 -0.00658798218
vt -0.986328125 0.202758789
vt -0.986328125 -0.00658798218
vt -2.06445312 0.202758789
vt -0.917480469 0.202758789
vt -0.994140625 -0.00658798218
vt -0.917480469 -0.00658798218
vt -0.994140625 0.202758789
vt 10 0.00169849396
vt 11.0078125 0.995605469
vt 11.0078125 0.00169086456
vt 10 0.995605469
vt 0.372802734 0.0879516602
vt 23.09375 -2.8984375
vt 0.372802734 -2.8984375
vt 23.09375 0.0879516602
vt -0.981933594 -0.00658798218
vt 1.99609375 0.202758789
vt 1.99609375 -0.00658798218
vt -0.981933594 0.202758789
vt 1.99609375 -0.00658798218
vt -0.981933594 -0.209960938
vt -0.981933594 -0.00658798218
vt 1.99609375 -0.209960938
vt 79.4375 46.71875
vt 77.3125 1.91992188
vt 77.3125 44.65625
vt 79.4375 0.00100326538
vt 35.6875 -0.0134735107
vt -1.51269531 -0.953613281
vt 0.0164337158 -0.0134735107
vt 37.34375 -0.953613281
vt 3.78320312 42.59375
vt 3.78320312 3.83984375
vt 0.3671875 9.3125
vt 29.8125 0.0861816406
vt 0.3671875 0.0861816406
vt 29.8125 9.3125
vt 2.42382812 1.12402344
vt -9.07182693e-05 0.99609375
vt 2.42382812 0.99609375
vt -9.07182693e-05 1.12402344
vt -1.24609375 0.0748291016
vt -2.78320312 -0.000177979469
vt -3.01367188 0.0748291016
vt -1.24609375 -0.00017786026
vt -1.24804688 0.997070312
vt -2.77148438 1.12109375
vt -3.01953125 0.997070312
vt -1.24804688 1.12109375
vt 0.00105667114 -0.000431776047
vt 2.42382812 0.0745849609
vt 2.42382812 -0.000431776047
vt 0.00105667114 0.0745849609
vt -96.4375 7.51953125
vt -90 7.51953125
vt -90 11.875
vt -90 11.875
vt -79 7.51953125
vt -79 11.875
vt -90 7.51953125
vt -2.06445312 -0.00658798218
vt 1.99609375 0.202758789
vt 1.99609375 -0.00658798218
vt -2.06445312 0.202758789
vt 1.99609375 -0.00658798218
vt -2.06445312 -0.209960938
vt -2.06445312 -0.00658798218
vt 1.99609375 -0.209960938
vt 35.65625 3.80859375
vt 0.0080947876 0.0188598633
vt 0.0080947876 3.80859375
vt 35.65625 0.0188598633
vt 35.65625 3.80859375
vt 0.0080947876 0.0188598633
vt 0.0080947876 3.80859375
vt 7.14453125 1.5234375
vt 0.907226562 0.985351562
vt 0.907226562 1.5234375
vt 7.14453125 0.985351562
vt 0.146606445 1.12402344
vt -9.07182693e-05 0.99609375
vt -9.07182693e-05 1.12402344
vt 0.146606445 0.99609375
vt -1.24609375 0.0748291016
vt -2.78320312 -0.000177979469
vt -1.24609375 -0.00017786026
vt -3.01367188 0.0748291016
vt -1.24804688 0.997070312
vt -2.77148438 1.12109375
vt -1.24804688 1.12109375
vt -3.01953125 0.997070312
vt 0.00105667114 -0.000431776047
vt 0.147705078 0.0745849609
vt 0.00105667114 0.0745849609
vt 0.147705078 -0.000431776047
vt -96.4375 7.51953125
vt -90 11.875
vt -90 7.51953125
vt -90 11.875
vt -89.3125 7.51953125
vt -90 7.51953125
vt -89.3125 11.875
vt 3.69726562 0.0844726562
vt 4.91015625 -5.8984375
vt 3.69726562 -5.8984375
vt 4.91015625 0.0844726562
vt -1.24609375 0.0748291016
vt -2.26171875 -0.00017786026
vt -1.24609375 -0.00017786026
vt -2.4921875 0.0748291016
vt -2.41015625 -0.00017786026
vt -1.24804688 0.99609375
vt -2.53515625 1.12402344
vt -1.24804688 1.12402344
vt -2.53515625 0.995605469
vt 0.00105667114 -0.000431776047
vt 0.319580078 0.0745849609
vt 0.00105667114 0.0745849609
vt 0.319580078 -0.000428199768
vt 0.318603516 1.12402344
vt -9.07182693e-05 0.99609375
vt -9.07182693e-05 1.12402344
vt 0.318603516 0.99609375
vt -94.25 7.51953125
vt -90 11.875
vt -90 7.51953125
vt -90 11.875
vt -88.5625 7.51953125
vt -90 7.51953125
vt -88.5625 11.875
vt 16.6875 -0.000938415527
vt 16.625 0.999511719
vt 16.625 -0.000938415527
vt 16.6875 0.999511719
vt 16.625 -0.000938415527
vt 16.359375 0.999511719
vt 16.359375 -0.000938415527
vt 16.625 0.999511719
vt 16.359375 0.947753906
vt 16.625 0.999511719
vt 16.625 0.947753906
vt 16.359375 0.999511719
vt 16.953125 -0.000938415527
vt 16.6875 0.999511719
vt 16.6875 -0.000938415527
vt 16.953125 0.999511719
vt -2.06445312 -0.00658798218
vt -0.984863281 0.202758789
vt -0.984863281 -0.00658416748
vt -2.06445312 0.202758789
vt -0.984863281 -0.00658416748
vt -2.06445312 -0.209960938
vt -2.06445312 -0.00658798218
vt -0.984863281 -0.209960938
vt -0.984863281 -0.00658798218
vt -2.06445312 -0.209960938
vt -2.06445312 -0.00658798218
vt -0.984863281 -0.209960938
vt -2.06445312 -0.00658798218
vt -0.984863281 0.202758789
vt -0.984863281 -0.00658798218
vt -2.06445312 0.202758789
vt -0.91796875 -0.00658798218
vt -0.994628906 -0.209960938
vt -0.91796875 -0.209960938
vt -0.994628906 -0.00658798218
vt -2.01367188 -0.00658798218
vt -0.984863281 0.202758789
vt -0.984863281 -0.00658416748
vt -2.01367188 0.202758789
vt -0.984863281 -0.00658416748
vt -2.01367188 -0.209960938
vt -2.01367188 -0.00658798218
vt -0.984863281 -0.209960938
vt -0.984863281 -0.00658798218
vt -2.01367188 -0.209960938
vt -2.01367188 -0.00658798218
vt -0.984863281 -0.209960938
vt -2.01367188 -0.00658798218
vt -0.984863281 0.202758789
vt -0.984863281 -0.00658798218
vt -2.01367188 0.202758789
vt -2.06445312 -0.00658798218
vt -0.986328125 0.202758789
vt -0.986328125 -0.00658416748
vt -2.06445312 0.202758789
vt -0.986328125 -0.00658416748
vt -2.06445312 -0.209960938
vt -2.06445312 -0.00658798218
vt -0.986328125 -0.209960938
vt -0.986328125 -0.00658798218
vt -2.06445312 -0.209960938
vt -2.06445312 -0.00658798218
vt -0.986328125 -0.209960938
vt -2.06445312 -0.00658798218
vt -0.986328125 0.202758789
vt -0.986328125 -0.00658798218
vt -2.06445312 0.202758789
vt -0.917480469 0.202758789
vt -0.994140625 -0.00658798218
vt -0.917480469 -0.00658798218
vt -0.994140625 0.202758789
vt 10 0.00169849396
vt 11.0078125 0.995605469
vt 11.0078125 0.00169086456
vt 10 0.995605469
vt 0.00100135803 1.91992188
vt 79.4375 0.00100326538
vt 0.00100135803 0.00100326538
vt 77.3125 1.91992188
vt 3.78320312 3.83984375
vt 0.00100135803 3.83984375
vt 3.78320312 3.83984375
vt 0.00100135803 1.91992188
vt 0.00100135803 3.83984375
vt 77.3125 1.91992188
vt -2.06445312 -0.00658798218
vt 1.99609375 0.202758789
vt 1.99609375 -0.00658798218
vt -2.06445312 0.202758789
vt 1.99609375 -0.00658798218
vt -2.06445312 -0.209960938
vt -2.06445312 -0.00658798218
vt 1.99609375 -0.209960938
vt 16.6875 -0.000938415527
vt 16.625 0.999511719
vt 16.625 -0.000938415527
vt 16.6875 0.999511719
vt 16.625 -0.000938415527
vt 16.484375 0.999511719
vt 16.484375 -0.000938415527
vt 16.625 0.999511719
vt 16.484375 0.947753906
vt 16.625 0.999511719
vt 16.625 0.947753906
vt 16.484375 0.999511719
vt 16.8125 -0.000938415527
vt 16.6875 0.999511719
vt 16.6875 -0.000938415527
vt 16.8125 0.999511719
vt -2.06445312 -0.00658798218
vt -0.986328125 0.202758789
vt -0.986328125 -0.00658416748
vt -2.06445312 0.202758789
vt -0.986328125 -0.00658416748
vt -2.06445312 -0.209960938
vt -2.06445312 -0.00658798218
vt -0.986328125 -0.209960938
vt -0.986328125 -0.00658798218
vt -2.06445312 -0.209960938
vt -2.06445312 -0.00658798218
vt -0.986328125 -0.209960938
vt -2.06445312 -0.00658798218
vt -0.986328125 0.202758789
vt -0.986328125 -0.00658798218
vt -2.06445312 0.202758789
vt -2.06445312 -0.00658798218
vt -0.984863281 0.202758789
vt -0.984863281 -0.00658416748
vt -2.06445312 0.202758789
vt -0.984863281 -0.00658416748
vt -2.06445312 -0.209960938
vt -2.06445312 -0.00658798218
vt -0.984863281 -0.209960938
vt -0.984863281 -0.00658798218
vt -2.06445312 -0.209960938
vt -2.06445312 -0.00658798218
vt -0.984863281 -0.209960938
vt -2.06445312 -0.00658798218
vt -0.984863281 0.202758789
vt -0.984863281 -0.00658798218
vt -2.06445312 0.202758789
vt -2.01367188 -0.00658798218
vt -0.984863281 0.202758789
vt -0.984863281 -0.00658416748
vt -2.01367188 0.202758789
vt -0.984863281 -0.00658416748
vt -2.01367188 -0.209960938
vt -2.01367188 -0.00658798218
vt -0.984863281 -0.209960938
vt -0.984863281 -0.00658798218
vt -2.01367188 -0.209960938
vt -2.01367188 -0.00658798218
vt -0.984863281 -0.209960938
vt -2.01367188 -0.00658798218
vt -0.984863281 0.202758789
vt -0.984863281 -0.00658798218
vt -2.01367188 0.202758789
vt -0.986328125 0.202758789
vt -0.986328125 -0.00658798218
vt -0.986328125 -0.00658798218
vt -0.986328125 0.202758789
vt -0.984863281 -0.00658798218
vt -0.984863281 -0.209960938
vt -0.984863281 -0.209960938
vt -0.984863281 -0.00658798218
vt -2.06445312 -0.00658798218
vt 3.375 0.202758789
vt 3.375 -0.00658798218
vt -2.06445312 0.202758789
vt 3.375 -0.00658798218
vt -2.06445312 -0.209960938
vt -2.06445312 -0.00658798218
vt 3.375 -0.209960938
vt 3.375 -0.00658798218
vt -2.06445312 -0.209960938
vt -2.06445312 -0.00658798218
vt 3.375 -0.209960938
vt -2.06445312 -0.00658798218
vt 3.375 0.202758789
vt 3.375 -0.00658798218
vt -2.06445312 0.202758789
vt -2.06445312 -0.00658798218
vt 3.375 0.202758789
vt 3.375 -0.00658798218
vt -2.06445312 0.202758789
vt 3.375 -0.00658798218
vt -2.06445312 -0.209960938
vt -2.06445312 -0.00658798218
vt 3.375 -0.209960938
vt 3.375 -0.00658798218
vt -2.06445312 -0.209960938
vt -2.06445312 -0.00658798218
vt 3.375 -0.209960938
vt -2.06445312 -0.00658798218
vt 3.375 0.202758789
vt 3.375 -0.00658798218
vt -2.06445312 0.202758789
vt -2.06445312 -0.00658798218
vt 3.375 0.202758789
vt 3.375 -0.00658798218
vt -2.06445312 0.202758789
vt 3.375 -0.00658798218
vt -2.06445312 -0.209960938
vt -2.06445312 -0.00658798218
vt 3.375 -0.209960938
vt 3.375 -0.00658798218
vt -2.06445312 -0.209960938
vt -2.06445312 -0.00658798218
vt 3.375 -0.209960938
vt -2.06445312 -0.00658798218
vt 3.375 0.202758789
vt 3.375 -0.00658798218
vt -2.06445312 0.202758789
vt 0.931640625 -6.203125
vt 1.06347656 -2.52734375
vt 1.06347656 -6.203125
vt 0.931640625 -2.52734375
vt 0.931640625 5.0078125
vt 1.06347656 6.296875
vt 1.06347656 5.0078125
vt 0.931640625 6.296875
vt 0.931640625 3.72070312
vt 1.06347656 3.72070312
vt 0.931640625 0.0462646484
vt 1.06347656 3.72070312
vt 1.06347656 0.0462646484
vt 0.931640625 3.72070312
vt 0.931640625 -2.52734375
vt 1.06347656 0.0462646484
vt 1.06347656 -2.52734375
vt 0.931640625 0.0462646484
vt -2.06445312 -0.00658798218
vt 3.375 0.202758789
vt 3.375 -0.00658798218
vt -2.06445312 0.202758789
vt 3.375 -0.00658798218
vt -2.06445312 -0.209960938
vt -2.06445312 -0.00658798218
vt 3.375 -0.209960938
vt 3.375 -0.00658798218
vt -2.06445312 -0.209960938
vt -2.06445312 -0.00658798218
vt 3.375 -0.209960938
vt -2.06445312 -0.00658798218
vt 3.375 0.202758789
vt 3.375 -0.00658798218
vt -2.06445312 0.202758789
vt -0.519042969 -0.00131607056
vt 1.62304688 1.38964844
vt 1.62304688 -0.00131034851
vt -0.519042969 1.38964844
vt 1.62304688 -0.00131034851
vt 2.37304688 1.38964844
vt 2.37304688 -0.00130939484
vt 1.62304688 1.38964844
vt 3.12304688 1.38964844
vt 3.12304688 -0.00130748749
vt -4.16015625 -0.00132369995
vt -3.40820312 0.998046875
vt -3.40820312 -0.0013217926
vt -4.16015625 1.38964844
vt -2.01953125 1.38964844
vt -2.52734375 0.998046875
vt -2.52734375 -0.00132083893
vt -2.01953125 -0.00131988525
vt -2.01953125 -0.00131988525
vt -0.519042969 1.38964844
vt -0.519042969 -0.00131607056
vt -2.01953125 1.38964844
vt 9.0078125 -0.00514984131
vt 6.00390625 1.18164062
vt 9.0078125 1.18164062
vt 6.00390625 -0.00514984131
vt 0.0112915039 -0.00514984131
vt -0.998535156 1.18164062
vt 0.0112915039 1.18164062
vt -0.998535156 -0.00514984131
vt 1.00097656 -0.00514984131
vt 1.00097656 1.18164062
vt 5.99609375 -0.00514984131
vt 4.0078125 1.18164062
vt 5.99609375 1.18164062
vt 4.0078125 -0.00514984131
vt 0.196289062 7.58984375
vt -0.00913238525 1.17578125
vt -0.00913238525 7.58984375
vt 0.196289062 1.17578125
vt 0.196289062 -11.9765625
vt -0.00913238525 -14.21875
vt -0.00913238525 -11.9765625
vt 0.196289062 -14.21875
vt 0.196289062 -9.7265625
vt -0.00913238525 -9.7265625
vt 0.196289062 -3.31640625
vt -0.00913238525 -9.7265625
vt -0.00913238525 -3.31640625
vt 0.196289062 -9.7265625
vt 0.196289062 1.17578125
vt -0.00913238525 -3.31640625
vt -0.00913238525 1.17578125
vt 0.196289062 -3.31640625
vt 1.79492188 -11.5546875
vt 1.99023438 -7.8828125
vt 1.99023438 -11.5546875
vt 1.79492188 -7.8828125
vt 1.79492188 -0.34765625
vt 1.99023438 0.938964844
vt 1.99023438 -0.34765625
vt 1.79492188 0.938964844
vt 1.79492188 -1.63476562
vt 1.99023438 -1.63476562
vt 1.79492188 -5.30859375
vt 1.99023438 -1.63476562
vt 1.99023438 -5.30859375
vt 1.79492188 -1.63476562
vt 1.79492188 -7.8828125
vt 1.99023438 -5.30859375
vt 1.99023438 -7.8828125
vt 1.79492188 -5.30859375
vt 1.39257812 -12.078125
vt 1.60058594 -7.9375
vt 1.60058594 -12.078125
vt 1.39257812 -7.9375
vt 1.39257812 0.547363281
vt 1.60058594 1.99707031
vt 1.60058594 0.547363281
vt 1.39257812 1.99707031
vt 1.39257812 -0.901367188
vt 1.60058594 -0.901367188
vt 1.39257812 -5.0390625
vt 1.60058594 -0.901367188
vt 1.60058594 -5.0390625
vt 1.39257812 -0.901367188
vt 1.39257812 -7.9375
vt 1.60058594 -5.0390625
vt 1.60058594 -7.9375
vt 1.39257812 -5.0390625
vt 5.01171875 -0.00514984131
vt 2.0078125 1.18164062
vt 5.01171875 1.18164062
vt 2.0078125 -0.00514984131
vt 2.08789062 -11.71875
vt 4.0234375 -8.046875
vt 4.0234375 -11.71875
vt 2.08789062 -8.046875
vt 2.08789062 -0.51171875
vt 4.0234375 0.774902344
vt 4.0234375 -0.51171875
vt 2.08789062 0.774902344
vt 2.08789062 -1.79882812
vt 4.0234375 -1.79882812
vt 2.08789062 -5.47265625
vt 4.0234375 -1.79882812
vt 4.0234375 -5.47265625
vt 2.08789062 -1.79882812
vt 2.08789062 -8.046875
vt 4.0234375 -5.47265625
vt 4.0234375 -8.046875
vt 2.08789062 -5.47265625
vt 0.113830566 -11.71875
vt 1.97070312 -8.046875
vt 1.97070312 -11.71875
vt 0.113830566 -8.046875
vt 0.113830566 -0.51171875
vt 1.97070312 0.774902344
vt 1.97070312 -0.51171875
vt 0.113830566 0.774902344
vt 0.113830566 -1.79882812
vt 1.97070312 -1.79882812
vt 0.113830566 -5.47265625
vt 1.97070312 -1.79882812
vt 1.97070312 -5.47265625
vt 0.113830566 -1.79882812
vt 0.113830566 -8.046875
vt 1.97070312 -5.47265625
vt 1.97070312 -8.046875
vt 0.113830566 -5.47265625
vt 5.8671875 -11.71875
vt 6.28515625 -8.046875
vt 6.28515625 -11.71875
vt 5.8671875 -8.046875
vt 5.8671875 -0.51171875
vt 6.28515625 0.774902344
vt 6.28515625 -0.51171875
vt 5.8671875 0.774902344
vt 5.8671875 -1.79882812
vt 6.28515625 -1.79882812
vt 5.8671875 -5.47265625
vt 6.28515625 -1.79882812
vt 6.28515625 -5.47265625
vt 5.8671875 -1.79882812
vt 5.8671875 -8.046875
vt 6.28515625 -5.47265625
vt 6.28515625 -8.046875
vt 5.8671875 -5.47265625
vt 1.89648438 0.721679688
vt 1.6015625 0.619628906
vt 1.6015625 0.721679688
vt 1.89648438 0.619628906
vt 1.6015625 0.619628906
vt 1.53808594 0.721679688
vt 1.6015625 0.721679688
vt 1.53808594 0.619628906
vt 1.89648438 0.619628906
vt 1.6015625 0.556152344
vt 1.6015625 0.619628906
vt 1.89648438 0.556152344
vt 1.89648438 0.721679688
vt 1.9609375 0.619628906
vt 1.89648438 0.619628906
vt 1.9609375 0.721679688
vt 0.300537109 0.495361328
vt 0.280517578 -0.129516602
vt 0.302490234 -0.12890625
vt 0.279541016 0.494140625
vt 0.300292969 0.55078125
vt 0.279541016 0.5234375
vt 0.279541016 0.551269531
vt 0.300537109 0.5234375
vt 0.300537109 0.5234375
vt 0.279541016 0.587402344
vt 0.279541016 0.5234375
vt 0.300537109 0.587402344
vt 0.279541016 0.494140625
vt 0.300537109 0.5234375
vt 0.300537109 0.494140625
vt 0.279541016 0.5234375
vt 0.279541016 0.5234375
vt 0.300537109 0.587402344
vt 0.300537109 0.5234375
vt 0.279541016 0.587402344
vt 0.300537109 0.495361328
vt 0.279541016 0.494628906
vt 0.279541016 0.513183594
vt 0.300537109 0.778808594
vt 0.279296875 0.778320312
vt 0.286865234 0.802246094
vt 0.300537109 0.697265625
vt 0.279296875 0.778320312
vt 0.300537109 0.778808594
vt 0.279296875 0.697265625
vt 0.300537109 0.780273438
vt 0.279296875 0.697265625
vt 0.300537109 0.697265625
vt 0.279296875 0.778320312
vt 0.300537109 0.495361328
vt 0.280517578 -0.129516602
vt 0.302490234 -0.12890625
vt 0.279541016 0.494140625
vt 0.300292969 0.55078125
vt 0.279541016 0.5234375
vt 0.279541016 0.551269531
vt 0.300537109 0.5234375
vt 0.300537109 0.5234375
vt 0.279541016 0.587402344
vt 0.279541016 0.5234375
vt 0.300537109 0.587402344
vt 0.279541016 0.494140625
vt 0.300537109 0.5234375
vt 0.300537109 0.494140625
vt 0.279541016 0.5234375
vt 0.279541016 0.5234375
vt 0.300537109 0.587402344
vt 0.300537109 0.5234375
vt 0.279541016 0.587402344
vt 0.300537109 0.495361328
vt 0.279541016 0.494628906
vt 0.279541016 0.513183594
vt 0.300537109 0.778808594
vt 0.279296875 0.778320312
vt 0.286865234 0.802246094
vt 0.300537109 0.697265625
vt 0.279296875 0.778320312
vt 0.300537109 0.778808594
vt 0.279296875 0.697265625
vt 0.300537109 0.780273438
vt 0.279296875 0.697265625
vt 0.300537109 0.697265625
vt 0.279296875 0.778320312
vt 0.300537109 0.495361328
vt 0.280273438 -0.100097656
vt 0.302001953 -0.0994873047
vt 0.279541016 0.494140625
vt 0.300292969 0.55078125
vt 0.279541016 0.5234375
vt 0.279541016 0.551269531
vt 0.300537109 0.5234375
vt 0.300537109 0.5234375
vt 0.279541016 0.587402344
vt 0.279541016 0.5234375
vt 0.300537109 0.587402344
vt 0.279541016 0.494140625
vt 0.300537109 0.5234375
vt 0.300537109 0.494140625
vt 0.279541016 0.5234375
vt 0.279541016 0.5234375
vt 0.300537109 0.587402344
vt 0.300537109 0.5234375
vt 0.279541016 0.587402344
vt 0.300537109 0.495361328
vt 0.279541016 0.494628906
vt 0.279541016 0.513183594
vt 0.300537109 0.778808594
vt 0.279296875 0.778320312
vt 0.286865234 0.802246094
vt 0.300537109 0.697265625
vt 0.279296875 0.778320312
vt 0.300537109 0.778808594
vt 0.279296875 0.697265625
vt 0.300537109 0.780273438
vt 0.279296875 0.697265625
vt 0.300537109 0.697265625
vt 0.279296875 0.778320312
vt 0.300537109 -0.100097656
vt 0.279541016 0.494140625
vt 0.300537109 0.494140625
vt 0.280273438 -0.100097656
vt 0.302001953 -0.0994873047
vt 0.279541016 0.494628906
vt 0.300537109 0.495361328
vt 0.281005859 -0.1015625
vt 0.279541016 -0.10168457
vt 0.300537109 0.494140625
vt 0.279541016 0.494628906
vt 0.300537109 -0.100097656
vt 0.300537109 -0.129516602
vt 0.279541016 0.494140625
vt 0.300537109 0.494140625
vt 0.280517578 -0.129516602
vt 0.302490234 -0.12890625
vt 0.279541016 0.494628906
vt 0.300537109 0.495361328
vt 0.28125 -0.130859375
vt 0.279785156 -0.131103516
vt 0.300537109 0.494140625
vt 0.279541016 0.494628906
vt 0.300537109 -0.129516602
vt 0.300537109 -0.129516602
vt 0.279541016 0.494140625
vt 0.300537109 0.494140625
vt 0.280517578 -0.129516602
vt 0.302490234 -0.12890625
vt 0.279541016 0.494628906
vt 0.300537109 0.495361328
vt 0.28125 -0.130859375
vt 0.279785156 -0.131103516
vt 0.300537109 0.494140625
vt 0.279541016 0.494628906
vt 0.300537109 -0.129516602
vt -0.998535156 -0.0013217926
vt 0.00501251221 0.998046875
vt 0.0050201416 -0.00132083893
vt -0.998535156 0.998046875
vt -2.06445312 -0.00658798218
vt 1.99609375 0.202758789
vt 1.99609375 -0.00658798218
vt -2.06445312 0.202758789
vt 1.99609375 -0.00658798218
vt -2.06445312 -0.209960938
vt -2.06445312 -0.00658798218
vt 1.99609375 -0.209960938
vt 16.6875 -0.000938415527
vt 16.625 0.999511719
vt 16.625 -0.000938415527
vt 16.6875 0.999511719
vt 16.625 -0.000938415527
vt 16.515625 0.999511719
vt 16.515625 -0.000938415527
vt 16.625 0.999511719
vt 16.515625 0.947753906
vt 16.625 0.999511719
vt 16.625 0.947753906
vt 16.515625 0.999511719
vt 16.796875 -0.000938415527
vt 16.6875 0.999511719
vt 16.6875 -0.000938415527
vt 16.796875 0.999511719
vt 1.02148438 0.192993164
vt 1.99121094 0.890136719
vt 1.99121094 0.192993164
vt 1.02148438 0.890136719
vt -0.20324707 -1.00585938
vt -0.803222656 2.47460938
vt -0.20324707 2.47460938
vt -0.803222656 -1.00585938
vt -0.20324707 -1.00585938
vt -0.803222656 2.47460938
vt -0.20324707 2.47460938
vt -0.803222656 -1.00585938
vt -0.20324707 -1.00585938
vt -0.803222656 2.47460938
vt -0.20324707 2.47460938
vt -0.803222656 -1.00585938
vt -0.20324707 -1.00585938
vt -0.803222656 2.47460938
vt -0.20324707 2.47460938
vt -0.803222656 -1.00585938
vt 0.0182647705 0.188232422
vt 0.9921875 0.916992188
vt 0.9921875 0.189575195
vt 0.0182647705 0.916992188
vt 0.9921875 0.189575195
vt 0.0182647705 0.915039062
vt 0.0182647705 0.189575195
vt 0.9921875 0.916992188
vt -0.805175781 0.468994141
vt -0.203125 -1.54199219
vt -0.805175781 -1.54199219
vt -0.203125 0.468994141
vt -0.203125 -1.54199219
vt -0.805175781 0.468994141
vt -0.203125 0.468994141
vt -0.805175781 -1.54199219
vt -0.805175781 1.45410156
vt -0.203125 -0.508789062
vt -0.805175781 -0.508789062
vt -0.203125 1.45410156
vt -0.805175781 2.47265625
vt -0.203125 0.468994141
vt -0.805175781 0.468994141
vt -0.203125 2.47265625
vt -0.203125 -0.508789062
vt -0.805175781 1.45410156
vt -0.203125 1.45410156
vt -0.805175781 -0.508789062
vt -0.203125 0.468994141
vt -0.805175781 2.47265625
vt -0.203125 2.47265625
vt -0.805175781 0.468994141
vt 16.875 3.0234375
vt -20.421875 1.99121094
vt -20.421875 3.0234375
vt 16.875 1.9921875
vt -20.421875 0.977050781
vt 16.875 1.9921875
vt 16.875 0.977050781
vt -20.421875 1.99121094
vt 16.875 4.48828125
vt -20.421875 2.72460938
vt -20.421875 4.48828125
vt 16.875 2.72460938
vt -20.421875 0.977050781
vt 16.875 2.72460938
vt 16.875 0.977050781
vt -20.421875 2.72460938
vt 4.23828125 0.0220336914
vt 16.984375 1.9921875
vt 16.984375 0.0220336914
vt 4.23828125 1.9921875
vt 16 0.0220336914
vt 17.984375 1.9921875
vt 17.984375 0.0220336914
vt 16 1.9921875
vt 16.984375 3.0234375
vt 4.23828125 0.960449219
vt 4.23828125 3.0234375
vt 16.984375 0.960449219
vt 16.984375 5
vt 4.23828125 3.0234375
vt 4.23828125 5
vt 16.984375 3.0234375
vt 8.953125 0.0220336914
vt 16.984375 1.9921875
vt 16.984375 0.0220336914
vt 8.953125 1.9921875
vt 16 0.0220336914
vt 16.984375 1.9921875
vt 16.984375 0.0220336914
vt 16 1.9921875
vt 16.984375 5
vt 8.953125 3.0234375
vt 8.953125 5
vt 16.984375 3.0234375
vt 8.953125 0.0220336914
vt 16.984375 1.9921875
vt 16.984375 0.0220336914
vt 8.953125 1.9921875
vt 16 0.0220336914
vt 16.984375 1.9921875
vt 16.984375 0.0220336914
vt 16 1.9921875
vt 16.984375 5
vt 8.953125 3.0234375
vt 8.953125 5
vt 16.984375 3.0234375
vt 10.9765625 1.015625
vt 16.984375 1.9921875
vt 16.984375 1.015625
vt 10.9765625 1.9921875
vt 16 1.015625
vt 16.984375 1.9921875
vt 16.984375 1.015625
vt 16 1.9921875
vt 16.984375 4
vt 10.9765625 3.0234375
vt 10.9765625 4
vt 16.984375 3.0234375
vt 10.9765625 1.015625
vt 16.984375 1.9921875
vt 16.984375 1.015625
vt 10.9765625 1.9921875
vt 22.78125 1.015625
vt 23.78125 1.9921875
vt 23.78125 1.015625
vt 22.78125 1.9921875
vt 16.984375 4
vt 10.9765625 3.0234375
vt 10.9765625 4
vt 16.984375 3.0234375
vt 8.953125 1.9921875
vt 16.984375 0.960449219
vt 8.953125 0.960449219
vt 16.984375 1.9921875
vt 8.953125 1.9921875
vt 16.984375 0.960449219
vt 8.953125 0.960449219
vt 16.984375 1.9921875
vt 10.9765625 1.9921875
vt 16.984375 0.960449219
vt 10.9765625 0.960449219
vt 16.984375 1.9921875
vt 10.9765625 9.015625
vt 16.984375 7.98828125
vt 10.9765625 7.98828125
vt 16.984375 9.015625
vt 16.875 3.0234375
vt 2.01367188 1.9921875
vt 2.01367188 3.0234375
vt 16.875 1.9921875
vt 16.875 4.93359375
vt 2.01367188 3.0234375
vt 2.01367188 4.93359375
vt 16.875 3.0234375
vt 0.982910156 0.0990600586
vt 2.01367188 1.9921875
vt 2.01367188 0.0990600586
vt 0.982910156 1.9921875
vt 2.01367188 0.0990600586
vt 16.875 1.9921875
vt 16.875 0.0990600586
vt 2.01367188 1.9921875
vt -0.205078125 0.758300781
vt 1.21191406 1.32910156
vt 1.21191406 0.758300781
vt -0.205078125 1.32910156
vt 1.21191406 1.32910156
vt 1.21191406 1.32910156
vt 1.21191406 0.758300781
vt 0.218383789 -0.672851562
vt 0.790527344 0.99609375
vt 0.790527344 -0.672851562
vt 0.218383789 0.99609375
vt 0.21484375 1.1640625
vt 0.795410156 -0.668945312
vt 0.21484375 -0.668945312
vt 0.795410156 1.1640625
vt -0.193237305 0.760253906
vt 1.20800781 1.3203125
vt 1.20800781 0.760253906
vt -0.193115234 1.3203125
vt -0.193237305 0.760253906
vt -0.193115234 1.3203125
vt -0.193115234 1.3203125
vt -0.316162109 0.00177288055
vt 16 0.995605469
vt 16 0.00165462494
vt -0.316162109 0.995605469
vt 0.125 -0.340576172
vt 21.703125 3.70898438
vt 0.125 3.70898438
vt 21.703125 -0.340576172
vt 0.125 -0.340576172
vt 21.703125 -0.340576172
vt 21.703125 3.70898438
vt 5.3203125 0.113891602
vt 5.6875 0.181396484
vt 5.6875 0.113891602
vt 5.3203125 0.181396484
vt 5.3203125 0.181396484
vt 5.6875 0.181396484
vt 5.6875 0.181396484
vt 5.3203125 0.181396484
vt 5.6875 0.181396484
vt 5.6875 0.181396484
vt 5.6875 0.113891602
vt 5.3203125 0.113891602
vt 5.3203125 0.181396484
vt 5.3203125 0.181396484
vt 5.3203125 0.113891602
vt 5.6875 0.181396484
vt 5.6875 0.113891602
vt 5.3203125 0.181396484
vt 5.3203125 0.181396484
vt 5.6875 0.181396484
vt 5.6875 0.181396484
vt 5.3203125 0.181396484
vt 5.6875 0.181396484
vt 5.6875 0.181396484
vt 5.6875 0.113891602
vt 5.3203125 0.113891602
vt 5.3203125 0.181396484
vt 5.3203125 0.181396484
vt 5.3203125 0.113891602
vt 5.6875 0.181396484
vt 5.6875 0.113891602
vt 5.3203125 0.181396484
vt 5.3203125 0.181396484
vt 5.6875 0.181396484
vt 5.6875 0.181396484
vt 5.3203125 0.181396484
vt 5.6875 0.181396484
vt 5.6875 0.181396484
vt 5.6875 0.113891602
vt 5.3203125 0.113891602
vt 5.3203125 0.181396484
vt 5.3203125 0.181396484
vt 5.3203125 0.113891602
vt 5.6875 0.181396484
vt 5.6875 0.113891602
vt 5.3203125 0.181396484
vt 5.3203125 0.181396484
vt 5.6875 0.181396484
vt 5.6875 0.181396484
vt 5.3203125 0.181396484
vt 5.6875 0.181396484
vt 5.6875 0.181396484
vt 5.6875 0.113891602
vt 5.3203125 0.113891602
vt 5.3203125 0.181396484
vt 5.3203125 0.181396484
vt 5.3203125 0.113891602
vt 5.6875 0.181396484
vt 5.6875 0.113891602
vt 5.3203125 0.181396484
vt 5.3203125 0.181396484
vt 5.6875 0.181396484
vt 5.6875 0.181396484
vt 5.3203125 0.181396484
vt 5.6875 0.181396484
vt 5.6875 0.181396484
vt 5.6875 0.113891602
vt 5.3203125 0.113891602
vt 5.3203125 0.181396484
vt 5.3203125 0.181396484
vt 5.3203125 0.113891602
vt 5.6875 0.181396484
vt 5.6875 0.113891602
vt 5.3203125 0.181396484
vt 5.3203125 0.181396484
vt 5.6875 0.181396484
vt 5.6875 0.181396484
vt 5.3203125 0.181396484
vt 5.6875 0.181396484
vt 5.6875 0.181396484
vt 5.6875 0.113891602
vt 5.3203125 0.113891602
vt 5.3203125 0.181396484
vt 5.3203125 0.181396484
vt 5.3203125 0.113891602
vt 5.6875 0.181396484
vt 5.6875 0.113891602
vt 5.3203125 0.181396484
vt 5.3203125 0.181396484
vt 5.6875 0.181396484
vt 5.6875 0.181396484
vt 5.3203125 0.181396484
vt 5.6875 0.181396484
vt 5.6875 0.181396484
vt 5.6875 0.113891602
vt 5.3203125 0.113891602
vt 5.3203125 0.181396484
vt 5.3203125 0.181396484
vt 5.3203125 0.113891602
vt 5.6875 0.181396484
vt 5.6875 0.113891602
vt 5.3203125 0.181396484
vt 5.3203125 0.181396484
vt 5.6875 0.181396484
vt 5.6875 0.181396484
vt 5.3203125 0.181396484
vt 5.6875 0.181396484
vt 5.6875 0.181396484
vt 5.6875 0.113891602
vt 5.3203125 0.113891602
vt 5.3203125 0.181396484
vt 5.3203125 0.181396484
vt 5.3203125 0.113891602
vt 5.6875 0.181396484
vt 5.6875 0.113891602
vt 5.3203125 0.181396484
vt 5.3203125 0.181396484
vt 5.6875 0.181396484
vt 5.6875 0.181396484
vt 5.3203125 0.181396484
vt 5.6875 0.181396484
vt 5.6875 0.181396484
vt 5.6875 0.113891602
vt 5.3203125 0.113891602
vt 5.3203125 0.181396484
vt 5.3203125 0.181396484
vt 5.3203125 0.113891602
vt 5.6875 0.181396484
vt 5.6875 0.113891602
vt 5.3203125 0.181396484
vt 5.3203125 0.181396484
vt 5.6875 0.181396484
vt 5.6875 0.181396484
vt 5.3203125 0.181396484
vt 5.6875 0.181396484
vt 5.6875 0.181396484
vt 5.6875 0.113891602
vt 5.3203125 0.113891602
vt 5.3203125 0.181396484
vt 5.3203125 0.181396484
vt 5.3203125 0.113891602
vt 5.6875 0.181396484
vt 5.6875 0.113891602
vt 5.3203125 0.181396484
vt 5.3203125 0.181396484
vt 5.6875 0.181396484
vt 5.6875 0.181396484
vt 5.3203125 0.181396484
vt 5.6875 0.181396484
vt 5.6875 0.181396484
vt 5.6875 0.113891602
vt 5.3203125 0.113891602
vt 5.3203125 0.181396484
vt 5.3203125 0.181396484
vt 5.3203125 0.113891602
vt 5.6875 0.181396484
vt 5.6875 0.113891602
vt 5.3203125 0.181396484
vt 5.3203125 0.181396484
vt 5.6875 0.181396484
vt 5.6875 0.181396484
vt 5.3203125 0.181396484
vt 5.6875 0.181396484
vt 5.6875 0.181396484
vt 5.6875 0.113891602
vt 5.3203125 0.113891602
vt 5.3203125 0.181396484
vt 5.3203125 0.181396484
vt 5.3203125 0.113891602
vt 5.6875 0.181396484
vt 5.6875 0.113891602
vt 5.3203125 0.181396484
vt 5.3203125 0.181396484
vt 5.6875 0.181396484
vt 5.6875 0.181396484
vt 5.3203125 0.181396484
vt 5.6875 0.181396484
vt 5.6875 0.181396484
vt 5.6875 0.113891602
vt 5.3203125 0.113891602
vt 5.3203125 0.181396484
vt 5.3203125 0.181396484
vt 5.3203125 0.113891602
vt 5.6875 0.181396484
vt 5.6875 0.113891602
vt 5.3203125 0.181396484
vt 5.3203125 0.181396484
vt 5.6875 0.181396484
vt 5.6875 0.181396484
vt 5.3203125 0.181396484
vt 5.6875 0.181396484
vt 5.6875 0.181396484
vt 5.6875 0.113891602
vt 5.3203125 0.113891602
vt 5.3203125 0.181396484
vt 5.3203125 0.181396484
vt 5.3203125 0.113891602
vt 5.6875 0.181396484
vt 5.6875 0.113891602
vt 5.3203125 0.181396484
vt 5.3203125 0.181396484
vt 5.6875 0.181396484
vt 5.6875 0.181396484
vt 5.3203125 0.181396484
vt 5.6875 0.181396484
vt 5.6875 0.181396484
vt 5.6875 0.113891602
vt 5.3203125 0.113891602
vt 5.3203125 0.181396484
vt 5.3203125 0.181396484
vt 5.3203125 0.113891602
vt 5.6875 0.181396484
vt 5.6875 0.113891602
vt 5.3203125 0.181396484
vt 5.3203125 0.181396484
vt 5.6875 0.181396484
vt 5.6875 0.181396484
vt 5.3203125 0.181396484
vt 5.6875 0.181396484
vt 5.6875 0.181396484
vt 5.6875 0.113891602
vt 5.3203125 0.113891602
vt 5.3203125 0.181396484
vt 5.3203125 0.181396484
vt 5.3203125 0.113891602
vt 5.6875 0.181396484
vt 5.6875 0.113891602
vt 5.3203125 0.181396484
vt 5.3203125 0.181396484
vt 5.6875 0.181396484
vt 5.6875 0.181396484
vt 5.3203125 0.181396484
vt 5.6875 0.181396484
vt 5.6875 0.181396484
vt 5.6875 0.113891602
vt 5.3203125 0.113891602
vt 5.3203125 0.181396484
vt 5.3203125 0.181396484
vt 5.3203125 0.113891602
vt 5.6875 0.181396484
vt 5.6875 0.113891602
vt 5.3203125 0.181396484
vt 5.3203125 0.181396484
vt 5.6875 0.181396484
vt 5.6875 0.181396484
vt 5.3203125 0.181396484
vt 5.6875 0.181396484
vt 5.6875 0.181396484
vt 5.6875 0.113891602
vt 5.3203125 0.113891602
vt 5.3203125 0.181396484
vt 5.3203125 0.181396484
vt 5.3203125 0.113891602
vt 5.6875 0.181396484
vt 5.6875 0.113891602
vt 5.3203125 0.181396484
vt 5.3203125 0.181396484
vt 5.6875 0.181396484
vt 5.6875 0.181396484
vt 5.3203125 0.181396484
vt 5.6875 0.181396484
vt 5.6875 0.181396484
vt 5.6875 0.113891602
vt 5.3203125 0.113891602
vt 5.3203125 0.181396484
vt 5.3203125 0.181396484
vt 5.3203125 0.113891602
vt 5.6875 0.181396484
vt 5.6875 0.113891602
vt 5.3203125 0.181396484
vt 5.3203125 0.181396484
vt 5.6875 0.181396484
vt 5.6875 0.181396484
vt 5.3203125 0.181396484
vt 5.6875 0.181396484
vt 5.6875 0.181396484
vt 5.6875 0.113891602
vt 5.3203125 0.113891602
vt 5.3203125 0.181396484
vt 5.3203125 0.181396484
vt 5.3203125 0.113891602
vt 5.6875 0.181396484
vt 5.6875 0.113891602
vt 5.3203125 0.181396484
vt 5.3203125 0.181396484
vt 5.6875 0.181396484
vt 5.6875 0.181396484
vt 5.3203125 0.181396484
vt 5.6875 0.181396484
vt 5.6875 0.181396484
vt 5.6875 0.113891602
vt 5.3203125 0.113891602
vt 5.3203125 0.181396484
vt 5.3203125 0.181396484
vt 5.3203125 0.113891602
vt 5.6875 0.181396484
vt 5.6875 0.113891602
vt 5.3203125 0.181396484
vt 5.3203125 0.181396484
vt 5.6875 0.181396484
vt 5.6875 0.181396484
vt 5.3203125 0.181396484
vt 5.6875 0.181396484
vt 5.6875 0.181396484
vt 5.6875 0.113891602
vt 5.3203125 0.113891602
vt 5.3203125 0.181396484
vt 5.3203125 0.181396484
vt 0.303466797 0.501464844
vt 0.999023438 0.996582031
vt 0.999023438 0.501464844
vt 0.303466797 0.996582031
vt 1.96875 0.525390625
vt 1.50292969 0.499511719
vt 1.52636719 0.525390625
vt 1.99707031 0.499511719
vt 0.491455078 0.588867188
vt 0.934082031 0.602539062
vt 0.90625 0.588867188
vt 0.463623047 0.602539062
vt 1.50195312 0.499023438
vt 1.99804688 -0.00106906891
vt 1.50195312 -0.00106906891
vt 1.99804688 0.499023438
vt 1.50195312 0.499023438
vt 1.99804688 0.525390625
vt 1.99804688 0.499023438
vt 1.50195312 0.525390625
vt 0.997558594 0.000209331512
vt 0.968261719 0.499511719
vt 0.997558594 0.499511719
vt 0.968261719 0.000209212303
vt 0.501953125 0.5
vt 0.997558594 0.520507812
vt 0.997558594 0.5
vt 0.501953125 0.520507812
vt 0.500488281 0.498779297
vt 0.528320312 -0.000270843506
vt 0.500488281 -0.000270843506
vt 0.528320312 0.498779297
vt 1.50195312 0.499023438
vt 1.99804688 -0.00106906891
vt 1.50195312 -0.00106906891
vt 1.99804688 0.499023438
vt 1.50195312 0.499023438
vt 1.99804688 0.525390625
vt 1.99804688 0.499023438
vt 1.50195312 0.525390625
vt 0.997558594 0.000209331512
vt 0.968261719 0.499511719
vt 0.997558594 0.499511719
vt 0.968261719 0.000209212303
vt 0.501953125 0.5
vt 0.997558594 0.520507812
vt 0.997558594 0.5
vt 0.501953125 0.520507812
vt 0.500488281 0.498779297
vt 0.528320312 -0.000270843506
vt 0.500488281 -0.000270843506
vt 0.528320312 0.498779297
vt 1.50195312 -0.00470733643
vt 1.99804688 -0.504394531
vt 1.50195312 -0.504394531
vt 1.99804688 -0.00470733643
vt 1.50195312 -0.00470733643
vt 1.99804688 0.525390625
vt 1.99804688 -0.00470733643
vt 1.50195312 0.525390625
vt 0.997558594 0.000209331512
vt 0.968261719 0.499511719
vt 0.997558594 0.499511719
vt 0.968261719 0.000209212303
vt 0.501953125 0.5
vt 0.997558594 0.520507812
vt 0.997558594 0.5
vt 0.501953125 0.520507812
vt 0.500488281 0.498779297
vt 0.528320312 -0.000270843506
vt 0.500488281 -0.000270843506
vt 0.528320312 0.498779297
vt 16.375 0.947753906
vt 16.6875 0.999511719
vt 16.6875 0.947753906
vt 16.375 0.999511719
vt 16.375 0.926757812
vt 16.6875 0.999511719
vt 16.375 0.999511719
vt 16.6875 0.926757812
vt 16.625 0.926757812
vt 16.9375 0.999511719
vt 16.625 0.999511719
vt 16.9375 0.926757812
vt 16.546875 0.947753906
vt 16.859375 0.999511719
vt 16.859375 0.947753906
vt 16.546875 0.999511719
vt 16.546875 0.926757812
vt 16.859375 0.999511719
vt 16.546875 0.999511719
vt 16.859375 0.926757812
vt 16.453125 0.926757812
vt 16.765625 0.999511719
vt 16.453125 0.999511719
vt 16.765625 0.926757812
vt 0.0770263672 0.923339844
vt 0.919921875 1.07128906
vt 0.919921875 0.923339844
vt 0.0770263672 1.07128906
vt 0.0770263672 0.923828125
vt 0.919921875 1.07128906
vt 0.919921875 0.923828125
vt 0.0770263672 1.07128906
vt 16.34375 0.947753906
vt 16.859375 0.999511719
vt 16.859375 0.947753906
vt 16.34375 0.999511719
vt 16.34375 0.926757812
vt 16.859375 0.999511719
vt 16.34375 0.999511719
vt 16.859375 0.926757812
vt 16.453125 0.926757812
vt 16.96875 0.999511719
vt 16.453125 0.999511719
vt 16.96875 0.926757812
vt 0.0770263672 0.923828125
vt 1.45605469 1.07128906
vt 1.45605469 0.923828125
vt 0.0770263672 1.07128906
vt 16.359375 0.947753906
vt 16.859375 0.999511719
vt 16.859375 0.947753906
vt 16.359375 0.999511719
vt 16.359375 0.926757812
vt 16.859375 0.999511719
vt 16.359375 0.999511719
vt 16.859375 0.926757812
vt 16.453125 0.926757812
vt 16.9375 0.999511719
vt 16.453125 0.999511719
vt 16.9375 0.926757812
vt 0.0770263672 0.923828125
vt 1.38964844 1.07128906
vt 1.38964844 0.923828125
vt 0.0770263672 1.07128906
vt -0.316162109 0.00177288055
vt 16 0.995605469
vt 16 0.00165462494
vt -0.316162109 0.995605469
vt -0.316162109 0.00177288055
vt -0.316162109 0.995605469
vt 16 0.00165462494
vt 0.125 -0.340576172
vt 21.703125 3.70898438
vt 0.125 3.70898438
vt 21.703125 -0.340576172
vt 10 0.00169849396
vt 11.0078125 0.995605469
vt 11.0078125 0.00169086456
vt 10 0.995605469
vt -0.316162109 0.00177288055
vt 9.234375 0.995605469
vt 9.234375 0.00170135498
vt -0.316162109 0.995605469
vt 9.0703125 -0.340576172
vt 21.703125 3.70898438
vt 9.0703125 3.70898438
vt 21.703125 -0.340576172
vt 0.600585938 -1.28027344
vt 0.232177734 13.390625
vt 0.600585938 12.75
vt 0.232177734 -1.88183594
vt 0.600585938 -1.28027344
vt 0.232177734 13.390625
vt 0.600585938 12.75
vt -0.316162109 0.00177288055
vt 9.234375 0.995605469
vt 9.234375 0.00170135498
vt -0.316162109 0.995605469
vt -0.316162109 0.00177288055
vt -0.316162109 0.995605469
vt 9.234375 0.00170135498
vt 9.0703125 -0.340576172
vt 21.703125 3.70898438
vt 9.0703125 3.70898438
vt 21.703125 -0.340576172
vt 16.6875 -0.000938415527
vt 16.625 0.999511719
vt 16.625 -0.000938415527
vt 16.6875 0.999511719
vt 16.625 -0.000938415527
vt 15.3984375 0.999511719
vt 15.3984375 -0.000938892365
vt 16.625 0.999511719
vt 15.3984375 0.947753906
vt 16.625 0.999511719
vt 16.625 0.947753906
vt 15.3984375 0.999511719
vt 17.90625 -0.000938415527
vt 16.6875 0.999511719
vt 16.6875 -0.000938415527
vt 17.90625 0.999511719
vt 0.740722656 0.177490234
vt 0.920898438 -0.000534534454
vt 0.920898438 0.177490234
vt 0.740722656 -0.000534534454
vt 0.920898438 0.177490234
vt 0.740722656 0.271484375
vt 0.740722656 0.177490234
vt 0.920898438 0.271484375
vt 0.920898438 0.177490234
vt 0.740722656 0.271484375
vt 0.740722656 0.177490234
vt 0.920898438 0.271484375
vt 0.920898438 0.177490234
vt 0.740722656 0.271484375
vt 0.740722656 0.177490234
vt 0.920898438 0.271484375
vt 0.0900268555 0.177490234
vt 0.270019531 -0.000534534454
vt 0.270019531 0.177490234
vt 0.0900268555 -0.000534534454
vt 0.270019531 0.177490234
vt 0.0900268555 0.271484375
vt 0.0900268555 0.177490234
vt 0.270019531 0.271484375
vt 0.270019531 0.177490234
vt 0.0900268555 0.271484375
vt 0.0900268555 0.177490234
vt 0.270019531 0.271484375
vt 0.270019531 0.177490234
vt 0.0900268555 0.271484375
vt 0.0900268555 0.177490234
vt 0.270019531 0.271484375
vt 0.740722656 0.177490234
vt 0.920898438 -0.000534534454
vt 0.920898438 0.177490234
vt 0.740722656 -0.000534534454
vt 0.920898438 0.177490234
vt 0.740722656 0.271484375
vt 0.740722656 0.177490234
vt 0.920898438 0.271484375
vt 0.920898438 0.177490234
vt 0.740722656 0.271484375
vt 0.740722656 0.177490234
vt 0.920898438 0.271484375
vt 0.920898438 0.177490234
vt 0.740722656 0.271484375
vt 0.740722656 0.177490234
vt 0.920898438 0.271484375
vt 0.740722656 0.177490234
vt 0.920898438 -0.000534534454
vt 0.920898438 0.177490234
vt 0.740722656 -0.000534534454
vt 0.920898438 0.177490234
vt 0.740722656 0.271484375
vt 0.740722656 0.177490234
vt 0.920898438 0.271484375
vt 0.920898438 0.177490234
vt 0.740722656 0.271484375
vt 0.740722656 0.177490234
vt 0.920898438 0.271484375
vt 0.920898438 0.177490234
vt 0.740722656 0.271484375
vt 0.740722656 0.177490234
vt 0.920898438 0.271484375
vt 0.395263672 0.861816406
vt 0.599121094 0.793945312
vt 0.599121094 0.861816406
vt 0.395263672 0.793945312
vt 0.396484375 0.861816406
vt 0.600097656 0.793945312
vt 0.600097656 0.861816406
vt 0.396484375 0.793945312
vt 0.395263672 0.861816406
vt 0.599121094 0.793945312
vt 0.599121094 0.861816406
vt 0.395263672 0.793945312
vt 0.395263672 0.861816406
vt 0.599121094 0.793945312
vt 0.599121094 0.861816406
vt 0.395263672 0.793945312
vt 12.125 0.950683594
vt 13.171875 1
vt 13.171875 0.953125
vt 12.125 1.00097656
vt 21.1875 -0.000938892365
vt 20.140625 0.999511719
vt 20.140625 -0.000938415527
vt 21.1875 0.999511719
vt 9.1015625 -0.00093793869
vt 9.0390625 0.999511719
vt 9.0390625 -0.00093793869
vt 9.1015625 0.999511719
vt 13.171875 -0.000937461853
vt 12.125 1.00097656
vt 12.125 -0.000937461853
vt 13.171875 1
vt 12.125 0.950683594
vt 13.9296875 1
vt 13.9296875 0.950195312
vt 12.125 1.00097656
vt 21.1875 -0.000938892365
vt 19.375 0.999511719
vt 19.375 -0.000938415527
vt 21.1875 0.999511719
vt 9.1015625 -0.00093793869
vt 9.0390625 0.999511719
vt 9.0390625 -0.00093793869
vt 9.1015625 0.999511719
vt 13.9296875 -0.000936985016
vt 12.125 1.00097656
vt 12.125 -0.000937461853
vt 13.9296875 1
vt 16.6875 -0.000938415527
vt 16.625 0.999511719
vt 16.625 -0.000938415527
vt 16.6875 0.999511719
vt 16.625 -0.000938415527
vt 15.8671875 0.999511719
vt 15.8671875 -0.000938892365
vt 16.625 0.999511719
vt 15.8671875 0.947753906
vt 16.625 0.999511719
vt 16.625 0.947753906
vt 15.8671875 0.999511719
vt 17.4375 -0.000938415527
vt 16.6875 0.999511719
vt 16.6875 -0.000938415527
vt 17.4375 0.999511719
vt 16.6875 -0.000938415527
vt 16.625 0.999511719
vt 16.625 -0.000938415527
vt 16.6875 0.999511719
vt 16.625 -0.000938415527
vt 15.96875 0.999511719
vt 15.96875 -0.000938415527
vt 16.625 0.999511719
vt 15.96875 0.947753906
vt 16.625 0.999511719
vt 16.625 0.947753906
vt 15.96875 0.999511719
vt 17.34375 -0.000938415527
vt 16.6875 0.999511719
vt 16.6875 -0.000938415527
vt 17.34375 0.999511719
vt 16.6875 -0.000938415527
vt 16.625 0.999511719
vt 16.625 -0.000938415527
vt 16.6875 0.999511719
vt 16.625 -0.000938415527
vt 14.265625 0.999511719
vt 14.265625 -0.000936508179
vt 16.625 0.999511719
vt 14.265625 0.947753906
vt 16.625 0.999511719
vt 16.625 0.947753906
vt 14.265625 0.999511719
vt 19.046875 -0.000938892365
vt 16.6875 0.999511719
vt 16.6875 -0.000938415527
vt 19.046875 0.999511719
vt 12.125 0.950683594
vt 16.1875 1
vt 16.1875 0.94921875
vt 12.125 1.00097656
vt 21.1875 -0.000938892365
vt 17.125 0.999511719
vt 17.125 -0.000938415527
vt 21.1875 0.999511719
vt 9.1015625 -0.00093793869
vt 9.0390625 0.999511719
vt 9.0390625 -0.00093793869
vt 9.1015625 0.999511719
vt 16.1875 -0.000936508179
vt 12.125 1.00097656
vt 12.125 -0.000937461853
vt 16.1875 1
vt 16.6875 -0.000938415527
vt 16.625 0.999511719
vt 16.625 -0.000938415527
vt 16.6875 0.999511719
vt 16.625 -0.000938415527
vt 16.40625 0.999511719
vt 16.40625 -0.000938892365
vt 16.625 0.999511719
vt 16.40625 0.947753906
vt 16.625 0.999511719
vt 16.625 0.947753906
vt 16.40625 0.999511719
vt 16.90625 -0.000938415527
vt 16.6875 0.999511719
vt 16.6875 -0.000938415527
vt 16.90625 0.999511719
vt 16.6875 -0.000938415527
vt 16.625 0.999511719
vt 16.625 -0.000938415527
vt 16.6875 0.999511719
vt 16.625 -0.000938415527
vt 15.8671875 0.999511719
vt 15.8671875 -0.000938892365
vt 16.625 0.999511719
vt 15.8671875 0.947753906
vt 16.625 0.999511719
vt 16.625 0.947753906
vt 15.8671875 0.999511719
vt 17.4375 -0.000938415527
vt 16.6875 0.999511719
vt 16.6875 -0.000938415527
vt 17.4375 0.999511719
vt 16.6875 -0.000938415527
vt 16.625 0.999511719
vt 16.625 -0.000938415527
vt 16.6875 0.999511719
vt 16.625 -0.000938415527
vt 15.2265625 0.999511719
vt 15.2265625 -0.00093793869
vt 16.625 0.999511719
vt 15.2265625 0.947753906
vt 16.625 0.999511719
vt 16.625 0.947753906
vt 15.2265625 0.999511719
vt 18.078125 -0.000938892365
vt 16.6875 0.999511719
vt 16.6875 -0.000938415527
vt 18.078125 0.999511719
vt 16.6875 -0.000938415527
vt 16.625 0.999511719
vt 16.625 -0.000938415527
vt 16.6875 0.999511719
vt 16.625 -0.000938415527
vt 16.234375 0.999511719
vt 16.234375 -0.000938415527
vt 16.625 0.999511719
vt 16.234375 0.947753906
vt 16.625 0.999511719
vt 16.625 0.947753906
vt 16.234375 0.999511719
vt 17.078125 -0.000938415527
vt 16.6875 0.999511719
vt 16.6875 -0.000938415527
vt 17.078125 0.999511719
vt 16.6875 -0.000938415527
vt 16.625 0.999511719
vt 16.625 -0.000938415527
vt 16.6875 0.999511719
vt 16.625 -0.000938415527
vt 15.8671875 0.999511719
vt 15.8671875 -0.000938892365
vt 16.625 0.999511719
vt 15.8671875 0.947753906
vt 16.625 0.999511719
vt 16.625 0.947753906
vt 15.8671875 0.999511719
vt 17.4375 -0.000938415527
vt 16.6875 0.999511719
vt 16.6875 -0.000938415527
vt 17.4375 0.999511719
vt 16.6875 -0.000938415527
vt 16.625 0.999511719
vt 16.625 -0.000938415527
vt 16.6875 0.999511719
vt 16.625 -0.000938415527
vt 16.140625 0.999511719
vt 16.140625 -0.000938415527
vt 16.625 0.999511719
vt 16.140625 0.947753906
vt 16.625 0.999511719
vt 16.625 0.947753906
vt 16.140625 0.999511719
vt 17.171875 -0.000938415527
vt 16.6875 0.999511719
vt 16.6875 -0.000938415527
vt 17.171875 0.999511719
vt 16.6875 -0.000938415527
vt 16.625 0.999511719
vt 16.625 -0.000938415527
vt 16.6875 0.999511719
vt 16.625 -0.000938415527
vt 14.84375 0.999511719
vt 14.84375 -0.000940322876
vt 16.625 0.999511719
vt 14.84375 0.947753906
vt 16.625 0.999511719
vt 16.625 0.947753906
vt 14.84375 0.999511719
vt 18.46875 -0.000938892365
vt 16.6875 0.999511719
vt 16.6875 -0.000938415527
vt 18.46875 0.999511719
vt 8.859375 0.947753906
vt 8.96875 0.999511719
vt 8.96875 0.947753906
vt 8.859375 0.999511719
vt 8.796875 -0.000939369202
vt 8.6796875 0.999511719
vt 8.6796875 -0.000939369202
vt 8.796875 0.999511719
vt 8.859375 -0.00093793869
vt 8.796875 0.999511719
vt 8.796875 -0.00093793869
vt 8.859375 0.999511719
vt 8.96875 -0.000938415527
vt 8.859375 0.999511719
vt 8.859375 -0.00093793869
vt 8.96875 0.999511719
vt 16.6875 -0.000938415527
vt 16.625 0.999511719
vt 16.625 -0.000938415527
vt 16.6875 0.999511719
vt 16.625 -0.000938415527
vt 13.2265625 0.999511719
vt 13.2265625 -0.000945568085
vt 16.625 0.999511719
vt 13.2265625 0.947753906
vt 16.625 0.999511719
vt 16.625 0.947753906
vt 13.2265625 0.999511719
vt 20.078125 -0.000938892365
vt 16.6875 0.999511719
vt 16.6875 -0.000938415527
vt 20.078125 0.999511719
vt 8.9140625 0.947753906
vt 14.7109375 0.999511719
vt 14.7109375 0.947753906
vt 8.9140625 0.999511719
vt 24.40625 -0.000939369202
vt 18.59375 0.999511719
vt 18.59375 -0.000938892365
vt 24.40625 0.999511719
vt 9.1015625 -0.00093793869
vt 9.0390625 0.999511719
vt 9.0390625 -0.00093793869
vt 9.1015625 0.999511719
vt 14.7109375 -0.00093460083
vt 8.9140625 0.999511719
vt 8.9140625 -0.00093793869
vt 14.7109375 0.999511719
vt 1.39941406 -0.00093793869
vt 1.33886719 0.999511719
vt 1.33886719 -0.00093793869
vt 1.39941406 0.999511719
vt 16.6875 -0.000938415527
vt 16.625 0.999511719
vt 16.625 -0.000938415527
vt 16.6875 0.999511719
vt 16.625 -0.000938415527
vt 15.7890625 0.999511719
vt 15.7890625 -0.000938892365
vt 16.625 0.999511719
vt 15.7890625 0.947753906
vt 16.625 0.999511719
vt 16.625 0.947753906
vt 15.7890625 0.999511719
vt 17.515625 -0.000938415527
vt 16.6875 0.999511719
vt 16.6875 -0.000938415527
vt 17.515625 0.999511719
vt 8.859375 0.947753906
vt 8.96875 0.999511719
vt 8.96875 0.947753906
vt 8.859375 0.999511719
vt 8.796875 -0.000939369202
vt 8.6796875 0.999511719
vt 8.6796875 -0.000939369202
vt 8.796875 0.999511719
vt 8.859375 -0.00093793869
vt 8.796875 0.999511719
vt 8.796875 -0.00093793869
vt 8.859375 0.999511719
vt 8.96875 -0.000938415527
vt 8.859375 0.999511719
vt 8.859375 -0.00093793869
vt 8.96875 0.999511719
vt 8.796875 0.947753906
vt 16.625 0.999511719
vt 16.625 0.947753906
vt 8.796875 0.999511719
vt 24.515625 -0.000939369202
vt 16.6875 0.999511719
vt 16.6875 -0.000938415527
vt 24.515625 0.999511719
vt 16.6875 -0.000938415527
vt 16.625 0.999511719
vt 16.625 -0.000938415527
vt 16.6875 0.999511719
vt 16.625 -0.000938415527
vt 8.796875 0.999511719
vt 8.796875 -0.00093793869
vt 16.625 0.999511719
vt 9.1015625 -0.00093793869
vt 9.0390625 0.999511719
vt 9.0390625 -0.00093793869
vt 9.1015625 0.999511719
vt 16.6875 -0.000938415527
vt 16.625 0.999511719
vt 16.625 -0.000938415527
vt 16.6875 0.999511719
vt 16.625 -0.000938415527
vt 15.4609375 0.999511719
vt 15.4609375 -0.000938892365
vt 16.625 0.999511719
vt 15.4609375 0.947753906
vt 16.625 0.999511719
vt 16.625 0.947753906
vt 15.4609375 0.999511719
vt 17.859375 -0.000938415527
vt 16.6875 0.999511719
vt 16.6875 -0.000938415527
vt 17.859375 0.999511719
vt 16.6875 -0.000938415527
vt 16.625 0.999511719
vt 16.625 -0.000938415527
vt 16.6875 0.999511719
vt 16.625 -0.000938415527
vt 15.2265625 0.999511719
vt 15.2265625 -0.00093793869
vt 16.625 0.999511719
vt 15.2265625 0.947753906
vt 16.625 0.999511719
vt 16.625 0.947753906
vt 15.2265625 0.999511719
vt 18.078125 -0.000938892365
vt 16.6875 0.999511719
vt 16.6875 -0.000938415527
vt 18.078125 0.999511719
vt 8.796875 0.947753906
vt 14.7109375 0.999511719
vt 14.7109375 0.947753906
vt 8.796875 0.999511719
vt 24.515625 -0.000939369202
vt 18.59375 0.999511719
vt 18.59375 -0.000938892365
vt 24.515625 0.999511719
vt 9.1015625 -0.00093793869
vt 9.0390625 0.999511719
vt 9.0390625 -0.00093793869
vt 9.1015625 0.999511719
vt 14.7109375 -0.00093460083
vt 8.796875 0.999511719
vt 8.796875 -0.00093793869
vt 14.7109375 0.999511719
vt 1.39941406 -0.00093793869
vt 1.33886719 0.999511719
vt 1.33886719 -0.00093793869
vt 1.39941406 0.999511719
vt 11.7109375 7.85546875
vt 8.1875 6.13671875
vt 8.5703125 7.85546875
vt 10.9453125 6.13671875
vt 11.7421875 5.8125
vt 8.1953125 4.09375
vt 8.5859375 5.8125
vt 10.9609375 4.09375
vt 20.609375 1.72753906
vt 14.375 0.00999450684
vt 15.25 1.72753906
vt 18.890625 0.00999450684
vt 4.5078125 1.72753906
vt 0.8125 0.00999450684
vt -0.858398438 1.72753906
vt 5.33203125 0.00999450684
vt 2.28320312 7.85546875
vt -0.0956420898 6.13671875
vt -0.858398438 7.85546875
vt 2.66601562 6.13671875
vt 2.29101562 5.8125
vt -0.0947875977 4.09375
vt -0.858398438 5.8125
vt 2.66992188 4.09375
vt 0.499755859 1.00976562
vt -0.750488281 0.00486373901
vt -0.750488281 1.00976562
vt 0.499755859 0.00486373901
vt -2 0.00486373901
vt -2 1.00976562
vt 1.75 1.00976562
vt 1.75 0.00486373901
vt 3 1.00976562
vt 3 0.00486373901
vt 1.50488281 1.00976562
vt 0.00868225098 0.00486373901
vt 0.00868225098 1.00976562
vt 1.50488281 0.00486373901
vt 3 1.00976562
vt 3 0.00486373901
vt 1.50488281 1.00976562
vt 0.00914764404 0.00486373901
vt 0.00914764404 1.00976562
vt 1.50488281 0.00486373901
vt 3 1.00976562
vt 3 0.00486373901
vt 19.96875 12.046875
vt 0.00100040436 -0.0306854248
vt 0.000995635986 12.0625
vt 19.96875 -0.0306854248
vt 11.015625 12.046875
vt 6.99609375 -0.0306854248
vt 6.99609375 12.0625
vt 11.015625 -0.0306854248
vt 11.015625 12.046875
vt 6.99609375 -0.0306854248
vt 6.99609375 12.0625
vt 11.015625 -0.0306854248
vt 11.015625 12.046875
vt 6.99609375 4.984375
vt 6.99609375 12.0625
vt 11.015625 4.984375
vt -5.73828125 0.770996094
vt 16.109375 2.3125
vt -5.73828125 2.3125
vt 16.109375 0.770996094
vt -1.58398438 0.0186309814
vt 12.453125 1.29101562
vt 11.3046875 -0.040435791
vt -2.74804688 1.36914062
vt 1.00097656 0.865234375
vt 0.00115776062 0.743164062
vt 0.00115776062 0.865234375
vt 1.00097656 0.743164062
vt 1.00097656 0.0991210938
vt 0.00115776062 0.865234375
vt 0.00115776062 0.0991210938
vt 1.00097656 0.865234375
vt 0.00115776062 0.0991210938
vt -0.285400391 0.872558594
vt -0.285400391 0.0991210938
vt 0.00115776062 0.872558594
vt 0.00115776062 0.0991210938
vt 1.00097656 0.865234375
vt 1.00097656 0.0991210938
vt 0.00115776062 0.865234375
vt 1.00097656 0.0991210938
vt 0.700195312 0.872558594
vt 0.700195312 0.0991210938
vt 1.00097656 0.872558594
vt 0.00115776062 0.743164062
vt 1.00097656 0.865234375
vt 0.00115776062 0.865234375
vt 1.00097656 0.743164062
vt -0.285400391 0.0991210938
vt 0.00115776062 0.872558594
vt 0.00115776062 0.0991210938
vt -0.285400391 0.872558594
vt 0.700195312 0.0991210938
vt 1.00097656 0.872558594
vt 1.00097656 0.0991210938
vt 0.700195312 0.872558594
vt 1.00097656 0.865234375
vt 0.00115776062 0.743164062
vt 0.00115776062 0.865234375
vt 1.00097656 0.743164062
vt 1.00097656 0.0991210938
vt 0.00115776062 0.865234375
vt 0.00115776062 0.0991210938
vt 1.00097656 0.865234375
vt 0.00115776062 0.0991210938
vt -0.285400391 0.872558594
vt -0.285400391 0.0991210938
vt 0.00115776062 0.872558594
vt 0.00115776062 0.0991210938
vt 1.00097656 0.865234375
vt 1.00097656 0.0991210938
vt 0.00115776062 0.865234375
vt 1.00097656 0.0991210938
vt 0.700195312 0.872558594
vt 0.700195312 0.0991210938
vt 1.00097656 0.872558594
vt 0.00115776062 0.743164062
vt 1.00097656 0.865234375
vt 0.00115776062 0.865234375
vt 1.00097656 0.743164062
vt -0.285400391 0.0991210938
vt 0.00115776062 0.872558594
vt 0.00115776062 0.0991210938
vt -0.285400391 0.872558594
vt 0.700195312 0.0991210938
vt 1.00097656 0.872558594
vt 1.00097656 0.0991210938
vt 0.700195312 0.872558594
vt 1.00097656 0.865234375
vt 0.00115776062 0.743164062
vt 0.00115776062 0.865234375
vt 1.00097656 0.743164062
vt 1.00097656 0.0991210938
vt 0.00115776062 0.865234375
vt 0.00115776062 0.0991210938
vt 1.00097656 0.865234375
vt 0.00115776062 0.0991210938
vt -0.285400391 0.872558594
vt -0.285400391 0.0991210938
vt 0.00115776062 0.872558594
vt 0.00115776062 0.0991210938
vt 1.00097656 0.865234375
vt 1.00097656 0.0991210938
vt 0.00115776062 0.865234375
vt 1.00097656 0.0991210938
vt 0.700195312 0.872558594
vt 0.700195312 0.0991210938
vt 1.00097656 0.872558594
vt 0.00115776062 0.743164062
vt 1.00097656 0.865234375
vt 0.00115776062 0.865234375
vt 1.00097656 0.743164062
vt -0.285400391 0.0991210938
vt 0.00115776062 0.872558594
vt 0.00115776062 0.0991210938
vt -0.285400391 0.872558594
vt 0.700195312 0.0991210938
vt 1.00097656 0.872558594
vt 1.00097656 0.0991210938
vt 0.700195312 0.872558594
vt 1.00097656 0.865234375
vt 0.00115776062 0.743164062
vt 0.00115776062 0.865234375
vt 1.00097656 0.743164062
vt 1.00097656 0.0991210938
vt 0.00115776062 0.865234375
vt 0.00115776062 0.0991210938
vt 1.00097656 0.865234375
vt 0.00115776062 0.0991210938
vt -0.285400391 0.872558594
vt -0.285400391 0.0991210938
vt 0.00115776062 0.872558594
vt 0.00115776062 0.0991210938
vt 1.00097656 0.865234375
vt 1.00097656 0.0991210938
vt 0.00115776062 0.865234375
vt 1.00097656 0.0991210938
vt 0.700195312 0.872558594
vt 0.700195312 0.0991210938
vt 1.00097656 0.872558594
vt 0.00115776062 0.743164062
vt 1.00097656 0.865234375
vt 0.00115776062 0.865234375
vt 1.00097656 0.743164062
vt -0.285400391 0.0991210938
vt 0.00115776062 0.872558594
vt 0.00115776062 0.0991210938
vt -0.285400391 0.872558594
vt 0.700195312 0.0991210938
vt 1.00097656 0.872558594
vt 1.00097656 0.0991210938
vt 0.700195312 0.872558594
vt 6.859375 1.12402344
vt -9.07182693e-05 0.99609375
vt -9.07182693e-05 1.12402344
vt 6.859375 0.99609375
vt -0.000150799751 1.12402344
vt -1.24707031 0.99609375
vt -1.24707031 1.12402344
vt -0.000150799751 0.99609375
vt -1.24609375 0.0748291016
vt -2.26171875 -0.00017786026
vt -1.24609375 -0.00017786026
vt -2.4921875 0.0748291016
vt -2.41015625 -0.00017786026
vt -1.24804688 0.99609375
vt -2.53515625 1.12402344
vt -1.24804688 1.12402344
vt -2.53515625 0.995605469
vt 0.00105667114 -0.000431776047
vt 6.859375 0.0745849609
vt 0.00105667114 0.0745849609
vt 6.859375 -0.000431776047
vt -1.24609375 -0.000171780586
vt 0.000671386719 0.0748291016
vt -1.24609375 0.0748291016
vt 0.000671386719 -0.000171780586
vt 3.69726562 0.0844726562
vt 29.8125 -5.8984375
vt 3.69726562 -5.8984375
vt 29.8125 0.0844726562
vt -94.25 7.51953125
vt -90 11.875
vt -90 7.51953125
vt -90 11.875
vt -59 7.51953125
vt -90 7.51953125
vt -59 11.875
vt -59 11.875
vt -54.125 7.51953125
vt -59 7.51953125
vt -54.125 11.875
vt 0.0048789978 1.12011719
vt 1.00097656 1.36035156
vt 0.00487518311 1.36035156
vt 1.00097656 1.12011719
vt 0.997558594 0.00999450684
vt 1.25 0.994628906
vt 1.25 0.00999450684
vt 0.997558594 0.994628906
vt 0.997558594 0.00999450684
vt 0.00281715393 0.994628906
vt 0.00281715393 0.00999450684
vt 0.997558594 0.994628906
vt 0.997558594 0.00999450684
vt 1.25 0.994628906
vt 1.25 0.00999450684
vt 0.997558594 0.994628906
vt 0.997558594 0.00999450684
vt 0.00147724152 0.994628906
vt 0.00147724152 0.00999450684
vt 0.997558594 0.994628906
vt 0.00487518311 1.36035156
vt 1.00097656 1.12109375
vt 0.00487518311 1.12109375
vt 1.00097656 1.36035156
vt 1.25 0.00999450684
vt 0.997558594 0.994628906
vt 0.997558594 0.00999450684
vt 1.25 0.994628906
vt 1.25 0.00999450684
vt 0.997558594 0.994628906
vt 0.997558594 0.00999450684
vt 1.25 0.994628906
vt 1.00097656 0.865234375
vt 0.00115776062 0.743164062
vt 0.00115776062 0.865234375
vt 1.00097656 0.743164062
vt 1.00097656 0.0991210938
vt 0.00115776062 0.865234375
vt 0.00115776062 0.0991210938
vt 1.00097656 0.865234375
vt 0.00115776062 0.0991210938
vt -0.285400391 0.872558594
vt -0.285400391 0.0991210938
vt 0.00115776062 0.872558594
vt 0.00115776062 0.0991210938
vt 1.00097656 0.865234375
vt 1.00097656 0.0991210938
vt 0.00115776062 0.865234375
vt 1.00097656 0.0991210938
vt 0.700195312 0.872558594
vt 0.700195312 0.0991210938
vt 1.00097656 0.872558594
vt 0.00115776062 0.743164062
vt 1.00097656 0.865234375
vt 0.00115776062 0.865234375
vt 1.00097656 0.743164062
vt -0.285400391 0.0991210938
vt 0.00115776062 0.872558594
vt 0.00115776062 0.0991210938
vt -0.285400391 0.872558594
vt 0.700195312 0.0991210938
vt 1.00097656 0.872558594
vt 1.00097656 0.0991210938
vt 0.700195312 0.872558594
vt 0.0048789978 1.12011719
vt 1.00097656 1.36035156
vt 0.00487518311 1.36035156
vt 1.00097656 1.12011719
vt 0.997558594 0.00999450684
vt 0.00281715393 0.994628906
vt 0.00281715393 0.00999450684
vt 0.997558594 0.994628906
vt 0.997558594 0.00999450684
vt 1.25 0.994628906
vt 1.25 0.00999450684
vt 0.997558594 0.994628906
vt 0.997558594 0.00999450684
vt 0.00147724152 0.994628906
vt 0.00147724152 0.00999450684
vt 0.997558594 0.994628906
vt 0.00487518311 1.36035156
vt 1.00097656 1.12109375
vt 0.00487518311 1.12109375
vt 1.00097656 1.36035156
vt 1.25 0.00999450684
vt 0.997558594 0.994628906
vt 0.997558594 0.00999450684
vt 1.25 0.994628906
vt 1.00097656 0.865234375
vt 0.00115776062 0.743164062
vt 0.00115776062 0.865234375
vt 1.00097656 0.743164062
vt 1.00097656 0.0991210938
vt 0.00115776062 0.865234375
vt 0.00115776062 0.0991210938
vt 1.00097656 0.865234375
vt 0.00115776062 0.0991210938
vt -0.285400391 0.872558594
vt -0.285400391 0.0991210938
vt 0.00115776062 0.872558594
vt 0.00115776062 0.0991210938
vt 1.00097656 0.865234375
vt 1.00097656 0.0991210938
vt 0.00115776062 0.865234375
vt 1.00097656 0.0991210938
vt 0.700195312 0.872558594
vt 0.700195312 0.0991210938
vt 1.00097656 0.872558594
vt 0.00115776062 0.743164062
vt 1.00097656 0.865234375
vt 0.00115776062 0.865234375
vt 1.00097656 0.743164062
vt -0.285400391 0.0991210938
vt 0.00115776062 0.872558594
vt 0.00115776062 0.0991210938
vt -0.285400391 0.872558594
vt 0.700195312 0.0991210938
vt 1.00097656 0.872558594
vt 1.00097656 0.0991210938
vt 0.700195312 0.872558594
vt 0.00100135803 44.65625
vt 3.78320312 42.59375
vt 0.00100135803 42.59375
vt 77.3125 44.65625
vt 0.00100135803 44.65625
vt 3.78320312 42.59375
vt 0.00100135803 42.59375
vt 77.3125 44.65625
vt 79.4375 46.71875
vt 0.00100135803 46.71875
vt 0.303466797 0.501464844
vt 0.999023438 0.996582031
vt 0.999023438 0.501464844
vt 0.303466797 0.996582031
vt 1.96875 0.525390625
vt 1.50292969 0.499511719
vt 1.52636719 0.525390625
vt 1.99707031 0.499511719
vt 0.491455078 0.588867188
vt 0.935546875 0.603515625
vt 0.90625 0.588867188
vt 0.462402344 0.603515625
vt 2 0.998046875
vt 1.30175781 0.5
vt 1.30175781 0.998046875
vt 2 0.5
vt 0.999023438 0.501464844
vt 0.303466797 0.996582031
vt 0.999023438 0.996582031
vt 0.303466797 0.501464844
vt 1.99707031 0.499267578
vt 1.96777344 0.970703125
vt 1.99707031 0.999023438
vt 1.96875 0.514160156
vt 1.50292969 0.999023438
vt 1.52636719 0.525390625
vt 1.50292969 0.499511719
vt 1.52636719 0.971679688
vt 2 0.998046875
vt 1.30175781 0.5
vt 1.30175781 0.998046875
vt 2 0.5
vt 0.303466797 0.996582031
vt 0.999023438 0.501464844
vt 0.303466797 0.501464844
vt 0.999023438 0.996582031
vt 1.50292969 0.999023438
vt 1.52539062 0.514160156
vt 1.50292969 0.499267578
vt 1.52636719 0.970703125
vt 1.99707031 0.499511719
vt 1.96875 0.971679688
vt 1.99707031 0.999023438
vt 1.96875 0.525390625
vt 2 0.998046875
vt 1.30175781 0.5
vt 1.30175781 0.998046875
vt 2 0.5
vt 0.303466797 0.996582031
vt 0.999023438 0.501464844
vt 0.303466797 0.501464844
vt 0.999023438 0.996582031
vt 1.99707031 0.999023438
vt 1.52636719 0.971679688
vt 1.50292969 0.999023438
vt 1.96875 0.971679688
vt 1.99707031 0.999023438
vt 1.52636719 0.970703125
vt 1.50292969 0.999023438
vt 1.96777344 0.970703125
vt 2 0.998046875
vt 1.30175781 0.5
vt 1.30175781 0.998046875
vt 2 0.5
vt 0.999023438 0.501464844
vt 0.303466797 0.996582031
vt 0.999023438 0.996582031
vt 0.303466797 0.501464844
vt 1.99707031 0.499267578
vt 1.96777344 0.970703125
vt 1.99707031 0.999023438
vt 1.96875 0.514160156
vt 1.50292969 0.999023438
vt 1.52636719 0.525390625
vt 1.50292969 0.499511719
vt 1.52636719 0.971679688
vt 0.00065279007 -0.00288581848
vt 0.302978516 0.497802734
vt 0.302978516 -0.00288581848
vt 0.000653266907 0.497802734
vt 0.302978516 0.497802734
vt 0.280029297 -0.00288581848
vt 0.302978516 -0.00288581848
vt 0.280029297 0.497802734
vt 0.000653266907 0.497802734
vt 0.302978516 0.593261719
vt 0.302978516 0.497802734
vt 0.000544548035 0.593261719
vt 0.00065279007 -0.00288581848
vt 0.0266418457 0.497802734
vt 0.000653266907 0.497802734
vt 0.0266418457 -0.00288581848
vt 2 0.998046875
vt 1.30175781 0.5
vt 1.30175781 0.998046875
vt 2 0.5
vt 0.303466797 0.996582031
vt 0.999023438 0.501464844
vt 0.303466797 0.501464844
vt 0.999023438 0.996582031
vt 1.50292969 0.999023438
vt 1.52539062 0.514160156
vt 1.50292969 0.499267578
vt 1.52636719 0.970703125
vt 1.99707031 0.499511719
vt 1.96875 0.971679688
vt 1.99707031 0.999023438
vt 1.96875 0.525390625
vt 2 0.998046875
vt 1.30175781 0.5
vt 1.30175781 0.998046875
vt 2 0.5
vt 0.303466797 0.996582031
vt 0.999023438 0.501464844
vt 0.303466797 0.501464844
vt 0.999023438 0.996582031
vt 1.99707031 0.999023438
vt 1.52636719 0.971679688
vt 1.50292969 0.999023438
vt 1.96875 0.971679688
vt 1.99707031 0.999023438
vt 1.52636719 0.970703125
vt 1.50292969 0.999023438
vt 1.96777344 0.970703125
vt -10.2734375 1.84667969
vt -11.4296875 1.50097656
vt -11.4296875 1.84667969
vt -10.265625 1.50097656
vt -10.265625 1.00195312
vt -11.4296875 1.50097656
vt -11.4296875 1.00195312
vt -10.265625 1.50097656
vt -11.4296875 1.00292969
vt -10.265625 1.50097656
vt -10.265625 1.00292969
vt -11.4296875 1.50097656
vt -9.7421875 1.84765625
vt -11.640625 1.50195312
vt -11.640625 1.84570312
vt -9.7421875 1.50292969
vt -9.7421875 1.00292969
vt -11.640625 1.50097656
vt -11.6328125 1.00195312
vt -9.7421875 1.50292969
vt -11.640625 1.00292969
vt -9.7421875 1.50292969
vt -9.7421875 1.00292969
vt -11.640625 1.50195312
vt -10.2734375 1.84667969
vt -11.4296875 1.50097656
vt -11.4296875 1.84667969
vt -10.265625 1.50097656
vt -10.265625 1.00195312
vt -11.4296875 1.50097656
vt -11.4296875 1.00195312
vt -10.265625 1.50097656
vt -11.4296875 1.00292969
vt -10.265625 1.50097656
vt -10.265625 1.00292969
vt -11.4296875 1.50097656
vt -9.953125 1.84667969
vt -11.640625 1.50195312
vt -11.640625 1.84570312
vt -9.953125 1.50195312
vt -9.9453125 1.00292969
vt -11.640625 1.50097656
vt -11.6328125 1.00195312
vt -9.953125 1.50195312
vt -11.640625 1.00292969
vt -9.953125 1.50195312
vt -9.953125 1.00292969
vt -11.640625 1.50195312
vt -10.2734375 1.84667969
vt -11.296875 1.50097656
vt -11.296875 1.84765625
vt -10.265625 1.50097656
vt -10.265625 1.00195312
vt -11.296875 1.50097656
vt -11.296875 1.00292969
vt -10.265625 1.50097656
vt -11.296875 1.00292969
vt -10.265625 1.50097656
vt -10.265625 1.00292969
vt -11.296875 1.50097656
vt -8.953125 1.84667969
vt -10.1171875 1.50097656
vt -10.1171875 1.8515625
vt -8.953125 1.50390625
vt -8.953125 1.00195312
vt -10.1171875 1.50097656
vt -10.1171875 1.00585938
vt -8.953125 1.50488281
vt -10.1171875 1.00292969
vt -8.953125 1.50390625
vt -8.953125 1.00292969
vt -10.1171875 1.50097656
vt -10.2734375 1.84667969
vt -11.4296875 1.50097656
vt -11.4296875 1.84667969
vt -10.265625 1.50097656
vt -10.265625 1.00195312
vt -11.4296875 1.50097656
vt -11.4296875 1.00195312
vt -10.265625 1.50097656
vt -11.4296875 1.00292969
vt -10.265625 1.50097656
vt -10.265625 1.00292969
vt -11.4296875 1.50097656
vt 0.000997543335 0.000465631485
vt 4.5 2.70507812
vt 4.5 0.000465869904
vt 0.000996589661 2.70507812
vt 1.42773438 -0.76953125
vt 3.77539062 -0.890136719
vt 1.42773438 -0.890136719
vt 4.1328125 -0.76953125
vt 1.41699219 -0.60546875
vt 4.12109375 -0.726074219
vt 1.41699219 -0.726074219
vt 3.76367188 -0.60546875
vt 0.000997543335 0.000465631485
vt 2.00390625 2.70507812
vt 2.00390625 0.000465631485
vt 0.000996589661 2.70507812
vt 1.42773438 -0.76953125
vt 3.77539062 -0.890136719
vt 1.42773438 -0.890136719
vt 4.1328125 -0.76953125
vt 1.41699219 -0.60546875
vt 4.12109375 -0.726074219
vt 1.41699219 -0.726074219
vt 3.76367188 -0.60546875
vt 1.1015625 0.688476562
vt 1.39746094 0.845703125
vt 1.39746094 0.688476562
vt 1.1015625 0.845703125
vt 1.39746094 0.845703125
vt 1.5 0.688476562
vt 1.39746094 0.688476562
vt 1.5 0.845703125
vt 1.1015625 0.845703125
vt 1.39746094 0.994628906
vt 1.39746094 0.845703125
vt 1.1015625 0.994628906
vt 1.1015625 0.688476562
vt 1.00292969 0.845703125
vt 1.1015625 0.845703125
vt 1.00292969 0.688476562
vt 1.19628906 1.6015625
vt 0.991699219 2.81445312
vt 1.19628906 2.81445312
vt 0.991699219 1.6015625
vt -7.140625 2
vt -9.828125 2.99609375
vt -7.140625 2.99609375
vt -9.828125 2
vt -6.796875 2
vt -7.00390625 2.99609375
vt -6.796875 2.99609375
vt -7.00390625 2
vt -4.09765625 2
vt -6.7890625 2.99609375
vt -4.09765625 2.99609375
vt -6.7890625 2
vt -9.828125 1.00292969
vt -7.140625 1.00292969
vt -7.00390625 1.00292969
vt -6.796875 1.00292969
vt -6.7890625 1.00292969
vt -4.09765625 1.00292969
vt 1.19628906 2.86328125
vt 0.991699219 5.1015625
vt 1.19628906 5.1015625
vt 0.991699219 2.86328125
vt 7.390625 2
vt 2.41992188 2.99609375
vt 7.390625 2.99609375
vt 2.41992188 2
vt 1.79589844 0.502441406
vt 1.99414062 0.00999450684
vt 1.79589844 0.00999450684
vt 1.99414062 0.502441406
vt 2.0703125 2
vt -2.90039062 2.99609375
vt 2.0703125 2.99609375
vt -2.90039062 2
vt 1.796875 2
vt 1.59667969 2.99609375
vt 1.796875 2.99609375
vt 1.59667969 2
vt 2.41992188 1.00292969
vt 7.390625 1.00292969
vt 1.99414062 0.994628906
vt 1.79589844 0.994628906
vt -2.90039062 1.00292969
vt 2.0703125 1.00292969
vt 1.59667969 1.00292969
vt 1.796875 1.00292969
vt 1.19628906 1.33984375
vt 0.991699219 2.15625
vt 1.19628906 2.15625
vt 0.991699219 1.33984375
vt -10.4140625 1.00292969
vt -8.59375 1.63964844
vt -8.59375 1.00292969
vt -10.4140625 1.63964844
vt -7.00390625 1.00292969
vt -6.796875 1.63964844
vt -6.796875 1.00292969
vt -7.00390625 1.63964844
vt -5.33203125 1.00292969
vt -3.515625 1.63964844
vt -3.515625 1.00292969
vt -5.33203125 1.63964844
vt -0.00350379944 0.994628906
vt -0.205078125 0.680175781
vt -0.205078125 0.994628906
vt -0.00350379944 0.680175781
vt 1.19628906 1.40234375
vt 0.991699219 1.97558594
vt 1.19628906 1.97558594
vt 0.991699219 1.40234375
vt -9 2
vt -10.2734375 2.99609375
vt -9 2.99609375
vt -10.2734375 2
vt -3.65625 2
vt -4.9296875 2.99609375
vt -3.65625 2.99609375
vt -4.9296875 2
vt -0.205078125 0.502441406
vt -0.00350379944 0.00999450684
vt -0.205078125 0.00999450684
vt -0.00350379944 0.502441406
vt -10.2734375 1.00292969
vt -9 1.00292969
vt -4.9296875 1.00292969
vt -3.65625 1.00292969
vt -0.00350379944 0.994628906
vt -0.205078125 0.994628906
vt 1.19628906 1.6015625
vt 0.991699219 2.81445312
vt 1.19628906 2.81445312
vt 0.991699219 1.6015625
vt -7.140625 2
vt -9.828125 2.99609375
vt -7.140625 2.99609375
vt -9.828125 2
vt -6.796875 2
vt -7.00390625 2.99609375
vt -6.796875 2.99609375
vt -7.00390625 2
vt -4.09765625 2
vt -6.7890625 2.99609375
vt -4.09765625 2.99609375
vt -6.7890625 2
vt -9.828125 1.00292969
vt -7.140625 1.00292969
vt -7.00390625 1.00292969
vt -6.796875 1.00292969
vt -6.7890625 1.00292969
vt -4.09765625 1.00292969
vt 1.19628906 2.75976562
vt 0.991699219 4.3828125
vt 1.19628906 4.3828125
vt 0.991699219 2.75976562
vt 2.18945312 1.00292969
vt 5.79296875 1.63964844
vt 5.79296875 1.00292969
vt 2.18945312 1.63964844
vt -1.30273438 1.00292969
vt 2.30078125 1.63964844
vt 2.30078125 1.00292969
vt -1.30273438 1.63964844
vt 1.59667969 1.00292969
vt 1.796875 1.63964844
vt 1.796875 1.00292969
vt 1.59667969 1.63964844
vt 1.59667969 1.00292969
vt 1.796875 1.63964844
vt 1.796875 1.00292969
vt 1.59667969 1.63964844
vt 1.19628906 2.86328125
vt 0.991699219 4.7421875
vt 1.19628906 4.7421875
vt 0.991699219 2.86328125
vt 6.59375 2
vt 2.41992188 2.99609375
vt 6.59375 2.99609375
vt 2.41992188 2
vt 1.79589844 0.502441406
vt 1.99414062 0.00999450684
vt 1.79589844 0.00999450684
vt 1.99414062 0.502441406
vt 2.0703125 2
vt -2.10351562 2.99609375
vt 2.0703125 2.99609375
vt -2.10351562 2
vt 1.796875 2
vt 1.59667969 2.99609375
vt 1.796875 2.99609375
vt 1.59667969 2
vt 2.41992188 1.00292969
vt 6.59375 1.00292969
vt 1.99414062 0.994628906
vt 1.79589844 0.994628906
vt -2.10351562 1.00292969
vt 2.0703125 1.00292969
vt 1.59667969 1.00292969
vt 1.796875 1.00292969
vt 1.19628906 1.40234375
vt 0.991699219 2.109375
vt 1.19628906 2.109375
vt 0.991699219 1.40234375
vt -8.703125 2
vt -10.2734375 2.99609375
vt -8.703125 2.99609375
vt -10.2734375 2
vt -3.65625 2
vt -5.22265625 2.99609375
vt -3.65625 2.99609375
vt -5.22265625 2
vt -0.205078125 0.502441406
vt -0.00350379944 0.00999450684
vt -0.205078125 0.00999450684
vt -0.00350379944 0.502441406
vt -10.2734375 1.00292969
vt -8.703125 1.00292969
vt -5.22265625 1.00292969
vt -3.65625 1.00292969
vt -0.00350379944 0.994628906
vt -0.205078125 0.994628906
vt 1.19628906 4.11328125
vt 0.991699219 5.1953125
vt 1.19628906 5.1953125
vt 0.991699219 4.11328125
vt 7.6015625 2
vt 5.19140625 2.99609375
vt 7.6015625 2.99609375
vt 5.19140625 2
vt 1.79589844 0.502441406
vt 1.99414062 0.00999450684
vt 1.79589844 0.00999450684
vt 1.99414062 0.502441406
vt -0.702148438 2
vt -3.11132812 2.99609375
vt -0.702148438 2.99609375
vt -3.11132812 2
vt 1.796875 2
vt 1.59667969 2.99609375
vt 1.796875 2.99609375
vt 1.59667969 2
vt 5.19140625 1.00292969
vt 7.6015625 1.00292969
vt 1.99414062 0.994628906
vt 1.79589844 0.994628906
vt -3.11132812 1.00292969
vt -0.702148438 1.00292969
vt 1.59667969 1.00292969
vt 1.796875 1.00292969
vt 1.19628906 1.40234375
vt 0.991699219 2.81445312
vt 1.19628906 2.81445312
vt 0.991699219 1.40234375
vt -7.140625 2
vt -10.2734375 2.99609375
vt -7.140625 2.99609375
vt -10.2734375 2
vt -6.796875 2
vt -7.00390625 2.99609375
vt -6.796875 2.99609375
vt -7.00390625 2
vt -3.65625 2
vt -6.7890625 2.99609375
vt -3.65625 2.99609375
vt -6.7890625 2
vt -0.205078125 0.502441406
vt -0.00350379944 0.00999450684
vt -0.205078125 0.00999450684
vt -0.00350379944 0.502441406
vt -10.2734375 1.00292969
vt -7.140625 1.00292969
vt -7.00390625 1.00292969
vt -6.796875 1.00292969
vt -6.7890625 1.00292969
vt -3.65625 1.00292969
vt -0.00350379944 0.994628906
vt -0.205078125 0.994628906
vt 1.19628906 0.803222656
vt 0.991699219 2.515625
vt 1.19628906 2.515625
vt 0.991699219 0.803222656
vt -7.80078125 2
vt -11.6015625 2.99609375
vt -7.80078125 2.99609375
vt -11.6015625 2
vt -6.796875 2
vt -7.00390625 2.99609375
vt -6.796875 2.99609375
vt -7.00390625 2
vt -2.32421875 2
vt -6.12890625 2.99609375
vt -2.32421875 2.99609375
vt -6.12890625 2
vt -0.205078125 0.502441406
vt -0.00350189209 0.00999450684
vt -0.205078125 0.00999450684
vt -0.00350379944 0.502441406
vt -11.6015625 1.00292969
vt -7.80078125 1.00292969
vt -7.00390625 1.00292969
vt -6.796875 1.00292969
vt -6.12890625 1.00292969
vt -2.32421875 1.00292969
vt -0.00350379944 0.994628906
vt -0.205078125 0.994628906
vt 1.19628906 1.6015625
vt 0.991699219 2.81445312
vt 1.19628906 2.81445312
vt 0.991699219 1.6015625
vt -7.140625 2
vt -9.828125 2.99609375
vt -7.140625 2.99609375
vt -9.828125 2
vt -6.796875 2
vt -7.00390625 2.99609375
vt -6.796875 2.99609375
vt -7.00390625 2
vt -4.09765625 2
vt -6.7890625 2.99609375
vt -4.09765625 2.99609375
vt -6.7890625 2
vt -9.828125 1.00292969
vt -7.140625 1.00292969
vt -7.00390625 1.00292969
vt -6.796875 1.00292969
vt -6.7890625 1.00292969
vt -4.09765625 1.00292969
vt 1.19628906 2.75976562
vt 0.991699219 5.34375
vt 1.19628906 5.34375
vt 0.991699219 2.75976562
vt 2.18945312 1.00292969
vt 7.92578125 1.63964844
vt 7.92578125 1.00292969
vt 2.18945312 1.63964844
vt 1.99414062 0.994628906
vt 1.79589844 0.680175781
vt 1.79589844 0.994628906
vt 1.99414062 0.680175781
vt -3.43554688 1.00292969
vt 2.30078125 1.63964844
vt 2.30078125 1.00292969
vt -3.43554688 1.63964844
vt 1.59667969 1.00292969
vt 1.796875 1.63964844
vt 1.796875 1.00292969
vt 1.59667969 1.63964844
vt -1.82617188 0.00128364563
vt 1.70117188 1.0390625
vt 1.70117188 0.00128364563
vt -1.82617188 1.0390625
vt 1.70117188 0.00128364563
vt -1.82617188 -0.999511719
vt -1.82617188 0.00128364563
vt 1.70117188 -0.999511719
vt 1.70117188 0.00128364563
vt 2.56835938 -0.999511719
vt 1.70117188 -0.999511719
vt -1.82617188 0.00128364563
vt -1.82617188 -0.999511719
vt -2.74023438 -0.999511719
vt 3.77539062 0.116821289
vt 0.193359375 0.369140625
vt 3.77539062 0.369140625
vt 0.193359375 0.116821289
vt 3.77539062 0.369140625
vt 4.02734375 0.690429688
vt 4.02734375 0.520996094
vt 3.77539062 0.690429688
vt 0.193359375 0.369140625
vt 3.77539062 0.690429688
vt 3.77539062 0.369140625
vt 0.193359375 0.690429688
vt -0.0590515137 0.520996094
vt 0.193359375 0.690429688
vt 0.193359375 0.369140625
vt -0.0590515137 0.690429688
vt 3.77539062 0.116821289
vt 0.193359375 -0.0525817871
vt 0.193359375 0.116821289
vt 3.77539062 -0.0525817871
vt 1.19628906 2.86328125
vt 0.991699219 5.34375
vt 1.19628906 5.34375
vt 0.991699219 2.86328125
vt 7.92578125 2
vt 2.41992188 2.99609375
vt 7.92578125 2.99609375
vt 2.41992188 2
vt 1.79589844 0.502441406
vt 1.99414062 0.00999450684
vt 1.79589844 0.00999450684
vt 1.99414062 0.502441406
vt 2.0703125 2
vt -3.43554688 2.99609375
vt 2.0703125 2.99609375
vt -3.43554688 2
vt 1.796875 2
vt 1.59667969 2.99609375
vt 1.796875 2.99609375
vt 1.59667969 2
vt 2.41992188 1.00292969
vt 7.92578125 1.00292969
vt 1.99414062 0.994628906
vt 1.79589844 0.994628906
vt -3.43554688 1.00292969
vt 2.0703125 1.00292969
vt 1.59667969 1.00292969
vt 1.796875 1.00292969
vt 1.19628906 2.49023438
vt 0.991699219 5.34375
vt 1.19628906 5.34375
vt 0.991699219 2.49023438
vt 7.92578125 2
vt 1.59179688 2.99609375
vt 7.92578125 2.99609375
vt 1.59179688 2
vt 1.79589844 0.502441406
vt 1.99414062 0.00999450684
vt 1.79589844 0.00999450684
vt 1.99414062 0.502441406
vt 2.8984375 2
vt -3.43554688 2.99609375
vt 2.8984375 2.99609375
vt -3.43554688 2
vt 1.796875 2
vt 1.59667969 2.99609375
vt 1.796875 2.99609375
vt 1.59667969 2
vt 1.59179688 1.00292969
vt 7.92578125 1.00292969
vt 1.99414062 0.994628906
vt 1.79589844 0.994628906
vt -3.43554688 1.00292969
vt 2.8984375 1.00292969
vt 1.59667969 1.00292969
vt 1.796875 1.00292969
vt 1.19628906 1.49609375
vt 0.991699219 3.86523438
vt 1.19628906 3.86523438
vt 0.991699219 1.49609375
vt -4.8046875 2
vt -10.0625 2.99609375
vt -4.8046875 2.99609375
vt -10.0625 2
vt -6.796875 2
vt -7.00390625 2.99609375
vt -6.796875 2.99609375
vt -7.00390625 2
vt -3.86328125 2
vt -9.125 2.99609375
vt -3.86328125 2.99609375
vt -9.125 2
vt -0.205078125 0.502441406
vt -0.00350379944 0.00999450684
vt -0.205078125 0.00999450684
vt -0.00350379944 0.502441406
vt -10.0625 1.00292969
vt -4.8046875 1.00292969
vt -7.00390625 1.00292969
vt -6.796875 1.00292969
vt -9.125 1.00292969
vt -3.86328125 1.00292969
vt -0.00350379944 0.994628906
vt -0.205078125 0.994628906
vt 1.19628906 2.75976562
vt 0.991699219 6.00390625
vt 1.19628906 6.00390625
vt 0.991699219 2.75976562
vt 2.18945312 1.00292969
vt 9.390625 1.63964844
vt 9.390625 1.00292969
vt 2.18945312 1.63964844
vt -4.90234375 1.00292969
vt 2.30078125 1.63964844
vt 2.30078125 1.00292969
vt -4.90234375 1.63964844
vt 1.59667969 1.00292969
vt 1.796875 1.63964844
vt 1.796875 1.00292969
vt 1.59667969 1.63964844
vt 1.59667969 1.00292969
vt 1.796875 1.63964844
vt 1.796875 1.00292969
vt 1.59667969 1.63964844
vt 1.19628906 2.3984375
vt 0.991699219 4.3828125
vt 1.19628906 4.3828125
vt 0.991699219 2.3984375
vt 1.38769531 1.00292969
vt 5.79296875 1.63964844
vt 5.79296875 1.00292969
vt 1.38769531 1.63964844
vt -1.30273438 1.00292969
vt 3.10351562 1.63964844
vt 3.10351562 1.00292969
vt -1.30273438 1.63964844
vt 1.59667969 1.00292969
vt 1.796875 1.63964844
vt 1.796875 1.00292969
vt 1.59667969 1.63964844
vt 1.59667969 1.00292969
vt 1.796875 1.63964844
vt 1.796875 1.00292969
vt 1.59667969 1.63964844
vt 1.19628906 1.49609375
vt 0.991699219 3.77539062
vt 1.19628906 3.77539062
vt 0.991699219 1.49609375
vt -5.00390625 2
vt -10.0625 2.99609375
vt -5.00390625 2.99609375
vt -10.0625 2
vt -6.796875 2
vt -7.00390625 2.99609375
vt -6.796875 2.99609375
vt -7.00390625 2
vt -3.86328125 2
vt -8.921875 2.99609375
vt -3.86328125 2.99609375
vt -8.921875 2
vt -0.205078125 0.502441406
vt -0.00350379944 0.00999450684
vt -0.205078125 0.00999450684
vt -0.00350379944 0.502441406
vt -10.0625 1.00292969
vt -5.00390625 1.00292969
vt -7.00390625 1.00292969
vt -6.796875 1.00292969
vt -8.921875 1.00292969
vt -3.86328125 1.00292969
vt -0.00350379944 0.994628906
vt -0.205078125 0.994628906
vt 1.7890625 0.579589844
vt -0.599609375 0.179199219
vt -0.599609375 0.579589844
vt 1.7890625 0.179199219
vt -0.599609375 0.579589844
vt 1.7890625 0.597167969
vt 1.7890625 0.579589844
vt -0.599609375 0.597167969
vt -0.599609375 0.597167969
vt 1.7890625 0.915527344
vt 1.7890625 0.597167969
vt -0.599609375 0.915527344
vt 1.99414062 0.177612305
vt 1.7890625 0.579589844
vt 1.99414062 0.577148438
vt 1.7890625 0.179199219
vt -0.806152344 0.577148438
vt -0.599609375 0.179199219
vt -0.806152344 0.177612305
vt -0.599609375 0.579589844
vt 1.19628906 2.21875
vt 0.991699219 5.34375
vt 1.19628906 5.34375
vt 0.991699219 2.21875
vt 7.92578125 2
vt 0.991699219 2.99609375
vt 7.92578125 2.99609375
vt 0.991699219 2
vt 1.79589844 0.502441406
vt 1.99414062 0.00999450684
vt 1.79589844 0.00999450684
vt 1.99414062 0.502441406
vt 3.5 2
vt -3.43554688 2.99609375
vt 3.5 2.99609375
vt -3.43554688 2
vt 1.796875 2
vt 1.59667969 2.99609375
vt 1.796875 2.99609375
vt 1.59667969 2
vt 0.991699219 1.00292969
vt 7.92578125 1.00292969
vt 1.99414062 0.994628906
vt 1.79589844 0.994628906
vt -3.43554688 1.00292969
vt 3.5 1.00292969
vt 1.59667969 1.00292969
vt 1.796875 1.00292969
vn 1.03712082e-05 -1.1920929e-07 1
vn 1.03712082e-05 -1.1920929e-07 1
vn 1.03712082e-05 -1.1920929e-07 1
vn 1.03712082e-05 -1.1920929e-07 1
vn 0.99999997 0.000243186943 0
vn 0.99999997 0.000243186943 0
vn 0.99999997 0.000243186943 0
vn 0.99999997 0.000243186943 0
vn -1 0 0
vn -1 0 0
vn -1 0 0
vn -1 0 0
vn -1.03712082e-05 1.1920929e-07 -1
vn -1.03712082e-05 1.1920929e-07 -1
vn -1.03712082e-05 1.1920929e-07 -1
vn -1.03712082e-05 1.1920929e-07 -1
vn 0 1 1.1920929e-07
vn 0 1 1.1920929e-07
vn 0 1 1.1920929e-07
vn 0 1 1.1920929e-07
vn 1.22785568e-05 -1 -1.1920929e-07
vn 1.22785568e-05 -1 -1.1920929e-07
vn 1.22785568e-05 -1 -1.1920929e-07
vn 1.22785568e-05 -1 -1.1920929e-07
vn 1 0 -0
vn 1 0 -0
vn 1 0 -0
vn 1 0 -0
vn -1 0 0
vn -1 0 0
vn -1 0 0
vn -1 0 0
vn -1.22785568e-05 1 1.1920929e-07
vn -1.22785568e-05 1 1.1920929e-07
vn -1.22785568e-05 1 1.1920929e-07
vn -1.22785568e-05 1 1.1920929e-07
vn 1 0 -1.23977661e-05
vn 1 0 -1.23977661e-05
vn 1 0 -1.23977661e-05
vn 1 0 -1.23977661e-05
vn 0 1.1920929e-07 -1
vn 0 1.1920929e-07 -1
vn 0 1.1920929e-07 -1
vn 0 1.1920929e-07 -1
vn 0 -1.1920929e-07 1
vn 0 -1.1920929e-07 1
vn 0 -1.1920929e-07 1
vn 0 -1.1920929e-07 1
vn -1 0 1.23977661e-05
vn -1 0 1.23977661e-05
vn -1 0 1.23977661e-05
vn -1 0 1.23977661e-05
vn 0 1 1.1920929e-07
vn 0 1 1.1920929e-07
vn 0 1 1.1920929e-07
vn 0 1 1.1920929e-07
vn -1 0 0
vn -1 0 0
vn -1 0 0
vn -1 0 0
vn 0 1 1.1920929e-07
vn 0 1 1.1920929e-07
vn 0 1 1.1920929e-07
vn 0 1 1.1920929e-07
vn 1 0 -1.23977661e-05
vn 1 0 -1.23977661e-05
vn 1 0 -1.23977661e-05
vn 1 0 -1.23977661e-05
vn 0 0 -1
vn 0 0 -1
vn 0 0 -1
vn 0 0 -1
vn 0 1 1.1920929e-07
vn 0 1 1.1920929e-07
vn 0 1 1.1920929e-07
vn 0 1 1.1920929e-07
vn 0 1.1920929e-07 -1
vn 0 1.1920929e-07 -1
vn 0 1.1920929e-07 -1
vn 0 1.1920929e-07 -1
vn 0 1 1.1920929e-07
vn 0 1 1.1920929e-07
vn 0 1 1.1920929e-07
vn 0 1 1.1920929e-07
vn 0 1 1.1920929e-07
vn 0 1 1.1920929e-07
vn 1 0 -0
vn 1 0 -0
vn 1 0 -0
vn 1 0 -0
vn 0 -1.1920929e-07 1
vn 0 -1.1920929e-07 1
vn 0 -1.1920929e-07 1
vn 0 -1.1920929e-07 1
vn 0 -1.1920929e-07 1
vn 0 -1.1920929e-07 1
vn 0 -1.1920929e-07 1
vn 0 -1.1920929e-07 1
vn 1 0 -0
vn 1 0 -0
vn 1 0 -0
vn 1 0 -0
vn 0 -1.1920929e-07 1
vn 0 -1.1920929e-07 1
vn 0 -1.1920929e-07 1
vn 1 0 -0
vn 1 0 -0
vn 1 0 -0
vn 1 0 -0
vn 1.257658e-05 -1.1920929e-07 1
vn 1.257658e-05 -1.1920929e-07 1
vn 1.257658e-05 -1.1920929e-07 1
vn 1.257658e-05 -1.1920929e-07 1
vn 1 0 -1.1920929e-07
vn 1 0 -1.1920929e-07
vn 1 0 -1.1920929e-07
vn 1 0 -1.1920929e-07
vn 0 1 1.1920929e-07
vn 0 1 1.1920929e-07
vn 0 1 1.1920929e-07
vn 0 1 1.1920929e-07
vn 0 1 1.1920929e-07
vn 0 1 1.1920929e-07
vn 0 1 1.1920929e-07
vn 0 1 1.1920929e-07
vn 0 1 1.1920929e-07
vn 0 1 1.1920929e-07
vn 0 1 1.1920929e-07
vn 1 0 -0
vn 1 0 -0
vn 1 0 -0
vn 1 0 -0
vn 0 1.1920929e-07 -1
vn 0 1.1920929e-07 -1
vn 0 1.1920929e-07 -1
vn 0 1.1920929e-07 -1
vn 0 1.1920929e-07 -1
vn 0 1.1920929e-07 -1
vn 0 1.1920929e-07 -1
vn 0 1.1920929e-07 -1
vn 1 0 -0
vn 1 0 -0
vn 1 0 -0
vn 1 0 -0
vn 0 1.1920929e-07 -1
vn 0 1.1920929e-07 -1
vn 0 1.1920929e-07 -1
vn 1 0 -0
vn 1 0 -0
vn 1 0 -0
vn 1 0 -0
vn 0 1 -1.1920929e-07
vn 0 1 -1.1920929e-07
vn 0 1 -1.1920929e-07
vn 0 1 -1.1920929e-07
vn 1 0 -0
vn 1 0 -0
vn 1 0 -0
vn 1 0 -0
vn 1 0 -0
vn 1 0 -0
vn 1 0 -0
vn 1 0 -0
vn 1 0 -0
vn 0 -1.1920929e-07 -1
vn 0 -1.1920929e-07 -1
vn 0 -1.1920929e-07 -1
vn 0 -1.1920929e-07 -1
vn 0 -1.1920929e-07 -1
vn 0 -1.1920929e-07 -1
vn 0 -1.1920929e-07 -1
vn 0 -1.1920929e-07 -1
vn 1 0 -0
vn 1 0 -0
vn 1 0 -0
vn 0 -1.1920929e-07 -1
vn 0 -1.1920929e-07 -1
vn 0 -1.1920929e-07 -1
vn 0 -1.1920929e-07 -1
vn -1 -5.96046448e-08 6.55651093e-07
vn -1 -5.96046448e-08 6.55651093e-07
vn -1 -5.96046448e-08 6.55651093e-07
vn -1 -5.96046448e-08 6.55651093e-07
vn 5.96046448e-07 0 1
vn 5.96046448e-07 0 1
vn 5.96046448e-07 0 1
vn 5.96046448e-07 0 1
vn 0 1 5.96046448e-08
vn 0 1 5.96046448e-08
vn 0 1 5.96046448e-08
vn 0 1 5.96046448e-08
vn -5.96046448e-07 0 -1
vn -5.96046448e-07 0 -1
vn -5.96046448e-07 0 -1
vn -5.96046448e-07 0 -1
vn 1.03712082e-05 -1.1920929e-07 1
vn 1.03712082e-05 -1.1920929e-07 1
vn 1.03712082e-05 -1.1920929e-07 1
vn 1.03712082e-05 -1.1920929e-07 1
vn 0.99999997 0.000243186943 0
vn 0.99999997 0.000243186943 0
vn 0.99999997 0.000243186943 0
vn 0.99999997 0.000243186943 0
vn -1 0 0
vn -1 0 0
vn -1 0 0
vn -1 0 0
vn -1.03712082e-05 1.1920929e-07 -1
vn -1.03712082e-05 1.1920929e-07 -1
vn -1.03712082e-05 1.1920929e-07 -1
vn -1.03712082e-05 1.1920929e-07 -1
vn 0 1 1.1920929e-07
vn 0 1 1.1920929e-07
vn 0 1 1.1920929e-07
vn 0 1 1.1920929e-07
vn 1.22785568e-05 -1 -1.1920929e-07
vn 1.22785568e-05 -1 -1.1920929e-07
vn 1.22785568e-05 -1 -1.1920929e-07
vn 1.22785568e-05 -1 -1.1920929e-07
vn 1 0 -0
vn 1 0 -0
vn 1 0 -0
vn 1 0 -0
vn -1 0 0
vn -1 0 0
vn -1 0 0
vn -1 0 0
vn -1.22785568e-05 1 1.1920929e-07
vn -1.22785568e-05 1 1.1920929e-07
vn -1.22785568e-05 1 1.1920929e-07
vn -1.22785568e-05 1 1.1920929e-07
vn 1 0 -1.23977661e-05
vn 1 0 -1.23977661e-05
vn 1 0 -1.23977661e-05
vn 1 0 -1.23977661e-05
vn 0 1.1920929e-07 -1
vn 0 1.1920929e-07 -1
vn 0 1.1920929e-07 -1
vn 0 1.1920929e-07 -1
vn 0 -1.1920929e-07 1
vn 0 -1.1920929e-07 1
vn 0 -1.1920929e-07 1
vn 0 -1.1920929e-07 1
vn -1 0 1.23977661e-05
vn -1 0 1.23977661e-05
vn -1 0 1.23977661e-05
vn -1 0 1.23977661e-05
vn 0 1 1.1920929e-07
vn 0 1 1.1920929e-07
vn 0 1 1.1920929e-07
vn 0 1 1.1920929e-07
vn -1 0 0
vn -1 0 0
vn -1 0 0
vn -1 0 0
vn 0 1 1.1920929e-07
vn 0 1 1.1920929e-07
vn 0 1 1.1920929e-07
vn 0 1 1.1920929e-07
vn 0 1 1.1920929e-07
vn 0 1 1.1920929e-07
vn 0 1 1.1920929e-07
vn 0 1 1.1920929e-07
vn 0 1 1.1920929e-07
vn 0 1 1.1920929e-07
vn -1 0 1.23977661e-05
vn -1 0 1.23977661e-05
vn -1 0 1.23977661e-05
vn -1 0 1.23977661e-05
vn 0 0 1
vn 0 0 1
vn 0 0 1
vn 0 0 1
vn -1 -5.96046448e-08 6.55651093e-07
vn -1 -5.96046448e-08 6.55651093e-07
vn -1 -5.96046448e-08 6.55651093e-07
vn -1 -5.96046448e-08 6.55651093e-07
vn 5.96046448e-07 0 1
vn 5.96046448e-07 0 1
vn 5.96046448e-07 0 1
vn 5.96046448e-07 0 1
vn 0 1 5.96046448e-08
vn 0 1 5.96046448e-08
vn 0 1 5.96046448e-08
vn 0 1 5.96046448e-08
vn -5.96046448e-07 0 -1
vn -5.96046448e-07 0 -1
vn -5.96046448e-07 0 -1
vn -5.96046448e-07 0 -1
vn -0.999999466 0.00103333329 1.2403816e-05
vn -0.999999466 0.00103333329 1.2403816e-05
vn -0.999999466 0.00103333329 1.2403816e-05
vn -0.999999466 0.00103333329 1.2403816e-05
vn 0 0 1
vn 0 0 1
vn 0 0 1
vn 0 0 1
vn 0 0 -1
vn 0 0 -1
vn 0 0 -1
vn 0 0 -1
vn 1 0 -1.23977661e-05
vn 1 0 -1.23977661e-05
vn 1 0 -1.23977661e-05
vn 1 0 -1.23977661e-05
vn 0 0 -1
vn 0 0 -1
vn 0 0 -1
vn 0 0 -1
vn -0.999999949 0.000319004043 0
vn -0.999999949 0.000319004043 0
vn -0.999999949 0.000319004043 0
vn -0.999999949 0.000319004043 0
vn 1 0 -0
vn 1 0 -0
vn 1 0 -0
vn 1 0 -0
vn 0 0 1
vn 0 0 1
vn 0 0 1
vn 0 0 1
vn -1.22785568e-05 -1 0
vn -1.22785568e-05 -1 0
vn -1.22785568e-05 -1 0
vn -1.22785568e-05 -1 0
vn -1 0 0
vn -1 0 0
vn -1 0 0
vn -1 0 0
vn 1 0 -0
vn 1 0 -0
vn 1 0 -0
vn 1 0 -0
vn 1.22785568e-05 1 -0
vn 1.22785568e-05 1 -0
vn 1.22785568e-05 1 -0
vn 1.22785568e-05 1 -0
vn 0 1 -0
vn 0 1 -0
vn 0 1 -0
vn 0 1 -0
vn 0 1 -0
vn 0 1 -0
vn 0 1 -0
vn 0 1 -0
vn -1 0 1.23977661e-05
vn -1 0 1.23977661e-05
vn -1 0 1.23977661e-05
vn -1 0 1.23977661e-05
vn 0 0 1
vn 0 0 1
vn 0 0 1
vn 0 0 1
vn 0 0 -1
vn 0 0 -1
vn 0 0 -1
vn 0 0 -1
vn 1 0 -1.23977661e-05
vn 1 0 -1.23977661e-05
vn 1 0 -1.23977661e-05
vn 1 0 -1.23977661e-05
vn -1 0 0
vn -1 0 0
vn -1 0 0
vn -1 0 0
vn 0 0 1
vn 0 0 1
vn 0 0 1
vn 0 0 1
vn 0 0 -1
vn 0 0 -1
vn 0 0 -1
vn 0 0 -1
vn 1 0 -0
vn 1 0 -0
vn 1 0 -0
vn 1 0 -0
vn -1 0 1.65104866e-05
vn -1 0 1.65104866e-05
vn -1 0 1.65104866e-05
vn -1 0 1.65104866e-05
vn 0 0 1
vn 0 0 1
vn 0 0 1
vn 0 0 1
vn 0 0 -1
vn 0 0 -1
vn 0 0 -1
vn 0 0 -1
vn 1 0 -1.65104866e-05
vn 1 0 -1.65104866e-05
vn 1 0 -1.65104866e-05
vn 1 0 -1.65104866e-05
vn 0 0 -1
vn 0 0 -1
vn 0 0 -1
vn 0 0 -1
vn -1 0 0
vn -0.988019016 0 -0.154332184
vn -1 0 0
vn -0.988019016 0 -0.154332184
vn -0.988019016 0 0.154332184
vn -0.988019016 0 0.154332184
vn 0 0 1
vn 0 0 1
vn 0 0 1
vn 0 0 1
vn 1 0 -0
vn 1 0 -0
vn 1 0 -0
vn 1 0 -0
vn -1 0 0
vn -1 0 0
vn -1 0 0
vn -1 0 0
vn 0 0 1
vn 0 0 1
vn 0 0 1
vn 0 0 1
vn 0 0 -1
vn 0 0 -1
vn 0 0 -1
vn 0 0 -1
vn 1 0 -0
vn 1 0 -0
vn 1 0 -0
vn 1 0 -0
vn 0 0 -1
vn 0 0 -1
vn 0 0 -1
vn 0 0 -1
vn -0.988019016 0 -0.154332184
vn -1 0 0
vn -1 0 0
vn -0.988019016 0 -0.154332184
vn -0.988019016 0 0.154332184
vn -0.988019016 0 0.154332184
vn 0 0 1
vn 0 0 1
vn 0 0 1
vn 0 0 1
vn 0 0 1
vn 0 0 1
vn 0 0 1
vn 0 0 1
vn 1 0 -0
vn 1 0 -0
vn 1 0 -0
vn 1 0 -0
vn 0 0 -1
vn 0 0 -1
vn 0 0 -1
vn 0 0 -1
vn -1 0 0
vn -0.988019016 0 -0.154332184
vn -1 0 0
vn -0.988019016 0 -0.154332184
vn -0.988019016 0 0.154332184
vn -0.988019016 0 0.154332184
vn 1 0 -0
vn 1 0 -0
vn 1 0 -0
vn 1 0 -0
vn 0 0 -1
vn 0 0 -1
vn 0 0 -1
vn 0 0 -1
vn -1 0 0
vn -0.988019016 0 -0.154332184
vn -1 0 0
vn -0.988019016 0 -0.154332184
vn -0.988019016 0 0.154332184
vn -0.988019016 0 0.154332184
vn 0 0 1
vn 0 0 1
vn 0 0 1
vn 0 0 1
vn 1 0 -0
vn 1 0 -0
vn 1 0 -0
vn 1 0 -0
vn 0 0 -1
vn 0 0 -1
vn 0 0 -1
vn 0 0 -1
vn -1 0 0
vn -0.988019016 0 -0.154332184
vn -1 0 0
vn -0.988019016 0 -0.154332184
vn -0.988019016 0 0.154332184
vn -0.988019016 0 0.154332184
vn 0 0 1
vn 0 0 1
vn 0 0 1
vn 0 0 1
vn 1 0 -0
vn 1 0 -0
vn 1 0 -0
vn 1 0 -0
vn 0 0 -1
vn 0 0 -1
vn 0 0 -1
vn 0 0 -1
vn -1 0 0
vn -0.988019016 0 -0.154332184
vn -1 0 0
vn -0.988019016 0 -0.154332184
vn -0.988019016 0 0.154332184
vn -0.988019016 0 0.154332184
vn 0 0 1
vn 0 0 1
vn 0 0 1
vn 0 0 1
vn 1 0 -0
vn 1 0 -0
vn 1 0 -0
vn 1 0 -0
vn 0 0 1
vn 0 0 1
vn 0 0 1
vn 0 0 1
vn 0 0 -1
vn 0 0 -1
vn 0 0 -1
vn 0 0 -1
vn -1 0 0
vn -0.988019016 0 -0.154332184
vn -1 0 0
vn -0.988019016 0 -0.154332184
vn -0.988019016 0 0.154332184
vn -0.988019016 0 0.154332184
vn 0 0 1
vn 0 0 1
vn 0 0 1
vn 0 0 1
vn 1 0 -0
vn 1 0 -0
vn 1 0 -0
vn 1 0 -0
vn 0 0 -1
vn 0 0 -1
vn 0 0 -1
vn 0 0 -1
vn -1 0 0
vn -0.988019016 0 -0.154332184
vn -1 0 0
vn -0.988019016 0 -0.154332184
vn -0.988019016 0 0.154332184
vn -0.988019016 0 0.154332184
vn 0 0 1
vn 0 0 1
vn 0 0 1
vn 0 0 1
vn 1 0 -0
vn 1 0 -0
vn 1 0 -0
vn 1 0 -0
vn 0 0 -1
vn 0 0 -1
vn 0 0 -1
vn 0 0 -1
vn -1 0 0
vn -0.988019016 0 -0.154332184
vn -1 0 0
vn -0.988019016 0 -0.154332184
vn -0.988019016 0 0.154332184
vn -0.988019016 0 0.154332184
vn 0 0 1
vn 0 0 1
vn 0 0 1
vn 0 0 1
vn 1 0 -0
vn 1 0 -0
vn 1 0 -0
vn 1 0 -0
vn 1 0 -0
vn 1 0 -0
vn 1 0 -0
vn 1 0 -0
vn 0 0 -1
vn 0 0 -1
vn 0 0 -1
vn 0 0 -1
vn 0 1 -0
vn 0 1 -0
vn 0 1 -0
vn 0 1 -0
vn 0 0 1
vn 0 0 1
vn 0 0 1
vn 0 0 1
vn 0 -0.686795635 -0.726850573
vn 0 0 -1
vn 0 -0.686795635 -0.726850573
vn 0 0 -1
vn 0.576855417 -0.513845808 -0.634980561
vn 0.576855417 -0.513845808 -0.634980561
vn 0.576855417 -0.513845808 -0.634980561
vn 0.576855417 -0.513845808 -0.634980561
vn 0.803444701 -0.595379386 0
vn 0.803444701 -0.595379386 0
vn 0.803444701 -0.595379386 0
vn 0.803444701 -0.595379386 0
vn 0.576855417 0.513845808 -0.634980561
vn 0.576855417 0.513845808 -0.634980561
vn 0.576855417 0.513845808 -0.634980561
vn 0.576855417 0.513845808 -0.634980561
vn 0.803444701 0.595379386 -0
vn 0.803444701 0.595379386 -0
vn 0.803444701 0.595379386 -0
vn 0.803444701 0.595379386 -0
vn -0.465860917 -0.664468639 0.584341538
vn -0.465860917 -0.664468639 0.584341538
vn -0.465860917 -0.664468639 0.584341538
vn -0.491661944 0.614516369 0.616958803
vn -0.491661944 0.614516369 0.616958803
vn -0.491661944 0.614516369 0.616958803
vn -0.669261439 0.743026751 -0.000610162937
vn -0.669261439 0.743026751 -0.000610162937
vn -0.669261439 0.743026751 -0.000610162937
vn -0.669261439 0.743026751 -0.000610162937
vn -0.622727253 -0.782438478 0.000892404022
vn -0.622727253 -0.782438478 0.000892404022
vn -0.622727253 -0.782438478 0.000892404022
vn -0.622727253 -0.782438478 0.000892404022
vn 0 -0.686795635 -0.726850573
vn 0 0 -1
vn 0 -0.686795635 -0.726850573
vn 0 0 -1
vn 0.576855417 -0.513845808 -0.634980561
vn 0.576855417 -0.513845808 -0.634980561
vn 0.576855417 -0.513845808 -0.634980561
vn 0.576855417 -0.513845808 -0.634980561
vn 0.803444701 -0.595379386 0
vn 0.803444701 -0.595379386 0
vn 0.803444701 -0.595379386 0
vn 0.803444701 -0.595379386 0
vn 0.576855417 0.513845808 -0.634980561
vn 0.576855417 0.513845808 -0.634980561
vn 0.576855417 0.513845808 -0.634980561
vn 0.576855417 0.513845808 -0.634980561
vn 0.803444701 0.595379386 -0
vn 0.803444701 0.595379386 -0
vn 0.803444701 0.595379386 -0
vn 0.803444701 0.595379386 -0
vn -0.465860917 -0.664468639 0.584341538
vn -0.465860917 -0.664468639 0.584341538
vn -0.465860917 -0.664468639 0.584341538
vn -0.491661944 0.614516369 0.616958803
vn -0.491661944 0.614516369 0.616958803
vn -0.491661944 0.614516369 0.616958803
vn -0.669261439 0.743026751 -0.000610162937
vn -0.669261439 0.743026751 -0.000610162937
vn -0.669261439 0.743026751 -0.000610162937
vn -0.669261439 0.743026751 -0.000610162937
vn -0.622727253 -0.782438478 0.000892404022
vn -0.622727253 -0.782438478 0.000892404022
vn -0.622727253 -0.782438478 0.000892404022
vn -0.622727253 -0.782438478 0.000892404022
vn 0 -0.686795635 -0.726850573
vn 0 0 -1
vn 0 -0.686795635 -0.726850573
vn 0 0 -1
vn 0.576855417 -0.513845808 -0.634980561
vn 0.576855417 -0.513845808 -0.634980561
vn 0.576855417 -0.513845808 -0.634980561
vn 0.576855417 -0.513845808 -0.634980561
vn 0.803444701 -0.595379386 0
vn 0.803444701 -0.595379386 0
vn 0.803444701 -0.595379386 0
vn 0.803444701 -0.595379386 0
vn 0.576855417 0.513845808 -0.634980561
vn 0.576855417 0.513845808 -0.634980561
vn 0.576855417 0.513845808 -0.634980561
vn 0.576855417 0.513845808 -0.634980561
vn 0.803444701 0.595379386 -0
vn 0.803444701 0.595379386 -0
vn 0.803444701 0.595379386 -0
vn 0.803444701 0.595379386 -0
vn -0.465860917 -0.664468639 0.584341538
vn -0.465860917 -0.664468639 0.584341538
vn -0.465860917 -0.664468639 0.584341538
vn -0.491661944 0.614516369 0.616958803
vn -0.491661944 0.614516369 0.616958803
vn -0.491661944 0.614516369 0.616958803
vn -0.669261497 0.743026815 -0.000448677319
vn -0.669261497 0.743026815 -0.000448677319
vn -0.669261497 0.743026815 -0.000448677319
vn -0.669261497 0.743026815 -0.000448677319
vn -0.622727367 -0.782438621 0.000656305803
vn -0.622727367 -0.782438621 0.000656305803
vn -0.622727367 -0.782438621 0.000656305803
vn -0.622727367 -0.782438621 0.000656305803
vn 0 0.686795635 -0.726850573
vn 0 0 -1
vn 0 0.686795635 -0.726850573
vn 0 0 -1
vn -4.39533508e-05 -0.759704744 0.650268176
vn -4.39533508e-05 -0.759704744 0.650268176
vn -4.39533508e-05 -0.759704744 0.650268176
vn -4.39533508e-05 -0.759704744 0.650268176
vn -4.72251617e-05 0.715120606 0.699001084
vn -4.72251617e-05 0.715120606 0.699001084
vn -4.72251617e-05 0.715120606 0.699001084
vn -4.72251617e-05 0.715120606 0.699001084
vn 0 0.686795635 -0.726850573
vn 0 0 -1
vn 0 0.686795635 -0.726850573
vn 0 0 -1
vn -4.21045667e-05 -0.759704744 0.650268176
vn -4.21045667e-05 -0.759704744 0.650268176
vn -4.21045667e-05 -0.759704744 0.650268176
vn -4.21045667e-05 -0.759704744 0.650268176
vn -4.52574466e-05 0.715120606 0.699001085
vn -4.52574466e-05 0.715120606 0.699001085
vn -4.52574466e-05 0.715120606 0.699001085
vn -4.52574466e-05 0.715120606 0.699001085
vn 0 0.686795635 -0.726850573
vn 0 0 -1
vn 0 0.686795635 -0.726850573
vn 0 0 -1
vn -4.19852903e-05 -0.759704744 0.650268176
vn -4.19852903e-05 -0.759704744 0.650268176
vn -4.19852903e-05 -0.759704744 0.650268176
vn -4.19852903e-05 -0.759704744 0.650268176
vn -4.50785635e-05 0.715120606 0.699001085
vn -4.50785635e-05 0.715120606 0.699001085
vn -4.50785635e-05 0.715120606 0.699001085
vn -4.50785635e-05 0.715120606 0.699001085
vn 0 0 1
vn 0 0 1
vn 0 0 1
vn 0 0 1
vn -1.24573708e-05 -1.1920929e-07 -1
vn -1.24573708e-05 -1.1920929e-07 -1
vn -1.24573708e-05 -1.1920929e-07 -1
vn -1.24573708e-05 -1.1920929e-07 -1
vn -1 0 5.96046448e-08
vn -1 0 5.96046448e-08
vn -1 0 5.96046448e-08
vn -1 0 5.96046448e-08
vn -1 -5.96046448e-08 6.55651093e-07
vn -1 -5.96046448e-08 6.55651093e-07
vn -1 -5.96046448e-08 6.55651093e-07
vn -1 -5.96046448e-08 6.55651093e-07
vn 5.96046448e-07 0 1
vn 5.96046448e-07 0 1
vn 5.96046448e-07 0 1
vn 5.96046448e-07 0 1
vn 0 1 5.96046448e-08
vn 0 1 5.96046448e-08
vn 0 1 5.96046448e-08
vn 0 1 5.96046448e-08
vn -5.96046448e-07 0 -1
vn -5.96046448e-07 0 -1
vn -5.96046448e-07 0 -1
vn -5.96046448e-07 0 -1
vn 0 1.1920929e-07 -1
vn 0 1.1920929e-07 -1
vn 0 1.1920929e-07 -1
vn 0 1.1920929e-07 -1
vn 0 -0.745330725 -0.666694915
vn 0 -0.745330725 -0.666694915
vn 0 -0.745330725 -0.666694915
vn 0 -0.745330725 -0.666694915
vn -0.858181712 5.96235115e-08 -0.513346033
vn -0.858181712 5.96235115e-08 -0.513346033
vn -0.858181712 5.96235115e-08 -0.513346033
vn -0.858181712 5.96235115e-08 -0.513346033
vn 0 0.745330725 -0.666694915
vn 0 0.745330725 -0.666694915
vn 0 0.745330725 -0.666694915
vn 0 0.745330725 -0.666694915
vn 0.858181712 5.96235115e-08 -0.513346033
vn 0.858181712 5.96235115e-08 -0.513346033
vn 0.858181712 5.96235115e-08 -0.513346033
vn 0.858181712 5.96235115e-08 -0.513346033
vn -0.988019016 0 -0.154332184
vn -1 0 0
vn -1 0 0
vn -0.988019016 0 -0.154332184
vn -1 0 0
vn -0.988019016 0 0.154332184
vn -0.988019016 0 0.154332184
vn -1 0 0
vn -0.459684776 -0.885174085 -0.0718104804
vn -0.459684776 -0.885174085 -0.0718104804
vn -0.459684776 -0.885174085 -0.0718104804
vn -0.459684776 -0.885174085 -0.0718104804
vn -0.459684776 0.885174085 -0.0718104804
vn -0.459684776 0.885174085 -0.0718104804
vn -0.459684776 0.885174085 -0.0718104804
vn -0.459684776 0.885174085 -0.0718104804
vn -0.531841444 5.96162087e-08 -0.846843952
vn -0.531841444 5.96162087e-08 -0.846843952
vn -0.531841444 5.96162087e-08 -0.846843952
vn -0.531841444 5.96162087e-08 -0.846843952
vn -0.459684776 -0.885174085 0.0718104804
vn -0.459684776 -0.885174085 0.0718104804
vn -0.459684776 -0.885174085 0.0718104804
vn -0.459684776 -0.885174085 0.0718104804
vn -0.531841444 -5.96162087e-08 0.846843952
vn -0.531841444 -5.96162087e-08 0.846843952
vn -0.531841444 -5.96162087e-08 0.846843952
vn -0.531841444 -5.96162087e-08 0.846843952
vn -0.459684776 0.885174085 0.0718104804
vn -0.459684776 0.885174085 0.0718104804
vn -0.459684776 0.885174085 0.0718104804
vn -0.459684776 0.885174085 0.0718104804
vn 0 0 1
vn 0 0 1
vn 0 0 1
vn 0 0 1
vn 0 -1 0
vn 0 -1 0
vn 0 -1 0
vn 0 -1 0
vn 0 0 1
vn 0 0 1
vn 0 0 1
vn 0 0 1
vn 0 -1 0
vn 0 -1 0
vn 0 -1 0
vn 0 -1 0
vn 0 -1.1920929e-07 1
vn 0 -1.1920929e-07 1
vn 0 -1.1920929e-07 1
vn 0 -1.1920929e-07 1
vn 1 0 -0
vn 1 0 -0
vn 1 0 -0
vn 1 0 -0
vn 0 1 1.1920929e-07
vn 0 1 1.1920929e-07
vn 0 1 1.1920929e-07
vn 0 1 1.1920929e-07
vn 0 1.1920929e-07 -1
vn 0 1.1920929e-07 -1
vn 0 1.1920929e-07 -1
vn 0 1.1920929e-07 -1
vn 0 -3.57627869e-07 -1
vn 0 -3.57627869e-07 -1
vn 0 -3.57627869e-07 -1
vn 0 -3.57627869e-07 -1
vn 1 0 -0
vn 1 0 -0
vn 1 0 -0
vn 1 0 -0
vn 0 3.57627869e-07 1
vn 0 3.57627869e-07 1
vn 0 3.57627869e-07 1
vn 0 3.57627869e-07 1
vn 0 -3.57627869e-07 -1
vn 0 -3.57627869e-07 -1
vn 0 -3.57627869e-07 -1
vn 0 -3.57627869e-07 -1
vn 1 0 -0
vn 1 0 -0
vn 1 0 -0
vn 1 0 -0
vn 0 3.57627869e-07 1
vn 0 3.57627869e-07 1
vn 0 3.57627869e-07 1
vn 0 3.57627869e-07 1
vn 1 0 -0
vn 1 0 -0
vn 1 0 -0
vn 1 0 -0
vn 0 3.57627869e-07 1
vn 0 3.57627869e-07 1
vn 0 3.57627869e-07 1
vn 0 3.57627869e-07 1
vn -1 0 0
vn -1 0 0
vn -1 0 0
vn -1 0 0
vn 1 0 -0
vn 1 0 -0
vn 1 0 -0
vn 1 0 -0
vn 0 3.57627869e-07 1
vn 0 3.57627869e-07 1
vn 0 3.57627869e-07 1
vn 0 3.57627869e-07 1
vn -1 0 0
vn -1 0 0
vn -1 0 0
vn -1 0 0
vn 0 -1 3.57627869e-07
vn 0 -1 3.57627869e-07
vn 0 -1 3.57627869e-07
vn 0 -1 3.57627869e-07
vn 0 -1 3.57627869e-07
vn 0 -1 3.57627869e-07
vn 0 -1 3.57627869e-07
vn 0 -1 3.57627869e-07
vn 0 -1 3.57627869e-07
vn 0 -1 3.57627869e-07
vn 0 -1 3.57627869e-07
vn 0 -1 3.57627869e-07
vn 0 -1 3.57627869e-07
vn 0 -1 3.57627869e-07
vn 0 -1 3.57627869e-07
vn 0 -1 3.57627869e-07
vn 0 1 1.1920929e-07
vn 0 1 1.1920929e-07
vn 0 1 1.1920929e-07
vn 0 1 1.1920929e-07
vn 0 1.1920929e-07 -1
vn 0 1.1920929e-07 -1
vn 0 1.1920929e-07 -1
vn 0 1.1920929e-07 -1
vn -1 0 0
vn -1 0 0
vn -1 0 0
vn -1 0 0
vn 0 -1.1920929e-07 1
vn 0 -1.1920929e-07 1
vn 0 -1.1920929e-07 1
vn 0 -1.1920929e-07 1
vn 0.52216111 0.852846865 5.96261646e-08
vn 0.52216111 0.852846865 5.96261646e-08
vn 0.52216111 0.852846865 5.96261646e-08
vn 0.52216111 0.852846865 5.96261646e-08
vn 0 5.96046448e-08 -1
vn 0 5.96046448e-08 -1
vn 0 5.96046448e-08 -1
vn 0 0.742102643 -0.670286258
vn 0 0.742102643 -0.670286258
vn 0 0.742102643 -0.670286258
vn 0 0.742102643 -0.670286258
vn 0.537223062 0.843440207 -0
vn 0.537223062 0.843440207 -0
vn 0.537223062 0.843440207 -0
vn 0.537223062 0.843440207 -0
vn -0.496138938 0.868243142 5.96100741e-08
vn -0.496138938 0.868243142 5.96100741e-08
vn -0.496138938 0.868243142 5.96100741e-08
vn -0.496138938 0.868243142 5.96100741e-08
vn 0 5.96046448e-08 -1
vn 0 5.96046448e-08 -1
vn 0 5.96046448e-08 -1
vn -0.999999491 0 -0.00100852568
vn -0.999999491 0 -0.00100852568
vn -0.999999491 0 -0.00100852568
vn -0.999999491 0 -0.00100852568
vn -0.999999491 0 -0.00100852568
vn -0.999999491 0 -0.00100852568
vn -0.999999491 0 -0.00100852568
vn -0.999999491 0 -0.00100852568
vn -0.999999491 0 -0.00100852568
vn -0.999999491 0 -0.00100852568
vn -0.999999491 0 -0.00100852568
vn 0 -0.1431309 -0.989703767
vn 0 -0.1431309 -0.989703767
vn 0 -0.1431309 -0.989703767
vn 0 -0.1431309 -0.989703767
vn 0 0.512771116 -0.858525354
vn 0 0.512771116 -0.858525354
vn 0 0.512771116 -0.858525354
vn 0 0.512771116 -0.858525354
vn -1 0 0
vn -1 0 0
vn -1 0 0
vn 1 0 -0
vn 1 0 -0
vn 1 0 -0
vn 0 -0.1431309 -0.989703767
vn 0 -0.1431309 -0.989703767
vn 0 -0.1431309 -0.989703767
vn 0 -0.1431309 -0.989703767
vn 0 0.512771116 -0.858525354
vn 0 0.512771116 -0.858525354
vn 0 0.512771116 -0.858525354
vn 0 0.512771116 -0.858525354
vn -1 0 0
vn -1 0 0
vn -1 0 0
vn 1 0 -0
vn 1 0 -0
vn 1 0 -0
vn 0 -0.1431309 -0.989703767
vn 0 -0.1431309 -0.989703767
vn 0 -0.1431309 -0.989703767
vn 0 -0.1431309 -0.989703767
vn 0 0.512771116 -0.858525354
vn 0 0.512771116 -0.858525354
vn 0 0.512771116 -0.858525354
vn 0 0.512771116 -0.858525354
vn -1 0 0
vn -1 0 0
vn -1 0 0
vn 1 0 -0
vn 1 0 -0
vn 1 0 -0
vn 0 -0.1431309 -0.989703767
vn 0 -0.1431309 -0.989703767
vn 0 -0.1431309 -0.989703767
vn 0 -0.1431309 -0.989703767
vn 0 0.512771116 -0.858525354
vn 0 0.512771116 -0.858525354
vn 0 0.512771116 -0.858525354
vn 0 0.512771116 -0.858525354
vn -1 0 0
vn -1 0 0
vn -1 0 0
vn 1 0 -0
vn 1 0 -0
vn 1 0 -0
vn 0 -0.1431309 -0.989703767
vn 0 -0.1431309 -0.989703767
vn 0 -0.1431309 -0.989703767
vn 0 -0.1431309 -0.989703767
vn 0 0.512771116 -0.858525354
vn 0 0.512771116 -0.858525354
vn 0 0.512771116 -0.858525354
vn 0 0.512771116 -0.858525354
vn -1 0 0
vn -1 0 0
vn -1 0 0
vn 1 0 -0
vn 1 0 -0
vn 1 0 -0
vn 0 -0.1431309 -0.989703767
vn 0 -0.1431309 -0.989703767
vn 0 -0.1431309 -0.989703767
vn 0 -0.1431309 -0.989703767
vn 0 0.512771116 -0.858525354
vn 0 0.512771116 -0.858525354
vn 0 0.512771116 -0.858525354
vn 0 0.512771116 -0.858525354
vn -1 0 0
vn -1 0 0
vn -1 0 0
vn 1 0 -0
vn 1 0 -0
vn 1 0 -0
vn 0 -0.1431309 -0.989703767
vn 0 -0.1431309 -0.989703767
vn 0 -0.1431309 -0.989703767
vn 0 -0.1431309 -0.989703767
vn 0 0.512771116 -0.858525354
vn 0 0.512771116 -0.858525354
vn 0 0.512771116 -0.858525354
vn 0 0.512771116 -0.858525354
vn -1 0 0
vn -1 0 0
vn -1 0 0
vn 1 0 -0
vn 1 0 -0
vn 1 0 -0
vn 0.989703767 -0.1431309 0
vn 0.989703767 -0.1431309 0
vn 0.989703767 -0.1431309 0
vn 0.989703767 -0.1431309 0
vn 0.858525354 0.512771116 -0
vn 0.858525354 0.512771116 -0
vn 0.858525354 0.512771116 -0
vn 0.858525354 0.512771116 -0
vn 0 0 -1
vn 0 0 -1
vn 0 0 -1
vn 0 0 1
vn 0 0 1
vn 0 0 1
vn 0.989703767 -0.1431309 0
vn 0.989703767 -0.1431309 0
vn 0.989703767 -0.1431309 0
vn 0.989703767 -0.1431309 0
vn 0.858525354 0.512771116 -0
vn 0.858525354 0.512771116 -0
vn 0.858525354 0.512771116 -0
vn 0.858525354 0.512771116 -0
vn 0 0 -1
vn 0 0 -1
vn 0 0 -1
vn -1.46627426e-05 0 1
vn -1.46627426e-05 0 1
vn -1.46627426e-05 0 1
vn 0.989703767 -0.1431309 0
vn 0.989703767 -0.1431309 0
vn 0.989703767 -0.1431309 0
vn 0.989703767 -0.1431309 0
vn 0.858525354 0.512771116 -0
vn 0.858525354 0.512771116 -0
vn 0.858525354 0.512771116 -0
vn 0.858525354 0.512771116 -0
vn 0 0 -1
vn 0 0 -1
vn 0 0 -1
vn -1.46627426e-05 0 1
vn -1.46627426e-05 0 1
vn -1.46627426e-05 0 1
vn 0.989703767 -0.1431309 0
vn 0.989703767 -0.1431309 0
vn 0.989703767 -0.1431309 0
vn 0.989703767 -0.1431309 0
vn 0.858525354 0.512771116 -0
vn 0.858525354 0.512771116 -0
vn 0.858525354 0.512771116 -0
vn 0.858525354 0.512771116 -0
vn 0 0 -1
vn 0 0 -1
vn 0 0 -1
vn -1.46627426e-05 0 1
vn -1.46627426e-05 0 1
vn -1.46627426e-05 0 1
vn -0.989703767 -0.1431309 0
vn -0.989703767 -0.1431309 0
vn -0.989703767 -0.1431309 0
vn -0.989703767 -0.1431309 0
vn -0.858525354 0.512771116 0
vn -0.858525354 0.512771116 0
vn -0.858525354 0.512771116 0
vn -0.858525354 0.512771116 0
vn 0 0 1
vn 0 0 1
vn 0 0 1
vn 1.46627426e-05 0 -1
vn 1.46627426e-05 0 -1
vn 1.46627426e-05 0 -1
vn -0.989703767 -0.1431309 0
vn -0.989703767 -0.1431309 0
vn -0.989703767 -0.1431309 0
vn -0.989703767 -0.1431309 0
vn -0.858525354 0.512771116 0
vn -0.858525354 0.512771116 0
vn -0.858525354 0.512771116 0
vn -0.858525354 0.512771116 0
vn 0 0 1
vn 0 0 1
vn 0 0 1
vn 1.46627426e-05 0 -1
vn 1.46627426e-05 0 -1
vn 1.46627426e-05 0 -1
vn -0.989703767 -0.1431309 0
vn -0.989703767 -0.1431309 0
vn -0.989703767 -0.1431309 0
vn -0.989703767 -0.1431309 0
vn -0.858525354 0.512771116 0
vn -0.858525354 0.512771116 0
vn -0.858525354 0.512771116 0
vn -0.858525354 0.512771116 0
vn 0 0 1
vn 0 0 1
vn 0 0 1
vn 1.46627426e-05 0 -1
vn 1.46627426e-05 0 -1
vn 1.46627426e-05 0 -1
vn -0.989703767 -0.1431309 0
vn -0.989703767 -0.1431309 0
vn -0.989703767 -0.1431309 0
vn -0.989703767 -0.1431309 0
vn -0.858525354 0.512771116 0
vn -0.858525354 0.512771116 0
vn -0.858525354 0.512771116 0
vn -0.858525354 0.512771116 0
vn 0 0 1
vn 0 0 1
vn 0 0 1
vn 1.46627426e-05 0 -1
vn 1.46627426e-05 0 -1
vn 1.46627426e-05 0 -1
vn -0.989703767 -0.1431309 0
vn -0.989703767 -0.1431309 0
vn -0.989703767 -0.1431309 0
vn -0.989703767 -0.1431309 0
vn -0.858525354 0.512771116 0
vn -0.858525354 0.512771116 0
vn -0.858525354 0.512771116 0
vn -0.858525354 0.512771116 0
vn 0 0 1
vn 0 0 1
vn 0 0 1
vn 1.46627426e-05 0 -1
vn 1.46627426e-05 0 -1
vn 1.46627426e-05 0 -1
vn 0 -0.1431309 -0.989703767
vn 0 -0.1431309 -0.989703767
vn 0 -0.1431309 -0.989703767
vn 0 -0.1431309 -0.989703767
vn 0 0.512771116 -0.858525354
vn 0 0.512771116 -0.858525354
vn 0 0.512771116 -0.858525354
vn 0 0.512771116 -0.858525354
vn -1 0 0
vn -1 0 0
vn -1 0 0
vn 1 0 1.46627426e-05
vn 1 0 1.46627426e-05
vn 1 0 1.46627426e-05
vn 0 -0.1431309 -0.989703767
vn 0 -0.1431309 -0.989703767
vn 0 -0.1431309 -0.989703767
vn 0 -0.1431309 -0.989703767
vn 0 0.512771116 -0.858525354
vn 0 0.512771116 -0.858525354
vn 0 0.512771116 -0.858525354
vn 0 0.512771116 -0.858525354
vn -1 0 0
vn -1 0 0
vn -1 0 0
vn 1 0 1.46627426e-05
vn 1 0 1.46627426e-05
vn 1 0 1.46627426e-05
vn 0 -0.1431309 -0.989703767
vn 0 -0.1431309 -0.989703767
vn 0 -0.1431309 -0.989703767
vn 0 -0.1431309 -0.989703767
vn 0 0.512771116 -0.858525354
vn 0 0.512771116 -0.858525354
vn 0 0.512771116 -0.858525354
vn 0 0.512771116 -0.858525354
vn -1 0 0
vn -1 0 0
vn -1 0 0
vn 1 0 1.46627426e-05
vn 1 0 1.46627426e-05
vn 1 0 1.46627426e-05
vn 0 -0.162180538 -0.986761102
vn 0 -0.162180538 -0.986761102
vn 0 -0.162180538 -0.986761102
vn 0 -0.162180538 -0.986761102
vn 0 0.512771116 -0.858525354
vn 0 0.512771116 -0.858525354
vn 0 0.512771116 -0.858525354
vn 0 0.512771116 -0.858525354
vn -1 0 0
vn -1 0 0
vn -1 0 0
vn 1 1.07288361e-05 -1.8119812e-05
vn 1 1.07288361e-05 -1.8119812e-05
vn 1 1.07288361e-05 -1.8119812e-05
vn 0 -0.1431309 -0.989703767
vn 0 -0.1431309 -0.989703767
vn 0 -0.1431309 -0.989703767
vn 0 -0.1431309 -0.989703767
vn 0 0.512771116 -0.858525354
vn 0 0.512771116 -0.858525354
vn 0 0.512771116 -0.858525354
vn 0 0.512771116 -0.858525354
vn -1 0 0
vn -1 0 0
vn -1 0 0
vn 1 0 1.46627426e-05
vn 1 0 1.46627426e-05
vn 1 0 1.46627426e-05
vn 0 -0.1431309 -0.989703767
vn 0 -0.1431309 -0.989703767
vn 0 -0.1431309 -0.989703767
vn 0 -0.1431309 -0.989703767
vn 0 0.512771116 -0.858525354
vn 0 0.512771116 -0.858525354
vn 0 0.512771116 -0.858525354
vn 0 0.512771116 -0.858525354
vn -1 0 0
vn -1 0 0
vn -1 0 0
vn 1 0 1.46627426e-05
vn 1 0 1.46627426e-05
vn 1 0 1.46627426e-05
vn 0 1 -0
vn 0 1 -0
vn 0 1 -0
vn 0 1 -0
vn -1 0 0
vn -1 0 0
vn -1 0 0
vn -1 0 0
vn 1 0 -0
vn 1 0 -0
vn 1 0 -0
vn 1 0 -0
vn 0 1 -0
vn 0 1 -0
vn 0 1 -0
vn 0 1 -0
vn 0.998197978 0 0.0600066421
vn 0.998197978 0 0.0600066421
vn 0.998197978 0 0.0600066421
vn 0.998197978 0 0.0600066421
vn 0.0595253107 0.0282363653 -0.997827362
vn 0.0595253107 0.0282363653 -0.997827362
vn 0.0595253107 0.0282363653 -0.997827362
vn 0.0595253107 0.0282363653 -0.997827362
vn -0.998197978 0 -0.0600066421
vn -0.998197978 0 -0.0600066421
vn -0.998197978 0 -0.0600066421
vn -0.998197978 0 -0.0600066421
vn -0.0611244899 0.0147849821 0.998020642
vn -0.0611244899 0.0147849821 0.998020642
vn -0.0611244899 0.0147849821 0.998020642
vn -0.0611244899 0.0147849821 0.998020642
vn 0 1 -0
vn 0 1 -0
vn 0 1 -0
vn 0 1 -0
vn 0.951073548 0 0.308964571
vn 0.951073548 0 0.308964571
vn 0.951073548 0 0.308964571
vn 0.951073548 0 0.308964571
vn 0.308178649 0.0282354645 -0.950909396
vn 0.308178649 0.0282354645 -0.950909396
vn 0.308178649 0.0282354645 -0.950909396
vn 0.308178649 0.0282354645 -0.950909396
vn -0.951073548 0 -0.308964571
vn -0.951073548 0 -0.308964571
vn -0.951073548 0 -0.308964571
vn -0.951073548 0 -0.308964571
vn -0.309957881 0.0147926116 0.950635204
vn -0.309957881 0.0147926116 0.950635204
vn -0.309957881 0.0147926116 0.950635204
vn -0.309957881 0.0147926116 0.950635204
vn 0 1 -0
vn 0 1 -0
vn 0 1 -0
vn 0 1 -0
vn -0.969998678 0 -0.243110192
vn -0.969998678 0 -0.243110192
vn -0.969998678 0 -0.243110192
vn -0.969998678 0 -0.243110192
vn -0.242668762 0.0282421496 0.969698022
vn -0.242668762 0.0282421496 0.969698022
vn -0.242668762 0.0282421496 0.969698022
vn -0.242668762 0.0282421496 0.969698022
vn 0.969998678 0 0.243110192
vn 0.969998678 0 0.243110192
vn 0.969998678 0 0.243110192
vn 0.969998678 0 0.243110192
vn 0.244232705 0.0147913432 -0.969603838
vn 0.244232705 0.0147913432 -0.969603838
vn 0.244232705 0.0147913432 -0.969603838
vn 0.244232705 0.0147913432 -0.969603838
vn 0 1 -0
vn 0 1 -0
vn 0 1 -0
vn 0 1 -0
vn 0 0 1
vn 0 0 1
vn 0 0 1
vn 0 0 1
vn 0 0 -1
vn 0 0 -1
vn 0 0 -1
vn 0 0 -1
vn 0 1 -0
vn 0 1 -0
vn 0 1 -0
vn 0 1 -0
vn 0 0 1
vn 0 0 1
vn 0 0 1
vn 0 0 1
vn 0 0 -1
vn 0 0 -1
vn 0 0 -1
vn 0 0 -1
vn 0 -1 0
vn 0 -1 0
vn 0 -1 0
vn 0 -1 0
vn 0 -1 0
vn 0 -1 0
vn 0 -1 0
vn 0 -1 0
vn 0 1 -0
vn 0 1 -0
vn 0 1 -0
vn 0 1 -0
vn 0 0 1
vn 0 0 1
vn 0 0 1
vn 0 0 1
vn 0 0 -1
vn 0 0 -1
vn 0 0 -1
vn 0 0 -1
vn 0 -1 0
vn 0 -1 0
vn 0 -1 0
vn 0 -1 0
vn 0 1 -0
vn 0 1 -0
vn 0 1 -0
vn 0 1 -0
vn 0 0 1
vn 0 0 1
vn 0 0 1
vn 0 0 1
vn 0 0 -1
vn 0 0 -1
vn 0 0 -1
vn 0 0 -1
vn 0 -1 0
vn 0 -1 0
vn 0 -1 0
vn 0 -1 0
vn 1 0 -0
vn 1 0 -0
vn 1 0 -0
vn 1 0 -0
vn 1 0 -0
vn 1 0 -0
vn 1 0 -0
vn 1 0 -0
vn 1 0 -0
vn 1 0 -0
vn 1 0 -0
vn 1 0 -0
vn 1 0 -0
vn 1 0 -0
vn 1 0 -0
vn 0.0075603909 0 0.99997142
vn 0.0075603909 0 0.99997142
vn 0.0075603909 0 0.99997142
vn 0.0075603909 0 0.99997142
vn 0.0075603909 0 0.99997142
vn 0.0075603909 0 0.99997142
vn 0.0075603909 0 0.99997142
vn 0.0075603909 0 0.99997142
vn 0 0 1
vn 0 0 1
vn 0 0 1
vn 0 0 1
vn 0 0 1
vn 0 0 1
vn 0 0 1
vn -0.000430078658 0 -0.999999908
vn -0.000429840123 0 -0.999999908
vn -0.000430078658 0 -0.999999908
vn -0.000429840123 0 -0.999999908
vn -0.000429840123 0 -0.999999908
vn -0.000429840123 0 -0.999999908
vn -0.000429840123 0 -0.999999908
vn -0.000429840123 0 -0.999999908
vn -0.000429840123 0 -0.999999908
vn -0.000429840123 0 -0.999999908
vn -0.000429840123 0 -0.999999908
vn 1 0 1.1920929e-06
vn 1 0 1.1920929e-06
vn 1 0 1.1920929e-06
vn 1 0 1.1920929e-06
vn 1.1920929e-06 0 -1
vn 1.1920929e-06 0 -1
vn 1.1920929e-06 0 -1
vn 1.1920929e-06 0 -1
vn 0 1 -0
vn 0 1 -0
vn 0 1 -0
vn 0 1 -0
vn -1.1920929e-06 0 1
vn -1.1920929e-06 0 1
vn -1.1920929e-06 0 1
vn -1.1920929e-06 0 1
vn 0 0.329022698 0.944322013
vn 0 0.329022698 0.944322013
vn 0 0.329022698 0.944322013
vn 0 0.329022698 0.944322013
vn -1 0 0
vn -1 0 0
vn -1 0 0
vn -1 0 0
vn 1 0 -0
vn 1 0 -0
vn 1 0 -0
vn 1 0 -0
vn 0 1 1.1920929e-07
vn 0 1 1.1920929e-07
vn 0 1 1.1920929e-07
vn 0 1 1.1920929e-07
vn 0 0.329022698 0.944322013
vn 0 0.329022698 0.944322013
vn 0 0.329022698 0.944322013
vn 0 0.329022698 0.944322013
vn -1 0 0
vn -1 0 0
vn -1 0 0
vn -1 0 0
vn 1 0 -0
vn 1 0 -0
vn 1 0 -0
vn 1 0 -0
vn 0 1 1.1920929e-07
vn 0 1 1.1920929e-07
vn 0 1 1.1920929e-07
vn 0 1 1.1920929e-07
vn 0 0.329022698 0.944322013
vn 0 0.329022698 0.944322013
vn 0 0.329022698 0.944322013
vn 0 0.329022698 0.944322013
vn -1 0 0
vn -1 0 0
vn -1 0 0
vn -1 0 0
vn 1 0 -0
vn 1 0 -0
vn 1 0 -0
vn 1 0 -0
vn 0 1 1.1920929e-07
vn 0 1 1.1920929e-07
vn 0 1 1.1920929e-07
vn 0 1 1.1920929e-07
vn 0 0.329022698 0.944322013
vn 0 0.329022698 0.944322013
vn 0 0.329022698 0.944322013
vn 0 0.329022698 0.944322013
vn -1 0 0
vn -1 0 0
vn -1 0 0
vn -1 0 0
vn 1 0 -0
vn 1 0 -0
vn 1 0 -0
vn 1 0 -0
vn 0 1 1.1920929e-07
vn 0 1 1.1920929e-07
vn 0 1 1.1920929e-07
vn 0 1 1.1920929e-07
vn 0 -1 -1.1920929e-07
vn 0 -1 -1.1920929e-07
vn 0 -1 -1.1920929e-07
vn 0 -1 -1.1920929e-07
vn 0 -1 -1.1920929e-07
vn 0 -1 -1.1920929e-07
vn 0 -1 -1.1920929e-07
vn 0 -1 -1.1920929e-07
vn 0 -1 -1.1920929e-07
vn 0 -1 -1.1920929e-07
vn 0 -1 -1.1920929e-07
vn 0 -1 -1.1920929e-07
vn 0 -1 -1.1920929e-07
vn 0 -1 -1.1920929e-07
vn 0 -1 -1.1920929e-07
vn 0 -1 -1.1920929e-07
vn 0 1 5.96046448e-08
vn 0 1 5.96046448e-08
vn 0 1 5.96046448e-08
vn 0 1 5.96046448e-08
vn -0.569489318 0 -0.821998733
vn -0.569489318 0 -0.821998733
vn -0.569489318 0 -0.821998733
vn -0.569489318 0 -0.821998733
vn 0.81920897 5.96309451e-08 -0.573495129
vn 0.81920897 5.96309451e-08 -0.573495129
vn 0.81920897 5.96309451e-08 -0.573495129
vn 0.81920897 5.96309451e-08 -0.573495129
vn 0.569489318 0 0.821998733
vn 0.569489318 0 0.821998733
vn 0.569489318 0 0.821998733
vn 0.569489318 0 0.821998733
vn 0 1 -0
vn 0 1 -0
vn 0 1 -0
vn 0 1 -0
vn 0.495954844 0 0.868348313
vn 0.495954844 0 0.868348313
vn 0.495954844 0 0.868348313
vn 0.495954844 0 0.868348313
vn -0.866055443 0 0.499947967
vn -0.866055443 0 0.499947967
vn -0.866055443 0 0.499947967
vn -0.866055443 0 0.499947967
vn -0.495954844 0 -0.868348313
vn -0.495954844 0 -0.868348313
vn -0.495954844 0 -0.868348313
vn -0.495954844 0 -0.868348313
vn 1 0 4.76837158e-07
vn 1 0 4.76837158e-07
vn 1 0 4.76837158e-07
vn 1 0 4.76837158e-07
vn 4.76837158e-07 0 -1
vn 4.76837158e-07 0 -1
vn 4.76837158e-07 0 -1
vn 4.76837158e-07 0 -1
vn 0 1 -0
vn 0 1 -0
vn 0 1 -0
vn 0 1 -0
vn -4.76837158e-07 0 1
vn -4.76837158e-07 0 1
vn -4.76837158e-07 0 1
vn -4.76837158e-07 0 1
vn -1 -5.96046448e-08 6.55651093e-07
vn -1 -5.96046448e-08 6.55651093e-07
vn -1 -5.96046448e-08 6.55651093e-07
vn -1 -5.96046448e-08 6.55651093e-07
vn 5.96046448e-07 0 1
vn 5.96046448e-07 0 1
vn 5.96046448e-07 0 1
vn 5.96046448e-07 0 1
vn 0 1 5.96046448e-08
vn 0 1 5.96046448e-08
vn 0 1 5.96046448e-08
vn 0 1 5.96046448e-08
vn -5.96046448e-07 0 -1
vn -5.96046448e-07 0 -1
vn -5.96046448e-07 0 -1
vn -5.96046448e-07 0 -1
vn 1 0 -0
vn 1 0 -0
vn 1 0 -0
vn 1 0 -0
vn 0 0 -1
vn 0 0 -1
vn 0 0 -1
vn 0 0 -1
vn 0 1 -0
vn 0 1 -0
vn 0 1 -0
vn 0 1 -0
vn 0 0 1
vn 0 0 1
vn 0 0 1
vn 0 0 1
vn 0 1 1.1920929e-07
vn 0 1 1.1920929e-07
vn 0 1 1.1920929e-07
vn 0 1 1.1920929e-07
vn -0.999999907 0 -0.000432225473
vn -0.999999907 0 -0.000432225473
vn -0.999999907 0 -0.000432225473
vn -0.999999907 0 -0.000432225473
vn 0 1.1920929e-07 -1
vn 0 1.1920929e-07 -1
vn 0 1.1920929e-07 -1
vn 0 1.1920929e-07 -1
vn 0.999999907 0 0.000432225473
vn 0.999999907 0 0.000432225473
vn 0.999999907 0 0.000432225473
vn 0.999999907 0 0.000432225473
vn 1 0 1.1920929e-06
vn 1 0 1.1920929e-06
vn 1 0 1.1920929e-06
vn 1 0 1.1920929e-06
vn 1.1920929e-06 0 -1
vn 1.1920929e-06 0 -1
vn 1.1920929e-06 0 -1
vn 1.1920929e-06 0 -1
vn 0 1 -0
vn 0 1 -0
vn 0 1 -0
vn 0 1 -0
vn -1.1920929e-06 0 1
vn -1.1920929e-06 0 1
vn -1.1920929e-06 0 1
vn -1.1920929e-06 0 1
vn 1 0 4.76837158e-07
vn 1 0 4.76837158e-07
vn 1 0 4.76837158e-07
vn 1 0 4.76837158e-07
vn 4.76837158e-07 0 -1
vn 4.76837158e-07 0 -1
vn 4.76837158e-07 0 -1
vn 4.76837158e-07 0 -1
vn 0 1 -0
vn 0 1 -0
vn 0 1 -0
vn 0 1 -0
vn -4.76837158e-07 0 1
vn -4.76837158e-07 0 1
vn -4.76837158e-07 0 1
vn -4.76837158e-07 0 1
vn -1 0 2.38418579e-07
vn -1 0 2.38418579e-07
vn -1 0 2.38418579e-07
vn -1 0 2.38418579e-07
vn 2.38418579e-07 0 1
vn 2.38418579e-07 0 1
vn 2.38418579e-07 0 1
vn 2.38418579e-07 0 1
vn 0 1 -0
vn 0 1 -0
vn 0 1 -0
vn 0 1 -0
vn -2.38418579e-07 0 -1
vn -2.38418579e-07 0 -1
vn -2.38418579e-07 0 -1
vn -2.38418579e-07 0 -1
vn -1 -5.96046448e-08 6.55651093e-07
vn -1 -5.96046448e-08 6.55651093e-07
vn -1 -5.96046448e-08 6.55651093e-07
vn -1 -5.96046448e-08 6.55651093e-07
vn 5.96046448e-07 0 1
vn 5.96046448e-07 0 1
vn 5.96046448e-07 0 1
vn 5.96046448e-07 0 1
vn 0 1 5.96046448e-08
vn 0 1 5.96046448e-08
vn 0 1 5.96046448e-08
vn 0 1 5.96046448e-08
vn -5.96046448e-07 0 -1
vn -5.96046448e-07 0 -1
vn -5.96046448e-07 0 -1
vn -5.96046448e-07 0 -1
vn 1 0 4.76837158e-07
vn 1 0 4.76837158e-07
vn 1 0 4.76837158e-07
vn 1 0 4.76837158e-07
vn 4.76837158e-07 0 -1
vn 4.76837158e-07 0 -1
vn 4.76837158e-07 0 -1
vn 4.76837158e-07 0 -1
vn 0 1 -0
vn 0 1 -0
vn 0 1 -0
vn 0 1 -0
vn -4.76837158e-07 0 1
vn -4.76837158e-07 0 1
vn -4.76837158e-07 0 1
vn -4.76837158e-07 0 1
vn -8.94069672e-07 -1.1920929e-07 -1
vn -8.94069672e-07 -1.1920929e-07 -1
vn -8.94069672e-07 -1.1920929e-07 -1
vn -8.94069672e-07 -1.1920929e-07 -1
vn -1 0 8.94069672e-07
vn -1 0 8.94069672e-07
vn -1 0 8.94069672e-07
vn -1 0 8.94069672e-07
vn 0 1 1.1920929e-07
vn 0 1 1.1920929e-07
vn 0 1 1.1920929e-07
vn 0 1 1.1920929e-07
vn 1 0 -8.94069672e-07
vn 1 0 -8.94069672e-07
vn 1 0 -8.94069672e-07
vn 1 0 -8.94069672e-07
vn -1 -5.96046448e-08 6.55651093e-07
vn -1 -5.96046448e-08 6.55651093e-07
vn -1 -5.96046448e-08 6.55651093e-07
vn -1 -5.96046448e-08 6.55651093e-07
vn 5.96046448e-07 0 1
vn 5.96046448e-07 0 1
vn 5.96046448e-07 0 1
vn 5.96046448e-07 0 1
vn 0 1 5.96046448e-08
vn 0 1 5.96046448e-08
vn 0 1 5.96046448e-08
vn 0 1 5.96046448e-08
vn -5.96046448e-07 0 -1
vn -5.96046448e-07 0 -1
vn -5.96046448e-07 0 -1
vn -5.96046448e-07 0 -1
vn 0 1 -0
vn 0 1 -0
vn 0 1 -0
vn 0 1 -0
vn 0 0 -1
vn 0 0 -1
vn 0 0 -1
vn 0 0 -1
vn 1 0 -0
vn 1 0 -0
vn 1 0 -0
vn 1 0 -0
vn 0 0 1
vn 0 0 1
vn 0 0 1
vn 0 0 1
vn -1 0 2.38418579e-07
vn -1 0 2.38418579e-07
vn -1 0 2.38418579e-07
vn -1 0 2.38418579e-07
vn 2.38418579e-07 0 1
vn 2.38418579e-07 0 1
vn 2.38418579e-07 0 1
vn 2.38418579e-07 0 1
vn 0 1 -0
vn 0 1 -0
vn 0 1 -0
vn 0 1 -0
vn -2.38418579e-07 0 -1
vn -2.38418579e-07 0 -1
vn -2.38418579e-07 0 -1
vn -2.38418579e-07 0 -1
vn 0 1 1.1920929e-07
vn 0 1 1.1920929e-07
vn 0 1 1.1920929e-07
vn 0 1 1.1920929e-07
vn -1 0 0
vn -1 0 0
vn -1 0 0
vn -1 0 0
vn 0 1.1920929e-07 -1
vn 0 1.1920929e-07 -1
vn 0 1.1920929e-07 -1
vn 0 1.1920929e-07 -1
vn 1 0 -0
vn 1 0 -0
vn 1 0 -0
vn 1 0 -0
vn 0 -1.1920929e-07 1
vn 0 -1.1920929e-07 1
vn 0 -1.1920929e-07 1
vn 0 -1.1920929e-07 1
vn -1 -5.96046448e-08 6.55651093e-07
vn -1 -5.96046448e-08 6.55651093e-07
vn -1 -5.96046448e-08 6.55651093e-07
vn -1 -5.96046448e-08 6.55651093e-07
vn 5.96046448e-07 0 1
vn 5.96046448e-07 0 1
vn 5.96046448e-07 0 1
vn 5.96046448e-07 0 1
vn 0 1 5.96046448e-08
vn 0 1 5.96046448e-08
vn 0 1 5.96046448e-08
vn 0 1 5.96046448e-08
vn -5.96046448e-07 0 -1
vn -5.96046448e-07 0 -1
vn -5.96046448e-07 0 -1
vn -5.96046448e-07 0 -1
vn 0 1 1.1920929e-07
vn 0 1 1.1920929e-07
vn 0 1 1.1920929e-07
vn 0 1 1.1920929e-07
vn 1 0 1.1920929e-07
vn 1 0 1.1920929e-07
vn 1 0 1.1920929e-07
vn 1 0 1.1920929e-07
vn -1.1920929e-07 1.1920929e-07 1
vn -1.1920929e-07 1.1920929e-07 1
vn -1.1920929e-07 1.1920929e-07 1
vn -1.1920929e-07 1.1920929e-07 1
vn -1 0 -1.1920929e-07
vn -1 0 -1.1920929e-07
vn -1 0 -1.1920929e-07
vn -1 0 -1.1920929e-07
vn 0 1 1.1920929e-07
vn 0 1 1.1920929e-07
vn 0 1 1.1920929e-07
vn 0 1 1.1920929e-07
vn -1 0 0
vn -1 0 0
vn -1 0 0
vn -1 0 0
vn 0 -1.1920929e-07 1
vn 0 -1.1920929e-07 1
vn 0 -1.1920929e-07 1
vn 0 -1.1920929e-07 1
vn 1 0 -0
vn 1 0 -0
vn 1 0 -0
vn 1 0 -0
vn 0 1.1920929e-07 -1
vn 0 1.1920929e-07 -1
vn 0 1.1920929e-07 -1
vn 0 1.1920929e-07 -1
vn 1 0 4.76837158e-07
vn 1 0 4.76837158e-07
vn 1 0 4.76837158e-07
vn 1 0 4.76837158e-07
vn 4.76837158e-07 0 -1
vn 4.76837158e-07 0 -1
vn 4.76837158e-07 0 -1
vn 4.76837158e-07 0 -1
vn 0 1 -0
vn 0 1 -0
vn 0 1 -0
vn 0 1 -0
vn -4.76837158e-07 0 1
vn -4.76837158e-07 0 1
vn -4.76837158e-07 0 1
vn -4.76837158e-07 0 1
vn -1 0 2.38418579e-07
vn -1 0 2.38418579e-07
vn -1 0 2.38418579e-07
vn -1 0 2.38418579e-07
vn 2.38418579e-07 0 1
vn 2.38418579e-07 0 1
vn 2.38418579e-07 0 1
vn 2.38418579e-07 0 1
vn 0 1 -0
vn 0 1 -0
vn 0 1 -0
vn 0 1 -0
vn -2.38418579e-07 0 -1
vn -2.38418579e-07 0 -1
vn -2.38418579e-07 0 -1
vn -2.38418579e-07 0 -1
vn 0 1 1.1920929e-07
vn 0 1 1.1920929e-07
vn 0 1 1.1920929e-07
vn 0 1 1.1920929e-07
vn -1 0 0
vn -1 0 0
vn -1 0 0
vn -1 0 0
vn 0 1.1920929e-07 -1
vn 0 1.1920929e-07 -1
vn 0 1.1920929e-07 -1
vn 0 1.1920929e-07 -1
vn 1 0 -0
vn 1 0 -0
vn 1 0 -0
vn 1 0 -0
vn 0 -1.1920929e-07 1
vn 0 -1.1920929e-07 1
vn 0 -1.1920929e-07 1
vn 0 -1.1920929e-07 1
vn 0.00293619085 -0.683775698 0.729686352
vn 0.00293619085 -0.683775698 0.729686352
vn 0.00293619085 -0.683775698 0.729686352
vn 0.00293619085 -0.683775698 0.729686352
vn 0 -0.690801021 -0.723044916
vn 0 -0.690801021 -0.723044916
vn 0 -0.690801021 -0.723044916
vn 0 -0.690801021 -0.723044916
vn 0.928375616 -0.371643263 0
vn 0.928375616 -0.371643263 0
vn 0.928375616 -0.371643263 0
vn 0.928375616 -0.371643263 0
vn 0.928375616 -0.371643263 0
vn 0.928375616 -0.371643263 0
vn 0.928375616 -0.371643263 0
vn 0.928375616 -0.371643263 0
vn 0.00294883535 -0.698259795 0.715838364
vn 0.00294883535 -0.698259795 0.715838364
vn 0.00294883535 -0.698259795 0.715838364
vn 0.00294883535 -0.698259795 0.715838364
vn 0 -0.690801021 -0.723044916
vn 0 -0.690801021 -0.723044916
vn 0 -0.690801021 -0.723044916
vn 0 -0.690801021 -0.723044916
vn 0.928375616 -0.371643263 0
vn 0.928375616 -0.371643263 0
vn 0.928375616 -0.371643263 0
vn 0.928375616 -0.371643263 0
vn 0.928375616 -0.371643263 0
vn 0.928375616 -0.371643263 0
vn 0.928375616 -0.371643263 0
vn 0.928375616 -0.371643263 0
vn 0.928375616 -0.371643263 0
vn 0.928375616 -0.371643263 0
vn 0.00287323589 -0.693544959 0.720407616
vn 0.00287323589 -0.693544959 0.720407616
vn 0.00287323589 -0.693544959 0.720407616
vn 0.00287323589 -0.693544959 0.720407616
vn 0.00291475652 -0.688554001 0.725179214
vn 0.00291475652 -0.688554001 0.725179214
vn 0 -0.690801021 -0.723044916
vn 0 -0.690801021 -0.723044916
vn 0 -0.690801021 -0.723044916
vn 0 -0.690801021 -0.723044916
vn 0 -0.690801021 -0.723044916
vn 0 -0.690801021 -0.723044916
vn 0 -1 -1.1920929e-07
vn 0 -1 -1.1920929e-07
vn 0 -1 -1.1920929e-07
vn 0 -1 -1.1920929e-07
vn 0 -1 -1.1920929e-07
vn 0 -1 -1.1920929e-07
vn 0 -1 -1.1920929e-07
vn 0 -1 -1.1920929e-07
vn 0 -1 -1.1920929e-07
vn 0 -1 -1.1920929e-07
vn 0 -1 -1.1920929e-07
vn 0 -1 -1.1920929e-07
vn 0 -1 -1.1920929e-07
vn 0 -1 -1.1920929e-07
vn 0 -1 -1.1920929e-07
vn 0 -1 -1.1920929e-07
vn -9.44787425e-05 -0.42263149 -0.906301613
vn -9.44787425e-05 -0.42263149 -0.906301613
vn -9.44787425e-05 -0.42263149 -0.906301613
vn -9.44787425e-05 -0.42263149 -0.906301613
vn -0.912395752 -0.409308159 0.00090722903
vn -0.912395752 -0.409308159 0.00090722903
vn -0.912395752 -0.409308159 0.00090722903
vn -0.912395752 -0.409308159 0.00090722903
vn 0 1 1.1920929e-07
vn 0 1 1.1920929e-07
vn 0 1 1.1920929e-07
vn 0 1 1.1920929e-07
vn 0 1.1920929e-07 -1
vn 0 1.1920929e-07 -1
vn 0 1.1920929e-07 -1
vn 0 1.1920929e-07 -1
vn -1 0 0
vn -1 0 0
vn -1 0 0
vn -1 0 0
vn 0 -1.1920929e-07 1
vn 0 -1.1920929e-07 1
vn 0 -1.1920929e-07 1
vn 0 -1.1920929e-07 1
vn 1 0 -0
vn 1 0 -0
vn 1 0 -0
vn 1 0 -0
vn 0 1 1.1920929e-07
vn 0 1 1.1920929e-07
vn 0 1 1.1920929e-07
vn 0 1 1.1920929e-07
vn -1 0 0
vn -1 0 0
vn -1 0 0
vn -1 0 0
vn 1 0 -0
vn 1 0 -0
vn 1 0 -0
vn 1 0 -0
vn 0 1 1.1920929e-07
vn 0 1 1.1920929e-07
vn 0 1 1.1920929e-07
vn 0 1 1.1920929e-07
vn 0 1.1920929e-07 -1
vn 0 1.1920929e-07 -1
vn 0 1.1920929e-07 -1
vn 0 1.1920929e-07 -1
vn -1 0 0
vn -1 0 0
vn -1 0 0
vn -1 0 0
vn 0 -1.1920929e-07 1
vn 0 -1.1920929e-07 1
vn 0 -1.1920929e-07 1
vn 0 -1.1920929e-07 1
vn 1 0 -0
vn 1 0 -0
vn 1 0 -0
vn 1 0 -0
vn 0 1 1.1920929e-07
vn 0 1 1.1920929e-07
vn 0 1 1.1920929e-07
vn 0 1 1.1920929e-07
vn -1 0 0
vn -1 0 0
vn -1 0 0
vn -1 0 0
vn 1 0 -0
vn 1 0 -0
vn 1 0 -0
vn 1 0 -0
vn 0 1 5.96046448e-08
vn 0 1 5.96046448e-08
vn 0 1 5.96046448e-08
vn 0 1 5.96046448e-08
vn 0 5.96046448e-08 -1
vn 0 5.96046448e-08 -1
vn 0 5.96046448e-08 -1
vn 0 5.96046448e-08 -1
vn -1 0 0
vn -1 0 0
vn -1 0 0
vn -1 0 0
vn 0 -5.96046448e-08 1
vn 0 -5.96046448e-08 1
vn 0 -5.96046448e-08 1
vn 0 -5.96046448e-08 1
vn 1 0 -0
vn 1 0 -0
vn 1 0 -0
vn 1 0 -0
vn 0 1 5.96046448e-08
vn 0 1 5.96046448e-08
vn 0 1 5.96046448e-08
vn 0 1 5.96046448e-08
vn -1 0 0
vn -1 0 0
vn -1 0 0
vn -1 0 0
vn 1 0 -0
vn 1 0 -0
vn 1 0 -0
vn 1 0 -0
vn 0 1 1.1920929e-07
vn 0 1 1.1920929e-07
vn 0 1 1.1920929e-07
vn 0 1 1.1920929e-07
vn 0 1.1920929e-07 -1
vn 0 1.1920929e-07 -1
vn 0 1.1920929e-07 -1
vn 0 1.1920929e-07 -1
vn -1 0 0
vn -1 0 0
vn -1 0 0
vn -1 0 0
vn 0 -1.1920929e-07 1
vn 0 -1.1920929e-07 1
vn 0 -1.1920929e-07 1
vn 0 -1.1920929e-07 1
vn 1 0 -0
vn 1 0 -0
vn 1 0 -0
vn 1 0 -0
vn 0 1 1.1920929e-07
vn 0 1 1.1920929e-07
vn 0 1 1.1920929e-07
vn 0 1 1.1920929e-07
vn -1 0 0
vn -1 0 0
vn -1 0 0
vn -1 0 0
vn 1 0 -0
vn 1 0 -0
vn 1 0 -0
vn 1 0 -0
vn 0 1.1920929e-07 -1
vn 0 1.1920929e-07 -1
vn 0 1.1920929e-07 -1
vn 0 1.1920929e-07 -1
vn 1 0 -0
vn 1 0 -0
vn 1 0 -0
vn 1 0 -0
vn -1 0 0
vn -1 0 0
vn -1 0 0
vn -1 0 0
vn -1 0 0
vn -1 0 0
vn -1 0 0
vn -1 0 0
vn -1 0 0
vn 0 1.1920929e-07 -1
vn 0 1.1920929e-07 -1
vn 0 1.1920929e-07 -1
vn 0 1.1920929e-07 -1
vn 1 0 -0
vn 1 0 -0
vn 1 0 -0
vn 1 0 -0
vn 0 1 1.1920929e-07
vn 0 1 1.1920929e-07
vn 0 1 1.1920929e-07
vn 0 1 1.1920929e-07
vn -1 0 0
vn -1 0 0
vn -1 0 0
vn 0 1.1920929e-07 -1
vn 0 1.1920929e-07 -1
vn 0 1.1920929e-07 -1
vn 0 1.1920929e-07 -1
vn 1 0 -0
vn 1 0 -0
vn 1 0 -0
vn 1 0 -0
vn 0 1 -0
vn 0 1 -0
vn 0 1 -0
vn 0 1 -0
vn -0.965926254 0 -0.258817449
vn -0.965926254 0 -0.258817449
vn -0.965926254 0 -0.258817449
vn -0.965926254 0 -0.258817449
vn -0.258817449 0 0.965926254
vn -0.258817449 0 0.965926254
vn -0.258817449 0 0.965926254
vn -0.258817449 0 0.965926254
vn 0.965926254 0 0.258817449
vn 0.965926254 0 0.258817449
vn 0.965926254 0 0.258817449
vn 0.965926254 0 0.258817449
vn 0.258817449 -0 -0.965926254
vn 0.258817449 -0 -0.965926254
vn 0.258817449 -0 -0.965926254
vn 0.258817449 -0 -0.965926254
vn 0 1 -0
vn 0 1 -0
vn 0 1 -0
vn 0 1 -0
vn -0.965926254 0 -0.258817449
vn -0.965926254 0 -0.258817449
vn -0.965926254 0 -0.258817449
vn -0.965926254 0 -0.258817449
vn 0.965926254 0 0.258817449
vn 0.965926254 0 0.258817449
vn 0.965926254 0 0.258817449
vn 0.965926254 0 0.258817449
vn 0 1 1.1920929e-07
vn 0 1 1.1920929e-07
vn 0 1 1.1920929e-07
vn 0 1 1.1920929e-07
vn 0 1.1920929e-07 -1
vn 0 1.1920929e-07 -1
vn 0 1.1920929e-07 -1
vn 0 1.1920929e-07 -1
vn -1 0 0
vn -1 0 0
vn -1 0 0
vn -1 0 0
vn 0 -1.1920929e-07 1
vn 0 -1.1920929e-07 1
vn 0 -1.1920929e-07 1
vn 0 -1.1920929e-07 1
vn 1 0 -0
vn 1 0 -0
vn 1 0 -0
vn 1 0 -0
vn 0 1 1.1920929e-07
vn 0 1 1.1920929e-07
vn 0 1 1.1920929e-07
vn 0 1 1.1920929e-07
vn -1 0 0
vn -1 0 0
vn -1 0 0
vn -1 0 0
vn 1 0 -0
vn 1 0 -0
vn 1 0 -0
vn 1 0 -0
vn 0 1 -0
vn 0 1 -0
vn 0 1 -0
vn 0 1 -0
vn 0.258817449 0 0.965926254
vn 0.258817449 0 0.965926254
vn 0.258817449 0 0.965926254
vn 0.258817449 0 0.965926254
vn 0.965926254 0 -0.258817449
vn 0.965926254 0 -0.258817449
vn 0.965926254 0 -0.258817449
vn 0.965926254 0 -0.258817449
vn -0.258817449 0 -0.965926254
vn -0.258817449 0 -0.965926254
vn -0.258817449 0 -0.965926254
vn -0.258817449 0 -0.965926254
vn 0 1 -0
vn 0 1 -0
vn 0 1 -0
vn 0 1 -0
vn 0.965926254 0 -0.258817449
vn 0.965926254 0 -0.258817449
vn 0.965926254 0 -0.258817449
vn 0.965926254 0 -0.258817449
vn 0 1 1.1920929e-07
vn 0 1 1.1920929e-07
vn 0 1 1.1920929e-07
vn 0 1 1.1920929e-07
vn 0 1.1920929e-07 -1
vn 0 1.1920929e-07 -1
vn 0 1.1920929e-07 -1
vn 0 1.1920929e-07 -1
vn -1 0 0
vn -1 0 0
vn -1 0 0
vn -1 0 0
vn 0 -1.1920929e-07 1
vn 0 -1.1920929e-07 1
vn 0 -1.1920929e-07 1
vn 0 -1.1920929e-07 1
vn 1 0 -0
vn 1 0 -0
vn 1 0 -0
vn 1 0 -0
vn 0 1 1.1920929e-07
vn 0 1 1.1920929e-07
vn 0 1 1.1920929e-07
vn 0 1 1.1920929e-07
vn -1 0 0
vn -1 0 0
vn -1 0 0
vn -1 0 0
vn 1 0 -0
vn 1 0 -0
vn 1 0 -0
vn 1 0 -0
vn 0 1 1.1920929e-07
vn 0 1 1.1920929e-07
vn 0 1 1.1920929e-07
vn 0 1 1.1920929e-07
vn 0 1 1.1920929e-07
vn 0 1 1.1920929e-07
vn 0 1 1.1920929e-07
vn 0 1 1.1920929e-07
vn 0 1 1.1920929e-07
vn 0 1 1.1920929e-07
vn 0 1 1.1920929e-07
vn 0 1 1.1920929e-07
vn 0 1 1.1920929e-07
vn 0 1 1.1920929e-07
vn -0.967919959 0 -0.251258738
vn -0.967919959 0 -0.251258738
vn -0.967919959 0 -0.251258738
vn -0.967919959 0 -0.251258738
vn 0.967919959 0 0.251258738
vn 0.967919959 0 0.251258738
vn 0.967919959 0 0.251258738
vn 0.967919959 0 0.251258738
vn 0.000345398651 -0.000690797303 -0.999999702
vn 0.000345398651 -0.000690797303 -0.999999702
vn 0.000345398651 -0.000690797303 -0.999999702
vn 0.000345398651 -0.000690797303 -0.999999702
vn -0.000174368827 -0.00183290023 0.999998305
vn -0.000174368827 -0.00183290023 0.999998305
vn -0.000174368827 -0.00183290023 0.999998305
vn -0.000174368827 -0.00183290023 0.999998305
vn 1 0 -0
vn 1 0 -0
vn 1 0 -0
vn 1 0 -0
vn -1 0 0
vn -1 0 0
vn -1 0 0
vn -1 0 0
vn 0.000391435869 -0.000782871738 0.999999617
vn 0.000391435869 -0.000782871738 0.999999617
vn 0.000391435869 -0.000782871738 0.999999617
vn 0.000391435869 -0.000782871738 0.999999617
vn 0.000186085685 -0.000367402999 -0.999999915
vn 0.000186085685 -0.000367402999 -0.999999915
vn 0.000186085685 -0.000367402999 -0.999999915
vn 0.000186085685 -0.000367402999 -0.999999915
vn 1 0 -0
vn 1 0 -0
vn 1 0 -0
vn 1 0 -0
vn -1 0 0
vn -1 0 0
vn -1 0 0
vn -1 0 0
vn 0 1 5.96046448e-08
vn 0 1 5.96046448e-08
vn 0 1 5.96046448e-08
vn 0 1 5.96046448e-08
vn -0.00170600004 -0.999998447 -0.000442958902
vn -0.00170600004 -0.999998447 -0.000442958902
vn -0.00170600004 -0.999998447 -0.000442958902
vn -0.00170600004 -0.999998447 -0.000442958902
vn -0.967919959 0 -0.251258738
vn -0.967919959 0 -0.251258738
vn -0.967919959 0 -0.251258738
vn -0.967919959 0 -0.251258738
vn 0.967919959 0 0.251258738
vn 0.967919959 0 0.251258738
vn 0.967919959 0 0.251258738
vn 0.967919959 0 0.251258738
vn 0.251258738 1.19227338e-07 -0.967919959
vn 0.251258738 1.19227338e-07 -0.967919959
vn 0.251258738 1.19227338e-07 -0.967919959
vn 0.251258738 1.19227338e-07 -0.967919959
vn -0.251258316 -0.00183228265 0.967918334
vn -0.251258316 -0.00183228265 0.967918334
vn -0.251258316 -0.00183228265 0.967918334
vn -0.251258316 -0.00183228265 0.967918334
vn 0.967919959 0 0.251258738
vn 0.967919959 0 0.251258738
vn 0.967919959 0 0.251258738
vn 0.967919959 0 0.251258738
vn -0.967919959 0 -0.251258738
vn -0.967919959 0 -0.251258738
vn -0.967919959 0 -0.251258738
vn -0.967919959 0 -0.251258738
vn 1 0 -0
vn 1 0 -0
vn 1 0 -0
vn 1 0 -0
vn 0 1.1920929e-07 -1
vn 0 1.1920929e-07 -1
vn 0 1.1920929e-07 -1
vn 0 1.1920929e-07 -1
vn 0 1 1.1920929e-07
vn 0 1 1.1920929e-07
vn 0 1 1.1920929e-07
vn 0 1 1.1920929e-07
vn 0 -1.1920929e-07 1
vn 0 -1.1920929e-07 1
vn 0 -1.1920929e-07 1
vn 0 -1.1920929e-07 1
vn -0.251258738 -1.19227338e-07 0.967919959
vn -0.251258738 -1.19227338e-07 0.967919959
vn -0.251258738 -1.19227338e-07 0.967919959
vn -0.251258738 -1.19227338e-07 0.967919959
vn 0.251258721 -0.000367458631 -0.967919893
vn 0.251258721 -0.000367458631 -0.967919893
vn 0.251258721 -0.000367458631 -0.967919893
vn 0.251258721 -0.000367458631 -0.967919893
vn 0.967919959 0 0.251258738
vn 0.967919959 0 0.251258738
vn 0.967919959 0 0.251258738
vn 0.967919959 0 0.251258738
vn -0.967919959 0 -0.251258738
vn -0.967919959 0 -0.251258738
vn -0.967919959 0 -0.251258738
vn -0.967919959 0 -0.251258738
vn 0 1 1.1920929e-07
vn 0 1 1.1920929e-07
vn 0 1 1.1920929e-07
vn 0 1 1.1920929e-07
vn -0.00176229422 -0.999998447 -5.96336702e-08
vn -0.00176229422 -0.999998447 -5.96336702e-08
vn -0.00176229422 -0.999998447 -5.96336702e-08
vn -0.00176229422 -0.999998447 -5.96336702e-08
vn -1 0 0
vn -1 0 0
vn -1 0 0
vn -1 0 0
vn 1 0 -0
vn 1 0 -0
vn 1 0 -0
vn 1 0 -0
vn 0 1 1.1920929e-07
vn 0 1 1.1920929e-07
vn 0 1 1.1920929e-07
vn 0 1 1.1920929e-07
vn -1 0 0
vn -1 0 0
vn -1 0 0
vn -1 0 0
vn 1 0 -0
vn 1 0 -0
vn 1 0 -0
vn 1 0 -0
vn 0 1 5.96046448e-08
vn 0 1 5.96046448e-08
vn 0 1 5.96046448e-08
vn 0 1 5.96046448e-08
vn -1.1920929e-07 0 -1
vn -1.1920929e-07 0 -1
vn -1.1920929e-07 0 -1
vn -1.1920929e-07 0 -1
vn 1.1920929e-07 0 1
vn 1.1920929e-07 0 1
vn 1.1920929e-07 0 1
vn 1.1920929e-07 0 1
vn 0 1 1.1920929e-07
vn 0 1 1.1920929e-07
vn 0 1 1.1920929e-07
vn 0 1 1.1920929e-07
vn -1 0 0
vn -1 0 0
vn -1 0 0
vn -1 0 0
vn 1 0 -0
vn 1 0 -0
vn 1 0 -0
vn 1 0 -0
vn 0 1 5.96046448e-08
vn 0 1 5.96046448e-08
vn 0 1 5.96046448e-08
vn 0 1 5.96046448e-08
vn -1.1920929e-07 0 -1
vn -1.1920929e-07 0 -1
vn -1.1920929e-07 0 -1
vn -1.1920929e-07 0 -1
vn 1.1920929e-07 0 1
vn 1.1920929e-07 0 1
vn 1.1920929e-07 0 1
vn 1.1920929e-07 0 1
vn 0 1 1.1920929e-07
vn 0 1 1.1920929e-07
vn 0 1 1.1920929e-07
vn 0 1 1.1920929e-07
vn -1 0 0
vn -1 0 0
vn -1 0 0
vn -1 0 0
vn 1 0 -0
vn 1 0 -0
vn 1 0 -0
vn 1 0 -0
vn 0 1 1.1920929e-07
vn 0 1 1.1920929e-07
vn 0 1 1.1920929e-07
vn 0 1 1.1920929e-07
vn -1 0 0
vn -1 0 0
vn -1 0 0
vn -1 0 0
vn 1 0 -0
vn 1 0 -0
vn 1 0 -0
vn 1 0 -0
vn 0 1 1.1920929e-07
vn 0 1 1.1920929e-07
vn 0 1 1.1920929e-07
vn 0 1 1.1920929e-07
vn -1 0 0
vn -1 0 0
vn -1 0 0
vn -1 0 0
vn 1 0 -0
vn 1 0 -0
vn 1 0 -0
vn 1 0 -0
vn -1 0 0
vn -1 0 0
vn -1 0 0
vn -1 0 0
vn 0 -1.1920929e-07 1
vn 0 -1.1920929e-07 1
vn 0 -1.1920929e-07 1
vn 0 -1.1920929e-07 1
vn 0 1.1920929e-07 -1
vn 0 1.1920929e-07 -1
vn 0 1.1920929e-07 -1
vn 0 1.1920929e-07 -1
vn -1 0 0
vn -1 0 0
vn -1 0 0
vn -1 0 0
vn 0 -1.1920929e-07 1
vn 0 -1.1920929e-07 1
vn 0 -1.1920929e-07 1
vn 0 -1.1920929e-07 1
vn 0 1.1920929e-07 -1
vn 0 1.1920929e-07 -1
vn 0 1.1920929e-07 -1
vn 0 1.1920929e-07 -1
vn 1 0 -0
vn 1 0 -0
vn 1 0 -0
vn 1 0 -0
vn 0 -1.1920929e-07 1
vn 0 -1.1920929e-07 1
vn 0 -1.1920929e-07 1
vn 0 -1.1920929e-07 1
vn 0 -1 -1.1920929e-07
vn 0 -1 -1.1920929e-07
vn 0 -1 -1.1920929e-07
vn 0 -1 -1.1920929e-07
vn 0 1.1920929e-07 -1
vn 0 1.1920929e-07 -1
vn 0 1.1920929e-07 -1
vn 0 1.1920929e-07 -1
vn 0 1 5.96046448e-08
vn 0 1 5.96046448e-08
vn 0 1 5.96046448e-08
vn 0 1 5.96046448e-08
vn -1.1920929e-07 0 -1
vn -1.1920929e-07 0 -1
vn -1.1920929e-07 0 -1
vn -1.1920929e-07 0 -1
vn -1 -5.96046448e-08 1.78813934e-07
vn -1 -5.96046448e-08 1.78813934e-07
vn -1 -5.96046448e-08 1.78813934e-07
vn -1 -5.96046448e-08 1.78813934e-07
vn 1.1920929e-07 0 1
vn 1.1920929e-07 0 1
vn 1.1920929e-07 0 1
vn 1.1920929e-07 0 1
vn -1.1920929e-07 0 -1
vn -1.1920929e-07 0 -1
vn -1 -5.96046448e-08 1.78813934e-07
vn -1 -5.96046448e-08 1.78813934e-07
vn 1.1920929e-07 0 1
vn 1.1920929e-07 0 1
vn 0 1 -0
vn 0 1 -0
vn 0 1 -0
vn 0 1 -0
vn 0 0 -1
vn 0 0 -1
vn 0 0 -1
vn 0 0 -1
vn -1 0 0
vn -1 0 0
vn -1 0 0
vn -1 0 0
vn 0 0 1
vn 0 0 1
vn 0 0 1
vn 0 0 1
vn 1 0 -0
vn 1 0 -0
vn 1 0 -0
vn 1 0 -0
vn 0 0 -1
vn 0 0 -1
vn -1 0 0
vn -1 0 0
vn 0 0 1
vn 0 0 1
vn 1 0 -0
vn 1 0 -0
vn 0 1 1.1920929e-07
vn 0 1 1.1920929e-07
vn 0 1 1.1920929e-07
vn 0 1 1.1920929e-07
vn -1 0 0
vn -1 0 0
vn -1 0 0
vn -1 0 0
vn 0 -1.1920929e-07 1
vn 0 -1.1920929e-07 1
vn 0 -1.1920929e-07 1
vn 0 -1.1920929e-07 1
vn 1 0 -0
vn 1 0 -0
vn 1 0 -0
vn 1 0 -0
vn 0 1.1920929e-07 -1
vn 0 1.1920929e-07 -1
vn 0 1.1920929e-07 -1
vn 0 1.1920929e-07 -1
vn 0 1 1.1920929e-07
vn 0 1 1.1920929e-07
vn 0 1 1.1920929e-07
vn 0 1 1.1920929e-07
vn -1 0 0
vn -1 0 0
vn -1 0 0
vn -1 0 0
vn 1 0 -0
vn 1 0 -0
vn 1 0 -0
vn 1 0 -0
vn 0 1.1920929e-07 -1
vn 0 1.1920929e-07 -1
vn 0 1.1920929e-07 -1
vn 0 1.1920929e-07 -1
vn -1 0 0
vn -1 0 0
vn 1 0 -0
vn 1 0 -0
vn 0 1.1920929e-07 -1
vn 0 1.1920929e-07 -1
vn 0 1 -0
vn 0 1 -0
vn 0 1 -0
vn 0 1 -0
vn 0 0 1
vn 0 0 1
vn 0 0 1
vn 0 0 1
vn 1 0 -0
vn 1 0 -0
vn 1 0 -0
vn 1 0 -0
vn 0 0 -1
vn 0 0 -1
vn 0 0 -1
vn 0 0 -1
vn 0 0 1
vn 0 0 1
vn 1 0 -0
vn 1 0 -0
vn 0 0 -1
vn 0 0 -1
vn 0 1 -0
vn 0 1 -0
vn 0 1 -0
vn 0 1 -0
vn 0 0 -1
vn 0 0 -1
vn 0 0 -1
vn 0 0 -1
vn 0 0 1
vn 0 0 1
vn 0 0 1
vn 0 0 1
vn 1 0 -0
vn 1 0 -0
vn 1 0 -0
vn 1 0 -0
vn -1 0 0
vn -1 0 0
vn -1 0 0
vn -1 0 0
vn 0 1 1.1920929e-07
vn 0 1 1.1920929e-07
vn 0 1 1.1920929e-07
vn 0 1 1.1920929e-07
vn -1 0 0
vn -1 0 0
vn -1 0 0
vn -1 0 0
vn 0 -1.1920929e-07 1
vn 0 -1.1920929e-07 1
vn 0 -1.1920929e-07 1
vn 0 -1.1920929e-07 1
vn 1 0 -0
vn 1 0 -0
vn 1 0 -0
vn 1 0 -0
vn 0 1.1920929e-07 -1
vn 0 1.1920929e-07 -1
vn 0 1.1920929e-07 -1
vn 0 1.1920929e-07 -1
vn -1 0 0
vn -1 0 0
vn 0 -1.1920929e-07 1
vn 0 -1.1920929e-07 1
vn 1 0 -0
vn 1 0 -0
vn 0 1.1920929e-07 -1
vn 0 1.1920929e-07 -1
vn 0 1 1.1920929e-07
vn 0 1 1.1920929e-07
vn 0 1 1.1920929e-07
vn 0 1 1.1920929e-07
vn -1 0 0
vn -1 0 0
vn -1 0 0
vn -1 0 0
vn 1 0 -0
vn 1 0 -0
vn 1 0 -0
vn 1 0 -0
vn 0 1.1920929e-07 -1
vn 0 1.1920929e-07 -1
vn 0 1.1920929e-07 -1
vn 0 1.1920929e-07 -1
vn -1 0 0
vn -1 0 0
vn 1 0 -0
vn 1 0 -0
vn 0 1.1920929e-07 -1
vn 0 1.1920929e-07 -1
vn 0 1 -0
vn 0 1 -0
vn 0 1 -0
vn 0 1 -0
vn 0 0 -1
vn 0 0 -1
vn 0 0 -1
vn 0 0 -1
vn -1 0 0
vn -1 0 0
vn -1 0 0
vn -1 0 0
vn 0 0 1
vn 0 0 1
vn 0 0 1
vn 0 0 1
vn 1 0 -0
vn 1 0 -0
vn 1 0 -0
vn 1 0 -0
vn 0 0 -1
vn 0 0 -1
vn -1 0 0
vn -1 0 0
vn 0 0 1
vn 0 0 1
vn 1 0 -0
vn 1 0 -0
vn 0 1 1.1920929e-07
vn 0 1 1.1920929e-07
vn 0 1 1.1920929e-07
vn 0 1 1.1920929e-07
vn -1 0 0
vn -1 0 0
vn -1 0 0
vn -1 0 0
vn 0 -1.1920929e-07 1
vn 0 -1.1920929e-07 1
vn 0 -1.1920929e-07 1
vn 0 -1.1920929e-07 1
vn 1 0 -0
vn 1 0 -0
vn 1 0 -0
vn 1 0 -0
vn 0 1.1920929e-07 -1
vn 0 1.1920929e-07 -1
vn 0 1.1920929e-07 -1
vn 0 1.1920929e-07 -1
vn -1 0 0
vn -1 0 0
vn 0 -1.1920929e-07 1
vn 0 -1.1920929e-07 1
vn 1 0 -0
vn 1 0 -0
vn 0 1.1920929e-07 -1
vn 0 1.1920929e-07 -1
vn 0 1 1.1920929e-07
vn 0 1 1.1920929e-07
vn 0 1 1.1920929e-07
vn 0 1 1.1920929e-07
vn -1 0 0
vn -1 0 0
vn -1 0 0
vn -1 0 0
vn 0 -1.1920929e-07 1
vn 0 -1.1920929e-07 1
vn 0 -1.1920929e-07 1
vn 0 -1.1920929e-07 1
vn 1 0 -0
vn 1 0 -0
vn 1 0 -0
vn 1 0 -0
vn 0 1.1920929e-07 -1
vn 0 1.1920929e-07 -1
vn 0 1.1920929e-07 -1
vn 0 1.1920929e-07 -1
vn -1 0 0
vn -1 0 0
vn 0 -1.1920929e-07 1
vn 0 -1.1920929e-07 1
vn 1 0 -0
vn 1 0 -0
vn 0 1.1920929e-07 -1
vn 0 1.1920929e-07 -1
vn 0 1 -0
vn 0 1 -0
vn 0 1 -0
vn 0 1 -0
vn 0 0 -1
vn 0 0 -1
vn 0 0 -1
vn 0 0 -1
vn -1 0 0
vn -1 0 0
vn -1 0 0
vn -1 0 0
vn 0 0 1
vn 0 0 1
vn 0 0 1
vn 0 0 1
vn 0 0 -1
vn 0 0 -1
vn -1 0 0
vn -1 0 0
vn 0 0 1
vn 0 0 1
vn 0 1 1.1920929e-07
vn 0 1 1.1920929e-07
vn 0 1 1.1920929e-07
vn 0 1 1.1920929e-07
vn -1 0 0
vn -1 0 0
vn -1 0 0
vn -1 0 0
vn 0 -1.1920929e-07 1
vn 0 -1.1920929e-07 1
vn 0 -1.1920929e-07 1
vn 0 -1.1920929e-07 1
vn 1 0 -0
vn 1 0 -0
vn 1 0 -0
vn 1 0 -0
vn 0 1.1920929e-07 -1
vn 0 1.1920929e-07 -1
vn 0 1.1920929e-07 -1
vn 0 1.1920929e-07 -1
vn 0 0.794635011 0.607087473
vn 0 0.794635011 0.607087473
vn 0 0.794635011 0.607087473
vn 0 0.794635011 0.607087473
vn 0 -1 -1.1920929e-07
vn 0 -1 -1.1920929e-07
vn 0 -1 -1.1920929e-07
vn 0 -1 -1.1920929e-07
vn 1 0 -0
vn 1 0 -0
vn 1 0 -0
vn -1 0 0
vn -1 0 0
vn -1 0 0
vn 0 -0.51542946 0.856932011
vn 0 -0.51542946 0.856932011
vn 0 -0.51542946 0.856932011
vn 0 -0.51542946 0.856932011
vn 1 0 -0
vn 1 0 -0
vn 1 0 -0
vn 1 0 -0
vn 0 1 1.1920929e-07
vn 0 1 1.1920929e-07
vn 0 1 1.1920929e-07
vn 0 1 1.1920929e-07
vn -1 0 0
vn -1 0 0
vn -1 0 0
vn -1 0 0
vn 0 -1 -1.1920929e-07
vn 0 -1 -1.1920929e-07
vn 0 -1 -1.1920929e-07
vn 0 -1 -1.1920929e-07
vn 0 1 1.1920929e-07
vn 0 1 1.1920929e-07
vn 0 1 1.1920929e-07
vn 0 1 1.1920929e-07
vn -1 0 0
vn -1 0 0
vn -1 0 0
vn -1 0 0
vn 0 -1.1920929e-07 1
vn 0 -1.1920929e-07 1
vn 0 -1.1920929e-07 1
vn 0 -1.1920929e-07 1
vn 1 0 -0
vn 1 0 -0
vn 1 0 -0
vn 1 0 -0
vn 0 1.1920929e-07 -1
vn 0 1.1920929e-07 -1
vn 0 1.1920929e-07 -1
vn 0 1.1920929e-07 -1
vn -1 0 0
vn -1 0 0
vn 0 -1.1920929e-07 1
vn 0 -1.1920929e-07 1
vn 1 0 -0
vn 1 0 -0
vn 0 1.1920929e-07 -1
vn 0 1.1920929e-07 -1
vn 0 1 1.1920929e-07
vn 0 1 1.1920929e-07
vn 0 1 1.1920929e-07
vn 0 1 1.1920929e-07
vn -1 0 0
vn -1 0 0
vn -1 0 0
vn -1 0 0
vn 0 -1.1920929e-07 1
vn 0 -1.1920929e-07 1
vn 0 -1.1920929e-07 1
vn 0 -1.1920929e-07 1
vn 1 0 -0
vn 1 0 -0
vn 1 0 -0
vn 1 0 -0
vn 0 1.1920929e-07 -1
vn 0 1.1920929e-07 -1
vn 0 1.1920929e-07 -1
vn 0 1.1920929e-07 -1
vn -1 0 0
vn -1 0 0
vn 0 -1.1920929e-07 1
vn 0 -1.1920929e-07 1
vn 1 0 -0
vn 1 0 -0
vn 0 1.1920929e-07 -1
vn 0 1.1920929e-07 -1
vn 0 1 5.96046448e-08
vn 0 1 5.96046448e-08
vn 0 1 5.96046448e-08
vn 0 1 5.96046448e-08
vn -1.1920929e-07 0 -1
vn -1.1920929e-07 0 -1
vn -1.1920929e-07 0 -1
vn -1.1920929e-07 0 -1
vn -1 -5.96046448e-08 1.78813934e-07
vn -1 -5.96046448e-08 1.78813934e-07
vn -1 -5.96046448e-08 1.78813934e-07
vn -1 -5.96046448e-08 1.78813934e-07
vn 1.1920929e-07 0 1
vn 1.1920929e-07 0 1
vn 1.1920929e-07 0 1
vn 1.1920929e-07 0 1
vn 1 5.96046448e-08 -1.78813934e-07
vn 1 5.96046448e-08 -1.78813934e-07
vn 1 5.96046448e-08 -1.78813934e-07
vn 1 5.96046448e-08 -1.78813934e-07
vn -1.1920929e-07 0 -1
vn -1.1920929e-07 0 -1
vn -1 -5.96046448e-08 1.78813934e-07
vn -1 -5.96046448e-08 1.78813934e-07
vn 1.1920929e-07 0 1
vn 1.1920929e-07 0 1
vn 1 5.96046448e-08 -1.78813934e-07
vn 1 5.96046448e-08 -1.78813934e-07
vn 0 1 -0
vn 0 1 -0
vn 0 1 -0
vn 0 1 -0
vn 0 0 -1
vn 0 0 -1
vn 0 0 -1
vn 0 0 -1
vn 0 0 1
vn 0 0 1
vn 0 0 1
vn 0 0 1
vn 1 0 -0
vn 1 0 -0
vn 1 0 -0
vn 1 0 -0
vn -1 0 0
vn -1 0 0
vn -1 0 0
vn -1 0 0
vn 0 1 -0
vn 0 1 -0
vn 0 1 -0
vn 0 1 -0
vn 0 0 -1
vn 0 0 -1
vn 0 0 -1
vn 0 0 -1
vn 0 0 1
vn 0 0 1
vn 0 0 1
vn 0 0 1
vn 1 0 -0
vn 1 0 -0
vn 1 0 -0
vn 1 0 -0
vn -1 0 0
vn -1 0 0
vn -1 0 0
vn -1 0 0
vn 0 1 5.96046448e-08
vn 0 1 5.96046448e-08
vn 0 1 5.96046448e-08
vn 0 1 5.96046448e-08
vn -1.1920929e-07 0 -1
vn -1.1920929e-07 0 -1
vn -1.1920929e-07 0 -1
vn -1.1920929e-07 0 -1
vn -1 -5.96046448e-08 1.78813934e-07
vn -1 -5.96046448e-08 1.78813934e-07
vn -1 -5.96046448e-08 1.78813934e-07
vn -1 -5.96046448e-08 1.78813934e-07
vn 1.1920929e-07 0 1
vn 1.1920929e-07 0 1
vn 1.1920929e-07 0 1
vn 1.1920929e-07 0 1
vn 1 5.96046448e-08 -1.78813934e-07
vn 1 5.96046448e-08 -1.78813934e-07
vn 1 5.96046448e-08 -1.78813934e-07
vn 1 5.96046448e-08 -1.78813934e-07
vn -1.1920929e-07 0 -1
vn -1.1920929e-07 0 -1
vn -1 -5.96046448e-08 1.78813934e-07
vn -1 -5.96046448e-08 1.78813934e-07
vn 1.1920929e-07 0 1
vn 1.1920929e-07 0 1
vn 1 5.96046448e-08 -1.78813934e-07
vn 1 5.96046448e-08 -1.78813934e-07
vn 0.557852585 0.829940054 5.96298068e-08
vn 0.557852585 0.829940054 5.96298068e-08
vn 0.557852585 0.829940054 5.96298068e-08
vn 0.557852585 0.829940054 5.96298068e-08
vn 0.820994783 -0.570935694 -5.96187327e-08
vn 0.820994783 -0.570935694 -5.96187327e-08
vn 0.820994783 -0.570935694 -5.96187327e-08
vn 0.820994783 -0.570935694 -5.96187327e-08
vn 0 -1 -1.1920929e-07
vn 0 -1 -1.1920929e-07
vn 0 -1 -1.1920929e-07
vn 0 -1 -1.1920929e-07
vn 0 -1.1920929e-07 1
vn 0 -1.1920929e-07 1
vn 0 -1.1920929e-07 1
vn 0 -1.1920929e-07 1
vn 0 1.1920929e-07 -1
vn 0 1.1920929e-07 -1
vn 0 1.1920929e-07 -1
vn 0 1.1920929e-07 -1
vn 0 1 1.1920929e-07
vn 0 1 1.1920929e-07
vn 0 1 1.1920929e-07
vn 0 1 1.1920929e-07
vn -1 0 0
vn -1 0 0
vn -1 0 0
vn -1 0 0
vn 0 -1.1920929e-07 1
vn 0 -1.1920929e-07 1
vn 0 -1.1920929e-07 1
vn 0 -1.1920929e-07 1
vn 1 0 -0
vn 1 0 -0
vn 1 0 -0
vn 1 0 -0
vn 0 1.1920929e-07 -1
vn 0 1.1920929e-07 -1
vn 0 1.1920929e-07 -1
vn 0 1.1920929e-07 -1
vn -1 0 0
vn -1 0 0
vn 0 -1.1920929e-07 1
vn 0 -1.1920929e-07 1
vn 1 0 -0
vn 1 0 -0
vn 0 1.1920929e-07 -1
vn 0 1.1920929e-07 -1

g material_Standard_8
usemtl Standard_8
f 1/1/1 3/3/3 2/2/2
f 1/1/1 2/2/2 4/4/4
f 3/3/3 5/5/5 2/2/2
f 3/3/3 6/6/6 5/5/5
f 6/6/6 7/7/7 5/5/5
f 6/6/6 8/8/8 7/7/7
f 8/8/8 9/9/9 7/7/7
f 8/8/8 10/10/10 9/9/9
f 10/10/10 11/11/11 9/9/9
f 10/10/10 12/12/12 11/11/11
f 12/12/12 13/13/13 11/11/11
f 12/12/12 14/14/14 13/13/13
f 14/14/14 15/15/15 13/13/13
f 14/14/14 16/16/16 15/15/15
f 16/16/16 17/17/17 15/15/15
f 16/16/16 18/18/18 17/17/17
f 18/18/18 19/19/19 17/17/17
f 18/18/18 20/20/20 19/19/19
f 20/20/20 21/21/21 19/19/19
f 20/20/20 22/22/22 21/21/21
f 22/22/22 23/23/23 21/21/21
f 22/22/22 24/24/24 23/23/23
f 24/24/24 25/25/25 23/23/23
f 24/24/24 26/26/26 25/25/25
f 26/26/26 27/27/27 25/25/25
f 26/26/26 28/28/28 27/27/27
f 28/28/28 29/29/29 27/27/27
f 28/28/28 30/30/30 29/29/29
f 30/30/30 31/31/31 29/29/29
f 30/30/30 32/32/32 31/31/31
f 32/32/32 33/33/33 31/31/31
f 32/32/32 34/34/34 33/33/33
f 34/34/34 35/35/35 33/33/33
f 34/34/34 36/36/36 35/35/35
f 36/36/36 37/37/37 35/35/35
f 36/36/36 38/38/38 37/37/37
f 38/38/38 39/39/39 37/37/37
f 38/38/38 40/40/40 39/39/39
f 40/40/40 41/41/41 39/39/39
f 40/40/40 42/42/42 41/41/41
f 42/42/42 43/43/43 41/41/41
f 42/42/42 44/44/44 43/43/43
f 44/44/44 45/45/45 43/43/43
f 44/44/44 46/46/46 45/45/45
f 46/46/46 47/47/47 45/45/45
f 46/46/46 48/48/48 47/47/47
f 48/48/48 49/49/49 47/47/47
f 48/48/48 50/50/50 49/49/49
f 35/35/35 37/37/37 51/51/51
f 37/37/37 39/39/39 52/52/52
f 37/37/37 52/52/52 51/51/51
f 39/39/39 41/41/41 53/53/53
f 39/39/39 53/53/53 52/52/52
f 41/41/41 43/43/43 54/54/54
f 41/41/41 54/54/54 53/53/53
f 43/43/43 45/45/45 55/55/55
f 43/43/43 55/55/55 54/54/54
f 45/45/45 47/47/47 56/56/56
f 45/45/45 56/56/56 55/55/55
f 47/47/47 49/49/49 57/57/57
f 47/47/47 57/57/57 56/56/56
f 51/51/51 52/52/52 58/58/58
f 51/51/51 58/58/58 59/59/59
f 60/60/60 51/51/51 59/59/59
f 35/35/35 51/51/51 60/60/60
f 33/33/33 35/35/35 60/60/60
f 33/33/33 60/60/60 61/61/61
f 31/31/31 33/33/33 61/61/61
f 31/31/31 61/61/61 62/62/62
f 29/29/29 31/31/31 62/62/62
f 29/29/29 62/62/62 63/63/63
f 27/27/27 29/29/29 63/63/63
f 27/27/27 63/63/63 64/64/64
f 25/25/25 27/27/27 64/64/64
f 25/25/25 64/64/64 65/65/65
f 23/23/23 25/25/25 65/65/65
f 23/23/23 65/65/65 66/66/66
f 21/21/21 23/23/23 66/66/66
f 21/21/21 66/66/66 67/67/67
f 19/19/19 21/21/21 67/67/67
f 19/19/19 67/67/67 68/68/68
f 17/17/17 19/19/19 68/68/68
f 17/17/17 68/68/68 69/69/69
f 15/15/15 17/17/17 69/69/69
f 15/15/15 69/69/69 70/70/70
f 13/13/13 15/15/15 70/70/70
f 13/13/13 70/70/70 71/71/71
f 11/11/11 13/13/13 71/71/71
f 11/11/11 71/71/71 72/72/72
f 9/9/9 11/11/11 72/72/72
f 9/9/9 72/72/72 73/73/73
f 7/7/7 9/9/9 73/73/73
f 7/7/7 73/73/73 74/74/74
f 5/5/5 7/7/7 74/74/74
f 5/5/5 74/74/74 75/75/75
f 2/2/2 5/5/5 75/75/75
f 2/2/2 75/75/75 76/76/76
f 4/4/4 2/2/2 76/76/76
f 4/4/4 76/76/76 77/77/77
f 77/77/77 76/76/76 78/78/78
f 77/77/77 78/78/78 79/79/79
f 76/76/76 75/75/75 80/80/80
f 76/76/76 80/80/80 78/78/78
f 75/75/75 74/74/74 81/81/81
f 75/75/75 81/81/81 80/80/80
f 74/74/74 73/73/73 82/82/82
f 74/74/74 82/82/82 81/81/81
f 73/73/73 72/72/72 83/83/83
f 73/73/73 83/83/83 82/82/82
f 72/72/72 84/84/84 83/83/83
f 72/72/72 71/71/71 84/84/84
f 71/71/71 85/85/85 84/84/84
f 71/71/71 70/70/70 85/85/85
f 70/70/70 86/86/86 85/85/85
f 70/70/70 69/69/69 86/86/86
f 69/69/69 87/87/87 86/86/86
f 69/69/69 68/68/68 87/87/87
f 68/68/68 88/88/88 87/87/87
f 68/68/68 67/67/67 88/88/88
f 67/67/67 89/89/89 88/88/88
f 67/67/67 66/66/66 89/89/89
f 66/66/66 90/90/90 89/89/89
f 66/66/66 65/65/65 90/90/90
f 65/65/65 91/91/91 90/90/90
f 65/65/65 64/64/64 91/91/91
f 64/64/64 92/92/92 91/91/91
f 64/64/64 63/63/63 92/92/92
f 63/63/63 93/93/93 92/92/92
f 63/63/63 62/62/62 93/93/93
f 62/62/62 94/94/94 93/93/93
f 62/62/62 61/61/61 94/94/94
f 61/61/61 95/95/95 94/94/94
f 61/61/61 60/60/60 95/95/95
f 60/60/60 59/59/59 95/95/95
f 89/89/89 90/90/90 96/96/96
f 89/89/89 96/96/96 97/97/97
f 90/90/90 91/91/91 98/98/98
f 90/90/90 98/98/98 96/96/96
f 91/91/91 92/92/92 99/99/99
f 91/91/91 99/99/99 98/98/98
f 92/92/92 93/93/93 100/100/100
f 92/92/92 100/100/100 99/99/99
f 93/93/93 94/94/94 101/101/101
f 93/93/93 101/101/101 100/100/100
f 94/94/94 95/95/95 102/102/102
f 94/94/94 102/102/102 101/101/101
f 95/95/95 59/59/59 103/103/103
f 95/95/95 103/103/103 102/102/102
f 59/59/59 104/104/104 103/103/103
f 59/59/59 58/58/58 104/104/104
f 58/58/58 105/105/105 104/104/104
f 58/58/58 106/106/106 105/105/105
f 52/52/52 106/106/106 58/58/58
f 52/52/52 53/53/53 106/106/106
f 53/53/53 107/107/107 106/106/106
f 53/53/53 54/54/54 107/107/107
f 54/54/54 108/108/108 107/107/107
f 54/54/54 55/55/55 108/108/108
f 55/55/55 109/109/109 108/108/108
f 55/55/55 56/56/56 109/109/109
f 56/56/56 110/110/110 109/109/109
f 56/56/56 57/57/57 110/110/110
f 106/106/106 107/107/107 111/111/111
f 106/106/106 111/111/111 105/105/105
f 107/107/107 108/108/108 112/112/112
f 107/107/107 112/112/112 111/111/111
f 108/108/108 109/109/109 113/113/113
f 108/108/108 113/113/113 112/112/112
f 109/109/109 110/110/110 114/114/114
f 109/109/109 114/114/114 113/113/113
f 105/105/105 111/111/111 115/115/115
f 111/111/111 112/112/112 116/116/116
f 111/111/111 116/116/116 115/115/115
f 112/112/112 113/113/113 117/117/117
f 112/112/112 117/117/117 116/116/116
f 113/113/113 114/114/114 118/118/118
f 113/113/113 118/118/118 117/117/117
f 105/105/105 115/115/115 119/119/119
f 104/104/104 105/105/105 119/119/119
f 104/104/104 119/119/119 120/120/120
f 103/103/103 104/104/104 120/120/120
f 103/103/103 120/120/120 121/121/121
f 102/102/102 103/103/103 121/121/121
f 102/102/102 121/121/121 122/122/122
f 101/101/101 102/102/102 122/122/122
f 101/101/101 122/122/122 123/123/123
f 100/100/100 101/101/101 123/123/123
f 100/100/100 123/123/123 124/124/124
f 99/99/99 100/100/100 124/124/124
f 99/99/99 124/124/124 125/125/125
f 98/98/98 99/99/99 125/125/125
f 98/98/98 125/125/125 126/126/126
f 96/96/96 98/98/98 126/126/126
f 96/96/96 126/126/126 127/127/127
f 97/97/97 96/96/96 127/127/127
f 97/97/97 127/127/127 128/128/128
f 129/129/129 97/97/97 128/128/128
f 88/88/88 97/97/97 129/129/129
f 87/87/87 88/88/88 129/129/129
f 87/87/87 129/129/129 130/130/130
f 86/86/86 87/87/87 130/130/130
f 86/86/86 130/130/130 131/131/131
f 85/85/85 86/86/86 131/131/131
f 85/85/85 131/131/131 132/132/132
f 84/84/84 85/85/85 132/132/132
f 84/84/84 132/132/132 133/133/133
f 83/83/83 84/84/84 133/133/133
f 83/83/83 133/133/133 134/134/134
f 82/82/82 83/83/83 134/134/134
f 82/82/82 134/134/134 135/135/135
f 81/81/81 82/82/82 135/135/135
f 81/81/81 135/135/135 136/136/136
f 80/80/80 81/81/81 136/136/136
f 80/80/80 136/136/136 137/137/137
f 78/78/78 80/80/80 137/137/137
f 78/78/78 137/137/137 138/138/138
f 79/79/79 78/78/78 138/138/138
f 79/79/79 138/138/138 139/139/139
f 139/139/139 138/138/138 140/140/140
f 139/139/139 140/140/140 141/141/141
f 138/138/138 137/137/137 142/142/142
f 138/138/138 142/142/142 140/140/140
f 137/137/137 136/136/136 143/143/143
f 137/137/137 143/143/143 142/142/142
f 136/136/136 135/135/135 144/144/144
f 136/136/136 144/144/144 143/143/143
f 135/135/135 134/134/134 145/145/145
f 135/135/135 145/145/145 144/144/144
f 134/134/134 146/146/146 145/145/145
f 134/134/134 133/133/133 146/146/146
f 133/133/133 147/147/147 146/146/146
f 133/133/133 132/132/132 147/147/147
f 132/132/132 148/148/148 147/147/147
f 132/132/132 131/131/131 148/148/148
f 131/131/131 149/149/149 148/148/148
f 131/131/131 130/130/130 149/149/149
f 130/130/130 150/150/150 149/149/149
f 130/130/130 129/129/129 150/150/150
f 129/129/129 128/128/128 150/150/150
f 88/88/88 89/89/89 97/97/97

g material_booox_6
usemtl booox_6
f 151/151/151 153/153/153 152/152/152
f 151/151/151 152/152/152 154/154/154
f 155/155/155 157/157/157 156/156/156
f 155/155/155 156/156/156 158/158/158
f 159/159/159 161/161/161 160/160/160
f 159/159/159 160/160/160 162/162/162
f 163/163/163 165/165/165 164/164/164
f 163/163/163 164/164/164 166/166/166
f 167/167/167 169/169/169 168/168/168
f 167/167/167 168/168/168 170/170/170
f 171/171/171 173/173/173 172/172/172
f 171/171/171 172/172/172 174/174/174
f 175/175/175 177/177/177 176/176/176
f 175/175/175 176/176/176 178/178/178
f 179/179/179 181/181/181 180/180/180
f 179/179/179 180/180/180 182/182/182
f 183/183/183 185/185/185 184/184/184
f 183/183/183 184/184/184 186/186/186
f 187/187/187 189/189/189 188/188/188
f 187/187/187 188/188/188 190/190/190
f 191/191/191 193/193/193 192/192/192
f 191/191/191 192/192/192 194/194/194
f 195/195/195 197/197/197 196/196/196
f 195/195/195 196/196/196 198/198/198
f 199/199/199 201/201/201 200/200/200
f 199/199/199 200/200/200 202/202/202
f 203/203/203 205/205/205 204/204/204
f 203/203/203 204/204/204 206/206/206
f 211/211/211 213/213/213 212/212/212
f 211/211/211 212/212/212 214/214/214
f 215/215/215 217/217/217 216/216/216
f 215/215/215 216/216/216 218/218/218
f 219/219/219 221/221/221 220/220/220
f 219/219/219 220/220/220 222/222/222
f 223/223/223 225/225/225 224/224/224
f 223/223/223 224/224/224 226/226/226
f 227/227/227 229/229/229 228/228/228
f 227/227/227 228/228/228 230/230/230
f 233/233/233 235/235/235 234/234/234
f 233/233/233 234/234/234 236/236/236
f 260/260/260 262/262/262 261/261/261
f 260/260/260 261/261/261 263/263/263
f 264/264/264 266/266/266 265/265/265
f 264/264/264 265/265/265 267/267/267
f 268/268/268 270/270/270 269/269/269
f 268/268/268 269/269/269 271/271/271
f 272/272/272 274/274/274 273/273/273
f 275/275/275 277/277/277 276/276/276
f 275/275/275 276/276/276 278/278/278
f 303/303/303 302/302/302 305/305/305
f 304/304/304 302/302/302 303/303/303
f 330/330/330 332/332/332 331/331/331
f 330/330/330 331/331/331 333/333/333
f 334/334/334 336/336/336 335/335/335
f 334/334/334 335/335/335 337/337/337
f 338/338/338 340/340/340 339/339/339
f 338/338/338 339/339/339 341/341/341
f 342/342/342 344/344/344 343/343/343
f 342/342/342 343/343/343 345/345/345
f 346/346/346 348/348/348 347/347/347
f 346/346/346 347/347/347 349/349/349
f 350/350/350 352/352/352 351/351/351
f 350/350/350 351/351/351 353/353/353
f 354/354/354 356/356/356 355/355/355
f 354/354/354 355/355/355 357/357/357
f 358/358/358 360/360/360 359/359/359
f 358/358/358 359/359/359 361/361/361
f 362/362/362 364/364/364 363/363/363
f 362/362/362 363/363/363 365/365/365
f 366/366/366 368/368/368 367/367/367
f 366/366/366 367/367/367 369/369/369
f 370/370/370 372/372/372 371/371/371
f 370/370/370 371/371/371 373/373/373
f 374/374/374 376/376/376 375/375/375
f 374/374/374 375/375/375 377/377/377
f 378/378/378 380/380/380 379/379/379
f 378/378/378 379/379/379 381/381/381
f 382/382/382 384/384/384 383/383/383
f 382/382/382 383/383/383 385/385/385
f 386/386/386 388/388/388 387/387/387
f 386/386/386 387/387/387 389/389/389
f 390/390/390 392/392/392 391/391/391
f 390/390/390 391/391/391 393/393/393
f 394/394/394 396/396/396 395/395/395
f 394/394/394 395/395/395 397/397/397
f 398/398/398 400/400/400 399/399/399
f 398/398/398 399/399/399 401/401/401
f 406/406/406 408/408/408 407/407/407
f 406/406/406 407/407/407 409/409/409
f 416/416/416 418/418/418 417/417/417
f 416/416/416 417/417/417 419/419/419
f 420/420/420 422/422/422 421/421/421
f 420/420/420 421/421/421 423/423/423
f 424/424/424 426/426/426 425/425/425
f 424/424/424 425/425/425 427/427/427
f 428/428/428 430/430/430 429/429/429
f 428/428/428 429/429/429 431/431/431
f 432/432/432 434/434/434 433/433/433
f 432/432/432 433/433/433 435/435/435
f 436/436/436 438/438/438 437/437/437
f 436/436/436 437/437/437 439/439/439
f 440/440/440 442/442/442 441/441/441
f 440/440/440 441/441/441 443/443/443
f 444/444/444 446/446/446 445/445/445
f 444/444/444 445/445/445 447/447/447
f 448/448/448 450/450/450 449/449/449
f 448/448/448 449/449/449 451/451/451
f 452/452/452 454/454/454 453/453/453
f 452/452/452 453/453/453 455/455/455
f 456/456/456 458/458/458 457/457/457
f 456/456/456 457/457/457 459/459/459
f 460/460/460 462/462/462 461/461/461
f 460/460/460 461/461/461 463/463/463
f 464/464/464 466/466/466 465/465/465
f 464/464/464 465/465/465 467/467/467
f 468/468/468 470/470/470 469/469/469
f 468/468/468 469/469/469 471/471/471
f 472/472/472 474/474/474 473/473/473
f 472/472/472 473/473/473 475/475/475
f 476/476/476 478/478/478 477/477/477
f 476/476/476 477/477/477 479/479/479
f 480/480/480 482/482/482 481/481/481
f 480/480/480 481/481/481 483/483/483
f 484/484/484 486/486/486 485/485/485
f 484/484/484 485/485/485 487/487/487
f 488/488/488 490/490/490 489/489/489
f 488/488/488 489/489/489 491/491/491
f 492/492/492 494/494/494 493/493/493
f 492/492/492 493/493/493 495/495/495
f 496/496/496 498/498/498 497/497/497
f 496/496/496 497/497/497 499/499/499
f 500/500/500 502/502/502 501/501/501
f 500/500/500 501/501/501 503/503/503
f 504/504/504 506/506/506 505/505/505
f 504/504/504 505/505/505 507/507/507
f 508/508/508 510/510/510 509/509/509
f 508/508/508 509/509/509 511/511/511
f 512/512/512 514/514/514 513/513/513
f 512/512/512 513/513/513 515/515/515
f 516/516/516 518/518/518 517/517/517
f 516/516/516 517/517/517 519/519/519
f 520/520/520 522/522/522 521/521/521
f 520/520/520 521/521/521 523/523/523
f 524/524/524 526/526/526 525/525/525
f 524/524/524 525/525/525 527/527/527
f 528/528/528 530/530/530 529/529/529
f 528/528/528 529/529/529 531/531/531
f 532/532/532 534/534/534 533/533/533
f 532/532/532 533/533/533 535/535/535
f 536/536/536 538/538/538 537/537/537
f 536/536/536 537/537/537 539/539/539
f 540/540/540 542/542/542 541/541/541
f 540/540/540 541/541/541 543/543/543
f 544/544/544 546/546/546 545/545/545
f 544/544/544 545/545/545 547/547/547
f 548/548/548 550/550/550 549/549/549
f 548/548/548 549/549/549 551/551/551
f 552/552/552 550/550/550 548/548/548
f 552/552/552 553/553/553 550/550/550
f 554/554/554 556/556/556 555/555/555
f 554/554/554 555/555/555 557/557/557
f 558/558/558 560/560/560 559/559/559
f 558/558/558 559/559/559 561/561/561
f 562/562/562 564/564/564 563/563/563
f 562/562/562 563/563/563 565/565/565
f 566/566/566 568/568/568 567/567/567
f 566/566/566 567/567/567 569/569/569
f 570/570/570 572/572/572 571/571/571
f 570/570/570 571/571/571 573/573/573
f 574/574/574 576/576/576 575/575/575
f 574/574/574 575/575/575 577/577/577
f 884/884/884 886/886/886 885/885/885
f 884/884/884 885/885/885 887/887/887
f 888/888/888 890/890/890 889/889/889
f 888/888/888 889/889/889 891/891/891
f 892/892/892 894/894/894 893/893/893
f 892/892/892 893/893/893 895/895/895
f 896/896/896 898/898/898 897/897/897
f 896/896/896 897/897/897 899/899/899
f 900/900/900 902/902/902 901/901/901
f 900/900/900 901/901/901 903/903/903
f 904/904/904 906/906/906 905/905/905
f 904/904/904 905/905/905 907/907/907
f 1485/1485/1485 1487/1487/1487 1486/1486/1486
f 1485/1485/1485 1486/1486/1486 1488/1488/1488
f 1489/1489/1489 1491/1491/1491 1490/1490/1490
f 1489/1489/1489 1490/1490/1490 1492/1492/1492
f 1493/1493/1493 1495/1495/1495 1494/1494/1494
f 1493/1493/1493 1494/1494/1494 1496/1496/1496
f 1497/1497/1497 1499/1499/1499 1498/1498/1498
f 1497/1497/1497 1498/1498/1498 1500/1500/1500
f 1501/1501/1501 1503/1503/1503 1502/1502/1502
f 1501/1501/1501 1502/1502/1502 1504/1504/1504
f 1505/1505/1505 1507/1507/1507 1506/1506/1506
f 1505/1505/1505 1506/1506/1506 1508/1508/1508
f 1509/1509/1509 1511/1511/1511 1510/1510/1510
f 1509/1509/1509 1510/1510/1510 1512/1512/1512
f 1513/1513/1513 1515/1515/1515 1514/1514/1514
f 1513/1513/1513 1514/1514/1514 1516/1516/1516
f 1517/1517/1517 1519/1519/1519 1518/1518/1518
f 1517/1517/1517 1518/1518/1518 1520/1520/1520
f 1521/1521/1521 1523/1523/1523 1522/1522/1522
f 1521/1521/1521 1522/1522/1522 1524/1524/1524
f 1525/1525/1525 1527/1527/1527 1526/1526/1526
f 1525/1525/1525 1526/1526/1526 1528/1528/1528
f 1529/1529/1529 1531/1531/1531 1530/1530/1530
f 1529/1529/1529 1530/1530/1530 1532/1532/1532
f 1533/1533/1533 1535/1535/1535 1534/1534/1534
f 1533/1533/1533 1534/1534/1534 1536/1536/1536
f 1537/1537/1537 1539/1539/1539 1538/1538/1538
f 1537/1537/1537 1538/1538/1538 1540/1540/1540
f 1541/1541/1541 1543/1543/1543 1542/1542/1542
f 1541/1541/1541 1542/1542/1542 1544/1544/1544
f 1545/1545/1545 1547/1547/1547 1546/1546/1546
f 1545/1545/1545 1546/1546/1546 1548/1548/1548
f 2273/2273/2273 2275/2275/2275 2274/2274/2274
f 2273/2273/2273 2274/2274/2274 2276/2276/2276
f 2416/2416/2416 2417/2417/2417 2408/2408/2408
f 2416/2416/2416 2408/2408/2408 2411/2411/2411

g material_booox_14
usemtl booox_14
f 207/207/207 209/209/209 208/208/208
f 207/207/207 208/208/208 210/210/210
f 402/402/402 404/404/404 403/403/403
f 402/402/402 403/403/403 405/405/405
f 880/880/880 882/882/882 881/881/881
f 880/880/880 881/881/881 883/883/883
f 1560/1560/1560 1562/1562/1562 1561/1561/1561
f 1560/1560/1560 1561/1561/1561 1563/1563/1563

g material_booox_16
usemtl booox_16
f 231/231/231 232/232/232 224/224/224
f 231/231/231 224/224/224 225/225/225
f 410/410/410 411/411/411 406/406/406
f 410/410/410 406/406/406 409/409/409
f 412/412/412 414/414/414 413/413/413
f 412/412/412 413/413/413 415/415/415
f 2408/2408/2408 2410/2410/2410 2409/2409/2409
f 2408/2408/2408 2409/2409/2409 2411/2411/2411
f 2412/2412/2412 2414/2414/2414 2413/2413/2413
f 2412/2412/2412 2413/2413/2413 2415/2415/2415

g material_booox_7
usemtl booox_7
f 237/237/237 239/239/239 238/238/238
f 237/237/237 238/238/238 240/240/240
f 241/241/241 243/243/243 242/242/242
f 241/241/241 242/242/242 244/244/244
f 245/245/245 247/247/247 246/246/246
f 245/245/245 246/246/246 248/248/248
f 249/249/249 251/251/251 250/250/250
f 249/249/249 250/250/250 252/252/252
f 279/279/279 281/281/281 280/280/280
f 279/279/279 280/280/280 282/282/282
f 283/283/283 285/285/285 284/284/284
f 283/283/283 284/284/284 286/286/286
f 287/287/287 289/289/289 288/288/288
f 287/287/287 288/288/288 290/290/290
f 291/291/291 293/293/293 292/292/292
f 291/291/291 292/292/292 294/294/294
f 320/320/320 319/319/319 322/322/322
f 321/321/321 319/319/319 320/320/320
f 316/316/316 315/315/315 318/318/318
f 317/317/317 315/315/315 316/316/316
f 312/312/312 311/311/311 314/314/314
f 313/313/313 311/311/311 312/312/312
f 310/310/310 307/307/307 309/309/309
f 307/307/307 306/306/306 309/309/309
f 308/308/308 306/306/306 307/307/307
f 1670/1670/1670 1672/1672/1672 1671/1671/1671
f 1670/1670/1670 1671/1671/1671 1673/1673/1673
f 1674/1674/1674 1676/1676/1676 1675/1675/1675
f 1674/1674/1674 1675/1675/1675 1677/1677/1677
f 1678/1678/1678 1680/1680/1680 1679/1679/1679
f 1678/1678/1678 1679/1679/1679 1681/1681/1681
f 1682/1682/1682 1684/1684/1684 1683/1683/1683
f 1682/1682/1682 1683/1683/1683 1685/1685/1685
f 2120/2120/2120 2122/2122/2122 2121/2121/2121
f 2120/2120/2120 2121/2121/2121 2123/2123/2123
f 2124/2124/2124 2126/2126/2126 2125/2125/2125
f 2124/2124/2124 2125/2125/2125 2127/2127/2127
f 2128/2128/2128 2130/2130/2130 2129/2129/2129
f 2128/2128/2128 2129/2129/2129 2131/2131/2131
f 2132/2132/2132 2134/2134/2134 2133/2133/2133
f 2132/2132/2132 2133/2133/2133 2135/2135/2135
f 2136/2136/2136 2138/2138/2138 2137/2137/2137
f 2136/2136/2136 2137/2137/2137 2139/2139/2139
f 2140/2140/2140 2142/2142/2142 2141/2141/2141
f 2140/2140/2140 2141/2141/2141 2143/2143/2143
f 2144/2144/2144 2146/2146/2146 2145/2145/2145
f 2144/2144/2144 2145/2145/2145 2147/2147/2147
f 2148/2148/2148 2150/2150/2150 2149/2149/2149
f 2148/2148/2148 2149/2149/2149 2151/2151/2151
f 2152/2152/2152 2154/2154/2154 2153/2153/2153
f 2152/2152/2152 2153/2153/2153 2155/2155/2155
f 2156/2156/2156 2158/2158/2158 2157/2157/2157
f 2156/2156/2156 2157/2157/2157 2159/2159/2159
f 2160/2160/2160 2162/2162/2162 2161/2161/2161
f 2160/2160/2160 2161/2161/2161 2163/2163/2163
f 2164/2164/2164 2166/2166/2166 2165/2165/2165
f 2164/2164/2164 2165/2165/2165 2167/2167/2167
f 2168/2168/2168 2170/2170/2170 2169/2169/2169
f 2168/2168/2168 2169/2169/2169 2171/2171/2171
f 2172/2172/2172 2174/2174/2174 2173/2173/2173
f 2172/2172/2172 2173/2173/2173 2175/2175/2175
f 2176/2176/2176 2178/2178/2178 2177/2177/2177
f 2176/2176/2176 2177/2177/2177 2179/2179/2179
f 2180/2180/2180 2182/2182/2182 2181/2181/2181
f 2180/2180/2180 2181/2181/2181 2183/2183/2183
f 2184/2184/2184 2186/2186/2186 2185/2185/2185
f 2184/2184/2184 2185/2185/2185 2187/2187/2187
f 2188/2188/2188 2190/2190/2190 2189/2189/2189
f 2188/2188/2188 2189/2189/2189 2191/2191/2191
f 2192/2192/2192 2194/2194/2194 2193/2193/2193
f 2192/2192/2192 2193/2193/2193 2195/2195/2195
f 2196/2196/2196 2198/2198/2198 2197/2197/2197
f 2196/2196/2196 2197/2197/2197 2199/2199/2199
f 2200/2200/2200 2202/2202/2202 2201/2201/2201
f 2200/2200/2200 2201/2201/2201 2203/2203/2203
f 2204/2204/2204 2206/2206/2206 2205/2205/2205
f 2204/2204/2204 2205/2205/2205 2207/2207/2207
f 2208/2208/2208 2210/2210/2210 2209/2209/2209
f 2208/2208/2208 2209/2209/2209 2211/2211/2211
f 2212/2212/2212 2214/2214/2214 2213/2213/2213
f 2212/2212/2212 2213/2213/2213 2215/2215/2215
f 2216/2216/2216 2218/2218/2218 2217/2217/2217
f 2216/2216/2216 2217/2217/2217 2219/2219/2219
f 2220/2220/2220 2222/2222/2222 2221/2221/2221
f 2220/2220/2220 2221/2221/2221 2223/2223/2223
f 2224/2224/2224 2226/2226/2226 2225/2225/2225
f 2224/2224/2224 2225/2225/2225 2227/2227/2227
f 2228/2228/2228 2230/2230/2230 2229/2229/2229
f 2228/2228/2228 2229/2229/2229 2231/2231/2231
f 2232/2232/2232 2234/2234/2234 2233/2233/2233
f 2232/2232/2232 2233/2233/2233 2235/2235/2235
f 2236/2236/2236 2238/2238/2238 2237/2237/2237
f 2236/2236/2236 2237/2237/2237 2239/2239/2239
f 2240/2240/2240 2242/2242/2242 2241/2241/2241
f 2240/2240/2240 2241/2241/2241 2243/2243/2243
f 2244/2244/2244 2246/2246/2246 2245/2245/2245
f 2244/2244/2244 2245/2245/2245 2247/2247/2247
f 2248/2248/2248 2250/2250/2250 2249/2249/2249
f 2248/2248/2248 2249/2249/2249 2251/2251/2251
f 2252/2252/2252 2254/2254/2254 2253/2253/2253
f 2252/2252/2252 2253/2253/2253 2255/2255/2255
f 2256/2256/2256 2258/2258/2258 2257/2257/2257
f 2256/2256/2256 2257/2257/2257 2259/2259/2259
f 2257/2257/2257 2260/2260/2260 2259/2259/2259
f 2261/2261/2261 2263/2263/2263 2262/2262/2262
f 2261/2261/2261 2262/2262/2262 2264/2264/2264
f 2265/2265/2265 2267/2267/2267 2266/2266/2266
f 2265/2265/2265 2266/2266/2266 2268/2268/2268
f 2269/2269/2269 2271/2271/2271 2270/2270/2270
f 2269/2269/2269 2270/2270/2270 2272/2272/2272
f 2288/2288/2288 2290/2290/2290 2289/2289/2289
f 2288/2288/2288 2289/2289/2289 2291/2291/2291
f 2292/2292/2292 2294/2294/2294 2293/2293/2293
f 2292/2292/2292 2293/2293/2293 2295/2295/2295
f 2296/2296/2296 2298/2298/2298 2297/2297/2297
f 2296/2296/2296 2297/2297/2297 2299/2299/2299
f 2300/2300/2300 2302/2302/2302 2301/2301/2301
f 2300/2300/2300 2301/2301/2301 2303/2303/2303
f 2304/2304/2304 2306/2306/2306 2305/2305/2305
f 2304/2304/2304 2305/2305/2305 2307/2307/2307
f 2308/2308/2308 2310/2310/2310 2309/2309/2309
f 2308/2308/2308 2309/2309/2309 2311/2311/2311
f 2312/2312/2312 2314/2314/2314 2313/2313/2313
f 2312/2312/2312 2313/2313/2313 2315/2315/2315
f 2316/2316/2316 2318/2318/2318 2317/2317/2317
f 2316/2316/2316 2317/2317/2317 2319/2319/2319
f 2320/2320/2320 2322/2322/2322 2321/2321/2321
f 2320/2320/2320 2321/2321/2321 2323/2323/2323
f 2324/2324/2324 2326/2326/2326 2325/2325/2325
f 2324/2324/2324 2325/2325/2325 2327/2327/2327
f 2328/2328/2328 2330/2330/2330 2329/2329/2329
f 2328/2328/2328 2329/2329/2329 2331/2331/2331
f 2332/2332/2332 2334/2334/2334 2333/2333/2333
f 2332/2332/2332 2333/2333/2333 2335/2335/2335
f 2336/2336/2336 2338/2338/2338 2337/2337/2337
f 2336/2336/2336 2337/2337/2337 2339/2339/2339
f 2340/2340/2340 2342/2342/2342 2341/2341/2341
f 2340/2340/2340 2341/2341/2341 2343/2343/2343
f 2344/2344/2344 2346/2346/2346 2345/2345/2345
f 2344/2344/2344 2345/2345/2345 2347/2347/2347
f 2348/2348/2348 2350/2350/2350 2349/2349/2349
f 2348/2348/2348 2349/2349/2349 2351/2351/2351
f 2352/2352/2352 2354/2354/2354 2353/2353/2353
f 2352/2352/2352 2353/2353/2353 2355/2355/2355
f 2356/2356/2356 2358/2358/2358 2357/2357/2357
f 2356/2356/2356 2357/2357/2357 2359/2359/2359
f 2360/2360/2360 2362/2362/2362 2361/2361/2361
f 2360/2360/2360 2361/2361/2361 2363/2363/2363
f 2364/2364/2364 2366/2366/2366 2365/2365/2365
f 2364/2364/2364 2365/2365/2365 2367/2367/2367
f 2368/2368/2368 2370/2370/2370 2369/2369/2369
f 2368/2368/2368 2369/2369/2369 2371/2371/2371
f 2372/2372/2372 2374/2374/2374 2373/2373/2373
f 2372/2372/2372 2373/2373/2373 2375/2375/2375
f 2376/2376/2376 2378/2378/2378 2377/2377/2377
f 2376/2376/2376 2377/2377/2377 2379/2379/2379
f 2380/2380/2380 2382/2382/2382 2381/2381/2381
f 2380/2380/2380 2381/2381/2381 2383/2383/2383
f 2384/2384/2384 2386/2386/2386 2385/2385/2385
f 2384/2384/2384 2385/2385/2385 2387/2387/2387
f 2388/2388/2388 2390/2390/2390 2389/2389/2389
f 2388/2388/2388 2389/2389/2389 2391/2391/2391
f 2392/2392/2392 2394/2394/2394 2393/2393/2393
f 2392/2392/2392 2393/2393/2393 2395/2395/2395
f 2396/2396/2396 2398/2398/2398 2397/2397/2397
f 2396/2396/2396 2397/2397/2397 2399/2399/2399
f 2400/2400/2400 2402/2402/2402 2401/2401/2401
f 2400/2400/2400 2401/2401/2401 2403/2403/2403
f 2404/2404/2404 2406/2406/2406 2405/2405/2405
f 2404/2404/2404 2405/2405/2405 2407/2407/2407

g material_booox_8
usemtl booox_8
f 253/253/253 255/255/255 254/254/254
f 256/256/256 258/258/258 257/257/257
f 256/256/256 257/257/257 259/259/259
f 295/295/295 297/297/297 296/296/296
f 298/298/298 300/300/300 299/299/299
f 298/298/298 299/299/299 301/301/301
f 327/327/327 326/326/326 329/329/329
f 328/328/328 326/326/326 327/327/327
f 325/325/325 323/323/323 324/324/324
f 2096/2096/2096 2098/2098/2098 2097/2097/2097
f 2096/2096/2096 2097/2097/2097 2099/2099/2099
f 2277/2277/2277 2279/2279/2279 2278/2278/2278
f 2280/2280/2280 2282/2282/2282 2281/2281/2281
f 2280/2280/2280 2281/2281/2281 2283/2283/2283
f 2284/2284/2284 2286/2286/2286 2285/2285/2285
f 2284/2284/2284 2285/2285/2285 2287/2287/2287

g material_booox_9
usemtl booox_9
f 578/578/578 580/580/580 579/579/579
f 578/578/578 579/579/579 581/581/581
f 582/582/582 584/584/584 583/583/583
f 582/582/582 583/583/583 585/585/585
f 584/584/584 586/586/586 583/583/583
f 584/584/584 587/587/587 586/586/586
f 588/588/588 590/590/590 589/589/589
f 588/588/588 589/589/589 591/591/591
f 589/589/589 592/592/592 591/591/591
f 589/589/589 593/593/593 592/592/592
f 594/594/594 592/592/592 593/593/593
f 594/594/594 595/595/595 592/592/592
f 596/596/596 598/598/598 597/597/597
f 596/596/596 597/597/597 599/599/599
f 600/600/600 602/602/602 601/601/601
f 600/600/600 601/601/601 603/603/603
f 604/604/604 606/606/606 605/605/605
f 604/604/604 605/605/605 607/607/607
f 608/608/608 606/606/606 604/604/604
f 608/608/608 609/609/609 606/606/606
f 610/610/610 612/612/612 611/611/611
f 610/610/610 611/611/611 613/613/613
f 1590/1590/1590 1592/1592/1592 1591/1591/1591
f 1590/1590/1590 1591/1591/1591 1593/1593/1593
f 1594/1594/1594 1596/1596/1596 1595/1595/1595
f 1594/1594/1594 1595/1595/1595 1597/1597/1597
f 1598/1598/1598 1600/1600/1600 1599/1599/1599
f 1598/1598/1598 1599/1599/1599 1601/1601/1601
f 1602/1602/1602 1604/1604/1604 1603/1603/1603
f 1602/1602/1602 1603/1603/1603 1605/1605/1605
f 1606/1606/1606 1608/1608/1608 1607/1607/1607
f 1606/1606/1606 1607/1607/1607 1609/1609/1609
f 1610/1610/1610 1612/1612/1612 1611/1611/1611
f 1610/1610/1610 1611/1611/1611 1613/1613/1613
f 1614/1614/1614 1616/1616/1616 1615/1615/1615
f 1614/1614/1614 1615/1615/1615 1617/1617/1617
f 1618/1618/1618 1620/1620/1620 1619/1619/1619
f 1618/1618/1618 1619/1619/1619 1621/1621/1621
f 1622/1622/1622 1624/1624/1624 1623/1623/1623
f 1622/1622/1622 1623/1623/1623 1625/1625/1625
f 1626/1626/1626 1628/1628/1628 1627/1627/1627
f 1626/1626/1626 1627/1627/1627 1629/1629/1629
f 1630/1630/1630 1632/1632/1632 1631/1631/1631
f 1630/1630/1630 1631/1631/1631 1633/1633/1633
f 1634/1634/1634 1636/1636/1636 1635/1635/1635
f 1634/1634/1634 1635/1635/1635 1637/1637/1637
f 1638/1638/1638 1640/1640/1640 1639/1639/1639
f 1638/1638/1638 1639/1639/1639 1641/1641/1641
f 1642/1642/1642 1644/1644/1644 1643/1643/1643
f 1642/1642/1642 1643/1643/1643 1645/1645/1645
f 1646/1646/1646 1648/1648/1648 1647/1647/1647
f 1646/1646/1646 1647/1647/1647 1649/1649/1649
f 1650/1650/1650 1652/1652/1652 1651/1651/1651
f 1650/1650/1650 1651/1651/1651 1653/1653/1653
f 1654/1654/1654 1656/1656/1656 1655/1655/1655
f 1654/1654/1654 1655/1655/1655 1657/1657/1657
f 1658/1658/1658 1660/1660/1660 1659/1659/1659
f 1658/1658/1658 1659/1659/1659 1661/1661/1661
f 1662/1662/1662 1664/1664/1664 1663/1663/1663
f 1662/1662/1662 1663/1663/1663 1665/1665/1665
f 1666/1666/1666 1668/1668/1668 1667/1667/1667
f 1666/1666/1666 1667/1667/1667 1669/1669/1669
f 1686/1686/1686 1688/1688/1688 1687/1687/1687
f 1686/1686/1686 1687/1687/1687 1689/1689/1689
f 1690/1690/1690 1692/1692/1692 1691/1691/1691
f 1690/1690/1690 1691/1691/1691 1693/1693/1693
f 1694/1694/1694 1696/1696/1696 1695/1695/1695
f 1694/1694/1694 1695/1695/1695 1697/1697/1697
f 1698/1698/1698 1700/1700/1700 1699/1699/1699
f 1698/1698/1698 1699/1699/1699 1701/1701/1701
f 1702/1702/1702 1704/1704/1704 1703/1703/1703
f 1702/1702/1702 1703/1703/1703 1705/1705/1705
f 1706/1706/1706 1708/1708/1708 1707/1707/1707
f 1706/1706/1706 1707/1707/1707 1709/1709/1709
f 1710/1710/1710 1712/1712/1712 1711/1711/1711
f 1710/1710/1710 1711/1711/1711 1713/1713/1713
f 1714/1714/1714 1716/1716/1716 1715/1715/1715
f 1714/1714/1714 1715/1715/1715 1717/1717/1717
f 1718/1718/1718 1720/1720/1720 1719/1719/1719
f 1718/1718/1718 1719/1719/1719 1721/1721/1721
f 1722/1722/1722 1724/1724/1724 1723/1723/1723
f 1722/1722/1722 1723/1723/1723 1725/1725/1725
f 1726/1726/1726 1728/1728/1728 1727/1727/1727
f 1726/1726/1726 1727/1727/1727 1729/1729/1729
f 1730/1730/1730 1732/1732/1732 1731/1731/1731
f 1730/1730/1730 1731/1731/1731 1733/1733/1733
f 1734/1734/1734 1736/1736/1736 1735/1735/1735
f 1734/1734/1734 1735/1735/1735 1737/1737/1737
f 1738/1738/1738 1740/1740/1740 1739/1739/1739
f 1738/1738/1738 1739/1739/1739 1741/1741/1741
f 1742/1742/1742 1744/1744/1744 1743/1743/1743
f 1742/1742/1742 1743/1743/1743 1745/1745/1745
f 1746/1746/1746 1748/1748/1748 1747/1747/1747
f 1746/1746/1746 1747/1747/1747 1749/1749/1749
f 1750/1750/1750 1752/1752/1752 1751/1751/1751
f 1750/1750/1750 1751/1751/1751 1753/1753/1753
f 1754/1754/1754 1756/1756/1756 1755/1755/1755
f 1754/1754/1754 1755/1755/1755 1757/1757/1757
f 1758/1758/1758 1760/1760/1760 1759/1759/1759
f 1758/1758/1758 1759/1759/1759 1761/1761/1761
f 1762/1762/1762 1764/1764/1764 1763/1763/1763
f 1762/1762/1762 1763/1763/1763 1765/1765/1765
f 1766/1766/1766 1768/1768/1768 1767/1767/1767
f 1766/1766/1766 1767/1767/1767 1769/1769/1769
f 1770/1770/1770 1772/1772/1772 1771/1771/1771
f 1770/1770/1770 1771/1771/1771 1773/1773/1773
f 1774/1774/1774 1776/1776/1776 1775/1775/1775
f 1774/1774/1774 1775/1775/1775 1777/1777/1777
f 1778/1778/1778 1780/1780/1780 1779/1779/1779
f 1778/1778/1778 1779/1779/1779 1781/1781/1781
f 1782/1782/1782 1784/1784/1784 1783/1783/1783
f 1782/1782/1782 1783/1783/1783 1785/1785/1785
f 1786/1786/1786 1788/1788/1788 1787/1787/1787
f 1786/1786/1786 1787/1787/1787 1789/1789/1789
f 1790/1790/1790 1792/1792/1792 1791/1791/1791
f 1790/1790/1790 1791/1791/1791 1793/1793/1793
f 1794/1794/1794 1796/1796/1796 1795/1795/1795
f 1794/1794/1794 1795/1795/1795 1797/1797/1797
f 1798/1798/1798 1800/1800/1800 1799/1799/1799
f 1798/1798/1798 1799/1799/1799 1801/1801/1801
f 1802/1802/1802 1804/1804/1804 1803/1803/1803
f 1802/1802/1802 1803/1803/1803 1805/1805/1805
f 1806/1806/1806 1808/1808/1808 1807/1807/1807
f 1806/1806/1806 1807/1807/1807 1809/1809/1809
f 1810/1810/1810 1812/1812/1812 1811/1811/1811
f 1810/1810/1810 1811/1811/1811 1813/1813/1813
f 1814/1814/1814 1816/1816/1816 1815/1815/1815
f 1814/1814/1814 1815/1815/1815 1817/1817/1817
f 1818/1818/1818 1820/1820/1820 1819/1819/1819
f 1818/1818/1818 1819/1819/1819 1821/1821/1821
f 1822/1822/1822 1824/1824/1824 1823/1823/1823
f 1822/1822/1822 1823/1823/1823 1825/1825/1825
f 1826/1826/1826 1828/1828/1828 1827/1827/1827
f 1826/1826/1826 1827/1827/1827 1829/1829/1829
f 1830/1830/1830 1832/1832/1832 1831/1831/1831
f 1830/1830/1830 1831/1831/1831 1833/1833/1833
f 1834/1834/1834 1836/1836/1836 1835/1835/1835
f 1834/1834/1834 1835/1835/1835 1837/1837/1837
f 1838/1838/1838 1840/1840/1840 1839/1839/1839
f 1838/1838/1838 1839/1839/1839 1841/1841/1841
f 1842/1842/1842 1844/1844/1844 1843/1843/1843
f 1842/1842/1842 1843/1843/1843 1845/1845/1845
f 1846/1846/1846 1848/1848/1848 1847/1847/1847
f 1846/1846/1846 1847/1847/1847 1849/1849/1849
f 1850/1850/1850 1852/1852/1852 1851/1851/1851
f 1850/1850/1850 1851/1851/1851 1853/1853/1853
f 1854/1854/1854 1856/1856/1856 1855/1855/1855
f 1854/1854/1854 1855/1855/1855 1857/1857/1857
f 1858/1858/1858 1860/1860/1860 1859/1859/1859
f 1858/1858/1858 1859/1859/1859 1861/1861/1861
f 1862/1862/1862 1864/1864/1864 1863/1863/1863
f 1862/1862/1862 1863/1863/1863 1865/1865/1865
f 1866/1866/1866 1868/1868/1868 1867/1867/1867
f 1866/1866/1866 1867/1867/1867 1869/1869/1869
f 1870/1870/1870 1872/1872/1872 1871/1871/1871
f 1870/1870/1870 1871/1871/1871 1873/1873/1873
f 1874/1874/1874 1876/1876/1876 1875/1875/1875
f 1874/1874/1874 1875/1875/1875 1877/1877/1877
f 1878/1878/1878 1880/1880/1880 1879/1879/1879
f 1878/1878/1878 1879/1879/1879 1881/1881/1881
f 1882/1882/1882 1884/1884/1884 1883/1883/1883
f 1882/1882/1882 1883/1883/1883 1885/1885/1885
f 1886/1886/1886 1888/1888/1888 1887/1887/1887
f 1886/1886/1886 1887/1887/1887 1889/1889/1889
f 1890/1890/1890 1892/1892/1892 1891/1891/1891
f 1890/1890/1890 1891/1891/1891 1893/1893/1893
f 1894/1894/1894 1896/1896/1896 1895/1895/1895
f 1894/1894/1894 1895/1895/1895 1897/1897/1897
f 1898/1898/1898 1900/1900/1900 1899/1899/1899
f 1898/1898/1898 1899/1899/1899 1901/1901/1901
f 1902/1902/1902 1904/1904/1904 1903/1903/1903
f 1902/1902/1902 1903/1903/1903 1905/1905/1905
f 1906/1906/1906 1908/1908/1908 1907/1907/1907
f 1906/1906/1906 1907/1907/1907 1909/1909/1909
f 1910/1910/1910 1912/1912/1912 1911/1911/1911
f 1910/1910/1910 1911/1911/1911 1913/1913/1913
f 1914/1914/1914 1916/1916/1916 1915/1915/1915
f 1914/1914/1914 1915/1915/1915 1917/1917/1917
f 1918/1918/1918 1920/1920/1920 1919/1919/1919
f 1918/1918/1918 1919/1919/1919 1921/1921/1921
f 1922/1922/1922 1924/1924/1924 1923/1923/1923
f 1922/1922/1922 1923/1923/1923 1925/1925/1925
f 1926/1926/1926 1928/1928/1928 1927/1927/1927
f 1926/1926/1926 1927/1927/1927 1929/1929/1929
f 1930/1930/1930 1932/1932/1932 1931/1931/1931
f 1930/1930/1930 1931/1931/1931 1933/1933/1933
f 1934/1934/1934 1936/1936/1936 1935/1935/1935
f 1934/1934/1934 1935/1935/1935 1937/1937/1937
f 1938/1938/1938 1940/1940/1940 1939/1939/1939
f 1938/1938/1938 1939/1939/1939 1941/1941/1941
f 1942/1942/1942 1944/1944/1944 1943/1943/1943
f 1942/1942/1942 1943/1943/1943 1945/1945/1945
f 1946/1946/1946 1948/1948/1948 1947/1947/1947
f 1946/1946/1946 1947/1947/1947 1949/1949/1949
f 1950/1950/1950 1952/1952/1952 1951/1951/1951
f 1950/1950/1950 1951/1951/1951 1953/1953/1953
f 1954/1954/1954 1956/1956/1956 1955/1955/1955
f 1954/1954/1954 1955/1955/1955 1957/1957/1957
f 1958/1958/1958 1960/1960/1960 1959/1959/1959
f 1958/1958/1958 1959/1959/1959 1961/1961/1961
f 1962/1962/1962 1964/1964/1964 1963/1963/1963
f 1962/1962/1962 1963/1963/1963 1965/1965/1965
f 1966/1966/1966 1968/1968/1968 1967/1967/1967
f 1966/1966/1966 1967/1967/1967 1969/1969/1969
f 1970/1970/1970 1972/1972/1972 1971/1971/1971
f 1970/1970/1970 1971/1971/1971 1973/1973/1973
f 1974/1974/1974 1976/1976/1976 1975/1975/1975
f 1974/1974/1974 1975/1975/1975 1977/1977/1977
f 1978/1978/1978 1980/1980/1980 1979/1979/1979
f 1978/1978/1978 1979/1979/1979 1981/1981/1981
f 1982/1982/1982 1984/1984/1984 1983/1983/1983
f 1982/1982/1982 1983/1983/1983 1985/1985/1985
f 1986/1986/1986 1988/1988/1988 1987/1987/1987
f 1986/1986/1986 1987/1987/1987 1989/1989/1989
f 1990/1990/1990 1992/1992/1992 1991/1991/1991
f 1990/1990/1990 1991/1991/1991 1993/1993/1993
f 1994/1994/1994 1996/1996/1996 1995/1995/1995
f 1994/1994/1994 1995/1995/1995 1997/1997/1997
f 1998/1998/1998 2000/2000/2000 1999/1999/1999
f 1998/1998/1998 1999/1999/1999 2001/2001/2001
f 2002/2002/2002 2004/2004/2004 2003/2003/2003
f 2002/2002/2002 2003/2003/2003 2005/2005/2005
f 2006/2006/2006 2008/2008/2008 2007/2007/2007
f 2006/2006/2006 2007/2007/2007 2009/2009/2009
f 2010/2010/2010 2012/2012/2012 2011/2011/2011
f 2010/2010/2010 2011/2011/2011 2013/2013/2013
f 2014/2014/2014 2016/2016/2016 2015/2015/2015
f 2014/2014/2014 2015/2015/2015 2017/2017/2017
f 2018/2018/2018 2020/2020/2020 2019/2019/2019
f 2018/2018/2018 2019/2019/2019 2021/2021/2021
f 2022/2022/2022 2024/2024/2024 2023/2023/2023
f 2022/2022/2022 2023/2023/2023 2025/2025/2025
f 2026/2026/2026 2028/2028/2028 2027/2027/2027
f 2026/2026/2026 2027/2027/2027 2029/2029/2029
f 2030/2030/2030 2032/2032/2032 2031/2031/2031
f 2030/2030/2030 2031/2031/2031 2033/2033/2033
f 2034/2034/2034 2036/2036/2036 2035/2035/2035
f 2034/2034/2034 2035/2035/2035 2037/2037/2037
f 2038/2038/2038 2040/2040/2040 2039/2039/2039
f 2038/2038/2038 2039/2039/2039 2041/2041/2041
f 2042/2042/2042 2044/2044/2044 2043/2043/2043
f 2042/2042/2042 2043/2043/2043 2045/2045/2045
f 2046/2046/2046 2048/2048/2048 2047/2047/2047
f 2046/2046/2046 2047/2047/2047 2049/2049/2049

g material_booox_3
usemtl booox_3
f 614/614/614 616/616/616 615/615/615
f 614/614/614 615/615/615 617/617/617
f 618/618/618 620/620/620 619/619/619
f 618/618/618 619/619/619 621/621/621
f 622/622/622 620/620/620 618/618/618
f 622/622/622 623/623/623 620/620/620
f 624/624/624 626/626/626 625/625/625
f 624/624/624 625/625/625 627/627/627
f 628/628/628 630/630/630 629/629/629
f 628/628/628 629/629/629 631/631/631
f 632/632/632 634/634/634 633/633/633
f 632/632/632 633/633/633 635/635/635
f 636/636/636 638/638/638 637/637/637
f 636/636/636 637/637/637 639/639/639
f 640/640/640 638/638/638 636/636/636
f 640/640/640 641/641/641 638/638/638
f 642/642/642 644/644/644 643/643/643
f 642/642/642 643/643/643 645/645/645
f 646/646/646 648/648/648 647/647/647
f 646/646/646 647/647/647 649/649/649
f 650/650/650 652/652/652 651/651/651
f 650/650/650 651/651/651 653/653/653
f 654/654/654 656/656/656 655/655/655
f 654/654/654 655/655/655 657/657/657
f 658/658/658 656/656/656 654/654/654
f 658/658/658 659/659/659 656/656/656
f 660/660/660 662/662/662 661/661/661
f 660/660/660 661/661/661 663/663/663
f 664/664/664 666/666/666 665/665/665
f 664/664/664 665/665/665 667/667/667
f 912/912/912 914/914/914 913/913/913
f 912/912/912 913/913/913 915/915/915
f 916/916/916 918/918/918 917/917/917
f 916/916/916 917/917/917 919/919/919
f 920/920/920 922/922/922 921/921/921
f 920/920/920 921/921/921 923/923/923
f 924/924/924 926/926/926 925/925/925
f 924/924/924 925/925/925 927/927/927
f 936/936/936 938/938/938 937/937/937
f 936/936/936 937/937/937 939/939/939
f 940/940/940 942/942/942 941/941/941
f 940/940/940 941/941/941 943/943/943
f 944/944/944 946/946/946 945/945/945
f 944/944/944 945/945/945 947/947/947
f 948/948/948 950/950/950 949/949/949
f 948/948/948 949/949/949 951/951/951
f 952/952/952 954/954/954 953/953/953
f 952/952/952 953/953/953 955/955/955
f 956/956/956 958/958/958 957/957/957
f 956/956/956 957/957/957 959/959/959
f 1572/1572/1572 1574/1574/1574 1573/1573/1573
f 1572/1572/1572 1573/1573/1573 1575/1575/1575
f 1576/1576/1576 1578/1578/1578 1577/1577/1577
f 2666/2666/2666 2668/2668/2668 2667/2667/2667
f 2666/2666/2666 2667/2667/2667 2669/2669/2669
f 2670/2670/2670 2672/2672/2672 2671/2671/2671
f 2670/2670/2670 2671/2671/2671 2673/2673/2673
f 2674/2674/2674 2676/2676/2676 2675/2675/2675
f 2674/2674/2674 2675/2675/2675 2677/2677/2677
f 2678/2678/2678 2680/2680/2680 2679/2679/2679
f 2678/2678/2678 2679/2679/2679 2681/2681/2681
f 2688/2688/2688 2690/2690/2690 2689/2689/2689
f 2688/2688/2688 2689/2689/2689 2691/2691/2691
f 2692/2692/2692 2694/2694/2694 2693/2693/2693
f 2692/2692/2692 2693/2693/2693 2695/2695/2695
f 2696/2696/2696 2698/2698/2698 2697/2697/2697
f 2696/2696/2696 2697/2697/2697 2699/2699/2699
f 2700/2700/2700 2702/2702/2702 2701/2701/2701
f 2700/2700/2700 2701/2701/2701 2703/2703/2703
f 2704/2704/2704 2706/2706/2706 2705/2705/2705
f 2704/2704/2704 2705/2705/2705 2707/2707/2707
f 2716/2716/2716 2718/2718/2718 2717/2717/2717
f 2716/2716/2716 2717/2717/2717 2719/2719/2719
f 2736/2736/2736 2738/2738/2738 2737/2737/2737
f 2736/2736/2736 2737/2737/2737 2739/2739/2739
f 2740/2740/2740 2742/2742/2742 2741/2741/2741
f 2740/2740/2740 2741/2741/2741 2743/2743/2743
f 2744/2744/2744 2746/2746/2746 2745/2745/2745
f 2744/2744/2744 2745/2745/2745 2747/2747/2747
f 2748/2748/2748 2750/2750/2750 2749/2749/2749
f 2748/2748/2748 2749/2749/2749 2751/2751/2751
f 2758/2758/2758 2760/2760/2760 2759/2759/2759
f 2758/2758/2758 2759/2759/2759 2761/2761/2761
f 2762/2762/2762 2764/2764/2764 2763/2763/2763
f 2762/2762/2762 2763/2763/2763 2765/2765/2765
f 2766/2766/2766 2768/2768/2768 2767/2767/2767
f 2766/2766/2766 2767/2767/2767 2769/2769/2769
f 2770/2770/2770 2772/2772/2772 2771/2771/2771
f 2770/2770/2770 2771/2771/2771 2773/2773/2773
f 2780/2780/2780 2782/2782/2782 2781/2781/2781
f 2780/2780/2780 2781/2781/2781 2783/2783/2783
f 2800/2800/2800 2802/2802/2802 2801/2801/2801
f 2800/2800/2800 2801/2801/2801 2803/2803/2803
f 2804/2804/2804 2806/2806/2806 2805/2805/2805
f 2804/2804/2804 2805/2805/2805 2807/2807/2807
f 2808/2808/2808 2810/2810/2810 2809/2809/2809
f 2808/2808/2808 2809/2809/2809 2811/2811/2811
f 2812/2812/2812 2814/2814/2814 2813/2813/2813
f 2812/2812/2812 2813/2813/2813 2815/2815/2815
f 2816/2816/2816 2818/2818/2818 2817/2817/2817
f 2816/2816/2816 2817/2817/2817 2819/2819/2819
f 2828/2828/2828 2830/2830/2830 2829/2829/2829
f 2828/2828/2828 2829/2829/2829 2831/2831/2831
f 2832/2832/2832 2834/2834/2834 2833/2833/2833
f 2832/2832/2832 2833/2833/2833 2835/2835/2835
f 2836/2836/2836 2838/2838/2838 2837/2837/2837
f 2836/2836/2836 2837/2837/2837 2839/2839/2839
f 2840/2840/2840 2842/2842/2842 2841/2841/2841
f 2840/2840/2840 2841/2841/2841 2843/2843/2843
f 2850/2850/2850 2852/2852/2852 2851/2851/2851
f 2850/2850/2850 2851/2851/2851 2853/2853/2853
f 2854/2854/2854 2856/2856/2856 2855/2855/2855
f 2854/2854/2854 2855/2855/2855 2857/2857/2857
f 2858/2858/2858 2860/2860/2860 2859/2859/2859
f 2858/2858/2858 2859/2859/2859 2861/2861/2861
f 2862/2862/2862 2864/2864/2864 2863/2863/2863
f 2862/2862/2862 2863/2863/2863 2865/2865/2865
f 2866/2866/2866 2868/2868/2868 2867/2867/2867
f 2866/2866/2866 2867/2867/2867 2869/2869/2869
f 2878/2878/2878 2880/2880/2880 2879/2879/2879
f 2878/2878/2878 2879/2879/2879 2881/2881/2881
f 2882/2882/2882 2884/2884/2884 2883/2883/2883
f 2882/2882/2882 2883/2883/2883 2885/2885/2885
f 2886/2886/2886 2888/2888/2888 2887/2887/2887
f 2886/2886/2886 2887/2887/2887 2889/2889/2889
f 2890/2890/2890 2892/2892/2892 2891/2891/2891
f 2890/2890/2890 2891/2891/2891 2893/2893/2893
f 2894/2894/2894 2896/2896/2896 2895/2895/2895
f 2894/2894/2894 2895/2895/2895 2897/2897/2897
f 2906/2906/2906 2908/2908/2908 2907/2907/2907
f 2906/2906/2906 2907/2907/2907 2909/2909/2909
f 2910/2910/2910 2912/2912/2912 2911/2911/2911
f 2910/2910/2910 2911/2911/2911 2913/2913/2913
f 2914/2914/2914 2916/2916/2916 2915/2915/2915
f 2914/2914/2914 2915/2915/2915 2917/2917/2917
f 2918/2918/2918 2920/2920/2920 2919/2919/2919
f 2918/2918/2918 2919/2919/2919 2921/2921/2921
f 2922/2922/2922 2924/2924/2924 2923/2923/2923
f 2922/2922/2922 2923/2923/2923 2925/2925/2925
f 2934/2934/2934 2936/2936/2936 2935/2935/2935
f 2934/2934/2934 2935/2935/2935 2937/2937/2937
f 2938/2938/2938 2940/2940/2940 2939/2939/2939
f 2938/2938/2938 2939/2939/2939 2941/2941/2941
f 2942/2942/2942 2944/2944/2944 2943/2943/2943
f 2942/2942/2942 2943/2943/2943 2945/2945/2945
f 2946/2946/2946 2948/2948/2948 2947/2947/2947
f 2946/2946/2946 2947/2947/2947 2949/2949/2949
f 2956/2956/2956 2958/2958/2958 2957/2957/2957
f 2956/2956/2956 2957/2957/2957 2959/2959/2959
f 2976/2976/2976 2978/2978/2978 2977/2977/2977
f 2976/2976/2976 2977/2977/2977 2979/2979/2979
f 2980/2980/2980 2982/2982/2982 2981/2981/2981
f 2980/2980/2980 2981/2981/2981 2983/2983/2983
f 2984/2984/2984 2986/2986/2986 2985/2985/2985
f 2987/2987/2987 2989/2989/2989 2988/2988/2988
f 2990/2990/2990 2992/2992/2992 2991/2991/2991
f 2990/2990/2990 2991/2991/2991 2993/2993/2993
f 2994/2994/2994 2996/2996/2996 2995/2995/2995
f 2994/2994/2994 2995/2995/2995 2997/2997/2997
f 2998/2998/2998 3000/3000/3000 2999/2999/2999
f 2998/2998/2998 2999/2999/2999 3001/3001/3001
f 3002/3002/3002 3004/3004/3004 3003/3003/3003
f 3002/3002/3002 3003/3003/3003 3005/3005/3005
f 3006/3006/3006 3008/3008/3008 3007/3007/3007
f 3006/3006/3006 3007/3007/3007 3009/3009/3009
f 3010/3010/3010 3012/3012/3012 3011/3011/3011
f 3010/3010/3010 3011/3011/3011 3013/3013/3013
f 3014/3014/3014 3016/3016/3016 3015/3015/3015
f 3014/3014/3014 3015/3015/3015 3017/3017/3017
f 3018/3018/3018 3020/3020/3020 3019/3019/3019
f 3018/3018/3018 3019/3019/3019 3021/3021/3021
f 3022/3022/3022 3024/3024/3024 3023/3023/3023
f 3022/3022/3022 3023/3023/3023 3025/3025/3025
f 3026/3026/3026 3028/3028/3028 3027/3027/3027
f 3026/3026/3026 3027/3027/3027 3029/3029/3029
f 3038/3038/3038 3040/3040/3040 3039/3039/3039
f 3038/3038/3038 3039/3039/3039 3041/3041/3041
f 3042/3042/3042 3044/3044/3044 3043/3043/3043
f 3042/3042/3042 3043/3043/3043 3045/3045/3045
f 3046/3046/3046 3048/3048/3048 3047/3047/3047
f 3046/3046/3046 3047/3047/3047 3049/3049/3049
f 3050/3050/3050 3052/3052/3052 3051/3051/3051
f 3050/3050/3050 3051/3051/3051 3053/3053/3053
f 3054/3054/3054 3056/3056/3056 3055/3055/3055
f 3054/3054/3054 3055/3055/3055 3057/3057/3057
f 3066/3066/3066 3068/3068/3068 3067/3067/3067
f 3066/3066/3066 3067/3067/3067 3069/3069/3069
f 3070/3070/3070 3072/3072/3072 3071/3071/3071
f 3070/3070/3070 3071/3071/3071 3073/3073/3073
f 3074/3074/3074 3076/3076/3076 3075/3075/3075
f 3074/3074/3074 3075/3075/3075 3077/3077/3077
f 3078/3078/3078 3080/3080/3080 3079/3079/3079
f 3078/3078/3078 3079/3079/3079 3081/3081/3081
f 3082/3082/3082 3084/3084/3084 3083/3083/3083
f 3082/3082/3082 3083/3083/3083 3085/3085/3085
f 3094/3094/3094 3096/3096/3096 3095/3095/3095
f 3094/3094/3094 3095/3095/3095 3097/3097/3097
f 3114/3114/3114 3116/3116/3116 3115/3115/3115
f 3114/3114/3114 3115/3115/3115 3117/3117/3117
f 3134/3134/3134 3136/3136/3136 3135/3135/3135
f 3134/3134/3134 3135/3135/3135 3137/3137/3137
f 3138/3138/3138 3140/3140/3140 3139/3139/3139
f 3138/3138/3138 3139/3139/3139 3141/3141/3141
f 3142/3142/3142 3144/3144/3144 3143/3143/3143
f 3142/3142/3142 3143/3143/3143 3145/3145/3145
f 3146/3146/3146 3148/3148/3148 3147/3147/3147
f 3146/3146/3146 3147/3147/3147 3149/3149/3149
f 3150/3150/3150 3152/3152/3152 3151/3151/3151
f 3150/3150/3150 3151/3151/3151 3153/3153/3153
f 3162/3162/3162 3164/3164/3164 3163/3163/3163
f 3162/3162/3162 3163/3163/3163 3165/3165/3165
f 3166/3166/3166 3168/3168/3168 3167/3167/3167
f 3166/3166/3166 3167/3167/3167 3169/3169/3169
f 3170/3170/3170 3172/3172/3172 3171/3171/3171
f 3170/3170/3170 3171/3171/3171 3173/3173/3173
f 3174/3174/3174 3176/3176/3176 3175/3175/3175
f 3174/3174/3174 3175/3175/3175 3177/3177/3177
f 3178/3178/3178 3180/3180/3180 3179/3179/3179
f 3178/3178/3178 3179/3179/3179 3181/3181/3181
f 3182/3182/3182 3184/3184/3184 3183/3183/3183
f 3182/3182/3182 3183/3183/3183 3185/3185/3185
f 3186/3186/3186 3188/3188/3188 3187/3187/3187
f 3186/3186/3186 3187/3187/3187 3189/3189/3189
f 3190/3190/3190 3192/3192/3192 3191/3191/3191
f 3190/3190/3190 3191/3191/3191 3193/3193/3193
f 3194/3194/3194 3196/3196/3196 3195/3195/3195
f 3194/3194/3194 3195/3195/3195 3197/3197/3197
f 3198/3198/3198 3200/3200/3200 3199/3199/3199
f 3198/3198/3198 3199/3199/3199 3201/3201/3201

g material_booox_15
usemtl booox_15
f 668/668/668 670/670/670 669/669/669
f 668/668/668 669/669/669 671/671/671
f 908/908/908 910/910/910 909/909/909
f 908/908/908 909/909/909 911/911/911
f 928/928/928 930/930/930 929/929/929
f 928/928/928 929/929/929 931/931/931
f 932/932/932 934/934/934 933/933/933
f 932/932/932 933/933/933 935/935/935

g material_booox_12
usemtl booox_12
f 672/672/672 674/674/674 673/673/673
f 672/672/672 673/673/673 675/675/675
f 676/676/676 678/678/678 677/677/677
f 676/676/676 677/677/677 679/679/679
f 680/680/680 678/678/678 676/676/676
f 680/680/680 681/681/681 678/678/678
f 682/682/682 684/684/684 683/683/683
f 682/682/682 683/683/683 685/685/685
f 686/686/686 688/688/688 687/687/687
f 686/686/686 687/687/687 689/689/689
f 690/690/690 692/692/692 691/691/691
f 690/690/690 691/691/691 693/693/693
f 694/694/694 696/696/696 695/695/695
f 694/694/694 695/695/695 697/697/697
f 698/698/698 696/696/696 694/694/694
f 698/698/698 699/699/699 696/696/696
f 700/700/700 702/702/702 701/701/701
f 700/700/700 701/701/701 703/703/703
f 704/704/704 706/706/706 705/705/705
f 704/704/704 705/705/705 707/707/707
f 708/708/708 710/710/710 709/709/709
f 708/708/708 709/709/709 711/711/711
f 712/712/712 714/714/714 713/713/713
f 712/712/712 713/713/713 715/715/715
f 716/716/716 714/714/714 712/712/712
f 716/716/716 717/717/717 714/714/714
f 718/718/718 720/720/720 719/719/719
f 718/718/718 719/719/719 721/721/721
f 722/722/722 724/724/724 723/723/723
f 722/722/722 723/723/723 725/725/725
f 1098/1098/1098 1100/1100/1100 1099/1099/1099
f 1098/1098/1098 1099/1099/1099 1101/1101/1101
f 1102/1102/1102 1104/1104/1104 1103/1103/1103
f 1556/1556/1556 1558/1558/1558 1557/1557/1557
f 1556/1556/1556 1557/1557/1557 1559/1559/1559
f 1568/1568/1568 1570/1570/1570 1569/1569/1569
f 1568/1568/1568 1569/1569/1569 1571/1571/1571
f 1586/1586/1586 1588/1588/1588 1587/1587/1587
f 1586/1586/1586 1587/1587/1587 1589/1589/1589
f 2050/2050/2050 2052/2052/2052 2051/2051/2051
f 2050/2050/2050 2051/2051/2051 2053/2053/2053
f 2054/2054/2054 2056/2056/2056 2055/2055/2055
f 2054/2054/2054 2055/2055/2055 2057/2057/2057
f 2058/2058/2058 2060/2060/2060 2059/2059/2059
f 2058/2058/2058 2059/2059/2059 2061/2061/2061
f 2062/2062/2062 2064/2064/2064 2063/2063/2063
f 2062/2062/2062 2063/2063/2063 2065/2065/2065
f 2066/2066/2066 2068/2068/2068 2067/2067/2067
f 2066/2066/2066 2067/2067/2067 2069/2069/2069
f 2070/2070/2070 2072/2072/2072 2071/2071/2071
f 2070/2070/2070 2071/2071/2071 2073/2073/2073
f 2112/2112/2112 2114/2114/2114 2113/2113/2113
f 2112/2112/2112 2113/2113/2113 2115/2115/2115
f 2116/2116/2116 2118/2118/2118 2117/2117/2117
f 2116/2116/2116 2117/2117/2117 2119/2119/2119

g material_booox_1
usemtl booox_1
f 726/726/726 728/728/728 727/727/727
f 726/726/726 727/727/727 729/729/729
f 730/730/730 732/732/732 731/731/731
f 730/730/730 731/731/731 733/733/733
f 734/734/734 736/736/736 735/735/735
f 734/734/734 735/735/735 737/737/737
f 738/738/738 740/740/740 739/739/739
f 738/738/738 739/739/739 741/741/741
f 1076/1076/1076 1078/1078/1078 1077/1077/1077
f 1091/1091/1091 1093/1093/1093 1092/1092/1092
f 1417/1417/1417 1419/1419/1419 1418/1418/1418
f 1417/1417/1417 1418/1418/1418 1420/1420/1420
f 1421/1421/1421 1423/1423/1423 1422/1422/1422
f 1421/1421/1421 1422/1422/1422 1424/1424/1424
f 1425/1425/1425 1427/1427/1427 1426/1426/1426
f 1425/1425/1425 1426/1426/1426 1428/1428/1428
f 1429/1429/1429 1431/1431/1431 1430/1430/1430
f 1429/1429/1429 1430/1430/1430 1432/1432/1432
f 1433/1433/1433 1435/1435/1435 1434/1434/1434
f 1433/1433/1433 1434/1434/1434 1436/1436/1436
f 1437/1437/1437 1439/1439/1439 1438/1438/1438
f 1437/1437/1437 1438/1438/1438 1440/1440/1440
f 1441/1441/1441 1443/1443/1443 1442/1442/1442
f 1441/1441/1441 1442/1442/1442 1444/1444/1444
f 1445/1445/1445 1447/1447/1447 1446/1446/1446
f 1445/1445/1445 1446/1446/1446 1448/1448/1448
f 1449/1449/1449 1451/1451/1451 1450/1450/1450
f 1449/1449/1449 1450/1450/1450 1452/1452/1452
f 1453/1453/1453 1455/1455/1455 1454/1454/1454
f 1453/1453/1453 1454/1454/1454 1456/1456/1456
f 1457/1457/1457 1459/1459/1459 1458/1458/1458
f 1457/1457/1457 1458/1458/1458 1460/1460/1460
f 1461/1461/1461 1463/1463/1463 1462/1462/1462
f 1461/1461/1461 1462/1462/1462 1464/1464/1464
f 1465/1465/1465 1467/1467/1467 1466/1466/1466
f 1465/1465/1465 1466/1466/1466 1468/1468/1468
f 1469/1469/1469 1471/1471/1471 1470/1470/1470
f 1469/1469/1469 1470/1470/1470 1472/1472/1472
f 1473/1473/1473 1475/1475/1475 1474/1474/1474
f 1473/1473/1473 1474/1474/1474 1476/1476/1476
f 1477/1477/1477 1479/1479/1479 1478/1478/1478
f 1477/1477/1477 1478/1478/1478 1480/1480/1480
f 1481/1481/1481 1483/1483/1483 1482/1482/1482
f 1481/1481/1481 1482/1482/1482 1484/1484/1484
f 2422/2422/2422 2424/2424/2424 2423/2423/2423
f 2422/2422/2422 2423/2423/2423 2425/2425/2425
f 2426/2426/2426 2428/2428/2428 2427/2427/2427
f 2426/2426/2426 2427/2427/2427 2429/2429/2429
f 2438/2438/2438 2440/2440/2440 2439/2439/2439
f 2438/2438/2438 2439/2439/2439 2441/2441/2441
f 2442/2442/2442 2444/2444/2444 2443/2443/2443
f 2442/2442/2442 2443/2443/2443 2445/2445/2445
f 2454/2454/2454 2456/2456/2456 2455/2455/2455
f 2454/2454/2454 2455/2455/2455 2457/2457/2457
f 2458/2458/2458 2460/2460/2460 2459/2459/2459
f 2458/2458/2458 2459/2459/2459 2461/2461/2461
f 2470/2470/2470 2472/2472/2472 2471/2471/2471
f 2470/2470/2470 2471/2471/2471 2473/2473/2473
f 2474/2474/2474 2476/2476/2476 2475/2475/2475
f 2474/2474/2474 2475/2475/2475 2477/2477/2477
f 2486/2486/2486 2488/2488/2488 2487/2487/2487
f 2486/2486/2486 2487/2487/2487 2489/2489/2489
f 2490/2490/2490 2492/2492/2492 2491/2491/2491
f 2490/2490/2490 2491/2491/2491 2493/2493/2493
f 2518/2518/2518 2520/2520/2520 2519/2519/2519
f 2518/2518/2518 2519/2519/2519 2521/2521/2521
f 2522/2522/2522 2524/2524/2524 2523/2523/2523
f 2522/2522/2522 2523/2523/2523 2525/2525/2525
f 2534/2534/2534 2536/2536/2536 2535/2535/2535
f 2534/2534/2534 2535/2535/2535 2537/2537/2537
f 2538/2538/2538 2540/2540/2540 2539/2539/2539
f 2538/2538/2538 2539/2539/2539 2541/2541/2541
f 2626/2626/2626 2628/2628/2628 2627/2627/2627
f 2626/2626/2626 2627/2627/2627 2629/2629/2629
f 2638/2638/2638 2640/2640/2640 2639/2639/2639
f 2638/2638/2638 2639/2639/2639 2641/2641/2641
f 2650/2650/2650 2652/2652/2652 2651/2651/2651
f 2650/2650/2650 2651/2651/2651 2653/2653/2653
f 2654/2654/2654 2656/2656/2656 2655/2655/2655
f 2654/2654/2654 2655/2655/2655 2657/2657/2657
f 2658/2658/2658 2660/2660/2660 2659/2659/2659
f 2658/2658/2658 2659/2659/2659 2661/2661/2661
f 2662/2662/2662 2664/2664/2664 2663/2663/2663
f 2662/2662/2662 2663/2663/2663 2665/2665/2665

g material_booox_2
usemtl booox_2
f 742/742/742 744/744/744 743/743/743
f 742/742/742 743/743/743 745/745/745
f 746/746/746 748/748/748 747/747/747
f 746/746/746 747/747/747 749/749/749
f 750/750/750 752/752/752 751/751/751
f 750/750/750 751/751/751 753/753/753
f 754/754/754 756/756/756 755/755/755
f 754/754/754 755/755/755 757/757/757
f 758/758/758 760/760/760 759/759/759
f 758/758/758 759/759/759 761/761/761
f 762/762/762 764/764/764 763/763/763
f 765/765/765 767/767/767 766/766/766
f 768/768/768 770/770/770 769/769/769
f 768/768/768 769/769/769 771/771/771
f 772/772/772 774/774/774 773/773/773
f 772/772/772 773/773/773 775/775/775
f 776/776/776 778/778/778 777/777/777
f 776/776/776 777/777/777 779/779/779
f 780/780/780 782/782/782 781/781/781
f 780/780/780 781/781/781 783/783/783
f 784/784/784 786/786/786 785/785/785
f 784/784/784 785/785/785 787/787/787
f 788/788/788 790/790/790 789/789/789
f 788/788/788 789/789/789 791/791/791
f 792/792/792 794/794/794 793/793/793
f 792/792/792 793/793/793 795/795/795
f 796/796/796 798/798/798 797/797/797
f 799/799/799 801/801/801 800/800/800
f 802/802/802 804/804/804 803/803/803
f 802/802/802 803/803/803 805/805/805
f 806/806/806 808/808/808 807/807/807
f 806/806/806 807/807/807 809/809/809
f 810/810/810 812/812/812 811/811/811
f 810/810/810 811/811/811 813/813/813
f 814/814/814 816/816/816 815/815/815
f 814/814/814 815/815/815 817/817/817
f 818/818/818 820/820/820 819/819/819
f 818/818/818 819/819/819 821/821/821
f 822/822/822 824/824/824 823/823/823
f 822/822/822 823/823/823 825/825/825
f 826/826/826 828/828/828 827/827/827
f 826/826/826 827/827/827 829/829/829
f 830/830/830 832/832/832 831/831/831
f 833/833/833 835/835/835 834/834/834
f 836/836/836 838/838/838 837/837/837
f 836/836/836 837/837/837 839/839/839
f 840/840/840 842/842/842 841/841/841
f 840/840/840 841/841/841 843/843/843
f 844/844/844 846/846/846 845/845/845
f 844/844/844 845/845/845 847/847/847
f 848/848/848 850/850/850 849/849/849
f 848/848/848 849/849/849 851/851/851
f 852/852/852 854/854/854 853/853/853
f 852/852/852 853/853/853 855/855/855
f 856/856/856 858/858/858 857/857/857
f 856/856/856 857/857/857 859/859/859
f 860/860/860 862/862/862 861/861/861
f 860/860/860 861/861/861 863/863/863
f 864/864/864 866/866/866 865/865/865
f 864/864/864 865/865/865 867/867/867
f 868/868/868 870/870/870 869/869/869
f 868/868/868 869/869/869 871/871/871
f 872/872/872 874/874/874 873/873/873
f 872/872/872 873/873/873 875/875/875
f 876/876/876 878/878/878 877/877/877
f 876/876/876 877/877/877 879/879/879
f 1413/1413/1413 1415/1415/1415 1414/1414/1414
f 1413/1413/1413 1414/1414/1414 1416/1416/1416
f 2418/2418/2418 2420/2420/2420 2419/2419/2419
f 2418/2418/2418 2419/2419/2419 2421/2421/2421
f 2430/2430/2430 2432/2432/2432 2431/2431/2431
f 2430/2430/2430 2431/2431/2431 2433/2433/2433
f 2434/2434/2434 2436/2436/2436 2435/2435/2435
f 2434/2434/2434 2435/2435/2435 2437/2437/2437
f 2446/2446/2446 2448/2448/2448 2447/2447/2447
f 2446/2446/2446 2447/2447/2447 2449/2449/2449
f 2450/2450/2450 2452/2452/2452 2451/2451/2451
f 2450/2450/2450 2451/2451/2451 2453/2453/2453
f 2462/2462/2462 2464/2464/2464 2463/2463/2463
f 2462/2462/2462 2463/2463/2463 2465/2465/2465
f 2466/2466/2466 2468/2468/2468 2467/2467/2467
f 2466/2466/2466 2467/2467/2467 2469/2469/2469
f 2478/2478/2478 2480/2480/2480 2479/2479/2479
f 2478/2478/2478 2479/2479/2479 2481/2481/2481
f 2482/2482/2482 2484/2484/2484 2483/2483/2483
f 2482/2482/2482 2483/2483/2483 2485/2485/2485
f 2494/2494/2494 2496/2496/2496 2495/2495/2495
f 2494/2494/2494 2495/2495/2495 2497/2497/2497
f 2498/2498/2498 2500/2500/2500 2499/2499/2499
f 2498/2498/2498 2499/2499/2499 2501/2501/2501
f 2502/2502/2502 2504/2504/2504 2503/2503/2503
f 2502/2502/2502 2503/2503/2503 2505/2505/2505
f 2506/2506/2506 2508/2508/2508 2507/2507/2507
f 2506/2506/2506 2507/2507/2507 2509/2509/2509
f 2510/2510/2510 2512/2512/2512 2511/2511/2511
f 2510/2510/2510 2511/2511/2511 2513/2513/2513
f 2514/2514/2514 2516/2516/2516 2515/2515/2515
f 2514/2514/2514 2515/2515/2515 2517/2517/2517
f 2526/2526/2526 2528/2528/2528 2527/2527/2527
f 2526/2526/2526 2527/2527/2527 2529/2529/2529
f 2530/2530/2530 2532/2532/2532 2531/2531/2531
f 2530/2530/2530 2531/2531/2531 2533/2533/2533
f 2630/2630/2630 2632/2632/2632 2631/2631/2631
f 2630/2630/2630 2631/2631/2631 2633/2633/2633
f 2634/2634/2634 2636/2636/2636 2635/2635/2635
f 2634/2634/2634 2635/2635/2635 2637/2637/2637
f 2642/2642/2642 2644/2644/2644 2643/2643/2643
f 2642/2642/2642 2643/2643/2643 2645/2645/2645
f 2646/2646/2646 2648/2648/2648 2647/2647/2647
f 2646/2646/2646 2647/2647/2647 2649/2649/2649

g material_booox_10
usemtl booox_10
f 960/960/960 962/962/962 961/961/961
f 960/960/960 961/961/961 963/963/963
f 964/964/964 966/966/966 965/965/965
f 964/964/964 965/965/965 967/967/967
f 968/968/968 970/970/970 969/969/969
f 968/968/968 969/969/969 971/971/971
f 972/972/972 974/974/974 973/973/973
f 972/972/972 973/973/973 975/975/975
f 976/976/976 978/978/978 977/977/977
f 976/976/976 977/977/977 979/979/979
f 980/980/980 982/982/982 981/981/981
f 980/980/980 981/981/981 983/983/983
f 984/984/984 986/986/986 985/985/985
f 984/984/984 985/985/985 987/987/987
f 988/988/988 990/990/990 989/989/989
f 988/988/988 989/989/989 991/991/991
f 992/992/992 994/994/994 993/993/993
f 992/992/992 993/993/993 995/995/995
f 996/996/996 998/998/998 997/997/997
f 996/996/996 997/997/997 999/999/999
f 1000/1000/1000 1002/1002/1002 1001/1001/1001
f 1000/1000/1000 1001/1001/1001 1003/1003/1003
f 1004/1004/1004 1006/1006/1006 1005/1005/1005
f 1004/1004/1004 1005/1005/1005 1007/1007/1007
f 1008/1008/1008 1010/1010/1010 1009/1009/1009
f 1008/1008/1008 1009/1009/1009 1011/1011/1011
f 1012/1012/1012 1014/1014/1014 1013/1013/1013
f 1012/1012/1012 1013/1013/1013 1015/1015/1015
f 1016/1016/1016 1018/1018/1018 1017/1017/1017
f 1016/1016/1016 1017/1017/1017 1019/1019/1019
f 1020/1020/1020 1022/1022/1022 1021/1021/1021
f 1020/1020/1020 1021/1021/1021 1023/1023/1023
f 1024/1024/1024 1026/1026/1026 1025/1025/1025
f 1024/1024/1024 1025/1025/1025 1027/1027/1027
f 1028/1028/1028 1030/1030/1030 1029/1029/1029
f 1028/1028/1028 1029/1029/1029 1031/1031/1031
f 1032/1032/1032 1034/1034/1034 1033/1033/1033
f 1032/1032/1032 1033/1033/1033 1035/1035/1035
f 1036/1036/1036 1038/1038/1038 1037/1037/1037
f 1036/1036/1036 1037/1037/1037 1039/1039/1039
f 1056/1056/1056 1058/1058/1058 1057/1057/1057
f 1056/1056/1056 1057/1057/1057 1059/1059/1059
f 1060/1060/1060 1062/1062/1062 1061/1061/1061
f 1060/1060/1060 1061/1061/1061 1063/1063/1063
f 1064/1064/1064 1066/1066/1066 1065/1065/1065
f 1064/1064/1064 1065/1065/1065 1067/1067/1067
f 1068/1068/1068 1070/1070/1070 1069/1069/1069
f 1068/1068/1068 1069/1069/1069 1071/1071/1071

g material_booox_17
usemtl booox_17
f 1040/1040/1040 1042/1042/1042 1041/1041/1041
f 1040/1040/1040 1041/1041/1041 1043/1043/1043
f 1044/1044/1044 1046/1046/1046 1045/1045/1045
f 1044/1044/1044 1045/1045/1045 1047/1047/1047
f 1048/1048/1048 1050/1050/1050 1049/1049/1049
f 1048/1048/1048 1049/1049/1049 1051/1051/1051
f 1052/1052/1052 1054/1054/1054 1053/1053/1053
f 1052/1052/1052 1053/1053/1053 1055/1055/1055
f 2100/2100/2100 2102/2102/2102 2101/2101/2101
f 2100/2100/2100 2101/2101/2101 2103/2103/2103
f 2104/2104/2104 2106/2106/2106 2105/2105/2105
f 2104/2104/2104 2105/2105/2105 2107/2107/2107
f 2108/2108/2108 2110/2110/2110 2109/2109/2109
f 2108/2108/2108 2109/2109/2109 2111/2111/2111

g material_booox_5
usemtl booox_5
f 1072/1072/1072 1074/1074/1074 1073/1073/1073
f 1072/1072/1072 1073/1073/1073 1075/1075/1075
f 1079/1079/1079 1081/1081/1081 1080/1080/1080
f 1079/1079/1079 1080/1080/1080 1082/1082/1082
f 1083/1083/1083 1085/1085/1085 1084/1084/1084
f 1083/1083/1083 1084/1084/1084 1086/1086/1086
f 1087/1087/1087 1089/1089/1089 1088/1088/1088
f 1087/1087/1087 1088/1088/1088 1090/1090/1090

g material_booox_11
usemtl booox_11
f 1094/1094/1094 1096/1096/1096 1095/1095/1095
f 1094/1094/1094 1095/1095/1095 1097/1097/1097
f 1105/1105/1105 1107/1107/1107 1106/1106/1106
f 1105/1105/1105 1106/1106/1106 1108/1108/1108
f 1109/1109/1109 1111/1111/1111 1110/1110/1110
f 1109/1109/1109 1110/1110/1110 1112/1112/1112
f 1113/1113/1113 1115/1115/1115 1114/1114/1114
f 1116/1116/1116 1118/1118/1118 1117/1117/1117
f 1119/1119/1119 1121/1121/1121 1120/1120/1120
f 1119/1119/1119 1120/1120/1120 1122/1122/1122
f 1123/1123/1123 1125/1125/1125 1124/1124/1124
f 1123/1123/1123 1124/1124/1124 1126/1126/1126
f 1127/1127/1127 1129/1129/1129 1128/1128/1128
f 1130/1130/1130 1132/1132/1132 1131/1131/1131
f 1133/1133/1133 1135/1135/1135 1134/1134/1134
f 1133/1133/1133 1134/1134/1134 1136/1136/1136
f 1137/1137/1137 1139/1139/1139 1138/1138/1138
f 1137/1137/1137 1138/1138/1138 1140/1140/1140
f 1141/1141/1141 1143/1143/1143 1142/1142/1142
f 1144/1144/1144 1146/1146/1146 1145/1145/1145
f 1147/1147/1147 1149/1149/1149 1148/1148/1148
f 1147/1147/1147 1148/1148/1148 1150/1150/1150
f 1151/1151/1151 1153/1153/1153 1152/1152/1152
f 1151/1151/1151 1152/1152/1152 1154/1154/1154
f 1155/1155/1155 1157/1157/1157 1156/1156/1156
f 1158/1158/1158 1160/1160/1160 1159/1159/1159
f 1161/1161/1161 1163/1163/1163 1162/1162/1162
f 1161/1161/1161 1162/1162/1162 1164/1164/1164
f 1165/1165/1165 1167/1167/1167 1166/1166/1166
f 1165/1165/1165 1166/1166/1166 1168/1168/1168
f 1169/1169/1169 1171/1171/1171 1170/1170/1170
f 1172/1172/1172 1174/1174/1174 1173/1173/1173
f 1175/1175/1175 1177/1177/1177 1176/1176/1176
f 1175/1175/1175 1176/1176/1176 1178/1178/1178
f 1179/1179/1179 1181/1181/1181 1180/1180/1180
f 1179/1179/1179 1180/1180/1180 1182/1182/1182
f 1183/1183/1183 1185/1185/1185 1184/1184/1184
f 1186/1186/1186 1188/1188/1188 1187/1187/1187
f 1189/1189/1189 1191/1191/1191 1190/1190/1190
f 1189/1189/1189 1190/1190/1190 1192/1192/1192
f 1193/1193/1193 1195/1195/1195 1194/1194/1194
f 1193/1193/1193 1194/1194/1194 1196/1196/1196
f 1197/1197/1197 1199/1199/1199 1198/1198/1198
f 1200/1200/1200 1202/1202/1202 1201/1201/1201
f 1203/1203/1203 1205/1205/1205 1204/1204/1204
f 1203/1203/1203 1204/1204/1204 1206/1206/1206
f 1207/1207/1207 1209/1209/1209 1208/1208/1208
f 1207/1207/1207 1208/1208/1208 1210/1210/1210
f 1211/1211/1211 1213/1213/1213 1212/1212/1212
f 1214/1214/1214 1216/1216/1216 1215/1215/1215
f 1217/1217/1217 1219/1219/1219 1218/1218/1218
f 1217/1217/1217 1218/1218/1218 1220/1220/1220
f 1221/1221/1221 1223/1223/1223 1222/1222/1222
f 1221/1221/1221 1222/1222/1222 1224/1224/1224
f 1225/1225/1225 1227/1227/1227 1226/1226/1226
f 1228/1228/1228 1230/1230/1230 1229/1229/1229
f 1231/1231/1231 1233/1233/1233 1232/1232/1232
f 1231/1231/1231 1232/1232/1232 1234/1234/1234
f 1235/1235/1235 1237/1237/1237 1236/1236/1236
f 1235/1235/1235 1236/1236/1236 1238/1238/1238
f 1239/1239/1239 1241/1241/1241 1240/1240/1240
f 1242/1242/1242 1244/1244/1244 1243/1243/1243
f 1245/1245/1245 1247/1247/1247 1246/1246/1246
f 1245/1245/1245 1246/1246/1246 1248/1248/1248
f 1249/1249/1249 1251/1251/1251 1250/1250/1250
f 1249/1249/1249 1250/1250/1250 1252/1252/1252
f 1253/1253/1253 1255/1255/1255 1254/1254/1254
f 1256/1256/1256 1258/1258/1258 1257/1257/1257
f 1259/1259/1259 1261/1261/1261 1260/1260/1260
f 1259/1259/1259 1260/1260/1260 1262/1262/1262
f 1263/1263/1263 1265/1265/1265 1264/1264/1264
f 1263/1263/1263 1264/1264/1264 1266/1266/1266
f 1267/1267/1267 1269/1269/1269 1268/1268/1268
f 1270/1270/1270 1272/1272/1272 1271/1271/1271
f 1273/1273/1273 1275/1275/1275 1274/1274/1274
f 1273/1273/1273 1274/1274/1274 1276/1276/1276
f 1277/1277/1277 1279/1279/1279 1278/1278/1278
f 1277/1277/1277 1278/1278/1278 1280/1280/1280
f 1281/1281/1281 1283/1283/1283 1282/1282/1282
f 1284/1284/1284 1286/1286/1286 1285/1285/1285
f 1287/1287/1287 1289/1289/1289 1288/1288/1288
f 1287/1287/1287 1288/1288/1288 1290/1290/1290
f 1291/1291/1291 1293/1293/1293 1292/1292/1292
f 1291/1291/1291 1292/1292/1292 1294/1294/1294
f 1295/1295/1295 1297/1297/1297 1296/1296/1296
f 1298/1298/1298 1300/1300/1300 1299/1299/1299
f 1301/1301/1301 1303/1303/1303 1302/1302/1302
f 1301/1301/1301 1302/1302/1302 1304/1304/1304
f 1305/1305/1305 1307/1307/1307 1306/1306/1306
f 1305/1305/1305 1306/1306/1306 1308/1308/1308
f 1309/1309/1309 1311/1311/1311 1310/1310/1310
f 1312/1312/1312 1314/1314/1314 1313/1313/1313
f 1315/1315/1315 1317/1317/1317 1316/1316/1316
f 1315/1315/1315 1316/1316/1316 1318/1318/1318
f 1319/1319/1319 1321/1321/1321 1320/1320/1320
f 1319/1319/1319 1320/1320/1320 1322/1322/1322
f 1323/1323/1323 1325/1325/1325 1324/1324/1324
f 1326/1326/1326 1328/1328/1328 1327/1327/1327
f 1329/1329/1329 1331/1331/1331 1330/1330/1330
f 1329/1329/1329 1330/1330/1330 1332/1332/1332
f 1333/1333/1333 1335/1335/1335 1334/1334/1334
f 1333/1333/1333 1334/1334/1334 1336/1336/1336
f 1337/1337/1337 1339/1339/1339 1338/1338/1338
f 1340/1340/1340 1342/1342/1342 1341/1341/1341
f 1343/1343/1343 1345/1345/1345 1344/1344/1344
f 1343/1343/1343 1344/1344/1344 1346/1346/1346
f 1347/1347/1347 1349/1349/1349 1348/1348/1348
f 1347/1347/1347 1348/1348/1348 1350/1350/1350
f 1351/1351/1351 1353/1353/1353 1352/1352/1352
f 1354/1354/1354 1356/1356/1356 1355/1355/1355
f 1357/1357/1357 1359/1359/1359 1358/1358/1358
f 1357/1357/1357 1358/1358/1358 1360/1360/1360
f 1361/1361/1361 1363/1363/1363 1362/1362/1362
f 1361/1361/1361 1362/1362/1362 1364/1364/1364
f 1365/1365/1365 1367/1367/1367 1366/1366/1366
f 1368/1368/1368 1370/1370/1370 1369/1369/1369
f 1371/1371/1371 1373/1373/1373 1372/1372/1372
f 1371/1371/1371 1372/1372/1372 1374/1374/1374
f 1375/1375/1375 1377/1377/1377 1376/1376/1376
f 1375/1375/1375 1376/1376/1376 1378/1378/1378
f 1379/1379/1379 1381/1381/1381 1380/1380/1380
f 1382/1382/1382 1384/1384/1384 1383/1383/1383
f 1385/1385/1385 1387/1387/1387 1386/1386/1386
f 1385/1385/1385 1386/1386/1386 1388/1388/1388
f 1389/1389/1389 1391/1391/1391 1390/1390/1390
f 1389/1389/1389 1390/1390/1390 1392/1392/1392
f 1393/1393/1393 1395/1395/1395 1394/1394/1394
f 1396/1396/1396 1398/1398/1398 1397/1397/1397
f 1399/1399/1399 1401/1401/1401 1400/1400/1400
f 1399/1399/1399 1400/1400/1400 1402/1402/1402
f 1403/1403/1403 1405/1405/1405 1404/1404/1404
f 1403/1403/1403 1404/1404/1404 1406/1406/1406
f 1407/1407/1407 1409/1409/1409 1408/1408/1408
f 1410/1410/1410 1412/1412/1412 1411/1411/1411
f 1549/1549/1549 1551/1551/1551 1550/1550/1550
f 1549/1549/1549 1550/1550/1550 1552/1552/1552
f 1553/1553/1553 1555/1555/1555 1554/1554/1554
f 1564/1564/1564 1566/1566/1566 1565/1565/1565
f 1564/1564/1564 1565/1565/1565 1567/1567/1567
f 1579/1579/1579 1581/1581/1581 1580/1580/1580
f 1579/1579/1579 1580/1580/1580 1582/1582/1582
f 1583/1583/1583 1585/1585/1585 1584/1584/1584

g material_booox_13
usemtl booox_13
f 2074/2074/2074 2076/2076/2076 2075/2075/2075
f 2074/2074/2074 2075/2075/2075 2077/2077/2077
f 2076/2076/2076 2078/2078/2078 2075/2075/2075
f 2076/2076/2076 2079/2079/2079 2078/2078/2078
f 2080/2080/2080 2074/2074/2074 2077/2077/2077
f 2080/2080/2080 2077/2077/2077 2081/2081/2081
f 2082/2082/2082 2080/2080/2080 2081/2081/2081
f 2082/2082/2082 2081/2081/2081 2083/2083/2083
f 2084/2084/2084 2086/2086/2086 2085/2085/2085
f 2084/2084/2084 2085/2085/2085 2087/2087/2087
f 2088/2088/2088 2084/2084/2084 2087/2087/2087
f 2088/2088/2088 2087/2087/2087 2089/2089/2089
f 2090/2090/2090 2092/2092/2092 2091/2091/2091
f 2090/2090/2090 2091/2091/2091 2093/2093/2093
f 2094/2094/2094 2090/2090/2090 2093/2093/2093
f 2094/2094/2094 2093/2093/2093 2095/2095/2095

g material_booox_4
usemtl booox_4
f 2542/2542/2542 2544/2544/2544 2543/2543/2543
f 2542/2542/2542 2543/2543/2543 2545/2545/2545
f 2546/2546/2546 2548/2548/2548 2547/2547/2547
f 2546/2546/2546 2547/2547/2547 2549/2549/2549
f 2550/2550/2550 2552/2552/2552 2551/2551/2551
f 2550/2550/2550 2551/2551/2551 2553/2553/2553
f 2554/2554/2554 2556/2556/2556 2555/2555/2555
f 2554/2554/2554 2555/2555/2555 2557/2557/2557
f 2558/2558/2558 2560/2560/2560 2559/2559/2559
f 2558/2558/2558 2559/2559/2559 2561/2561/2561
f 2562/2562/2562 2564/2564/2564 2563/2563/2563
f 2562/2562/2562 2563/2563/2563 2565/2565/2565
f 2566/2566/2566 2568/2568/2568 2567/2567/2567
f 2566/2566/2566 2567/2567/2567 2569/2569/2569
f 2570/2570/2570 2572/2572/2572 2571/2571/2571
f 2570/2570/2570 2571/2571/2571 2573/2573/2573
f 2574/2574/2574 2576/2576/2576 2575/2575/2575
f 2574/2574/2574 2575/2575/2575 2577/2577/2577
f 2578/2578/2578 2580/2580/2580 2579/2579/2579
f 2578/2578/2578 2579/2579/2579 2581/2581/2581
f 2582/2582/2582 2584/2584/2584 2583/2583/2583
f 2582/2582/2582 2583/2583/2583 2585/2585/2585
f 2586/2586/2586 2588/2588/2588 2587/2587/2587
f 2586/2586/2586 2587/2587/2587 2589/2589/2589
f 2590/2590/2590 2592/2592/2592 2591/2591/2591
f 2590/2590/2590 2591/2591/2591 2593/2593/2593
f 2594/2594/2594 2596/2596/2596 2595/2595/2595
f 2594/2594/2594 2595/2595/2595 2597/2597/2597
f 2598/2598/2598 2600/2600/2600 2599/2599/2599
f 2598/2598/2598 2599/2599/2599 2601/2601/2601
f 2602/2602/2602 2604/2604/2604 2603/2603/2603
f 2602/2602/2602 2603/2603/2603 2605/2605/2605
f 2606/2606/2606 2608/2608/2608 2607/2607/2607
f 2606/2606/2606 2607/2607/2607 2609/2609/2609
f 2610/2610/2610 2612/2612/2612 2611/2611/2611
f 2610/2610/2610 2611/2611/2611 2613/2613/2613
f 2614/2614/2614 2616/2616/2616 2615/2615/2615
f 2614/2614/2614 2615/2615/2615 2617/2617/2617
f 2618/2618/2618 2620/2620/2620 2619/2619/2619
f 2618/2618/2618 2619/2619/2619 2621/2621/2621
f 2622/2622/2622 2624/2624/2624 2623/2623/2623
f 2622/2622/2622 2623/2623/2623 2625/2625/2625
f 2682/2682/2682 2683/2683/2683 2670/2670/2670
f 2682/2682/2682 2670/2670/2670 2673/2673/2673
f 2684/2684/2684 2685/2685/2685 2674/2674/2674
f 2684/2684/2684 2674/2674/2674 2677/2677/2677
f 2686/2686/2686 2687/2687/2687 2678/2678/2678
f 2686/2686/2686 2678/2678/2678 2681/2681/2681
f 2708/2708/2708 2709/2709/2709 2692/2692/2692
f 2708/2708/2708 2692/2692/2692 2695/2695/2695
f 2710/2710/2710 2711/2711/2711 2696/2696/2696
f 2710/2710/2710 2696/2696/2696 2699/2699/2699
f 2712/2712/2712 2713/2713/2713 2700/2700/2700
f 2712/2712/2712 2700/2700/2700 2703/2703/2703
f 2714/2714/2714 2715/2715/2715 2704/2704/2704
f 2714/2714/2714 2704/2704/2704 2707/2707/2707
f 2720/2720/2720 2722/2722/2722 2721/2721/2721
f 2720/2720/2720 2721/2721/2721 2723/2723/2723
f 2724/2724/2724 2726/2726/2726 2725/2725/2725
f 2724/2724/2724 2725/2725/2725 2727/2727/2727
f 2728/2728/2728 2730/2730/2730 2729/2729/2729
f 2728/2728/2728 2729/2729/2729 2731/2731/2731
f 2732/2732/2732 2734/2734/2734 2733/2733/2733
f 2732/2732/2732 2733/2733/2733 2735/2735/2735
f 2752/2752/2752 2753/2753/2753 2740/2740/2740
f 2752/2752/2752 2740/2740/2740 2743/2743/2743
f 2754/2754/2754 2755/2755/2755 2744/2744/2744
f 2754/2754/2754 2744/2744/2744 2747/2747/2747
f 2756/2756/2756 2757/2757/2757 2748/2748/2748
f 2756/2756/2756 2748/2748/2748 2751/2751/2751
f 2774/2774/2774 2775/2775/2775 2762/2762/2762
f 2774/2774/2774 2762/2762/2762 2765/2765/2765
f 2776/2776/2776 2777/2777/2777 2766/2766/2766
f 2776/2776/2776 2766/2766/2766 2769/2769/2769
f 2778/2778/2778 2779/2779/2779 2770/2770/2770
f 2778/2778/2778 2770/2770/2770 2773/2773/2773
f 2784/2784/2784 2786/2786/2786 2785/2785/2785
f 2784/2784/2784 2785/2785/2785 2787/2787/2787
f 2788/2788/2788 2790/2790/2790 2789/2789/2789
f 2788/2788/2788 2789/2789/2789 2791/2791/2791
f 2792/2792/2792 2794/2794/2794 2793/2793/2793
f 2792/2792/2792 2793/2793/2793 2795/2795/2795
f 2796/2796/2796 2798/2798/2798 2797/2797/2797
f 2796/2796/2796 2797/2797/2797 2799/2799/2799
f 2820/2820/2820 2821/2821/2821 2804/2804/2804
f 2820/2820/2820 2804/2804/2804 2807/2807/2807
f 2822/2822/2822 2823/2823/2823 2808/2808/2808
f 2822/2822/2822 2808/2808/2808 2811/2811/2811
f 2824/2824/2824 2825/2825/2825 2812/2812/2812
f 2824/2824/2824 2812/2812/2812 2815/2815/2815
f 2826/2826/2826 2827/2827/2827 2816/2816/2816
f 2826/2826/2826 2816/2816/2816 2819/2819/2819
f 2844/2844/2844 2845/2845/2845 2832/2832/2832
f 2844/2844/2844 2832/2832/2832 2835/2835/2835
f 2846/2846/2846 2847/2847/2847 2836/2836/2836
f 2846/2846/2846 2836/2836/2836 2839/2839/2839
f 2848/2848/2848 2849/2849/2849 2840/2840/2840
f 2848/2848/2848 2840/2840/2840 2843/2843/2843
f 2870/2870/2870 2871/2871/2871 2854/2854/2854
f 2870/2870/2870 2854/2854/2854 2857/2857/2857
f 2872/2872/2872 2873/2873/2873 2858/2858/2858
f 2872/2872/2872 2858/2858/2858 2861/2861/2861
f 2874/2874/2874 2875/2875/2875 2862/2862/2862
f 2874/2874/2874 2862/2862/2862 2865/2865/2865
f 2876/2876/2876 2877/2877/2877 2866/2866/2866
f 2876/2876/2876 2866/2866/2866 2869/2869/2869
f 2898/2898/2898 2899/2899/2899 2882/2882/2882
f 2898/2898/2898 2882/2882/2882 2885/2885/2885
f 2900/2900/2900 2901/2901/2901 2886/2886/2886
f 2900/2900/2900 2886/2886/2886 2889/2889/2889
f 2902/2902/2902 2903/2903/2903 2890/2890/2890
f 2902/2902/2902 2890/2890/2890 2893/2893/2893
f 2904/2904/2904 2905/2905/2905 2894/2894/2894
f 2904/2904/2904 2894/2894/2894 2897/2897/2897
f 2926/2926/2926 2927/2927/2927 2910/2910/2910
f 2926/2926/2926 2910/2910/2910 2913/2913/2913
f 2928/2928/2928 2929/2929/2929 2914/2914/2914
f 2928/2928/2928 2914/2914/2914 2917/2917/2917
f 2930/2930/2930 2931/2931/2931 2918/2918/2918
f 2930/2930/2930 2918/2918/2918 2921/2921/2921
f 2932/2932/2932 2933/2933/2933 2922/2922/2922
f 2932/2932/2932 2922/2922/2922 2925/2925/2925
f 2950/2950/2950 2951/2951/2951 2938/2938/2938
f 2950/2950/2950 2938/2938/2938 2941/2941/2941
f 2952/2952/2952 2953/2953/2953 2942/2942/2942
f 2952/2952/2952 2942/2942/2942 2945/2945/2945
f 2954/2954/2954 2955/2955/2955 2946/2946/2946
f 2954/2954/2954 2946/2946/2946 2949/2949/2949
f 2960/2960/2960 2962/2962/2962 2961/2961/2961
f 2960/2960/2960 2961/2961/2961 2963/2963/2963
f 2964/2964/2964 2966/2966/2966 2965/2965/2965
f 2964/2964/2964 2965/2965/2965 2967/2967/2967
f 2968/2968/2968 2970/2970/2970 2969/2969/2969
f 2968/2968/2968 2969/2969/2969 2971/2971/2971
f 2972/2972/2972 2974/2974/2974 2973/2973/2973
f 2972/2972/2972 2973/2973/2973 2975/2975/2975
f 3030/3030/3030 3031/3031/3031 3014/3014/3014
f 3030/3030/3030 3014/3014/3014 3017/3017/3017
f 3032/3032/3032 3033/3033/3033 3018/3018/3018
f 3032/3032/3032 3018/3018/3018 3021/3021/3021
f 3034/3034/3034 3035/3035/3035 3022/3022/3022
f 3034/3034/3034 3022/3022/3022 3025/3025/3025
f 3036/3036/3036 3037/3037/3037 3026/3026/3026
f 3036/3036/3036 3026/3026/3026 3029/3029/3029
f 3058/3058/3058 3059/3059/3059 3042/3042/3042
f 3058/3058/3058 3042/3042/3042 3045/3045/3045
f 3060/3060/3060 3061/3061/3061 3046/3046/3046
f 3060/3060/3060 3046/3046/3046 3049/3049/3049
f 3062/3062/3062 3063/3063/3063 3050/3050/3050
f 3062/3062/3062 3050/3050/3050 3053/3053/3053
f 3064/3064/3064 3065/3065/3065 3054/3054/3054
f 3064/3064/3064 3054/3054/3054 3057/3057/3057
f 3086/3086/3086 3087/3087/3087 3070/3070/3070
f 3086/3086/3086 3070/3070/3070 3073/3073/3073
f 3088/3088/3088 3089/3089/3089 3074/3074/3074
f 3088/3088/3088 3074/3074/3074 3077/3077/3077
f 3090/3090/3090 3091/3091/3091 3078/3078/3078
f 3090/3090/3090 3078/3078/3078 3081/3081/3081
f 3092/3092/3092 3093/3093/3093 3082/3082/3082
f 3092/3092/3092 3082/3082/3082 3085/3085/3085
f 3098/3098/3098 3100/3100/3100 3099/3099/3099
f 3098/3098/3098 3099/3099/3099 3101/3101/3101
f 3102/3102/3102 3104/3104/3104 3103/3103/3103
f 3102/3102/3102 3103/3103/3103 3105/3105/3105
f 3106/3106/3106 3108/3108/3108 3107/3107/3107
f 3106/3106/3106 3107/3107/3107 3109/3109/3109
f 3110/3110/3110 3112/3112/3112 3111/3111/3111
f 3110/3110/3110 3111/3111/3111 3113/3113/3113
f 3118/3118/3118 3120/3120/3120 3119/3119/3119
f 3118/3118/3118 3119/3119/3119 3121/3121/3121
f 3122/3122/3122 3124/3124/3124 3123/3123/3123
f 3122/3122/3122 3123/3123/3123 3125/3125/3125
f 3126/3126/3126 3128/3128/3128 3127/3127/3127
f 3126/3126/3126 3127/3127/3127 3129/3129/3129
f 3130/3130/3130 3132/3132/3132 3131/3131/3131
f 3130/3130/3130 3131/3131/3131 3133/3133/3133
f 3154/3154/3154 3155/3155/3155 3138/3138/3138
f 3154/3154/3154 3138/3138/3138 3141/3141/3141
f 3156/3156/3156 3157/3157/3157 3142/3142/3142
f 3156/3156/3156 3142/3142/3142 3145/3145/3145
f 3158/3158/3158 3159/3159/3159 3146/3146/3146
f 3158/3158/3158 3146/3146/3146 3149/3149/3149
f 3160/3160/3160 3161/3161/3161 3150/3150/3150
f 3160/3160/3160 3150/3150/3150 3153/3153/3153
f 3202/3202/3202 3203/3203/3203 3186/3186/3186
f 3202/3202/3202 3186/3186/3186 3189/3189/3189
f 3204/3204/3204 3205/3205/3205 3190/3190/3190
f 3204/3204/3204 3190/3190/3190 3193/3193/3193
f 3206/3206/3206 3207/3207/3207 3194/3194/3194
f 3206/3206/3206 3194/3194/3194 3197/3197/3197
f 3208/3208/3208 3209/3209/3209 3198/3198/3198
f 3208/3208/3208 3198/3198/3198 3201/3201/3201
