# Generated by tools/yaml_mesh_converter/split_reload_parts.py
mtllib gun15.mtl
o gun15_body
v 0.0569625534 0.297947943 0.0572366714
vt 0.275299996 0.973699987
vn 0.996169547 0.0284237504 0.0826941598
v 0.0476958938 0.244800985 0.12401104
vt 0.233700007 0.935800016
vn 0.993866189 -0.0482916086 0.0994882877
v 0.065139018 0.244800985 -0.0760394782
vt 0.355599999 0.935299993
vn 0.996310336 -0.0387520484 0.0765767147
v 0.0569625534 0.297947943 0.0572366714
vt 0.275299996 0.973699987
vn 0.996169547 0.0284237504 0.0826941598
v 0.065139018 0.244800985 -0.0760394782
vt 0.355599999 0.935299993
vn 0.996310336 -0.0387520484 0.0765767147
v 0.065139018 0.297947943 -0.0760394782
vt 0.355800003 0.97329998
vn 0.994789125 0.08166959 0.0610301099
v 0.0569625534 0.297947943 0.0572366714
vt 0.275299996 0.973699987
vn 0.996169547 0.0284237504 0.0826941598
v 0.065139018 0.297947943 -0.0760394782
vt 0.355800003 0.97329998
vn 0.994789125 0.08166959 0.0610301099
v 0.0588704087 0.314028203 -0.0665001571
vt 0.351599991 0.985400021
vn 0.942226902 0.330018072 0.0574154772
v 0.0569625534 0.297947943 0.0572366714
vt 0.275299996 0.973699987
vn 0.996169547 0.0284237504 0.0826941598
v 0.0588704087 0.314028203 -0.0665001571
vt 0.351599991 0.985400021
vn 0.942226902 0.330018072 0.0574154772
v 0.0517841354 0.314028203 0.0506955683
vt 0.279199988 0.985800028
vn 0.943308257 0.326980529 0.0570374054
v 0.0569625534 0.297947943 0.0572366714
vt 0.275299996 0.973699987
vn 0.996169547 0.0284237504 0.0826941598
v 0.0476958938 0.297947943 0.12401104
vt 0.233799994 0.973800004
vn 0.990507544 -3.02607619e-17 0.137458377
v 0.0476958938 0.244800985 0.12401104
vt 0.233700007 0.935800016
vn 0.993866189 -0.0482916086 0.0994882877
v -0.0392470174 0.244800985 0.12401104
vt 0.233700007 0.935800016
vn -0.993904069 -0.0495689371 0.098476507
v -0.0392470174 0.297947943 0.12401104
vt 0.233799994 0.973800004
vn -0.990507597 -3.5893172e-17 0.137457997
v -0.0485136509 0.297947943 0.0572366714
vt 0.275299996 0.973699987
vn -0.996282981 0.0277101473 0.0815620608
v -0.0485136509 0.297947943 0.0572366714
vt 0.275299996 0.973699987
vn -0.996282981 0.0277101473 0.0815620608
v -0.0564175285 0.244800985 -0.076039508
vt 0.355599999 0.935299993
vn -0.996393316 -0.0397788466 0.0749533457
v -0.0392470174 0.244800985 0.12401104
vt 0.233700007 0.935800016
vn -0.993904069 -0.0495689371 0.098476507
v -0.0485136509 0.297947943 0.0572366714
vt 0.275299996 0.973699987
vn -0.996282981 0.0277101473 0.0815620608
v -0.0564175285 0.297947943 -0.076039508
vt 0.355800003 0.97329998
vn -0.995199682 0.0780657003 0.059019823
v -0.0564175285 0.244800985 -0.076039508
vt 0.355599999 0.935299993
vn -0.996393316 -0.0397788466 0.0749533457
v -0.0485136509 0.297947943 0.0572366714
vt 0.275299996 0.973699987
vn -0.996282981 0.0277101473 0.0815620608
v -0.0504214652 0.314028203 -0.0665001869
vt 0.351599991 0.985400021
vn -0.942226876 0.330018201 0.0574151676
v -0.0564175285 0.297947943 -0.076039508
vt 0.355800003 0.97329998
vn -0.995199682 0.0780657003 0.059019823
v -0.0485136509 0.297947943 0.0572366714
vt 0.275299996 0.973699987
vn -0.996282981 0.0277101473 0.0815620608
v -0.0430626832 0.314028203 0.0506955683
vt 0.279199988 0.985800028
vn -0.937893815 0.341887497 0.058890837
v -0.0504214652 0.314028203 -0.0665001869
vt 0.351599991 0.985400021
vn -0.942226876 0.330018201 0.0574151676
v -0.0485136509 0.297947943 0.0572366714
vt 0.0973000005 0.597100019
vn 0 0.99224392 0.124306087
v -0.0392470174 0.297947943 0.12401104
vt 0.0471000001 0.588400006
vn 0 1 0
v 0.0476958938 0.297947943 0.12401104
vt 0.0491999984 0.522700012
vn 0 1 0
v -0.0485136509 0.297947943 0.0572366714
vt 0.0973000005 0.597100019
vn 0 0.99224392 0.124306087
v 0.0476958938 0.297947943 0.12401104
vt 0.0491999984 0.522700012
vn 0 1 0
v 0.0569625534 0.297947943 0.0572366714
vt 0.0997999981 0.517199993
vn 0 0.933031469 0.359794773
v 0.0569625534 0.297947943 0.0572366714
vt 0.0997999981 0.517199993
vn 0 0.933031469 0.359794773
v -0.0430626832 0.314028203 0.0506955683
vt 0.1105 0.593500018
vn 0 0.991950676 0.126624864
v -0.0485136509 0.297947943 0.0572366714
vt 0.0973000005 0.597100019
vn 0 0.99224392 0.124306087
v 0.0569625534 0.297947943 0.0572366714
vt 0.0997999981 0.517199993
vn 0 0.933031469 0.359794773
v 0.0517841354 0.314028203 0.0506955683
vt 0.112800002 0.521700025
vn 0 0.991661279 0.128871668
v -0.0430626832 0.314028203 0.0506955683
vt 0.1105 0.593500018
vn 0 0.991950676 0.126624864
v -0.0430626832 0.314028203 0.0506955683
vt 0.1105 0.593500018
vn 0 0.991950676 0.126624864
v 0.0517841354 0.314028203 0.0506955683
vt 0.112800002 0.521700025
vn 0 0.991661279 0.128871668
v 0.0588704087 0.314028203 -0.0665001571
vt 0.201700002 0.518999994
vn 3.63207568e-08 0.99005653 -0.140670066
v -0.0430626832 0.314028203 0.0506955683
vt 0.1105 0.593500018
vn 0 0.991950676 0.126624864
v 0.0588704087 0.314028203 -0.0665001571
vt 0.201700002 0.518999994
vn 3.63207568e-08 0.99005653 -0.140670066
v -0.0504214652 0.314028203 -0.0665001869
vt 0.199100003 0.601899981
vn 3.43234181e-08 0.992046521 -0.125871757
v -0.0564175285 0.297947943 -0.076039508
vt 0.213100001 0.606899977
vn 2.22063444e-07 0.510209179 -0.860050344
v -0.0504214652 0.314028203 -0.0665001869
vt 0.199100003 0.601899981
vn 3.43234181e-08 0.992046521 -0.125871757
v 0.0588704087 0.314028203 -0.0665001571
vt 0.201700002 0.518999994
vn 3.63207568e-08 0.99005653 -0.140670066
v -0.0564175285 0.297947943 -0.076039508
vt 0.213100001 0.606899977
vn 2.22063444e-07 0.510209179 -0.860050344
v 0.0588704087 0.314028203 -0.0665001571
vt 0.201700002 0.518999994
vn 3.63207568e-08 0.99005653 -0.140670066
v 0.065139018 0.297947943 -0.0760394782
vt 0.216000006 0.514800012
vn 2.10860684e-07 0.510209238 -0.860050309
v -0.0392470174 0.244800985 0.12401104
vt 0.00680000009 0.587199986
vn 0 -2.61121017e-16 1
v 0.0476958938 0.244800985 0.12401104
vt 0.00889999978 0.521399975
vn 0 -2.61121017e-16 1
v 0.0476958938 0.297947943 0.12401104
vt 0.0491999984 0.522700012
vn 0 -2.61121017e-16 1
v -0.0392470174 0.244800985 0.12401104
vt 0.00680000009 0.587199986
vn 0 -2.61121017e-16 1
v 0.0476958938 0.297947943 0.12401104
vt 0.0491999984 0.522700012
vn 0 -2.61121017e-16 1
v -0.0392470174 0.297947943 0.12401104
vt 0.0471000001 0.588400006
vn 0 -2.61121017e-16 1
v 0.051784087 0.0861778557 0.366306484
vt 0.0819000006 0.842299998
vn 0.999612577 0.020040315 0.0193153302
v 0.0457880124 0.308032125 0.44643569
vt 0.0340000018 0.975399971
vn 0.999120969 0.039542787 -0.013916109
v 0.0517840832 0.0300328434 0.404463232
vt 0.0590000004 0.808700025
vn 0.999507472 0.0176393154 0.0259551288
v 0.0517840944 0.109889597 0.321608543
vt 0.1087 0.85650003
vn 0.998867914 0.0364026617 -0.030622482
v 0.0457880124 0.308032125 0.44643569
vt 0.0340000018 0.975399971
vn 0.999120969 0.039542787 -0.013916109
v 0.051784087 0.0861778557 0.366306484
vt 0.0819000006 0.842299998
vn 0.999612577 0.020040315 0.0193153302
v 0.0517840944 0.109889597 0.321608543
vt 0.1087 0.85650003
vn 0.998867914 0.0364026617 -0.030622482
v 0.0370665118 0.308032125 0.118832558
vt 0.230599999 0.975399971
vn 0.998652449 0.0379402023 -0.0354094313
v 0.0457880124 0.308032125 0.44643569
vt 0.0340000018 0.975399971
vn 0.999120969 0.039542787 -0.013916109
v 0.0416998304 0.109889597 0.118832558
vt 0.230499998 0.856599987
vn 0.998493422 0.0233485371 -0.0496561329
v 0.0370665118 0.308032125 0.118832558
vt 0.230599999 0.975399971
vn 0.998652449 0.0379402023 -0.0354094313
v 0.0517840944 0.109889597 0.321608543
vt 0.1087 0.85650003
vn 0.998867914 0.0364026617 -0.030622482
v -0.0433352776 0.0861778557 0.366306484
vt 0.0819000006 0.842299998
vn -0.999646984 0.0191300431 0.018437725
v -0.0433352813 0.0300328434 0.404463232
vt 0.0590000004 0.808700025
vn -0.999551206 0.0168382418 0.0247762093
v -0.0376117751 0.308032125 0.44643569
vt 0.0340000018 0.975399971
vn -0.999166025 0.0382983472 -0.0141594844
v -0.0433352701 0.109889597 0.321608543
vt 0.1087 0.85650003
vn -0.998911399 0.0355372462 -0.0302178861
v -0.0433352776 0.0861778557 0.366306484
vt 0.0819000006 0.842299998
vn -0.999646984 0.0191300431 0.018437725
v -0.0376117751 0.308032125 0.44643569
vt 0.0340000018 0.975399971
vn -0.999166025 0.0382983472 -0.0141594844
v -0.0433352701 0.109889597 0.321608543
vt 0.1087 0.85650003
vn -0.998911399 0.0355372462 -0.0302178861
v -0.0376117751 0.308032125 0.44643569
vt 0.0340000018 0.975399971
vn -0.999166025 0.0382983472 -0.0141594844
v -0.0288901776 0.308032125 0.118832558
vt 0.230599999 0.975399971
vn -0.998702247 0.0370935805 -0.0348982673
v -0.0335235037 0.109889597 0.118832558
vt 0.230499998 0.856599987
vn -0.998559058 0.0233501095 -0.048317498
v -0.0433352701 0.109889597 0.321608543
vt 0.1087 0.85650003
vn -0.998911399 0.0355372462 -0.0302178861
v -0.0288901776 0.308032125 0.118832558
vt 0.230599999 0.975399971
vn -0.998702247 0.0370935805 -0.0348982673
v -0.0433352776 0.0861778557 0.366306484
vt 0.0931999981 0.786599994
vn 0 -0.664734988 -0.747079244
v 0.051784087 0.0861778557 0.366306484
vt 0.0772999972 0.813199997
vn 0 -0.776316559 -0.63034324
v 0.0517840832 0.0300328434 0.404463232
vt 0.0584000014 0.801900029
vn 0 -0.562089795 -0.827076213
v -0.0433352776 0.0861778557 0.366306484
vt 0.0931999981 0.786599994
vn 0 -0.664734988 -0.747079244
v 0.0517840832 0.0300328434 0.404463232
vt 0.0584000014 0.801900029
vn 0 -0.562089795 -0.827076213
v -0.0433352813 0.0300328434 0.404463232
vt 0.0742999986 0.775300026
vn 0 -0.562089795 -0.827076213
v -0.0433352701 0.109889597 0.321608543
vt 0.1074 0.795099974
vn 0 -0.98708184 -0.160216856
v 0.051784087 0.0861778557 0.366306484
vt 0.0772999972 0.813199997
vn 0 -0.776316559 -0.63034324
v -0.0433352776 0.0861778557 0.366306484
vt 0.0931999981 0.786599994
vn 0 -0.664734988 -0.747079244
v -0.0433352701 0.109889597 0.321608543
vt 0.1074 0.795099974
vn 0 -0.98708184 -0.160216856
v 0.0517840944 0.109889597 0.321608543
vt 0.0913999975 0.821699977
vn 0 -0.998314116 -0.0580424437
v 0.051784087 0.0861778557 0.366306484
vt 0.0772999972 0.813199997
vn 0 -0.776316559 -0.63034324
v -0.0335235037 0.109889597 0.118832558
vt 0.162300006 0.831799984
vn 0 -1 -2.05317032e-16
v 0.0517840944 0.109889597 0.321608543
vt 0.0913999975 0.821699977
vn 0 -0.998314116 -0.0580424437
v -0.0433352701 0.109889597 0.321608543
vt 0.1074 0.795099974
vn 0 -0.98708184 -0.160216856
v -0.0335235037 0.109889597 0.118832558
vt 0.162300006 0.831799984
vn 0 -1 -2.05317032e-16
v 0.0416998304 0.109889597 0.118832558
vt 0.149700001 0.852800012
vn 0 -1 -2.05317032e-16
v 0.0517840944 0.109889597 0.321608543
vt 0.0913999975 0.821699977
vn 0 -0.998314116 -0.0580424437
v -0.0288901776 0.308032125 0.118832558
vt 0.379900008 0.64319998
vn 0 2.1011826e-16 -1
v 0.0370665118 0.308032125 0.118832558
vt 0.351900011 0.643100023
vn 0 2.1011826e-16 -1
v 0.0416998304 0.109889597 0.118832558
vt 0.34920001 0.583199978
vn 0 2.1011826e-16 -1
v -0.0288901776 0.308032125 0.118832558
vt 0.379900008 0.64319998
vn 0 2.1011826e-16 -1
v 0.0416998304 0.109889597 0.118832558
vt 0.34920001 0.583199978
vn 0 2.1011826e-16 -1
v -0.0335235037 0.109889597 0.118832558
vt 0.381199986 0.583400011
vn 0 2.1011826e-16 -1
v -0.0376117751 0.308032125 0.44643569
vt 0.113399997 0.781199992
vn 0 1 3.38892678e-16
v 0.0457880124 0.308032125 0.44643569
vt 0.140499994 0.752499998
vn 0 1 3.38892678e-16
v 0.0370665118 0.308032125 0.118832558
vt 0.217999995 0.833400011
vn 0 1 3.38892678e-16
v -0.0376117751 0.308032125 0.44643569
vt 0.113399997 0.781199992
vn 0 1 3.38892678e-16
v 0.0370665118 0.308032125 0.118832558
vt 0.217999995 0.833400011
vn 0 1 3.38892678e-16
v -0.0288901776 0.308032125 0.118832558
vt 0.194800004 0.853699982
vn 0 1 3.38892678e-16
v 0.0907584727 -0.0310178772 0.480504274
vt 0.00439999998 0.776600003
vn 0.995786931 0.0916972597 1.43573527e-07
v 0.0907584876 -0.0310178772 0.388655424
vt 0.0590999983 0.776300013
vn 0.995786931 0.0916972615 1.61552176e-07
v 0.0577801391 0.327110589 0.443165123
vt 0.0294000003 0.983099997
vn 0.995786931 0.0916972597 1.43573527e-07
v 0.0907584727 -0.0310178772 0.480504274
vt 0.00439999998 0.776600003
vn 0.995786931 0.0916972597 1.43573527e-07
v 0.0577801391 0.327110589 0.443165123
vt 0.0294000003 0.983099997
vn 0.995786931 0.0916972597 1.43573527e-07
v 0.0577801354 0.327110589 0.480504274
vt 0.00540000014 0.983200014
vn 0.995786932 0.0916972551 9.93486811e-08
v -0.0817646086 -0.0310178772 0.480504274
vt 0.00439999998 0.776600003
vn -0.995786929 0.0916972813 -1.43573527e-07
v -0.0487862602 0.327110589 0.480504274
vt 0.00540000014 0.983200014
vn -0.995786929 0.0916972859 -9.93486808e-08
v -0.0487862565 0.327110589 0.443165123
vt 0.0294000003 0.983099997
vn -0.995786929 0.0916972813 -1.43573527e-07
v -0.0817646086 -0.0310178772 0.480504274
vt 0.00439999998 0.776600003
vn -0.995786929 0.0916972813 -1.43573527e-07
v -0.0487862565 0.327110589 0.443165123
vt 0.0294000003 0.983099997
vn -0.995786929 0.0916972813 -1.43573527e-07
v -0.0817645937 -0.0310178772 0.388655424
vt 0.0590999983 0.776300013
vn -0.995786929 0.0916972795 -1.61552175e-07
v -0.0817645937 -0.0310178772 0.388655424
vt 0.0037 0.608299971
vn 0 -1 -2.26640635e-16
v 0.0907584876 -0.0310178772 0.388655424
vt 0.0621000007 0.608200014
vn 0 -1 -2.26640635e-16
v 0.0907584727 -0.0310178772 0.480504274
vt 0.0621999986 0.641600013
vn 0 -0.456399419 0.889775011
v -0.0817645937 -0.0310178772 0.388655424
vt 0.0037 0.608299971
vn 0 -1 -2.26640635e-16
v 0.0907584727 -0.0310178772 0.480504274
vt 0.0621999986 0.641600013
vn 0 -0.456399419 0.889775011
v -0.0817646086 -0.0310178772 0.480504274
vt 0.00380000006 0.641700029
vn 0 -0.156584264 0.987664603
v -0.0817646086 -0.0310178772 0.480504274
vt 0.00380000006 0.641700029
vn 0 -0.156584264 0.987664603
v 0.0907584727 -0.0310178772 0.480504274
vt 0.0621999986 0.641600013
vn 0 -0.456399419 0.889775011
v 0.0577801354 0.327110589 0.480504274
vt 0.0511999987 0.772300005
vn 0 -1.5500346e-16 1
v -0.0817646086 -0.0310178772 0.480504274
vt 0.00380000006 0.641700029
vn 0 -0.156584264 0.987664603
v 0.0577801354 0.327110589 0.480504274
vt 0.0511999987 0.772300005
vn 0 -1.5500346e-16 1
v -0.0487862602 0.327110589 0.480504274
vt 0.0149999997 0.772300005
vn 0 -1.5500346e-16 1
v -0.0487862565 0.327110589 0.443165123
vt 0.118600003 0.755299985
vn 0 0.188573084 -0.982059159
v 0.0577801391 0.327110589 0.443165123
vt 0.0791999996 0.754899979
vn 0 0.339328044 -0.940668102
v 0.0907584876 -0.0310178772 0.388655424
vt 0.0680999979 0.608299971
vn 0 0.150474075 -0.988613955
v -0.0487862565 0.327110589 0.443165123
vt 0.118600003 0.755299985
vn 0 0.188573084 -0.982059159
v 0.0907584876 -0.0310178772 0.388655424
vt 0.0680999979 0.608299971
vn 0 0.150474075 -0.988613955
v -0.0817645937 -0.0310178772 0.388655424
vt 0.131799996 0.608900011
vn 0 0.150474075 -0.988613955
v -0.0487862602 0.327110589 0.480504274
vt 0.118500002 0.770299971
vn 0 1 0
v 0.0577801391 0.327110589 0.443165123
vt 0.0791999996 0.754899979
vn 0 0.339328044 -0.940668102
v -0.0487862565 0.327110589 0.443165123
vt 0.118600003 0.755299985
vn 0 0.188573084 -0.982059159
v -0.0487862602 0.327110589 0.480504274
vt 0.118500002 0.770299971
vn 0 1 0
v 0.0577801354 0.327110589 0.480504274
vt 0.0790999979 0.769999981
vn 0 1 0
v 0.0577801391 0.327110589 0.443165123
vt 0.0791999996 0.754899979
vn 0 0.339328044 -0.940668102
v 0.145813346 0.0322132669 -0.254013479
vt 0.516600013 0.773699999
vn 0.904230021 -0.427045744 4.49357821e-05
v 0.10193307 -0.0607256964 -0.228666514
vt 0.504199982 0.714900017
vn 0.904289366 -0.426920049 0.00011679986
v 0.100025252 -0.0645413622 -0.38810724
vt 0.594799995 0.715499997
vn 0.904115105 -0.427288784 -0.000414187577
v 0.145813346 0.0322132669 -0.254013479
vt 0.516600013 0.773699999
vn 0.904230021 -0.427045744 4.49357821e-05
v 0.100025252 -0.0645413622 -0.38810724
vt 0.594799995 0.715499997
vn 0.904115105 -0.427288784 -0.000414187577
v 0.145268276 0.0311230533 -0.387834668
vt 0.592700005 0.7755
vn 0.903999991 -0.427532427 -0.000199080582
v 0.110927142 -0.04137481 -0.115831465
vt 0.439700007 0.724900007
vn 0.904089245 -0.427343171 0.000672152566
v 0.10193307 -0.0607256964 -0.228666514
vt 0.504199982 0.714900017
vn 0.904289366 -0.426920049 0.00011679986
v 0.145813346 0.0322132669 -0.254013479
vt 0.516600013 0.773699999
vn 0.904230021 -0.427045744 4.49357821e-05
v 0.145813346 0.0322132669 -0.254013479
vt 0.516600013 0.773699999
vn 0.904230021 -0.427045744 4.49357821e-05
v 0.156987816 0.0559250042 -0.116376474
vt 0.43810001 0.786000013
vn 0.904313867 -0.426868147 0.000120294665
v 0.110927142 -0.04137481 -0.115831465
vt 0.439700007 0.724900007
vn 0.904089245 -0.427343171 0.000672152566
v 0.145813346 0.0322132669 -0.254013479
vt 0.516600013 0.773699999
vn 0.904230021 -0.427045744 4.49357821e-05
v 0.157260388 0.0567426234 -0.253740877
vt 0.515999973 0.789200008
vn 0.906185837 -0.422879074 -0.000718913727
v 0.156987816 0.0559250042 -0.116376474
vt 0.43810001 0.786000013
vn 0.904313867 -0.426868147 0.000120294665
v 0.10193307 0.0529269651 -0.254013479
vt 0.516600013 0.773699999
vn -0.904466446 0.426544506 -0.000481018746
v 0.101388 0.0518367514 -0.387834668
vt 0.592700005 0.7755
vn -0.903999971 0.42753247 0.000199080156
v 0.0561449714 -0.0438276604 -0.38810724
vt 0.594799995 0.715499997
vn -0.904115085 0.427288827 0.000414186045
v 0.10193307 0.0529269651 -0.254013479
vt 0.516600013 0.773699999
vn -0.904466446 0.426544506 -0.000481018746
v 0.0561449714 -0.0438276604 -0.38810724
vt 0.594799995 0.715499997
vn -0.904115085 0.427288827 0.000414186045
v 0.0580527857 -0.040012002 -0.228666514
vt 0.504199982 0.714900017
vn -0.904289347 0.426920091 -0.000116816554
v 0.0670468584 -0.0206611082 -0.115831465
vt 0.439700007 0.724900007
vn -0.904627673 0.426200382 -0.00141673348
v 0.10193307 0.0529269651 -0.254013479
vt 0.516600013 0.773699999
vn -0.904466446 0.426544506 -0.000481018746
v 0.0580527857 -0.040012002 -0.228666514
vt 0.504199982 0.714900017
vn -0.904289347 0.426920091 -0.000116816554
v 0.112834983 0.076638706 -0.116376489
vt 0.43810001 0.786000013
vn -0.905094171 0.425208299 -0.00156332323
v 0.10193307 0.0529269651 -0.254013479
vt 0.516600013 0.773699999
vn -0.904466446 0.426544506 -0.000481018746
v 0.0670468584 -0.0206611082 -0.115831465
vt 0.439700007 0.724900007
vn -0.904627673 0.426200382 -0.00141673348
v 0.112834983 0.076638706 -0.116376489
vt 0.43810001 0.786000013
vn -0.905094171 0.425208299 -0.00156332323
v 0.113380097 0.0774563253 -0.253740907
vt 0.515999973 0.789200008
vn -0.906178124 0.422894838 -0.00107890872
v 0.10193307 0.0529269651 -0.254013479
vt 0.516600013 0.773699999
vn -0.904466446 0.426544506 -0.000481018746
v 0.0561449714 -0.0438276604 -0.38810724
vt 0.389699996 0.506900012
vn -0.426726501 -0.903985329 0.0267398324
v 0.100025252 -0.0645413622 -0.38810724
vt 0.389699996 0.542599976
vn -0.426726579 -0.903985291 0.0267398585
v 0.10193307 -0.0607256964 -0.228666514
vt 0.318800002 0.542599976
vn -0.425861123 -0.902152148 0.0690203282
v 0.0561449714 -0.0438276604 -0.38810724
vt 0.389699996 0.506900012
vn -0.426726501 -0.903985329 0.0267398324
v 0.10193307 -0.0607256964 -0.228666514
vt 0.318800002 0.542599976
vn -0.425861123 -0.902152148 0.0690203282
v 0.0580527857 -0.040012002 -0.228666514
vt 0.318800002 0.506900012
vn -0.423742777 -0.897664657 0.120996785
v 0.0580527857 -0.040012002 -0.228666514
vt 0.318800002 0.506900012
vn -0.423742777 -0.897664657 0.120996785
v 0.10193307 -0.0607256964 -0.228666514
vt 0.318800002 0.542599976
vn -0.425861123 -0.902152148 0.0690203282
v 0.110927142 -0.04137481 -0.115831465
vt 0.2676 0.542599976
vn -0.355006387 -0.752052142 0.555326968
v 0.0580527857 -0.040012002 -0.228666514
vt 0.318800002 0.506900012
vn -0.423742777 -0.897664657 0.120996785
v 0.110927142 -0.04137481 -0.115831465
vt 0.2676 0.542599976
vn -0.355006387 -0.752052142 0.555326968
v 0.0670468584 -0.0206611082 -0.115831465
vt 0.2676 0.506900012
vn -0.182007391 -0.385555801 0.904555158
v 0.0670468584 -0.0206611082 -0.115831465
vt 0.2676 0.506900012
vn -0.182007391 -0.385555801 0.904555158
v 0.110927142 -0.04137481 -0.115831465
vt 0.2676 0.542599976
vn -0.355006387 -0.752052142 0.555326968
v 0.156987816 0.0559250042 -0.116376474
vt 0.219799995 0.542599976
vn 0.00215672783 0.00458340032 0.99998717
v 0.0670468584 -0.0206611082 -0.115831465
vt 0.2676 0.506900012
vn -0.182007391 -0.385555801 0.904555158
v 0.156987816 0.0559250042 -0.116376474
vt 0.219799995 0.542599976
vn 0.00215672783 0.00458340032 0.99998717
v 0.112834983 0.076638706 -0.116376489
vt 0.219799995 0.506900012
vn 0.00215232703 0.00458856841 0.999987156
v 0.101388 0.0518367514 -0.387834668
vt 0.340999991 0.577700019
vn 0.00109951937 0.00232924181 -0.999996683
v 0.145268276 0.0311230533 -0.387834668
vt 0.340999991 0.546599984
vn 0.00109951932 0.00232924181 -0.999996683
v 0.100025252 -0.0645413622 -0.38810724
vt 0.384000003 0.546800017
vn 0.00109951937 0.00232924181 -0.999996683
v 0.101388 0.0518367514 -0.387834668
vt 0.340999991 0.577700019
vn 0.00109951937 0.00232924181 -0.999996683
v 0.100025252 -0.0645413622 -0.38810724
vt 0.384000003 0.546800017
vn 0.00109951937 0.00232924181 -0.999996683
v 0.0561449714 -0.0438276604 -0.38810724
vt 0.383899987 0.577899992
vn 0.00109951943 0.00232924181 -0.999996683
v 0.10193307 0.0529269651 -0.254013479
vt 0.286500007 0.577400029
vn 0.424313725 0.898873944 -0.109469157
v 0.145813346 0.0322132669 -0.254013479
vt 0.286500007 0.546299994
vn 0.394696482 0.836131968 -0.380917338
v 0.145268276 0.0311230533 -0.387834668
vt 0.340999991 0.546599984
vn 0.426861489 0.904271175 -0.00910556841
v 0.10193307 0.0529269651 -0.254013479
vt 0.286500007 0.577400029
vn 0.424313725 0.898873944 -0.109469157
v 0.145268276 0.0311230533 -0.387834668
vt 0.340999991 0.546599984
vn 0.426861489 0.904271175 -0.00910556841
v 0.101388 0.0518367514 -0.387834668
vt 0.340999991 0.577700019
vn 0.426861489 0.904271175 -0.00910556841
v 0.113380097 0.0774563253 -0.253740907
vt 0.275400013 0.577400029
vn 0.00429882833 0.00910599782 -0.999949299
v 0.145813346 0.0322132669 -0.254013479
vt 0.286500007 0.546299994
vn 0.394696482 0.836131968 -0.380917338
v 0.10193307 0.0529269651 -0.254013479
vt 0.286500007 0.577400029
vn 0.424313725 0.898873944 -0.109469157
v 0.113380097 0.0774563253 -0.253740907
vt 0.275400013 0.577400029
vn 0.00429882833 0.00910599782 -0.999949299
v 0.157260388 0.0567426234 -0.253740877
vt 0.2755 0.546199977
vn 0.00429934104 0.00910636533 -0.999949294
v 0.145813346 0.0322132669 -0.254013479
vt 0.286500007 0.546299994
vn 0.394696482 0.836131968 -0.380917338
v 0.112834983 0.076638706 -0.116376489
vt 0.219600007 0.577099979
vn 0.425788038 0.904798478 0.00665282364
v 0.156987816 0.0559250042 -0.116376474
vt 0.219600007 0.545899987
vn 0.424712415 0.905306873 0.00623131651
v 0.157260388 0.0567426234 -0.253740877
vt 0.2755 0.546199977
vn 0.425788038 0.904798478 0.00665282364
v 0.112834983 0.076638706 -0.116376489
vt 0.219600007 0.577099979
vn 0.425788038 0.904798478 0.00665282364
v 0.157260388 0.0567426234 -0.253740877
vt 0.2755 0.546199977
vn 0.425788038 0.904798478 0.00665282364
v 0.113380097 0.0774563253 -0.253740907
vt 0.275400013 0.577400029
vn 0.426868438 0.90428605 0.00707645979
v -0.144723162 0.0322132669 -0.254013538
vt 0.516600013 0.773699999
vn -0.904696392 -0.426056845 5.07581782e-05
v -0.143905491 0.0311230533 -0.387834698
vt 0.592700005 0.7755
vn -0.904994201 -0.425418894 -0.00206387693
v -0.098935023 -0.0645413622 -0.3881073
vt 0.594799995 0.715499997
vn -0.904574699 -0.426313251 -0.00127531408
v -0.144723162 0.0322132669 -0.254013538
vt 0.516600013 0.773699999
vn -0.904696392 -0.426056845 5.07581782e-05
v -0.098935023 -0.0645413622 -0.3881073
vt 0.594799995 0.715499997
vn -0.904574699 -0.426313251 -0.00127531408
v -0.100842878 -0.0607256964 -0.228666544
vt 0.504199982 0.714900017
vn -0.904289311 -0.426920166 0.000116539842
v -0.109836996 -0.04137481 -0.115831494
vt 0.439700007 0.724900007
vn -0.904627682 -0.426200363 0.00141644133
v -0.144723162 0.0322132669 -0.254013538
vt 0.516600013 0.773699999
vn -0.904696392 -0.426056845 5.07581782e-05
v -0.100842878 -0.0607256964 -0.228666544
vt 0.504199982 0.714900017
vn -0.904289311 -0.426920166 0.000116539842
v -0.155625105 0.0559250042 -0.116376534
vt 0.43810001 0.786000013
vn -0.905094209 -0.42520822 0.00156309893
v -0.144723162 0.0322132669 -0.254013538
vt 0.516600013 0.773699999
vn -0.904696392 -0.426056845 5.07581782e-05
v -0.109836996 -0.04137481 -0.115831494
vt 0.439700007 0.724900007
vn -0.904627682 -0.426200363 0.00141644133
v -0.155625105 0.0559250042 -0.116376534
vt 0.43810001 0.786000013
vn -0.905094209 -0.42520822 0.00156309893
v -0.156170189 0.0567426234 -0.253740937
vt 0.515999973 0.789200008
vn -0.9061781 -0.42289489 0.00107871183
v -0.144723162 0.0322132669 -0.254013538
vt 0.516600013 0.773699999
vn -0.904696392 -0.426056845 5.07581782e-05
v -0.100570329 0.0529269651 -0.254013509
vt 0.516600013 0.773699999
vn 0.904459549 0.4265594 -3.98395458e-05
v -0.0566900596 -0.040012002 -0.228666544
vt 0.504199982 0.714900017
vn 0.904289372 0.426920037 -0.000116526374
v -0.0550547391 -0.0438276604 -0.3881073
vt 0.594799995 0.715499997
vn 0.904661362 0.426131035 -0.00040235698
v -0.100570329 0.0529269651 -0.254013509
vt 0.516600013 0.773699999
vn 0.904459549 0.4265594 -3.98395458e-05
v -0.0550547391 -0.0438276604 -0.3881073
vt 0.594799995 0.715499997
vn 0.904661362 0.426131035 -0.00040235698
v -0.100025222 0.0518367514 -0.387834698
vt 0.592700005 0.7755
vn 0.904994024 0.425424221 0.000220556449
v -0.0659567118 -0.0206611082 -0.115831494
vt 0.439700007 0.724900007
vn 0.904527517 0.426414955 0.00050720174
v -0.0566900596 -0.040012002 -0.228666544
vt 0.504199982 0.714900017
vn 0.904289372 0.426920037 -0.000116526374
v -0.100570329 0.0529269651 -0.254013509
vt 0.516600013 0.773699999
vn 0.904459549 0.4265594 -3.98395458e-05
v -0.100570329 0.0529269651 -0.254013509
vt 0.516600013 0.773699999
vn 0.904459549 0.4265594 -3.98395458e-05
v -0.111744836 0.076638706 -0.116376519
vt 0.43810001 0.786000013
vn 0.904313915 0.426868047 -0.000120040262
v -0.0659567118 -0.0206611082 -0.115831494
vt 0.439700007 0.724900007
vn 0.904527517 0.426414955 0.00050720174
v -0.100570329 0.0529269651 -0.254013509
vt 0.516600013 0.773699999
vn 0.904459549 0.4265594 -3.98395458e-05
v -0.112289906 0.0774563253 -0.253740937
vt 0.515999973 0.789200008
vn 0.902299056 0.431109481 -0.00101432634
v -0.111744836 0.076638706 -0.116376519
vt 0.43810001 0.786000013
vn 0.904313915 0.426868047 -0.000120040262
v -0.100842878 -0.0607256964 -0.228666544
vt 0.318800002 0.542599976
vn 0.424506348 -0.902804759 0.0688326023
v -0.098935023 -0.0645413622 -0.3881073
vt 0.389699996 0.542599976
vn 0.426726548 -0.903985303 0.0267399531
v -0.0550547391 -0.0438276604 -0.3881073
vt 0.389699996 0.506900012
vn 0.425649356 -0.904503704 0.0263756637
v -0.100842878 -0.0607256964 -0.228666544
vt 0.318800002 0.542599976
vn 0.424506348 -0.902804759 0.0688326023
v -0.0550547391 -0.0438276604 -0.3881073
vt 0.389699996 0.506900012
vn 0.425649356 -0.904503704 0.0263756637
v -0.0566900596 -0.040012002 -0.228666544
vt 0.318800002 0.506900012
vn 0.422231026 -0.89838983 0.120899436
v -0.109836996 -0.04137481 -0.115831494
vt 0.2676 0.542599976
vn 0.354303259 -0.75289909 0.554627948
v -0.100842878 -0.0607256964 -0.228666544
vt 0.318800002 0.542599976
vn 0.424506348 -0.902804759 0.0688326023
v -0.0566900596 -0.040012002 -0.228666544
vt 0.318800002 0.506900012
vn 0.422231026 -0.89838983 0.120899436
v -0.109836996 -0.04137481 -0.115831494
vt 0.2676 0.542599976
vn 0.354303259 -0.75289909 0.554627948
v -0.0566900596 -0.040012002 -0.228666544
vt 0.318800002 0.506900012
vn 0.422231026 -0.89838983 0.120899436
v -0.0659567118 -0.0206611082 -0.115831494
vt 0.2676 0.506900012
vn 0.182350198 -0.386294283 0.904170964
v -0.155625105 0.0559250042 -0.116376534
vt 0.219799995 0.542599976
vn -0.00216371239 0.00458328734 0.999987156
v -0.109836996 -0.04137481 -0.115831494
vt 0.2676 0.542599976
vn 0.354303259 -0.75289909 0.554627948
v -0.0659567118 -0.0206611082 -0.115831494
vt 0.2676 0.506900012
vn 0.182350198 -0.386294283 0.904170964
v -0.155625105 0.0559250042 -0.116376534
vt 0.219799995 0.542599976
vn -0.00216371239 0.00458328734 0.999987156
v -0.0659567118 -0.0206611082 -0.115831494
vt 0.2676 0.506900012
vn 0.182350198 -0.386294283 0.904170964
v -0.111744836 0.076638706 -0.116376519
vt 0.219799995 0.506900012
vn -0.00216382198 0.00458315903 0.999987156
v -0.098935023 -0.0645413622 -0.3881073
vt 0.384000003 0.546800017
vn -0.00110084994 0.00233206041 -0.999996675
v -0.143905491 0.0311230533 -0.387834698
vt 0.340999991 0.546599984
vn -0.00110085003 0.00233206041 -0.999996675
v -0.100025222 0.0518367514 -0.387834698
vt 0.340999991 0.577700019
vn -0.00110084994 0.00233206041 -0.999996675
v -0.098935023 -0.0645413622 -0.3881073
vt 0.384000003 0.546800017
vn -0.00110084994 0.00233206041 -0.999996675
v -0.100025222 0.0518367514 -0.387834698
vt 0.340999991 0.577700019
vn -0.00110084994 0.00233206041 -0.999996675
v -0.0550547391 -0.0438276604 -0.3881073
vt 0.383899987 0.577899992
vn -0.00110084985 0.00233206041 -0.999996675
v -0.143905491 0.0311230533 -0.387834698
vt 0.340999991 0.546599984
vn -0.425778115 0.904777323 -0.00953900737
v -0.144723162 0.0322132669 -0.254013538
vt 0.286500007 0.546299994
vn -0.392606236 0.836860053 -0.381478171
v -0.100570329 0.0529269651 -0.254013509
vt 0.286500007 0.577400029
vn -0.423185412 0.899270816 -0.110571726
v -0.143905491 0.0311230533 -0.387834698
vt 0.340999991 0.546599984
vn -0.425778115 0.904777323 -0.00953900737
v -0.100570329 0.0529269651 -0.254013509
vt 0.286500007 0.577400029
vn -0.423185412 0.899270816 -0.110571726
v -0.100025222 0.0518367514 -0.387834698
vt 0.340999991 0.577700019
vn -0.426861548 0.904271146 -0.00910568724
v -0.144723162 0.0322132669 -0.254013538
vt 0.286500007 0.546299994
vn -0.392606236 0.836860053 -0.381478171
v -0.112289906 0.0774563253 -0.253740937
vt 0.275400013 0.577400029
vn -0.00427819113 0.00909186439 -0.999949516
v -0.100570329 0.0529269651 -0.254013509
vt 0.286500007 0.577400029
vn -0.423185412 0.899270816 -0.110571726
v -0.144723162 0.0322132669 -0.254013538
vt 0.286500007 0.546299994
vn -0.392606236 0.836860053 -0.381478171
v -0.156170189 0.0567426234 -0.253740937
vt 0.2755 0.546199977
vn -0.00429878611 0.00910662691 -0.999949294
v -0.112289906 0.0774563253 -0.253740937
vt 0.275400013 0.577400029
vn -0.00427819113 0.00909186439 -0.999949516
v -0.156170189 0.0567426234 -0.253740937
vt 0.2755 0.546199977
vn -0.426868562 0.904285992 0.00707634456
v -0.155625105 0.0559250042 -0.116376534
vt 0.219600007 0.545899987
vn -0.426868622 0.904285964 0.00707636816
v -0.111744836 0.076638706 -0.116376519
vt 0.219600007 0.577099979
vn -0.426868562 0.904285992 0.00707634456
v -0.156170189 0.0567426234 -0.253740937
vt 0.2755 0.546199977
vn -0.426868562 0.904285992 0.00707634456
v -0.111744836 0.076638706 -0.116376519
vt 0.219600007 0.577099979
vn -0.426868562 0.904285992 0.00707634456
v -0.112289906 0.0774563253 -0.253740937
vt 0.275400013 0.577400029
vn -0.426868502 0.904286021 0.00707632095
v 0.0929389521 0.249434263 -0.0730414242
vt 0.357300013 0.933700025
vn 0.980171923 -0.181341328 0.0798644082
v 0.0929389596 0.300945997 -0.13763538
vt 0.39320001 0.963400006
vn 0.989861537 -0.11104822 -0.088557497
v 0.0929389521 0.300945997 -0.0730414242
vt 0.357300013 0.963400006
vn 1 -3.10750833e-23 1.15344857e-07
v 0.0929389521 0.249434263 -0.0730414242
vt 0.357300013 0.933700025
vn 0.980171923 -0.181341328 0.0798644082
v 0.0613233596 0.0706426203 -0.13763538
vt 0.39320001 0.820800006
vn 0.981647331 -0.187035412 0.037232684
v 0.0929389596 0.300945997 -0.13763538
vt 0.39320001 0.963400006
vn 0.989861537 -0.11104822 -0.088557497
v 0.0929389521 0.249434263 -0.0730414242
vt 0.357300013 0.933700025
vn 0.980171923 -0.181341328 0.0798644082
v 0.0422449484 0.0690073818 0.0337975025
vt 0.287299991 0.82130003
vn 0.988386614 -0.144902355 0.0457734397
v 0.0613233596 0.0706426203 -0.13763538
vt 0.39320001 0.820800006
vn 0.981647331 -0.187035412 0.037232684
v 0.0422449484 0.0690073818 0.0337975025
vt 0.287299991 0.82130003
vn 0.988386614 -0.144902355 0.0457734397
v 0.0929389521 0.249434263 -0.0730414242
vt 0.357300013 0.933700025
vn 0.980171923 -0.181341328 0.0798644082
v 0.064321354 0.249434263 0.124556065
vt 0.234300002 0.933700025
vn 0.983772692 -0.160604649 0.0799839781
v 0.0422449484 0.0690073818 0.0337975025
vt 0.287299991 0.82130003
vn 0.988386614 -0.144902355 0.0457734397
v 0.064321354 0.249434263 0.124556065
vt 0.234300002 0.933700025
vn 0.983772692 -0.160604649 0.0799839781
v 0.0536919571 0.107436575 0.124556065
vt 0.234300002 0.847100019
vn 0.993600648 -0.0226507874 -0.11065575
v 0.0536919571 0.107436575 0.124556065
vt 0.234300002 0.847100019
vn 0.993600648 -0.0226507874 -0.11065575
v 0.0498762876 -0.135403991 0.113109082
vt 0.233500004 0.697899997
vn 0.990584901 0.0211911789 -0.135249727
v 0.0422449484 0.0690073818 0.0337975025
vt 0.287299991 0.82130003
vn 0.988386614 -0.144902355 0.0457734397
v 0.0536919571 0.107436575 0.124556065
vt 0.234300002 0.847100019
vn 0.993600648 -0.0226507874 -0.11065575
v 0.0659566149 -0.0424650162 0.249110669
vt 0.151700005 0.758099973
vn 0.993972444 0.0287402619 -0.105795929
v 0.0498762876 -0.135403991 0.113109082
vt 0.233500004 0.697899997
vn 0.990584901 0.0211911789 -0.135249727
v 0.0498762876 -0.135403991 0.113109082
vt 0.233500004 0.697899997
vn 0.990584901 0.0211911789 -0.135249727
v 0.0659566149 -0.0424650162 0.249110669
vt 0.151700005 0.758099973
vn 0.993972444 0.0287402619 -0.105795929
v 0.0640487969 -0.191276401 0.116924733
vt 0.228100002 0.662899971
vn 0.976274869 0.136672367 -0.167952504
v 0.0659566149 -0.0424650162 0.249110669
vt 0.151700005 0.758099973
vn 0.993972444 0.0287402619 -0.105795929
v 0.0654115379 -0.19345668 0.156171709
vt 0.203899994 0.662699997
vn 0.99984154 0.00657345791 -0.0165434173
v 0.0640487969 -0.191276401 0.116924733
vt 0.228100002 0.662899971
vn 0.976274869 0.136672367 -0.167952504
v 0.0659566149 -0.0424650162 0.249110669
vt 0.151700005 0.758099973
vn 0.993972444 0.0287402619 -0.105795929
v 0.0662291497 -0.0997000858 0.285087109
vt 0.127800003 0.72420001
vn 0.999977219 0.000531928856 -0.00672894805
v 0.0654115379 -0.19345668 0.156171709
vt 0.203899994 0.662699997
vn 0.99984154 0.00657345791 -0.0165434173
v -0.0858527422 0.300945997 -0.073041454
vt 0.145899996 0.640799999
vn -6.17372534e-08 0.928881341 0.370377449
v 0.0929389521 0.300945997 -0.0730414242
vt 0.171800002 0.67900002
vn -1.41224628e-07 0.531206503 0.84724238
v 0.0929389596 0.300945997 -0.13763538
vt 0.158000007 0.688399971
vn -1.43248842e-22 1 8.59386153e-16
v -0.0858527422 0.300945997 -0.073041454
vt 0.145899996 0.640799999
vn -6.17372534e-08 0.928881341 0.370377449
v 0.0929389596 0.300945997 -0.13763538
vt 0.158000007 0.688399971
vn -1.43248842e-22 1 8.59386153e-16
v -0.0858527347 0.300945997 -0.13763541
vt 0.131999999 0.650200009
vn -1.43248842e-22 1 8.59386153e-16
v -0.0858527422 0.249434263 -0.073041454
vt 0.156200007 0.63380003
vn -7.70622435e-08 0.886715264 0.462315953
v 0.0929389521 0.300945997 -0.0730414242
vt 0.171800002 0.67900002
vn -1.41224628e-07 0.531206503 0.84724238
v -0.0858527422 0.300945997 -0.073041454
vt 0.145899996 0.640799999
vn -6.17372534e-08 0.928881341 0.370377449
v -0.0858527422 0.249434263 -0.073041454
vt 0.156200007 0.63380003
vn -7.70622435e-08 0.886715264 0.462315953
v 0.0929389521 0.249434263 -0.0730414242
vt 0.1822 0.671999991
vn -2.55612645e-08 0.988172168 0.153348512
v 0.0929389521 0.300945997 -0.0730414242
vt 0.171800002 0.67900002
vn -1.41224628e-07 0.531206503 0.84724238
v -0.0572352074 0.249434263 0.124556065
vt 0.202700004 0.611199975
vn -2.78755712e-23 1 2.80930428e-16
v 0.0929389521 0.249434263 -0.0730414242
vt 0.1822 0.671999991
vn -2.55612645e-08 0.988172168 0.153348512
v -0.0858527422 0.249434263 -0.073041454
vt 0.156200007 0.63380003
vn -7.70622435e-08 0.886715264 0.462315953
v -0.0572352074 0.249434263 0.124556065
vt 0.202700004 0.611199975
vn -2.78755712e-23 1 2.80930428e-16
v 0.064321354 0.249434263 0.124556065
vt 0.220300004 0.637199998
vn 0 1 2.80930449e-16
v 0.0929389521 0.249434263 -0.0730414242
vt 0.1822 0.671999991
vn -2.55612645e-08 0.988172168 0.153348512
v -0.0466058217 0.107436575 0.124556065
vt 0.442499995 0.610000014
vn 0 0.394632053 0.918839237
v 0.0536919571 0.107436575 0.124556065
vt 0.483599991 0.610000014
vn 0 0.392467773 0.919765757
v 0.064321354 0.249434263 0.124556065
vt 0.487899989 0.668099999
vn 0 -1.95464983e-16 1
v -0.0466058217 0.107436575 0.124556065
vt 0.442499995 0.610000014
vn 0 0.394632053 0.918839237
v 0.064321354 0.249434263 0.124556065
vt 0.487899989 0.668099999
vn 0 -1.95464983e-16 1
v -0.0572352074 0.249434263 0.124556065
vt 0.438199997 0.668099999
vn 0 -1.95464983e-16 1
v -0.0466058217 0.107436575 0.124556065
vt 0.442499995 0.610000014
vn 0 0.394632053 0.918839237
v 0.0659566149 -0.0424650162 0.249110669
vt 0.488499999 0.530399978
vn 0 0.610403642 0.792090521
v 0.0536919571 0.107436575 0.124556065
vt 0.483599991 0.610000014
vn 0 0.392467773 0.919765757
v -0.0466058217 0.107436575 0.124556065
vt 0.442499995 0.610000014
vn 0 0.394632053 0.918839237
v -0.0585979633 -0.0424650162 0.249110669
vt 0.437599987 0.530399978
vn 0 0.61257198 0.790414809
v 0.0659566149 -0.0424650162 0.249110669
vt 0.488499999 0.530399978
vn 0 0.610403642 0.792090521
v -0.0591430701 -0.0997000858 0.285087109
vt 0.437400013 0.502699971
vn 0 0.532172714 0.846635814
v 0.0659566149 -0.0424650162 0.249110669
vt 0.488499999 0.530399978
vn 0 0.610403642 0.792090521
v -0.0585979633 -0.0424650162 0.249110669
vt 0.437599987 0.530399978
vn 0 0.61257198 0.790414809
v -0.0591430701 -0.0997000858 0.285087109
vt 0.437400013 0.502699971
vn 0 0.532172714 0.846635814
v 0.0662291497 -0.0997000858 0.285087109
vt 0.488700002 0.502699971
vn 0 0.532172714 0.846635814
v 0.0659566149 -0.0424650162 0.249110669
vt 0.488499999 0.530399978
vn 0 0.610403642 0.792090521
v 0.0613233596 0.0706426203 -0.13763538
vt 0.391200006 0.656400025
vn 1.47521174e-09 -0.99995451 -0.0095382168
v 0.0422449484 0.0690073818 0.0337975025
vt 0.398099989 0.601100028
vn 0 -0.608189556 -0.793791826
v -0.0348862261 0.0690073818 0.0337975025
vt 0.423000008 0.601400018
vn 1.15141506e-09 -0.925005905 -0.379952728
v 0.0613233596 0.0706426203 -0.13763538
vt 0.391200006 0.656400025
vn 1.47521174e-09 -0.99995451 -0.0095382168
v -0.0348862261 0.0690073818 0.0337975025
vt 0.423000008 0.601400018
vn 1.15141506e-09 -0.925005905 -0.379952728
v -0.0542371348 0.0706426203 -0.13763541
vt 0.428499997 0.656899989
vn 2.45984579e-09 -0.99995451 -0.00953821624
v 0.0422449484 0.0690073818 0.0337975025
vt 0.398099989 0.601100028
vn 0 -0.608189556 -0.793791826
v -0.042790141 -0.135403991 0.113109082
vt 0.426499993 0.530600011
vn 0 -0.327402199 -0.944885072
v -0.0348862261 0.0690073818 0.0337975025
vt 0.423000008 0.601400018
vn 1.15141506e-09 -0.925005905 -0.379952728
v 0.0422449484 0.0690073818 0.0337975025
vt 0.398099989 0.601100028
vn 0 -0.608189556 -0.793791826
v 0.0498762876 -0.135403991 0.113109082
vt 0.396499991 0.530200005
vn 0 -0.255702602 -0.966755491
v -0.042790141 -0.135403991 0.113109082
vt 0.426499993 0.530600011
vn 0 -0.327402199 -0.944885072
v -0.0566901118 -0.191276401 0.116924733
vt 0.431300014 0.512600005
vn 0 -0.0681335231 -0.997676212
v -0.042790141 -0.135403991 0.113109082
vt 0.426499993 0.530600011
vn 0 -0.327402199 -0.944885072
v 0.0498762876 -0.135403991 0.113109082
vt 0.396499991 0.530200005
vn 0 -0.255702602 -0.966755491
v -0.0566901118 -0.191276401 0.116924733
vt 0.431300014 0.512600005
vn 0 -0.0681335231 -0.997676212
v 0.0498762876 -0.135403991 0.113109082
vt 0.396499991 0.530200005
vn 0 -0.255702602 -0.966755491
v 0.0640487969 -0.191276401 0.116924733
vt 0.39230001 0.512000024
vn 0 -0.0681335231 -0.997676212
v -0.0591430701 -0.0997000858 0.285087109
vt 0.50880003 0.672100008
vn 0 -0.808736264 0.58817145
v -0.0583254024 -0.19345668 0.156171709
vt 0.5625 0.672599971
vn 0 -0.878221647 0.478253844
v 0.0654115379 -0.19345668 0.156171709
vt 0.562300026 0.710399985
vn 0 -0.877255816 0.480023159
v -0.0591430701 -0.0997000858 0.285087109
vt 0.50880003 0.672100008
vn 0 -0.808736264 0.58817145
v 0.0654115379 -0.19345668 0.156171709
vt 0.562300026 0.710399985
vn 0 -0.877255816 0.480023159
v 0.0662291497 -0.0997000858 0.285087109
vt 0.508700013 0.710500002
vn 0 -0.808736264 0.58817145
v -0.0566901118 -0.191276401 0.116924733
vt 0.575699985 0.673099995
vn 0 -0.998460507 -0.0554672482
v 0.0654115379 -0.19345668 0.156171709
vt 0.562300026 0.710399985
vn 0 -0.877255816 0.480023159
v -0.0583254024 -0.19345668 0.156171709
vt 0.5625 0.672599971
vn 0 -0.878221647 0.478253844
v -0.0566901118 -0.191276401 0.116924733
vt 0.575699985 0.673099995
vn 0 -0.998460507 -0.0554672482
v 0.0640487969 -0.191276401 0.116924733
vt 0.575600028 0.709999979
vn 0 -0.998460507 -0.0554672482
v 0.0654115379 -0.19345668 0.156171709
vt 0.562300026 0.710399985
vn 0 -0.877255816 0.480023159
v -0.0858527422 0.249434263 -0.073041454
vt 0.357300013 0.933700025
vn -0.979980184 -0.182133491 0.0804128755
v -0.0858527422 0.300945997 -0.073041454
vt 0.357300013 0.963400006
vn -1 3.10750833e-23 -1.15344857e-07
v -0.0858527347 0.300945997 -0.13763541
vt 0.39320001 0.963400006
vn -0.989861517 -0.111048217 -0.0885577236
v -0.0858527422 0.249434263 -0.073041454
vt 0.357300013 0.933700025
vn -0.979980184 -0.182133491 0.0804128755
v -0.0858527347 0.300945997 -0.13763541
vt 0.39320001 0.963400006
vn -0.989861517 -0.111048217 -0.0885577236
v -0.0542371348 0.0706426203 -0.13763541
vt 0.39320001 0.820800006
vn -0.981538905 -0.187393412 0.0382764465
v -0.0858527422 0.249434263 -0.073041454
vt 0.357300013 0.933700025
vn -0.979980184 -0.182133491 0.0804128755
v -0.0542371348 0.0706426203 -0.13763541
vt 0.39320001 0.820800006
vn -0.981538905 -0.187393412 0.0382764465
v -0.0348862261 0.0690073818 0.0337975025
vt 0.287299991 0.82130003
vn -0.988315277 -0.145561301 0.0452196972
v -0.0572352074 0.249434263 0.124556065
vt 0.234300002 0.933700025
vn -0.983661119 -0.161677782 0.0791902582
v -0.0858527422 0.249434263 -0.073041454
vt 0.357300013 0.933700025
vn -0.979980184 -0.182133491 0.0804128755
v -0.0348862261 0.0690073818 0.0337975025
vt 0.287299991 0.82130003
vn -0.988315277 -0.145561301 0.0452196972
v -0.0572352074 0.249434263 0.124556065
vt 0.234300002 0.933700025
vn -0.983661119 -0.161677782 0.0791902582
v -0.0348862261 0.0690073818 0.0337975025
vt 0.287299991 0.82130003
vn -0.988315277 -0.145561301 0.0452196972
v -0.0466058217 0.107436575 0.124556065
vt 0.234300002 0.847100019
vn -0.993536822 -0.0226493411 -0.111227651
v -0.042790141 -0.135403991 0.113109082
vt 0.233500004 0.697899997
vn -0.990684169 0.0206130995 -0.134610462
v -0.0466058217 0.107436575 0.124556065
vt 0.234300002 0.847100019
vn -0.993536822 -0.0226493411 -0.111227651
v -0.0348862261 0.0690073818 0.0337975025
vt 0.287299991 0.82130003
vn -0.988315277 -0.145561301 0.0452196972
v -0.042790141 -0.135403991 0.113109082
vt 0.233500004 0.697899997
vn -0.990684169 0.0206130995 -0.134610462
v -0.0585979633 -0.0424650162 0.249110669
vt 0.151700005 0.758099973
vn -0.994030779 0.0293022803 -0.105091324
v -0.0466058217 0.107436575 0.124556065
vt 0.234300002 0.847100019
vn -0.993536822 -0.0226493411 -0.111227651
v -0.042790141 -0.135403991 0.113109082
vt 0.233500004 0.697899997
vn -0.990684169 0.0206130995 -0.134610462
v -0.0566901118 -0.191276401 0.116924733
vt 0.228100002 0.662899971
vn -0.976274828 0.136672363 -0.167952747
v -0.0585979633 -0.0424650162 0.249110669
vt 0.151700005 0.758099973
vn -0.994030779 0.0293022803 -0.105091324
v -0.0583254024 -0.19345668 0.156171709
vt 0.203899994 0.662699997
vn -0.999732527 0.0107873827 -0.020457436
v -0.0585979633 -0.0424650162 0.249110669
vt 0.151700005 0.758099973
vn -0.994030779 0.0293022803 -0.105091324
v -0.0566901118 -0.191276401 0.116924733
vt 0.228100002 0.662899971
vn -0.976274828 0.136672363 -0.167952747
v -0.0583254024 -0.19345668 0.156171709
vt 0.203899994 0.662699997
vn -0.999732527 0.0107873827 -0.020457436
v -0.0591430701 -0.0997000858 0.285087109
vt 0.127800003 0.72420001
vn -0.999951321 0.00379982924 -0.00910587053
v -0.0585979633 -0.0424650162 0.249110669
vt 0.151700005 0.758099973
vn -0.994030779 0.0293022803 -0.105091324
v 0.0618685111 0.288408786 -0.512934327
vt 0.999100029 0.997399986
vn 0.994422576 0.105469148 4.20040765e-07
v 0.0504214764 0.402333885 -0.512934327
vt 0.933700025 0.997399986
vn 0.994754081 0.0999514999 0.0217718888
v 0.0504214726 0.396337807 -0.485407054
vt 0.936699986 0.984700024
vn 0.993862233 0.11062487 1.97927124e-07
v 0.0618685111 0.288408786 -0.512934327
vt 0.999100029 0.997399986
vn 0.994422576 0.105469148 4.20040765e-07
v 0.0504214726 0.396337807 -0.485407054
vt 0.936699986 0.984700024
vn 0.993862233 0.11062487 1.97927124e-07
v 0.0618685074 0.294404715 -0.485407054
vt 0.996200025 0.984700024
vn 0.993752897 0.111597949 -0.00103794239
v 0.0618685074 0.294404715 -0.485407054
vt 0.996200025 0.984700024
vn 0.993752897 0.111597949 -0.00103794239
v 0.0504214726 0.396337807 -0.485407054
vt 0.936699986 0.984700024
vn 0.993862233 0.11062487 1.97927124e-07
v 0.0504214242 0.396337807 -0.176882356
vt 0.936699986 0.842800021
vn 0.993752896 0.111597949 -0.00103928628
v 0.0618685074 0.294404715 -0.485407054
vt 0.996200025 0.984700024
vn 0.993752897 0.111597949 -0.00103794239
v 0.0504214242 0.396337807 -0.176882356
vt 0.936699986 0.842800021
vn 0.993752896 0.111597949 -0.00103928628
v 0.061868459 0.294404715 -0.176882356
vt 0.996200025 0.842800021
vn 0.993859514 0.110649297 1.07756989e-07
v 0.061868459 0.294404715 -0.176882356
vt 0.996200025 0.842800021
vn 0.993859514 0.110649297 1.07756989e-07
v 0.0504214242 0.396337807 -0.176882356
vt 0.936699986 0.842800021
vn 0.993752896 0.111597949 -0.00103928628
v 0.0504214205 0.402333885 -0.150172576
vt 0.933700025 0.830500007
vn 0.994422576 0.105469148 -1.55506751e-07
v 0.061868459 0.294404715 -0.176882356
vt 0.996200025 0.842800021
vn 0.993859514 0.110649297 1.07756989e-07
v 0.0504214205 0.402333885 -0.150172576
vt 0.933700025 0.830500007
vn 0.994422576 0.105469148 -1.55506751e-07
v 0.0618684553 0.288408786 -0.150172576
vt 0.999100029 0.830500007
vn 0.994739442 0.0999500289 0.0224373621
v -0.0425175019 0.402333885 -0.512934327
vt 0.981999993 0.821799994
vn 0 0 -1
v 0.0504214764 0.402333885 -0.512934327
vt 0.941600025 0.82190001
vn 0 0 -1
v 0.0618685111 0.288408786 -0.512934327
vt 0.936600029 0.776499987
vn 0 0 -1
v -0.0425175019 0.402333885 -0.512934327
vt 0.981999993 0.821799994
vn 0 0 -1
v 0.0618685111 0.288408786 -0.512934327
vt 0.936600029 0.776499987
vn 0 0 -1
v -0.0539645255 0.288408786 -0.512934327
vt 0.986800015 0.77640003
vn 0 0 -1
v -0.0425175056 0.396337807 -0.485407084
vt 0.875800014 0.98119998
vn -5.28547877e-09 0.999456484 0.0329656857
v 0.0504214726 0.396337807 -0.485407054
vt 0.918799996 0.98119998
vn -2.98281368e-09 0.999956736 0.00930194807
v 0.0504214764 0.402333885 -0.512934327
vt 0.918799996 0.993900001
vn -3.41240472e-08 0.97708866 0.212832681
v -0.0425175056 0.396337807 -0.485407084
vt 0.875800014 0.98119998
vn -5.28547877e-09 0.999456484 0.0329656857
v 0.0504214764 0.402333885 -0.512934327
vt 0.918799996 0.993900001
vn -3.41240472e-08 0.97708866 0.212832681
v -0.0425175019 0.402333885 -0.512934327
vt 0.875800014 0.993900001
vn 0 0.977088636 0.212832791
v -0.042517554 0.396337807 -0.176882371
vt 0.875800014 0.842800021
vn 1.49330057e-09 0.999956626 -0.00931375934
v 0.0504214726 0.396337807 -0.485407054
vt 0.918799996 0.98119998
vn -2.98281368e-09 0.999956736 0.00930194807
v -0.0425175056 0.396337807 -0.485407084
vt 0.875800014 0.98119998
vn -5.28547877e-09 0.999456484 0.0329656857
v -0.042517554 0.396337807 -0.176882371
vt 0.875800014 0.842800021
vn 1.49330057e-09 0.999956626 -0.00931375934
v 0.0504214242 0.396337807 -0.176882356
vt 0.918799996 0.842800021
vn 5.30932815e-09 0.999451567 -0.033114435
v 0.0504214726 0.396337807 -0.485407054
vt 0.918799996 0.98119998
vn -2.98281368e-09 0.999956736 0.00930194807
v -0.0425175577 0.402333885 -0.150172591
vt 0.875800014 0.830500007
vn 3.51190468e-08 0.975716212 -0.219038522
v 0.0504214242 0.396337807 -0.176882356
vt 0.918799996 0.842800021
vn 5.30932815e-09 0.999451567 -0.033114435
v -0.042517554 0.396337807 -0.176882371
vt 0.875800014 0.842800021
vn 1.49330057e-09 0.999956626 -0.00931375934
v -0.0425175577 0.402333885 -0.150172591
vt 0.875800014 0.830500007
vn 3.51190468e-08 0.975716212 -0.219038522
v 0.0504214205 0.402333885 -0.150172576
vt 0.918799996 0.830500007
vn 3.51190468e-08 0.975716212 -0.219038522
v 0.0504214242 0.396337807 -0.176882356
vt 0.918799996 0.842800021
vn 5.30932815e-09 0.999451567 -0.033114435
v -0.0539645813 0.288408786 -0.150172591
vt 0.87620002 0.777700007
vn -1.42750562e-07 -7.24543146e-15 1
v 0.0618684553 0.288408786 -0.150172576
vt 0.922999978 0.777700007
vn -1.28643448e-07 -1.29259141e-08 1
v 0.0504214205 0.402333885 -0.150172576
vt 0.918299973 0.8204
vn -1.42750562e-07 -7.24543146e-15 1
v -0.0539645813 0.288408786 -0.150172591
vt 0.87620002 0.777700007
vn -1.42750562e-07 -7.24543146e-15 1
v 0.0504214205 0.402333885 -0.150172576
vt 0.918299973 0.8204
vn -1.42750562e-07 -7.24543146e-15 1
v -0.0425175577 0.402333885 -0.150172591
vt 0.880699992 0.820299983
vn -1.60332742e-07 1.61099939e-08 1
v -0.0425175056 0.396337807 -0.485407084
vt 0.936699986 0.984700024
vn -0.994126759 0.108219109 0.000781967749
v -0.0425175019 0.402333885 -0.512934327
vt 0.933700025 0.997399986
vn -0.994754097 0.0999514039 0.0217716222
v -0.0539645255 0.288408786 -0.512934327
vt 0.999100029 0.997399986
vn -0.994541458 0.104225947 0.00492353745
v -0.0425175056 0.396337807 -0.485407084
vt 0.936699986 0.984700024
vn -0.994126759 0.108219109 0.000781967749
v -0.0539645255 0.288408786 -0.512934327
vt 0.999100029 0.997399986
vn -0.994541458 0.104225947 0.00492353745
v -0.0536919869 0.294404715 -0.485407114
vt 0.996200025 0.984700024
vn -0.994044557 0.10897278 -0.000593527429
v -0.042517554 0.396337807 -0.176882371
vt 0.936699986 0.842800021
vn -0.99404422 0.108972743 -0.00101514517
v -0.0425175056 0.396337807 -0.485407084
vt 0.936699986 0.984700024
vn -0.994126759 0.108219109 0.000781967749
v -0.0536919869 0.294404715 -0.485407114
vt 0.996200025 0.984700024
vn -0.994044557 0.10897278 -0.000593527429
v -0.042517554 0.396337807 -0.176882371
vt 0.936699986 0.842800021
vn -0.99404422 0.108972743 -0.00101514517
v -0.0536919869 0.294404715 -0.485407114
vt 0.996200025 0.984700024
vn -0.994044557 0.10897278 -0.000593527429
v -0.0536920354 0.294404715 -0.176882371
vt 0.996200025 0.842800021
vn -0.994124697 0.108238024 -0.000785980474
v -0.0425175577 0.402333885 -0.150172591
vt 0.933700025 0.830500007
vn -0.994540707 0.104225869 -0.005074495
v -0.042517554 0.396337807 -0.176882371
vt 0.936699986 0.842800021
vn -0.99404422 0.108972743 -0.00101514517
v -0.0536920354 0.294404715 -0.176882371
vt 0.996200025 0.842800021
vn -0.994124697 0.108238024 -0.000785980474
v -0.0425175577 0.402333885 -0.150172591
vt 0.933700025 0.830500007
vn -0.994540707 0.104225869 -0.005074495
v -0.0536920354 0.294404715 -0.176882371
vt 0.996200025 0.842800021
vn -0.994124697 0.108238024 -0.000785980474
v -0.0539645813 0.288408786 -0.150172591
vt 0.999100029 0.830500007
vn -0.994914804 0.0999675515 0.0122890698
v 0.0365214348 0.00196041912 0.00354467332
vt 0.918500006 0.751900017
vn 0.208056956 0.97674498 0.0517836603
v -0.0294352584 0.00196041912 0.00354467332
vt 0.918500006 0.773100019
vn 0 0.98086401 0.194694104
v -0.0294352677 0.00386825204 0.0667757988
vt 0.878300011 0.773100019
vn 0 0.999545125 -0.0301586454
v 0.0365214348 0.00196041912 0.00354467332
vt 0.918500006 0.751900017
vn 0.208056956 0.97674498 0.0517836603
v -0.0294352677 0.00386825204 0.0667757988
vt 0.878300011 0.773100019
vn 0 0.999545125 -0.0301586454
v 0.0365214236 0.00386825204 0.0667757988
vt 0.878300011 0.752399981
vn 0.626945082 0.77870908 -0.0234953989
v 0.0365214385 0.0136799887 -0.019076854
vt 0.932799995 0.751900017
vn 0.570418987 0.497775946 0.653330917
v -0.0294352584 0.00196041912 0.00354467332
vt 0.918500006 0.773100019
vn 0 0.98086401 0.194694104
v 0.0365214348 0.00196041912 0.00354467332
vt 0.918500006 0.751900017
vn 0.208056956 0.97674498 0.0517836603
v 0.0365214385 0.0136799887 -0.019076854
vt 0.932799995 0.751900017
vn 0.570418987 0.497775946 0.653330917
v -0.0294352546 0.0136799887 -0.019076854
vt 0.932799995 0.773100019
vn 0 0.418712919 0.908118655
v -0.0294352584 0.00196041912 0.00354467332
vt 0.918500006 0.773100019
vn 0 0.98086401 0.194694104
v 0.0365214422 0.0760935172 -0.0392453671
vt 0.960699975 0.751900017
vn 0.180519684 0.302436057 0.935919374
v -0.0294352546 0.0136799887 -0.019076854
vt 0.932799995 0.773100019
vn 0 0.418712919 0.908118655
v 0.0365214385 0.0136799887 -0.019076854
vt 0.932799995 0.751900017
vn 0.570418987 0.497775946 0.653330917
v 0.0365214422 0.0760935172 -0.0392453671
vt 0.960699975 0.751900017
vn 0.180519684 0.302436057 0.935919374
v -0.0294352528 0.0760935172 -0.0392453671
vt 0.960699975 0.773100019
vn 0 0.307487667 0.951552066
v -0.0294352546 0.0136799887 -0.019076854
vt 0.932799995 0.773100019
vn 0 0.418712919 0.908118655
v 0.0365214348 -0.0217513219 -0.00245141983
vt 0.915300012 0.73119998
vn 0.361172897 -0.928820957 -0.0827391582
v 0.0365214348 0.00196041912 0.00354467332
vt 0.918500006 0.751900017
vn 0.208056956 0.97674498 0.0517836603
v 0.0365214236 0.00386825204 0.0667757988
vt 0.878300011 0.752399981
vn 0.626945082 0.77870908 -0.0234953989
v 0.0365214348 -0.0217513219 -0.00245141983
vt 0.915300012 0.73119998
vn 0.361172897 -0.928820957 -0.0827391582
v 0.0365214385 0.0136799887 -0.019076854
vt 0.932799995 0.751900017
vn 0.570418987 0.497775946 0.653330917
v 0.0365214348 0.00196041912 0.00354467332
vt 0.918500006 0.751900017
vn 0.208056956 0.97674498 0.0517836603
v 0.0365214348 -0.0217513219 -0.00245141983
vt 0.915300012 0.73119998
vn 0.361172897 -0.928820957 -0.0827391582
v 0.0365214236 0.00386825204 0.0667757988
vt 0.878300011 0.752399981
vn 0.626945082 0.77870908 -0.0234953989
v 0.0365214236 -0.0201159194 0.0749523044
vt 0.870700002 0.73119998
vn 0.343845694 -0.938816643 0.0198355685
v -0.0294352695 -0.0201159194 0.0749523044
vt 0.870700002 0.709299982
vn 0 -0.999776874 0.0211234996
v 0.0365214348 -0.0217513219 -0.00245141983
vt 0.915300012 0.73119998
vn 0.361172897 -0.928820957 -0.0827391582
v 0.0365214236 -0.0201159194 0.0749523044
vt 0.870700002 0.73119998
vn 0.343845694 -0.938816643 0.0198355685
v -0.0294352695 -0.0201159194 0.0749523044
vt 0.870700002 0.709299982
vn 0 -0.999776874 0.0211234996
v -0.0294352584 -0.0217513219 -0.00245141983
vt 0.915300012 0.709299982
vn 0 -0.96712072 -0.25431774
v 0.0365214348 -0.0217513219 -0.00245141983
vt 0.915300012 0.73119998
vn 0.361172897 -0.928820957 -0.0827391582
v -0.0294352584 -0.0217513219 -0.00245141983
vt 0.915300012 0.709299982
vn 0 -0.96712072 -0.25431774
v 0.0365214422 -0.00158264488 -0.0373375416
vt 0.937600017 0.73119998
vn 0.262260962 -0.612191468 -0.745949592
v 0.0365214348 -0.0217513219 -0.00245141983
vt 0.915300012 0.73119998
vn 0.361172897 -0.928820957 -0.0827391582
v 0.0365214348 -0.0217513219 -0.00245141983
vt 0.915300012 0.73119998
vn 0.361172897 -0.928820957 -0.0827391582
v 0.0365214422 -0.00158264488 -0.0373375416
vt 0.937600017 0.73119998
vn 0.262260962 -0.612191468 -0.745949592
v 0.0365214385 0.0136799887 -0.019076854
vt 0.932799995 0.751900017
vn 0.570418987 0.497775946 0.653330917
v -0.0294352584 -0.0217513219 -0.00245141983
vt 0.915300012 0.709299982
vn 0 -0.96712072 -0.25431774
v -0.0294352528 -0.00158264488 -0.0373375416
vt 0.937600017 0.709299982
vn 0 -0.45380188 -0.891102606
v 0.0365214422 -0.00158264488 -0.0373375416
vt 0.937600017 0.73119998
vn 0.262260962 -0.612191468 -0.745949592
v -0.0294352528 -0.00158264488 -0.0373375416
vt 0.937600017 0.709299982
vn 0 -0.45380188 -0.891102606
v 0.036521446 0.076638706 -0.0648649335
vt 0.970300019 0.73119998
vn 0.299718429 -0.316699586 -0.899927906
v 0.0365214422 -0.00158264488 -0.0373375416
vt 0.937600017 0.73119998
vn 0.262260962 -0.612191468 -0.745949592
v 0.036521446 0.076638706 -0.0648649335
vt 0.970300019 0.73119998
vn 0.299718429 -0.316699586 -0.899927906
v 0.0365214422 0.0760935172 -0.0392453671
vt 0.960699975 0.751900017
vn 0.180519684 0.302436057 0.935919374
v 0.0365214385 0.0136799887 -0.019076854
vt 0.932799995 0.751900017
vn 0.570418987 0.497775946 0.653330917
v 0.036521446 0.076638706 -0.0648649335
vt 0.970300019 0.73119998
vn 0.299718429 -0.316699586 -0.899927906
v 0.0365214385 0.0136799887 -0.019076854
vt 0.932799995 0.751900017
vn 0.570418987 0.497775946 0.653330917
v 0.0365214422 -0.00158264488 -0.0373375416
vt 0.937600017 0.73119998
vn 0.262260962 -0.612191468 -0.745949592
v -0.0294352528 -0.00158264488 -0.0373375416
vt 0.937600017 0.709299982
vn 0 -0.45380188 -0.891102606
v -0.0294352472 0.076638706 -0.0648649335
vt 0.970300019 0.709299982
vn 0 -0.33196056 -0.943293267
v 0.036521446 0.076638706 -0.0648649335
vt 0.970300019 0.73119998
vn 0.299718429 -0.316699586 -0.899927906
v -0.0294352677 0.00386825204 0.0667757988
vt 0.878300011 0.752399981
vn -1 3.23550445e-08 -1.4650521e-07
v -0.0294352584 0.00196041912 0.00354467332
vt 0.918500006 0.751900017
vn -1 3.73255512e-08 -1.47605079e-07
v -0.0294352584 -0.0217513219 -0.00245141983
vt 0.915300012 0.73119998
vn -1 3.45387001e-08 -1.44520188e-07
v -0.0294352677 0.00386825204 0.0667757988
vt 0.878300011 0.752399981
vn -1 3.23550445e-08 -1.4650521e-07
v -0.0294352584 -0.0217513219 -0.00245141983
vt 0.915300012 0.73119998
vn -1 3.45387001e-08 -1.44520188e-07
v -0.0294352695 -0.0201159194 0.0749523044
vt 0.870700002 0.73119998
vn -1 2.82356842e-08 -1.44980719e-07
v -0.0294352584 -0.0217513219 -0.00245141983
vt 0.915300012 0.73119998
vn -1 3.45387001e-08 -1.44520188e-07
v -0.0294352584 0.00196041912 0.00354467332
vt 0.918500006 0.751900017
vn -1 3.73255512e-08 -1.47605079e-07
v -0.0294352546 0.0136799887 -0.019076854
vt 0.932799995 0.751900017
vn -1 9.13882987e-09 -1.59775153e-07
v -0.0294352584 -0.0217513219 -0.00245141983
vt 0.915300012 0.73119998
vn -1 3.45387001e-08 -1.44520188e-07
v -0.0294352546 0.0136799887 -0.019076854
vt 0.932799995 0.751900017
vn -1 9.13882987e-09 -1.59775153e-07
v -0.0294352528 -0.00158264488 -0.0373375416
vt 0.937600017 0.73119998
vn -1 3.19448601e-08 -1.28703141e-07
v -0.0294352546 0.0136799887 -0.019076854
vt 0.932799995 0.751900017
vn -1 9.13882987e-09 -1.59775153e-07
v -0.0294352472 0.076638706 -0.0648649335
vt 0.970300019 0.73119998
vn -1 -4.13626988e-09 -1.68406164e-07
v -0.0294352528 -0.00158264488 -0.0373375416
vt 0.937600017 0.73119998
vn -1 3.19448601e-08 -1.28703141e-07
v -0.0294352546 0.0136799887 -0.019076854
vt 0.932799995 0.751900017
vn -1 9.13882987e-09 -1.59775153e-07
v -0.0294352528 0.0760935172 -0.0392453671
vt 0.960699975 0.751900017
vn -1 -4.09192073e-08 -2.1898279e-07
v -0.0294352472 0.076638706 -0.0648649335
vt 0.970300019 0.73119998
vn -1 -4.13626988e-09 -1.68406164e-07
v 0.0452430621 -0.192094028 -0.522201061
vt 0.3926 0.672200024
vn 0.985169657 -0.0719655736 -0.155761689
v 0.0367940739 -0.148486197 -0.579981327
vt 0.421900004 0.711600006
vn 0.989427482 0.0206006099 -0.143557907
v 0.069227308 0.0281250142 -0.541551948
vt 0.359400004 0.818199992
vn 0.975678139 -0.122250384 -0.181953325
v 0.0452430621 -0.192094028 -0.522201061
vt 0.3926 0.672200024
vn 0.985169657 -0.0719655736 -0.155761689
v 0.069227308 0.0281250142 -0.541551948
vt 0.359400004 0.818199992
vn 0.975678139 -0.122250384 -0.181953325
v 0.0874880403 0.0281250142 -0.426809043
vt 0.284500003 0.795700014
vn 0.980377901 -0.120483627 -0.156022008
v 0.0367940739 -0.148486197 -0.579981327
vt 0.421900004 0.711600006
vn 0.989427482 0.0206006099 -0.143557907
v 0.0452430621 -0.192094028 -0.522201061
vt 0.3926 0.672200024
vn 0.985169657 -0.0719655736 -0.155761689
v 0.0438803434 -0.237882107 -0.679188967
vt 0.502600014 0.671800017
vn 0.987444392 0.145783561 -0.060833592
v 0.0367940739 -0.148486197 -0.579981327
vt 0.421900004 0.711600006
vn 0.989427482 0.0206006099 -0.143557907
v 0.0438803434 -0.237882107 -0.679188967
vt 0.502600014 0.671800017
vn 0.987444392 0.145783561 -0.060833592
v 0.0359764434 -0.198362529 -0.687637866
vt 0.500800014 0.699299991
vn 0.980156528 0.176916382 -0.0894079097
v -0.0637762621 0.0281250142 -0.541551948
vt 0.565500021 0.666800022
vn 0 0.212617916 -0.977135416
v 0.069227308 0.0281250142 -0.541551948
vt 0.491600007 0.666499972
vn 0 0.212617916 -0.977135416
v 0.0367940739 -0.148486197 -0.579981327
vt 0.509899974 0.58069998
vn 0 0.36096253 -0.932580319
v -0.0637762621 0.0281250142 -0.541551948
vt 0.565500021 0.666800022
vn 0 0.212617916 -0.977135416
v 0.0367940739 -0.148486197 -0.579981327
vt 0.509899974 0.58069998
vn 0 0.36096253 -0.932580319
v -0.0313430056 -0.148486197 -0.579981327
vt 0.547800004 0.580799997
vn 0 0.67378696 -0.738925661
v -0.0313430056 -0.148486197 -0.579981327
vt 0.547800004 0.580799997
vn 0 0.67378696 -0.738925661
v 0.0367940739 -0.148486197 -0.579981327
vt 0.509899974 0.58069998
vn 0 0.36096253 -0.932580319
v 0.0359764434 -0.198362529 -0.687637866
vt 0.510699987 0.524399996
vn 0 0.830711072 -0.556703794
v -0.0313430056 -0.148486197 -0.579981327
vt 0.547800004 0.580799997
vn 0 0.67378696 -0.738925661
v 0.0359764434 -0.198362529 -0.687637866
vt 0.510699987 0.524399996
vn 0 0.830711072 -0.556703794
v -0.0302527975 -0.198362529 -0.687637866
vt 0.547399998 0.524500012
vn 0 0.539913708 -0.841720374
v -0.0302527975 -0.198362529 -0.687637866
vt 0.547399998 0.524500012
vn 0 0.539913708 -0.841720374
v 0.0359764434 -0.198362529 -0.687637866
vt 0.510699987 0.524399996
vn 0 0.830711072 -0.556703794
v 0.0438803434 -0.237882107 -0.679188967
vt 0.506399989 0.505299985
vn 0 -0.209065781 -0.97790158
v -0.0302527975 -0.198362529 -0.687637866
vt 0.547399998 0.524500012
vn 0 0.539913708 -0.841720374
v 0.0438803434 -0.237882107 -0.679188967
vt 0.506399989 0.505299985
vn 0 -0.209065781 -0.97790158
v -0.0381566994 -0.237882107 -0.679188967
vt 0.551999986 0.505400002
vn 0 -0.209065781 -0.97790158
v -0.0395194702 -0.192094028 -0.522201061
vt 0.323399991 0.689300001
vn -9.28464436e-08 -0.531408629 0.847115618
v 0.0452430621 -0.192094028 -0.522201061
vt 0.343499988 0.710200012
vn 0 -0.793280103 0.608856862
v 0.0874880403 0.0281250142 -0.426809043
vt 0.294400007 0.777499974
vn -1.07543316e-07 -0.397480274 0.917610719
v -0.0395194702 -0.192094028 -0.522201061
vt 0.323399991 0.689300001
vn -9.28464436e-08 -0.531408629 0.847115618
v 0.0874880403 0.0281250142 -0.426809043
vt 0.294400007 0.777499974
vn -1.07543316e-07 -0.397480274 0.917610719
v -0.0820370167 0.0281250142 -0.426809072
vt 0.254299998 0.735800028
vn -1.61314978e-07 -0.397480247 0.917610731
v -0.0381566994 -0.237882107 -0.679188967
vt 0.363900006 0.650900006
vn 0 -0.960000098 0.279999664
v 0.0452430621 -0.192094028 -0.522201061
vt 0.343499988 0.710200012
vn 0 -0.793280103 0.608856862
v -0.0395194702 -0.192094028 -0.522201061
vt 0.323399991 0.689300001
vn -9.28464436e-08 -0.531408629 0.847115618
v -0.0381566994 -0.237882107 -0.679188967
vt 0.363900006 0.650900006
vn 0 -0.960000098 0.279999664
v 0.0438803434 -0.237882107 -0.679188967
vt 0.383300006 0.67110002
vn 0 -0.960000098 0.279999664
v 0.0452430621 -0.192094028 -0.522201061
vt 0.343499988 0.710200012
vn 0 -0.793280103 0.608856862
v -0.0395194702 -0.192094028 -0.522201061
vt 0.3926 0.672200024
vn -0.985237115 -0.0737561799 -0.154492242
v -0.0820370167 0.0281250142 -0.426809072
vt 0.284500003 0.795700014
vn -0.980233856 -0.121679095 -0.155999315
v -0.0637762621 0.0281250142 -0.541551948
vt 0.359400004 0.818199992
vn -0.975770385 -0.123358497 -0.180706495
v -0.0395194702 -0.192094028 -0.522201061
vt 0.3926 0.672200024
vn -0.985237115 -0.0737561799 -0.154492242
v -0.0637762621 0.0281250142 -0.541551948
vt 0.359400004 0.818199992
vn -0.975770385 -0.123358497 -0.180706495
v -0.0313430056 -0.148486197 -0.579981327
vt 0.421900004 0.711600006
vn -0.989735539 0.0184958183 -0.141709094
v -0.0313430056 -0.148486197 -0.579981327
vt 0.421900004 0.711600006
vn -0.989735539 0.0184958183 -0.141709094
v -0.0381566994 -0.237882107 -0.679188967
vt 0.502600014 0.671800017
vn -0.987899342 0.142706693 -0.0607428133
v -0.0395194702 -0.192094028 -0.522201061
vt 0.3926 0.672200024
vn -0.985237115 -0.0737561799 -0.154492242
v -0.0313430056 -0.148486197 -0.579981327
vt 0.421900004 0.711600006
vn -0.989735539 0.0184958183 -0.141709094
v -0.0302527975 -0.198362529 -0.687637866
vt 0.500800014 0.699299991
vn -0.980039758 0.176412661 -0.0916550345
v -0.0381566994 -0.237882107 -0.679188967
vt 0.502600014 0.671800017
vn -0.987899342 0.142706693 -0.0607428133
v 0.0596881472 0.160856128 -0.712439775
vt 0.769800007 0.906700015
vn 0.892356259 -0.44457449 -0.0778063637
v 0.0504215099 0.167942435 -0.743237674
vt 0.790600002 0.908200026
vn 0.662403718 -0.662403552 -0.349918346
v 0.0504215099 0.244800985 -0.743237674
vt 0.790600002 0.956499994
vn 0.82026058 0.451418763 -0.351274367
v 0.0596881472 0.160856128 -0.712439775
vt 0.769800007 0.906700015
vn 0.892356259 -0.44457449 -0.0778063637
v 0.0504215099 0.244800985 -0.743237674
vt 0.790600002 0.956499994
vn 0.82026058 0.451418763 -0.351274367
v 0.0596881472 0.251887262 -0.712439775
vt 0.769800007 0.958000004
vn 0.87598892 0.48136055 -0.0305848391
v -0.00081757782 0.142050266 -0.712439775
vt 0.769800007 0.870899975
vn 0.296697636 -0.95399111 -0.0432605453
v 0.0504215099 0.167942435 -0.743237674
vt 0.790600002 0.908200026
vn 0.662403718 -0.662403552 -0.349918346
v 0.0596881472 0.160856128 -0.712439775
vt 0.769800007 0.906700015
vn 0.892356259 -0.44457449 -0.0778063637
v -0.00081757782 0.142050266 -0.712439775
vt 0.769800007 0.870899975
vn 0.296697636 -0.95399111 -0.0432605453
v -0.000817573164 0.15186201 -0.743237674
vt 0.790600002 0.87470001
vn 0.286489035 -0.912876134 -0.290828467
v 0.0504215099 0.167942435 -0.743237674
vt 0.790600002 0.908200026
vn 0.662403718 -0.662403552 -0.349918346
v -0.00081757782 0.270965576 -0.712439775
vt 0.769800007 0.993799984
vn 0.299687678 0.950948802 -0.0767050998
v 0.0596881472 0.251887262 -0.712439775
vt 0.769800007 0.958000004
vn 0.87598892 0.48136055 -0.0305848391
v 0.0504215099 0.244800985 -0.743237674
vt 0.790600002 0.956499994
vn 0.82026058 0.451418763 -0.351274367
v -0.00081757782 0.270965576 -0.712439775
vt 0.769800007 0.993799984
vn 0.299687678 0.950948802 -0.0767050998
v 0.0504215099 0.244800985 -0.743237674
vt 0.790600002 0.956499994
vn 0.82026058 0.451418763 -0.351274367
v -0.000817573164 0.260881394 -0.743237674
vt 0.790600002 0.989899993
vn 0.285809051 0.910710259 -0.298194586
v -0.000817603897 0.270965576 -0.53937149
vt 0.66170001 0.995000005
vn 0.300719169 0.953712735 4.53108059e-08
v 0.0596881472 0.251887262 -0.712439775
vt 0.769800007 0.958000004
vn 0.87598892 0.48136055 -0.0305848391
v -0.00081757782 0.270965576 -0.712439775
vt 0.769800007 0.993799984
vn 0.299687678 0.950948802 -0.0767050998
v -0.000817603897 0.270965576 -0.53937149
vt 0.66170001 0.995000005
vn 0.300719169 0.953712735 4.53108059e-08
v 0.0596881211 0.251887262 -0.53937149
vt 0.661199987 0.958500028
vn 0.876398922 0.481585848 1.32051247e-07
v 0.0596881472 0.251887262 -0.712439775
vt 0.769800007 0.958000004
vn 0.87598892 0.48136055 -0.0305848391
v 0.0596881211 0.160856128 -0.53937149
vt 0.661199987 0.906099975
vn 0.875894545 -0.482502586 1.3197525e-07
v 0.0596881472 0.160856128 -0.712439775
vt 0.769800007 0.906700015
vn 0.892356259 -0.44457449 -0.0778063637
v 0.0596881472 0.251887262 -0.712439775
vt 0.769800007 0.958000004
vn 0.87598892 0.48136055 -0.0305848391
v 0.0596881211 0.160856128 -0.53937149
vt 0.661199987 0.906099975
vn 0.875894545 -0.482502586 1.3197525e-07
v 0.0596881472 0.251887262 -0.712439775
vt 0.769800007 0.958000004
vn 0.87598892 0.48136055 -0.0305848391
v 0.0596881211 0.251887262 -0.53937149
vt 0.661199987 0.958500028
vn 0.876398922 0.481585848 1.32051247e-07
v -0.00081757782 0.142050266 -0.712439775
vt 0.769800007 0.870899975
vn 0.296697636 -0.95399111 -0.0432605453
v 0.0596881472 0.160856128 -0.712439775
vt 0.769800007 0.906700015
vn 0.892356259 -0.44457449 -0.0778063637
v 0.0596881211 0.160856128 -0.53937149
vt 0.661199987 0.906099975
vn 0.875894545 -0.482502586 1.3197525e-07
v -0.00081757782 0.142050266 -0.712439775
vt 0.769800007 0.870899975
vn 0.296697636 -0.95399111 -0.0432605453
v 0.0596881211 0.160856128 -0.53937149
vt 0.661199987 0.906099975
vn 0.875894545 -0.482502586 1.3197525e-07
v -0.000817603897 0.142050266 -0.53937149
vt 0.66170001 0.869599998
vn 0.296805484 -0.954937959 4.47211115e-08
v -0.052056659 0.244800985 -0.743237674
vt 0.790600002 0.956499994
vn -0.820260515 0.451418742 -0.351274546
v -0.052056659 0.167942435 -0.743237674
vt 0.790600002 0.908200026
vn -0.662403668 -0.662403525 -0.349918492
v -0.0613233037 0.160856128 -0.712439775
vt 0.769800007 0.906700015
vn -0.892356238 -0.444574487 -0.0778066188
v -0.052056659 0.244800985 -0.743237674
vt 0.790600002 0.956499994
vn -0.820260515 0.451418742 -0.351274546
v -0.0613233037 0.160856128 -0.712439775
vt 0.769800007 0.906700015
vn -0.892356238 -0.444574487 -0.0778066188
v -0.0613233037 0.251887262 -0.712439775
vt 0.769800007 0.958000004
vn -0.87598891 0.481360552 -0.0305850986
v -0.00081757782 0.142050266 -0.712439775
vt 0.769800007 0.870899975
vn -0.29669763 -0.953991108 -0.0432606339
v -0.0613233037 0.160856128 -0.712439775
vt 0.769800007 0.906700015
vn -0.892356238 -0.444574487 -0.0778066188
v -0.052056659 0.167942435 -0.743237674
vt 0.790600002 0.908200026
vn -0.662403668 -0.662403525 -0.349918492
v -0.00081757782 0.142050266 -0.712439775
vt 0.769800007 0.870899975
vn -0.29669763 -0.953991108 -0.0432606339
v -0.052056659 0.167942435 -0.743237674
vt 0.790600002 0.908200026
vn -0.662403668 -0.662403525 -0.349918492
v -0.000817573164 0.15186201 -0.743237674
vt 0.790600002 0.87470001
vn -0.286489014 -0.912876115 -0.290828547
v -0.052056659 0.244800985 -0.743237674
vt 0.790600002 0.956499994
vn -0.820260515 0.451418742 -0.351274546
v -0.0613233037 0.251887262 -0.712439775
vt 0.769800007 0.958000004
vn -0.87598891 0.481360552 -0.0305850986
v -0.00081757782 0.270965576 -0.712439775
vt 0.769800007 0.993799984
vn -0.299687671 0.950948797 -0.0767051882
v -0.052056659 0.244800985 -0.743237674
vt 0.790600002 0.956499994
vn -0.820260515 0.451418742 -0.351274546
v -0.00081757782 0.270965576 -0.712439775
vt 0.769800007 0.993799984
vn -0.299687671 0.950948797 -0.0767051882
v -0.000817573164 0.260881394 -0.743237674
vt 0.790600002 0.989899993
vn -0.285809029 0.910710239 -0.298194667
v -0.0613233037 0.251887262 -0.712439775
vt 0.769800007 0.958000004
vn -0.87598891 0.481360552 -0.0305850986
v -0.000817603897 0.270965576 -0.53937149
vt 0.66170001 0.995000005
vn -0.300719165 0.953712737 -4.53108046e-08
v -0.00081757782 0.270965576 -0.712439775
vt 0.769800007 0.993799984
vn -0.299687671 0.950948797 -0.0767051882
v -0.0613233037 0.251887262 -0.712439775
vt 0.769800007 0.958000004
vn -0.87598891 0.481360552 -0.0305850986
v -0.0613233298 0.251887262 -0.53937149
vt 0.661199987 0.958500028
vn -0.876398919 0.481585854 -1.32051246e-07
v -0.000817603897 0.270965576 -0.53937149
vt 0.66170001 0.995000005
vn -0.300719165 0.953712737 -4.53108046e-08
v -0.0613233037 0.251887262 -0.712439775
vt 0.769800007 0.958000004
vn -0.87598891 0.481360552 -0.0305850986
v -0.0613233037 0.160856128 -0.712439775
vt 0.769800007 0.906700015
vn -0.892356238 -0.444574487 -0.0778066188
v -0.0613233298 0.160856128 -0.53937149
vt 0.661199987 0.906099975
vn -0.875894542 -0.482502592 -1.3197525e-07
v -0.0613233037 0.251887262 -0.712439775
vt 0.769800007 0.958000004
vn -0.87598891 0.481360552 -0.0305850986
v -0.0613233298 0.160856128 -0.53937149
vt 0.661199987 0.906099975
vn -0.875894542 -0.482502592 -1.3197525e-07
v -0.0613233298 0.251887262 -0.53937149
vt 0.661199987 0.958500028
vn -0.876398919 0.481585854 -1.32051246e-07
v -0.0613233298 0.160856128 -0.53937149
vt 0.661199987 0.906099975
vn -0.875894542 -0.482502592 -1.3197525e-07
v -0.0613233037 0.160856128 -0.712439775
vt 0.769800007 0.906700015
vn -0.892356238 -0.444574487 -0.0778066188
v -0.00081757782 0.142050266 -0.712439775
vt 0.769800007 0.870899975
vn -0.29669763 -0.953991108 -0.0432606339
v -0.0613233298 0.160856128 -0.53937149
vt 0.661199987 0.906099975
vn -0.875894542 -0.482502592 -1.3197525e-07
v -0.00081757782 0.142050266 -0.712439775
vt 0.769800007 0.870899975
vn -0.29669763 -0.953991108 -0.0432606339
v -0.000817603897 0.142050266 -0.53937149
vt 0.66170001 0.869599998
vn -0.296805479 -0.95493796 -4.47211115e-08
v -0.000817575085 0.302853823 -0.730427921
vt 0.658699989 0.860300004
vn 0.294882662 0.955533472 4.57228005e-08
v 0.0910312086 0.274508804 -0.730427921
vt 0.658699989 0.838800013
vn 0.87292533 0.48785384 1.3873791e-07
v 0.0910312384 0.274508804 -0.917941213
vt 0.811800003 0.838800013
vn 0.871452674 0.487030817 -0.0580622196
v -0.000817575085 0.302853823 -0.730427921
vt 0.658699989 0.860300004
vn 0.294882662 0.955533472 4.57228005e-08
v 0.0910312384 0.274508804 -0.917941213
vt 0.811800003 0.838800013
vn 0.871452674 0.487030817 -0.0580622196
v -0.000817546737 0.302853823 -0.917941213
vt 0.811800003 0.860300004
vn 0.291260983 0.943983081 -0.155122477
v 0.0910312086 0.138507202 -0.730427921
vt 0.658699989 0.723800004
vn 0.873269264 -0.487237921 1.38203513e-07
v 0.0910312384 0.274508804 -0.917941213
vt 0.811800003 0.838800013
vn 0.871452674 0.487030817 -0.0580622196
v 0.0910312086 0.274508804 -0.730427921
vt 0.658699989 0.838800013
vn 0.87292533 0.48785384 1.3873791e-07
v 0.0910312086 0.138507202 -0.730427921
vt 0.658699989 0.723800004
vn 0.873269264 -0.487237921 1.38203513e-07
v 0.0910312384 0.138507202 -0.917941213
vt 0.811800003 0.723800004
vn 0.87092426 -0.465485363 -0.157525585
v 0.0910312384 0.274508804 -0.917941213
vt 0.811800003 0.838800013
vn 0.871452674 0.487030817 -0.0580622196
v -0.000817546737 0.109889597 -0.917941213
vt 0.811800003 0.699699998
vn 0.296431136 -0.951439488 -0.0830149499
v 0.0910312384 0.138507202 -0.917941213
vt 0.811800003 0.723800004
vn 0.87092426 -0.465485363 -0.157525585
v 0.0910312086 0.138507202 -0.730427921
vt 0.658699989 0.723800004
vn 0.873269264 -0.487237921 1.38203513e-07
v -0.000817546737 0.109889597 -0.917941213
vt 0.811800003 0.699699998
vn 0.296431136 -0.951439488 -0.0830149499
v 0.0910312086 0.138507202 -0.730427921
vt 0.658699989 0.723800004
vn 0.873269264 -0.487237921 1.38203513e-07
v -0.000817575085 0.109889597 -0.730427921
vt 0.658699989 0.699699998
vn 0.297468633 -0.954731592 4.49695173e-08
v -0.000817546737 0.302853823 -0.917941213
vt 0.811800003 0.860300004
vn 0.291260983 0.943983081 -0.155122477
v 0.0910312384 0.274508804 -0.917941213
vt 0.811800003 0.838800013
vn 0.871452674 0.487030817 -0.0580622196
v 0.0727704987 0.260881394 -0.931296051
vt 0.824000001 0.827300012
vn 0.443782742 0.248272896 -0.861056007
v 0.0910312384 0.138507202 -0.917941213
vt 0.811800003 0.723800004
vn 0.87092426 -0.465485363 -0.157525585
v 0.0727704987 0.260881394 -0.931296051
vt 0.824000001 0.827300012
vn 0.443782742 0.248272896 -0.861056007
v 0.0910312384 0.274508804 -0.917941213
vt 0.811800003 0.838800013
vn 0.871452674 0.487030817 -0.0580622196
v -0.000817546737 0.302853823 -0.917941213
vt 0.811800003 0.860300004
vn 0.291260983 0.943983081 -0.155122477
v 0.0727704987 0.260881394 -0.931296051
vt 0.824000001 0.827300012
vn 0.443782742 0.248272896 -0.861056007
v -0.000817544758 0.283502936 -0.931296051
vt 0.824000001 0.846499979
vn 0.17200644 0.559538215 -0.810759379
v 0.0910312384 0.138507202 -0.917941213
vt 0.811800003 0.723800004
vn 0.87092426 -0.465485363 -0.157525585
v 0.0727704987 0.152134597 -0.931296051
vt 0.824000001 0.735300004
vn 0.35505089 -0.366523381 -0.859999696
v 0.0727704987 0.260881394 -0.931296051
vt 0.824000001 0.827300012
vn 0.443782742 0.248272896 -0.861056007
v -0.000817546737 0.109889597 -0.917941213
vt 0.811800003 0.699699998
vn 0.296431136 -0.951439488 -0.0830149499
v 0.0727704987 0.152134597 -0.931296051
vt 0.824000001 0.735300004
vn 0.35505089 -0.366523381 -0.859999696
v 0.0910312384 0.138507202 -0.917941213
vt 0.811800003 0.723800004
vn 0.87092426 -0.465485363 -0.157525585
v -0.000817546737 0.109889597 -0.917941213
vt 0.811800003 0.699699998
vn 0.296431136 -0.951439488 -0.0830149499
v -0.000817544758 0.129240483 -0.931296051
vt 0.824000001 0.716099977
vn 0.174016586 -0.559337651 -0.810468765
v 0.0727704987 0.152134597 -0.931296051
vt 0.824000001 0.735300004
vn 0.35505089 -0.366523381 -0.859999696
v -0.000817542546 0.302853823 -0.945741057
vt 0.836600006 0.859200001
vn 0.181519668 0.589210592 0.787325529
v -0.000817544758 0.283502936 -0.931296051
vt 0.824000001 0.846499979
vn 0.180856506 0.588327546 0.788138074
v 0.0727704987 0.260881394 -0.931296051
vt 0.824000001 0.827300012
vn 0.374965997 0.388403229 0.84175022
v -0.000817542546 0.302853823 -0.945741057
vt 0.836600006 0.859200001
vn 0.181519668 0.589210592 0.787325529
v 0.0727704987 0.260881394 -0.931296051
vt 0.824000001 0.827300012
vn 0.374965997 0.388403229 0.84175022
v 0.0910312384 0.274508804 -0.945741057
vt 0.836600006 0.838800013
vn 0.724637244 0.318524545 0.611099811
v 0.0727704987 0.152134597 -0.931296051
vt 0.824000001 0.735300004
vn 0.469168415 -0.261991837 0.843351218
v 0.0910312384 0.274508804 -0.945741057
vt 0.836600006 0.838800013
vn 0.724637244 0.318524545 0.611099811
v 0.0727704987 0.260881394 -0.931296051
vt 0.824000001 0.827300012
vn 0.374965997 0.388403229 0.84175022
v 0.0727704987 0.152134597 -0.931296051
vt 0.824000001 0.735300004
vn 0.469168415 -0.261991837 0.843351218
v 0.0910312384 0.138234615 -0.945741057
vt 0.836600006 0.723699987
vn 0.851078477 -0.318836548 0.417143478
v 0.0910312384 0.274508804 -0.945741057
vt 0.836600006 0.838800013
vn 0.724637244 0.318524545 0.611099811
v 0.0727704987 0.152134597 -0.931296051
vt 0.824000001 0.735300004
vn 0.469168415 -0.261991837 0.843351218
v -0.000817542546 0.109889597 -0.945741057
vt 0.836600006 0.699699998
vn 0.181574774 -0.586254143 0.789516739
v 0.0910312384 0.138234615 -0.945741057
vt 0.836600006 0.723699987
vn 0.851078477 -0.318836548 0.417143478
v 0.0727704987 0.152134597 -0.931296051
vt 0.824000001 0.735300004
vn 0.469168415 -0.261991837 0.843351218
v -0.000817544758 0.129240483 -0.931296051
vt 0.824000001 0.716099977
vn 0.182963157 -0.588094416 0.787825768
v -0.000817542546 0.109889597 -0.945741057
vt 0.836600006 0.699699998
vn 0.181574774 -0.586254143 0.789516739
v 0.0910312384 0.138234615 -0.945741057
vt 0.836600006 0.723699987
vn 0.851078477 -0.318836548 0.417143478
v 0.0910312459 0.274508804 -0.966727376
vt 0.853900015 0.838800013
vn 0.873097462 0.487545712 2.94527196e-07
v 0.0910312384 0.274508804 -0.945741057
vt 0.836600006 0.838800013
vn 0.724637244 0.318524545 0.611099811
v -0.000817542546 0.302853823 -0.945741057
vt 0.836600006 0.859200001
vn 0.294882666 0.955533471 7.44276869e-08
v 0.0910312384 0.274508804 -0.945741057
vt 0.836600006 0.838800013
vn 0.724637244 0.318524545 0.611099811
v 0.0910312459 0.274508804 -0.966727376
vt 0.853900015 0.838800013
vn 0.873097462 0.487545712 2.94527196e-07
v -0.000817542546 0.302853823 -0.945741057
vt 0.836600006 0.859200001
vn 0.294882666 0.955533471 7.44276869e-08
v 0.0910312459 0.274508804 -0.966727376
vt 0.853900015 0.838800013
vn 0.873097462 0.487545712 2.94527196e-07
v -0.000817539403 0.302853823 -0.966727376
vt 0.853900015 0.859099984
vn 0.294882659 0.955533473 4.41658792e-08
v 0.0910312384 0.138234615 -0.945741057
vt 0.836600006 0.723699987
vn 0.851078477 -0.318836548 0.417143478
v 0.0910312459 0.138507202 -0.966727376
vt 0.853900015 0.723800004
vn 0.724276653 -0.689494946 -0.00447761827
v 0.0910312459 0.274508804 -0.966727376
vt 0.853900015 0.838800013
vn 0.873097462 0.487545712 2.94527196e-07
v -0.000817542546 0.109889597 -0.945741057
vt 0.836600006 0.699699998
vn 0.296170767 -0.955114863 -0.00620281973
v 0.0910312459 0.138507202 -0.966727376
vt 0.853900015 0.723800004
vn 0.724276653 -0.689494946 -0.00447761827
v 0.0910312384 0.138234615 -0.945741057
vt 0.836600006 0.723699987
vn 0.851078477 -0.318836548 0.417143478
v -0.000817542546 0.109889597 -0.945741057
vt 0.836600006 0.699699998
vn 0.296170767 -0.955114863 -0.00620281973
v -0.000817539403 0.109889597 -0.966727376
vt 0.853900015 0.699699998
vn 0.297468628 -0.954731593 4.45531912e-08
v 0.0910312459 0.138507202 -0.966727376
vt 0.853900015 0.723800004
vn 0.724276653 -0.689494946 -0.00447761827
v -0.000817575085 0.109889597 -0.730427921
vt 0.824199975 0.934300005
vn 0 -6.74977722e-16 1
v 0.0910312086 0.138507202 -0.730427921
vt 0.853999972 0.943300009
vn 2.5434669e-16 -8.16330844e-16 1
v 0.0910312086 0.274508804 -0.730427921
vt 0.854399979 0.987299979
vn 1.00159254e-18 -6.74977722e-16 1
v -0.000817575085 0.109889597 -0.730427921
vt 0.824199975 0.934300005
vn 0 -6.74977722e-16 1
v 0.0910312086 0.274508804 -0.730427921
vt 0.854399979 0.987299979
vn 1.00159254e-18 -6.74977722e-16 1
v -0.000817575085 0.302853823 -0.730427921
vt 0.824800014 0.996699989
vn 0 -5.75351736e-16 1
v -0.000817575085 0.109889597 -0.730427921
vt 0.824199975 0.934300005
vn 0 -6.74977722e-16 1
v -0.000817575085 0.302853823 -0.730427921
vt 0.824800014 0.996699989
vn 0 -5.75351736e-16 1
v -0.0926663578 0.274508804 -0.730427921
vt 0.795000017 0.987800002
vn -1.00159255e-18 -6.74977722e-16 1
v -0.000817575085 0.109889597 -0.730427921
vt 0.824199975 0.934300005
vn 0 -6.74977722e-16 1
v -0.0926663578 0.274508804 -0.730427921
vt 0.795000017 0.987800002
vn -1.00159255e-18 -6.74977722e-16 1
v -0.0926663578 0.138507202 -0.730427921
vt 0.79460001 0.943799973
vn -2.54346693e-16 -8.16330844e-16 1
v -0.000817539403 0.109889597 -0.966727376
vt 0.832599998 0.86500001
vn -6.56449417e-17 6.38144718e-16 -1
v -0.0926663205 0.138507202 -0.966727376
vt 0.864899993 0.875
vn 2.54346697e-16 8.16330844e-16 -1
v -0.0926663205 0.274508804 -0.966727376
vt 0.864899993 0.922999978
vn 1.00159257e-18 6.74977722e-16 -1
v -0.000817539403 0.109889597 -0.966727376
vt 0.832599998 0.86500001
vn -6.56449417e-17 6.38144718e-16 -1
v -0.0926663205 0.274508804 -0.966727376
vt 0.864899993 0.922999978
vn 1.00159257e-18 6.74977722e-16 -1
v -0.000817539403 0.302853823 -0.966727376
vt 0.832599998 0.933000028
vn -6.62762318e-17 6.3814472e-16 -1
v 0.0910312459 0.138507202 -0.966727376
vt 0.800199986 0.875
vn -1.00159252e-18 6.74977722e-16 -1
v -0.000817539403 0.109889597 -0.966727376
vt 0.832599998 0.86500001
vn -6.56449417e-17 6.38144718e-16 -1
v -0.000817539403 0.302853823 -0.966727376
vt 0.832599998 0.933000028
vn -6.62762318e-17 6.3814472e-16 -1
v 0.0910312459 0.138507202 -0.966727376
vt 0.800199986 0.875
vn -1.00159252e-18 6.74977722e-16 -1
v -0.000817539403 0.302853823 -0.966727376
vt 0.832599998 0.933000028
vn -6.62762318e-17 6.3814472e-16 -1
v 0.0910312459 0.274508804 -0.966727376
vt 0.800199986 0.922999978
vn 2.51923996e-16 8.16330844e-16 -1
v -0.092666328 0.274508804 -0.917941213
vt 0.811800003 0.838800013
vn -0.871421561 0.487013415 -0.0586719391
v -0.0926663578 0.274508804 -0.730427921
vt 0.658699989 0.838800013
vn -0.872925332 0.487853835 -1.3873791e-07
v -0.000817575085 0.302853823 -0.730427921
vt 0.658699989 0.860300004
vn -0.294882669 0.95553347 -4.57228011e-08
v -0.092666328 0.274508804 -0.917941213
vt 0.811800003 0.838800013
vn -0.871421561 0.487013415 -0.0586719391
v -0.000817575085 0.302853823 -0.730427921
vt 0.658699989 0.860300004
vn -0.294882669 0.95553347 -4.57228011e-08
v -0.000817546737 0.302853823 -0.917941213
vt 0.811800003 0.860300004
vn -0.291304228 0.943946356 -0.155264688
v -0.092666328 0.274508804 -0.917941213
vt 0.811800003 0.838800013
vn -0.871421561 0.487013415 -0.0586719391
v -0.0926663578 0.138507202 -0.730427921
vt 0.658699989 0.723800004
vn -0.87326927 -0.487237911 -1.38203514e-07
v -0.0926663578 0.274508804 -0.730427921
vt 0.658699989 0.838800013
vn -0.872925332 0.487853835 -1.3873791e-07
v -0.092666328 0.274508804 -0.917941213
vt 0.811800003 0.838800013
vn -0.871421561 0.487013415 -0.0586719391
v -0.092666328 0.138507202 -0.917941213
vt 0.811800003 0.723800004
vn -0.870664916 -0.46534673 -0.159358163
v -0.0926663578 0.138507202 -0.730427921
vt 0.658699989 0.723800004
vn -0.87326927 -0.487237911 -1.38203514e-07
v -0.0926663578 0.138507202 -0.730427921
vt 0.658699989 0.723800004
vn -0.87326927 -0.487237911 -1.38203514e-07
v -0.092666328 0.138507202 -0.917941213
vt 0.811800003 0.723800004
vn -0.870664916 -0.46534673 -0.159358163
v -0.000817546737 0.109889597 -0.917941213
vt 0.811800003 0.699699998
vn -0.296456175 -0.951425344 -0.0830876119
v -0.0926663578 0.138507202 -0.730427921
vt 0.658699989 0.723800004
vn -0.87326927 -0.487237911 -1.38203514e-07
v -0.000817546737 0.109889597 -0.917941213
vt 0.811800003 0.699699998
vn -0.296456175 -0.951425344 -0.0830876119
v -0.000817575085 0.109889597 -0.730427921
vt 0.658699989 0.699699998
vn -0.297468636 -0.954731591 -4.49695182e-08
v -0.0741330385 0.260881394 -0.931296051
vt 0.824000001 0.827300012
vn -0.440873617 0.246239052 -0.863131962
v -0.092666328 0.274508804 -0.917941213
vt 0.811800003 0.838800013
vn -0.871421561 0.487013415 -0.0586719391
v -0.000817546737 0.302853823 -0.917941213
vt 0.811800003 0.860300004
vn -0.291304228 0.943946356 -0.155264688
v -0.0741330385 0.260881394 -0.931296051
vt 0.824000001 0.827300012
vn -0.440873617 0.246239052 -0.863131962
v -0.092666328 0.138507202 -0.917941213
vt 0.811800003 0.723800004
vn -0.870664916 -0.46534673 -0.159358163
v -0.092666328 0.274508804 -0.917941213
vt 0.811800003 0.838800013
vn -0.871421561 0.487013415 -0.0586719391
v -0.0741330385 0.260881394 -0.931296051
vt 0.824000001 0.827300012
vn -0.440873617 0.246239052 -0.863131962
v -0.000817546737 0.302853823 -0.917941213
vt 0.811800003 0.860300004
vn -0.291304228 0.943946356 -0.155264688
v -0.000817544758 0.283502936 -0.931296051
vt 0.824000001 0.846499979
vn -0.172626844 0.559476546 -0.810670073
v -0.0741330385 0.260881394 -0.931296051
vt 0.824000001 0.827300012
vn -0.440873617 0.246239052 -0.863131962
v -0.0741330385 0.152134597 -0.931296051
vt 0.824000001 0.735300004
vn -0.353505216 -0.364326552 -0.861568468
v -0.092666328 0.138507202 -0.917941213
vt 0.811800003 0.723800004
vn -0.870664916 -0.46534673 -0.159358163
v -0.0741330385 0.152134597 -0.931296051
vt 0.824000001 0.735300004
vn -0.353505216 -0.364326552 -0.861568468
v -0.000817546737 0.109889597 -0.917941213
vt 0.811800003 0.699699998
vn -0.296456175 -0.951425344 -0.0830876119
v -0.092666328 0.138507202 -0.917941213
vt 0.811800003 0.723800004
vn -0.870664916 -0.46534673 -0.159358163
v -0.0741330385 0.152134597 -0.931296051
vt 0.824000001 0.735300004
vn -0.353505216 -0.364326552 -0.861568468
v -0.000817544758 0.129240483 -0.931296051
vt 0.824000001 0.716099977
vn -0.174643788 -0.559274556 -0.810377393
v -0.000817546737 0.109889597 -0.917941213
vt 0.811800003 0.699699998
vn -0.296456175 -0.951425344 -0.0830876119
v -0.000817542546 0.302853823 -0.945741057
vt 0.836600006 0.859200001
vn -0.181536993 0.588296054 0.788005123
v -0.092666328 0.274508804 -0.945741057
vt 0.836600006 0.838800013
vn -0.721410483 0.317106192 0.61563835
v -0.0741330385 0.260881394 -0.931296051
vt 0.824000001 0.827300012
vn -0.373417462 0.386161977 0.843468035
v -0.000817542546 0.302853823 -0.945741057
vt 0.836600006 0.859200001
vn -0.181536993 0.588296054 0.788005123
v -0.0741330385 0.260881394 -0.931296051
vt 0.824000001 0.827300012
vn -0.373417462 0.386161977 0.843468035
v -0.000817544758 0.283502936 -0.931296051
vt 0.824000001 0.846499979
vn -0.181506736 0.588255913 0.788042058
v -0.092666328 0.274508804 -0.945741057
vt 0.836600006 0.838800013
vn -0.721410483 0.317106192 0.61563835
v -0.0741330385 0.152134597 -0.931296051
vt 0.824000001 0.735300004
vn -0.466232528 -0.259923475 0.845616353
v -0.0741330385 0.260881394 -0.931296051
vt 0.824000001 0.827300012
vn -0.373417462 0.386161977 0.843468035
v -0.092666328 0.274508804 -0.945741057
vt 0.836600006 0.838800013
vn -0.721410483 0.317106192 0.61563835
v -0.092666328 0.138234615 -0.945741057
vt 0.836600006 0.723699987
vn -0.84951414 -0.318250521 0.420763985
v -0.0741330385 0.152134597 -0.931296051
vt 0.824000001 0.735300004
vn -0.466232528 -0.259923475 0.845616353
v -0.0741330385 0.152134597 -0.931296051
vt 0.824000001 0.735300004
vn -0.466232528 -0.259923475 0.845616353
v -0.092666328 0.138234615 -0.945741057
vt 0.836600006 0.723699987
vn -0.84951414 -0.318250521 0.420763985
v -0.000817542546 0.109889597 -0.945741057
vt 0.836600006 0.699699998
vn -0.181591259 -0.585341472 0.790189835
v -0.0741330385 0.152134597 -0.931296051
vt 0.824000001 0.735300004
vn -0.466232528 -0.259923475 0.845616353
v -0.000817542546 0.109889597 -0.945741057
vt 0.836600006 0.699699998
vn -0.181591259 -0.585341472 0.790189835
v -0.000817544758 0.129240483 -0.931296051
vt 0.824000001 0.716099977
vn -0.183620437 -0.588021135 0.787727542
v -0.0926663205 0.274508804 -0.966727376
vt 0.853900015 0.838800013
vn -0.873097462 0.487545713 -2.94527196e-07
v -0.092666328 0.138234615 -0.945741057
vt 0.836600006 0.723699987
vn -0.84951414 -0.318250521 0.420763985
v -0.092666328 0.274508804 -0.945741057
vt 0.836600006 0.838800013
vn -0.721410483 0.317106192 0.61563835
v -0.0926663205 0.274508804 -0.966727376
vt 0.853900015 0.838800013
vn -0.873097462 0.487545713 -2.94527196e-07
v -0.092666328 0.274508804 -0.945741057
vt 0.836600006 0.838800013
vn -0.721410483 0.317106192 0.61563835
v -0.000817542546 0.302853823 -0.945741057
vt 0.836600006 0.859200001
vn -0.294882665 0.955533471 -7.44276869e-08
v -0.0926663205 0.274508804 -0.966727376
vt 0.853900015 0.838800013
vn -0.873097462 0.487545713 -2.94527196e-07
v -0.000817542546 0.302853823 -0.945741057
vt 0.836600006 0.859200001
vn -0.294882665 0.955533471 -7.44276869e-08
v -0.000817539403 0.302853823 -0.966727376
vt 0.853900015 0.859099984
vn -0.294882672 0.955533469 -4.41658811e-08
v -0.0926663205 0.274508804 -0.966727376
vt 0.853900015 0.838800013
vn -0.873097462 0.487545713 -2.94527196e-07
v -0.0926663205 0.138507202 -0.966727376
vt 0.853900015 0.723800004
vn -0.724276651 -0.689494945 -0.00447808865
v -0.092666328 0.138234615 -0.945741057
vt 0.836600006 0.723699987
vn -0.84951414 -0.318250521 0.420763985
v -0.0926663205 0.138507202 -0.966727376
vt 0.853900015 0.723800004
vn -0.724276651 -0.689494945 -0.00447808865
v -0.000817542546 0.109889597 -0.945741057
vt 0.836600006 0.699699998
vn -0.296170766 -0.955114863 -0.00620296923
v -0.092666328 0.138234615 -0.945741057
vt 0.836600006 0.723699987
vn -0.84951414 -0.318250521 0.420763985
v -0.0926663205 0.138507202 -0.966727376
vt 0.853900015 0.723800004
vn -0.724276651 -0.689494945 -0.00447808865
v -0.000817539403 0.109889597 -0.966727376
vt 0.853900015 0.699699998
vn -0.297468641 -0.954731589 -4.4553193e-08
v -0.000817542546 0.109889597 -0.945741057
vt 0.836600006 0.699699998
vn -0.296170766 -0.955114863 -0.00620296923
usemtl M347-Newlambert8
f 1/1/1 2/2/2 3/3/3
f 4/4/4 5/5/5 6/6/6
f 7/7/7 8/8/8 9/9/9
f 10/10/10 11/11/11 12/12/12
f 13/13/13 14/14/14 15/15/15
f 16/16/16 17/17/17 18/18/18
f 19/19/19 20/20/20 21/21/21
f 22/22/22 23/23/23 24/24/24
f 25/25/25 26/26/26 27/27/27
f 28/28/28 29/29/29 30/30/30
f 31/31/31 32/32/32 33/33/33
f 34/34/34 35/35/35 36/36/36
f 37/37/37 38/38/38 39/39/39
f 40/40/40 41/41/41 42/42/42
f 43/43/43 44/44/44 45/45/45
f 46/46/46 47/47/47 48/48/48
f 49/49/49 50/50/50 51/51/51
f 52/52/52 53/53/53 54/54/54
f 55/55/55 56/56/56 57/57/57
f 58/58/58 59/59/59 60/60/60
f 61/61/61 62/62/62 63/63/63
f 64/64/64 65/65/65 66/66/66
f 67/67/67 68/68/68 69/69/69
f 70/70/70 71/71/71 72/72/72
f 73/73/73 74/74/74 75/75/75
f 76/76/76 77/77/77 78/78/78
f 79/79/79 80/80/80 81/81/81
f 82/82/82 83/83/83 84/84/84
f 85/85/85 86/86/86 87/87/87
f 88/88/88 89/89/89 90/90/90
f 91/91/91 92/92/92 93/93/93
f 94/94/94 95/95/95 96/96/96
f 97/97/97 98/98/98 99/99/99
f 100/100/100 101/101/101 102/102/102
f 103/103/103 104/104/104 105/105/105
f 106/106/106 107/107/107 108/108/108
f 109/109/109 110/110/110 111/111/111
f 112/112/112 113/113/113 114/114/114
f 115/115/115 116/116/116 117/117/117
f 118/118/118 119/119/119 120/120/120
f 121/121/121 122/122/122 123/123/123
f 124/124/124 125/125/125 126/126/126
f 127/127/127 128/128/128 129/129/129
f 130/130/130 131/131/131 132/132/132
f 133/133/133 134/134/134 135/135/135
f 136/136/136 137/137/137 138/138/138
f 139/139/139 140/140/140 141/141/141
f 142/142/142 143/143/143 144/144/144
f 145/145/145 146/146/146 147/147/147
f 148/148/148 149/149/149 150/150/150
f 151/151/151 152/152/152 153/153/153
f 154/154/154 155/155/155 156/156/156
f 157/157/157 158/158/158 159/159/159
f 160/160/160 161/161/161 162/162/162
f 163/163/163 164/164/164 165/165/165
f 166/166/166 167/167/167 168/168/168
f 169/169/169 170/170/170 171/171/171
f 172/172/172 173/173/173 174/174/174
f 175/175/175 176/176/176 177/177/177
f 178/178/178 179/179/179 180/180/180
f 181/181/181 182/182/182 183/183/183
f 184/184/184 185/185/185 186/186/186
f 187/187/187 188/188/188 189/189/189
f 190/190/190 191/191/191 192/192/192
f 193/193/193 194/194/194 195/195/195
f 196/196/196 197/197/197 198/198/198
f 199/199/199 200/200/200 201/201/201
f 202/202/202 203/203/203 204/204/204
f 205/205/205 206/206/206 207/207/207
f 208/208/208 209/209/209 210/210/210
f 211/211/211 212/212/212 213/213/213
f 214/214/214 215/215/215 216/216/216
f 217/217/217 218/218/218 219/219/219
f 220/220/220 221/221/221 222/222/222
f 223/223/223 224/224/224 225/225/225
f 226/226/226 227/227/227 228/228/228
f 229/229/229 230/230/230 231/231/231
f 232/232/232 233/233/233 234/234/234
f 235/235/235 236/236/236 237/237/237
f 238/238/238 239/239/239 240/240/240
f 241/241/241 242/242/242 243/243/243
f 244/244/244 245/245/245 246/246/246
f 247/247/247 248/248/248 249/249/249
f 250/250/250 251/251/251 252/252/252
f 253/253/253 254/254/254 255/255/255
f 256/256/256 257/257/257 258/258/258
f 259/259/259 260/260/260 261/261/261
f 262/262/262 263/263/263 264/264/264
f 265/265/265 266/266/266 267/267/267
f 268/268/268 269/269/269 270/270/270
f 271/271/271 272/272/272 273/273/273
f 274/274/274 275/275/275 276/276/276
f 277/277/277 278/278/278 279/279/279
f 280/280/280 281/281/281 282/282/282
f 283/283/283 284/284/284 285/285/285
f 286/286/286 287/287/287 288/288/288
f 289/289/289 290/290/290 291/291/291
f 292/292/292 293/293/293 294/294/294
f 295/295/295 296/296/296 297/297/297
f 298/298/298 299/299/299 300/300/300
f 301/301/301 302/302/302 303/303/303
f 304/304/304 305/305/305 306/306/306
f 307/307/307 308/308/308 309/309/309
f 310/310/310 311/311/311 312/312/312
f 313/313/313 314/314/314 315/315/315
f 316/316/316 317/317/317 318/318/318
f 319/319/319 320/320/320 321/321/321
f 322/322/322 323/323/323 324/324/324
f 325/325/325 326/326/326 327/327/327
f 328/328/328 329/329/329 330/330/330
f 331/331/331 332/332/332 333/333/333
f 334/334/334 335/335/335 336/336/336
f 337/337/337 338/338/338 339/339/339
f 340/340/340 341/341/341 342/342/342
f 343/343/343 344/344/344 345/345/345
f 346/346/346 347/347/347 348/348/348
f 349/349/349 350/350/350 351/351/351
f 352/352/352 353/353/353 354/354/354
f 355/355/355 356/356/356 357/357/357
f 358/358/358 359/359/359 360/360/360
f 361/361/361 362/362/362 363/363/363
f 364/364/364 365/365/365 366/366/366
f 367/367/367 368/368/368 369/369/369
f 370/370/370 371/371/371 372/372/372
f 373/373/373 374/374/374 375/375/375
f 376/376/376 377/377/377 378/378/378
f 379/379/379 380/380/380 381/381/381
f 382/382/382 383/383/383 384/384/384
f 385/385/385 386/386/386 387/387/387
f 388/388/388 389/389/389 390/390/390
f 391/391/391 392/392/392 393/393/393
f 394/394/394 395/395/395 396/396/396
f 397/397/397 398/398/398 399/399/399
f 400/400/400 401/401/401 402/402/402
f 403/403/403 404/404/404 405/405/405
f 406/406/406 407/407/407 408/408/408
f 409/409/409 410/410/410 411/411/411
f 412/412/412 413/413/413 414/414/414
f 415/415/415 416/416/416 417/417/417
f 418/418/418 419/419/419 420/420/420
f 421/421/421 422/422/422 423/423/423
f 424/424/424 425/425/425 426/426/426
f 427/427/427 428/428/428 429/429/429
f 430/430/430 431/431/431 432/432/432
f 433/433/433 434/434/434 435/435/435
f 436/436/436 437/437/437 438/438/438
f 439/439/439 440/440/440 441/441/441
f 442/442/442 443/443/443 444/444/444
f 445/445/445 446/446/446 447/447/447
f 448/448/448 449/449/449 450/450/450
f 451/451/451 452/452/452 453/453/453
f 454/454/454 455/455/455 456/456/456
f 457/457/457 458/458/458 459/459/459
f 460/460/460 461/461/461 462/462/462
f 463/463/463 464/464/464 465/465/465
f 466/466/466 467/467/467 468/468/468
f 469/469/469 470/470/470 471/471/471
f 472/472/472 473/473/473 474/474/474
f 475/475/475 476/476/476 477/477/477
f 478/478/478 479/479/479 480/480/480
f 481/481/481 482/482/482 483/483/483
f 484/484/484 485/485/485 486/486/486
f 487/487/487 488/488/488 489/489/489
f 490/490/490 491/491/491 492/492/492
f 493/493/493 494/494/494 495/495/495
f 496/496/496 497/497/497 498/498/498
f 499/499/499 500/500/500 501/501/501
f 502/502/502 503/503/503 504/504/504
f 505/505/505 506/506/506 507/507/507
f 508/508/508 509/509/509 510/510/510
f 511/511/511 512/512/512 513/513/513
f 514/514/514 515/515/515 516/516/516
f 517/517/517 518/518/518 519/519/519
f 520/520/520 521/521/521 522/522/522
f 523/523/523 524/524/524 525/525/525
f 526/526/526 527/527/527 528/528/528
f 529/529/529 530/530/530 531/531/531
f 532/532/532 533/533/533 534/534/534
f 535/535/535 536/536/536 537/537/537
f 538/538/538 539/539/539 540/540/540
f 541/541/541 542/542/542 543/543/543
f 544/544/544 545/545/545 546/546/546
f 547/547/547 548/548/548 549/549/549
f 550/550/550 551/551/551 552/552/552
f 553/553/553 554/554/554 555/555/555
f 556/556/556 557/557/557 558/558/558
f 559/559/559 560/560/560 561/561/561
f 562/562/562 563/563/563 564/564/564
f 565/565/565 566/566/566 567/567/567
f 568/568/568 569/569/569 570/570/570
f 571/571/571 572/572/572 573/573/573
f 574/574/574 575/575/575 576/576/576
f 577/577/577 578/578/578 579/579/579
f 580/580/580 581/581/581 582/582/582
f 583/583/583 584/584/584 585/585/585
f 586/586/586 587/587/587 588/588/588
f 589/589/589 590/590/590 591/591/591
f 592/592/592 593/593/593 594/594/594
f 595/595/595 596/596/596 597/597/597
f 598/598/598 599/599/599 600/600/600
f 601/601/601 602/602/602 603/603/603
f 604/604/604 605/605/605 606/606/606
f 607/607/607 608/608/608 609/609/609
f 610/610/610 611/611/611 612/612/612
f 613/613/613 614/614/614 615/615/615
f 616/616/616 617/617/617 618/618/618
f 619/619/619 620/620/620 621/621/621
f 622/622/622 623/623/623 624/624/624
f 625/625/625 626/626/626 627/627/627
f 628/628/628 629/629/629 630/630/630
f 631/631/631 632/632/632 633/633/633
f 634/634/634 635/635/635 636/636/636
f 637/637/637 638/638/638 639/639/639
f 640/640/640 641/641/641 642/642/642
f 643/643/643 644/644/644 645/645/645
f 646/646/646 647/647/647 648/648/648
f 649/649/649 650/650/650 651/651/651
f 652/652/652 653/653/653 654/654/654
f 655/655/655 656/656/656 657/657/657
f 658/658/658 659/659/659 660/660/660
f 661/661/661 662/662/662 663/663/663
f 664/664/664 665/665/665 666/666/666
f 667/667/667 668/668/668 669/669/669
f 670/670/670 671/671/671 672/672/672
f 673/673/673 674/674/674 675/675/675
f 676/676/676 677/677/677 678/678/678
f 679/679/679 680/680/680 681/681/681
f 682/682/682 683/683/683 684/684/684
f 685/685/685 686/686/686 687/687/687
f 688/688/688 689/689/689 690/690/690
f 691/691/691 692/692/692 693/693/693
f 694/694/694 695/695/695 696/696/696
f 697/697/697 698/698/698 699/699/699
f 700/700/700 701/701/701 702/702/702
f 703/703/703 704/704/704 705/705/705
f 706/706/706 707/707/707 708/708/708
f 709/709/709 710/710/710 711/711/711
f 712/712/712 713/713/713 714/714/714
f 715/715/715 716/716/716 717/717/717
f 718/718/718 719/719/719 720/720/720
f 721/721/721 722/722/722 723/723/723
f 724/724/724 725/725/725 726/726/726
f 727/727/727 728/728/728 729/729/729
f 730/730/730 731/731/731 732/732/732
f 733/733/733 734/734/734 735/735/735
f 736/736/736 737/737/737 738/738/738
f 739/739/739 740/740/740 741/741/741
f 742/742/742 743/743/743 744/744/744
f 745/745/745 746/746/746 747/747/747
f 748/748/748 749/749/749 750/750/750
f 751/751/751 752/752/752 753/753/753
f 754/754/754 755/755/755 756/756/756
f 757/757/757 758/758/758 759/759/759
f 760/760/760 761/761/761 762/762/762
f 763/763/763 764/764/764 765/765/765
f 766/766/766 767/767/767 768/768/768
f 769/769/769 770/770/770 771/771/771
f 772/772/772 773/773/773 774/774/774
f 775/775/775 776/776/776 777/777/777
f 778/778/778 779/779/779 780/780/780
f 781/781/781 782/782/782 783/783/783
f 784/784/784 785/785/785 786/786/786
f 787/787/787 788/788/788 789/789/789
f 790/790/790 791/791/791 792/792/792
f 793/793/793 794/794/794 795/795/795
f 796/796/796 797/797/797 798/798/798
f 799/799/799 800/800/800 801/801/801
f 802/802/802 803/803/803 804/804/804
f 805/805/805 806/806/806 807/807/807
f 808/808/808 809/809/809 810/810/810
f 811/811/811 812/812/812 813/813/813
f 814/814/814 815/815/815 816/816/816
f 817/817/817 818/818/818 819/819/819
f 820/820/820 821/821/821 822/822/822
f 823/823/823 824/824/824 825/825/825
f 826/826/826 827/827/827 828/828/828
f 829/829/829 830/830/830 831/831/831
f 832/832/832 833/833/833 834/834/834
f 835/835/835 836/836/836 837/837/837
f 838/838/838 839/839/839 840/840/840
f 841/841/841 842/842/842 843/843/843
f 844/844/844 845/845/845 846/846/846
f 847/847/847 848/848/848 849/849/849
f 850/850/850 851/851/851 852/852/852
