# Generated by tools/yaml_mesh_converter/split_reload_parts.py
mtllib gun34.mtl
o gun34_body
v 0.0297736023 0.130396068 -0.773444057
vt 0.802156508 0.181084976
vn 0.99635053 -0.0831125951 -0.019440129
v 0.033411786 0.138704196 -0.622498751
vt 0.708825648 0.18110396
vn 0.99635053 -0.0831125904 -0.0194401327
v 0.0227413662 0.0449542701 -0.768571794
vt 0.802148044 0.128477618
vn 0.996350531 -0.0831125814 -0.0194401354
v 0.0227413662 0.0449542701 -0.768571794
vt 0.802148044 0.128477618
vn 0.996350531 -0.0831125814 -0.0194401354
v 0.033411786 0.138704196 -0.622498751
vt 0.708825648 0.18110396
vn 0.99635053 -0.0831125904 -0.0194401327
v 0.0435423404 0.161838263 -0.202190429
vt 0.453122467 0.178502306
vn 0.996350531 -0.0831125832 -0.0194401351
v 0.0227413662 0.0449542701 -0.768571794
vt 0.802148044 0.128477618
vn 0.996350531 -0.0831125814 -0.0194401354
v 0.0435423404 0.161838263 -0.202190429
vt 0.453122467 0.178502306
vn 0.996350531 -0.0831125832 -0.0194401351
v 0.0469410866 0.169599622 -0.0611792207
vt 0.364816725 0.178403378
vn 0.996350531 -0.0831125807 -0.0194401407
v 0.0463856906 0.206545442 -0.247599274
vt 0.482173651 0.20740439
vn 0.99635053 -0.0831125956 -0.0194401302
v 0.0435423404 0.161838263 -0.202190429
vt 0.453122467 0.178502306
vn 0.996350531 -0.0831125832 -0.0194401351
v 0.033411786 0.138704196 -0.622498751
vt 0.708825648 0.18110396
vn 0.99635053 -0.0831125904 -0.0194401327
v 0.0463856906 0.206545442 -0.247599274
vt 0.482173651 0.20740439
vn 0.99635053 -0.0831125956 -0.0194401302
v 0.033411786 0.138704196 -0.622498751
vt 0.708825648 0.18110396
vn 0.99635053 -0.0831125904 -0.0194401327
v 0.0383147299 0.188114643 -0.582456946
vt 0.677890897 0.20752573
vn 0.996350525 -0.083112652 -0.0194401198
v 0.0469410866 0.169599622 -0.0611792207
vt 0.364816725 0.178403378
vn 0.996350531 -0.0831125807 -0.0194401407
v 0.0325858667 0.0674351007 -0.360131621
vt 0.517699718 0.120677583
vn 0.996350531 -0.0831125747 -0.0194401377
v 0.0227413662 0.0449542701 -0.768571794
vt 0.802148044 0.128477618
vn 0.996350531 -0.0831125814 -0.0194401354
v 0.0496101007 0.120828629 0.284124643
vt 0.164570853 0.133469209
vn 0.996350528 -0.0831126111 -0.0194401383
v 0.0325858667 0.0674351007 -0.360131621
vt 0.517699718 0.120677583
vn 0.996350531 -0.0831125747 -0.0194401377
v 0.0469410866 0.169599622 -0.0611792207
vt 0.364816725 0.178403378
vn 0.996350531 -0.0831125807 -0.0194401407
v 0.0500417054 0.196819067 -0.0186373293
vt 0.335762143 0.190763369
vn 0.996350526 -0.0831126359 -0.0194401432
v 0.0496101007 0.120828629 0.284124643
vt 0.164570853 0.133469209
vn 0.996350528 -0.0831126111 -0.0194401383
v 0.0469410866 0.169599622 -0.0611792207
vt 0.364816725 0.178403378
vn 0.996350531 -0.0831125807 -0.0194401407
v 0.0500417054 0.196819067 -0.0186373293
vt 0.335762143 0.190763369
vn 0.996350526 -0.0831126359 -0.0194401432
v 0.0548876747 0.207885295 0.182417959
vt 0.217530757 0.190596879
vn 0.99635053 -0.08311259 -0.0194401317
v 0.0496101007 0.120828629 0.284124643
vt 0.164570853 0.133469209
vn 0.996350528 -0.0831126111 -0.0194401383
v 0.0496101007 0.120828629 0.284124643
vt 0.164570853 0.133469209
vn 0.996350528 -0.0831126111 -0.0194401383
v 0.0445408076 0.0947353244 0.135869116
vt 0.247611895 0.122531846
vn 0.996350524 -0.0831126597 -0.0194401286
v 0.0325858667 0.0674351007 -0.360131621
vt 0.517699718 0.120677583
vn 0.996350531 -0.0831125747 -0.0194401377
v 0.0496101007 0.120828629 0.284124643
vt 0.164570853 0.133469209
vn 0.996350528 -0.0831126111 -0.0194401383
v 0.0527028888 0.113374189 0.474507064
vt 0.0322636366 0.122374341
vn 0.996350525 -0.0831126458 -0.0194401317
v 0.0445408076 0.0947353244 0.135869116
vt 0.247611895 0.122531846
vn 0.996350524 -0.0831126597 -0.0194401286
v 0.0496101007 0.120828629 0.284124643
vt 0.164570853 0.133469209
vn 0.996350528 -0.0831126111 -0.0194401383
v 0.0541742519 0.13125129 0.473487645
vt 0.0322507471 0.133438334
vn 0.996350536 -0.0831125174 -0.0194401269
v 0.0527028888 0.113374189 0.474507064
vt 0.0322636366 0.122374341
vn 0.996350525 -0.0831126458 -0.0194401317
v 0.0347298682 0.0509825125 -0.179906875
vt 0.420393199 0.108054332
vn 0.996350531 -0.0831125785 -0.0194401292
v 0.0325858667 0.0674351007 -0.360131621
vt 0.517699718 0.120677583
vn 0.996350531 -0.0831125747 -0.0194401377
v 0.0445408076 0.0947353244 0.135869116
vt 0.247611895 0.122531846
vn 0.996350524 -0.0831126597 -0.0194401286
v 0.0325858667 0.0674351007 -0.360131621
vt 0.517699718 0.120677583
vn 0.996350531 -0.0831125747 -0.0194401377
v 0.0347298682 0.0509825125 -0.179906875
vt 0.420393199 0.108054332
vn 0.996350531 -0.0831125785 -0.0194401292
v 0.0304221027 0.0411453247 -0.358632445
vt 0.517210484 0.110011742
vn 0.996350529 -0.083112602 -0.0194401403
v 0.0347298682 0.0509825125 -0.179906875
vt 0.420393199 0.108054332
vn 0.996350531 -0.0831125785 -0.0194401292
v 0.0445408076 0.0947353244 0.135869116
vt 0.247611895 0.122531846
vn 0.996350524 -0.0831126597 -0.0194401286
v 0.0431838781 0.0845204443 0.109995216
vt 0.263030171 0.11887306
vn 0.996350531 -0.0831125847 -0.0194401256
v 0.0408082232 0.0577468053 0.102703124
vt 0.270061582 0.103192672
vn 0.996350531 -0.0831125829 -0.0194401299
v 0.0347298682 0.0509825125 -0.179906875
vt 0.420393199 0.108054332
vn 0.996350531 -0.0831125785 -0.0194401292
v 0.0431838781 0.0845204443 0.109995216
vt 0.263030171 0.11887306
vn 0.996350531 -0.0831125847 -0.0194401256
v 0.0408082232 0.0577468053 0.102703124
vt 0.270061582 0.103192672
vn 0.996350531 -0.0831125829 -0.0194401299
v 0.0242803562 -0.107233964 -0.0390433967
vt 0.363260895 0.00665287767
vn 0.99635053 -0.0831125849 -0.0194401301
v 0.0347298682 0.0509825125 -0.179906875
vt 0.420393199 0.108054332
vn 0.996350531 -0.0831125785 -0.0194401292
v 0.0408082232 0.0577468053 0.102703124
vt 0.270061582 0.103192672
vn 0.996350531 -0.0831125829 -0.0194401299
v 0.0279121827 -0.098940365 0.111638159
vt 0.270154059 0.00662070978
vn 0.996350531 -0.0831125803 -0.0194401355
v 0.0242803562 -0.107233964 -0.0390433967
vt 0.363260895 0.00665287767
vn 0.99635053 -0.0831125849 -0.0194401301
v 0.0747522116 0.206140012 -0.0197459757
vt 0.338277727 0.207069099
vn 0.996350529 -0.0831125997 -0.0194401349
v 0.0716516003 0.178920567 -0.0622878671
vt 0.366814077 0.194335923
vn 0.996350539 -0.0831124799 -0.0194401365
v 0.068252854 0.171159208 -0.20329906
vt 0.449449569 0.194368437
vn 0.996350534 -0.0831125433 -0.0194401242
v 0.0747522116 0.206140012 -0.0197459757
vt 0.338277727 0.207069099
vn 0.996350529 -0.0831125997 -0.0194401349
v 0.068252854 0.171159208 -0.20329906
vt 0.449449569 0.194368437
vn 0.996350534 -0.0831125433 -0.0194401242
v 0.0710889921 0.215778738 -0.248702899
vt 0.477986783 0.223512575
vn 0.996350533 -0.0831125522 -0.0194401332
v 0.0747522116 0.206140012 -0.0197459757
vt 0.338277727 0.207069099
vn 0.996350529 -0.0831125997 -0.0194401349
v 0.0710889921 0.215778738 -0.248702899
vt 0.477986783 0.223512575
vn 0.996350533 -0.0831125522 -0.0194401332
v 0.0750617236 0.266765326 -0.263074815
vt 0.484857649 0.254673928
vn 0.996350531 -0.0831125791 -0.0194401407
v 0.0750617236 0.266765326 -0.263074815
vt 0.484857649 0.254673928
vn 0.996350531 -0.0831125791 -0.0194401407
v 0.0710889921 0.215778738 -0.248702899
vt 0.477986783 0.223512575
vn 0.996350533 -0.0831125522 -0.0194401332
v 0.063018024 0.197347939 -0.583560526
vt 0.681237221 0.223602876
vn 0.99635053 -0.0831125863 -0.0194401341
v 0.0750617236 0.266765326 -0.263074815
vt 0.484857649 0.254673928
vn 0.996350531 -0.0831125791 -0.0194401407
v 0.063018024 0.197347939 -0.583560526
vt 0.681237221 0.223602876
vn 0.99635053 -0.0831125863 -0.0194401341
v 0.0626198724 0.238566637 -0.780189514
vt 0.802159548 0.254758447
vn 0.996350528 -0.0831126147 -0.019440126
v 0.063018024 0.197347939 -0.583560526
vt 0.681237221 0.223602876
vn 0.99635053 -0.0831125863 -0.0194401341
v 0.0544841141 0.139717013 -0.774552703
vt 0.802161813 0.197359681
vn 0.996350533 -0.0831125559 -0.0194401267
v 0.0626198724 0.238566637 -0.780189514
vt 0.802159548 0.254758447
vn 0.996350528 -0.0831126147 -0.019440126
v 0.063018024 0.197347939 -0.583560526
vt 0.681237221 0.223602876
vn 0.99635053 -0.0831125863 -0.0194401341
v 0.0581222996 0.14802514 -0.623607397
vt 0.712946117 0.197405919
vn 0.996350538 -0.083112488 -0.0194401474
v 0.0544841141 0.139717013 -0.774552703
vt 0.802161813 0.197359681
vn 0.996350533 -0.0831125559 -0.0194401267
v 0.0750617236 0.266765326 -0.263074815
vt 0.484857649 0.254673928
vn 0.996350531 -0.0831125791 -0.0194401407
v 0.0795981884 0.21720624 0.181309372
vt 0.213333309 0.207030058
vn 0.99635053 -0.0831125841 -0.0194401387
v 0.0747522116 0.206140012 -0.0197459757
vt 0.338277727 0.207069099
vn 0.996350529 -0.0831125997 -0.0194401349
v 0.0750617236 0.266765326 -0.263074815
vt 0.484857649 0.254673928
vn 0.996350531 -0.0831125791 -0.0194401407
v 0.0852042139 0.286866665 0.170811027
vt 0.216270357 0.248651177
vn 0.996350533 -0.0831125548 -0.0194401377
v 0.0795981884 0.21720624 0.181309372
vt 0.213333309 0.207030058
vn 0.99635053 -0.0831125841 -0.0194401387
v 0.0852042139 0.286866665 0.170811027
vt 0.216270357 0.248651177
vn 0.996350533 -0.0831125548 -0.0194401377
v 0.0852700621 0.207742438 0.512466311
vt 0.0061492715 0.188683569
vn 0.996350532 -0.0831125609 -0.0194401337
v 0.0795981884 0.21720624 0.181309372
vt 0.213333309 0.207030058
vn 0.99635053 -0.0831125841 -0.0194401387
v 0.0795981884 0.21720624 0.181309372
vt 0.213333309 0.207030058
vn 0.99635053 -0.0831125841 -0.0194401387
v 0.0852700621 0.207742438 0.512466311
vt 0.0061492715 0.188683569
vn 0.996350532 -0.0831125609 -0.0194401337
v 0.0817409381 0.175274774 0.470400125
vt 0.0322371647 0.170590237
vn 0.99635053 -0.0831125901 -0.01944013
v 0.0795981884 0.21720624 0.181309372
vt 0.213333309 0.207030058
vn 0.99635053 -0.0831125841 -0.0194401387
v 0.0817409381 0.175274774 0.470400125
vt 0.0322371647 0.170590237
vn 0.99635053 -0.0831125901 -0.01944013
v 0.0743206143 0.130149558 0.283016056
vt 0.148727521 0.153602257
vn 0.996350531 -0.0831125828 -0.0194401279
v 0.0852042139 0.286866665 0.170811027
vt 0.216270357 0.248651177
vn 0.996350533 -0.0831125548 -0.0194401377
v 0.093319267 0.305540502 0.506889343
vt 0.0061729867 0.24862203
vn 0.996350533 -0.0831125513 -0.0194401334
v 0.0852700621 0.207742438 0.512466311
vt 0.0061492715 0.188683569
vn 0.996350532 -0.0831125609 -0.0194401337
v 0.0750617236 0.266765326 -0.263074815
vt 0.484857649 0.254673928
vn 0.996350531 -0.0831125791 -0.0194401407
v 0.0919980407 0.380659342 0.118017346
vt 0.252933562 0.304398388
vn 0.996350533 -0.0831125572 -0.0194401418
v 0.0852042139 0.286866665 0.170811027
vt 0.216270357 0.248651177
vn 0.996350533 -0.0831125548 -0.0194401377
v 0.0750617236 0.266765326 -0.263074815
vt 0.484857649 0.254673928
vn 0.996350531 -0.0831125791 -0.0194401407
v 0.083812654 0.361967266 -0.221587569
vt 0.447672158 0.304361671
vn 0.996350533 -0.0831125524 -0.0194401433
v 0.0919980407 0.380659342 0.118017346
vt 0.252933562 0.304398388
vn 0.996350533 -0.0831125572 -0.0194401418
v 0.0817409381 0.175274774 0.470400125
vt 0.0322371647 0.170590237
vn 0.99635053 -0.0831125901 -0.01944013
v 0.0788847655 0.140572235 0.472378999
vt 0.0322302282 0.153473392
vn 0.996350528 -0.0831126108 -0.0194401211
v 0.0743206143 0.130149558 0.283016056
vt 0.148727521 0.153602257
vn 0.996350531 -0.0831125828 -0.0194401279
v 0.0297736023 0.130396068 -0.773444057
vt 0.802156508 0.181084976
vn 0.354290986 -0.934151735 0.0428769592
v 0.0544841141 0.139717013 -0.774552703
vt 0.802161813 0.197359681
vn 0.354290997 -0.934151731 0.0428769565
v 0.0581222996 0.14802514 -0.623607397
vt 0.712946117 0.197405919
vn 0.354290986 -0.934151735 0.0428769592
v 0.0297736023 0.130396068 -0.773444057
vt 0.802156508 0.181084976
vn 0.354290986 -0.934151735 0.0428769592
v 0.0581222996 0.14802514 -0.623607397
vt 0.712946117 0.197405919
vn 0.354290986 -0.934151735 0.0428769592
v 0.033411786 0.138704196 -0.622498751
vt 0.708825648 0.18110396
vn 0.354290974 -0.934151739 0.0428769619
v 0.033411786 0.138704196 -0.622498751
vt 0.708825648 0.18110396
vn 0.266833795 -0.622959532 0.735337438
v 0.0581222996 0.14802514 -0.623607397
vt 0.712946117 0.197405919
vn 0.268023582 -0.623159963 0.73473466
v 0.063018024 0.197347939 -0.583560526
vt 0.681237221 0.223602876
vn 0.266833795 -0.622959532 0.735337438
v 0.033411786 0.138704196 -0.622498751
vt 0.708825648 0.18110396
vn 0.266833795 -0.622959532 0.735337438
v 0.063018024 0.197347939 -0.583560526
vt 0.681237221 0.223602876
vn 0.266833795 -0.622959532 0.735337438
v 0.0383147299 0.188114643 -0.582456946
vt 0.677890897 0.20752573
vn 0.265643775 -0.622758011 0.735938751
v 0.0383147299 0.188114643 -0.582456946
vt 0.677890897 0.20752573
vn 0.351472485 -0.935210039 0.0430031883
v 0.063018024 0.197347939 -0.583560526
vt 0.681237221 0.223602876
vn 0.351472498 -0.935210035 0.0430031867
v 0.0710889921 0.215778738 -0.248702899
vt 0.477986783 0.223512575
vn 0.351472485 -0.935210039 0.0430031883
v 0.0383147299 0.188114643 -0.582456946
vt 0.677890897 0.20752573
vn 0.351472485 -0.935210039 0.0430031883
v 0.0710889921 0.215778738 -0.248702899
vt 0.477986783 0.223512575
vn 0.351472485 -0.935210039 0.0430031883
v 0.0463856906 0.206545442 -0.247599274
vt 0.482173651 0.20740439
vn 0.351472473 -0.935210044 0.0430031899
v 0.0463856906 0.206545442 -0.247599274
vt 0.482173651 0.20740439
vn 0.232852163 -0.700559816 -0.674533776
v 0.0710889921 0.215778738 -0.248702899
vt 0.477986783 0.223512575
vn 0.231882575 -0.701002 -0.674408383
v 0.068252854 0.171159208 -0.20329906
vt 0.449449569 0.194368437
vn 0.232852163 -0.700559816 -0.674533776
v 0.0463856906 0.206545442 -0.247599274
vt 0.482173651 0.20740439
vn 0.232852163 -0.700559816 -0.674533776
v 0.068252854 0.171159208 -0.20329906
vt 0.449449569 0.194368437
vn 0.232852163 -0.700559816 -0.674533776
v 0.0435423404 0.161838263 -0.202190429
vt 0.453122467 0.178502306
vn 0.23381989 -0.700117554 -0.674658187
v 0.0435423404 0.161838263 -0.202190429
vt 0.453122467 0.178502306
vn 0.354290964 -0.93415174 0.0428770345
v 0.068252854 0.171159208 -0.20329906
vt 0.449449569 0.194368437
vn 0.354290953 -0.934151744 0.0428770373
v 0.0716516003 0.178920567 -0.0622878671
vt 0.366814077 0.194335923
vn 0.354290964 -0.93415174 0.0428770345
v 0.0435423404 0.161838263 -0.202190429
vt 0.453122467 0.178502306
vn 0.354290964 -0.93415174 0.0428770345
v 0.0716516003 0.178920567 -0.0622878671
vt 0.366814077 0.194335923
vn 0.354290964 -0.93415174 0.0428770345
v 0.0469410866 0.169599622 -0.0611792207
vt 0.364816725 0.178403378
vn 0.354290976 -0.934151735 0.0428770317
v 0.0469410866 0.169599622 -0.0611792207
vt 0.364816725 0.178403378
vn 0.326429303 -0.806817529 0.492432112
v 0.0716516003 0.178920567 -0.0622878671
vt 0.366814077 0.194335923
vn 0.326429255 -0.806817529 0.492432144
v 0.0747522116 0.206140012 -0.0197459757
vt 0.338277727 0.207069099
vn 0.326429303 -0.806817529 0.492432112
v 0.0469410866 0.169599622 -0.0611792207
vt 0.364816725 0.178403378
vn 0.326429303 -0.806817529 0.492432112
v 0.0747522116 0.206140012 -0.0197459757
vt 0.338277727 0.207069099
vn 0.326429303 -0.806817529 0.492432112
v 0.0500417054 0.196819067 -0.0186373293
vt 0.335762143 0.190763369
vn 0.326429351 -0.806817529 0.49243208
v 0.0500417054 0.196819067 -0.0186373293
vt 0.335762143 0.190763369
vn 0.354290977 -0.934151736 0.042877014
v 0.0747522116 0.206140012 -0.0197459757
vt 0.338277727 0.207069099
vn 0.354291068 -0.934151702 0.042876997
v 0.0795981884 0.21720624 0.181309372
vt 0.213333309 0.207030058
vn 0.354290977 -0.934151736 0.042877014
v 0.0500417054 0.196819067 -0.0186373293
vt 0.335762143 0.190763369
vn 0.354290977 -0.934151736 0.042877014
v 0.0795981884 0.21720624 0.181309372
vt 0.213333309 0.207030058
vn 0.354290977 -0.934151736 0.042877014
v 0.0548876747 0.207885295 0.182417959
vt 0.217530757 0.190596879
vn 0.354290885 -0.93415177 0.042877031
v 0.0548876747 0.207885295 0.182417959
vt 0.217530757 0.190596879
vn 0.251853809 -0.741629792 -0.621735403
v 0.0795981884 0.21720624 0.181309372
vt 0.213333309 0.207030058
vn 0.25185401 -0.74162973 -0.621735394
v 0.0743206143 0.130149558 0.283016056
vt 0.148727521 0.153602257
vn 0.251853809 -0.741629792 -0.621735403
v 0.0548876747 0.207885295 0.182417959
vt 0.217530757 0.190596879
vn 0.251853809 -0.741629792 -0.621735403
v 0.0743206143 0.130149558 0.283016056
vt 0.148727521 0.153602257
vn 0.251853809 -0.741629792 -0.621735403
v 0.0496101007 0.120828629 0.284124643
vt 0.164570853 0.133469209
vn 0.251853608 -0.741629853 -0.621735411
v 0.0496101007 0.120828629 0.284124643
vt 0.164570853 0.133469209
vn 0.354290684 -0.934151847 0.0428770179
v 0.0743206143 0.130149558 0.283016056
vt 0.148727521 0.153602257
vn 0.354290393 -0.934151954 0.0428770743
v 0.0788847655 0.140572235 0.472378999
vt 0.0322302282 0.153473392
vn 0.354290684 -0.934151847 0.0428770179
v 0.0496101007 0.120828629 0.284124643
vt 0.164570853 0.133469209
vn 0.354290684 -0.934151847 0.0428770179
v 0.0788847655 0.140572235 0.472378999
vt 0.0322302282 0.153473392
vn 0.354290684 -0.934151847 0.0428770179
v 0.0541742519 0.13125129 0.473487645
vt 0.0322507471 0.133438334
vn 0.354290974 -0.934151739 0.0428769615
v 0.093319267 0.305540502 0.506889343
vt 0.0061729867 0.24862203
vn 0.764013963 0.642936781 -0.0539903668
v 0.0852042139 0.286866665 0.170811027
vt 0.216270357 0.248651177
vn 0.765531091 0.641119711 -0.0541078961
v 0.069371894 0.306627601 0.180957288
vt 0.207878977 0.264224082
vn 0.764013963 0.642936781 -0.0539903668
v 0.093319267 0.305540502 0.506889343
vt 0.0061729867 0.24862203
vn 0.764013963 0.642936781 -0.0539903668
v 0.069371894 0.306627601 0.180957288
vt 0.207878977 0.264224082
vn 0.764013963 0.642936781 -0.0539903668
v 0.0772119015 0.324530959 0.506232381
vt 0.00618495233 0.264134377
vn 0.762434252 0.644819546 -0.0538680202
v 0.0852042139 0.286866665 0.170811027
vt 0.216270357 0.248651177
vn 0.744660425 0.285372785 0.603359946
v 0.0919980407 0.380659342 0.118017346
vt 0.252933562 0.304398388
vn 0.745517448 0.285093947 0.602432715
v 0.0761555359 0.400254637 0.128349394
vt 0.245386854 0.31906113
vn 0.744660425 0.285372785 0.603359946
v 0.0852042139 0.286866665 0.170811027
vt 0.216270357 0.248651177
vn 0.744660425 0.285372785 0.603359946
v 0.0761555359 0.400254637 0.128349394
vt 0.245386854 0.31906113
vn 0.744660425 0.285372785 0.603359946
v 0.069371894 0.306627601 0.180957288
vt 0.207878977 0.264224082
vn 0.743798094 0.285652461 0.604290548
v 0.0919980407 0.380659342 0.118017346
vt 0.252933562 0.304398388
vn 0.762434105 0.644819722 -0.0538679997
v 0.083812654 0.361967266 -0.221587569
vt 0.447672158 0.304361671
vn 0.762434102 0.644819725 -0.0538679996
v 0.0674658418 0.380410939 -0.232178688
vt 0.454973191 0.319041878
vn 0.762434105 0.644819722 -0.0538679997
v 0.0919980407 0.380659342 0.118017346
vt 0.252933562 0.304398388
vn 0.762434105 0.644819722 -0.0538679997
v 0.0674658418 0.380410939 -0.232178688
vt 0.454973191 0.319041878
vn 0.762434105 0.644819722 -0.0538679997
v 0.0761555359 0.400254637 0.128349394
vt 0.245386854 0.31906113
vn 0.762434107 0.64481972 -0.0538679999
v 0.083812654 0.361967266 -0.221587569
vt 0.447672158 0.304361671
vn 0.776192015 0.213192226 -0.593359108
v 0.0750617236 0.266765326 -0.263074815
vt 0.484857649 0.254673928
vn 0.812455378 0.168542366 -0.558130567
v 0.0599779636 0.300617784 -0.274809182
vt 0.489293844 0.276834279
vn 0.776192015 0.213192226 -0.593359108
v 0.083812654 0.361967266 -0.221587569
vt 0.447672158 0.304361671
vn 0.776192015 0.213192226 -0.593359108
v 0.0599779636 0.300617784 -0.274809182
vt 0.489293844 0.276834279
vn 0.776192015 0.213192226 -0.593359108
v 0.0674658418 0.380410939 -0.232178688
vt 0.454973191 0.319041878
vn 0.720724486 0.272837176 -0.637272383
v 0.0750617236 0.266765326 -0.263074815
vt 0.484857649 0.254673928
vn 0.917471766 0.395387779 -0.043749998
v 0.0626198724 0.238566637 -0.780189514
vt 0.802159548 0.254758447
vn 0.916886065 0.396750105 -0.0436955147
v 0.0486290231 0.274701446 -0.7456671
vt 0.779638886 0.276842147
vn 0.917471766 0.395387779 -0.043749998
v 0.0750617236 0.266765326 -0.263074815
vt 0.484857649 0.254673928
vn 0.917471766 0.395387779 -0.043749998
v 0.0486290231 0.274701446 -0.7456671
vt 0.779638886 0.276842147
vn 0.917471766 0.395387779 -0.043749998
v 0.0599779636 0.300617784 -0.274809182
vt 0.489293844 0.276834279
vn 0.918108963 0.393899315 -0.0438093762
v 0.00506344717 0.243456066 -0.779071391
vt 0.157277688 0.457418084
vn -0.0240593409 -0.0549416233 -0.998199662
v 0.0626198724 0.238566637 -0.780189514
vt 0.129752725 0.457379222
vn -0.0240593231 -0.0549415116 -0.998199669
v 0.0297736023 0.130396068 -0.773444057
vt 0.141119555 0.404634327
vn -0.0240593819 -0.0549415541 -0.998199665
v 0.0626198724 0.238566637 -0.780189514
vt 0.129752725 0.457379222
vn -0.0240593231 -0.0549415116 -0.998199669
v 0.0544841141 0.139717013 -0.774552703
vt 0.12975283 0.410044938
vn -0.024060488 -0.0549411573 -0.99819966
v 0.0297736023 0.130396068 -0.773444057
vt 0.141119555 0.404634327
vn -0.0240593819 -0.0549415541 -0.998199665
v 0.00506344717 0.243456066 -0.779071391
vt 0.157277688 0.457418084
vn -0.0240593409 -0.0549416233 -0.998199662
v 0.0297736023 0.130396068 -0.773444057
vt 0.141119555 0.404634327
vn -0.0240593819 -0.0549415541 -0.998199665
v -0.00400994392 0.133214191 -0.772784889
vt 0.157276422 0.404630721
vn -0.0240591565 -0.0549416372 -0.998199666
v -0.0377057269 0.136024982 -0.77212745
vt 0.173388869 0.40462935
vn -0.0240593593 -0.0549415105 -0.998199668
v 0.00506344717 0.243456066 -0.779071391
vt 0.157277688 0.457418084
vn -0.0240593409 -0.0549416233 -0.998199662
v -0.00400994392 0.133214191 -0.772784889
vt 0.157276422 0.404630721
vn -0.0240591565 -0.0549416372 -0.998199666
v 0.00506344717 0.243456066 -0.779071391
vt 0.157277688 0.457418084
vn -0.0240593409 -0.0549416233 -0.998199662
v -0.0377057269 0.136024982 -0.77212745
vt 0.173388869 0.40462935
vn -0.0240593593 -0.0549415105 -0.998199668
v -0.0524196401 0.248162895 -0.777944922
vt 0.184762701 0.457372934
vn -0.0240596685 -0.0549413773 -0.998199668
v -0.00400994392 0.133214191 -0.772784889
vt 0.157276422 0.404630721
vn -0.0240591565 -0.0549416372 -0.998199666
v -0.0447379574 0.0505831912 -0.767255187
vt 0.173385501 0.363717526
vn -0.0240589528 -0.0549415249 -0.998199677
v -0.0377057269 0.136024982 -0.77212745
vt 0.173388869 0.40462935
vn -0.0240593593 -0.0549415105 -0.998199668
v -0.00400994392 0.133214191 -0.772784889
vt 0.157276422 0.404630721
vn -0.0240591565 -0.0549416372 -0.998199666
v -0.0110421795 0.0477723852 -0.767912626
vt 0.15727298 0.363719642
vn -0.0240592719 -0.0549414943 -0.998199671
v -0.0447379574 0.0505831912 -0.767255187
vt 0.173385501 0.363717526
vn -0.0240589528 -0.0549415249 -0.998199677
v 0.0297736023 0.130396068 -0.773444057
vt 0.141119555 0.404634327
vn -0.0240593819 -0.0549415541 -0.998199665
v -0.0110421795 0.0477723852 -0.767912626
vt 0.15727298 0.363719642
vn -0.0240592719 -0.0549414943 -0.998199671
v -0.00400994392 0.133214191 -0.772784889
vt 0.157276422 0.404630721
vn -0.0240591565 -0.0549416372 -0.998199666
v -0.0377057269 0.136024982 -0.77212745
vt 0.173388869 0.40462935
vn -0.0240593593 -0.0549415105 -0.998199668
v -0.0605553985 0.149313256 -0.772308111
vt 0.1847592 0.410041571
vn -0.024058918 -0.05494128 -0.998199692
v -0.0524196401 0.248162895 -0.777944922
vt 0.184762701 0.457372934
vn -0.0240596685 -0.0549413773 -0.998199668
v 0.0297736023 0.130396068 -0.773444057
vt 0.141119555 0.404634327
vn -0.0240593819 -0.0549415541 -0.998199665
v 0.0227413662 0.0449542701 -0.768571794
vt 0.141118869 0.363721073
vn -0.0240594187 -0.0549414852 -0.998199668
v -0.0110421795 0.0477723852 -0.767912626
vt 0.15727298 0.363719642
vn -0.0240592719 -0.0549414943 -0.998199671
v 0.0541742519 0.13125129 0.473487645
vt 0.881302595 0.139717832
vn 0.0240594384 0.0549417019 0.998199656
v 0.0788847655 0.140572235 0.472378999
vt 0.897628903 0.147494987
vn 0.0240605652 0.0549409491 0.99819967
v 0.0817409381 0.175274774 0.470400125
vt 0.897629142 0.171357855
vn 0.0240594285 0.05494166 0.998199658
v 0.0541742519 0.13125129 0.473487645
vt 0.881302595 0.139717832
vn 0.0240594384 0.0549417019 0.998199656
v 0.0817409381 0.175274774 0.470400125
vt 0.897629142 0.171357855
vn 0.0240594285 0.05494166 0.998199658
v 0.0241772961 0.180076569 0.471523255
vt 0.858100653 0.171357319
vn 0.0240597178 0.0549422416 0.998199619
v 0.0203907061 0.134069413 0.474146813
vt 0.858101249 0.13972117
vn 0.0240600078 0.0549416069 0.998199647
v 0.0541742519 0.13125129 0.473487645
vt 0.881302595 0.139717832
vn 0.0240594384 0.0549417019 0.998199656
v 0.0241772961 0.180076569 0.471523255
vt 0.858100653 0.171357319
vn 0.0240597178 0.0549422416 0.998199619
v -0.0133050755 0.136880219 0.474804312
vt 0.834964037 0.139719322
vn 0.0240597774 0.0549420025 0.998199631
v 0.0203907061 0.134069413 0.474146813
vt 0.858101249 0.13972117
vn 0.0240600078 0.0549416069 0.998199647
v 0.0241772961 0.180076569 0.471523255
vt 0.858100653 0.171357319
vn 0.0240597178 0.0549422416 0.998199619
v -0.0133050755 0.136880219 0.474804312
vt 0.834964037 0.139719322
vn 0.0240597774 0.0549420025 0.998199631
v 0.0241772961 0.180076569 0.471523255
vt 0.858100653 0.171357319
vn 0.0240597178 0.0549422416 0.998199619
v -0.0332985744 0.184871018 0.472644717
vt 0.818632722 0.171357647
vn 0.0240590287 0.0549424396 0.998199625
v -0.0133050755 0.136880219 0.474804312
vt 0.834964037 0.139719322
vn 0.0240597774 0.0549420025 0.998199631
v -0.0332985744 0.184871018 0.472644717
vt 0.818632722 0.171357647
vn 0.0240590287 0.0549424396 0.998199625
v -0.036154747 0.150168478 0.474623591
vt 0.818632483 0.147495791
vn 0.0240562926 0.0549413055 0.998199753
v 0.0189193413 0.116192311 0.475166231
vt 0.85810113 0.127428547
vn 0.0240602287 0.054940754 0.998199689
v 0.0203907061 0.134069413 0.474146813
vt 0.858101249 0.13972117
vn 0.0240600078 0.0549416069 0.998199647
v -0.0133050755 0.136880219 0.474804312
vt 0.834964037 0.139719322
vn 0.0240597774 0.0549420025 0.998199631
v 0.0189193413 0.116192311 0.475166231
vt 0.85810113 0.127428547
vn 0.0240602287 0.054940754 0.998199689
v -0.0133050755 0.136880219 0.474804312
vt 0.834964037 0.139719322
vn 0.0240597774 0.0549420025 0.998199631
v -0.0147764403 0.11900311 0.47582373
vt 0.834963918 0.127426699
vn 0.0240606492 0.0549407037 0.998199682
v 0.0527028888 0.113374189 0.474507064
vt 0.88130343 0.127425209
vn 0.0240593766 0.054940834 0.998199705
v 0.0541742519 0.13125129 0.473487645
vt 0.881302595 0.139717832
vn 0.0240594384 0.0549417019 0.998199656
v 0.0203907061 0.134069413 0.474146813
vt 0.858101249 0.13972117
vn 0.0240600078 0.0549416069 0.998199647
v 0.0527028888 0.113374189 0.474507064
vt 0.88130343 0.127425209
vn 0.0240593766 0.054940834 0.998199705
v 0.0203907061 0.134069413 0.474146813
vt 0.858101249 0.13972117
vn 0.0240600078 0.0549416069 0.998199647
v 0.0189193413 0.116192311 0.475166231
vt 0.85810113 0.127428547
vn 0.0240602287 0.054940754 0.998199689
v 0.0241772961 0.180076569 0.471523255
vt 0.858100653 0.171357319
vn -0.0537979115 -0.788296384 0.612939308
v 0.0817409381 0.175274774 0.470400125
vt 0.897629142 0.171357855
vn -0.0537983327 -0.78829656 0.612939045
v 0.0852700621 0.207742438 0.512466311
vt 0.897630572 0.207793936
vn -0.0537986258 -0.788296324 0.612939323
v 0.0241772961 0.180076569 0.471523255
vt 0.858100653 0.171357319
vn -0.0537979115 -0.788296384 0.612939308
v 0.0852700621 0.207742438 0.512466311
vt 0.897630572 0.207793936
vn -0.0537986258 -0.788296324 0.612939323
v 0.0277064219 0.212544233 0.513589382
vt 0.85810411 0.207790062
vn -0.0537978882 -0.788296174 0.61293958
v 0.0241772961 0.180076569 0.471523255
vt 0.858100653 0.171357319
vn -0.0537979115 -0.788296384 0.612939308
v 0.0277064219 0.212544233 0.513589382
vt 0.85810411 0.207790062
vn -0.0537978882 -0.788296174 0.61293958
v -0.0297694523 0.217338681 0.514710903
vt 0.818634272 0.207792565
vn -0.0537971961 -0.788296444 0.612939294
v 0.0241772961 0.180076569 0.471523255
vt 0.858100653 0.171357319
vn -0.0537979115 -0.788296384 0.612939308
v -0.0297694523 0.217338681 0.514710903
vt 0.818634272 0.207792565
vn -0.0537971961 -0.788296444 0.612939294
v -0.0332985744 0.184871018 0.472644717
vt 0.818632722 0.171357647
vn -0.0537975362 -0.788296628 0.612939028
v 0.0277064219 0.212544233 0.513589382
vt 0.85810411 0.207790062
vn 0.0240594024 0.0549414214 0.998199672
v 0.0852700621 0.207742438 0.512466311
vt 0.897630572 0.207793936
vn 0.0240589953 0.0549417289 0.998199665
v 0.0371981412 0.327868789 0.507013083
vt 0.858102918 0.28709209
vn 0.0240591472 0.0549416776 0.998199664
v 0.0852700621 0.207742438 0.512466311
vt 0.897630572 0.207793936
vn 0.0240589953 0.0549417289 0.998199665
v 0.0772119015 0.324530959 0.506232381
vt 0.885582805 0.287088752
vn 0.0240600245 0.0549419298 0.998199629
v 0.0371981412 0.327868789 0.507013083
vt 0.858102918 0.28709209
vn 0.0240591472 0.0549416776 0.998199664
v 0.0852700621 0.207742438 0.512466311
vt 0.897630572 0.207793936
vn 0.0240589953 0.0549417289 0.998199665
v 0.093319267 0.305540502 0.506889343
vt 0.897633433 0.275036752
vn 0.0240633426 0.0549421538 0.998199537
v 0.0772119015 0.324530959 0.506232381
vt 0.885582805 0.287088752
vn 0.0240600245 0.0549419298 0.998199629
v 0.0277064219 0.212544233 0.513589382
vt 0.85810411 0.207790062
vn 0.0240594024 0.0549414214 0.998199672
v 0.0371981412 0.327868789 0.507013083
vt 0.858102918 0.28709209
vn 0.0240591472 0.0549416776 0.998199664
v -0.0297694523 0.217338681 0.514710903
vt 0.818634272 0.207792565
vn 0.0240598683 0.0549418652 0.998199636
v 0.0371981412 0.327868789 0.507013083
vt 0.858102918 0.28709209
vn 0.0240591472 0.0549416776 0.998199664
v -0.0217202436 0.31513676 0.509133935
vt 0.818633914 0.275041819
vn 0.024058872 0.0549420921 0.998199648
v -0.0297694523 0.217338681 0.514710903
vt 0.818634272 0.207792565
vn 0.0240598683 0.0549418652 0.998199636
v 0.0371981412 0.327868789 0.507013083
vt 0.858102918 0.28709209
vn 0.0240591472 0.0549416776 0.998199664
v -0.00272786431 0.331199318 0.507792115
vt 0.830685854 0.287092388
vn 0.0240596304 0.0549386118 0.998199821
v -0.0217202436 0.31513676 0.509133935
vt 0.818633914 0.275041819
vn 0.024058872 0.0549420921 0.998199648
v 0.0371981412 0.327868789 0.507013083
vt 0.990326345 0.386790335
vn 0.0818949793 0.995024474 -0.056740721
v 0.0772119015 0.324530959 0.506232381
vt 0.990351975 0.410080373
vn 0.0818949598 0.995024476 -0.0567406993
v 0.069371894 0.306627601 0.180957288
vt 0.812878191 0.410090387
vn 0.0818949674 0.995024476 -0.0567406985
v 0.0371981412 0.327868789 0.507013083
vt 0.990326345 0.386790335
vn 0.0818949793 0.995024474 -0.056740721
v 0.069371894 0.306627601 0.180957288
vt 0.812878191 0.410090387
vn 0.0818949674 0.995024476 -0.0567406985
v 0.0293581411 0.309965432 0.181737989
vt 0.81286341 0.386824191
vn 0.0818947995 0.99502449 -0.0567406943
v 0.0371981412 0.327868789 0.507013083
vt 0.990326345 0.386790335
vn 0.0818949793 0.995024474 -0.056740721
v 0.0293581411 0.309965432 0.181737989
vt 0.81286341 0.386824191
vn 0.0818947995 0.99502449 -0.0567406943
v -0.0105678644 0.313295931 0.182517022
vt 0.812848628 0.363671839
vn 0.0818949912 0.995024471 -0.0567407435
v 0.0371981412 0.327868789 0.507013083
vt 0.990326345 0.386790335
vn 0.0818949793 0.995024474 -0.056740721
v -0.0105678644 0.313295931 0.182517022
vt 0.812848628 0.363671839
vn 0.0818949912 0.995024471 -0.0567407435
v -0.00272786431 0.331199318 0.507792115
vt 0.990300834 0.363668442
vn 0.0818953588 0.995024438 -0.0567407961
v 0.0293581411 0.309965432 0.181737989
vt 0.81286341 0.386824191
vn 0.0575465435 0.485871768 0.872133602
v 0.069371894 0.306627601 0.180957288
vt 0.812878191 0.410090387
vn 0.0575460611 0.485871837 0.872133596
v 0.0761555359 0.400254637 0.128349394
vt 0.75427705 0.410093606
vn 0.0575460611 0.485871837 0.872133596
v 0.0293581411 0.309965432 0.181737989
vt 0.81286341 0.386824191
vn 0.0575465435 0.485871768 0.872133602
v 0.0761555359 0.400254637 0.128349394
vt 0.75427705 0.410093606
vn 0.0575460611 0.485871837 0.872133596
v 0.036141783 0.403592467 0.129130095
vt 0.754259884 0.386835396
vn 0.0575466342 0.48587179 0.872133584
v 0.0293581411 0.309965432 0.181737989
vt 0.81286341 0.386824191
vn 0.0575465435 0.485871768 0.872133602
v 0.036141783 0.403592467 0.129130095
vt 0.754259884 0.386835396
vn 0.0575466342 0.48587179 0.872133584
v -0.00378422625 0.406922996 0.129909128
vt 0.754242599 0.363672972
vn 0.0575470269 0.485871699 0.872133609
v 0.0293581411 0.309965432 0.181737989
vt 0.81286341 0.386824191
vn 0.0575465435 0.485871768 0.872133602
v -0.00378422625 0.406922996 0.129909128
vt 0.754242599 0.363672972
vn 0.0575470269 0.485871699 0.872133609
v -0.0105678644 0.313295931 0.182517022
vt 0.812848628 0.363671839
vn 0.0575468454 0.485871656 0.872133645
v 0.036141783 0.403592467 0.129130095
vt 0.754259884 0.386835396
vn 0.0818949818 0.995024475 -0.0567406975
v 0.0761555359 0.400254637 0.128349394
vt 0.75427705 0.410093606
vn 0.0818949755 0.995024476 -0.0567406759
v 0.0674658418 0.380410939 -0.232178688
vt 0.557575166 0.410104513
vn 0.081894965 0.995024477 -0.0567406769
v 0.036141783 0.403592467 0.129130095
vt 0.754259884 0.386835396
vn 0.0818949818 0.995024475 -0.0567406975
v 0.0674658418 0.380410939 -0.232178688
vt 0.557575166 0.410104513
vn 0.081894965 0.995024477 -0.0567406769
v 0.0274520889 0.38374877 -0.231397972
vt 0.557563722 0.386872947
vn 0.0818948 0.995024491 -0.0567406749
v 0.036141783 0.403592467 0.129130095
vt 0.754259884 0.386835396
vn 0.0818949818 0.995024475 -0.0567406975
v 0.0274520889 0.38374877 -0.231397972
vt 0.557563722 0.386872947
vn 0.0818948 0.995024491 -0.0567406749
v -0.0124739166 0.387079269 -0.230618954
vt 0.55755204 0.363676667
vn 0.0818949986 0.995024472 -0.0567407181
v 0.036141783 0.403592467 0.129130095
vt 0.754259884 0.386835396
vn 0.0818949818 0.995024475 -0.0567406975
v -0.0124739166 0.387079269 -0.230618954
vt 0.55755204 0.363676667
vn 0.0818949986 0.995024472 -0.0567407181
v -0.00378422625 0.406922996 0.129909128
vt 0.754242599 0.363672972
vn 0.081895352 0.99502444 -0.0567407644
v 0.0274520889 0.38374877 -0.231397972
vt 0.557563722 0.386872947
vn 0.0219432904 0.469510076 -0.882654395
v 0.0674658418 0.380410939 -0.232178688
vt 0.557575166 0.410104513
vn 0.0219434998 0.469509995 -0.882654432
v 0.0599779636 0.300617784 -0.274809182
vt 0.508136451 0.410107374
vn 0.0219436673 0.469510045 -0.882654402
v 0.0274520889 0.38374877 -0.231397972
vt 0.557563722 0.386872947
vn 0.0219432904 0.469510076 -0.882654395
v 0.0599779636 0.300617784 -0.274809182
vt 0.508136451 0.410107374
vn 0.0219436673 0.469510045 -0.882654402
v 0.0199642051 0.303955615 -0.27402848
vt 0.508127034 0.386882424
vn 0.0219432956 0.469510139 -0.882654361
v 0.0274520889 0.38374877 -0.231397972
vt 0.557563722 0.386872947
vn 0.0219432904 0.469510076 -0.882654395
v 0.0199642051 0.303955615 -0.27402848
vt 0.508127034 0.386882424
vn 0.0219432956 0.469510139 -0.882654361
v -0.0199618004 0.307286114 -0.273249447
vt 0.508117735 0.36367768
vn 0.0219429126 0.469510107 -0.882654388
v 0.0274520889 0.38374877 -0.231397972
vt 0.557563722 0.386872947
vn 0.0219432904 0.469510076 -0.882654395
v -0.0199618004 0.307286114 -0.273249447
vt 0.508117735 0.36367768
vn 0.0219429126 0.469510107 -0.882654388
v -0.0124739166 0.387079269 -0.230618954
vt 0.55755204 0.363676667
vn 0.0219430702 0.46951003 -0.882654425
v 0.0199642051 0.303955615 -0.27402848
vt 0.508127034 0.386882424
vn 0.0818947954 0.995024489 -0.0567407075
v 0.0599779636 0.300617784 -0.274809182
vt 0.508136451 0.410107374
vn 0.0818949634 0.995024476 -0.056740708
v 0.0486290231 0.274701446 -0.7456671
vt 0.251239359 0.41012156
vn 0.081894929 0.995024478 -0.0567407103
v 0.0199642051 0.303955615 -0.27402848
vt 0.508127034 0.386882424
vn 0.0818947954 0.995024489 -0.0567407075
v 0.0486290231 0.274701446 -0.7456671
vt 0.251239359 0.41012156
vn 0.081894929 0.995024478 -0.0567407103
v 0.00861527212 0.278039277 -0.744886339
vt 0.251237839 0.386931419
vn 0.0818947972 0.995024489 -0.0567407106
v 0.0199642051 0.303955615 -0.27402848
vt 0.508127034 0.386882424
vn 0.0818947954 0.995024489 -0.0567407075
v 0.00861527212 0.278039277 -0.744886339
vt 0.251237839 0.386931419
vn 0.0818947972 0.995024489 -0.0567407106
v -0.0313107371 0.281369776 -0.744107366
vt 0.25123629 0.363682806
vn 0.0818946616 0.995024501 -0.0567407047
v 0.0199642051 0.303955615 -0.27402848
vt 0.508127034 0.386882424
vn 0.0818947954 0.995024489 -0.0567407075
v -0.0313107371 0.281369776 -0.744107366
vt 0.25123629 0.363682806
vn 0.0818946616 0.995024501 -0.0567407047
v -0.0199618004 0.307286114 -0.273249447
vt 0.508117735 0.36367768
vn 0.0818946234 0.995024504 -0.0567407007
v 0.0486290231 0.274701446 -0.7456671
vt 0.251239359 0.41012156
vn 0.0451073227 0.699545676 -0.713162798
v 0.0626198724 0.238566637 -0.780189514
vt 0.227158964 0.410165548
vn 0.0455405952 0.699236364 -0.713438547
v 0.00506344717 0.243456066 -0.779071391
vt 0.227158964 0.386936486
vn 0.0444587279 0.699745487 -0.713007486
v 0.0486290231 0.274701446 -0.7456671
vt 0.251239359 0.41012156
vn 0.0451073227 0.699545676 -0.713162798
v 0.00506344717 0.243456066 -0.779071391
vt 0.227158964 0.386936486
vn 0.0444587279 0.699745487 -0.713007486
v 0.00861527212 0.278039277 -0.744886339
vt 0.251237839 0.386931419
vn 0.0439844775 0.699753869 -0.713028673
v 0.00861527212 0.278039277 -0.744886339
vt 0.251237839 0.386931419
vn 0.0439844775 0.699753869 -0.713028673
v 0.00506344717 0.243456066 -0.779071391
vt 0.227158964 0.386936486
vn 0.0444587279 0.699745487 -0.713007486
v -0.0524196401 0.248162895 -0.777944922
vt 0.227158964 0.363668442
vn 0.0437795856 0.699656596 -0.71313673
v 0.00861527212 0.278039277 -0.744886339
vt 0.251237839 0.386931419
vn 0.0439844775 0.699753869 -0.713028673
v -0.0524196401 0.248162895 -0.777944922
vt 0.227158964 0.363668442
vn 0.0437795856 0.699656596 -0.71313673
v -0.0313107371 0.281369776 -0.744107366
vt 0.25123629 0.363682806
vn 0.0443871392 0.69904129 -0.713702358
v 0.0347298682 0.0509825125 -0.179906875
vt 0.67324549 0.450310647
vn -0.081894871 -0.99502448 0.0567407704
v 0.000946321117 0.053800635 -0.179247707
vt 0.67324549 0.432642996
vn -0.0818948442 -0.995024482 0.0567407697
v -0.00336144352 0.0439634472 -0.357973278
vt 0.765615046 0.432642996
vn -0.0818948419 -0.995024482 0.0567407703
v 0.0347298682 0.0509825125 -0.179906875
vt 0.67324549 0.450310647
vn -0.081894871 -0.99502448 0.0567407704
v -0.00336144352 0.0439634472 -0.357973278
vt 0.765615046 0.432642996
vn -0.0818948419 -0.995024482 0.0567407703
v 0.0304221027 0.0411453247 -0.358632445
vt 0.765615046 0.450310647
vn -0.0818948721 -0.99502448 0.0567407707
v -0.0327494591 0.0566114336 -0.178590268
vt 0.67324549 0.41502139
vn -0.0818948128 -0.995024484 0.0567407702
v -0.00336144352 0.0439634472 -0.357973278
vt 0.765615046 0.432642996
vn -0.0818948419 -0.995024482 0.0567407703
v 0.000946321117 0.053800635 -0.179247707
vt 0.67324549 0.432642996
vn -0.0818948442 -0.995024482 0.0567407697
v -0.0327494591 0.0566114336 -0.178590268
vt 0.67324549 0.41502139
vn -0.0818948128 -0.995024484 0.0567407702
v -0.0370572284 0.0467742458 -0.357315838
vt 0.765615046 0.41502139
vn -0.0818948072 -0.995024485 0.0567407711
v -0.00336144352 0.0439634472 -0.357973278
vt 0.765615046 0.432642996
vn -0.0818948419 -0.995024482 0.0567407703
v -0.0447379574 0.0505831912 -0.767255187
vt 0.99325192 0.41502139
vn -0.0818949313 -0.995024478 0.0567407151
v -0.0110421795 0.0477723852 -0.767912626
vt 0.99325192 0.432642996
vn -0.0818948498 -0.995024484 0.0567407229
v -0.0011976799 0.0702532157 -0.359472454
vt 0.779245138 0.432642996
vn -0.0818947932 -0.995024489 0.0567407171
v -0.0447379574 0.0505831912 -0.767255187
vt 0.99325192 0.41502139
vn -0.0818949313 -0.995024478 0.0567407151
v -0.0011976799 0.0702532157 -0.359472454
vt 0.779245138 0.432642996
vn -0.0818947932 -0.995024489 0.0567407171
v -0.0348934606 0.0730640143 -0.358815014
vt 0.779245138 0.41502139
vn -0.081894819 -0.995024488 0.0567407036
v 0.0227413662 0.0449542701 -0.768571794
vt 0.99325192 0.450310647
vn -0.0818946554 -0.9950245 0.0567407192
v -0.0011976799 0.0702532157 -0.359472454
vt 0.779245138 0.432642996
vn -0.0818947932 -0.995024489 0.0567407171
v -0.0110421795 0.0477723852 -0.767912626
vt 0.99325192 0.432642996
vn -0.0818948498 -0.995024484 0.0567407229
v 0.0227413662 0.0449542701 -0.768571794
vt 0.99325192 0.450310647
vn -0.0818946554 -0.9950245 0.0567407192
v 0.0325858667 0.0674351007 -0.360131621
vt 0.779246151 0.450310647
vn -0.0818946542 -0.9950245 0.0567407192
v -0.0011976799 0.0702532157 -0.359472454
vt 0.779245138 0.432642996
vn -0.0818947932 -0.995024489 0.0567407171
v -0.0348934606 0.0730640143 -0.358815014
vt 0.779245138 0.41502139
vn -0.0240590104 -0.0549422449 -0.998199636
v -0.0011976799 0.0702532157 -0.359472454
vt 0.779245138 0.432642996
vn -0.0240592451 -0.0549422273 -0.998199632
v -0.00336144352 0.0439634472 -0.357973278
vt 0.765615046 0.432642996
vn -0.024059247 -0.0549422222 -0.998199632
v -0.0348934606 0.0730640143 -0.358815014
vt 0.779245138 0.41502139
vn -0.0240590104 -0.0549422449 -0.998199636
v -0.00336144352 0.0439634472 -0.357973278
vt 0.765615046 0.432642996
vn -0.024059247 -0.0549422222 -0.998199632
v -0.0370572284 0.0467742458 -0.357315838
vt 0.765615046 0.41502139
vn -0.0240590087 -0.0549422432 -0.998199636
v 0.0325858667 0.0674351007 -0.360131621
vt 0.779246151 0.450310647
vn -0.0240594831 -0.0549421994 -0.998199627
v -0.00336144352 0.0439634472 -0.357973278
vt 0.765615046 0.432642996
vn -0.024059247 -0.0549422222 -0.998199632
v -0.0011976799 0.0702532157 -0.359472454
vt 0.779245138 0.432642996
vn -0.0240592451 -0.0549422273 -0.998199632
v 0.0325858667 0.0674351007 -0.360131621
vt 0.779246151 0.450310647
vn -0.0240594831 -0.0549421994 -0.998199627
v 0.0304221027 0.0411453247 -0.358632445
vt 0.765615046 0.450310647
vn -0.0240594886 -0.054942191 -0.998199628
v -0.00336144352 0.0439634472 -0.357973278
vt 0.765615046 0.432642996
vn -0.024059247 -0.0549422222 -0.998199632
v 0.0279121827 -0.098940365 0.111638159
vt 0.485951453 0.450310647
vn -0.0818946571 -0.995024504 0.0567406458
v -0.00587136298 -0.0961222425 0.112297326
vt 0.485951453 0.432642996
vn -0.0818946893 -0.995024499 0.0567406958
v -0.00950319041 -0.104415856 -0.0383842289
vt 0.563827336 0.432642996
vn -0.0818947133 -0.9950245 0.0567406419
v 0.0279121827 -0.098940365 0.111638159
vt 0.485951453 0.450310647
vn -0.0818946571 -0.995024504 0.0567406458
v -0.00950319041 -0.104415856 -0.0383842289
vt 0.563827336 0.432642996
vn -0.0818947133 -0.9950245 0.0567406419
v 0.0242803562 -0.107233964 -0.0390433967
vt 0.563827336 0.450310647
vn -0.0818944394 -0.995024525 0.0567405923
v -0.0395671427 -0.0933114514 0.112954825
vt 0.485951453 0.41502139
vn -0.0818947696 -0.995024496 0.0567406379
v -0.00950319041 -0.104415856 -0.0383842289
vt 0.563827336 0.432642996
vn -0.0818947133 -0.9950245 0.0567406419
v -0.00587136298 -0.0961222425 0.112297326
vt 0.485951453 0.432642996
vn -0.0818946893 -0.995024499 0.0567406958
v -0.0395671427 -0.0933114514 0.112954825
vt 0.485951453 0.41502139
vn -0.0818947696 -0.995024496 0.0567406379
v -0.0431989729 -0.10160505 -0.0377267897
vt 0.563827336 0.41502139
vn -0.0818950359 -0.995024477 0.0567405836
v -0.00950319041 -0.104415856 -0.0383842289
vt 0.563827336 0.432642996
vn -0.0818947133 -0.9950245 0.0567406419
v 0.0070246784 0.0605649203 0.103362292
vt 0.404713482 0.432642996
vn 0.0240598819 0.0549417737 0.998199641
v -0.00587136298 -0.0961222425 0.112297326
vt 0.485951453 0.432642996
vn 0.0240603067 0.0549417374 0.998199633
v 0.0279121827 -0.098940365 0.111638159
vt 0.485951453 0.450310647
vn 0.0240594518 0.0549418092 0.99819965
v 0.0070246784 0.0605649203 0.103362292
vt 0.404713482 0.432642996
vn 0.0240598819 0.0549417737 0.998199641
v 0.0279121827 -0.098940365 0.111638159
vt 0.485951453 0.450310647
vn 0.0240594518 0.0549418092 0.99819965
v 0.0408082232 0.0577468053 0.102703124
vt 0.404712737 0.450310647
vn 0.024059446 0.0549418084 0.99819965
v -0.0266711023 0.0633757263 0.104019791
vt 0.404712737 0.41502139
vn 0.0240607323 0.0549417011 0.998199625
v -0.00587136298 -0.0961222425 0.112297326
vt 0.485951453 0.432642996
vn 0.0240603067 0.0549417374 0.998199633
v 0.0070246784 0.0605649203 0.103362292
vt 0.404713482 0.432642996
vn 0.0240598819 0.0549417737 0.998199641
v -0.0266711023 0.0633757263 0.104019791
vt 0.404712737 0.41502139
vn 0.0240607323 0.0549417011 0.998199625
v -0.0395671427 -0.0933114514 0.112954825
vt 0.485951453 0.41502139
vn 0.0240607204 0.0549416995 0.998199625
v -0.00587136298 -0.0961222425 0.112297326
vt 0.485951453 0.432642996
vn 0.0240603067 0.0549417374 0.998199633
v 0.000946321117 0.053800635 -0.179247707
vt 0.67324549 0.432642996
vn -0.0697011956 -0.660772059 -0.747343314
v -0.00950319041 -0.104415856 -0.0383842289
vt 0.563827336 0.432642996
vn -0.0697012351 -0.660772062 -0.747343308
v -0.0431989729 -0.10160505 -0.0377267897
vt 0.563827336 0.41502139
vn -0.0697010837 -0.660772071 -0.747343314
v 0.000946321117 0.053800635 -0.179247707
vt 0.67324549 0.432642996
vn -0.0697011956 -0.660772059 -0.747343314
v -0.0431989729 -0.10160505 -0.0377267897
vt 0.563827336 0.41502139
vn -0.0697010837 -0.660772071 -0.747343314
v -0.0327494591 0.0566114336 -0.178590268
vt 0.67324549 0.41502139
vn -0.069701014 -0.660772086 -0.747343308
v 0.0347298682 0.0509825125 -0.179906875
vt 0.67324549 0.450310647
vn -0.0697012758 -0.660772064 -0.747343302
v -0.00950319041 -0.104415856 -0.0383842289
vt 0.563827336 0.432642996
vn -0.0697012351 -0.660772062 -0.747343308
v 0.000946321117 0.053800635 -0.179247707
vt 0.67324549 0.432642996
vn -0.0697011956 -0.660772059 -0.747343314
v 0.0347298682 0.0509825125 -0.179906875
vt 0.67324549 0.450310647
vn -0.0697012758 -0.660772064 -0.747343302
v 0.0242803562 -0.107233964 -0.0390433967
vt 0.563827336 0.450310647
vn -0.0697011327 -0.660772093 -0.74734329
v -0.00950319041 -0.104415856 -0.0383842289
vt 0.563827336 0.432642996
vn -0.0697012351 -0.660772062 -0.747343308
v 0.0107572637 0.0975534469 0.136528283
vt 0.375977159 0.432642996
vn -0.081894771 -0.995024491 0.0567407106
v 0.0189193413 0.116192311 0.475166231
vt 0.202786744 0.432642996
vn -0.0818948221 -0.995024487 0.0567407119
v -0.0147764403 0.11900311 0.47582373
vt 0.202786744 0.41502139
vn -0.0818947169 -0.995024496 0.0567407095
v 0.0107572637 0.0975534469 0.136528283
vt 0.375977159 0.432642996
vn -0.081894771 -0.995024491 0.0567407106
v -0.0147764403 0.11900311 0.47582373
vt 0.202786744 0.41502139
vn -0.0818947169 -0.995024496 0.0567407095
v -0.0229385179 0.100364245 0.137185782
vt 0.375977159 0.41502139
vn -0.0818947169 -0.995024496 0.0567407095
v 0.0445408076 0.0947353244 0.135869116
vt 0.375977159 0.450310647
vn -0.0818948746 -0.995024483 0.056740713
v 0.0189193413 0.116192311 0.475166231
vt 0.202786744 0.432642996
vn -0.0818948221 -0.995024487 0.0567407119
v 0.0107572637 0.0975534469 0.136528283
vt 0.375977159 0.432642996
vn -0.081894771 -0.995024491 0.0567407106
v 0.0445408076 0.0947353244 0.135869116
vt 0.375977159 0.450310647
vn -0.0818948746 -0.995024483 0.056740713
v 0.0527028888 0.113374189 0.474507064
vt 0.202786744 0.450310647
vn -0.0818948701 -0.995024483 0.0567407134
v 0.0189193413 0.116192311 0.475166231
vt 0.202786744 0.432642996
vn -0.0818948221 -0.995024487 0.0567407119
v 0.0431838781 0.0845204443 0.109995216
vt 0.390345275 0.450310647
vn -0.00307270888 -0.262533248 0.964918055
v 0.00940033421 0.0873385668 0.110654384
vt 0.390345275 0.432642996
vn -0.00307213495 -0.262533261 0.964918053
v 0.0070246784 0.0605649203 0.103362292
vt 0.404713482 0.432642996
vn -0.00307212206 -0.26253328 0.964918048
v 0.0431838781 0.0845204443 0.109995216
vt 0.390345275 0.450310647
vn -0.00307270888 -0.262533248 0.964918055
v 0.0070246784 0.0605649203 0.103362292
vt 0.404713482 0.432642996
vn -0.00307212206 -0.26253328 0.964918048
v 0.0408082232 0.0577468053 0.102703124
vt 0.404712737 0.450310647
vn -0.0030726831 -0.262533284 0.964918045
v -0.0242954474 0.0901493728 0.111311883
vt 0.390345275 0.41502139
vn -0.00307153371 -0.262533312 0.964918041
v 0.0070246784 0.0605649203 0.103362292
vt 0.404713482 0.432642996
vn -0.00307212206 -0.26253328 0.964918048
v 0.00940033421 0.0873385668 0.110654384
vt 0.390345275 0.432642996
vn -0.00307213495 -0.262533261 0.964918053
v -0.0242954474 0.0901493728 0.111311883
vt 0.390345275 0.41502139
vn -0.00307153371 -0.262533312 0.964918041
v -0.0266711023 0.0633757263 0.104019791
vt 0.404712737 0.41502139
vn -0.00307153376 -0.262533312 0.964918041
v 0.0070246784 0.0605649203 0.103362292
vt 0.404713482 0.432642996
vn -0.00307212206 -0.26253328 0.964918048
v 0.0445408076 0.0947353244 0.135869116
vt 0.375977159 0.450310647
vn -0.0700840149 -0.926588858 0.369487915
v 0.0107572637 0.0975534469 0.136528283
vt 0.375977159 0.432642996
vn -0.0700837371 -0.926588881 0.36948791
v 0.00940033421 0.0873385668 0.110654384
vt 0.390345275 0.432642996
vn -0.0700837909 -0.9265889 0.369487853
v 0.0445408076 0.0947353244 0.135869116
vt 0.375977159 0.450310647
vn -0.0700840149 -0.926588858 0.369487915
v 0.00940033421 0.0873385668 0.110654384
vt 0.390345275 0.432642996
vn -0.0700837909 -0.9265889 0.369487853
v 0.0431838781 0.0845204443 0.109995216
vt 0.390345275 0.450310647
vn -0.0700840149 -0.926588858 0.369487915
v -0.0229385179 0.100364245 0.137185782
vt 0.375977159 0.41502139
vn -0.0700835663 -0.926588941 0.369487791
v 0.00940033421 0.0873385668 0.110654384
vt 0.390345275 0.432642996
vn -0.0700837909 -0.9265889 0.369487853
v 0.0107572637 0.0975534469 0.136528283
vt 0.375977159 0.432642996
vn -0.0700837371 -0.926588881 0.36948791
v -0.0229385179 0.100364245 0.137185782
vt 0.375977159 0.41502139
vn -0.0700835663 -0.926588941 0.369487791
v -0.0242954474 0.0901493728 0.111311883
vt 0.390345275 0.41502139
vn -0.070083674 -0.926588978 0.369487678
v 0.00940033421 0.0873385668 0.110654384
vt 0.390345275 0.432642996
vn -0.0700837909 -0.9265889 0.369487853
v 0.0403297171 0.117582574 0.424900442
vt 0.265600711 0.0463185534
vn 0.0240587021 0.054940999 0.998199712
v -0.00380825438 0.121264428 0.42576161
vt 0.265600711 0.0751507133
vn 0.0240587012 0.0549409998 0.998199712
v -0.00924651884 0.0551894158 0.429529458
vt 0.222381473 0.0751507133
vn 0.0240587021 0.054940999 0.998199712
v 0.0403297171 0.117582574 0.424900442
vt 0.265600711 0.0463185534
vn 0.0240587021 0.054940999 0.998199712
v -0.00924651884 0.0551894158 0.429529458
vt 0.222381473 0.0751507133
vn 0.0240587021 0.054940999 0.998199712
v 0.0348914489 0.0515075624 0.42866829
vt 0.222381473 0.0463185534
vn 0.0240587031 0.0549409983 0.998199712
v -0.0118919313 0.102804601 0.0903764665
vt 0.00370439887 0.118370183
vn -0.996350531 0.0831125769 0.0194401318
v -0.0173301939 0.0367295966 0.0941443145
vt 0.00370439887 0.0751507133
vn -0.996350532 0.0831125676 0.0194401305
v -0.00924651884 0.0551894158 0.429529458
vt 0.222381473 0.0751507133
vn -0.996350531 0.0831125769 0.0194401318
v -0.0118919313 0.102804601 0.0903764665
vt 0.00370439887 0.118370183
vn -0.996350531 0.0831125769 0.0194401318
v -0.00924651884 0.0551894158 0.429529458
vt 0.222381473 0.0751507133
vn -0.996350531 0.0831125769 0.0194401318
v -0.00380825438 0.121264428 0.42576161
vt 0.222381473 0.118370183
vn -0.99635053 0.0831125863 0.0194401331
v -0.0173301939 0.0367295966 0.0941443145
vt 0.00370439887 0.0751507133
vn -0.0818948212 -0.995024489 0.0567406864
v 0.0268077757 0.0330477431 0.0932831466
vt 0.00370439887 0.0463185534
vn -0.0818948194 -0.995024489 0.0567406861
v 0.0348914489 0.0515075624 0.42866829
vt 0.222381473 0.0463185534
vn -0.0818948212 -0.995024489 0.0567406864
v -0.0173301939 0.0367295966 0.0941443145
vt 0.00370439887 0.0751507133
vn -0.0818948212 -0.995024489 0.0567406864
v 0.0348914489 0.0515075624 0.42866829
vt 0.222381473 0.0463185534
vn -0.0818948212 -0.995024489 0.0567406864
v -0.00924651884 0.0551894158 0.429529458
vt 0.222381473 0.0751507133
vn -0.0818948229 -0.995024488 0.0567406866
v 0.0268077757 0.0330477431 0.0932831466
vt 0.00370439887 0.0463185534
vn 0.996350528 -0.0831126093 -0.0194401291
v 0.0322460383 0.0991227403 0.0895152986
vt 0.00370439887 0.00309916609
vn 0.996350531 -0.0831125773 -0.0194401373
v 0.0403297171 0.117582574 0.424900442
vt 0.222381473 0.00309916609
vn 0.996350528 -0.0831126093 -0.0194401291
v 0.0268077757 0.0330477431 0.0932831466
vt 0.00370439887 0.0463185534
vn 0.996350528 -0.0831126093 -0.0194401291
v 0.0403297171 0.117582574 0.424900442
vt 0.222381473 0.00309916609
vn 0.996350528 -0.0831126093 -0.0194401291
v 0.0348914489 0.0515075624 0.42866829
vt 0.222381473 0.0463185534
vn 0.996350526 -0.0831126414 -0.0194401208
v 0.0550882891 0.395561039 0.178612381
vt 0.11306297 0.270996988
vn 0.168452237 0.983988981 -0.0582196654
v 0.0535711423 0.39209649 0.115667194
vt 0.11306297 0.317626625
vn 0.16849656 0.983981356 -0.0582202799
v 0.0166286454 0.395178139 0.116387933
vt 0.085053198 0.317626625
vn -0.00528579072 0.998481724 -0.0548298092
v 0.0550882891 0.395561039 0.178612381
vt 0.11306297 0.270996988
vn 0.168452237 0.983988981 -0.0582196654
v 0.0166286454 0.395178139 0.116387933
vt 0.085053198 0.317626625
vn -0.00528579072 0.998481724 -0.0548298092
v 0.0181457922 0.398642689 0.179333121
vt 0.085053198 0.270996988
vn -0.00533041138 0.998481548 -0.0548286878
v 0.0664132088 0.386708826 0.117330581
vt 0.123582773 0.317623705
vn 0.645640773 0.76147537 -0.0574739396
v 0.0535711423 0.39209649 0.115667194
vt 0.11306297 0.317626625
vn 0.16849656 0.983981356 -0.0582202799
v 0.0550882891 0.395561039 0.178612381
vt 0.11306297 0.270996988
vn 0.168452237 0.983988981 -0.0582196654
v 0.0664132088 0.386708826 0.117330581
vt 0.123582773 0.317623705
vn 0.645640773 0.76147537 -0.0574739396
v 0.0550882891 0.395561039 0.178612381
vt 0.11306297 0.270996988
vn 0.168452237 0.983988981 -0.0582196654
v 0.0679282323 0.390168548 0.180187732
vt 0.123582773 0.270996988
vn 0.859743062 0.50839916 -0.0487048439
v 0.00466087274 0.395446122 0.181422144
vt 0.0745336935 0.270996988
vn -0.512346193 0.85807037 -0.0348800456
v 0.0181457922 0.398642689 0.179333121
vt 0.085053198 0.270996988
vn -0.00533041138 0.998481548 -0.0548286878
v 0.0166286454 0.395178139 0.116387933
vt 0.085053198 0.317626625
vn -0.00528579072 0.998481724 -0.0548298092
v 0.00466087274 0.395446122 0.181422144
vt 0.0745336935 0.270996988
vn -0.512346193 0.85807037 -0.0348800456
v 0.0166286454 0.395178139 0.116387933
vt 0.085053198 0.317626625
vn -0.00528579072 0.998481724 -0.0548298092
v 0.00314584561 0.3919864 0.118564993
vt 0.0745336935 0.317623705
vn -0.764902375 0.643921701 -0.0170058452
v 0.069835335 0.373464108 0.122829705
vt 0.134102345 0.317615837
vn 0.999294541 -0.0301234976 -0.0224275592
v 0.0664132088 0.386708826 0.117330581
vt 0.123582773 0.317623705
vn 0.645640773 0.76147537 -0.0574739396
v 0.0679282323 0.390168548 0.180187732
vt 0.123582773 0.270996988
vn 0.859743062 0.50839916 -0.0487048439
v 0.069835335 0.373464108 0.122829705
vt 0.134102345 0.317615837
vn 0.999294541 -0.0301234976 -0.0224275592
v 0.0679282323 0.390168548 0.180187732
vt 0.123582773 0.270996988
vn 0.859743062 0.50839916 -0.0487048439
v 0.0713884979 0.377010912 0.18726936
vt 0.134102345 0.271004319
vn 0.99922271 -0.0325105173 -0.022294459
v 0.0661635846 0.305730134 0.224228293
vt 0.189590096 0.270996928
vn 0.996350536 -0.0831125365 -0.0194400324
v 0.069835335 0.373464108 0.122829705
vt 0.134102345 0.317615837
vn 0.999294541 -0.0301234976 -0.0224275592
v 0.0713884979 0.377010912 0.18726936
vt 0.134102345 0.271004319
vn 0.99922271 -0.0325105173 -0.022294459
v 0.0661635846 0.305730134 0.224228293
vt 0.189590096 0.270996928
vn 0.996350536 -0.0831125365 -0.0194400324
v 0.0648117214 0.302643001 0.168140322
vt 0.189590096 0.317547679
vn 0.996350541 -0.0831124909 -0.0194400017
v 0.069835335 0.373464108 0.122829705
vt 0.134102345 0.317615837
vn 0.999294541 -0.0301234976 -0.0224275592
v -0.00065379031 0.383020461 0.188674957
vt 0.0640140101 0.270996928
vn -0.990591401 0.135866815 0.0163976914
v 0.00466087274 0.395446122 0.181422144
vt 0.0745336935 0.270996988
vn -0.512346193 0.85807037 -0.0348800456
v 0.00314584561 0.3919864 0.118564993
vt 0.0745336935 0.317623705
vn -0.764902375 0.643921701 -0.0170058452
v -0.00065379031 0.383020461 0.188674957
vt 0.0640140101 0.270996928
vn -0.990591401 0.135866815 0.0163976914
v 0.00314584561 0.3919864 0.118564993
vt 0.0745336935 0.317623705
vn -0.764902375 0.643921701 -0.0170058452
v -0.00220696069 0.379473656 0.124235302
vt 0.0640140101 0.317615837
vn -0.990910787 0.133500497 0.0165356747
v -0.00723057427 0.30865255 0.169545919
vt 0.00852643885 0.317547679
vn -0.996350528 0.0831126089 0.019440136
v -0.00065379031 0.383020461 0.188674957
vt 0.0640140101 0.270996928
vn -0.990591401 0.135866815 0.0163976914
v -0.00220696069 0.379473656 0.124235302
vt 0.0640140101 0.317615837
vn -0.990910787 0.133500497 0.0165356747
v -0.00723057427 0.30865255 0.169545919
vt 0.00852643885 0.317547679
vn -0.996350528 0.0831126089 0.019440136
v -0.00587870553 0.311739683 0.225633889
vt 0.00852643885 0.270996928
vn -0.996350528 0.0831126198 0.0194400936
v -0.00065379031 0.383020461 0.188674957
vt 0.0640140101 0.270996928
vn -0.990591401 0.135866815 0.0163976914
v 0.0661635846 0.305730134 0.224228293
vt 0.993681312 0.154645279
vn 0.0553974218 0.456392599 0.888052319
v 0.0713884979 0.377010912 0.18726936
vt 0.993681312 0.252866805
vn 0.0557212469 0.460814091 0.88574574
v -0.00065379031 0.383020461 0.188674957
vt 0.905416846 0.252866805
vn 0.0557044594 0.460584411 0.88586625
v 0.0661635846 0.305730134 0.224228293
vt 0.993681312 0.154645279
vn 0.0553974218 0.456392599 0.888052319
v -0.00065379031 0.383020461 0.188674957
vt 0.905416846 0.252866805
vn 0.0557044594 0.460584411 0.88586625
v -0.00587870553 0.311739683 0.225633889
vt 0.905416846 0.154645279
vn 0.055397421 0.456392598 0.888052319
v 0.0679282323 0.390168548 0.180187732
vt 0.988306165 0.270801485
vn 0.0565870874 0.472671284 0.879420127
v -0.00065379031 0.383020461 0.188674957
vt 0.905416846 0.252866805
vn 0.0557044594 0.460584411 0.88586625
v 0.0713884979 0.377010912 0.18726936
vt 0.993681312 0.252866805
vn 0.0557212469 0.460814091 0.88574574
v 0.0679282323 0.390168548 0.180187732
vt 0.988306165 0.270801485
vn 0.0565870874 0.472671284 0.879420127
v 0.00466087274 0.395446122 0.181422144
vt 0.910791993 0.270801485
vn 0.0551615646 0.453174333 0.889713564
v -0.00065379031 0.383020461 0.188674957
vt 0.905416846 0.252866805
vn 0.0557044594 0.460584411 0.88586625
v 0.0550882891 0.395561039 0.178612381
vt 0.972179413 0.281499565
vn 0.0503745781 0.388711478 0.919981407
v 0.00466087274 0.395446122 0.181422144
vt 0.910791993 0.270801485
vn 0.0551615646 0.453174333 0.889713564
v 0.0679282323 0.390168548 0.180187732
vt 0.988306165 0.270801485
vn 0.0565870874 0.472671284 0.879420127
v 0.0550882891 0.395561039 0.178612381
vt 0.972179413 0.281499565
vn 0.0503745781 0.388711478 0.919981407
v 0.0181457922 0.398642689 0.179333121
vt 0.926918387 0.281499565
vn 0.0503744171 0.388717735 0.919978772
v 0.00466087274 0.395446122 0.181422144
vt 0.910791993 0.270801485
vn 0.0551615646 0.453174333 0.889713564
v -0.00349957775 0.303277969 -0.71713239
vt 0.66678077 0.314326346
vn 0.0818950214 0.995024469 -0.0567407435
v 0.00808667392 0.329736263 -0.23642835
vt 0.978242457 0.314326346
vn 0.0818950512 0.995024466 -0.0567407459
v 0.0374827236 0.327284127 -0.237001896
vt 0.978242457 0.333407968
vn 0.0818950214 0.995024469 -0.0567407435
v -0.00349957775 0.303277969 -0.71713239
vt 0.66678077 0.314326346
vn 0.0818950214 0.995024469 -0.0567407435
v 0.0374827236 0.327284127 -0.237001896
vt 0.978242457 0.333407968
vn 0.0818950214 0.995024469 -0.0567407435
v 0.0258964729 0.300825834 -0.717705965
vt 0.66678077 0.333407968
vn 0.0818949916 0.995024471 -0.0567407411
v -0.018337613 0.278962493 -0.730347276
vt 0.657154262 0.29383868
vn -0.996350546 0.0831123892 0.0194401471
v -0.00623010471 0.306611121 -0.228016794
vt 0.982628345 0.29383868
vn -0.99635055 0.0831123424 0.0194401508
v -0.00537181646 0.317039371 -0.228611454
vt 0.982628345 0.300617069
vn -0.996350546 0.0831123892 0.0194401471
v -0.018337613 0.278962493 -0.730347276
vt 0.657154262 0.29383868
vn -0.996350546 0.0831123892 0.0194401471
v -0.00537181646 0.317039371 -0.228611454
vt 0.982628345 0.300617069
vn -0.996350546 0.0831123892 0.0194401471
v -0.0174793229 0.289390743 -0.730941892
vt 0.657154262 0.300617069
vn -0.996350543 0.083112436 0.0194401435
v 0.0480867922 0.302080184 -0.229076594
vt 0.982628345 0.353895843
vn 0.996350544 -0.0831124189 -0.0194401496
v 0.0359792784 0.274431527 -0.731407046
vt 0.657154262 0.353895843
vn 0.996350528 -0.0831126127 -0.0194401426
v 0.0368375704 0.284859776 -0.732001662
vt 0.657154262 0.347117573
vn 0.996350544 -0.0831124189 -0.0194401496
v 0.0480867922 0.302080184 -0.229076594
vt 0.982628345 0.353895843
vn 0.996350544 -0.0831124189 -0.0194401496
v 0.0368375704 0.284859776 -0.732001662
vt 0.657154262 0.347117573
vn 0.996350544 -0.0831124189 -0.0194401496
v 0.0489450768 0.312508404 -0.229671255
vt 0.982628345 0.347117573
vn 0.99635056 -0.0831122251 -0.0194401566
v 0.0359792784 0.274431527 -0.731407046
vt 0.644596398 0.341496468
vn -0.0240584546 -0.0549369688 -0.99819994
v -0.018337613 0.278962493 -0.730347276
vt 0.644596398 0.306237847
vn -0.0240584552 -0.0549369709 -0.99819994
v -0.0174793229 0.289390743 -0.730941892
vt 0.651374698 0.306237847
vn -0.0240584546 -0.0549369688 -0.99819994
v 0.0359792784 0.274431527 -0.731407046
vt 0.644596398 0.341496468
vn -0.0240584546 -0.0549369688 -0.99819994
v -0.0174793229 0.289390743 -0.730941892
vt 0.651374698 0.306237847
vn -0.0240584546 -0.0549369688 -0.99819994
v 0.0368375704 0.284859776 -0.732001662
vt 0.651374698 0.341496468
vn -0.024058454 -0.0549369667 -0.99819994
v -0.0174793229 0.289390743 -0.730941892
vt 0.657154262 0.300617069
vn 0.0818983622 0.995024191 -0.0567408004
v -0.00537181646 0.317039371 -0.228611454
vt 0.982628345 0.300617069
vn 0.081899739 0.995024075 -0.0567408418
v -0.000108957291 0.316595316 -0.228802115
vt 0.982571185 0.30403471
vn 0.0818983622 0.995024191 -0.0567408004
v -0.0174793229 0.289390743 -0.730941892
vt 0.657154262 0.300617069
vn 0.0818983622 0.995024191 -0.0567408004
v -0.000108957291 0.316595316 -0.228802115
vt 0.982571185 0.30403471
vn 0.0818983622 0.995024191 -0.0567408004
v -0.0120194051 0.289396703 -0.722956777
vt 0.662394643 0.30403471
vn 0.0818969627 0.995024308 -0.0567407584
v 0.0489450768 0.312508404 -0.229671255
vt 0.982628345 0.347117573
vn 0.0818945218 0.995024511 -0.0567407321
v 0.0368375704 0.284859776 -0.732001662
vt 0.657154262 0.347117573
vn 0.0818955721 0.995024422 -0.0567407638
v 0.031767562 0.285744131 -0.72381103
vt 0.662394643 0.343699694
vn 0.0818945218 0.995024511 -0.0567407321
v 0.0489450768 0.312508404 -0.229671255
vt 0.982628345 0.347117573
vn 0.0818945218 0.995024511 -0.0567407321
v 0.031767562 0.285744131 -0.72381103
vt 0.662394643 0.343699694
vn 0.0818945218 0.995024511 -0.0567407321
v 0.043678008 0.312942743 -0.229656458
vt 0.982571185 0.343699694
vn 0.0818934541 0.9950246 -0.0567406999
v 0.0368375704 0.284859776 -0.732001662
vt 0.651374698 0.341496468
vn 0.0818950381 0.995024494 -0.0567402829
v -0.0174793229 0.289390743 -0.730941892
vt 0.651374698 0.306237847
vn 0.0818951787 0.995024525 -0.0567395387
v -0.0120194051 0.289396703 -0.722956777
vt 0.656615078 0.309655547
vn 0.0818950381 0.995024494 -0.0567402829
v 0.0368375704 0.284859776 -0.732001662
vt 0.651374698 0.341496468
vn 0.0818950381 0.995024494 -0.0567402829
v -0.0120194051 0.289396703 -0.722956777
vt 0.656615078 0.309655547
vn 0.0818950381 0.995024494 -0.0567402829
v 0.031767562 0.285744131 -0.72381103
vt 0.656615078 0.338078946
vn 0.0818948636 0.995024455 -0.056741206
v -0.0120194051 0.289396703 -0.722956777
vt 0.662394643 0.30403471
vn -0.850663393 0.52564318 -0.00842850813
v -0.000108957291 0.316595316 -0.228802115
vt 0.982571185 0.30403471
vn -0.8506635 0.525643006 -0.00842848928
v 0.00808667392 0.329736263 -0.23642835
vt 0.978242457 0.314326346
vn -0.850663393 0.52564318 -0.00842850813
v -0.0120194051 0.289396703 -0.722956777
vt 0.662394643 0.30403471
vn -0.850663393 0.52564318 -0.00842850813
v 0.00808667392 0.329736263 -0.23642835
vt 0.978242457 0.314326346
vn -0.850663393 0.52564318 -0.00842850813
v -0.00349957775 0.303277969 -0.71713239
vt 0.66678077 0.314326346
vn -0.850663282 0.525643358 -0.0084285275
v 0.043678008 0.312942743 -0.229656458
vt 0.982571185 0.343699694
vn 0.924997256 0.377524432 -0.0430741147
v 0.031767562 0.285744131 -0.72381103
vt 0.662394643 0.343699694
vn 0.924997255 0.377524435 -0.0430741147
v 0.0258964729 0.300825834 -0.717705965
vt 0.66678077 0.333407968
vn 0.924997256 0.377524432 -0.0430741147
v 0.043678008 0.312942743 -0.229656458
vt 0.982571185 0.343699694
vn 0.924997256 0.377524432 -0.0430741147
v 0.0258964729 0.300825834 -0.717705965
vt 0.66678077 0.333407968
vn 0.924997256 0.377524432 -0.0430741147
v 0.0374827236 0.327284127 -0.237001896
vt 0.978242457 0.333407968
vn 0.924997258 0.377524429 -0.0430741146
v 0.031767562 0.285744131 -0.72381103
vt 0.656615078 0.338078946
vn 0.0136302235 0.379744637 -0.924990934
v -0.0120194051 0.289396703 -0.722956777
vt 0.656615078 0.309655547
vn 0.0136313564 0.379746602 -0.92499011
v -0.00349957775 0.303277969 -0.71713239
vt 0.66678077 0.314326346
vn 0.0136302235 0.379744637 -0.924990934
v 0.031767562 0.285744131 -0.72381103
vt 0.656615078 0.338078946
vn 0.0136302235 0.379744637 -0.924990934
v -0.00349957775 0.303277969 -0.71713239
vt 0.66678077 0.314326346
vn 0.0136302235 0.379744637 -0.924990934
v 0.0258964729 0.300825834 -0.717705965
vt 0.66678077 0.333407968
vn 0.0136285359 0.37974171 -0.92499216
v 0.00342180952 0.104990862 -1.3811655
vt 0.91348958 0.00772996526
vn 0.996350527 -0.0831126299 -0.0194401219
v 0.0057759285 0.110366717 -1.28349495
vt 0.839186907 0.00772996526
vn 0.996350532 -0.0831125687 -0.0194401127
v 0.00426071696 0.0869812071 -1.26117265
vt 0.823269606 0.0264557507
vn 0.996350529 -0.0831126076 -0.0194401304
v 0.00342180952 0.104990862 -1.3811655
vt 0.91348958 0.00772996526
vn 0.996350527 -0.0831126299 -0.0194401219
v 0.00426071696 0.0869812071 -1.26117265
vt 0.823269606 0.0264557507
vn 0.996350529 -0.0831126076 -0.0194401304
v -0.00140610524 0.0558230206 -1.4183991
vt 0.941562057 0.0435768217
vn 0.996350527 -0.0831126229 -0.0194401311
v -0.00140610524 0.0558230206 -1.4183991
vt 0.941562057 0.0435768217
vn 0.996350527 -0.0831126229 -0.0194401311
v 0.00426071696 0.0869812071 -1.26117265
vt 0.823269606 0.0264557507
vn 0.996350529 -0.0831126076 -0.0194401304
v 0.00730391499 0.0756419823 -1.05672324
vt 0.668712139 0.0436441153
vn 0.99635053 -0.0831125882 -0.0194401369
v 0.00730391499 0.0756419823 -1.05672324
vt 0.668712139 0.0436441153
vn 0.99635053 -0.0831125882 -0.0194401369
v 0.00426071696 0.0869812071 -1.26117265
vt 0.823269606 0.0264557507
vn 0.996350529 -0.0831126076 -0.0194401304
v 0.0110009992 0.102373265 -0.981523871
vt 0.610526681 0.0264557507
vn 0.99635053 -0.0831125824 -0.0194401403
v 0.0110009992 0.102373265 -0.981523871
vt 0.610526681 0.0264557507
vn 0.99635053 -0.0831125824 -0.0194401403
v 0.00565414131 0.0426981002 -1.00043261
vt 0.627447128 0.0710643977
vn 0.996350532 -0.0831125693 -0.0194401385
v 0.00730391499 0.0756419823 -1.05672324
vt 0.668712139 0.0436441153
vn 0.99635053 -0.0831125882 -0.0194401369
v 0.0110009992 0.102373265 -0.981523871
vt 0.610526681 0.0264557507
vn 0.99635053 -0.0831125824 -0.0194401403
v 0.012022391 0.057667546 -0.73804456
vt 0.426679701 0.0706631988
vn 0.996350531 -0.0831125823 -0.019440138
v 0.00565414131 0.0426981002 -1.00043261
vt 0.627447128 0.0710643977
vn 0.996350532 -0.0831125693 -0.0194401385
v 0.0110009992 0.102373265 -0.981523871
vt 0.610526681 0.0264557507
vn 0.99635053 -0.0831125824 -0.0194401403
v 0.0133365365 0.100875169 -0.855417609
vt 0.514956832 0.03287654
vn 0.99635053 -0.0831125871 -0.0194401396
v 0.012022391 0.057667546 -0.73804456
vt 0.426679701 0.0706631988
vn 0.996350531 -0.0831125823 -0.019440138
v 0.0160974879 0.107180059 -0.740867972
vt 0.426679701 0.03287654
vn 0.996350531 -0.0831125757 -0.0194401294
v 0.012022391 0.057667546 -0.73804456
vt 0.426679701 0.0706631988
vn 0.996350531 -0.0831125823 -0.019440138
v 0.0133365365 0.100875169 -0.855417609
vt 0.514956832 0.03287654
vn 0.99635053 -0.0831125871 -0.0194401396
v 0.0137515413 0.128579766 -0.952593327
vt 0.587453127 0.00772996526
vn 0.996350532 -0.0831125618 -0.019440142
v 0.0133365365 0.100875169 -0.855417609
vt 0.514956832 0.03287654
vn 0.99635053 -0.0831125871 -0.0194401396
v 0.0110009992 0.102373265 -0.981523871
vt 0.610526681 0.0264557507
vn 0.99635053 -0.0831125824 -0.0194401403
v 0.0137515413 0.128579766 -0.952593327
vt 0.587453127 0.00772996526
vn 0.996350532 -0.0831125618 -0.019440142
v 0.0154000614 0.13234432 -0.884197593
vt 0.535421729 0.00772996526
vn 0.996350535 -0.0831125328 -0.0194401337
v 0.0133365365 0.100875169 -0.855417609
vt 0.514956832 0.03287654
vn 0.99635053 -0.0831125871 -0.0194401396
v -0.0399649888 0.090670377 -1.26030982
vt 0.82326901 0.0264557507
vn -0.996350526 0.0831126416 0.0194401245
v -0.0384497792 0.114055894 -1.28263211
vt 0.839186668 0.00772996526
vn -0.996350544 0.0831124346 0.0194400824
v -0.0408038944 0.10868004 -1.38030267
vt 0.913489223 0.00772996526
vn -0.996350525 0.0831126545 0.0194401153
v -0.0399649888 0.090670377 -1.26030982
vt 0.82326901 0.0264557507
vn -0.996350526 0.0831126416 0.0194401245
v -0.0408038944 0.10868004 -1.38030267
vt 0.913489223 0.00772996526
vn -0.996350525 0.0831126545 0.0194401153
v -0.045631811 0.059512198 -1.41753614
vt 0.941562057 0.0435768217
vn -0.996350519 0.0831127167 0.0194401309
v -0.0399649888 0.090670377 -1.26030982
vt 0.82326901 0.0264557507
vn -0.996350526 0.0831126416 0.0194401245
v -0.045631811 0.059512198 -1.41753614
vt 0.941562057 0.0435768217
vn -0.996350519 0.0831127167 0.0194401309
v -0.0369217917 0.0793311596 -1.0558604
vt 0.668711543 0.0436441153
vn -0.996350527 0.083112627 0.0194401247
v -0.0399649888 0.090670377 -1.26030982
vt 0.82326901 0.0264557507
vn -0.996350526 0.0831126416 0.0194401245
v -0.0369217917 0.0793311596 -1.0558604
vt 0.668711543 0.0436441153
vn -0.996350527 0.083112627 0.0194401247
v -0.0332247093 0.106062442 -0.980661035
vt 0.610527158 0.0264557507
vn -0.996350529 0.0831125985 0.019440137
v -0.0369217917 0.0793311596 -1.0558604
vt 0.668711543 0.0436441153
vn -0.996350527 0.083112627 0.0194401247
v -0.0385715663 0.0463872775 -0.999569654
vt 0.627447724 0.0710643977
vn -0.99635053 0.083112594 0.0194401333
v -0.0332247093 0.106062442 -0.980661035
vt 0.610527158 0.0264557507
vn -0.996350529 0.0831125985 0.019440137
v -0.0332247093 0.106062442 -0.980661035
vt 0.610527158 0.0264557507
vn -0.996350529 0.0831125985 0.019440137
v -0.0385715663 0.0463872775 -0.999569654
vt 0.627447724 0.0710643977
vn -0.99635053 0.083112594 0.0194401333
v -0.0322033167 0.0613567233 -0.737181664
vt 0.426679701 0.0706631988
vn -0.996350529 0.0831126026 0.0194401392
v -0.0332247093 0.106062442 -0.980661035
vt 0.610527158 0.0264557507
vn -0.996350529 0.0831125985 0.019440137
v -0.0322033167 0.0613567233 -0.737181664
vt 0.426679701 0.0706631988
vn -0.996350529 0.0831126026 0.0194401392
v -0.0308891702 0.104564346 -0.854554713
vt 0.514956713 0.03287654
vn -0.996350529 0.0831126038 0.0194401383
v -0.0322033167 0.0613567233 -0.737181664
vt 0.426679701 0.0706631988
vn -0.996350529 0.0831126026 0.0194401392
v -0.0281282198 0.110869236 -0.740005076
vt 0.426679701 0.03287654
vn -0.996350531 0.0831125753 0.0194401213
v -0.0308891702 0.104564346 -0.854554713
vt 0.514956713 0.03287654
vn -0.996350529 0.0831126038 0.0194401383
v -0.0308891702 0.104564346 -0.854554713
vt 0.514956713 0.03287654
vn -0.996350529 0.0831126038 0.0194401383
v -0.0304741655 0.13226895 -0.95173049
vt 0.587453604 0.00772996526
vn -0.996350531 0.0831125764 0.0194401406
v -0.0332247093 0.106062442 -0.980661035
vt 0.610527158 0.0264557507
vn -0.996350529 0.0831125985 0.019440137
v -0.0308891702 0.104564346 -0.854554713
vt 0.514956713 0.03287654
vn -0.996350529 0.0831126038 0.0194401383
v -0.0288256463 0.136033505 -0.883334756
vt 0.535421729 0.00772996526
vn -0.996350537 0.0831125094 0.0194401215
v -0.0304741655 0.13226895 -0.95173049
vt 0.587453604 0.00772996526
vn -0.996350531 0.0831125764 0.0194401406
v -0.045631811 0.059512198 -1.41753614
vt 0.48042956 0.460240304
vn -0.0819007603 -0.995037807 0.0564980389
v -0.00140610524 0.0558230206 -1.4183991
vt 0.48042956 0.491144866
vn -0.0819006858 -0.995037814 0.0564980282
v 0.00730391499 0.0756419823 -1.05672324
vt 0.230636701 0.491144866
vn -0.0819007603 -0.995037807 0.0564980389
v -0.045631811 0.059512198 -1.41753614
vt 0.48042956 0.460240304
vn -0.0819007603 -0.995037807 0.0564980389
v 0.00730391499 0.0756419823 -1.05672324
vt 0.230636701 0.491144866
vn -0.0819007603 -0.995037807 0.0564980389
v -0.0369217917 0.0793311596 -1.0558604
vt 0.230636701 0.460240304
vn -0.0819008348 -0.9950378 0.0564980495
v -0.0369217917 0.0793311596 -1.0558604
vt 0.230636701 0.460240304
vn -0.0815242404 -0.859143435 -0.505199324
v 0.00730391499 0.0756419823 -1.05672324
vt 0.230636701 0.491144866
vn -0.0815235537 -0.859143258 -0.505199735
v 0.00565414131 0.0426981002 -1.00043261
vt 0.185657188 0.491144866
vn -0.0815242404 -0.859143435 -0.505199324
v -0.0369217917 0.0793311596 -1.0558604
vt 0.230636701 0.460240304
vn -0.0815242404 -0.859143435 -0.505199324
v 0.00565414131 0.0426981002 -1.00043261
vt 0.185657188 0.491144866
vn -0.0815242404 -0.859143435 -0.505199324
v -0.0385715663 0.0463872775 -0.999569654
vt 0.185657188 0.460240304
vn -0.0815249271 -0.859143611 -0.505198913
v -0.0385715663 0.0463872775 -0.999569654
vt 0.185657188 0.460240304
vn -0.0818463479 -0.994912041 0.0587469648
v 0.00565414131 0.0426981002 -1.00043261
vt 0.185657188 0.491144866
vn -0.0818463087 -0.994912045 0.0587469574
v 0.012022391 0.057667546 -0.73804456
vt 0.00481405389 0.491144866
vn -0.0818463479 -0.994912041 0.0587469648
v -0.0385715663 0.0463872775 -0.999569654
vt 0.185657188 0.460240304
vn -0.0818463479 -0.994912041 0.0587469648
v 0.012022391 0.057667546 -0.73804456
vt 0.00481405389 0.491144866
vn -0.0818463479 -0.994912041 0.0587469648
v -0.0322033167 0.0613567233 -0.737181664
vt 0.00481405389 0.460240304
vn -0.081846387 -0.994912037 0.0587469722
v -0.0408038944 0.10868004 -1.38030267
vt 0.523079038 0.460240304
vn 0.0345720106 0.601184289 -0.798362215
v 0.00342180952 0.104990862 -1.3811655
vt 0.523079038 0.491144866
vn 0.0345731395 0.601184811 -0.798361773
v -0.00140610524 0.0558230206 -1.4183991
vt 0.48042956 0.491144866
vn 0.0345720106 0.601184289 -0.798362215
v -0.0408038944 0.10868004 -1.38030267
vt 0.523079038 0.460240304
vn 0.0345720106 0.601184289 -0.798362215
v -0.00140610524 0.0558230206 -1.4183991
vt 0.48042956 0.491144866
vn 0.0345720106 0.601184289 -0.798362215
v -0.045631811 0.059512198 -1.41753614
vt 0.48042956 0.460240304
vn 0.0345708816 0.601183766 -0.798362658
v -0.0384497792 0.114055894 -1.28263211
vt 0.590535998 0.460240304
vn 0.0818949904 0.995024473 -0.0567407173
v 0.0057759285 0.110366717 -1.28349495
vt 0.590535998 0.491144866
vn 0.0818949869 0.995024473 -0.0567407188
v 0.00342180952 0.104990862 -1.3811655
vt 0.523079038 0.491144866
vn 0.0818949904 0.995024473 -0.0567407173
v -0.0384497792 0.114055894 -1.28263211
vt 0.590535998 0.460240304
vn 0.0818949904 0.995024473 -0.0567407173
v 0.00342180952 0.104990862 -1.3811655
vt 0.523079038 0.491144866
vn 0.0818949904 0.995024473 -0.0567407173
v -0.0408038944 0.10868004 -1.38030267
vt 0.523079038 0.460240304
vn 0.0818949939 0.995024473 -0.0567407158
v -0.0399649888 0.090670377 -1.26030982
vt 0.612849355 0.460240304
vn 0.0713696445 0.686287642 0.723820176
v 0.00426071696 0.0869812071 -1.26117265
vt 0.612849355 0.491144866
vn 0.0713695922 0.686287702 0.723820124
v 0.0057759285 0.110366717 -1.28349495
vt 0.590535998 0.491144866
vn 0.0713696445 0.686287642 0.723820176
v -0.0399649888 0.090670377 -1.26030982
vt 0.612849355 0.460240304
vn 0.0713696445 0.686287642 0.723820176
v 0.0057759285 0.110366717 -1.28349495
vt 0.590535998 0.491144866
vn 0.0713696445 0.686287642 0.723820176
v -0.0384497792 0.114055894 -1.28263211
vt 0.590535998 0.460240304
vn 0.0713696968 0.686287581 0.723820228
v -0.0332247093 0.106062442 -0.980661035
vt 0.805991828 0.460240304
vn 0.0818949046 0.99502448 -0.0567407175
v 0.0110009992 0.102373265 -0.981523871
vt 0.805991828 0.491144866
vn 0.0818949855 0.995024474 -0.0567407063
v 0.00426071696 0.0869812071 -1.26117265
vt 0.612849355 0.491144866
vn 0.0818949046 0.99502448 -0.0567407175
v -0.0332247093 0.106062442 -0.980661035
vt 0.805991828 0.460240304
vn 0.0818949046 0.99502448 -0.0567407175
v 0.00426071696 0.0869812071 -1.26117265
vt 0.612849355 0.491144866
vn 0.0818949046 0.99502448 -0.0567407175
v -0.0399649888 0.090670377 -1.26030982
vt 0.612849355 0.460240304
vn 0.0818948236 0.995024486 -0.0567407287
v -0.0304741655 0.13226895 -0.95173049
vt 0.832969785 0.460240304
vn 0.0484276456 0.737972575 -0.673090813
v 0.0137515413 0.128579766 -0.952593327
vt 0.832969785 0.491144866
vn 0.0484277133 0.737972617 -0.673090761
v 0.0110009992 0.102373265 -0.981523871
vt 0.805991828 0.491144866
vn 0.0484276456 0.737972575 -0.673090813
v -0.0304741655 0.13226895 -0.95173049
vt 0.832969785 0.460240304
vn 0.0484276456 0.737972575 -0.673090813
v 0.0110009992 0.102373265 -0.981523871
vt 0.805991828 0.491144866
vn 0.0484276456 0.737972575 -0.673090813
v -0.0332247093 0.106062442 -0.980661035
vt 0.805991828 0.460240304
vn 0.0484275778 0.737972532 -0.673090864
v -0.0288256463 0.136033505 -0.883334756
vt 0.880208552 0.460240304
vn 0.0818951519 0.995024454 -0.0567408183
v 0.0154000614 0.13234432 -0.884197593
vt 0.880208552 0.491144866
vn 0.081895151 0.995024454 -0.0567408189
v 0.0137515413 0.128579766 -0.952593327
vt 0.832969785 0.491144866
vn 0.0818951519 0.995024454 -0.0567408183
v -0.0288256463 0.136033505 -0.883334756
vt 0.880208552 0.460240304
vn 0.0818951519 0.995024454 -0.0567408183
v 0.0137515413 0.128579766 -0.952593327
vt 0.832969785 0.491144866
vn 0.0818951519 0.995024454 -0.0567408183
v -0.0304741655 0.13226895 -0.95173049
vt 0.832969785 0.460240304
vn 0.0818951528 0.995024454 -0.0567408178
v -0.0308891702 0.104564346 -0.854554713
vt 0.90964222 0.460240304
vn 0.0703532005 0.67068582 0.738397561
v 0.0133365365 0.100875169 -0.855417609
vt 0.909643233 0.491144866
vn 0.070353617 0.670685446 0.738397861
v 0.0154000614 0.13234432 -0.884197593
vt 0.880208552 0.491144866
vn 0.0703532005 0.67068582 0.738397561
v -0.0308891702 0.104564346 -0.854554713
vt 0.90964222 0.460240304
vn 0.0703532005 0.67068582 0.738397561
v 0.0154000614 0.13234432 -0.884197593
vt 0.880208552 0.491144866
vn 0.0703532005 0.67068582 0.738397561
v -0.0288256463 0.136033505 -0.883334756
vt 0.880208552 0.460240304
vn 0.070352784 0.670686194 0.738397261
v -0.0281282198 0.110869236 -0.740005076
vt 0.990418673 0.460240304
vn 0.0818949121 0.99502448 -0.0567407093
v 0.0160974879 0.107180059 -0.740867972
vt 0.990418673 0.491144866
vn 0.0818949112 0.99502448 -0.0567407096
v 0.0133365365 0.100875169 -0.855417609
vt 0.909643233 0.491144866
vn 0.0818949121 0.99502448 -0.0567407093
v -0.0281282198 0.110869236 -0.740005076
vt 0.990418673 0.460240304
vn 0.0818949121 0.99502448 -0.0567407093
v 0.0133365365 0.100875169 -0.855417609
vt 0.909643233 0.491144866
vn 0.0818949121 0.99502448 -0.0567407093
v -0.0308891702 0.104564346 -0.854554713
vt 0.90964222 0.460240304
vn 0.0818949129 0.99502448 -0.056740709
v 0.0122344755 0.178487033 -1.24371529
vt 0.823269606 0.0264557507
vn 0.996350526 -0.0831126428 -0.01944013
v 0.00971065648 0.152798265 -1.26323926
vt 0.839186668 0.00772996526
vn 0.996350531 -0.0831125768 -0.0194401328
v 0.00735653844 0.147422418 -1.3609097
vt 0.913489461 0.00772996526
vn 0.996350529 -0.0831125992 -0.0194401268
v 0.0122344755 0.178487033 -1.24371529
vt 0.823269606 0.0264557507
vn 0.996350526 -0.0831126428 -0.01944013
v 0.00735653844 0.147422418 -1.3609097
vt 0.913489461 0.00772996526
vn 0.996350529 -0.0831125992 -0.0194401268
v 0.0102604739 0.192196667 -1.40350032
vt 0.941562057 0.0435768217
vn 0.996350525 -0.0831126466 -0.0194401279
v 0.0122344755 0.178487033 -1.24371529
vt 0.823269606 0.0264557507
vn 0.996350526 -0.0831126428 -0.01944013
v 0.0102604739 0.192196667 -1.40350032
vt 0.941562057 0.0435768217
vn 0.996350525 -0.0831126466 -0.0194401279
v 0.0189849213 0.212190926 -1.04183447
vt 0.668712139 0.0436441153
vn 0.996350525 -0.0831126565 -0.0194401298
v 0.0122344755 0.178487033 -1.24371529
vt 0.823269606 0.0264557507
vn 0.996350526 -0.0831126428 -0.01944013
v 0.0189849213 0.212190926 -1.04183447
vt 0.668712139 0.0436441153
vn 0.996350525 -0.0831126565 -0.0194401298
v 0.0189747568 0.193879098 -0.964066625
vt 0.610526681 0.0264557507
vn 0.996350528 -0.0831126159 -0.0194401302
v 0.0232494418 0.251105845 -0.989641547
vt 0.627447128 0.0710643977
vn 0.996350528 -0.0831126112 -0.0194401292
v 0.0189747568 0.193879098 -0.964066625
vt 0.610526681 0.0264557507
vn 0.996350528 -0.0831126159 -0.0194401302
v 0.0189849213 0.212190926 -1.04183447
vt 0.668712139 0.0436441153
vn 0.996350525 -0.0831126565 -0.0194401298
v 0.0295311417 0.265023738 -0.727193594
vt 0.426679701 0.0706631988
vn 0.996350528 -0.083112616 -0.0194401309
v 0.0189747568 0.193879098 -0.964066625
vt 0.610526681 0.0264557507
vn 0.996350528 -0.0831126159 -0.0194401302
v 0.0232494418 0.251105845 -0.989641547
vt 0.627447128 0.0710643977
vn 0.996350528 -0.0831126112 -0.0194401292
v 0.0295311417 0.265023738 -0.727193594
vt 0.426679701 0.0706631988
vn 0.996350528 -0.083112616 -0.0194401309
v 0.0226950925 0.209206343 -0.838919759
vt 0.514956832 0.0328754671
vn 0.99635053 -0.0831125923 -0.0194401328
v 0.0189747568 0.193879098 -0.964066625
vt 0.610526681 0.0264557507
vn 0.996350528 -0.0831126159 -0.0194401302
v 0.0295311417 0.265023738 -0.727193594
vt 0.426679701 0.0706631988
vn 0.996350528 -0.083112616 -0.0194401309
v 0.0254560448 0.215511233 -0.724370122
vt 0.426679701 0.03287654
vn 0.996350528 -0.0831126117 -0.0194401354
v 0.0226950925 0.209206343 -0.838919759
vt 0.514956832 0.0328754671
vn 0.99635053 -0.0831125923 -0.0194401328
v 0.0226950925 0.209206343 -0.838919759
vt 0.514956832 0.0328754671
vn 0.99635053 -0.0831125923 -0.0194401328
v 0.017686272 0.171011329 -0.932337642
vt 0.587454081 0.00772996526
vn 0.996350534 -0.0831125349 -0.0194401375
v 0.0189747568 0.193879098 -0.964066625
vt 0.610526681 0.0264557507
vn 0.996350528 -0.0831126159 -0.0194401302
v 0.0226950925 0.209206343 -0.838919759
vt 0.514956832 0.0328754671
vn 0.99635053 -0.0831125923 -0.0194401328
v 0.0193347912 0.174775869 -0.863941908
vt 0.535421729 0.00772996526
vn 0.996350535 -0.0831125331 -0.0194401383
v 0.017686272 0.171011329 -0.932337642
vt 0.587454081 0.00772996526
vn 0.996350534 -0.0831125349 -0.0194401375
v -0.0368691683 0.151111588 -1.36004686
vt 0.91348958 0.00772996526
vn -0.996350518 0.0831127447 0.0194401115
v -0.034515053 0.15648745 -1.26237631
vt 0.839186668 0.00772996526
vn -0.996350498 0.0831129962 0.019440044
v -0.0319912285 0.182176203 -1.24285245
vt 0.823269606 0.0264561977
vn -0.996350527 0.0831126243 0.0194401178
v -0.0368691683 0.151111588 -1.36004686
vt 0.91348958 0.00772996526
vn -0.996350518 0.0831127447 0.0194401115
v -0.0319912285 0.182176203 -1.24285245
vt 0.823269606 0.0264561977
vn -0.996350527 0.0831126243 0.0194401178
v -0.03396523 0.195885852 -1.40263748
vt 0.941562057 0.0435772985
vn -0.996350531 0.0831125832 0.0194401303
v -0.03396523 0.195885852 -1.40263748
vt 0.941562057 0.0435772985
vn -0.996350531 0.0831125832 0.0194401303
v -0.0319912285 0.182176203 -1.24285245
vt 0.823269606 0.0264561977
vn -0.996350527 0.0831126243 0.0194401178
v -0.0252407864 0.215880126 -1.04097164
vt 0.668712139 0.0436445326
vn -0.996350532 0.0831125624 0.0194401223
v -0.0252407864 0.215880126 -1.04097164
vt 0.668712139 0.0436445326
vn -0.996350532 0.0831125624 0.0194401223
v -0.0319912285 0.182176203 -1.24285245
vt 0.823269606 0.0264561977
vn -0.996350527 0.0831126243 0.0194401178
v -0.0252509508 0.197568268 -0.963203669
vt 0.610526681 0.0264561083
vn -0.99635053 0.083112597 0.0194401279
v -0.0209762659 0.254795015 -0.988778591
vt 0.627447128 0.0710647553
vn -0.996350528 0.0831126114 0.0194401297
v -0.0252407864 0.215880126 -1.04097164
vt 0.668712139 0.0436445326
vn -0.996350532 0.0831125624 0.0194401223
v -0.0252509508 0.197568268 -0.963203669
vt 0.610526681 0.0264561083
vn -0.99635053 0.083112597 0.0194401279
v -0.0146945659 0.268712908 -0.726330638
vt 0.426679701 0.0706636161
vn -0.996350528 0.0831126111 0.0194401333
v -0.0209762659 0.254795015 -0.988778591
vt 0.627447128 0.0710647553
vn -0.996350528 0.0831126114 0.0194401297
v -0.0252509508 0.197568268 -0.963203669
vt 0.610526681 0.0264561083
vn -0.99635053 0.083112597 0.0194401279
v -0.0146945659 0.268712908 -0.726330638
vt 0.426679701 0.0706636161
vn -0.996350528 0.0831126111 0.0194401333
v -0.0252509508 0.197568268 -0.963203669
vt 0.610526681 0.0264561083
vn -0.99635053 0.083112597 0.0194401279
v -0.0215306152 0.212895513 -0.838056803
vt 0.514956832 0.0328764208
vn -0.996350531 0.0831125776 0.0194401354
v -0.0187696628 0.219200402 -0.723507226
vt 0.426679701 0.0328764208
vn -0.99635053 0.0831125891 0.0194401468
v -0.0146945659 0.268712908 -0.726330638
vt 0.426679701 0.0706636161
vn -0.996350528 0.0831126111 0.0194401333
v -0.0215306152 0.212895513 -0.838056803
vt 0.514956832 0.0328764208
vn -0.996350531 0.0831125776 0.0194401354
v -0.0265394356 0.174700499 -0.931474745
vt 0.587453127 0.00772996526
vn -0.996350536 0.0831125144 0.0194401336
v -0.0215306152 0.212895513 -0.838056803
vt 0.514956832 0.0328764208
vn -0.996350531 0.0831125776 0.0194401354
v -0.0252509508 0.197568268 -0.963203669
vt 0.610526681 0.0264561083
vn -0.99635053 0.083112597 0.0194401279
v -0.0265394356 0.174700499 -0.931474745
vt 0.587453127 0.00772996526
vn -0.996350536 0.0831125144 0.0194401336
v -0.0248909164 0.178465039 -0.863078952
vt 0.535421729 0.00772996526
vn -0.996350534 0.0831125459 0.0194401206
v -0.0215306152 0.212895513 -0.838056803
vt 0.514956832 0.0328764208
vn -0.996350531 0.0831125776 0.0194401354
v 0.0189849213 0.212190926 -1.04183447
vt 0.230636701 0.491144866
vn 0.0818894715 0.995011057 -0.0569834188
v 0.0102604739 0.192196667 -1.40350032
vt 0.48042956 0.491144866
vn 0.081889309 0.995011072 -0.0569833956
v -0.03396523 0.195885852 -1.40263748
vt 0.48042956 0.460240304
vn 0.0818894715 0.995011057 -0.0569834188
v 0.0189849213 0.212190926 -1.04183447
vt 0.230636701 0.491144866
vn 0.0818894715 0.995011057 -0.0569834188
v -0.03396523 0.195885852 -1.40263748
vt 0.48042956 0.460240304
vn 0.0818894715 0.995011057 -0.0569834188
v -0.0252407864 0.215880126 -1.04097164
vt 0.230636701 0.460240304
vn 0.081889634 0.995011043 -0.056983442
v 0.0232494418 0.251105845 -0.989641547
vt 0.185657188 0.491144866
vn 0.0548931266 0.798328117 -0.599715734
v 0.0189849213 0.212190926 -1.04183447
vt 0.230636701 0.491144866
vn 0.0548941483 0.798327593 -0.599716339
v -0.0252407864 0.215880126 -1.04097164
vt 0.230636701 0.460240304
vn 0.0548931266 0.798328117 -0.599715734
v 0.0232494418 0.251105845 -0.989641547
vt 0.185657188 0.491144866
vn 0.0548931266 0.798328117 -0.599715734
v -0.0252407864 0.215880126 -1.04097164
vt 0.230636701 0.460240304
vn 0.0548931266 0.798328117 -0.599715734
v -0.0209762659 0.254795015 -0.988778591
vt 0.185657188 0.460240304
vn 0.054892105 0.798328642 -0.599715129
v 0.0295311417 0.265023738 -0.727193594
vt 0.00481405389 0.491144866
vn 0.0819428638 0.99513292 -0.0547342587
v 0.0232494418 0.251105845 -0.989641547
vt 0.185657188 0.491144866
vn 0.0819428638 0.99513292 -0.0547342587
v -0.0209762659 0.254795015 -0.988778591
vt 0.185657188 0.460240304
vn 0.0819428638 0.99513292 -0.0547342587
v 0.0295311417 0.265023738 -0.727193594
vt 0.00481405389 0.491144866
vn 0.0819428638 0.99513292 -0.0547342587
v -0.0209762659 0.254795015 -0.988778591
vt 0.185657188 0.460240304
vn 0.0819428638 0.99513292 -0.0547342587
v -0.0146945659 0.268712908 -0.726330638
vt 0.00481405389 0.460240304
vn 0.0819428638 0.99513292 -0.0547342587
v 0.0102604739 0.192196667 -1.40350032
vt 0.48042956 0.491144866
vn -0.0712883753 -0.685033074 -0.725015624
v 0.00735653844 0.147422418 -1.3609097
vt 0.523079097 0.491144866
vn -0.0712882624 -0.685033144 -0.725015569
v -0.0368691683 0.151111588 -1.36004686
vt 0.523079097 0.460240304
vn -0.0712883753 -0.685033074 -0.725015624
v 0.0102604739 0.192196667 -1.40350032
vt 0.48042956 0.491144866
vn -0.0712883753 -0.685033074 -0.725015624
v -0.0368691683 0.151111588 -1.36004686
vt 0.523079097 0.460240304
vn -0.0712883753 -0.685033074 -0.725015624
v -0.03396523 0.195885852 -1.40263748
vt 0.48042956 0.460240304
vn -0.0712884881 -0.685033003 -0.72501568
v 0.00735653844 0.147422418 -1.3609097
vt 0.523079097 0.491144866
vn -0.0818949094 -0.995024478 0.0567407499
v 0.00971065648 0.152798265 -1.26323926
vt 0.590536118 0.491144866
vn -0.0818949983 -0.995024473 0.0567407116
v -0.034515053 0.15648745 -1.26237631
vt 0.590536118 0.460240304
vn -0.0818949094 -0.995024478 0.0567407499
v 0.00735653844 0.147422418 -1.3609097
vt 0.523079097 0.491144866
vn -0.0818949094 -0.995024478 0.0567407499
v -0.034515053 0.15648745 -1.26237631
vt 0.590536118 0.460240304
vn -0.0818949094 -0.995024478 0.0567407499
v -0.0368691683 0.151111588 -1.36004686
vt 0.523079097 0.460240304
vn -0.0818948205 -0.995024483 0.0567407881
v 0.00971065648 0.152798265 -1.26323926
vt 0.590536118 0.491144866
vn -0.0347075363 -0.602564134 0.797315403
v 0.0122344755 0.178487033 -1.24371529
vt 0.612849295 0.491144866
vn -0.0347086084 -0.602565111 0.797314618
v -0.0319912285 0.182176203 -1.24285245
vt 0.612849295 0.460240304
vn -0.0347075363 -0.602564134 0.797315403
v 0.00971065648 0.152798265 -1.26323926
vt 0.590536118 0.491144866
vn -0.0347075363 -0.602564134 0.797315403
v -0.0319912285 0.182176203 -1.24285245
vt 0.612849295 0.460240304
vn -0.0347075363 -0.602564134 0.797315403
v -0.034515053 0.15648745 -1.26237631
vt 0.590536118 0.460240304
vn -0.0347064642 -0.602563157 0.797316188
v 0.0122344755 0.178487033 -1.24371529
vt 0.612849295 0.491144866
vn -0.0818947474 -0.995024492 0.0567407393
v 0.0189747568 0.193879098 -0.964066625
vt 0.805992067 0.491145104
vn -0.0818946678 -0.995024498 0.0567407503
v -0.0252509508 0.197568268 -0.963203669
vt 0.805992067 0.460240304
vn -0.0818947474 -0.995024492 0.0567407393
v 0.0122344755 0.178487033 -1.24371529
vt 0.612849295 0.491144866
vn -0.0818947474 -0.995024492 0.0567407393
v -0.0252509508 0.197568268 -0.963203669
vt 0.805992067 0.460240304
vn -0.0818947474 -0.995024492 0.0567407393
v -0.0319912285 0.182176203 -1.24285245
vt 0.612849295 0.460240304
vn -0.0818948271 -0.995024486 0.0567407283
v 0.0189747568 0.193879098 -0.964066625
vt 0.805992067 0.491145104
vn -0.0787495416 -0.807217286 -0.584977574
v 0.017686272 0.171011329 -0.932337642
vt 0.832969904 0.491145104
vn -0.0787491649 -0.807217579 -0.584977221
v -0.0265394356 0.174700499 -0.931474745
vt 0.832969904 0.460240304
vn -0.0787495416 -0.807217286 -0.584977574
v 0.0189747568 0.193879098 -0.964066625
vt 0.805992067 0.491145104
vn -0.0787495416 -0.807217286 -0.584977574
v -0.0265394356 0.174700499 -0.931474745
vt 0.832969904 0.460240304
vn -0.0787495416 -0.807217286 -0.584977574
v -0.0252509508 0.197568268 -0.963203669
vt 0.805992067 0.460240304
vn -0.0787499182 -0.807216993 -0.584977928
v 0.017686272 0.171011329 -0.932337642
vt 0.832969904 0.491145104
vn -0.0818947102 -0.995024504 0.0567405684
v 0.0193347912 0.174775869 -0.863941908
vt 0.880208552 0.491145104
vn -0.0818946716 -0.995024506 0.0567405923
v -0.0248909164 0.178465039 -0.863078952
vt 0.880208552 0.460240304
vn -0.0818947102 -0.995024504 0.0567405684
v 0.017686272 0.171011329 -0.932337642
vt 0.832969904 0.491145104
vn -0.0818947102 -0.995024504 0.0567405684
v -0.0248909164 0.178465039 -0.863078952
vt 0.880208552 0.460240304
vn -0.0818947102 -0.995024504 0.0567405684
v -0.0265394356 0.174700499 -0.931474745
vt 0.832969904 0.460240304
vn -0.0818947487 -0.995024503 0.0567405445
v 0.0193347912 0.174775869 -0.863941908
vt 0.880208552 0.491145104
vn -0.0330314969 -0.585459668 0.810028331
v 0.0226950925 0.209206343 -0.838919759
vt 0.909643233 0.491145104
vn -0.0330314969 -0.585459668 0.810028331
v -0.0215306152 0.212895513 -0.838056803
vt 0.909643233 0.460240304
vn -0.0330314969 -0.585459668 0.810028331
v 0.0193347912 0.174775869 -0.863941908
vt 0.880208552 0.491145104
vn -0.0330314969 -0.585459668 0.810028331
v -0.0215306152 0.212895513 -0.838056803
vt 0.909643233 0.460240304
vn -0.0330314969 -0.585459668 0.810028331
v -0.0248909164 0.178465039 -0.863078952
vt 0.880208552 0.460240304
vn -0.0330314969 -0.585459668 0.810028331
v 0.0226950925 0.209206343 -0.838919759
vt 0.909643233 0.491145104
vn -0.0818947065 -0.995024496 0.056740721
v 0.0254560448 0.215511233 -0.724370122
vt 0.990418792 0.491145104
vn -0.0818947448 -0.995024494 0.056740707
v -0.0187696628 0.219200402 -0.723507226
vt 0.990418792 0.460240304
vn -0.0818947065 -0.995024496 0.056740721
v 0.0226950925 0.209206343 -0.838919759
vt 0.909643233 0.491145104
vn -0.0818947065 -0.995024496 0.056740721
v -0.0187696628 0.219200402 -0.723507226
vt 0.990418792 0.460240304
vn -0.0818947065 -0.995024496 0.056740721
v -0.0215306152 0.212895513 -0.838056803
vt 0.909643233 0.460240304
vn -0.0818946682 -0.995024498 0.056740735
v 0.00563615467 0.0850300044 -0.761013031
vt 0.00578076951 0.454103589
vn 0.99635053 -0.0831125915 -0.0194401385
v 0.00186236016 0.076412186 -0.917584598
vt 0.104369596 0.454103589
vn 0.99635053 -0.0831125915 -0.0194401385
v 0.0130778821 0.212680995 -0.925355256
vt 0.104369596 0.368024826
vn 0.99635053 -0.0831125915 -0.0194401385
v 0.00563615467 0.0850300044 -0.761013031
vt 0.00578076951 0.454103589
vn 0.99635053 -0.0831125915 -0.0194401385
v 0.0130778821 0.212680995 -0.925355256
vt 0.104369596 0.368024826
vn 0.99635053 -0.0831125915 -0.0194401385
v 0.0168516766 0.221298814 -0.768783689
vt 0.00578076951 0.368024826
vn 0.99635053 -0.0831125915 -0.0194401385
v 0.00186236016 0.076412186 -0.917584598
vt 0.12114282 0.454103589
vn -0.0240581698 -0.0549417245 -0.998199685
v -0.0247257128 0.0786300898 -0.917065859
vt 0.104369953 0.454103589
vn -0.0240581854 -0.0549417262 -0.998199685
v -0.0135101909 0.214898884 -0.924836516
vt 0.104369953 0.368024826
vn -0.0240581698 -0.0549417245 -0.998199685
v 0.00186236016 0.076412186 -0.917584598
vt 0.12114282 0.454103589
vn -0.0240581698 -0.0549417245 -0.998199685
v -0.0135101909 0.214898884 -0.924836516
vt 0.104369953 0.368024826
vn -0.0240581698 -0.0549417245 -0.998199685
v 0.0130778821 0.212680995 -0.925355256
vt 0.12114282 0.368024826
vn -0.0240581543 -0.0549417228 -0.998199686
v -0.00973639637 0.223516703 -0.76826489
vt 0.00578076951 0.368024826
vn -0.99635053 0.0831125948 0.0194401358
v -0.0135101909 0.214898884 -0.924836516
vt 0.104369953 0.368024826
vn -0.996350529 0.0831126001 0.0194401306
v -0.0247257128 0.0786300898 -0.917065859
vt 0.104369953 0.454103589
vn -0.99635053 0.0831125948 0.0194401358
v -0.00973639637 0.223516703 -0.76826489
vt 0.00578076951 0.368024826
vn -0.99635053 0.0831125948 0.0194401358
v -0.0247257128 0.0786300898 -0.917065859
vt 0.104369953 0.454103589
vn -0.99635053 0.0831125948 0.0194401358
v -0.0209519174 0.0872479007 -0.760494232
vt 0.00578076951 0.454103589
vn -0.99635053 0.0831125894 0.0194401411
v 0.0593361333 0.102681823 -0.415392518
vt 0.556002617 0.359596252
vn -0.0850130576 -0.986659977 -0.138833961
v 0.0596780553 0.103462622 -0.401206583
vt 0.547674656 0.359596312
vn -0.0818948851 -0.995024501 0.0567403759
v -0.0572152287 0.113213509 -0.398925841
vt 0.54767406 0.279667348
vn -0.0818948387 -0.995024487 0.0567406949
v 0.0593361333 0.102681823 -0.415392518
vt 0.556002617 0.359596252
vn -0.0850130576 -0.986659977 -0.138833961
v -0.0572152287 0.113213509 -0.398925841
vt 0.54767406 0.279667348
vn -0.0818948387 -0.995024487 0.0567406949
v -0.0575571507 0.112432703 -0.413111746
vt 0.556002021 0.279667348
vn -0.0840341163 -0.915219022 -0.394096953
v -0.0575571507 0.112432703 -0.413111746
vt 0.556002021 0.279667348
vn -0.0840341163 -0.915219022 -0.394096953
v 0.0597436279 0.109305337 -0.422825247
vt 0.561909795 0.359596193
vn -0.0378674577 -0.226295324 -0.973322394
v 0.0593361333 0.102681823 -0.415392518
vt 0.556002617 0.359596252
vn -0.0850130576 -0.986659977 -0.138833961
v -0.0575571507 0.112432703 -0.413111746
vt 0.556002021 0.279667348
vn -0.0840341163 -0.915219022 -0.394096953
v -0.0571496561 0.119056217 -0.420544535
vt 0.56190908 0.279667288
vn -0.0378674739 -0.226296037 -0.973322227
v 0.0597436279 0.109305337 -0.422825247
vt 0.561909795 0.359596193
vn -0.0378674577 -0.226295324 -0.973322394
v 0.0597436279 0.109305337 -0.422825247
vt 0.561909795 0.359596193
vn -0.0378674577 -0.226295324 -0.973322394
v -0.0571496561 0.119056217 -0.420544535
vt 0.56190908 0.279667288
vn -0.0378674739 -0.226296037 -0.973322227
v -0.0544425175 0.151948005 -0.422420174
vt 0.586449981 0.279667109
vn -0.00952471839 0.118069671 -0.992959633
v 0.0597436279 0.109305337 -0.422825247
vt 0.561909795 0.359596193
vn -0.0378674577 -0.226295324 -0.973322394
v -0.0544425175 0.151948005 -0.422420174
vt 0.586449981 0.279667109
vn -0.00952471839 0.118069671 -0.992959633
v 0.0624507666 0.142197132 -0.424700886
vt 0.586450577 0.359596014
vn -0.00952472562 0.118069299 -0.992959677
v 0.0631972849 0.149594843 -0.418067694
vt 0.592357635 0.359595984
vn 0.0701666614 0.927210277 -0.367909965
v 0.0624507666 0.142197132 -0.424700886
vt 0.586450577 0.359596014
vn -0.00952472562 0.118069299 -0.992959677
v -0.0544425175 0.151948005 -0.422420174
vt 0.586449981 0.279667109
vn -0.00952471839 0.118069671 -0.992959633
v 0.0631972849 0.149594843 -0.418067694
vt 0.592357635 0.359595984
vn 0.0701666614 0.927210277 -0.367909965
v -0.0544425175 0.151948005 -0.422420174
vt 0.586449981 0.279667109
vn -0.00952471839 0.118069671 -0.992959633
v -0.0536959991 0.159345716 -0.415786952
vt 0.592357039 0.279667109
vn 0.0701665763 0.92721026 -0.367910024
v 0.0631972849 0.149594843 -0.418067694
vt 0.592357635 0.359595984
vn 0.0701666614 0.927210277 -0.367909965
v -0.0536959991 0.159345716 -0.415786952
vt 0.592357039 0.279667109
vn 0.0701665763 0.92721026 -0.367910024
v -0.0533540845 0.160126522 -0.401601017
vt 0.600685 0.27966699
vn 0.0853054983 0.961781206 0.260192013
v 0.0631972849 0.149594843 -0.418067694
vt 0.592357635 0.359595984
vn 0.0701666614 0.927210277 -0.367909965
v -0.0533540845 0.160126522 -0.401601017
vt 0.600685 0.27966699
vn 0.0853054983 0.961781206 0.260192013
v 0.0635391995 0.150375634 -0.403881758
vt 0.600685596 0.359595925
vn 0.0853055971 0.961781243 0.260191844
v -0.0533540845 0.160126522 -0.401601017
vt 0.600685 0.27966699
vn 0.0853054983 0.961781206 0.260192013
v 0.0631317124 0.143752128 -0.396449
vt 0.606592774 0.359595895
vn 0.0378674135 0.226295026 0.973322465
v 0.0635391995 0.150375634 -0.403881758
vt 0.600685596 0.359595925
vn 0.0853055971 0.961781243 0.260191844
v -0.0533540845 0.160126522 -0.401601017
vt 0.600685 0.27966699
vn 0.0853054983 0.961781206 0.260192013
v -0.0537615716 0.153503001 -0.394168288
vt 0.606592178 0.27966693
vn 0.0378673511 0.226294662 0.973322552
v 0.0631317124 0.143752128 -0.396449
vt 0.606592774 0.359595895
vn 0.0378674135 0.226295026 0.973322465
v -0.0564687103 0.120611221 -0.392292649
vt 0.63113296 0.279666752
vn 0.00952470194 -0.118069682 0.992959632
v 0.0631317124 0.143752128 -0.396449
vt 0.606592774 0.359595895
vn 0.0378674135 0.226295026 0.973322465
v -0.0537615716 0.153503001 -0.394168288
vt 0.606592178 0.27966693
vn 0.0378673511 0.226294662 0.973322552
v -0.0564687103 0.120611221 -0.392292649
vt 0.63113296 0.279666752
vn 0.00952470194 -0.118069682 0.992959632
v 0.0604245737 0.11086034 -0.394573361
vt 0.631133556 0.359595716
vn 0.0095246565 -0.118070017 0.992959592
v 0.0631317124 0.143752128 -0.396449
vt 0.606592774 0.359595895
vn 0.0378674135 0.226295026 0.973322465
v 0.0596780553 0.103462622 -0.401206583
vt 0.637040675 0.359595656
vn -0.0408960215 -0.664738846 0.745955616
v 0.0604245737 0.11086034 -0.394573361
vt 0.631133556 0.359595716
vn 0.0095246565 -0.118070017 0.992959592
v -0.0564687103 0.120611221 -0.392292649
vt 0.63113296 0.279666752
vn 0.00952470194 -0.118069682 0.992959632
v 0.0596780553 0.103462622 -0.401206583
vt 0.637040675 0.359595656
vn -0.0408960215 -0.664738846 0.745955616
v -0.0564687103 0.120611221 -0.392292649
vt 0.63113296 0.279666752
vn 0.00952470194 -0.118069682 0.992959632
v -0.0572152287 0.113213509 -0.398925841
vt 0.637040138 0.279666692
vn -0.0408958832 -0.664738209 0.745956192
v -0.0571496561 0.119056217 -0.420544535
vt 0.536970556 0.296340317
vn -0.996350524 0.0831126526 0.0194401486
v -0.0564687103 0.120611221 -0.392292649
vt 0.492884696 0.296340317
vn -0.996350527 0.083112629 0.0194401289
v -0.0537615716 0.153503001 -0.394168288
vt 0.492884696 0.34780547
vn -0.996350533 0.0831125559 0.0194401301
v -0.0571496561 0.119056217 -0.420544535
vt 0.536970556 0.296340317
vn -0.996350524 0.0831126526 0.0194401486
v -0.0537615716 0.153503001 -0.394168288
vt 0.492884696 0.34780547
vn -0.996350533 0.0831125559 0.0194401301
v -0.0544425175 0.151948005 -0.422420174
vt 0.536970556 0.34780547
vn -0.996350529 0.0831125966 0.0194401527
v -0.0537615716 0.153503001 -0.394168288
vt 0.492884696 0.34780547
vn -0.996350533 0.0831125559 0.0194401301
v -0.0536959991 0.159345716 -0.415786952
vt 0.525996029 0.358774871
vn -0.996350558 0.0831122723 0.0194400588
v -0.0544425175 0.151948005 -0.422420174
vt 0.536970556 0.34780547
vn -0.996350529 0.0831125966 0.0194401527
v -0.0537615716 0.153503001 -0.394168288
vt 0.492884696 0.34780547
vn -0.996350533 0.0831125559 0.0194401301
v -0.0533540845 0.160126522 -0.401601017
vt 0.503859341 0.358774871
vn -0.996350619 0.0831115892 0.019439874
v -0.0536959991 0.159345716 -0.415786952
vt 0.525996029 0.358774871
vn -0.996350558 0.0831122723 0.0194400588
v -0.0571496561 0.119056217 -0.420544535
vt 0.536970556 0.296340317
vn -0.996350524 0.0831126526 0.0194401486
v -0.0572152287 0.113213509 -0.398925841
vt 0.503859341 0.285370857
vn -0.996350497 0.0831129725 0.0194401928
v -0.0564687103 0.120611221 -0.392292649
vt 0.492884696 0.296340317
vn -0.996350527 0.083112629 0.0194401289
v -0.0571496561 0.119056217 -0.420544535
vt 0.536970556 0.296340317
vn -0.996350524 0.0831126526 0.0194401486
v -0.0575571507 0.112432703 -0.413111746
vt 0.525996029 0.285370857
vn -0.996350452 0.0831134799 0.0194403301
v -0.0572152287 0.113213509 -0.398925841
vt 0.503859341 0.285370857
vn -0.996350497 0.0831129725 0.0194401928
v 0.0604245737 0.11086034 -0.394573361
vt 0.492884696 0.296340317
vn 0.996350528 -0.0831126135 -0.0194401509
v 0.0597436279 0.109305337 -0.422825247
vt 0.536970556 0.296340317
vn 0.996350524 -0.0831126574 -0.0194401273
v 0.0624507666 0.142197132 -0.424700886
vt 0.536970556 0.34780547
vn 0.996350532 -0.0831125635 -0.0194401337
v 0.0604245737 0.11086034 -0.394573361
vt 0.492884696 0.296340317
vn 0.996350528 -0.0831126135 -0.0194401509
v 0.0624507666 0.142197132 -0.424700886
vt 0.536970556 0.34780547
vn 0.996350532 -0.0831125635 -0.0194401337
v 0.0631317124 0.143752128 -0.396449
vt 0.492884696 0.34780547
vn 0.996350535 -0.0831125234 -0.0194401569
v 0.0624507666 0.142197132 -0.424700886
vt 0.536970556 0.34780547
vn 0.996350532 -0.0831125635 -0.0194401337
v 0.0635391995 0.150375634 -0.403881758
vt 0.503859341 0.358774871
vn 0.996350543 -0.0831124432 -0.0194400783
v 0.0631317124 0.143752128 -0.396449
vt 0.492884696 0.34780547
vn 0.996350535 -0.0831125234 -0.0194401569
v 0.0624507666 0.142197132 -0.424700886
vt 0.536970556 0.34780547
vn 0.996350532 -0.0831125635 -0.0194401337
v 0.0631972849 0.149594843 -0.418067694
vt 0.525996029 0.358774871
vn 0.996350506 -0.0831129308 -0.0194398848
v 0.0635391995 0.150375634 -0.403881758
vt 0.503859341 0.358774871
vn 0.996350543 -0.0831124432 -0.0194400783
v 0.0604245737 0.11086034 -0.394573361
vt 0.492884696 0.296340317
vn 0.996350528 -0.0831126135 -0.0194401509
v 0.0593361333 0.102681823 -0.415392518
vt 0.525996029 0.285370857
vn 0.996350511 -0.0831128061 -0.0194402032
v 0.0597436279 0.109305337 -0.422825247
vt 0.536970556 0.296340317
vn 0.996350524 -0.0831126574 -0.0194401273
v 0.0604245737 0.11086034 -0.394573361
vt 0.492884696 0.296340317
vn 0.996350528 -0.0831126135 -0.0194401509
v 0.0596780553 0.103462622 -0.401206583
vt 0.503859341 0.285370857
vn 0.996350548 -0.0831123114 -0.0194403995
v 0.0593361333 0.102681823 -0.415392518
vt 0.525996029 0.285370857
vn 0.996350511 -0.0831128061 -0.0194402032
v 0.0604475737 0.105219893 -0.369279951
vt 0.556002617 0.359596252
vn -0.0850130161 -0.986659995 -0.138833866
v 0.0607894883 0.106000692 -0.355094016
vt 0.547674656 0.359596312
vn -0.0818948861 -0.995024503 0.0567403331
v -0.0561037958 0.115751579 -0.352813274
vt 0.54767406 0.279667348
vn -0.0818948484 -0.995024492 0.0567405928
v 0.0604475737 0.105219893 -0.369279951
vt 0.556002617 0.359596252
vn -0.0850130161 -0.986659995 -0.138833866
v -0.0561037958 0.115751579 -0.352813274
vt 0.54767406 0.279667348
vn -0.0818948484 -0.995024492 0.0567405928
v -0.0564457104 0.114970773 -0.366999209
vt 0.556002021 0.279667348
vn -0.0840340699 -0.915219034 -0.394096936
v -0.0564457104 0.114970773 -0.366999209
vt 0.556002021 0.279667348
vn -0.0840340699 -0.915219034 -0.394096936
v 0.0608550608 0.111843407 -0.37671268
vt 0.561909795 0.359596193
vn -0.0378674163 -0.226295025 -0.973322465
v 0.0604475737 0.105219893 -0.369279951
vt 0.556002617 0.359596252
vn -0.0850130161 -0.986659995 -0.138833866
v -0.0564457104 0.114970773 -0.366999209
vt 0.556002021 0.279667348
vn -0.0840340699 -0.915219034 -0.394096936
v -0.0560382232 0.121594287 -0.374431968
vt 0.56190908 0.279667288
vn -0.0378674199 -0.226295353 -0.973322388
v 0.0608550608 0.111843407 -0.37671268
vt 0.561909795 0.359596193
vn -0.0378674163 -0.226295025 -0.973322465
v 0.0608550608 0.111843407 -0.37671268
vt 0.561909795 0.359596193
vn -0.0378674163 -0.226295025 -0.973322465
v -0.0560382232 0.121594287 -0.374431968
vt 0.56190908 0.279667288
vn -0.0378674199 -0.226295353 -0.973322388
v -0.0533310845 0.154486075 -0.376307607
vt 0.586449981 0.279667109
vn -0.00952469873 0.118069692 -0.992959631
v 0.0608550608 0.111843407 -0.37671268
vt 0.561909795 0.359596193
vn -0.0378674163 -0.226295025 -0.973322465
v -0.0533310845 0.154486075 -0.376307607
vt 0.586449981 0.279667109
vn -0.00952469873 0.118069692 -0.992959631
v 0.0635621995 0.144735187 -0.378588319
vt 0.586450577 0.359596014
vn -0.00952470701 0.11806934 -0.992959672
v 0.0643087178 0.152132899 -0.371955127
vt 0.592357635 0.359595984
vn 0.0701667145 0.927210065 -0.367910488
v 0.0635621995 0.144735187 -0.378588319
vt 0.586450577 0.359596014
vn -0.00952470701 0.11806934 -0.992959672
v -0.0533310845 0.154486075 -0.376307607
vt 0.586449981 0.279667109
vn -0.00952469873 0.118069692 -0.992959631
v 0.0643087178 0.152132899 -0.371955127
vt 0.592357635 0.359595984
vn 0.0701667145 0.927210065 -0.367910488
v -0.0533310845 0.154486075 -0.376307607
vt 0.586449981 0.279667109
vn -0.00952469873 0.118069692 -0.992959631
v -0.0525845662 0.161883786 -0.369674385
vt 0.592357039 0.279667109
vn 0.0701666698 0.927210071 -0.367910482
v 0.0643087178 0.152132899 -0.371955127
vt 0.592357635 0.359595984
vn 0.0701667145 0.927210065 -0.367910488
v -0.0525845662 0.161883786 -0.369674385
vt 0.592357039 0.279667109
vn 0.0701666698 0.927210071 -0.367910482
v -0.0522426516 0.162664592 -0.355488479
vt 0.600685 0.27966699
vn 0.0853055254 0.961781371 0.260191395
v 0.0643087178 0.152132899 -0.371955127
vt 0.592357635 0.359595984
vn 0.0701667145 0.927210065 -0.367910488
v -0.0522426516 0.162664592 -0.355488479
vt 0.600685 0.27966699
vn 0.0853055254 0.961781371 0.260191395
v 0.0646506399 0.152913705 -0.357769191
vt 0.600685596 0.359595925
vn 0.0853055277 0.961781416 0.260191228
v -0.0522426516 0.162664592 -0.355488479
vt 0.600685 0.27966699
vn 0.0853055254 0.961781371 0.260191395
v 0.0642431453 0.146290198 -0.350336432
vt 0.606592774 0.359595895
vn 0.0378674337 0.226295352 0.973322388
v 0.0646506399 0.152913705 -0.357769191
vt 0.600685596 0.359595925
vn 0.0853055277 0.961781416 0.260191228
v -0.0522426516 0.162664592 -0.355488479
vt 0.600685 0.27966699
vn 0.0853055254 0.961781371 0.260191395
v -0.0526501387 0.156041086 -0.34805572
vt 0.606592178 0.27966693
vn 0.0378674342 0.226295351 0.973322388
v 0.0642431453 0.146290198 -0.350336432
vt 0.606592774 0.359595895
vn 0.0378674337 0.226295352 0.973322388
v -0.0553572774 0.123149291 -0.346180081
vt 0.63113296 0.279666752
vn 0.00952470292 -0.118069659 0.992959634
v 0.0642431453 0.146290198 -0.350336432
vt 0.606592774 0.359595895
vn 0.0378674337 0.226295352 0.973322388
v -0.0526501387 0.156041086 -0.34805572
vt 0.606592178 0.27966693
vn 0.0378674342 0.226295351 0.973322388
v -0.0553572774 0.123149291 -0.346180081
vt 0.63113296 0.279666752
vn 0.00952470292 -0.118069659 0.992959634
v 0.0615360066 0.113398403 -0.348460793
vt 0.631133556 0.359595716
vn 0.00952464903 -0.118070017 0.992959592
v 0.0642431453 0.146290198 -0.350336432
vt 0.606592774 0.359595895
vn 0.0378674337 0.226295352 0.973322388
v 0.0607894883 0.106000692 -0.355094016
vt 0.637040675 0.359595656
vn -0.0408960612 -0.664739029 0.745955451
v 0.0615360066 0.113398403 -0.348460793
vt 0.631133556 0.359595716
vn 0.00952464903 -0.118070017 0.992959592
v -0.0553572774 0.123149291 -0.346180081
vt 0.63113296 0.279666752
vn 0.00952470292 -0.118069659 0.992959634
v 0.0607894883 0.106000692 -0.355094016
vt 0.637040675 0.359595656
vn -0.0408960612 -0.664739029 0.745955451
v -0.0553572774 0.123149291 -0.346180081
vt 0.63113296 0.279666752
vn 0.00952470292 -0.118069659 0.992959634
v -0.0561037958 0.115751579 -0.352813274
vt 0.637040138 0.279666692
vn -0.0408958832 -0.664738209 0.745956192
v -0.0560382232 0.121594287 -0.374431968
vt 0.536970556 0.296340317
vn -0.996350533 0.0831125561 0.0194401092
v -0.0553572774 0.123149291 -0.346180081
vt 0.492884696 0.296340317
vn -0.996350529 0.0831125983 0.0194401307
v -0.0526501387 0.156041086 -0.34805572
vt 0.492884696 0.34780547
vn -0.996350533 0.0831125564 0.019440109
v -0.0560382232 0.121594287 -0.374431968
vt 0.536970556 0.296340317
vn -0.996350533 0.0831125561 0.0194401092
v -0.0526501387 0.156041086 -0.34805572
vt 0.492884696 0.34780547
vn -0.996350533 0.0831125564 0.019440109
v -0.0533310845 0.154486075 -0.376307607
vt 0.536970556 0.34780547
vn -0.996350529 0.0831126019 0.0194401086
v -0.0526501387 0.156041086 -0.34805572
vt 0.492884696 0.34780547
vn -0.996350533 0.0831125564 0.019440109
v -0.0525845662 0.161883786 -0.369674385
vt 0.525996029 0.358774871
vn -0.996350548 0.0831123998 0.019440036
v -0.0533310845 0.154486075 -0.376307607
vt 0.536970556 0.34780547
vn -0.996350529 0.0831126019 0.0194401086
v -0.0526501387 0.156041086 -0.34805572
vt 0.492884696 0.34780547
vn -0.996350533 0.0831125564 0.019440109
v -0.0522426516 0.162664592 -0.355488479
vt 0.503859341 0.358774871
vn -0.996350593 0.0831118887 0.0194398978
v -0.0525845662 0.161883786 -0.369674385
vt 0.525996029 0.358774871
vn -0.996350548 0.0831123998 0.019440036
v -0.0560382232 0.121594287 -0.374431968
vt 0.536970556 0.296340317
vn -0.996350533 0.0831125561 0.0194401092
v -0.0561037958 0.115751579 -0.352813274
vt 0.503859341 0.285370857
vn -0.996350548 0.0831123971 0.0194400371
v -0.0553572774 0.123149291 -0.346180081
vt 0.492884696 0.296340317
vn -0.996350529 0.0831125983 0.0194401307
v -0.0560382232 0.121594287 -0.374431968
vt 0.536970556 0.296340317
vn -0.996350533 0.0831125561 0.0194401092
v -0.0564457104 0.114970773 -0.366999209
vt 0.525996029 0.285370857
vn -0.996350605 0.0831117585 0.0194398644
v -0.0561037958 0.115751579 -0.352813274
vt 0.503859341 0.285370857
vn -0.996350548 0.0831123971 0.0194400371
v 0.0615360066 0.113398403 -0.348460793
vt 0.492884696 0.296340317
vn 0.996350533 -0.0831125535 -0.0194401228
v 0.0608550608 0.111843407 -0.37671268
vt 0.536970556 0.296340317
vn 0.996350536 -0.083112509 -0.0194401577
v 0.0635621995 0.144735187 -0.378588319
vt 0.536970556 0.34780547
vn 0.996350525 -0.0831126442 -0.0194401357
v 0.0615360066 0.113398403 -0.348460793
vt 0.492884696 0.296340317
vn 0.996350533 -0.0831125535 -0.0194401228
v 0.0635621995 0.144735187 -0.378588319
vt 0.536970556 0.34780547
vn 0.996350525 -0.0831126442 -0.0194401357
v 0.0642431453 0.146290198 -0.350336432
vt 0.492884696 0.34780547
vn 0.996350523 -0.0831126821 -0.019440104
v 0.0635621995 0.144735187 -0.378588319
vt 0.536970556 0.34780547
vn 0.996350525 -0.0831126442 -0.0194401357
v 0.0646506399 0.152913705 -0.357769191
vt 0.503859341 0.358774871
vn 0.996350497 -0.0831129738 -0.0194401645
v 0.0642431453 0.146290198 -0.350336432
vt 0.492884696 0.34780547
vn 0.996350523 -0.0831126821 -0.019440104
v 0.0635621995 0.144735187 -0.378588319
vt 0.536970556 0.34780547
vn 0.996350525 -0.0831126442 -0.0194401357
v 0.0643087178 0.152132899 -0.371955127
vt 0.525996029 0.358774871
vn 0.996350532 -0.0831125217 -0.0194403439
v 0.0646506399 0.152913705 -0.357769191
vt 0.503859341 0.358774871
vn 0.996350497 -0.0831129738 -0.0194401645
v 0.0615360066 0.113398403 -0.348460793
vt 0.492884696 0.296340317
vn 0.996350533 -0.0831125535 -0.0194401228
v 0.0604475737 0.105219893 -0.369279951
vt 0.525996029 0.285370857
vn 0.996350554 -0.0831123168 -0.0194400709
v 0.0608550608 0.111843407 -0.37671268
vt 0.536970556 0.296340317
vn 0.996350536 -0.083112509 -0.0194401577
v 0.0615360066 0.113398403 -0.348460793
vt 0.492884696 0.296340317
vn 0.996350533 -0.0831125535 -0.0194401228
v 0.0607894883 0.106000692 -0.355094016
vt 0.503859341 0.285370857
vn 0.996350511 -0.0831128899 -0.0194398435
v 0.0604475737 0.105219893 -0.369279951
vt 0.525996029 0.285370857
vn 0.996350554 -0.0831123168 -0.0194400709
v -0.0377057269 0.136024982 -0.77212745
vt 0.802156508 0.181084976
vn -0.996350534 0.0831125384 0.019440144
v -0.0447379574 0.0505831912 -0.767255187
vt 0.802148044 0.128477618
vn -0.996350531 0.0831125727 0.0194401364
v -0.0340675414 0.144333124 -0.621182203
vt 0.708825648 0.18110396
vn -0.996350533 0.0831125499 0.0194401426
v -0.0447379574 0.0505831912 -0.767255187
vt 0.802148044 0.128477618
vn -0.996350531 0.0831125727 0.0194401364
v -0.0239369851 0.167467177 -0.200873822
vt 0.453122467 0.178502306
vn -0.996350532 0.0831125583 0.0194401403
v -0.0340675414 0.144333124 -0.621182203
vt 0.708825648 0.18110396
vn -0.996350533 0.0831125499 0.0194401426
v -0.0447379574 0.0505831912 -0.767255187
vt 0.802148044 0.128477618
vn -0.996350531 0.0831125727 0.0194401364
v -0.0205382388 0.175228536 -0.0598626137
vt 0.364816725 0.178403378
vn -0.996350529 0.0831126039 0.0194401308
v -0.0239369851 0.167467177 -0.200873822
vt 0.453122467 0.178502306
vn -0.996350532 0.0831125583 0.0194401403
v -0.0210936349 0.212174356 -0.246282667
vt 0.482173651 0.20740439
vn -0.996350532 0.0831125653 0.0194401409
v -0.0340675414 0.144333124 -0.621182203
vt 0.708825648 0.18110396
vn -0.996350533 0.0831125499 0.0194401426
v -0.0239369851 0.167467177 -0.200873822
vt 0.453122467 0.178502306
vn -0.996350532 0.0831125583 0.0194401403
v -0.0210936349 0.212174356 -0.246282667
vt 0.482173651 0.20740439
vn -0.996350532 0.0831125653 0.0194401409
v -0.0291645993 0.193743557 -0.58114028
vt 0.677890897 0.20752573
vn -0.996350531 0.0831125779 0.0194401386
v -0.0340675414 0.144333124 -0.621182203
vt 0.708825648 0.18110396
vn -0.996350533 0.0831125499 0.0194401426
v -0.0205382388 0.175228536 -0.0598626137
vt 0.364816725 0.178403378
vn -0.996350529 0.0831126039 0.0194401308
v -0.0447379574 0.0505831912 -0.767255187
vt 0.802148044 0.128477618
vn -0.996350531 0.0831125727 0.0194401364
v -0.0348934606 0.0730640143 -0.358815014
vt 0.517699718 0.120677583
vn -0.996350529 0.0831126044 0.0194401319
v -0.0178692285 0.126457542 0.285441309
vt 0.164570853 0.133469209
vn -0.996350529 0.083112602 0.0194401304
v -0.0205382388 0.175228536 -0.0598626137
vt 0.364816725 0.178403378
vn -0.996350529 0.0831126039 0.0194401308
v -0.0348934606 0.0730640143 -0.358815014
vt 0.517699718 0.120677583
vn -0.996350529 0.0831126044 0.0194401319
v -0.0174376238 0.202447981 -0.0173207223
vt 0.335762143 0.190763369
vn -0.99635053 0.0831125966 0.0194401295
v -0.0205382388 0.175228536 -0.0598626137
vt 0.364816725 0.178403378
vn -0.996350529 0.0831126039 0.0194401308
v -0.0178692285 0.126457542 0.285441309
vt 0.164570853 0.133469209
vn -0.996350529 0.083112602 0.0194401304
v -0.0174376238 0.202447981 -0.0173207223
vt 0.335762143 0.190763369
vn -0.99635053 0.0831125966 0.0194401295
v -0.0178692285 0.126457542 0.285441309
vt 0.164570853 0.133469209
vn -0.996350529 0.083112602 0.0194401304
v -0.0125916544 0.213514209 0.183734626
vt 0.217530757 0.190596879
vn -0.996350531 0.0831125837 0.0194401263
v -0.0178692285 0.126457542 0.285441309
vt 0.164570853 0.133469209
vn -0.996350529 0.083112602 0.0194401304
v -0.0348934606 0.0730640143 -0.358815014
vt 0.517699718 0.120677583
vn -0.996350529 0.0831126044 0.0194401319
v -0.0229385179 0.100364245 0.137185782
vt 0.247611895 0.122531846
vn -0.996350528 0.0831126089 0.019440129
v -0.0178692285 0.126457542 0.285441309
vt 0.164570853 0.133469209
vn -0.996350529 0.083112602 0.0194401304
v -0.0229385179 0.100364245 0.137185782
vt 0.247611895 0.122531846
vn -0.996350528 0.0831126089 0.019440129
v -0.0147764403 0.11900311 0.47582373
vt 0.0322636366 0.122374341
vn -0.996350528 0.0831126183 0.0194401274
v -0.0178692285 0.126457542 0.285441309
vt 0.164570853 0.133469209
vn -0.996350529 0.083112602 0.0194401304
v -0.0147764403 0.11900311 0.47582373
vt 0.0322636366 0.122374341
vn -0.996350528 0.0831126183 0.0194401274
v -0.0133050755 0.136880219 0.474804312
vt 0.0322507471 0.133438334
vn -0.99635053 0.083112586 0.0194401262
v -0.0327494591 0.0566114336 -0.178590268
vt 0.420393199 0.108054332
vn -0.996350529 0.0831125995 0.0194401311
v -0.0229385179 0.100364245 0.137185782
vt 0.247611895 0.122531846
vn -0.996350528 0.0831126089 0.019440129
v -0.0348934606 0.0730640143 -0.358815014
vt 0.517699718 0.120677583
vn -0.996350529 0.0831126044 0.0194401319
v -0.0348934606 0.0730640143 -0.358815014
vt 0.517699718 0.120677583
vn -0.996350529 0.0831126044 0.0194401319
v -0.0370572284 0.0467742458 -0.357315838
vt 0.517210484 0.110011742
vn -0.996350515 0.0831127663 0.0194401517
v -0.0327494591 0.0566114336 -0.178590268
vt 0.420393199 0.108054332
vn -0.996350529 0.0831125995 0.0194401311
v -0.0327494591 0.0566114336 -0.178590268
vt 0.420393199 0.108054332
vn -0.996350529 0.0831125995 0.0194401311
v -0.0242954474 0.0901493728 0.111311883
vt 0.263030171 0.11887306
vn -0.996350531 0.0831125844 0.0194401259
v -0.0229385179 0.100364245 0.137185782
vt 0.247611895 0.122531846
vn -0.996350528 0.0831126089 0.019440129
v -0.0266711023 0.0633757263 0.104019791
vt 0.270061582 0.103192672
vn -0.99635053 0.0831125855 0.0194401368
v -0.0242954474 0.0901493728 0.111311883
vt 0.263030171 0.11887306
vn -0.996350531 0.0831125844 0.0194401259
v -0.0327494591 0.0566114336 -0.178590268
vt 0.420393199 0.108054332
vn -0.996350529 0.0831125995 0.0194401311
v -0.0266711023 0.0633757263 0.104019791
vt 0.270061582 0.103192672
vn -0.99635053 0.0831125855 0.0194401368
v -0.0327494591 0.0566114336 -0.178590268
vt 0.420393199 0.108054332
vn -0.996350529 0.0831125995 0.0194401311
v -0.0431989729 -0.10160505 -0.0377267897
vt 0.363260895 0.00665287767
vn -0.99635053 0.0831125903 0.0194401374
v -0.0266711023 0.0633757263 0.104019791
vt 0.270061582 0.103192672
vn -0.99635053 0.0831125855 0.0194401368
v -0.0431989729 -0.10160505 -0.0377267897
vt 0.363260895 0.00665287767
vn -0.99635053 0.0831125903 0.0194401374
v -0.0395671427 -0.0933114514 0.112954825
vt 0.270154059 0.00662070978
vn -0.996350531 0.0831125774 0.0194401526
v -0.0402873009 0.21573627 -0.017501384
vt 0.338277727 0.207069099
vn -0.996350528 0.0831126189 0.019440133
v -0.0439505205 0.225374997 -0.246458337
vt 0.477986783 0.223512575
vn -0.996350531 0.083112581 0.0194401285
v -0.0467866585 0.180755451 -0.201054484
vt 0.449449569 0.194368437
vn -0.996350537 0.083112513 0.0194401218
v -0.0402873009 0.21573627 -0.017501384
vt 0.338277727 0.207069099
vn -0.996350528 0.0831126189 0.019440133
v -0.0467866585 0.180755451 -0.201054484
vt 0.449449569 0.194368437
vn -0.996350537 0.083112513 0.0194401218
v -0.0433879122 0.188516811 -0.0600432754
vt 0.366814077 0.194335923
vn -0.996350543 0.0831124339 0.0194401371
v -0.0402873009 0.21573627 -0.017501384
vt 0.338277727 0.207069099
vn -0.996350528 0.0831126189 0.019440133
v -0.0399777889 0.276361555 -0.260830253
vt 0.484857649 0.254673928
vn -0.99635053 0.0831125945 0.0194401358
v -0.0439505205 0.225374997 -0.246458337
vt 0.477986783 0.223512575
vn -0.996350531 0.083112581 0.0194401285
v -0.0399777889 0.276361555 -0.260830253
vt 0.484857649 0.254673928
vn -0.99635053 0.0831125945 0.0194401358
v -0.0520214885 0.206944183 -0.581315994
vt 0.681237221 0.223602876
vn -0.99635053 0.0831125878 0.0194401374
v -0.0439505205 0.225374997 -0.246458337
vt 0.477986783 0.223512575
vn -0.996350531 0.083112581 0.0194401285
v -0.0399777889 0.276361555 -0.260830253
vt 0.484857649 0.254673928
vn -0.99635053 0.0831125945 0.0194401358
v -0.0524196401 0.248162895 -0.777944922
vt 0.802159548 0.254758447
vn -0.996350529 0.083112596 0.0194401343
v -0.0520214885 0.206944183 -0.581315994
vt 0.681237221 0.223602876
vn -0.99635053 0.0831125878 0.0194401374
v -0.0520214885 0.206944183 -0.581315994
vt 0.681237221 0.223602876
vn -0.99635053 0.0831125878 0.0194401374
v -0.0524196401 0.248162895 -0.777944922
vt 0.802159548 0.254758447
vn -0.996350529 0.083112596 0.0194401343
v -0.0605553985 0.149313256 -0.772308111
vt 0.802161813 0.197359681
vn -0.996350533 0.0831125539 0.0194401334
v -0.0520214885 0.206944183 -0.581315994
vt 0.681237221 0.223602876
vn -0.99635053 0.0831125878 0.0194401374
v -0.0605553985 0.149313256 -0.772308111
vt 0.802161813 0.197359681
vn -0.996350533 0.0831125539 0.0194401334
v -0.0569172129 0.157621384 -0.621362805
vt 0.712946117 0.197405919
vn -0.996350536 0.0831125124 0.019440146
v -0.0399777889 0.276361555 -0.260830253
vt 0.484857649 0.254673928
vn -0.99635053 0.0831125945 0.0194401358
v -0.0402873009 0.21573627 -0.017501384
vt 0.338277727 0.207069099
vn -0.996350528 0.0831126189 0.019440133
v -0.0354413241 0.226802498 0.183553964
vt 0.213333309 0.207030058
vn -0.99635053 0.0831125852 0.0194401365
v -0.0399777889 0.276361555 -0.260830253
vt 0.484857649 0.254673928
vn -0.99635053 0.0831125945 0.0194401358
v -0.0354413241 0.226802498 0.183553964
vt 0.213333309 0.207030058
vn -0.99635053 0.0831125852 0.0194401365
v -0.0298352987 0.296462923 0.173055619
vt 0.216270357 0.248651177
vn -0.996350532 0.083112566 0.0194401342
v -0.0298352987 0.296462923 0.173055619
vt 0.216270357 0.248651177
vn -0.996350532 0.083112566 0.0194401342
v -0.0354413241 0.226802498 0.183553964
vt 0.213333309 0.207030058
vn -0.99635053 0.0831125852 0.0194401365
v -0.0297694523 0.217338681 0.514710903
vt 0.0061492715 0.188683569
vn -0.996350532 0.0831125645 0.0194401345
v -0.0354413241 0.226802498 0.183553964
vt 0.213333309 0.207030058
vn -0.99635053 0.0831125852 0.0194401365
v -0.0332985744 0.184871018 0.472644717
vt 0.0322371647 0.170590237
vn -0.996350531 0.0831125783 0.0194401329
v -0.0297694523 0.217338681 0.514710903
vt 0.0061492715 0.188683569
vn -0.996350532 0.0831125645 0.0194401345
v -0.0354413241 0.226802498 0.183553964
vt 0.213333309 0.207030058
vn -0.99635053 0.0831125852 0.0194401365
v -0.0407188982 0.139745817 0.285260648
vt 0.148727521 0.153602257
vn -0.99635053 0.0831125874 0.0194401334
v -0.0332985744 0.184871018 0.472644717
vt 0.0322371647 0.170590237
vn -0.996350531 0.0831125783 0.0194401329
v -0.0298352987 0.296462923 0.173055619
vt 0.216270357 0.248651177
vn -0.996350532 0.083112566 0.0194401342
v -0.0297694523 0.217338681 0.514710903
vt 0.0061492715 0.188683569
vn -0.996350532 0.0831125645 0.0194401345
v -0.0217202436 0.31513676 0.509133935
vt 0.0061729867 0.24862203
vn -0.996350531 0.0831125767 0.0194401375
v -0.0399777889 0.276361555 -0.260830253
vt 0.484857649 0.254673928
vn -0.99635053 0.0831125945 0.0194401358
v -0.0298352987 0.296462923 0.173055619
vt 0.216270357 0.248651177
vn -0.996350532 0.083112566 0.0194401342
v -0.02304147 0.3902556 0.120261937
vt 0.252933562 0.304398388
vn -0.996350531 0.0831125762 0.019440133
v -0.0399777889 0.276361555 -0.260830253
vt 0.484857649 0.254673928
vn -0.99635053 0.0831125945 0.0194401358
v -0.02304147 0.3902556 0.120261937
vt 0.252933562 0.304398388
vn -0.996350531 0.0831125762 0.019440133
v -0.0312268566 0.371563494 -0.219343007
vt 0.447672158 0.304361671
vn -0.996350531 0.0831125763 0.0194401329
v -0.0332985744 0.184871018 0.472644717
vt 0.0322371647 0.170590237
vn -0.996350531 0.0831125783 0.0194401329
v -0.0407188982 0.139745817 0.285260648
vt 0.148727521 0.153602257
vn -0.99635053 0.0831125874 0.0194401334
v -0.036154747 0.150168478 0.474623591
vt 0.0322302282 0.153473392
vn -0.996350528 0.0831126112 0.0194401276
v -0.0377057269 0.136024982 -0.77212745
vt 0.802156508 0.181084976
vn -0.502180172 -0.862707571 0.0595879237
v -0.0340675414 0.144333124 -0.621182203
vt 0.708825648 0.18110396
vn -0.502179903 -0.862707724 0.05958798
v -0.0569172129 0.157621384 -0.621362805
vt 0.712946117 0.197405919
vn -0.502180172 -0.862707571 0.0595879237
v -0.0377057269 0.136024982 -0.77212745
vt 0.802156508 0.181084976
vn -0.502180172 -0.862707571 0.0595879237
v -0.0569172129 0.157621384 -0.621362805
vt 0.712946117 0.197405919
vn -0.502180172 -0.862707571 0.0595879237
v -0.0605553985 0.149313256 -0.772308111
vt 0.802161813 0.197359681
vn -0.502180442 -0.862707418 0.0595878675
v -0.0340675414 0.144333124 -0.621182203
vt 0.708825648 0.18110396
vn -0.337633815 -0.57253694 0.747131086
v -0.0291645993 0.193743557 -0.58114028
vt 0.677890897 0.20752573
vn -0.336407487 -0.572537236 0.747683835
v -0.0520214885 0.206944183 -0.581315994
vt 0.681237221 0.223602876
vn -0.337633815 -0.57253694 0.747131086
v -0.0340675414 0.144333124 -0.621182203
vt 0.708825648 0.18110396
vn -0.337633815 -0.57253694 0.747131086
v -0.0520214885 0.206944183 -0.581315994
vt 0.681237221 0.223602876
vn -0.337633815 -0.57253694 0.747131086
v -0.0569172129 0.157621384 -0.621362805
vt 0.712946117 0.197405919
vn -0.338859797 -0.572535607 0.746576866
v -0.0291645993 0.193743557 -0.58114028
vt 0.677890897 0.20752573
vn -0.499573681 -0.86421814 0.0596082564
v -0.0210936349 0.212174356 -0.246282667
vt 0.482173651 0.20740439
vn -0.49957388 -0.864218026 0.0596082369
v -0.0439505205 0.225374997 -0.246458337
vt 0.477986783 0.223512575
vn -0.499573681 -0.86421814 0.0596082564
v -0.0291645993 0.193743557 -0.58114028
vt 0.677890897 0.20752573
vn -0.499573681 -0.86421814 0.0596082564
v -0.0439505205 0.225374997 -0.246458337
vt 0.477986783 0.223512575
vn -0.499573681 -0.86421814 0.0596082564
v -0.0520214885 0.206944183 -0.581315994
vt 0.681237221 0.223602876
vn -0.499573483 -0.864218253 0.0596082759
v -0.0210936349 0.212174356 -0.246282667
vt 0.482173651 0.20740439
vn -0.371615496 -0.65013688 -0.662739738
v -0.0239369851 0.167467177 -0.200873822
vt 0.453122467 0.178502306
vn -0.372500683 -0.64954006 -0.662827995
v -0.0467866585 0.180755451 -0.201054484
vt 0.449449569 0.194368437
vn -0.371615496 -0.65013688 -0.662739738
v -0.0210936349 0.212174356 -0.246282667
vt 0.482173651 0.20740439
vn -0.371615496 -0.65013688 -0.662739738
v -0.0467866585 0.180755451 -0.201054484
vt 0.449449569 0.194368437
vn -0.371615496 -0.65013688 -0.662739738
v -0.0439505205 0.225374997 -0.246458337
vt 0.477986783 0.223512575
vn -0.370728424 -0.650733934 -0.662650573
v -0.0239369851 0.167467177 -0.200873822
vt 0.453122467 0.178502306
vn -0.50218041 -0.862707433 0.0595879304
v -0.0205382388 0.175228536 -0.0598626137
vt 0.364816725 0.178403378
vn -0.50218041 -0.862707433 0.0595879304
v -0.0433879122 0.188516811 -0.0600432754
vt 0.366814077 0.194335923
vn -0.50218041 -0.862707433 0.0595879304
v -0.0239369851 0.167467177 -0.200873822
vt 0.453122467 0.178502306
vn -0.50218041 -0.862707433 0.0595879304
v -0.0433879122 0.188516811 -0.0600432754
vt 0.366814077 0.194335923
vn -0.50218041 -0.862707433 0.0595879304
v -0.0467866585 0.180755451 -0.201054484
vt 0.449449569 0.194368437
vn -0.50218041 -0.862707433 0.0595879304
v -0.0205382388 0.175228536 -0.0598626137
vt 0.364816725 0.178403378
vn -0.436220526 -0.743199575 0.50731257
v -0.0174376238 0.202447981 -0.0173207223
vt 0.335762143 0.190763369
vn -0.436220714 -0.743199545 0.507312453
v -0.0402873009 0.21573627 -0.017501384
vt 0.338277727 0.207069099
vn -0.436220526 -0.743199575 0.50731257
v -0.0205382388 0.175228536 -0.0598626137
vt 0.364816725 0.178403378
vn -0.436220526 -0.743199575 0.50731257
v -0.0402873009 0.21573627 -0.017501384
vt 0.338277727 0.207069099
vn -0.436220526 -0.743199575 0.50731257
v -0.0433879122 0.188516811 -0.0600432754
vt 0.366814077 0.194335923
vn -0.436220338 -0.743199606 0.507312687
v -0.0174376238 0.202447981 -0.0173207223
vt 0.335762143 0.190763369
vn -0.50218083 -0.862707189 0.059587917
v -0.0125916544 0.213514209 0.183734626
vt 0.217530757 0.190596879
vn -0.502180892 -0.862707154 0.0595879072
v -0.0354413241 0.226802498 0.183553964
vt 0.213333309 0.207030058
vn -0.50218083 -0.862707189 0.059587917
v -0.0174376238 0.202447981 -0.0173207223
vt 0.335762143 0.190763369
vn -0.50218083 -0.862707189 0.059587917
v -0.0354413241 0.226802498 0.183553964
vt 0.213333309 0.207030058
vn -0.50218083 -0.862707189 0.059587917
v -0.0402873009 0.21573627 -0.017501384
vt 0.338277727 0.207069099
vn -0.502180769 -0.862707224 0.0595879267
v -0.0125916544 0.213514209 0.183734626
vt 0.217530757 0.190596879
vn -0.395096289 -0.687663243 -0.609112622
v -0.0178692285 0.126457542 0.285441309
vt 0.164570853 0.133469209
vn -0.395096115 -0.68766333 -0.609112637
v -0.0407188982 0.139745817 0.285260648
vt 0.148727521 0.153602257
vn -0.395096289 -0.687663243 -0.609112622
v -0.0125916544 0.213514209 0.183734626
vt 0.217530757 0.190596879
vn -0.395096289 -0.687663243 -0.609112622
v -0.0407188982 0.139745817 0.285260648
vt 0.148727521 0.153602257
vn -0.395096289 -0.687663243 -0.609112622
v -0.0354413241 0.226802498 0.183553964
vt 0.213333309 0.207030058
vn -0.395096463 -0.687663156 -0.609112607
v -0.0178692285 0.126457542 0.285441309
vt 0.164570853 0.133469209
vn -0.502180304 -0.862707496 0.059587902
v -0.0133050755 0.136880219 0.474804312
vt 0.0322507471 0.133438334
vn -0.502180136 -0.862707592 0.0595879302
v -0.036154747 0.150168478 0.474623591
vt 0.0322302282 0.153473392
vn -0.502180304 -0.862707496 0.059587902
v -0.0178692285 0.126457542 0.285441309
vt 0.164570853 0.133469209
vn -0.502180304 -0.862707496 0.059587902
v -0.036154747 0.150168478 0.474623591
vt 0.0322302282 0.153473392
vn -0.502180304 -0.862707496 0.059587902
v -0.0407188982 0.139745817 0.285260648
vt 0.148727521 0.153602257
vn -0.502180472 -0.8627074 0.0595878737
v -0.0217202436 0.31513676 0.509133935
vt 0.0061729867 0.24862203
vn -0.648490853 0.76076346 -0.0264305112
v -0.00272786431 0.331199318 0.507792115
vt 0.00618495233 0.264134377
vn -0.646617812 0.76235801 -0.026375543
v -0.0105678644 0.313295931 0.182517022
vt 0.207878977 0.264224082
vn -0.648490853 0.76076346 -0.0264305112
v -0.0217202436 0.31513676 0.509133935
vt 0.0061729867 0.24862203
vn -0.648490853 0.76076346 -0.0264305112
v -0.0105678644 0.313295931 0.182517022
vt 0.207878977 0.264224082
vn -0.648490853 0.76076346 -0.0264305112
v -0.0298352987 0.296462923 0.173055619
vt 0.216270357 0.248651177
vn -0.650291168 0.759223308 -0.0264833029
v -0.0298352987 0.296462923 0.173055619
vt 0.216270357 0.248651177
vn -0.663173581 0.402810057 0.630828709
v -0.0105678644 0.313295931 0.182517022
vt 0.207878977 0.264224082
vn -0.662241358 0.402940056 0.631724382
v -0.00378422625 0.406922996 0.129909128
vt 0.245386854 0.31906113
vn -0.663173581 0.402810057 0.630828709
v -0.0298352987 0.296462923 0.173055619
vt 0.216270357 0.248651177
vn -0.663173581 0.402810057 0.630828709
v -0.00378422625 0.406922996 0.129909128
vt 0.245386854 0.31906113
vn -0.663173581 0.402810057 0.630828709
v -0.02304147 0.3902556 0.120261937
vt 0.252933562 0.304398388
vn -0.664100303 0.402679994 0.629936195
v -0.02304147 0.3902556 0.120261937
vt 0.252933562 0.304398388
vn -0.646617738 0.762358073 -0.0263755299
v -0.00378422625 0.406922996 0.129909128
vt 0.245386854 0.31906113
vn -0.646617697 0.762358108 -0.0263755289
v -0.0124739166 0.387079269 -0.230618954
vt 0.454973191 0.319041878
vn -0.646617738 0.762358073 -0.0263755299
v -0.02304147 0.3902556 0.120261937
vt 0.252933562 0.304398388
vn -0.646617738 0.762358073 -0.0263755299
v -0.0124739166 0.387079269 -0.230618954
vt 0.454973191 0.319041878
vn -0.646617738 0.762358073 -0.0263755299
v -0.0312268566 0.371563494 -0.219343007
vt 0.447672158 0.304361671
vn -0.646617782 0.762358036 -0.0263755308
v -0.0312268566 0.371563494 -0.219343007
vt 0.447672158 0.304361671
vn -0.752559187 0.340716012 -0.563531072
v -0.0124739166 0.387079269 -0.230618954
vt 0.454973191 0.319041878
vn -0.689722759 0.390492367 -0.609752596
v -0.0199618004 0.307286114 -0.273249447
vt 0.489293844 0.276834279
vn -0.752559187 0.340716012 -0.563531072
v -0.0312268566 0.371563494 -0.219343007
vt 0.447672158 0.304361671
vn -0.752559187 0.340716012 -0.563531072
v -0.0199618004 0.307286114 -0.273249447
vt 0.489293844 0.276834279
vn -0.752559187 0.340716012 -0.563531072
v -0.0399777889 0.276361555 -0.260830253
vt 0.484857649 0.254673928
vn -0.79432426 0.30257508 -0.526780116
v -0.0399777889 0.276361555 -0.260830253
vt 0.484857649 0.254673928
vn -0.840314506 0.542016761 -0.00945318882
v -0.0199618004 0.307286114 -0.273249447
vt 0.489293844 0.276834279
vn -0.841191262 0.540654541 -0.00948302925
v -0.0313107371 0.281369776 -0.744107366
vt 0.779638886 0.276842147
vn -0.840314506 0.542016761 -0.00945318882
v -0.0399777889 0.276361555 -0.260830253
vt 0.484857649 0.254673928
vn -0.840314506 0.542016761 -0.00945318882
v -0.0313107371 0.281369776 -0.744107366
vt 0.779638886 0.276842147
vn -0.840314506 0.542016761 -0.00945318882
v -0.0524196401 0.248162895 -0.777944922
vt 0.802159548 0.254758447
vn -0.839509576 0.543263127 -0.00942583715
v -3.82422701e-08 0.263721986 -0.955727341
vt 0 1
vn 1 1.14272998e-17 2.21750372e-16
v -3.82422701e-08 0.0140533229 -0.942861348
vt 0 0
vn 1 1.14272998e-17 2.21750372e-16
v -3.82422699e-08 -0.0168250658 -1.54206626
vt 1 0
vn 1 1.14272998e-17 2.21750372e-16
v -3.82422701e-08 0.263721986 -0.955727341
vt 0 1
vn 1 1.14272998e-17 2.21750372e-16
v -3.82422699e-08 -0.0168250658 -1.54206626
vt 1 0
vn 1 1.14272998e-17 2.21750372e-16
v -3.82422699e-08 0.232843597 -1.55493225
vt 1 1
vn 1 1.14272998e-17 2.21750372e-16
usemtl qiangjian
f 1/1/1 2/2/2 3/3/3
f 4/4/4 5/5/5 6/6/6
f 7/7/7 8/8/8 9/9/9
f 10/10/10 11/11/11 12/12/12
f 13/13/13 14/14/14 15/15/15
f 16/16/16 17/17/17 18/18/18
f 19/19/19 20/20/20 21/21/21
f 22/22/22 23/23/23 24/24/24
f 25/25/25 26/26/26 27/27/27
f 28/28/28 29/29/29 30/30/30
f 31/31/31 32/32/32 33/33/33
f 34/34/34 35/35/35 36/36/36
f 37/37/37 38/38/38 39/39/39
f 40/40/40 41/41/41 42/42/42
f 43/43/43 44/44/44 45/45/45
f 46/46/46 47/47/47 48/48/48
f 49/49/49 50/50/50 51/51/51
f 52/52/52 53/53/53 54/54/54
f 55/55/55 56/56/56 57/57/57
f 58/58/58 59/59/59 60/60/60
f 61/61/61 62/62/62 63/63/63
f 64/64/64 65/65/65 66/66/66
f 67/67/67 68/68/68 69/69/69
f 70/70/70 71/71/71 72/72/72
f 73/73/73 74/74/74 75/75/75
f 76/76/76 77/77/77 78/78/78
f 79/79/79 80/80/80 81/81/81
f 82/82/82 83/83/83 84/84/84
f 85/85/85 86/86/86 87/87/87
f 88/88/88 89/89/89 90/90/90
f 91/91/91 92/92/92 93/93/93
f 94/94/94 95/95/95 96/96/96
f 97/97/97 98/98/98 99/99/99
f 100/100/100 101/101/101 102/102/102
f 103/103/103 104/104/104 105/105/105
f 106/106/106 107/107/107 108/108/108
f 109/109/109 110/110/110 111/111/111
f 112/112/112 113/113/113 114/114/114
f 115/115/115 116/116/116 117/117/117
f 118/118/118 119/119/119 120/120/120
f 121/121/121 122/122/122 123/123/123
f 124/124/124 125/125/125 126/126/126
f 127/127/127 128/128/128 129/129/129
f 130/130/130 131/131/131 132/132/132
f 133/133/133 134/134/134 135/135/135
f 136/136/136 137/137/137 138/138/138
f 139/139/139 140/140/140 141/141/141
f 142/142/142 143/143/143 144/144/144
f 145/145/145 146/146/146 147/147/147
f 148/148/148 149/149/149 150/150/150
f 151/151/151 152/152/152 153/153/153
f 154/154/154 155/155/155 156/156/156
f 157/157/157 158/158/158 159/159/159
f 160/160/160 161/161/161 162/162/162
f 163/163/163 164/164/164 165/165/165
f 166/166/166 167/167/167 168/168/168
f 169/169/169 170/170/170 171/171/171
f 172/172/172 173/173/173 174/174/174
f 175/175/175 176/176/176 177/177/177
f 178/178/178 179/179/179 180/180/180
f 181/181/181 182/182/182 183/183/183
f 184/184/184 185/185/185 186/186/186
f 187/187/187 188/188/188 189/189/189
f 190/190/190 191/191/191 192/192/192
f 193/193/193 194/194/194 195/195/195
f 196/196/196 197/197/197 198/198/198
f 199/199/199 200/200/200 201/201/201
f 202/202/202 203/203/203 204/204/204
f 205/205/205 206/206/206 207/207/207
f 208/208/208 209/209/209 210/210/210
f 211/211/211 212/212/212 213/213/213
f 214/214/214 215/215/215 216/216/216
f 217/217/217 218/218/218 219/219/219
f 220/220/220 221/221/221 222/222/222
f 223/223/223 224/224/224 225/225/225
f 226/226/226 227/227/227 228/228/228
f 229/229/229 230/230/230 231/231/231
f 232/232/232 233/233/233 234/234/234
f 235/235/235 236/236/236 237/237/237
f 238/238/238 239/239/239 240/240/240
f 241/241/241 242/242/242 243/243/243
f 244/244/244 245/245/245 246/246/246
f 247/247/247 248/248/248 249/249/249
f 250/250/250 251/251/251 252/252/252
f 253/253/253 254/254/254 255/255/255
f 256/256/256 257/257/257 258/258/258
f 259/259/259 260/260/260 261/261/261
f 262/262/262 263/263/263 264/264/264
f 265/265/265 266/266/266 267/267/267
f 268/268/268 269/269/269 270/270/270
f 271/271/271 272/272/272 273/273/273
f 274/274/274 275/275/275 276/276/276
f 277/277/277 278/278/278 279/279/279
f 280/280/280 281/281/281 282/282/282
f 283/283/283 284/284/284 285/285/285
f 286/286/286 287/287/287 288/288/288
f 289/289/289 290/290/290 291/291/291
f 292/292/292 293/293/293 294/294/294
f 295/295/295 296/296/296 297/297/297
f 298/298/298 299/299/299 300/300/300
f 301/301/301 302/302/302 303/303/303
f 304/304/304 305/305/305 306/306/306
f 307/307/307 308/308/308 309/309/309
f 310/310/310 311/311/311 312/312/312
f 313/313/313 314/314/314 315/315/315
f 316/316/316 317/317/317 318/318/318
f 319/319/319 320/320/320 321/321/321
f 322/322/322 323/323/323 324/324/324
f 325/325/325 326/326/326 327/327/327
f 328/328/328 329/329/329 330/330/330
f 331/331/331 332/332/332 333/333/333
f 334/334/334 335/335/335 336/336/336
f 337/337/337 338/338/338 339/339/339
f 340/340/340 341/341/341 342/342/342
f 343/343/343 344/344/344 345/345/345
f 346/346/346 347/347/347 348/348/348
f 349/349/349 350/350/350 351/351/351
f 352/352/352 353/353/353 354/354/354
f 355/355/355 356/356/356 357/357/357
f 358/358/358 359/359/359 360/360/360
f 361/361/361 362/362/362 363/363/363
f 364/364/364 365/365/365 366/366/366
f 367/367/367 368/368/368 369/369/369
f 370/370/370 371/371/371 372/372/372
f 373/373/373 374/374/374 375/375/375
f 376/376/376 377/377/377 378/378/378
f 379/379/379 380/380/380 381/381/381
f 382/382/382 383/383/383 384/384/384
f 385/385/385 386/386/386 387/387/387
f 388/388/388 389/389/389 390/390/390
f 391/391/391 392/392/392 393/393/393
f 394/394/394 395/395/395 396/396/396
f 397/397/397 398/398/398 399/399/399
f 400/400/400 401/401/401 402/402/402
f 403/403/403 404/404/404 405/405/405
f 406/406/406 407/407/407 408/408/408
f 409/409/409 410/410/410 411/411/411
f 412/412/412 413/413/413 414/414/414
f 415/415/415 416/416/416 417/417/417
f 418/418/418 419/419/419 420/420/420
f 421/421/421 422/422/422 423/423/423
f 424/424/424 425/425/425 426/426/426
f 427/427/427 428/428/428 429/429/429
f 430/430/430 431/431/431 432/432/432
f 433/433/433 434/434/434 435/435/435
f 436/436/436 437/437/437 438/438/438
f 439/439/439 440/440/440 441/441/441
f 442/442/442 443/443/443 444/444/444
f 445/445/445 446/446/446 447/447/447
f 448/448/448 449/449/449 450/450/450
f 451/451/451 452/452/452 453/453/453
f 454/454/454 455/455/455 456/456/456
f 457/457/457 458/458/458 459/459/459
f 460/460/460 461/461/461 462/462/462
f 463/463/463 464/464/464 465/465/465
f 466/466/466 467/467/467 468/468/468
f 469/469/469 470/470/470 471/471/471
f 472/472/472 473/473/473 474/474/474
f 475/475/475 476/476/476 477/477/477
f 478/478/478 479/479/479 480/480/480
f 481/481/481 482/482/482 483/483/483
f 484/484/484 485/485/485 486/486/486
f 487/487/487 488/488/488 489/489/489
f 490/490/490 491/491/491 492/492/492
f 493/493/493 494/494/494 495/495/495
f 496/496/496 497/497/497 498/498/498
f 499/499/499 500/500/500 501/501/501
f 502/502/502 503/503/503 504/504/504
f 505/505/505 506/506/506 507/507/507
f 508/508/508 509/509/509 510/510/510
f 511/511/511 512/512/512 513/513/513
f 514/514/514 515/515/515 516/516/516
f 517/517/517 518/518/518 519/519/519
f 520/520/520 521/521/521 522/522/522
f 523/523/523 524/524/524 525/525/525
f 526/526/526 527/527/527 528/528/528
f 529/529/529 530/530/530 531/531/531
f 532/532/532 533/533/533 534/534/534
f 535/535/535 536/536/536 537/537/537
f 538/538/538 539/539/539 540/540/540
f 541/541/541 542/542/542 543/543/543
f 544/544/544 545/545/545 546/546/546
f 547/547/547 548/548/548 549/549/549
f 550/550/550 551/551/551 552/552/552
f 553/553/553 554/554/554 555/555/555
f 556/556/556 557/557/557 558/558/558
f 559/559/559 560/560/560 561/561/561
f 562/562/562 563/563/563 564/564/564
f 565/565/565 566/566/566 567/567/567
f 568/568/568 569/569/569 570/570/570
f 571/571/571 572/572/572 573/573/573
f 574/574/574 575/575/575 576/576/576
f 577/577/577 578/578/578 579/579/579
f 580/580/580 581/581/581 582/582/582
f 583/583/583 584/584/584 585/585/585
f 586/586/586 587/587/587 588/588/588
f 589/589/589 590/590/590 591/591/591
f 592/592/592 593/593/593 594/594/594
f 595/595/595 596/596/596 597/597/597
f 598/598/598 599/599/599 600/600/600
f 601/601/601 602/602/602 603/603/603
f 604/604/604 605/605/605 606/606/606
f 607/607/607 608/608/608 609/609/609
f 610/610/610 611/611/611 612/612/612
f 613/613/613 614/614/614 615/615/615
f 616/616/616 617/617/617 618/618/618
f 619/619/619 620/620/620 621/621/621
f 622/622/622 623/623/623 624/624/624
f 625/625/625 626/626/626 627/627/627
f 628/628/628 629/629/629 630/630/630
f 631/631/631 632/632/632 633/633/633
f 634/634/634 635/635/635 636/636/636
f 637/637/637 638/638/638 639/639/639
f 640/640/640 641/641/641 642/642/642
f 643/643/643 644/644/644 645/645/645
f 646/646/646 647/647/647 648/648/648
f 649/649/649 650/650/650 651/651/651
f 652/652/652 653/653/653 654/654/654
f 655/655/655 656/656/656 657/657/657
f 658/658/658 659/659/659 660/660/660
f 661/661/661 662/662/662 663/663/663
f 664/664/664 665/665/665 666/666/666
f 667/667/667 668/668/668 669/669/669
f 670/670/670 671/671/671 672/672/672
f 673/673/673 674/674/674 675/675/675
f 676/676/676 677/677/677 678/678/678
f 679/679/679 680/680/680 681/681/681
f 682/682/682 683/683/683 684/684/684
f 685/685/685 686/686/686 687/687/687
f 688/688/688 689/689/689 690/690/690
f 691/691/691 692/692/692 693/693/693
f 694/694/694 695/695/695 696/696/696
f 697/697/697 698/698/698 699/699/699
f 700/700/700 701/701/701 702/702/702
f 703/703/703 704/704/704 705/705/705
f 706/706/706 707/707/707 708/708/708
f 709/709/709 710/710/710 711/711/711
f 712/712/712 713/713/713 714/714/714
f 715/715/715 716/716/716 717/717/717
f 718/718/718 719/719/719 720/720/720
f 721/721/721 722/722/722 723/723/723
f 724/724/724 725/725/725 726/726/726
f 727/727/727 728/728/728 729/729/729
f 730/730/730 731/731/731 732/732/732
f 733/733/733 734/734/734 735/735/735
f 736/736/736 737/737/737 738/738/738
f 739/739/739 740/740/740 741/741/741
f 742/742/742 743/743/743 744/744/744
f 745/745/745 746/746/746 747/747/747
f 748/748/748 749/749/749 750/750/750
f 751/751/751 752/752/752 753/753/753
f 754/754/754 755/755/755 756/756/756
f 757/757/757 758/758/758 759/759/759
f 760/760/760 761/761/761 762/762/762
f 763/763/763 764/764/764 765/765/765
f 766/766/766 767/767/767 768/768/768
f 769/769/769 770/770/770 771/771/771
f 772/772/772 773/773/773 774/774/774
f 775/775/775 776/776/776 777/777/777
f 778/778/778 779/779/779 780/780/780
f 781/781/781 782/782/782 783/783/783
f 784/784/784 785/785/785 786/786/786
f 787/787/787 788/788/788 789/789/789
f 790/790/790 791/791/791 792/792/792
f 793/793/793 794/794/794 795/795/795
f 796/796/796 797/797/797 798/798/798
f 799/799/799 800/800/800 801/801/801
f 802/802/802 803/803/803 804/804/804
f 805/805/805 806/806/806 807/807/807
f 808/808/808 809/809/809 810/810/810
f 811/811/811 812/812/812 813/813/813
f 814/814/814 815/815/815 816/816/816
f 817/817/817 818/818/818 819/819/819
f 820/820/820 821/821/821 822/822/822
f 823/823/823 824/824/824 825/825/825
f 826/826/826 827/827/827 828/828/828
f 829/829/829 830/830/830 831/831/831
f 832/832/832 833/833/833 834/834/834
f 835/835/835 836/836/836 837/837/837
f 838/838/838 839/839/839 840/840/840
f 841/841/841 842/842/842 843/843/843
f 844/844/844 845/845/845 846/846/846
f 847/847/847 848/848/848 849/849/849
f 850/850/850 851/851/851 852/852/852
f 853/853/853 854/854/854 855/855/855
f 856/856/856 857/857/857 858/858/858
f 859/859/859 860/860/860 861/861/861
f 862/862/862 863/863/863 864/864/864
f 865/865/865 866/866/866 867/867/867
f 868/868/868 869/869/869 870/870/870
f 871/871/871 872/872/872 873/873/873
f 874/874/874 875/875/875 876/876/876
f 877/877/877 878/878/878 879/879/879
f 880/880/880 881/881/881 882/882/882
f 883/883/883 884/884/884 885/885/885
f 886/886/886 887/887/887 888/888/888
f 889/889/889 890/890/890 891/891/891
f 892/892/892 893/893/893 894/894/894
f 895/895/895 896/896/896 897/897/897
f 898/898/898 899/899/899 900/900/900
f 901/901/901 902/902/902 903/903/903
f 904/904/904 905/905/905 906/906/906
f 907/907/907 908/908/908 909/909/909
f 910/910/910 911/911/911 912/912/912
f 913/913/913 914/914/914 915/915/915
f 916/916/916 917/917/917 918/918/918
f 919/919/919 920/920/920 921/921/921
f 922/922/922 923/923/923 924/924/924
f 925/925/925 926/926/926 927/927/927
f 928/928/928 929/929/929 930/930/930
f 931/931/931 932/932/932 933/933/933
f 934/934/934 935/935/935 936/936/936
f 937/937/937 938/938/938 939/939/939
f 940/940/940 941/941/941 942/942/942
f 943/943/943 944/944/944 945/945/945
f 946/946/946 947/947/947 948/948/948
f 949/949/949 950/950/950 951/951/951
f 952/952/952 953/953/953 954/954/954
f 955/955/955 956/956/956 957/957/957
f 958/958/958 959/959/959 960/960/960
f 961/961/961 962/962/962 963/963/963
f 964/964/964 965/965/965 966/966/966
f 967/967/967 968/968/968 969/969/969
f 970/970/970 971/971/971 972/972/972
f 973/973/973 974/974/974 975/975/975
f 976/976/976 977/977/977 978/978/978
f 979/979/979 980/980/980 981/981/981
f 982/982/982 983/983/983 984/984/984
f 985/985/985 986/986/986 987/987/987
f 988/988/988 989/989/989 990/990/990
f 991/991/991 992/992/992 993/993/993
f 994/994/994 995/995/995 996/996/996
f 997/997/997 998/998/998 999/999/999
f 1000/1000/1000 1001/1001/1001 1002/1002/1002
f 1003/1003/1003 1004/1004/1004 1005/1005/1005
f 1006/1006/1006 1007/1007/1007 1008/1008/1008
f 1009/1009/1009 1010/1010/1010 1011/1011/1011
f 1012/1012/1012 1013/1013/1013 1014/1014/1014
f 1015/1015/1015 1016/1016/1016 1017/1017/1017
f 1018/1018/1018 1019/1019/1019 1020/1020/1020
f 1021/1021/1021 1022/1022/1022 1023/1023/1023
f 1024/1024/1024 1025/1025/1025 1026/1026/1026
f 1027/1027/1027 1028/1028/1028 1029/1029/1029
f 1030/1030/1030 1031/1031/1031 1032/1032/1032
f 1033/1033/1033 1034/1034/1034 1035/1035/1035
f 1036/1036/1036 1037/1037/1037 1038/1038/1038
f 1039/1039/1039 1040/1040/1040 1041/1041/1041
f 1042/1042/1042 1043/1043/1043 1044/1044/1044
f 1045/1045/1045 1046/1046/1046 1047/1047/1047
f 1048/1048/1048 1049/1049/1049 1050/1050/1050
f 1051/1051/1051 1052/1052/1052 1053/1053/1053
f 1054/1054/1054 1055/1055/1055 1056/1056/1056
f 1057/1057/1057 1058/1058/1058 1059/1059/1059
f 1060/1060/1060 1061/1061/1061 1062/1062/1062
f 1063/1063/1063 1064/1064/1064 1065/1065/1065
f 1066/1066/1066 1067/1067/1067 1068/1068/1068
f 1069/1069/1069 1070/1070/1070 1071/1071/1071
f 1072/1072/1072 1073/1073/1073 1074/1074/1074
f 1075/1075/1075 1076/1076/1076 1077/1077/1077
f 1078/1078/1078 1079/1079/1079 1080/1080/1080
f 1081/1081/1081 1082/1082/1082 1083/1083/1083
f 1084/1084/1084 1085/1085/1085 1086/1086/1086
f 1087/1087/1087 1088/1088/1088 1089/1089/1089
f 1090/1090/1090 1091/1091/1091 1092/1092/1092
f 1093/1093/1093 1094/1094/1094 1095/1095/1095
f 1096/1096/1096 1097/1097/1097 1098/1098/1098
f 1099/1099/1099 1100/1100/1100 1101/1101/1101
f 1102/1102/1102 1103/1103/1103 1104/1104/1104
f 1105/1105/1105 1106/1106/1106 1107/1107/1107
f 1108/1108/1108 1109/1109/1109 1110/1110/1110
f 1111/1111/1111 1112/1112/1112 1113/1113/1113
f 1114/1114/1114 1115/1115/1115 1116/1116/1116
f 1117/1117/1117 1118/1118/1118 1119/1119/1119
f 1120/1120/1120 1121/1121/1121 1122/1122/1122
f 1123/1123/1123 1124/1124/1124 1125/1125/1125
f 1126/1126/1126 1127/1127/1127 1128/1128/1128
f 1129/1129/1129 1130/1130/1130 1131/1131/1131
f 1132/1132/1132 1133/1133/1133 1134/1134/1134
f 1135/1135/1135 1136/1136/1136 1137/1137/1137
f 1138/1138/1138 1139/1139/1139 1140/1140/1140
f 1141/1141/1141 1142/1142/1142 1143/1143/1143
f 1144/1144/1144 1145/1145/1145 1146/1146/1146
f 1147/1147/1147 1148/1148/1148 1149/1149/1149
f 1150/1150/1150 1151/1151/1151 1152/1152/1152
f 1153/1153/1153 1154/1154/1154 1155/1155/1155
f 1156/1156/1156 1157/1157/1157 1158/1158/1158
f 1159/1159/1159 1160/1160/1160 1161/1161/1161
f 1162/1162/1162 1163/1163/1163 1164/1164/1164
f 1165/1165/1165 1166/1166/1166 1167/1167/1167
f 1168/1168/1168 1169/1169/1169 1170/1170/1170
f 1171/1171/1171 1172/1172/1172 1173/1173/1173
f 1174/1174/1174 1175/1175/1175 1176/1176/1176
f 1177/1177/1177 1178/1178/1178 1179/1179/1179
f 1180/1180/1180 1181/1181/1181 1182/1182/1182
f 1183/1183/1183 1184/1184/1184 1185/1185/1185
f 1186/1186/1186 1187/1187/1187 1188/1188/1188
f 1189/1189/1189 1190/1190/1190 1191/1191/1191
f 1192/1192/1192 1193/1193/1193 1194/1194/1194
f 1195/1195/1195 1196/1196/1196 1197/1197/1197
f 1198/1198/1198 1199/1199/1199 1200/1200/1200
f 1201/1201/1201 1202/1202/1202 1203/1203/1203
f 1204/1204/1204 1205/1205/1205 1206/1206/1206
f 1207/1207/1207 1208/1208/1208 1209/1209/1209
f 1210/1210/1210 1211/1211/1211 1212/1212/1212
f 1213/1213/1213 1214/1214/1214 1215/1215/1215
f 1216/1216/1216 1217/1217/1217 1218/1218/1218
f 1219/1219/1219 1220/1220/1220 1221/1221/1221
f 1222/1222/1222 1223/1223/1223 1224/1224/1224
usemtl sniper_effect
f 1225/1225/1225 1226/1226/1226 1227/1227/1227
f 1228/1228/1228 1229/1229/1229 1230/1230/1230
