# Generated by tools/yaml_mesh_converter/split_reload_parts.py
mtllib gun30.mtl
o gun30_body
v 0.189888701 0.22442609 1.25210921
vt 0.246162996 0.781794012
vn 0.976543209 0.215321531 2.411457e-08
v 0.189888686 0.22442609 1.52636897
vt 0.35512501 0.781794012
vn 0.420460219 0.907310974 -1.80357246e-09
v 0.189888686 0.150700569 1.52636897
vt 0.35512501 0.751650989
vn 1 -2.24044883e-08 4.83095973e-08
v 0.189888701 0.22442609 1.25210921
vt 0.246162996 0.781794012
vn 0.976543209 0.215321531 2.411457e-08
v 0.189888686 0.150700569 1.52636897
vt 0.35512501 0.751650989
vn 1 -2.24044883e-08 4.83095973e-08
v 0.189888686 0.122684881 1.47918456
vt 0.336378992 0.74019599
vn 0.985431365 -0.146238648 0.0868290431
v 0.189888686 0.22442609 1.52636897
vt 0.35512501 0.781794012
vn 0.420460219 0.907310974 -1.80357246e-09
v 0.189888701 0.22442609 1.25210921
vt 0.246162996 0.781794012
vn 0.976543209 0.215321531 2.411457e-08
v 0.11034257 0.224426075 1.25210921
vt 0.241420999 0.803530991
vn -9.36636538e-08 1 -2.71661479e-08
v 0.189888686 0.22442609 1.52636897
vt 0.35512501 0.781794012
vn 0.420460219 0.907310974 -1.80357246e-09
v 0.11034257 0.224426075 1.25210921
vt 0.241420999 0.803530991
vn -9.36636538e-08 1 -2.71661479e-08
v 0.11034257 0.22442609 1.52636897
vt 0.381534994 0.803530991
vn 0 1 -5.4332291e-08
v 0.189888701 0.22442609 1.25210921
vt 0.246162996 0.781794012
vn 0.976543209 0.215321531 2.411457e-08
v 0.189888686 0.122684881 1.47918456
vt 0.336378992 0.74019599
vn 0.985431365 -0.146238648 0.0868290431
v 0.189888686 0.0604603807 1.47918456
vt 0.336378992 0.714754999
vn 0.933638827 -0.358215775 1.28134399e-08
v 0.189888701 0.22442609 1.25210921
vt 0.246162996 0.781794012
vn 0.976543209 0.215321531 2.411457e-08
v 0.189888686 0.0604603807 1.47918456
vt 0.336378992 0.714754999
vn 0.933638827 -0.358215775 1.28134399e-08
v 0.189888686 0.0604603807 1.15331684
vt 0.206912994 0.714754999
vn 0.717692102 -0.696360572 5.97350867e-16
v 0.189888686 0.0604603807 1.15331684
vt 0.206912994 0.714754999
vn 0.717692102 -0.696360572 5.97350867e-16
v 0.189888686 0.0604603807 1.47918456
vt 0.336378992 0.714754999
vn 0.933638827 -0.358215775 1.28134399e-08
v 0.110342555 0.0604603732 1.47918456
vt 0.360237986 0.693018019
vn 9.36636494e-08 -1 8.5781844e-16
v 0.189888686 0.0604603807 1.15331684
vt 0.206912994 0.714754999
vn 0.717692102 -0.696360572 5.97350867e-16
v 0.110342555 0.0604603732 1.47918456
vt 0.360237986 0.693018019
vn 9.36636494e-08 -1 8.5781844e-16
v 0.110342562 0.0604603732 1.15331684
vt 0.196831003 0.693018019
vn 9.36636538e-08 -1 1.92857288e-15
v 0.189888686 0.122684881 1.47918456
vt 0.336378992 0.74019599
vn 0.985431365 -0.146238648 0.0868290431
v 0.110342562 0.150700554 1.52636897
vt 0.381534994 0.752110004
vn 8.26355554e-08 -0.588172338 0.808735618
v 0.110342562 0.122684873 1.47918456
vt 0.360237986 0.739096999
vn 2.76910465e-08 -0.295643458 0.955298354
v 0.189888686 0.0604603807 1.47918456
vt 0.336378992 0.714754999
vn 0 0 1
v 0.189888686 0.122684881 1.47918456
vt 0.336378992 0.74019599
vn 8.6799524e-08 -0.463357559 0.886171412
v 0.110342562 0.122684873 1.47918456
vt 0.360237986 0.739096999
vn 2.76910465e-08 -0.295643458 0.955298354
v 0.189888686 0.0604603807 1.47918456
vt 0.336378992 0.714754999
vn 0 0 1
v 0.110342562 0.122684873 1.47918456
vt 0.360237986 0.739096999
vn 2.76910465e-08 -0.295643458 0.955298354
v 0.110342555 0.0604603732 1.47918456
vt 0.360237986 0.693018019
vn 0 0 1
v 0.189888686 0.122684881 1.47918456
vt 0.336378992 0.74019599
vn 8.6799524e-08 -0.463357559 0.886171412
v 0.189888686 0.150700569 1.52636897
vt 0.35512501 0.751650989
vn 4.86456836e-08 -0.259682821 0.965693964
v 0.110342562 0.150700554 1.52636897
vt 0.381534994 0.752110004
vn 8.26355554e-08 -0.588172338 0.808735618
v 0.189888686 0.150700569 1.52636897
vt 0.35512501 0.751650989
vn 4.86456836e-08 -0.259682821 0.965693964
v 0.11034257 0.22442609 1.52636897
vt 0.381534994 0.803530991
vn 0 0 1
v 0.110342562 0.150700554 1.52636897
vt 0.381534994 0.752110004
vn 8.26355554e-08 -0.588172338 0.808735618
v 0.189888686 0.150700569 1.52636897
vt 0.35512501 0.751650989
vn 4.86456836e-08 -0.259682821 0.965693964
v 0.189888686 0.22442609 1.52636897
vt 0.35512501 0.781794012
vn 0 0 1
v 0.11034257 0.22442609 1.52636897
vt 0.381534994 0.803530991
vn 0 0 1
v 0.110342555 0.0604603732 1.47918456
vt 0.360237986 0.693018019
vn -1 1.22376297e-07 -2.33677754e-08
v 0.110342562 0.122684873 1.47918456
vt 0.336378992 0.714754999
vn -1 1.19737091e-07 -2.39969724e-08
v 0.11034257 0.128071874 1.19558392
vt 0.206912994 0.714754999
vn -1 1.22376297e-07 -2.33677754e-08
v 0.110342555 0.0604603732 1.47918456
vt 0.360237986 0.693018019
vn -1 1.22376297e-07 -2.33677754e-08
v 0.11034257 0.128071874 1.19558392
vt 0.206912994 0.714754999
vn -1 1.22376297e-07 -2.33677754e-08
v 0.110342562 0.0604603732 1.15331684
vt 0.196831003 0.693018019
vn -1 1.24490175e-07 -2.28638186e-08
v 0.0645708442 -0.159558952 2.60075019
vt 0.936007977 0.750756025
vn 0 -0.998072532 0.0620582069
v 0.0120875221 -0.159558952 2.60075019
vt 0.929310024 0.76354301
vn -0.75630469 -0.642456309 0.123503472
v 0.0120875239 -0.159558952 2.49417208
vt 0.879966974 0.76354301
vn -0.732776472 -0.680468921 0.00083089713
v 0.0645708442 -0.159558952 2.60075019
vt 0.936007977 0.750756025
vn 0 -0.998072532 0.0620582069
v 0.0120875239 -0.159558952 2.49417208
vt 0.879966974 0.76354301
vn -0.732776472 -0.680468921 0.00083089713
v 0.0645708516 -0.159558952 2.49417208
vt 0.879966974 0.750756025
vn 0 -1 -2.60424727e-16
v 0.0120875221 -0.159558952 2.60075019
vt 0.929310024 0.76354301
vn -0.75630469 -0.642456309 0.123503472
v 0.0645708442 -0.159558952 2.60075019
vt 0.936007977 0.750756025
vn 0 -0.998072532 0.0620582069
v 0.0561999083 -0.145052851 2.62089334
vt 0.956295013 0.770595014
vn 0 -0.151753228 0.988418412
v -0.0102585405 -0.0675969576 2.62089334
vt 0.938636005 0.808251023
vn -0.971373669 -0.237554165 0.00110144311
v 0.0120875239 -0.159558952 2.49417208
vt 0.879966974 0.76354301
vn -0.732776472 -0.680468921 0.00083089713
v 0.0120875221 -0.159558952 2.60075019
vt 0.929310024 0.76354301
vn -0.75630469 -0.642456309 0.123503472
v -0.0102585405 -0.0675969576 2.62089334
vt 0.938636005 0.808251023
vn -0.971373669 -0.237554165 0.00110144311
v -0.0108963661 -0.065801934 2.55211077
vt 0.906790972 0.809123993
vn -0.97084467 -0.239693717 0.00274740636
v 0.0120875239 -0.159558952 2.49417208
vt 0.879966974 0.76354301
vn -0.732776472 -0.680468921 0.00083089713
v 0.0561999083 -0.145052851 2.62089334
vt 0.956295013 0.770595014
vn 0 -0.151753228 0.988418412
v 0.0869169235 -0.0675969576 2.62089334
vt 0.962993026 0.808251977
vn 0 0 1
v -0.0102585405 -0.0675969576 2.62089334
vt 0.938636005 0.808251023
vn 0 0 1
v 0.0561999083 -0.145052851 2.62089334
vt 0.956295013 0.770595014
vn 0 -0.151753228 0.988418412
v -0.0102585405 -0.0675969576 2.62089334
vt 0.938636005 0.808251023
vn 0 0 1
v 0.0204584617 -0.145052851 2.62089334
vt 0.938636005 0.770595014
vn -0.322409742 -0.276632938 0.90527685
v 0.0120875221 -0.159558952 2.60075019
vt 0.929310024 0.76354301
vn -0.75630469 -0.642456309 0.123503472
v 0.0204584617 -0.145052851 2.62089334
vt 0.938636005 0.770595014
vn -0.322409742 -0.276632938 0.90527685
v -0.0102585405 -0.0675969576 2.62089334
vt 0.938636005 0.808251023
vn -0.778757587 -0.3088351 0.546038003
v 0.0120875221 -0.159558952 2.60075019
vt 0.929310024 0.76354301
vn 0 -0.811476405 0.584385185
v 0.0561999083 -0.145052851 2.62089334
vt 0.956295013 0.770595014
vn 0 -0.151753228 0.988418412
v 0.0204584617 -0.145052851 2.62089334
vt 0.938636005 0.770595014
vn -0.322409742 -0.276632938 0.90527685
v 0.0645708442 -0.159558952 2.60075019
vt 0.929310024 0.76354301
vn 0.96659432 -0.249182941 0.0600273492
v 0.0869169235 -0.0675969576 2.62089334
vt 0.938636005 0.808251023
vn 0.955783841 -0.261649187 0.134227242
v 0.0561999083 -0.145052851 2.62089334
vt 0.938636005 0.770595014
vn 0.778757577 -0.308835227 0.546037946
v 0.0875547305 -0.065801934 2.55211077
vt 0.906790972 0.809123993
vn 0.971373668 -0.237554172 0.00110139144
v 0.0869169235 -0.0675969576 2.62089334
vt 0.938636005 0.808251023
vn 0.955783841 -0.261649187 0.134227242
v 0.0645708442 -0.159558952 2.60075019
vt 0.929310024 0.76354301
vn 0.96659432 -0.249182941 0.0600273492
v 0.0875547305 -0.065801934 2.55211077
vt 0.906790972 0.809123993
vn 0.971373668 -0.237554172 0.00110139144
v 0.0645708442 -0.159558952 2.60075019
vt 0.929310024 0.76354301
vn 0.96659432 -0.249182941 0.0600273492
v 0.0645708516 -0.159558952 2.49417208
vt 0.879966974 0.76354301
vn 0.971242285 -0.238093311 6.7896858e-08
v 0.0565185286 0.476357281 1.8563082
vt 0.0383110009 0.646996975
vn 0.733345864 0.679855752 3.77430241e-16
v 0.0279029012 0.476357281 1.8563082
vt 0.0383110009 0.65942198
vn 0 1 5.53688482e-16
v 0.0279029012 0.476357281 1.95656521
vt 0.0815989971 0.65942198
vn 0 1 5.53688482e-16
v 0.0565185286 0.476357281 1.8563082
vt 0.0383110009 0.646996975
vn 0.733345864 0.679855752 3.77430241e-16
v 0.0279029012 0.476357281 1.95656521
vt 0.0815989971 0.65942198
vn 0 1 5.53688482e-16
v 0.0565185286 0.476357281 1.95656521
vt 0.0815989971 0.646996975
vn 0.733345864 0.679855752 3.78432182e-16
v 0.0738520473 0.426792919 1.95656521
vt 0.0815989971 0.623328984
vn 0.943941508 0.330112752 1.84069299e-16
v 0.0565185286 0.476357281 1.8563082
vt 0.0383110009 0.646996975
vn 0.733345864 0.679855752 3.77430241e-16
v 0.0565185286 0.476357281 1.95656521
vt 0.0815989971 0.646996975
vn 0.733345864 0.679855752 3.78432182e-16
v 0.0738520473 0.426792919 1.95656521
vt 0.0815989971 0.623328984
vn 0.943941508 0.330112752 1.84069299e-16
v 0.0738520473 0.426792919 1.8563082
vt 0.0383110009 0.623328984
vn 0.943941508 0.330112752 1.82779628e-16
v 0.0565185286 0.476357281 1.8563082
vt 0.0383110009 0.646996975
vn 0.733345864 0.679855752 3.77430241e-16
v 0.0105693787 0.426792919 1.8563082
vt 0.0383110009 0.623328984
vn -0.943941486 0.330112815 1.84069314e-16
v 0.0105693787 0.426792919 1.95656521
vt 0.0815989971 0.623328984
vn -0.943941486 0.330112815 1.82779663e-16
v 0.0279029012 0.476357281 1.95656521
vt 0.0815989971 0.646996975
vn -0.943941486 0.330112815 1.84069314e-16
v 0.0105693787 0.426792919 1.8563082
vt 0.0383110009 0.623328984
vn -0.943941486 0.330112815 1.84069314e-16
v 0.0279029012 0.476357281 1.95656521
vt 0.0815989971 0.646996975
vn -0.943941486 0.330112815 1.84069314e-16
v 0.0279029012 0.476357281 1.8563082
vt 0.0383110009 0.646996975
vn -0.943941486 0.330112815 1.85358965e-16
v 0.0565185286 0.476357281 1.8563082
vt 0.0383110009 0.646996975
vn 0 0 -1
v 0.0738520473 0.426792919 1.8563082
vt 0.0383110009 0.623328984
vn 0 0 -1
v 0.0105693787 0.426792919 1.8563082
vt 0.0261359997 0.623328984
vn 0 0 -1
v 0.0565185286 0.476357281 1.8563082
vt 0.0383110009 0.646996975
vn 0 0 -1
v 0.0105693787 0.426792919 1.8563082
vt 0.0261359997 0.623328984
vn 0 0 -1
v 0.0279029012 0.476357281 1.8563082
vt 0.0261359997 0.646996975
vn 0 0 -1
v 0.0179476477 0.406538069 1.59448608
vt 0.401457012 0.558830976
vn -0.608229565 0.793761171 -1.43942935e-08
v 0.0179476459 0.406538069 1.69474273
vt 0.43829 0.558830976
vn -0.570318668 0.821423531 -1.05958182e-08
v 0.0664737821 0.406538069 1.69474273
vt 0.43829 0.576846004
vn 0.608229495 0.793761225 1.91923901e-08
v 0.0179476477 0.406538069 1.59448608
vt 0.401457012 0.558830976
vn -0.608229565 0.793761171 -1.43942935e-08
v 0.0664737821 0.406538069 1.69474273
vt 0.43829 0.576846004
vn 0.608229495 0.793761225 1.91923901e-08
v 0.0664737821 0.406538069 1.59448608
vt 0.401457012 0.576846004
vn 0.570318595 0.821423582 4.65644263e-16
v 0.095868364 0.352437317 1.55888169
vt 0.388375998 0.600767016
vn 0.878679051 0.47741295 2.77262958e-08
v 0.0664737821 0.406538069 1.59448608
vt 0.401457012 0.576846004
vn 0.570318595 0.821423582 4.65644263e-16
v 0.0664737821 0.406538069 1.69474273
vt 0.43829 0.576846004
vn 0.608229495 0.793761225 1.91923901e-08
v 0.095868364 0.352437317 1.55888169
vt 0.388375998 0.600767016
vn 0.878679051 0.47741295 2.77262958e-08
v 0.0664737821 0.406538069 1.69474273
vt 0.43829 0.576846004
vn 0.608229495 0.793761225 1.91923901e-08
v 0.0958683565 0.352437317 1.69474273
vt 0.43829 0.600767016
vn 0.878679073 0.477412911 4.8186507e-08
v -0.0114469193 0.352437317 1.69474273
vt 0.43829 0.534910023
vn -0.87867914 0.477412788 -2.07947235e-08
v 0.0179476459 0.406538069 1.69474273
vt 0.43829 0.558830976
vn -0.570318668 0.821423531 -1.05958182e-08
v 0.0179476477 0.406538069 1.59448608
vt 0.401457012 0.558830976
vn -0.608229565 0.793761171 -1.43942935e-08
v -0.0114469193 0.352437317 1.69474273
vt 0.43829 0.534910023
vn -0.87867914 0.477412788 -2.07947235e-08
v 0.0179476477 0.406538069 1.59448608
vt 0.401457012 0.558830976
vn -0.608229565 0.793761171 -1.43942935e-08
v -0.0114469156 0.352437317 1.55888169
vt 0.388375998 0.534910023
vn -0.878679142 0.477412783 -2.40932551e-08
v 0.106411867 0.0558806131 2.26907937
vt 0.926859975 0.960359991
vn 1 -7.61207102e-08 1.63842586e-08
v 0.106411859 0.0558806131 2.6978849
vt 0.755535007 0.960560024
vn 1 -6.92602437e-08 1.73751971e-08
v 0.106411852 -0.0699341452 2.62517319
vt 0.783128977 0.911732018
vn 1 -7.61044532e-08 1.4957007e-08
v 0.106411867 0.0558806131 2.26907937
vt 0.926859975 0.960359991
vn 1 -7.61207102e-08 1.63842586e-08
v 0.106411852 -0.0699341452 2.62517319
vt 0.783128977 0.911732018
vn 1 -7.61044532e-08 1.4957007e-08
v 0.106411852 -0.0699341452 2.5558456
vt 0.809695005 0.911701024
vn 1 -7.24339251e-08 2.06333194e-08
v 0.106411867 0.0558806131 2.26907937
vt 0.926859975 0.960359991
vn 1 -7.61207102e-08 1.63842586e-08
v 0.106411852 -0.0699341452 2.5558456
vt 0.809695005 0.911701024
vn 1 -7.24339251e-08 2.06333194e-08
v 0.106411859 -0.0583381658 2.20189212
vt 0.953913987 0.914243996
vn 1 -6.31501722e-08 1.89807217e-08
v 0.106411852 -0.0699341452 2.5558456
vt 0.809695005 0.911701024
vn 1 -7.24339251e-08 2.06333194e-08
v 0.106411852 -0.179275483 2.271767
vt 0.925665021 0.865481973
vn 1 -6.40486061e-08 2.46521926e-08
v 0.106411859 -0.0583381658 2.20189212
vt 0.953913987 0.914243996
vn 1 -6.31501722e-08 1.89807217e-08
v 0.106411852 -0.0699341452 2.5558456
vt 0.809695005 0.911701024
vn 1 -7.24339251e-08 2.06333194e-08
v 0.106411844 -0.179275483 2.49214194
vt 0.836749017 0.865585983
vn 1 -8.78379188e-08 3.3808656e-08
v 0.106411852 -0.179275483 2.271767
vt 0.925665021 0.865481973
vn 1 -6.40486061e-08 2.46521926e-08
v -0.0322602615 0.0558806056 2.26907937
vt 0.926841021 0.960355997
vn -0.827139985 0.547662172 -0.126117368
v -0.0322602689 -0.0583381658 2.20189212
vt 0.953894973 0.914240003
vn -0.905139312 -0.0848828559 -0.416554589
v -0.0322602764 -0.0699341601 2.5558456
vt 0.809675992 0.911697984
vn -0.941815062 -0.295722633 0.159788962
v -0.0322602615 0.0558806056 2.26907937
vt 0.926841021 0.960355997
vn -0.827139985 0.547662172 -0.126117368
v -0.0322602764 -0.0699341601 2.5558456
vt 0.809675992 0.911697984
vn -0.941815062 -0.295722633 0.159788962
v -0.0322602764 -0.0699341601 2.62517319
vt 0.783110023 0.911728978
vn -0.806930735 -0.383427766 0.449272677
v -0.0322602764 -0.0699341601 2.5558456
vt 0.809675992 0.911697984
vn -0.941815062 -0.295722633 0.159788962
v 0.106411852 -0.0699341452 2.62517319
vt 0.754980981 0.898702979
vn 9.23360144e-08 -0.859290862 0.511487258
v -0.0322602764 -0.0699341601 2.62517319
vt 0.783110023 0.911728978
vn -0.806930735 -0.383427766 0.449272677
v -0.0322602764 -0.0699341601 2.5558456
vt 0.809675992 0.911697984
vn -0.941815062 -0.295722633 0.159788962
v 0.106411852 -0.0699341452 2.5558456
vt 0.798094988 0.898663998
vn 4.85969996e-08 -0.668815418 0.743428501
v 0.106411852 -0.0699341452 2.62517319
vt 0.754980981 0.898702979
vn 9.23360144e-08 -0.859290862 0.511487258
v -0.0322602838 -0.179275483 2.49214194
vt 0.836731017 0.865581989
vn -0.757445818 -0.552712418 0.347541099
v 0.106411852 -0.0699341452 2.5558456
vt 0.798094988 0.898663998
vn 4.85969996e-08 -0.668815418 0.743428501
v -0.0322602764 -0.0699341601 2.5558456
vt 0.809675992 0.911697984
vn -0.941815062 -0.295722633 0.159788962
v -0.0322602689 -0.0583381658 2.20189212
vt 0.953894973 0.914240003
vn -0.905139312 -0.0848828559 -0.416554589
v -0.0322602838 -0.179275483 2.49214194
vt 0.836731017 0.865581989
vn -0.757445818 -0.552712418 0.347541099
v -0.0322602764 -0.0699341601 2.5558456
vt 0.809675992 0.911697984
vn -0.941815062 -0.295722633 0.159788962
v -0.0322602838 -0.179275483 2.49214194
vt 0.836731017 0.865581989
vn -0.757445818 -0.552712418 0.347541099
v 0.106411844 -0.179275483 2.49214194
vt 0.832108021 0.837517023
vn 0 -0.977305868 0.211833049
v 0.106411852 -0.0699341452 2.5558456
vt 0.798094988 0.898663998
vn 4.85969996e-08 -0.668815418 0.743428501
v -0.0322602764 -0.179275483 2.271767
vt 0.925646007 0.865477979
vn -0.343911528 -0.913724438 -0.216408207
v 0.106411844 -0.179275483 2.49214194
vt 0.832108021 0.837517023
vn 0 -0.977305868 0.211833049
v -0.0322602838 -0.179275483 2.49214194
vt 0.836731017 0.865581989
vn -0.757445818 -0.552712418 0.347541099
v -0.0322602689 -0.0583381658 2.20189212
vt 0.953894973 0.914240003
vn -0.905139312 -0.0848828559 -0.416554589
v -0.0322602764 -0.179275483 2.271767
vt 0.925646007 0.865477979
vn -0.343911528 -0.913724438 -0.216408207
v -0.0322602838 -0.179275483 2.49214194
vt 0.836731017 0.865581989
vn -0.757445818 -0.552712418 0.347541099
v -0.0322602689 -0.0583381658 2.20189212
vt 0.953894973 0.914240003
vn -0.905139312 -0.0848828559 -0.416554589
v 0.106411852 -0.179275483 2.271767
vt 0.943890989 0.837386012
vn 0 -0.500277534 -0.86586511
v -0.0322602764 -0.179275483 2.271767
vt 0.925646007 0.865477979
vn -0.343911528 -0.913724438 -0.216408207
v -0.0322602764 -0.179275483 2.271767
vt 0.925646007 0.865477979
vn -0.343911528 -0.913724438 -0.216408207
v 0.106411852 -0.179275483 2.271767
vt 0.943890989 0.837386012
vn 0 -1 -2.51894116e-16
v 0.106411844 -0.179275483 2.49214194
vt 0.832108021 0.837517023
vn 0 -0.977305868 0.211833049
v -0.0322602764 -0.0699341601 2.62517319
vt 0.783110023 0.911728978
vn -0.806930735 -0.383427766 0.449272677
v 0.106411852 -0.0699341452 2.62517319
vt 0.754980981 0.898702979
vn 9.23360144e-08 -0.859290862 0.511487258
v 0.106411859 0.0558806131 2.6978849
vt 0.728583992 0.955700994
vn 4.03261852e-08 -0.500374242 0.865809227
v -0.0322602764 -0.0699341601 2.62517319
vt 0.783110023 0.911728978
vn -0.806930735 -0.383427766 0.449272677
v 0.106411859 0.0558806131 2.6978849
vt 0.728583992 0.955700994
vn 4.03261852e-08 -0.500374242 0.865809227
v -0.0322602689 0.0558806056 2.6978849
vt 0.755515993 0.960555971
vn -0.439593645 0.88687525 0.142160892
v -0.0322602615 0.0558806056 2.26907937
vt 0.926841021 0.960355997
vn -0.827139985 0.547662172 -0.126117368
v -0.0322602764 -0.0699341601 2.62517319
vt 0.783110023 0.911728978
vn -0.806930735 -0.383427766 0.449272677
v -0.0322602689 0.0558806056 2.6978849
vt 0.755515993 0.960555971
vn -0.439593645 0.88687525 0.142160892
v -0.0322602689 0.0558806056 2.6978849
vt 0.755515993 0.960555971
vn -0.439593645 0.88687525 0.142160892
v 0.106411867 0.0558806131 2.26907937
vt 0.945393026 0.992796004
vn -5.33228805e-08 0.99245921 -0.122575353
v -0.0322602615 0.0558806056 2.26907937
vt 0.926841021 0.960355997
vn -0.827139985 0.547662172 -0.126117368
v -0.0322602615 0.0558806056 2.26907937
vt 0.926841021 0.960355997
vn -0.827139985 0.547662172 -0.126117368
v 0.106411867 0.0558806131 2.26907937
vt 0.945393026 0.992796004
vn -5.33228805e-08 0.99245921 -0.122575353
v 0.106411859 -0.0583381658 2.20189212
vt 0.987578988 0.914555013
vn -1.01605812e-08 0.181546502 -0.983382361
v -0.0322602615 0.0558806056 2.26907937
vt 0.926841021 0.960355997
vn 0 0.507018652 -0.861935082
v 0.106411859 -0.0583381658 2.20189212
vt 0.987578988 0.914555013
vn -1.01605812e-08 0.181546502 -0.983382361
v -0.0322602689 -0.0583381658 2.20189212
vt 0.953894973 0.914240003
vn -0.905139312 -0.0848828559 -0.416554589
v -0.0322602689 -0.0583381658 2.20189212
vt 0.953894973 0.914240003
vn -0.905139312 -0.0848828559 -0.416554589
v 0.106411859 -0.0583381658 2.20189212
vt 0.987578988 0.914555013
vn -1.01605812e-08 0.181546502 -0.983382361
v 0.106411852 -0.179275483 2.271767
vt 0.943890989 0.837386012
vn 0 -0.500277534 -0.86586511
v -0.0322602689 0.0558806056 2.6978849
vt 0.755515993 0.960555971
vn -0.439593645 0.88687525 0.142160892
v 0.106411859 0.0558806131 2.6978849
vt 0.755515993 0.992796004
vn -5.37280324e-08 1 -7.06988365e-16
v 0.106411867 0.0558806131 2.26907937
vt 0.945393026 0.992796004
vn -5.33228805e-08 0.99245921 -0.122575353
v 0.072884813 0.49157989 1.94864244
vt 0.647704005 0.81231302
vn 0.52992638 0.84804365 0
v 0.0422108769 0.50177735 1.96407713
vt 0.65378499 0.821372986
vn 0.268240081 0.958152713 -0.0999531759
v 0.0422108769 0.50177735 2.12871466
vt 0.718659997 0.821372986
vn 0.315470773 0.948935293 0
v 0.072884813 0.49157989 1.94864244
vt 0.647704005 0.81231302
vn 0.52992638 0.84804365 0
v 0.0422108769 0.50177735 2.12871466
vt 0.718659997 0.821372986
vn 0.315470773 0.948935293 0
v 0.072884813 0.49157989 2.12871466
vt 0.718659997 0.81231302
vn 0.662124641 0.749392177 0.00152471417
v 0.1086758 0.452043443 1.94864244
vt 0.647704005 0.793870986
vn 0.650673606 0.736718534 -0.184037116
v 0.072884813 0.49157989 1.94864244
vt 0.647704005 0.81231302
vn 0.52992638 0.84804365 0
v 0.072884813 0.49157989 2.12871466
vt 0.718659997 0.81231302
vn 0.662124641 0.749392177 0.00152471417
v 0.1086758 0.452043443 1.94864244
vt 0.647704005 0.793870986
vn 0.650673606 0.736718534 -0.184037116
v 0.072884813 0.49157989 2.12871466
vt 0.718659997 0.81231302
vn 0.662124641 0.749392177 0.00152471417
v 0.108809806 0.450847297 2.12871466
vt 0.718659997 0.793362021
vn 0.952282197 0.305216118 0.00131860928
v 0.110792443 0.433178543 1.92291764
vt 0.637566984 0.785858989
vn 0.663241194 0.74795408 -0.0259963922
v 0.1086758 0.452043443 1.94864244
vt 0.647704005 0.793870986
vn 0.650673606 0.736718534 -0.184037116
v 0.108809806 0.450847297 2.12871466
vt 0.718659997 0.793362021
vn 0.952282197 0.305216118 0.00131860928
v 0.110792443 0.433178543 1.92291764
vt 0.637566984 0.785858989
vn 0.663241194 0.74795408 -0.0259963922
v 0.108809806 0.450847297 2.12871466
vt 0.718659997 0.793362021
vn 0.952282197 0.305216118 0.00131860928
v 0.117719464 0.371439516 2.12871466
vt 0.718659997 0.759639025
vn 0.981132122 0.193338458 1.39786324e-07
v 0.118873976 0.361149847 1.66738678
vt 0.536876023 0.755268991
vn 0.884429376 0.466424757 -0.0152520613
v 0.110792443 0.433178543 1.92291764
vt 0.637566984 0.785858989
vn 0.663241194 0.74795408 -0.0259963922
v 0.117719464 0.371439516 2.12871466
vt 0.718659997 0.759639025
vn 0.981132122 0.193338458 1.39786324e-07
v 0.118873976 0.361149847 1.66738678
vt 0.536876023 0.755268991
vn 0.884429376 0.466424757 -0.0152520613
v 0.115602821 0.390304088 1.69139659
vt 0.546337008 0.767651021
vn 0.666326857 0.381616336 -0.640607127
v 0.110792443 0.433178543 1.92291764
vt 0.637566984 0.785858989
vn 0.663241194 0.74795408 -0.0259963922
v 0.115602821 0.390304088 1.69139659
vt 0.546337008 0.767651021
vn 0.666326857 0.381616336 -0.640607127
v 0.110792443 0.433178543 1.69139659
vt 0.546337008 0.785858989
vn 0.289093783 0.957300781 2.29646417e-16
v 0.110792443 0.433178543 1.92291764
vt 0.637566984 0.785858989
vn 0.663241194 0.74795408 -0.0259963922
v 0.115602821 0.390304088 1.69139659
vt 0.546337008 0.767651021
vn 0.666326857 0.381616336 -0.640607127
v 0.118873976 0.361149847 1.66738678
vt 0.536876023 0.755268991
vn 0.884429376 0.466424757 -0.0152520613
v -0.0344525278 0.361149847 1.66738678
vt 0.529082 0.781089008
vn -7.26265965e-09 0.989244616 -0.146270604
v 0.118873976 0.361149847 1.66738678
vt 0.536876023 0.755268991
vn 0.884429376 0.466424757 -0.0152520613
v -0.0344525278 0.361149847 1.32844831
vt 0.403319001 0.781089008
vn 0 1 3.27558866e-16
v -0.0344525278 0.361149847 1.66738678
vt 0.529082 0.781089008
vn -7.26265965e-09 0.989244616 -0.146270604
v 0.118873976 0.361149847 1.66738678
vt 0.536876023 0.755268991
vn 0.884429376 0.466424757 -0.0152520613
v 0.118873976 0.361149847 1.32844831
vt 0.403319001 0.755268991
vn 0.947469018 0.319704974 -0.00954932566
v -0.0344525278 0.361149847 1.32844831
vt 0.403319001 0.781089008
vn 0 1 3.27558866e-16
v 0.118873976 0.361149847 1.32844831
vt 0.403319001 0.755268991
vn 0.947469018 0.319704974 -0.00954932566
v 0.118873976 0.361149847 1.66738678
vt 0.536876023 0.755268991
vn 0.884429376 0.466424757 -0.0152520613
v 0.136370644 0.205206587 1.62180573
vt 0.518914998 0.689041972
vn 0.651623764 -0.755614365 0.0665837892
v 0.118873976 0.361149847 1.32844831
vt 0.403319001 0.755268991
vn 0.947469018 0.319704974 -0.00954932566
v 0.136370644 0.205206587 1.62180573
vt 0.518914998 0.689041972
vn 0.651623764 -0.755614365 0.0665837892
v 0.136370644 0.0936142722 1.56728821
vt 0.497433007 0.641650021
vn 0.83632138 -0.493915472 0.237937083
v 0.118873976 0.361149847 1.32844831
vt 0.403319001 0.755268991
vn 0.947469018 0.319704974 -0.00954932566
v 0.136370644 0.0936142722 1.56728821
vt 0.497433007 0.641650021
vn 0.83632138 -0.493915472 0.237937083
v 0.136370644 0.0936142722 1.19488878
vt 0.350690991 0.641650021
vn 0.597393223 -0.801948463 -1.77645827e-16
v 0.115602821 0.390304088 1.69139659
vt 0.546337008 0.767651021
vn 0.666326857 0.381616336 -0.640607127
v -0.0344525278 0.361149847 1.66738678
vt 0.529082 0.781089008
vn -7.26265965e-09 0.989244616 -0.146270604
v -0.0311813727 0.390304088 1.6913966
vt 0.536149979 0.790221989
vn -1.01754437e-07 0.209444795 -0.977820473
v 0.110792443 0.433178543 1.69139659
vt 0.546337008 0.785858989
vn -1.04957106e-07 -9.11954878e-15 -1
v 0.115602821 0.390304088 1.69139659
vt 0.546337008 0.767651021
vn 0.666326857 0.381616336 -0.640607127
v -0.0311813727 0.390304088 1.6913966
vt 0.536149979 0.790221989
vn -1.01754437e-07 0.209444795 -0.977820473
v 0.110792443 0.433178543 1.69139659
vt 0.546337008 0.785858989
vn -1.04957106e-07 -9.11954878e-15 -1
v -0.0311813727 0.390304088 1.6913966
vt 0.536149979 0.790221989
vn -1.01754437e-07 0.209444795 -0.977820473
v -0.0263710022 0.433178543 1.6913966
vt 0.544247985 0.810858011
vn -1.08637991e-07 1.21888193e-08 -1
v 0.110792443 0.433178543 1.92291764
vt 0.637566984 0.785858989
vn 0.663241194 0.74795408 -0.0259963922
v 0.110792443 0.433178543 1.69139659
vt 0.546337008 0.785858989
vn 0.289093783 0.957300781 2.29646417e-16
v -0.0263710022 0.433178543 1.6913966
vt 0.544247985 0.810858011
vn 1.3023913e-23 1 2.39767191e-16
v 0.110792443 0.433178543 1.92291764
vt 0.637566984 0.785858989
vn 0.663241194 0.74795408 -0.0259963922
v -0.0263710022 0.433178543 1.6913966
vt 0.544247985 0.810858011
vn 1.3023913e-23 1 2.39767191e-16
v -0.0263710022 0.433178543 1.92291764
vt 0.629773021 0.810858011
vn 0 0.991445631 -0.130520343
v 0.1086758 0.452043443 1.94864244
vt 0.647704005 0.793870986
vn 0.650673606 0.736718534 -0.184037116
v 0.110792443 0.433178543 1.92291764
vt 0.637566984 0.785858989
vn 0.663241194 0.74795408 -0.0259963922
v -0.0263710022 0.433178543 1.92291764
vt 0.629773021 0.810858011
vn 0 0.991445631 -0.130520343
v 0.1086758 0.452043443 1.94864244
vt 0.647704005 0.793870986
vn 0.650673606 0.736718534 -0.184037116
v -0.0263710022 0.433178543 1.92291764
vt 0.629773021 0.810858011
vn 0 0.991445631 -0.130520343
v -0.0242543742 0.452043443 1.94864244
vt 0.636252999 0.812897027
vn 0 0.31818149 -0.94802982
v 0.136370644 0.0936142722 1.56728821
vt 0.497433007 0.641650021
vn 0.83632138 -0.493915472 0.237937083
v 0.136370644 0.205206587 1.62180573
vt 0.518914998 0.689041972
vn 0.651623764 -0.755614365 0.0665837892
v -0.0519492477 0.205206572 1.62180574
vt 0.526067019 0.664690018
vn 9.33886568e-08 -0.9529912 0.302997975
v 0.136370644 0.205206587 1.62180573
vt 0.518914998 0.689041972
vn 0.651623764 -0.755614365 0.0665837892
v -0.0519492552 0.205206572 2.21473245
vt 0.745402992 0.664690018
vn 7.89502757e-08 -0.997768353 -0.0667706059
v -0.0519492477 0.205206572 1.62180574
vt 0.526067019 0.664690018
vn 9.33886568e-08 -0.9529912 0.302997975
v 0.136370644 0.205206587 1.62180573
vt 0.518914998 0.689041972
vn 0.651623764 -0.755614365 0.0665837892
v 0.136370629 0.205206587 2.21473245
vt 0.752555013 0.689041972
vn 0.922288762 -0.369918753 -0.111998018
v -0.0519492552 0.205206572 2.21473245
vt 0.745402992 0.664690018
vn 7.89502757e-08 -0.997768353 -0.0667706059
v 0.136370629 0.205206587 2.21473245
vt 0.752555013 0.689041972
vn 0.922288762 -0.369918753 -0.111998018
v -0.0519492552 0.122768662 2.26076744
vt 0.770694971 0.629679978
vn 4.06832373e-08 -0.913545501 -0.406736545
v -0.0519492552 0.205206572 2.21473245
vt 0.745402992 0.664690018
vn 7.89502757e-08 -0.997768353 -0.0667706059
v 0.136370629 0.205206587 2.21473245
vt 0.752555013 0.689041972
vn 0.922288762 -0.369918753 -0.111998018
v 0.136370629 0.12276867 2.26076744
vt 0.770694971 0.654030979
vn 0.351579814 -0.927896251 -0.124097467
v -0.0519492552 0.122768662 2.26076744
vt 0.770694971 0.629679978
vn 4.06832373e-08 -0.913545501 -0.406736545
v 0.139077932 0.181077644 2.55917273
vt 0.888279974 0.67879498
vn 0.999887966 0.0144864783 -0.00376804235
v 0.136370629 0.12276867 2.26076744
vt 0.770694971 0.654030979
vn 0.351579814 -0.927896251 -0.124097467
v 0.136370629 0.205206587 2.21473245
vt 0.752555013 0.689041972
vn 0.922288762 -0.369918753 -0.111998018
v 0.132920355 0.235956877 2.40653996
vt 0.828136027 0.702100992
vn 0.778056848 0.567335721 0.269736391
v 0.139077932 0.181077644 2.55917273
vt 0.888279974 0.67879498
vn 0.999887966 0.0144864783 -0.00376804235
v 0.136370629 0.205206587 2.21473245
vt 0.752555013 0.689041972
vn 0.922288762 -0.369918753 -0.111998018
v 0.117719464 0.371439516 2.20588831
vt 0.749069989 0.759639025
vn 0.900149538 0.425906316 -0.0912941363
v 0.132920355 0.235956877 2.40653996
vt 0.828136027 0.702100992
vn 0.778056848 0.567335721 0.269736391
v 0.136370629 0.205206587 2.21473245
vt 0.752555013 0.689041972
vn 0.922288762 -0.369918753 -0.111998018
v 0.117719464 0.371439516 2.20588831
vt 0.749069989 0.759639025
vn 0.900149538 0.425906316 -0.0912941363
v 0.127725258 0.282261222 2.37910066
vt 0.817323983 0.721765995
vn 0.993764577 0.111498726 -7.96438298e-07
v 0.132920355 0.235956877 2.40653996
vt 0.828136027 0.702100992
vn 0.778056848 0.567335721 0.269736391
v 0.117719464 0.371439516 2.20588831
vt 0.749069989 0.759639025
vn 0.900149538 0.425906316 -0.0912941363
v 0.121282704 0.33968079 2.40583024
vt 0.829384983 0.74615097
vn 0.802504156 0.239989025 0.546253007
v 0.127725258 0.282261222 2.37910066
vt 0.817323983 0.721765995
vn 0.993764577 0.111498726 -7.96438298e-07
v 0.117719464 0.371439516 2.20588831
vt 0.749069989 0.759639025
vn 0.900149538 0.425906316 -0.0912941363
v 0.11218714 0.420746028 2.22701947
vt 0.758925974 0.780578971
vn 0.993764133 0.111502681 8.14135956e-07
v 0.121282704 0.33968079 2.40583024
vt 0.829384983 0.74615097
vn 0.802504156 0.239989025 0.546253007
v 0.117719464 0.371439516 2.12871466
vt 0.718659997 0.759639025
vn 0.981132122 0.193338458 1.39786324e-07
v 0.117719464 0.371439516 2.20588831
vt 0.749069989 0.759639025
vn 0.900149538 0.425906316 -0.0912941363
v 0.136370629 0.205206587 2.21473245
vt 0.752555013 0.689041972
vn 0.922288762 -0.369918753 -0.111998018
v 0.139077932 0.181077644 2.55917273
vt 0.888279974 0.67879498
vn 0.999887966 0.0144864783 -0.00376804235
v 0.136370629 0.124483622 2.53516291
vt 0.878818989 0.654760003
vn 0.998851643 -0.0479093517 0.000299430066
v 0.136370629 0.12276867 2.26076744
vt 0.770694971 0.654030979
vn 0.351579814 -0.927896251 -0.124097467
v 0.117719464 0.371439516 2.20588831
vt 0.749069989 0.759639025
vn 0.900149538 0.425906316 -0.0912941363
v 0.117719464 0.371439516 2.12871466
vt 0.718659997 0.759639025
vn 0.981132122 0.193338458 1.39786324e-07
v -0.0332980528 0.371439516 2.12871466
vt 0.729137003 0.779026985
vn 0 1 7.19301874e-16
v 0.117719464 0.371439516 2.20588831
vt 0.749069989 0.759639025
vn 0.900149538 0.425906316 -0.0912941363
v -0.0332980528 0.371439516 2.12871466
vt 0.729137003 0.779026985
vn 0 1 7.19301874e-16
v -0.0332980528 0.371439516 2.20588831
vt 0.74594301 0.779026985
vn 0 0.778639858 -0.627471093
v 0.136370629 0.12276867 2.26076744
vt 0.770694971 0.654030979
vn 0.351579814 -0.927896251 -0.124097467
v -0.0519492626 0.124483607 2.53516291
vt 0.890051007 0.630407989
vn 5.98466345e-08 -0.994554313 0.10421957
v -0.0519492552 0.122768662 2.26076744
vt 0.770694971 0.629679978
vn 4.06832373e-08 -0.913545501 -0.406736545
v 0.136370629 0.12276867 2.26076744
vt 0.770694971 0.654030979
vn 0.351579814 -0.927896251 -0.124097467
v 0.136370629 0.124483622 2.53516291
vt 0.878818989 0.654760003
vn 7.76581761e-08 -0.981438904 0.191775071
v -0.0519492626 0.124483607 2.53516291
vt 0.890051007 0.630407989
vn 5.98466345e-08 -0.994554313 0.10421957
v 0.136370629 0.124483622 2.53516291
vt 0.878818989 0.654760003
vn 7.76581761e-08 -0.981438904 0.191775071
v -0.0546565577 0.181077629 2.55917273
vt 0.915107012 0.67879498
vn -4.0848035e-08 0.53448421 0.84517846
v -0.0519492626 0.124483607 2.53516291
vt 0.890051007 0.630407989
vn 5.98466345e-08 -0.994554313 0.10421957
v 0.11218714 0.420746028 2.22701947
vt 0.758925974 0.780578971
vn 0 0.393918395 -0.919145417
v 0.117719464 0.371439516 2.20588831
vt 0.749069989 0.759639025
vn 0.900149538 0.425906316 -0.0912941363
v -0.0332980528 0.371439516 2.20588831
vt 0.74594301 0.779026985
vn 0 0.778639858 -0.627471093
v 0.11218714 0.420746028 2.22701947
vt 0.758925974 0.780578971
vn 0 0.393918395 -0.919145417
v -0.0332980528 0.371439516 2.20588831
vt 0.74594301 0.779026985
vn 0 0.778639858 -0.627471093
v -0.0277657285 0.420746028 2.22701947
vt 0.754020989 0.800338984
vn 0 0.393919677 -0.919144868
v 0.0422108732 0.467478126 2.24704776
vt 0.769876003 0.806541979
vn 0 0.393923472 -0.919143241
v 0.11218714 0.420746028 2.22701947
vt 0.758925974 0.780578971
vn 0 0.393918395 -0.919145417
v -0.0277657285 0.420746028 2.22701947
vt 0.754020989 0.800338984
vn 0 0.393919677 -0.919144868
v 0.11218714 0.420746028 2.22701947
vt 0.758925974 0.780578971
vn 0.546297938 0.764148362 0.342980822
v 0.0422108658 0.381729364 2.42540495
vt 0.840156972 0.770124972
vn 0.546297938 0.764148362 0.342980822
v 0.121282704 0.33968079 2.40583024
vt 0.829384983 0.74615097
vn 0.802504156 0.239989025 0.546253007
v 0.11218714 0.420746028 2.22701947
vt 0.758925974 0.780578971
vn 0.546297938 0.764148362 0.342980822
v 0.0422108732 0.467478126 2.24704776
vt 0.769876003 0.806541979
vn 0.587443292 0.729352148 0.350650569
v 0.0422108658 0.381729364 2.42540495
vt 0.840156972 0.770124972
vn 0.546297938 0.764148362 0.342980822
v 0.139077932 0.181077644 2.55917273
vt 0.888279974 0.67879498
vn -5.81240999e-08 0.755688948 0.654930694
v -0.0484989807 0.235956877 2.40653996
vt 0.850977004 0.709609985
vn -3.31262823e-08 0.906496047 0.422214302
v -0.0546565577 0.181077629 2.55917273
vt 0.915107012 0.67879498
vn -4.0848035e-08 0.53448421 0.84517846
v 0.136370629 0.124483622 2.53516291
vt 0.878818989 0.654760003
vn 3.00395419e-08 -0.390553141 0.920580384
v 0.139077932 0.181077644 2.55917273
vt 0.888279974 0.67879498
vn -5.81240999e-08 0.755688948 0.654930694
v -0.0546565577 0.181077629 2.55917273
vt 0.915107012 0.67879498
vn -4.0848035e-08 0.53448421 0.84517846
v 0.132920355 0.235956877 2.40653996
vt 0.828136027 0.702100992
vn 0.778056848 0.567335721 0.269736391
v -0.0433038622 0.282261222 2.37910066
vt 0.840847015 0.721765995
vn 0 0.191468853 0.98149869
v -0.0484989807 0.235956877 2.40653996
vt 0.850977004 0.709609985
vn -3.31262823e-08 0.906496047 0.422214302
v 0.139077932 0.181077644 2.55917273
vt 0.888279974 0.67879498
vn 0 0.941022058 0.338345219
v 0.132920355 0.235956877 2.40653996
vt 0.828136027 0.702100992
vn 0.778056848 0.567335721 0.269736391
v -0.0484989807 0.235956877 2.40653996
vt 0.850977004 0.709609985
vn -3.31262823e-08 0.906496047 0.422214302
v 0.132920355 0.235956877 2.40653996
vt 0.828136027 0.702100992
vn 0 0.50979805 0.860294106
v 0.127725258 0.282261222 2.37910066
vt 0.817323983 0.721765995
vn 2.93594298e-08 -0.151320211 0.988484797
v -0.0433038622 0.282261222 2.37910066
vt 0.840847015 0.721765995
vn 0 0.191468853 0.98149869
v 0.127725258 0.282261222 2.37910066
vt 0.817323983 0.721765995
vn 2.93594298e-08 -0.151320211 0.988484797
v -0.036861293 0.339680761 2.40583024
vt 0.852909029 0.74615097
vn 4.89638548e-08 -0.422029235 0.906582222
v -0.0433038622 0.282261222 2.37910066
vt 0.840847015 0.721765995
vn 0 0.191468853 0.98149869
v 0.127725258 0.282261222 2.37910066
vt 0.817323983 0.721765995
vn 2.93594298e-08 -0.151320211 0.988484797
v 0.121282704 0.33968079 2.40583024
vt 0.829384983 0.74615097
vn 0.802504156 0.239989025 0.546253007
v -0.036861293 0.339680761 2.40583024
vt 0.852909029 0.74615097
vn 4.89638548e-08 -0.422029235 0.906582222
v 0.121282704 0.33968079 2.40583024
vt 0.829384983 0.74615097
vn 0.802504156 0.239989025 0.546253007
v 0.0422108658 0.381729364 2.42540495
vt 0.840156972 0.770124972
vn 7.95329027e-08 -0.42203594 0.9065791
v -0.036861293 0.339680761 2.40583024
vt 0.852909029 0.74615097
vn 4.89638548e-08 -0.422029235 0.906582222
v 0.0115366187 0.49157989 1.94864244
vt 0.647704005 0.81231302
vn -0.529923855 0.848045228 -9.23221345e-09
v 0.011536615 0.49157989 2.12871466
vt 0.718659997 0.81231302
vn -0.662123484 0.749393199 0.00152472802
v 0.0422108769 0.50177735 2.12871466
vt 0.718659997 0.821372986
vn -0.315467771 0.948936292 -3.40927117e-09
v 0.0115366187 0.49157989 1.94864244
vt 0.647704005 0.81231302
vn -0.529923855 0.848045228 -9.23221345e-09
v 0.0422108769 0.50177735 2.12871466
vt 0.718659997 0.821372986
vn -0.315467771 0.948936292 -3.40927117e-09
v 0.0422108769 0.50177735 1.96407713
vt 0.65378499 0.821372986
vn -0.315467789 0.948936286 0
v -0.0242543742 0.452043443 1.94864244
vt 0.647704005 0.793870986
vn -0.802423675 0.596752387 0.00168353474
v 0.011536615 0.49157989 2.12871466
vt 0.718659997 0.81231302
vn -0.662123484 0.749393199 0.00152472802
v 0.0115366187 0.49157989 1.94864244
vt 0.647704005 0.81231302
vn -0.529923855 0.848045228 -9.23221345e-09
v -0.0242543742 0.452043443 1.94864244
vt 0.647704005 0.793870986
vn -0.802423675 0.596752387 0.00168353474
v -0.0243883654 0.450847297 2.12871466
vt 0.718659997 0.793362021
vn -0.95228219 0.305216141 0.0013186208
v 0.011536615 0.49157989 2.12871466
vt 0.718659997 0.81231302
vn -0.662123484 0.749393199 0.00152472802
v -0.0263710022 0.433178543 1.92291764
vt 0.637566984 0.785858989
vn -0.993764452 0.111499836 1.59356402e-07
v -0.0243883654 0.450847297 2.12871466
vt 0.718659997 0.793362021
vn -0.95228219 0.305216141 0.0013186208
v -0.0242543742 0.452043443 1.94864244
vt 0.647704005 0.793870986
vn -0.802423675 0.596752387 0.00168353474
v -0.0263710022 0.433178543 1.92291764
vt 0.637566984 0.785858989
vn -0.993764452 0.111499836 1.59356402e-07
v -0.0332980528 0.371439516 2.12871466
vt 0.718659997 0.759639025
vn -0.99376446 0.111499768 7.14586682e-08
v -0.0243883654 0.450847297 2.12871466
vt 0.718659997 0.793362021
vn -0.95228219 0.305216141 0.0013186208
v -0.0344525278 0.361149847 1.66738678
vt 0.536876023 0.755268991
vn -0.993764475 0.111499633 -4.32770302e-08
v -0.0332980528 0.371439516 2.12871466
vt 0.718659997 0.759639025
vn -0.99376446 0.111499768 7.14586682e-08
v -0.0263710022 0.433178543 1.92291764
vt 0.637566984 0.785858989
vn -0.993764452 0.111499836 1.59356402e-07
v -0.0344525278 0.361149847 1.66738678
vt 0.536876023 0.755268991
vn -0.993764475 0.111499633 -4.32770302e-08
v -0.0519492552 0.205206572 2.21473245
vt 0.752555013 0.689041972
vn -0.995053728 0.0993344564 -0.00086230114
v -0.0332980528 0.371439516 2.12871466
vt 0.718659997 0.759639025
vn -0.99376446 0.111499768 7.14586682e-08
v -0.0344525278 0.361149847 1.66738678
vt 0.536876023 0.755268991
vn -0.993764475 0.111499633 -4.32770302e-08
v -0.0519492477 0.205206572 1.62180574
vt 0.518914998 0.689041972
vn -0.995694079 0.0921124583 -0.0104209536
v -0.0519492552 0.205206572 2.21473245
vt 0.752555013 0.689041972
vn -0.995053728 0.0993344564 -0.00086230114
v -0.0344525278 0.361149847 1.66738678
vt 0.536876023 0.755268991
vn -0.993764475 0.111499633 -4.32770302e-08
v -0.0263710022 0.433178543 1.92291764
vt 0.637566984 0.785858989
vn -0.993764452 0.111499836 1.59356402e-07
v -0.0311813727 0.390304088 1.6913966
vt 0.546337008 0.767651021
vn -0.993764522 0.111499213 -3.99523017e-07
v -0.0311813727 0.390304088 1.6913966
vt 0.546337008 0.767651021
vn -0.993764522 0.111499213 -3.99523017e-07
v -0.0263710022 0.433178543 1.92291764
vt 0.637566984 0.785858989
vn -0.993764452 0.111499836 1.59356402e-07
v -0.0263710022 0.433178543 1.6913966
vt 0.546337008 0.785858989
vn -0.993764761 0.111497082 2.71359351e-17
v -0.0344525278 0.361149847 1.32844831
vt 0.403319001 0.755268991
vn -0.997565841 0.0690022123 -0.0100542648
v -0.0519492477 0.205206572 1.62180574
vt 0.518914998 0.689041972
vn -0.995694079 0.0921124583 -0.0104209536
v -0.0344525278 0.361149847 1.66738678
vt 0.536876023 0.755268991
vn -0.993764475 0.111499633 -4.32770302e-08
v -0.0344525278 0.361149847 1.32844831
vt 0.403319001 0.755268991
vn -0.997565841 0.0690022123 -0.0100542648
v -0.0519492477 0.0936142573 1.56728822
vt 0.497433007 0.641650021
vn -0.998501451 0.0529463357 -0.013839693
v -0.0519492477 0.205206572 1.62180574
vt 0.518914998 0.689041972
vn -0.995694079 0.0921124583 -0.0104209536
v -0.0344525278 0.361149847 1.32844831
vt 0.403319001 0.755268991
vn -0.997565841 0.0690022123 -0.0100542648
v -0.0519492477 0.0936142573 1.19488845
vt 0.350690991 0.641650021
vn -0.997868282 0.0652601843 1.73745077e-17
v -0.0519492477 0.0936142573 1.56728822
vt 0.497433007 0.641650021
vn -0.998501451 0.0529463357 -0.013839693
v -0.0519492552 0.205206572 2.21473245
vt 0.752555013 0.689041972
vn -0.995053728 0.0993344564 -0.00086230114
v -0.0332980528 0.371439516 2.20588831
vt 0.749069989 0.759639025
vn -0.993764443 0.111499919 2.1181497e-07
v -0.0332980528 0.371439516 2.12871466
vt 0.718659997 0.759639025
vn -0.99376446 0.111499768 7.14586682e-08
v -0.0332980528 0.371439516 2.20588831
vt 0.749069989 0.759639025
vn -0.993764443 0.111499919 2.1181497e-07
v -0.0519492552 0.205206572 2.21473245
vt 0.752555013 0.689041972
vn -0.995053728 0.0993344564 -0.00086230114
v -0.0484989807 0.235956877 2.40653996
vt 0.828136027 0.702100992
vn -0.993764449 0.111499867 -7.80609441e-09
v -0.0484989807 0.235956877 2.40653996
vt 0.828136027 0.702100992
vn -0.993764449 0.111499867 -7.80609441e-09
v -0.0519492552 0.205206572 2.21473245
vt 0.752555013 0.689041972
vn -0.995053728 0.0993344564 -0.00086230114
v -0.0546565577 0.181077629 2.55917273
vt 0.888279974 0.67879498
vn -0.999887965 0.0144865159 -0.00376805035
v -0.0332980528 0.371439516 2.20588831
vt 0.749069989 0.759639025
vn -0.993764443 0.111499919 2.1181497e-07
v -0.0484989807 0.235956877 2.40653996
vt 0.828136027 0.702100992
vn -0.993764449 0.111499867 -7.80609441e-09
v -0.0433038622 0.282261222 2.37910066
vt 0.817323983 0.721765995
vn -0.993764534 0.111499111 -6.81273057e-07
v -0.0332980528 0.371439516 2.20588831
vt 0.749069989 0.759639025
vn -0.993764443 0.111499919 2.1181497e-07
v -0.0433038622 0.282261222 2.37910066
vt 0.817323983 0.721765995
vn -0.993764534 0.111499111 -6.81273057e-07
v -0.036861293 0.339680761 2.40583024
vt 0.829384983 0.74615097
vn -0.872209907 0.460650174 0.164472781
v -0.0332980528 0.371439516 2.20588831
vt 0.749069989 0.759639025
vn -0.993764443 0.111499919 2.1181497e-07
v -0.036861293 0.339680761 2.40583024
vt 0.829384983 0.74615097
vn -0.872209907 0.460650174 0.164472781
v -0.0277657285 0.420746028 2.22701947
vt 0.758925974 0.780578971
vn -0.698025691 0.65786055 0.282806702
v -0.0277657285 0.420746028 2.22701947
vt 0.758925974 0.780578971
vn -0.698025691 0.65786055 0.282806702
v -0.036861293 0.339680761 2.40583024
vt 0.829384983 0.74615097
vn -0.872209907 0.460650174 0.164472781
v 0.0422108658 0.381729364 2.42540495
vt 0.840156972 0.770124972
vn -0.546296359 0.764149265 0.342981325
v -0.0277657285 0.420746028 2.22701947
vt 0.758925974 0.780578971
vn -0.698025691 0.65786055 0.282806702
v 0.0422108658 0.381729364 2.42540495
vt 0.840156972 0.770124972
vn -0.546296359 0.764149265 0.342981325
v 0.0422108732 0.467478126 2.24704776
vt 0.769876003 0.806541979
vn -0.58744145 0.729353373 0.350651109
v -0.0546565577 0.181077629 2.55917273
vt 0.888279974 0.67879498
vn -0.999887965 0.0144865159 -0.00376805035
v -0.0519492552 0.205206572 2.21473245
vt 0.752555013 0.689041972
vn -0.995053728 0.0993344564 -0.00086230114
v -0.0519492552 0.122768662 2.26076744
vt 0.770694971 0.654030979
vn -0.999781341 -0.0202774638 -0.00510832981
v -0.0546565577 0.181077629 2.55917273
vt 0.888279974 0.67879498
vn -0.999887965 0.0144865159 -0.00376805035
v -0.0519492552 0.122768662 2.26076744
vt 0.770694971 0.654030979
vn -0.999781341 -0.0202774638 -0.00510832981
v -0.0519492626 0.124483607 2.53516291
vt 0.878818989 0.654760003
vn -0.99885165 -0.047909208 0.000299400746
v 0.136370644 0.0936142722 1.56728821
vt 0.497433007 0.641650021
vn 0.83632138 -0.493915472 0.237937083
v -0.0519492477 0.205206572 1.62180574
vt 0.526067019 0.664690018
vn 9.33886568e-08 -0.9529912 0.302997975
v -0.0519492477 0.0936142573 1.56728822
vt 0.497433007 0.617298007
vn 8.93075887e-08 -0.99039476 0.138268652
v 0.136370644 0.0936142722 1.19488878
vt 0.350690991 0.641650021
vn 0.597393223 -0.801948463 -1.77645827e-16
v 0.136370644 0.0936142722 1.56728821
vt 0.497433007 0.641650021
vn 0.83632138 -0.493915472 0.237937083
v -0.0519492477 0.0936142573 1.56728822
vt 0.497433007 0.617298007
vn 8.93075887e-08 -0.99039476 0.138268652
v 0.136370644 0.0936142722 1.19488878
vt 0.350690991 0.641650021
vn 0.597393223 -0.801948463 -1.77645827e-16
v -0.0519492477 0.0936142573 1.56728822
vt 0.497433007 0.617298007
vn 8.93075887e-08 -0.99039476 0.138268652
v -0.0519492477 0.0936142573 1.19488845
vt 0.350690991 0.617298007
vn 7.91268573e-08 -1 -2.23595001e-16
v 0.0422108769 0.50177735 1.96407713
vt 0.65378499 0.821372986
vn 0.268240081 0.958152713 -0.0999531759
v 0.072884813 0.49157989 1.94864244
vt 0.647704005 0.81231302
vn 0 0.83434662 -0.551240163
v 0.0115366187 0.49157989 1.94864244
vt 0.644316971 0.818912983
vn 0 0.296399593 -0.955064019
v 0.072884813 0.49157989 1.94864244
vt 0.647704005 0.81231302
vn 0 0 -1
v -0.0242543742 0.452043443 1.94864244
vt 0.636252999 0.812897027
vn 0 0.31818149 -0.94802982
v 0.0115366187 0.49157989 1.94864244
vt 0.644316971 0.818912983
vn 0 0.296399593 -0.955064019
v 0.072884813 0.49157989 1.94864244
vt 0.647704005 0.81231302
vn 0 0 -1
v 0.1086758 0.452043443 1.94864244
vt 0.647704005 0.793870986
vn 0 0 -1
v -0.0242543742 0.452043443 1.94864244
vt 0.636252999 0.812897027
vn 0 0.31818149 -0.94802982
v 0.072884813 0.49157989 2.12871466
vt 0.718659997 0.81231302
vn 0 0 1
v 0.0422108769 0.50177735 2.12871466
vt 0.718659997 0.821372986
vn 0 0 1
v 0.011536615 0.49157989 2.12871466
vt 0.726822019 0.819163978
vn 0 0 1
v 0.108809806 0.450847297 2.12871466
vt 0.718659997 0.793362021
vn 0 0 1
v 0.072884813 0.49157989 2.12871466
vt 0.718659997 0.81231302
vn 0 0 1
v 0.011536615 0.49157989 2.12871466
vt 0.726822019 0.819163978
vn 0 0 1
v 0.108809806 0.450847297 2.12871466
vt 0.718659997 0.793362021
vn 0 0 1
v 0.011536615 0.49157989 2.12871466
vt 0.726822019 0.819163978
vn 0 0 1
v -0.0243883654 0.450847297 2.12871466
vt 0.733869016 0.795225978
vn 0 0 1
v 0.117719464 0.371439516 2.12871466
vt 0.718659997 0.759639025
vn 0 0 1
v 0.108809806 0.450847297 2.12871466
vt 0.718659997 0.793362021
vn 0 0 1
v -0.0243883654 0.450847297 2.12871466
vt 0.733869016 0.795225978
vn 0 0 1
v 0.117719464 0.371439516 2.12871466
vt 0.718659997 0.759639025
vn 0 0 1
v -0.0243883654 0.450847297 2.12871466
vt 0.733869016 0.795225978
vn 0 0 1
v -0.0332980528 0.371439516 2.12871466
vt 0.729137003 0.779026985
vn 0 0 1
v 0.118873976 0.361149847 1.66738678
vt 0.536876023 0.755268991
vn 0.884429376 0.466424757 -0.0152520613
v 0.117719464 0.371439516 2.12871466
vt 0.718659997 0.759639025
vn 0.981132122 0.193338458 1.39786324e-07
v 0.136370629 0.205206587 2.21473245
vt 0.752555013 0.689041972
vn 0.922288762 -0.369918753 -0.111998018
v 0.118873976 0.361149847 1.66738678
vt 0.536876023 0.755268991
vn 0.884429376 0.466424757 -0.0152520613
v 0.136370629 0.205206587 2.21473245
vt 0.752555013 0.689041972
vn 0.922288762 -0.369918753 -0.111998018
v 0.136370644 0.205206587 1.62180573
vt 0.518914998 0.689041972
vn 0.651623764 -0.755614365 0.0665837892
v 0.106330827 0.26259151 1.67451904
vt 0.545850992 0.639747024
vn 1 -7.46219032e-08 1.60467561e-08
v 0.106330819 0.144039601 1.66098934
vt 0.540562987 0.592794001
vn 0.648269942 -0.748637964 0.138878654
v 0.106330812 0.09171199 1.63124938
vt 0.528939009 0.572068989
vn 0.553399903 -0.823315017 0.126098886
v 0.106330827 0.26259151 1.67451904
vt 0.545850992 0.639747024
vn 1 -7.46219032e-08 1.60467561e-08
v 0.106330812 0.09171199 1.63124938
vt 0.528939009 0.572068989
vn 0.553399903 -0.823315017 0.126098886
v 0.106330819 0.0913788969 1.4731179
vt 0.467135996 0.571937025
vn 0.799664428 -0.600445837 0.00126483561
v 0.106330812 0.09171199 1.63124938
vt 0.528939009 0.572068989
vn 0.553399903 -0.823315017 0.126098886
v -0.0219094232 0.0913788894 1.4731179
vt 0.467135996 0.552199006
vn 8.72701096e-08 -0.999997782 0.00210640302
v 0.106330819 0.0913788969 1.4731179
vt 0.467135996 0.571937025
vn 0.799664428 -0.600445837 0.00126483561
v 0.106330812 0.09171199 1.63124938
vt 0.528939009 0.572068989
vn 0.553399903 -0.823315017 0.126098886
v -0.0219094306 0.0917119751 1.63124939
vt 0.528939009 0.552330971
vn 1.29979576e-07 -0.900657704 0.434529286
v -0.0219094232 0.0913788894 1.4731179
vt 0.467135996 0.552199006
vn 8.72701096e-08 -0.999997782 0.00210640302
v 0.106330819 0.144039601 1.66098934
vt 0.540562987 0.592794001
vn 0.648269942 -0.748637964 0.138878654
v -0.0219094306 0.0917119751 1.63124939
vt 0.528939009 0.552330971
vn 1.29979576e-07 -0.900657704 0.434529286
v 0.106330812 0.09171199 1.63124938
vt 0.528939009 0.572068989
vn 0.553399903 -0.823315017 0.126098886
v 0.106330819 0.144039601 1.66098934
vt 0.540562987 0.592794001
vn 0.648269942 -0.748637964 0.138878654
v -0.0219094232 0.144039586 1.66098934
vt 0.540562987 0.573055983
vn 1.1605017e-07 -0.998734381 0.0502954843
v -0.0219094306 0.0917119751 1.63124939
vt 0.528939009 0.552330971
vn 1.29979576e-07 -0.900657704 0.434529286
v 0.106330812 0.144039601 2.16566287
vt 0.737807989 0.592794001
vn 0.803724875 -0.592195751 -0.057710636
v -0.0219094232 0.144039586 1.66098934
vt 0.540562987 0.573055983
vn 1.1605017e-07 -0.998734381 0.0502954843
v 0.106330819 0.144039601 1.66098934
vt 0.540562987 0.592794001
vn 0.648269942 -0.748637964 0.138878654
v 0.106330827 0.26259151 1.67451904
vt 0.545850992 0.639747024
vn 1 -7.46219032e-08 1.60467561e-08
v 0.106330812 0.144039601 2.16566287
vt 0.737807989 0.592794001
vn 0.803724875 -0.592195751 -0.057710636
v 0.106330819 0.144039601 1.66098934
vt 0.540562987 0.592794001
vn 0.648269942 -0.748637964 0.138878654
v 0.106330812 0.144039601 2.16566287
vt 0.737807989 0.592794001
vn 0.803724875 -0.592195751 -0.057710636
v -0.0219094306 0.144039586 2.16566287
vt 0.737807989 0.573055983
vn 1.05283766e-07 -0.946972563 -0.321314434
v -0.0219094232 0.144039586 1.66098934
vt 0.540562987 0.573055983
vn 1.1605017e-07 -0.998734381 0.0502954843
v 0.106330805 0.0405420283 2.21835242
vt 0.758400977 0.551802993
vn 0.407175471 -0.761361255 -0.504516775
v -0.0219094306 0.144039586 2.16566287
vt 0.737807989 0.573055983
vn 1.05283766e-07 -0.946972563 -0.321314434
v 0.106330812 0.144039601 2.16566287
vt 0.737807989 0.592794001
vn 0.803724875 -0.592195751 -0.057710636
v 0.106330805 0.0405420283 2.21835242
vt 0.758400977 0.551802993
vn 0.407175471 -0.761361255 -0.504516775
v -0.0219094381 0.0405420208 2.21835242
vt 0.758400977 0.532064974
vn 5.67204933e-08 -0.976279598 -0.216513619
v -0.0219094306 0.144039586 2.16566287
vt 0.737807989 0.573055983
vn 1.05283766e-07 -0.946972563 -0.321314434
v 0.106330805 0.0405420283 2.42534761
vt 0.839302003 0.551802993
vn 0.772798647 -0.634456313 0.0157301905
v -0.0219094381 0.0405420208 2.21835242
vt 0.758400977 0.532064974
vn 5.67204933e-08 -0.976279598 -0.216513619
v 0.106330805 0.0405420283 2.21835242
vt 0.758400977 0.551802993
vn 0.407175471 -0.761361255 -0.504516775
v 0.106330805 0.0405420283 2.42534761
vt 0.839302003 0.551802993
vn 0.772798647 -0.634456313 0.0157301905
v 0.106330805 0.0405420283 2.21835242
vt 0.758400977 0.551802993
vn 0.407175471 -0.761361255 -0.504516775
v 0.106330812 0.144039601 2.16566287
vt 0.737807989 0.592794001
vn 0.803724875 -0.592195751 -0.057710636
v 0.106330805 0.0405420283 2.42534761
vt 0.839302003 0.551802993
vn 0.772798647 -0.634456313 0.0157301905
v -0.0219094381 0.0405420208 2.42534761
vt 0.853493989 0.532064974
vn 5.80986159e-08 -1 -2.01132034e-16
v -0.0219094381 0.0405420208 2.21835242
vt 0.758400977 0.532064974
vn 5.67204933e-08 -0.976279598 -0.216513619
v 0.106330827 0.26259151 1.67451904
vt 0.545850992 0.639747024
vn 1 -7.46219032e-08 1.60467561e-08
v 0.106330812 0.192965775 2.46674697
vt 0.855481982 0.612170994
vn 0.986597794 -6.34528913e-08 0.163171054
v 0.106330812 0.144039601 2.16566287
vt 0.737807989 0.592794001
vn 0.803724875 -0.592195751 -0.057710636
v 0.106330805 0.0405420283 2.42534761
vt 0.839302003 0.551802993
vn 0.772798647 -0.634456313 0.0157301905
v 0.106330812 0.144039601 2.16566287
vt 0.737807989 0.592794001
vn 0.803724875 -0.592195751 -0.057710636
v 0.106330812 0.192965775 2.46674697
vt 0.855481982 0.612170994
vn 0.986597794 -6.34528913e-08 0.163171054
v 0.106330805 0.051832586 2.46674697
vt 0.855481982 0.55627501
vn 1 -5.27911304e-08 1.43973556e-08
v 0.106330805 0.0405420283 2.42534761
vt 0.839302003 0.551802993
vn 0.772798647 -0.634456313 0.0157301905
v 0.106330812 0.192965775 2.46674697
vt 0.855481982 0.612170994
vn 0.986597794 -6.34528913e-08 0.163171054
v 0.106330805 0.051832586 2.46674697
vt 0.855481982 0.55627501
vn 5.60515034e-08 -0.964764867 0.263113571
v -0.0219094381 0.0405420208 2.42534761
vt 0.853493989 0.532064974
vn 5.60515034e-08 -0.964764867 0.263113571
v 0.106330805 0.0405420283 2.42534761
vt 0.839302003 0.551802993
vn 0.772798647 -0.634456313 0.0157301905
v -0.0219094306 0.192965775 2.46674697
vt 0.878808975 0.612170994
vn 0 0 1
v 0.106330805 0.051832586 2.46674697
vt 0.855481982 0.55627501
vn 8.11317233e-09 -0.139644847 0.990201655
v 0.106330812 0.192965775 2.46674697
vt 0.855481982 0.612170994
vn 0.986597794 -6.34528913e-08 0.163171054
v -0.0219094306 0.192965775 2.46674697
vt 0.878808975 0.612170994
vn 0 0 1
v -0.0219094381 0.0518325785 2.46674697
vt 0.878808975 0.55627501
vn 1.52282868e-08 -0.262111009 0.965037729
v 0.106330805 0.051832586 2.46674697
vt 0.855481982 0.55627501
vn 8.11317233e-09 -0.139644847 0.990201655
v 0.106330805 0.051832586 2.46674697
vt 0.855481982 0.55627501
vn 8.11317233e-09 -0.139644847 0.990201655
v -0.0219094381 0.0518325785 2.46674697
vt 0.878808975 0.55627501
vn 1.52282868e-08 -0.262111009 0.965037729
v -0.0219094381 0.0405420208 2.42534761
vt 0.853493989 0.532064974
vn 5.60515034e-08 -0.964764867 0.263113571
v -0.0219094306 0.144039586 2.16566287
vt 0.737807989 0.592794001
vn -1 6.56385165e-08 -1.06947663e-08
v -0.0219094381 0.0405420208 2.21835242
vt 0.758400977 0.551802993
vn -1 7.19879797e-08 9.65272586e-24
v -0.0219094381 0.0405420208 2.42534761
vt 0.839302003 0.551802993
vn -1 5.75531008e-08 -6.30717958e-09
v -0.0219094306 0.144039586 2.16566287
vt 0.737807989 0.592794001
vn -1 6.56385165e-08 -1.06947663e-08
v -0.0219094381 0.0405420208 2.42534761
vt 0.839302003 0.551802993
vn -1 5.75531008e-08 -6.30717958e-09
v -0.0219094306 0.192965775 2.46674697
vt 0.855481982 0.612170994
vn -1 6.43148445e-08 -1.07618413e-08
v -0.0219094157 0.26259151 1.67451906
vt 0.545850992 0.639747024
vn -1 7.46218931e-08 -1.60467553e-08
v -0.0219094306 0.144039586 2.16566287
vt 0.737807989 0.592794001
vn -1 6.56385165e-08 -1.06947663e-08
v -0.0219094306 0.192965775 2.46674697
vt 0.855481982 0.612170994
vn -1 6.43148445e-08 -1.07618413e-08
v -0.0219094157 0.26259151 1.67451906
vt 0.545850992 0.639747024
vn -1 7.46218931e-08 -1.60467553e-08
v -0.0219094232 0.144039586 1.66098934
vt 0.540562987 0.592794001
vn -1 6.35567838e-08 -6.22322379e-09
v -0.0219094306 0.144039586 2.16566287
vt 0.737807989 0.592794001
vn -1 6.56385165e-08 -1.06947663e-08
v -0.0219094157 0.26259151 1.67451906
vt 0.545850992 0.639747024
vn -1 7.46218931e-08 -1.60467553e-08
v -0.0219094306 0.0917119751 1.63124939
vt 0.528939009 0.572068989
vn -1 9.38650075e-08 -2.63105271e-08
v -0.0219094232 0.144039586 1.66098934
vt 0.540562987 0.592794001
vn -1 6.35567838e-08 -6.22322379e-09
v -0.0219094157 0.26259151 1.67451906
vt 0.545850992 0.639747024
vn -1 7.46218931e-08 -1.60467553e-08
v -0.0219094232 0.0913788894 1.4731179
vt 0.467135996 0.571937025
vn -1 9.9186309e-08 -4.73252854e-08
v -0.0219094306 0.0917119751 1.63124939
vt 0.528939009 0.572068989
vn -1 9.38650075e-08 -2.63105271e-08
v -0.0219094381 0.0405420208 2.42534761
vt 0.839302003 0.551802993
vn -1 5.75531008e-08 -6.30717958e-09
v -0.0219094381 0.0518325785 2.46674697
vt 0.855481982 0.55627501
vn -1 5.27911276e-08 -1.43973548e-08
v -0.0219094306 0.192965775 2.46674697
vt 0.855481982 0.612170994
vn -1 6.43148445e-08 -1.07618413e-08
v 0.0712105334 0.0989897842 1.49540969
vt 0.342220008 0.588406026
vn 0.938977105 -5.9631176e-08 -0.343979644
v 0.0712105334 0.0989897842 1.56619273
vt 0.362507999 0.588406026
vn 0.773495025 -5.92269365e-08 0.633802371
v 0.0712105185 -0.0956171757 1.56619273
vt 0.362507999 0.531176984
vn 0.9138038 -0.406155899 2.40208096e-08
v 0.0712105334 0.0989897842 1.49540969
vt 0.342220008 0.588406026
vn 0.938977105 -5.9631176e-08 -0.343979644
v 0.0712105185 -0.0956171757 1.56619273
vt 0.362507999 0.531176984
vn 0.9138038 -0.406155899 2.40208096e-08
v 0.0712105259 -0.0583630061 1.49540969
vt 0.342220008 0.542159021
vn 0.981014573 0.172463403 -0.0886948833
v 0.0712105185 -0.0956171757 1.56619273
vt 0.362507999 0.531176984
vn 0.9138038 -0.406155899 2.40208096e-08
v 0.0712105185 -0.0807154482 1.45194633
vt 0.329762995 0.535669982
vn 0.654196412 0.672591216 -0.34590188
v 0.0712105259 -0.0583630061 1.49540969
vt 0.342220008 0.542159021
vn 0.981014573 0.172463403 -0.0886948833
v 0.0712105185 -0.0807154482 1.45194633
vt 0.329762995 0.535669982
vn 0.654196412 0.672591216 -0.34590188
v 0.0132108498 -0.0583630061 1.49540969
vt 0.336685002 0.545391977
vn 0 0.395188603 -0.918600004
v 0.0712105259 -0.0583630061 1.49540969
vt 0.342220008 0.542159021
vn 0.981014573 0.172463403 -0.0886948833
v 0.0712105185 -0.0807154482 1.45194633
vt 0.329762995 0.535669982
vn 0.654196412 0.672591216 -0.34590188
v 0.013210848 -0.0807154482 1.45194633
vt 0.323000014 0.537541986
vn 0 0.640185414 -0.768220434
v 0.0132108498 -0.0583630061 1.49540969
vt 0.336685002 0.545391977
vn 0 0.395188603 -0.918600004
v 0.0712105185 -0.0956171757 1.56619273
vt 0.362507999 0.531176984
vn 0.9138038 -0.406155899 2.40208096e-08
v 0.0712105185 -0.0956171757 1.45194633
vt 0.329762995 0.531176984
vn 0.248845656 -0.968543153 -2.35302569e-16
v 0.0712105185 -0.0807154482 1.45194633
vt 0.329762995 0.535669982
vn 0.654196412 0.672591216 -0.34590188
v 0.0712105185 -0.0956171757 1.56619273
vt 0.362507999 0.531176984
vn 0.9138038 -0.406155899 2.40208096e-08
v 0.013210848 -0.0956171757 1.45194633
vt 0.323000014 0.52461803
vn 0 -1 -2.42944848e-16
v 0.0712105185 -0.0956171757 1.45194633
vt 0.329762995 0.531176984
vn 0.248845656 -0.968543153 -2.35302569e-16
v 0.0712105185 -0.0956171757 1.56619273
vt 0.362507999 0.531176984
vn 0.9138038 -0.406155899 2.40208096e-08
v 0.0132108461 -0.0956171757 1.56619273
vt 0.370380014 0.52461803
vn 0 -1 -2.42944848e-16
v 0.013210848 -0.0956171757 1.45194633
vt 0.323000014 0.52461803
vn 0 -1 -2.42944848e-16
v 0.0712105259 -0.0583630061 1.49540969
vt 0.342220008 0.542159021
vn 0 0 -1
v 0.0132108498 -0.0583630061 1.49540969
vt 0.336685002 0.545391977
vn 0 0.395188603 -0.918600004
v 0.0132108591 0.0989897842 1.49540969
vt 0.336685002 0.588406026
vn 0 0 -1
v 0.0712105259 -0.0583630061 1.49540969
vt 0.342220008 0.542159021
vn 0 0 -1
v 0.0132108591 0.0989897842 1.49540969
vt 0.336685002 0.588406026
vn 0 0 -1
v 0.0712105334 0.0989897842 1.49540969
vt 0.342220008 0.588406026
vn 0.938977105 -5.9631176e-08 -0.343979644
v 0.0712105185 -0.0956171757 1.45194633
vt 0.329762995 0.531176984
vn 0 0 -1
v 0.013210848 -0.0956171757 1.45194633
vt 0.323000014 0.52461803
vn 0 0 -1
v 0.013210848 -0.0807154482 1.45194633
vt 0.323000014 0.537541986
vn 0 0.640185414 -0.768220434
v 0.0712105185 -0.0956171757 1.45194633
vt 0.329762995 0.531176984
vn 0 0 -1
v 0.013210848 -0.0807154482 1.45194633
vt 0.323000014 0.537541986
vn 0 0.640185414 -0.768220434
v 0.0712105185 -0.0807154482 1.45194633
vt 0.329762995 0.535669982
vn 0 0 -1
v 0.0132108591 0.0989897842 1.56619273
vt 0.370380014 0.588406026
vn 0 0 1
v 0.0712105185 -0.0956171757 1.56619273
vt 0.362507999 0.531176984
vn 0 0 1
v 0.0712105334 0.0989897842 1.56619273
vt 0.362507999 0.588406026
vn 0.773495025 -5.92269365e-08 0.633802371
v 0.0132108591 0.0989897842 1.56619273
vt 0.370380014 0.588406026
vn 0 0 1
v 0.0132108461 -0.0956171757 1.56619273
vt 0.370380014 0.52461803
vn 0 0 1
v 0.0712105185 -0.0956171757 1.56619273
vt 0.362507999 0.531176984
vn 0 0 1
v 0.0132108498 -0.0583630061 1.49540969
vt 0.342220008 0.542159021
vn -1 5.94059989e-08 -1.75082592e-08
v 0.013210848 -0.0807154482 1.45194633
vt 0.329762995 0.535669982
vn -1 0 4.28555217e-08
v 0.013210848 -0.0956171757 1.45194633
vt 0.329762995 0.531176984
vn -1 5.99036034e-08 -8.49022753e-09
v 0.0132108498 -0.0583630061 1.49540969
vt 0.342220008 0.542159021
vn -1 5.94059989e-08 -1.75082592e-08
v 0.013210848 -0.0956171757 1.45194633
vt 0.329762995 0.531176984
vn -1 5.99036034e-08 -8.49022753e-09
v 0.0132108461 -0.0956171757 1.56619273
vt 0.362507999 0.531176984
vn -1 6.43109357e-08 -1.0580421e-08
v 0.0132108591 0.0989897842 1.49540969
vt 0.342220008 0.588406026
vn -1 6.35065282e-08 -9.60263433e-09
v 0.0132108498 -0.0583630061 1.49540969
vt 0.342220008 0.542159021
vn -1 5.94059989e-08 -1.75082592e-08
v 0.0132108461 -0.0956171757 1.56619273
vt 0.362507999 0.531176984
vn -1 6.43109357e-08 -1.0580421e-08
v 0.0132108591 0.0989897842 1.49540969
vt 0.342220008 0.588406026
vn -1 6.35065282e-08 -9.60263433e-09
v 0.0132108461 -0.0956171757 1.56619273
vt 0.362507999 0.531176984
vn -1 6.43109357e-08 -1.0580421e-08
v 0.0132108591 0.0989897842 1.56619273
vt 0.362507999 0.588406026
vn -1 6.69992279e-08 1.31359299e-23
v 0.0534628108 0.141295939 0.637890737
vt 0.0271380004 0.564029992
vn 0.974716072 0.223447041 1.09189994e-08
v 0.0534628071 0.141295939 0.973433177
vt 0.202259004 0.564029992
vn 0.976880597 0.213785639 1.08456141e-08
v 0.0534627996 0.0384643817 0.973433177
vt 0.202259004 0.51394701
vn 0.980835354 -0.194838418 1.18946494e-08
v 0.0534628108 0.141295939 0.637890737
vt 0.0271380004 0.564029992
vn 0.974716072 0.223447041 1.09189994e-08
v 0.0534627996 0.0384643817 0.973433177
vt 0.202259004 0.51394701
vn 0.980835354 -0.194838418 1.18946494e-08
v 0.0534628034 0.0384643817 0.694599132
vt 0.0526029989 0.51394701
vn 0.971517906 -0.23382366 -0.0384636751
v 0.0309586041 0.0384643743 0.694599132
vt 0.0451259986 0.506264985
vn 3.29747033e-07 -0.995988549 -0.0894807852
v 0.0534628034 0.0384643817 0.694599132
vt 0.0526029989 0.51394701
vn 0.971517906 -0.23382366 -0.0384636751
v 0.0534627996 0.0384643817 0.973433177
vt 0.202259004 0.51394701
vn 0.980835354 -0.194838418 1.18946494e-08
v 0.0309586078 0.0936606819 0.637890737
vt 0.0178970005 0.540353
vn 9.6520664e-08 -0.583074092 -0.812418982
v 0.0534628034 0.0384643817 0.694599132
vt 0.0526029989 0.51394701
vn 0.971517906 -0.23382366 -0.0384636751
v 0.0309586041 0.0384643743 0.694599132
vt 0.0451259986 0.506264985
vn 3.29747033e-07 -0.995988549 -0.0894807852
v 0.0309586041 0.0384643743 0.694599132
vt 0.0451259986 0.506264985
vn 3.29747033e-07 -0.995988549 -0.0894807852
v 0.0534627996 0.0384643817 0.973433177
vt 0.202259004 0.51394701
vn 0.980835354 -0.194838418 1.18946494e-08
v 0.0309586003 0.0384643743 0.973433177
vt 0.202259004 0.506264985
vn 3.31075125e-07 -1 4.19927526e-15
v 0.0309586059 0.141295939 0.973433177
vt 0.202259004 0.57151401
vn 0 1 2.48155574e-16
v 0.0534628071 0.141295939 0.973433177
vt 0.202259004 0.564029992
vn 0.976880597 0.213785639 1.08456141e-08
v 0.0534628108 0.141295939 0.637890737
vt 0.0271380004 0.564029992
vn 0.974716072 0.223447041 1.09189994e-08
v 0.0309586059 0.141295939 0.973433177
vt 0.202259004 0.57151401
vn 0 1 2.48155574e-16
v 0.0534628108 0.141295939 0.637890737
vt 0.0271380004 0.564029992
vn 0.974716072 0.223447041 1.09189994e-08
v 0.0309586115 0.141295939 0.637890737
vt 0.0178970005 0.571712971
vn 0 1 2.48155574e-16
v 0.0534628108 0.141295939 0.637890737
vt 0.0271380004 0.564029992
vn 0.974716072 0.223447041 1.09189994e-08
v 0.0534628034 0.0384643817 0.694599132
vt 0.0526029989 0.51394701
vn 0.971517906 -0.23382366 -0.0384636751
v 0.0534628071 0.0936606819 0.637890737
vt 0.0271380004 0.540250003
vn 1 -7.82044753e-08 -1.04271579e-08
v 0.0309586115 0.141295939 0.637890737
vt 0.0178970005 0.571712971
vn 0 0 -1
v 0.0534628071 0.0936606819 0.637890737
vt 0.0271380004 0.540250003
vn 0 -0.352667803 -0.935748588
v 0.0309586078 0.0936606819 0.637890737
vt 0.0178970005 0.540353
vn 9.6520664e-08 -0.583074092 -0.812418982
v 0.0309586115 0.141295939 0.637890737
vt 0.0178970005 0.571712971
vn 0 0 -1
v 0.0534628108 0.141295939 0.637890737
vt 0.0271380004 0.564029992
vn 0 0 -1
v 0.0534628071 0.0936606819 0.637890737
vt 0.0271380004 0.540250003
vn 0 -0.352667803 -0.935748588
v 0.0309586078 0.0936606819 0.637890737
vt 0.0178970005 0.540353
vn 9.6520664e-08 -0.583074092 -0.812418982
v 0.0534628071 0.0936606819 0.637890737
vt 0.0271380004 0.540250003
vn 0 -0.352667803 -0.935748588
v 0.0534628034 0.0384643817 0.694599132
vt 0.0526029989 0.51394701
vn 0 -0.716596039 -0.697488435
v 0.0309586115 0.141295939 0.637890737
vt 0.0271380004 0.564029992
vn -1 5.99961772e-08 -1.41096846e-08
v 0.0309586078 0.0936606819 0.637890737
vt 0.0271380004 0.540250003
vn -1 7.82044753e-08 1.04271682e-08
v 0.0309586041 0.0384643743 0.694599132
vt 0.0526029989 0.51394701
vn -1 6.62159207e-08 -1.13121496e-08
v 0.0309586115 0.141295939 0.637890737
vt 0.0271380004 0.564029992
vn -1 5.99961772e-08 -1.41096846e-08
v 0.0309586041 0.0384643743 0.694599132
vt 0.0526029989 0.51394701
vn -1 6.62159207e-08 -1.13121496e-08
v 0.0309586003 0.0384643743 0.973433177
vt 0.202259004 0.51394701
vn -1 5.92176313e-08 -1.51588252e-08
v 0.0309586115 0.141295939 0.637890737
vt 0.0271380004 0.564029992
vn -1 5.99961772e-08 -1.41096846e-08
v 0.0309586003 0.0384643743 0.973433177
vt 0.202259004 0.51394701
vn -1 5.92176313e-08 -1.51588252e-08
v 0.0309586059 0.141295939 0.973433177
vt 0.202259004 0.564029992
vn -1 5.43406634e-08 -1.66534387e-08
v 0.104826219 0.258067399 0.637890737
vt 0.0271380004 0.564029992
vn -0.676150863 0.736763198 1.61767266e-07
v 0.193880811 0.309483408 0.694599132
vt 0.0526029989 0.51394701
vn -0.292625469 0.956004543 -0.0206312455
v 0.146079302 0.281885266 0.637890737
vt 0.0271380004 0.540250003
vn -0.500006121 0.86602187 7.97551242e-06
v 0.104826219 0.258067399 0.637890737
vt 0.0271380004 0.564029992
vn -0.676150863 0.736763198 1.61767266e-07
v 0.193880796 0.309483408 1.23872433
vt 0.293906003 0.51394701
vn -0.315059433 0.949071943 -7.1445019e-09
v 0.193880811 0.309483408 0.694599132
vt 0.0526029989 0.51394701
vn -0.292625469 0.956004543 -0.0206312455
v 0.205132708 0.289994239 0.694599132
vt 0.0451259986 0.506264985
vn 0.865004786 0.499403049 -0.0486139427
v 0.193880811 0.309483408 0.694599132
vt 0.0526029989 0.51394701
vn -0.292625469 0.956004543 -0.0206312455
v 0.193880796 0.309483408 1.23872433
vt 0.293906003 0.51394701
vn -0.315059433 0.949071943 -7.1445019e-09
v 0.157331556 0.262396097 0.637890737
vt 0.0178970005 0.540637016
vn 0.504956987 0.291537011 -0.812418988
v 0.193880811 0.309483408 0.694599132
vt 0.0526029989 0.51394701
vn -0.292625469 0.956004543 -0.0206312455
v 0.205132708 0.289994239 0.694599132
vt 0.0451259986 0.506264985
vn 0.865004786 0.499403049 -0.0486139427
v 0.205132708 0.289994239 0.694599132
vt 0.0451259986 0.506264985
vn 0.865004786 0.499403049 -0.0486139427
v 0.193880796 0.309483408 1.23872433
vt 0.293906003 0.51394701
vn -0.315059433 0.949071943 -7.1445019e-09
v 0.205132708 0.289994239 1.2278188
vt 0.303146988 0.506264985
vn 0.866028589 0.499994484 1.04104448e-16
v 0.104826219 0.258067399 0.637890737
vt 0.0271380004 0.564029992
vn -0.676150863 0.736763198 1.61767266e-07
v 0.104826212 0.258067399 1.23872433
vt 0.293906003 0.564029992
vn -0.673582502 0.739112044 -8.35269645e-09
v 0.193880796 0.309483408 1.23872433
vt 0.293906003 0.51394701
vn -0.315059433 0.949071943 -7.1445019e-09
v 0.116078123 0.238578706 1.2278191
vt 0.303146988 0.571712017
vn -0.866023222 -0.50000378 -1.6256085e-08
v 0.104826212 0.258067399 1.23872433
vt 0.293906003 0.564029992
vn -0.673582502 0.739112044 -8.35269645e-09
v 0.104826219 0.258067399 0.637890737
vt 0.0271380004 0.564029992
vn -0.676150863 0.736763198 1.61767266e-07
v 0.116078123 0.238578706 1.2278191
vt 0.303146988 0.571712017
vn -0.866023222 -0.50000378 -1.6256085e-08
v 0.104826219 0.258067399 0.637890737
vt 0.0271380004 0.564029992
vn -0.676150863 0.736763198 1.61767266e-07
v 0.116078138 0.238578706 0.637890737
vt 0.0178970005 0.571712971
vn -0.866023148 -0.500003907 -2.18751148e-08
v 0.116078138 0.238578706 0.637890737
vt 0.0178970005 0.571712971
vn -2.24156291e-16 2.7189242e-15 -1
v 0.146079302 0.281885266 0.637890737
vt 0.0271380004 0.540250003
vn 0.30542038 0.176337315 -0.935747585
v 0.157331556 0.262396097 0.637890737
vt 0.0178970005 0.540637016
vn 0.504956987 0.291537011 -0.812418988
v 0.116078138 0.238578706 0.637890737
vt 0.0178970005 0.571712971
vn -2.24156291e-16 2.7189242e-15 -1
v 0.104826219 0.258067399 0.637890737
vt 0.0271380004 0.564029992
vn -2.46679099e-15 4.27253758e-15 -1
v 0.146079302 0.281885266 0.637890737
vt 0.0271380004 0.540250003
vn 0.30542038 0.176337315 -0.935747585
v 0.157331556 0.262396097 0.637890737
vt 0.0178970005 0.540637016
vn 0.504956987 0.291537011 -0.812418988
v 0.146079302 0.281885266 0.637890737
vt 0.0271380004 0.540250003
vn 0.30542038 0.176337315 -0.935747585
v 0.193880811 0.309483408 0.694599132
vt 0.0526029989 0.51394701
vn 0.620587423 0.358301959 -0.697489037
v 0.116078138 0.238578706 0.637890737
vt 0.0271380004 0.564029992
vn 0.499998819 -0.866026085 1.67400584e-07
v 0.157331556 0.262396097 0.637890737
vt 0.0271380004 0.540250003
vn 0.499995566 -0.866027964 7.0409912e-06
v 0.205132708 0.289994239 0.694599132
vt 0.0526029989 0.51394701
vn 0.499998771 -0.866026114 3.30591978e-07
v 0.116078138 0.238578706 0.637890737
vt 0.0271380004 0.564029992
vn 0.499998819 -0.866026085 1.67400584e-07
v 0.205132708 0.289994239 0.694599132
vt 0.0526029989 0.51394701
vn 0.499998771 -0.866026114 3.30591978e-07
v 0.205132708 0.289994239 1.2278188
vt 0.293906003 0.51394701
vn 0.499998896 -0.866026041 6.6336438e-09
v 0.116078138 0.238578706 0.637890737
vt 0.0271380004 0.564029992
vn 0.499998819 -0.866026085 1.67400584e-07
v 0.205132708 0.289994239 1.2278188
vt 0.293906003 0.51394701
vn 0.499998896 -0.866026041 6.6336438e-09
v 0.116078123 0.238578706 1.2278191
vt 0.293906003 0.564029992
vn 0.499998866 -0.866026059 1.26296074e-08
v 0.205132708 0.289994239 1.2278188
vt 0.303146988 0.506264985
vn 0.218047813 -0.377666673 0.899901681
v 0.193880796 0.309483408 1.23872433
vt 0.293906003 0.51394701
vn 0.218048234 -0.37766826 0.899900913
v 0.104826212 0.258067399 1.23872433
vt 0.293906003 0.564029992
vn 0.218047813 -0.377666673 0.899901681
v 0.205132708 0.289994239 1.2278188
vt 0.303146988 0.506264985
vn 0.218047813 -0.377666673 0.899901681
v 0.104826212 0.258067399 1.23872433
vt 0.293906003 0.564029992
vn 0.218047813 -0.377666673 0.899901681
v 0.116078123 0.238578706 1.2278191
vt 0.303146988 0.571712017
vn 0.218047391 -0.377665086 0.899902449
v -0.0204047561 0.258067369 0.637890737
vt 0.0271380004 0.564029992
vn 0.676151071 0.736763008 1.63863542e-07
v -0.0616578609 0.281885236 0.637890737
vt 0.0271380004 0.540250003
vn 0.500005918 0.866021987 6.89786828e-06
v -0.109459326 0.309483408 0.694599132
vt 0.0526029989 0.51394701
vn 0.292625606 0.9560045 -0.0206313041
v -0.0204047561 0.258067369 0.637890737
vt 0.0271380004 0.564029992
vn 0.676151071 0.736763008 1.63863542e-07
v -0.109459326 0.309483408 0.694599132
vt 0.0526029989 0.51394701
vn 0.292625606 0.9560045 -0.0206313041
v -0.109459341 0.309483408 1.23872433
vt 0.293906003 0.51394701
vn 0.315059562 0.9490719 7.1445054e-09
v -0.120711282 0.289994239 0.694599132
vt 0.0451259986 0.506264985
vn -0.865003908 0.499404566 -0.0486139865
v -0.109459341 0.309483408 1.23872433
vt 0.293906003 0.51394701
vn 0.315059562 0.9490719 7.1445054e-09
v -0.109459326 0.309483408 0.694599132
vt 0.0526029989 0.51394701
vn 0.292625606 0.9560045 -0.0206313041
v -0.0729101226 0.262396067 0.637890737
vt 0.0178970005 0.540637016
vn -0.504956692 0.291537709 -0.812418921
v -0.120711282 0.289994239 0.694599132
vt 0.0451259986 0.506264985
vn -0.865003908 0.499404566 -0.0486139865
v -0.109459326 0.309483408 0.694599132
vt 0.0526029989 0.51394701
vn 0.292625606 0.9560045 -0.0206313041
v -0.120711282 0.289994239 0.694599132
vt 0.0451259986 0.506264985
vn -0.865003908 0.499404566 -0.0486139865
v -0.120711282 0.289994239 1.2278191
vt 0.303146988 0.506264985
vn -0.866028015 0.499995477 1.04104596e-16
v -0.109459341 0.309483408 1.23872433
vt 0.293906003 0.51394701
vn 0.315059562 0.9490719 7.1445054e-09
v -0.0204047561 0.258067369 0.637890737
vt 0.0271380004 0.564029992
vn 0.676151071 0.736763008 1.63863542e-07
v -0.109459341 0.309483408 1.23872433
vt 0.293906003 0.51394701
vn 0.315059562 0.9490719 7.1445054e-09
v -0.0204047635 0.258067369 1.23872433
vt 0.293906003 0.564029992
vn 0.673582714 0.73911185 8.35269936e-09
v -0.0316567123 0.238578706 1.2278191
vt 0.303146988 0.571712017
vn 0.866022313 -0.500005353 1.62560678e-08
v -0.0204047561 0.258067369 0.637890737
vt 0.0271380004 0.564029992
vn 0.676151071 0.736763008 1.63863542e-07
v -0.0204047635 0.258067369 1.23872433
vt 0.293906003 0.564029992
vn 0.673582714 0.73911185 8.35269936e-09
v -0.0316567123 0.238578706 1.2278191
vt 0.303146988 0.571712017
vn 0.866022313 -0.500005353 1.62560678e-08
v -0.0316566974 0.238578706 0.637890737
vt 0.0178970005 0.571712971
vn 0.866022387 -0.500005226 2.18750954e-08
v -0.0204047561 0.258067369 0.637890737
vt 0.0271380004 0.564029992
vn 0.676151071 0.736763008 1.63863542e-07
v -0.0316566974 0.238578706 0.637890737
vt 0.0178970005 0.571712971
vn 2.24156319e-16 2.71892609e-15 -1
v -0.0729101226 0.262396067 0.637890737
vt 0.0178970005 0.540637016
vn -0.504956692 0.291537709 -0.812418921
v -0.0616578609 0.281885236 0.637890737
vt 0.0271380004 0.540250003
vn -0.305420421 0.176337456 -0.935747545
v -0.0316566974 0.238578706 0.637890737
vt 0.0178970005 0.571712971
vn 2.24156319e-16 2.71892609e-15 -1
v -0.0616578609 0.281885236 0.637890737
vt 0.0271380004 0.540250003
vn -0.305420421 0.176337456 -0.935747545
v -0.0204047561 0.258067369 0.637890737
vt 0.0271380004 0.564029992
vn 2.46679159e-15 4.27254094e-15 -1
v -0.0729101226 0.262396067 0.637890737
vt 0.0178970005 0.540637016
vn -0.504956692 0.291537709 -0.812418921
v -0.109459326 0.309483408 0.694599132
vt 0.0526029989 0.51394701
vn -0.620587451 0.358302212 -0.697488883
v -0.0616578609 0.281885236 0.637890737
vt 0.0271380004 0.540250003
vn -0.305420421 0.176337456 -0.935747545
v -0.0316566974 0.238578706 0.637890737
vt 0.0271380004 0.564029992
vn -0.49999881 -0.866026091 1.77129289e-07
v -0.120711282 0.289994239 0.694599132
vt 0.0526029989 0.51394701
vn -0.499998686 -0.866026163 3.77211991e-07
v -0.0729101226 0.262396067 0.637890737
vt 0.0271380004 0.540250003
vn -0.499995029 -0.866028274 8.03391693e-06
v -0.0316566974 0.238578706 0.637890737
vt 0.0271380004 0.564029992
vn -0.49999881 -0.866026091 1.77129289e-07
v -0.120711282 0.289994239 1.2278191
vt 0.293906003 0.51394701
vn -0.499998899 -0.86602604 -6.63364246e-09
v -0.120711282 0.289994239 0.694599132
vt 0.0526029989 0.51394701
vn -0.499998686 -0.866026163 3.77211991e-07
v -0.0316566974 0.238578706 0.637890737
vt 0.0271380004 0.564029992
vn -0.49999881 -0.866026091 1.77129289e-07
v -0.0316567123 0.238578706 1.2278191
vt 0.293906003 0.564029992
vn -0.499998929 -0.866026022 -1.26296094e-08
v -0.120711282 0.289994239 1.2278191
vt 0.293906003 0.51394701
vn -0.499998899 -0.86602604 -6.63364246e-09
v -0.120711282 0.289994239 1.2278191
vt 0.303146988 0.506264985
vn -0.218044308 -0.377663054 0.899904049
v -0.0316567123 0.238578706 1.2278191
vt 0.303146988 0.571712017
vn -0.218045216 -0.377666472 0.899902395
v -0.0204047635 0.258067369 1.23872433
vt 0.293906003 0.564029992
vn -0.218044308 -0.377663054 0.899904049
v -0.120711282 0.289994239 1.2278191
vt 0.303146988 0.506264985
vn -0.218044308 -0.377663054 0.899904049
v -0.0204047635 0.258067369 1.23872433
vt 0.293906003 0.564029992
vn -0.218044308 -0.377663054 0.899904049
v -0.109459341 0.309483408 1.23872433
vt 0.293906003 0.51394701
vn -0.2180434 -0.377659637 0.899905703
v 0.0744210035 0.187749594 0.713247399
vt 0.349723995 0.885047019
vn 0 0 -1
v 0.173057303 0.243677452 0.713247399
vt 0.41208601 0.887742996
vn 0 0 -1
v 0.219505489 0.11475934 0.713247399
vt 0.402547002 0.812914014
vn 0 0 -1
v 0.0744210035 0.187749594 0.713247399
vt 0.349723995 0.885047019
vn 0 0 -1
v 0.219505489 0.11475934 0.713247399
vt 0.402547002 0.812914014
vn 0 0 -1
v 0.0857960433 0.0484044695 0.713247399
vt 0.320380986 0.813896
vn 0 0 -1
v 0.0744210035 0.187749594 0.713247399
vt 0.423406988 0.917262971
vn -0.74268471 0.611795735 -0.272259802
v 0.0506214872 0.199649542 0.802370112
vt 0.464895993 0.917262971
vn -0.855039497 0.510534808 -0.0908937256
v 0.184802502 0.2731947 0.802370112
vt 0.464895993 0.994621992
vn 0.611952686 0.784849135 -0.0975999305
v 0.0744210035 0.187749594 0.713247399
vt 0.423406988 0.917262971
vn -0.74268471 0.611795735 -0.272259802
v 0.184802502 0.2731947 0.802370112
vt 0.464895993 0.994621992
vn 0.611952686 0.784849135 -0.0975999305
v 0.173057303 0.243677452 0.713247399
vt 0.423406988 0.979959011
vn 0.742957782 0.608483421 -0.278857778
v 0.173057303 0.243677452 0.713247399
vt 0.423406988 0.979959011
vn 0.742957782 0.608483421 -0.278857778
v 0.184802502 0.2731947 0.802370112
vt 0.464895993 0.994621992
vn 0.611952686 0.784849135 -0.0975999305
v 0.243305311 0.0976050267 0.802370112
vt 0.464895993 0.917262971
vn 0.834515955 -0.543287381 -0.091771142
v 0.173057303 0.243677452 0.713247399
vt 0.423406988 0.979959011
vn 0.742957782 0.608483421 -0.278857778
v 0.243305311 0.0976050267 0.802370112
vt 0.464895993 0.917262971
vn 0.834515955 -0.543287381 -0.091771142
v 0.219505489 0.11475934 0.713247399
vt 0.423406005 0.917262971
vn 0.690772827 -0.667754366 -0.277375212
v 0.219505489 0.11475934 0.713247399
vt 0.423406005 0.917262971
vn 0.690772827 -0.667754366 -0.277375212
v 0.243305311 0.0976050267 0.802370112
vt 0.464895993 0.917262971
vn 0.834515955 -0.543287381 -0.091771142
v 0.0657053515 0.0188866401 0.802370112
vt 0.464895993 0.833052993
vn -0.638768087 -0.759051279 -0.125763617
v 0.219505489 0.11475934 0.713247399
vt 0.423406005 0.917262971
vn 0.690772827 -0.667754366 -0.277375212
v 0.0657053515 0.0188866401 0.802370112
vt 0.464895993 0.833052993
vn -0.638768087 -0.759051279 -0.125763617
v 0.0857960433 0.0484044695 0.713247399
vt 0.423406988 0.848845005
vn -0.793314918 -0.500738369 -0.34628388
v 0.0857960433 0.0484044695 0.713247399
vt 0.423406988 0.848845005
vn -0.793314918 -0.500738369 -0.34628388
v 0.0657053515 0.0188866401 0.802370112
vt 0.464895993 0.833052993
vn -0.638768087 -0.759051279 -0.125763617
v 0.0506214872 0.199649542 0.802370112
vt 0.464895993 0.917262971
vn -0.855039497 0.510534808 -0.0908937256
v 0.0857960433 0.0484044695 0.713247399
vt 0.423406988 0.848845005
vn -0.793314918 -0.500738369 -0.34628388
v 0.0506214872 0.199649542 0.802370112
vt 0.464895993 0.917262971
vn -0.855039497 0.510534808 -0.0908937256
v 0.0744210035 0.187749594 0.713247399
vt 0.423406988 0.917262971
vn -0.74268471 0.611795735 -0.272259802
v 0.0506214872 0.199649542 0.802370112
vt 0.464895993 0.917262971
vn -0.855039497 0.510534808 -0.0908937256
v 0.184802502 0.2731947 0.999646585
vt 0.547951996 0.994621992
vn 0.0868605049 0.996220484 2.72450307e-16
v 0.184802502 0.2731947 0.802370112
vt 0.464895993 0.994621992
vn 0.611952686 0.784849135 -0.0975999305
v 0.0506214872 0.199649542 0.802370112
vt 0.464895993 0.917262971
vn -0.855039497 0.510534808 -0.0908937256
v 0.0506214872 0.199649542 0.999646585
vt 0.547951996 0.917262971
vn -0.972591741 0.232519473 -1.52614081e-08
v 0.184802502 0.2731947 0.999646585
vt 0.547951996 0.994621992
vn 0.0868605049 0.996220484 2.72450307e-16
v 0.0657053515 0.0188866401 0.802370112
vt 0.464895993 0.833052993
vn -0.638768087 -0.759051279 -0.125763617
v 0.0506214872 0.199649542 0.999646585
vt 0.547951996 0.917262971
vn -0.972591741 0.232519473 -1.52614081e-08
v 0.0506214872 0.199649542 0.802370112
vt 0.464895993 0.917262971
vn -0.855039497 0.510534808 -0.0908937256
v 0.184802502 0.2731947 0.802370112
vt 0.464895993 0.994621992
vn 0.611952686 0.784849135 -0.0975999305
v 0.184802502 0.2731947 0.999646585
vt 0.547951996 0.994621992
vn 0.0868605049 0.996220484 2.72450307e-16
v 0.243305296 0.0976050267 0.999646585
vt 0.547951996 0.917262971
vn 0.990212066 -0.139571 4.42453873e-08
v 0.184802502 0.2731947 0.802370112
vt 0.464895993 0.994621992
vn 0.611952686 0.784849135 -0.0975999305
v 0.243305296 0.0976050267 0.999646585
vt 0.547951996 0.917262971
vn 0.990212066 -0.139571 4.42453873e-08
v 0.243305311 0.0976050267 0.802370112
vt 0.464895993 0.917262971
vn 0.834515955 -0.543287381 -0.091771142
v 0.243305311 0.0976050267 0.802370112
vt 0.464895993 0.917262971
vn 0.834515955 -0.543287381 -0.091771142
v 0.243305296 0.0976050267 0.999646585
vt 0.547951996 0.917262971
vn 0.990212066 -0.139571 4.42453873e-08
v 0.0657053441 0.0188866401 0.999646585
vt 0.547951996 0.833052993
vn -0.062870653 -0.998021684 5.63857261e-09
v 0.243305311 0.0976050267 0.802370112
vt 0.464895993 0.917262971
vn 0.834515955 -0.543287381 -0.091771142
v 0.0657053441 0.0188866401 0.999646585
vt 0.547951996 0.833052993
vn -0.062870653 -0.998021684 5.63857261e-09
v 0.0657053515 0.0188866401 0.802370112
vt 0.464895993 0.833052993
vn -0.638768087 -0.759051279 -0.125763617
v 0.0657053515 0.0188866401 0.802370112
vt 0.464895993 0.833052993
vn -0.638768087 -0.759051279 -0.125763617
v 0.0657053441 0.0188866401 0.999646585
vt 0.547951996 0.833052993
vn -0.062870653 -0.998021684 5.63857261e-09
v 0.0506214872 0.199649542 0.999646585
vt 0.547951996 0.917262971
vn -0.972591741 0.232519473 -1.52614081e-08
v 0.0422108769 0.230762362 0.713247399
vt 0.401340991 0.814611018
vn 0 6.55053453e-16 -1
v 0.0422108881 0.400248229 0.713247399
vt 0.341345012 0.888523996
vn 0 6.55053453e-16 -1
v 0.132877991 0.307646334 0.713247399
vt 0.334585011 0.816044986
vn 6.69031937e-16 6.55053409e-16 -1
v 0.0422108769 0.230762362 0.713247399
vt 0.401340991 0.814611018
vn 0 6.55053453e-16 -1
v -0.0484565273 0.307646334 0.713247399
vt 0.413664997 0.880235016
vn -6.69029718e-16 6.55053497e-16 -1
v 0.0422108881 0.400248229 0.713247399
vt 0.341345012 0.888523996
vn 0 6.55053453e-16 -1
v 0.0422108881 0.400248229 0.713247399
vt 0.423406005 0.979959011
vn 0.680807344 0.688906977 -0.248814264
v 0.0422108881 0.429436117 0.802370112
vt 0.464895993 0.994621992
vn 0.656405872 0.754404651 -0.00222566026
v 0.168486103 0.307646334 0.802370112
vt 0.464895993 0.917262971
vn 0.959838107 -0.275619397 -0.052390425
v 0.0422108881 0.400248229 0.713247399
vt 0.423406005 0.979959011
vn 0.680807344 0.688906977 -0.248814264
v 0.168486103 0.307646334 0.802370112
vt 0.464895993 0.917262971
vn 0.959838107 -0.275619397 -0.052390425
v 0.132877991 0.307646334 0.713247399
vt 0.423406988 0.917262971
vn 0.856533178 -0.396287388 -0.330616425
v 0.132877991 0.307646334 0.713247399
vt 0.423406988 0.917262971
vn 0.856533178 -0.396287388 -0.330616425
v 0.168486103 0.307646334 0.802370112
vt 0.464895993 0.917262971
vn 0.959838107 -0.275619397 -0.052390425
v 0.0422108732 0.204201653 0.802370112
vt 0.464895993 0.833052993
vn 0.633990393 -0.771292619 -0.0562483561
v 0.132877991 0.307646334 0.713247399
vt 0.423406988 0.917262971
vn 0.856533178 -0.396287388 -0.330616425
v 0.0422108732 0.204201653 0.802370112
vt 0.464895993 0.833052993
vn 0.633990393 -0.771292619 -0.0562483561
v 0.0422108769 0.230762362 0.713247399
vt 0.423406988 0.848845005
vn 0.630666918 -0.743727826 -0.221648729
v 0.0422108881 0.429436117 0.802370112
vt 0.464895993 0.994621992
vn 0.656405872 0.754404651 -0.00222566026
v 0.168486103 0.307646334 1.31075076
vt 0.681698024 0.917262971
vn 0.930461983 0.365912969 0.0186600319
v 0.168486103 0.307646334 0.802370112
vt 0.464895993 0.917262971
vn 0.959838107 -0.275619397 -0.052390425
v 0.0422108881 0.429436117 0.802370112
vt 0.464895993 0.994621992
vn 0.656405872 0.754404651 -0.00222566026
v 0.0422108807 0.403510838 1.31075076
vt 0.681698024 0.994621992
vn 0.604166561 0.795823932 0.0405836879
v 0.168486103 0.307646334 1.31075076
vt 0.681698024 0.917262971
vn 0.930461983 0.365912969 0.0186600319
v 0.168486103 0.307646334 0.802370112
vt 0.464895993 0.917262971
vn 0.959838107 -0.275619397 -0.052390425
v 0.168486103 0.307646334 1.31075076
vt 0.681698024 0.917262971
vn 0.930461983 0.365912969 0.0186600319
v 0.0422108695 0.204201653 1.31075076
vt 0.681698024 0.833052993
vn 0.633709513 -0.773571104 2.32183475e-09
v 0.168486103 0.307646334 0.802370112
vt 0.464895993 0.917262971
vn 0.959838107 -0.275619397 -0.052390425
v 0.0422108695 0.204201653 1.31075076
vt 0.681698024 0.833052993
vn 0.633709513 -0.773571104 2.32183475e-09
v 0.0422108732 0.204201653 0.802370112
vt 0.464895993 0.833052993
vn 0.633990393 -0.771292619 -0.0562483561
v 0.0422108881 0.400248229 0.713247399
vt 0.423406005 0.979959011
vn -0.680806274 0.688908 -0.24881436
v -0.0484565273 0.307646334 0.713247399
vt 0.423406988 0.917262971
vn -0.856532705 -0.396288105 -0.330616792
v -0.0840646774 0.307646334 0.802370112
vt 0.464895993 0.917262971
vn -0.959837955 -0.275619911 -0.0523905066
v 0.0422108881 0.400248229 0.713247399
vt 0.423406005 0.979959011
vn -0.680806274 0.688908 -0.24881436
v -0.0840646774 0.307646334 0.802370112
vt 0.464895993 0.917262971
vn -0.959837955 -0.275619911 -0.0523905066
v 0.0422108881 0.429436117 0.802370112
vt 0.464895993 0.994621992
vn -0.656404856 0.754405535 -0.00222567279
v -0.0484565273 0.307646334 0.713247399
vt 0.423406988 0.917262971
vn -0.856532705 -0.396288105 -0.330616792
v 0.0422108732 0.204201653 0.802370112
vt 0.464895993 0.833052993
vn -0.633989408 -0.771293426 -0.0562483879
v -0.0840646774 0.307646334 0.802370112
vt 0.464895993 0.917262971
vn -0.959837955 -0.275619911 -0.0523905066
v -0.0484565273 0.307646334 0.713247399
vt 0.423406988 0.917262971
vn -0.856532705 -0.396288105 -0.330616792
v 0.0422108769 0.230762362 0.713247399
vt 0.423406988 0.848845005
vn -0.630665693 -0.743728766 -0.221649061
v 0.0422108732 0.204201653 0.802370112
vt 0.464895993 0.833052993
vn -0.633989408 -0.771293426 -0.0562483879
v 0.0422108881 0.429436117 0.802370112
vt 0.464895993 0.994621992
vn -0.656404856 0.754405535 -0.00222567279
v -0.0840646774 0.307646334 0.802370112
vt 0.464895993 0.917262971
vn -0.959837955 -0.275619911 -0.0523905066
v -0.0840646774 0.307646334 1.31075076
vt 0.681698024 0.917262971
vn -0.930461615 0.365913904 0.0186600659
v 0.0422108881 0.429436117 0.802370112
vt 0.464895993 0.994621992
vn -0.656404856 0.754405535 -0.00222567279
v -0.0840646774 0.307646334 1.31075076
vt 0.681698024 0.917262971
vn -0.930461615 0.365913904 0.0186600659
v 0.0422108807 0.403510838 1.31075076
vt 0.681698024 0.994621992
vn -0.604165542 0.795824704 0.0405837096
v -0.0840646774 0.307646334 0.802370112
vt 0.464895993 0.917262971
vn -0.959837955 -0.275619911 -0.0523905066
v 0.0422108732 0.204201653 0.802370112
vt 0.464895993 0.833052993
vn -0.633989408 -0.771293426 -0.0562483879
v 0.0422108695 0.204201653 1.31075076
vt 0.681698024 0.833052993
vn -0.633708562 -0.773571883 -2.32183161e-09
v -0.0840646774 0.307646334 0.802370112
vt 0.464895993 0.917262971
vn -0.959837955 -0.275619911 -0.0523905066
v 0.0422108695 0.204201653 1.31075076
vt 0.681698024 0.833052993
vn -0.633708562 -0.773571883 -2.32183161e-09
v -0.0840646774 0.307646334 1.31075076
vt 0.681698024 0.917262971
vn -0.930461615 0.365913904 0.0186600659
v 0.0100007914 0.187749594 0.713247399
vt 0.349723995 0.885047019
vn 0 0 -1
v -0.00137462839 0.0484044621 0.713247399
vt 0.320380986 0.813896
vn 0 0 -1
v -0.135084048 0.114759311 0.713247399
vt 0.402547002 0.812914014
vn 0 0 -1
v 0.0100007914 0.187749594 0.713247399
vt 0.349723995 0.885047019
vn 0 0 -1
v -0.135084048 0.114759311 0.713247399
vt 0.402547002 0.812914014
vn 0 0 -1
v -0.0886358768 0.243677437 0.713247399
vt 0.41208601 0.887742996
vn 0 0 -1
v 0.0100007914 0.187749594 0.713247399
vt 0.423406988 0.917262971
vn 0.742684303 0.611796298 -0.272259649
v -0.0886358768 0.243677437 0.713247399
vt 0.423406988 0.979959011
vn -0.742957243 0.608484027 -0.278857892
v -0.100381061 0.27319467 0.802370112
vt 0.464895993 0.994621992
vn -0.611952053 0.784849627 -0.0975999427
v 0.0100007914 0.187749594 0.713247399
vt 0.423406988 0.917262971
vn 0.742684303 0.611796298 -0.272259649
v -0.100381061 0.27319467 0.802370112
vt 0.464895993 0.994621992
vn -0.611952053 0.784849627 -0.0975999427
v 0.0338002592 0.199649542 0.802370112
vt 0.464895993 0.917262971
vn 0.855039411 0.510534957 -0.0908936945
v -0.0886358768 0.243677437 0.713247399
vt 0.423406988 0.979959011
vn -0.742957243 0.608484027 -0.278857892
v -0.158883885 0.0976050044 0.802370112
vt 0.464895993 0.917262971
vn -0.834515962 -0.543287359 -0.0917712115
v -0.100381061 0.27319467 0.802370112
vt 0.464895993 0.994621992
vn -0.611952053 0.784849627 -0.0975999427
v -0.0886358768 0.243677437 0.713247399
vt 0.423406988 0.979959011
vn -0.742957243 0.608484027 -0.278857892
v -0.135084048 0.114759311 0.713247399
vt 0.423406005 0.917262971
vn -0.690772822 -0.667754344 -0.277375278
v -0.158883885 0.0976050044 0.802370112
vt 0.464895993 0.917262971
vn -0.834515962 -0.543287359 -0.0917712115
v -0.135084048 0.114759311 0.713247399
vt 0.423406005 0.917262971
vn -0.690772822 -0.667754344 -0.277375278
v 0.0187160503 0.0188866401 0.802370112
vt 0.464895993 0.833052993
vn 0.6387673 -0.759051961 -0.1257635
v -0.158883885 0.0976050044 0.802370112
vt 0.464895993 0.917262971
vn -0.834515962 -0.543287359 -0.0917712115
v -0.135084048 0.114759311 0.713247399
vt 0.423406005 0.917262971
vn -0.690772822 -0.667754344 -0.277375278
v -0.00137462839 0.0484044621 0.713247399
vt 0.423406988 0.848845005
vn 0.793314122 -0.500739992 -0.346283357
v 0.0187160503 0.0188866401 0.802370112
vt 0.464895993 0.833052993
vn 0.6387673 -0.759051961 -0.1257635
v -0.00137462839 0.0484044621 0.713247399
vt 0.423406988 0.848845005
vn 0.793314122 -0.500739992 -0.346283357
v 0.0100007914 0.187749594 0.713247399
vt 0.423406988 0.917262971
vn 0.742684303 0.611796298 -0.272259649
v 0.0338002592 0.199649542 0.802370112
vt 0.464895993 0.917262971
vn 0.855039411 0.510534957 -0.0908936945
v -0.00137462839 0.0484044621 0.713247399
vt 0.423406988 0.848845005
vn 0.793314122 -0.500739992 -0.346283357
v 0.0338002592 0.199649542 0.802370112
vt 0.464895993 0.917262971
vn 0.855039411 0.510534957 -0.0908936945
v 0.0187160503 0.0188866401 0.802370112
vt 0.464895993 0.833052993
vn 0.6387673 -0.759051961 -0.1257635
v 0.0338002592 0.199649542 0.802370112
vt 0.464895993 0.917262971
vn 0.855039411 0.510534957 -0.0908936945
v -0.100381061 0.27319467 0.802370112
vt 0.464895993 0.994621992
vn -0.611952053 0.784849627 -0.0975999427
v -0.100381061 0.27319467 0.999646585
vt 0.547951996 0.994621992
vn -0.0868604898 0.996220485 2.72450061e-16
v 0.0338002592 0.199649542 0.802370112
vt 0.464895993 0.917262971
vn 0.855039411 0.510534957 -0.0908936945
v -0.100381061 0.27319467 0.999646585
vt 0.547951996 0.994621992
vn -0.0868604898 0.996220485 2.72450061e-16
v 0.0338002592 0.199649542 0.999646585
vt 0.547951996 0.917262971
vn 0.972591936 0.232518657 3.81535312e-09
v 0.0187160503 0.0188866401 0.802370112
vt 0.464895993 0.833052993
vn 0.6387673 -0.759051961 -0.1257635
v 0.0338002592 0.199649542 0.802370112
vt 0.464895993 0.917262971
vn 0.855039411 0.510534957 -0.0908936945
v 0.0338002592 0.199649542 0.999646585
vt 0.547951996 0.917262971
vn 0.972591936 0.232518657 3.81535312e-09
v -0.100381061 0.27319467 0.802370112
vt 0.464895993 0.994621992
vn -0.611952053 0.784849627 -0.0975999427
v -0.158883885 0.0976050044 0.802370112
vt 0.464895993 0.917262971
vn -0.834515962 -0.543287359 -0.0917712115
v -0.158883899 0.0976050044 0.999646585
vt 0.547951996 0.917262971
vn -0.990212085 -0.139570869 -4.42453868e-08
v -0.100381061 0.27319467 0.802370112
vt 0.464895993 0.994621992
vn -0.611952053 0.784849627 -0.0975999427
v -0.158883899 0.0976050044 0.999646585
vt 0.547951996 0.917262971
vn -0.990212085 -0.139570869 -4.42453868e-08
v -0.100381061 0.27319467 0.999646585
vt 0.547951996 0.994621992
vn -0.0868604898 0.996220485 2.72450061e-16
v -0.158883885 0.0976050044 0.802370112
vt 0.464895993 0.917262971
vn -0.834515962 -0.543287359 -0.0917712115
v 0.0187160503 0.0188866401 0.802370112
vt 0.464895993 0.833052993
vn 0.6387673 -0.759051961 -0.1257635
v 0.0187160484 0.0188866401 0.999646585
vt 0.547951996 0.833052993
vn 0.0628707179 -0.99802168 -1.34291587e-08
v -0.158883885 0.0976050044 0.802370112
vt 0.464895993 0.917262971
vn -0.834515962 -0.543287359 -0.0917712115
v 0.0187160484 0.0188866401 0.999646585
vt 0.547951996 0.833052993
vn 0.0628707179 -0.99802168 -1.34291587e-08
v -0.158883899 0.0976050044 0.999646585
vt 0.547951996 0.917262971
vn -0.990212085 -0.139570869 -4.42453868e-08
v 0.0187160503 0.0188866401 0.802370112
vt 0.464895993 0.833052993
vn 0.6387673 -0.759051961 -0.1257635
v 0.0338002592 0.199649542 0.999646585
vt 0.547951996 0.917262971
vn 0.972591936 0.232518657 3.81535312e-09
v 0.0187160484 0.0188866401 0.999646585
vt 0.547951996 0.833052993
vn 0.0628707179 -0.99802168 -1.34291587e-08
v -0.0958801061 0.319797337 1.48505786
vt 0.330426991 0.907893002
vn -0.84196411 0.520818858 0.140869286
v -0.0958801061 0.319797337 1.55735299
vt 0.361945987 0.907893002
vn -0.847292654 -0.226303315 0.480501788
v -0.00326193124 0.404137223 1.60524878
vt 0.379866004 0.955033004
vn -0.721763033 0.428550578 0.543509454
v -0.0958801061 0.319797337 1.48505786
vt 0.330426991 0.907893002
vn -0.84196411 0.520818858 0.140869286
v -0.00326193124 0.404137223 1.60524878
vt 0.379866004 0.955033004
vn -0.721763033 0.428550578 0.543509454
v 0.0422108807 0.454779654 1.57700397
vt 0.366109014 0.981711984
vn -0.703858561 0.710192157 0.0144991428
v -0.0958801061 0.319797337 1.55735299
vt 0.361945987 0.907893002
vn -0.847292654 -0.226303315 0.480501788
v -0.0958801061 0.319797337 1.48505786
vt 0.330426991 0.907893002
vn -0.84196411 0.520818858 0.140869286
v -0.0360368937 0.286547362 1.49207343
vt 0.335714996 0.894520998
vn -0.475278814 -0.735112242 0.483446006
v -0.0958801061 0.319797337 1.55735299
vt 0.361945987 0.907893002
vn -0.847292654 -0.226303315 0.480501788
v -0.0360368937 0.286547362 1.49207343
vt 0.335714996 0.894520998
vn -0.475278814 -0.735112242 0.483446006
v -0.0419162959 0.287306725 1.56491272
vt 0.367134988 0.895305991
vn -0.43179712 -0.414011827 0.801339787
v -0.00326193124 0.404137223 1.60524878
vt 0.379866004 0.955033004
vn -0.721763033 0.428550578 0.543509454
v -0.0958801061 0.319797337 1.55735299
vt 0.361945987 0.907893002
vn -0.847292654 -0.226303315 0.480501788
v -0.0419162959 0.287306725 1.56491272
vt 0.367134988 0.895305991
vn -0.43179712 -0.414011827 0.801339787
v -0.00326193124 0.404137223 1.60524878
vt 0.379866004 0.955033004
vn -0.721763033 0.428550578 0.543509454
v -0.0419162959 0.287306725 1.56491272
vt 0.367134988 0.895305991
vn -0.43179712 -0.414011827 0.801339787
v 0.0422108732 0.37729147 1.62036455
vt 0.395698994 0.955033004
vn -0.402867394 -0.176754833 0.898028725
v -0.0500028878 0.147688999 1.41002692
vt 0.306080014 0.820486009
vn -0.269739109 -0.732089 0.625528983
v -0.0360368937 0.286547362 1.49207343
vt 0.335714996 0.894520998
vn -0.475278814 -0.735112242 0.483446006
v -0.0958801061 0.319797337 1.48505786
vt 0.330426991 0.907893002
vn -0.84196411 0.520818858 0.140869286
v -0.0500028878 0.147688999 1.41002692
vt 0.306080014 0.820486009
vn -0.269739109 -0.732089 0.625528983
v -0.0958801061 0.319797337 1.48505786
vt 0.330426991 0.907893002
vn -0.84196411 0.520818858 0.140869286
v -0.14890486 0.171270996 1.40253777
vt 0.296030015 0.831378996
vn -0.918718775 -0.318184 0.23391185
v -0.14890486 0.171270996 1.40253777
vt 0.296030015 0.831378996
vn -0.918718775 -0.318184 0.23391185
v -0.0958801061 0.319797337 1.48505786
vt 0.330426991 0.907893002
vn -0.84196411 0.520818858 0.140869286
v -0.112385482 0.278209626 1.22551994
vt 0.217772007 0.885406017
vn -0.877470424 0.479039869 -0.0238003801
v -0.14890486 0.171270996 1.40253777
vt 0.296030015 0.831378996
vn -0.918718775 -0.318184 0.23391185
v -0.112385482 0.278209626 1.22551994
vt 0.217772007 0.885406017
vn -0.877470424 0.479039869 -0.0238003801
v -0.14890486 0.171270996 1.23757828
vt 0.224112004 0.831378996
vn -0.984253487 0.101829614 0.14448461
v -0.14890486 0.171270996 1.40253777
vt 0.296030015 0.831378996
vn -0.918718775 -0.318184 0.23391185
v -0.14890486 0.171270996 1.23757828
vt 0.224112004 0.831378996
vn -0.984253487 0.101829614 0.14448461
v -0.0498923138 0.14748241 1.24453009
vt 0.228617996 0.816772997
vn -0.233889834 -0.972129037 0.0161456122
v -0.14890486 0.171270996 1.40253777
vt 0.296030015 0.831378996
vn -0.918718775 -0.318184 0.23391185
v -0.0498923138 0.14748241 1.24453009
vt 0.228617996 0.816772997
vn -0.233889834 -0.972129037 0.0161456122
v -0.0500028878 0.147688999 1.41002692
vt 0.306080014 0.820486009
vn -0.269739109 -0.732089 0.625528983
v -0.14890486 0.171270996 1.23757828
vt 0.224112004 0.831378996
vn -0.984253487 0.101829614 0.14448461
v 0.042210862 0.119524642 1.21945978
vt 0.223231003 0.777154028
vn -0.0442963982 -0.558014532 0.828648062
v -0.0498923138 0.14748241 1.24453009
vt 0.228617996 0.816772997
vn -0.233889834 -0.972129037 0.0161456122
v -0.176264569 0.0906049678 1.1937363
vt 0.205807999 0.789496005
vn -0.691969418 -0.68047262 0.241112709
v 0.042210862 0.119524642 1.21945978
vt 0.223231003 0.777154028
vn -0.0442963982 -0.558014532 0.828648062
v -0.14890486 0.171270996 1.23757828
vt 0.224112004 0.831378996
vn -0.984253487 0.101829614 0.14448461
v -0.148904845 0.184167623 0.802431922
vt 0.0344129987 0.835695982
vn -0.821027222 0.55969213 -0.112512311
v -0.176264569 0.0906049678 1.1937363
vt 0.205807999 0.789496005
vn -0.691969418 -0.68047262 0.241112709
v -0.14890486 0.171270996 1.23757828
vt 0.224112004 0.831378996
vn -0.984253487 0.101829614 0.14448461
v -0.148904845 0.184167623 0.802431922
vt 0.0344129987 0.835695982
vn -0.821027222 0.55969213 -0.112512311
v -0.176264569 0.0906049678 0.802431922
vt 0.0352080017 0.789496005
vn -0.93726441 -0.324700237 -0.126906194
v -0.176264569 0.0906049678 1.1937363
vt 0.205807999 0.789496005
vn -0.691969418 -0.68047262 0.241112709
v -0.176264569 0.0906049678 1.1937363
vt 0.205807999 0.789496005
vn -0.691969418 -0.68047262 0.241112709
v -0.176264569 0.0906049678 0.802431922
vt 0.0352080017 0.789496005
vn -0.93726441 -0.324700237 -0.126906194
v -0.101529136 0.0540341208 0.802431922
vt 0.0326969996 0.763934016
vn -0.352209843 -0.931566929 -0.0901736243
v -0.176264569 0.0906049678 1.1937363
vt 0.205807999 0.789496005
vn -0.691969418 -0.68047262 0.241112709
v -0.101529136 0.0540341208 0.802431922
vt 0.0326969996 0.763934016
vn -0.352209843 -0.931566929 -0.0901736243
v -0.0275828466 0.0222368533 0.946119051
vt 0.0928609967 0.735651016
vn -0.270450117 -0.959399265 -0.080061135
v -0.176264569 0.0906049678 0.802431922
vt 0.0352080017 0.789496005
vn -0.93726441 -0.324700237 -0.126906194
v -0.148904845 0.184167623 0.802431922
vt 0.0344129987 0.835695982
vn -0.821027222 0.55969213 -0.112512311
v -0.109590307 0.179387748 0.791277091
vt 0.0263650008 0.835723996
vn -0.183989314 0.719803737 -0.669350815
v -0.176264569 0.0906049678 0.802431922
vt 0.0352080017 0.789496005
vn -0.93726441 -0.324700237 -0.126906194
v -0.109590307 0.179387748 0.791277091
vt 0.0263650008 0.835723996
vn -0.183989314 0.719803737 -0.669350815
v -0.149219334 0.102554425 0.78607754
vt 0.0263650008 0.790804982
vn -0.302286365 -0.212067346 -0.929327926
v -0.101529136 0.0540341208 0.802431922
vt 0.0326969996 0.763934016
vn -0.352209843 -0.931566929 -0.0901736243
v -0.176264569 0.0906049678 0.802431922
vt 0.0352080017 0.789496005
vn -0.93726441 -0.324700237 -0.126906194
v -0.149219334 0.102554425 0.78607754
vt 0.0263650008 0.790804982
vn -0.302286365 -0.212067346 -0.929327926
v -0.0275828466 0.0222368533 0.946119051
vt 0.0928609967 0.735651016
vn -0.270450117 -0.959399265 -0.080061135
v -0.101529136 0.0540341208 0.802431922
vt 0.0326969996 0.763934016
vn -0.352209843 -0.931566929 -0.0901736243
v -0.0785768107 0.0860374937 0.79007868
vt 0.0235920008 0.755060971
vn 0.523398137 -0.629772465 -0.57396954
v -0.101529136 0.0540341208 0.802431922
vt 0.0326969996 0.763934016
vn -0.352209843 -0.931566929 -0.0901736243
v -0.149219334 0.102554425 0.78607754
vt 0.0263650008 0.790804982
vn -0.302286365 -0.212067346 -0.929327926
v -0.0785768107 0.0860374937 0.79007868
vt 0.0235920008 0.755060971
vn 0.523398137 -0.629772465 -0.57396954
v -0.0275828466 0.0222368533 0.946119051
vt 0.0928609967 0.735651016
vn -0.270450117 -0.959399265 -0.080061135
v -0.0785768107 0.0860374937 0.79007868
vt 0.0235920008 0.755060971
vn 0.523398137 -0.629772465 -0.57396954
v -0.00145199895 0.0527760306 0.934774141
vt 0.0867080018 0.714707971
vn 0.580872519 -0.669185859 -0.46344083
v 0.042210862 0.119524642 1.21945978
vt 0.223231003 0.777154028
vn -0.0442963982 -0.558014532 0.828648062
v -0.176264569 0.0906049678 1.1937363
vt 0.205807999 0.789496005
vn -0.691969418 -0.68047262 0.241112709
v 0.0422108546 -0.0100200033 1.13347612
vt 0.184274003 0.72528398
vn -0.0248889392 -0.552838269 0.832916796
v -0.148904845 0.184167623 0.802431922
vt 0.0344129987 0.835695982
vn -0.821027222 0.55969213 -0.112512311
v 0.0422105491 0.223432302 0.935671191
vt 0.0799119994 0.872712016
vn -0.00989235006 0.897718472 -0.440458496
v -0.109590307 0.179387748 0.791277091
vt 0.0263650008 0.835723996
vn -0.183989314 0.719803737 -0.669350815
v -0.148904845 0.184167623 0.802431922
vt 0.0344129987 0.835695982
vn -0.821027222 0.55969213 -0.112512311
v -0.129851282 0.225052922 0.945294659
vt 0.0961159989 0.857365012
vn -0.620116423 0.738406642 -0.264974063
v 0.0422105491 0.223432302 0.935671191
vt 0.0799119994 0.872712016
vn -0.00989235006 0.897718472 -0.440458496
v -0.14890486 0.171270996 1.23757828
vt 0.224112004 0.831378996
vn -0.984253487 0.101829614 0.14448461
v -0.129851282 0.225052922 0.945294659
vt 0.0961159989 0.857365012
vn -0.620116423 0.738406642 -0.264974063
v -0.148904845 0.184167623 0.802431922
vt 0.0344129987 0.835695982
vn -0.821027222 0.55969213 -0.112512311
v -0.14890486 0.171270996 1.23757828
vt 0.224112004 0.831378996
vn -0.984253487 0.101829614 0.14448461
v -0.112385482 0.278209626 1.22551994
vt 0.217772007 0.885406017
vn -0.877470424 0.479039869 -0.0238003801
v -0.112385482 0.278209626 0.979034047
vt 0.110310003 0.885406017
vn -0.889467122 0.417327005 -0.186242879
v 0.0422105491 0.223432302 0.935671191
vt 0.0799119994 0.872712016
vn -0.00989235006 0.897718472 -0.440458496
v -0.129851282 0.225052922 0.945294659
vt 0.0961159989 0.857365012
vn -0.620116423 0.738406642 -0.264974063
v -0.112385482 0.278209626 0.979034047
vt 0.110310003 0.885406017
vn -0.889467122 0.417327005 -0.186242879
v -0.14890486 0.171270996 1.23757828
vt 0.224112004 0.831378996
vn -0.984253487 0.101829614 0.14448461
v -0.112385482 0.278209626 0.979034047
vt 0.110310003 0.885406017
vn -0.889467122 0.417327005 -0.186242879
v -0.129851282 0.225052922 0.945294659
vt 0.0961159989 0.857365012
vn -0.620116423 0.738406642 -0.264974063
v -0.176264569 0.0906049678 1.1937363
vt 0.205807999 0.789496005
vn -0.691969418 -0.68047262 0.241112709
v -0.0275828466 0.0222368533 0.946119051
vt 0.0928609967 0.735651016
vn -0.270450117 -0.959399265 -0.080061135
v 0.0422108583 -0.0100200033 0.988380115
vt 0.108943 0.72528398
vn -0.418648965 -0.908148052 -0.000399988571
v -0.176264569 0.0906049678 1.1937363
vt 0.205807999 0.789496005
vn -0.691969418 -0.68047262 0.241112709
v 0.0422108583 -0.0100200033 0.988380115
vt 0.108943 0.72528398
vn -0.418648965 -0.908148052 -0.000399988571
v 0.0422108546 -0.0100200033 1.13347612
vt 0.184274003 0.72528398
vn -0.418338859 -0.908291032 -1.07407075e-08
v -0.0958801061 0.319797337 1.48505786
vt 0.330426991 0.907893002
vn -0.84196411 0.520818858 0.140869286
v 0.0422105603 0.454779654 1.332153
vt 0.259359986 0.981711984
vn -0.73201012 0.678452047 -0.0621611105
v -0.112385482 0.278209626 1.22551994
vt 0.217772007 0.885406017
vn -0.877470424 0.479039869 -0.0238003801
v -0.0958801061 0.319797337 1.48505786
vt 0.330426991 0.907893002
vn -0.84196411 0.520818858 0.140869286
v 0.0422108807 0.454779654 1.57700397
vt 0.366109014 0.981711984
vn -0.703858561 0.710192157 0.0144991428
v 0.0422105603 0.454779654 1.332153
vt 0.259359986 0.981711984
vn -0.699012089 0.715109851 9.14621549e-07
v 0.180301532 0.319797366 1.48505786
vt 0.330426991 0.907893002
vn 0.841964082 0.520819078 0.140868635
v 0.0422108807 0.454779654 1.57700397
vt 0.366109014 0.981711984
vn 0.665929108 0.73516921 0.126746425
v 0.0876833647 0.404137223 1.60524878
vt 0.379866004 0.955033004
vn 0.652184529 0.452648234 0.608082985
v 0.180301532 0.319797366 1.48505786
vt 0.330426991 0.907893002
vn 0.841964082 0.520819078 0.140868635
v 0.0876833647 0.404137223 1.60524878
vt 0.379866004 0.955033004
vn 0.652184529 0.452648234 0.608082985
v 0.180301532 0.319797366 1.55735297
vt 0.361945987 0.907893002
vn 0.847292582 -0.226303524 0.480501817
v 0.180301532 0.319797366 1.55735297
vt 0.361945987 0.907893002
vn 0.847292582 -0.226303524 0.480501817
v 0.120458305 0.286547362 1.49207343
vt 0.335714996 0.894520998
vn 0.475279162 -0.735112582 0.483445147
v 0.180301532 0.319797366 1.48505786
vt 0.330426991 0.907893002
vn 0.841964082 0.520819078 0.140868635
v 0.180301532 0.319797366 1.55735297
vt 0.361945987 0.907893002
vn 0.847292582 -0.226303524 0.480501817
v 0.126337707 0.287306725 1.56491271
vt 0.367134988 0.895305991
vn 0.431798109 -0.414011996 0.801339167
v 0.120458305 0.286547362 1.49207343
vt 0.335714996 0.894520998
vn 0.475279162 -0.735112582 0.483445147
v 0.0876833647 0.404137223 1.60524878
vt 0.379866004 0.955033004
vn 0.652184529 0.452648234 0.608082985
v 0.126337707 0.287306725 1.56491271
vt 0.367134988 0.895305991
vn 0.431798109 -0.414011996 0.801339167
v 0.180301532 0.319797366 1.55735297
vt 0.361945987 0.907893002
vn 0.847292582 -0.226303524 0.480501817
v 0.0876833647 0.404137223 1.60524878
vt 0.379866004 0.955033004
vn 0.652184529 0.452648234 0.608082985
v 0.0422108732 0.37729147 1.62036455
vt 0.395698994 0.955033004
vn 0.204080944 0.192956767 0.959749266
v 0.126337707 0.287306725 1.56491271
vt 0.367134988 0.895305991
vn 0.431798109 -0.414011996 0.801339167
v 0.0422108732 0.37729147 1.62036455
vt 0.395698994 0.955033004
vn 0.204080944 0.192956767 0.959749266
v 0.0876833647 0.404137223 1.60524878
vt 0.379866004 0.955033004
vn 0.652184529 0.452648234 0.608082985
v 0.0422108807 0.454779654 1.57700397
vt 0.366109014 0.981711984
vn 0.665929108 0.73516921 0.126746425
v 0.134424299 0.147689342 1.41002692
vt 0.306080014 0.820486009
vn 0.269737323 -0.732089429 0.625529251
v 0.180301532 0.319797366 1.48505786
vt 0.330426991 0.907893002
vn 0.841964082 0.520819078 0.140868635
v 0.120458305 0.286547362 1.49207343
vt 0.335714996 0.894520998
vn 0.475279162 -0.735112582 0.483445147
v 0.134424299 0.147689342 1.41002692
vt 0.306080014 0.820486009
vn 0.269737323 -0.732089429 0.625529251
v 0.233326286 0.171271026 1.40253777
vt 0.296030015 0.831378996
vn 0.918718523 -0.318184383 0.233912321
v 0.180301532 0.319797366 1.48505786
vt 0.330426991 0.907893002
vn 0.841964082 0.520819078 0.140868635
v 0.233326286 0.171271026 1.40253777
vt 0.296030015 0.831378996
vn 0.918718523 -0.318184383 0.233912321
v 0.196806908 0.278209626 1.22551994
vt 0.217772007 0.885406017
vn 0.547281984 0.794624544 -0.262781781
v 0.180301532 0.319797366 1.48505786
vt 0.330426991 0.907893002
vn 0.841964082 0.520819078 0.140868635
v 0.233326286 0.171271026 1.40253777
vt 0.296030015 0.831378996
vn 0.918718523 -0.318184383 0.233912321
v 0.233326286 0.171271026 1.23757828
vt 0.224112004 0.831378996
vn 0.984253486 0.101829706 0.144484555
v 0.196806908 0.278209626 1.22551994
vt 0.217772007 0.885406017
vn 0.547281984 0.794624544 -0.262781781
v 0.233326286 0.171271026 1.40253777
vt 0.296030015 0.831378996
vn 0.918718523 -0.318184383 0.233912321
v 0.134424299 0.147689342 1.41002692
vt 0.306080014 0.820486009
vn 0.269737323 -0.732089429 0.625529251
v 0.134313732 0.147482424 1.24453009
vt 0.228617996 0.816772997
vn 0.233888629 -0.972129309 0.0161467072
v 0.233326286 0.171271026 1.40253777
vt 0.296030015 0.831378996
vn 0.918718523 -0.318184383 0.233912321
v 0.134313732 0.147482424 1.24453009
vt 0.228617996 0.816772997
vn 0.233888629 -0.972129309 0.0161467072
v 0.233326286 0.171271026 1.23757828
vt 0.224112004 0.831378996
vn 0.984253486 0.101829706 0.144484555
v 0.042210862 0.119524642 1.21945978
vt 0.223231003 0.777154028
vn 0.0442965332 -0.558014482 0.828648089
v 0.233326286 0.171271026 1.23757828
vt 0.224112004 0.831378996
vn 0.984253486 0.101829706 0.144484555
v 0.134313732 0.147482424 1.24453009
vt 0.228617996 0.816772997
vn 0.233888629 -0.972129309 0.0161467072
v 0.042210862 0.119524642 1.21945978
vt 0.223231003 0.777154028
vn 0.0442965332 -0.558014482 0.828648089
v 0.26068598 0.0906049976 1.1937363
vt 0.205807999 0.789496005
vn 0.691969877 -0.680472263 0.241112399
v 0.233326286 0.171271026 1.23757828
vt 0.224112004 0.831378996
vn 0.984253486 0.101829706 0.144484555
v 0.233326301 0.184167653 0.802431922
vt 0.0344129987 0.835695982
vn 0.821027088 0.559692298 -0.112512455
v 0.233326286 0.171271026 1.23757828
vt 0.224112004 0.831378996
vn 0.984253486 0.101829706 0.144484555
v 0.26068598 0.0906049976 1.1937363
vt 0.205807999 0.789496005
vn 0.691969877 -0.680472263 0.241112399
v 0.233326301 0.184167653 0.802431922
vt 0.0344129987 0.835695982
vn 0.821027088 0.559692298 -0.112512455
v 0.26068598 0.0906049976 1.1937363
vt 0.205807999 0.789496005
vn 0.691969877 -0.680472263 0.241112399
v 0.26068598 0.0906049902 0.802431922
vt 0.0352080017 0.789496005
vn 0.937264434 -0.324700477 -0.126905406
v 0.26068598 0.0906049976 1.1937363
vt 0.205807999 0.789496005
vn 0.691969877 -0.680472263 0.241112399
v 0.185950547 0.0540341431 0.802431922
vt 0.0326969996 0.763934016
vn 0.352209886 -0.931566917 -0.090173581
v 0.26068598 0.0906049902 0.802431922
vt 0.0352080017 0.789496005
vn 0.937264434 -0.324700477 -0.126905406
v 0.26068598 0.0906049976 1.1937363
vt 0.205807999 0.789496005
vn 0.691969877 -0.680472263 0.241112399
v 0.112004265 0.0222368682 0.946119051
vt 0.0928609967 0.735651016
vn 0.243538205 -0.95358216 -0.177116364
v 0.185950547 0.0540341431 0.802431922
vt 0.0326969996 0.763934016
vn 0.352209886 -0.931566917 -0.090173581
v 0.26068598 0.0906049902 0.802431922
vt 0.0352080017 0.789496005
vn 0.937264434 -0.324700477 -0.126905406
v 0.194011748 0.179387763 0.791277091
vt 0.0263650008 0.835723996
vn 0.183989303 0.719805226 -0.669349216
v 0.233326301 0.184167653 0.802431922
vt 0.0344129987 0.835695982
vn 0.821027088 0.559692298 -0.112512455
v 0.26068598 0.0906049902 0.802431922
vt 0.0352080017 0.789496005
vn 0.937264434 -0.324700477 -0.126905406
v 0.233641118 0.10255444 0.78607754
vt 0.0263650008 0.790804982
vn 0.30228784 -0.212068517 -0.929327179
v 0.194011748 0.179387763 0.791277091
vt 0.0263650008 0.835723996
vn 0.183989303 0.719805226 -0.669349216
v 0.185950547 0.0540341431 0.802431922
vt 0.0326969996 0.763934016
vn 0.352209886 -0.931566917 -0.090173581
v 0.233641118 0.10255444 0.78607754
vt 0.0263650008 0.790804982
vn 0.30228784 -0.212068517 -0.929327179
v 0.26068598 0.0906049902 0.802431922
vt 0.0352080017 0.789496005
vn 0.937264434 -0.324700477 -0.126905406
v 0.112004265 0.0222368682 0.946119051
vt 0.0928609967 0.735651016
vn 0.243538205 -0.95358216 -0.177116364
v 0.162998229 0.086037516 0.79007868
vt 0.0235920008 0.755060971
vn -0.523397732 -0.629772435 -0.573969943
v 0.185950547 0.0540341431 0.802431922
vt 0.0326969996 0.763934016
vn 0.352209886 -0.931566917 -0.090173581
v 0.185950547 0.0540341431 0.802431922
vt 0.0326969996 0.763934016
vn 0.352209886 -0.931566917 -0.090173581
v 0.162998229 0.086037516 0.79007868
vt 0.0235920008 0.755060971
vn -0.523397732 -0.629772435 -0.573969943
v 0.233641118 0.10255444 0.78607754
vt 0.0263650008 0.790804982
vn 0.30228784 -0.212068517 -0.929327179
v 0.112004265 0.0222368682 0.946119051
vt 0.0928609967 0.735651016
vn 0.243538205 -0.95358216 -0.177116364
v 0.0858734027 0.0527760381 0.934774141
vt 0.0867080018 0.714707971
vn -0.308415952 -0.551755772 -0.774883971
v 0.162998229 0.086037516 0.79007868
vt 0.0235920008 0.755060971
vn -0.523397732 -0.629772435 -0.573969943
v 0.26068598 0.0906049976 1.1937363
vt 0.205807999 0.789496005
vn 0.691969877 -0.680472263 0.241112399
v 0.042210862 0.119524642 1.21945978
vt 0.223231003 0.777154028
vn 0.0442965332 -0.558014482 0.828648089
v 0.0422108546 -0.0100200033 1.13347612
vt 0.184274003 0.72528398
vn 0.0248890498 -0.552838269 0.832916792
v 0.233326301 0.184167653 0.802431922
vt 0.0344129987 0.835695982
vn 0.821027088 0.559692298 -0.112512455
v 0.194011748 0.179387763 0.791277091
vt 0.0263650008 0.835723996
vn 0.183989303 0.719805226 -0.669349216
v 0.0422105491 0.223432302 0.935671191
vt 0.0799119994 0.872712016
vn 0.00670367453 0.822401158 -0.568868522
v 0.233326301 0.184167653 0.802431922
vt 0.0344129987 0.835695982
vn 0.821027088 0.559692298 -0.112512455
v 0.0422105491 0.223432302 0.935671191
vt 0.0799119994 0.872712016
vn 0.00670367453 0.822401158 -0.568868522
v 0.214272738 0.225052952 0.945294659
vt 0.0961159989 0.857365012
vn 0.620115706 0.738407171 -0.264974264
v 0.233326286 0.171271026 1.23757828
vt 0.224112004 0.831378996
vn 0.984253486 0.101829706 0.144484555
v 0.233326301 0.184167653 0.802431922
vt 0.0344129987 0.835695982
vn 0.821027088 0.559692298 -0.112512455
v 0.214272738 0.225052952 0.945294659
vt 0.0961159989 0.857365012
vn 0.620115706 0.738407171 -0.264974264
v 0.0858734027 0.0527760381 0.934774141
vt 0.0867080018 0.714707971
vn -0.308415952 -0.551755772 -0.774883971
v 0.112004265 0.0222368682 0.946119051
vt 0.0928609967 0.735651016
vn 0.243538205 -0.95358216 -0.177116364
v -0.0275828466 0.0222368533 0.946119051
vt 0.106737003 0.684283018
vn 6.20736094e-08 -0.595453712 -0.803389617
v 0.0858734027 0.0527760381 0.934774141
vt 0.0867080018 0.714707971
vn -0.308415952 -0.551755772 -0.774883971
v -0.0275828466 0.0222368533 0.946119051
vt 0.106737003 0.684283018
vn 6.20736094e-08 -0.595453712 -0.803389617
v -0.00145199895 0.0527760306 0.934774141
vt 0.0966169983 0.685294986
vn 2.9711298e-08 -0.348234744 -0.937407362
v 0.112004265 0.0222368682 0.946119051
vt 0.0928609967 0.735651016
vn 0.243538205 -0.95358216 -0.177116364
v 0.0422108583 -0.0100200033 0.988380115
vt 0.108943 0.72528398
vn 0.383615073 -0.920973973 -0.0681646302
v -0.0275828466 0.0222368533 0.946119051
vt 0.106737003 0.684283018
vn 6.20736094e-08 -0.595453712 -0.803389617
v 0.26068598 0.0906049976 1.1937363
vt 0.205807999 0.789496005
vn 0.691969877 -0.680472263 0.241112399
v 0.0422108583 -0.0100200033 0.988380115
vt 0.108943 0.72528398
vn 0.383615073 -0.920973973 -0.0681646302
v 0.112004265 0.0222368682 0.946119051
vt 0.0928609967 0.735651016
vn 0.243538205 -0.95358216 -0.177116364
v 0.26068598 0.0906049976 1.1937363
vt 0.205807999 0.789496005
vn 0.691969877 -0.680472263 0.241112399
v 0.0422108546 -0.0100200033 1.13347612
vt 0.184274003 0.72528398
vn 0.418339427 -0.90829077 1.07407215e-08
v 0.0422108583 -0.0100200033 0.988380115
vt 0.108943 0.72528398
vn 0.383615073 -0.920973973 -0.0681646302
v 0.0422105491 0.223432302 0.935671191
vt 0.0799119994 0.872712016
vn 0.00670367453 0.822401158 -0.568868522
v 0.196806908 0.278209626 0.979034047
vt 0.110310003 0.885406017
vn 0.22826528 0.964147883 -0.135328571
v 0.214272738 0.225052952 0.945294659
vt 0.0961159989 0.857365012
vn 0.620115706 0.738407171 -0.264974264
v 0.0422105491 0.223432302 0.935671191
vt 0.0799119994 0.872712016
vn 0.00670367453 0.822401158 -0.568868522
v -0.112385482 0.278209626 0.979034047
vt 0.100096002 0.907540023
vn 0 0.982606713 -0.185698808
v 0.196806908 0.278209626 0.979034047
vt 0.110310003 0.885406017
vn 0.22826528 0.964147883 -0.135328571
v 0.196806908 0.278209626 0.979034047
vt 0.110310003 0.885406017
vn 0.22826528 0.964147883 -0.135328571
v -0.112385482 0.278209626 0.979034047
vt 0.100096002 0.907540023
vn 0 0.982606713 -0.185698808
v -0.112385482 0.278209626 1.22551994
vt 0.207558006 0.907540023
vn 0 0.959272051 -0.282483863
v 0.196806908 0.278209626 0.979034047
vt 0.110310003 0.885406017
vn 0.22826528 0.964147883 -0.135328571
v -0.112385482 0.278209626 1.22551994
vt 0.207558006 0.907540023
vn 0 0.959272051 -0.282483863
v 0.196806908 0.278209626 1.22551994
vt 0.217772007 0.885406017
vn 0.547281984 0.794624544 -0.262781781
v 0.196806908 0.278209626 1.22551994
vt 0.217772007 0.885406017
vn 0.547281984 0.794624544 -0.262781781
v -0.112385482 0.278209626 1.22551994
vt 0.207558006 0.907540023
vn 0 0.959272051 -0.282483863
v 0.0422105603 0.454779654 1.332153
vt 0.259359986 0.981711984
vn 0 0.516957023 -0.856011353
v 0.233326286 0.171271026 1.23757828
vt 0.224112004 0.831378996
vn 0.984253486 0.101829706 0.144484555
v 0.214272738 0.225052952 0.945294659
vt 0.0961159989 0.857365012
vn 0.620115706 0.738407171 -0.264974264
v 0.196806908 0.278209626 0.979034047
vt 0.110310003 0.885406017
vn 0.22826528 0.964147883 -0.135328571
v 0.233326286 0.171271026 1.23757828
vt 0.224112004 0.831378996
vn 0.984253486 0.101829706 0.144484555
v 0.196806908 0.278209626 0.979034047
vt 0.110310003 0.885406017
vn 0.22826528 0.964147883 -0.135328571
v 0.196806908 0.278209626 1.22551994
vt 0.217772007 0.885406017
vn 0.547281984 0.794624544 -0.262781781
v 0.180301532 0.319797366 1.48505786
vt 0.330426991 0.907893002
vn 0.841964082 0.520819078 0.140868635
v 0.196806908 0.278209626 1.22551994
vt 0.217772007 0.885406017
vn 0.547281984 0.794624544 -0.262781781
v 0.0422105603 0.454779654 1.332153
vt 0.259359986 0.981711984
vn 0.717543362 0.695689314 -0.0338807099
v 0.180301532 0.319797366 1.48505786
vt 0.330426991 0.907893002
vn 0.841964082 0.520819078 0.140868635
v 0.0422105603 0.454779654 1.332153
vt 0.259359986 0.981711984
vn 0.717543362 0.695689314 -0.0338807099
v 0.0422108807 0.454779654 1.57700397
vt 0.366109014 0.981711984
vn 0.665929108 0.73516921 0.126746425
v 0.0422108732 0.37729147 1.62036455
vt 0.395698994 0.955033004
vn 0.204080944 0.192956767 0.959749266
v 0.0422108807 0.454779654 1.57700397
vt 0.366109014 0.981711984
vn 0.665929108 0.73516921 0.126746425
v -0.00326193124 0.404137223 1.60524878
vt 0.392286003 0.981711984
vn -0.00179457337 0.488321293 0.872662073
v 0.0422108918 0.45474407 0.799010794
vt 0.0261119995 0.997303009
vn 0 0.999998011 0.00199469418
v -0.00255558267 0.408339261 0.799010794
vt 0.0283470005 0.970579982
vn -0.816070827 0.573803592 -0.0691219473
v 0.0226762537 0.433238893 1.24210064
vt 0.220718995 0.985798001
vn -0.723893212 0.688505144 0.044037299
v 0.0422108918 0.45474407 0.799010794
vt 0.0261119995 0.997303009
vn 0 0.999998011 0.00199469418
v 0.0226762537 0.433238893 1.24210064
vt 0.220718995 0.985798001
vn -0.723893212 0.688505144 0.044037299
v 0.0422108844 0.45474407 1.22627039
vt 0.213196993 0.997303009
vn 0 0.998824274 0.0484775112
v 0.0226762537 0.433238893 1.24210064
vt 0.220718995 0.985798001
vn -0.723893212 0.688505144 0.044037299
v -0.00255558267 0.408339261 0.799010794
vt 0.0283470005 0.970579982
vn -0.816070827 0.573803592 -0.0691219473
v -0.0456939414 0.366864263 0.94751678
vt 0.0944690034 0.948118985
vn -0.867381537 0.476041314 -0.145030814
v -0.0456939414 0.366864263 0.94751678
vt 0.0944690034 0.948118985
vn -0.867381537 0.476041314 -0.145030814
v -0.00255558267 0.408339261 0.799010794
vt 0.0283470005 0.970579982
vn -0.816070827 0.573803592 -0.0691219473
v 0.0422108844 0.34863305 0.787230353
vt 0.0149410004 0.950046003
vn -0.810168602 -0.433078844 -0.39505639
v -0.0456939414 0.366864263 0.94751678
vt 0.0944690034 0.948118985
vn -0.867381537 0.476041314 -0.145030814
v 0.0422108844 0.34863305 0.787230353
vt 0.0149410004 0.950046003
vn -0.810168602 -0.433078844 -0.39505639
v -0.0298972577 0.333628535 0.936983506
vt 0.0904830024 0.937048972
vn -0.741984864 -0.301720268 -0.598684676
v 0.0226762537 0.433238893 1.24210064
vt 0.220718995 0.985798001
vn -0.723893212 0.688505144 0.044037299
v -0.0456939414 0.366864263 0.94751678
vt 0.0944690034 0.948118985
vn -0.867381537 0.476041314 -0.145030814
v -0.0847625285 0.325711905 0.984036188
vt 0.111634001 0.926340997
vn -0.869902445 0.487378787 -0.0757076939
v -0.0847625285 0.325711905 0.984036188
vt 0.111634001 0.926340997
vn -0.869902445 0.487378787 -0.0757076939
v -0.0456939414 0.366864263 0.94751678
vt 0.0944690034 0.948118985
vn -0.867381537 0.476041314 -0.145030814
v -0.0298972577 0.333628535 0.936983506
vt 0.0904830024 0.937048972
vn -0.741984864 -0.301720268 -0.598684676
v 0.0226762537 0.433238893 1.24210064
vt 0.220718995 0.985798001
vn -0.723893212 0.688505144 0.044037299
v -0.0847625285 0.325711905 0.984036188
vt 0.111634001 0.926340997
vn -0.869902445 0.487378787 -0.0757076939
v -0.0847625285 0.325711905 1.17897202
vt 0.196621001 0.926340997
vn -0.952911007 0.126071563 0.275801691
v 0.0226762537 0.433238893 1.24210064
vt 0.220718995 0.985798001
vn -0.723893212 0.688505144 0.044037299
v -0.0847625285 0.325711905 1.17897202
vt 0.196621001 0.926340997
vn -0.952911007 0.126071563 0.275801691
v 0.0422108807 0.40367341 1.25733719
vt 0.232088998 0.979200006
vn -0.459211298 -0.134699007 0.87805533
v 0.0422108807 0.40367341 1.25733719
vt 0.232088998 0.979200006
vn -0.459211298 -0.134699007 0.87805533
v -0.0847625285 0.325711905 1.17897202
vt 0.196621001 0.926340997
vn -0.952911007 0.126071563 0.275801691
v -0.0531868711 0.293206691 1.18094344
vt 0.196400002 0.916637003
vn -0.651043999 -0.604592614 0.458922088
v -0.0847625285 0.325711905 1.17897202
vt 0.196621001 0.926340997
vn -0.952911007 0.126071563 0.275801691
v -0.0847625285 0.325711905 0.984036188
vt 0.111634001 0.926340997
vn -0.869902445 0.487378787 -0.0757076939
v -0.0465366617 0.290083855 0.981791596
vt 0.109351002 0.916637003
vn -0.695713331 -0.709957687 -0.109284234
v -0.0847625285 0.325711905 1.17897202
vt 0.196621001 0.926340997
vn -0.952911007 0.126071563 0.275801691
v -0.0465366617 0.290083855 0.981791596
vt 0.109351002 0.916637003
vn -0.695713331 -0.709957687 -0.109284234
v -0.0531868711 0.293206691 1.18094344
vt 0.196400002 0.916637003
vn -0.651043999 -0.604592614 0.458922088
v -0.0847625285 0.325711905 0.984036188
vt 0.111634001 0.926340997
vn -0.869902445 0.487378787 -0.0757076939
v -0.0298972577 0.333628535 0.936983506
vt 0.0904830024 0.937048972
vn -0.741984864 -0.301720268 -0.598684676
v -0.0465366617 0.290083855 0.981791596
vt 0.109351002 0.916637003
vn -0.695713331 -0.709957687 -0.109284234
v 0.0422108918 0.45474407 0.799010794
vt 0.0261119995 0.997303009
vn 0 0.999998011 0.00199469418
v 0.0422108844 0.45474407 1.22627039
vt 0.213196993 0.997303009
vn 0 0.998824274 0.0484775112
v 0.0617451891 0.433238893 1.24210064
vt 0.220718995 0.985798001
vn 0.718501785 0.692976143 0.0594915896
v 0.0617451891 0.433238893 1.24210064
vt 0.220718995 0.985798001
vn 0.718501785 0.692976143 0.0594915896
v 0.0422108844 0.45474407 1.22627039
vt 0.213196993 0.997303009
vn 0 0.998824274 0.0484775112
v 0.0226762537 0.433238893 1.24210064
vt 0.227440998 0.993957996
vn 0 0.519706663 0.854344769
v 0.0422108918 0.45474407 0.799010794
vt 0.0261119995 0.997303009
vn 0 0.999998011 0.00199469418
v 0.0617451891 0.433238893 1.24210064
vt 0.220718995 0.985798001
vn 0.718501785 0.692976143 0.0594915896
v 0.0869770348 0.408339261 0.799010794
vt 0.0283470005 0.970579982
vn 0.808826414 0.570911678 -0.140924408
v 0.0422108807 0.40367341 1.25733719
vt 0.232088998 0.979200006
vn 0.428689103 -0.0846202481 0.899480442
v 0.0617451891 0.433238893 1.24210064
vt 0.220718995 0.985798001
vn 0.718501785 0.692976143 0.0594915896
v 0.0226762537 0.433238893 1.24210064
vt 0.227440998 0.993957996
vn 0 0.519706663 0.854344769
v 0.0617451891 0.433238893 1.24210064
vt 0.220718995 0.985798001
vn 0.718501785 0.692976143 0.0594915896
v 0.13011539 0.366864621 0.947516482
vt 0.0944690034 0.948118985
vn 0.867381033 0.476042611 -0.145029568
v 0.0869770348 0.408339261 0.799010794
vt 0.0283470005 0.970579982
vn 0.808826414 0.570911678 -0.140924408
v 0.13011539 0.366864621 0.947516482
vt 0.0944690034 0.948118985
vn 0.867381033 0.476042611 -0.145029568
v 0.0422108844 0.34863305 0.787230353
vt 0.0149410004 0.950046003
vn 0.810169396 -0.433078628 -0.395054999
v 0.0869770348 0.408339261 0.799010794
vt 0.0283470005 0.970579982
vn 0.808826414 0.570911678 -0.140924408
v 0.13011539 0.366864621 0.947516482
vt 0.0944690034 0.948118985
vn 0.867381033 0.476042611 -0.145029568
v 0.114318721 0.333629012 0.936983506
vt 0.0904830024 0.937048972
vn 0.741982831 -0.301725682 -0.598684468
v 0.0422108844 0.34863305 0.787230353
vt 0.0149410004 0.950046003
vn 0.810169396 -0.433078628 -0.395054999
v 0.0617451891 0.433238893 1.24210064
vt 0.220718995 0.985798001
vn 0.718501785 0.692976143 0.0594915896
v 0.169183969 0.325711905 0.984036188
vt 0.111634001 0.926340997
vn 0.869903026 0.487377838 -0.0757071164
v 0.13011539 0.366864621 0.947516482
vt 0.0944690034 0.948118985
vn 0.867381033 0.476042611 -0.145029568
v 0.169183969 0.325711905 0.984036188
vt 0.111634001 0.926340997
vn 0.869903026 0.487377838 -0.0757071164
v 0.114318721 0.333629012 0.936983506
vt 0.0904830024 0.937048972
vn 0.741982831 -0.301725682 -0.598684468
v 0.13011539 0.366864621 0.947516482
vt 0.0944690034 0.948118985
vn 0.867381033 0.476042611 -0.145029568
v 0.0617451891 0.433238893 1.24210064
vt 0.220718995 0.985798001
vn 0.718501785 0.692976143 0.0594915896
v 0.169183969 0.325711905 1.17897202
vt 0.196621001 0.926340997
vn 0.95291116 0.126072807 0.275800595
v 0.169183969 0.325711905 0.984036188
vt 0.111634001 0.926340997
vn 0.869903026 0.487377838 -0.0757071164
v 0.0617451891 0.433238893 1.24210064
vt 0.220718995 0.985798001
vn 0.718501785 0.692976143 0.0594915896
v 0.0422108807 0.40367341 1.25733719
vt 0.232088998 0.979200006
vn 0.428689103 -0.0846202481 0.899480442
v 0.169183969 0.325711905 1.17897202
vt 0.196621001 0.926340997
vn 0.95291116 0.126072807 0.275800595
v 0.0422108807 0.40367341 1.25733719
vt 0.232088998 0.979200006
vn 0.428689103 -0.0846202481 0.899480442
v 0.13760829 0.293206691 1.18094377
vt 0.196400002 0.916637003
vn 0.651046163 -0.604590557 0.458921728
v 0.169183969 0.325711905 1.17897202
vt 0.196621001 0.926340997
vn 0.95291116 0.126072807 0.275800595
v 0.169183969 0.325711905 1.17897202
vt 0.196621001 0.926340997
vn 0.95291116 0.126072807 0.275800595
v 0.13760829 0.293206691 1.18094377
vt 0.196400002 0.916637003
vn 0.651046163 -0.604590557 0.458921728
v 0.13095811 0.290083885 0.981791954
vt 0.109351002 0.916637003
vn 0.695712529 -0.709958372 -0.109284893
v 0.169183969 0.325711905 1.17897202
vt 0.196621001 0.926340997
vn 0.95291116 0.126072807 0.275800595
v 0.13095811 0.290083885 0.981791954
vt 0.109351002 0.916637003
vn 0.695712529 -0.709958372 -0.109284893
v 0.169183969 0.325711905 0.984036188
vt 0.111634001 0.926340997
vn 0.869903026 0.487377838 -0.0757071164
v 0.169183969 0.325711905 0.984036188
vt 0.111634001 0.926340997
vn 0.869903026 0.487377838 -0.0757071164
v 0.13095811 0.290083885 0.981791954
vt 0.109351002 0.916637003
vn 0.695712529 -0.709958372 -0.109284893
v 0.114318721 0.333629012 0.936983506
vt 0.0904830024 0.937048972
vn 0.741982831 -0.301725682 -0.598684468
v 0.0422108844 0.34863305 0.787230353
vt 0.0149410004 0.950046003
vn 0 0.110342032 -0.993893674
v 0.0422108918 0.45474407 0.799010794
vt 0.0261119995 0.997303009
vn 0.113640134 0.109627226 -0.98745521
v 0.0869770348 0.408339261 0.799010794
vt 0.0283470005 0.970579982
vn 0.808826414 0.570911678 -0.140924408
v 0.0422108844 0.34863305 0.787230353
vt 0.0149410004 0.950046003
vn 0 0.110342032 -0.993893674
v -0.00255558267 0.408339261 0.799010794
vt 0.0032240001 0.976468027
vn -0.113639319 0.109627252 -0.987455301
v 0.0422108918 0.45474407 0.799010794
vt 0.0261119995 0.997303009
vn -0.113639319 0.109627252 -0.987455301
usemtl Passer-Standard_2
f 1/1/1 2/2/2 3/3/3
f 4/4/4 5/5/5 6/6/6
f 7/7/7 8/8/8 9/9/9
f 10/10/10 11/11/11 12/12/12
f 13/13/13 14/14/14 15/15/15
f 16/16/16 17/17/17 18/18/18
f 19/19/19 20/20/20 21/21/21
f 22/22/22 23/23/23 24/24/24
f 25/25/25 26/26/26 27/27/27
f 28/28/28 29/29/29 30/30/30
f 31/31/31 32/32/32 33/33/33
f 34/34/34 35/35/35 36/36/36
f 37/37/37 38/38/38 39/39/39
f 40/40/40 41/41/41 42/42/42
f 43/43/43 44/44/44 45/45/45
f 46/46/46 47/47/47 48/48/48
f 49/49/49 50/50/50 51/51/51
f 52/52/52 53/53/53 54/54/54
f 55/55/55 56/56/56 57/57/57
f 58/58/58 59/59/59 60/60/60
f 61/61/61 62/62/62 63/63/63
f 64/64/64 65/65/65 66/66/66
f 67/67/67 68/68/68 69/69/69
f 70/70/70 71/71/71 72/72/72
f 73/73/73 74/74/74 75/75/75
f 76/76/76 77/77/77 78/78/78
f 79/79/79 80/80/80 81/81/81
f 82/82/82 83/83/83 84/84/84
f 85/85/85 86/86/86 87/87/87
f 88/88/88 89/89/89 90/90/90
f 91/91/91 92/92/92 93/93/93
f 94/94/94 95/95/95 96/96/96
f 97/97/97 98/98/98 99/99/99
f 100/100/100 101/101/101 102/102/102
f 103/103/103 104/104/104 105/105/105
f 106/106/106 107/107/107 108/108/108
f 109/109/109 110/110/110 111/111/111
f 112/112/112 113/113/113 114/114/114
f 115/115/115 116/116/116 117/117/117
f 118/118/118 119/119/119 120/120/120
f 121/121/121 122/122/122 123/123/123
f 124/124/124 125/125/125 126/126/126
f 127/127/127 128/128/128 129/129/129
f 130/130/130 131/131/131 132/132/132
f 133/133/133 134/134/134 135/135/135
f 136/136/136 137/137/137 138/138/138
f 139/139/139 140/140/140 141/141/141
f 142/142/142 143/143/143 144/144/144
f 145/145/145 146/146/146 147/147/147
f 148/148/148 149/149/149 150/150/150
f 151/151/151 152/152/152 153/153/153
f 154/154/154 155/155/155 156/156/156
f 157/157/157 158/158/158 159/159/159
f 160/160/160 161/161/161 162/162/162
f 163/163/163 164/164/164 165/165/165
f 166/166/166 167/167/167 168/168/168
f 169/169/169 170/170/170 171/171/171
f 172/172/172 173/173/173 174/174/174
f 175/175/175 176/176/176 177/177/177
f 178/178/178 179/179/179 180/180/180
f 181/181/181 182/182/182 183/183/183
f 184/184/184 185/185/185 186/186/186
f 187/187/187 188/188/188 189/189/189
f 190/190/190 191/191/191 192/192/192
f 193/193/193 194/194/194 195/195/195
f 196/196/196 197/197/197 198/198/198
f 199/199/199 200/200/200 201/201/201
f 202/202/202 203/203/203 204/204/204
f 205/205/205 206/206/206 207/207/207
f 208/208/208 209/209/209 210/210/210
f 211/211/211 212/212/212 213/213/213
f 214/214/214 215/215/215 216/216/216
f 217/217/217 218/218/218 219/219/219
f 220/220/220 221/221/221 222/222/222
f 223/223/223 224/224/224 225/225/225
f 226/226/226 227/227/227 228/228/228
f 229/229/229 230/230/230 231/231/231
f 232/232/232 233/233/233 234/234/234
f 235/235/235 236/236/236 237/237/237
f 238/238/238 239/239/239 240/240/240
f 241/241/241 242/242/242 243/243/243
f 244/244/244 245/245/245 246/246/246
f 247/247/247 248/248/248 249/249/249
f 250/250/250 251/251/251 252/252/252
f 253/253/253 254/254/254 255/255/255
f 256/256/256 257/257/257 258/258/258
f 259/259/259 260/260/260 261/261/261
f 262/262/262 263/263/263 264/264/264
f 265/265/265 266/266/266 267/267/267
f 268/268/268 269/269/269 270/270/270
f 271/271/271 272/272/272 273/273/273
f 274/274/274 275/275/275 276/276/276
f 277/277/277 278/278/278 279/279/279
f 280/280/280 281/281/281 282/282/282
f 283/283/283 284/284/284 285/285/285
f 286/286/286 287/287/287 288/288/288
f 289/289/289 290/290/290 291/291/291
f 292/292/292 293/293/293 294/294/294
f 295/295/295 296/296/296 297/297/297
f 298/298/298 299/299/299 300/300/300
f 301/301/301 302/302/302 303/303/303
f 304/304/304 305/305/305 306/306/306
f 307/307/307 308/308/308 309/309/309
f 310/310/310 311/311/311 312/312/312
f 313/313/313 314/314/314 315/315/315
f 316/316/316 317/317/317 318/318/318
f 319/319/319 320/320/320 321/321/321
f 322/322/322 323/323/323 324/324/324
f 325/325/325 326/326/326 327/327/327
f 328/328/328 329/329/329 330/330/330
f 331/331/331 332/332/332 333/333/333
f 334/334/334 335/335/335 336/336/336
f 337/337/337 338/338/338 339/339/339
f 340/340/340 341/341/341 342/342/342
f 343/343/343 344/344/344 345/345/345
f 346/346/346 347/347/347 348/348/348
f 349/349/349 350/350/350 351/351/351
f 352/352/352 353/353/353 354/354/354
f 355/355/355 356/356/356 357/357/357
f 358/358/358 359/359/359 360/360/360
f 361/361/361 362/362/362 363/363/363
f 364/364/364 365/365/365 366/366/366
f 367/367/367 368/368/368 369/369/369
f 370/370/370 371/371/371 372/372/372
f 373/373/373 374/374/374 375/375/375
f 376/376/376 377/377/377 378/378/378
f 379/379/379 380/380/380 381/381/381
f 382/382/382 383/383/383 384/384/384
f 385/385/385 386/386/386 387/387/387
f 388/388/388 389/389/389 390/390/390
f 391/391/391 392/392/392 393/393/393
f 394/394/394 395/395/395 396/396/396
f 397/397/397 398/398/398 399/399/399
f 400/400/400 401/401/401 402/402/402
f 403/403/403 404/404/404 405/405/405
f 406/406/406 407/407/407 408/408/408
f 409/409/409 410/410/410 411/411/411
f 412/412/412 413/413/413 414/414/414
f 415/415/415 416/416/416 417/417/417
f 418/418/418 419/419/419 420/420/420
f 421/421/421 422/422/422 423/423/423
f 424/424/424 425/425/425 426/426/426
f 427/427/427 428/428/428 429/429/429
f 430/430/430 431/431/431 432/432/432
f 433/433/433 434/434/434 435/435/435
f 436/436/436 437/437/437 438/438/438
f 439/439/439 440/440/440 441/441/441
f 442/442/442 443/443/443 444/444/444
f 445/445/445 446/446/446 447/447/447
f 448/448/448 449/449/449 450/450/450
f 451/451/451 452/452/452 453/453/453
f 454/454/454 455/455/455 456/456/456
f 457/457/457 458/458/458 459/459/459
f 460/460/460 461/461/461 462/462/462
f 463/463/463 464/464/464 465/465/465
f 466/466/466 467/467/467 468/468/468
f 469/469/469 470/470/470 471/471/471
f 472/472/472 473/473/473 474/474/474
f 475/475/475 476/476/476 477/477/477
f 478/478/478 479/479/479 480/480/480
f 481/481/481 482/482/482 483/483/483
f 484/484/484 485/485/485 486/486/486
f 487/487/487 488/488/488 489/489/489
f 490/490/490 491/491/491 492/492/492
f 493/493/493 494/494/494 495/495/495
f 496/496/496 497/497/497 498/498/498
f 499/499/499 500/500/500 501/501/501
f 502/502/502 503/503/503 504/504/504
f 505/505/505 506/506/506 507/507/507
f 508/508/508 509/509/509 510/510/510
f 511/511/511 512/512/512 513/513/513
f 514/514/514 515/515/515 516/516/516
f 517/517/517 518/518/518 519/519/519
f 520/520/520 521/521/521 522/522/522
f 523/523/523 524/524/524 525/525/525
f 526/526/526 527/527/527 528/528/528
f 529/529/529 530/530/530 531/531/531
f 532/532/532 533/533/533 534/534/534
f 535/535/535 536/536/536 537/537/537
f 538/538/538 539/539/539 540/540/540
f 541/541/541 542/542/542 543/543/543
f 544/544/544 545/545/545 546/546/546
f 547/547/547 548/548/548 549/549/549
f 550/550/550 551/551/551 552/552/552
f 553/553/553 554/554/554 555/555/555
f 556/556/556 557/557/557 558/558/558
f 559/559/559 560/560/560 561/561/561
f 562/562/562 563/563/563 564/564/564
f 565/565/565 566/566/566 567/567/567
f 568/568/568 569/569/569 570/570/570
f 571/571/571 572/572/572 573/573/573
f 574/574/574 575/575/575 576/576/576
f 577/577/577 578/578/578 579/579/579
f 580/580/580 581/581/581 582/582/582
f 583/583/583 584/584/584 585/585/585
f 586/586/586 587/587/587 588/588/588
f 589/589/589 590/590/590 591/591/591
f 592/592/592 593/593/593 594/594/594
f 595/595/595 596/596/596 597/597/597
f 598/598/598 599/599/599 600/600/600
f 601/601/601 602/602/602 603/603/603
f 604/604/604 605/605/605 606/606/606
f 607/607/607 608/608/608 609/609/609
f 610/610/610 611/611/611 612/612/612
f 613/613/613 614/614/614 615/615/615
f 616/616/616 617/617/617 618/618/618
f 619/619/619 620/620/620 621/621/621
f 622/622/622 623/623/623 624/624/624
f 625/625/625 626/626/626 627/627/627
f 628/628/628 629/629/629 630/630/630
f 631/631/631 632/632/632 633/633/633
f 634/634/634 635/635/635 636/636/636
f 637/637/637 638/638/638 639/639/639
f 640/640/640 641/641/641 642/642/642
f 643/643/643 644/644/644 645/645/645
f 646/646/646 647/647/647 648/648/648
f 649/649/649 650/650/650 651/651/651
f 652/652/652 653/653/653 654/654/654
f 655/655/655 656/656/656 657/657/657
f 658/658/658 659/659/659 660/660/660
f 661/661/661 662/662/662 663/663/663
f 664/664/664 665/665/665 666/666/666
f 667/667/667 668/668/668 669/669/669
f 670/670/670 671/671/671 672/672/672
f 673/673/673 674/674/674 675/675/675
f 676/676/676 677/677/677 678/678/678
f 679/679/679 680/680/680 681/681/681
f 682/682/682 683/683/683 684/684/684
f 685/685/685 686/686/686 687/687/687
f 688/688/688 689/689/689 690/690/690
f 691/691/691 692/692/692 693/693/693
f 694/694/694 695/695/695 696/696/696
f 697/697/697 698/698/698 699/699/699
f 700/700/700 701/701/701 702/702/702
f 703/703/703 704/704/704 705/705/705
f 706/706/706 707/707/707 708/708/708
f 709/709/709 710/710/710 711/711/711
f 712/712/712 713/713/713 714/714/714
f 715/715/715 716/716/716 717/717/717
f 718/718/718 719/719/719 720/720/720
f 721/721/721 722/722/722 723/723/723
f 724/724/724 725/725/725 726/726/726
f 727/727/727 728/728/728 729/729/729
f 730/730/730 731/731/731 732/732/732
f 733/733/733 734/734/734 735/735/735
f 736/736/736 737/737/737 738/738/738
f 739/739/739 740/740/740 741/741/741
f 742/742/742 743/743/743 744/744/744
f 745/745/745 746/746/746 747/747/747
f 748/748/748 749/749/749 750/750/750
f 751/751/751 752/752/752 753/753/753
f 754/754/754 755/755/755 756/756/756
f 757/757/757 758/758/758 759/759/759
f 760/760/760 761/761/761 762/762/762
f 763/763/763 764/764/764 765/765/765
f 766/766/766 767/767/767 768/768/768
f 769/769/769 770/770/770 771/771/771
f 772/772/772 773/773/773 774/774/774
f 775/775/775 776/776/776 777/777/777
f 778/778/778 779/779/779 780/780/780
f 781/781/781 782/782/782 783/783/783
f 784/784/784 785/785/785 786/786/786
f 787/787/787 788/788/788 789/789/789
f 790/790/790 791/791/791 792/792/792
f 793/793/793 794/794/794 795/795/795
f 796/796/796 797/797/797 798/798/798
f 799/799/799 800/800/800 801/801/801
f 802/802/802 803/803/803 804/804/804
f 805/805/805 806/806/806 807/807/807
f 808/808/808 809/809/809 810/810/810
f 811/811/811 812/812/812 813/813/813
f 814/814/814 815/815/815 816/816/816
f 817/817/817 818/818/818 819/819/819
f 820/820/820 821/821/821 822/822/822
f 823/823/823 824/824/824 825/825/825
f 826/826/826 827/827/827 828/828/828
f 829/829/829 830/830/830 831/831/831
f 832/832/832 833/833/833 834/834/834
f 835/835/835 836/836/836 837/837/837
f 838/838/838 839/839/839 840/840/840
f 841/841/841 842/842/842 843/843/843
f 844/844/844 845/845/845 846/846/846
f 847/847/847 848/848/848 849/849/849
f 850/850/850 851/851/851 852/852/852
f 853/853/853 854/854/854 855/855/855
f 856/856/856 857/857/857 858/858/858
f 859/859/859 860/860/860 861/861/861
f 862/862/862 863/863/863 864/864/864
f 865/865/865 866/866/866 867/867/867
f 868/868/868 869/869/869 870/870/870
f 871/871/871 872/872/872 873/873/873
f 874/874/874 875/875/875 876/876/876
f 877/877/877 878/878/878 879/879/879
f 880/880/880 881/881/881 882/882/882
f 883/883/883 884/884/884 885/885/885
f 886/886/886 887/887/887 888/888/888
f 889/889/889 890/890/890 891/891/891
f 892/892/892 893/893/893 894/894/894
f 895/895/895 896/896/896 897/897/897
f 898/898/898 899/899/899 900/900/900
f 901/901/901 902/902/902 903/903/903
f 904/904/904 905/905/905 906/906/906
f 907/907/907 908/908/908 909/909/909
f 910/910/910 911/911/911 912/912/912
f 913/913/913 914/914/914 915/915/915
f 916/916/916 917/917/917 918/918/918
f 919/919/919 920/920/920 921/921/921
f 922/922/922 923/923/923 924/924/924
f 925/925/925 926/926/926 927/927/927
f 928/928/928 929/929/929 930/930/930
f 931/931/931 932/932/932 933/933/933
f 934/934/934 935/935/935 936/936/936
f 937/937/937 938/938/938 939/939/939
f 940/940/940 941/941/941 942/942/942
f 943/943/943 944/944/944 945/945/945
f 946/946/946 947/947/947 948/948/948
f 949/949/949 950/950/950 951/951/951
f 952/952/952 953/953/953 954/954/954
f 955/955/955 956/956/956 957/957/957
f 958/958/958 959/959/959 960/960/960
f 961/961/961 962/962/962 963/963/963
f 964/964/964 965/965/965 966/966/966
f 967/967/967 968/968/968 969/969/969
f 970/970/970 971/971/971 972/972/972
f 973/973/973 974/974/974 975/975/975
f 976/976/976 977/977/977 978/978/978
f 979/979/979 980/980/980 981/981/981
f 982/982/982 983/983/983 984/984/984
f 985/985/985 986/986/986 987/987/987
f 988/988/988 989/989/989 990/990/990
f 991/991/991 992/992/992 993/993/993
f 994/994/994 995/995/995 996/996/996
f 997/997/997 998/998/998 999/999/999
f 1000/1000/1000 1001/1001/1001 1002/1002/1002
f 1003/1003/1003 1004/1004/1004 1005/1005/1005
f 1006/1006/1006 1007/1007/1007 1008/1008/1008
f 1009/1009/1009 1010/1010/1010 1011/1011/1011
f 1012/1012/1012 1013/1013/1013 1014/1014/1014
f 1015/1015/1015 1016/1016/1016 1017/1017/1017
f 1018/1018/1018 1019/1019/1019 1020/1020/1020
f 1021/1021/1021 1022/1022/1022 1023/1023/1023
f 1024/1024/1024 1025/1025/1025 1026/1026/1026
f 1027/1027/1027 1028/1028/1028 1029/1029/1029
f 1030/1030/1030 1031/1031/1031 1032/1032/1032
f 1033/1033/1033 1034/1034/1034 1035/1035/1035
f 1036/1036/1036 1037/1037/1037 1038/1038/1038
f 1039/1039/1039 1040/1040/1040 1041/1041/1041
f 1042/1042/1042 1043/1043/1043 1044/1044/1044
f 1045/1045/1045 1046/1046/1046 1047/1047/1047
f 1048/1048/1048 1049/1049/1049 1050/1050/1050
f 1051/1051/1051 1052/1052/1052 1053/1053/1053
f 1054/1054/1054 1055/1055/1055 1056/1056/1056
f 1057/1057/1057 1058/1058/1058 1059/1059/1059
f 1060/1060/1060 1061/1061/1061 1062/1062/1062
f 1063/1063/1063 1064/1064/1064 1065/1065/1065
f 1066/1066/1066 1067/1067/1067 1068/1068/1068
f 1069/1069/1069 1070/1070/1070 1071/1071/1071
f 1072/1072/1072 1073/1073/1073 1074/1074/1074
f 1075/1075/1075 1076/1076/1076 1077/1077/1077
f 1078/1078/1078 1079/1079/1079 1080/1080/1080
f 1081/1081/1081 1082/1082/1082 1083/1083/1083
f 1084/1084/1084 1085/1085/1085 1086/1086/1086
f 1087/1087/1087 1088/1088/1088 1089/1089/1089
f 1090/1090/1090 1091/1091/1091 1092/1092/1092
f 1093/1093/1093 1094/1094/1094 1095/1095/1095
f 1096/1096/1096 1097/1097/1097 1098/1098/1098
f 1099/1099/1099 1100/1100/1100 1101/1101/1101
f 1102/1102/1102 1103/1103/1103 1104/1104/1104
f 1105/1105/1105 1106/1106/1106 1107/1107/1107
f 1108/1108/1108 1109/1109/1109 1110/1110/1110
f 1111/1111/1111 1112/1112/1112 1113/1113/1113
f 1114/1114/1114 1115/1115/1115 1116/1116/1116
f 1117/1117/1117 1118/1118/1118 1119/1119/1119
f 1120/1120/1120 1121/1121/1121 1122/1122/1122
f 1123/1123/1123 1124/1124/1124 1125/1125/1125
f 1126/1126/1126 1127/1127/1127 1128/1128/1128
f 1129/1129/1129 1130/1130/1130 1131/1131/1131
f 1132/1132/1132 1133/1133/1133 1134/1134/1134
f 1135/1135/1135 1136/1136/1136 1137/1137/1137
f 1138/1138/1138 1139/1139/1139 1140/1140/1140
f 1141/1141/1141 1142/1142/1142 1143/1143/1143
f 1144/1144/1144 1145/1145/1145 1146/1146/1146
f 1147/1147/1147 1148/1148/1148 1149/1149/1149
f 1150/1150/1150 1151/1151/1151 1152/1152/1152
f 1153/1153/1153 1154/1154/1154 1155/1155/1155
f 1156/1156/1156 1157/1157/1157 1158/1158/1158
f 1159/1159/1159 1160/1160/1160 1161/1161/1161
f 1162/1162/1162 1163/1163/1163 1164/1164/1164
f 1165/1165/1165 1166/1166/1166 1167/1167/1167
f 1168/1168/1168 1169/1169/1169 1170/1170/1170
f 1171/1171/1171 1172/1172/1172 1173/1173/1173
f 1174/1174/1174 1175/1175/1175 1176/1176/1176
f 1177/1177/1177 1178/1178/1178 1179/1179/1179
f 1180/1180/1180 1181/1181/1181 1182/1182/1182
f 1183/1183/1183 1184/1184/1184 1185/1185/1185
f 1186/1186/1186 1187/1187/1187 1188/1188/1188
f 1189/1189/1189 1190/1190/1190 1191/1191/1191
f 1192/1192/1192 1193/1193/1193 1194/1194/1194
f 1195/1195/1195 1196/1196/1196 1197/1197/1197
f 1198/1198/1198 1199/1199/1199 1200/1200/1200
f 1201/1201/1201 1202/1202/1202 1203/1203/1203
f 1204/1204/1204 1205/1205/1205 1206/1206/1206
f 1207/1207/1207 1208/1208/1208 1209/1209/1209
f 1210/1210/1210 1211/1211/1211 1212/1212/1212
f 1213/1213/1213 1214/1214/1214 1215/1215/1215
f 1216/1216/1216 1217/1217/1217 1218/1218/1218
f 1219/1219/1219 1220/1220/1220 1221/1221/1221
f 1222/1222/1222 1223/1223/1223 1224/1224/1224
f 1225/1225/1225 1226/1226/1226 1227/1227/1227
f 1228/1228/1228 1229/1229/1229 1230/1230/1230
f 1231/1231/1231 1232/1232/1232 1233/1233/1233
