# Generated by tools/yaml_mesh_converter/split_reload_parts.py
mtllib gun45.mtl
o gun45_body
v -0.102364514 0.0343781672 -0.794604888
vt 0.784179688 0.797363281
vn -0.622855785 0.716253304 -0.314693303
v -0.124518218 0.0266022489 -0.768455506
vt 0.764160156 0.786621094
vn -0.622855785 0.716253304 -0.314693303
v -0.102364554 0.0487817456 -0.761821745
vt 0.753417969 0.815429688
vn -0.622855785 0.716253304 -0.314693303
v -0.102364635 0.0301365138 -0.638361756
vt 0.642578125 0.793945312
vn -0.635482993 0.676425371 0.37230375
v -0.102364586 0.0569300808 -0.687041947
vt 0.688476562 0.825195312
vn -0.635482993 0.676425371 0.37230375
v -0.12451828 0.0265886008 -0.669729601
vt 0.666992188 0.787597656
vn -0.635482993 0.676425371 0.37230375
v -0.102364661 0.0300489216 -0.584243665
vt 0.597167969 0.794433594
vn -1 3.91155531e-07 -4.76837208e-07
v -0.102364635 0.0301365138 -0.638361756
vt 0.642578125 0.793945312
vn -1 3.9115553e-07 -4.76837207e-07
v -0.102364649 -0.00750670506 -0.638361743
vt 0.642578125 0.739746094
vn -1 3.91155531e-07 -4.76837208e-07
v -0.102364661 0.0300489216 -0.584243665
vt 0.597167969 0.794433594
vn -1 3.91155531e-07 -4.76837208e-07
v -0.102364649 -0.00750670506 -0.638361743
vt 0.642578125 0.739746094
vn -1 3.91155531e-07 -4.76837208e-07
v -0.102364675 -0.00746342087 -0.584243651
vt 0.597167969 0.739746094
vn -1 3.91155531e-07 -4.76837208e-07
v -0.102364586 0.0569300808 -0.687041947
vt 0.688476562 0.825195312
vn -0.767001005 0.640941827 -0.0300505034
v -0.102364554 0.0487817456 -0.761821745
vt 0.753417969 0.815429688
vn -0.693595028 0.716126284 -0.0780325667
v -0.124518218 0.0266022489 -0.768455506
vt 0.764160156 0.786621094
vn -0.767001005 0.640941827 -0.0300505034
v -0.102364586 0.0569300808 -0.687041947
vt 0.688476562 0.825195312
vn -0.767001005 0.640941827 -0.0300505034
v -0.124518218 0.0266022489 -0.768455506
vt 0.764160156 0.786621094
vn -0.767001005 0.640941827 -0.0300505034
v -0.12451828 0.0265886008 -0.669729601
vt 0.666992188 0.787597656
vn -0.807609028 0.589718281 8.1016915e-05
v -0.124518218 0.0266022489 -0.768455506
vt 0.764160156 0.786621094
vn -0.762993524 6.99102615e-08 -0.646406128
v -0.102364514 0.0343781672 -0.794604888
vt 0.784179688 0.797363281
vn -0.762993346 3.16277265e-07 -0.646406339
v -0.102364547 -0.0117703974 -0.794604871
vt 0.784179688 0.735839844
vn -0.762993524 6.99102615e-08 -0.646406128
v -0.124518218 0.0266022489 -0.768455506
vt 0.764160156 0.786621094
vn -0.762993524 6.99102615e-08 -0.646406128
v -0.102364547 -0.0117703974 -0.794604871
vt 0.784179688 0.735839844
vn -0.762993524 6.99102615e-08 -0.646406128
v -0.124518215 -0.00399498503 -0.768455495
vt 0.763671875 0.746582031
vn -0.762993793 -3.01675297e-07 -0.646405811
v -0.102364649 -0.00750670506 -0.638361743
vt 0.642578125 0.739746094
vn -0.816825191 3.45029928e-07 0.576885263
v -0.102364635 0.0301365138 -0.638361756
vt 0.642578125 0.793945312
vn -0.8168251 5.23465513e-07 0.576885393
v -0.12451828 0.0265886008 -0.669729601
vt 0.666992188 0.787597656
vn -0.816825191 3.45029928e-07 0.576885263
v -0.102364649 -0.00750670506 -0.638361743
vt 0.642578125 0.739746094
vn -0.816825191 3.45029928e-07 0.576885263
v -0.12451828 0.0265886008 -0.669729601
vt 0.666992188 0.787597656
vn -0.816825191 3.45029928e-07 0.576885263
v -0.124518277 -0.00398125131 -0.66972959
vt 0.666992188 0.74609375
vn -0.816825304 1.25307195e-07 0.576885104
v -0.102364547 -0.0117703974 -0.794604871
vt 0.784179688 0.735839844
vn -0.62285203 -0.716252062 -0.314703562
v -0.102364568 -0.0261744909 -0.761821719
vt 0.753417969 0.717773438
vn -0.62285203 -0.716252062 -0.314703562
v -0.124518215 -0.00399498503 -0.768455495
vt 0.763671875 0.746582031
vn -0.62285203 -0.716252062 -0.314703562
v -0.102364649 -0.00750670506 -0.638361743
vt 0.642578125 0.739746094
vn -0.635259695 -0.67645747 0.372626368
v -0.124518277 -0.00398125131 -0.66972959
vt 0.666992188 0.74609375
vn -0.635259695 -0.67645747 0.372626368
v -0.102364622 -0.0343222201 -0.687041974
vt 0.687988281 0.708007812
vn -0.635259695 -0.67645747 0.372626368
v -0.124518215 -0.00399498503 -0.768455495
vt 0.763671875 0.746582031
vn -0.766998233 -0.640945252 -0.030048212
v -0.102364568 -0.0261744909 -0.761821719
vt 0.753417969 0.717773438
vn -0.693596598 -0.71612538 -0.0780269176
v -0.102364622 -0.0343222201 -0.687041974
vt 0.687988281 0.708007812
vn -0.766998233 -0.640945252 -0.030048212
v -0.124518215 -0.00399498503 -0.768455495
vt 0.763671875 0.746582031
vn -0.766998233 -0.640945252 -0.030048212
v -0.102364622 -0.0343222201 -0.687041974
vt 0.687988281 0.708007812
vn -0.766998233 -0.640945252 -0.030048212
v -0.124518277 -0.00398125131 -0.66972959
vt 0.666992188 0.74609375
vn -0.807604646 -0.589724283 8.15294062e-05
v 0.165647998 0.0343780587 -0.794604641
vt 0.784179688 0.797363281
vn 0.622874547 0.71623987 -0.314686744
v 0.165647973 0.048781637 -0.761821558
vt 0.753417969 0.815429688
vn 0.622874547 0.71623987 -0.314686744
v 0.187800553 0.0266021304 -0.768455357
vt 0.764160156 0.786621094
vn 0.622874547 0.71623987 -0.314686744
v 0.165647877 0.0301364053 -0.638361509
vt 0.642578125 0.793945312
vn 0.63550147 0.676411876 0.372296731
v 0.187800491 0.0265884805 -0.669729392
vt 0.666992188 0.787597656
vn 0.63550147 0.676411876 0.372296731
v 0.165647926 0.056929976 -0.687041819
vt 0.688476562 0.825195312
vn 0.63550147 0.676411876 0.372296731
v 0.165647851 0.0300488149 -0.584243537
vt 0.597167969 0.794433594
vn 1 -3.91155531e-07 4.76837208e-07
v 0.165647836 -0.00746352524 -0.584243524
vt 0.597167969 0.739746094
vn 1 -3.91155531e-07 4.76837207e-07
v 0.165647862 -0.0075068099 -0.638361615
vt 0.642578125 0.739746094
vn 1 -3.91155531e-07 4.76837208e-07
v 0.165647851 0.0300488149 -0.584243537
vt 0.597167969 0.794433594
vn 1 -3.91155531e-07 4.76837208e-07
v 0.165647862 -0.0075068099 -0.638361615
vt 0.642578125 0.739746094
vn 1 -3.91155531e-07 4.76837208e-07
v 0.165647877 0.0301364053 -0.638361509
vt 0.642578125 0.793945312
vn 1 -3.91155532e-07 4.76837208e-07
v 0.187800553 0.0266021304 -0.768455357
vt 0.764160156 0.786621094
vn 0.767016864 0.640922932 -0.0300487234
v 0.165647973 0.048781637 -0.761821558
vt 0.753417969 0.815429688
vn 0.693612869 0.716109277 -0.0780300708
v 0.165647926 0.056929976 -0.687041819
vt 0.688476562 0.825195312
vn 0.767016864 0.640922932 -0.0300487234
v 0.187800553 0.0266021304 -0.768455357
vt 0.764160156 0.786621094
vn 0.767016864 0.640922932 -0.0300487234
v 0.165647926 0.056929976 -0.687041819
vt 0.688476562 0.825195312
vn 0.767016864 0.640922932 -0.0300487234
v 0.187800491 0.0265884805 -0.669729392
vt 0.666992188 0.787597656
vn 0.807623194 0.589698881 8.20393941e-05
v 0.187800553 0.0266021304 -0.768455357
vt 0.764160156 0.786621094
vn 0.763008705 9.79065537e-07 -0.646388209
v 0.187800556 -0.00399510767 -0.768455406
vt 0.763671875 0.746582031
vn 0.763008614 1.10379567e-06 -0.646388316
v 0.165647965 -0.0117705023 -0.794604743
vt 0.784179688 0.735839844
vn 0.763008705 9.79065537e-07 -0.646388209
v 0.187800553 0.0266021304 -0.768455357
vt 0.764160156 0.786621094
vn 0.763008705 9.79065537e-07 -0.646388209
v 0.165647965 -0.0117705023 -0.794604743
vt 0.784179688 0.735839844
vn 0.763008705 9.79065537e-07 -0.646388209
v 0.165647998 0.0343780587 -0.794604641
vt 0.784179688 0.797363281
vn 0.763008764 8.96367359e-07 -0.646388138
v 0.165647862 -0.0075068099 -0.638361615
vt 0.642578125 0.739746094
vn 0.816837698 -1.44931997e-06 0.576867554
v 0.187800494 -0.00398137301 -0.669729441
vt 0.666992188 0.74609375
vn 0.816837387 -8.42160339e-07 0.576867994
v 0.187800491 0.0265884805 -0.669729392
vt 0.666992188 0.787597656
vn 0.816837698 -1.44931997e-06 0.576867554
v 0.165647862 -0.0075068099 -0.638361615
vt 0.642578125 0.739746094
vn 0.816837698 -1.44931997e-06 0.576867554
v 0.187800491 0.0265884805 -0.669729392
vt 0.666992188 0.787597656
vn 0.816837698 -1.44931997e-06 0.576867554
v 0.165647877 0.0301364053 -0.638361509
vt 0.642578125 0.793945312
vn 0.816837951 -1.94239074e-06 0.576867196
v 0.165647965 -0.0117705023 -0.794604743
vt 0.784179688 0.735839844
vn 0.62286947 -0.716239633 -0.314697334
v 0.187800556 -0.00399510767 -0.768455406
vt 0.763671875 0.746582031
vn 0.62286947 -0.716239633 -0.314697334
v 0.165647944 -0.0261745976 -0.761821591
vt 0.753417969 0.717773438
vn 0.62286947 -0.716239633 -0.314697334
v 0.165647862 -0.0075068099 -0.638361615
vt 0.642578125 0.739746094
vn 0.63527695 -0.676444519 0.372620463
v 0.16564789 -0.0343223286 -0.687041787
vt 0.687988281 0.708007812
vn 0.63527695 -0.676444519 0.372620463
v 0.187800494 -0.00398137301 -0.669729441
vt 0.666992188 0.74609375
vn 0.63527695 -0.676444519 0.372620463
v 0.16564789 -0.0343223286 -0.687041787
vt 0.687988281 0.708007812
vn 0.767012819 -0.640927883 -0.0300463574
v 0.165647944 -0.0261745976 -0.761821591
vt 0.753417969 0.717773438
vn 0.693613283 -0.716109521 -0.0780241483
v 0.187800556 -0.00399510767 -0.768455406
vt 0.763671875 0.746582031
vn 0.767012819 -0.640927883 -0.0300463574
v 0.16564789 -0.0343223286 -0.687041787
vt 0.687988281 0.708007812
vn 0.767012819 -0.640927883 -0.0300463574
v 0.187800556 -0.00399510767 -0.768455406
vt 0.763671875 0.746582031
vn 0.767012819 -0.640927883 -0.0300463574
v 0.187800494 -0.00398137301 -0.669729441
vt 0.666992188 0.74609375
vn 0.807617569 -0.589706585 8.25463609e-05
v -0.0981816249 -0.0298458549 -0.0646644022
vt 0.500488281 0.432373047
vn -0.999999819 -0.000597566729 -6.62383174e-05
v -0.0981794524 0.0765416095 -0.0646674945
vt 0.492675781 0.520019531
vn -1 2.04205202e-05 1.94229373e-06
v -0.0981813015 0.0281471322 -0.507863119
vt 0.233398438 0.479736328
vn -1 1.55331522e-05 1.30277683e-06
v -0.0981816249 -0.0298458549 -0.0646644022
vt 0.500488281 0.432373047
vn -0.999999819 -0.000597566729 -6.62383174e-05
v -0.0981813015 0.0281471322 -0.507863119
vt 0.233398438 0.479736328
vn -1 1.55331522e-05 1.30277683e-06
v -0.0981813144 -0.00608617183 -0.508757772
vt 0.233398438 0.451416016
vn -0.999999131 -0.0013161216 -7.76210761e-05
v -0.0980596917 -0.0887169243 -0.231707931
vt 0.391601562 0.387695312
vn -0.999998885 -0.00149249987 -5.29279153e-05
v -0.0981816249 -0.0298458549 -0.0646644022
vt 0.500488281 0.432373047
vn -0.999999819 -0.000597566729 -6.62383174e-05
v -0.0981813144 -0.00608617183 -0.508757772
vt 0.233398438 0.451416016
vn -0.999999131 -0.0013161216 -7.76210761e-05
v -0.0980596917 -0.0887169243 -0.231707931
vt 0.391601562 0.387695312
vn -0.999998885 -0.00149249987 -5.29279153e-05
v -0.0981813144 -0.00608617183 -0.508757772
vt 0.233398438 0.451416016
vn -0.999999131 -0.0013161216 -7.76210761e-05
v -0.0980595197 -0.103338005 -0.510748712
vt 0.233398438 0.374023438
vn -0.99999972 -0.000745539248 -6.28142769e-05
v -0.0981813144 -0.00608617183 -0.508757772
vt 0.233398438 0.451416016
vn -0.999999131 -0.0013161216 -7.76210761e-05
v -0.0980594191 -0.0538743127 -0.649720223
vt 0.149780273 0.415527344
vn -0.999996972 -0.00244872097 -0.000245641293
v -0.0980595197 -0.103338005 -0.510748712
vt 0.233398438 0.374023438
vn -0.99999972 -0.000745539248 -6.28142769e-05
v -0.0981813144 -0.00608617183 -0.508757772
vt 0.233398438 0.451416016
vn -0.999999131 -0.0013161216 -7.76210761e-05
v -0.0981812178 -0.00608842213 -0.649001885
vt 0.14855957 0.451416016
vn -0.999996752 -0.0025488232 -6.25260039e-07
v -0.0980594191 -0.0538743127 -0.649720223
vt 0.149780273 0.415527344
vn -0.999996972 -0.00244872097 -0.000245641293
v -0.0980594191 -0.0538743127 -0.649720223
vt 0.149780273 0.415527344
vn -0.999996972 -0.00244872097 -0.000245641293
v -0.0981812178 -0.00608842213 -0.649001885
vt 0.14855957 0.451416016
vn -0.999996752 -0.0025488232 -6.25260039e-07
v -0.0981810826 -0.00608851983 -0.870011773
vt 0.0123977661 0.451171875
vn -0.999994239 -0.00338955036 -0.000182983002
v -0.0980594191 -0.0538743127 -0.649720223
vt 0.149780273 0.415527344
vn -0.999996972 -0.00244872097 -0.000245641293
v -0.0981810826 -0.00608851983 -0.870011773
vt 0.0123977661 0.451171875
vn -0.999994239 -0.00338955036 -0.000182983002
v -0.0980592332 -0.0288391799 -0.894210831
vt 0.0123977661 0.435791016
vn -0.999988218 -0.00482903158 -0.000495239574
v -0.0980596857 -0.160908881 -0.30344334
vt 0.347167969 0.328369141
vn -1 5.21507443e-07 -6.56277832e-07
v -0.0980596917 -0.0887169243 -0.231707931
vt 0.391601562 0.387695312
vn -0.999998885 -0.00149249987 -5.29279153e-05
v -0.0980595197 -0.103338005 -0.510748712
vt 0.233398438 0.374023438
vn -0.99999972 -0.000745539248 -6.28142769e-05
v -0.0980596857 -0.160908881 -0.30344334
vt 0.347167969 0.328369141
vn -1 5.21507443e-07 -6.56277832e-07
v -0.0980595197 -0.103338005 -0.510748712
vt 0.233398438 0.374023438
vn -0.99999972 -0.000745539248 -6.28142769e-05
v -0.0980595859 -0.160908933 -0.45023529
vt 0.269775391 0.328369141
vn -1 4.36585914e-07 -6.79861432e-07
v -0.0981816666 -0.0616757137 -0.00330846817
vt 0.528808594 0.406005859
vn -0.999995012 -0.00315456543 -0.000160001094
v -0.0981816249 -0.0298458549 -0.0646644022
vt 0.500488281 0.432373047
vn -0.999999819 -0.000597566729 -6.62383174e-05
v -0.0980596917 -0.0887169243 -0.231707931
vt 0.391601562 0.387695312
vn -0.999998885 -0.00149249987 -5.29279153e-05
v -0.0981816666 -0.0616757137 -0.00330846817
vt 0.528808594 0.406005859
vn -0.999995012 -0.00315456543 -0.000160001094
v -0.0980596917 -0.0887169243 -0.231707931
vt 0.391601562 0.387695312
vn -0.999998885 -0.00149249987 -5.29279153e-05
v -0.098059952 -0.0888541902 0.157788356
vt 0.625976562 0.387695312
vn -0.999989926 -0.00448859629 -1.73686445e-06
v -0.0981817832 -0.0616756382 0.178730615
vt 0.631347656 0.400146484
vn -0.999989955 -0.00448208711 -6.38684637e-07
v -0.0981816666 -0.0616757137 -0.00330846817
vt 0.528808594 0.406005859
vn -0.999995012 -0.00315456543 -0.000160001094
v -0.098059952 -0.0888541902 0.157788356
vt 0.625976562 0.387695312
vn -0.999989926 -0.00448859629 -1.73686445e-06
v -0.0981774822 0.0448191628 0.183679342
vt 0.639160156 0.494140625
vn -0.988924069 0.115485602 0.0932323008
v -0.0875416294 0.0448181217 0.306387328
vt 0.704589844 0.494140625
vn -0.989573374 0.115704223 0.0857733683
v -0.0874356858 0.135414334 0.185399595
vt 0.637695312 0.564941406
vn -0.988924069 0.115485602 0.0932323008
v -0.0981774822 0.0448191628 0.183679342
vt 0.639160156 0.494140625
vn -0.988924069 0.115485602 0.0932323008
v -0.0874356858 0.135414334 0.185399595
vt 0.637695312 0.564941406
vn -0.988924069 0.115485602 0.0932323008
v -0.0981774407 0.0766627289 0.154126755
vt 0.621582031 0.520019531
vn -0.985724088 0.114533147 0.123410615
v -0.0981774407 0.0766627289 0.154126755
vt 0.805664062 0.0346984863
vn -6.18518471e-07 -0.999999847 0.00055367685
v -0.0981794524 0.0765416095 -0.0646674945
vt 0.741699219 0.0346984863
vn -7.87598737e-07 -0.999999847 0.000553577027
v 0.0309502746 0.0765415515 -0.064588427
vt 0.741699219 0.00979614258
vn -6.18518471e-07 -0.999999847 0.00055367685
v -0.0981774407 0.0766627289 0.154126755
vt 0.805664062 0.0346984863
vn -6.18518471e-07 -0.999999847 0.00055367685
v 0.0309502746 0.0765415515 -0.064588427
vt 0.741699219 0.00979614258
vn -6.18518471e-07 -0.999999847 0.00055367685
v 0.030950134 0.076662671 0.154126876
vt 0.805664062 0.00979614258
vn -4.49374357e-07 -0.999999847 0.000553776712
v 0.0309501364 0.140024559 0.188904715
vt 0.612304688 0.622558594
vn -0.053525156 0.801524984 0.595560877
v -0.0874356858 0.135414334 0.185399595
vt 0.612304688 0.578613281
vn -0.0488597654 0.79952343 0.598644308
v -0.0875416294 0.0448181217 0.306387328
vt 0.704101562 0.578613281
vn -0.053525156 0.801524984 0.595560877
v 0.0309501364 0.140024559 0.188904715
vt 0.612304688 0.622558594
vn -0.053525156 0.801524984 0.595560877
v -0.0875416294 0.0448181217 0.306387328
vt 0.704101562 0.578613281
vn -0.053525156 0.801524984 0.595560877
v 0.0309500162 0.0448180794 0.317966688
vt 0.704101562 0.622558594
vn -0.057914251 0.80338291 0.592639721
v -0.0981774822 0.0448191628 0.183679342
vt 0.821289062 0.0346984863
vn 4.02146411e-07 -0.680247929 -0.732982098
v -0.0981774407 0.0766627289 0.154126755
vt 0.805664062 0.0346984863
vn 3.82521546e-07 -0.680247886 -0.732982137
v 0.030950134 0.076662671 0.154126876
vt 0.805664062 0.00979614258
vn 4.02146411e-07 -0.680247929 -0.732982098
v -0.0981774822 0.0448191628 0.183679342
vt 0.821289062 0.0346984863
vn 4.02146411e-07 -0.680247929 -0.732982098
v 0.030950134 0.076662671 0.154126876
vt 0.805664062 0.00979614258
vn 4.02146411e-07 -0.680247929 -0.732982098
v 0.0309501026 0.0448191123 0.183679463
vt 0.821289062 0.00979614258
vn 4.21771276e-07 -0.680247972 -0.732982058
v -0.0874565637 0.0843753334 -0.65059115
vt 0.149536133 0.51953125
vn -0.970503327 0.240678009 -0.0140495323
v -0.0874564059 0.0570564864 -0.894567232
vt 0.0123977661 0.498291016
vn -0.9454577 0.32372173 -0.0362488549
v -0.0981810678 0.0281447773 -0.873039224
vt 0.0123977661 0.479492188
vn -0.970503327 0.240678009 -0.0140495323
v -0.0874565637 0.0843753334 -0.65059115
vt 0.149536133 0.51953125
vn -0.970503327 0.240678009 -0.0140495323
v -0.0981810678 0.0281447773 -0.873039224
vt 0.0123977661 0.479492188
vn -0.970503327 0.240678009 -0.0140495323
v -0.0981812193 0.0281448788 -0.649001837
vt 0.14855957 0.479736328
vn -0.98229329 0.187349651 -7.49326108e-07
v 0.0309505795 0.140020411 -0.500107818
vt 0.254394531 0.622558594
vn -0.0383638558 0.999263832 8.88874932e-05
v -0.0874566376 0.135539991 -0.500439036
vt 0.254394531 0.578613281
vn -0.0378125332 0.999284833 0.000184241317
v -0.0874356858 0.135414334 0.185399595
vt 0.612304688 0.578613281
vn -0.0383638558 0.999263832 8.88874932e-05
v 0.0309505795 0.140020411 -0.500107818
vt 0.254394531 0.622558594
vn -0.0383638558 0.999263832 8.88874932e-05
v -0.0874356858 0.135414334 0.185399595
vt 0.612304688 0.578613281
vn -0.0383638558 0.999263832 8.88874932e-05
v 0.0309501364 0.140024559 0.188904715
vt 0.612304688 0.622558594
vn -0.0389127027 0.999242614 -6.04024747e-06
v -0.0874564059 0.0570564864 -0.894567232
vt 0.0355834961 0.577148438
vn -0.0426834482 0.992906851 -0.110968955
v -0.0874565637 0.0843753334 -0.65059115
vt 0.166748047 0.578613281
vn -0.0422559476 0.992901676 -0.111178667
v 0.0309506585 0.0890348269 -0.653982003
vt 0.166748047 0.622558594
vn -0.0426834482 0.992906851 -0.110968955
v -0.0874564059 0.0570564864 -0.894567232
vt 0.0355834961 0.577148438
vn -0.0426834482 0.992906851 -0.110968955
v 0.0309506585 0.0890348269 -0.653982003
vt 0.166748047 0.622558594
vn -0.0426834482 0.992906851 -0.110968955
v 0.030950805 0.0617778568 -0.898329124
vt 0.038482666 0.622558594
vn -0.0431102945 0.992911793 -0.110759534
v 0.0309506585 0.0890348269 -0.653982003
vt 0.166748047 0.622558594
vn -0.0406666651 0.947140516 -0.318231152
v -0.0874565637 0.0843753334 -0.65059115
vt 0.166748047 0.578613281
vn -0.0464348433 0.945534508 -0.322192953
v -0.0874566376 0.135539991 -0.500439036
vt 0.254394531 0.578613281
vn -0.0406666651 0.947140516 -0.318231152
v 0.0309506585 0.0890348269 -0.653982003
vt 0.166748047 0.622558594
vn -0.0406666651 0.947140516 -0.318231152
v -0.0874566376 0.135539991 -0.500439036
vt 0.254394531 0.578613281
vn -0.0406666651 0.947140516 -0.318231152
v 0.0309505795 0.140020411 -0.500107818
vt 0.254394531 0.622558594
vn -0.0350173439 0.948665567 -0.314336489
v -0.0981810678 0.0281447773 -0.873039224
vt 0.010093689 0.574707031
vn 1.66075823e-07 -0.597230714 -0.802069494
v -0.0874564059 0.0570564864 -0.894567232
vt 0.0355834961 0.577148438
vn -0.000738806624 -0.599175746 -0.800617186
v 0.0309507755 0.0281447305 -0.873039162
vt 0.010093689 0.622558594
vn -0.000738806624 -0.599175746 -0.800617186
v -0.0874564059 0.0570564864 -0.894567232
vt 0.0355834961 0.577148438
vn -0.000738806624 -0.599175746 -0.800617186
v 0.030950805 0.0617778568 -0.898329124
vt 0.038482666 0.622558594
vn -0.00142914384 -0.600989292 -0.799255797
v 0.0309507755 0.0281447305 -0.873039162
vt 0.010093689 0.622558594
vn -0.000738806624 -0.599175746 -0.800617186
v -0.0874565637 0.0843753334 -0.65059115
vt 0.149536133 0.51953125
vn -0.991149511 0.130748428 -0.0229672453
v -0.0981812193 0.0281448788 -0.649001837
vt 0.14855957 0.479736328
vn -0.982293305 0.187349574 -3.56330461e-06
v -0.0981813015 0.0281471322 -0.507863119
vt 0.233398438 0.479736328
vn -0.993776703 0.110381457 -0.0149598903
v -0.0874565637 0.0843753334 -0.65059115
vt 0.149536133 0.51953125
vn -0.991149511 0.130748428 -0.0229672453
v -0.0981813015 0.0281471322 -0.507863119
vt 0.233398438 0.479736328
vn -0.993776703 0.110381457 -0.0149598903
v -0.0874566376 0.135539991 -0.500439036
vt 0.233398438 0.564453125
vn -0.991249861 0.131603431 -0.0102102475
v -0.0874566376 0.135539991 -0.500439036
vt 0.233398438 0.564453125
vn -0.991249861 0.131603431 -0.0102102475
v -0.0981813015 0.0281471322 -0.507863119
vt 0.233398438 0.479736328
vn -0.993776703 0.110381457 -0.0149598903
v -0.0981794524 0.0765416095 -0.0646674945
vt 0.492675781 0.520019531
vn -0.989784469 0.142480649 -0.00509601458
v -0.0874566376 0.135539991 -0.500439036
vt 0.233398438 0.564453125
vn -0.991249861 0.131603431 -0.0102102475
v -0.0981794524 0.0765416095 -0.0646674945
vt 0.492675781 0.520019531
vn -0.989784469 0.142480649 -0.00509601458
v -0.0874356858 0.135414334 0.185399595
vt 0.637695312 0.564941406
vn -0.98377254 0.179420145 2.58723934e-05
v -0.0981794524 0.0765416095 -0.0646674945
vt 0.492675781 0.520019531
vn -0.989784469 0.142480649 -0.00509601458
v -0.0981774407 0.0766627289 0.154126755
vt 0.621582031 0.520019531
vn -0.983685141 0.179898681 -9.05433921e-05
v -0.0874356858 0.135414334 0.185399595
vt 0.637695312 0.564941406
vn -0.98377254 0.179420145 2.58723934e-05
v -0.0980595859 -0.160908933 -0.45023529
vt 0.271972656 0.640136719
vn -0.0570540155 -0.712944396 -0.698895649
v -0.0980595197 -0.103338005 -0.510748712
vt 0.218505859 0.640136719
vn -0.0472349685 -0.723693263 -0.68850339
v 0.0309504932 -0.106702524 -0.516062999
vt 0.218505859 0.684082031
vn -0.0570540155 -0.712944396 -0.698895649
v -0.0980595859 -0.160908933 -0.45023529
vt 0.271972656 0.640136719
vn -0.0570540155 -0.712944396 -0.698895649
v 0.0309504932 -0.106702524 -0.516062999
vt 0.218505859 0.684082031
vn -0.0570540155 -0.712944396 -0.698895649
v 0.030950432 -0.166313279 -0.457039216
vt 0.271972656 0.684082031
vn -0.0668013959 -0.702027918 -0.709009433
v 0.0309506 -0.0581281353 -0.652532128
vt 0.137329102 0.684082031
vn -0.0340576832 -0.994170103 -0.102302882
v -0.0980594191 -0.0538743127 -0.649720223
vt 0.137329102 0.640136719
vn -0.0350000763 -0.99418878 -0.101802089
v -0.0980592332 -0.0288391799 -0.894210831
vt 0.00829315186 0.640136719
vn -0.0340576832 -0.994170103 -0.102302882
v 0.0309506 -0.0581281353 -0.652532128
vt 0.137329102 0.684082031
vn -0.0340576832 -0.994170103 -0.102302882
v -0.0980592332 -0.0288391799 -0.894210831
vt 0.00829315186 0.640136719
vn -0.0340576832 -0.994170103 -0.102302882
v 0.030950768 -0.032711319 -0.898329091
vt 0.00829315186 0.684082031
vn -0.0331202961 -0.994150404 -0.102800879
v 0.0309504932 -0.106702524 -0.516062999
vt 0.218505859 0.684082031
vn -0.0383492936 -0.94140973 -0.33507768
v -0.0980595197 -0.103338005 -0.510748712
vt 0.218505859 0.640136719
vn -0.0383541658 -0.941411023 -0.335073489
v -0.0980594191 -0.0538743127 -0.649720223
vt 0.137329102 0.640136719
vn -0.0383492936 -0.94140973 -0.33507768
v 0.0309504932 -0.106702524 -0.516062999
vt 0.218505859 0.684082031
vn -0.0383492936 -0.94140973 -0.33507768
v -0.0980594191 -0.0538743127 -0.649720223
vt 0.137329102 0.640136719
vn -0.0383492936 -0.94140973 -0.33507768
v 0.0309506 -0.0581281353 -0.652532128
vt 0.137329102 0.684082031
vn -0.038344332 -0.941408413 -0.335081949
v -0.0980596857 -0.160908881 -0.30344334
vt 0.351806641 0.640136719
vn -0.0418541219 -0.999123732 3.73814103e-07
v -0.0980595859 -0.160908933 -0.45023529
vt 0.271972656 0.640136719
vn -0.0418541801 -0.99912373 3.24788696e-07
v 0.030950432 -0.166313279 -0.457039216
vt 0.271972656 0.684082031
vn -0.0418541219 -0.999123732 3.73814103e-07
v -0.0980596857 -0.160908881 -0.30344334
vt 0.351806641 0.640136719
vn -0.0418541219 -0.999123732 3.73814103e-07
v 0.030950432 -0.166313279 -0.457039216
vt 0.271972656 0.684082031
vn -0.0418541219 -0.999123732 3.73814103e-07
v 0.0309503278 -0.166313207 -0.295056964
vt 0.351806641 0.684082031
vn -0.0418540691 -0.999123735 4.18242024e-07
v -0.0981812193 0.0281448788 -0.649001837
vt 0.920898438 0.0367736816
vn -3.80186584e-07 -1 4.16284773e-06
v -0.0981810678 0.0281447773 -0.873039224
vt 0.986328125 0.0367736816
vn -3.62307012e-07 -1 4.53321205e-07
v 0.0309507755 0.0281447305 -0.873039162
vt 0.986328125 0.0104980469
vn -3.76731355e-07 -1 4.45007215e-07
v -0.0981812193 0.0281448788 -0.649001837
vt 0.920898438 0.0367736816
vn -3.80186584e-07 -1 4.16284773e-06
v 0.0309507755 0.0281447305 -0.873039162
vt 0.986328125 0.0104980469
vn -3.76731355e-07 -1 4.45007215e-07
v 0.0309506315 0.0281448283 -0.649001835
vt 0.920898438 0.0104980469
vn -3.95150615e-07 -1 9.09078405e-06
v -0.0981813015 0.0281471322 -0.507863119
vt 0.879882812 0.0367736816
vn -3.98321299e-07 -1 1.59593627e-05
v -0.0981812193 0.0281448788 -0.649001837
vt 0.920898438 0.0367736816
vn -3.80186584e-07 -1 4.16284773e-06
v 0.0309506315 0.0281448283 -0.649001835
vt 0.920898438 0.0104980469
vn -3.95150615e-07 -1 9.09078405e-06
v -0.0981813015 0.0281471322 -0.507863119
vt 0.879882812 0.0367736816
vn -3.98321299e-07 -1 1.59593627e-05
v 0.0309506315 0.0281448283 -0.649001835
vt 0.920898438 0.0104980469
vn -3.95150615e-07 -1 9.09078405e-06
v 0.0309505407 0.0281470799 -0.507863892
vt 0.879882812 0.0104980469
vn -4.05486701e-07 -1 1.59528068e-05
v -0.0980592332 -0.0288391799 -0.894210831
vt 0.150024414 0.697265625
vn 1.46498504e-06 0.728572961 -0.684968204
v 0.0309507602 -0.00608856987 -0.870011651
vt 0.171142578 0.740234375
vn 1.46498504e-06 0.728572961 -0.684968204
v 0.030950768 -0.032711319 -0.898329091
vt 0.146484375 0.740234375
vn 1.92674869e-06 0.728571733 -0.68496951
v -0.0980592332 -0.0288391799 -0.894210831
vt 0.150024414 0.697265625
vn 1.46498504e-06 0.728572961 -0.684968204
v -0.0981810826 -0.00608851983 -0.870011773
vt 0.171142578 0.692382812
vn 9.25142797e-07 0.728574398 -0.684966676
v 0.0309507602 -0.00608856987 -0.870011651
vt 0.171142578 0.740234375
vn 1.46498504e-06 0.728572961 -0.684968204
v -0.0981810826 -0.00608851983 -0.870011773
vt 0.171142578 0.692382812
vn 3.9115576e-07 1 -4.39939073e-07
v -0.0981812178 -0.00608842213 -0.649001885
vt 0.287597656 0.692382812
vn 3.94765995e-07 1 -9.16911648e-06
v 0.0309506181 -0.0060884731 -0.649001823
vt 0.287597656 0.740234375
vn 3.92026112e-07 1 -4.19871644e-06
v -0.0981810826 -0.00608851983 -0.870011773
vt 0.171142578 0.692382812
vn 3.9115576e-07 1 -4.39939073e-07
v 0.0309506181 -0.0060884731 -0.649001823
vt 0.287597656 0.740234375
vn 3.92026112e-07 1 -4.19871644e-06
v 0.0309507602 -0.00608856987 -0.870011651
vt 0.171142578 0.740234375
vn 3.87549687e-07 1 -4.37832116e-07
v -0.0981812178 -0.00608842213 -0.649001885
vt 0.287597656 0.692382812
vn 3.94765995e-07 1 -9.16911648e-06
v 0.0309505279 -0.00608622281 -0.508757711
vt 0.361328125 0.740234375
vn 3.94769274e-07 1 -1.60455863e-05
v 0.0309506181 -0.0060884731 -0.649001823
vt 0.287597656 0.740234375
vn 3.92026112e-07 1 -4.19871644e-06
v -0.0981812178 -0.00608842213 -0.649001885
vt 0.287597656 0.692382812
vn 3.94765995e-07 1 -9.16911648e-06
v -0.0981813144 -0.00608617183 -0.508757772
vt 0.361328125 0.692382812
vn 3.94769274e-07 1 -1.60455863e-05
v 0.0309505279 -0.00608622281 -0.508757711
vt 0.361328125 0.740234375
vn 3.94769274e-07 1 -1.60455863e-05
v -0.0981813015 0.0281471322 -0.507863119
vt 0.879882812 0.0367736816
vn -2.74283194e-06 0.0261129155 -0.999659
v 0.0309505407 0.0281470799 -0.507863892
vt 0.879882812 0.0104980469
vn -5.97265371e-06 0.0261007406 -0.999659318
v 0.0309505279 -0.00608622281 -0.508757711
vt 0.865722656 0.0104980469
vn -2.74283194e-06 0.0261129155 -0.999659
v -0.0981813015 0.0281471322 -0.507863119
vt 0.879882812 0.0367736816
vn -2.74283194e-06 0.0261129155 -0.999659
v 0.0309505279 -0.00608622281 -0.508757711
vt 0.865722656 0.0104980469
vn -2.74283194e-06 0.0261129155 -0.999659
v -0.0981813144 -0.00608617183 -0.508757772
vt 0.865722656 0.036895752
vn 4.86987639e-07 0.0261250904 -0.999658682
v 0.0309503125 -0.0935254511 -0.226911706
vt 0.416992188 0.684082031
vn -0.0641186876 -0.692909479 0.718167981
v -0.0980596917 -0.0887169243 -0.231707931
vt 0.416992188 0.640136719
vn -0.0525705907 -0.703885572 0.708365326
v -0.0980596857 -0.160908881 -0.30344334
vt 0.351806641 0.640136719
vn -0.0641186876 -0.692909479 0.718167981
v 0.0309503125 -0.0935254511 -0.226911706
vt 0.416992188 0.684082031
vn -0.0641186876 -0.692909479 0.718167981
v -0.0980596857 -0.160908881 -0.30344334
vt 0.351806641 0.640136719
vn -0.0641186876 -0.692909479 0.718167981
v 0.0309503278 -0.166313207 -0.295056964
vt 0.351806641 0.684082031
vn -0.075865027 -0.681473538 0.727899934
v -0.0980596917 -0.0887169243 -0.231707931
vt 0.416992188 0.640136719
vn -0.0383023039 -0.999265945 -0.000711095268
v 0.0309503125 -0.0935254511 -0.226911706
vt 0.416992188 0.684082031
vn -0.0372066065 -0.999307013 -0.00107795489
v 0.0309500672 -0.0939365363 0.15418903
vt 0.620117188 0.684082031
vn -0.0383023039 -0.999265945 -0.000711095268
v -0.0980596917 -0.0887169243 -0.231707931
vt 0.416992188 0.640136719
vn -0.0383023039 -0.999265945 -0.000711095268
v 0.0309500672 -0.0939365363 0.15418903
vt 0.620117188 0.684082031
vn -0.0383023039 -0.999265945 -0.000711095268
v -0.098059952 -0.0888541902 0.157788356
vt 0.620117188 0.640136719
vn -0.0393742454 -0.999224472 -0.00035217202
v -0.0981816249 -0.0298458549 -0.0646644022
vt 0.392333984 0.774902344
vn 9.22791271e-08 0.887661873 0.460495819
v -0.0981816666 -0.0616757137 -0.00330846817
vt 0.412109375 0.774902344
vn 8.44569309e-08 0.887661866 0.460495832
v 0.0309501811 -0.0616757642 -0.00330839448
vt 0.412109375 0.750976562
vn 9.22791271e-08 0.887661873 0.460495819
v -0.0981816249 -0.0298458549 -0.0646644022
vt 0.392333984 0.774902344
vn 9.22791271e-08 0.887661873 0.460495819
v 0.0309501811 -0.0616757642 -0.00330839448
vt 0.412109375 0.750976562
vn 9.22791271e-08 0.887661873 0.460495819
v 0.030950233 -0.0298459091 -0.0646643257
vt 0.392333984 0.750976562
vn 1.00101323e-07 0.887661879 0.460495807
v -0.0981816249 -0.0298458549 -0.0646644022
vt 0.0889892578 0.692382812
vn -0.000306449094 -0.000342172179 0.999999895
v 0.030950233 -0.0298459091 -0.0646643257
vt 0.0888671875 0.739746094
vn -5.9253162e-07 -0.000713417506 0.999999746
v 0.0309502746 0.0765415515 -0.064588427
vt 0.010093689 0.739746094
vn -0.000306449094 -0.000342172179 0.999999895
v -0.0981816249 -0.0298458549 -0.0646644022
vt 0.0889892578 0.692382812
vn -0.000306449094 -0.000342172179 0.999999895
v 0.0309502746 0.0765415515 -0.064588427
vt 0.010093689 0.739746094
vn -0.000306449094 -0.000342172179 0.999999895
v -0.0981794524 0.0765416095 -0.0646674945
vt 0.010093689 0.692382812
vn -0.000612310642 2.9079366e-05 0.999999812
v -0.0875416294 0.0448181217 0.306387328
vt 0.858886719 0.0346984863
vn 2.7652998e-09 -1 -8.0701758e-06
v -0.0981774822 0.0448191628 0.183679342
vt 0.821289062 0.0346984863
vn -3.91147437e-07 -1 -8.45055405e-06
v 0.0309501026 0.0448191123 0.183679463
vt 0.821289062 0.00979614258
vn 2.7652998e-09 -1 -8.0701758e-06
v 0.0309501026 0.0448191123 0.183679463
vt 0.821289062 0.00979614258
vn 2.7652998e-09 -1 -8.0701758e-06
v 0.0309500162 0.0448180794 0.317966688
vt 0.858886719 0.00979614258
vn 3.95021111e-07 -1 -7.69139755e-06
v -0.0875416294 0.0448181217 0.306387328
vt 0.858886719 0.0346984863
vn 2.7652998e-09 -1 -8.0701758e-06
v 0.0309501811 -0.0616757642 -0.00330839448
vt 0.10369873 0.739257812
vn 3.91155742e-07 1 -4.1494597e-07
v -0.0981816666 -0.0616757137 -0.00330846817
vt 0.127685547 0.739257812
vn 3.91155734e-07 1 -4.14945976e-07
v -0.0981817832 -0.0616756382 0.178730615
vt 0.127685547 0.692382812
vn 3.91155742e-07 1 -4.1494597e-07
v 0.0309501811 -0.0616757642 -0.00330839448
vt 0.10369873 0.739257812
vn 3.91155742e-07 1 -4.1494597e-07
v -0.0981817832 -0.0616756382 0.178730615
vt 0.127685547 0.692382812
vn 3.91155742e-07 1 -4.1494597e-07
v 0.0309500641 -0.0616756887 0.178730722
vt 0.10369873 0.692382812
vn 3.9115575e-07 1 -4.14945965e-07
v -0.098059952 -0.0888541902 0.157788356
vt 0.375732422 0.755859375
vn -0.000891925253 -0.607706376 0.794161296
v 0.0309500672 -0.0939365363 0.15418903
vt 0.347900391 0.753417969
vn -0.0016468566 -0.605449056 0.795882359
v 0.0309500641 -0.0616756887 0.178730722
vt 0.347900391 0.769042969
vn -0.000891925253 -0.607706376 0.794161296
v -0.098059952 -0.0888541902 0.157788356
vt 0.375732422 0.755859375
vn -0.000891925253 -0.607706376 0.794161296
v 0.0309500641 -0.0616756887 0.178730722
vt 0.347900391 0.769042969
vn -0.000891925253 -0.607706376 0.794161296
v -0.0981817832 -0.0616756382 0.178730615
vt 0.375732422 0.769042969
vn -8.90680258e-07 -0.610363884 0.792121158
v -0.0271958327 -0.0691902784 -0.826707933
vt 0.076171875 0.393066406
vn -0.999999969 -0.000247850085 -2.02619848e-05
v -0.0271948996 -0.0897904128 -0.620773303
vt 0.180175781 0.376220703
vn -0.999999961 -0.000272381731 -6.2846372e-05
v -0.0272033092 -0.0402922536 -0.811206386
vt 0.076171875 0.4140625
vn -0.999999968 -0.000252526191 -2.14774177e-05
v -0.0271948996 -0.0897904128 -0.620773303
vt 0.180175781 0.376220703
vn -0.999999961 -0.000272381731 -6.2846372e-05
v -0.0272033798 -0.0505225003 -0.694799536
vt 0.141479492 0.405761719
vn -0.999999958 -0.000287579893 -3.79920291e-05
v -0.0272033092 -0.0402922536 -0.811206386
vt 0.076171875 0.4140625
vn -0.999999968 -0.000252526191 -2.14774177e-05
v -0.0272033798 -0.0505225003 -0.694799536
vt 0.141479492 0.405761719
vn -0.999999958 -0.000287579893 -3.79920291e-05
v -0.0271948996 -0.0897904128 -0.620773303
vt 0.180175781 0.376220703
vn -0.999999961 -0.000272381731 -6.2846372e-05
v -0.0272034449 -0.0663541608 -0.610357698
vt 0.185791016 0.393554688
vn -0.999999944 -0.000319349149 -0.00010186563
v -0.0272035204 -0.106918262 -0.516618839
vt 0.234863281 0.362792969
vn -0.999999944 -0.000288960543 -0.000168105633
v -0.0272034449 -0.0663541608 -0.610357698
vt 0.185791016 0.393554688
vn -0.999999944 -0.000319349149 -0.00010186563
v -0.0271948996 -0.0897904128 -0.620773303
vt 0.180175781 0.376220703
vn -0.999999961 -0.000272381731 -6.2846372e-05
v -0.0272035204 -0.106918262 -0.516618839
vt 0.234863281 0.362792969
vn -0.999999944 -0.000288960543 -0.000168105633
v -0.0271948996 -0.0897904128 -0.620773303
vt 0.180175781 0.376220703
vn -0.999999961 -0.000272381731 -6.2846372e-05
v -0.0271949931 -0.143300323 -0.507548729
vt 0.239257812 0.3359375
vn -0.999999962 -0.000204865535 -0.00018354657
v -0.0272035204 -0.106918262 -0.516618839
vt 0.234863281 0.362792969
vn -0.999999944 -0.000288960543 -0.000168105633
v -0.0271949931 -0.143300323 -0.507548729
vt 0.239257812 0.3359375
vn -0.999999962 -0.000204865535 -0.00018354657
v -0.0272035829 -0.166620474 -0.45787639
vt 0.265136719 0.317871094
vn -0.999999978 -0.000190227576 -9.25065257e-05
v -0.0271949931 -0.143300323 -0.507548729
vt 0.239257812 0.3359375
vn -0.999999962 -0.000204865535 -0.00018354657
v -0.0271950073 -0.185726298 -0.504856194
vt 0.240112305 0.303710938
vn -0.999999965 -0.00025040419 -8.07041702e-05
v -0.0272035829 -0.166620474 -0.45787639
vt 0.265136719 0.317871094
vn -0.999999978 -0.000190227576 -9.25065257e-05
v -0.0272035829 -0.166620474 -0.45787639
vt 0.265136719 0.317871094
vn -0.999999978 -0.000190227576 -9.25065257e-05
v -0.0271950073 -0.185726298 -0.504856194
vt 0.240112305 0.303710938
vn -0.999999965 -0.00025040419 -8.07041702e-05
v -0.0272037183 -0.185753021 -0.267715473
vt 0.364990234 0.303710938
vn -0.999999988 -0.000152769865 -1.60526853e-05
v -0.0272035829 -0.166620474 -0.45787639
vt 0.265136719 0.317871094
vn -0.999999978 -0.000190227576 -9.25065257e-05
v -0.0272037183 -0.185753021 -0.267715473
vt 0.364990234 0.303710938
vn -0.999999988 -0.000152769865 -1.60526853e-05
v -0.0272036941 -0.166618211 -0.29502406
vt 0.350830078 0.317871094
vn -1 3.74669822e-07 -5.79894769e-07
v -0.0272037233 -0.121323857 -0.204473632
vt 0.398925781 0.349365234
vn -1 4.00553575e-07 -5.81265486e-07
v -0.0272036941 -0.166618211 -0.29502406
vt 0.350830078 0.317871094
vn -1 3.74669822e-07 -5.79894769e-07
v -0.0272037183 -0.185753021 -0.267715473
vt 0.364990234 0.303710938
vn -0.999999988 -0.000152769865 -1.60526853e-05
v -0.0272037233 -0.121323857 -0.204473632
vt 0.398925781 0.349365234
vn -1 4.00553575e-07 -5.81265486e-07
v -0.0272037022 -0.0946359598 -0.226914788
vt 0.387451172 0.369140625
vn -1 3.21422849e-07 -5.5976603e-07
v -0.0272036941 -0.166618211 -0.29502406
vt 0.350830078 0.317871094
vn -1 3.74669822e-07 -5.79894769e-07
v -0.027203788 -0.0946359025 -0.0860229003
vt 0.456054688 0.369140625
vn -1 3.86134776e-07 -6.32956597e-07
v -0.0272037022 -0.0946359598 -0.226914788
vt 0.387451172 0.369140625
vn -1 3.21422849e-07 -5.5976603e-07
v -0.0272037233 -0.121323857 -0.204473632
vt 0.398925781 0.349365234
vn -1 4.00553575e-07 -5.81265486e-07
v -0.027203788 -0.0946359025 -0.0860229003
vt 0.456054688 0.369140625
vn -1 3.86134776e-07 -6.32956597e-07
v -0.0272037233 -0.121323857 -0.204473632
vt 0.398925781 0.349365234
vn -1 4.00553575e-07 -5.81265486e-07
v -0.0272037885 -0.121323808 -0.106747506
vt 0.456054688 0.349365234
vn -1 5.39165631e-07 -6.67435746e-07
v -0.0271958327 -0.0691902784 -0.826707933
vt 0.076171875 0.393066406
vn -0.000362465764 0.473273353 -0.880915548
v -0.0272033092 -0.0402922536 -0.811206386
vt 0.076171875 0.4140625
vn 6.05100169e-07 0.472706178 -0.881220103
v 0.030950709 -0.0402922763 -0.811206358
vt 0.0580749512 0.416748047
vn -0.000362465764 0.473273353 -0.880915548
v -0.0271958327 -0.0691902784 -0.826707933
vt 0.076171875 0.393066406
vn -0.000362465764 0.473273353 -0.880915548
v 0.030950709 -0.0402922763 -0.811206358
vt 0.0580749512 0.416748047
vn -0.000362465764 0.473273353 -0.880915548
v 0.0309507077 -0.0691579955 -0.826738483
vt 0.0580749512 0.395507812
vn -0.000725737971 0.473840584 -0.880610342
v -0.027203788 -0.0946359025 -0.0860229003
vt 0.700683594 0.0426940918
vn -3.12955695e-07 -0.613338302 0.789820314
v -0.0272037885 -0.121323808 -0.106747506
vt 0.689453125 0.0426940918
vn -3.12955704e-07 -0.613338302 0.789820314
v 0.0309502243 -0.12132383 -0.1067475
vt 0.689453125 0.0328979492
vn -3.12955695e-07 -0.613338302 0.789820314
v -0.027203788 -0.0946359025 -0.0860229003
vt 0.700683594 0.0426940918
vn -3.12955695e-07 -0.613338302 0.789820314
v 0.0309502243 -0.12132383 -0.1067475
vt 0.689453125 0.0328979492
vn -3.12955695e-07 -0.613338302 0.789820314
v 0.0309502214 -0.0946359253 -0.086022895
vt 0.700683594 0.0328979492
vn -3.12955686e-07 -0.613338302 0.789820314
v -0.0638449454 -0.0665201793 -0.853728999
vt 0.647460938 0.352539062
vn 6.14925289e-07 0.572977111 -0.81957137
v 0.0309507261 -0.0665202163 -0.853728954
vt 0.647460938 0.378662109
vn 6.14925288e-07 0.572977111 -0.81957137
v 0.0309507278 -0.0953229685 -0.873865477
vt 0.623535156 0.378662109
vn 6.14925289e-07 0.572977111 -0.81957137
v -0.0638449454 -0.0665201793 -0.853728999
vt 0.647460938 0.352539062
vn 6.14925289e-07 0.572977111 -0.81957137
v 0.0309507278 -0.0953229685 -0.873865477
vt 0.623535156 0.378662109
vn 6.14925289e-07 0.572977111 -0.81957137
v -0.0638449396 -0.0953229314 -0.873865522
vt 0.623535156 0.352539062
vn 6.14925289e-07 0.572977111 -0.81957137
v -0.0638452001 -0.143330976 -0.507529554
vt 0.0387878418 0.00849914551
vn -0.00455804327 0.904610029 0.426215813
v -0.0271949931 -0.143300323 -0.507548729
vt 0.0387878418 0.015296936
vn -0.000532600352 0.904116665 0.427285353
v -0.0271948996 -0.0897904128 -0.620773303
vt 0.110290527 0.015296936
vn -0.00455804327 0.904610029 0.426215813
v -0.0638452001 -0.143330976 -0.507529554
vt 0.0387878418 0.00849914551
vn -0.00455804327 0.904610029 0.426215813
v -0.0271948996 -0.0897904128 -0.620773303
vt 0.110290527 0.015296936
vn -0.00455804327 0.904610029 0.426215813
v -0.0638451029 -0.0901381245 -0.62077332
vt 0.110168457 0.00849914551
vn -0.00858704762 0.905087905 0.425137798
v -0.0638313152 -0.185728995 -0.504869265
vt 0.00749969482 0.00849914551
vn 5.44691361e-05 0.0629798087 0.9980148
v -0.0271950073 -0.185726298 -0.504856194
vt 0.00749969482 0.015296936
vn -0.000360721474 0.0633368865 0.997992139
v -0.0271949931 -0.143300323 -0.507548729
vt 0.0387878418 0.015296936
vn 5.44691361e-05 0.0629798087 0.9980148
v -0.0638313152 -0.185728995 -0.504869265
vt 0.00749969482 0.00849914551
vn 5.44691361e-05 0.0629798087 0.9980148
v -0.0271949931 -0.143300323 -0.507548729
vt 0.0387878418 0.015296936
vn 5.44691361e-05 0.0629798087 0.9980148
v -0.0638452001 -0.143330976 -0.507529554
vt 0.0387878418 0.00849914551
vn 0.000469794546 0.062622596 0.998037169
v 0.0309504744 -0.221278274 -0.556395987
vt 0.551269531 0.0328979492
vn -0.00275214253 -0.824603764 0.565704037
v -0.0271950073 -0.185726298 -0.504856194
vt 0.570800781 0.0426940918
vn -0.00224537525 -0.825052937 0.56505098
v -0.0638473229 -0.221209245 -0.5570431
vt 0.551269531 0.047088623
vn -0.00324884126 -0.825890291 0.56382149
v 0.0309504744 -0.221278274 -0.556395987
vt 0.551269531 0.0328979492
vn -0.00275214253 -0.824603764 0.565704037
v 0.0309504551 -0.185727974 -0.504862305
vt 0.570800781 0.0328979492
vn 3.59470833e-05 -0.823139398 0.567839353
v -0.0271950073 -0.185726298 -0.504856194
vt 0.570800781 0.0426940918
vn -0.00224537525 -0.825052937 0.56505098
v -0.0271950073 -0.185726298 -0.504856194
vt 0.570800781 0.0426940918
vn -0.00224537525 -0.825052937 0.56505098
v -0.0638313152 -0.185728995 -0.504869265
vt 0.570800781 0.047088623
vn -0.000139736568 -0.826911428 0.562332171
v -0.0638473229 -0.221209245 -0.5570431
vt 0.551269531 0.047088623
vn -0.00324884126 -0.825890291 0.56382149
v -0.0638449717 -0.177246833 -0.873672315
vt 0.100463867 0.228393555
vn -1 2.39192756e-05 7.06517626e-06
v -0.0638470152 -0.177365733 -1.01020443
vt 0.0160980225 0.228393555
vn -1 1.6423488e-05 1.49525573e-05
v -0.0638470909 -0.246423173 -0.93941418
vt 0.0599975586 0.170776367
vn -1 2.39192756e-05 7.06517626e-06
v -0.0638449717 -0.177246833 -0.873672315
vt 0.100463867 0.228393555
vn -1 2.39192756e-05 7.06517626e-06
v -0.0638470909 -0.246423173 -0.93941418
vt 0.0599975586 0.170776367
vn -1 2.39192756e-05 7.06517626e-06
v -0.0638471635 -0.241448704 -0.814242235
vt 0.137207031 0.170776367
vn -0.999999999 3.2409237e-05 -1.86831607e-06
v -0.0638473207 -0.316563706 -0.624380274
vt 0.674804688 0.0263977051
vn -3.21719367e-06 -0.999991127 -0.00421267425
v 0.0309504808 -0.316563714 -0.62438017
vt 0.674804688 0.00929260254
vn -7.21144344e-08 -0.999991108 -0.00421711548
v 0.0309504375 -0.316846812 -0.557249968
vt 0.692871094 0.00929260254
vn -3.21719367e-06 -0.999991127 -0.00421267425
v -0.0638473207 -0.316563706 -0.624380274
vt 0.674804688 0.0263977051
vn -3.21719367e-06 -0.999991127 -0.00421267425
v 0.0309504375 -0.316846812 -0.557249968
vt 0.692871094 0.00929260254
vn -3.21719367e-06 -0.999991127 -0.00421267425
v -0.0638473677 -0.316846209 -0.557250013
vt 0.692871094 0.0263977051
vn -6.36227011e-06 -0.999991145 -0.00420823302
v -0.0638473677 -0.316846209 -0.557250013
vt 0.692871094 0.0263977051
vn -0.0034153271 -0.00554833498 0.999978776
v 0.0309504375 -0.316846812 -0.557249968
vt 0.692871094 0.00929260254
vn -5.33688429e-07 -0.00893544467 0.999960078
v 0.0309504744 -0.221278274 -0.556395987
vt 0.728515625 0.00929260254
vn -0.0034153271 -0.00554833498 0.999978776
v -0.0638473677 -0.316846209 -0.557250013
vt 0.692871094 0.0263977051
vn -0.0034153271 -0.00554833498 0.999978776
v 0.0309504744 -0.221278274 -0.556395987
vt 0.728515625 0.00929260254
vn -0.0034153271 -0.00554833498 0.999978776
v -0.0638473229 -0.221209245 -0.5570431
vt 0.728515625 0.0263977051
vn -0.00682764737 -0.00216347186 0.999974351
v -0.0638471635 -0.241448704 -0.814242235
vt 0.616699219 0.0263977051
vn -0.0989492648 -0.994400757 0.0370968626
v -0.0638470909 -0.246423173 -0.93941418
vt 0.584472656 0.0263977051
vn -0.0959470333 -0.994601339 0.0395264821
v 0.0309507029 -0.255294331 -0.932525087
vt 0.584472656 0.00929260254
vn -0.0989492648 -0.994400757 0.0370968626
v -0.0638471635 -0.241448704 -0.814242235
vt 0.616699219 0.0263977051
vn -0.0989492648 -0.994400757 0.0370968626
v 0.0309507029 -0.255294331 -0.932525087
vt 0.584472656 0.00929260254
vn -0.0989492648 -0.994400757 0.0370968626
v 0.0309506301 -0.251285878 -0.816905501
vt 0.616699219 0.00929260254
vn -0.102196451 -0.994166942 0.0344670343
v -0.0638470152 -0.177365733 -1.01020443
vt 0.494384766 0.171020508
vn 4.69618592e-07 0.999999621 -0.000870911516
v -0.0638449717 -0.177246833 -0.873672315
vt 0.565917969 0.171020508
vn 3.90475947e-07 0.999999621 -0.000870856565
v 0.0309506956 -0.17724687 -0.873672389
vt 0.565917969 0.200805664
vn 4.69618592e-07 0.999999621 -0.000870911516
v -0.0638470152 -0.177365733 -1.01020443
vt 0.494384766 0.171020508
vn 4.69618592e-07 0.999999621 -0.000870911516
v 0.0309506956 -0.17724687 -0.873672389
vt 0.565917969 0.200805664
vn 4.69618592e-07 0.999999621 -0.000870911516
v 0.0309507834 -0.177365785 -1.01020438
vt 0.494384766 0.200805664
vn 5.48759527e-07 0.999999621 -0.000870966465
v -0.0638470909 -0.246423173 -0.93941418
vt 0.584472656 0.0263977051
vn -0.00768706194 -0.710627391 -0.70352656
v -0.0638470152 -0.177365733 -1.01020443
vt 0.55078125 0.0263977051
vn -5.95407971e-08 -0.715813373 -0.69829164
v 0.0309507834 -0.177365785 -1.01020438
vt 0.55078125 0.00929260254
vn -0.00768706194 -0.710627391 -0.70352656
v -0.0638470909 -0.246423173 -0.93941418
vt 0.584472656 0.0263977051
vn -0.00768706194 -0.710627391 -0.70352656
v 0.0309507834 -0.177365785 -1.01020438
vt 0.55078125 0.00929260254
vn -0.00768706194 -0.710627391 -0.70352656
v 0.0309507029 -0.255294331 -0.932525087
vt 0.584472656 0.00929260254
vn -0.014594557 -0.70589805 -0.708163076
v -0.0638473207 -0.316563706 -0.624380274
vt 0.674804688 0.0263977051
vn -0.0519547965 -0.867341194 -0.494994901
v -0.0638472481 -0.265664676 -0.703616613
vt 0.647460938 0.0263977051
vn -0.101957889 -0.836980306 -0.537650961
v 0.0309505495 -0.275501835 -0.706279819
vt 0.647460938 0.00929260254
vn -0.0519547965 -0.867341194 -0.494994901
v -0.0638473207 -0.316563706 -0.624380274
vt 0.674804688 0.0263977051
vn -0.0519547965 -0.867341194 -0.494994901
v 0.0309505495 -0.275501835 -0.706279819
vt 0.647460938 0.00929260254
vn -0.0519547965 -0.867341194 -0.494994901
v 0.0309504808 -0.316563714 -0.62438017
vt 0.674804688 0.00929260254
vn 4.26883217e-07 -0.893937425 -0.44819179
v -0.0638472481 -0.265664676 -0.703616613
vt 0.647460938 0.0263977051
vn -0.106763507 -0.971286031 -0.212614674
v -0.0638471635 -0.241448704 -0.814242235
vt 0.616699219 0.0263977051
vn -0.106763651 -0.97128599 -0.21261479
v 0.0309506301 -0.251285878 -0.816905501
vt 0.616699219 0.00929260254
vn -0.106763507 -0.971286031 -0.212614674
v -0.0638472481 -0.265664676 -0.703616613
vt 0.647460938 0.0263977051
vn -0.106763507 -0.971286031 -0.212614674
v 0.0309506301 -0.251285878 -0.816905501
vt 0.616699219 0.00929260254
vn -0.106763507 -0.971286031 -0.212614674
v 0.0309505495 -0.275501835 -0.706279819
vt 0.647460938 0.00929260254
vn -0.106763363 -0.971286072 -0.212614559
v 0.0309507261 -0.0665202163 -0.853728954
vt 0.234130859 0.0347900391
vn -0.000190291547 0.995193307 0.0979297973
v -0.0638449454 -0.0665201793 -0.853728999
vt 0.234130859 0.00849914551
vn -0.0014492078 0.994957918 0.100282811
v -0.0271958327 -0.0691902784 -0.826707933
vt 0.219848633 0.015296936
vn -0.00435894672 0.995001086 0.0997689284
v 0.0309507261 -0.0665202163 -0.853728954
vt 0.234130859 0.0347900391
vn -0.000190291547 0.995193307 0.0979297973
v -0.0271958327 -0.0691902784 -0.826707933
vt 0.219848633 0.015296936
vn -0.00435894672 0.995001086 0.0997689284
v 0.0309507077 -0.0691579955 -0.826738483
vt 0.219848633 0.0347900391
vn -0.000501464772 0.995258236 0.0972665993
v -0.0271958327 -0.0691902784 -0.826707933
vt 0.219848633 0.015296936
vn -0.00435894672 0.995001086 0.0997689284
v -0.0638449454 -0.0665201793 -0.853728999
vt 0.234130859 0.00849914551
vn -0.0014492078 0.994957918 0.100282811
v -0.0638451029 -0.0901381245 -0.62077332
vt 0.110168457 0.00849914551
vn -0.00542923358 0.994948394 0.10024079
v -0.0271958327 -0.0691902784 -0.826707933
vt 0.219848633 0.015296936
vn -0.00435894672 0.995001086 0.0997689284
v -0.0638451029 -0.0901381245 -0.62077332
vt 0.110168457 0.00849914551
vn -0.00542923358 0.994948394 0.10024079
v -0.0271948996 -0.0897904128 -0.620773303
vt 0.110290527 0.015296936
vn -0.00943981895 0.994989659 0.0995312416
v -0.0272037183 -0.185753021 -0.267715473
vt 0.633789062 0.0426940918
vn -0.000894746671 -0.999999547 -0.000325029896
v -0.0271950073 -0.185726298 -0.504856194
vt 0.570800781 0.0426940918
vn -2.88494341e-05 -0.999999993 -0.000112690873
v 0.0309504551 -0.185727974 -0.504862305
vt 0.570800781 0.0328979492
vn -0.000894746671 -0.999999547 -0.000325029896
v -0.0272037183 -0.185753021 -0.267715473
vt 0.633789062 0.0426940918
vn -0.000894746671 -0.999999547 -0.000325029896
v 0.0309504551 -0.185727974 -0.504862305
vt 0.570800781 0.0328979492
vn -0.000894746671 -0.999999547 -0.000325029896
v 0.0309503025 -0.185855444 -0.267581275
vt 0.633789062 0.0328979492
vn -0.00176000235 -0.999998307 -0.000537211511
v -0.0272037233 -0.121323857 -0.204473632
vt 0.663574219 0.0426940918
vn -0.00144067646 -0.699837384 0.714300749
v -0.0272037183 -0.185753021 -0.267715473
vt 0.633789062 0.0426940918
vn -0.00288058373 -0.700497582 0.713648962
v 0.0309503025 -0.185855444 -0.267581275
vt 0.633789062 0.0328979492
vn -0.00144067646 -0.699837384 0.714300749
v -0.0272037233 -0.121323857 -0.204473632
vt 0.663574219 0.0426940918
vn -0.00144067646 -0.699837384 0.714300749
v 0.0309503025 -0.185855444 -0.267581275
vt 0.633789062 0.0328979492
vn -0.00144067646 -0.699837384 0.714300749
v 0.0309502872 -0.121323895 -0.204473635
vt 0.663574219 0.0328979492
vn -4.27162943e-07 -0.699174977 0.714950594
v -0.0272037885 -0.121323808 -0.106747506
vt 0.689453125 0.0426940918
vn -5.19273791e-07 -1 5.82271362e-07
v -0.0272037233 -0.121323857 -0.204473632
vt 0.663574219 0.0426940918
vn -6.47391869e-07 -1 5.06031891e-07
v 0.0309502872 -0.121323895 -0.204473635
vt 0.663574219 0.0328979492
vn -5.19273791e-07 -1 5.82271362e-07
v -0.0272037885 -0.121323808 -0.106747506
vt 0.689453125 0.0426940918
vn -5.19273791e-07 -1 5.82271362e-07
v 0.0309502872 -0.121323895 -0.204473635
vt 0.663574219 0.0328979492
vn -5.19273791e-07 -1 5.82271362e-07
v 0.0309502243 -0.12132383 -0.1067475
vt 0.689453125 0.0328979492
vn -3.91155728e-07 -1 6.58510825e-07
v 0.0309507278 -0.0953229685 -0.873865477
vt 0.623535156 0.378662109
vn -1.52854229e-07 -0.00235764475 -0.999997221
v 0.0309506956 -0.17724687 -0.873672389
vt 0.562988281 0.378662109
vn -7.81621852e-07 -0.0023569172 -0.999997222
v -0.0638449717 -0.177246833 -0.873672315
vt 0.562988281 0.352539062
vn -1.52854229e-07 -0.00235764475 -0.999997221
v 0.0309507278 -0.0953229685 -0.873865477
vt 0.623535156 0.378662109
vn -1.52854229e-07 -0.00235764475 -0.999997221
v -0.0638449717 -0.177246833 -0.873672315
vt 0.562988281 0.352539062
vn -1.52854229e-07 -0.00235764475 -0.999997221
v -0.0638449396 -0.0953229314 -0.873865522
vt 0.623535156 0.352539062
vn 4.75913391e-07 -0.00235837231 -0.999997219
v -0.0638449454 -0.0665201793 -0.853728999
vt 0.0157928467 0.391845703
vn -0.999999999 3.39290021e-05 3.980419e-05
v -0.0638449396 -0.0953229314 -0.873865522
vt 0.00509643555 0.369140625
vn -1 6.48419286e-06 -6.33952729e-06
v -0.0638473229 -0.221209245 -0.5570431
vt 0.183959961 0.274902344
vn -0.999999997 6.54992023e-05 2.73776342e-05
v -0.0638449454 -0.0665201793 -0.853728999
vt 0.0157928467 0.391845703
vn -0.999999999 3.39290021e-05 3.980419e-05
v -0.0638473229 -0.221209245 -0.5570431
vt 0.183959961 0.274902344
vn -0.999999997 6.54992023e-05 2.73776342e-05
v -0.0638313152 -0.185728995 -0.504869265
vt 0.212280273 0.303222656
vn -1 1.64707634e-06 3.05802245e-05
v -0.0638472481 -0.265664676 -0.703616613
vt 0.103088379 0.23840332
vn -1 9.07798954e-06 -4.09548466e-06
v -0.0638473229 -0.221209245 -0.5570431
vt 0.183959961 0.274902344
vn -0.999999997 6.54992023e-05 2.73776342e-05
v -0.0638449396 -0.0953229314 -0.873865522
vt 0.00509643555 0.369140625
vn -1 6.48419286e-06 -6.33952729e-06
v -0.0638449717 -0.177246833 -0.873672315
vt 0.0066986084 0.304199219
vn -1 1.23847023e-05 -6.9466269e-06
v -0.0638472481 -0.265664676 -0.703616613
vt 0.103088379 0.23840332
vn -1 9.07798954e-06 -4.09548466e-06
v -0.0638449396 -0.0953229314 -0.873865522
vt 0.00509643555 0.369140625
vn -1 6.48419286e-06 -6.33952729e-06
v -0.0638449717 -0.177246833 -0.873672315
vt 0.0066986084 0.304199219
vn -1 1.23847023e-05 -6.9466269e-06
v -0.0638471635 -0.241448704 -0.814242235
vt 0.0409851074 0.253173828
vn -0.999999999 4.19266138e-05 8.41323489e-06
v -0.0638472481 -0.265664676 -0.703616613
vt 0.103088379 0.23840332
vn -1 9.07798954e-06 -4.09548466e-06
v -0.0638473229 -0.221209245 -0.5570431
vt 0.183959961 0.274902344
vn -0.999999997 6.54992023e-05 2.73776342e-05
v -0.0638472481 -0.265664676 -0.703616613
vt 0.103088379 0.23840332
vn -1 9.07798954e-06 -4.09548466e-06
v -0.0638473207 -0.316563706 -0.624380274
vt 0.148193359 0.199707031
vn -1 4.43806292e-07 -6.62040477e-07
v -0.0638473229 -0.221209245 -0.5570431
vt 0.183959961 0.274902344
vn -0.999999997 6.54992023e-05 2.73776342e-05
v -0.0638473207 -0.316563706 -0.624380274
vt 0.148193359 0.199707031
vn -1 4.43806292e-07 -6.62040477e-07
v -0.0638473677 -0.316846209 -0.557250013
vt 0.185546875 0.200317383
vn -1 4.69539878e-07 -6.98481154e-07
v -0.0638451029 -0.0901381245 -0.62077332
vt 0.145996094 0.376464844
vn -0.999999979 -0.000198539879 -4.47855616e-05
v -0.0638449454 -0.0665201793 -0.853728999
vt 0.0157928467 0.391845703
vn -0.999999999 3.39290021e-05 3.980419e-05
v -0.0638313152 -0.185728995 -0.504869265
vt 0.212280273 0.303222656
vn -1 1.64707634e-06 3.05802245e-05
v -0.0638451029 -0.0901381245 -0.62077332
vt 0.145996094 0.376464844
vn -0.999999979 -0.000198539879 -4.47855616e-05
v -0.0638313152 -0.185728995 -0.504869265
vt 0.212280273 0.303222656
vn -1 1.64707634e-06 3.05802245e-05
v -0.0638452001 -0.143330976 -0.507529554
vt 0.210083008 0.336425781
vn -0.99999993 -0.000337490666 -0.000159384032
v -0.0155728082 0.0790540367 0.0746904694
vt 0.505859375 0.488769531
vn -0.976781323 -0.107196135 -0.185491873
v -0.001680103 0.0791169712 0.00418623678
vt 0.505859375 0.454101562
vn -0.975791846 -0.104037764 -0.192370522
v -0.0016801538 0.00658388841 0.0434138131
vt 0.553710938 0.454101562
vn -0.976781323 -0.107196135 -0.185491873
v -0.0155728082 0.0790540367 0.0746904694
vt 0.505859375 0.488769531
vn -0.976781323 -0.107196135 -0.185491873
v -0.0016801538 0.00658388841 0.0434138131
vt 0.553710938 0.454101562
vn -0.976781323 -0.107196135 -0.185491873
v -0.0155728653 0.00654997489 0.119280725
vt 0.553710938 0.488769531
vn -0.977651606 -0.110131798 -0.179076309
v -0.0155728653 0.00654997489 0.119280725
vt 0.553710938 0.488769531
vn -0.983186095 -0.0494207621 -0.175791614
v -0.0016801538 0.00658388841 0.0434138131
vt 0.553710938 0.454101562
vn -0.982587851 -0.0462440191 -0.179951673
v -0.00168019673 -0.0697336725 0.0630261504
vt 0.602539062 0.454345703
vn -0.983186095 -0.0494207621 -0.175791614
v -0.0155728653 0.00654997489 0.119280725
vt 0.553710938 0.488769531
vn -0.983186095 -0.0494207621 -0.175791614
v -0.00168019673 -0.0697336725 0.0630261504
vt 0.602539062 0.454345703
vn -0.983186095 -0.0494207621 -0.175791614
v -0.01557291 -0.0697380124 0.14257128
vt 0.602539062 0.488769531
vn -0.983732024 -0.0524537356 -0.171813594
v 0.0309501878 0.00658386922 0.0278885692
vt 0.553710938 0.44140625
vn -0.386054909 -0.438827021 -0.811413861
v -0.0016801538 0.00658388841 0.0434138131
vt 0.553710938 0.454101562
vn -0.386062101 -0.43882882 -0.811409466
v -0.001680103 0.0791169712 0.00418623678
vt 0.505859375 0.454101562
vn -0.386054909 -0.438827021 -0.811413861
v 0.0309501878 0.00658386922 0.0278885692
vt 0.553710938 0.44140625
vn -0.386054909 -0.438827021 -0.811413861
v -0.001680103 0.0791169712 0.00418623678
vt 0.505859375 0.454101562
vn -0.386054909 -0.438827021 -0.811413861
v 0.0309502414 0.0791169455 -0.0113382583
vt 0.505859375 0.44140625
vn -0.386047717 -0.438825221 -0.811418255
v 0.0309501172 0.00654996456 0.137585824
vt 0.553710938 0.505859375
vn -0.352203328 0.27328327 0.895136342
v -0.0155728653 0.00654997489 0.119280725
vt 0.553710938 0.488769531
vn -0.352203448 0.273283339 0.895136274
v -0.01557291 -0.0697380124 0.14257128
vt 0.602539062 0.488769531
vn -0.352203328 0.27328327 0.895136342
v 0.0309501172 0.00654996456 0.137585824
vt 0.553710938 0.505859375
vn -0.352203328 0.27328327 0.895136342
v -0.01557291 -0.0697380124 0.14257128
vt 0.602539062 0.488769531
vn -0.352203328 0.27328327 0.895136342
v 0.0309500724 -0.0697380242 0.160876363
vt 0.602539062 0.505859375
vn -0.352203208 0.273283201 0.89513641
v 0.0309501453 -0.0697336908 0.0475008637
vt 0.602539062 0.441650391
vn -0.418519738 -0.226048878 -0.879626702
v -0.00168019673 -0.0697336725 0.0630261504
vt 0.602539062 0.454345703
vn -0.418520186 -0.226049055 -0.879626443
v -0.0016801538 0.00658388841 0.0434138131
vt 0.553710938 0.454101562
vn -0.418519738 -0.226048878 -0.879626702
v 0.0309501453 -0.0697336908 0.0475008637
vt 0.602539062 0.441650391
vn -0.418519738 -0.226048878 -0.879626702
v -0.0016801538 0.00658388841 0.0434138131
vt 0.553710938 0.454101562
vn -0.418519738 -0.226048878 -0.879626702
v 0.0309501878 0.00658386922 0.0278885692
vt 0.553710938 0.44140625
vn -0.418519289 -0.2260487 -0.87962696
v 0.0309501743 0.0790534662 0.0929955605
vt 0.505859375 0.505859375
vn -0.31777739 0.496709377 0.807649258
v -0.0155728082 0.0790540367 0.0746904694
vt 0.505859375 0.488769531
vn -0.317774953 0.496708383 0.807650829
v -0.0155728653 0.00654997489 0.119280725
vt 0.553710938 0.488769531
vn -0.31777739 0.496709377 0.807649258
v 0.0309501743 0.0790534662 0.0929955605
vt 0.505859375 0.505859375
vn -0.31777739 0.496709377 0.807649258
v -0.0155728653 0.00654997489 0.119280725
vt 0.553710938 0.488769531
vn -0.31777739 0.496709377 0.807649258
v 0.0309501172 0.00654996456 0.137585824
vt 0.553710938 0.505859375
vn -0.317779827 0.496710372 0.807647688
v 0.0258647473 0.0520166971 -0.0331983083
vt 0.680175781 0.348388672
vn -1 3.97905147e-07 -6.29872475e-07
v 0.0258647323 0.0446120339 -0.013578392
vt 0.691894531 0.340820312
vn -1 3.95856105e-07 -6.31205738e-07
v 0.0258647408 0.0782128661 -0.0059341881
vt 0.69921875 0.37109375
vn -1 4.05658893e-07 -6.35159011e-07
v 0.0258647473 0.0520166971 -0.0331983083
vt 0.680175781 0.348388672
vn -1 3.97905147e-07 -6.29872475e-07
v 0.0258647408 0.0782128661 -0.0059341881
vt 0.69921875 0.37109375
vn -1 4.05658893e-07 -6.35159011e-07
v 0.0258647628 0.07821722 -0.0403549348
vt 0.678710938 0.37109375
vn -1 4.17904909e-07 -6.39175883e-07
v 0.0258647473 0.0520166971 -0.0331983083
vt 0.680175781 0.348388672
vn -1 3.97905147e-07 -6.29872475e-07
v 0.025864732 0.0299675273 -0.0221501932
vt 0.682128906 0.330566406
vn -1 3.77592078e-07 -6.30351775e-07
v 0.0258647323 0.0446120339 -0.013578392
vt 0.691894531 0.340820312
vn -1 3.95856105e-07 -6.31205738e-07
v 0.0258647473 0.0520166971 -0.0331983083
vt 0.680175781 0.348388672
vn -1 3.97905147e-07 -6.29872475e-07
v 0.025864745 0.0299861334 -0.0426195103
vt 0.670898438 0.330566406
vn -1 3.74713446e-07 -6.36096777e-07
v 0.025864732 0.0299675273 -0.0221501932
vt 0.682128906 0.330566406
vn -1 3.77592078e-07 -6.30351775e-07
v 0.0258647323 0.0446120339 -0.013578392
vt 0.691894531 0.340820312
vn -1 3.95856105e-07 -6.31205738e-07
v 0.0258647144 0.0446120437 0.0141541219
vt 0.708984375 0.340576172
vn -1 4.01638262e-07 -6.4474887e-07
v 0.0258647408 0.0782128661 -0.0059341881
vt 0.69921875 0.37109375
vn -1 4.05658893e-07 -6.35159011e-07
v 0.0258647628 0.07821722 -0.0403549348
vt 0.678710938 0.37109375
vn -0.788704036 -0.161988484 -0.593047785
v 0.030950264 0.0782172156 -0.0471181813
vt 0.668457031 0.37109375
vn -0.788702213 -0.161988168 -0.593050295
v 0.0309502492 0.0520166927 -0.0399616442
vt 0.670410156 0.350585938
vn -0.788704036 -0.161988484 -0.593047785
v 0.0258647628 0.07821722 -0.0403549348
vt 0.678710938 0.37109375
vn -0.788704036 -0.161988484 -0.593047785
v 0.0309502492 0.0520166927 -0.0399616442
vt 0.670410156 0.350585938
vn -0.788704036 -0.161988484 -0.593047785
v 0.0258647473 0.0520166971 -0.0331983083
vt 0.680175781 0.348388672
vn -0.788705858 -0.1619888 -0.593045274
v 0.0309502257 0.0257827568 -0.0193350529
vt 0.68359375 0.322509766
vn -0.635600437 -0.772017995 -0.00054751956
v 0.025864732 0.0299675273 -0.0221501932
vt 0.682128906 0.330566406
vn -0.635178113 -0.772365375 -0.00070246803
v 0.025864745 0.0299861334 -0.0426195103
vt 0.670898438 0.330566406
vn -0.635600437 -0.772017995 -0.00054751956
v 0.0309502257 0.0257827568 -0.0193350529
vt 0.68359375 0.322509766
vn -0.635600437 -0.772017995 -0.00054751956
v 0.025864745 0.0299861334 -0.0426195103
vt 0.670898438 0.330566406
vn -0.635600437 -0.772017995 -0.00054751956
v 0.0309502463 0.025801357 -0.0513668522
vt 0.662597656 0.322509766
vn -0.635870009 -0.771796042 -0.000448575562
v 0.0309502265 0.0395527454 -0.0123149222
vt 0.693847656 0.330566406
vn -0.619307559 -0.377707283 0.688327942
v 0.0258647323 0.0446120339 -0.013578392
vt 0.691894531 0.340820312
vn -0.582679769 -0.410538913 0.701385834
v 0.025864732 0.0299675273 -0.0221501932
vt 0.682128906 0.330566406
vn -0.619307559 -0.377707283 0.688327942
v 0.0309502265 0.0395527454 -0.0123149222
vt 0.693847656 0.330566406
vn -0.619307559 -0.377707283 0.688327942
v 0.025864732 0.0299675273 -0.0221501932
vt 0.682128906 0.330566406
vn -0.619307559 -0.377707283 0.688327942
v 0.0309502257 0.0257827568 -0.0193350529
vt 0.68359375 0.322509766
vn -0.655039761 -0.343186763 0.673161019
v 0.025864745 0.0299861334 -0.0426195103
vt 0.670898438 0.330566406
vn -0.77768073 0.249152259 -0.577179205
v 0.0258647473 0.0520166971 -0.0331983083
vt 0.680175781 0.348388672
vn -0.774105087 0.248916535 -0.582066897
v 0.0309502492 0.0520166927 -0.0399616442
vt 0.670410156 0.350585938
vn -0.774105087 0.248916535 -0.582066897
v 0.025864745 0.0299861334 -0.0426195103
vt 0.670898438 0.330566406
vn -0.77768073 0.249152259 -0.577179205
v 0.0309502492 0.0520166927 -0.0399616442
vt 0.670410156 0.350585938
vn -0.780617801 0.249340389 -0.573118852
v 0.0309502463 0.025801357 -0.0513668522
vt 0.662597656 0.322509766
vn -0.780617801 0.249340389 -0.573118852
v 0.0309502265 0.0395527454 -0.0123149222
vt 0.693847656 0.330566406
vn -0.705277818 -0.708931026 -2.03492239e-07
v 0.0309502095 0.0395527548 0.0141541233
vt 0.709472656 0.330566406
vn -0.705277817 -0.708931027 -2.02874417e-07
v 0.0258647144 0.0446120437 0.0141541219
vt 0.708984375 0.340576172
vn -0.705277818 -0.708931026 -2.03492239e-07
v 0.0309502265 0.0395527454 -0.0123149222
vt 0.693847656 0.330566406
vn -0.705277818 -0.708931026 -2.03492239e-07
v 0.0258647144 0.0446120437 0.0141541219
vt 0.708984375 0.340576172
vn -0.705277818 -0.708931026 -2.03492239e-07
v 0.0258647323 0.0446120339 -0.013578392
vt 0.691894531 0.340820312
vn -0.70527782 -0.708931024 -2.04081913e-07
v -0.0400388235 0.095425275 -0.828796961
vt 0.750976562 0.632324219
vn -1 5.54017641e-07 -6.29730648e-07
v -0.0400388469 0.0696962415 -0.816550702
vt 0.729980469 0.632324219
vn -1 6.11029843e-07 -6.2328408e-07
v -0.0400389139 0.0806718677 -0.698320673
vt 0.729980469 0.578125
vn -1 5.72104633e-07 -6.40849697e-07
v -0.0400388235 0.095425275 -0.828796961
vt 0.750976562 0.632324219
vn -1 5.54017641e-07 -6.29730648e-07
v -0.0400389139 0.0806718677 -0.698320673
vt 0.729980469 0.578125
vn -1 5.72104633e-07 -6.40849697e-07
v -0.0400389442 0.11476064 -0.62235648
vt 0.750976562 0.540527344
vn -1 4.65323187e-07 -6.5108774e-07
v -0.0400389442 0.11476064 -0.62235648
vt 0.750976562 0.540527344
vn -1 4.65323187e-07 -6.5108774e-07
v -0.0400389139 0.0806718677 -0.698320673
vt 0.729980469 0.578125
vn -1 5.72104633e-07 -6.40849697e-07
v -0.0400389644 0.0979421587 -0.609387161
vt 0.729492188 0.540527344
vn -1 6.55938157e-07 -7.07947106e-07
v -0.0400390145 0.140559816 -0.500754026
vt 0.729492188 0.478515625
vn -1 2.35600362e-07 -6.30501861e-07
v -0.0400389442 0.11476064 -0.62235648
vt 0.750976562 0.540527344
vn -1 4.65323187e-07 -6.5108774e-07
v -0.0400389644 0.0979421587 -0.609387161
vt 0.729492188 0.540527344
vn -1 6.55938157e-07 -7.07947106e-07
v -0.0400390145 0.140559816 -0.500754026
vt 0.729492188 0.478515625
vn -1 2.35600362e-07 -6.30501861e-07
v -0.0400390112 0.173187564 -0.496383527
vt 0.75 0.478515625
vn -1 1.82113262e-07 -6.20985844e-07
v -0.0400389442 0.11476064 -0.62235648
vt 0.750976562 0.540527344
vn -1 4.65323187e-07 -6.5108774e-07
v -0.040039234 0.173187735 -0.138531954
vt 0.750488281 0.3203125
vn -1 2.04101742e-07 -6.24540694e-07
v -0.0400390112 0.173187564 -0.496383527
vt 0.75 0.478515625
vn -1 1.82113262e-07 -6.20985844e-07
v -0.0400390145 0.140559816 -0.500754026
vt 0.729492188 0.478515625
vn -1 2.35600362e-07 -6.30501861e-07
v -0.040039234 0.173187735 -0.138531954
vt 0.750488281 0.3203125
vn -1 2.04101742e-07 -6.24540694e-07
v -0.0400390145 0.140559816 -0.500754026
vt 0.729492188 0.478515625
vn -1 2.35600362e-07 -6.30501861e-07
v -0.0400392642 0.140559465 -0.101963125
vt 0.729492188 0.3203125
vn -1 2.23641091e-07 -6.26300742e-07
v -0.0400388469 0.0696962415 -0.816550702
vt 0.729980469 0.632324219
vn -8.29641008e-07 -0.429772358 -0.902937274
v -0.0400388235 0.095425275 -0.828796961
vt 0.750976562 0.632324219
vn -1.16359983e-06 -0.429771607 -0.902937631
v 0.0309507734 0.0954252621 -0.828797047
vt 0.750976562 0.653320312
vn -8.29641008e-07 -0.429772358 -0.902937274
v -0.0400388469 0.0696962415 -0.816550702
vt 0.729980469 0.632324219
vn -8.29641008e-07 -0.429772358 -0.902937274
v 0.0309507734 0.0954252621 -0.828797047
vt 0.750976562 0.653320312
vn -8.29641008e-07 -0.429772358 -0.902937274
v 0.0309507555 0.0696962137 -0.816550728
vt 0.729980469 0.653320312
vn -4.95682669e-07 -0.42977311 -0.902936916
v -0.040039234 0.173187735 -0.138531954
vt 0.793457031 0.819335938
vn -3.05087474e-07 0.746165393 0.665760622
v -0.0400392642 0.140559465 -0.101963125
vt 0.793457031 0.804199219
vn -3.05087486e-07 0.746165393 0.665760622
v 0.0309503237 0.140559438 -0.101963062
vt 0.807128906 0.804199219
vn -3.05087474e-07 0.746165393 0.665760622
v -0.040039234 0.173187735 -0.138531954
vt 0.793457031 0.819335938
vn -3.05087474e-07 0.746165393 0.665760622
v 0.0309503237 0.140559438 -0.101963062
vt 0.807128906 0.804199219
vn -3.05087474e-07 0.746165393 0.665760622
v 0.03095036 0.173187708 -0.13853189
vt 0.807128906 0.819335938
vn -3.05087462e-07 0.746165393 0.665760622
v -0.0400388235 0.095425275 -0.828796961
vt 0.750976562 0.632324219
vn 2.11976231e-07 0.995642487 -0.0932525486
v -0.0400389442 0.11476064 -0.62235648
vt 0.750976562 0.540527344
vn 3.55620452e-07 0.995642483 -0.0932525975
v 0.0309506482 0.114760613 -0.622356506
vt 0.772949219 0.540527344
vn 2.11976231e-07 0.995642487 -0.0932525486
v -0.0400388235 0.095425275 -0.828796961
vt 0.750976562 0.632324219
vn 2.11976231e-07 0.995642487 -0.0932525486
v 0.0309506482 0.114760613 -0.622356506
vt 0.772949219 0.540527344
vn 2.11976231e-07 0.995642487 -0.0932525486
v 0.0309507734 0.0954252621 -0.828797047
vt 0.772949219 0.631835938
vn 6.83320595e-08 0.995642492 -0.0932524996
v -0.0400389442 0.11476064 -0.62235648
vt 0.750976562 0.540527344
vn 2.8362919e-07 0.907175375 -0.420752706
v -0.0400390112 0.173187564 -0.496383527
vt 0.75 0.478515625
vn 3.6505541e-07 0.907175357 -0.420752743
v 0.0309505901 0.173187551 -0.496383494
vt 0.772949219 0.478515625
vn 2.8362919e-07 0.907175375 -0.420752706
v -0.0400389442 0.11476064 -0.62235648
vt 0.750976562 0.540527344
vn 2.8362919e-07 0.907175375 -0.420752706
v 0.0309505901 0.173187551 -0.496383494
vt 0.772949219 0.478515625
vn 2.8362919e-07 0.907175375 -0.420752706
v 0.0309506482 0.114760613 -0.622356506
vt 0.772949219 0.540527344
vn 2.02202996e-07 0.907175392 -0.420752668
v -0.0400390112 0.173187564 -0.496383527
vt 0.75 0.478515625
vn 2.86202639e-07 1 -4.57654886e-07
v -0.040039234 0.173187735 -0.138531954
vt 0.750488281 0.3203125
vn 3.91155811e-07 1 -4.78475134e-07
v 0.03095036 0.173187708 -0.13853189
vt 0.772460938 0.3203125
vn 2.86202639e-07 1 -4.57654886e-07
v -0.0400390112 0.173187564 -0.496383527
vt 0.75 0.478515625
vn 2.86202639e-07 1 -4.57654886e-07
v 0.03095036 0.173187708 -0.13853189
vt 0.772460938 0.3203125
vn 2.86202639e-07 1 -4.57654886e-07
v 0.0309505901 0.173187551 -0.496383494
vt 0.772949219 0.478515625
vn 1.81249486e-07 1 -4.36834642e-07
v 0.160082086 -0.0298459596 -0.0646642492
vt 0.500488281 0.432373047
vn 0.999999819 -0.00059824225 -6.48952031e-05
v 0.160082397 -0.00608627332 -0.508757649
vt 0.233398438 0.451416016
vn 0.99999913 -0.00131712074 -7.63219996e-05
v 0.160082395 0.0281470312 -0.507862996
vt 0.233398438 0.479736328
vn 1 1.49602555e-05 2.65369363e-06
v 0.160082086 -0.0298459596 -0.0646642492
vt 0.500488281 0.432373047
vn 0.999999819 -0.00059824225 -6.48952031e-05
v 0.160082395 0.0281470312 -0.507862996
vt 0.233398438 0.479736328
vn 1 1.49602555e-05 2.65369363e-06
v 0.160079982 0.0765415159 -0.0646673565
vt 0.492675781 0.520019531
vn 1 1.97782837e-05 3.28413734e-06
v 0.159960326 -0.0887170178 -0.231707778
vt 0.391601562 0.387695312
vn 0.999998883 -0.00149354534 -5.16398878e-05
v 0.160082397 -0.00608627332 -0.508757649
vt 0.233398438 0.451416016
vn 0.99999913 -0.00131712074 -7.63219996e-05
v 0.160082086 -0.0298459596 -0.0646642492
vt 0.500488281 0.432373047
vn 0.999999819 -0.00059824225 -6.48952031e-05
v 0.159960326 -0.0887170178 -0.231707778
vt 0.391601562 0.387695312
vn 0.999998883 -0.00149354534 -5.16398878e-05
v 0.159960483 -0.103338099 -0.510748589
vt 0.233398438 0.374023438
vn 0.999999719 -0.000746656689 -6.1563301e-05
v 0.160082397 -0.00608627332 -0.508757649
vt 0.233398438 0.451416016
vn 0.99999913 -0.00131712074 -7.63219996e-05
v 0.160082397 -0.00608627332 -0.508757649
vt 0.233398438 0.451416016
vn 0.99999913 -0.00131712074 -7.63219996e-05
v 0.159960483 -0.103338099 -0.510748589
vt 0.233398438 0.374023438
vn 0.999999719 -0.000746656689 -6.1563301e-05
v 0.159960613 -0.0538744136 -0.6497201
vt 0.149780273 0.415527344
vn 0.999996969 -0.00245002497 -0.000244401404
v 0.160082397 -0.00608627332 -0.508757649
vt 0.233398438 0.451416016
vn 0.99999913 -0.00131712074 -7.63219996e-05
v 0.159960613 -0.0538744136 -0.6497201
vt 0.149780273 0.415527344
vn 0.999996969 -0.00245002497 -0.000244401404
v 0.160082478 -0.00608852315 -0.649001702
vt 0.14855957 0.451416016
vn 0.999996748 -0.00255023351 6.17143627e-07
v 0.159960613 -0.0538744136 -0.6497201
vt 0.149780273 0.415527344
vn 0.999996969 -0.00245002497 -0.000244401404
v 0.160082614 -0.00608861992 -0.870011471
vt 0.0123977661 0.451171875
vn 0.999994235 -0.00339085774 -0.00018173754
v 0.160082478 -0.00608852315 -0.649001702
vt 0.14855957 0.451416016
vn 0.999996748 -0.00255023351 6.17143627e-07
v 0.159960613 -0.0538744136 -0.6497201
vt 0.149780273 0.415527344
vn 0.999996969 -0.00245002497 -0.000244401404
v 0.15996077 -0.0288392808 -0.894210648
vt 0.0123977661 0.435791016
vn 0.999988213 -0.00483016201 -0.000493955995
v 0.160082614 -0.00608861992 -0.870011471
vt 0.0123977661 0.451171875
vn 0.999994235 -0.00339085774 -0.00018173754
v 0.159960332 -0.160908982 -0.303443187
vt 0.347167969 0.328369141
vn 1 -4.03296422e-07 6.17226012e-07
v 0.159960483 -0.103338099 -0.510748589
vt 0.233398438 0.374023438
vn 0.999999719 -0.000746656689 -6.1563301e-05
v 0.159960326 -0.0887170178 -0.231707778
vt 0.391601562 0.387695312
vn 0.999998883 -0.00149354534 -5.16398878e-05
v 0.159960332 -0.160908982 -0.303443187
vt 0.347167969 0.328369141
vn 1 -4.03296422e-07 6.17226012e-07
v 0.159960432 -0.160909034 -0.450235138
vt 0.269775391 0.328369141
vn 1 -1.77754605e-07 6.7986134e-07
v 0.159960483 -0.103338099 -0.510748589
vt 0.233398438 0.374023438
vn 0.999999719 -0.000746656689 -6.1563301e-05
v 0.16008203 -0.0616758148 -0.00330832266
vt 0.528808594 0.406005859
vn 0.999995008 -0.00315576572 -0.000158718947
v 0.159960326 -0.0887170178 -0.231707778
vt 0.391601562 0.387695312
vn 0.999998883 -0.00149354534 -5.16398878e-05
v 0.160082086 -0.0298459596 -0.0646642492
vt 0.500488281 0.432373047
vn 0.999999819 -0.00059824225 -6.48952031e-05
v 0.16008203 -0.0616758148 -0.00330832266
vt 0.528808594 0.406005859
vn 0.999995008 -0.00315576572 -0.000158718947
v 0.159960066 -0.0888542911 0.15778842
vt 0.625976562 0.387695312
vn 0.999989919 -0.0044901123 -4.44499686e-07
v 0.159960326 -0.0887170178 -0.231707778
vt 0.391601562 0.387695312
vn 0.999998883 -0.00149354534 -5.16398878e-05
v 0.160081928 -0.0616757392 0.178730843
vt 0.631347656 0.400146484
vn 0.999989946 -0.00448415513 5.60549e-07
v 0.159960066 -0.0888542911 0.15778842
vt 0.625976562 0.387695312
vn 0.999989919 -0.0044901123 -4.44499686e-07
v 0.16008203 -0.0616758148 -0.00330832266
vt 0.528808594 0.406005859
vn 0.999995008 -0.00315576572 -0.000158718947
v 0.160077676 0.0448190618 0.18367957
vt 0.639160156 0.494140625
vn 0.988924027 0.115484733 0.0932338241
v 0.160077717 0.076662613 0.154126997
vt 0.621582031 0.520019531
vn 0.985723948 0.114532326 0.1234125
v 0.149335971 0.135414256 0.185399633
vt 0.637695312 0.564941406
vn 0.988924027 0.115484733 0.0932338241
v 0.160077676 0.0448190618 0.18367957
vt 0.639160156 0.494140625
vn 0.988924027 0.115484733 0.0932338241
v 0.149335971 0.135414256 0.185399633
vt 0.637695312 0.564941406
vn 0.988924027 0.115484733 0.0932338241
v 0.149441661 0.0448180253 0.306387351
vt 0.704589844 0.494140625
vn 0.989573352 0.115703341 0.0857748088
v 0.160077717 0.076662613 0.154126997
vt 0.805664062 0.0346984863
vn -1.93472898e-07 -0.999999847 0.00055362563
v 0.030950134 0.076662671 0.154126876
vt 0.805664062 0.00979614258
vn -4.49374354e-07 -0.999999847 0.000553776712
v 0.0309502746 0.0765415515 -0.064588427
vt 0.741699219 0.00979614258
vn -1.93472898e-07 -0.999999847 0.00055362563
v 0.160077717 0.076662613 0.154126997
vt 0.805664062 0.0346984863
vn -1.93472898e-07 -0.999999847 0.00055362563
v 0.0309502746 0.0765415515 -0.064588427
vt 0.741699219 0.00979614258
vn -1.93472898e-07 -0.999999847 0.00055362563
v 0.160079982 0.0765415159 -0.0646673565
vt 0.741699219 0.0346984863
vn 6.23318936e-08 -0.999999847 0.000553474605
v 0.149441661 0.0448180253 0.306387351
vt 0.704101562 0.578613281
vn 0.0535255918 0.801524869 0.595560992
v 0.149335971 0.135414256 0.185399633
vt 0.612304688 0.578613281
vn 0.0488600904 0.799523274 0.59864449
v 0.0309501364 0.140024559 0.188904715
vt 0.612304688 0.622558594
vn 0.0535255918 0.801524869 0.595560992
v 0.149441661 0.0448180253 0.306387351
vt 0.704101562 0.578613281
vn 0.0535255918 0.801524869 0.595560992
v 0.0309501364 0.140024559 0.188904715
vt 0.612304688 0.622558594
vn 0.0535255918 0.801524869 0.595560992
v 0.0309500162 0.0448180794 0.317966688
vt 0.704101562 0.622558594
vn 0.057914792 0.803382834 0.592639772
v 0.160077676 0.0448190618 0.18367957
vt 0.821289062 0.0346984863
vn 3.59853804e-07 -0.680247922 -0.732982104
v 0.0309501026 0.0448191123 0.183679463
vt 0.821289062 0.00979614258
vn 3.3718607e-07 -0.680247972 -0.732982058
v 0.030950134 0.076662671 0.154126876
vt 0.805664062 0.00979614258
vn 3.59853804e-07 -0.680247922 -0.732982104
v 0.160077676 0.0448190618 0.18367957
vt 0.821289062 0.0346984863
vn 3.59853804e-07 -0.680247922 -0.732982104
v 0.030950134 0.076662671 0.154126876
vt 0.805664062 0.00979614258
vn 3.59853804e-07 -0.680247922 -0.732982104
v 0.160077717 0.076662613 0.154126997
vt 0.805664062 0.0346984863
vn 3.82521544e-07 -0.680247873 -0.73298215
v 0.160082628 0.0281446762 -0.8730391
vt 0.0123977661 0.479492188
vn 0.970503442 0.240677618 -0.0140482284
v 0.149358002 0.0570564012 -0.894567119
vt 0.0123977661 0.498291016
vn 0.945457871 0.32372137 -0.0362476004
v 0.149357844 0.0843752482 -0.650591097
vt 0.149536133 0.51953125
vn 0.970503442 0.240677618 -0.0140482284
v 0.160082628 0.0281446762 -0.8730391
vt 0.0123977661 0.479492188
vn 0.970503442 0.240677618 -0.0140482284
v 0.149357844 0.0843752482 -0.650591097
vt 0.149536133 0.51953125
vn 0.970503442 0.240677618 -0.0140482284
v 0.160082477 0.0281447778 -0.649001714
vt 0.14855957 0.479736328
vn 0.982293368 0.187349246 5.79467113e-07
v 0.0309505795 0.140020411 -0.500107818
vt 0.254394531 0.622558594
vn 0.0383645751 0.999263805 8.8925258e-05
v 0.0309501364 0.140024559 0.188904715
vt 0.612304688 0.622558594
vn 0.0389133551 0.999242589 -5.99020258e-06
v 0.149335971 0.135414256 0.185399633
vt 0.612304688 0.578613281
vn 0.0383645751 0.999263805 8.8925258e-05
v 0.0309505795 0.140020411 -0.500107818
vt 0.254394531 0.622558594
vn 0.0383645751 0.999263805 8.8925258e-05
v 0.149335971 0.135414256 0.185399633
vt 0.612304688 0.578613281
vn 0.0383645751 0.999263805 8.8925258e-05
v 0.149357778 0.135539899 -0.500438923
vt 0.254394531 0.578613281
vn 0.0378133196 0.999284804 0.000184266778
v 0.0309506585 0.0890348269 -0.653982003
vt 0.166748047 0.622558594
vn 0.0426842469 0.992906821 -0.110968912
v 0.149357844 0.0843752482 -0.650591097
vt 0.166748047 0.578613281
vn 0.0422567228 0.992901647 -0.111178636
v 0.149358002 0.0570564012 -0.894567119
vt 0.0355834961 0.577148438
vn 0.0426842469 0.992906821 -0.110968912
v 0.0309506585 0.0890348269 -0.653982003
vt 0.166748047 0.622558594
vn 0.0426842469 0.992906821 -0.110968912
v 0.149358002 0.0570564012 -0.894567119
vt 0.0355834961 0.577148438
vn 0.0426842469 0.992906821 -0.110968912
v 0.030950805 0.0617778568 -0.898329124
vt 0.038482666 0.622558594
vn 0.0431111164 0.992911763 -0.110759479
v 0.0309506585 0.0890348269 -0.653982003
vt 0.166748047 0.622558594
vn 0.0406676075 0.947140517 -0.318231027
v 0.0309505795 0.140020411 -0.500107818
vt 0.254394531 0.622558594
vn 0.0350183905 0.948665543 -0.314336445
v 0.149357778 0.135539899 -0.500438923
vt 0.254394531 0.578613281
vn 0.0406676075 0.947140517 -0.318231027
v 0.0309506585 0.0890348269 -0.653982003
vt 0.166748047 0.622558594
vn 0.0406676075 0.947140517 -0.318231027
v 0.149357778 0.135539899 -0.500438923
vt 0.254394531 0.578613281
vn 0.0406676075 0.947140517 -0.318231027
v 0.149357844 0.0843752482 -0.650591097
vt 0.166748047 0.578613281
vn 0.046435678 0.945534538 -0.322192745
v 0.160082628 0.0281446762 -0.8730391
vt 0.010093689 0.574707031
vn 1.31617217e-07 -0.597230615 -0.802069568
v 0.0309507755 0.0281447305 -0.873039162
vt 0.010093689 0.622558594
vn 0.000739120893 -0.599175699 -0.800617221
v 0.149358002 0.0570564012 -0.894567119
vt 0.0355834961 0.577148438
vn 0.000739120893 -0.599175699 -0.800617221
v 0.149358002 0.0570564012 -0.894567119
vt 0.0355834961 0.577148438
vn 0.000739120893 -0.599175699 -0.800617221
v 0.0309507755 0.0281447305 -0.873039162
vt 0.010093689 0.622558594
vn 0.000739120893 -0.599175699 -0.800617221
v 0.030950805 0.0617778568 -0.898329124
vt 0.038482666 0.622558594
vn 0.00142947379 -0.600989293 -0.799255795
v 0.149357844 0.0843752482 -0.650591097
vt 0.149536133 0.51953125
vn 0.991149602 0.130747944 -0.0229661149
v 0.149357778 0.135539899 -0.500438923
vt 0.233398438 0.564453125
vn 0.991249976 0.131602665 -0.0102089956
v 0.160082395 0.0281470312 -0.507862996
vt 0.233398438 0.479736328
vn 0.993776779 0.110380944 -0.0149586332
v 0.149357844 0.0843752482 -0.650591097
vt 0.149536133 0.51953125
vn 0.991149602 0.130747944 -0.0229661149
v 0.160082395 0.0281470312 -0.507862996
vt 0.233398438 0.479736328
vn 0.993776779 0.110380944 -0.0149586332
v 0.160082477 0.0281447778 -0.649001714
vt 0.14855957 0.479736328
vn 0.982293383 0.187349164 -2.41910494e-06
v 0.149357778 0.135539899 -0.500438923
vt 0.233398438 0.564453125
vn 0.991249976 0.131602665 -0.0102089956
v 0.160079982 0.0765415159 -0.0646673565
vt 0.492675781 0.520019531
vn 0.989784592 0.142479839 -0.00509475258
v 0.160082395 0.0281470312 -0.507862996
vt 0.233398438 0.479736328
vn 0.993776779 0.110380944 -0.0149586332
v 0.149357778 0.135539899 -0.500438923
vt 0.233398438 0.564453125
vn 0.991249976 0.131602665 -0.0102089956
v 0.149335971 0.135414256 0.185399633
vt 0.637695312 0.564941406
vn 0.983772732 0.179419091 2.70794473e-05
v 0.160079982 0.0765415159 -0.0646673565
vt 0.492675781 0.520019531
vn 0.989784592 0.142479839 -0.00509475258
v 0.160079982 0.0765415159 -0.0646673565
vt 0.492675781 0.520019531
vn 0.989784592 0.142479839 -0.00509475258
v 0.149335971 0.135414256 0.185399633
vt 0.637695312 0.564941406
vn 0.983772732 0.179419091 2.70794473e-05
v 0.160077717 0.076662613 0.154126997
vt 0.621582031 0.520019531
vn 0.983685296 0.179897831 -8.93858267e-05
v 0.0309504932 -0.106702524 -0.516062999
vt 0.218505859 0.684082031
vn 0.0570542324 -0.712944509 -0.698895515
v 0.159960483 -0.103338099 -0.510748589
vt 0.218505859 0.640136719
vn 0.047235106 -0.723693429 -0.688503207
v 0.159960432 -0.160909034 -0.450235138
vt 0.271972656 0.640136719
vn 0.0570542324 -0.712944509 -0.698895515
v 0.0309504932 -0.106702524 -0.516062999
vt 0.218505859 0.684082031
vn 0.0570542324 -0.712944509 -0.698895515
v 0.159960432 -0.160909034 -0.450235138
vt 0.271972656 0.640136719
vn 0.0570542324 -0.712944509 -0.698895515
v 0.030950432 -0.166313279 -0.457039216
vt 0.271972656 0.684082031
vn 0.066801694 -0.702027973 -0.70900935
v 0.0309506 -0.0581281353 -0.652532128
vt 0.137329102 0.684082031
vn 0.0340570273 -0.994170129 -0.10230285
v 0.030950768 -0.032711319 -0.898329091
vt 0.00829315186 0.684082031
vn 0.0331196633 -0.994150429 -0.102800836
v 0.15996077 -0.0288392808 -0.894210648
vt 0.00829315186 0.640136719
vn 0.0340570273 -0.994170129 -0.10230285
v 0.0309506 -0.0581281353 -0.652532128
vt 0.137329102 0.684082031
vn 0.0340570273 -0.994170129 -0.10230285
v 0.15996077 -0.0288392808 -0.894210648
vt 0.00829315186 0.640136719
vn 0.0340570273 -0.994170129 -0.10230285
v 0.159960613 -0.0538744136 -0.6497201
vt 0.137329102 0.640136719
vn 0.0349993976 -0.994188806 -0.101802068
v 0.0309504932 -0.106702524 -0.516062999
vt 0.218505859 0.684082031
vn 0.0383489071 -0.941409772 -0.335077608
v 0.0309506 -0.0581281353 -0.652532128
vt 0.137329102 0.684082031
vn 0.0383439169 -0.941408447 -0.335081901
v 0.159960613 -0.0538744136 -0.6497201
vt 0.137329102 0.640136719
vn 0.0383489071 -0.941409772 -0.335077608
v 0.0309504932 -0.106702524 -0.516062999
vt 0.218505859 0.684082031
vn 0.0383489071 -0.941409772 -0.335077608
v 0.159960613 -0.0538744136 -0.6497201
vt 0.137329102 0.640136719
vn 0.0383489071 -0.941409772 -0.335077608
v 0.159960483 -0.103338099 -0.510748589
vt 0.218505859 0.640136719
vn 0.0383538074 -0.941411072 -0.335073392
v 0.030950432 -0.166313279 -0.457039216
vt 0.271972656 0.684082031
vn 0.0418533464 -0.999123765 4.2910645e-07
v 0.159960432 -0.160909034 -0.450235138
vt 0.271972656 0.640136719
vn 0.0418534028 -0.999123762 3.81698252e-07
v 0.159960332 -0.160908982 -0.303443187
vt 0.351806641 0.640136719
vn 0.0418533464 -0.999123765 4.2910645e-07
v 0.030950432 -0.166313279 -0.457039216
vt 0.271972656 0.684082031
vn 0.0418533464 -0.999123765 4.2910645e-07
v 0.159960332 -0.160908982 -0.303443187
vt 0.351806641 0.640136719
vn 0.0418533464 -0.999123765 4.2910645e-07
v 0.0309503278 -0.166313207 -0.295056964
vt 0.351806641 0.684082031
vn 0.0418532954 -0.999123767 4.72068824e-07
v 0.160082477 0.0281447778 -0.649001714
vt 0.920898438 0.0367736816
vn -4.02128448e-07 -1 4.16284755e-06
v 0.0309506315 0.0281448283 -0.649001835
vt 0.920898438 0.0104980469
vn -3.87169116e-07 -1 9.09078431e-06
v 0.0309507755 0.0281447305 -0.873039162
vt 0.986328125 0.0104980469
vn -4.05580131e-07 -1 4.45007196e-07
v 0.160082477 0.0281447778 -0.649001714
vt 0.920898438 0.0367736816
vn -4.02128448e-07 -1 4.16284755e-06
v 0.0309507755 0.0281447305 -0.873039162
vt 0.986328125 0.0104980469
vn -4.05580131e-07 -1 4.45007196e-07
v 0.160082628 0.0281446762 -0.8730391
vt 0.986328125 0.0367736816
vn -4.20004479e-07 -1 4.53321166e-07
v 0.160082395 0.0281470312 -0.507862996
vt 0.879882812 0.0367736816
vn -3.84004982e-07 -1 1.59593627e-05
v 0.0309506315 0.0281448283 -0.649001835
vt 0.920898438 0.0104980469
vn -3.87169116e-07 -1 9.09078431e-06
v 0.160082477 0.0281447778 -0.649001714
vt 0.920898438 0.0367736816
vn -4.02128448e-07 -1 4.16284755e-06
v 0.160082395 0.0281470312 -0.507862996
vt 0.879882812 0.0367736816
vn -3.84004982e-07 -1 1.59593627e-05
v 0.0309505407 0.0281470799 -0.507863892
vt 0.879882812 0.0104980469
vn -3.76839576e-07 -1 1.59528068e-05
v 0.0309506315 0.0281448283 -0.649001835
vt 0.920898438 0.0104980469
vn -3.87169116e-07 -1 9.09078431e-06
v 0.15996077 -0.0288392808 -0.894210648
vt 0.150024414 0.697265625
vn 3.63648606e-07 0.72857373 -0.684967386
v 0.030950768 -0.032711319 -0.898329091
vt 0.146484375 0.740234375
vn -3.87074535e-07 0.728571733 -0.68496951
v 0.0309507602 -0.00608856987 -0.870011651
vt 0.171142578 0.740234375
vn 3.63648606e-07 0.72857373 -0.684967386
v 0.15996077 -0.0288392808 -0.894210648
vt 0.150024414 0.697265625
vn 3.63648606e-07 0.72857373 -0.684967386
v 0.0309507602 -0.00608856987 -0.870011651
vt 0.171142578 0.740234375
vn 3.63648606e-07 0.72857373 -0.684967386
v 0.160082614 -0.00608861992 -0.870011471
vt 0.171142578 0.692382812
vn 1.24130751e-06 0.728576065 -0.684964902
v 0.160082614 -0.00608861992 -0.870011471
vt 0.171142578 0.692382812
vn 3.87549706e-07 1 -4.37832127e-07
v 0.0309507602 -0.00608856987 -0.870011651
vt 0.171142578 0.740234375
vn 3.87549726e-07 1 -4.37832116e-07
v 0.0309506181 -0.0060884731 -0.649001823
vt 0.287597656 0.740234375
vn 3.87553229e-07 1 -4.19711789e-06
v 0.160082614 -0.00608861992 -0.870011471
vt 0.171142578 0.692382812
vn 3.87549706e-07 1 -4.37832127e-07
v 0.0309506181 -0.0060884731 -0.649001823
vt 0.287597656 0.740234375
vn 3.87553229e-07 1 -4.19711789e-06
v 0.160082478 -0.00608852315 -0.649001702
vt 0.287597656 0.692382812
vn 3.88564297e-07 1 -9.16633403e-06
v 0.160082478 -0.00608852315 -0.649001702
vt 0.287597656 0.692382812
vn 3.88564297e-07 1 -9.16633403e-06
v 0.0309506181 -0.0060884731 -0.649001823
vt 0.287597656 0.740234375
vn 3.87553229e-07 1 -4.19711789e-06
v 0.0309505279 -0.00608622281 -0.508757711
vt 0.361328125 0.740234375
vn 3.89363757e-07 1 -1.60439295e-05
v 0.160082478 -0.00608852315 -0.649001702
vt 0.287597656 0.692382812
vn 3.88564297e-07 1 -9.16633403e-06
v 0.0309505279 -0.00608622281 -0.508757711
vt 0.361328125 0.740234375
vn 3.89363757e-07 1 -1.60439295e-05
v 0.160082397 -0.00608627332 -0.508757649
vt 0.361328125 0.692382812
vn 3.9116318e-07 1 -1.60422726e-05
v 0.160082395 0.0281470312 -0.507862996
vt 0.879882812 0.0367736816
vn 3.71665618e-06 0.0261129153 -0.999659
v 0.160082397 -0.00608627332 -0.508757649
vt 0.865722656 0.036895752
vn 4.86893428e-07 0.0261250901 -0.999658682
v 0.0309505279 -0.00608622281 -0.508757711
vt 0.865722656 0.0104980469
vn 3.71665618e-06 0.0261129153 -0.999659
v 0.160082395 0.0281470312 -0.507862996
vt 0.879882812 0.0367736816
vn 3.71665618e-06 0.0261129153 -0.999659
v 0.0309505279 -0.00608622281 -0.508757711
vt 0.865722656 0.0104980469
vn 3.71665618e-06 0.0261129153 -0.999659
v 0.0309505407 0.0281470799 -0.507863892
vt 0.879882812 0.0104980469
vn 6.94642153e-06 0.0261007406 -0.999659318
v 0.159960332 -0.160908982 -0.303443187
vt 0.351806641 0.640136719
vn 0.0641173207 -0.692909511 0.718168071
v 0.159960326 -0.0887170178 -0.231707778
vt 0.416992188 0.640136719
vn 0.0525692415 -0.703885581 0.708365417
v 0.0309503125 -0.0935254511 -0.226911706
vt 0.416992188 0.684082031
vn 0.0641173207 -0.692909511 0.718168071
v 0.159960332 -0.160908982 -0.303443187
vt 0.351806641 0.640136719
vn 0.0641173207 -0.692909511 0.718168071
v 0.0309503125 -0.0935254511 -0.226911706
vt 0.416992188 0.684082031
vn 0.0641173207 -0.692909511 0.718168071
v 0.0309503278 -0.166313207 -0.295056964
vt 0.351806641 0.684082031
vn 0.0758636454 -0.681473593 0.727900027
v 0.159960326 -0.0887170178 -0.231707778
vt 0.416992188 0.640136719
vn 0.0383015546 -0.999265973 -0.000711054781
v 0.159960066 -0.0888542911 0.15778842
vt 0.620117188 0.640136719
vn 0.0393734705 -0.999224502 -0.000352138602
v 0.0309500672 -0.0939365363 0.15418903
vt 0.620117188 0.684082031
vn 0.0383015546 -0.999265973 -0.000711054781
v 0.159960326 -0.0887170178 -0.231707778
vt 0.416992188 0.640136719
vn 0.0383015546 -0.999265973 -0.000711054781
v 0.0309500672 -0.0939365363 0.15418903
vt 0.620117188 0.684082031
vn 0.0383015546 -0.999265973 -0.000711054781
v 0.0309503125 -0.0935254511 -0.226911706
vt 0.416992188 0.684082031
vn 0.0372058839 -0.99930704 -0.00107790704
v 0.160082086 -0.0298459596 -0.0646642492
vt 0.392333984 0.774902344
vn 8.27963502e-08 0.887661872 0.46049582
v 0.030950233 -0.0298459091 -0.0646643257
vt 0.392333984 0.750976562
vn 7.44934067e-08 0.887661879 0.460495807
v 0.0309501811 -0.0616757642 -0.00330839448
vt 0.412109375 0.750976562
vn 8.27963502e-08 0.887661872 0.46049582
v 0.160082086 -0.0298459596 -0.0646642492
vt 0.392333984 0.774902344
vn 8.27963502e-08 0.887661872 0.46049582
v 0.0309501811 -0.0616757642 -0.00330839448
vt 0.412109375 0.750976562
vn 8.27963502e-08 0.887661872 0.46049582
v 0.16008203 -0.0616758148 -0.00330832266
vt 0.412109375 0.774902344
vn 9.10992946e-08 0.887661865 0.460495834
v 0.160082086 -0.0298459596 -0.0646642492
vt 0.0889892578 0.692382812
vn 0.000305322092 -0.000342102348 0.999999895
v 0.160079982 0.0765415159 -0.0646673565
vt 0.010093689 0.692382812
vn 0.000611241685 2.92190327e-05 0.999999813
v 0.0309502746 0.0765415515 -0.064588427
vt 0.010093689 0.739746094
vn 0.000305322092 -0.000342102348 0.999999895
v 0.160082086 -0.0298459596 -0.0646642492
vt 0.0889892578 0.692382812
vn 0.000305322092 -0.000342102348 0.999999895
v 0.0309502746 0.0765415515 -0.064588427
vt 0.010093689 0.739746094
vn 0.000305322092 -0.000342102348 0.999999895
v 0.030950233 -0.0298459091 -0.0646643257
vt 0.0888671875 0.739746094
vn -5.92511033e-07 -0.000713417506 0.999999746
v 0.149441661 0.0448180253 0.306387351
vt 0.858886719 0.0346984863
vn -8.00821262e-07 -1 -8.08533018e-06
v 0.0309501026 0.0448191123 0.183679463
vt 0.821289062 0.00979614258
vn -8.00821262e-07 -1 -8.08533018e-06
v 0.160077676 0.0448190618 0.18367957
vt 0.821289062 0.0346984863
vn -3.91148428e-07 -1 -8.48092637e-06
v 0.0309501026 0.0448191123 0.183679463
vt 0.821289062 0.00979614258
vn -8.00821262e-07 -1 -8.08533018e-06
v 0.149441661 0.0448180253 0.306387351
vt 0.858886719 0.0346984863
vn -8.00821262e-07 -1 -8.08533018e-06
v 0.0309500162 0.0448180794 0.317966688
vt 0.858886719 0.00979614258
vn -1.20877028e-06 -1 -7.69139858e-06
v 0.0309501811 -0.0616757642 -0.00330839448
vt 0.10369873 0.739257812
vn 3.91155745e-07 1 -4.14945956e-07
v 0.0309500641 -0.0616756887 0.178730722
vt 0.10369873 0.692382812
vn 3.91155757e-07 1 -4.14945965e-07
v 0.160081928 -0.0616757392 0.178730843
vt 0.127685547 0.692382812
vn 3.91155745e-07 1 -4.14945956e-07
v 0.0309501811 -0.0616757642 -0.00330839448
vt 0.10369873 0.739257812
vn 3.91155745e-07 1 -4.14945956e-07
v 0.160081928 -0.0616757392 0.178730843
vt 0.127685547 0.692382812
vn 3.91155745e-07 1 -4.14945956e-07
v 0.16008203 -0.0616758148 -0.00330832266
vt 0.127685547 0.739257812
vn 3.91155733e-07 1 -4.14945948e-07
v 0.159960066 -0.0888542911 0.15778842
vt 0.375732422 0.755859375
vn 0.000890596888 -0.607707759 0.79416024
v 0.160081928 -0.0616757392 0.178730843
vt 0.375732422 0.769042969
vn -9.82085953e-07 -0.61036688 0.79211885
v 0.0309500641 -0.0616756887 0.178730722
vt 0.347900391 0.769042969
vn 0.000890596888 -0.607707759 0.79416024
v 0.159960066 -0.0888542911 0.15778842
vt 0.375732422 0.755859375
vn 0.000890596888 -0.607707759 0.79416024
v 0.0309500641 -0.0616756887 0.178730722
vt 0.347900391 0.769042969
vn 0.000890596888 -0.607707759 0.79416024
v 0.0309500672 -0.0939365363 0.15418903
vt 0.347900391 0.753417969
vn 0.00164599191 -0.605449057 0.79588236
v 0.0890972396 -0.0691903314 -0.826707878
vt 0.076171875 0.393066406
vn 0.999999969 -0.000248807317 -1.89821043e-05
v 0.0891047239 -0.0402922991 -0.811206331
vt 0.076171875 0.4140625
vn 0.999999968 -0.000253741795 -2.02646948e-05
v 0.0890960232 -0.0897904657 -0.620773247
vt 0.180175781 0.376220703
vn 0.999999961 -0.00027348994 -6.16446931e-05
v 0.0890960232 -0.0897904657 -0.620773247
vt 0.180175781 0.376220703
vn 0.999999961 -0.00027348994 -6.16446931e-05
v 0.0891047239 -0.0402922991 -0.811206331
vt 0.076171875 0.4140625
vn 0.999999968 -0.000253741795 -2.02646948e-05
v 0.0891046494 -0.0505225384 -0.694799421
vt 0.141479492 0.405761719
vn 0.999999958 -0.000288989585 -3.67673558e-05
v 0.0891046494 -0.0505225384 -0.694799421
vt 0.141479492 0.405761719
vn 0.999999958 -0.000288989585 -3.67673558e-05
v 0.0891045769 -0.0663542063 -0.610357643
vt 0.185791016 0.393554688
vn 0.999999944 -0.000320269856 -0.00010060032
v 0.0890960232 -0.0897904657 -0.620773247
vt 0.180175781 0.376220703
vn 0.999999961 -0.00027348994 -6.16446931e-05
v 0.0890960232 -0.0897904657 -0.620773247
vt 0.180175781 0.376220703
vn 0.999999961 -0.00027348994 -6.16446931e-05
v 0.0891045769 -0.0663542063 -0.610357643
vt 0.185791016 0.393554688
vn 0.999999944 -0.000320269856 -0.00010060032
v 0.0891045126 -0.106918293 -0.516618724
vt 0.234863281 0.362792969
vn 0.999999944 -0.000289947755 -0.000166998424
v 0.0890960232 -0.0897904657 -0.620773247
vt 0.180175781 0.376220703
vn 0.999999961 -0.00027348994 -6.16446931e-05
v 0.0891045126 -0.106918293 -0.516618724
vt 0.234863281 0.362792969
vn 0.999999944 -0.000289947755 -0.000166998424
v 0.0890959371 -0.143300369 -0.507548614
vt 0.239257812 0.3359375
vn 0.999999962 -0.000205811312 -0.000182388474
v 0.0891045126 -0.106918293 -0.516618724
vt 0.234863281 0.362792969
vn 0.999999944 -0.000289947755 -0.000166998424
v 0.0891044464 -0.16662052 -0.457876335
vt 0.265136719 0.317871094
vn 0.999999978 -0.000191031334 -9.11991828e-05
v 0.0890959371 -0.143300369 -0.507548614
vt 0.239257812 0.3359375
vn 0.999999962 -0.000205811312 -0.000182388474
v 0.0890959371 -0.143300369 -0.507548614
vt 0.239257812 0.3359375
vn 0.999999962 -0.000205811312 -0.000182388474
v 0.0891044464 -0.16662052 -0.457876335
vt 0.265136719 0.317871094
vn 0.999999978 -0.000191031334 -9.11991828e-05
v 0.0890959192 -0.185726343 -0.504856138
vt 0.240112305 0.303710938
vn 0.999999965 -0.000251145872 -7.93705415e-05
v 0.0891044464 -0.16662052 -0.457876335
vt 0.265136719 0.317871094
vn 0.999999978 -0.000191031334 -9.11991828e-05
v 0.0891043109 -0.185753081 -0.267715387
vt 0.364990234 0.303710938
vn 0.999999988 -0.000153604066 -1.47360052e-05
v 0.0890959192 -0.185726343 -0.504856138
vt 0.240112305 0.303710938
vn 0.999999965 -0.000251145872 -7.93705415e-05
v 0.0891044464 -0.16662052 -0.457876335
vt 0.265136719 0.317871094
vn 0.999999978 -0.000191031334 -9.11991828e-05
v 0.0891043389 -0.166618242 -0.295024004
vt 0.350830078 0.317871094
vn 1 -4.96993909e-07 6.79385515e-07
v 0.0891043109 -0.185753081 -0.267715387
vt 0.364990234 0.303710938
vn 0.999999988 -0.000153604066 -1.47360052e-05
v 0.0891042985 -0.121323903 -0.204473622
vt 0.398925781 0.349365234
vn 1 -5.05363261e-07 6.76572553e-07
v 0.0891043109 -0.185753081 -0.267715387
vt 0.364990234 0.303710938
vn 0.999999988 -0.000153604066 -1.47360052e-05
v 0.0891043389 -0.166618242 -0.295024004
vt 0.350830078 0.317871094
vn 1 -4.96993909e-07 6.79385515e-07
v 0.0891042985 -0.121323903 -0.204473622
vt 0.398925781 0.349365234
vn 1 -5.05363261e-07 6.76572553e-07
v 0.0891043389 -0.166618242 -0.295024004
vt 0.350830078 0.317871094
vn 1 -4.96993909e-07 6.79385515e-07
v 0.0891043271 -0.0946360127 -0.226914748
vt 0.387451172 0.369140625
vn 1 -5.03037095e-07 6.75788764e-07
v 0.0891042985 -0.121323903 -0.204473622
vt 0.398925781 0.349365234
vn 1 -5.05363261e-07 6.76572553e-07
v 0.0891043271 -0.0946360127 -0.226914748
vt 0.387451172 0.369140625
vn 1 -5.03037095e-07 6.75788764e-07
v 0.0891042339 -0.0946359554 -0.0860228747
vt 0.456054688 0.369140625
vn 1 -5.24717984e-07 6.64180537e-07
v 0.0891042985 -0.121323903 -0.204473622
vt 0.398925781 0.349365234
vn 1 -5.05363261e-07 6.76572553e-07
v 0.0891042339 -0.0946359554 -0.0860228747
vt 0.456054688 0.369140625
vn 1 -5.24717984e-07 6.64180537e-07
v 0.0891042333 -0.121323853 -0.10674748
vt 0.456054688 0.349365234
vn 1 -5.39165649e-07 6.67435717e-07
v 0.0890972396 -0.0691903314 -0.826707878
vt 0.076171875 0.393066406
vn 0.000363706467 0.473273305 -0.880915573
v 0.0309507077 -0.0691579955 -0.826738483
vt 0.0580749512 0.395507812
vn 0.000727009299 0.473840584 -0.880610341
v 0.030950709 -0.0402922763 -0.811206358
vt 0.0580749512 0.416748047
vn 0.000363706467 0.473273305 -0.880915573
v 0.0890972396 -0.0691903314 -0.826707878
vt 0.076171875 0.393066406
vn 0.000363706467 0.473273305 -0.880915573
v 0.030950709 -0.0402922763 -0.811206358
vt 0.0580749512 0.416748047
vn 0.000363706467 0.473273305 -0.880915573
v 0.0891047239 -0.0402922991 -0.811206331
vt 0.076171875 0.4140625
vn 6.05100156e-07 0.472706083 -0.881220154
v 0.0891042339 -0.0946359554 -0.0860228747
vt 0.700683594 0.0426940918
vn -5.54626044e-07 -0.613338355 0.789820272
v 0.0309502214 -0.0946359253 -0.086022895
vt 0.700683594 0.0328979492
vn -5.93915918e-07 -0.613338302 0.789820314
v 0.0309502243 -0.12132383 -0.1067475
vt 0.689453125 0.0328979492
vn -5.54626044e-07 -0.613338355 0.789820272
v 0.0891042339 -0.0946359554 -0.0860228747
vt 0.700683594 0.0426940918
vn -5.54626044e-07 -0.613338355 0.789820272
v 0.0309502243 -0.12132383 -0.1067475
vt 0.689453125 0.0328979492
vn -5.54626044e-07 -0.613338355 0.789820272
v 0.0891042333 -0.121323853 -0.10674748
vt 0.689453125 0.0426940918
vn -5.15336162e-07 -0.613338408 0.789820231
v 0.125746399 -0.0665202534 -0.853728909
vt 0.647460938 0.352539062
vn 5.92408364e-07 0.572977161 -0.819571335
v 0.125746397 -0.0953229981 -0.873865432
vt 0.623535156 0.352539062
vn 5.69891434e-07 0.57297721 -0.8195713
v 0.0309507278 -0.0953229685 -0.873865477
vt 0.623535156 0.378662109
vn 5.92408364e-07 0.572977161 -0.819571335
v 0.125746399 -0.0665202534 -0.853728909
vt 0.647460938 0.352539062
vn 5.92408364e-07 0.572977161 -0.819571335
v 0.0309507278 -0.0953229685 -0.873865477
vt 0.623535156 0.378662109
vn 5.92408364e-07 0.572977161 -0.819571335
v 0.0309507261 -0.0665202163 -0.853728954
vt 0.647460938 0.378662109
vn 6.14925289e-07 0.572977111 -0.81957137
v 0.125746137 -0.143331065 -0.507529463
vt 0.0387878418 0.00849914551
vn 0.00455834435 0.904610002 0.426215867
v 0.125746234 -0.0901381912 -0.62077317
vt 0.110168457 0.00849914551
vn 0.00858628769 0.90508775 0.425138142
v 0.0890960232 -0.0897904657 -0.620773247
vt 0.110290527 0.015296936
vn 0.00455834435 0.904610002 0.426215867
v 0.125746137 -0.143331065 -0.507529463
vt 0.0387878418 0.00849914551
vn 0.00455834435 0.904610002 0.426215867
v 0.0890960232 -0.0897904657 -0.620773247
vt 0.110290527 0.015296936
vn 0.00455834435 0.904610002 0.426215867
v 0.0890959371 -0.143300369 -0.507548614
vt 0.0387878418 0.015296936
vn 0.000533962976 0.904116774 0.427285121
v 0.125732231 -0.185729099 -0.504869115
vt 0.00749969482 0.00849914551
vn -5.5333239e-05 0.0629797977 0.998014801
v 0.125746137 -0.143331065 -0.507529463
vt 0.0387878418 0.00849914551
vn -0.000469047677 0.0626239714 0.998037083
v 0.0890959371 -0.143300369 -0.507548614
vt 0.0387878418 0.015296936
vn -5.5333239e-05 0.0629797977 0.998014801
v 0.125732231 -0.185729099 -0.504869115
vt 0.00749969482 0.00849914551
vn -5.5333239e-05 0.0629797977 0.998014801
v 0.0890959371 -0.143300369 -0.507548614
vt 0.0387878418 0.015296936
vn -5.5333239e-05 0.0629797977 0.998014801
v 0.0890959192 -0.185726343 -0.504856138
vt 0.00749969482 0.015296936
vn 0.000358247014 0.0633354898 0.997992228
v 0.0309504744 -0.221278274 -0.556395987
vt 0.551269531 0.0328979492
vn 0.00275089811 -0.824603735 0.565704086
v 0.125748283 -0.221209289 -0.55704295
vt 0.551269531 0.047088623
vn 0.00324714513 -0.825890382 0.563821367
v 0.0890959192 -0.185726343 -0.504856138
vt 0.570800781 0.0426940918
vn 0.00224383474 -0.825052999 0.565050895
v 0.0309504744 -0.221278274 -0.556395987
vt 0.551269531 0.0328979492
vn 0.00275089811 -0.824603735 0.565704086
v 0.0890959192 -0.185726343 -0.504856138
vt 0.570800781 0.0426940918
vn 0.00224383474 -0.825052999 0.565050895
v 0.0309504551 -0.185727974 -0.504862305
vt 0.570800781 0.0328979492
vn -3.71325672e-05 -0.823139398 0.567839352
v 0.0890959192 -0.185726343 -0.504856138
vt 0.570800781 0.0426940918
vn 0.00224383474 -0.825052999 0.565050895
v 0.125748283 -0.221209289 -0.55704295
vt 0.551269531 0.047088623
vn 0.00324714513 -0.825890382 0.563821367
v 0.125732231 -0.185729099 -0.504869115
vt 0.570800781 0.047088623
vn 0.000136965572 -0.826911868 0.562331525
v 0.125746365 -0.177246908 -0.873672224
vt 0.100463867 0.228393555
vn 1 2.31905178e-05 8.30250995e-06
v 0.125748442 -0.241448778 -0.814242145
vt 0.137207031 0.170776367
vn 0.999999999 3.17275756e-05 -6.80543444e-07
v 0.125748515 -0.246423217 -0.93941403
vt 0.0599975586 0.170776367
vn 1 2.31905178e-05 8.30250995e-06
v 0.125746365 -0.177246908 -0.873672224
vt 0.100463867 0.228393555
vn 1 2.31905178e-05 8.30250995e-06
v 0.125748515 -0.246423217 -0.93941403
vt 0.0599975586 0.170776367
vn 1 2.31905178e-05 8.30250995e-06
v 0.125748583 -0.177365822 -1.01020422
vt 0.0160980225 0.228393555
vn 1 1.56531433e-05 1.62336543e-05
v 0.125748285 -0.316563751 -0.624380124
vt 0.674804688 0.0263977051
vn 2.59741918e-06 -0.999991126 -0.00421289808
v 0.125748238 -0.316846283 -0.557249923
vt 0.692871094 0.0263977051
vn 5.58397975e-06 -0.999991143 -0.00420868068
v 0.0309504375 -0.316846812 -0.557249968
vt 0.692871094 0.00929260254
vn 2.59741918e-06 -0.999991126 -0.00421289808
v 0.125748285 -0.316563751 -0.624380124
vt 0.674804688 0.0263977051
vn 2.59741918e-06 -0.999991126 -0.00421289808
v 0.0309504375 -0.316846812 -0.557249968
vt 0.692871094 0.00929260254
vn 2.59741918e-06 -0.999991126 -0.00421289808
v 0.0309504808 -0.316563714 -0.62438017
vt 0.674804688 0.00929260254
vn -3.89141175e-07 -0.999991108 -0.00421711548
v 0.125748238 -0.316846283 -0.557249923
vt 0.692871094 0.0263977051
vn 0.00341405561 -0.00554864876 0.999978778
v 0.125748283 -0.221209289 -0.55704295
vt 0.728515625 0.0263977051
vn 0.00682606368 -0.00216410082 0.99997436
v 0.0309504744 -0.221278274 -0.556395987
vt 0.728515625 0.00929260254
vn 0.00341405561 -0.00554864876 0.999978778
v 0.125748238 -0.316846283 -0.557249923
vt 0.692871094 0.0263977051
vn 0.00341405561 -0.00554864876 0.999978778
v 0.0309504744 -0.221278274 -0.556395987
vt 0.728515625 0.00929260254
vn 0.00341405561 -0.00554864876 0.999978778
v 0.0309504375 -0.316846812 -0.557249968
vt 0.692871094 0.00929260254
vn -4.26938207e-07 -0.00893544467 0.999960078
v 0.0309507029 -0.255294331 -0.932525087
vt 0.584472656 0.00929260254
vn 0.0989485837 -0.994400825 0.0370968708
v 0.125748515 -0.246423217 -0.93941403
vt 0.584472656 0.0263977051
vn 0.0959464846 -0.994601396 0.0395263778
v 0.125748442 -0.241448778 -0.814242145
vt 0.616699219 0.0263977051
vn 0.0989485837 -0.994400825 0.0370968708
v 0.0309507029 -0.255294331 -0.932525087
vt 0.584472656 0.00929260254
vn 0.0989485837 -0.994400825 0.0370968708
v 0.125748442 -0.241448778 -0.814242145
vt 0.616699219 0.0263977051
vn 0.0989485837 -0.994400825 0.0370968708
v 0.0309506301 -0.251285878 -0.816905501
vt 0.616699219 0.00929260254
vn 0.102195625 -0.994167023 0.0344671657
v 0.125748583 -0.177365822 -1.01020422
vt 0.494384766 0.171020508
vn 3.92665509e-07 0.999999621 -0.000870966466
v 0.0309507834 -0.177365785 -1.01020438
vt 0.494384766 0.200805664
vn 3.92665497e-07 0.999999621 -0.000870966466
v 0.0309506956 -0.17724687 -0.873672389
vt 0.565917969 0.200805664
vn 3.92665509e-07 0.999999621 -0.000870966466
v 0.125748583 -0.177365822 -1.01020422
vt 0.494384766 0.171020508
vn 3.92665509e-07 0.999999621 -0.000870966466
v 0.0309506956 -0.17724687 -0.873672389
vt 0.565917969 0.200805664
vn 3.92665509e-07 0.999999621 -0.000870966466
v 0.125746365 -0.177246908 -0.873672224
vt 0.565917969 0.171020508
vn 3.92665521e-07 0.999999621 -0.000870966465
v 0.0309507834 -0.177365785 -1.01020438
vt 0.55078125 0.00929260254
vn 0.00768789327 -0.71062736 -0.703526582
v 0.125748583 -0.177365822 -1.01020422
vt 0.55078125 0.0263977051
vn 9.31086971e-07 -0.715813305 -0.69829171
v 0.125748515 -0.246423217 -0.93941403
vt 0.584472656 0.0263977051
vn 0.00768789327 -0.71062736 -0.703526582
v 0.0309507834 -0.177365785 -1.01020438
vt 0.55078125 0.00929260254
vn 0.00768789327 -0.71062736 -0.703526582
v 0.125748515 -0.246423217 -0.93941403
vt 0.584472656 0.0263977051
vn 0.00768789327 -0.71062736 -0.703526582
v 0.0309507029 -0.255294331 -0.932525087
vt 0.584472656 0.00929260254
vn 0.0145953468 -0.705898056 -0.708163053
v 0.0309505495 -0.275501835 -0.706279819
vt 0.647460938 0.00929260254
vn 0.0519551893 -0.867341206 -0.49499484
v 0.125748358 -0.26566475 -0.703616403
vt 0.647460938 0.0263977051
vn 0.101958409 -0.836980306 -0.537650863
v 0.125748285 -0.316563751 -0.624380124
vt 0.674804688 0.0263977051
vn 0.0519551893 -0.867341206 -0.49499484
v 0.0309505495 -0.275501835 -0.706279819
vt 0.647460938 0.00929260254
vn 0.0519551893 -0.867341206 -0.49499484
v 0.125748285 -0.316563751 -0.624380124
vt 0.674804688 0.0263977051
vn 0.0519551893 -0.867341206 -0.49499484
v 0.0309504808 -0.316563714 -0.62438017
vt 0.674804688 0.00929260254
vn -1.35954046e-07 -0.893937425 -0.44819179
v 0.0309506301 -0.251285878 -0.816905501
vt 0.616699219 0.00929260254
vn 0.106763071 -0.971286134 -0.212614423
v 0.125748442 -0.241448778 -0.814242145
vt 0.616699219 0.0263977051
vn 0.106763078 -0.971286132 -0.212614429
v 0.125748358 -0.26566475 -0.703616403
vt 0.647460938 0.0263977051
vn 0.106763071 -0.971286134 -0.212614423
v 0.0309506301 -0.251285878 -0.816905501
vt 0.616699219 0.00929260254
vn 0.106763071 -0.971286134 -0.212614423
v 0.125748358 -0.26566475 -0.703616403
vt 0.647460938 0.0263977051
vn 0.106763071 -0.971286134 -0.212614423
v 0.0309505495 -0.275501835 -0.706279819
vt 0.647460938 0.00929260254
vn 0.106763064 -0.971286136 -0.212614417
v 0.0309507261 -0.0665202163 -0.853728954
vt 0.234130859 0.0347900391
vn 0.000191025158 0.99519329 0.0979299661
v 0.0309507077 -0.0691579955 -0.826738483
vt 0.219848633 0.0347900391
vn 0.000502278213 0.995258236 0.0972665999
v 0.0890972396 -0.0691903314 -0.826707878
vt 0.219848633 0.015296936
vn 0.00435932402 0.995001082 0.0997689447
v 0.0309507261 -0.0665202163 -0.853728954
vt 0.234130859 0.0347900391
vn 0.000191025158 0.99519329 0.0979299661
v 0.0890972396 -0.0691903314 -0.826707878
vt 0.219848633 0.015296936
vn 0.00435932402 0.995001082 0.0997689447
v 0.125746399 -0.0665202534 -0.853728909
vt 0.234130859 0.00849914551
vn 0.00144970206 0.994957915 0.100282832
v 0.0890972396 -0.0691903314 -0.826707878
vt 0.219848633 0.015296936
vn 0.00435932402 0.995001082 0.0997689447
v 0.125746234 -0.0901381912 -0.62077317
vt 0.110168457 0.00849914551
vn 0.00542951898 0.994948395 0.100240767
v 0.125746399 -0.0665202534 -0.853728909
vt 0.234130859 0.00849914551
vn 0.00144970206 0.994957915 0.100282832
v 0.0890972396 -0.0691903314 -0.826707878
vt 0.219848633 0.015296936
vn 0.00435932402 0.995001082 0.0997689447
v 0.0890960232 -0.0897904657 -0.620773247
vt 0.110290527 0.015296936
vn 0.00943993414 0.994989657 0.0995312543
v 0.125746234 -0.0901381912 -0.62077317
vt 0.110168457 0.00849914551
vn 0.00542951898 0.994948395 0.100240767
v 0.0891043109 -0.185753081 -0.267715387
vt 0.633789062 0.0426940918
vn 0.000893836677 -0.999999548 -0.000325060106
v 0.0309503025 -0.185855444 -0.267581275
vt 0.633789062 0.0328979492
vn 0.00175896498 -0.999998309 -0.000537209249
v 0.0309504551 -0.185727974 -0.504862305
vt 0.570800781 0.0328979492
vn 0.000893836677 -0.999999548 -0.000325060106
v 0.0891043109 -0.185753081 -0.267715387
vt 0.633789062 0.0426940918
vn 0.000893836677 -0.999999548 -0.000325060106
v 0.0309504551 -0.185727974 -0.504862305
vt 0.570800781 0.0328979492
vn 0.000893836677 -0.999999548 -0.000325060106
v 0.0890959192 -0.185726343 -0.504856138
vt 0.570800781 0.0426940918
vn 2.80672364e-05 -0.999999993 -0.000112753657
v 0.0891042985 -0.121323903 -0.204473622
vt 0.663574219 0.0426940918
vn 0.00143944982 -0.699837133 0.714300998
v 0.0309502872 -0.121323895 -0.204473635
vt 0.663574219 0.0328979492
vn -2.52051099e-07 -0.699174977 0.714950594
v 0.0309503025 -0.185855444 -0.267581275
vt 0.633789062 0.0328979492
vn 0.00143944982 -0.699837133 0.714300998
v 0.0891042985 -0.121323903 -0.204473622
vt 0.663574219 0.0426940918
vn 0.00143944982 -0.699837133 0.714300998
v 0.0309503025 -0.185855444 -0.267581275
vt 0.633789062 0.0328979492
vn 0.00143944982 -0.699837133 0.714300998
v 0.0891043109 -0.185753081 -0.267715387
vt 0.633789062 0.0426940918
vn 0.0028788108 -0.700497082 0.713649459
v 0.0891042333 -0.121323853 -0.10674748
vt 0.689453125 0.0426940918
vn -2.63037676e-07 -1 5.82271513e-07
v 0.0309502243 -0.12132383 -0.1067475
vt 0.689453125 0.0328979492
vn -3.91155806e-07 -1 6.58510825e-07
v 0.0309502872 -0.121323895 -0.204473635
vt 0.663574219 0.0328979492
vn -2.63037676e-07 -1 5.82271513e-07
v 0.0891042333 -0.121323853 -0.10674748
vt 0.689453125 0.0426940918
vn -2.63037676e-07 -1 5.82271513e-07
v 0.0309502872 -0.121323895 -0.204473635
vt 0.663574219 0.0328979492
vn -2.63037676e-07 -1 5.82271513e-07
v 0.0891042985 -0.121323903 -0.204473622
vt 0.663574219 0.0426940918
vn -1.34919562e-07 -1 5.0603221e-07
v 0.0309507278 -0.0953229685 -0.873865477
vt 0.623535156 0.378662109
vn 1.10477421e-06 -0.00235764464 -0.999997221
v 0.125746397 -0.0953229981 -0.873865432
vt 0.623535156 0.352539062
vn 4.76098723e-07 -0.00235837209 -0.999997219
v 0.125746365 -0.177246908 -0.873672224
vt 0.562988281 0.352539062
vn 1.10477421e-06 -0.00235764464 -0.999997221
v 0.0309507278 -0.0953229685 -0.873865477
vt 0.623535156 0.378662109
vn 1.10477421e-06 -0.00235764464 -0.999997221
v 0.125746365 -0.177246908 -0.873672224
vt 0.562988281 0.352539062
vn 1.10477421e-06 -0.00235764464 -0.999997221
v 0.0309506956 -0.17724687 -0.873672389
vt 0.562988281 0.378662109
vn 1.73344975e-06 -0.0023569172 -0.999997222
v 0.125746399 -0.0665202534 -0.853728909
vt 0.0157928467 0.391845703
vn 0.999999999 3.32457814e-05 4.1109105e-05
v 0.125732231 -0.185729099 -0.504869115
vt 0.212280273 0.303222656
vn 0.999999999 1.01271671e-06 3.19183e-05
v 0.125748283 -0.221209289 -0.55704295
vt 0.183959961 0.274902344
vn 0.999999997 6.47232916e-05 2.86647073e-05
v 0.125746399 -0.0665202534 -0.853728909
vt 0.0157928467 0.391845703
vn 0.999999999 3.32457814e-05 4.1109105e-05
v 0.125748283 -0.221209289 -0.55704295
vt 0.183959961 0.274902344
vn 0.999999997 6.47232916e-05 2.86647073e-05
v 0.125746397 -0.0953229981 -0.873865432
vt 0.00509643555 0.369140625
vn 1 5.70853006e-06 -5.07724028e-06
v 0.125748358 -0.26566475 -0.703616403
vt 0.103088379 0.23840332
vn 1 8.31125504e-06 -2.81697764e-06
v 0.125746397 -0.0953229981 -0.873865432
vt 0.00509643555 0.369140625
vn 1 5.70853006e-06 -5.07724028e-06
v 0.125748283 -0.221209289 -0.55704295
vt 0.183959961 0.274902344
vn 0.999999997 6.47232916e-05 2.86647073e-05
v 0.125746365 -0.177246908 -0.873672224
vt 0.0066986084 0.304199219
vn 1 1.16965088e-05 -5.63732513e-06
v 0.125746397 -0.0953229981 -0.873865432
vt 0.00509643555 0.369140625
vn 1 5.70853006e-06 -5.07724028e-06
v 0.125748358 -0.26566475 -0.703616403
vt 0.103088379 0.23840332
vn 1 8.31125504e-06 -2.81697764e-06
v 0.125746365 -0.177246908 -0.873672224
vt 0.0066986084 0.304199219
vn 1 1.16965088e-05 -5.63732513e-06
v 0.125748358 -0.26566475 -0.703616403
vt 0.103088379 0.23840332
vn 1 8.31125504e-06 -2.81697764e-06
v 0.125748442 -0.241448778 -0.814242145
vt 0.0409851074 0.253173828
vn 0.999999999 4.14678716e-05 9.84182547e-06
v 0.125748283 -0.221209289 -0.55704295
vt 0.183959961 0.274902344
vn 0.999999997 6.47232916e-05 2.86647073e-05
v 0.125748285 -0.316563751 -0.624380124
vt 0.148193359 0.199707031
vn 1 -4.43806377e-07 6.62040598e-07
v 0.125748358 -0.26566475 -0.703616403
vt 0.103088379 0.23840332
vn 1 8.31125504e-06 -2.81697764e-06
v 0.125748283 -0.221209289 -0.55704295
vt 0.183959961 0.274902344
vn 0.999999997 6.47232916e-05 2.86647073e-05
v 0.125748238 -0.316846283 -0.557249923
vt 0.185546875 0.200317383
vn 1 -4.69539992e-07 6.98481315e-07
v 0.125748285 -0.316563751 -0.624380124
vt 0.148193359 0.199707031
vn 1 -4.43806377e-07 6.62040598e-07
v 0.125746234 -0.0901381912 -0.62077317
vt 0.145996094 0.376464844
vn 0.999999979 -0.000199141747 -4.34260031e-05
v 0.125732231 -0.185729099 -0.504869115
vt 0.212280273 0.303222656
vn 0.999999999 1.01271671e-06 3.19183e-05
v 0.125746399 -0.0665202534 -0.853728909
vt 0.0157928467 0.391845703
vn 0.999999999 3.32457814e-05 4.1109105e-05
v 0.125746234 -0.0901381912 -0.62077317
vt 0.145996094 0.376464844
vn 0.999999979 -0.000199141747 -4.34260031e-05
v 0.125746137 -0.143331065 -0.507529463
vt 0.210083008 0.336425781
vn 0.99999993 -0.000337885441 -0.000157853719
v 0.125732231 -0.185729099 -0.504869115
vt 0.212280273 0.303222656
vn 0.999999999 1.01271671e-06 3.19183e-05
v 0.0635805145 0.00658386195 0.0434138256
vt 0.553710938 0.454101562
vn 0.97678148 -0.107196867 -0.185490623
v 0.063580569 0.0791169457 0.00418625113
vt 0.505859375 0.454101562
vn 0.975792014 -0.104038498 -0.19236927
v 0.0774731808 0.0790539928 0.0746904914
vt 0.505859375 0.488769531
vn 0.97678148 -0.107196867 -0.185490623
v 0.0635805145 0.00658386195 0.0434138256
vt 0.553710938 0.454101562
vn 0.97678148 -0.107196867 -0.185490623
v 0.0774731808 0.0790539928 0.0746904914
vt 0.505859375 0.488769531
vn 0.97678148 -0.107196867 -0.185490623
v 0.0774731275 0.00654993756 0.119280747
vt 0.553710938 0.488769531
vn 0.977651752 -0.110132529 -0.179075061
v 0.0635804753 -0.069733698 0.0630261592
vt 0.602539062 0.454345703
vn 0.983186284 -0.0494214964 -0.175790349
v 0.0635805145 0.00658386195 0.0434138256
vt 0.553710938 0.454101562
vn 0.982588047 -0.0462447458 -0.179950419
v 0.0774731275 0.00654993756 0.119280747
vt 0.553710938 0.488769531
vn 0.983186284 -0.0494214964 -0.175790349
v 0.0635804753 -0.069733698 0.0630261592
vt 0.602539062 0.454345703
vn 0.983186284 -0.0494214964 -0.175790349
v 0.0774731275 0.00654993756 0.119280747
vt 0.553710938 0.488769531
vn 0.983186284 -0.0494214964 -0.175790349
v 0.0774730828 -0.0697380563 0.142571294
vt 0.602539062 0.488769531
vn 0.983732207 -0.0524544772 -0.171812318
v 0.0309501878 0.00658386922 0.0278885692
vt 0.553710938 0.44140625
vn 0.386054961 -0.438827438 -0.81141361
v 0.0309502414 0.0791169455 -0.0113382583
vt 0.505859375 0.44140625
vn 0.386047801 -0.438825646 -0.811417986
v 0.063580569 0.0791169457 0.00418625113
vt 0.505859375 0.454101562
vn 0.386054961 -0.438827438 -0.81141361
v 0.0309501878 0.00658386922 0.0278885692
vt 0.553710938 0.44140625
vn 0.386054961 -0.438827438 -0.81141361
v 0.063580569 0.0791169457 0.00418625113
vt 0.505859375 0.454101562
vn 0.386054961 -0.438827438 -0.81141361
v 0.0635805145 0.00658386195 0.0434138256
vt 0.553710938 0.454101562
vn 0.386062122 -0.438829229 -0.811409235
v 0.0774730828 -0.0697380563 0.142571294
vt 0.602539062 0.488769531
vn 0.352203088 0.273282868 0.895136559
v 0.0774731275 0.00654993756 0.119280747
vt 0.553710938 0.488769531
vn 0.352203135 0.273282895 0.895136532
v 0.0309501172 0.00654996456 0.137585824
vt 0.553710938 0.505859375
vn 0.352203088 0.273282868 0.895136559
v 0.0774730828 -0.0697380563 0.142571294
vt 0.602539062 0.488769531
vn 0.352203088 0.273282868 0.895136559
v 0.0309501172 0.00654996456 0.137585824
vt 0.553710938 0.505859375
vn 0.352203088 0.273282868 0.895136559
v 0.0309500724 -0.0697380242 0.160876363
vt 0.602539062 0.505859375
vn 0.352203041 0.273282841 0.895136585
v 0.0635805145 0.00658386195 0.0434138256
vt 0.553710938 0.454101562
vn 0.418519927 -0.226049267 -0.879626512
v 0.0635804753 -0.069733698 0.0630261592
vt 0.602539062 0.454345703
vn 0.418520324 -0.226049424 -0.879626282
v 0.0309501453 -0.0697336908 0.0475008637
vt 0.602539062 0.441650391
vn 0.418519927 -0.226049267 -0.879626512
v 0.0635805145 0.00658386195 0.0434138256
vt 0.553710938 0.454101562
vn 0.418519927 -0.226049267 -0.879626512
v 0.0309501453 -0.0697336908 0.0475008637
vt 0.602539062 0.441650391
vn 0.418519927 -0.226049267 -0.879626512
v 0.0309501878 0.00658386922 0.0278885692
vt 0.553710938 0.44140625
vn 0.41851953 -0.226049109 -0.879626741
v 0.0774731275 0.00654993756 0.119280747
vt 0.553710938 0.488769531
vn 0.317777351 0.496709044 0.807649479
v 0.0774731808 0.0790539928 0.0746904914
vt 0.505859375 0.488769531
vn 0.317774952 0.496708064 0.807651025
v 0.0309501743 0.0790534662 0.0929955605
vt 0.505859375 0.505859375
vn 0.317777351 0.496709044 0.807649479
v 0.0774731275 0.00654993756 0.119280747
vt 0.553710938 0.488769531
vn 0.317777351 0.496709044 0.807649479
v 0.0309501743 0.0790534662 0.0929955605
vt 0.505859375 0.505859375
vn 0.317777351 0.496709044 0.807649479
v 0.0309501172 0.00654996456 0.137585824
vt 0.553710938 0.505859375
vn 0.31777975 0.496710023 0.807647933
v 0.0360357346 0.0782128622 -0.00593418604
vt 0.69921875 0.37109375
vn 1 -3.90812205e-07 6.47434885e-07
v 0.0360357265 0.0446120299 -0.013578389
vt 0.691894531 0.340820312
vn 1 -3.88601069e-07 6.44172617e-07
v 0.036035742 0.0520166931 -0.0331983072
vt 0.680175781 0.348388672
vn 1 -3.93187686e-07 6.45622311e-07
v 0.0360357346 0.0782128622 -0.00593418604
vt 0.69921875 0.37109375
vn 1 -3.90812205e-07 6.47434885e-07
v 0.036035742 0.0520166931 -0.0331983072
vt 0.680175781 0.348388672
vn 1 -3.93187686e-07 6.45622311e-07
v 0.0360357571 0.078217216 -0.0403549299
vt 0.678710938 0.37109375
vn 1 -3.96435926e-07 6.52707118e-07
v 0.0360357262 0.0299675233 -0.0221501903
vt 0.682128906 0.330566406
vn 1 -3.94455719e-07 6.38844775e-07
v 0.036035742 0.0520166931 -0.0331983072
vt 0.680175781 0.348388672
vn 1 -3.93187686e-07 6.45622311e-07
v 0.0360357265 0.0446120299 -0.013578389
vt 0.691894531 0.340820312
vn 1 -3.88601069e-07 6.44172617e-07
v 0.0360357262 0.0299675233 -0.0221501903
vt 0.682128906 0.330566406
vn 1 -3.94455719e-07 6.38844775e-07
v 0.0360357393 0.0299861295 -0.0426195054
vt 0.670898438 0.330566406
vn 1 -3.95842267e-07 6.36077585e-07
v 0.036035742 0.0520166931 -0.0331983072
vt 0.680175781 0.348388672
vn 1 -3.93187686e-07 6.45622311e-07
v 0.0360357265 0.0446120299 -0.013578389
vt 0.691894531 0.340820312
vn 1 -3.88601069e-07 6.44172617e-07
v 0.0360357346 0.0782128622 -0.00593418604
vt 0.69921875 0.37109375
vn 1 -3.90812205e-07 6.47434885e-07
v 0.0360357086 0.0446120397 0.0141541239
vt 0.708984375 0.340576172
vn 1 -3.87779635e-07 6.44748871e-07
v 0.0309502492 0.0520166927 -0.0399616442
vt 0.670410156 0.350585938
vn 0.788704514 -0.161989127 -0.593046972
v 0.030950264 0.0782172156 -0.0471181813
vt 0.668457031 0.37109375
vn 0.788702744 -0.161988821 -0.59304941
v 0.0360357571 0.078217216 -0.0403549299
vt 0.678710938 0.37109375
vn 0.788704514 -0.161989127 -0.593046972
v 0.0309502492 0.0520166927 -0.0399616442
vt 0.670410156 0.350585938
vn 0.788704514 -0.161989127 -0.593046972
v 0.0360357571 0.078217216 -0.0403549299
vt 0.678710938 0.37109375
vn 0.788704514 -0.161989127 -0.593046972
v 0.036035742 0.0520166931 -0.0331983072
vt 0.680175781 0.348388672
vn 0.788706284 -0.161989434 -0.593044535
v 0.0309502257 0.0257827568 -0.0193350529
vt 0.68359375 0.322509766
vn 0.635599842 -0.772018485 -0.000546705593
v 0.0309502463 0.025801357 -0.0513668522
vt 0.662597656 0.322509766
vn 0.635869424 -0.771796525 -0.000447757779
v 0.0360357393 0.0299861295 -0.0426195054
vt 0.670898438 0.330566406
vn 0.635599842 -0.772018485 -0.000546705593
v 0.0309502257 0.0257827568 -0.0193350529
vt 0.68359375 0.322509766
vn 0.635599842 -0.772018485 -0.000546705593
v 0.0360357393 0.0299861295 -0.0426195054
vt 0.670898438 0.330566406
vn 0.635599842 -0.772018485 -0.000546705593
v 0.0360357262 0.0299675233 -0.0221501903
vt 0.682128906 0.330566406
vn 0.635177502 -0.772365877 -0.000701660049
v 0.0309502265 0.0395527454 -0.0123149222
vt 0.693847656 0.330566406
vn 0.61930667 -0.377707658 0.688328536
v 0.0309502257 0.0257827568 -0.0193350529
vt 0.68359375 0.322509766
vn 0.655038892 -0.343187171 0.673161656
v 0.0360357262 0.0299675233 -0.0221501903
vt 0.682128906 0.330566406
vn 0.61930667 -0.377707658 0.688328536
v 0.0309502265 0.0395527454 -0.0123149222
vt 0.693847656 0.330566406
vn 0.61930667 -0.377707658 0.688328536
v 0.0360357262 0.0299675233 -0.0221501903
vt 0.682128906 0.330566406
vn 0.61930667 -0.377707658 0.688328536
v 0.0360357265 0.0446120299 -0.013578389
vt 0.691894531 0.340820312
vn 0.582678863 -0.410539256 0.701386386
v 0.0309502492 0.0520166927 -0.0399616442
vt 0.670410156 0.350585938
vn 0.774105822 0.24891595 -0.58206617
v 0.036035742 0.0520166931 -0.0331983072
vt 0.680175781 0.348388672
vn 0.774105822 0.24891595 -0.58206617
v 0.0360357393 0.0299861295 -0.0426195054
vt 0.670898438 0.330566406
vn 0.777681541 0.249151676 -0.577178363
v 0.0309502492 0.0520166927 -0.0399616442
vt 0.670410156 0.350585938
vn 0.780618673 0.249339808 -0.573117917
v 0.0360357393 0.0299861295 -0.0426195054
vt 0.670898438 0.330566406
vn 0.777681541 0.249151676 -0.577178363
v 0.0309502463 0.025801357 -0.0513668522
vt 0.662597656 0.322509766
vn 0.780618673 0.249339808 -0.573117917
v 0.0309502265 0.0395527454 -0.0123149222
vt 0.693847656 0.330566406
vn 0.70527726 -0.708931581 7.04782207e-07
v 0.0360357265 0.0446120299 -0.013578389
vt 0.691894531 0.340820312
vn 0.705277258 -0.708931583 7.05371881e-07
v 0.0360357086 0.0446120397 0.0141541239
vt 0.708984375 0.340576172
vn 0.70527726 -0.708931581 7.04782207e-07
v 0.0309502265 0.0395527454 -0.0123149222
vt 0.693847656 0.330566406
vn 0.70527726 -0.708931581 7.04782207e-07
v 0.0360357086 0.0446120397 0.0141541239
vt 0.708984375 0.340576172
vn 0.70527726 -0.708931581 7.04782207e-07
v 0.0309502095 0.0395527548 0.0141541233
vt 0.709472656 0.330566406
vn 0.705277261 -0.70893158 7.04164385e-07
v 0.101940372 0.0954252269 -0.828797013
vt 0.750976562 0.632324219
vn 1 -4.42852454e-07 6.42300475e-07
v 0.101940244 0.114760585 -0.622356472
vt 0.750976562 0.540527344
vn 1 -4.53288819e-07 6.826971e-07
v 0.101940282 0.0806718047 -0.698320725
vt 0.729980469 0.578125
vn 1 -4.69974144e-07 6.63328303e-07
v 0.101940372 0.0954252269 -0.828797013
vt 0.750976562 0.632324219
vn 1 -4.42852454e-07 6.42300475e-07
v 0.101940282 0.0806718047 -0.698320725
vt 0.729980469 0.578125
vn 1 -4.69974144e-07 6.63328303e-07
v 0.101940349 0.0696961785 -0.816550694
vt 0.729980469 0.632324219
vn 1 -6.11029362e-07 6.23284109e-07
v 0.101940244 0.114760585 -0.622356472
vt 0.750976562 0.540527344
vn 1 -4.53288819e-07 6.826971e-07
v 0.101940224 0.0979420957 -0.609387212
vt 0.729492188 0.540527344
vn 1 -6.32367809e-07 7.38513955e-07
v 0.101940282 0.0806718047 -0.698320725
vt 0.729980469 0.578125
vn 1 -4.69974144e-07 6.63328303e-07
v 0.101940174 0.140559776 -0.500754018
vt 0.729492188 0.478515625
vn 1 -3.52175532e-07 6.44579556e-07
v 0.101940224 0.0979420957 -0.609387212
vt 0.729492188 0.540527344
vn 1 -6.32367809e-07 7.38513955e-07
v 0.101940244 0.114760585 -0.622356472
vt 0.750976562 0.540527344
vn 1 -4.53288819e-07 6.826971e-07
v 0.101940174 0.140559776 -0.500754018
vt 0.729492188 0.478515625
vn 1 -3.52175532e-07 6.44579556e-07
v 0.101940244 0.114760585 -0.622356472
vt 0.750976562 0.540527344
vn 1 -4.53288819e-07 6.826971e-07
v 0.101940185 0.173187524 -0.49638346
vt 0.75 0.478515625
vn 1 -4.14219139e-07 6.49015126e-07
v 0.101940174 0.140559776 -0.500754018
vt 0.729492188 0.478515625
vn 1 -3.52175532e-07 6.44579556e-07
v 0.101940185 0.173187524 -0.49638346
vt 0.75 0.478515625
vn 1 -4.14219139e-07 6.49015126e-07
v 0.101939954 0.17318768 -0.138531841
vt 0.750488281 0.3203125
vn 1 -3.13417902e-07 6.34387536e-07
v 0.101940174 0.140559776 -0.500754018
vt 0.729492188 0.478515625
vn 1 -3.52175532e-07 6.44579556e-07
v 0.101939954 0.17318768 -0.138531841
vt 0.750488281 0.3203125
vn 1 -3.13417902e-07 6.34387536e-07
v 0.101939924 0.140559395 -0.101963005
vt 0.729492188 0.3203125
vn 1 -2.23641167e-07 6.26300713e-07
v 0.101940349 0.0696961785 -0.816550694
vt 0.729980469 0.632324219
vn 2.17339787e-07 -0.42977311 -0.902936916
v 0.0309507555 0.0696962137 -0.816550728
vt 0.729980469 0.653320312
vn 2.17339785e-07 -0.42977311 -0.902936916
v 0.0309507734 0.0954252621 -0.828797047
vt 0.750976562 0.653320312
vn 2.17339787e-07 -0.42977311 -0.902936916
v 0.101940349 0.0696961785 -0.816550694
vt 0.729980469 0.632324219
vn 2.17339787e-07 -0.42977311 -0.902936916
v 0.0309507734 0.0954252621 -0.828797047
vt 0.750976562 0.653320312
vn 2.17339787e-07 -0.42977311 -0.902936916
v 0.101940372 0.0954252269 -0.828797013
vt 0.750976562 0.632324219
vn 2.17339789e-07 -0.42977311 -0.902936916
v 0.101939954 0.17318768 -0.138531841
vt 0.793457031 0.819335938
vn -1.21964608e-07 0.746165352 0.665760669
v 0.03095036 0.173187708 -0.13853189
vt 0.807128906 0.819335938
vn -1.65340087e-07 0.746165393 0.665760622
v 0.0309503237 0.140559438 -0.101963062
vt 0.807128906 0.804199219
vn -1.21964608e-07 0.746165352 0.665760669
v 0.101939954 0.17318768 -0.138531841
vt 0.793457031 0.819335938
vn -1.21964608e-07 0.746165352 0.665760669
v 0.0309503237 0.140559438 -0.101963062
vt 0.807128906 0.804199219
vn -1.21964608e-07 0.746165352 0.665760669
v 0.101939924 0.140559395 -0.101963005
vt 0.793457031 0.804199219
vn -7.85891465e-08 0.74616531 0.665760716
v 0.101940372 0.0954252269 -0.828797013
vt 0.750976562 0.632324219
vn 4.86165237e-07 0.99564249 -0.0932525174
v 0.0309507734 0.0954252621 -0.828797047
vt 0.772949219 0.631835938
vn 5.38413128e-07 0.995642492 -0.0932524996
v 0.0309506482 0.114760613 -0.622356506
vt 0.772949219 0.540527344
vn 4.86165237e-07 0.99564249 -0.0932525174
v 0.101940372 0.0954252269 -0.828797013
vt 0.750976562 0.632324219
vn 4.86165237e-07 0.99564249 -0.0932525174
v 0.0309506482 0.114760613 -0.622356506
vt 0.772949219 0.540527344
vn 4.86165237e-07 0.99564249 -0.0932525174
v 0.101940244 0.114760585 -0.622356472
vt 0.750976562 0.540527344
vn 4.33917344e-07 0.995642488 -0.0932525352
v 0.101940244 0.114760585 -0.622356472
vt 0.750976562 0.540527344
vn 5.554772e-07 0.907175392 -0.420752668
v 0.0309506482 0.114760613 -0.622356506
vt 0.772949219 0.540527344
vn 5.55477199e-07 0.907175392 -0.420752668
v 0.0309505901 0.173187551 -0.496383494
vt 0.772949219 0.478515625
vn 5.554772e-07 0.907175392 -0.420752668
v 0.101940244 0.114760585 -0.622356472
vt 0.750976562 0.540527344
vn 5.554772e-07 0.907175392 -0.420752668
v 0.0309505901 0.173187551 -0.496383494
vt 0.772949219 0.478515625
vn 5.554772e-07 0.907175392 -0.420752668
v 0.101940185 0.173187524 -0.49638346
vt 0.75 0.478515625
vn 5.554772e-07 0.907175392 -0.420752668
v 0.101940185 0.173187524 -0.49638346
vt 0.75 0.478515625
vn 3.91155748e-07 1 -4.36834506e-07
v 0.0309505901 0.173187551 -0.496383494
vt 0.772949219 0.478515625
vn 3.91155739e-07 1 -4.36834507e-07
v 0.03095036 0.173187708 -0.13853189
vt 0.772460938 0.3203125
vn 3.91155748e-07 1 -4.36834506e-07
v 0.101940185 0.173187524 -0.49638346
vt 0.75 0.478515625
vn 3.91155748e-07 1 -4.36834506e-07
v 0.03095036 0.173187708 -0.13853189
vt 0.772460938 0.3203125
vn 3.91155748e-07 1 -4.36834506e-07
v 0.101939954 0.17318768 -0.138531841
vt 0.750488281 0.3203125
vn 3.91155757e-07 1 -4.36834504e-07
v -0.0374619907 0.141408104 -1.40462987
vt 0.379000008 0.732299984
vn 0.999559712 0.0296712471 1.36746636e-06
v -0.0374612946 0.141370955 -1.2788263
vt 0.416200012 0.732299984
vn 0.999559382 0.0296823367 3.23372551e-06
v -0.0369012622 0.122513201 -1.29225497
vt 0.412499994 0.724799991
vn 0.999559712 0.0296712471 1.36746636e-06
v -0.0374619907 0.141408104 -1.40462987
vt 0.379000008 0.732299984
vn 0.999559712 0.0296712471 1.36746636e-06
v -0.0369012622 0.122513201 -1.29225497
vt 0.412499994 0.724799991
vn 0.999559712 0.0296712471 1.36746636e-06
v -0.036900912 0.122498884 -1.40898446
vt 0.379000008 0.724799991
vn 0.999560065 0.0296593252 -6.38873999e-07
v -0.0551704305 0.122488542 -1.40898532
vt 0.378899992 0.717700005
vn 0.00158636325 -0.999998741 -3.7035184e-05
v -0.036900912 0.122498884 -1.40898446
vt 0.378899992 0.707799971
vn 0.000566065679 -0.999999832 0.000122649216
v -0.0369012622 0.122513201 -1.29225497
vt 0.473500013 0.707799971
vn 0.00158636325 -0.999998741 -3.7035184e-05
v -0.0551704305 0.122488542 -1.40898532
vt 0.378899992 0.717700005
vn 0.00158636325 -0.999998741 -3.7035184e-05
v -0.0369012622 0.122513201 -1.29225497
vt 0.473500013 0.707799971
vn 0.00158636325 -0.999998741 -3.7035184e-05
v -0.0551707882 0.122465576 -1.2921967
vt 0.47420001 0.717700005
vn 0.00260613885 -0.999996585 -0.000196638117
v -0.0374612946 0.141370955 -1.2788263
vt 0.497599989 0.707799971
vn 0.00614695412 -0.581237149 0.813711
v -0.0551707459 0.141495289 -1.27855798
vt 0.49849999 0.717700005
vn 0.00822464932 -0.582520849 0.812774148
v -0.0551707882 0.122465576 -1.2921967
vt 0.47420001 0.717700005
vn 0.00614695412 -0.581237149 0.813711
v -0.0374612946 0.141370955 -1.2788263
vt 0.497599989 0.707799971
vn 0.00614695412 -0.581237149 0.813711
v -0.0551707882 0.122465576 -1.2921967
vt 0.47420001 0.717700005
vn 0.00614695412 -0.581237149 0.813711
v -0.0369012622 0.122513201 -1.29225497
vt 0.473500013 0.707799971
vn 0.00411007922 -0.579974835 0.814624023
v -0.0551704305 0.122488542 -1.40898532
vt 0.537899971 0.74849999
vn -0.000114628753 0.224442661 -0.97448729
v -0.0551703689 0.141436102 -1.40462072
vt 0.523000002 0.74849999
vn -0.000148965264 0.22447318 -0.974480256
v -0.0374619907 0.141408104 -1.40462987
vt 0.523000002 0.755299985
vn -0.000114628753 0.224442661 -0.97448729
v -0.0551704305 0.122488542 -1.40898532
vt 0.537899971 0.74849999
vn -0.000114628753 0.224442661 -0.97448729
v -0.0374619907 0.141408104 -1.40462987
vt 0.523000002 0.755299985
vn -0.000114628753 0.224442661 -0.97448729
v -0.036900912 0.122498884 -1.40898446
vt 0.537899971 0.754800022
vn -8.12794771e-05 0.224413018 -0.97449412
v -0.0315722279 0.142093813 -1.21645468
vt 0.548099995 0.707799971
vn 0.0363253908 -0.635670072 -0.771105716
v -0.0442953477 0.122478936 -1.20088429
vt 0.573850036 0.712749958
vn 0.0363253908 -0.635670072 -0.771105716
v -0.0551709434 0.141627842 -1.21718225
vt 0.548399985 0.717700005
vn 0.0363253908 -0.635670072 -0.771105716
v -0.0551707882 0.122465576 -1.2921967
vt 0.0788000003 0.798799992
vn -1 4.17079931e-06 -3.02607769e-06
v -0.0551707459 0.141495289 -1.27855798
vt 0.0881000012 0.813000023
vn -1 4.09279459e-06 -2.99234973e-06
v -0.0551703689 0.141436102 -1.40462072
vt 0.00989999995 0.820299983
vn -1 4.05107417e-06 -3.01358988e-06
v -0.0551707882 0.122465576 -1.2921967
vt 0.0788000003 0.798799992
vn -1 4.17079931e-06 -3.02607769e-06
v -0.0551703689 0.141436102 -1.40462072
vt 0.00989999995 0.820299983
vn -1 4.05107417e-06 -3.01358988e-06
v -0.0551704305 0.122488542 -1.40898532
vt 0.00989999995 0.805599988
vn -1 3.95502955e-06 -3.06248687e-06
v -0.0551707459 0.141495289 -1.27855798
vt 0.0881000012 0.813000023
vn -1 4.09279459e-06 -2.99234973e-06
v -0.0551702447 0.162818282 -1.41865869
vt 0.00989999995 0.838400006
vn -1 3.84632772e-06 -2.99223401e-06
v -0.0551703689 0.141436102 -1.40462072
vt 0.00989999995 0.820299983
vn -1 4.05107417e-06 -3.01358988e-06
v -0.0346034293 0.296724163 -0.630016084
vt 0.473171949 0.917846322
vn -0.704505215 0.658834971 -0.263834954
v -0.033992262 0.23983541 -0.761566362
vt 0.400886148 0.884082019
vn -0.643384695 0.701561394 -0.306378433
v -0.0664127899 0.209214798 -0.763600997
vt 0.398483694 0.864293098
vn -0.704505215 0.658834971 -0.263834954
v -0.0346034293 0.296724163 -0.630016084
vt 0.473171949 0.917846322
vn -0.704505215 0.658834971 -0.263834954
v -0.0664127899 0.209214798 -0.763600997
vt 0.398483694 0.864293098
vn -0.704505215 0.658834971 -0.263834954
v -0.0672272529 0.268107141 -0.602221936
vt 0.486232609 0.898494065
vn -0.745561197 0.624831817 -0.231783738
v -0.065030626 0.115847094 -0.628674359
vt 0.40959999 0.294400007
vn -0.00090473305 -0.902556393 0.430570713
v 0.0309512332 0.115846914 -0.628674117
vt 0.409500003 0.253500015
vn -2.77853621e-06 -0.902825522 0.430007067
v 0.0309510893 0.175446781 -0.503540636
vt 0.499300003 0.253500015
vn -0.00090473305 -0.902556393 0.430570713
v -0.065030626 0.115847094 -0.628674359
vt 0.40959999 0.294400007
vn -0.00090473305 -0.902556393 0.430570713
v 0.0309510893 0.175446781 -0.503540636
vt 0.499300003 0.253500015
vn -0.00090473305 -0.902556393 0.430570713
v -0.0650318262 0.175642495 -0.50353313
vt 0.49939999 0.294400007
vn -0.0018060821 -0.902286359 0.431133464
v -0.065030626 0.115847094 -0.628674359
vt 0.40959999 0.294400007
vn -0.000515787753 -0.995766409 0.0919184017
v -0.0650300192 0.0945107753 -0.86035043
vt 0.270300001 0.294400007
vn -0.00103028646 -0.99578547 0.091707339
v 0.0309516129 0.094378593 -0.860707399
vt 0.270000011 0.253500015
vn -0.000515787753 -0.995766409 0.0919184017
v -0.065030626 0.115847094 -0.628674359
vt 0.40959999 0.294400007
vn -0.000515787753 -0.995766409 0.0919184017
v 0.0309516129 0.094378593 -0.860707399
vt 0.270000011 0.253500015
vn -0.000515787753 -0.995766409 0.0919184017
v 0.0309512332 0.115846914 -0.628674117
vt 0.409500003 0.253500015
vn -2.10197481e-06 -0.995747071 0.0921291025
v -0.0650300192 0.0945107753 -0.86035043
vt 0.270300001 0.294400007
vn -0.00382730516 -0.58085227 -0.813999995
v -0.0514268471 0.122461412 -0.880359342
vt 0.244000003 0.285899997
vn -0.00382730516 -0.58085227 -0.813999995
v 0.0309516129 0.094378593 -0.860707399
vt 0.270000011 0.253500015
vn -0.00382730516 -0.58085227 -0.813999995
v -0.022282702 0.208925946 -0.93830023
vt 0.140497133 0.758205473
vn -0.0991022095 0.980083582 -0.172089871
v -0.033992262 0.23983541 -0.761566362
vt 0.24234885 0.758309126
vn -0.0833471388 0.980669254 -0.17703409
v 0.0309516348 0.244841433 -0.764411211
vt 0.242300004 0.783200026
vn -0.0991022095 0.980083582 -0.172089871
v -0.022282702 0.208925946 -0.93830023
vt 0.140497133 0.758205473
vn -0.0991022095 0.980083582 -0.172089871
v 0.0309516348 0.244841433 -0.764411211
vt 0.242300004 0.783200026
vn -0.0991022095 0.980083582 -0.172089871
v 0.0309519046 0.215120868 -0.939719947
vt 0.140699998 0.783200026
vn -0.118353043 0.979002293 -0.165973094
v -0.0113815299 0.189425702 -1.17212432
vt 0.00895295292 0.757920682
vn -0.171506457 0.982142013 -0.0773472764
v -0.022282702 0.208925946 -0.93830023
vt 0.140497133 0.758205473
vn -0.117456464 0.989174012 -0.0879701842
v 0.0309519046 0.215120868 -0.939719947
vt 0.140699998 0.783200026
vn -0.171506457 0.982142013 -0.0773472764
v -0.0113815299 0.189425702 -1.17212432
vt 0.00895295292 0.757920682
vn -0.171506457 0.982142013 -0.0773472764
v 0.0309519046 0.215120868 -0.939719947
vt 0.140699998 0.783200026
vn -0.171506457 0.982142013 -0.0773472764
v 0.0309522968 0.199612415 -1.17460275
vt 0.0092000002 0.783200026
vn -0.237011296 0.969396135 -0.0640060805
v 0.0309514776 0.300959139 -0.634174797
vt 0.327899992 0.783200026
vn -0.0859683334 0.914638561 -0.395026262
v 0.0309516348 0.244841433 -0.764411211
vt 0.242300004 0.783200026
vn -0.0877843143 0.914826552 -0.394190682
v -0.033992262 0.23983541 -0.761566362
vt 0.24234885 0.758309126
vn -0.0859683334 0.914638561 -0.395026262
v 0.0309514776 0.300959139 -0.634174797
vt 0.327899992 0.783200026
vn -0.0859683334 0.914638561 -0.395026262
v -0.033992262 0.23983541 -0.761566362
vt 0.24234885 0.758309126
vn -0.0859683334 0.914638561 -0.395026262
v -0.0346034293 0.296724163 -0.630016084
vt 0.327959448 0.75832206
vn -0.0841871172 0.914450623 -0.395844145
v -0.0318690423 0.175842099 -1.43029444
vt 0.00997225288 0.864839137
vn -0.589266917 0.805510695 -0.0625861134
v -0.0268868633 0.199220917 -1.17630752
vt 0.150885135 0.872453034
vn -0.589266917 0.805510695 -0.0625861134
v -0.0224985307 0.182252078 -1.43602137
vt 0.0112241711 0.882430673
vn -0.589266917 0.805510695 -0.0625861134
v -0.0318690423 0.175842099 -1.43029444
vt 0.49118939 0.761808157
vn 0.00600236529 -0.671833023 -0.740678312
v -0.0103488308 0.163597443 -1.41901352
vt 0.504400015 0.766700029
vn 0.0114935936 -0.684184872 -0.729218046
v -0.0551702447 0.162818282 -1.41865869
vt 0.504400015 0.74849999
vn 0.00581964823 -0.672008675 -0.740520407
v -0.0103488308 0.163597443 -1.41901352
vt 0.504400015 0.766700029
vn 0.0114935936 -0.684184872 -0.729218046
v -0.0318690423 0.175842099 -1.43029444
vt 0.49118939 0.761808157
vn 0.00600236529 -0.671833023 -0.740678312
v -0.0224985307 0.182252078 -1.43602137
vt 0.489486277 0.775427043
vn 0.00129138898 -0.67327679 -0.739389408
v -0.0103488308 0.163597443 -1.41901352
vt 0.504400015 0.766700029
vn 0.0114935936 -0.684184872 -0.729218046
v -0.0224985307 0.182252078 -1.43602137
vt 0.489486277 0.775427043
vn 0.00129138898 -0.67327679 -0.739389408
v 0.0309527332 0.182251932 -1.43602142
vt 0.486999989 0.783500016
vn -2.55234333e-06 -0.673737684 -0.73897059
v -0.0103488308 0.163597443 -1.41901352
vt 0.504400015 0.766700029
vn 0.0114935936 -0.684184872 -0.729218046
v 0.0309527332 0.182251932 -1.43602142
vt 0.486999989 0.783500016
vn 0.0489249837 -0.729920794 -0.681778542
v 0.0309527033 0.172746141 -1.4258444
vt 0.496699989 0.783500016
vn 0.0489249837 -0.729920794 -0.681778542
v -0.0268868633 0.199220917 -1.17630752
vt 0.150885135 0.872453034
vn -0.531082439 0.844829543 -0.0649190768
v -0.0318690423 0.175842099 -1.43029444
vt 0.00997225288 0.864839137
vn -0.512669242 0.855831604 -0.06872055
v -0.0551702447 0.162818282 -1.41865869
vt 0.00989999995 0.838400006
vn -0.531082439 0.844829543 -0.0649190768
v -0.0268868633 0.199220917 -1.17630752
vt 0.150885135 0.872453034
vn -0.531082439 0.844829543 -0.0649190768
v -0.0551702447 0.162818282 -1.41865869
vt 0.00989999995 0.838400006
vn -0.531082439 0.844829543 -0.0649190768
v -0.0526099819 0.182220469 -1.17761396
vt 0.147684157 0.838823378
vn -0.54815911 0.834123307 -0.0613180164
v -0.0442953477 0.122478936 -1.20088429
vt 0.1303 0.793500006
vn -0.915005038 -0.25052527 0.316232302
v -0.0526099819 0.182220469 -1.17761396
vt 0.147684157 0.838823378
vn -0.915005038 -0.25052527 0.316232302
v -0.0551709434 0.141627842 -1.21718225
vt 0.122599997 0.809499979
vn -0.915005038 -0.25052527 0.316232302
v -0.0551707459 0.141495289 -1.27855798
vt 0.0881000012 0.813000023
vn -0.998744449 0.0498207354 0.0052364707
v -0.0551709434 0.141627842 -1.21718225
vt 0.122599997 0.809499979
vn -0.998007227 0.0630995694 -0.000139486603
v -0.0526099819 0.182220469 -1.17761396
vt 0.147684157 0.838823378
vn -0.998744449 0.0498207354 0.0052364707
v -0.0551707459 0.141495289 -1.27855798
vt 0.0881000012 0.813000023
vn -0.998744449 0.0498207354 0.0052364707
v -0.0526099819 0.182220469 -1.17761396
vt 0.147684157 0.838823378
vn -0.998744449 0.0498207354 0.0052364707
v -0.0551702447 0.162818282 -1.41865869
vt 0.00989999995 0.838400006
vn -0.998935065 0.0456134913 0.00693869032
v -0.0551709434 0.141627842 -1.21718225
vt 0.548399985 0.717700005
vn 0.00819746501 -0.999945131 0.00652207777
v -0.0551707459 0.141495289 -1.27855798
vt 0.49849999 0.717700005
vn -0.00698789121 -0.999973252 0.00215961119
v -0.0374612946 0.141370955 -1.2788263
vt 0.497599989 0.707799971
vn 0.00819746501 -0.999945131 0.00652207777
v -0.0551709434 0.141627842 -1.21718225
vt 0.548399985 0.717700005
vn 0.00819746501 -0.999945131 0.00652207777
v -0.0374612946 0.141370955 -1.2788263
vt 0.497599989 0.707799971
vn 0.00819746501 -0.999945131 0.00652207777
v -0.0315722279 0.142093813 -1.21645468
vt 0.548099995 0.707799971
vn 0.0194402895 -0.999763466 0.00975125904
v -0.0551702447 0.162818282 -1.41865869
vt 0.504400015 0.74849999
vn 0.00169940009 -0.547081576 -0.837077572
v -0.0103488308 0.163597443 -1.41901352
vt 0.504400015 0.766700029
vn 0.00286828205 -0.546403033 -0.837517461
v -0.0374619907 0.141408104 -1.40462987
vt 0.523000002 0.755299985
vn 0.00169940009 -0.547081576 -0.837077572
v -0.0551702447 0.162818282 -1.41865869
vt 0.504400015 0.74849999
vn 0.00169940009 -0.547081576 -0.837077572
v -0.0374619907 0.141408104 -1.40462987
vt 0.523000002 0.755299985
vn 0.00169940009 -0.547081576 -0.837077572
v -0.0551703689 0.141436102 -1.40462072
vt 0.523000002 0.74849999
vn -0.00129996681 -0.548817661 -0.835941078
v 0.0309517846 0.172832902 -0.901906034
vt 0.51849997 0.227500007
vn 0.203510244 -0.979072042 0.0012320089
v -0.0171641888 0.163403842 -0.901906092
vt 0.51849997 0.248199999
vn 0.192307074 -0.981332407 0.00216715941
v -0.0103488308 0.163597443 -1.41901352
vt 0.210199997 0.248199999
vn 0.203510244 -0.979072042 0.0012320089
v 0.0309517846 0.172832902 -0.901906034
vt 0.51849997 0.227500007
vn 0.203510244 -0.979072042 0.0012320089
v -0.0103488308 0.163597443 -1.41901352
vt 0.210199997 0.248199999
vn 0.203510244 -0.979072042 0.0012320089
v 0.0309527033 0.172746141 -1.4258444
vt 0.206100002 0.227500007
vn 0.216293193 -0.976328443 0.000162053294
v -0.0171641888 0.163403842 -0.901906092
vt 0.207399994 0.274699986
vn 0.115690419 -0.590356907 -0.798808143
v 0.0309517846 0.172832902 -0.901906034
vt 0.200100005 0.253500015
vn 0.115690419 -0.590356907 -0.798808143
v -0.0383185926 0.14237272 -0.889426867
vt 0.226600006 0.283499986
vn 0.115690419 -0.590356907 -0.798808143
v -0.0315722279 0.142093813 -1.21645468
vt 0.433699995 0.732299984
vn 0.716322188 -0.697738556 0.00659019888
v -0.0374612946 0.141370955 -1.2788263
vt 0.416200012 0.732299984
vn 0.508498805 -0.860221914 -0.0380423893
v -0.0103488308 0.163597443 -1.41901352
vt 0.379000008 0.741999984
vn 0.720082507 -0.693886156 0.00178479263
v -0.0315722279 0.142093813 -1.21645468
vt 0.433699995 0.732299984
vn 0.716322188 -0.697738556 0.00659019888
v -0.0103488308 0.163597443 -1.41901352
vt 0.379000008 0.741999984
vn 0.720082507 -0.693886156 0.00178479263
v -0.0171641888 0.163403842 -0.901906092
vt 0.524800003 0.741999984
vn 0.737853273 -0.674855839 0.0119224146
v -0.0315722279 0.142093813 -1.21645468
vt 0.433699995 0.732299984
vn 0.716322188 -0.697738556 0.00659019888
v -0.0171641888 0.163403842 -0.901906092
vt 0.524800003 0.741999984
vn 0.737853273 -0.674855839 0.0119224146
v -0.0383185926 0.14237272 -0.889426867
vt 0.524800003 0.732299984
vn 0.709461571 -0.704579395 0.0152366198
v -0.0383185926 0.14237272 -0.889426867
vt 0.524800003 0.732299984
vn 0.842128658 -0.538967251 0.0182654209
v -0.0514268471 0.122461412 -0.880359342
vt 0.524800003 0.724799991
vn 0.838981245 -0.543841088 0.0186371263
v -0.0442953477 0.122478936 -1.20088429
vt 0.437999994 0.724799991
vn 0.842128658 -0.538967251 0.0182654209
v -0.0383185926 0.14237272 -0.889426867
vt 0.524800003 0.732299984
vn 0.842128658 -0.538967251 0.0182654209
v -0.0442953477 0.122478936 -1.20088429
vt 0.437999994 0.724799991
vn 0.842128658 -0.538967251 0.0182654209
v -0.0315722279 0.142093813 -1.21645468
vt 0.433699995 0.732299984
vn 0.845252768 -0.534067054 0.0178924791
v 0.0309516129 0.094378593 -0.860707399
vt 0.270000011 0.253500015
vn 0.049147096 -0.459677814 -0.8867248
v -0.0514268471 0.122461412 -0.880359342
vt 0.244000003 0.285899997
vn 0.0607416511 -0.446523518 -0.892707791
v -0.0383185926 0.14237272 -0.889426867
vt 0.226600006 0.283499986
vn 0.049147096 -0.459677814 -0.8867248
v 0.0309516129 0.094378593 -0.860707399
vt 0.270000011 0.253500015
vn 0.049147096 -0.459677814 -0.8867248
v -0.0383185926 0.14237272 -0.889426867
vt 0.226600006 0.283499986
vn 0.049147096 -0.459677814 -0.8867248
v 0.0309517846 0.172832902 -0.901906034
vt 0.200100005 0.253500015
vn 0.0448976209 -0.464454693 -0.88445805
v -0.0103488308 0.163597443 -1.41901352
vt 0.379000008 0.741999984
vn 0.633263976 -0.773935839 -0.000232041552
v -0.0374612946 0.141370955 -1.2788263
vt 0.416200012 0.732299984
vn 0.633263976 -0.773935839 -0.000232041552
v -0.0374619907 0.141408104 -1.40462987
vt 0.379000008 0.732299984
vn 0.633263976 -0.773935839 -0.000232041552
v -0.0268868633 0.199220917 -1.17630752
vt 0.586222351 0.744312048
vn -0.158446665 0.164932632 0.973494674
v -0.0526099819 0.182220469 -1.17761396
vt 0.571118534 0.773700476
vn -0.158446665 0.164932632 0.973494674
v -0.0113815299 0.189425702 -1.17212432
vt 0.577212155 0.739331663
vn -0.158446665 0.164932632 0.973494674
v -0.0403571798 0.161717771 -1.17725821
vt 0.555554748 0.743914843
vn -0.619726929 -0.358244648 0.698283113
v -0.0526099819 0.182220469 -1.17761396
vt 0.571118534 0.773700476
vn -0.619726929 -0.358244648 0.698283113
v -0.0442953477 0.122478936 -1.20088429
vt 0.521700025 0.768849969
vn -0.619726929 -0.358244648 0.698283113
v -0.022282702 0.208925946 -0.93830023
vt 0.307484388 0.871475577
vn -0.682461865 0.725153752 -0.0916397244
v -0.0113815299 0.189425702 -1.17212432
vt 0.185423598 0.870458364
vn -0.679566458 0.727774696 -0.0923765191
v -0.0403571798 0.161717771 -1.17725821
vt 0.181185737 0.854093969
vn -0.682461865 0.725153752 -0.0916397244
v -0.022282702 0.208925946 -0.93830023
vt 0.307484388 0.871475577
vn -0.682461865 0.725153752 -0.0916397244
v -0.0403571798 0.161717771 -1.17725821
vt 0.181185737 0.854093969
vn -0.682461865 0.725153752 -0.0916397244
v -0.053324065 0.180570253 -0.929842719
vt 0.310466141 0.853789568
vn -0.685047492 0.722795199 -0.0909781989
v -0.053324065 0.180570253 -0.929842719
vt 0.310466141 0.853789568
vn -0.679824938 0.712700122 -0.172906304
v -0.0664127899 0.209214798 -0.763600997
vt 0.398483694 0.864293098
vn -0.669905408 0.721043223 -0.176984225
v -0.033992262 0.23983541 -0.761566362
vt 0.400886148 0.884082019
vn -0.679824938 0.712700122 -0.172906304
v -0.053324065 0.180570253 -0.929842719
vt 0.310466141 0.853789568
vn -0.679824938 0.712700122 -0.172906304
v -0.033992262 0.23983541 -0.761566362
vt 0.400886148 0.884082019
vn -0.679824938 0.712700122 -0.172906304
v -0.022282702 0.208925946 -0.93830023
vt 0.307484388 0.871475577
vn -0.689445622 0.704377513 -0.168869933
v -0.0346034293 0.296724163 -0.630016084
vt 0.614368677 0.156027898
vn -0.0138465008 0.718119473 0.695782076
v 0.0309510893 0.175446781 -0.503540636
vt 0.478599995 0.122100003
vn -0.00782862235 0.722716942 0.691099801
v 0.0309514776 0.300959139 -0.634174797
vt 0.613200009 0.122100003
vn -0.00263245466 0.721099167 0.692826863
v -0.0672272529 0.268107141 -0.602221936
vt 0.584957242 0.160875544
vn -0.010724203 0.723608263 0.690127577
v 0.0309510893 0.175446781 -0.503540636
vt 0.478599995 0.122100003
vn -0.00782862235 0.722716942 0.691099801
v -0.0346034293 0.296724163 -0.630016084
vt 0.614368677 0.156027898
vn -0.0138465008 0.718119473 0.695782076
v -0.0672272529 0.268107141 -0.602221936
vt 0.584957242 0.160875544
vn -0.010724203 0.723608263 0.690127577
v -0.0650318262 0.175642495 -0.50353313
vt 0.478599995 0.162300006
vn 0.00154148488 0.729760431 0.683701205
v 0.0309510893 0.175446781 -0.503540636
vt 0.478599995 0.122100003
vn -0.00782862235 0.722716942 0.691099801
v 0.0309522968 0.199612415 -1.17460275
vt 0.150700003 0.889699996
vn -0.00250168257 0.997832809 -0.065752764
v 0.0309527332 0.182251932 -1.43602142
vt 0.00989999995 0.889699996
vn 2.67341567e-06 0.997802207 -0.0662627837
v -0.0224985307 0.182252078 -1.43602137
vt 0.0112241711 0.882430673
vn -0.00250168257 0.997832809 -0.065752764
v 0.0309522968 0.199612415 -1.17460275
vt 0.150700003 0.889699996
vn -0.00250168257 0.997832809 -0.065752764
v -0.0224985307 0.182252078 -1.43602137
vt 0.0112241711 0.882430673
vn -0.00250168257 0.997832809 -0.065752764
v -0.0268868633 0.199220917 -1.17630752
vt 0.150885135 0.872453034
vn -0.0048301906 0.997855415 -0.065278168
v -0.0113815299 0.189425702 -1.17212432
vt 0.577212155 0.739331663
vn -0.02995596 0.352094348 0.935485014
v 0.0309522968 0.199612415 -1.17460275
vt 0.58525002 0.706200004
vn -0.02995596 0.352094348 0.935485014
v -0.0268868633 0.199220917 -1.17630752
vt 0.586222351 0.744312048
vn -0.02995596 0.352094348 0.935485014
v -0.0442953477 0.122478936 -1.20088429
vt 0.165800005 0.82099998
vn -0.999295335 0.0114567633 -0.0357432014
v -0.0514268471 0.122461412 -0.880359342
vt 0.331499994 0.80339998
vn -0.99842494 -0.0515173266 -0.0222172085
v -0.053324065 0.180570253 -0.929842719
vt 0.310466141 0.853789568
vn -0.999295335 0.0114567633 -0.0357432014
v -0.0442953477 0.122478936 -1.20088429
vt 0.165800005 0.82099998
vn -0.999295335 0.0114567633 -0.0357432014
v -0.053324065 0.180570253 -0.929842719
vt 0.310466141 0.853789568
vn -0.999295335 0.0114567633 -0.0357432014
v -0.0403571798 0.161717771 -1.17725821
vt 0.181185737 0.854093969
vn -0.988656534 0.136695268 -0.0622307063
v -0.053324065 0.180570253 -0.929842719
vt 0.310466141 0.853789568
vn -0.994238756 -0.0864381771 -0.0633856248
v -0.0514268471 0.122461412 -0.880359342
vt 0.331499994 0.80339998
vn -0.994238756 -0.0864381771 -0.0633856248
v -0.0664127899 0.209214798 -0.763600997
vt 0.398483694 0.864293098
vn -0.994238756 -0.0864381771 -0.0633856248
v -0.0664127899 0.209214798 -0.763600997
vt 0.398483694 0.864293098
vn -0.925006764 0.238394412 -0.295855691
v -0.0514268471 0.122461412 -0.880359342
vt 0.331499994 0.80339998
vn -0.925006764 0.238394412 -0.295855691
v -0.0650300192 0.0945107753 -0.86035043
vt 0.339700013 0.782000005
vn -0.925006764 0.238394412 -0.295855691
v -0.0664127899 0.209214798 -0.763600997
vt 0.398483694 0.864293098
vn -0.999905275 -0.0137443049 0.000731944843
v -0.0650300192 0.0945107753 -0.86035043
vt 0.339700013 0.782000005
vn -0.999913903 -0.0130669077 0.00120078438
v -0.065030626 0.115847094 -0.628674359
vt 0.460900009 0.784699976
vn -0.999894807 -0.0142778277 0.0025530213
v -0.065030626 0.115847094 -0.628674359
vt 0.460900009 0.784699976
vn -0.999894807 -0.0142778277 0.0025530213
v -0.0672272529 0.268107141 -0.602221936
vt 0.486232609 0.898494065
vn -0.999881646 -0.0150108622 0.00337162392
v -0.0664127899 0.209214798 -0.763600997
vt 0.398483694 0.864293098
vn -0.999905275 -0.0137443049 0.000731944843
v -0.065030626 0.115847094 -0.628674359
vt 0.460900009 0.784699976
vn -0.999894807 -0.0142778277 0.0025530213
v -0.0650318262 0.175642495 -0.50353313
vt 0.530200005 0.82099998
vn -0.999848124 -0.0157286376 0.00750592034
v -0.0672272529 0.268107141 -0.602221936
vt 0.486232609 0.898494065
vn -0.999881646 -0.0150108622 0.00337162392
v -0.0403571798 0.161717771 -1.17725821
vt 0.555554748 0.743914843
vn -0.122188008 -0.0558281022 0.990935575
v -0.0113815299 0.189425702 -1.17212432
vt 0.577212155 0.739331663
vn -0.122188008 -0.0558281022 0.990935575
v -0.0526099819 0.182220469 -1.17761396
vt 0.571118534 0.773700476
vn -0.122188008 -0.0558281022 0.990935575
v 0.0993672401 0.141407936 -1.4046297
vt 0.379000008 0.732299984
vn -0.99955964 0.0296736561 -2.10619551e-06
v 0.0988061277 0.122498717 -1.40898429
vt 0.379000008 0.724799991
vn -0.999559989 0.0296618993 -4.08474201e-06
v 0.0988060755 0.122513034 -1.2922548
vt 0.412499994 0.724799991
vn -0.99955964 0.0296736561 -2.10619551e-06
v 0.0993672401 0.141407936 -1.4046297
vt 0.379000008 0.732299984
vn -0.99955964 0.0296736561 -2.10619551e-06
v 0.0988060755 0.122513034 -1.2922548
vt 0.412499994 0.724799991
vn -0.99955964 0.0296736561 -2.10619551e-06
v 0.0993661034 0.141370787 -1.27882612
vt 0.416200012 0.732299984
vn -0.999559315 0.029684592 -2.65789644e-07
v 0.117075646 0.122488316 -1.4089851
vt 0.378899992 0.717700005
vn -0.00158957672 -0.999998736 -3.70406555e-05
v 0.117075601 0.12246535 -1.29219648
vt 0.47420001 0.717700005
vn -0.00260935189 -0.999996576 -0.000196647102
v 0.0988060755 0.122513034 -1.2922548
vt 0.473500013 0.707799971
vn -0.00158957672 -0.999998736 -3.70406555e-05
v 0.117075646 0.122488316 -1.4089851
vt 0.378899992 0.717700005
vn -0.00158957672 -0.999998736 -3.70406555e-05
v 0.0988060755 0.122513034 -1.2922548
vt 0.473500013 0.707799971
vn -0.00158957672 -0.999998736 -3.70406555e-05
v 0.0988061277 0.122498717 -1.40898429
vt 0.378899992 0.707799971
vn -0.000569279561 -0.99999983 0.000122647261
v 0.0993661034 0.141370787 -1.27882612
vt 0.497599989 0.707799971
vn -0.00615067529 -0.581236979 0.813711094
v 0.0988060755 0.122513034 -1.2922548
vt 0.473500013 0.707799971
vn -0.00411402327 -0.579974808 0.814624022
v 0.117075601 0.12246535 -1.29219648
vt 0.47420001 0.717700005
vn -0.00615067529 -0.581236979 0.813711094
v 0.0993661034 0.141370787 -1.27882612
vt 0.497599989 0.707799971
vn -0.00615067529 -0.581236979 0.813711094
v 0.117075601 0.12246535 -1.29219648
vt 0.47420001 0.717700005
vn -0.00615067529 -0.581236979 0.813711094
v 0.117075554 0.141495079 -1.27855776
vt 0.49849999 0.717700005
vn -0.00822814211 -0.582520533 0.812774339
v 0.117075646 0.122488316 -1.4089851
vt 0.537899971 0.74849999
vn 0.000117751339 0.224442572 -0.97448731
v 0.0988061277 0.122498717 -1.40898429
vt 0.537899971 0.754800022
vn 8.44891796e-05 0.224413008 -0.974494122
v 0.0993672401 0.141407936 -1.4046297
vt 0.523000002 0.755299985
vn 0.000117751339 0.224442572 -0.97448731
v 0.117075646 0.122488316 -1.4089851
vt 0.537899971 0.74849999
vn 0.000117751339 0.224442572 -0.97448731
v 0.0993672401 0.141407936 -1.4046297
vt 0.523000002 0.755299985
vn 0.000117751339 0.224442572 -0.97448731
v 0.117075618 0.141435891 -1.4046205
vt 0.523000002 0.74849999
vn 0.000151998129 0.224473012 -0.974480294
v 0.093476819 0.142093654 -1.21645452
vt 0.548099995 0.707799971
vn -0.0363248293 -0.635669837 -0.771105936
v 0.117075536 0.141627631 -1.21718203
vt 0.548399985 0.717700005
vn -0.0363248293 -0.635669837 -0.771105936
v 0.106199838 0.122478743 -1.2008841
vt 0.573850036 0.712749958
vn -0.0363248293 -0.635669837 -0.771105936
v 0.117075601 0.12246535 -1.29219648
vt 0.0788000003 0.798799992
vn 1 1.75974332e-06 4.48108126e-07
v 0.117075646 0.122488316 -1.4089851
vt 0.00989999995 0.805599988
vn 1 1.38058503e-06 3.84128573e-07
v 0.117075618 0.141435891 -1.4046205
vt 0.00989999995 0.820299983
vn 1 1.66069157e-06 4.69999872e-07
v 0.117075601 0.12246535 -1.29219648
vt 0.0788000003 0.798799992
vn 1 1.75974332e-06 4.48108126e-07
v 0.117075618 0.141435891 -1.4046205
vt 0.00989999995 0.820299983
vn 1 1.66069157e-06 4.69999872e-07
v 0.117075554 0.141495079 -1.27855776
vt 0.0881000012 0.813000023
vn 1 1.78236595e-06 5.07301165e-07
v 0.117075554 0.141495079 -1.27855776
vt 0.0881000012 0.813000023
vn 1 1.78236595e-06 5.07301165e-07
v 0.117075618 0.141435891 -1.4046205
vt 0.00989999995 0.820299983
vn 1 1.66069157e-06 4.69999872e-07
v 0.117075594 0.162818057 -1.41865847
vt 0.00989999995 0.838400006
vn 1 1.49129921e-06 5.07437823e-07
v 0.0965064098 0.29672394 -0.630015679
vt 0.472844541 0.917678773
vn 0.704506905 0.658834069 -0.263832693
v 0.12913002 0.268106896 -0.602221567
vt 0.485601187 0.898854971
vn 0.745563002 0.624830608 -0.231781193
v 0.128315988 0.209214584 -0.76360063
vt 0.39847067 0.864507675
vn 0.704506905 0.658834069 -0.263832693
v 0.0965064098 0.29672394 -0.630015679
vt 0.472844541 0.917678773
vn 0.704506905 0.658834069 -0.263832693
v 0.128315988 0.209214584 -0.76360063
vt 0.39847067 0.864507675
vn 0.704506905 0.658834069 -0.263832693
v 0.0958955258 0.239835218 -0.761566018
vt 0.401008993 0.884046137
vn 0.643386253 0.701560812 -0.306376496
v 0.126933093 0.115846853 -0.628673995
vt 0.40959999 0.294400007
vn 0.000900829875 -0.902556395 0.430570716
v 0.126934009 0.175642253 -0.503532765
vt 0.49939999 0.294400007
vn 0.00180217743 -0.902286364 0.43113347
v 0.0309510893 0.175446781 -0.503540636
vt 0.499300003 0.253500015
vn 0.000900829875 -0.902556395 0.430570716
v 0.126933093 0.115846853 -0.628673995
vt 0.40959999 0.294400007
vn 0.000900829875 -0.902556395 0.430570716
v 0.0309510893 0.175446781 -0.503540636
vt 0.499300003 0.253500015
vn 0.000900829875 -0.902556395 0.430570716
v 0.0309512332 0.115846914 -0.628674117
vt 0.409500003 0.253500015
vn -1.12316078e-06 -0.902825522 0.430007067
v 0.126933093 0.115846853 -0.628673995
vt 0.40959999 0.294400007
vn 0.000512897027 -0.995766409 0.0919184193
v 0.0309512332 0.115846914 -0.628674117
vt 0.409500003 0.253500015
vn -7.50834921e-07 -0.995747071 0.0921291025
v 0.0309516129 0.094378593 -0.860707399
vt 0.270000011 0.253500015
vn 0.000512897027 -0.995766409 0.0919184193
v 0.126933093 0.115846853 -0.628673995
vt 0.40959999 0.294400007
vn 0.000512897027 -0.995766409 0.0919184193
v 0.0309516129 0.094378593 -0.860707399
vt 0.270000011 0.253500015
vn 0.000512897027 -0.995766409 0.0919184193
v 0.126933238 0.0945105266 -0.860350066
vt 0.270300001 0.294400007
vn 0.0010273578 -0.99578547 0.0917073743
v 0.126933238 0.0945105266 -0.860350066
vt 0.270300001 0.294400007
vn 0.00382889013 -0.58085204 -0.814000152
v 0.0309516129 0.094378593 -0.860707399
vt 0.270000011 0.253500015
vn 0.00382889013 -0.58085204 -0.814000152
v 0.113330206 0.122461192 -0.880359012
vt 0.244000003 0.285899997
vn 0.00382889013 -0.58085204 -0.814000152
v 0.08418648 0.208925817 -0.938300094
vt 0.140503034 0.758209288
vn 0.0991055615 0.980083332 -0.172089365
v 0.0309519046 0.215120868 -0.939719947
vt 0.140699998 0.783200026
vn 0.118355865 0.979002021 -0.165972684
v 0.0309516348 0.244841433 -0.764411211
vt 0.242300004 0.783200026
vn 0.0991055615 0.980083332 -0.172089365
v 0.08418648 0.208925817 -0.938300094
vt 0.140503034 0.758209288
vn 0.0991055615 0.980083332 -0.172089365
v 0.0309516348 0.244841433 -0.764411211
vt 0.242300004 0.783200026
vn 0.0991055615 0.980083332 -0.172089365
v 0.0958955258 0.239835218 -0.761566018
vt 0.24194698 0.758312881
vn 0.0833509451 0.980669037 -0.177033502
v 0.073286038 0.18942559 -1.17212421
vt 0.00930313207 0.757912517
vn 0.171509238 0.982141572 -0.0773467132
v 0.0309522968 0.199612415 -1.17460275
vt 0.0092000002 0.783200026
vn 0.237014285 0.96939546 -0.0640052443
v 0.0309519046 0.215120868 -0.939719947
vt 0.140699998 0.783200026
vn 0.171509238 0.982141572 -0.0773467132
v 0.073286038 0.18942559 -1.17212421
vt 0.00930313207 0.757912517
vn 0.171509238 0.982141572 -0.0773467132
v 0.0309519046 0.215120868 -0.939719947
vt 0.140699998 0.783200026
vn 0.171509238 0.982141572 -0.0773467132
v 0.08418648 0.208925817 -0.938300094
vt 0.140503034 0.758209288
vn 0.117459111 0.989173729 -0.0879698338
v 0.0309514776 0.300959139 -0.634174797
vt 0.327899992 0.783200026
vn 0.0859734561 0.914638295 -0.395025763
v 0.0965064098 0.29672394 -0.630015679
vt 0.327865273 0.758322597
vn 0.0841925893 0.914450401 -0.395843495
v 0.0958955258 0.239835218 -0.761566018
vt 0.24194698 0.758312881
vn 0.0859734561 0.914638295 -0.395025763
v 0.0309514776 0.300959139 -0.634174797
vt 0.327899992 0.783200026
vn 0.0859734561 0.914638295 -0.395025763
v 0.0958955258 0.239835218 -0.761566018
vt 0.24194698 0.758312881
vn 0.0859734561 0.914638295 -0.395025763
v 0.0309516348 0.244841433 -0.764411211
vt 0.242300004 0.783200026
vn 0.0877890823 0.914826243 -0.394190337
v 0.0937744639 0.175841911 -1.4302944
vt 0.0110996347 0.864315152
vn 0.589270178 0.805508466 -0.0625840905
v 0.0844039844 0.182251934 -1.43602135
vt 0.0102952737 0.881985784
vn 0.589270178 0.805508466 -0.0625840905
v 0.0887915167 0.199220736 -1.17630749
vt 0.150600582 0.872354925
vn 0.589270178 0.805508466 -0.0625840905
v 0.0937744639 0.175841911 -1.4302944
vt 0.487370729 0.759990931
vn -0.00600353591 -0.671836797 -0.740674879
v 0.117075594 0.162818057 -1.41865847
vt 0.504400015 0.74849999
vn -0.00581983149 -0.672013398 -0.740516119
v 0.0722541892 0.163597348 -1.41901341
vt 0.504400015 0.766700029
vn -0.0114946972 -0.684187188 -0.729215856
v 0.0722541892 0.163597348 -1.41901341
vt 0.504400015 0.766700029
vn -0.0114946972 -0.684187188 -0.729215856
v 0.0844039844 0.182251934 -1.43602135
vt 0.491962224 0.774469614
vn -0.001293332 -0.673278969 -0.73938742
v 0.0937744639 0.175841911 -1.4302944
vt 0.487370729 0.759990931
vn -0.00600353591 -0.671836797 -0.740674879
v 0.0722541892 0.163597348 -1.41901341
vt 0.504400015 0.766700029
vn -0.0114946972 -0.684187188 -0.729215856
v 0.0309527332 0.182251932 -1.43602142
vt 0.486999989 0.783500016
vn 9.73985953e-07 -0.673739997 -0.738968481
v 0.0844039844 0.182251934 -1.43602135
vt 0.491962224 0.774469614
vn -0.001293332 -0.673278969 -0.73938742
v 0.0722541892 0.163597348 -1.41901341
vt 0.504400015 0.766700029
vn -0.0114946972 -0.684187188 -0.729215856
v 0.0309527033 0.172746141 -1.4258444
vt 0.496699989 0.783500016
vn -0.0489249244 -0.729920653 -0.681778698
v 0.0309527332 0.182251932 -1.43602142
vt 0.486999989 0.783500016
vn -0.0489249244 -0.729920653 -0.681778698
v 0.0887915167 0.199220736 -1.17630749
vt 0.150600582 0.872354925
vn 0.531084581 0.84482833 -0.0649173281
v 0.114514537 0.182220262 -1.17761386
vt 0.147692159 0.838757753
vn 0.548161387 0.834121946 -0.0613161758
v 0.117075594 0.162818057 -1.41865847
vt 0.00989999995 0.838400006
vn 0.531084581 0.84482833 -0.0649173281
v 0.0887915167 0.199220736 -1.17630749
vt 0.150600582 0.872354925
vn 0.531084581 0.84482833 -0.0649173281
v 0.117075594 0.162818057 -1.41865847
vt 0.00989999995 0.838400006
vn 0.531084581 0.84482833 -0.0649173281
v 0.0937744639 0.175841911 -1.4302944
vt 0.0110996347 0.864315152
vn 0.512671284 0.855830514 -0.0687188894
v 0.106199838 0.122478743 -1.2008841
vt 0.1303 0.793500006
vn 0.915003386 -0.250526923 0.316235773
v 0.117075536 0.141627631 -1.21718203
vt 0.122599997 0.809499979
vn 0.915003386 -0.250526923 0.316235773
v 0.114514537 0.182220262 -1.17761386
vt 0.147692159 0.838757753
vn 0.915003386 -0.250526923 0.316235773
v 0.117075554 0.141495079 -1.27855776
vt 0.0881000012 0.813000023
vn 0.998744552 0.0498183026 0.00523996196
v 0.117075594 0.162818057 -1.41865847
vt 0.00989999995 0.838400006
vn 0.998935151 0.045611085 0.00694217323
v 0.114514537 0.182220262 -1.17761386
vt 0.147692159 0.838757753
vn 0.998744552 0.0498183026 0.00523996196
v 0.117075554 0.141495079 -1.27855776
vt 0.0881000012 0.813000023
vn 0.998744552 0.0498183026 0.00523996196
v 0.114514537 0.182220262 -1.17761386
vt 0.147692159 0.838757753
vn 0.998744552 0.0498183026 0.00523996196
v 0.117075536 0.141627631 -1.21718203
vt 0.122599997 0.809499979
vn 0.998007387 0.0630970468 -0.000135966772
v 0.117075536 0.141627631 -1.21718203
vt 0.548399985 0.717700005
vn -0.00819978574 -0.999945112 0.00652201454
v 0.093476819 0.142093654 -1.21645452
vt 0.548099995 0.707799971
vn -0.0194425299 -0.999763424 0.00975113086
v 0.0993661034 0.141370787 -1.27882612
vt 0.497599989 0.707799971
vn -0.00819978574 -0.999945112 0.00652201454
v 0.117075536 0.141627631 -1.21718203
vt 0.548399985 0.717700005
vn -0.00819978574 -0.999945112 0.00652201454
v 0.0993661034 0.141370787 -1.27882612
vt 0.497599989 0.707799971
vn -0.00819978574 -0.999945112 0.00652201454
v 0.117075554 0.141495079 -1.27855776
vt 0.49849999 0.717700005
vn 0.00698546196 -0.999973269 0.00215963583
v 0.117075594 0.162818057 -1.41865847
vt 0.504400015 0.74849999
vn -0.00169878259 -0.547081725 -0.837077475
v 0.117075618 0.141435891 -1.4046205
vt 0.523000002 0.74849999
vn 0.00130077165 -0.548817932 -0.835940898
v 0.0993672401 0.141407936 -1.4046297
vt 0.523000002 0.755299985
vn -0.00169878259 -0.547081725 -0.837077475
v 0.117075594 0.162818057 -1.41865847
vt 0.504400015 0.74849999
vn -0.00169878259 -0.547081725 -0.837077475
v 0.0993672401 0.141407936 -1.4046297
vt 0.523000002 0.755299985
vn -0.00169878259 -0.547081725 -0.837077475
v 0.0722541892 0.163597348 -1.41901341
vt 0.504400015 0.766700029
vn -0.00286773739 -0.546403135 -0.837517397
v 0.0309517846 0.172832902 -0.901906034
vt 0.51849997 0.227500007
vn -0.203512618 -0.979071549 0.00123128678
v 0.0309527033 0.172746141 -1.4258444
vt 0.206100002 0.227500007
vn -0.216295459 -0.976327941 0.000161294682
v 0.0722541892 0.163597348 -1.41901341
vt 0.210199997 0.248199999
vn -0.203512618 -0.979071549 0.00123128678
v 0.0309517846 0.172832902 -0.901906034
vt 0.51849997 0.227500007
vn -0.203512618 -0.979071549 0.00123128678
v 0.0722541892 0.163597348 -1.41901341
vt 0.210199997 0.248199999
vn -0.203512618 -0.979071549 0.00123128678
v 0.0790677347 0.163403721 -0.901905969
vt 0.51849997 0.248199999
vn -0.192309543 -0.981331924 0.00216646923
v 0.0790677347 0.163403721 -0.901905969
vt 0.207399994 0.274699986
vn -0.115690572 -0.590360243 -0.798805655
v 0.100222036 0.14237255 -0.889426571
vt 0.226600006 0.283499986
vn -0.115690572 -0.590360243 -0.798805655
v 0.0309517846 0.172832902 -0.901906034
vt 0.200100005 0.253500015
vn -0.115690572 -0.590360243 -0.798805655
v 0.093476819 0.142093654 -1.21645452
vt 0.433699995 0.732299984
vn -0.71632407 -0.697736647 0.00658767873
v 0.0790677347 0.163403721 -0.901905969
vt 0.524800003 0.741999984
vn -0.73785513 -0.674853854 0.0119198255
v 0.0722541892 0.163597348 -1.41901341
vt 0.379000008 0.741999984
vn -0.72008439 -0.693884208 0.00178225131
v 0.093476819 0.142093654 -1.21645452
vt 0.433699995 0.732299984
vn -0.71632407 -0.697736647 0.00658767873
v 0.0722541892 0.163597348 -1.41901341
vt 0.379000008 0.741999984
vn -0.72008439 -0.693884208 0.00178225131
v 0.0993661034 0.141370787 -1.27882612
vt 0.416200012 0.732299984
vn -0.508500739 -0.860220689 -0.038044242
v 0.093476819 0.142093654 -1.21645452
vt 0.433699995 0.732299984
vn -0.71632407 -0.697736647 0.00658767873
v 0.100222036 0.14237255 -0.889426571
vt 0.524800003 0.732299984
vn -0.70946345 -0.704577557 0.015234138
v 0.0790677347 0.163403721 -0.901905969
vt 0.524800003 0.741999984
vn -0.73785513 -0.674853854 0.0119198255
v 0.100222036 0.14237255 -0.889426571
vt 0.524800003 0.732299984
vn -0.842130188 -0.538964961 0.0182624505
v 0.093476819 0.142093654 -1.21645452
vt 0.433699995 0.732299984
vn -0.845254141 -0.534064979 0.0178895147
v 0.106199838 0.122478743 -1.2008841
vt 0.437999994 0.724799991
vn -0.842130188 -0.538964961 0.0182624505
v 0.100222036 0.14237255 -0.889426571
vt 0.524800003 0.732299984
vn -0.842130188 -0.538964961 0.0182624505
v 0.106199838 0.122478743 -1.2008841
vt 0.437999994 0.724799991
vn -0.842130188 -0.538964961 0.0182624505
v 0.113330206 0.122461192 -0.880359012
vt 0.524800003 0.724799991
vn -0.838982934 -0.543838584 0.0186341499
v 0.0309516129 0.094378593 -0.860707399
vt 0.270000011 0.253500015
vn -0.0491446234 -0.459677491 -0.886725104
v 0.0309517846 0.172832902 -0.901906034
vt 0.200100005 0.253500015
vn -0.0448949792 -0.464454594 -0.884458236
v 0.100222036 0.14237255 -0.889426571
vt 0.226600006 0.283499986
vn -0.0491446234 -0.459677491 -0.886725104
v 0.0309516129 0.094378593 -0.860707399
vt 0.270000011 0.253500015
vn -0.0491446234 -0.459677491 -0.886725104
v 0.100222036 0.14237255 -0.889426571
vt 0.226600006 0.283499986
vn -0.0491446234 -0.459677491 -0.886725104
v 0.113330206 0.122461192 -0.880359012
vt 0.244000003 0.285899997
vn -0.0607396376 -0.446522579 -0.892708398
v 0.0722541892 0.163597348 -1.41901341
vt 0.379000008 0.741999984
vn -0.63326604 -0.773934149 -0.000234258579
v 0.0993672401 0.141407936 -1.4046297
vt 0.379000008 0.732299984
vn -0.63326604 -0.773934149 -0.000234258579
v 0.0993661034 0.141370787 -1.27882612
vt 0.416200012 0.732299984
vn -0.63326604 -0.773934149 -0.000234258579
v 0.0887915167 0.199220736 -1.17630749
vt 0.587864518 0.742124081
vn 0.158447844 0.164937087 0.973493728
v 0.073286038 0.18942559 -1.17212421
vt 0.5766204 0.738527358
vn 0.158447844 0.164937087 0.973493728
v 0.114514537 0.182220262 -1.17761386
vt 0.569936454 0.771631062
vn 0.158447844 0.164937087 0.973493728
v 0.106199838 0.122478743 -1.2008841
vt 0.521700025 0.768849969
vn 0.619718632 -0.358245748 0.698289912
v 0.114514537 0.182220262 -1.17761386
vt 0.569936454 0.771631062
vn 0.619718632 -0.358245748 0.698289912
v 0.102261694 0.161717554 -1.17725827
vt 0.560465574 0.745857894
vn 0.619718632 -0.358245748 0.698289912
v 0.08418648 0.208925817 -0.938300094
vt 0.307504028 0.871525526
vn 0.682463213 0.725152762 -0.091637517
v 0.115227747 0.180570075 -0.929842742
vt 0.310211748 0.853770912
vn 0.685048808 0.722794231 -0.0909759897
v 0.102261694 0.161717554 -1.17725827
vt 0.181193903 0.854274094
vn 0.682463213 0.725152762 -0.091637517
v 0.08418648 0.208925817 -0.938300094
vt 0.307504028 0.871525526
vn 0.682463213 0.725152762 -0.091637517
v 0.102261694 0.161717554 -1.17725827
vt 0.181193903 0.854274094
vn 0.682463213 0.725152762 -0.091637517
v 0.073286038 0.18942559 -1.17212421
vt 0.185363144 0.870271504
vn 0.679567848 0.727773678 -0.0923743123
v 0.115227747 0.180570075 -0.929842742
vt 0.310211748 0.853770912
vn 0.679826246 0.712699482 -0.172903802
v 0.08418648 0.208925817 -0.938300094
vt 0.307504028 0.871525526
vn 0.689446812 0.704376942 -0.168867454
v 0.0958955258 0.239835218 -0.761566018
vt 0.401008993 0.884046137
vn 0.679826246 0.712699482 -0.172903802
v 0.115227747 0.180570075 -0.929842742
vt 0.310211748 0.853770912
vn 0.679826246 0.712699482 -0.172903802
v 0.0958955258 0.239835218 -0.761566018
vt 0.401008993 0.884046137
vn 0.679826246 0.712699482 -0.172903802
v 0.128315988 0.209214584 -0.76360063
vt 0.39847067 0.864507675
vn 0.669906849 0.721042505 -0.176981695
v 0.0965064098 0.29672394 -0.630015679
vt 0.611710966 0.156061321
vn 0.0138455133 0.71811921 0.695782367
v 0.0309514776 0.300959139 -0.634174797
vt 0.613200009 0.122100003
vn 0.00263061591 0.721099162 0.692826874
v 0.0309510893 0.175446781 -0.503540636
vt 0.478599995 0.122100003
vn 0.00782772123 0.722716786 0.691099974
v 0.12913002 0.268106896 -0.602221567
vt 0.590316117 0.155532449
vn 0.0107238293 0.723608022 0.690127836
v 0.0965064098 0.29672394 -0.630015679
vt 0.611710966 0.156061321
vn 0.0138455133 0.71811921 0.695782367
v 0.0309510893 0.175446781 -0.503540636
vt 0.478599995 0.122100003
vn 0.00782772123 0.722716786 0.691099974
v 0.12913002 0.268106896 -0.602221567
vt 0.590316117 0.155532449
vn 0.0107238293 0.723608022 0.690127836
v 0.0309510893 0.175446781 -0.503540636
vt 0.478599995 0.122100003
vn 0.00782772123 0.722716786 0.691099974
v 0.126934009 0.175642253 -0.503532765
vt 0.478599995 0.162300006
vn -0.00154224545 0.729760437 0.683701197
v 0.0309522968 0.199612415 -1.17460275
vt 0.150700003 0.889699996
vn 0.00250462431 0.997832806 -0.0657527088
v 0.0887915167 0.199220736 -1.17630749
vt 0.150600582 0.872354925
vn 0.00483334222 0.997855407 -0.0652780618
v 0.0844039844 0.182251934 -1.43602135
vt 0.0102952737 0.881985784
vn 0.00250462431 0.997832806 -0.0657527088
v 0.0309522968 0.199612415 -1.17460275
vt 0.150700003 0.889699996
vn 0.00250462431 0.997832806 -0.0657527088
v 0.0844039844 0.182251934 -1.43602135
vt 0.0102952737 0.881985784
vn 0.00250462431 0.997832806 -0.0657527088
v 0.0309527332 0.182251932 -1.43602142
vt 0.00989999995 0.889699996
vn 3.95200903e-08 0.997802207 -0.0662627837
v 0.073286038 0.18942559 -1.17212421
vt 0.5766204 0.738527358
vn 0.0299565365 0.352101867 0.935482165
v 0.0887915167 0.199220736 -1.17630749
vt 0.587864518 0.742124081
vn 0.0299565365 0.352101867 0.935482165
v 0.0309522968 0.199612415 -1.17460275
vt 0.58525002 0.706200004
vn 0.0299565365 0.352101867 0.935482165
v 0.106199838 0.122478743 -1.2008841
vt 0.165800005 0.82099998
vn 0.999295494 0.0114539288 -0.0357396461
v 0.102261694 0.161717554 -1.17725827
vt 0.181193903 0.854274094
vn 0.988657166 0.1366923 -0.062227198
v 0.115227747 0.180570075 -0.929842742
vt 0.310211748 0.853770912
vn 0.999295494 0.0114539288 -0.0357396461
v 0.106199838 0.122478743 -1.2008841
vt 0.165800005 0.82099998
vn 0.999295494 0.0114539288 -0.0357396461
v 0.115227747 0.180570075 -0.929842742
vt 0.310211748 0.853770912
vn 0.999295494 0.0114539288 -0.0357396461
v 0.113330206 0.122461192 -0.880359012
vt 0.331499994 0.80339998
vn 0.998424883 -0.051519959 -0.0222136776
v 0.115227747 0.180570075 -0.929842742
vt 0.310211748 0.853770912
vn 0.994238733 -0.0864410258 -0.0633821097
v 0.128315988 0.209214584 -0.76360063
vt 0.39847067 0.864507675
vn 0.994238733 -0.0864410258 -0.0633821097
v 0.113330206 0.122461192 -0.880359012
vt 0.331499994 0.80339998
vn 0.994238733 -0.0864410258 -0.0633821097
v 0.128315988 0.209214584 -0.76360063
vt 0.39847067 0.864507675
vn 0.925008319 0.238392022 -0.295852756
v 0.126933238 0.0945105266 -0.860350066
vt 0.339700013 0.782000005
vn 0.925008319 0.238392022 -0.295852756
v 0.113330206 0.122461192 -0.880359012
vt 0.331499994 0.80339998
vn 0.925008319 0.238392022 -0.295852756
v 0.128315988 0.209214584 -0.76360063
vt 0.39847067 0.864507675
vn 0.999905235 -0.0137469888 0.00073549952
v 0.126933093 0.115846853 -0.628673995
vt 0.460900009 0.784699976
vn 0.99989476 -0.0142804834 0.00255656263
v 0.126933238 0.0945105266 -0.860350066
vt 0.339700013 0.782000005
vn 0.999913863 -0.0130696726 0.00120428325
v 0.126933093 0.115846853 -0.628673995
vt 0.460900009 0.784699976
vn 0.99989476 -0.0142804834 0.00255656263
v 0.128315988 0.209214584 -0.76360063
vt 0.39847067 0.864507675
vn 0.999905235 -0.0137469888 0.00073549952
v 0.12913002 0.268106896 -0.602221567
vt 0.485601187 0.898854971
vn 0.999881595 -0.015013452 0.0033751912
v 0.126933093 0.115846853 -0.628673995
vt 0.460900009 0.784699976
vn 0.99989476 -0.0142804834 0.00255656263
v 0.12913002 0.268106896 -0.602221567
vt 0.485601187 0.898854971
vn 0.999881595 -0.015013452 0.0033751912
v 0.126934009 0.175642253 -0.503532765
vt 0.530200005 0.82099998
vn 0.999848057 -0.0157312166 0.0075094262
v 0.102261694 0.161717554 -1.17725827
vt 0.560465574 0.745857894
vn 0.122186853 -0.0558349047 0.990935334
v 0.114514537 0.182220262 -1.17761386
vt 0.569936454 0.771631062
vn 0.122186853 -0.0558349047 0.990935334
v 0.073286038 0.18942559 -1.17212421
vt 0.5766204 0.738527358
vn 0.122186853 -0.0558349047 0.990935334
v -0.0385639931 -0.113258409 -1.40493972
vt 0.0115999999 0.971099973
vn 0.999999956 -0.000296601083 -2.4822676e-05
v -0.0385553995 -0.0981331097 -1.40382107
vt 0.0115999999 0.987900019
vn 0.999999838 -0.000569102392 1.27302787e-05
v -0.0385567825 -0.0981330564 -1.29518327
vt 0.0953999981 0.987699986
vn 0.999999956 -0.000296601083 -2.4822676e-05
v -0.0385639931 -0.113258409 -1.40493972
vt 0.0115999999 0.971099973
vn 0.999999956 -0.000296601083 -2.4822676e-05
v -0.0385567825 -0.0981330564 -1.29518327
vt 0.0953999981 0.987699986
vn 0.999999956 -0.000296601083 -2.4822676e-05
v -0.0385568774 -0.113247406 -1.28275915
vt 0.104900002 0.971099973
vn 0.999999997 -5.41467999e-05 -5.82348956e-05
v -0.0385571122 -0.0984692338 -1.18890462
vt 0.177000001 0.987200022
vn 0.999999967 -0.000256782485 8.17439378e-06
v -0.0385590164 -0.0985539808 -0.905451842
vt 0.397899985 0.986800015
vn 0.999999959 -0.000286087062 6.6325501e-06
v -0.0385633712 -0.113655734 -0.900267067
vt 0.397899985 0.971099973
vn 0.999999967 -0.000256782485 8.17439378e-06
v -0.0385571122 -0.0984692338 -1.18890462
vt 0.177000001 0.987200022
vn 0.999999967 -0.000256782485 8.17439378e-06
v -0.0385633712 -0.113655734 -0.900267067
vt 0.397899985 0.971099973
vn 0.999999967 -0.000256782485 8.17439378e-06
v -0.0385603271 -0.113251201 -1.20679483
vt 0.163200006 0.971099973
vn 0.999999974 -0.000229144665 9.62854204e-06
v -0.0551354146 -0.0981297502 -1.29517948
vt 0.0943000019 0.902499974
vn 0.0147439156 0.644342477 0.764594918
v -0.0551355103 -0.113269826 -1.28210746
vt 0.113300003 0.902499974
vn 0.0288578392 0.6532473 0.756594469
v -0.0385568774 -0.113247406 -1.28275915
vt 0.113300003 0.91170001
vn 0.0147439156 0.644342477 0.764594918
v -0.0551354146 -0.0981297502 -1.29517948
vt 0.0943000019 0.902499974
vn 0.0147439156 0.644342477 0.764594918
v -0.0385568774 -0.113247406 -1.28275915
vt 0.113300003 0.91170001
vn 0.0147439156 0.644342477 0.764594918
v -0.0385567825 -0.0981330564 -1.29518327
vt 0.0943000019 0.91170001
vn 0.000303404489 0.635006611 0.772506642
v -0.0551340314 -0.0981298035 -1.40400491
vt 0.506900012 0.977800012
vn 0.00511402085 0.0672516426 -0.997722939
v -0.0385553995 -0.0981331097 -1.40382107
vt 0.500699997 0.977800012
vn 0.0110729157 0.0737469386 -0.997215513
v -0.0385639931 -0.113258409 -1.40493972
vt 0.500699997 0.966499984
vn 0.00511402085 0.0672516426 -0.997722939
v -0.0551340314 -0.0981298035 -1.40400491
vt 0.506900012 0.977800012
vn 0.00511402085 0.0672516426 -0.997722939
v -0.0385639931 -0.113258409 -1.40493972
vt 0.500699997 0.966499984
vn 0.00511402085 0.0672516426 -0.997722939
v -0.055134072 -0.113260027 -1.40492568
vt 0.506900012 0.966499984
vn -0.000852012477 0.0607437494 -0.99815303
v -0.0551357441 -0.0984692133 -1.18903339
vt 0.192300007 0.902499974
vn 0.00439369839 0.770634864 -0.6372618
v -0.0385571122 -0.0984692338 -1.18890462
vt 0.192300007 0.91170001
vn 0.00494820921 0.770886289 -0.636953565
v -0.0385603271 -0.113251201 -1.20679483
vt 0.171299994 0.91170001
vn 0.00439369839 0.770634864 -0.6372618
v -0.0551357441 -0.0984692133 -1.18903339
vt 0.192300007 0.902499974
vn 0.00439369839 0.770634864 -0.6372618
v -0.0385603271 -0.113251201 -1.20679483
vt 0.171299994 0.91170001
vn 0.00439369839 0.770634864 -0.6372618
v -0.0551357479 -0.113250614 -1.20689391
vt 0.171299994 0.902499974
vn 0.00383851998 0.770382778 -0.637570107
v -0.0551354146 -0.0981297502 -1.29517948
vt 0.614400029 0.985800028
vn -1 -3.86080197e-07 -1.2180471e-05
v -0.0551340314 -0.0981298035 -1.40400491
vt 0.516799986 0.985800028
vn -1 3.45666961e-06 -1.27102558e-05
v -0.055134072 -0.113260027 -1.40492568
vt 0.516799986 0.970899999
vn -1 -3.86080197e-07 -1.2180471e-05
v -0.0551354146 -0.0981297502 -1.29517948
vt 0.614400029 0.985800028
vn -1 -3.86080197e-07 -1.2180471e-05
v -0.055134072 -0.113260027 -1.40492568
vt 0.516799986 0.970899999
vn -1 -3.86080197e-07 -1.2180471e-05
v -0.0551355103 -0.113269826 -1.28210746
vt 0.624199986 0.969600022
vn -1 -3.78904082e-06 -1.17113182e-05
v -0.0385590164 -0.0985539808 -0.905451842
vt 0.409700006 0.91170001
vn 7.11677954e-08 0.999999955 0.000298913458
v -0.0385571122 -0.0984692338 -1.18890462
vt 0.192300007 0.91170001
vn -1.08438436e-06 0.999999955 0.000298981006
v -0.0551357441 -0.0984692133 -1.18903339
vt 0.192300007 0.902499974
vn 7.11677954e-08 0.999999955 0.000298913458
v -0.0385590164 -0.0985539808 -0.905451842
vt 0.409700006 0.91170001
vn 7.11677954e-08 0.999999955 0.000298913458
v -0.0551357441 -0.0984692133 -1.18903339
vt 0.192300007 0.902499974
vn 7.11677954e-08 0.999999955 0.000298913458
v -0.055137656 -0.0985539602 -0.905452638
vt 0.409700006 0.902499974
vn 1.22619802e-06 0.999999955 0.000298845941
v -0.0385567825 -0.0981330564 -1.29518327
vt 0.0943000019 0.91170001
vn 0.000199430525 0.99999998 -4.88071551e-07
v -0.0385553995 -0.0981331097 -1.40382107
vt 0.0109000001 0.91170001
vn 0.000199431289 0.99999998 -4.88187928e-07
v -0.0551340314 -0.0981298035 -1.40400491
vt 0.0109000001 0.902499974
vn 0.000199430525 0.99999998 -4.88071551e-07
v -0.0385567825 -0.0981330564 -1.29518327
vt 0.0943000019 0.91170001
vn 0.000199430525 0.99999998 -4.88071551e-07
v -0.0551340314 -0.0981298035 -1.40400491
vt 0.0109000001 0.902499974
vn 0.000199430525 0.99999998 -4.88071551e-07
v -0.0551354146 -0.0981297502 -1.29517948
vt 0.0943000019 0.902499974
vn 0.000199429762 0.99999998 -4.87955374e-07
v -0.0344391377 -0.196059928 -0.883788198
vt 0.793858886 0.852164388
vn -0.023350713 -0.999681712 -0.00955081963
v -0.0344369004 -0.193687581 -1.15823394
vt 0.672326863 0.852402687
vn -0.0195361393 -0.999771799 -0.00864232459
v 0.0309528098 -0.194965229 -1.15824626
vt 0.671759725 0.833030164
vn -0.023350713 -0.999681712 -0.00955081963
v -0.0344391377 -0.196059928 -0.883788198
vt 0.793858886 0.852164388
vn -0.023350713 -0.999681712 -0.00955081963
v 0.0309528098 -0.194965229 -1.15824626
vt 0.671759725 0.833030164
vn -0.023350713 -0.999681712 -0.00955081963
v 0.0309519748 -0.197841637 -0.8832987
vt 0.793849885 0.83290863
vn -0.0271571409 -0.999576477 -0.0104573134
v 0.0309536761 -0.147249275 -1.40493926
vt 0.469999999 0.945299983
vn 1.48364406e-05 1.00558668e-05 -1
v -0.0385288533 -0.147249145 -1.40494043
vt 0.495799989 0.945299983
vn 1.67179193e-05 1.4698236e-05 -1
v -0.00733283729 -0.131732358 -1.40493968
vt 0.485900015 0.958400011
vn 1.43890691e-05 1.43669825e-05 -1
v 0.0309536761 -0.147249275 -1.40493926
vt 0.469999999 0.945299983
vn 1.48364406e-05 1.00558668e-05 -1
v -0.00733283729 -0.131732358 -1.40493968
vt 0.485900015 0.958400011
vn 1.43890691e-05 1.43669825e-05 -1
v 0.0309537245 -0.13469059 -1.40493927
vt 0.469999999 0.955799997
vn 1.0617653e-05 -3.53589936e-07 -1
v -0.0385288533 -0.147249145 -1.40494043
vt 0.495799989 0.945299983
vn 1.37316753e-05 2.07019863e-05 -1
v -0.0385639931 -0.113258409 -1.40493972
vt 0.500699997 0.966499984
vn 1.37316753e-05 2.07019863e-05 -1
v -0.00733283729 -0.131732358 -1.40493968
vt 0.485900015 0.958400011
vn 1.43890691e-05 1.43669825e-05 -1
v -0.0394916013 -0.180000525 -1.1808104
vt 0.662800014 0.855599999
vn -0.677865854 -0.734732759 -0.0258003203
v -0.0551341526 -0.157077459 -1.43892403
vt 0.548500001 0.860499978
vn -0.666658883 -0.744917879 -0.0257543756
v -0.0344355442 -0.175601543 -1.43892364
vt 0.549823403 0.852789879
vn -0.677865854 -0.734732759 -0.0258003203
v -0.0394916013 -0.180000525 -1.1808104
vt 0.662800014 0.855599999
vn -0.677865854 -0.734732759 -0.0258003203
v -0.0344355442 -0.175601543 -1.43892364
vt 0.549823403 0.852789879
vn -0.677865854 -0.734732759 -0.0258003203
v -0.0200340804 -0.198524578 -1.18081037
vt 0.662219405 0.848605216
vn -0.689289818 -0.724024695 -0.0258416031
v 0.0309537254 -0.17560164 -1.4389232
vt 0.47027573 0.91359514
vn 4.31075889e-06 0.371730814 -0.928340563
v -0.0344355442 -0.175601543 -1.43892364
vt 0.495091647 0.925992727
vn 6.81085628e-06 0.371736096 -0.928338449
v -0.0385245105 -0.1472579 -1.42757398
vt 0.500800014 0.934300005
vn 4.31075889e-06 0.371730814 -0.928340563
v 0.0309537254 -0.17560164 -1.4389232
vt 0.47027573 0.91359514
vn 4.31075889e-06 0.371730814 -0.928340563
v -0.0385245105 -0.1472579 -1.42757398
vt 0.500800014 0.934300005
vn 4.31075889e-06 0.371730814 -0.928340563
v 0.0309537439 -0.147258045 -1.42757389
vt 0.469999999 0.934599996
vn 1.95778517e-06 0.371725843 -0.928342554
v -0.0385288533 -0.147249145 -1.40494043
vt 0.495799989 0.945299983
vn 1.97419718e-06 0.999999925 -0.000387134337
v 0.0309536761 -0.147249275 -1.40493926
vt 0.469999999 0.945299983
vn 1.86992275e-06 0.999999925 -0.00038745445
v 0.0309537439 -0.147258045 -1.42757389
vt 0.469999999 0.934599996
vn 1.97419718e-06 0.999999925 -0.000387134337
v -0.0385288533 -0.147249145 -1.40494043
vt 0.495799989 0.945299983
vn 1.97419718e-06 0.999999925 -0.000387134337
v 0.0309537439 -0.147258045 -1.42757389
vt 0.469999999 0.934599996
vn 1.97419718e-06 0.999999925 -0.000387134337
v -0.0385245105 -0.1472579 -1.42757398
vt 0.500800014 0.934300005
vn 2.07848297e-06 0.999999925 -0.00038681419
v -0.0394916013 -0.180000525 -1.1808104
vt 0.662800014 0.855599999
vn -0.664218656 -0.695848029 -0.273146661
v -0.0200340804 -0.198524578 -1.18081037
vt 0.662219405 0.848605216
vn -0.66316535 -0.696584178 -0.273828781
v -0.0344369004 -0.193687581 -1.15823394
vt 0.672326863 0.852402687
vn -0.664218656 -0.695848029 -0.273146661
v -0.0394916013 -0.180000525 -1.1808104
vt 0.662800014 0.855599999
vn -0.664218656 -0.695848029 -0.273146661
v -0.0344369004 -0.193687581 -1.15823394
vt 0.672326863 0.852402687
vn -0.664218656 -0.695848029 -0.273146661
v -0.0551350533 -0.173885961 -1.15822182
vt 0.673300028 0.860499978
vn -0.665205389 -0.695156175 -0.2725063
v 0.0309521999 -0.134814097 -0.896292593
vt 0.445100009 0.95389998
vn -0.00522226423 0.201913068 0.979389525
v -0.00733649962 -0.131910635 -0.897095339
vt 0.42930001 0.951300025
vn -0.00302427103 0.203138427 0.979145359
v 0.0309519748 -0.197841637 -0.8832987
vt 0.438971907 0.987249434
vn -0.00302427103 0.203138427 0.979145359
v -0.00733649962 -0.131910635 -0.897095339
vt 0.42930001 0.951300025
vn -0.00302427103 0.203138427 0.979145359
v -0.0344391377 -0.196059928 -0.883788198
vt 0.438562393 0.987255454
vn -0.00177465139 0.203834494 0.979003754
v 0.0309519748 -0.197841637 -0.8832987
vt 0.438971907 0.987249434
vn -0.00302427103 0.203138427 0.979145359
v -0.0385288533 -0.147249145 -1.40494043
vt 0.495799989 0.945299983
vn 0.999999447 0.0010338018 0.000191473451
v -0.0385245105 -0.1472579 -1.42757398
vt 0.500800014 0.934300005
vn 0.999999447 0.0010338018 0.000191473451
v -0.0385639931 -0.113258409 -1.40493972
vt 0.500699997 0.966499984
vn 0.999999447 0.0010338018 0.000191473451
v -0.0385245105 -0.1472579 -1.42757398
vt 0.500800014 0.934300005
vn 0.101521953 0.585426506 -0.804343893
v -0.0551341526 -0.157077459 -1.43892403
vt 0.506900012 0.924300015
vn 0.174739781 0.603588641 -0.777911795
v -0.055134072 -0.113260027 -1.40492568
vt 0.506900012 0.966499984
vn 0.101521953 0.585426506 -0.804343893
v -0.0385245105 -0.1472579 -1.42757398
vt 0.500800014 0.934300005
vn 0.101521953 0.585426506 -0.804343893
v -0.055134072 -0.113260027 -1.40492568
vt 0.506900012 0.966499984
vn 0.101521953 0.585426506 -0.804343893
v -0.0385639931 -0.113258409 -1.40493972
vt 0.500699997 0.966499984
vn -0.000759719998 0.554155652 -0.83241272
v 0.0309521999 -0.134814097 -0.896292593
vt 0.397899985 0.923699975
vn 0.0763217499 0.997083197 0.000296411545
v 0.0309537245 -0.13469059 -1.40493927
vt 0.0115999999 0.923699975
vn 0.0770359157 0.997028289 0.000242324772
v -0.00733283729 -0.131732358 -1.40493968
vt 0.0115999999 0.944999993
vn 0.0763217499 0.997083197 0.000296411545
v 0.0309521999 -0.134814097 -0.896292593
vt 0.397899985 0.923699975
vn 0.0763217499 0.997083197 0.000296411545
v -0.00733283729 -0.131732358 -1.40493968
vt 0.0115999999 0.944999993
vn 0.0763217499 0.997083197 0.000296411545
v -0.00733649962 -0.131910635 -0.897095339
vt 0.397899985 0.944999993
vn 0.0756063778 0.99713768 0.000350586526
v -0.0385633712 -0.113655734 -0.900267067
vt 0.397899985 0.971099973
vn 0.504592974 0.863356601 0.00114440535
v -0.00733649962 -0.131910635 -0.897095339
vt 0.397899985 0.944999993
vn 0.508439883 0.861097265 0.000620435626
v -0.0385603271 -0.113251201 -1.20679483
vt 0.163200006 0.971099973
vn 0.508540931 0.861037626 0.000573117588
v -0.0385603271 -0.113251201 -1.20679483
vt 0.163200006 0.971099973
vn 0.508540931 0.861037626 0.000573117588
v -0.00733649962 -0.131910635 -0.897095339
vt 0.397899985 0.944999993
vn 0.508439883 0.861097265 0.000620435626
v -0.00733283729 -0.131732358 -1.40493968
vt 0.0115999999 0.944999993
vn 0.510345239 0.859969589 0.000208387084
v -0.0385603271 -0.113251201 -1.20679483
vt 0.163200006 0.971099973
vn 0.508540931 0.861037626 0.000573117588
v -0.00733283729 -0.131732358 -1.40493968
vt 0.0115999999 0.944999993
vn 0.510345239 0.859969589 0.000208387084
v -0.0385568774 -0.113247406 -1.28275915
vt 0.104900002 0.971099973
vn 0.509313475 0.860581073 -4.07276032e-05
v -0.00733283729 -0.131732358 -1.40493968
vt 0.0115999999 0.944999993
vn 0.510345239 0.859969589 0.000208387084
v -0.0385639931 -0.113258409 -1.40493972
vt 0.0115999999 0.971099973
vn 0.509120952 0.860694978 -0.000107161155
v -0.0385568774 -0.113247406 -1.28275915
vt 0.104900002 0.971099973
vn 0.509313475 0.860581073 -4.07276032e-05
v -0.0385633712 -0.113655734 -0.900267067
vt 0.416700006 0.936200023
vn -0.0605916781 0.264035676 0.962607818
v -0.055137656 -0.0985539602 -0.905452638
vt 0.409500003 0.923699975
vn -0.0605916781 0.264035676 0.962607818
v -0.0551369543 -0.175754247 -0.884277168
vt 0.409500003 0.986999989
vn -0.0605916781 0.264035676 0.962607818
v -0.0551355103 -0.113269826 -1.28210746
vt 0.113300003 0.902499974
vn -0.000660249204 0.999999777 -0.000101992324
v -0.0551357479 -0.113250614 -1.20689391
vt 0.171299994 0.902499974
vn 3.69271194e-05 0.999999967 -0.000255430454
v -0.0385603271 -0.113251201 -1.20679483
vt 0.171299994 0.91170001
vn -0.000660249204 0.999999777 -0.000101992324
v -0.0551355103 -0.113269826 -1.28210746
vt 0.113300003 0.902499974
vn -0.000660249204 0.999999777 -0.000101992324
v -0.0385603271 -0.113251201 -1.20679483
vt 0.171299994 0.91170001
vn -0.000660249204 0.999999777 -0.000101992324
v -0.0385568774 -0.113247406 -1.28275915
vt 0.113300003 0.91170001
vn -0.00135040167 0.999999087 4.99000829e-05
v -0.0551357479 -0.113250614 -1.20689391
vt 0.681900024 0.968699992
vn -0.943693159 -0.20709419 -0.257982982
v -0.0394916013 -0.180000525 -1.1808104
vt 0.700900018 0.896300018
vn -0.807864681 -0.368937568 -0.459608233
v -0.0551350533 -0.173885961 -1.15822182
vt 0.719500005 0.903699994
vn -0.943693159 -0.20709419 -0.257982982
v -0.0551357479 -0.113250614 -1.20689391
vt 0.681900024 0.968699992
vn -0.943693159 -0.20709419 -0.257982982
v -0.0551350533 -0.173885961 -1.15822182
vt 0.719500005 0.903699994
vn -0.943693159 -0.20709419 -0.257982982
v -0.0551357441 -0.0984692133 -1.18903339
vt 0.695200026 0.985800028
vn -1 -6.78000833e-06 5.82337733e-06
v -0.0394916013 -0.180000525 -1.1808104
vt 0.700900018 0.896300018
vn -0.97362228 -0.228165845 5.52050986e-05
v -0.0551357479 -0.113250614 -1.20689391
vt 0.681900024 0.968699992
vn -0.97362228 -0.228165845 5.52050986e-05
v -0.0551355103 -0.113269826 -1.28210746
vt 0.624199986 0.969600022
vn -0.97362228 -0.228165845 5.52050986e-05
v -0.0551355103 -0.113269826 -1.28210746
vt 0.624199986 0.969600022
vn -0.99220735 -0.120005328 0.0335156056
v -0.055134072 -0.113260027 -1.40492568
vt 0.516799986 0.970899999
vn -1 1.09268968e-05 -1.17101441e-05
v -0.0551341526 -0.157077459 -1.43892403
vt 0.516799986 0.924399972
vn -0.99220735 -0.120005328 0.0335156056
v -0.0551355103 -0.113269826 -1.28210746
vt 0.624199986 0.969600022
vn -0.99220735 -0.120005328 0.0335156056
v -0.0551341526 -0.157077459 -1.43892403
vt 0.516799986 0.924399972
vn -0.99220735 -0.120005328 0.0335156056
v -0.0394916013 -0.180000525 -1.1808104
vt 0.700900018 0.896300018
vn -0.985703444 -0.162278671 0.0453249696
v -0.055137656 -0.0985539602 -0.905452638
vt 0.921199977 0.985800028
vn -1 -1.14667525e-05 -6.87905867e-06
v -0.0551357441 -0.0984692133 -1.18903339
vt 0.695200026 0.985800028
vn -1 -1.19150182e-05 -6.74546348e-06
v -0.0551350533 -0.173885961 -1.15822182
vt 0.719500005 0.903699994
vn -1 -1.14667525e-05 -6.87905867e-06
v -0.055137656 -0.0985539602 -0.905452638
vt 0.921199977 0.985800028
vn -1 -1.14667525e-05 -6.87905867e-06
v -0.0551350533 -0.173885961 -1.15822182
vt 0.719500005 0.903699994
vn -1 -1.14667525e-05 -6.87905867e-06
v -0.0551369543 -0.175754247 -0.884277168
vt 0.921199977 0.903299987
vn -1 -1.10126453e-05 -7.01439482e-06
v -0.00733649962 -0.131910635 -0.897095339
vt 0.42930001 0.951300025
vn 0.0410868861 0.238850046 0.97018685
v -0.0385633712 -0.113655734 -0.900267067
vt 0.416700006 0.936200023
vn 0.0410868861 0.238850046 0.97018685
v -0.0551369543 -0.175754247 -0.884277168
vt 0.409500003 0.986999989
vn 0.0410868861 0.238850046 0.97018685
v -0.0385633712 -0.113655734 -0.900267067
vt 0.416700006 0.936200023
vn -4.50105699e-05 0.324718313 0.945810771
v -0.0385590164 -0.0985539808 -0.905451842
vt 0.416900009 0.923699975
vn -4.50105699e-05 0.324718313 0.945810771
v -0.055137656 -0.0985539602 -0.905452638
vt 0.409500003 0.923699975
vn -4.50105699e-05 0.324718313 0.945810771
v 0.100463872 -0.0981333378 -1.29518309
vt 0.0953999981 0.987699986
vn -0.999999958 -0.000289375238 -3.0733624e-05
v 0.100463117 -0.0981333911 -1.40382089
vt 0.0115999999 0.987900019
vn -0.999999842 -0.000562848373 6.95325697e-06
v 0.100471622 -0.11325869 -1.40493955
vt 0.0115999999 0.971099973
vn -0.999999958 -0.000289375238 -3.0733624e-05
v 0.100463872 -0.0981333378 -1.29518309
vt 0.0953999981 0.987699986
vn -0.999999958 -0.000289375238 -3.0733624e-05
v 0.100471622 -0.11325869 -1.40493955
vt 0.0115999999 0.971099973
vn -0.999999958 -0.000289375238 -3.0733624e-05
v 0.10046377 -0.11324768 -1.28275898
vt 0.104900002 0.971099973
vn -0.999999997 -4.60561798e-05 -6.42650169e-05
v 0.100463535 -0.0984695151 -1.18890444
vt 0.177000001 0.987200022
vn -0.999999969 -0.000248777239 2.2416006e-06
v 0.100466742 -0.113251475 -1.20679465
vt 0.163200006 0.971099973
vn -0.999999975 -0.00022143769 3.68005324e-06
v 0.10046796 -0.113656008 -0.900266592
vt 0.397899985 0.971099973
vn -0.999999969 -0.000248777239 2.2416006e-06
v 0.100463535 -0.0984695151 -1.18890444
vt 0.177000001 0.987200022
vn -0.999999969 -0.000248777239 2.2416006e-06
v 0.10046796 -0.113656008 -0.900266592
vt 0.397899985 0.971099973
vn -0.999999969 -0.000248777239 2.2416006e-06
v 0.100463762 -0.0985542622 -0.905451426
vt 0.397899985 0.986800015
vn -0.999999961 -0.00027776556 7.16398908e-07
v 0.10046377 -0.11324768 -1.28275898
vt 0.113300003 0.91170001
vn -0.0147435462 0.644342684 0.764594751
v 0.117042401 -0.113270163 -1.28210724
vt 0.113300003 0.902499974
vn -0.0288572658 0.65324752 0.756594301
v 0.117042497 -0.0981300875 -1.29517926
vt 0.0943000019 0.902499974
vn -0.0147435462 0.644342684 0.764594751
v 0.10046377 -0.11324768 -1.28275898
vt 0.113300003 0.91170001
vn -0.0147435462 0.644342684 0.764594751
v 0.117042497 -0.0981300875 -1.29517926
vt 0.0943000019 0.902499974
vn -0.0147435462 0.644342684 0.764594751
v 0.100463872 -0.0981333378 -1.29518309
vt 0.0943000019 0.91170001
vn -0.00030323107 0.635006801 0.772506486
v 0.117041742 -0.0981301409 -1.40400469
vt 0.506900012 0.977800012
vn -0.00511126191 0.0672516886 -0.99772295
v 0.117041701 -0.113260357 -1.40492546
vt 0.506900012 0.966499984
vn 0.000854739491 0.0607437745 -0.998153026
v 0.100471622 -0.11325869 -1.40493955
vt 0.500699997 0.966499984
vn -0.00511126191 0.0672516886 -0.99772295
v 0.117041742 -0.0981301409 -1.40400469
vt 0.506900012 0.977800012
vn -0.00511126191 0.0672516886 -0.99772295
v 0.100471622 -0.11325869 -1.40493955
vt 0.500699997 0.966499984
vn -0.00511126191 0.0672516886 -0.99772295
v 0.100463117 -0.0981333911 -1.40382089
vt 0.500699997 0.977800012
vn -0.0110701248 0.0737470051 -0.997215539
v 0.117042167 -0.0984695507 -1.18903317
vt 0.192300007 0.902499974
vn -0.00438666465 0.770633767 -0.637263176
v 0.117042163 -0.113250966 -1.20689358
vt 0.171299994 0.902499974
vn -0.00382868086 0.770380402 -0.637573037
v 0.100466742 -0.113251475 -1.20679465
vt 0.171299994 0.91170001
vn -0.00438666465 0.770633767 -0.637263176
v 0.117042167 -0.0984695507 -1.18903317
vt 0.192300007 0.902499974
vn -0.00438666465 0.770633767 -0.637263176
v 0.100466742 -0.113251475 -1.20679465
vt 0.171299994 0.91170001
vn -0.00438666465 0.770633767 -0.637263176
v 0.100463535 -0.0984695151 -1.18890444
vt 0.192300007 0.91170001
vn -0.0049439756 0.770886464 -0.636953387
v 0.117041701 -0.113260357 -1.40492546
vt 0.516799986 0.970899999
vn 1 -7.02519889e-06 -6.28195689e-06
v 0.117041742 -0.0981301409 -1.40400469
vt 0.516799986 0.985800028
vn 1 -2.26090506e-06 -6.93879102e-06
v 0.117042497 -0.0981300875 -1.29517926
vt 0.614400029 0.985800028
vn 1 -7.02519889e-06 -6.28195689e-06
v 0.117041701 -0.113260357 -1.40492546
vt 0.516799986 0.970899999
vn 1 -7.02519889e-06 -6.28195689e-06
v 0.117042497 -0.0981300875 -1.29517926
vt 0.614400029 0.985800028
vn 1 -7.02519889e-06 -6.28195689e-06
v 0.117042401 -0.113270163 -1.28210724
vt 0.624199986 0.969600022
vn 1 -1.12442342e-05 -5.70029537e-06
v 0.100463762 -0.0985542622 -0.905451426
vt 0.409700006 0.91170001
vn 3.08379515e-06 0.999999955 0.000298900101
v 0.117042401 -0.0985542902 -0.905452239
vt 0.409700006 0.902499974
vn 1.70464914e-06 0.999999955 0.000298819475
v 0.117042167 -0.0984695507 -1.18903317
vt 0.192300007 0.902499974
vn 3.08379515e-06 0.999999955 0.000298900101
v 0.100463762 -0.0985542622 -0.905451426
vt 0.409700006 0.91170001
vn 3.08379515e-06 0.999999955 0.000298900101
v 0.117042167 -0.0984695507 -1.18903317
vt 0.192300007 0.902499974
vn 3.08379515e-06 0.999999955 0.000298900101
v 0.100463535 -0.0984695151 -1.18890444
vt 0.192300007 0.91170001
vn 4.46356411e-06 0.999999955 0.000298980764
v 0.100463872 -0.0981333378 -1.29518309
vt 0.0943000019 0.91170001
vn -0.000196050671 0.999999981 -4.89231028e-07
v 0.117042497 -0.0981300875 -1.29517926
vt 0.0943000019 0.902499974
vn -0.000196049904 0.999999981 -4.89114282e-07
v 0.117041742 -0.0981301409 -1.40400469
vt 0.0109000001 0.902499974
vn -0.000196050671 0.999999981 -4.89231028e-07
v 0.100463872 -0.0981333378 -1.29518309
vt 0.0943000019 0.91170001
vn -0.000196050671 0.999999981 -4.89231028e-07
v 0.117041742 -0.0981301409 -1.40400469
vt 0.0109000001 0.902499974
vn -0.000196050671 0.999999981 -4.89231028e-07
v 0.100463117 -0.0981333911 -1.40382089
vt 0.0109000001 0.91170001
vn -0.000196051438 0.999999981 -4.89347974e-07
v 0.117040957 -0.175754591 -0.88427671
vt 0.79369998 0.860499978
vn 0.695784746 -0.718228892 -0.00555396326
v 0.0963422278 -0.196060136 -0.883787733
vt 0.793893397 0.852163672
vn 0.700206613 -0.713913597 -0.00617052968
v 0.0963425056 -0.193687759 -1.15823378
vt 0.672084451 0.852376759
vn 0.695784746 -0.718228892 -0.00555396326
v 0.117040957 -0.175754591 -0.88427671
vt 0.79369998 0.860499978
vn 0.695784746 -0.718228892 -0.00555396326
v 0.0963425056 -0.193687759 -1.15823378
vt 0.672084451 0.852376759
vn 0.695784746 -0.718228892 -0.00555396326
v 0.117040712 -0.173886306 -1.1582216
vt 0.673300028 0.860499978
vn 0.691273529 -0.722576375 -0.00492853923
v 0.0692403179 -0.131732516 -1.40493958
vt 0.485900015 0.958400011
vn -1.1835336e-05 1.43670902e-05 -1
v 0.100436213 -0.147249419 -1.40494025
vt 0.495799989 0.945299983
vn -1.41641842e-05 1.46983663e-05 -1
v 0.0309536761 -0.147249275 -1.40493926
vt 0.469999999 0.945299983
vn -1.2282723e-05 1.00559773e-05 -1
v 0.0692403179 -0.131732516 -1.40493958
vt 0.485900015 0.958400011
vn -1.1835336e-05 1.43670902e-05 -1
v 0.0309536761 -0.147249275 -1.40493926
vt 0.469999999 0.945299983
vn -1.2282723e-05 1.00559773e-05 -1
v 0.0309537245 -0.13469059 -1.40493927
vt 0.469999999 0.955799997
vn -8.06397672e-06 -3.53517937e-07 -1
v 0.100436213 -0.147249419 -1.40494025
vt 0.495799989 0.945299983
vn -1.11779196e-05 2.07020898e-05 -1
v 0.0692403179 -0.131732516 -1.40493958
vt 0.485900015 0.958400011
vn -1.1835336e-05 1.43670902e-05 -1
v 0.100471622 -0.11325869 -1.40493955
vt 0.500699997 0.966499984
vn -1.11779196e-05 2.07020898e-05 -1
v 0.0963438617 -0.175601721 -1.43892347
vt 0.549800098 0.852797389
vn -1.07448752e-06 -0.996079559 -0.0884619282
v 0.0819398324 -0.198524733 -1.18081024
vt 0.662401021 0.848728597
vn -3.83993785e-07 -0.996079574 -0.0884617546
v 0.0309528637 -0.198524707 -1.18081031
vt 0.662091315 0.833319485
vn -1.07448752e-06 -0.996079559 -0.0884619282
v 0.0963438617 -0.175601721 -1.43892347
vt 0.549800098 0.852797389
vn -1.07448752e-06 -0.996079559 -0.0884619282
v 0.0309528637 -0.198524707 -1.18081031
vt 0.662091315 0.833319485
vn -1.07448752e-06 -0.996079559 -0.0884619282
v 0.0309537254 -0.17560164 -1.4389232
vt 0.549898922 0.833301604
vn -1.61289028e-06 -0.996079547 -0.0884620635
v 0.100432002 -0.147258174 -1.4275738
vt 0.500800014 0.934300005
vn -6.94724726e-07 0.371731279 -0.928340378
v 0.0963438617 -0.175601721 -1.43892347
vt 0.499503016 0.916451156
vn -3.42834831e-06 0.371737053 -0.928338065
v 0.0309537254 -0.17560164 -1.4389232
vt 0.47027573 0.91359514
vn -6.94724726e-07 0.371731279 -0.928340378
v 0.100432002 -0.147258174 -1.4275738
vt 0.500800014 0.934300005
vn -6.94724726e-07 0.371731279 -0.928340378
v 0.0309537254 -0.17560164 -1.4389232
vt 0.47027573 0.91359514
vn -6.94724726e-07 0.371731279 -0.928340378
v 0.0309537439 -0.147258045 -1.42757389
vt 0.469999999 0.934599996
vn 1.87806017e-06 0.371725843 -0.928342554
v 0.100436213 -0.147249419 -1.40494025
vt 0.495799989 0.945299983
vn 1.96822461e-06 0.999999925 -0.00038713456
v 0.100432002 -0.147258174 -1.4275738
vt 0.500800014 0.934300005
vn 1.86401061e-06 0.999999925 -0.000386814636
v 0.0309537439 -0.147258045 -1.42757389
vt 0.469999999 0.934599996
vn 1.96822461e-06 0.999999925 -0.00038713456
v 0.100436213 -0.147249419 -1.40494025
vt 0.495799989 0.945299983
vn 1.96822461e-06 0.999999925 -0.00038713456
v 0.0309537439 -0.147258045 -1.42757389
vt 0.469999999 0.934599996
vn 1.96822461e-06 0.999999925 -0.00038713456
v 0.0309536761 -0.147249275 -1.40493926
vt 0.469999999 0.945299983
vn 2.07242724e-06 0.999999925 -0.000387454449
v 0.0309528098 -0.194965229 -1.15824626
vt 0.671759725 0.833030164
vn 0.0107784493 -0.983692589 0.179534719
v 0.0309528637 -0.198524707 -1.18081031
vt 0.662091315 0.833319485
vn -6.9176756e-07 -0.987784983 0.155823064
v 0.0819398324 -0.198524733 -1.18081024
vt 0.662401021 0.848728597
vn 0.0107784493 -0.983692589 0.179534719
v 0.0309528098 -0.194965229 -1.15824626
vt 0.671759725 0.833030164
vn 0.0107784493 -0.983692589 0.179534719
v 0.0819398324 -0.198524733 -1.18081024
vt 0.662401021 0.848728597
vn 0.0107784493 -0.983692589 0.179534719
v 0.0963425056 -0.193687759 -1.15823378
vt 0.672084451 0.852376759
vn 0.0191089304 -0.98005903 0.197785607
v 0.0309521999 -0.134814097 -0.896292593
vt 0.445100009 0.95389998
vn 0.00522059189 0.201913034 0.97938954
v 0.0309519748 -0.197841637 -0.8832987
vt 0.438971907 0.987249434
vn 0.00301961735 0.203140072 0.979145032
v 0.0692409322 -0.131910793 -0.897095241
vt 0.42930001 0.951300025
vn 0.00301961735 0.203140072 0.979145032
v 0.0692409322 -0.131910793 -0.897095241
vt 0.42930001 0.951300025
vn 0.00301961735 0.203140072 0.979145032
v 0.0309519748 -0.197841637 -0.8832987
vt 0.438971907 0.987249434
vn 0.00301961735 0.203140072 0.979145032
v 0.0963422278 -0.196060136 -0.883787733
vt 0.409686029 0.987095773
vn 0.00176828539 0.203837101 0.979003222
v 0.100436213 -0.147249419 -1.40494025
vt 0.495799989 0.945299983
vn -0.99999944 0.00104174103 0.00018562549
v 0.100471622 -0.11325869 -1.40493955
vt 0.500699997 0.966499984
vn -0.99999944 0.00104174103 0.00018562549
v 0.100432002 -0.147258174 -1.4275738
vt 0.500800014 0.934300005
vn -0.99999944 0.00104174103 0.00018562549
v 0.117041701 -0.113260357 -1.40492546
vt 0.506900012 0.966499984
vn -0.101517567 0.585426914 -0.80434415
v 0.11704162 -0.157077819 -1.43892381
vt 0.506900012 0.924300015
vn -0.174734914 0.603589316 -0.777912365
v 0.100432002 -0.147258174 -1.4275738
vt 0.500800014 0.934300005
vn -0.101517567 0.585426914 -0.80434415
v 0.117041701 -0.113260357 -1.40492546
vt 0.506900012 0.966499984
vn -0.101517567 0.585426914 -0.80434415
v 0.100432002 -0.147258174 -1.4275738
vt 0.500800014 0.934300005
vn -0.101517567 0.585426914 -0.80434415
v 0.100471622 -0.11325869 -1.40493955
vt 0.500699997 0.966499984
vn 0.000763470031 0.554155732 -0.832412663
v 0.0309521999 -0.134814097 -0.896292593
vt 0.397899985 0.923699975
vn -0.0763176155 0.997083514 0.000295953839
v 0.0692409322 -0.131910793 -0.897095241
vt 0.397899985 0.944999993
vn -0.0756022471 0.997137993 0.000350132855
v 0.0692403179 -0.131732516 -1.40493958
vt 0.0115999999 0.944999993
vn -0.0763176155 0.997083514 0.000295953839
v 0.0309521999 -0.134814097 -0.896292593
vt 0.397899985 0.923699975
vn -0.0763176155 0.997083514 0.000295953839
v 0.0692403179 -0.131732516 -1.40493958
vt 0.0115999999 0.944999993
vn -0.0763176155 0.997083514 0.000295953839
v 0.0309537245 -0.13469059 -1.40493927
vt 0.0115999999 0.923699975
vn -0.0770317777 0.997028609 0.000241863043
v 0.10046796 -0.113656008 -0.900266592
vt 0.397899985 0.971099973
vn -0.504588932 0.863358967 0.00114140066
v 0.100466742 -0.113251475 -1.20679465
vt 0.163200006 0.971099973
vn -0.508536944 0.861039982 0.000570062089
v 0.0692409322 -0.131910793 -0.897095241
vt 0.397899985 0.944999993
vn -0.508435949 0.861099591 0.000617393729
v 0.100466742 -0.113251475 -1.20679465
vt 0.163200006 0.971099973
vn -0.508536944 0.861039982 0.000570062089
v 0.0692403179 -0.131732516 -1.40493958
vt 0.0115999999 0.944999993
vn -0.51034122 0.859971974 0.000205297788
v 0.0692409322 -0.131910793 -0.897095241
vt 0.397899985 0.944999993
vn -0.508435949 0.861099591 0.000617393729
v 0.100466742 -0.113251475 -1.20679465
vt 0.163200006 0.971099973
vn -0.508536944 0.861039982 0.000570062089
v 0.10046377 -0.11324768 -1.28275898
vt 0.104900002 0.971099973
vn -0.509309069 0.86058368 -4.38799183e-05
v 0.0692403179 -0.131732516 -1.40493958
vt 0.0115999999 0.944999993
vn -0.51034122 0.859971974 0.000205297788
v 0.0692403179 -0.131732516 -1.40493958
vt 0.0115999999 0.944999993
vn -0.51034122 0.859971974 0.000205297788
v 0.10046377 -0.11324768 -1.28275898
vt 0.104900002 0.971099973
vn -0.509309069 0.86058368 -4.38799183e-05
v 0.100471622 -0.11325869 -1.40493955
vt 0.0115999999 0.971099973
vn -0.509116629 0.860697535 -0.000110283368
v 0.10046796 -0.113656008 -0.900266592
vt 0.416700006 0.936200023
vn 0.0605963457 0.264035703 0.962607516
v 0.117040957 -0.175754591 -0.88427671
vt 0.409500003 0.986999989
vn 0.0605963457 0.264035703 0.962607516
v 0.117042401 -0.0985542902 -0.905452239
vt 0.409500003 0.923699975
vn 0.0605963457 0.264035703 0.962607516
v 0.100466742 -0.113251475 -1.20679465
vt 0.171299994 0.91170001
vn 0.000664527166 0.999999774 -0.000101889562
v 0.117042163 -0.113250966 -1.20689358
vt 0.171299994 0.902499974
vn -3.21946679e-05 0.999999967 -0.00025523215
v 0.117042401 -0.113270163 -1.28210724
vt 0.113300003 0.902499974
vn 0.000664527166 0.999999774 -0.000101889562
v 0.100466742 -0.113251475 -1.20679465
vt 0.171299994 0.91170001
vn 0.000664527166 0.999999774 -0.000101889562
v 0.117042401 -0.113270163 -1.28210724
vt 0.113300003 0.902499974
vn 0.000664527166 0.999999774 -0.000101889562
v 0.10046377 -0.11324768 -1.28275898
vt 0.113300003 0.91170001
vn 0.00135423069 0.999999082 4.99084813e-05
v 0.117040712 -0.173886306 -1.1582216
vt 0.719500005 0.903699994
vn 0.943693019 -0.207101308 -0.257977778
v 0.101397368 -0.180000785 -1.18081022
vt 0.700900018 0.896300018
vn 0.807864831 -0.368943048 -0.45960357
v 0.117042163 -0.113250966 -1.20689358
vt 0.681900024 0.968699992
vn 0.943693019 -0.207101308 -0.257977778
v 0.117040712 -0.173886306 -1.1582216
vt 0.719500005 0.903699994
vn 0.943693019 -0.207101308 -0.257977778
v 0.117042163 -0.113250966 -1.20689358
vt 0.681900024 0.968699992
vn 0.943693019 -0.207101308 -0.257977778
v 0.117042167 -0.0984695507 -1.18903317
vt 0.695200026 0.985800028
vn 1 -1.44827669e-05 1.17738134e-05
v 0.101397368 -0.180000785 -1.18081022
vt 0.700900018 0.896300018
vn 0.973620637 -0.228172855 6.13124547e-05
v 0.117042401 -0.113270163 -1.28210724
vt 0.624199986 0.969600022
vn 0.973620637 -0.228172855 6.13124547e-05
v 0.117042163 -0.113250966 -1.20689358
vt 0.681900024 0.968699992
vn 0.973620637 -0.228172855 6.13124547e-05
v 0.117042401 -0.113270163 -1.28210724
vt 0.624199986 0.969600022
vn 0.9922062 -0.120013196 0.0335214715
v 0.101397368 -0.180000785 -1.18081022
vt 0.700900018 0.896300018
vn 0.985701915 -0.16228634 0.045330762
v 0.11704162 -0.157077819 -1.43892381
vt 0.516799986 0.924399972
vn 0.9922062 -0.120013196 0.0335214715
v 0.117042401 -0.113270163 -1.28210724
vt 0.624199986 0.969600022
vn 0.9922062 -0.120013196 0.0335214715
v 0.11704162 -0.157077819 -1.43892381
vt 0.516799986 0.924399972
vn 0.9922062 -0.120013196 0.0335214715
v 0.117041701 -0.113260357 -1.40492546
vt 0.516799986 0.970899999
vn 1 2.58116561e-06 -5.69919151e-06
v 0.117042401 -0.0985542902 -0.905452239
vt 0.921199977 0.985800028
vn 1 -1.93116362e-05 -9.26223853e-07
v 0.117040957 -0.175754591 -0.88427671
vt 0.921199977 0.903299987
vn 1 -1.89867639e-05 -1.02304444e-06
v 0.117040712 -0.173886306 -1.1582216
vt 0.719500005 0.903699994
vn 1 -1.93116362e-05 -9.26223853e-07
v 0.117042401 -0.0985542902 -0.905452239
vt 0.921199977 0.985800028
vn 1 -1.93116362e-05 -9.26223853e-07
v 0.117040712 -0.173886306 -1.1582216
vt 0.719500005 0.903699994
vn 1 -1.93116362e-05 -9.26223853e-07
v 0.117042167 -0.0984695507 -1.18903317
vt 0.695200026 0.985800028
vn 1 -1.96323294e-05 -8.30648721e-07
v 0.0692409322 -0.131910793 -0.897095241
vt 0.42930001 0.951300025
vn -0.0410960222 0.238847513 0.970187086
v 0.117040957 -0.175754591 -0.88427671
vt 0.409500003 0.986999989
vn -0.0410960222 0.238847513 0.970187086
v 0.10046796 -0.113656008 -0.900266592
vt 0.416700006 0.936200023
vn -0.0410960222 0.238847513 0.970187086
v 0.0692409322 -0.131910793 -0.897095241
vt 0.42930001 0.951300025
vn -0.124716752 0.150747269 0.980673744
v 0.0963422278 -0.196060136 -0.883787733
vt 0.409686029 0.987095773
vn -0.124716752 0.150747269 0.980673744
v 0.117040957 -0.175754591 -0.88427671
vt 0.409500003 0.986999989
vn -0.124716752 0.150747269 0.980673744
v 0.10046796 -0.113656008 -0.900266592
vt 0.416700006 0.936200023
vn 4.69472652e-05 0.324721797 0.945809575
v 0.117042401 -0.0985542902 -0.905452239
vt 0.409500003 0.923699975
vn 4.69472652e-05 0.324721797 0.945809575
v 0.100463762 -0.0985542622 -0.905451426
vt 0.416900009 0.923699975
vn 4.69472652e-05 0.324721797 0.945809575
v -0.0551369543 -0.175754247 -0.884277168
vt 0.79369998 0.860499978
vn -0.695795789 -0.718218154 -0.00555913913
v -0.0551350533 -0.173885961 -1.15822182
vt 0.673300028 0.860499978
vn -0.691277487 -0.72257256 -0.00493269679
v -0.0344369004 -0.193687581 -1.15823394
vt 0.672326863 0.852402687
vn -0.695795789 -0.718218154 -0.00555913913
v -0.0551369543 -0.175754247 -0.884277168
vt 0.79369998 0.860499978
vn -0.695795789 -0.718218154 -0.00555913913
v -0.0344369004 -0.193687581 -1.15823394
vt 0.672326863 0.852402687
vn -0.695795789 -0.718218154 -0.00555913913
v -0.0344391377 -0.196059928 -0.883788198
vt 0.793858886 0.852164388
vn -0.700224655 -0.713895847 -0.00617672244
v 0.0309537254 -0.17560164 -1.4389232
vt 0.549898922 0.833301604
vn -1.5511242e-06 -0.996079562 -0.0884618929
v 0.0309528637 -0.198524707 -1.18081031
vt 0.662091315 0.833319485
vn -2.42175412e-06 -0.996079547 -0.0884620635
v -0.0200340804 -0.198524578 -1.18081037
vt 0.662219405 0.848605216
vn -1.5511242e-06 -0.996079562 -0.0884618929
v 0.0309537254 -0.17560164 -1.4389232
vt 0.549898922 0.833301604
vn -1.5511242e-06 -0.996079562 -0.0884618929
v -0.0200340804 -0.198524578 -1.18081037
vt 0.662219405 0.848605216
vn -1.5511242e-06 -0.996079562 -0.0884618929
v -0.0344355442 -0.175601543 -1.43892364
vt 0.549823403 0.852789879
vn -8.72255738e-07 -0.996079574 -0.0884617598
v -0.0200340804 -0.198524578 -1.18081037
vt 0.662219405 0.848605216
vn -0.0107817254 -0.983692636 0.179534265
v 0.0309528637 -0.198524707 -1.18081031
vt 0.662091315 0.833319485
vn -2.71255962e-06 -0.987784983 0.155823064
v 0.0309528098 -0.194965229 -1.15824626
vt 0.671759725 0.833030164
vn -0.0107817254 -0.983692636 0.179534265
v -0.0200340804 -0.198524578 -1.18081037
vt 0.662219405 0.848605216
vn -0.0107817254 -0.983692636 0.179534265
v 0.0309528098 -0.194965229 -1.15824626
vt 0.671759725 0.833030164
vn -0.0107817254 -0.983692636 0.179534265
v -0.0344369004 -0.193687581 -1.15823394
vt 0.672326863 0.852402687
vn -0.0191121009 -0.980059132 0.197784793
v 0.0309519748 -0.197841637 -0.8832987
vt 0.793849885 0.83290863
vn 0.0233479685 -0.999681778 -0.00955069143
v 0.0309528098 -0.194965229 -1.15824626
vt 0.671759725 0.833030164
vn 0.0195334532 -0.999754496 -0.010459034
v 0.0963425056 -0.193687759 -1.15823378
vt 0.672084451 0.852376759
vn 0.0233479685 -0.999681778 -0.00955069143
v 0.0309519748 -0.197841637 -0.8832987
vt 0.793849885 0.83290863
vn 0.0233479685 -0.999681778 -0.00955069143
v 0.0963425056 -0.193687759 -1.15823378
vt 0.672084451 0.852376759
vn 0.0233479685 -0.999681778 -0.00955069143
v 0.0963422278 -0.196060136 -0.883787733
vt 0.793893397 0.852163672
vn 0.0271684464 -0.999593524 -0.00864069597
v 0.0963438617 -0.175601721 -1.43892347
vt 0.549800098 0.852797389
vn 0.677870784 -0.734728437 -0.025793877
v 0.11704162 -0.157077819 -1.43892381
vt 0.548500001 0.860499978
vn 0.666670594 -0.744907615 -0.0257480778
v 0.101397368 -0.180000785 -1.18081022
vt 0.662800014 0.855599999
vn 0.677870784 -0.734728437 -0.025793877
v 0.0963438617 -0.175601721 -1.43892347
vt 0.549800098 0.852797389
vn 0.677870784 -0.734728437 -0.025793877
v 0.101397368 -0.180000785 -1.18081022
vt 0.662800014 0.855599999
vn 0.677870784 -0.734728437 -0.025793877
v 0.0819398324 -0.198524733 -1.18081024
vt 0.662401021 0.848728597
vn 0.689287647 -0.724026997 -0.0258350173
v 0.101397368 -0.180000785 -1.18081022
vt 0.662800014 0.855599999
vn 0.664216865 -0.695851544 -0.273142061
v 0.117040712 -0.173886306 -1.1582216
vt 0.673300028 0.860499978
vn 0.665202713 -0.695160314 -0.272502272
v 0.0963425056 -0.193687759 -1.15823378
vt 0.672084451 0.852376759
vn 0.664216865 -0.695851544 -0.273142061
v 0.101397368 -0.180000785 -1.18081022
vt 0.662800014 0.855599999
vn 0.664216865 -0.695851544 -0.273142061
v 0.0963425056 -0.193687759 -1.15823378
vt 0.672084451 0.852376759
vn 0.664216865 -0.695851544 -0.273142061
v 0.0819398324 -0.198524733 -1.18081024
vt 0.662401021 0.848728597
vn 0.663164504 -0.69658703 -0.273823573
v -0.0344355442 -0.175601543 -1.43892364
vt 0.495091647 0.925992727
vn 0.350205717 0.391298088 -0.851023949
v -0.0551341526 -0.157077459 -1.43892403
vt 0.506900012 0.924300015
vn 0.350205717 0.391298088 -0.851023949
v -0.0385245105 -0.1472579 -1.42757398
vt 0.500800014 0.934300005
vn 0.350205717 0.391298088 -0.851023949
v 0.100432002 -0.147258174 -1.4275738
vt 0.500800014 0.934300005
vn -0.350207975 0.391290812 -0.851026366
v 0.11704162 -0.157077819 -1.43892381
vt 0.506900012 0.924300015
vn -0.350207975 0.391290812 -0.851026366
v 0.0963438617 -0.175601721 -1.43892347
vt 0.499503016 0.916451156
vn -0.350207975 0.391290812 -0.851026366
v -0.00733649962 -0.131910635 -0.897095339
vt 0.42930001 0.951300025
vn 0.124716107 0.150739694 0.980674991
v -0.0551369543 -0.175754247 -0.884277168
vt 0.409500003 0.986999989
vn 0.124716107 0.150739694 0.980674991
v -0.0344391377 -0.196059928 -0.883788198
vt 0.438562393 0.987255454
vn 0.124716107 0.150739694 0.980674991
v 0.0854671799 0.180375876 0.152509129
vt 0.955232263 0.362942725
vn 0.0844705939 0.618797632 0.780995653
v 0.0855829959 0.250458871 0.0993256138
vt 0.945570111 0.452150792
vn 0.0509293 0.603671974 0.795604396
v 0.0309503986 0.25208639 0.101587934
vt 0.985499978 0.451599985
vn 0.0844705939 0.618797632 0.780995653
v 0.0854671799 0.180375876 0.152509129
vt 0.955232263 0.362942725
vn 0.0844705939 0.618797632 0.780995653
v 0.0309503986 0.25208639 0.101587934
vt 0.985499978 0.451599985
vn 0.0844705939 0.618797632 0.780995653
v 0.0309502039 0.180383492 0.160756613
vt 0.985499978 0.361799985
vn 0.115985362 0.632175415 0.76609506
v 0.0855829959 0.250458871 0.0993256138
vt 0.945570111 0.452150792
vn 0.0496453839 0.996599545 0.0657623218
v 0.0890221013 0.294908524 -0.591202557
vt 0.945546567 0.985670745
vn 0.0658949455 0.995744598 0.0644247745
v 0.0309516804 0.299024329 -0.595420555
vt 0.985499978 0.985700011
vn 0.0496453839 0.996599545 0.0657623218
v 0.0855829959 0.250458871 0.0993256138
vt 0.945570111 0.452150792
vn 0.0496453839 0.996599545 0.0657623218
v 0.0309516804 0.299024329 -0.595420555
vt 0.985499978 0.985700011
vn 0.0496453839 0.996599545 0.0657623218
v 0.0309503986 0.25208639 0.101587934
vt 0.985499978 0.451599985
vn 0.0324880939 0.997213523 0.0671544035
v 0.0962680018 0.158527641 0.13194938
vt 0.781513453 0.326447606
vn 0.740401488 -0.2320661 0.630833545
v 0.130906858 0.15853654 0.0911430601
vt 0.783793807 0.359972209
vn 0.741027867 -0.235084519 0.628977718
v 0.124730892 0.180095478 0.106477046
vt 0.798791051 0.351549536
vn 0.740401488 -0.2320661 0.630833545
v 0.0962680018 0.158527641 0.13194938
vt 0.781513453 0.326447606
vn 0.740401488 -0.2320661 0.630833545
v 0.124730892 0.180095478 0.106477046
vt 0.798791051 0.351549536
vn 0.740401488 -0.2320661 0.630833545
v 0.0854671799 0.180375876 0.152509129
vt 0.796833098 0.316280574
vn 0.739843298 -0.229411907 0.632457169
v 0.0309510495 0.158673126 -0.337174229
vt 0.700200021 0.890600026
vn -3.48935733e-05 -0.999999951 -0.000310747178
v 0.130906086 0.158672481 -0.337174101
vt 0.700200021 0.871100008
vn -6.45573869e-06 -0.99999995 -0.000317383675
v 0.130906858 0.15853654 0.0911430601
vt 0.55120331 0.871100008
vn -3.47870386e-05 -0.999999952 -0.000309038698
v 0.0309510495 0.158673126 -0.337174229
vt 0.700200021 0.890600026
vn -3.48935733e-05 -0.999999951 -0.000310747178
v 0.130906858 0.15853654 0.0911430601
vt 0.55120331 0.871100008
vn -3.47870386e-05 -0.999999952 -0.000309038698
v 0.0309502185 0.158527666 0.140071799
vt 0.537190318 0.890722394
vn -5.90031204e-05 -0.999999953 -0.000301905858
v 0.0309502185 0.158527666 0.140071799
vt 0.537190318 0.890722394
vn -5.90031204e-05 -0.999999953 -0.000301905858
v 0.130906858 0.15853654 0.0911430601
vt 0.55120331 0.871100008
vn -3.47870386e-05 -0.999999952 -0.000309038698
v 0.0962680018 0.158527641 0.13194938
vt 0.537235975 0.875896215
vn -3.07421466e-05 -0.99999997 -0.000244171449
v 0.0309502185 0.158527666 0.140071799
vt 0.537190318 0.890722394
vn 0.100480083 -0.669625946 0.735870128
v 0.0962680018 0.158527641 0.13194938
vt 0.537235975 0.875896215
vn 0.0929691058 -0.657577676 0.747628481
v 0.0854671799 0.180375876 0.152509129
vt 0.525708675 0.877991498
vn 0.100480083 -0.669625946 0.735870128
v 0.0309502185 0.158527666 0.140071799
vt 0.537190318 0.890722394
vn 0.100480083 -0.669625946 0.735870128
v 0.0854671799 0.180375876 0.152509129
vt 0.525708675 0.877991498
vn 0.100480083 -0.669625946 0.735870128
v 0.0309502039 0.180383492 0.160756613
vt 0.526600003 0.890600026
vn 0.109124536 -0.68327692 0.721958785
v 0.130906086 0.158672481 -0.337174101
vt 0.700200021 0.871100008
vn -1.06691114e-06 -0.553608425 -0.832777108
v 0.0309510495 0.158673126 -0.337174229
vt 0.700200021 0.890600026
vn -2.51090367e-06 -0.553615323 -0.832772522
v 0.0309510849 0.173184009 -0.346820857
vt 0.708000004 0.890600026
vn -1.06691114e-06 -0.553608425 -0.832777108
v 0.130906086 0.158672481 -0.337174101
vt 0.700200021 0.871100008
vn -1.06691114e-06 -0.553608425 -0.832777108
v 0.0309510849 0.173184009 -0.346820857
vt 0.708000004 0.890600026
vn -1.06691114e-06 -0.553608425 -0.832777108
v 0.130906058 0.17318393 -0.34682076
vt 0.708000004 0.871100008
vn 3.77041872e-07 -0.553601528 -0.832781693
v 0.130906058 0.17318393 -0.34682076
vt 0.708000004 0.871100008
vn -0.000981350614 -0.999997747 -0.00188203824
v 0.0309510849 0.173184009 -0.346820857
vt 0.708000004 0.890600026
vn -7.885023e-07 -0.999996334 -0.00270792634
v 0.0309512934 0.17350537 -0.465494707
vt 0.749300003 0.890600026
vn -0.000981350614 -0.999997747 -0.00188203824
v 0.130906058 0.17318393 -0.34682076
vt 0.708000004 0.871100008
vn -0.000981350614 -0.999997747 -0.00188203824
v 0.0309512934 0.17350537 -0.465494707
vt 0.749300003 0.890600026
vn -0.000981350614 -0.999997747 -0.00188203824
v 0.13090612 0.173309281 -0.465502238
vt 0.749300003 0.871100008
vn -0.00196185067 -0.999997518 -0.00105619795
v 0.0890221013 0.294908524 -0.591202557
vt 0.919387698 0.879865646
vn 0.594071614 0.802640217 0.0533628982
v 0.0855829959 0.250458871 0.0993256138
vt 0.916921318 0.374589384
vn 0.578992636 0.813458889 0.0552463807
v 0.122920731 0.225127097 0.0810091798
vt 0.90145874 0.38644588
vn 0.594071614 0.802640217 0.0533628982
v 0.0890221013 0.294908524 -0.591202557
vt 0.919387698 0.879865646
vn 0.594071614 0.802640217 0.0533628982
v 0.122920731 0.225127097 0.0810091798
vt 0.90145874 0.38644588
vn 0.594071614 0.802640217 0.0533628982
v 0.129367197 0.26245943 -0.568611919
vt 0.896506667 0.86130476
vn 0.608209401 0.792100574 0.0515558441
v 0.0309516804 0.299024329 -0.595420555
vt 0.829699993 0.890600026
vn -0.00110400552 -0.719060184 -0.694946928
v 0.13090612 0.173309281 -0.465502238
vt 0.749300003 0.871100008
vn -0.040767648 -0.725008816 -0.687531975
v 0.0309512934 0.17350537 -0.465494707
vt 0.749300003 0.890600026
vn -0.0014632579 -0.719197875 -0.694803768
v 0.13090612 0.173309281 -0.465502238
vt 0.749300003 0.871100008
vn -0.040767648 -0.725008816 -0.687531975
v 0.0309516804 0.299024329 -0.595420555
vt 0.829699993 0.890600026
vn -0.00110400552 -0.719060184 -0.694946928
v 0.0890221013 0.294908524 -0.591202557
vt 0.827974498 0.873784602
vn -0.0867644513 -0.730315242 -0.677577727
v 0.13090612 0.173309281 -0.465502238
vt 0.749300003 0.871100008
vn -0.040767648 -0.725008816 -0.687531975
v 0.0890221013 0.294908524 -0.591202557
vt 0.827974498 0.873784602
vn -0.0867644513 -0.730315242 -0.677577727
v 0.129367197 0.26245943 -0.568611919
vt 0.815250695 0.871100008
vn -0.237789166 -0.736512274 -0.633250332
v 0.129367197 0.26245943 -0.568611919
vt 0.896506667 0.86130476
vn 0.999007548 0.0432876545 0.0104927225
v 0.122920731 0.225127097 0.0810091798
vt 0.90145874 0.38644588
vn 0.998746281 0.04840384 0.0127645746
v 0.130906058 0.17318393 -0.34682076
vt 0.808899999 0.691799998
vn 0.998954647 0.0443437892 0.0111013848
v 0.129367197 0.26245943 -0.568611919
vt 0.896506667 0.86130476
vn 0.999007548 0.0432876545 0.0104927225
v 0.130906058 0.17318393 -0.34682076
vt 0.808899999 0.691799998
vn 0.998954647 0.0443437892 0.0111013848
v 0.13090612 0.173309281 -0.465502238
vt 0.801599979 0.777800024
vn 0.999850667 0.0172812907 1.87767508e-05
v 0.130906058 0.17318393 -0.34682076
vt 0.808899999 0.691799998
vn 0.998954647 0.0443437892 0.0111013848
v 0.122920731 0.225127097 0.0810091798
vt 0.90145874 0.38644588
vn 0.998746281 0.04840384 0.0127645746
v 0.124730892 0.180095478 0.106477046
vt 0.848721683 0.362982869
vn 0.998791241 0.0474350478 0.0128830355
v 0.0854671799 0.180375876 0.152509129
vt 0.857967734 0.321793884
vn 0.660654714 0.430099509 0.615263977
v 0.124730892 0.180095478 0.106477046
vt 0.848721683 0.362982869
vn 0.708279913 0.368873354 0.601890367
v 0.122920731 0.225127097 0.0810091798
vt 0.90145874 0.38644588
vn 0.660654714 0.430099509 0.615263977
v 0.0854671799 0.180375876 0.152509129
vt 0.857967734 0.321793884
vn 0.660654714 0.430099509 0.615263977
v 0.122920731 0.225127097 0.0810091798
vt 0.90145874 0.38644588
vn 0.660654714 0.430099509 0.615263977
v 0.0855829959 0.250458871 0.0993256138
vt 0.916921318 0.374589384
vn 0.625005198 0.471237178 0.622337548
v 0.130906058 0.17318393 -0.34682076
vt 0.799099982 0.692099988
vn 0.985787696 0.167902074 0.00561356514
v 0.124730892 0.180095478 0.106477046
vt 0.798791051 0.351549536
vn 0.962971392 0.269453002 0.00900990576
v 0.130906858 0.15853654 0.0911430601
vt 0.783793807 0.359972209
vn 0.985787696 0.167902074 0.00561356514
v 0.130906058 0.17318393 -0.34682076
vt 0.799099982 0.692099988
vn 0.985787696 0.167902074 0.00561356514
v 0.130906858 0.15853654 0.0911430601
vt 0.783793807 0.359972209
vn 0.985787696 0.167902074 0.00561356514
v 0.130906086 0.158672481 -0.337174101
vt 0.783699989 0.684800029
vn 1 7.56418726e-07 -1.80158703e-06
v -0.0235667445 0.180376022 0.152508886
vt 0.955293596 0.364748061
vn -0.0844720867 0.618797666 0.780995464
v 0.0309502039 0.180383492 0.160756613
vt 0.985499978 0.361799985
vn -0.115987081 0.632175662 0.766094595
v 0.0309503986 0.25208639 0.101587934
vt 0.985499978 0.451599985
vn -0.0844720867 0.618797666 0.780995464
v -0.0235667445 0.180376022 0.152508886
vt 0.955293596 0.364748061
vn -0.0844720867 0.618797666 0.780995464
v 0.0309503986 0.25208639 0.101587934
vt 0.985499978 0.451599985
vn -0.0844720867 0.618797666 0.780995464
v -0.0236820678 0.250459077 0.0993253848
vt 0.945566773 0.451538533
vn -0.0509304807 0.603671731 0.795604504
v -0.0236820678 0.250459077 0.0993253848
vt 0.945566773 0.451538533
vn -0.049642185 0.996599716 0.0657621381
v 0.0309503986 0.25208639 0.101587934
vt 0.985499978 0.451599985
vn -0.0324846982 0.997213641 0.0671542919
v 0.0309516804 0.299024329 -0.595420555
vt 0.985499978 0.985700011
vn -0.049642185 0.996599716 0.0657621381
v -0.0236820678 0.250459077 0.0993253848
vt 0.945566773 0.451538533
vn -0.049642185 0.996599716 0.0657621381
v 0.0309516804 0.299024329 -0.595420555
vt 0.985499978 0.985700011
vn -0.049642185 0.996599716 0.0657621381
v -0.0271188925 0.294908706 -0.591202706
vt 0.945503294 0.985193789
vn -0.0658918624 0.995744818 0.0644245281
v -0.0343675335 0.158527834 0.131949124
vt 0.785753727 0.32438311
vn -0.740403559 -0.232065372 0.630831382
v -0.0235667445 0.180376022 0.152508886
vt 0.795622289 0.316596746
vn -0.739845325 -0.229410966 0.63245514
v -0.0628303249 0.180095716 0.106476717
vt 0.799957454 0.349714965
vn -0.740403559 -0.232065372 0.630831382
v -0.0343675335 0.158527834 0.131949124
vt 0.785753727 0.32438311
vn -0.740403559 -0.232065372 0.630831382
v -0.0628303249 0.180095716 0.106476717
vt 0.799957454 0.349714965
vn -0.740403559 -0.232065372 0.630831382
v -0.0690062558 0.158536787 0.0911427154
vt 0.783793807 0.359972209
vn -0.741029986 -0.235084031 0.628975404
v 0.0309510495 0.158673126 -0.337174229
vt 0.700200021 0.890600026
vn 3.23474016e-05 -0.999999951 -0.000310763507
v -0.0690062558 0.158536787 0.0911427154
vt 0.55120331 0.871100008
vn 3.22263555e-05 -0.999999952 -0.000309021281
v -0.0690039877 0.158672743 -0.337174476
vt 0.700200021 0.871100008
vn 3.83106715e-06 -0.99999995 -0.000317418429
v 0.0309510495 0.158673126 -0.337174229
vt 0.700200021 0.890600026
vn 3.23474016e-05 -0.999999951 -0.000310763507
v 0.0309502185 0.158527666 0.140071799
vt 0.537295878 0.89038384
vn 5.64971335e-05 -0.999999953 -0.000301843846
v -0.0690062558 0.158536787 0.0911427154
vt 0.55120331 0.871100008
vn 3.22263555e-05 -0.999999952 -0.000309021281
v 0.0309502185 0.158527666 0.140071799
vt 0.537295878 0.89038384
vn 5.64971335e-05 -0.999999953 -0.000301843846
v -0.0343675335 0.158527834 0.131949124
vt 0.537435114 0.877005517
vn 2.76304918e-05 -0.99999997 -0.00024287263
v -0.0690062558 0.158536787 0.0911427154
vt 0.55120331 0.871100008
vn 3.22263555e-05 -0.999999952 -0.000309021281
v 0.0309502185 0.158527666 0.140071799
vt 0.537295878 0.89038384
vn -0.100485054 -0.669625519 0.735869838
v 0.0309502039 0.180383492 0.160756613
vt 0.526600003 0.890600026
vn -0.109129573 -0.683276616 0.72195831
v -0.0235667445 0.180376022 0.152508886
vt 0.527301371 0.877872288
vn -0.100485054 -0.669625519 0.735869838
v 0.0309502185 0.158527666 0.140071799
vt 0.537295878 0.89038384
vn -0.100485054 -0.669625519 0.735869838
v -0.0235667445 0.180376022 0.152508886
vt 0.527301371 0.877872288
vn -0.100485054 -0.669625519 0.735869838
v -0.0343675335 0.158527834 0.131949124
vt 0.537435114 0.877005517
vn -0.0929740085 -0.657577122 0.747628358
v -0.0690039877 0.158672743 -0.337174476
vt 0.700200021 0.871100008
vn 2.77431444e-06 -0.553608623 -0.832776977
v -0.069003882 0.173184178 -0.346821134
vt 0.708000004 0.871100008
vn 1.37166017e-06 -0.553601922 -0.832781431
v 0.0309510849 0.173184009 -0.346820857
vt 0.708000004 0.890600026
vn 2.77431444e-06 -0.553608623 -0.832776977
v -0.0690039877 0.158672743 -0.337174476
vt 0.700200021 0.871100008
vn 2.77431444e-06 -0.553608623 -0.832776977
v 0.0309510849 0.173184009 -0.346820857
vt 0.708000004 0.890600026
vn 2.77431444e-06 -0.553608623 -0.832776977
v 0.0309510495 0.158673126 -0.337174229
vt 0.700200021 0.890600026
vn 4.177006e-06 -0.553615323 -0.832772522
v -0.069003882 0.173184178 -0.346821134
vt 0.708000004 0.871100008
vn 0.000978880905 -0.99999775 -0.00188203484
v -0.0690035366 0.173309529 -0.465502613
vt 0.749300003 0.871100008
vn 0.0019593778 -0.999997523 -0.00105619123
v 0.0309512934 0.17350537 -0.465494707
vt 0.749300003 0.890600026
vn 0.000978880905 -0.99999775 -0.00188203484
v -0.069003882 0.173184178 -0.346821134
vt 0.708000004 0.871100008
vn 0.000978880905 -0.99999775 -0.00188203484
v 0.0309512934 0.17350537 -0.465494707
vt 0.749300003 0.890600026
vn 0.000978880905 -0.99999775 -0.00188203484
v 0.0309510849 0.173184009 -0.346820857
vt 0.708000004 0.890600026
vn -1.67812663e-06 -0.999996334 -0.00270792634
v -0.0271188925 0.294908706 -0.591202706
vt 0.918974459 0.879573762
vn -0.594070656 0.802641061 0.053360869
v -0.0674640002 0.262459676 -0.56861229
vt 0.896506667 0.86130476
vn -0.608209528 0.792100621 0.0515536276
v -0.0610199152 0.225127332 0.0810088555
vt 0.900714159 0.388002843
vn -0.594070656 0.802641061 0.053360869
v -0.0271188925 0.294908706 -0.591202706
vt 0.918974459 0.879573762
vn -0.594070656 0.802641061 0.053360869
v -0.0610199152 0.225127332 0.0810088555
vt 0.900714159 0.388002843
vn -0.594070656 0.802641061 0.053360869
v -0.0236820678 0.250459077 0.0993253848
vt 0.917637169 0.374653816
vn -0.578990572 0.813460483 0.0552445385
v -0.0674640002 0.262459676 -0.56861229
vt 0.815250695 0.871100008
vn 0.0591501781 -0.727252427 -0.683816615
v 0.0309512934 0.17350537 -0.465494707
vt 0.749300003 0.890600026
vn 0.0407683239 -0.725008745 -0.687532009
v -0.0690035366 0.173309529 -0.465502613
vt 0.749300003 0.871100008
vn 0.00153387627 -0.756467221 -0.654029808
v 0.0309512934 0.17350537 -0.465494707
vt 0.749300003 0.890600026
vn 0.0407683239 -0.725008745 -0.687532009
v -0.0674640002 0.262459676 -0.56861229
vt 0.815250695 0.871100008
vn 0.0591501781 -0.727252427 -0.683816615
v -0.0271188925 0.294908706 -0.591202706
vt 0.830620468 0.874024391
vn 0.0676187008 -0.701878468 -0.709079916
v 0.0309512934 0.17350537 -0.465494707
vt 0.749300003 0.890600026
vn 0.0407683239 -0.725008745 -0.687532009
v -0.0271188925 0.294908706 -0.591202706
vt 0.830620468 0.874024391
vn 0.0676187008 -0.701878468 -0.709079916
v 0.0309516804 0.299024329 -0.595420555
vt 0.829699993 0.890600026
vn 0.000505767941 -0.719198555 -0.69480442
v -0.0674640002 0.262459676 -0.56861229
vt 0.896506667 0.86130476
vn -0.999007466 0.0432903959 0.0104892294
v -0.0690035366 0.173309529 -0.465502613
vt 0.801599979 0.777800024
vn -0.999850617 0.0172841974 1.53460967e-05
v -0.069003882 0.173184178 -0.346821134
vt 0.808899999 0.691799998
vn -0.998954557 0.0443467145 0.0110978647
v -0.0674640002 0.262459676 -0.56861229
vt 0.896506667 0.86130476
vn -0.999007466 0.0432903959 0.0104892294
v -0.069003882 0.173184178 -0.346821134
vt 0.808899999 0.691799998
vn -0.998954557 0.0443467145 0.0110978647
v -0.0610199152 0.225127332 0.0810088555
vt 0.900714159 0.388002843
vn -0.998746184 0.0484067676 0.0127610412
v -0.069003882 0.173184178 -0.346821134
vt 0.808899999 0.691799998
vn -0.998954557 0.0443467145 0.0110978647
v -0.0628303249 0.180095716 0.106476717
vt 0.848399758 0.361702144
vn -0.998791123 0.047438511 0.0128794365
v -0.0610199152 0.225127332 0.0810088555
vt 0.900714159 0.388002843
vn -0.998746184 0.0484067676 0.0127610412
v -0.0235667445 0.180376022 0.152508886
vt 0.855254233 0.323752403
vn -0.660654863 0.4301021 0.615262006
v -0.0236820678 0.250459077 0.0993253848
vt 0.917637169 0.374653816
vn -0.625005252 0.471239604 0.622335657
v -0.0610199152 0.225127332 0.0810088555
vt 0.900714159 0.388002843
vn -0.660654863 0.4301021 0.615262006
v -0.0235667445 0.180376022 0.152508886
vt 0.855254233 0.323752403
vn -0.660654863 0.4301021 0.615262006
v -0.0610199152 0.225127332 0.0810088555
vt 0.900714159 0.388002843
vn -0.660654863 0.4301021 0.615262006
v -0.0628303249 0.180095716 0.106476717
vt 0.848399758 0.361702144
vn -0.708280296 0.368876044 0.601888267
v -0.069003882 0.173184178 -0.346821134
vt 0.799099982 0.692099988
vn -0.985787413 0.16790385 0.00561008194
v -0.0690039877 0.158672743 -0.337174476
vt 0.783699989 0.684800029
vn -1 3.76831354e-06 -5.29413779e-06
v -0.0690062558 0.158536787 0.0911427154
vt 0.783793807 0.359972209
vn -0.985787413 0.16790385 0.00561008194
v -0.069003882 0.173184178 -0.346821134
vt 0.799099982 0.692099988
vn -0.985787413 0.16790385 0.00561008194
v -0.0690062558 0.158536787 0.0911427154
vt 0.783793807 0.359972209
vn -0.985787413 0.16790385 0.00561008194
v -0.0628303249 0.180095716 0.106476717
vt 0.799957454 0.349714965
vn -0.962971163 0.269453935 0.00900647611
v -0.0399625692 -0.17855765 -0.254372071
vt 0.658096135 0.086959593
vn -0.000894550848 0.705832265 -0.708378439
v -0.0399623166 -0.115006001 -0.191093753
vt 0.7324 0.0869595781
vn -0.000519418617 0.705397018 -0.70881223
v 0.030949876 -0.115006117 -0.191093617
vt 0.7324 0.0581
vn -0.000587004035 0.705911377 -0.708299925
v -0.0399625692 -0.17855765 -0.254372071
vt 0.658096135 0.086959593
vn -0.000894550848 0.705832265 -0.708378439
v 0.030949876 -0.115006117 -0.191093617
vt 0.7324 0.0581
vn -0.000587004035 0.705911377 -0.708299925
v 0.0309498211 -0.178506595 -0.254438976
vt 0.658100009 0.0581
vn -0.00117643569 0.706241048 -0.707970478
v -0.0845362356 -0.17860874 -0.254305117
vt 0.658100009 0.105099998
vn -0.000934605013 0.70525028 -0.708957805
v -0.0399623166 -0.115006001 -0.191093753
vt 0.7324 0.0869595781
vn -0.000519418617 0.705397018 -0.70881223
v -0.0399625692 -0.17855765 -0.254372071
vt 0.658096135 0.086959593
vn -0.000894550848 0.705832265 -0.708378439
v -0.0845362356 -0.17860874 -0.254305117
vt 0.658100009 0.105099998
vn -0.000934605013 0.70525028 -0.708957805
v -0.0845361989 -0.115005906 -0.191093914
vt 0.7324 0.105099998
vn 4.06578592e-06 0.704919715 -0.709287103
v -0.0399623166 -0.115006001 -0.191093753
vt 0.7324 0.0869595781
vn -0.000519418617 0.705397018 -0.70881223
v -0.0399623166 -0.115006001 -0.191093753
vt 0.7324 0.0869595781
vn 1.75045531e-06 1 -4.81327582e-07
v -0.039965684 -0.115005833 0.158748716
vt 0.970558405 0.0871097147
vn 2.01612242e-06 1 -4.95530566e-07
v 0.0309488277 -0.115005949 0.158748807
vt 0.970399976 0.0581
vn 1.63168384e-06 1 -4.81329393e-07
v -0.0399623166 -0.115006001 -0.191093753
vt 0.7324 0.0869595781
vn 1.75045531e-06 1 -4.81327582e-07
v 0.0309488277 -0.115005949 0.158748807
vt 0.970399976 0.0581
vn 1.63168384e-06 1 -4.81329393e-07
v 0.030949876 -0.115006117 -0.191093617
vt 0.7324 0.0581
vn 1.63169762e-06 1 -4.81332187e-07
v -0.0845361989 -0.115005906 -0.191093914
vt 0.7324 0.105099998
vn 2.33129141e-06 1 -5.0717479e-07
v -0.039965684 -0.115005833 0.158748716
vt 0.970558405 0.0871097147
vn 2.01612242e-06 1 -4.95530566e-07
v -0.0399623166 -0.115006001 -0.191093753
vt 0.7324 0.0869595781
vn 1.75045531e-06 1 -4.81327582e-07
v -0.0845361989 -0.115005906 -0.191093914
vt 0.7324 0.105099998
vn 2.33129141e-06 1 -5.0717479e-07
v -0.0845372226 -0.11500573 0.138012384
vt 0.960773289 0.104054533
vn 2.54701324e-06 1 -5.34658098e-07
v -0.039965684 -0.115005833 0.158748716
vt 0.970558405 0.0871097147
vn 2.01612242e-06 1 -4.95530566e-07
v -0.039965684 -0.115005833 0.158748716
vt 0.970558405 0.0871097147
vn 3.99452363e-07 0.556026414 0.831164621
v -0.0399660746 -0.13053524 0.169137512
vt 0.986800015 0.0873886645
vn 9.52917204e-07 0.55602816 0.831163453
v 0.0309487367 -0.130535385 0.169137528
vt 0.986800015 0.0581
vn 3.99452363e-07 0.556026414 0.831164621
v -0.039965684 -0.115005833 0.158748716
vt 0.970558405 0.0871097147
vn 3.99452363e-07 0.556026414 0.831164621
v 0.0309487367 -0.130535385 0.169137528
vt 0.986800015 0.0581
vn 3.99452363e-07 0.556026414 0.831164621
v 0.0309488277 -0.115005949 0.158748807
vt 0.970399976 0.0581
vn -1.5401531e-07 0.556024668 0.831165789
v -0.0853230035 -0.195454369 0.0867386462
vt 0.464393735 0.30809164
vn -0.369196707 -0.620361148 0.691986877
v -0.0419435838 -0.224665808 0.0867387193
vt 0.448390514 0.320725948
vn -0.402742222 -0.598076427 0.692894862
v -0.0399660746 -0.13053524 0.169137512
vt 0.520495713 0.321330011
vn -0.369196707 -0.620361148 0.691986877
v -0.0853230035 -0.195454369 0.0867386462
vt 0.464393735 0.30809164
vn -0.369196707 -0.620361148 0.691986877
v -0.0399660746 -0.13053524 0.169137512
vt 0.520495713 0.321330011
vn -0.369196707 -0.620361148 0.691986877
v -0.0845373003 -0.130535152 0.148401076
vt 0.514101624 0.306635529
vn -0.320441664 -0.650328586 0.688759661
v -0.0853218897 -0.282574189 -0.401895138
vt 0.107655562 0.0570508726
vn -0.999962926 0.00858268697 -0.000696035167
v -0.0853225289 -0.212074716 -0.102728543
vt 0.314438879 0.134674013
vn -0.999909756 0.0132819664 -0.00201699309
v -0.0845362356 -0.17860874 -0.254305117
vt 0.207900003 0.158999994
vn -0.999964831 0.00832038954 -0.00105210597
v -0.0853218897 -0.282574189 -0.401895138
vt 0.107655562 0.0570508726
vn -0.999962926 0.00858268697 -0.000696035167
v -0.0845362356 -0.17860874 -0.254305117
vt 0.207900003 0.158999994
vn -0.999964831 0.00832038954 -0.00105210597
v -0.0845355377 -0.178492237 -0.491513311
vt 0.0445000008 0.158999994
vn -0.999968799 0.00788987278 0.000389049346
v -0.0845373003 -0.130535152 0.148401076
vt 0.47863704 0.203855962
vn -0.999969266 0.00779349063 -0.000854072194
v -0.0845362356 -0.17860874 -0.254305117
vt 0.207900003 0.158999994
vn -0.999964831 0.00832038954 -0.00105210597
v -0.0853225289 -0.212074716 -0.102728543
vt 0.314438879 0.134674013
vn -0.999909756 0.0132819664 -0.00201699309
v -0.0845373003 -0.130535152 0.148401076
vt 0.47863704 0.203855962
vn -0.999969266 0.00779349063 -0.000854072194
v -0.0853225289 -0.212074716 -0.102728543
vt 0.314438879 0.134674013
vn -0.999909756 0.0132819664 -0.00201699309
v -0.0853230035 -0.195454369 0.0867386462
vt 0.439554751 0.140559003
vn -0.999912146 0.0132042908 -0.00116080517
v -0.0845361989 -0.115005906 -0.191093914
vt 0.250800014 0.217099994
vn -1 3.50393335e-06 -3.08400245e-06
v -0.0845362356 -0.17860874 -0.254305117
vt 0.207900003 0.158999994
vn -0.999964831 0.00832038954 -0.00105210597
v -0.0845373003 -0.130535152 0.148401076
vt 0.47863704 0.203855962
vn -0.999969266 0.00779349063 -0.000854072194
v -0.0845361989 -0.115005906 -0.191093914
vt 0.250800014 0.217099994
vn -1 3.50393335e-06 -3.08400245e-06
v -0.0845373003 -0.130535152 0.148401076
vt 0.47863704 0.203855962
vn -0.999969266 0.00779349063 -0.000854072194
v -0.0845372226 -0.11500573 0.138012384
vt 0.4780927 0.220518798
vn -1 2.92283991e-06 -3.11058294e-06
v -0.0853218897 -0.282574189 -0.401895138
vt 0.107655562 0.0570508726
vn -0.999962926 0.00858268697 -0.000696035167
v -0.0845355377 -0.178492237 -0.491513311
vt 0.0445000008 0.158999994
vn -0.999968799 0.00788987278 0.000389049346
v -0.0849277731 -0.214000877 -0.542921167
vt 0.00829999987 0.124600001
vn -0.999976082 0.00689383636 0.000557528463
v -0.0853218897 -0.282574189 -0.401895138
vt 0.107655562 0.0570508726
vn -0.999962926 0.00858268697 -0.000696035167
v -0.0849277731 -0.214000877 -0.542921167
vt 0.00829999987 0.124600001
vn -0.999976082 0.00689383636 0.000557528463
v -0.085321483 -0.28832573 -0.543084458
vt 0.00904495176 0.0557594076
vn -0.999985944 0.00529755605 -0.000218683671
v -0.085321483 -0.28832573 -0.543084458
vt 0.309037596 0.00532353856
vn -0.558214084 -0.829009527 0.0337674465
v -0.0419388596 -0.317537139 -0.543084393
vt 0.308200002 0.0188780297
vn -0.558210111 -0.829012271 0.0337657699
v -0.0419401231 -0.311785628 -0.401895012
vt 0.358868212 0.018889511
vn -0.558214084 -0.829009527 0.0337674465
v -0.085321483 -0.28832573 -0.543084458
vt 0.309037596 0.00532353856
vn -0.558214084 -0.829009527 0.0337674465
v -0.0419401231 -0.311785628 -0.401895012
vt 0.358868212 0.018889511
vn -0.558214084 -0.829009527 0.0337674465
v -0.0853218897 -0.282574189 -0.401895138
vt 0.361620843 0.00544524426
vn -0.558218057 -0.829006784 0.0337691231
v -0.0849277731 -0.214000877 -0.542921167
vt 0.504999995 0.254999995
vn -0.00159629526 0.000913708271 -0.999998308
v -0.0409474037 -0.213965149 -0.543087349
vt 0.504998565 0.269042999
vn -0.00286891023 -1.07721701e-06 -0.999995885
v -0.0419388596 -0.317537139 -0.543084393
vt 0.572367072 0.268850476
vn -0.00130038346 -0.000231631883 -0.999999128
v -0.0849277731 -0.214000877 -0.542921167
vt 0.504999995 0.254999995
vn -0.00159629526 0.000913708271 -0.999998308
v -0.0419388596 -0.317537139 -0.543084393
vt 0.572367072 0.268850476
vn -0.00130038346 -0.000231631883 -0.999999128
v -0.085321483 -0.28832573 -0.543084458
vt 0.553516984 0.255661994
vn 0.00147557546 0.00218916567 -0.999996515
v 0.03095055 -0.213929413 -0.543253613
vt 0.504999995 0.291999996
vn -0.00114667004 -0.000826583777 -0.999999001
v -0.0419388596 -0.317537139 -0.543084393
vt 0.572367072 0.268850476
vn -0.00130038346 -0.000231631883 -0.999999128
v -0.0409474037 -0.213965149 -0.543087349
vt 0.504998565 0.269042999
vn -0.00286891023 -1.07721701e-06 -0.999995885
v 0.03095055 -0.213929413 -0.543253613
vt 0.504999995 0.291999996
vn -0.00114667004 -0.000826583777 -0.999999001
v 0.0309501501 -0.317537257 -0.54308418
vt 0.5722 0.291999996
vn 2.90969309e-06 -0.00163532781 -0.999998663
v -0.0419388596 -0.317537139 -0.543084393
vt 0.572367072 0.268850476
vn -0.00130038346 -0.000231631883 -0.999999128
v -0.0853218897 -0.282574189 -0.401895138
vt 0.361620843 0.00544524426
vn -0.548168473 -0.814070251 0.191835738
v -0.0419401231 -0.311785628 -0.401895012
vt 0.358868212 0.018889511
vn -0.548163283 -0.814073808 0.191835476
v -0.0419419916 -0.241286125 -0.102728373
vt 0.471823424 0.0188934952
vn -0.548168473 -0.814070251 0.191835738
v -0.0853218897 -0.282574189 -0.401895138
vt 0.361620843 0.00544524426
vn -0.548168473 -0.814070251 0.191835738
v -0.0419419916 -0.241286125 -0.102728373
vt 0.471823424 0.0188934952
vn -0.548168473 -0.814070251 0.191835738
v -0.0853225289 -0.212074716 -0.102728543
vt 0.474988163 0.00547728688
vn -0.548173665 -0.814066694 0.191836
v -0.0853225289 -0.212074716 -0.102728543
vt 0.474988163 0.00547728688
vn -0.557079714 -0.8272824 0.0725673722
v -0.0419419916 -0.241286125 -0.102728373
vt 0.471823424 0.0188934952
vn -0.557074693 -0.827285902 0.0725659899
v -0.0419435838 -0.224665808 0.0867387193
vt 0.540198326 0.0188833848
vn -0.557079714 -0.8272824 0.0725673722
v -0.0853225289 -0.212074716 -0.102728543
vt 0.474988163 0.00547728688
vn -0.557079714 -0.8272824 0.0725673722
v -0.0419435838 -0.224665808 0.0867387193
vt 0.540198326 0.0188833848
vn -0.557079714 -0.8272824 0.0725673722
v -0.0853230035 -0.195454369 0.0867386462
vt 0.541979373 0.00536061917
vn -0.557084735 -0.827278897 0.0725687545
v -0.0845362356 -0.17860874 -0.254305117
vt 0.658100009 0.105099998
vn -0.000571908765 0.999999763 0.000383332252
v -0.0399625692 -0.17855765 -0.254372071
vt 0.658096135 0.086959593
vn -0.000884163376 0.999999571 0.000275491028
v -0.039960292 -0.178492317 -0.491513075
vt 0.496693701 0.0869590044
vn -0.000441120352 0.999999871 0.000250861333
v -0.0845362356 -0.17860874 -0.254305117
vt 0.658100009 0.105099998
vn -0.000571908765 0.999999763 0.000383332252
v -0.039960292 -0.178492317 -0.491513075
vt 0.496693701 0.0869590044
vn -0.000441120352 0.999999871 0.000250861333
v -0.0845355377 -0.178492237 -0.491513311
vt 0.496699989 0.105099998
vn 1.79143331e-06 0.999999879 0.000491141625
v 0.0309498211 -0.178506595 -0.254438976
vt 0.658100009 0.0581
vn -0.000358884536 0.999999922 0.000167567612
v -0.039960292 -0.178492317 -0.491513075
vt 0.496693701 0.0869590044
vn -0.000441120352 0.999999871 0.000250861333
v -0.0399625692 -0.17855765 -0.254372071
vt 0.658096135 0.086959593
vn -0.000884163376 0.999999571 0.000275491028
v 0.0309498211 -0.178506595 -0.254438976
vt 0.658100009 0.0581
vn -0.000358884536 0.999999922 0.000167567612
v 0.0309505315 -0.178492463 -0.491512955
vt 0.496699989 0.0581
vn 2.05189078e-06 0.999999998 5.96096288e-05
v -0.039960292 -0.178492317 -0.491513075
vt 0.496693701 0.0869590044
vn -0.000441120352 0.999999871 0.000250861333
v -0.0845355377 -0.178492237 -0.491513311
vt 0.496699989 0.105099998
vn -0.0013948917 0.823372724 -0.567499262
v -0.039960292 -0.178492317 -0.491513075
vt 0.496693701 0.0869590044
vn 3.3559264e-06 0.82392614 -0.566697199
v -0.0409474037 -0.213965149 -0.543087349
vt 0.447975755 0.0872615874
vn -0.00106685675 0.8240629 -0.566497307
v -0.0845355377 -0.178492237 -0.491513311
vt 0.496699989 0.105099998
vn -0.0013948917 0.823372724 -0.567499262
v -0.0409474037 -0.213965149 -0.543087349
vt 0.447975755 0.0872615874
vn -0.00106685675 0.8240629 -0.566497307
v -0.0849277731 -0.214000877 -0.542921167
vt 0.448000014 0.105099998
vn -0.00281580187 0.822808346 -0.568311971
v 0.0309505315 -0.178492463 -0.491512955
vt 0.496699989 0.0581
vn -0.000863819096 0.824489428 -0.565876698
v -0.0409474037 -0.213965149 -0.543087349
vt 0.447975755 0.0872615874
vn -0.00106685675 0.8240629 -0.566497307
v -0.039960292 -0.178492317 -0.491513075
vt 0.496693701 0.0869590044
vn 3.3559264e-06 0.82392614 -0.566697199
v 0.0309505315 -0.178492463 -0.491512955
vt 0.496699989 0.0581
vn -0.000863819096 0.824489428 -0.565876698
v 0.03095055 -0.213929413 -0.543253613
vt 0.448000014 0.0581
vn -0.00171679892 0.825042538 -0.565068017
v -0.0409474037 -0.213965149 -0.543087349
vt 0.447975755 0.0872615874
vn -0.00106685675 0.8240629 -0.566497307
v 0.146435903 -0.178609191 -0.254303735
vt 0.658100009 0.105099998
vn 0.000940991579 0.705243634 -0.708964408
v 0.101863511 -0.178557896 -0.254371264
vt 0.658100426 0.0869588181
vn 0.00145667823 0.705576006 -0.708632753
v 0.101863905 -0.115006248 -0.19109375
vt 0.7324 0.086960271
vn 0.000727595422 0.705652379 -0.708557825
v 0.146435903 -0.178609191 -0.254303735
vt 0.658100009 0.105099998
vn 0.000940991579 0.705243634 -0.708964408
v 0.101863905 -0.115006248 -0.19109375
vt 0.7324 0.086960271
vn 0.000727595422 0.705652379 -0.708557825
v 0.146435932 -0.115006342 -0.191094081
vt 0.7324 0.105099998
vn -3.75935468e-06 0.704910937 -0.709295827
v 0.0309498211 -0.178506595 -0.254438976
vt 0.658100009 0.0581
vn 0.000593484542 0.705909122 -0.708302167
v 0.101863905 -0.115006248 -0.19109375
vt 0.7324 0.086960271
vn 0.000727595422 0.705652379 -0.708557825
v 0.101863511 -0.178557896 -0.254371264
vt 0.658100426 0.0869588181
vn 0.00145667823 0.705576006 -0.708632753
v 0.0309498211 -0.178506595 -0.254438976
vt 0.658100009 0.0581
vn 0.000593484542 0.705909122 -0.708302167
v 0.030949876 -0.115006117 -0.191093617
vt 0.7324 0.0581
vn -2.67641956e-08 0.706241536 -0.707970968
v 0.101863905 -0.115006248 -0.19109375
vt 0.7324 0.086960271
vn 0.000727595422 0.705652379 -0.708557825
v 0.146435932 -0.115006342 -0.191094081
vt 0.7324 0.105099998
vn 2.25980312e-06 1 -5.07175104e-07
v 0.101863905 -0.115006248 -0.19109375
vt 0.7324 0.086960271
vn 1.95242481e-06 1 -5.23917111e-07
v 0.101860419 -0.115006064 0.158748569
vt 0.970264912 0.0871259496
vn 1.9349163e-06 1 -5.04349188e-07
v 0.146435932 -0.115006342 -0.191094081
vt 0.7324 0.105099998
vn 2.25980312e-06 1 -5.07175104e-07
v 0.101860419 -0.115006064 0.158748569
vt 0.970264912 0.0871259496
vn 1.9349163e-06 1 -5.04349188e-07
v 0.146434931 -0.115006181 0.138012098
vt 0.960773289 0.104054533
vn 2.39945639e-06 1 -4.89381057e-07
v 0.030949876 -0.115006117 -0.191093617
vt 0.7324 0.0581
vn 1.73675646e-06 1 -5.02625563e-07
v 0.101860419 -0.115006064 0.158748569
vt 0.970264912 0.0871259496
vn 1.9349163e-06 1 -5.04349188e-07
v 0.101863905 -0.115006248 -0.19109375
vt 0.7324 0.086960271
vn 1.95242481e-06 1 -5.23917111e-07
v 0.030949876 -0.115006117 -0.191093617
vt 0.7324 0.0581
vn 1.73675646e-06 1 -5.02625563e-07
v 0.0309488277 -0.115005949 0.158748807
vt 0.970399976 0.0581
vn 1.63170408e-06 1 -4.81332187e-07
v 0.101860419 -0.115006064 0.158748569
vt 0.970264912 0.0871259496
vn 1.9349163e-06 1 -5.04349188e-07
v 0.146434931 -0.115006181 0.138012098
vt 0.960773289 0.104054533
vn 0.360645322 0.518601936 0.775233503
v 0.101860419 -0.115006064 0.158748569
vt 0.970264912 0.0871259496
vn 0.360647809 0.518597896 0.775235048
v 0.101860028 -0.130535486 0.169137246
vt 0.986689031 0.0873877183
vn 0.360645322 0.518601936 0.775233503
v 0.146434931 -0.115006181 0.138012098
vt 0.960773289 0.104054533
vn 0.360645322 0.518601936 0.775233503
v 0.101860028 -0.130535486 0.169137246
vt 0.986689031 0.0873877183
vn 0.360645322 0.518601936 0.775233503
v 0.146434838 -0.130535573 0.148400819
vt 0.981767714 0.102151334
vn 0.360642835 0.518605976 0.775231957
v 0.103836109 -0.224666042 0.0867386819
vt 0.448163569 0.320880473
vn 2.03648388e-06 -0.658659991 0.752440706
v 0.101860028 -0.130535486 0.169137246
vt 0.520388722 0.321216822
vn 2.05583363e-06 -0.658659982 0.752440714
v 0.0309487367 -0.130535385 0.169137528
vt 0.520399988 0.343199998
vn 2.03648388e-06 -0.658659991 0.752440706
v 0.103836109 -0.224666042 0.0867386819
vt 0.448163569 0.320880473
vn 2.03648388e-06 -0.658659991 0.752440706
v 0.0309487367 -0.130535385 0.169137528
vt 0.520399988 0.343199998
vn 2.03648388e-06 -0.658659991 0.752440706
v 0.0309486208 -0.224665955 0.086738954
vt 0.448399991 0.343199998
vn 2.01765875e-06 -0.658659999 0.752440699
v 0.146435903 -0.178609191 -0.254303735
vt 0.207900003 0.158999994
vn 0.999964919 0.00831064541 -0.00104574297
v 0.147220795 -0.212075168 -0.102727948
vt 0.314438879 0.134674013
vn 0.999909914 0.0132711123 -0.00201041653
v 0.147221434 -0.282574731 -0.401894513
vt 0.107655562 0.0570508726
vn 0.999963016 0.00857266781 -0.000689712022
v 0.146435903 -0.178609191 -0.254303735
vt 0.207900003 0.158999994
vn 0.999964919 0.00831064541 -0.00104574297
v 0.147221434 -0.282574731 -0.401894513
vt 0.107655562 0.0570508726
vn 0.999963016 0.00857266781 -0.000689712022
v 0.146436609 -0.178492673 -0.491512688
vt 0.0445000008 0.158999994
vn 0.999968871 0.00788045067 0.000395142856
v 0.146434838 -0.130535573 0.148400819
vt 0.47863704 0.203855962
vn 0.999969342 0.00778437807 -0.000847782612
v 0.147220795 -0.212075168 -0.102727948
vt 0.314438879 0.134674013
vn 0.999909914 0.0132711123 -0.00201041653
v 0.146435903 -0.178609191 -0.254303735
vt 0.207900003 0.158999994
vn 0.999964919 0.00831064541 -0.00104574297
v 0.146434838 -0.130535573 0.148400819
vt 0.47863704 0.203855962
vn 0.999969342 0.00778437807 -0.000847782612
v 0.147220298 -0.195454851 0.0867383172
vt 0.439554751 0.140559003
vn 0.999912277 0.0131948832 -0.00115485572
v 0.147220795 -0.212075168 -0.102727948
vt 0.314438879 0.134674013
vn 0.999909914 0.0132711123 -0.00201041653
v 0.146435932 -0.115006342 -0.191094081
vt 0.250800014 0.217099994
vn 1 -3.58104811e-06 3.05852958e-06
v 0.146434838 -0.130535573 0.148400819
vt 0.47863704 0.203855962
vn 0.999969342 0.00778437807 -0.000847782612
v 0.146435903 -0.178609191 -0.254303735
vt 0.207900003 0.158999994
vn 0.999964919 0.00831064541 -0.00104574297
v 0.146435932 -0.115006342 -0.191094081
vt 0.250800014 0.217099994
vn 1 -3.58104811e-06 3.05852958e-06
v 0.146434931 -0.115006181 0.138012098
vt 0.4780927 0.220518798
vn 1 -3.92781937e-06 3.04266751e-06
v 0.146434838 -0.130535573 0.148400819
vt 0.47863704 0.203855962
vn 0.999969342 0.00778437807 -0.000847782612
v 0.147221434 -0.282574731 -0.401894513
vt 0.107655562 0.0570508726
vn 0.999963016 0.00857266781 -0.000689712022
v 0.146828867 -0.214001358 -0.542921348
vt 0.00829999987 0.124600001
vn 0.999976145 0.00688418923 0.00056382047
v 0.146436609 -0.178492673 -0.491512688
vt 0.0445000008 0.158999994
vn 0.999968871 0.00788045067 0.000395142856
v 0.147221434 -0.282574731 -0.401894513
vt 0.107655562 0.0570508726
vn 0.999963016 0.00857266781 -0.000689712022
v 0.147221819 -0.288326182 -0.543083923
vt 0.00904495176 0.0557594076
vn 0.999985999 0.00528734563 -0.000212661675
v 0.146828867 -0.214001358 -0.542921348
vt 0.00829999987 0.124600001
vn 0.999976145 0.00688418923 0.00056382047
v 0.103840893 -0.317537404 -0.543084087
vt 0.308199793 0.0188785866
vn -2.12629647e-06 -0.999171306 0.0407025868
v 0.103839577 -0.311785863 -0.401894558
vt 0.358932227 0.0188906547
vn -2.18455085e-06 -0.999171308 0.0407025567
v 0.0309497492 -0.311785716 -0.40189486
vt 0.358900011 0.0381000005
vn -2.12629647e-06 -0.999171306 0.0407025868
v 0.103840893 -0.317537404 -0.543084087
vt 0.308199793 0.0188785866
vn -2.12629647e-06 -0.999171306 0.0407025868
v 0.0309497492 -0.311785716 -0.40189486
vt 0.358900011 0.0381000005
vn -2.12629647e-06 -0.999171306 0.0407025868
v 0.0309501501 -0.317537257 -0.54308418
vt 0.308200002 0.0381000005
vn -2.06804274e-06 -0.999171305 0.0407026168
v 0.102852797 -0.213965382 -0.543087523
vt 0.505003691 0.269009888
vn 0.0017604143 -0.000635165093 -0.999998249
v 0.103840893 -0.317537404 -0.543084087
vt 0.57220161 0.268809766
vn 0.000813809661 0.000444300944 -0.99999957
v 0.0309501501 -0.317537257 -0.54308418
vt 0.5722 0.291999996
vn 0.0011475259 -0.000828916351 -0.999998998
v 0.102852797 -0.213965382 -0.543087523
vt 0.505003691 0.269009888
vn 0.0017604143 -0.000635165093 -0.999998249
v 0.0309501501 -0.317537257 -0.54308418
vt 0.5722 0.291999996
vn 0.0011475259 -0.000828916351 -0.999998998
v 0.03095055 -0.213929413 -0.543253613
vt 0.504999995 0.291999996
vn 0.00230912469 -0.00163533235 -0.999995997
v 0.146828867 -0.214001358 -0.542921348
vt 0.504999995 0.254999995
vn 0.00160120739 0.000906988563 -0.999998307
v 0.103840893 -0.317537404 -0.543084087
vt 0.57220161 0.268809766
vn 0.000813809661 0.000444300944 -0.99999957
v 0.102852797 -0.213965382 -0.543087523
vt 0.505003691 0.269009888
vn 0.0017604143 -0.000635165093 -0.999998249
v 0.146828867 -0.214001358 -0.542921348
vt 0.504999995 0.254999995
vn 0.00160120739 0.000906988563 -0.999998307
v 0.147221819 -0.288326182 -0.543083923
vt 0.553516984 0.255661994
vn -0.0014638853 0.00217960661 -0.999996553
v 0.103840893 -0.317537404 -0.543084087
vt 0.57220161 0.268809766
vn 0.000813809661 0.000444300944 -0.99999957
v 0.103839577 -0.311785863 -0.401894558
vt 0.358932227 0.0188906547
vn -2.63227636e-06 -0.973339271 0.229370146
v 0.103837805 -0.241286389 -0.102727963
vt 0.471775204 0.0188931506
vn -2.35124155e-06 -0.973339256 0.229370211
v 0.0309491245 -0.241286272 -0.102728213
vt 0.471799999 0.0381000005
vn -2.63227636e-06 -0.973339271 0.229370146
v 0.103839577 -0.311785863 -0.401894558
vt 0.358932227 0.0188906547
vn -2.63227636e-06 -0.973339271 0.229370146
v 0.0309491245 -0.241286272 -0.102728213
vt 0.471799999 0.0381000005
vn -2.63227636e-06 -0.973339271 0.229370146
v 0.0309497492 -0.311785716 -0.40189486
vt 0.358900011 0.0381000005
vn -2.91330671e-06 -0.973339286 0.229370081
v 0.103837805 -0.241286389 -0.102727963
vt 0.471775204 0.0188931506
vn -1.38562189e-06 -0.996174528 0.0873859812
v 0.103836109 -0.224666042 0.0867386819
vt 0.540200055 0.0188803058
vn -8.69326133e-07 -0.996174511 0.0873861783
v 0.0309486208 -0.224665955 0.086738954
vt 0.540199995 0.0381000005
vn -1.38562189e-06 -0.996174528 0.0873859812
v 0.103837805 -0.241286389 -0.102727963
vt 0.471775204 0.0188931506
vn -1.38562189e-06 -0.996174528 0.0873859812
v 0.0309486208 -0.224665955 0.086738954
vt 0.540199995 0.0381000005
vn -1.38562189e-06 -0.996174528 0.0873859812
v 0.0309491245 -0.241286272 -0.102728213
vt 0.471799999 0.0381000005
vn -1.90190779e-06 -0.996174545 0.0873857841
v 0.101863511 -0.178557896 -0.254371264
vt 0.658100426 0.0869588181
vn 0.000550805983 0.99999983 0.000193385158
v 0.101865923 -0.178492564 -0.491512835
vt 0.496693015 0.0869756714
vn 0.000321651575 0.999999892 0.000335580526
v 0.0309505315 -0.178492463 -0.491512955
vt 0.496699989 0.0581
vn 0.00036234188 0.99999992 0.000167572058
v 0.101863511 -0.178557896 -0.254371264
vt 0.658100426 0.0869588181
vn 0.000550805983 0.99999983 0.000193385158
v 0.0309505315 -0.178492463 -0.491512955
vt 0.496699989 0.0581
vn 0.00036234188 0.99999992 0.000167572058
v 0.0309498211 -0.178506595 -0.254438976
vt 0.658100009 0.0581
vn 0.000723374122 0.999999737 5.96117748e-05
v 0.146435903 -0.178609191 -0.254303735
vt 0.658100009 0.105099998
vn 0.000576366125 0.99999976 0.000383369966
v 0.101865923 -0.178492564 -0.491512835
vt 0.496693015 0.0869756714
vn 0.000321651575 0.999999892 0.000335580526
v 0.101863511 -0.178557896 -0.254371264
vt 0.658100426 0.0869588181
vn 0.000550805983 0.99999983 0.000193385158
v 0.146435903 -0.178609191 -0.254303735
vt 0.658100009 0.105099998
vn 0.000576366125 0.99999976 0.000383369966
v 0.146436609 -0.178492673 -0.491512688
vt 0.496699989 0.105099998
vn 2.4611744e-06 0.999999879 0.000491202872
v 0.101865923 -0.178492564 -0.491512835
vt 0.496693015 0.0869756714
vn 0.000321651575 0.999999892 0.000335580526
v 0.101865923 -0.178492564 -0.491512835
vt 0.496693015 0.0869756714
vn 0.000661697847 0.824357072 -0.566069766
v 0.102852797 -0.213965382 -0.543087523
vt 0.447983772 0.0872393474
vn 0.00154482314 0.82363001 -0.5671254
v 0.03095055 -0.213929413 -0.543253613
vt 0.448000014 0.0581
vn 0.000866795043 0.824490548 -0.565875061
v 0.101865923 -0.178492564 -0.491512835
vt 0.496693015 0.0869756714
vn 0.000661697847 0.824357072 -0.566069766
v 0.03095055 -0.213929413 -0.543253613
vt 0.448000014 0.0581
vn 0.000866795043 0.824490548 -0.565875061
v 0.0309505315 -0.178492463 -0.491512955
vt 0.496699989 0.0581
vn 2.1317992e-06 0.825043754 -0.565068849
v 0.146436609 -0.178492673 -0.491512688
vt 0.496699989 0.105099998
vn 0.0014015026 0.823375774 -0.56749482
v 0.102852797 -0.213965382 -0.543087523
vt 0.447983772 0.0872393474
vn 0.00154482314 0.82363001 -0.5671254
v 0.101865923 -0.178492564 -0.491512835
vt 0.496693015 0.0869756714
vn 0.000661697847 0.824357072 -0.566069766
v 0.146436609 -0.178492673 -0.491512688
vt 0.496699989 0.105099998
vn 0.0014015026 0.823375774 -0.56749482
v 0.146828867 -0.214001358 -0.542921348
vt 0.448000014 0.105099998
vn 0.00282061776 0.822812168 -0.568306414
v 0.102852797 -0.213965382 -0.543087523
vt 0.447983772 0.0872393474
vn 0.00154482314 0.82363001 -0.5671254
v -0.0845372226 -0.11500573 0.138012384
vt 0.960773289 0.104054533
vn -0.360662986 0.518607141 0.775221803
v -0.0845373003 -0.130535152 0.148401076
vt 0.981767714 0.102151334
vn -0.360666165 0.518601977 0.775223779
v -0.0399660746 -0.13053524 0.169137512
vt 0.986800015 0.0873886645
vn -0.360662986 0.518607141 0.775221803
v -0.0845372226 -0.11500573 0.138012384
vt 0.960773289 0.104054533
vn -0.360662986 0.518607141 0.775221803
v -0.0399660746 -0.13053524 0.169137512
vt 0.986800015 0.0873886645
vn -0.360662986 0.518607141 0.775221803
v -0.039965684 -0.115005833 0.158748716
vt 0.970558405 0.0871097147
vn -0.360659807 0.518612305 0.775219827
v 0.0309486208 -0.224665955 0.086738954
vt 0.448399991 0.343199998
vn -2.65169744e-06 -0.658660481 0.752440277
v 0.0309487367 -0.130535385 0.169137528
vt 0.520399988 0.343199998
vn -1.52172055e-06 -0.658659999 0.752440699
v -0.0399660746 -0.13053524 0.169137512
vt 0.520495713 0.321330011
vn -2.65169744e-06 -0.658660481 0.752440277
v 0.0309486208 -0.224665955 0.086738954
vt 0.448399991 0.343199998
vn -2.65169744e-06 -0.658660481 0.752440277
v -0.0399660746 -0.13053524 0.169137512
vt 0.520495713 0.321330011
vn -2.65169744e-06 -0.658660481 0.752440277
v -0.0419435838 -0.224665808 0.0867387193
vt 0.448390514 0.320725948
vn -3.75101948e-06 -0.65866095 0.752439867
v 0.0309501501 -0.317537257 -0.54308418
vt 0.308200002 0.0381000005
vn -1.505193e-06 -0.99917131 0.0407025029
v 0.0309497492 -0.311785716 -0.40189486
vt 0.358900011 0.0381000005
vn -1.284283e-06 -0.999171305 0.0407026168
v -0.0419401231 -0.311785628 -0.401895012
vt 0.358868212 0.018889511
vn -1.505193e-06 -0.99917131 0.0407025029
v 0.0309501501 -0.317537257 -0.54308418
vt 0.308200002 0.0381000005
vn -1.505193e-06 -0.99917131 0.0407025029
v -0.0419401231 -0.311785628 -0.401895012
vt 0.358868212 0.018889511
vn -1.505193e-06 -0.99917131 0.0407025029
v -0.0419388596 -0.317537139 -0.543084393
vt 0.308200002 0.0188780297
vn -1.72610552e-06 -0.999171314 0.0407023891
v 0.0309497492 -0.311785716 -0.40189486
vt 0.358900011 0.0381000005
vn -2.05814335e-06 -0.973339264 0.229370176
v 0.0309491245 -0.241286272 -0.102728213
vt 0.471799999 0.0381000005
vn -2.46781762e-06 -0.973339286 0.229370081
v -0.0419419916 -0.241286125 -0.102728373
vt 0.471823424 0.0188934952
vn -2.05814335e-06 -0.973339264 0.229370176
v 0.0309497492 -0.311785716 -0.40189486
vt 0.358900011 0.0381000005
vn -2.05814335e-06 -0.973339264 0.229370176
v -0.0419419916 -0.241286125 -0.102728373
vt 0.471823424 0.0188934952
vn -2.05814335e-06 -0.973339264 0.229370176
v -0.0419401231 -0.311785628 -0.401895012
vt 0.358868212 0.018889511
vn -1.64846211e-06 -0.973339242 0.22937027
v 0.0309491245 -0.241286272 -0.102728213
vt 0.471799999 0.0381000005
vn -2.24663627e-06 -0.996174544 0.0873858011
v 0.0309486208 -0.224665955 0.086738954
vt 0.540199995 0.0381000005
vn -2.2912861e-06 -0.996174545 0.0873857841
v -0.0419435838 -0.224665808 0.0867387193
vt 0.540198326 0.0188833848
vn -2.24663627e-06 -0.996174544 0.0873858011
v 0.0309491245 -0.241286272 -0.102728213
vt 0.471799999 0.0381000005
vn -2.24663627e-06 -0.996174544 0.0873858011
v -0.0419435838 -0.224665808 0.0867387193
vt 0.540198326 0.0188833848
vn -2.24663627e-06 -0.996174544 0.0873858011
v -0.0419419916 -0.241286125 -0.102728373
vt 0.471823424 0.0188934952
vn -2.20198575e-06 -0.996174542 0.0873858182
v 0.0309488277 -0.115005949 0.158748807
vt 0.970399976 0.0581
vn 3.89207638e-06 0.556024026 0.831166218
v 0.0309487367 -0.130535385 0.169137528
vt 0.986800015 0.0581
vn 4.09565376e-06 0.556024668 0.831165789
v 0.101860028 -0.130535486 0.169137246
vt 0.986689031 0.0873877183
vn 3.89207638e-06 0.556024026 0.831166218
v 0.0309488277 -0.115005949 0.158748807
vt 0.970399976 0.0581
vn 3.89207638e-06 0.556024026 0.831166218
v 0.101860028 -0.130535486 0.169137246
vt 0.986689031 0.0873877183
vn 3.89207638e-06 0.556024026 0.831166218
v 0.101860419 -0.115006064 0.158748569
vt 0.970264912 0.0871259496
vn 3.68849946e-06 0.556023384 0.831166648
v 0.147220298 -0.195454851 0.0867383172
vt 0.464393735 0.30809164
vn 0.369165972 -0.6203713 0.691994173
v 0.146434838 -0.130535573 0.148400819
vt 0.514101624 0.306635529
vn 0.320415764 -0.650335502 0.688765179
v 0.101860028 -0.130535486 0.169137246
vt 0.520388722 0.321216822
vn 0.369165972 -0.6203713 0.691994173
v 0.147220298 -0.195454851 0.0867383172
vt 0.464393735 0.30809164
vn 0.369165972 -0.6203713 0.691994173
v 0.101860028 -0.130535486 0.169137246
vt 0.520388722 0.321216822
vn 0.369165972 -0.6203713 0.691994173
v 0.103836109 -0.224666042 0.0867386819
vt 0.448163569 0.320880473
vn 0.402707891 -0.598089353 0.692903659
v 0.147221819 -0.288326182 -0.543083923
vt 0.309037596 0.00532353856
vn 0.558217714 -0.829006824 0.0337737952
v 0.147221434 -0.282574731 -0.401894513
vt 0.361620843 0.00544524426
vn 0.558213072 -0.829010029 0.0337718365
v 0.103839577 -0.311785863 -0.401894558
vt 0.358932227 0.0188906547
vn 0.558217714 -0.829006824 0.0337737952
v 0.147221819 -0.288326182 -0.543083923
vt 0.309037596 0.00532353856
vn 0.558217714 -0.829006824 0.0337737952
v 0.103839577 -0.311785863 -0.401894558
vt 0.358932227 0.0188906547
vn 0.558217714 -0.829006824 0.0337737952
v 0.103840893 -0.317537404 -0.543084087
vt 0.308199793 0.0188785866
vn 0.558222355 -0.829003619 0.033775754
v 0.147221434 -0.282574731 -0.401894513
vt 0.361620843 0.00544524426
vn 0.548152948 -0.814079126 0.19184244
v 0.147220795 -0.212075168 -0.102727948
vt 0.474988163 0.00547728688
vn 0.548148672 -0.814082056 0.191842225
v 0.103837805 -0.241286389 -0.102727963
vt 0.471775204 0.0188931506
vn 0.548152948 -0.814079126 0.19184244
v 0.147221434 -0.282574731 -0.401894513
vt 0.361620843 0.00544524426
vn 0.548152948 -0.814079126 0.19184244
v 0.103837805 -0.241286389 -0.102727963
vt 0.471775204 0.0188931506
vn 0.548152948 -0.814079126 0.19184244
v 0.103839577 -0.311785863 -0.401894558
vt 0.358932227 0.0188906547
vn 0.548157225 -0.814076195 0.191842656
v 0.147220795 -0.212075168 -0.102727948
vt 0.474988163 0.00547728688
vn 0.557044666 -0.827305251 0.0725759024
v 0.147220298 -0.195454851 0.0867383172
vt 0.541979373 0.00536061917
vn 0.557039449 -0.82730889 0.0725744659
v 0.103836109 -0.224666042 0.0867386819
vt 0.540200055 0.0188803058
vn 0.557044666 -0.827305251 0.0725759024
v 0.147220795 -0.212075168 -0.102727948
vt 0.474988163 0.00547728688
vn 0.557044666 -0.827305251 0.0725759024
v 0.103836109 -0.224666042 0.0867386819
vt 0.540200055 0.0188803058
vn 0.557044666 -0.827305251 0.0725759024
v 0.103837805 -0.241286389 -0.102727963
vt 0.471775204 0.0188931506
vn 0.557049884 -0.827301612 0.0725773389
v 0.324513487 -0.0275869255 -0.501942752
vt 0.859300017 0.192599997
vn 0.630773736 -0.592329623 -0.501268503
v 0.359666087 -0.0982369442 -0.376555306
vt 0.773100019 0.165199995
vn 0.586943976 -0.623843754 -0.516057884
v 0.344546343 -0.116691103 -0.371443343
vt 0.770709693 0.154580727
vn 0.630773736 -0.592329623 -0.501268503
v 0.324513487 -0.0275869255 -0.501942752
vt 0.859300017 0.192599997
vn 0.630773736 -0.592329623 -0.501268503
v 0.344546343 -0.116691103 -0.371443343
vt 0.770709693 0.154580727
vn 0.630773736 -0.592329623 -0.501268503
v 0.313399299 -0.0413954475 -0.501942752
vt 0.857347012 0.17055665
vn 0.683243579 -0.549928334 -0.480371771
v 0.278702523 0.113700646 -0.501942913
vt 0.861001849 0.321261883
vn -0.789165818 0.563264228 -0.244848363
v 0.278702452 0.171918004 -0.366331751
vt 0.771838605 0.318218708
vn -0.796196727 0.555971357 -0.238676815
v 0.302034605 0.204677534 -0.367855249
vt 0.76930207 0.305276901
vn -0.789165818 0.563264228 -0.244848363
v 0.278702523 0.113700646 -0.501942913
vt 0.861001849 0.321261883
vn -0.789165818 0.563264228 -0.244848363
v 0.302034605 0.204677534 -0.367855249
vt 0.76930207 0.305276901
vn -0.789165818 0.563264228 -0.244848363
v 0.292259743 0.131963008 -0.501942915
vt 0.858642161 0.303182662
vn -0.7762015 0.576219807 -0.255894441
v 0.324513487 -0.0275869255 -0.501942752
vt 0.859300017 0.192599997
vn 0.962877884 3.55905139e-06 -0.269937365
v 0.324513614 0.111536704 -0.501942884
vt 0.859300017 0.253699988
vn 0.962879787 -1.13836102e-06 -0.269930574
v 0.359666274 0.167926114 -0.37654871
vt 0.772899985 0.272100002
vn 0.962877884 3.55905139e-06 -0.269937365
v 0.324513487 -0.0275869255 -0.501942752
vt 0.859300017 0.192599997
vn 0.962877884 3.55905139e-06 -0.269937365
v 0.359666274 0.167926114 -0.37654871
vt 0.772899985 0.272100002
vn 0.962877884 3.55905139e-06 -0.269937365
v 0.359666087 -0.0982369442 -0.376555306
vt 0.773100019 0.165199995
vn 0.962876889 6.01448349e-06 -0.269940914
v 0.278702072 -0.0879675885 -0.163582219
vt 0.0820999965 0.555567801
vn -1 6.72447553e-07 -1.01111229e-06
v 0.278702165 0.171918372 -0.0899143893
vt 0.0974428654 0.524215937
vn -1 6.51390977e-07 -1.03810274e-06
v 0.278702452 0.171918004 -0.366331751
vt 0.0384000018 0.524232268
vn -1 6.81208707e-07 -9.54801861e-07
v 0.278702072 -0.0879675885 -0.163582219
vt 0.0820999965 0.555567801
vn -1 6.72447553e-07 -1.01111229e-06
v 0.278702452 0.171918004 -0.366331751
vt 0.0384000018 0.524232268
vn -1 6.81208707e-07 -9.54801861e-07
v 0.278702269 -0.0879678437 -0.366331406
vt 0.0383687951 0.555559516
vn -1 7.0115504e-07 -9.15112412e-07
v 0.278702422 -0.029750799 -0.501942779
vt 0.00929999072 0.549321473
vn -1 7.01155188e-07 -8.26600158e-07
v 0.278702269 -0.0879678437 -0.366331406
vt 0.0383687951 0.555559516
vn -1 7.0115504e-07 -9.15112412e-07
v 0.278702452 0.171918004 -0.366331751
vt 0.0384000018 0.524232268
vn -1 6.81208707e-07 -9.54801861e-07
v 0.278702422 -0.029750799 -0.501942779
vt 0.00929999072 0.549321473
vn -1 7.01155188e-07 -8.26600158e-07
v 0.278702452 0.171918004 -0.366331751
vt 0.0384000018 0.524232268
vn -1 6.81208707e-07 -9.54801861e-07
v 0.278702523 0.113700646 -0.501942913
vt 0.00934008323 0.532065749
vn -1 7.01155243e-07 -8.2660024e-07
v 0.292259617 -0.0479067186 -0.501942761
vt 0.649068832 0.478893638
vn 6.55024097e-07 -8.74917587e-07 -1
v 0.278702422 -0.029750799 -0.501942779
vt 0.642932177 0.467881083
vn 5.03908347e-08 -9.39057047e-07 -1
v 0.278702523 0.113700646 -0.501942913
vt 0.640257776 0.398640126
vn 6.08284373e-07 -8.92255867e-07 -1
v 0.292259617 -0.0479067186 -0.501942761
vt 0.649068832 0.478893638
vn 6.55024097e-07 -8.74917587e-07 -1
v 0.278702523 0.113700646 -0.501942913
vt 0.640257776 0.398640126
vn 6.08284373e-07 -8.92255867e-07 -1
v 0.292259743 0.131963008 -0.501942915
vt 0.648860335 0.387686968
vn 7.182742e-07 -8.64269515e-07 -1
v 0.313399299 -0.0413954475 -0.501942752
vt 0.663446486 0.479105264
vn 6.96456328e-07 -8.70085951e-07 -1
v 0.292259617 -0.0479067186 -0.501942761
vt 0.649068832 0.478893638
vn 6.55024097e-07 -8.74917587e-07 -1
v 0.292259743 0.131963008 -0.501942915
vt 0.648860335 0.387686968
vn 7.182742e-07 -8.64269515e-07 -1
v 0.313399299 -0.0413954475 -0.501942752
vt 0.663446486 0.479105264
vn 6.96456328e-07 -8.70085951e-07 -1
v 0.292259743 0.131963008 -0.501942915
vt 0.648860335 0.387686968
vn 7.182742e-07 -8.64269515e-07 -1
v 0.313399416 0.125451722 -0.501942898
vt 0.663457274 0.38738966
vn 5.49898913e-07 -8.96683453e-07 -1
v 0.324513487 -0.0275869255 -0.501942752
vt 0.671599984 0.475100011
vn 6.0497035e-07 -9.1316349e-07 -1
v 0.313399299 -0.0413954475 -0.501942752
vt 0.663446486 0.479105264
vn 6.96456328e-07 -8.70085951e-07 -1
v 0.313399416 0.125451722 -0.501942898
vt 0.663457274 0.38738966
vn 5.49898913e-07 -8.96683453e-07 -1
v 0.324513487 -0.0275869255 -0.501942752
vt 0.671599984 0.475100011
vn 6.0497035e-07 -9.1316349e-07 -1
v 0.313399416 0.125451722 -0.501942898
vt 0.663457274 0.38738966
vn 5.49898913e-07 -8.96683453e-07 -1
v 0.324513614 0.111536704 -0.501942884
vt 0.671599984 0.391400009
vn 7.04424828e-08 -9.51982315e-07 -1
v 0.359666274 0.167926114 -0.37654871
vt 0.772899985 0.272100002
vn 0.999593107 0.00343483048 -0.0283164507
v 0.366718205 0.182224369 -0.0935895856
vt 0.578299999 0.275700003
vn 0.999664283 0.00596068764 -0.0252149163
v 0.366718078 -0.0982900403 -0.159906894
vt 0.624300003 0.164299995
vn 0.999593107 0.00343483048 -0.0283164507
v 0.359666274 0.167926114 -0.37654871
vt 0.772899985 0.272100002
vn 0.999593107 0.00343483048 -0.0283164507
v 0.366718078 -0.0982900403 -0.159906894
vt 0.624300003 0.164299995
vn 0.999593107 0.00343483048 -0.0283164507
v 0.359666087 -0.0982369442 -0.376555306
vt 0.773100019 0.165199995
vn 0.999470657 1.05457848e-07 -0.0325331611
v 0.278702452 0.171918004 -0.366331751
vt 0.771838605 0.318218708
vn -0.81333131 0.581800732 0.000296107232
v 0.278702165 0.171918372 -0.0899143893
vt 0.57831502 0.317827433
vn -0.812219143 0.583352435 -1.62029478e-06
v 0.303797304 0.206859089 -0.0904827822
vt 0.578012526 0.305733413
vn -0.81333131 0.581800732 0.000296107232
v 0.278702452 0.171918004 -0.366331751
vt 0.771838605 0.318218708
vn -0.81333131 0.581800732 0.000296107232
v 0.303797304 0.206859089 -0.0904827822
vt 0.578012526 0.305733413
vn -0.81333131 0.581800732 0.000296107232
v 0.302034605 0.204677534 -0.367855249
vt 0.76930207 0.305276901
vn -0.814513006 0.58014497 0.000613341013
v 0.278702269 -0.0879678437 -0.366331406
vt 0.775243938 0.117676914
vn -0.821447416 -0.570272404 0.00367794925
v 0.302034375 -0.122894 -0.367855912
vt 0.772053838 0.131486744
vn -0.831350538 -0.555699166 0.00739725231
v 0.303797177 -0.122804449 -0.163013721
vt 0.629511893 0.131531611
vn -0.821447416 -0.570272404 0.00367794925
v 0.278702269 -0.0879678437 -0.366331406
vt 0.775243938 0.117676914
vn -0.821447416 -0.570272404 0.00367794925
v 0.303797177 -0.122804449 -0.163013721
vt 0.629511893 0.131531611
vn -0.821447416 -0.570272404 0.00367794925
v 0.278702072 -0.0879675885 -0.163582219
vt 0.631409347 0.117675707
vn -0.811395542 -0.584497454 -5.49586668e-08
v 0.348072217 -0.116719367 -0.161744491
vt 0.693204701 0.381470323
vn 0.000587953894 -0.218368256 0.975866261
v 0.366718078 -0.0982900403 -0.159906894
vt 0.685899973 0.38499999
vn 0.130368392 -0.228107674 0.96486837
v 0.366718205 0.182224369 -0.0935895856
vt 0.685800016 0.480800003
vn -0.000678474355 -0.222241795 0.974991346
v 0.348072217 -0.116719367 -0.161744491
vt 0.693204701 0.381470323
vn 0.000587953894 -0.218368256 0.975866261
v 0.366718205 0.182224369 -0.0935895856
vt 0.685800016 0.480800003
vn -0.000678474355 -0.222241795 0.974991346
v 0.348072367 0.200767835 -0.0917519211
vt 0.693165362 0.484482825
vn -0.0201912012 -0.215070305 0.976389819
v 0.303797177 -0.122804449 -0.163013721
vt 0.710106373 0.381703168
vn -0.0716122024 -0.214480733 0.974099434
v 0.348072217 -0.116719367 -0.161744491
vt 0.693204701 0.381470323
vn 0.000587953894 -0.218368256 0.975866261
v 0.348072367 0.200767835 -0.0917519211
vt 0.693165362 0.484482825
vn -0.0201912012 -0.215070305 0.976389819
v 0.303797177 -0.122804449 -0.163013721
vt 0.710106373 0.381703168
vn -0.0716122024 -0.214480733 0.974099434
v 0.348072367 0.200767835 -0.0917519211
vt 0.693165362 0.484482825
vn -0.0201912012 -0.215070305 0.976389819
v 0.303797304 0.206859089 -0.0904827822
vt 0.709922075 0.484236687
vn -0.000525245012 -0.227932038 0.973676902
v 0.278702072 -0.0879675885 -0.163582219
vt 0.718984365 0.392024904
vn 0.00049602387 -0.240693414 0.970601069
v 0.303797177 -0.122804449 -0.163013721
vt 0.710106373 0.381703168
vn -0.0716122024 -0.214480733 0.974099434
v 0.303797304 0.206859089 -0.0904827822
vt 0.709922075 0.484236687
vn -0.000525245012 -0.227932038 0.973676902
v 0.278702072 -0.0879675885 -0.163582219
vt 0.718984365 0.392024904
vn 0.00049602387 -0.240693414 0.970601069
v 0.303797304 0.206859089 -0.0904827822
vt 0.709922075 0.484236687
vn -0.000525245012 -0.227932038 0.973676902
v 0.278702165 0.171918372 -0.0899143893
vt 0.717869461 0.473813981
vn 0.372593252 -0.253080332 0.892818355
v 0.313399299 -0.0413954475 -0.501942752
vt 0.857347012 0.17055665
vn 0.141543404 -0.851212592 -0.505373711
v 0.344546343 -0.116691103 -0.371443343
vt 0.770709693 0.154580727
vn 0.0814578802 -0.854746308 -0.512614243
v 0.302034375 -0.122894 -0.367855912
vt 0.772053838 0.131486744
vn 0.141543404 -0.851212592 -0.505373711
v 0.313399299 -0.0413954475 -0.501942752
vt 0.857347012 0.17055665
vn 0.141543404 -0.851212592 -0.505373711
v 0.302034375 -0.122894 -0.367855912
vt 0.772053838 0.131486744
vn 0.141543404 -0.851212592 -0.505373711
v 0.292259617 -0.0479067186 -0.501942761
vt 0.858688533 0.135371417
vn 0.257280974 -0.835295176 -0.485889359
v 0.324513614 0.111536704 -0.501942884
vt 0.859300017 0.253699988
vn 0.715233763 0.537970595 -0.446125882
v 0.313399416 0.125451722 -0.501942898
vt 0.857627988 0.273196548
vn 0.696028351 0.555931059 -0.454406418
v 0.34454656 0.193125526 -0.371440197
vt 0.7694543 0.282868683
vn 0.715233763 0.537970595 -0.446125882
v 0.324513614 0.111536704 -0.501942884
vt 0.859300017 0.253699988
vn 0.715233763 0.537970595 -0.446125882
v 0.34454656 0.193125526 -0.371440197
vt 0.7694543 0.282868683
vn 0.715233763 0.537970595 -0.446125882
v 0.359666274 0.167926114 -0.37654871
vt 0.772899985 0.272100002
vn 0.727631091 0.525873362 -0.440465892
v 0.34454656 0.193125526 -0.371440197
vt 0.7694543 0.282868683
vn 0.78801507 0.614433705 -0.0387746187
v 0.348072367 0.200767835 -0.0917519211
vt 0.57778877 0.285816461
vn 0.703473487 0.710158928 -0.0282727824
v 0.366718205 0.182224369 -0.0935895856
vt 0.578299999 0.275700003
vn 0.78801507 0.614433705 -0.0387746187
v 0.34454656 0.193125526 -0.371440197
vt 0.7694543 0.282868683
vn 0.78801507 0.614433705 -0.0387746187
v 0.366718205 0.182224369 -0.0935895856
vt 0.578299999 0.275700003
vn 0.78801507 0.614433705 -0.0387746187
v 0.359666274 0.167926114 -0.37654871
vt 0.772899985 0.272100002
vn 0.852237862 0.520987653 -0.0475656558
v 0.366718078 -0.0982900403 -0.159906894
vt 0.624300003 0.164299995
vn 0.736655528 -0.676017649 -0.0184057562
v 0.348072217 -0.116719367 -0.161744491
vt 0.627014399 0.153623208
vn 0.703509239 -0.710586065 -0.0119245737
v 0.344546343 -0.116691103 -0.371443343
vt 0.770709693 0.154580727
vn 0.736655528 -0.676017649 -0.0184057562
v 0.366718078 -0.0982900403 -0.159906894
vt 0.624300003 0.164299995
vn 0.736655528 -0.676017649 -0.0184057562
v 0.344546343 -0.116691103 -0.371443343
vt 0.770709693 0.154580727
vn 0.736655528 -0.676017649 -0.0184057562
v 0.359666087 -0.0982369442 -0.376555306
vt 0.773100019 0.165199995
vn 0.76984661 -0.637730661 -0.0252151033
v 0.313399416 0.125451722 -0.501942898
vt 0.857627988 0.273196548
vn 0.213672155 0.848889558 -0.483457059
v 0.292259743 0.131963008 -0.501942915
vt 0.858642161 0.303182662
vn 0.259044149 0.841016802 -0.474959859
v 0.302034605 0.204677534 -0.367855249
vt 0.76930207 0.305276901
vn 0.213672155 0.848889558 -0.483457059
v 0.313399416 0.125451722 -0.501942898
vt 0.857627988 0.273196548
vn 0.213672155 0.848889558 -0.483457059
v 0.302034605 0.204677534 -0.367855249
vt 0.76930207 0.305276901
vn 0.213672155 0.848889558 -0.483457059
v 0.34454656 0.193125526 -0.371440197
vt 0.7694543 0.282868683
vn 0.190467228 0.85217295 -0.487363825
v 0.302034605 0.204677534 -0.367855249
vt 0.76930207 0.305276901
vn 0.198152792 0.979983794 -0.0191633671
v 0.303797304 0.206859089 -0.0904827822
vt 0.578012526 0.305733413
vn 0.136045093 0.990664829 -0.00865621695
v 0.348072367 0.200767835 -0.0917519211
vt 0.57778877 0.285816461
vn 0.198152792 0.979983794 -0.0191633671
v 0.302034605 0.204677534 -0.367855249
vt 0.76930207 0.305276901
vn 0.198152792 0.979983794 -0.0191633671
v 0.348072367 0.200767835 -0.0917519211
vt 0.57778877 0.285816461
vn 0.198152792 0.979983794 -0.0191633671
v 0.34454656 0.193125526 -0.371440197
vt 0.7694543 0.282868683
vn 0.259782158 0.96521199 -0.0296486861
v 0.348072217 -0.116719367 -0.161744491
vt 0.627014399 0.153623208
vn 0.140146375 -0.990129435 -0.00164159374
v 0.303797177 -0.122804449 -0.163013721
vt 0.629511893 0.131531611
vn 0.136179013 -0.990683971 -0.000738815846
v 0.302034375 -0.122894 -0.367855912
vt 0.772053838 0.131486744
vn 0.140146375 -0.990129435 -0.00164159374
v 0.348072217 -0.116719367 -0.161744491
vt 0.627014399 0.153623208
vn 0.140146375 -0.990129435 -0.00164159374
v 0.302034375 -0.122894 -0.367855912
vt 0.772053838 0.131486744
vn 0.140146375 -0.990129435 -0.00164159374
v 0.344546343 -0.116691103 -0.371443343
vt 0.770709693 0.154580727
vn 0.144168836 -0.9895498 -0.0025574308
v 0.278702422 -0.029750799 -0.501942779
vt 0.860688448 0.115554608
vn -0.799981333 -0.54899118 -0.242153984
v 0.292259617 -0.0479067186 -0.501942761
vt 0.858688533 0.135371417
vn -0.772347117 -0.576719083 -0.266223648
v 0.302034375 -0.122894 -0.367855912
vt 0.772053838 0.131486744
vn -0.799981333 -0.54899118 -0.242153984
v 0.278702422 -0.029750799 -0.501942779
vt 0.860688448 0.115554608
vn -0.799981333 -0.54899118 -0.242153984
v 0.302034375 -0.122894 -0.367855912
vt 0.772053838 0.131486744
vn -0.799981333 -0.54899118 -0.242153984
v 0.278702269 -0.0879678437 -0.366331406
vt 0.775243938 0.117676914
vn -0.81398765 -0.533775036 -0.22914693
v 0.391632712 0.0987367229 -0.304192884
vt 0.963100016 0.117200002
vn 0.932832147 0.0297665705 -0.359079568
v 0.409846675 0.111339832 -0.255142375
vt 0.963100016 0.151899993
vn 0.934392849 0.0308807314 -0.354903344
v 0.409846537 -0.0560414059 -0.26970686
vt 0.898400009 0.151999995
vn 0.932832147 0.0297665705 -0.359079568
v 0.391632712 0.0987367229 -0.304192884
vt 0.963100016 0.117200002
vn 0.932832147 0.0297665705 -0.359079568
v 0.409846537 -0.0560414059 -0.26970686
vt 0.898400009 0.151999995
vn 0.932832147 0.0297665705 -0.359079568
v 0.391632624 -0.0362018505 -0.314690353
vt 0.898400009 0.117299996
vn 0.930815956 0.0283466931 -0.364387324
v 0.365126436 -0.0629937331 -0.038746038
vt 0.879479647 0.318346083
vn -0.715228754 -0.698528125 -0.0225008546
v 0.365126676 -0.0549635476 -0.277099621
vt 0.879583299 0.144412473
vn -0.724960248 -0.688400116 -0.0231930827
v 0.377102548 -0.0676421446 -0.275119869
vt 0.884584665 0.147086129
vn -0.715228754 -0.698528125 -0.0225008546
v 0.365126436 -0.0629937331 -0.038746038
vt 0.879479647 0.318346083
vn -0.715228754 -0.698528125 -0.0225008546
v 0.377102548 -0.0676421446 -0.275119869
vt 0.884584665 0.147086129
vn -0.715228754 -0.698528125 -0.0225008546
v 0.37789225 -0.0757121253 -0.0387460198
vt 0.88472259 0.318461388
vn -0.705621674 -0.70825265 -0.0218228647
v 0.365126436 -0.0629937331 -0.038746038
vt 0.710046411 0.685020447
vn -0.0223363217 -0.158010215 0.987184816
v 0.37789225 -0.0757121253 -0.0387460198
vt 0.716045141 0.678752303
vn -0.0477271073 -0.154847319 0.986784896
v 0.377892438 0.134943886 -0.0067750121
vt 0.625915349 0.678997755
vn -0.0474981148 -0.153814536 0.986957455
v 0.365126436 -0.0629937331 -0.038746038
vt 0.710046411 0.685020447
vn -0.0223363217 -0.158010215 0.987184816
v 0.377892438 0.134943886 -0.0067750121
vt 0.625915349 0.678997755
vn -0.0474981148 -0.153814536 0.986957455
v 0.365126549 0.125834517 -0.00677501601
vt 0.631492019 0.684401929
vn 0.118284788 -0.165764965 0.979045804
v 0.402907421 0.122944433 -0.00677497201
vt 0.627585649 0.666845679
vn -0.0480766785 -0.157221492 0.986392435
v 0.377892438 0.134943886 -0.0067750121
vt 0.625915349 0.678997755
vn -0.0474981148 -0.153814536 0.986957455
v 0.37789225 -0.0757121253 -0.0387460198
vt 0.716045141 0.678752303
vn -0.0477271073 -0.154847319 0.986784896
v 0.402907421 0.122944433 -0.00677497201
vt 0.627585649 0.666845679
vn -0.0480766785 -0.157221492 0.986392435
v 0.37789225 -0.0757121253 -0.0387460198
vt 0.716045141 0.678752303
vn -0.0477271073 -0.154847319 0.986784896
v 0.402907275 -0.0703487157 -0.0387459963
vt 0.715426266 0.666062891
vn 0.0143178046 -0.16709798 0.985836328
v 0.412457595 0.111362067 -0.00677494246
vt 0.629499972 0.66140002
vn -0.0143015374 -0.172536189 0.98489935
v 0.402907421 0.122944433 -0.00677497201
vt 0.627585649 0.666845679
vn -0.0480766785 -0.157221492 0.986392435
v 0.402907275 -0.0703487157 -0.0387459963
vt 0.715426266 0.666062891
vn 0.0143178046 -0.16709798 0.985836328
v 0.412457595 0.111362067 -0.00677494246
vt 0.629499972 0.66140002
vn -0.0143015374 -0.172536189 0.98489935
v 0.402907275 -0.0703487157 -0.0387459963
vt 0.715426266 0.666062891
vn 0.0143178046 -0.16709798 0.985836328
v 0.412457494 -0.0603493466 -0.0387459845
vt 0.712499976 0.661199987
vn 0.188226678 -0.179773073 0.965532164
v 0.391632712 0.0987367229 -0.304192884
vt 0.963100016 0.117200002
vn 0.755920864 0.50876835 -0.411993221
v 0.383318977 0.108924092 -0.306798303
vt 0.971068144 0.11836838
vn 0.754599197 0.510318937 -0.412498041
v 0.401471458 0.122590095 -0.256684447
vt 0.967891693 0.150770769
vn 0.755920864 0.50876835 -0.411993221
v 0.391632712 0.0987367229 -0.304192884
vt 0.963100016 0.117200002
vn 0.755920864 0.50876835 -0.411993221
v 0.401471458 0.122590095 -0.256684447
vt 0.967891693 0.150770769
vn 0.755920864 0.50876835 -0.411993221
v 0.409846675 0.111339832 -0.255142375
vt 0.963100016 0.151899993
vn 0.757185586 0.507278791 -0.41150725
v 0.365126684 -0.0401568987 -0.322996929
vt 0.711799979 0.639599979
vn 0.305984007 0.064253781 -0.949865906
v 0.365126814 0.111305554 -0.312499469
vt 0.628700018 0.639800012
vn 0.279623855 0.066383162 -0.957811973
v 0.373608256 0.113929808 -0.309841516
vt 0.625053465 0.643921077
vn 0.31401374 0.0635250148 -0.947290844
v 0.365126684 -0.0401568987 -0.322996929
vt 0.711799979 0.639599979
vn 0.305984007 0.064253781 -0.949865906
v 0.373608256 0.113929808 -0.309841516
vt 0.625053465 0.643921077
vn 0.31401374 0.0635250148 -0.947290844
v 0.37360818 -0.0449744636 -0.320338912
vt 0.715183258 0.643973649
vn 0.315476025 0.0634619116 -0.946809096
v 0.37360818 -0.0449744636 -0.320338912
vt 0.715183258 0.643973649
vn 0.315476025 0.0634619116 -0.946809096
v 0.373608256 0.113929808 -0.309841516
vt 0.625053465 0.643921077
vn 0.31401374 0.0635250148 -0.947290844
v 0.383318977 0.108924092 -0.306798303
vt 0.62552774 0.649149895
vn 0.326914819 0.0640107958 -0.942883513
v 0.37360818 -0.0449744636 -0.320338912
vt 0.715183258 0.643973649
vn 0.315476025 0.0634619116 -0.946809096
v 0.383318977 0.108924092 -0.306798303
vt 0.62552774 0.649149895
vn 0.326914819 0.0640107958 -0.942883513
v 0.383318877 -0.0433993155 -0.317295762
vt 0.715000033 0.648749709
vn 0.301675385 0.0679867148 -0.95098358
v 0.383318877 -0.0433993155 -0.317295762
vt 0.715000033 0.648749709
vn 0.301675385 0.0679867148 -0.95098358
v 0.383318977 0.108924092 -0.306798303
vt 0.62552774 0.649149895
vn 0.326914819 0.0640107958 -0.942883513
v 0.391632712 0.0987367229 -0.304192884
vt 0.628799975 0.653699994
vn 0.309653622 0.069309041 -0.948320036
v 0.383318877 -0.0433993155 -0.317295762
vt 0.715000033 0.648749709
vn 0.301675385 0.0679867148 -0.95098358
v 0.391632712 0.0987367229 -0.304192884
vt 0.628799975 0.653699994
vn 0.309653622 0.069309041 -0.948320036
v 0.391632624 -0.0362018505 -0.314690353
vt 0.711899996 0.653199971
vn 0.238233136 0.0753268169 -0.968282419
v 0.365126676 -0.0549635476 -0.277099621
vt 0.879583299 0.144412473
vn -0.583305346 -0.758826212 -0.289719957
v 0.365126684 -0.0401568987 -0.322996929
vt 0.879999995 0.117299996
vn -0.406071984 -0.869704522 -0.280570113
v 0.37360818 -0.0449744636 -0.320338912
vt 0.885576367 0.117903113
vn -0.583305346 -0.758826212 -0.289719957
v 0.365126676 -0.0549635476 -0.277099621
vt 0.879583299 0.144412473
vn -0.583305346 -0.758826212 -0.289719957
v 0.37360818 -0.0449744636 -0.320338912
vt 0.885576367 0.117903113
vn -0.583305346 -0.758826212 -0.289719957
v 0.377102548 -0.0676421446 -0.275119869
vt 0.884584665 0.147086129
vn -0.672927829 -0.68079998 -0.289274133
v 0.409846675 0.111339832 -0.255142375
vt 0.963100016 0.151899993
vn 0.999939696 0.00149243685 -0.0108801535
v 0.412457595 0.111362067 -0.00677494246
vt 0.963100016 0.318300009
vn 0.999942834 0.0019566285 -0.0105119011
v 0.412457494 -0.0603493466 -0.0387459845
vt 0.898400009 0.318399996
vn 0.999939696 0.00149243685 -0.0108801535
v 0.409846675 0.111339832 -0.255142375
vt 0.963100016 0.151899993
vn 0.999939696 0.00149243685 -0.0108801535
v 0.412457494 -0.0603493466 -0.0387459845
vt 0.898400009 0.318399996
vn 0.999939696 0.00149243685 -0.0108801535
v 0.409846537 -0.0560414059 -0.26970686
vt 0.898400009 0.151999995
vn 0.999935833 0.000981188553 -0.011285732
v 0.409846675 0.111339832 -0.255142375
vt 0.963100016 0.151899993
vn 0.786767855 0.61721093 -0.00685639081
v 0.401471458 0.122590095 -0.256684447
vt 0.967891693 0.150770769
vn 0.802479396 0.596654875 -0.00545696733
v 0.402907421 0.122944433 -0.00677497201
vt 0.968034804 0.318284333
vn 0.786767855 0.61721093 -0.00685639081
v 0.409846675 0.111339832 -0.255142375
vt 0.963100016 0.151899993
vn 0.786767855 0.61721093 -0.00685639081
v 0.402907421 0.122944433 -0.00677497201
vt 0.968034804 0.318284333
vn 0.786767855 0.61721093 -0.00685639081
v 0.412457595 0.111362067 -0.00677494246
vt 0.963100016 0.318300009
vn 0.771520126 0.636152489 -0.00816742073
v 0.365126436 -0.0629937331 -0.038746038
vt 0.477821469 0.351225793
vn -1 7.457313e-07 -9.67389694e-07
v 0.365126549 0.125834517 -0.00677501601
vt 0.477532119 0.377573639
vn -1 7.60149695e-07 -9.55270987e-07
v 0.365126794 0.125808604 -0.263376165
vt 0.54550004 0.377468079
vn -1 7.457313e-07 -9.67389694e-07
v 0.365126436 -0.0629937331 -0.038746038
vt 0.477821469 0.351225793
vn -1 7.457313e-07 -9.67389694e-07
v 0.365126794 0.125808604 -0.263376165
vt 0.54550004 0.377468079
vn -1 7.457313e-07 -9.67389694e-07
v 0.365126676 -0.0549635476 -0.277099621
vt 0.545623362 0.351177484
vn -1 7.29558973e-07 -9.80982586e-07
v 0.402907275 -0.0703487157 -0.0387459963
vt 0.89445895 0.318455368
vn 0.720769051 -0.692849051 -0.0212642121
v 0.401471365 -0.0646472795 -0.271091416
vt 0.894578457 0.150963306
vn 0.718208656 -0.695495405 -0.021505073
v 0.409846537 -0.0560414059 -0.26970686
vt 0.898400009 0.151999995
vn 0.720769051 -0.692849051 -0.0212642121
v 0.402907275 -0.0703487157 -0.0387459963
vt 0.89445895 0.318455368
vn 0.720769051 -0.692849051 -0.0212642121
v 0.409846537 -0.0560414059 -0.26970686
vt 0.898400009 0.151999995
vn 0.720769051 -0.692849051 -0.0212642121
v 0.412457494 -0.0603493466 -0.0387459845
vt 0.898400009 0.318399996
vn 0.723001396 -0.690525701 -0.0210532166
v 0.377102771 0.134958834 -0.261171178
vt 0.979557395 0.147120938
vn 0.485344902 0.786218993 -0.382491858
v 0.401471458 0.122590095 -0.256684447
vt 0.967891693 0.150770769
vn 0.472994328 0.791445528 -0.387156741
v 0.383318977 0.108924092 -0.306798303
vt 0.971068144 0.11836838
vn 0.485344902 0.786218993 -0.382491858
v 0.377102771 0.134958834 -0.261171178
vt 0.979557395 0.147120938
vn 0.485344902 0.786218993 -0.382491858
v 0.383318977 0.108924092 -0.306798303
vt 0.971068144 0.11836838
vn 0.485344902 0.786218993 -0.382491858
v 0.373608256 0.113929808 -0.309841516
vt 0.978623927 0.117822349
vn 0.51470159 0.772974444 -0.370935012
v 0.401471365 -0.0646472795 -0.271091416
vt 0.894578457 0.150963306
vn 0.651986399 -0.559252818 -0.51200588
v 0.383318877 -0.0433993155 -0.317295762
vt 0.892203867 0.118340552
vn 0.647991132 -0.562669109 -0.513333193
v 0.391632624 -0.0362018505 -0.314690353
vt 0.898400009 0.117299996
vn 0.651986399 -0.559252818 -0.51200588
v 0.401471365 -0.0646472795 -0.271091416
vt 0.894578457 0.150963306
vn 0.651986399 -0.559252818 -0.51200588
v 0.391632624 -0.0362018505 -0.314690353
vt 0.898400009 0.117299996
vn 0.651986399 -0.559252818 -0.51200588
v 0.409846537 -0.0560414059 -0.26970686
vt 0.898400009 0.151999995
vn 0.65575169 -0.55600292 -0.510735229
v 0.377892438 0.134943886 -0.0067750121
vt 0.979375243 0.318229675
vn 0.442691127 0.896670523 -0.00255715523
v 0.402907421 0.122944433 -0.00677497201
vt 0.968034804 0.318284333
vn 0.432501298 0.901625456 -0.00376350578
v 0.401471458 0.122590095 -0.256684447
vt 0.967891693 0.150770769
vn 0.442691127 0.896670523 -0.00255715523
v 0.377892438 0.134943886 -0.0067750121
vt 0.979375243 0.318229675
vn 0.442691127 0.896670523 -0.00255715523
v 0.401471458 0.122590095 -0.256684447
vt 0.967891693 0.150770769
vn 0.442691127 0.896670523 -0.00255715523
v 0.377102771 0.134958834 -0.261171178
vt 0.979557395 0.147120938
vn 0.45280111 0.891610522 -0.00135314425
v 0.37789225 -0.0757121253 -0.0387460198
vt 0.88472259 0.318461388
vn 0.16916263 -0.985139121 -0.0297475538
v 0.377102548 -0.0676421446 -0.275119869
vt 0.884584665 0.147086129
vn 0.127486733 -0.991248125 -0.0342678756
v 0.401471365 -0.0646472795 -0.271091416
vt 0.894578457 0.150963306
vn 0.16916263 -0.985139121 -0.0297475538
v 0.37789225 -0.0757121253 -0.0387460198
vt 0.88472259 0.318461388
vn 0.16916263 -0.985139121 -0.0297475538
v 0.401471365 -0.0646472795 -0.271091416
vt 0.894578457 0.150963306
vn 0.16916263 -0.985139121 -0.0297475538
v 0.402907275 -0.0703487157 -0.0387459963
vt 0.89445895 0.318455368
vn 0.209575979 -0.977465492 -0.0252808479
v 0.377102548 -0.0676421446 -0.275119869
vt 0.884584665 0.147086129
vn 0.211557366 -0.860504408 -0.463438933
v 0.37360818 -0.0449744636 -0.320338912
vt 0.885576367 0.117903113
vn 0.278114371 -0.849916281 -0.447542972
v 0.383318877 -0.0433993155 -0.317295762
vt 0.892203867 0.118340552
vn 0.211557366 -0.860504408 -0.463438933
v 0.377102548 -0.0676421446 -0.275119869
vt 0.884584665 0.147086129
vn 0.211557366 -0.860504408 -0.463438933
v 0.383318877 -0.0433993155 -0.317295762
vt 0.892203867 0.118340552
vn 0.211557366 -0.860504408 -0.463438933
v 0.401471365 -0.0646472795 -0.271091416
vt 0.894578457 0.150963306
vn 0.183735112 -0.863677686 -0.46936368
v 0.365126794 0.125808604 -0.263376165
vt 0.984628439 0.144648761
vn -0.422615457 0.856567701 -0.296121509
v 0.377102771 0.134958834 -0.261171178
vt 0.979557395 0.147120938
vn -0.543772295 0.783909772 -0.299661744
v 0.373608256 0.113929808 -0.309841516
vt 0.978623927 0.117822349
vn -0.422615457 0.856567701 -0.296121509
v 0.365126794 0.125808604 -0.263376165
vt 0.984628439 0.144648761
vn -0.422615457 0.856567701 -0.296121509
v 0.373608256 0.113929808 -0.309841516
vt 0.978623927 0.117822349
vn -0.422615457 0.856567701 -0.296121509
v 0.365126814 0.111305554 -0.312499469
vt 0.984399974 0.1171
vn -0.203652725 0.93897505 -0.277220893
v 0.365126549 0.125834517 -0.00677501601
vt 0.984651029 0.318200409
vn -0.593856538 0.804570445 0.000900161653
v 0.377892438 0.134943886 -0.0067750121
vt 0.979375243 0.318229675
vn -0.580851953 0.814007115 0.00185084011
v 0.377102771 0.134958834 -0.261171178
vt 0.979557395 0.147120938
vn -0.593856538 0.804570445 0.000900161653
v 0.365126549 0.125834517 -0.00677501601
vt 0.984651029 0.318200409
vn -0.593856538 0.804570445 0.000900161653
v 0.377102771 0.134958834 -0.261171178
vt 0.979557395 0.147120938
vn -0.593856538 0.804570445 0.000900161653
v 0.365126794 0.125808604 -0.263376165
vt 0.984628439 0.144648761
vn -0.607111157 0.794616912 -8.0825804e-05
v 0.285423798 -0.100680259 -0.165643009
vt 0.502600014 0.208900005
vn -0.547381919 -0.835759637 -0.043345871
v 0.200316084 -0.0342575607 -0.184558479
vt 0.520799994 0.217999995
vn -0.615254626 -0.78832845 6.00823457e-07
v 0.200316228 -0.0342578151 -0.371587717
vt 0.567399979 0.217999995
vn -0.547381919 -0.835759637 -0.043345871
v 0.285423798 -0.100680259 -0.165643009
vt 0.502600014 0.208900005
vn -0.547381919 -0.835759637 -0.043345871
v 0.200316228 -0.0342578151 -0.371587717
vt 0.567399979 0.217999995
vn -0.547381919 -0.835759637 -0.043345871
v 0.28542403 -0.0775704743 -0.424197588
vt 0.587400019 0.208900005
vn -0.489881456 -0.868327424 -0.0776121394
v 0.28542419 0.149916836 -0.424197886
vt 0.390700012 0.0710999966
vn -0.453557068 0.891227236 -1.51829489e-06
v 0.200316341 0.106604441 -0.371587821
vt 0.390700012 0.0489999987
vn -0.453557068 0.891227236 -1.51829489e-06
v 0.200316176 0.106604737 -0.14893362
vt 0.310699999 0.0489999987
vn -0.541627584 0.839876568 -0.0353116298
v 0.28542419 0.149916836 -0.424197886
vt 0.390700012 0.0710999966
vn -0.592571181 0.803514123 -0.05678424
v 0.200316176 0.106604737 -0.14893362
vt 0.310699999 0.0489999987
vn -0.541627584 0.839876568 -0.0353116298
v 0.285423948 0.173026056 -0.0971929317
vt 0.310699999 0.0710999966
vn -0.592571181 0.803514123 -0.05678424
v 0.200316176 0.106604737 -0.14893362
vt 0.310699999 0.0489999987
vn -0.373474855 -0.225869508 0.8997219
v 0.200316084 -0.0342575607 -0.184558479
vt 0.260899991 0.0489999987
vn -0.376834568 -0.227110703 0.898006925
v 0.285423798 -0.100680259 -0.165643009
vt 0.260899991 0.0710999966
vn -0.373474855 -0.225869508 0.8997219
v 0.200316176 0.106604737 -0.14893362
vt 0.310699999 0.0489999987
vn -0.373474855 -0.225869508 0.8997219
v 0.285423798 -0.100680259 -0.165643009
vt 0.260899991 0.0710999966
vn -0.373474855 -0.225869508 0.8997219
v 0.285423948 0.173026056 -0.0971929317
vt 0.310699999 0.0710999966
vn -0.371738487 -0.225227491 0.900601507
v 0.200316341 0.106604441 -0.371587821
vt 0.575500011 0.432399988
vn -1 8.2533827e-07 -7.52326976e-07
v 0.200316228 -0.0342578151 -0.371587717
vt 0.575500011 0.416599989
vn -1 8.06940648e-07 -7.66183229e-07
v 0.200316084 -0.0342575607 -0.184558479
vt 0.5255 0.416700006
vn -1 8.2533827e-07 -7.52326976e-07
v 0.200316341 0.106604441 -0.371587821
vt 0.575500011 0.432399988
vn -1 8.2533827e-07 -7.52326976e-07
v 0.200316084 -0.0342575607 -0.184558479
vt 0.5255 0.416700006
vn -1 8.2533827e-07 -7.52326976e-07
v 0.200316176 0.106604737 -0.14893362
vt 0.5255 0.432399988
vn -1 8.40792249e-07 -7.40687741e-07
v 0.200316228 -0.0342578151 -0.371587717
vt 0.43779999 0.0489999987
vn -0.525806605 -5.37136014e-07 -0.850604147
v 0.200316341 0.106604441 -0.371587821
vt 0.390700012 0.0489999987
vn -0.525807131 -2.01003561e-07 -0.850603821
v 0.28542419 0.149916836 -0.424197886
vt 0.390700012 0.0710999966
vn -0.525806605 -5.37136014e-07 -0.850604147
v 0.200316228 -0.0342578151 -0.371587717
vt 0.43779999 0.0489999987
vn -0.525806605 -5.37136014e-07 -0.850604147
v 0.28542419 0.149916836 -0.424197886
vt 0.390700012 0.0710999966
vn -0.525806605 -5.37136014e-07 -0.850604147
v 0.28542403 -0.0775704743 -0.424197588
vt 0.43779999 0.0710999966
vn -0.525806279 -7.45272433e-07 -0.850604348
v 0.161746454 0.110103724 -0.298000972
vt 0.612100005 0.324400008
vn 0.584672326 0.811269334 0.00058286258
v 0.161746378 0.110103882 -0.196392542
vt 0.561100006 0.324400008
vn 0.585237813 0.810861703 -8.15965336e-07
v 0.203215947 0.0801732621 -0.236921018
vt 0.561100006 0.344099998
vn 0.584672326 0.811269334 0.00058286258
v 0.161746454 0.110103724 -0.298000972
vt 0.612100005 0.324400008
vn 0.584672326 0.811269334 0.00058286258
v 0.203215947 0.0801732621 -0.236921018
vt 0.561100006 0.344099998
vn 0.584672326 0.811269334 0.00058286258
v 0.203411641 0.0801731306 -0.331289317
vt 0.612100005 0.344099998
vn 0.584064135 0.811706611 0.00121006145
v 0.161746378 0.110103882 -0.196392542
vt 0.561100006 0.324400008
vn 0.698945491 3.73852508e-07 0.715174944
v 0.161746265 -0.0504555901 -0.196392339
vt 0.534399986 0.324400008
vn 0.698945558 4.15352032e-07 0.715174879
v 0.203215876 -0.0205251569 -0.236920906
vt 0.534399986 0.344099998
vn 0.698945491 3.73852508e-07 0.715174944
v 0.161746378 0.110103882 -0.196392542
vt 0.561100006 0.324400008
vn 0.698945491 3.73852508e-07 0.715174944
v 0.203215876 -0.0205251569 -0.236920906
vt 0.534399986 0.344099998
vn 0.698945491 3.73852508e-07 0.715174944
v 0.203215947 0.0801732621 -0.236921018
vt 0.561100006 0.344099998
vn 0.698945384 3.07683215e-07 0.715175049
v 0.203411641 0.0801731306 -0.331289317
vt 0.612100005 0.344099998
vn -0.624193958 -5.59625925e-07 -0.781269417
v 0.203411556 -0.0205252865 -0.331289145
vt 0.648100019 0.344099998
vn -0.624193491 -8.0389838e-07 -0.781269791
v 0.161746342 -0.050455729 -0.298000799
vt 0.648100019 0.324400008
vn -0.624193958 -5.59625925e-07 -0.781269417
v 0.203411641 0.0801731306 -0.331289317
vt 0.612100005 0.344099998
vn -0.624193958 -5.59625925e-07 -0.781269417
v 0.161746342 -0.050455729 -0.298000799
vt 0.648100019 0.324400008
vn -0.624193958 -5.59625925e-07 -0.781269417
v 0.161746454 0.110103724 -0.298000972
vt 0.612100005 0.324400008
vn -0.624194251 -4.06425235e-07 -0.781269183
v 0.203215876 -0.0205251569 -0.236920906
vt 0.614899993 0.428299993
vn 0.584671161 -0.811270171 0.000585124984
v 0.161746265 -0.0504555901 -0.196392339
vt 0.614899993 0.416299999
vn 0.585236549 -0.810862616 1.54926208e-06
v 0.161746342 -0.050455729 -0.298000799
vt 0.590200007 0.416299999
vn 0.584671161 -0.811270171 0.000585124984
v 0.203215876 -0.0205251569 -0.236920906
vt 0.614899993 0.428299993
vn 0.584671161 -0.811270171 0.000585124984
v 0.161746342 -0.050455729 -0.298000799
vt 0.590200007 0.416299999
vn 0.584671161 -0.811270171 0.000585124984
v 0.203411556 -0.0205252865 -0.331289145
vt 0.590200007 0.428299993
vn 0.584063077 -0.811707369 0.00121221397
v 0.0945270815 0.0102908961 -0.873
vt 0.975224495 -0.000748038292
vn 0.988609957 -0.150500342 0
v 0.0827852298 -0.0668392374 -0.980604644
vt 0.78374362 0.145800233
vn 0.976387298 -0.216027415 0
v 0.0945270815 0.0102908961 -0.980604644
vt 0.78374362 -0.000748038292
vn 0.988609957 -0.150500342 0
v 0.0945270815 0.0102908961 -0.873
vt 0.975224495 -0.000748038292
vn 0.988609957 -0.150500342 0
v 0.0827852298 -0.0668392374 -0.873
vt 0.975224495 0.145800233
vn 0.970363227 -0.241651003 0
v 0.0827852298 -0.0668392374 -0.980604644
vt 0.78374362 0.145800233
vn 0.976387298 -0.216027415 0
v 0.0827852298 -0.0668392374 -0.873
vt 0.975224495 0.145800233
vn 0.970363227 -0.241651003 0
v 0.0647956611 -0.124087332 -0.980604644
vt 0.78374362 0.292348266
vn 0.909625749 -0.415428691 0
v 0.0827852298 -0.0668392374 -0.980604644
vt 0.78374362 0.145800233
vn 0.976387298 -0.216027415 0
v 0.0827852298 -0.0668392374 -0.873
vt 0.975224495 0.145800233
vn 0.970363227 -0.241651003 0
v 0.0647956611 -0.124087332 -0.873
vt 0.975224495 0.292348266
vn 0.885135396 -0.46533357 0
v 0.0647956611 -0.124087332 -0.980604644
vt 0.78374362 0.292348266
vn 0.909625749 -0.415428691 0
v 0.0647956611 -0.124087332 -0.873
vt 0.975224495 0.292348266
vn 0.885135396 -0.46533357 0
v 0.0427281872 -0.154548436 -0.980604644
vt 0.78374362 0.438896537
vn 0.555883252 -0.831260374 0
v 0.0647956611 -0.124087332 -0.980604644
vt 0.78374362 0.292348266
vn 0.909625749 -0.415428691 0
v 0.0647956611 -0.124087332 -0.873
vt 0.975224495 0.292348266
vn 0.885135396 -0.46533357 0
v 0.0427281872 -0.154548436 -0.873
vt 0.975224495 0.438896537
vn 0.403691386 -0.914895221 0
v 0.0427281872 -0.154548436 -0.980604644
vt 0.78374362 0.438896537
vn 0.555883252 -0.831260374 0
v 0.0427281872 -0.154548436 -0.873
vt 0.975224495 0.438896537
vn 0.403691386 -0.914895221 0
v 0.0192444678 -0.15454848 -0.980604644
vt 0.78374362 0.58544457
vn -0.555881241 -0.83126172 0
v 0.0427281872 -0.154548436 -0.980604644
vt 0.78374362 0.438896537
vn 0.555883252 -0.831260374 0
v 0.0427281872 -0.154548436 -0.873
vt 0.975224495 0.438896537
vn 0.403691386 -0.914895221 0
v 0.0192444678 -0.15454848 -0.873
vt 0.975224495 0.58544457
vn -0.669360531 -0.742937736 0
v 0.0192444678 -0.15454848 -0.980604644
vt 0.78374362 0.58544457
vn -0.555881241 -0.83126172 0
v 0.0192444678 -0.15454848 -0.873
vt 0.975224495 0.58544457
vn -0.669360531 -0.742937736 0
v -0.00282301198 -0.124087443 -0.980604644
vt 0.78374362 0.731993079
vn -0.90962541 -0.415429433 0
v 0.0192444678 -0.15454848 -0.980604644
vt 0.78374362 0.58544457
vn -0.555881241 -0.83126172 0
v 0.0192444678 -0.15454848 -0.873
vt 0.975224495 0.58544457
vn -0.669360531 -0.742937736 0
v -0.00282301198 -0.124087443 -0.873
vt 0.975224495 0.731993079
vn -0.928335691 -0.371742982 0
v -0.00282301198 -0.124087443 -0.980604644
vt 0.78374362 0.731993079
vn -0.90962541 -0.415429433 0
v -0.00282301198 -0.124087443 -0.873
vt 0.975224495 0.731993079
vn -0.928335691 -0.371742982 0
v -0.0208125954 -0.0668394263 -0.980604644
vt 0.78374362 0.878541231
vn -0.976387202 -0.216027849 0
v -0.00282301198 -0.124087443 -0.980604644
vt 0.78374362 0.731993079
vn -0.90962541 -0.415429433 0
v -0.00282301198 -0.124087443 -0.873
vt 0.975224495 0.731993079
vn -0.928335691 -0.371742982 0
v -0.0208125954 -0.0668394263 -0.873
vt 0.975224495 0.878541231
vn -0.981312756 -0.192419528 0
v -0.0208125954 -0.0668394263 -0.980604644
vt 0.78374362 0.878541231
vn -0.976387202 -0.216027849 0
v -0.0208125954 -0.0668394263 -0.873
vt 0.975224495 0.878541231
vn -0.981312756 -0.192419528 0
v -0.0325544705 0.0102906738 -0.980604644
vt 0.78374362 1.0250895
vn -0.988609903 -0.150500699 0
v -0.0208125954 -0.0668394263 -0.980604644
vt 0.78374362 0.878541231
vn -0.976387202 -0.216027849 0
v -0.0208125954 -0.0668394263 -0.873
vt 0.975224495 0.878541231
vn -0.981312756 -0.192419528 0
v -0.0325544705 0.0102906738 -0.873
vt 0.975224376 1.0250895
vn -0.988609903 -0.150500699 0
v -0.0325544705 0.0102906738 -0.980604644
vt 0.78374362 1.0250895
vn -0.988609903 -0.150500699 0
v 0.0945270815 0.0102908961 -0.980604644
vt 0.78374362 -0.000748038292
vn 0.988609957 -0.150500342 0
v 0.0827852298 -0.0668392374 -0.980604644
vt 0.78374362 0.145800233
vn 0.976387298 -0.216027415 0
v 0.0827852298 -0.0668392374 -1.08820929
vt 0.592262745 0.145800114
vn 0.976387298 -0.216027417 0
v 0.0945270815 0.0102908961 -0.980604644
vt 0.78374362 -0.000748038292
vn 0.988609957 -0.150500342 0
v 0.0827852298 -0.0668392374 -1.08820929
vt 0.592262745 0.145800114
vn 0.976387298 -0.216027417 0
v 0.0945270815 0.0102908961 -1.08820929
vt 0.592262983 -0.000748157501
vn 0.988609957 -0.150500342 0
v 0.0827852298 -0.0668392374 -0.980604644
vt 0.78374362 0.145800233
vn 0.976387298 -0.216027415 0
v 0.0647956611 -0.124087332 -1.08820929
vt 0.592262745 0.292348266
vn 0.909625747 -0.415428694 0
v 0.0827852298 -0.0668392374 -1.08820929
vt 0.592262745 0.145800114
vn 0.976387298 -0.216027417 0
v 0.0827852298 -0.0668392374 -0.980604644
vt 0.78374362 0.145800233
vn 0.976387298 -0.216027415 0
v 0.0647956611 -0.124087332 -0.980604644
vt 0.78374362 0.292348266
vn 0.909625749 -0.415428691 0
v 0.0647956611 -0.124087332 -1.08820929
vt 0.592262745 0.292348266
vn 0.909625747 -0.415428694 0
v 0.0647956611 -0.124087332 -0.980604644
vt 0.78374362 0.292348266
vn 0.909625749 -0.415428691 0
v 0.0427281872 -0.154548436 -1.08820929
vt 0.592262745 0.438896418
vn 0.555883242 -0.831260381 0
v 0.0647956611 -0.124087332 -1.08820929
vt 0.592262745 0.292348266
vn 0.909625747 -0.415428694 0
v 0.0647956611 -0.124087332 -0.980604644
vt 0.78374362 0.292348266
vn 0.909625749 -0.415428691 0
v 0.0427281872 -0.154548436 -0.980604644
vt 0.78374362 0.438896537
vn 0.555883252 -0.831260374 0
v 0.0427281872 -0.154548436 -1.08820929
vt 0.592262745 0.438896418
vn 0.555883242 -0.831260381 0
v 0.0427281872 -0.154548436 -0.980604644
vt 0.78374362 0.438896537
vn 0.555883252 -0.831260374 0
v 0.0192444678 -0.15454848 -1.08820929
vt 0.592262745 0.58544457
vn -0.555881251 -0.831261713 0
v 0.0427281872 -0.154548436 -1.08820929
vt 0.592262745 0.438896418
vn 0.555883242 -0.831260381 0
v 0.0427281872 -0.154548436 -0.980604644
vt 0.78374362 0.438896537
vn 0.555883252 -0.831260374 0
v 0.0192444678 -0.15454848 -0.980604644
vt 0.78374362 0.58544457
vn -0.555881241 -0.83126172 0
v 0.0192444678 -0.15454848 -1.08820929
vt 0.592262745 0.58544457
vn -0.555881251 -0.831261713 0
v 0.0192444678 -0.15454848 -0.980604644
vt 0.78374362 0.58544457
vn -0.555881241 -0.83126172 0
v -0.00282301198 -0.124087443 -1.08820929
vt 0.592262745 0.731993079
vn -0.909625412 -0.415429429 0
v 0.0192444678 -0.15454848 -1.08820929
vt 0.592262745 0.58544457
vn -0.555881251 -0.831261713 0
v 0.0192444678 -0.15454848 -0.980604644
vt 0.78374362 0.58544457
vn -0.555881241 -0.83126172 0
v -0.00282301198 -0.124087443 -0.980604644
vt 0.78374362 0.731993079
vn -0.90962541 -0.415429433 0
v -0.00282301198 -0.124087443 -1.08820929
vt 0.592262745 0.731993079
vn -0.909625412 -0.415429429 0
v -0.00282301198 -0.124087443 -0.980604644
vt 0.78374362 0.731993079
vn -0.90962541 -0.415429433 0
v -0.0208125954 -0.0668394263 -1.08820929
vt 0.592262745 0.878541231
vn -0.976387202 -0.216027847 0
v -0.00282301198 -0.124087443 -1.08820929
vt 0.592262745 0.731993079
vn -0.909625412 -0.415429429 0
v -0.00282301198 -0.124087443 -0.980604644
vt 0.78374362 0.731993079
vn -0.90962541 -0.415429433 0
v -0.0208125954 -0.0668394263 -0.980604644
vt 0.78374362 0.878541231
vn -0.976387202 -0.216027849 0
v -0.0208125954 -0.0668394263 -1.08820929
vt 0.592262745 0.878541231
vn -0.976387202 -0.216027847 0
v -0.0208125954 -0.0668394263 -0.980604644
vt 0.78374362 0.878541231
vn -0.976387202 -0.216027849 0
v -0.0325544705 0.0102906738 -1.08820929
vt 0.592262745 1.0250895
vn -0.988609903 -0.150500699 0
v -0.0208125954 -0.0668394263 -1.08820929
vt 0.592262745 0.878541231
vn -0.976387202 -0.216027847 0
v -0.0208125954 -0.0668394263 -0.980604644
vt 0.78374362 0.878541231
vn -0.976387202 -0.216027849 0
v -0.0325544705 0.0102906738 -0.980604644
vt 0.78374362 1.0250895
vn -0.988609903 -0.150500699 0
v -0.0325544705 0.0102906738 -1.08820929
vt 0.592262745 1.0250895
vn -0.988609903 -0.150500699 0
v 0.0945270815 0.0102908961 -1.08820929
vt 0.592262983 -0.000748157501
vn 0.988609957 -0.150500342 0
v 0.0827852298 -0.0668392374 -1.08820929
vt 0.592262745 0.145800114
vn 0.976387298 -0.216027417 0
v 0.0827852298 -0.0668392374 -1.19581395
vt 0.400782108 0.145800114
vn 0.976387299 -0.216027411 0
v 0.0945270815 0.0102908961 -1.08820929
vt 0.592262983 -0.000748157501
vn 0.988609957 -0.150500342 0
v 0.0827852298 -0.0668392374 -1.19581395
vt 0.400782108 0.145800114
vn 0.976387299 -0.216027411 0
v 0.0945270815 0.0102908961 -1.19581395
vt 0.400782108 -0.000748157501
vn 0.988609957 -0.150500342 0
v 0.0827852298 -0.0668392374 -1.08820929
vt 0.592262745 0.145800114
vn 0.976387298 -0.216027417 0
v 0.0647956611 -0.124087332 -1.19581395
vt 0.400782108 0.292348266
vn 0.909625752 -0.415428683 0
v 0.0827852298 -0.0668392374 -1.19581395
vt 0.400782108 0.145800114
vn 0.976387299 -0.216027411 0
v 0.0827852298 -0.0668392374 -1.08820929
vt 0.592262745 0.145800114
vn 0.976387298 -0.216027417 0
v 0.0647956611 -0.124087332 -1.08820929
vt 0.592262745 0.292348266
vn 0.909625747 -0.415428694 0
v 0.0647956611 -0.124087332 -1.19581395
vt 0.400782108 0.292348266
vn 0.909625752 -0.415428683 0
v 0.0647956611 -0.124087332 -1.08820929
vt 0.592262745 0.292348266
vn 0.909625747 -0.415428694 0
v 0.0427281872 -0.154548436 -1.19581395
vt 0.400782108 0.438896418
vn 0.555883272 -0.831260361 0
v 0.0647956611 -0.124087332 -1.19581395
vt 0.400782108 0.292348266
vn 0.909625752 -0.415428683 0
v 0.0647956611 -0.124087332 -1.08820929
vt 0.592262745 0.292348266
vn 0.909625747 -0.415428694 0
v 0.0427281872 -0.154548436 -1.08820929
vt 0.592262745 0.438896418
vn 0.555883242 -0.831260381 0
v 0.0427281872 -0.154548436 -1.19581395
vt 0.400782108 0.438896418
vn 0.555883272 -0.831260361 0
v 0.0427281872 -0.154548436 -1.08820929
vt 0.592262745 0.438896418
vn 0.555883242 -0.831260381 0
v 0.0192444678 -0.15454848 -1.19581395
vt 0.400782108 0.58544457
vn -0.55588122 -0.831261733 0
v 0.0427281872 -0.154548436 -1.19581395
vt 0.400782108 0.438896418
vn 0.555883272 -0.831260361 0
v 0.0427281872 -0.154548436 -1.08820929
vt 0.592262745 0.438896418
vn 0.555883242 -0.831260381 0
v 0.0192444678 -0.15454848 -1.08820929
vt 0.592262745 0.58544457
vn -0.555881251 -0.831261713 0
v 0.0192444678 -0.15454848 -1.19581395
vt 0.400782108 0.58544457
vn -0.55588122 -0.831261733 0
v 0.0192444678 -0.15454848 -1.08820929
vt 0.592262745 0.58544457
vn -0.555881251 -0.831261713 0
v -0.00282301198 -0.124087443 -1.19581395
vt 0.400782108 0.731993079
vn -0.909625407 -0.41542944 0
v 0.0192444678 -0.15454848 -1.19581395
vt 0.400782108 0.58544457
vn -0.55588122 -0.831261733 0
v 0.0192444678 -0.15454848 -1.08820929
vt 0.592262745 0.58544457
vn -0.555881251 -0.831261713 0
v -0.00282301198 -0.124087443 -1.08820929
vt 0.592262745 0.731993079
vn -0.909625412 -0.415429429 0
v -0.00282301198 -0.124087443 -1.19581395
vt 0.400782108 0.731993079
vn -0.909625407 -0.41542944 0
v -0.00282301198 -0.124087443 -1.08820929
vt 0.592262745 0.731993079
vn -0.909625412 -0.415429429 0
v -0.0208125954 -0.0668394263 -1.19581395
vt 0.400782108 0.878541231
vn -0.976387201 -0.216027853 0
v -0.00282301198 -0.124087443 -1.19581395
vt 0.400782108 0.731993079
vn -0.909625407 -0.41542944 0
v -0.00282301198 -0.124087443 -1.08820929
vt 0.592262745 0.731993079
vn -0.909625412 -0.415429429 0
v -0.0208125954 -0.0668394263 -1.08820929
vt 0.592262745 0.878541231
vn -0.976387202 -0.216027847 0
v -0.0208125954 -0.0668394263 -1.19581395
vt 0.400782108 0.878541231
vn -0.976387201 -0.216027853 0
v -0.0208125954 -0.0668394263 -1.08820929
vt 0.592262745 0.878541231
vn -0.976387202 -0.216027847 0
v -0.0325544705 0.0102906738 -1.19581395
vt 0.400781989 1.0250895
vn -0.988609903 -0.150500699 0
v -0.0208125954 -0.0668394263 -1.19581395
vt 0.400782108 0.878541231
vn -0.976387201 -0.216027853 0
v -0.0208125954 -0.0668394263 -1.08820929
vt 0.592262745 0.878541231
vn -0.976387202 -0.216027847 0
v -0.0325544705 0.0102906738 -1.08820929
vt 0.592262745 1.0250895
vn -0.988609903 -0.150500699 0
v -0.0325544705 0.0102906738 -1.19581395
vt 0.400781989 1.0250895
vn -0.988609903 -0.150500699 0
v 0.0945270815 0.0102908961 -1.19581395
vt 0.400782108 -0.000748157501
vn 0.988609957 -0.150500342 0
v 0.0827852298 -0.0668392374 -1.19581395
vt 0.400782108 0.145800114
vn 0.976387299 -0.216027411 0
v 0.0827852298 -0.0668392374 -1.30341858
vt 0.209301353 0.145800114
vn 0.976387298 -0.216027415 0
v 0.0945270815 0.0102908961 -1.19581395
vt 0.400782108 -0.000748157501
vn 0.988609957 -0.150500342 0
v 0.0827852298 -0.0668392374 -1.30341858
vt 0.209301353 0.145800114
vn 0.976387298 -0.216027415 0
v 0.0945270815 0.0102908961 -1.30341858
vt 0.209301353 -0.000748157501
vn 0.988609957 -0.150500342 0
v 0.0827852298 -0.0668392374 -1.19581395
vt 0.400782108 0.145800114
vn 0.976387299 -0.216027411 0
v 0.0647956611 -0.124087332 -1.30341858
vt 0.209301353 0.292348266
vn 0.909625749 -0.415428691 0
v 0.0827852298 -0.0668392374 -1.30341858
vt 0.209301353 0.145800114
vn 0.976387298 -0.216027415 0
v 0.0827852298 -0.0668392374 -1.19581395
vt 0.400782108 0.145800114
vn 0.976387299 -0.216027411 0
v 0.0647956611 -0.124087332 -1.19581395
vt 0.400782108 0.292348266
vn 0.909625752 -0.415428683 0
v 0.0647956611 -0.124087332 -1.30341858
vt 0.209301353 0.292348266
vn 0.909625749 -0.415428691 0
v 0.0647956611 -0.124087332 -1.19581395
vt 0.400782108 0.292348266
vn 0.909625752 -0.415428683 0
v 0.0427281872 -0.154548436 -1.30341858
vt 0.209301353 0.438896418
vn 0.555883252 -0.831260374 0
v 0.0647956611 -0.124087332 -1.30341858
vt 0.209301353 0.292348266
vn 0.909625749 -0.415428691 0
v 0.0647956611 -0.124087332 -1.19581395
vt 0.400782108 0.292348266
vn 0.909625752 -0.415428683 0
v 0.0427281872 -0.154548436 -1.19581395
vt 0.400782108 0.438896418
vn 0.555883272 -0.831260361 0
v 0.0427281872 -0.154548436 -1.30341858
vt 0.209301353 0.438896418
vn 0.555883252 -0.831260374 0
v 0.0427281872 -0.154548436 -1.19581395
vt 0.400782108 0.438896418
vn 0.555883272 -0.831260361 0
v 0.0192444678 -0.15454848 -1.30341858
vt 0.209301353 0.58544457
vn -0.555881241 -0.83126172 0
v 0.0427281872 -0.154548436 -1.30341858
vt 0.209301353 0.438896418
vn 0.555883252 -0.831260374 0
v 0.0427281872 -0.154548436 -1.19581395
vt 0.400782108 0.438896418
vn 0.555883272 -0.831260361 0
v 0.0192444678 -0.15454848 -1.19581395
vt 0.400782108 0.58544457
vn -0.55588122 -0.831261733 0
v 0.0192444678 -0.15454848 -1.30341858
vt 0.209301353 0.58544457
vn -0.555881241 -0.83126172 0
v 0.0192444678 -0.15454848 -1.19581395
vt 0.400782108 0.58544457
vn -0.55588122 -0.831261733 0
v -0.00282301198 -0.124087443 -1.30341858
vt 0.209301353 0.731993079
vn -0.90962541 -0.415429433 0
v 0.0192444678 -0.15454848 -1.30341858
vt 0.209301353 0.58544457
vn -0.555881241 -0.83126172 0
v 0.0192444678 -0.15454848 -1.19581395
vt 0.400782108 0.58544457
vn -0.55588122 -0.831261733 0
v -0.00282301198 -0.124087443 -1.19581395
vt 0.400782108 0.731993079
vn -0.909625407 -0.41542944 0
v -0.00282301198 -0.124087443 -1.30341858
vt 0.209301353 0.731993079
vn -0.90962541 -0.415429433 0
v -0.00282301198 -0.124087443 -1.19581395
vt 0.400782108 0.731993079
vn -0.909625407 -0.41542944 0
v -0.0208125954 -0.0668394263 -1.30341858
vt 0.209301353 0.878541231
vn -0.976387202 -0.216027849 0
v -0.00282301198 -0.124087443 -1.30341858
vt 0.209301353 0.731993079
vn -0.90962541 -0.415429433 0
v -0.00282301198 -0.124087443 -1.19581395
vt 0.400782108 0.731993079
vn -0.909625407 -0.41542944 0
v -0.0208125954 -0.0668394263 -1.19581395
vt 0.400782108 0.878541231
vn -0.976387201 -0.216027853 0
v -0.0208125954 -0.0668394263 -1.30341858
vt 0.209301353 0.878541231
vn -0.976387202 -0.216027849 0
v -0.0208125954 -0.0668394263 -1.19581395
vt 0.400782108 0.878541231
vn -0.976387201 -0.216027853 0
v -0.0325544705 0.0102906738 -1.30341858
vt 0.209301233 1.02508914
vn -0.988609903 -0.150500699 0
v -0.0208125954 -0.0668394263 -1.30341858
vt 0.209301353 0.878541231
vn -0.976387202 -0.216027849 0
v -0.0208125954 -0.0668394263 -1.19581395
vt 0.400782108 0.878541231
vn -0.976387201 -0.216027853 0
v -0.0325544705 0.0102906738 -1.19581395
vt 0.400781989 1.0250895
vn -0.988609903 -0.150500699 0
v -0.0325544705 0.0102906738 -1.30341858
vt 0.209301233 1.02508914
vn -0.988609903 -0.150500699 0
v 0.0945270815 0.0102908961 -1.30341858
vt 0.209301353 -0.000748157501
vn 0.988609957 -0.150500342 0
v 0.0827852298 -0.0668392374 -1.30341858
vt 0.209301353 0.145800114
vn 0.976387298 -0.216027415 0
v 0.0827852298 -0.0668392374 -1.4110232
vt 0.0178205967 0.145800114
vn 0.981312835 -0.192419126 0
v 0.0945270815 0.0102908961 -1.30341858
vt 0.209301353 -0.000748157501
vn 0.988609957 -0.150500342 0
v 0.0827852298 -0.0668392374 -1.4110232
vt 0.0178205967 0.145800114
vn 0.981312835 -0.192419126 0
v 0.0945270815 0.0102908961 -1.4110232
vt 0.0178205967 -0.000748157501
vn 0.988609957 -0.150500342 0
v 0.0827852298 -0.0668392374 -1.30341858
vt 0.209301353 0.145800114
vn 0.976387298 -0.216027415 0
v 0.0647956611 -0.124087332 -1.4110232
vt 0.0178205967 0.292348266
vn 0.928335965 -0.371742297 0
v 0.0827852298 -0.0668392374 -1.4110232
vt 0.0178205967 0.145800114
vn 0.981312835 -0.192419126 0
v 0.0827852298 -0.0668392374 -1.30341858
vt 0.209301353 0.145800114
vn 0.976387298 -0.216027415 0
v 0.0647956611 -0.124087332 -1.30341858
vt 0.209301353 0.292348266
vn 0.909625749 -0.415428691 0
v 0.0647956611 -0.124087332 -1.4110232
vt 0.0178205967 0.292348266
vn 0.928335965 -0.371742297 0
v 0.0647956611 -0.124087332 -1.30341858
vt 0.209301353 0.292348266
vn 0.909625749 -0.415428691 0
v 0.0427281872 -0.154548436 -1.4110232
vt 0.0178205967 0.438896418
vn 0.669361943 -0.742936464 0
v 0.0647956611 -0.124087332 -1.4110232
vt 0.0178205967 0.292348266
vn 0.928335965 -0.371742297 0
v 0.0647956611 -0.124087332 -1.30341858
vt 0.209301353 0.292348266
vn 0.909625749 -0.415428691 0
v 0.0427281872 -0.154548436 -1.30341858
vt 0.209301353 0.438896418
vn 0.555883252 -0.831260374 0
v 0.0427281872 -0.154548436 -1.4110232
vt 0.0178205967 0.438896418
vn 0.669361943 -0.742936464 0
v 0.0427281872 -0.154548436 -1.30341858
vt 0.209301353 0.438896418
vn 0.555883252 -0.831260374 0
v 0.0192444678 -0.15454848 -1.4110232
vt 0.0178205967 0.58544457
vn -0.403688645 -0.91489643 0
v 0.0427281872 -0.154548436 -1.4110232
vt 0.0178205967 0.438896418
vn 0.669361943 -0.742936464 0
v 0.0427281872 -0.154548436 -1.30341858
vt 0.209301353 0.438896418
vn 0.555883252 -0.831260374 0
v 0.0192444678 -0.15454848 -1.30341858
vt 0.209301353 0.58544457
vn -0.555881241 -0.83126172 0
v 0.0192444678 -0.15454848 -1.4110232
vt 0.0178205967 0.58544457
vn -0.403688645 -0.91489643 0
v 0.0192444678 -0.15454848 -1.30341858
vt 0.209301353 0.58544457
vn -0.555881241 -0.83126172 0
v -0.00282301198 -0.124087443 -1.4110232
vt 0.0178205967 0.731993079
vn -0.885134972 -0.465334376 0
v 0.0192444678 -0.15454848 -1.4110232
vt 0.0178205967 0.58544457
vn -0.403688645 -0.91489643 0
v 0.0192444678 -0.15454848 -1.30341858
vt 0.209301353 0.58544457
vn -0.555881241 -0.83126172 0
v -0.00282301198 -0.124087443 -1.30341858
vt 0.209301353 0.731993079
vn -0.90962541 -0.415429433 0
v -0.00282301198 -0.124087443 -1.4110232
vt 0.0178205967 0.731993079
vn -0.885134972 -0.465334376 0
v -0.00282301198 -0.124087443 -1.30341858
vt 0.209301353 0.731993079
vn -0.90962541 -0.415429433 0
v -0.0208125954 -0.0668394263 -1.4110232
vt 0.0178205967 0.878541231
vn -0.970363109 -0.241651479 0
v -0.00282301198 -0.124087443 -1.4110232
vt 0.0178205967 0.731993079
vn -0.885134972 -0.465334376 0
v -0.00282301198 -0.124087443 -1.30341858
vt 0.209301353 0.731993079
vn -0.90962541 -0.415429433 0
v -0.0208125954 -0.0668394263 -1.30341858
vt 0.209301353 0.878541231
vn -0.976387202 -0.216027849 0
v -0.0208125954 -0.0668394263 -1.4110232
vt 0.0178205967 0.878541231
vn -0.970363109 -0.241651479 0
v -0.0208125954 -0.0668394263 -1.30341858
vt 0.209301353 0.878541231
vn -0.976387202 -0.216027849 0
v -0.0325544705 0.0102906738 -1.4110232
vt 0.0178205967 1.02508914
vn -0.988609903 -0.150500699 0
v -0.0208125954 -0.0668394263 -1.4110232
vt 0.0178205967 0.878541231
vn -0.970363109 -0.241651479 0
v -0.0208125954 -0.0668394263 -1.30341858
vt 0.209301353 0.878541231
vn -0.976387202 -0.216027849 0
v -0.0325544705 0.0102906738 -1.30341858
vt 0.209301233 1.02508914
vn -0.988609903 -0.150500699 0
v -0.0325544705 0.0102906738 -1.4110232
vt 0.0178205967 1.02508914
vn -0.988609903 -0.150500699 0
v -0.0325408134 0.0077090832 -0.873
vt 0.975224495 -0.000748038292
vn -0.988610006 0.15050002 0
v -0.0207989868 0.0848392205 -0.977871046
vt 0.78374362 0.145800233
vn -0.976387369 0.216027097 0
v -0.0325408134 0.0077090832 -0.977871046
vt 0.78374362 -0.000748038292
vn -0.988610006 0.15050002 0
v -0.0325408134 0.0077090832 -0.873
vt 0.975224495 -0.000748038292
vn -0.988610006 0.15050002 0
v -0.0207989868 0.0848392205 -0.873
vt 0.975224495 0.145800233
vn -0.970363306 0.241650687 0
v -0.0207989868 0.0848392205 -0.977871046
vt 0.78374362 0.145800233
vn -0.976387369 0.216027097 0
v -0.0207989868 0.0848392205 -0.873
vt 0.975224495 0.145800233
vn -0.970363306 0.241650687 0
v -0.00280943673 0.142087321 -0.977871046
vt 0.78374362 0.292348266
vn -0.909625884 0.415428394 0
v -0.0207989868 0.0848392205 -0.977871046
vt 0.78374362 0.145800233
vn -0.976387369 0.216027097 0
v -0.0207989868 0.0848392205 -0.873
vt 0.975224495 0.145800233
vn -0.970363306 0.241650687 0
v -0.00280943673 0.142087321 -0.873
vt 0.975224495 0.292348266
vn -0.885135547 0.465333281 0
v -0.00280943673 0.142087321 -0.977871046
vt 0.78374362 0.292348266
vn -0.909625884 0.415428394 0
v -0.00280943673 0.142087321 -0.873
vt 0.975224495 0.292348266
vn -0.885135547 0.465333281 0
v 0.0192580272 0.172548432 -0.977871046
vt 0.78374362 0.438896537
vn -0.555883523 0.831260193 0
v -0.00280943673 0.142087321 -0.977871046
vt 0.78374362 0.292348266
vn -0.909625884 0.415428394 0
v -0.00280943673 0.142087321 -0.873
vt 0.975224495 0.292348266
vn -0.885135547 0.465333281 0
v 0.0192580272 0.172548432 -0.873
vt 0.975224495 0.438896537
vn -0.403691684 0.914895089 0
v 0.0192580272 0.172548432 -0.977871046
vt 0.78374362 0.438896537
vn -0.555883523 0.831260193 0
v 0.0192580272 0.172548432 -0.873
vt 0.975224495 0.438896537
vn -0.403691684 0.914895089 0
v 0.0427417466 0.172548484 -0.977871046
vt 0.78374362 0.58544457
vn 0.55588097 0.831261901 0
v 0.0192580272 0.172548432 -0.977871046
vt 0.78374362 0.438896537
vn -0.555883523 0.831260193 0
v 0.0192580272 0.172548432 -0.873
vt 0.975224495 0.438896537
vn -0.403691684 0.914895089 0
v 0.0427417466 0.172548484 -0.873
vt 0.975224495 0.58544457
vn 0.669360289 0.742937954 0
v 0.0427417466 0.172548484 -0.977871046
vt 0.78374362 0.58544457
vn 0.55588097 0.831261901 0
v 0.0427417466 0.172548484 -0.873
vt 0.975224495 0.58544457
vn 0.669360289 0.742937954 0
v 0.0648092363 0.142087454 -0.977871046
vt 0.78374362 0.731993079
vn 0.909625275 0.415429729 0
v 0.0427417466 0.172548484 -0.977871046
vt 0.78374362 0.58544457
vn 0.55588097 0.831261901 0
v 0.0427417466 0.172548484 -0.873
vt 0.975224495 0.58544457
vn 0.669360289 0.742937954 0
v 0.0648092363 0.142087454 -0.873
vt 0.975224495 0.731993079
vn 0.92833557 0.371743285 0
v 0.0648092363 0.142087454 -0.977871046
vt 0.78374362 0.731993079
vn 0.909625275 0.415429729 0
v 0.0648092363 0.142087454 -0.873
vt 0.975224495 0.731993079
vn 0.92833557 0.371743285 0
v 0.0827988384 0.0848394432 -0.977871046
vt 0.78374362 0.878541231
vn 0.976387132 0.216028167 0
v 0.0648092363 0.142087454 -0.977871046
vt 0.78374362 0.731993079
vn 0.909625275 0.415429729 0
v 0.0648092363 0.142087454 -0.873
vt 0.975224495 0.731993079
vn 0.92833557 0.371743285 0
v 0.0827988384 0.0848394432 -0.873
vt 0.975224495 0.878541231
vn 0.981312693 0.192419848 0
v 0.0827988384 0.0848394432 -0.977871046
vt 0.78374362 0.878541231
vn 0.976387132 0.216028167 0
v 0.0827988384 0.0848394432 -0.873
vt 0.975224495 0.878541231
vn 0.981312693 0.192419848 0
v 0.0945407386 0.00770934691 -0.977871046
vt 0.78374362 1.0250895
vn 0.988609854 0.150501021 0
v 0.0827988384 0.0848394432 -0.977871046
vt 0.78374362 0.878541231
vn 0.976387132 0.216028167 0
v 0.0827988384 0.0848394432 -0.873
vt 0.975224495 0.878541231
vn 0.981312693 0.192419848 0
v 0.0945407386 0.00770934691 -0.873
vt 0.975224376 1.0250895
vn 0.988609854 0.150501021 0
v 0.0945407386 0.00770934691 -0.977871046
vt 0.78374362 1.0250895
vn 0.988609854 0.150501021 0
v -0.0325408134 0.0077090832 -0.977871046
vt 0.78374362 -0.000748038292
vn -0.988610006 0.15050002 0
v -0.0207989868 0.0848392205 -0.977871046
vt 0.78374362 0.145800233
vn -0.976387369 0.216027097 0
v -0.0207989868 0.0848392205 -1.08274209
vt 0.592262745 0.145800114
vn -0.976387368 0.216027099 0
v -0.0325408134 0.0077090832 -0.977871046
vt 0.78374362 -0.000748038292
vn -0.988610006 0.15050002 0
v -0.0207989868 0.0848392205 -1.08274209
vt 0.592262745 0.145800114
vn -0.976387368 0.216027099 0
v -0.0325408134 0.0077090832 -1.08274209
vt 0.592262983 -0.000748157501
vn -0.988610006 0.15050002 0
v -0.0207989868 0.0848392205 -0.977871046
vt 0.78374362 0.145800233
vn -0.976387369 0.216027097 0
v -0.00280943673 0.142087321 -1.08274209
vt 0.592262745 0.292348266
vn -0.909625883 0.415428398 0
v -0.0207989868 0.0848392205 -1.08274209
vt 0.592262745 0.145800114
vn -0.976387368 0.216027099 0
v -0.0207989868 0.0848392205 -0.977871046
vt 0.78374362 0.145800233
vn -0.976387369 0.216027097 0
v -0.00280943673 0.142087321 -0.977871046
vt 0.78374362 0.292348266
vn -0.909625884 0.415428394 0
v -0.00280943673 0.142087321 -1.08274209
vt 0.592262745 0.292348266
vn -0.909625883 0.415428398 0
v -0.00280943673 0.142087321 -0.977871046
vt 0.78374362 0.292348266
vn -0.909625884 0.415428394 0
v 0.0192580272 0.172548432 -1.08274209
vt 0.592262745 0.438896418
vn -0.555883513 0.8312602 0
v -0.00280943673 0.142087321 -1.08274209
vt 0.592262745 0.292348266
vn -0.909625883 0.415428398 0
v -0.00280943673 0.142087321 -0.977871046
vt 0.78374362 0.292348266
vn -0.909625884 0.415428394 0
v 0.0192580272 0.172548432 -0.977871046
vt 0.78374362 0.438896537
vn -0.555883523 0.831260193 0
v 0.0192580272 0.172548432 -1.08274209
vt 0.592262745 0.438896418
vn -0.555883513 0.8312602 0
v 0.0192580272 0.172548432 -0.977871046
vt 0.78374362 0.438896537
vn -0.555883523 0.831260193 0
v 0.0427417466 0.172548484 -1.08274209
vt 0.592262745 0.58544457
vn 0.55588098 0.831261894 0
v 0.0192580272 0.172548432 -1.08274209
vt 0.592262745 0.438896418
vn -0.555883513 0.8312602 0
v 0.0192580272 0.172548432 -0.977871046
vt 0.78374362 0.438896537
vn -0.555883523 0.831260193 0
v 0.0427417466 0.172548484 -0.977871046
vt 0.78374362 0.58544457
vn 0.55588097 0.831261901 0
v 0.0427417466 0.172548484 -1.08274209
vt 0.592262745 0.58544457
vn 0.55588098 0.831261894 0
v 0.0427417466 0.172548484 -0.977871046
vt 0.78374362 0.58544457
vn 0.55588097 0.831261901 0
v 0.0648092363 0.142087454 -1.08274209
vt 0.592262745 0.731993079
vn 0.909625276 0.415429726 0
v 0.0427417466 0.172548484 -1.08274209
vt 0.592262745 0.58544457
vn 0.55588098 0.831261894 0
v 0.0427417466 0.172548484 -0.977871046
vt 0.78374362 0.58544457
vn 0.55588097 0.831261901 0
v 0.0648092363 0.142087454 -0.977871046
vt 0.78374362 0.731993079
vn 0.909625275 0.415429729 0
v 0.0648092363 0.142087454 -1.08274209
vt 0.592262745 0.731993079
vn 0.909625276 0.415429726 0
v 0.0648092363 0.142087454 -0.977871046
vt 0.78374362 0.731993079
vn 0.909625275 0.415429729 0
v 0.0827988384 0.0848394432 -1.08274209
vt 0.592262745 0.878541231
vn 0.976387132 0.216028166 0
v 0.0648092363 0.142087454 -1.08274209
vt 0.592262745 0.731993079
vn 0.909625276 0.415429726 0
v 0.0648092363 0.142087454 -0.977871046
vt 0.78374362 0.731993079
vn 0.909625275 0.415429729 0
v 0.0827988384 0.0848394432 -0.977871046
vt 0.78374362 0.878541231
vn 0.976387132 0.216028167 0
v 0.0827988384 0.0848394432 -1.08274209
vt 0.592262745 0.878541231
vn 0.976387132 0.216028166 0
v 0.0827988384 0.0848394432 -0.977871046
vt 0.78374362 0.878541231
vn 0.976387132 0.216028167 0
v 0.0945407386 0.00770934691 -1.08274209
vt 0.592262745 1.0250895
vn 0.988609854 0.150501021 0
v 0.0827988384 0.0848394432 -1.08274209
vt 0.592262745 0.878541231
vn 0.976387132 0.216028166 0
v 0.0827988384 0.0848394432 -0.977871046
vt 0.78374362 0.878541231
vn 0.976387132 0.216028167 0
v 0.0945407386 0.00770934691 -0.977871046
vt 0.78374362 1.0250895
vn 0.988609854 0.150501021 0
v 0.0945407386 0.00770934691 -1.08274209
vt 0.592262745 1.0250895
vn 0.988609854 0.150501021 0
v -0.0325408134 0.0077090832 -1.08274209
vt 0.592262983 -0.000748157501
vn -0.988610006 0.15050002 0
v -0.0207989868 0.0848392205 -1.08274209
vt 0.592262745 0.145800114
vn -0.976387368 0.216027099 0
v -0.0207989868 0.0848392205 -1.18761315
vt 0.400782108 0.145800114
vn -0.976387369 0.216027093 0
v -0.0325408134 0.0077090832 -1.08274209
vt 0.592262983 -0.000748157501
vn -0.988610006 0.15050002 0
v -0.0207989868 0.0848392205 -1.18761315
vt 0.400782108 0.145800114
vn -0.976387369 0.216027093 0
v -0.0325408134 0.0077090832 -1.18761315
vt 0.400782108 -0.000748157501
vn -0.988610006 0.15050002 0
v -0.0207989868 0.0848392205 -1.08274209
vt 0.592262745 0.145800114
vn -0.976387368 0.216027099 0
v -0.00280943673 0.142087321 -1.18761315
vt 0.400782108 0.292348266
vn -0.909625888 0.415428387 0
v -0.0207989868 0.0848392205 -1.18761315
vt 0.400782108 0.145800114
vn -0.976387369 0.216027093 0
v -0.0207989868 0.0848392205 -1.08274209
vt 0.592262745 0.145800114
vn -0.976387368 0.216027099 0
v -0.00280943673 0.142087321 -1.08274209
vt 0.592262745 0.292348266
vn -0.909625883 0.415428398 0
v -0.00280943673 0.142087321 -1.18761315
vt 0.400782108 0.292348266
vn -0.909625888 0.415428387 0
v -0.00280943673 0.142087321 -1.08274209
vt 0.592262745 0.292348266
vn -0.909625883 0.415428398 0
v 0.0192580272 0.172548432 -1.18761315
vt 0.400782108 0.438896418
vn -0.555883543 0.83126018 0
v -0.00280943673 0.142087321 -1.18761315
vt 0.400782108 0.292348266
vn -0.909625888 0.415428387 0
v -0.00280943673 0.142087321 -1.08274209
vt 0.592262745 0.292348266
vn -0.909625883 0.415428398 0
v 0.0192580272 0.172548432 -1.08274209
vt 0.592262745 0.438896418
vn -0.555883513 0.8312602 0
v 0.0192580272 0.172548432 -1.18761315
vt 0.400782108 0.438896418
vn -0.555883543 0.83126018 0
v 0.0192580272 0.172548432 -1.08274209
vt 0.592262745 0.438896418
vn -0.555883513 0.8312602 0
v 0.0427417466 0.172548484 -1.18761315
vt 0.400782108 0.58544457
vn 0.555880949 0.831261914 0
v 0.0192580272 0.172548432 -1.18761315
vt 0.400782108 0.438896418
vn -0.555883543 0.83126018 0
v 0.0192580272 0.172548432 -1.08274209
vt 0.592262745 0.438896418
vn -0.555883513 0.8312602 0
v 0.0427417466 0.172548484 -1.08274209
vt 0.592262745 0.58544457
vn 0.55588098 0.831261894 0
v 0.0427417466 0.172548484 -1.18761315
vt 0.400782108 0.58544457
vn 0.555880949 0.831261914 0
v 0.0427417466 0.172548484 -1.08274209
vt 0.592262745 0.58544457
vn 0.55588098 0.831261894 0
v 0.0648092363 0.142087454 -1.18761315
vt 0.400782108 0.731993079
vn 0.909625271 0.415429736 0
v 0.0427417466 0.172548484 -1.18761315
vt 0.400782108 0.58544457
vn 0.555880949 0.831261914 0
v 0.0427417466 0.172548484 -1.08274209
vt 0.592262745 0.58544457
vn 0.55588098 0.831261894 0
v 0.0648092363 0.142087454 -1.08274209
vt 0.592262745 0.731993079
vn 0.909625276 0.415429726 0
v 0.0648092363 0.142087454 -1.18761315
vt 0.400782108 0.731993079
vn 0.909625271 0.415429736 0
v 0.0648092363 0.142087454 -1.08274209
vt 0.592262745 0.731993079
vn 0.909625276 0.415429726 0
v 0.0827988384 0.0848394432 -1.18761315
vt 0.400782108 0.878541231
vn 0.976387131 0.216028171 0
v 0.0648092363 0.142087454 -1.18761315
vt 0.400782108 0.731993079
vn 0.909625271 0.415429736 0
v 0.0648092363 0.142087454 -1.08274209
vt 0.592262745 0.731993079
vn 0.909625276 0.415429726 0
v 0.0827988384 0.0848394432 -1.08274209
vt 0.592262745 0.878541231
vn 0.976387132 0.216028166 0
v 0.0827988384 0.0848394432 -1.18761315
vt 0.400782108 0.878541231
vn 0.976387131 0.216028171 0
v 0.0827988384 0.0848394432 -1.08274209
vt 0.592262745 0.878541231
vn 0.976387132 0.216028166 0
v 0.0945407386 0.00770934691 -1.18761315
vt 0.400781989 1.0250895
vn 0.988609854 0.150501021 0
v 0.0827988384 0.0848394432 -1.18761315
vt 0.400782108 0.878541231
vn 0.976387131 0.216028171 0
v 0.0827988384 0.0848394432 -1.08274209
vt 0.592262745 0.878541231
vn 0.976387132 0.216028166 0
v 0.0945407386 0.00770934691 -1.08274209
vt 0.592262745 1.0250895
vn 0.988609854 0.150501021 0
v 0.0945407386 0.00770934691 -1.18761315
vt 0.400781989 1.0250895
vn 0.988609854 0.150501021 0
v -0.0325408134 0.0077090832 -1.18761315
vt 0.400782108 -0.000748157501
vn -0.988610006 0.15050002 0
v -0.0207989868 0.0848392205 -1.18761315
vt 0.400782108 0.145800114
vn -0.976387369 0.216027093 0
v -0.0207989868 0.0848392205 -1.29248419
vt 0.209301353 0.145800114
vn -0.976387369 0.216027097 0
v -0.0325408134 0.0077090832 -1.18761315
vt 0.400782108 -0.000748157501
vn -0.988610006 0.15050002 0
v -0.0207989868 0.0848392205 -1.29248419
vt 0.209301353 0.145800114
vn -0.976387369 0.216027097 0
v -0.0325408134 0.0077090832 -1.29248419
vt 0.209301353 -0.000748157501
vn -0.988610006 0.15050002 0
v -0.0207989868 0.0848392205 -1.18761315
vt 0.400782108 0.145800114
vn -0.976387369 0.216027093 0
v -0.00280943673 0.142087321 -1.29248419
vt 0.209301353 0.292348266
vn -0.909625884 0.415428394 0
v -0.0207989868 0.0848392205 -1.29248419
vt 0.209301353 0.145800114
vn -0.976387369 0.216027097 0
v -0.0207989868 0.0848392205 -1.18761315
vt 0.400782108 0.145800114
vn -0.976387369 0.216027093 0
v -0.00280943673 0.142087321 -1.18761315
vt 0.400782108 0.292348266
vn -0.909625888 0.415428387 0
v -0.00280943673 0.142087321 -1.29248419
vt 0.209301353 0.292348266
vn -0.909625884 0.415428394 0
v -0.00280943673 0.142087321 -1.18761315
vt 0.400782108 0.292348266
vn -0.909625888 0.415428387 0
v 0.0192580272 0.172548432 -1.29248419
vt 0.209301353 0.438896418
vn -0.555883523 0.831260193 0
v -0.00280943673 0.142087321 -1.29248419
vt 0.209301353 0.292348266
vn -0.909625884 0.415428394 0
v -0.00280943673 0.142087321 -1.18761315
vt 0.400782108 0.292348266
vn -0.909625888 0.415428387 0
v 0.0192580272 0.172548432 -1.18761315
vt 0.400782108 0.438896418
vn -0.555883543 0.83126018 0
v 0.0192580272 0.172548432 -1.29248419
vt 0.209301353 0.438896418
vn -0.555883523 0.831260193 0
v 0.0192580272 0.172548432 -1.18761315
vt 0.400782108 0.438896418
vn -0.555883543 0.83126018 0
v 0.0427417466 0.172548484 -1.29248419
vt 0.209301353 0.58544457
vn 0.55588097 0.831261901 0
v 0.0192580272 0.172548432 -1.29248419
vt 0.209301353 0.438896418
vn -0.555883523 0.831260193 0
v 0.0192580272 0.172548432 -1.18761315
vt 0.400782108 0.438896418
vn -0.555883543 0.83126018 0
v 0.0427417466 0.172548484 -1.18761315
vt 0.400782108 0.58544457
vn 0.555880949 0.831261914 0
v 0.0427417466 0.172548484 -1.29248419
vt 0.209301353 0.58544457
vn 0.55588097 0.831261901 0
v 0.0427417466 0.172548484 -1.18761315
vt 0.400782108 0.58544457
vn 0.555880949 0.831261914 0
v 0.0648092363 0.142087454 -1.29248419
vt 0.209301353 0.731993079
vn 0.909625275 0.415429729 0
v 0.0427417466 0.172548484 -1.29248419
vt 0.209301353 0.58544457
vn 0.55588097 0.831261901 0
v 0.0427417466 0.172548484 -1.18761315
vt 0.400782108 0.58544457
vn 0.555880949 0.831261914 0
v 0.0648092363 0.142087454 -1.18761315
vt 0.400782108 0.731993079
vn 0.909625271 0.415429736 0
v 0.0648092363 0.142087454 -1.29248419
vt 0.209301353 0.731993079
vn 0.909625275 0.415429729 0
v 0.0648092363 0.142087454 -1.18761315
vt 0.400782108 0.731993079
vn 0.909625271 0.415429736 0
v 0.0827988384 0.0848394432 -1.29248419
vt 0.209301353 0.878541231
vn 0.976387132 0.216028167 0
v 0.0648092363 0.142087454 -1.29248419
vt 0.209301353 0.731993079
vn 0.909625275 0.415429729 0
v 0.0648092363 0.142087454 -1.18761315
vt 0.400782108 0.731993079
vn 0.909625271 0.415429736 0
v 0.0827988384 0.0848394432 -1.18761315
vt 0.400782108 0.878541231
vn 0.976387131 0.216028171 0
v 0.0827988384 0.0848394432 -1.29248419
vt 0.209301353 0.878541231
vn 0.976387132 0.216028167 0
v 0.0827988384 0.0848394432 -1.18761315
vt 0.400782108 0.878541231
vn 0.976387131 0.216028171 0
v 0.0945407386 0.00770934691 -1.29248419
vt 0.209301233 1.02508914
vn 0.988609854 0.150501021 0
v 0.0827988384 0.0848394432 -1.29248419
vt 0.209301353 0.878541231
vn 0.976387132 0.216028167 0
v 0.0827988384 0.0848394432 -1.18761315
vt 0.400782108 0.878541231
vn 0.976387131 0.216028171 0
v 0.0945407386 0.00770934691 -1.18761315
vt 0.400781989 1.0250895
vn 0.988609854 0.150501021 0
v 0.0945407386 0.00770934691 -1.29248419
vt 0.209301233 1.02508914
vn 0.988609854 0.150501021 0
v -0.0325408134 0.0077090832 -1.29248419
vt 0.209301353 -0.000748157501
vn -0.988610006 0.15050002 0
v -0.0207989868 0.0848392205 -1.29248419
vt 0.209301353 0.145800114
vn -0.976387369 0.216027097 0
v -0.0207989868 0.0848392205 -1.39735522
vt 0.0178205967 0.145800114
vn -0.981312898 0.192418807 0
v -0.0325408134 0.0077090832 -1.29248419
vt 0.209301353 -0.000748157501
vn -0.988610006 0.15050002 0
v -0.0207989868 0.0848392205 -1.39735522
vt 0.0178205967 0.145800114
vn -0.981312898 0.192418807 0
v -0.0325408134 0.0077090832 -1.39735522
vt 0.0178205967 -0.000748157501
vn -0.988610006 0.15050002 0
v -0.0207989868 0.0848392205 -1.29248419
vt 0.209301353 0.145800114
vn -0.976387369 0.216027097 0
v -0.00280943673 0.142087321 -1.39735522
vt 0.0178205967 0.292348266
vn -0.928336087 0.371741994 0
v -0.0207989868 0.0848392205 -1.39735522
vt 0.0178205967 0.145800114
vn -0.981312898 0.192418807 0
v -0.0207989868 0.0848392205 -1.29248419
vt 0.209301353 0.145800114
vn -0.976387369 0.216027097 0
v -0.00280943673 0.142087321 -1.29248419
vt 0.209301353 0.292348266
vn -0.909625884 0.415428394 0
v -0.00280943673 0.142087321 -1.39735522
vt 0.0178205967 0.292348266
vn -0.928336087 0.371741994 0
v -0.00280943673 0.142087321 -1.29248419
vt 0.209301353 0.292348266
vn -0.909625884 0.415428394 0
v 0.0192580272 0.172548432 -1.39735522
vt 0.0178205967 0.438896418
vn -0.669362185 0.742936246 0
v -0.00280943673 0.142087321 -1.39735522
vt 0.0178205967 0.292348266
vn -0.928336087 0.371741994 0
v -0.00280943673 0.142087321 -1.29248419
vt 0.209301353 0.292348266
vn -0.909625884 0.415428394 0
v 0.0192580272 0.172548432 -1.29248419
vt 0.209301353 0.438896418
vn -0.555883523 0.831260193 0
v 0.0192580272 0.172548432 -1.39735522
vt 0.0178205967 0.438896418
vn -0.669362185 0.742936246 0
v 0.0192580272 0.172548432 -1.29248419
vt 0.209301353 0.438896418
vn -0.555883523 0.831260193 0
v 0.0427417466 0.172548484 -1.39735522
vt 0.0178205967 0.58544457
vn 0.403688347 0.914896562 0
v 0.0192580272 0.172548432 -1.39735522
vt 0.0178205967 0.438896418
vn -0.669362185 0.742936246 0
v 0.0192580272 0.172548432 -1.29248419
vt 0.209301353 0.438896418
vn -0.555883523 0.831260193 0
v 0.0427417466 0.172548484 -1.29248419
vt 0.209301353 0.58544457
vn 0.55588097 0.831261901 0
v 0.0427417466 0.172548484 -1.39735522
vt 0.0178205967 0.58544457
vn 0.403688347 0.914896562 0
v 0.0427417466 0.172548484 -1.29248419
vt 0.209301353 0.58544457
vn 0.55588097 0.831261901 0
v 0.0648092363 0.142087454 -1.39735522
vt 0.0178205967 0.731993079
vn 0.88513482 0.465334665 0
v 0.0427417466 0.172548484 -1.39735522
vt 0.0178205967 0.58544457
vn 0.403688347 0.914896562 0
v 0.0427417466 0.172548484 -1.29248419
vt 0.209301353 0.58544457
vn 0.55588097 0.831261901 0
v 0.0648092363 0.142087454 -1.29248419
vt 0.209301353 0.731993079
vn 0.909625275 0.415429729 0
v 0.0648092363 0.142087454 -1.39735522
vt 0.0178205967 0.731993079
vn 0.88513482 0.465334665 0
v 0.0648092363 0.142087454 -1.29248419
vt 0.209301353 0.731993079
vn 0.909625275 0.415429729 0
v 0.0827988384 0.0848394432 -1.39735522
vt 0.0178205967 0.878541231
vn 0.97036303 0.241651795 0
v 0.0648092363 0.142087454 -1.39735522
vt 0.0178205967 0.731993079
vn 0.88513482 0.465334665 0
v 0.0648092363 0.142087454 -1.29248419
vt 0.209301353 0.731993079
vn 0.909625275 0.415429729 0
v 0.0827988384 0.0848394432 -1.29248419
vt 0.209301353 0.878541231
vn 0.976387132 0.216028167 0
v 0.0827988384 0.0848394432 -1.39735522
vt 0.0178205967 0.878541231
vn 0.97036303 0.241651795 0
v 0.0827988384 0.0848394432 -1.29248419
vt 0.209301353 0.878541231
vn 0.976387132 0.216028167 0
v 0.0945407386 0.00770934691 -1.39735522
vt 0.0178205967 1.02508914
vn 0.988609854 0.150501021 0
v 0.0827988384 0.0848394432 -1.39735522
vt 0.0178205967 0.878541231
vn 0.97036303 0.241651795 0
v 0.0827988384 0.0848394432 -1.29248419
vt 0.209301353 0.878541231
vn 0.976387132 0.216028167 0
v 0.0945407386 0.00770934691 -1.29248419
vt 0.209301233 1.02508914
vn 0.988609854 0.150501021 0
v 0.0945407386 0.00770934691 -1.39735522
vt 0.0178205967 1.02508914
vn 0.988609854 0.150501021 0
v -0.0618841026 0.006 -0.824
vt 0.75 0
vn -0.99939368 0.0348177029 -1.52192998e-09
v -0.0564467182 0.0580239523 -0.930054451
vt 0.805555522 0.200000018
vn -0.977509947 0.210889317 -9.21826392e-09
v -0.0618841026 0.00599999536 -0.930054448
vt 0.75 0.200000018
vn -1 -1.92496185e-07 8.41572748e-15
v -0.0618841026 0.006 -0.824
vt 0.75 0
vn -0.99939368 0.0348177029 -1.52192998e-09
v -0.0564467182 0.0580239569 -0.824000002
vt 0.805555522 0
vn -0.968745912 0.248055151 -1.0842834e-08
v -0.0564467182 0.0580239523 -0.930054451
vt 0.805555522 0.200000018
vn -0.977509947 0.210889317 -9.21826392e-09
v -0.0564467182 0.0580239569 -0.824000002
vt 0.805555522 0
vn -0.968745912 0.248055151 -1.0842834e-08
v -0.0407904097 0.103773059 -0.930054453
vt 0.861111045 0.200000018
vn -0.895366516 0.445329993 -1.94659903e-08
v -0.0564467182 0.0580239523 -0.930054451
vt 0.805555522 0.200000018
vn -0.977509947 0.210889317 -9.21826392e-09
v -0.0564467182 0.0580239569 -0.824000002
vt 0.805555522 0
vn -0.968745912 0.248055151 -1.0842834e-08
v -0.0407904097 0.103773064 -0.824000004
vt 0.861111045 0
vn -0.872572846 0.48848401 -2.13523122e-08
v -0.0407904097 0.103773059 -0.930054453
vt 0.861111045 0.200000018
vn -0.895366516 0.445329993 -1.94659903e-08
v -0.0407904097 0.103773064 -0.824000004
vt 0.861111045 0
vn -0.872572846 0.48848401 -2.13523122e-08
v -0.01680354 0.137729283 -0.930054454
vt 0.916666687 0.200000018
vn -0.69774331 0.716347872 -3.13125569e-08
v -0.0407904097 0.103773059 -0.930054453
vt 0.861111045 0.200000018
vn -0.895366516 0.445329993 -1.94659903e-08
v -0.0407904097 0.103773064 -0.824000004
vt 0.861111045 0
vn -0.872572846 0.48848401 -2.13523122e-08
v -0.01680354 0.137729288 -0.824000006
vt 0.916666687 0
vn -0.645943448 0.763385265 -3.33686265e-08
v -0.01680354 0.137729283 -0.930054454
vt 0.916666687 0.200000018
vn -0.69774331 0.716347872 -3.13125569e-08
v -0.01680354 0.137729288 -0.824000006
vt 0.916666687 0
vn -0.645943448 0.763385265 -3.33686265e-08
v 0.0126207091 0.155797016 -0.930054455
vt 0.972222209 0.200000018
vn -0.523267481 0.852168494 -3.72494643e-08
v -0.01680354 0.137729283 -0.930054454
vt 0.916666687 0.200000018
vn -0.69774331 0.716347872 -3.13125569e-08
v -0.01680354 0.137729288 -0.824000006
vt 0.916666687 0
vn -0.645943448 0.763385265 -3.33686265e-08
v 0.0126207091 0.155797021 -0.824000007
vt 0.972222209 0
vn -0.523267481 0.852168494 -3.72494644e-08
v 0.0126207091 0.155797016 -0.930054455
vt 0.972222209 0.200000018
vn -0.523267481 0.852168494 -3.72494643e-08
v -0.0564466982 -0.0460240583 -0.823999998
vt 0.694444299 0
vn -0.984674988 -0.174399449 7.62324131e-09
v -0.0618841026 0.006 -0.824
vt 0.75 0
vn -0.99939368 0.0348177029 -1.52192998e-09
v -0.0618841026 0.00599999536 -0.930054448
vt 0.75 0.200000018
vn -1 -1.92496185e-07 8.41572748e-15
v -0.0564466982 -0.0460240583 -0.823999998
vt 0.694444299 0
vn -0.984674988 -0.174399449 7.62324131e-09
v -0.0618841026 0.00599999536 -0.930054448
vt 0.75 0.200000018
vn -1 -1.92496185e-07 8.41572748e-15
v -0.0564466982 -0.0460240629 -0.930054446
vt 0.694444299 0.200000018
vn -0.977509894 -0.210889561 9.21827457e-09
v -0.0407903696 -0.0917731313 -0.823999996
vt 0.638888836 0
vn -0.91504697 -0.403347298 1.76308686e-08
v -0.0564466982 -0.0460240583 -0.823999998
vt 0.694444299 0
vn -0.984674988 -0.174399449 7.62324131e-09
v -0.0564466982 -0.0460240629 -0.930054446
vt 0.694444299 0.200000018
vn -0.977509894 -0.210889561 9.21827457e-09
v -0.0407903696 -0.0917731313 -0.823999996
vt 0.638888836 0
vn -0.91504697 -0.403347298 1.76308686e-08
v -0.0564466982 -0.0460240629 -0.930054446
vt 0.694444299 0.200000018
vn -0.977509894 -0.210889561 9.21827457e-09
v -0.0407903696 -0.0917731359 -0.930054444
vt 0.638888836 0.200000018
vn -0.895366261 -0.445330506 1.94660128e-08
v -0.0168034966 -0.125729321 -0.823999994
vt 0.583333254 0
vn -0.743225772 -0.669040696 2.92446948e-08
v -0.0407903696 -0.0917731313 -0.823999996
vt 0.638888836 0
vn -0.91504697 -0.403347298 1.76308686e-08
v -0.0407903696 -0.0917731359 -0.930054444
vt 0.638888836 0.200000018
vn -0.895366261 -0.445330506 1.94660128e-08
v -0.0168034966 -0.125729321 -0.823999994
vt 0.583333254 0
vn -0.743225772 -0.669040696 2.92446948e-08
v -0.0407903696 -0.0917731359 -0.930054444
vt 0.638888836 0.200000018
vn -0.895366261 -0.445330506 1.94660128e-08
v -0.0168034966 -0.125729326 -0.930054443
vt 0.583333254 0.200000018
vn -0.697742944 -0.716348228 3.13125725e-08
v 0.0126207458 -0.143797032 -0.823999993
vt 0.527777672 0
vn -0.372020231 -0.928224621 4.0573983e-08
v -0.0168034966 -0.125729321 -0.823999994
vt 0.583333254 0
vn -0.743225772 -0.669040696 2.92446948e-08
v -0.0168034966 -0.125729326 -0.930054443
vt 0.583333254 0.200000018
vn -0.697742944 -0.716348228 3.13125725e-08
v 0.0126207458 -0.143797032 -0.823999993
vt 0.527777672 0
vn -0.372020231 -0.928224621 4.0573983e-08
v -0.0168034966 -0.125729326 -0.930054443
vt 0.583333254 0.200000018
vn -0.697742944 -0.716348228 3.13125725e-08
v 0.0126207458 -0.143797036 -0.930054442
vt 0.527777672 0.200000018
vn -0.285126436 -0.958489914 4.18969207e-08
v 0.0439333679 -0.143796998 -0.823999993
vt 0.472222149 0
vn 0.19260842 -0.981275699 4.2892919e-08
v 0.0126207458 -0.143797032 -0.823999993
vt 0.527777672 0
vn -0.372020231 -0.928224621 4.0573983e-08
v 0.0126207458 -0.143797036 -0.930054442
vt 0.527777672 0.200000018
vn -0.285126436 -0.958489914 4.18969207e-08
v 0.0439333679 -0.143796998 -0.823999993
vt 0.472222149 0
vn 0.19260842 -0.981275699 4.2892919e-08
v 0.0126207458 -0.143797036 -0.930054442
vt 0.527777672 0.200000018
vn -0.285126436 -0.958489914 4.18969207e-08
v 0.0439333679 -0.143797003 -0.930054442
vt 0.472222149 0.200000018
vn 0.285127942 -0.958489466 4.18969011e-08
v 0.073357602 -0.125729254 -0.823999994
vt 0.416666597 0
vn 0.645943781 -0.763384983 3.33686142e-08
v 0.0439333679 -0.143796998 -0.823999993
vt 0.472222149 0
vn 0.19260842 -0.981275699 4.2892919e-08
v 0.0439333679 -0.143797003 -0.930054442
vt 0.472222149 0.200000018
vn 0.285127942 -0.958489466 4.18969011e-08
v 0.073357602 -0.125729254 -0.823999994
vt 0.416666597 0
vn 0.645943781 -0.763384983 3.33686142e-08
v 0.0439333679 -0.143797003 -0.930054442
vt 0.472222149 0.200000018
vn 0.285127942 -0.958489466 4.18969011e-08
v 0.073357602 -0.125729259 -0.930054443
vt 0.416666597 0.200000018
vn 0.6977436 -0.71634759 3.13125445e-08
v 0.097344455 -0.0917730299 -0.823999996
vt 0.361111104 0
vn 0.872572967 -0.488483794 2.13523027e-08
v 0.073357602 -0.125729254 -0.823999994
vt 0.416666597 0
vn 0.645943781 -0.763384983 3.33686142e-08
v 0.073357602 -0.125729259 -0.930054443
vt 0.416666597 0.200000018
vn 0.6977436 -0.71634759 3.13125445e-08
v 0.097344455 -0.0917730299 -0.823999996
vt 0.361111104 0
vn 0.872572967 -0.488483794 2.13523027e-08
v 0.073357602 -0.125729259 -0.930054443
vt 0.416666597 0.200000018
vn 0.6977436 -0.71634759 3.13125445e-08
v 0.097344455 -0.0917730345 -0.930054444
vt 0.361111104 0.200000018
vn 0.895366608 -0.445329808 1.94659822e-08
v 0.113000757 -0.0460239287 -0.823999998
vt 0.305555552 0
vn 0.968745938 -0.248055051 1.08428296e-08
v 0.097344455 -0.0917730299 -0.823999996
vt 0.361111104 0
vn 0.872572967 -0.488483794 2.13523027e-08
v 0.097344455 -0.0917730345 -0.930054444
vt 0.361111104 0.200000018
vn 0.895366608 -0.445329808 1.94659822e-08
v 0.113000757 -0.0460239287 -0.823999998
vt 0.305555552 0
vn 0.968745938 -0.248055051 1.08428296e-08
v 0.097344455 -0.0917730345 -0.930054444
vt 0.361111104 0.200000018
vn 0.895366608 -0.445329808 1.94659822e-08
v 0.113000757 -0.0460239334 -0.930054446
vt 0.305555552 0.200000018
vn 0.977509969 -0.210889212 9.21825932e-09
v 0.118438135 0.00600002297 -0.824
vt 0.249999985 0
vn 0.999393678 -0.0348177731 1.52193305e-09
v 0.113000757 -0.0460239287 -0.823999998
vt 0.305555552 0
vn 0.968745938 -0.248055051 1.08428296e-08
v 0.113000757 -0.0460239334 -0.930054446
vt 0.305555552 0.200000018
vn 0.977509969 -0.210889212 9.21825932e-09
v 0.118438135 0.00600002297 -0.824
vt 0.249999985 0
vn 0.999393678 -0.0348177731 1.52193305e-09
v 0.113000757 -0.0460239334 -0.930054446
vt 0.305555552 0.200000018
vn 0.977509969 -0.210889212 9.21825932e-09
v 0.118438135 0.00600001833 -0.930054448
vt 0.249999985 0.200000018
vn 1 6.4165468e-08 -2.80216944e-15
v 0.11300075 0.0580239681 -0.824000002
vt 0.194444433 0
vn 0.984675015 0.174399296 -7.62323461e-09
v 0.118438135 0.00600002297 -0.824
vt 0.249999985 0
vn 0.999393678 -0.0348177731 1.52193305e-09
v 0.118438135 0.00600001833 -0.930054448
vt 0.249999985 0.200000018
vn 1 6.4165468e-08 -2.80216944e-15
v 0.11300075 0.0580239681 -0.824000002
vt 0.194444433 0
vn 0.984675015 0.174399296 -7.62323461e-09
v 0.118438135 0.00600001833 -0.930054448
vt 0.249999985 0.200000018
vn 1 6.4165468e-08 -2.80216944e-15
v 0.11300075 0.0580239635 -0.930054451
vt 0.194444433 0.200000018
vn 0.977509936 0.210889364 -9.21826599e-09
v 0.0973444417 0.103773064 -0.824000004
vt 0.138888896 0
vn 0.915047194 0.40334679 -1.76308464e-08
v 0.11300075 0.0580239681 -0.824000002
vt 0.194444433 0
vn 0.984675015 0.174399296 -7.62323461e-09
v 0.11300075 0.0580239635 -0.930054451
vt 0.194444433 0.200000018
vn 0.977509936 0.210889364 -9.21826599e-09
v 0.0973444417 0.103773064 -0.824000004
vt 0.138888896 0
vn 0.915047194 0.40334679 -1.76308464e-08
v 0.11300075 0.0580239635 -0.930054451
vt 0.194444433 0.200000018
vn 0.977509936 0.210889364 -9.21826599e-09
v 0.0973444417 0.103773059 -0.930054453
vt 0.138888896 0.200000018
vn 0.89536651 0.445330004 -1.94659908e-08
v 0.073357582 0.137729276 -0.824000006
vt 0.083333388 0
vn 0.743226155 0.66904027 -2.92446762e-08
v 0.0973444417 0.103773064 -0.824000004
vt 0.138888896 0
vn 0.915047194 0.40334679 -1.76308464e-08
v 0.0973444417 0.103773059 -0.930054453
vt 0.138888896 0.200000018
vn 0.89536651 0.445330004 -1.94659908e-08
v 0.073357582 0.137729276 -0.824000006
vt 0.083333388 0
vn 0.743226155 0.66904027 -2.92446762e-08
v 0.0973444417 0.103773059 -0.930054453
vt 0.138888896 0.200000018
vn 0.89536651 0.445330004 -1.94659908e-08
v 0.073357582 0.137729272 -0.930054454
vt 0.083333388 0.200000018
vn 0.697743355 0.716347828 -3.1312555e-08
v 0.0439333412 0.155797009 -0.824000007
vt 0.0277778096 0
vn 0.372021006 0.928224311 -4.05739694e-08
v 0.073357582 0.137729276 -0.824000006
vt 0.083333388 0
vn 0.743226155 0.66904027 -2.92446762e-08
v 0.073357582 0.137729272 -0.930054454
vt 0.083333388 0.200000018
vn 0.697743355 0.716347828 -3.1312555e-08
v 0.0439333412 0.155797009 -0.824000007
vt 0.0277778096 0
vn 0.372021006 0.928224311 -4.05739694e-08
v 0.073357582 0.137729272 -0.930054454
vt 0.083333388 0.200000018
vn 0.697743355 0.716347828 -3.1312555e-08
v 0.0439333412 0.155797005 -0.930054455
vt 0.0277778096 0.200000018
vn 0.28512738 0.958489633 -4.18969084e-08
v 0.0126207091 0.155797021 -0.824000007
vt -0.027777791 0
vn 3.59705851e-07 1 -4.37113841e-08
v 0.0439333412 0.155797009 -0.824000007
vt 0.0277778096 0
vn 0.372021006 0.928224311 -4.05739694e-08
v 0.0439333412 0.155797005 -0.930054455
vt 0.0277778096 0.200000018
vn 0.28512738 0.958489633 -4.18969084e-08
v 0.0126207091 0.155797021 -0.824000007
vt -0.027777791 0
vn 3.59705851e-07 1 -4.37113841e-08
v 0.0439333412 0.155797005 -0.930054455
vt 0.0277778096 0.200000018
vn 0.28512738 0.958489633 -4.18969084e-08
v 0.0126207091 0.155797016 -0.930054455
vt -0.027777791 0.200000018
vn 3.59705851e-07 1 -4.3711384e-08
v 0.0126207091 0.155797016 -0.930054455
vt -0.027777791 0.200000018
vn 3.59705851e-07 1 -4.3711384e-08
v 0.0439333412 0.155797005 -0.930054455
vt 0.0277778096 0.200000018
vn 0.28512738 0.958489633 -4.18969084e-08
v 0.0439333412 0.155797 -1.0361089
vt 0.0277778096 0.400000036
vn 0.285127387 0.958489631 -4.18969082e-08
v 0.0126207091 0.155797016 -0.930054455
vt -0.027777791 0.200000018
vn 3.59705851e-07 1 -4.3711384e-08
v 0.0439333412 0.155797 -1.0361089
vt 0.0277778096 0.400000036
vn 0.285127387 0.958489631 -4.18969082e-08
v 0.0126207091 0.155797011 -1.0361089
vt -0.027777791 0.400000036
vn 3.59705851e-07 1 -4.37113839e-08
v 0.0439333412 0.155797005 -0.930054455
vt 0.0277778096 0.200000018
vn 0.28512738 0.958489633 -4.18969084e-08
v 0.073357582 0.137729267 -1.0361089
vt 0.083333388 0.400000036
vn 0.697743359 0.716347824 -3.13125547e-08
v 0.0439333412 0.155797 -1.0361089
vt 0.0277778096 0.400000036
vn 0.285127387 0.958489631 -4.18969082e-08
v 0.0439333412 0.155797005 -0.930054455
vt 0.0277778096 0.200000018
vn 0.28512738 0.958489633 -4.18969084e-08
v 0.073357582 0.137729272 -0.930054454
vt 0.083333388 0.200000018
vn 0.697743355 0.716347828 -3.1312555e-08
v 0.073357582 0.137729267 -1.0361089
vt 0.083333388 0.400000036
vn 0.697743359 0.716347824 -3.13125547e-08
v 0.073357582 0.137729272 -0.930054454
vt 0.083333388 0.200000018
vn 0.697743355 0.716347828 -3.1312555e-08
v 0.0973444417 0.103773054 -1.0361089
vt 0.138888896 0.400000036
vn 0.895366512 0.44533 -1.94659906e-08
v 0.073357582 0.137729267 -1.0361089
vt 0.083333388 0.400000036
vn 0.697743359 0.716347824 -3.13125547e-08
v 0.073357582 0.137729272 -0.930054454
vt 0.083333388 0.200000018
vn 0.697743355 0.716347828 -3.1312555e-08
v 0.0973444417 0.103773059 -0.930054453
vt 0.138888896 0.200000018
vn 0.89536651 0.445330004 -1.94659908e-08
v 0.0973444417 0.103773054 -1.0361089
vt 0.138888896 0.400000036
vn 0.895366512 0.44533 -1.94659906e-08
v 0.0973444417 0.103773059 -0.930054453
vt 0.138888896 0.200000018
vn 0.89536651 0.445330004 -1.94659908e-08
v 0.11300075 0.0580239589 -1.0361089
vt 0.194444433 0.400000036
vn 0.977509937 0.210889362 -9.21826587e-09
v 0.0973444417 0.103773054 -1.0361089
vt 0.138888896 0.400000036
vn 0.895366512 0.44533 -1.94659906e-08
v 0.0973444417 0.103773059 -0.930054453
vt 0.138888896 0.200000018
vn 0.89536651 0.445330004 -1.94659908e-08
v 0.11300075 0.0580239635 -0.930054451
vt 0.194444433 0.200000018
vn 0.977509936 0.210889364 -9.21826599e-09
v 0.11300075 0.0580239589 -1.0361089
vt 0.194444433 0.400000036
vn 0.977509937 0.210889362 -9.21826587e-09
v 0.11300075 0.0580239635 -0.930054451
vt 0.194444433 0.200000018
vn 0.977509936 0.210889364 -9.21826599e-09
v 0.118438135 0.0060000137 -1.0361089
vt 0.249999985 0.400000036
vn 1 6.14646039e-08 -2.68584628e-15
v 0.11300075 0.0580239589 -1.0361089
vt 0.194444433 0.400000036
vn 0.977509937 0.210889362 -9.21826587e-09
v 0.11300075 0.0580239635 -0.930054451
vt 0.194444433 0.200000018
vn 0.977509936 0.210889364 -9.21826599e-09
v 0.118438135 0.00600001833 -0.930054448
vt 0.249999985 0.200000018
vn 1 6.4165468e-08 -2.80216944e-15
v 0.118438135 0.0060000137 -1.0361089
vt 0.249999985 0.400000036
vn 1 6.14646039e-08 -2.68584628e-15
v 0.118438135 0.00600001833 -0.930054448
vt 0.249999985 0.200000018
vn 1 6.4165468e-08 -2.80216944e-15
v 0.113000757 -0.046023938 -1.03610889
vt 0.305555552 0.400000036
vn 0.977509969 -0.210889215 9.21825945e-09
v 0.118438135 0.0060000137 -1.0361089
vt 0.249999985 0.400000036
vn 1 6.14646039e-08 -2.68584628e-15
v 0.118438135 0.00600001833 -0.930054448
vt 0.249999985 0.200000018
vn 1 6.4165468e-08 -2.80216944e-15
v 0.113000757 -0.0460239334 -0.930054446
vt 0.305555552 0.200000018
vn 0.977509969 -0.210889212 9.21825932e-09
v 0.113000757 -0.046023938 -1.03610889
vt 0.305555552 0.400000036
vn 0.977509969 -0.210889215 9.21825945e-09
v 0.113000757 -0.0460239334 -0.930054446
vt 0.305555552 0.200000018
vn 0.977509969 -0.210889212 9.21825932e-09
v 0.097344455 -0.0917730392 -1.03610889
vt 0.361111104 0.400000036
vn 0.895366606 -0.445329811 1.94659824e-08
v 0.113000757 -0.046023938 -1.03610889
vt 0.305555552 0.400000036
vn 0.977509969 -0.210889215 9.21825945e-09
v 0.113000757 -0.0460239334 -0.930054446
vt 0.305555552 0.200000018
vn 0.977509969 -0.210889212 9.21825932e-09
v 0.097344455 -0.0917730345 -0.930054444
vt 0.361111104 0.200000018
vn 0.895366608 -0.445329808 1.94659822e-08
v 0.097344455 -0.0917730392 -1.03610889
vt 0.361111104 0.400000036
vn 0.895366606 -0.445329811 1.94659824e-08
v 0.097344455 -0.0917730345 -0.930054444
vt 0.361111104 0.200000018
vn 0.895366608 -0.445329808 1.94659822e-08
v 0.073357602 -0.125729263 -1.03610889
vt 0.416666597 0.400000036
vn 0.697743596 -0.716347593 3.13125446e-08
v 0.097344455 -0.0917730392 -1.03610889
vt 0.361111104 0.400000036
vn 0.895366606 -0.445329811 1.94659824e-08
v 0.097344455 -0.0917730345 -0.930054444
vt 0.361111104 0.200000018
vn 0.895366608 -0.445329808 1.94659822e-08
v 0.073357602 -0.125729259 -0.930054443
vt 0.416666597 0.200000018
vn 0.6977436 -0.71634759 3.13125445e-08
v 0.073357602 -0.125729263 -1.03610889
vt 0.416666597 0.400000036
vn 0.697743596 -0.716347593 3.13125446e-08
v 0.073357602 -0.125729259 -0.930054443
vt 0.416666597 0.200000018
vn 0.6977436 -0.71634759 3.13125445e-08
v 0.0439333679 -0.143797007 -1.03610889
vt 0.472222149 0.400000036
vn 0.285127935 -0.958489468 4.18969011e-08
v 0.073357602 -0.125729263 -1.03610889
vt 0.416666597 0.400000036
vn 0.697743596 -0.716347593 3.13125446e-08
v 0.073357602 -0.125729259 -0.930054443
vt 0.416666597 0.200000018
vn 0.6977436 -0.71634759 3.13125445e-08
v 0.0439333679 -0.143797003 -0.930054442
vt 0.472222149 0.200000018
vn 0.285127942 -0.958489466 4.18969011e-08
v 0.0439333679 -0.143797007 -1.03610889
vt 0.472222149 0.400000036
vn 0.285127935 -0.958489468 4.18969011e-08
v 0.0439333679 -0.143797003 -0.930054442
vt 0.472222149 0.200000018
vn 0.285127942 -0.958489466 4.18969011e-08
v 0.0126207458 -0.143797041 -1.03610889
vt 0.527777672 0.400000036
vn -0.285126443 -0.958489912 4.18969205e-08
v 0.0439333679 -0.143797007 -1.03610889
vt 0.472222149 0.400000036
vn 0.285127935 -0.958489468 4.18969011e-08
v 0.0439333679 -0.143797003 -0.930054442
vt 0.472222149 0.200000018
vn 0.285127942 -0.958489466 4.18969011e-08
v 0.0126207458 -0.143797036 -0.930054442
vt 0.527777672 0.200000018
vn -0.285126436 -0.958489914 4.18969207e-08
v 0.0126207458 -0.143797041 -1.03610889
vt 0.527777672 0.400000036
vn -0.285126443 -0.958489912 4.18969205e-08
v 0.0126207458 -0.143797036 -0.930054442
vt 0.527777672 0.200000018
vn -0.285126436 -0.958489914 4.18969207e-08
v -0.0168034966 -0.125729331 -1.03610889
vt 0.583333254 0.400000036
vn -0.697742948 -0.716348224 3.13125722e-08
v 0.0126207458 -0.143797041 -1.03610889
vt 0.527777672 0.400000036
vn -0.285126443 -0.958489912 4.18969205e-08
v 0.0126207458 -0.143797036 -0.930054442
vt 0.527777672 0.200000018
vn -0.285126436 -0.958489914 4.18969207e-08
v -0.0168034966 -0.125729326 -0.930054443
vt 0.583333254 0.200000018
vn -0.697742944 -0.716348228 3.13125725e-08
v -0.0168034966 -0.125729331 -1.03610889
vt 0.583333254 0.400000036
vn -0.697742948 -0.716348224 3.13125722e-08
v -0.0168034966 -0.125729326 -0.930054443
vt 0.583333254 0.200000018
vn -0.697742944 -0.716348228 3.13125725e-08
v -0.0407903696 -0.0917731405 -1.03610889
vt 0.638888836 0.400000036
vn -0.895366262 -0.445330503 1.94660126e-08
v -0.0168034966 -0.125729331 -1.03610889
vt 0.583333254 0.400000036
vn -0.697742948 -0.716348224 3.13125722e-08
v -0.0168034966 -0.125729326 -0.930054443
vt 0.583333254 0.200000018
vn -0.697742944 -0.716348228 3.13125725e-08
v -0.0407903696 -0.0917731359 -0.930054444
vt 0.638888836 0.200000018
vn -0.895366261 -0.445330506 1.94660128e-08
v -0.0407903696 -0.0917731405 -1.03610889
vt 0.638888836 0.400000036
vn -0.895366262 -0.445330503 1.94660126e-08
v -0.0407903696 -0.0917731359 -0.930054444
vt 0.638888836 0.200000018
vn -0.895366261 -0.445330506 1.94660128e-08
v -0.0564466982 -0.0460240675 -1.03610889
vt 0.694444299 0.400000036
vn -0.977509895 -0.210889558 9.21827444e-09
v -0.0407903696 -0.0917731405 -1.03610889
vt 0.638888836 0.400000036
vn -0.895366262 -0.445330503 1.94660126e-08
v -0.0407903696 -0.0917731359 -0.930054444
vt 0.638888836 0.200000018
vn -0.895366261 -0.445330506 1.94660128e-08
v -0.0564466982 -0.0460240629 -0.930054446
vt 0.694444299 0.200000018
vn -0.977509894 -0.210889561 9.21827457e-09
v -0.0564466982 -0.0460240675 -1.03610889
vt 0.694444299 0.400000036
vn -0.977509895 -0.210889558 9.21827444e-09
v -0.0564466982 -0.0460240629 -0.930054446
vt 0.694444299 0.200000018
vn -0.977509894 -0.210889561 9.21827457e-09
v -0.0618841026 0.00599999073 -1.0361089
vt 0.75 0.400000036
vn -1 -1.89795317e-07 8.29762385e-15
v -0.0564466982 -0.0460240675 -1.03610889
vt 0.694444299 0.400000036
vn -0.977509895 -0.210889558 9.21827444e-09
v -0.0564466982 -0.0460240629 -0.930054446
vt 0.694444299 0.200000018
vn -0.977509894 -0.210889561 9.21827457e-09
v -0.0618841026 0.00599999536 -0.930054448
vt 0.75 0.200000018
vn -1 -1.92496185e-07 8.41572748e-15
v -0.0618841026 0.00599999073 -1.0361089
vt 0.75 0.400000036
vn -1 -1.89795317e-07 8.29762385e-15
v -0.0618841026 0.00599999536 -0.930054448
vt 0.75 0.200000018
vn -1 -1.92496185e-07 8.41572748e-15
v -0.0564467182 0.0580239476 -1.0361089
vt 0.805555522 0.400000036
vn -0.977509946 0.21088932 -9.21826405e-09
v -0.0618841026 0.00599999073 -1.0361089
vt 0.75 0.400000036
vn -1 -1.89795317e-07 8.29762385e-15
v -0.0618841026 0.00599999536 -0.930054448
vt 0.75 0.200000018
vn -1 -1.92496185e-07 8.41572748e-15
v -0.0564467182 0.0580239523 -0.930054451
vt 0.805555522 0.200000018
vn -0.977509947 0.210889317 -9.21826392e-09
v -0.0564467182 0.0580239476 -1.0361089
vt 0.805555522 0.400000036
vn -0.977509946 0.21088932 -9.21826405e-09
v -0.0564467182 0.0580239523 -0.930054451
vt 0.805555522 0.200000018
vn -0.977509947 0.210889317 -9.21826392e-09
v -0.0407904097 0.103773054 -1.0361089
vt 0.861111045 0.400000036
vn -0.895366514 0.445329996 -1.94659905e-08
v -0.0564467182 0.0580239476 -1.0361089
vt 0.805555522 0.400000036
vn -0.977509946 0.21088932 -9.21826405e-09
v -0.0564467182 0.0580239523 -0.930054451
vt 0.805555522 0.200000018
vn -0.977509947 0.210889317 -9.21826392e-09
v -0.0407904097 0.103773059 -0.930054453
vt 0.861111045 0.200000018
vn -0.895366516 0.445329993 -1.94659903e-08
v -0.0407904097 0.103773054 -1.0361089
vt 0.861111045 0.400000036
vn -0.895366514 0.445329996 -1.94659905e-08
v -0.0407904097 0.103773059 -0.930054453
vt 0.861111045 0.200000018
vn -0.895366516 0.445329993 -1.94659903e-08
v -0.01680354 0.137729278 -1.0361089
vt 0.916666687 0.400000036
vn -0.697743306 0.716347876 -3.1312557e-08
v -0.0407904097 0.103773054 -1.0361089
vt 0.861111045 0.400000036
vn -0.895366514 0.445329996 -1.94659905e-08
v -0.0407904097 0.103773059 -0.930054453
vt 0.861111045 0.200000018
vn -0.895366516 0.445329993 -1.94659903e-08
v -0.01680354 0.137729283 -0.930054454
vt 0.916666687 0.200000018
vn -0.69774331 0.716347872 -3.13125569e-08
v -0.01680354 0.137729278 -1.0361089
vt 0.916666687 0.400000036
vn -0.697743306 0.716347876 -3.1312557e-08
v -0.01680354 0.137729283 -0.930054454
vt 0.916666687 0.200000018
vn -0.69774331 0.716347872 -3.13125569e-08
v 0.0126207091 0.155797011 -1.0361089
vt 0.972222209 0.400000036
vn -0.523267481 0.852168494 -3.72494642e-08
v -0.01680354 0.137729278 -1.0361089
vt 0.916666687 0.400000036
vn -0.697743306 0.716347876 -3.1312557e-08
v -0.01680354 0.137729283 -0.930054454
vt 0.916666687 0.200000018
vn -0.69774331 0.716347872 -3.13125569e-08
v 0.0126207091 0.155797016 -0.930054455
vt 0.972222209 0.200000018
vn -0.523267481 0.852168494 -3.72494643e-08
v 0.0126207091 0.155797011 -1.0361089
vt 0.972222209 0.400000036
vn -0.523267481 0.852168494 -3.72494642e-08
v -0.0618841026 0.00599999073 -1.0361089
vt 0.75 0.400000036
vn -1 -1.89795317e-07 8.29762385e-15
v -0.0564467182 0.0580239476 -1.0361089
vt 0.805555522 0.400000036
vn -0.977509946 0.21088932 -9.21826405e-09
v -0.0564467182 0.058023943 -1.14216336
vt 0.805555522 0.600000083
vn -0.977509948 0.210889311 -9.21826367e-09
v -0.0618841026 0.00599999073 -1.0361089
vt 0.75 0.400000036
vn -1 -1.89795317e-07 8.29762385e-15
v -0.0564467182 0.058023943 -1.14216336
vt 0.805555522 0.600000083
vn -0.977509948 0.210889311 -9.21826367e-09
v -0.0618841026 0.00599998609 -1.14216336
vt 0.75 0.600000083
vn -1 -1.97897921e-07 8.65201991e-15
v -0.0564466982 -0.0460240675 -1.03610889
vt 0.694444299 0.400000036
vn -0.977509895 -0.210889558 9.21827444e-09
v -0.0618841026 0.00599999073 -1.0361089
vt 0.75 0.400000036
vn -1 -1.89795317e-07 8.29762385e-15
v -0.0618841026 0.00599998609 -1.14216336
vt 0.75 0.600000083
vn -1 -1.97897921e-07 8.65201991e-15
v -0.0564467182 0.0580239476 -1.0361089
vt 0.805555522 0.400000036
vn -0.977509946 0.21088932 -9.21826405e-09
v -0.0407904097 0.10377305 -1.14216337
vt 0.861111045 0.600000083
vn -0.895366519 0.445329986 -1.946599e-08
v -0.0564467182 0.058023943 -1.14216336
vt 0.805555522 0.600000083
vn -0.977509948 0.210889311 -9.21826367e-09
v -0.0564467182 0.0580239476 -1.0361089
vt 0.805555522 0.400000036
vn -0.977509946 0.21088932 -9.21826405e-09
v -0.0407904097 0.103773054 -1.0361089
vt 0.861111045 0.400000036
vn -0.895366514 0.445329996 -1.94659905e-08
v -0.0407904097 0.10377305 -1.14216337
vt 0.861111045 0.600000083
vn -0.895366519 0.445329986 -1.946599e-08
v -0.0407904097 0.103773054 -1.0361089
vt 0.861111045 0.400000036
vn -0.895366514 0.445329996 -1.94659905e-08
v -0.01680354 0.137729274 -1.14216337
vt 0.916666687 0.600000083
vn -0.697743317 0.716347865 -3.13125566e-08
v -0.0407904097 0.10377305 -1.14216337
vt 0.861111045 0.600000083
vn -0.895366519 0.445329986 -1.946599e-08
v -0.0407904097 0.103773054 -1.0361089
vt 0.861111045 0.400000036
vn -0.895366514 0.445329996 -1.94659905e-08
v -0.01680354 0.137729278 -1.0361089
vt 0.916666687 0.400000036
vn -0.697743306 0.716347876 -3.1312557e-08
v -0.01680354 0.137729274 -1.14216337
vt 0.916666687 0.600000083
vn -0.697743317 0.716347865 -3.13125566e-08
v -0.01680354 0.137729278 -1.0361089
vt 0.916666687 0.400000036
vn -0.697743306 0.716347876 -3.1312557e-08
v 0.0126207091 0.155797007 -1.14216337
vt 0.972222209 0.600000083
vn -0.523267481 0.852168494 -3.72494643e-08
v -0.01680354 0.137729274 -1.14216337
vt 0.916666687 0.600000083
vn -0.697743317 0.716347865 -3.13125566e-08
v -0.01680354 0.137729278 -1.0361089
vt 0.916666687 0.400000036
vn -0.697743306 0.716347876 -3.1312557e-08
v 0.0126207091 0.155797011 -1.0361089
vt 0.972222209 0.400000036
vn -0.523267481 0.852168494 -3.72494642e-08
v 0.0126207091 0.155797007 -1.14216337
vt 0.972222209 0.600000083
vn -0.523267481 0.852168494 -3.72494643e-08
v -0.0618841026 0.00599998609 -1.14216336
vt 0.75 0.600000083
vn -1 -1.97897921e-07 8.65201991e-15
v -0.0564467182 0.058023943 -1.14216336
vt 0.805555522 0.600000083
vn -0.977509948 0.210889311 -9.21826367e-09
v -0.0564467182 0.0580239383 -1.2482178
vt 0.805555522 0.800000072
vn -0.977509947 0.210889317 -9.21826392e-09
v -0.0618841026 0.00599998609 -1.14216336
vt 0.75 0.600000083
vn -1 -1.97897921e-07 8.65201991e-15
v -0.0564467182 0.0580239383 -1.2482178
vt 0.805555522 0.800000072
vn -0.977509947 0.210889317 -9.21826392e-09
v -0.0618841026 0.00599998146 -1.24821779
vt 0.75 0.800000072
vn -1 -1.92496185e-07 8.41371984e-15
v -0.0564467182 0.058023943 -1.14216336
vt 0.805555522 0.600000083
vn -0.977509948 0.210889311 -9.21826367e-09
v -0.0407904097 0.103773045 -1.2482178
vt 0.861111045 0.800000072
vn -0.895366516 0.445329993 -1.94659903e-08
v -0.0564467182 0.0580239383 -1.2482178
vt 0.805555522 0.800000072
vn -0.977509947 0.210889317 -9.21826392e-09
v -0.0564467182 0.058023943 -1.14216336
vt 0.805555522 0.600000083
vn -0.977509948 0.210889311 -9.21826367e-09
v -0.0407904097 0.10377305 -1.14216337
vt 0.861111045 0.600000083
vn -0.895366519 0.445329986 -1.946599e-08
v -0.0407904097 0.103773045 -1.2482178
vt 0.861111045 0.800000072
vn -0.895366516 0.445329993 -1.94659903e-08
v -0.0407904097 0.10377305 -1.14216337
vt 0.861111045 0.600000083
vn -0.895366519 0.445329986 -1.946599e-08
v -0.01680354 0.137729269 -1.2482178
vt 0.916666687 0.800000072
vn -0.69774331 0.716347872 -3.1312557e-08
v -0.0407904097 0.103773045 -1.2482178
vt 0.861111045 0.800000072
vn -0.895366516 0.445329993 -1.94659903e-08
v -0.0407904097 0.10377305 -1.14216337
vt 0.861111045 0.600000083
vn -0.895366519 0.445329986 -1.946599e-08
v -0.01680354 0.137729274 -1.14216337
vt 0.916666687 0.600000083
vn -0.697743317 0.716347865 -3.13125566e-08
v -0.01680354 0.137729269 -1.2482178
vt 0.916666687 0.800000072
vn -0.69774331 0.716347872 -3.1312557e-08
v -0.01680354 0.137729274 -1.14216337
vt 0.916666687 0.600000083
vn -0.697743317 0.716347865 -3.13125566e-08
v 0.0126207091 0.155797002 -1.2482178
vt 0.972222209 0.800000072
vn -0.523267481 0.852168494 -3.72494644e-08
v -0.01680354 0.137729269 -1.2482178
vt 0.916666687 0.800000072
vn -0.69774331 0.716347872 -3.1312557e-08
v -0.01680354 0.137729274 -1.14216337
vt 0.916666687 0.600000083
vn -0.697743317 0.716347865 -3.13125566e-08
v 0.0126207091 0.155797007 -1.14216337
vt 0.972222209 0.600000083
vn -0.523267481 0.852168494 -3.72494643e-08
v 0.0126207091 0.155797002 -1.2482178
vt 0.972222209 0.800000072
vn -0.523267481 0.852168494 -3.72494644e-08
v -0.0564466982 -0.0460240722 -1.14216336
vt 0.694444299 0.600000083
vn -0.977509893 -0.210889566 9.21827481e-09
v -0.0618841026 0.00599998609 -1.14216336
vt 0.75 0.600000083
vn -1 -1.97897921e-07 8.65201991e-15
v -0.0618841026 0.00599998146 -1.24821779
vt 0.75 0.800000072
vn -1 -1.92496185e-07 8.41371984e-15
v -0.0564466982 -0.0460240675 -1.03610889
vt 0.694444299 0.400000036
vn -0.977509895 -0.210889558 9.21827444e-09
v -0.0618841026 0.00599998609 -1.14216336
vt 0.75 0.600000083
vn -1 -1.97897921e-07 8.65201991e-15
v -0.0564466982 -0.0460240722 -1.14216336
vt 0.694444299 0.600000083
vn -0.977509893 -0.210889566 9.21827481e-09
v -0.0407903696 -0.0917731405 -1.03610889
vt 0.638888836 0.400000036
vn -0.895366262 -0.445330503 1.94660126e-08
v -0.0564466982 -0.0460240675 -1.03610889
vt 0.694444299 0.400000036
vn -0.977509895 -0.210889558 9.21827444e-09
v -0.0564466982 -0.0460240722 -1.14216336
vt 0.694444299 0.600000083
vn -0.977509893 -0.210889566 9.21827481e-09
v -0.0407903696 -0.0917731405 -1.03610889
vt 0.638888836 0.400000036
vn -0.895366262 -0.445330503 1.94660126e-08
v -0.0564466982 -0.0460240722 -1.14216336
vt 0.694444299 0.600000083
vn -0.977509893 -0.210889566 9.21827481e-09
v -0.0407903696 -0.0917731452 -1.14216336
vt 0.638888836 0.600000083
vn -0.895366257 -0.445330513 1.9466013e-08
v -0.0168034966 -0.125729331 -1.03610889
vt 0.583333254 0.400000036
vn -0.697742948 -0.716348224 3.13125722e-08
v -0.0407903696 -0.0917731405 -1.03610889
vt 0.638888836 0.400000036
vn -0.895366262 -0.445330503 1.94660126e-08
v -0.0407903696 -0.0917731452 -1.14216336
vt 0.638888836 0.600000083
vn -0.895366257 -0.445330513 1.9466013e-08
v -0.0168034966 -0.125729331 -1.03610889
vt 0.583333254 0.400000036
vn -0.697742948 -0.716348224 3.13125722e-08
v -0.0407903696 -0.0917731452 -1.14216336
vt 0.638888836 0.600000083
vn -0.895366257 -0.445330513 1.9466013e-08
v -0.0168034966 -0.125729335 -1.14216336
vt 0.583333254 0.600000083
vn -0.697742937 -0.716348235 3.13125728e-08
v 0.0126207458 -0.143797041 -1.03610889
vt 0.527777672 0.400000036
vn -0.285126443 -0.958489912 4.18969205e-08
v -0.0168034966 -0.125729331 -1.03610889
vt 0.583333254 0.400000036
vn -0.697742948 -0.716348224 3.13125722e-08
v -0.0168034966 -0.125729335 -1.14216336
vt 0.583333254 0.600000083
vn -0.697742937 -0.716348235 3.13125728e-08
v 0.0126207458 -0.143797041 -1.03610889
vt 0.527777672 0.400000036
vn -0.285126443 -0.958489912 4.18969205e-08
v -0.0168034966 -0.125729335 -1.14216336
vt 0.583333254 0.600000083
vn -0.697742937 -0.716348235 3.13125728e-08
v 0.0126207458 -0.143797046 -1.14216335
vt 0.527777672 0.600000083
vn -0.285126422 -0.958489918 4.18969209e-08
v 0.0439333679 -0.143797007 -1.03610889
vt 0.472222149 0.400000036
vn 0.285127935 -0.958489468 4.18969011e-08
v 0.0126207458 -0.143797041 -1.03610889
vt 0.527777672 0.400000036
vn -0.285126443 -0.958489912 4.18969205e-08
v 0.0126207458 -0.143797046 -1.14216335
vt 0.527777672 0.600000083
vn -0.285126422 -0.958489918 4.18969209e-08
v 0.0439333679 -0.143797007 -1.03610889
vt 0.472222149 0.400000036
vn 0.285127935 -0.958489468 4.18969011e-08
v 0.0126207458 -0.143797046 -1.14216335
vt 0.527777672 0.600000083
vn -0.285126422 -0.958489918 4.18969209e-08
v 0.0439333679 -0.143797012 -1.14216335
vt 0.472222149 0.600000083
vn 0.285127956 -0.958489462 4.18969009e-08
v 0.073357602 -0.125729263 -1.03610889
vt 0.416666597 0.400000036
vn 0.697743596 -0.716347593 3.13125446e-08
v 0.0439333679 -0.143797007 -1.03610889
vt 0.472222149 0.400000036
vn 0.285127935 -0.958489468 4.18969011e-08
v 0.0439333679 -0.143797012 -1.14216335
vt 0.472222149 0.600000083
vn 0.285127956 -0.958489462 4.18969009e-08
v 0.073357602 -0.125729263 -1.03610889
vt 0.416666597 0.400000036
vn 0.697743596 -0.716347593 3.13125446e-08
v 0.0439333679 -0.143797012 -1.14216335
vt 0.472222149 0.600000083
vn 0.285127956 -0.958489462 4.18969009e-08
v 0.073357602 -0.125729268 -1.14216336
vt 0.416666597 0.600000083
vn 0.697743607 -0.716347582 3.13125443e-08
v 0.097344455 -0.0917730392 -1.03610889
vt 0.361111104 0.400000036
vn 0.895366606 -0.445329811 1.94659824e-08
v 0.073357602 -0.125729263 -1.03610889
vt 0.416666597 0.400000036
vn 0.697743596 -0.716347593 3.13125446e-08
v 0.073357602 -0.125729268 -1.14216336
vt 0.416666597 0.600000083
vn 0.697743607 -0.716347582 3.13125443e-08
v 0.097344455 -0.0917730392 -1.03610889
vt 0.361111104 0.400000036
vn 0.895366606 -0.445329811 1.94659824e-08
v 0.073357602 -0.125729268 -1.14216336
vt 0.416666597 0.600000083
vn 0.697743607 -0.716347582 3.13125443e-08
v 0.097344455 -0.0917730438 -1.14216336
vt 0.361111104 0.600000083
vn 0.895366611 -0.445329801 1.94659819e-08
v 0.113000757 -0.046023938 -1.03610889
vt 0.305555552 0.400000036
vn 0.977509969 -0.210889215 9.21825945e-09
v 0.097344455 -0.0917730392 -1.03610889
vt 0.361111104 0.400000036
vn 0.895366606 -0.445329811 1.94659824e-08
v 0.097344455 -0.0917730438 -1.14216336
vt 0.361111104 0.600000083
vn 0.895366611 -0.445329801 1.94659819e-08
v 0.113000757 -0.046023938 -1.03610889
vt 0.305555552 0.400000036
vn 0.977509969 -0.210889215 9.21825945e-09
v 0.097344455 -0.0917730438 -1.14216336
vt 0.361111104 0.600000083
vn 0.895366611 -0.445329801 1.94659819e-08
v 0.113000757 -0.0460239426 -1.14216336
vt 0.305555552 0.600000083
vn 0.977509971 -0.210889206 9.21825907e-09
v 0.118438135 0.0060000137 -1.0361089
vt 0.249999985 0.400000036
vn 1 6.14646039e-08 -2.68584628e-15
v 0.113000757 -0.046023938 -1.03610889
vt 0.305555552 0.400000036
vn 0.977509969 -0.210889215 9.21825945e-09
v 0.113000757 -0.0460239426 -1.14216336
vt 0.305555552 0.600000083
vn 0.977509971 -0.210889206 9.21825907e-09
v 0.118438135 0.0060000137 -1.0361089
vt 0.249999985 0.400000036
vn 1 6.14646039e-08 -2.68584628e-15
v 0.113000757 -0.0460239426 -1.14216336
vt 0.305555552 0.600000083
vn 0.977509971 -0.210889206 9.21825907e-09
v 0.118438135 0.00600000906 -1.14216336
vt 0.249999985 0.600000083
vn 1 6.95671966e-08 -3.04038419e-15
v 0.11300075 0.0580239589 -1.0361089
vt 0.194444433 0.400000036
vn 0.977509937 0.210889362 -9.21826587e-09
v 0.118438135 0.0060000137 -1.0361089
vt 0.249999985 0.400000036
vn 1 6.14646039e-08 -2.68584628e-15
v 0.118438135 0.00600000906 -1.14216336
vt 0.249999985 0.600000083
vn 1 6.95671966e-08 -3.04038419e-15
v 0.11300075 0.0580239589 -1.0361089
vt 0.194444433 0.400000036
vn 0.977509937 0.210889362 -9.21826587e-09
v 0.118438135 0.00600000906 -1.14216336
vt 0.249999985 0.600000083
vn 1 6.95671966e-08 -3.04038419e-15
v 0.11300075 0.0580239542 -1.14216336
vt 0.194444433 0.600000083
vn 0.977509935 0.21088937 -9.21826624e-09
v 0.0973444417 0.103773054 -1.0361089
vt 0.138888896 0.400000036
vn 0.895366512 0.44533 -1.94659906e-08
v 0.11300075 0.0580239589 -1.0361089
vt 0.194444433 0.400000036
vn 0.977509937 0.210889362 -9.21826587e-09
v 0.11300075 0.0580239542 -1.14216336
vt 0.194444433 0.600000083
vn 0.977509935 0.21088937 -9.21826624e-09
v 0.0973444417 0.103773054 -1.0361089
vt 0.138888896 0.400000036
vn 0.895366512 0.44533 -1.94659906e-08
v 0.11300075 0.0580239542 -1.14216336
vt 0.194444433 0.600000083
vn 0.977509935 0.21088937 -9.21826624e-09
v 0.0973444417 0.10377305 -1.14216337
vt 0.138888896 0.600000083
vn 0.895366507 0.44533001 -1.94659911e-08
v 0.073357582 0.137729267 -1.0361089
vt 0.083333388 0.400000036
vn 0.697743359 0.716347824 -3.13125547e-08
v 0.0973444417 0.103773054 -1.0361089
vt 0.138888896 0.400000036
vn 0.895366512 0.44533 -1.94659906e-08
v 0.0973444417 0.10377305 -1.14216337
vt 0.138888896 0.600000083
vn 0.895366507 0.44533001 -1.94659911e-08
v 0.073357582 0.137729267 -1.0361089
vt 0.083333388 0.400000036
vn 0.697743359 0.716347824 -3.13125547e-08
v 0.0973444417 0.10377305 -1.14216337
vt 0.138888896 0.600000083
vn 0.895366507 0.44533001 -1.94659911e-08
v 0.073357582 0.137729263 -1.14216337
vt 0.083333388 0.600000083
vn 0.697743348 0.716347835 -3.13125553e-08
v 0.0439333412 0.155797 -1.0361089
vt 0.0277778096 0.400000036
vn 0.285127387 0.958489631 -4.18969082e-08
v 0.073357582 0.137729267 -1.0361089
vt 0.083333388 0.400000036
vn 0.697743359 0.716347824 -3.13125547e-08
v 0.073357582 0.137729263 -1.14216337
vt 0.083333388 0.600000083
vn 0.697743348 0.716347835 -3.13125553e-08
v 0.0439333412 0.155797 -1.0361089
vt 0.0277778096 0.400000036
vn 0.285127387 0.958489631 -4.18969082e-08
v 0.073357582 0.137729263 -1.14216337
vt 0.083333388 0.600000083
vn 0.697743348 0.716347835 -3.13125553e-08
v 0.0439333412 0.155796995 -1.14216337
vt 0.0277778096 0.600000083
vn 0.285127366 0.958489637 -4.18969086e-08
v 0.0126207091 0.155797011 -1.0361089
vt -0.027777791 0.400000036
vn 3.59705851e-07 1 -4.37113839e-08
v 0.0439333412 0.155797 -1.0361089
vt 0.0277778096 0.400000036
vn 0.285127387 0.958489631 -4.18969082e-08
v 0.0439333412 0.155796995 -1.14216337
vt 0.0277778096 0.600000083
vn 0.285127366 0.958489637 -4.18969086e-08
v 0.0126207091 0.155797011 -1.0361089
vt -0.027777791 0.400000036
vn 3.59705851e-07 1 -4.37113839e-08
v 0.0439333412 0.155796995 -1.14216337
vt 0.0277778096 0.600000083
vn 0.285127366 0.958489637 -4.18969086e-08
v 0.0126207091 0.155797007 -1.14216337
vt -0.027777791 0.600000083
vn 3.59705851e-07 1 -4.3711384e-08
v 0.0126207091 0.155797007 -1.14216337
vt -0.027777791 0.600000083
vn 3.59705851e-07 1 -4.3711384e-08
v 0.0439333412 0.155796995 -1.14216337
vt 0.0277778096 0.600000083
vn 0.285127366 0.958489637 -4.18969086e-08
v 0.0439333412 0.155796991 -1.2482178
vt 0.0277778096 0.800000072
vn 0.28512738 0.958489633 -4.18969085e-08
v 0.0126207091 0.155797007 -1.14216337
vt -0.027777791 0.600000083
vn 3.59705851e-07 1 -4.3711384e-08
v 0.0439333412 0.155796991 -1.2482178
vt 0.0277778096 0.800000072
vn 0.28512738 0.958489633 -4.18969085e-08
v 0.0126207091 0.155797002 -1.2482178
vt -0.027777791 0.800000072
vn 3.59705851e-07 1 -4.37113841e-08
v 0.0439333412 0.155796995 -1.14216337
vt 0.0277778096 0.600000083
vn 0.285127366 0.958489637 -4.18969086e-08
v 0.073357582 0.137729258 -1.2482178
vt 0.083333388 0.800000072
vn 0.697743355 0.716347828 -3.1312555e-08
v 0.0439333412 0.155796991 -1.2482178
vt 0.0277778096 0.800000072
vn 0.28512738 0.958489633 -4.18969085e-08
v 0.0439333412 0.155796995 -1.14216337
vt 0.0277778096 0.600000083
vn 0.285127366 0.958489637 -4.18969086e-08
v 0.073357582 0.137729263 -1.14216337
vt 0.083333388 0.600000083
vn 0.697743348 0.716347835 -3.13125553e-08
v 0.073357582 0.137729258 -1.2482178
vt 0.083333388 0.800000072
vn 0.697743355 0.716347828 -3.1312555e-08
v 0.073357582 0.137729263 -1.14216337
vt 0.083333388 0.600000083
vn 0.697743348 0.716347835 -3.13125553e-08
v 0.0973444417 0.103773045 -1.2482178
vt 0.138888896 0.800000072
vn 0.89536651 0.445330004 -1.94659908e-08
v 0.073357582 0.137729258 -1.2482178
vt 0.083333388 0.800000072
vn 0.697743355 0.716347828 -3.1312555e-08
v 0.073357582 0.137729263 -1.14216337
vt 0.083333388 0.600000083
vn 0.697743348 0.716347835 -3.13125553e-08
v 0.0973444417 0.10377305 -1.14216337
vt 0.138888896 0.600000083
vn 0.895366507 0.44533001 -1.94659911e-08
v 0.0973444417 0.103773045 -1.2482178
vt 0.138888896 0.800000072
vn 0.89536651 0.445330004 -1.94659908e-08
v 0.0973444417 0.10377305 -1.14216337
vt 0.138888896 0.600000083
vn 0.895366507 0.44533001 -1.94659911e-08
v 0.11300075 0.0580239496 -1.2482178
vt 0.194444433 0.800000072
vn 0.977509936 0.210889364 -9.21826599e-09
v 0.0973444417 0.103773045 -1.2482178
vt 0.138888896 0.800000072
vn 0.89536651 0.445330004 -1.94659908e-08
v 0.0973444417 0.10377305 -1.14216337
vt 0.138888896 0.600000083
vn 0.895366507 0.44533001 -1.94659911e-08
v 0.11300075 0.0580239542 -1.14216336
vt 0.194444433 0.600000083
vn 0.977509935 0.21088937 -9.21826624e-09
v 0.11300075 0.0580239496 -1.2482178
vt 0.194444433 0.800000072
vn 0.977509936 0.210889364 -9.21826599e-09
v 0.11300075 0.0580239542 -1.14216336
vt 0.194444433 0.600000083
vn 0.977509935 0.21088937 -9.21826624e-09
v 0.118438135 0.00600000442 -1.24821779
vt 0.249999985 0.800000072
vn 1 6.4165468e-08 -2.80357866e-15
v 0.11300075 0.0580239496 -1.2482178
vt 0.194444433 0.800000072
vn 0.977509936 0.210889364 -9.21826599e-09
v 0.11300075 0.0580239542 -1.14216336
vt 0.194444433 0.600000083
vn 0.977509935 0.21088937 -9.21826624e-09
v 0.118438135 0.00600000906 -1.14216336
vt 0.249999985 0.600000083
vn 1 6.95671966e-08 -3.04038419e-15
v 0.118438135 0.00600000442 -1.24821779
vt 0.249999985 0.800000072
vn 1 6.4165468e-08 -2.80357866e-15
v 0.118438135 0.00600000906 -1.14216336
vt 0.249999985 0.600000083
vn 1 6.95671966e-08 -3.04038419e-15
v 0.113000757 -0.0460239473 -1.24821779
vt 0.305555552 0.800000072
vn 0.977509969 -0.210889212 9.21825932e-09
v 0.118438135 0.00600000442 -1.24821779
vt 0.249999985 0.800000072
vn 1 6.4165468e-08 -2.80357866e-15
v 0.118438135 0.00600000906 -1.14216336
vt 0.249999985 0.600000083
vn 1 6.95671966e-08 -3.04038419e-15
v 0.113000757 -0.0460239426 -1.14216336
vt 0.305555552 0.600000083
vn 0.977509971 -0.210889206 9.21825907e-09
v 0.113000757 -0.0460239473 -1.24821779
vt 0.305555552 0.800000072
vn 0.977509969 -0.210889212 9.21825932e-09
v 0.113000757 -0.0460239426 -1.14216336
vt 0.305555552 0.600000083
vn 0.977509971 -0.210889206 9.21825907e-09
v 0.097344455 -0.0917730484 -1.24821779
vt 0.361111104 0.800000072
vn 0.895366608 -0.445329808 1.94659822e-08
v 0.113000757 -0.0460239473 -1.24821779
vt 0.305555552 0.800000072
vn 0.977509969 -0.210889212 9.21825932e-09
v 0.113000757 -0.0460239426 -1.14216336
vt 0.305555552 0.600000083
vn 0.977509971 -0.210889206 9.21825907e-09
v 0.097344455 -0.0917730438 -1.14216336
vt 0.361111104 0.600000083
vn 0.895366611 -0.445329801 1.94659819e-08
v 0.097344455 -0.0917730484 -1.24821779
vt 0.361111104 0.800000072
vn 0.895366608 -0.445329808 1.94659822e-08
v 0.097344455 -0.0917730438 -1.14216336
vt 0.361111104 0.600000083
vn 0.895366611 -0.445329801 1.94659819e-08
v 0.073357602 -0.125729272 -1.24821779
vt 0.416666597 0.800000072
vn 0.6977436 -0.71634759 3.13125446e-08
v 0.097344455 -0.0917730484 -1.24821779
vt 0.361111104 0.800000072
vn 0.895366608 -0.445329808 1.94659822e-08
v 0.097344455 -0.0917730438 -1.14216336
vt 0.361111104 0.600000083
vn 0.895366611 -0.445329801 1.94659819e-08
v 0.073357602 -0.125729268 -1.14216336
vt 0.416666597 0.600000083
vn 0.697743607 -0.716347582 3.13125443e-08
v 0.073357602 -0.125729272 -1.24821779
vt 0.416666597 0.800000072
vn 0.6977436 -0.71634759 3.13125446e-08
v 0.073357602 -0.125729268 -1.14216336
vt 0.416666597 0.600000083
vn 0.697743607 -0.716347582 3.13125443e-08
v 0.0439333679 -0.143797017 -1.24821779
vt 0.472222149 0.800000072
vn 0.285127942 -0.958489466 4.18969012e-08
v 0.073357602 -0.125729272 -1.24821779
vt 0.416666597 0.800000072
vn 0.6977436 -0.71634759 3.13125446e-08
v 0.073357602 -0.125729268 -1.14216336
vt 0.416666597 0.600000083
vn 0.697743607 -0.716347582 3.13125443e-08
v 0.0439333679 -0.143797012 -1.14216335
vt 0.472222149 0.600000083
vn 0.285127956 -0.958489462 4.18969009e-08
v 0.0439333679 -0.143797017 -1.24821779
vt 0.472222149 0.800000072
vn 0.285127942 -0.958489466 4.18969012e-08
v 0.0439333679 -0.143797012 -1.14216335
vt 0.472222149 0.600000083
vn 0.285127956 -0.958489462 4.18969009e-08
v 0.0126207458 -0.14379705 -1.24821779
vt 0.527777672 0.800000072
vn -0.285126436 -0.958489914 4.18969208e-08
v 0.0439333679 -0.143797017 -1.24821779
vt 0.472222149 0.800000072
vn 0.285127942 -0.958489466 4.18969012e-08
v 0.0439333679 -0.143797012 -1.14216335
vt 0.472222149 0.600000083
vn 0.285127956 -0.958489462 4.18969009e-08
v 0.0126207458 -0.143797046 -1.14216335
vt 0.527777672 0.600000083
vn -0.285126422 -0.958489918 4.18969209e-08
v 0.0126207458 -0.14379705 -1.24821779
vt 0.527777672 0.800000072
vn -0.285126436 -0.958489914 4.18969208e-08
v 0.0126207458 -0.143797046 -1.14216335
vt 0.527777672 0.600000083
vn -0.285126422 -0.958489918 4.18969209e-08
v -0.0168034966 -0.12572934 -1.24821779
vt 0.583333254 0.800000072
vn -0.697742944 -0.716348228 3.13125725e-08
v 0.0126207458 -0.14379705 -1.24821779
vt 0.527777672 0.800000072
vn -0.285126436 -0.958489914 4.18969208e-08
v 0.0126207458 -0.143797046 -1.14216335
vt 0.527777672 0.600000083
vn -0.285126422 -0.958489918 4.18969209e-08
v -0.0168034966 -0.125729335 -1.14216336
vt 0.583333254 0.600000083
vn -0.697742937 -0.716348235 3.13125728e-08
v -0.0168034966 -0.12572934 -1.24821779
vt 0.583333254 0.800000072
vn -0.697742944 -0.716348228 3.13125725e-08
v -0.0168034966 -0.125729335 -1.14216336
vt 0.583333254 0.600000083
vn -0.697742937 -0.716348235 3.13125728e-08
v -0.0407903696 -0.0917731498 -1.24821779
vt 0.638888836 0.800000072
vn -0.895366261 -0.445330506 1.94660128e-08
v -0.0168034966 -0.12572934 -1.24821779
vt 0.583333254 0.800000072
vn -0.697742944 -0.716348228 3.13125725e-08
v -0.0168034966 -0.125729335 -1.14216336
vt 0.583333254 0.600000083
vn -0.697742937 -0.716348235 3.13125728e-08
v -0.0407903696 -0.0917731452 -1.14216336
vt 0.638888836 0.600000083
vn -0.895366257 -0.445330513 1.9466013e-08
v -0.0407903696 -0.0917731498 -1.24821779
vt 0.638888836 0.800000072
vn -0.895366261 -0.445330506 1.94660128e-08
v -0.0407903696 -0.0917731452 -1.14216336
vt 0.638888836 0.600000083
vn -0.895366257 -0.445330513 1.9466013e-08
v -0.0564466982 -0.0460240768 -1.24821779
vt 0.694444299 0.800000072
vn -0.977509894 -0.210889561 9.21827456e-09
v -0.0407903696 -0.0917731498 -1.24821779
vt 0.638888836 0.800000072
vn -0.895366261 -0.445330506 1.94660128e-08
v -0.0407903696 -0.0917731452 -1.14216336
vt 0.638888836 0.600000083
vn -0.895366257 -0.445330513 1.9466013e-08
v -0.0564466982 -0.0460240722 -1.14216336
vt 0.694444299 0.600000083
vn -0.977509893 -0.210889566 9.21827481e-09
v -0.0564466982 -0.0460240768 -1.24821779
vt 0.694444299 0.800000072
vn -0.977509894 -0.210889561 9.21827456e-09
v -0.0564466982 -0.0460240722 -1.14216336
vt 0.694444299 0.600000083
vn -0.977509893 -0.210889566 9.21827481e-09
v -0.0618841026 0.00599998146 -1.24821779
vt 0.75 0.800000072
vn -1 -1.92496185e-07 8.41371984e-15
v -0.0564466982 -0.0460240768 -1.24821779
vt 0.694444299 0.800000072
vn -0.977509894 -0.210889561 9.21827456e-09
v 0.097344455 -0.0917730484 -1.24821779
vt 0.361111104 0.800000072
vn 0.895366608 -0.445329808 1.94659822e-08
v 0.073357602 -0.125729272 -1.24821779
vt 0.416666597 0.800000072
vn 0.6977436 -0.71634759 3.13125446e-08
v 0.073357602 -0.125729277 -1.35427222
vt 0.416666597 1
vn 0.743226372 -0.669040029 2.92446656e-08
v 0.097344455 -0.0917730484 -1.24821779
vt 0.361111104 0.800000072
vn 0.895366608 -0.445329808 1.94659822e-08
v 0.073357602 -0.125729277 -1.35427222
vt 0.416666597 1
vn 0.743226372 -0.669040029 2.92446656e-08
v 0.097344455 -0.0917730531 -1.35427222
vt 0.361111104 1
vn 0.915047275 -0.403346607 1.76308384e-08
v 0.073357602 -0.125729272 -1.24821779
vt 0.416666597 0.800000072
vn 0.6977436 -0.71634759 3.13125446e-08
v 0.0439333679 -0.143797021 -1.35427222
vt 0.472222149 1
vn 0.372021489 -0.928224117 4.05739609e-08
v 0.073357602 -0.125729277 -1.35427222
vt 0.416666597 1
vn 0.743226372 -0.669040029 2.92446656e-08
v 0.073357602 -0.125729272 -1.24821779
vt 0.416666597 0.800000072
vn 0.6977436 -0.71634759 3.13125446e-08
v 0.0439333679 -0.143797017 -1.24821779
vt 0.472222149 0.800000072
vn 0.285127942 -0.958489466 4.18969012e-08
v 0.0439333679 -0.143797021 -1.35427222
vt 0.472222149 1
vn 0.372021489 -0.928224117 4.05739609e-08
v 0.0439333679 -0.143797017 -1.24821779
vt 0.472222149 0.800000072
vn 0.285127942 -0.958489466 4.18969012e-08
v 0.0126207458 -0.143797055 -1.35427222
vt 0.527777672 1
vn -0.192606669 -0.981276042 4.2892934e-08
v 0.0439333679 -0.143797021 -1.35427222
vt 0.472222149 1
vn 0.372021489 -0.928224117 4.05739609e-08
v 0.0439333679 -0.143797017 -1.24821779
vt 0.472222149 0.800000072
vn 0.285127942 -0.958489466 4.18969012e-08
v 0.0126207458 -0.14379705 -1.24821779
vt 0.527777672 0.800000072
vn -0.285126436 -0.958489914 4.18969208e-08
v 0.0126207458 -0.143797055 -1.35427222
vt 0.527777672 1
vn -0.192606669 -0.981276042 4.2892934e-08
v 0.0126207458 -0.14379705 -1.24821779
vt 0.527777672 0.800000072
vn -0.285126436 -0.958489914 4.18969208e-08
v -0.0168034966 -0.125729345 -1.35427222
vt 0.583333254 1
vn -0.64594307 -0.763385585 3.33686405e-08
v 0.0126207458 -0.143797055 -1.35427222
vt 0.527777672 1
vn -0.192606669 -0.981276042 4.2892934e-08
v 0.0126207458 -0.14379705 -1.24821779
vt 0.527777672 0.800000072
vn -0.285126436 -0.958489914 4.18969208e-08
v -0.0168034966 -0.12572934 -1.24821779
vt 0.583333254 0.800000072
vn -0.697742944 -0.716348228 3.13125725e-08
v -0.0168034966 -0.125729345 -1.35427222
vt 0.583333254 1
vn -0.64594307 -0.763385585 3.33686405e-08
v -0.0168034966 -0.12572934 -1.24821779
vt 0.583333254 0.800000072
vn -0.697742944 -0.716348228 3.13125725e-08
v -0.0407903696 -0.0917731544 -1.35427222
vt 0.638888836 1
vn -0.872572573 -0.488484498 2.13523335e-08
v -0.0168034966 -0.125729345 -1.35427222
vt 0.583333254 1
vn -0.64594307 -0.763385585 3.33686405e-08
v -0.0168034966 -0.12572934 -1.24821779
vt 0.583333254 0.800000072
vn -0.697742944 -0.716348228 3.13125725e-08
v -0.0407903696 -0.0917731498 -1.24821779
vt 0.638888836 0.800000072
vn -0.895366261 -0.445330506 1.94660128e-08
v -0.0407903696 -0.0917731544 -1.35427222
vt 0.638888836 1
vn -0.872572573 -0.488484498 2.13523335e-08
v -0.0407903696 -0.0917731498 -1.24821779
vt 0.638888836 0.800000072
vn -0.895366261 -0.445330506 1.94660128e-08
v -0.0564466982 -0.0460240814 -1.35427222
vt 0.694444299 1
vn -0.968745829 -0.248055477 1.08428482e-08
v -0.0407903696 -0.0917731544 -1.35427222
vt 0.638888836 1
vn -0.872572573 -0.488484498 2.13523335e-08
v -0.0407903696 -0.0917731498 -1.24821779
vt 0.638888836 0.800000072
vn -0.895366261 -0.445330506 1.94660128e-08
v -0.0564466982 -0.0460240768 -1.24821779
vt 0.694444299 0.800000072
vn -0.977509894 -0.210889561 9.21827456e-09
v -0.0564466982 -0.0460240814 -1.35427222
vt 0.694444299 1
vn -0.968745829 -0.248055477 1.08428482e-08
v -0.0564466982 -0.0460240768 -1.24821779
vt 0.694444299 0.800000072
vn -0.977509894 -0.210889561 9.21827456e-09
v -0.0618841026 0.00599997682 -1.35427222
vt 0.75 1
vn -0.999393667 -0.0348180646 1.5219458e-09
v -0.0564466982 -0.0460240814 -1.35427222
vt 0.694444299 1
vn -0.968745829 -0.248055477 1.08428482e-08
v -0.0564466982 -0.0460240768 -1.24821779
vt 0.694444299 0.800000072
vn -0.977509894 -0.210889561 9.21827456e-09
v -0.0618841026 0.00599998146 -1.24821779
vt 0.75 0.800000072
vn -1 -1.92496185e-07 8.41371984e-15
v -0.0618841026 0.00599997682 -1.35427222
vt 0.75 1
vn -0.999393667 -0.0348180646 1.5219458e-09
v -0.0618841026 0.00599998146 -1.24821779
vt 0.75 0.800000072
vn -1 -1.92496185e-07 8.41371984e-15
v -0.0564467182 0.0580239337 -1.35427223
vt 0.805555522 1
vn -0.984675022 0.174399257 -7.6232329e-09
v -0.0618841026 0.00599997682 -1.35427222
vt 0.75 1
vn -0.999393667 -0.0348180646 1.5219458e-09
v -0.0618841026 0.00599998146 -1.24821779
vt 0.75 0.800000072
vn -1 -1.92496185e-07 8.41371984e-15
v -0.0564467182 0.0580239383 -1.2482178
vt 0.805555522 0.800000072
vn -0.977509947 0.210889317 -9.21826392e-09
v -0.0564467182 0.0580239337 -1.35427223
vt 0.805555522 1
vn -0.984675022 0.174399257 -7.6232329e-09
v -0.0564467182 0.0580239383 -1.2482178
vt 0.805555522 0.800000072
vn -0.977509947 0.210889317 -9.21826392e-09
v -0.0407904097 0.103773041 -1.35427223
vt 0.861111045 1
vn -0.915047207 0.40334676 -1.76308451e-08
v -0.0564467182 0.0580239337 -1.35427223
vt 0.805555522 1
vn -0.984675022 0.174399257 -7.6232329e-09
v -0.0564467182 0.0580239383 -1.2482178
vt 0.805555522 0.800000072
vn -0.977509947 0.210889317 -9.21826392e-09
v -0.0407904097 0.103773045 -1.2482178
vt 0.861111045 0.800000072
vn -0.895366516 0.445329993 -1.94659903e-08
v -0.0407904097 0.103773041 -1.35427223
vt 0.861111045 1
vn -0.915047207 0.40334676 -1.76308451e-08
v -0.0407904097 0.103773045 -1.2482178
vt 0.861111045 0.800000072
vn -0.895366516 0.445329993 -1.94659903e-08
v -0.01680354 0.137729265 -1.35427223
vt 0.916666687 1
vn -0.74322612 0.669040308 -2.92446779e-08
v -0.0407904097 0.103773041 -1.35427223
vt 0.861111045 1
vn -0.915047207 0.40334676 -1.76308451e-08
v -0.0407904097 0.103773045 -1.2482178
vt 0.861111045 0.800000072
vn -0.895366516 0.445329993 -1.94659903e-08
v -0.01680354 0.137729269 -1.2482178
vt 0.916666687 0.800000072
vn -0.69774331 0.716347872 -3.1312557e-08
v -0.01680354 0.137729265 -1.35427223
vt 0.916666687 1
vn -0.74322612 0.669040308 -2.92446779e-08
v -0.01680354 0.137729269 -1.2482178
vt 0.916666687 0.800000072
vn -0.69774331 0.716347872 -3.1312557e-08
v 0.0126207091 0.155796997 -1.35427223
vt 0.972222209 1
vn -0.523267481 0.852168494 -3.72494644e-08
v -0.01680354 0.137729265 -1.35427223
vt 0.916666687 1
vn -0.74322612 0.669040308 -2.92446779e-08
v -0.01680354 0.137729269 -1.2482178
vt 0.916666687 0.800000072
vn -0.69774331 0.716347872 -3.1312557e-08
v 0.0126207091 0.155797002 -1.2482178
vt 0.972222209 0.800000072
vn -0.523267481 0.852168494 -3.72494644e-08
v 0.0126207091 0.155796997 -1.35427223
vt 0.972222209 1
vn -0.523267481 0.852168494 -3.72494644e-08
v 0.113000757 -0.0460239473 -1.24821779
vt 0.305555552 0.800000072
vn 0.977509969 -0.210889212 9.21825932e-09
v 0.097344455 -0.0917730531 -1.35427222
vt 0.361111104 1
vn 0.915047275 -0.403346607 1.76308384e-08
v 0.113000757 -0.0460239519 -1.35427222
vt 0.305555552 1
vn 0.984675041 -0.174399148 7.62322811e-09
v 0.118438135 0.00600000442 -1.24821779
vt 0.249999985 0.800000072
vn 1 6.4165468e-08 -2.80357866e-15
v 0.113000757 -0.0460239473 -1.24821779
vt 0.305555552 0.800000072
vn 0.977509969 -0.210889212 9.21825932e-09
v 0.113000757 -0.0460239519 -1.35427222
vt 0.305555552 1
vn 0.984675041 -0.174399148 7.62322811e-09
v 0.118438135 0.00600000442 -1.24821779
vt 0.249999985 0.800000072
vn 1 6.4165468e-08 -2.80357866e-15
v 0.113000757 -0.0460239519 -1.35427222
vt 0.305555552 1
vn 0.984675041 -0.174399148 7.62322811e-09
v 0.118438135 0.00599999979 -1.35427222
vt 0.249999985 1
vn 0.999393673 0.0348179027 -1.52193872e-09
v 0.11300075 0.0580239496 -1.2482178
vt 0.194444433 0.800000072
vn 0.977509936 0.210889364 -9.21826599e-09
v 0.118438135 0.00600000442 -1.24821779
vt 0.249999985 0.800000072
vn 1 6.4165468e-08 -2.80357866e-15
v 0.118438135 0.00599999979 -1.35427222
vt 0.249999985 1
vn 0.999393673 0.0348179027 -1.52193872e-09
v 0.11300075 0.0580239496 -1.2482178
vt 0.194444433 0.800000072
vn 0.977509936 0.210889364 -9.21826599e-09
v 0.118438135 0.00599999979 -1.35427222
vt 0.249999985 1
vn 0.999393673 0.0348179027 -1.52193872e-09
v 0.11300075 0.058023945 -1.35427223
vt 0.194444433 1
vn 0.968745898 0.248055207 -1.08428364e-08
v 0.0973444417 0.103773045 -1.2482178
vt 0.138888896 0.800000072
vn 0.89536651 0.445330004 -1.94659908e-08
v 0.11300075 0.0580239496 -1.2482178
vt 0.194444433 0.800000072
vn 0.977509936 0.210889364 -9.21826599e-09
v 0.11300075 0.058023945 -1.35427223
vt 0.194444433 1
vn 0.968745898 0.248055207 -1.08428364e-08
v 0.0973444417 0.103773045 -1.2482178
vt 0.138888896 0.800000072
vn 0.89536651 0.445330004 -1.94659908e-08
v 0.11300075 0.058023945 -1.35427223
vt 0.194444433 1
vn 0.968745898 0.248055207 -1.08428364e-08
v 0.0973444417 0.103773041 -1.35427223
vt 0.138888896 1
vn 0.87257285 0.488484003 -2.13523119e-08
v 0.073357582 0.137729258 -1.2482178
vt 0.083333388 0.800000072
vn 0.697743355 0.716347828 -3.1312555e-08
v 0.0973444417 0.103773045 -1.2482178
vt 0.138888896 0.800000072
vn 0.89536651 0.445330004 -1.94659908e-08
v 0.0973444417 0.103773041 -1.35427223
vt 0.138888896 1
vn 0.87257285 0.488484003 -2.13523119e-08
v 0.073357582 0.137729258 -1.2482178
vt 0.083333388 0.800000072
vn 0.697743355 0.716347828 -3.1312555e-08
v 0.0973444417 0.103773041 -1.35427223
vt 0.138888896 1
vn 0.87257285 0.488484003 -2.13523119e-08
v 0.073357582 0.137729253 -1.35427223
vt 0.083333388 1
vn 0.645943509 0.763385213 -3.33686243e-08
v 0.0439333412 0.155796991 -1.2482178
vt 0.0277778096 0.800000072
vn 0.28512738 0.958489633 -4.18969085e-08
v 0.073357582 0.137729258 -1.2482178
vt 0.083333388 0.800000072
vn 0.697743355 0.716347828 -3.1312555e-08
v 0.073357582 0.137729253 -1.35427223
vt 0.083333388 1
vn 0.645943509 0.763385213 -3.33686243e-08
v 0.0439333412 0.155796991 -1.2482178
vt 0.0277778096 0.800000072
vn 0.28512738 0.958489633 -4.18969085e-08
v 0.073357582 0.137729253 -1.35427223
vt 0.083333388 1
vn 0.645943509 0.763385213 -3.33686243e-08
v 0.0439333412 0.155796986 -1.35427223
vt 0.0277778096 1
vn 0.192607788 0.981275823 -4.28929244e-08
v 0.0126207091 0.155797002 -1.2482178
vt -0.027777791 0.800000072
vn 3.59705851e-07 1 -4.37113841e-08
v 0.0439333412 0.155796991 -1.2482178
vt 0.0277778096 0.800000072
vn 0.28512738 0.958489633 -4.18969085e-08
v 0.0439333412 0.155796986 -1.35427223
vt 0.0277778096 1
vn 0.192607788 0.981275823 -4.28929244e-08
v 0.0126207091 0.155797002 -1.2482178
vt -0.027777791 0.800000072
vn 3.59705851e-07 1 -4.37113841e-08
v 0.0439333412 0.155796986 -1.35427223
vt 0.0277778096 1
vn 0.192607788 0.981275823 -4.28929244e-08
v 0.0126207091 0.155796997 -1.35427223
vt -0.027777791 1
vn 3.59705851e-07 1 -4.37113841e-08
v 0.113000757 -0.0460239473 -1.24821779
vt 0.305555552 0.800000072
vn 0.977509969 -0.210889212 9.21825932e-09
v 0.097344455 -0.0917730484 -1.24821779
vt 0.361111104 0.800000072
vn 0.895366608 -0.445329808 1.94659822e-08
v 0.097344455 -0.0917730531 -1.35427222
vt 0.361111104 1
vn 0.915047275 -0.403346607 1.76308384e-08
v -0.0526985886 0.006 -0.647
vt 0.75 0
vn -0.993821279 0.110992191 -4.85162227e-09
v -0.0478151589 0.0205753036 -0.695792546
vt 0.805555522 0.200000018
vn -0.822465094 0.568815584 -2.48637164e-08
v -0.0526985886 0.00599999787 -0.695792545
vt 0.75 0.200000018
vn -1 -6.17081807e-07 2.69748941e-14
v -0.0526985886 0.006 -0.647
vt 0.75 0
vn -0.993821279 0.110992191 -4.85162227e-09
v -0.0478151589 0.0205753057 -0.647000001
vt 0.805555522 0
vn -0.772949006 0.63446815 -2.7733481e-08
v -0.0478151589 0.0205753036 -0.695792546
vt 0.805555522 0.200000018
vn -0.822465094 0.568815584 -2.48637164e-08
v -0.0478151589 0.0205753057 -0.647000001
vt 0.805555522 0
vn -0.772949006 0.63446815 -2.7733481e-08
v -0.0337538976 0.0333926143 -0.695792547
vt 0.861111045 0.200000018
vn -0.531331688 0.847163879 -3.70307056e-08
v -0.0478151589 0.0205753036 -0.695792546
vt 0.805555522 0.200000018
vn -0.822465094 0.568815584 -2.48637164e-08
v -0.0478151589 0.0205753057 -0.647000001
vt 0.805555522 0
vn -0.772949006 0.63446815 -2.7733481e-08
v -0.0337538976 0.0333926165 -0.647000001
vt 0.861111045 0
vn -0.486757029 0.873537403 -3.81835289e-08
v -0.0337538976 0.0333926143 -0.695792547
vt 0.861111045 0.200000018
vn -0.531331688 0.847163879 -3.70307056e-08
v -0.0337538976 0.0333926165 -0.647000001
vt 0.861111045 0
vn -0.486757029 0.873537403 -3.81835289e-08
v -0.0122107833 0.0429059689 -0.695792547
vt 0.916666687 0.200000018
vn -0.290720648 0.956807977 -4.18234009e-08
v -0.0337538976 0.0333926143 -0.695792547
vt 0.861111045 0.200000018
vn -0.531331688 0.847163879 -3.70307056e-08
v -0.0337538976 0.0333926165 -0.647000001
vt 0.861111045 0
vn -0.486757029 0.873537403 -3.81835289e-08
v -0.0122107833 0.042905971 -0.647000002
vt 0.916666687 0
vn -0.25521414 0.966884555 -4.22638621e-08
v -0.0122107833 0.0429059689 -0.695792547
vt 0.916666687 0.200000018
vn -0.290720648 0.956807977 -4.18234009e-08
v -0.0122107833 0.042905971 -0.647000002
vt 0.916666687 0
vn -0.25521414 0.966884555 -4.22638621e-08
v 0.0142157562 0.0479679201 -0.695792547
vt 0.972222209 0.200000018
vn -0.188127839 0.982144549 -4.29308976e-08
v -0.0122107833 0.0429059689 -0.695792547
vt 0.916666687 0.200000018
vn -0.290720648 0.956807977 -4.18234009e-08
v -0.0122107833 0.042905971 -0.647000002
vt 0.916666687 0
vn -0.25521414 0.966884555 -4.22638621e-08
v 0.0142157562 0.0479679222 -0.647000002
vt 0.972222209 0
vn -0.188127839 0.982144549 -4.29308976e-08
v 0.0142157562 0.0479679201 -0.695792547
vt 0.972222209 0.200000018
vn -0.188127839 0.982144549 -4.29308976e-08
v -0.0478151409 -0.00857533415 -0.646999999
vt 0.694444299 0
vn -0.869610151 -0.493738984 2.15820143e-08
v -0.0526985886 0.006 -0.647
vt 0.75 0
vn -0.993821279 0.110992191 -4.85162227e-09
v -0.0526985886 0.00599999787 -0.695792545
vt 0.75 0.200000018
vn -1 -6.17081807e-07 2.69748941e-14
v -0.0478151409 -0.00857533415 -0.646999999
vt 0.694444299 0
vn -0.869610151 -0.493738984 2.15820143e-08
v -0.0526985886 0.00599999787 -0.695792545
vt 0.75 0.200000018
vn -1 -6.17081807e-07 2.69748941e-14
v -0.0478151409 -0.00857533628 -0.695792545
vt 0.694444299 0.200000018
vn -0.822464773 -0.568816049 2.48637367e-08
v -0.0337538616 -0.0213926354 -0.646999999
vt 0.638888836 0
vn -0.577668099 -0.816271748 3.56803678e-08
v -0.0478151409 -0.00857533415 -0.646999999
vt 0.694444299 0
vn -0.869610151 -0.493738984 2.15820143e-08
v -0.0478151409 -0.00857533628 -0.695792545
vt 0.694444299 0.200000018
vn -0.822464773 -0.568816049 2.48637367e-08
v -0.0337538616 -0.0213926354 -0.646999999
vt 0.638888836 0
vn -0.577668099 -0.816271748 3.56803678e-08
v -0.0478151409 -0.00857533628 -0.695792545
vt 0.694444299 0.200000018
vn -0.822464773 -0.568816049 2.48637367e-08
v -0.0337538616 -0.0213926375 -0.695792544
vt 0.638888836 0.200000018
vn -0.53133114 -0.847164222 3.70307206e-08
v -0.0122107443 -0.0309059805 -0.646999998
vt 0.583333254 0
vn -0.327432492 -0.944874576 4.13017754e-08
v -0.0337538616 -0.0213926354 -0.646999999
vt 0.638888836 0
vn -0.577668099 -0.816271748 3.56803678e-08
v -0.0337538616 -0.0213926375 -0.695792544
vt 0.638888836 0.200000018
vn -0.53133114 -0.847164222 3.70307206e-08
v -0.0122107443 -0.0309059805 -0.646999998
vt 0.583333254 0
vn -0.327432492 -0.944874576 4.13017754e-08
v -0.0337538616 -0.0213926375 -0.695792544
vt 0.638888836 0.200000018
vn -0.53133114 -0.847164222 3.70307206e-08
v -0.0122107443 -0.0309059826 -0.695792544
vt 0.583333254 0.200000018
vn -0.290720376 -0.95680806 4.18234045e-08
v 0.0142157891 -0.0359679254 -0.646999998
vt 0.527777672 0
vn -0.124058033 -0.992274964 4.3373712e-08
v -0.0122107443 -0.0309059805 -0.646999998
vt 0.583333254 0
vn -0.327432492 -0.944874576 4.13017754e-08
v -0.0122107443 -0.0309059826 -0.695792544
vt 0.583333254 0.200000018
vn -0.290720376 -0.95680806 4.18234045e-08
v 0.0142157891 -0.0359679254 -0.646999998
vt 0.527777672 0
vn -0.124058033 -0.992274964 4.3373712e-08
v -0.0122107443 -0.0309059826 -0.695792544
vt 0.583333254 0.200000018
vn -0.290720376 -0.95680806 4.18234045e-08
v 0.0142157891 -0.0359679275 -0.695792544
vt 0.527777672 0.200000018
vn -0.0923990384 -0.995722058 4.35243892e-08
v 0.0423383163 -0.0359679159 -0.646999998
vt 0.472222149 0
vn 0.0611154515 -0.998130704 4.36296745e-08
v 0.0142157891 -0.0359679254 -0.646999998
vt 0.527777672 0
vn -0.124058033 -0.992274964 4.3373712e-08
v 0.0142157891 -0.0359679275 -0.695792544
vt 0.527777672 0.200000018
vn -0.0923990384 -0.995722058 4.35243892e-08
v 0.0423383163 -0.0359679159 -0.646999998
vt 0.472222149 0
vn 0.0611154515 -0.998130704 4.36296745e-08
v 0.0142157891 -0.0359679275 -0.695792544
vt 0.527777672 0.200000018
vn -0.0923990384 -0.995722058 4.35243892e-08
v 0.0423383163 -0.035967918 -0.695792544
vt 0.472222149 0.200000018
vn 0.092399565 -0.99572201 4.35243871e-08
v 0.0687648423 -0.0309059615 -0.646999998
vt 0.416666597 0
vn 0.255214351 -0.966884499 4.22638597e-08
v 0.0423383163 -0.0359679159 -0.646999998
vt 0.472222149 0
vn 0.0611154515 -0.998130704 4.36296745e-08
v 0.0423383163 -0.035967918 -0.695792544
vt 0.472222149 0.200000018
vn 0.092399565 -0.99572201 4.35243871e-08
v 0.0687648423 -0.0309059615 -0.646999998
vt 0.416666597 0
vn 0.255214351 -0.966884499 4.22638597e-08
v 0.0423383163 -0.035967918 -0.695792544
vt 0.472222149 0.200000018
vn 0.092399565 -0.99572201 4.35243871e-08
v 0.0687648423 -0.0309059637 -0.695792544
vt 0.416666597 0.200000018
vn 0.290720863 -0.956807912 4.1823398e-08
v 0.0903079416 -0.021392607 -0.646999999
vt 0.361111104 0
vn 0.486757244 -0.873537283 3.81835236e-08
v 0.0687648423 -0.0309059615 -0.646999998
vt 0.416666597 0
vn 0.255214351 -0.966884499 4.22638597e-08
v 0.0687648423 -0.0309059637 -0.695792544
vt 0.416666597 0.200000018
vn 0.290720863 -0.956807912 4.1823398e-08
v 0.0903079416 -0.021392607 -0.646999999
vt 0.361111104 0
vn 0.486757244 -0.873537283 3.81835236e-08
v 0.0687648423 -0.0309059637 -0.695792544
vt 0.416666597 0.200000018
vn 0.290720863 -0.956807912 4.1823398e-08
v 0.0903079416 -0.0213926091 -0.695792544
vt 0.361111104 0.200000018
vn 0.531331886 -0.847163754 3.70307002e-08
v 0.104369197 -0.00857529786 -0.646999999
vt 0.305555552 0
vn 0.77294914 -0.634467987 2.77334738e-08
v 0.0903079416 -0.021392607 -0.646999999
vt 0.361111104 0
vn 0.486757244 -0.873537283 3.81835236e-08
v 0.0903079416 -0.0213926091 -0.695792544
vt 0.361111104 0.200000018
vn 0.531331886 -0.847163754 3.70307002e-08
v 0.104369197 -0.00857529786 -0.646999999
vt 0.305555552 0
vn 0.77294914 -0.634467987 2.77334738e-08
v 0.0903079416 -0.0213926091 -0.695792544
vt 0.361111104 0.200000018
vn 0.531331886 -0.847163754 3.70307002e-08
v 0.104369197 -0.00857529999 -0.695792545
vt 0.305555552 0.200000018
vn 0.822465233 -0.568815383 2.48637076e-08
v 0.109252621 0.00600000643 -0.647
vt 0.249999985 0
vn 0.993821254 -0.110992412 4.85163194e-09
v 0.104369197 -0.00857529786 -0.646999999
vt 0.305555552 0
vn 0.77294914 -0.634467987 2.77334738e-08
v 0.104369197 -0.00857529999 -0.695792545
vt 0.305555552 0.200000018
vn 0.822465233 -0.568815383 2.48637076e-08
v 0.109252621 0.00600000643 -0.647
vt 0.249999985 0
vn 0.993821254 -0.110992412 4.85163194e-09
v 0.104369197 -0.00857529999 -0.695792545
vt 0.305555552 0.200000018
vn 0.822465233 -0.568815383 2.48637076e-08
v 0.109252621 0.0060000043 -0.695792545
vt 0.249999985 0.200000018
vn 1 2.05694169e-07 -8.98654304e-15
v 0.104369191 0.0205753089 -0.647000001
vt 0.194444433 0
vn 0.869610343 0.493738646 -2.15819996e-08
v 0.109252621 0.00600000643 -0.647
vt 0.249999985 0
vn 0.993821254 -0.110992412 4.85163194e-09
v 0.109252621 0.0060000043 -0.695792545
vt 0.249999985 0.200000018
vn 1 2.05694169e-07 -8.98654304e-15
v 0.104369191 0.0205753089 -0.647000001
vt 0.194444433 0
vn 0.869610343 0.493738646 -2.15819996e-08
v 0.109252621 0.0060000043 -0.695792545
vt 0.249999985 0.200000018
vn 1 2.05694169e-07 -8.98654304e-15
v 0.104369191 0.0205753068 -0.695792546
vt 0.194444433 0.200000018
vn 0.822465032 0.568815674 -2.48637204e-08
v 0.0903079296 0.0333926165 -0.647000001
vt 0.138888896 0
vn 0.577668678 0.816271338 -3.568035e-08
v 0.104369191 0.0205753089 -0.647000001
vt 0.194444433 0
vn 0.869610343 0.493738646 -2.15819996e-08
v 0.104369191 0.0205753068 -0.695792546
vt 0.194444433 0.200000018
vn 0.822465032 0.568815674 -2.48637204e-08
v 0.0903079296 0.0333926165 -0.647000001
vt 0.138888896 0
vn 0.577668678 0.816271338 -3.568035e-08
v 0.104369191 0.0205753068 -0.695792546
vt 0.194444433 0.200000018
vn 0.822465032 0.568815674 -2.48637204e-08
v 0.0903079296 0.0333926143 -0.695792547
vt 0.138888896 0.200000018
vn 0.531331677 0.847163886 -3.70307059e-08
v 0.0687648243 0.0429059678 -0.647000002
vt 0.083333388 0
vn 0.327432829 0.944874459 -4.13017703e-08
v 0.0903079296 0.0333926165 -0.647000001
vt 0.138888896 0
vn 0.577668678 0.816271338 -3.568035e-08
v 0.0903079296 0.0333926143 -0.695792547
vt 0.138888896 0.200000018
vn 0.531331677 0.847163886 -3.70307059e-08
v 0.0687648243 0.0429059678 -0.647000002
vt 0.083333388 0
vn 0.327432829 0.944874459 -4.13017703e-08
v 0.0903079296 0.0333926143 -0.695792547
vt 0.138888896 0.200000018
vn 0.531331677 0.847163886 -3.70307059e-08
v 0.0687648243 0.0429059657 -0.695792547
vt 0.083333388 0.200000018
vn 0.290720682 0.956807967 -4.18234004e-08
v 0.0423382923 0.047967919 -0.647000002
vt 0.0277778096 0
vn 0.124058329 0.992274927 -4.33737104e-08
v 0.0687648243 0.0429059678 -0.647000002
vt 0.083333388 0
vn 0.327432829 0.944874459 -4.13017703e-08
v 0.0687648243 0.0429059657 -0.695792547
vt 0.083333388 0.200000018
vn 0.290720682 0.956807967 -4.18234004e-08
v 0.0423382923 0.047967919 -0.647000002
vt 0.0277778096 0
vn 0.124058329 0.992274927 -4.33737104e-08
v 0.0687648243 0.0429059657 -0.695792547
vt 0.083333388 0.200000018
vn 0.290720682 0.956807967 -4.18234004e-08
v 0.0423382923 0.0479679169 -0.695792547
vt 0.0277778096 0.200000018
vn 0.0923993685 0.995722028 -4.35243879e-08
v 0.0142157562 0.0479679222 -0.647000002
vt -0.027777791 0
vn 1.12208792e-07 1 -4.37113841e-08
v 0.0423382923 0.047967919 -0.647000002
vt 0.0277778096 0
vn 0.124058329 0.992274927 -4.33737104e-08
v 0.0423382923 0.0479679169 -0.695792547
vt 0.0277778096 0.200000018
vn 0.0923993685 0.995722028 -4.35243879e-08
v 0.0142157562 0.0479679222 -0.647000002
vt -0.027777791 0
vn 1.12208792e-07 1 -4.37113841e-08
v 0.0423382923 0.0479679169 -0.695792547
vt 0.0277778096 0.200000018
vn 0.0923993685 0.995722028 -4.35243879e-08
v 0.0142157562 0.0479679201 -0.695792547
vt -0.027777791 0.200000018
vn 1.12208792e-07 1 -4.3711384e-08
v 0.0142157562 0.0479679201 -0.695792547
vt -0.027777791 0.200000018
vn 1.12208792e-07 1 -4.3711384e-08
v 0.0423382923 0.0479679169 -0.695792547
vt 0.0277778096 0.200000018
vn 0.0923993685 0.995722028 -4.35243879e-08
v 0.0423382923 0.0479679148 -0.744585093
vt 0.0277778096 0.400000036
vn 0.0923993709 0.995722028 -4.35243879e-08
v 0.0142157562 0.0479679201 -0.695792547
vt -0.027777791 0.200000018
vn 1.12208792e-07 1 -4.3711384e-08
v 0.0423382923 0.0479679148 -0.744585093
vt 0.0277778096 0.400000036
vn 0.0923993709 0.995722028 -4.35243879e-08
v 0.0142157562 0.0479679179 -0.744585093
vt -0.027777791 0.400000036
vn 1.12208792e-07 1 -4.3711384e-08
v 0.0423382923 0.0479679169 -0.695792547
vt 0.0277778096 0.200000018
vn 0.0923993685 0.995722028 -4.35243879e-08
v 0.0687648243 0.0429059636 -0.744585093
vt 0.083333388 0.400000036
vn 0.290720684 0.956807966 -4.18234004e-08
v 0.0423382923 0.0479679148 -0.744585093
vt 0.0277778096 0.400000036
vn 0.0923993709 0.995722028 -4.35243879e-08
v 0.0423382923 0.0479679169 -0.695792547
vt 0.0277778096 0.200000018
vn 0.0923993685 0.995722028 -4.35243879e-08
v 0.0687648243 0.0429059657 -0.695792547
vt 0.083333388 0.200000018
vn 0.290720682 0.956807967 -4.18234004e-08
v 0.0687648243 0.0429059636 -0.744585093
vt 0.083333388 0.400000036
vn 0.290720684 0.956807966 -4.18234004e-08
v 0.0687648243 0.0429059657 -0.695792547
vt 0.083333388 0.200000018
vn 0.290720682 0.956807967 -4.18234004e-08
v 0.0903079296 0.0333926122 -0.744585092
vt 0.138888896 0.400000036
vn 0.53133168 0.847163884 -3.70307058e-08
v 0.0687648243 0.0429059636 -0.744585093
vt 0.083333388 0.400000036
vn 0.290720684 0.956807966 -4.18234004e-08
v 0.0687648243 0.0429059657 -0.695792547
vt 0.083333388 0.200000018
vn 0.290720682 0.956807967 -4.18234004e-08
v 0.0903079296 0.0333926143 -0.695792547
vt 0.138888896 0.200000018
vn 0.531331677 0.847163886 -3.70307059e-08
v 0.0903079296 0.0333926122 -0.744585092
vt 0.138888896 0.400000036
vn 0.53133168 0.847163884 -3.70307058e-08
v 0.0903079296 0.0333926143 -0.695792547
vt 0.138888896 0.200000018
vn 0.531331677 0.847163886 -3.70307059e-08
v 0.104369191 0.0205753046 -0.744585092
vt 0.194444433 0.400000036
vn 0.822465036 0.568815669 -2.48637201e-08
v 0.0903079296 0.0333926122 -0.744585092
vt 0.138888896 0.400000036
vn 0.53133168 0.847163884 -3.70307058e-08
v 0.0903079296 0.0333926143 -0.695792547
vt 0.138888896 0.200000018
vn 0.531331677 0.847163886 -3.70307059e-08
v 0.104369191 0.0205753068 -0.695792546
vt 0.194444433 0.200000018
vn 0.822465032 0.568815674 -2.48637204e-08
v 0.104369191 0.0205753046 -0.744585092
vt 0.194444433 0.400000036
vn 0.822465036 0.568815669 -2.48637201e-08
v 0.104369191 0.0205753068 -0.695792546
vt 0.194444433 0.200000018
vn 0.822465032 0.568815674 -2.48637204e-08
v 0.109252621 0.00600000217 -0.744585091
vt 0.249999985 0.400000036
vn 1 1.97036054e-07 -8.61548412e-15
v 0.104369191 0.0205753046 -0.744585092
vt 0.194444433 0.400000036
vn 0.822465036 0.568815669 -2.48637201e-08
v 0.104369191 0.0205753068 -0.695792546
vt 0.194444433 0.200000018
vn 0.822465032 0.568815674 -2.48637204e-08
v 0.109252621 0.0060000043 -0.695792545
vt 0.249999985 0.200000018
vn 1 2.05694169e-07 -8.98654304e-15
v 0.109252621 0.00600000217 -0.744585091
vt 0.249999985 0.400000036
vn 1 1.97036054e-07 -8.61548412e-15
v 0.109252621 0.0060000043 -0.695792545
vt 0.249999985 0.200000018
vn 1 2.05694169e-07 -8.98654304e-15
v 0.104369197 -0.00857530213 -0.74458509
vt 0.305555552 0.400000036
vn 0.82246523 -0.568815388 2.48637079e-08
v 0.109252621 0.00600000217 -0.744585091
vt 0.249999985 0.400000036
vn 1 1.97036054e-07 -8.61548412e-15
v 0.109252621 0.0060000043 -0.695792545
vt 0.249999985 0.200000018
vn 1 2.05694169e-07 -8.98654304e-15
v 0.104369197 -0.00857529999 -0.695792545
vt 0.305555552 0.200000018
vn 0.822465233 -0.568815383 2.48637076e-08
v 0.104369197 -0.00857530213 -0.74458509
vt 0.305555552 0.400000036
vn 0.82246523 -0.568815388 2.48637079e-08
v 0.104369197 -0.00857529999 -0.695792545
vt 0.305555552 0.200000018
vn 0.822465233 -0.568815383 2.48637076e-08
v 0.0903079416 -0.0213926112 -0.74458509
vt 0.361111104 0.400000036
vn 0.531331882 -0.847163757 3.70307003e-08
v 0.104369197 -0.00857530213 -0.74458509
vt 0.305555552 0.400000036
vn 0.82246523 -0.568815388 2.48637079e-08
v 0.104369197 -0.00857529999 -0.695792545
vt 0.305555552 0.200000018
vn 0.822465233 -0.568815383 2.48637076e-08
v 0.0903079416 -0.0213926091 -0.695792544
vt 0.361111104 0.200000018
vn 0.531331886 -0.847163754 3.70307002e-08
v 0.0903079416 -0.0213926112 -0.74458509
vt 0.361111104 0.400000036
vn 0.531331882 -0.847163757 3.70307003e-08
v 0.0903079416 -0.0213926091 -0.695792544
vt 0.361111104 0.200000018
vn 0.531331886 -0.847163754 3.70307002e-08
v 0.0687648423 -0.0309059658 -0.744585089
vt 0.416666597 0.400000036
vn 0.290720861 -0.956807912 4.18233981e-08
v 0.0903079416 -0.0213926112 -0.74458509
vt 0.361111104 0.400000036
vn 0.531331882 -0.847163757 3.70307003e-08
v 0.0903079416 -0.0213926091 -0.695792544
vt 0.361111104 0.200000018
vn 0.531331886 -0.847163754 3.70307002e-08
v 0.0687648423 -0.0309059637 -0.695792544
vt 0.416666597 0.200000018
vn 0.290720863 -0.956807912 4.1823398e-08
v 0.0687648423 -0.0309059658 -0.744585089
vt 0.416666597 0.400000036
vn 0.290720861 -0.956807912 4.18233981e-08
v 0.0687648423 -0.0309059637 -0.695792544
vt 0.416666597 0.200000018
vn 0.290720863 -0.956807912 4.1823398e-08
v 0.0423383163 -0.0359679202 -0.744585089
vt 0.472222149 0.400000036
vn 0.0923995626 -0.99572201 4.35243871e-08
v 0.0687648423 -0.0309059658 -0.744585089
vt 0.416666597 0.400000036
vn 0.290720861 -0.956807912 4.18233981e-08
v 0.0687648423 -0.0309059637 -0.695792544
vt 0.416666597 0.200000018
vn 0.290720863 -0.956807912 4.1823398e-08
v 0.0423383163 -0.035967918 -0.695792544
vt 0.472222149 0.200000018
vn 0.092399565 -0.99572201 4.35243871e-08
v 0.0423383163 -0.0359679202 -0.744585089
vt 0.472222149 0.400000036
vn 0.0923995626 -0.99572201 4.35243871e-08
v 0.0423383163 -0.035967918 -0.695792544
vt 0.472222149 0.200000018
vn 0.092399565 -0.99572201 4.35243871e-08
v 0.0142157891 -0.0359679296 -0.744585089
vt 0.527777672 0.400000036
vn -0.0923990409 -0.995722058 4.35243892e-08
v 0.0423383163 -0.0359679202 -0.744585089
vt 0.472222149 0.400000036
vn 0.0923995626 -0.99572201 4.35243871e-08
v 0.0423383163 -0.035967918 -0.695792544
vt 0.472222149 0.200000018
vn 0.092399565 -0.99572201 4.35243871e-08
v 0.0142157891 -0.0359679275 -0.695792544
vt 0.527777672 0.200000018
vn -0.0923990384 -0.995722058 4.35243892e-08
v 0.0142157891 -0.0359679296 -0.744585089
vt 0.527777672 0.400000036
vn -0.0923990409 -0.995722058 4.35243892e-08
v 0.0142157891 -0.0359679275 -0.695792544
vt 0.527777672 0.200000018
vn -0.0923990384 -0.995722058 4.35243892e-08
v -0.0122107443 -0.0309059847 -0.744585089
vt 0.583333254 0.400000036
vn -0.290720379 -0.956808059 4.18234044e-08
v 0.0142157891 -0.0359679296 -0.744585089
vt 0.527777672 0.400000036
vn -0.0923990409 -0.995722058 4.35243892e-08
v 0.0142157891 -0.0359679275 -0.695792544
vt 0.527777672 0.200000018
vn -0.0923990384 -0.995722058 4.35243892e-08
v -0.0122107443 -0.0309059826 -0.695792544
vt 0.583333254 0.200000018
vn -0.290720376 -0.95680806 4.18234045e-08
v -0.0122107443 -0.0309059847 -0.744585089
vt 0.583333254 0.400000036
vn -0.290720379 -0.956808059 4.18234044e-08
v -0.0122107443 -0.0309059826 -0.695792544
vt 0.583333254 0.200000018
vn -0.290720376 -0.95680806 4.18234045e-08
v -0.0337538616 -0.0213926396 -0.74458509
vt 0.638888836 0.400000036
vn -0.531331144 -0.84716422 3.70307205e-08
v -0.0122107443 -0.0309059847 -0.744585089
vt 0.583333254 0.400000036
vn -0.290720379 -0.956808059 4.18234044e-08
v -0.0122107443 -0.0309059826 -0.695792544
vt 0.583333254 0.200000018
vn -0.290720376 -0.95680806 4.18234045e-08
v -0.0337538616 -0.0213926375 -0.695792544
vt 0.638888836 0.200000018
vn -0.53133114 -0.847164222 3.70307206e-08
v -0.0337538616 -0.0213926396 -0.74458509
vt 0.638888836 0.400000036
vn -0.531331144 -0.84716422 3.70307205e-08
v -0.0337538616 -0.0213926375 -0.695792544
vt 0.638888836 0.200000018
vn -0.53133114 -0.847164222 3.70307206e-08
v -0.0478151409 -0.00857533841 -0.74458509
vt 0.694444299 0.400000036
vn -0.822464777 -0.568816043 2.48637365e-08
v -0.0337538616 -0.0213926396 -0.74458509
vt 0.638888836 0.400000036
vn -0.531331144 -0.84716422 3.70307205e-08
v -0.0337538616 -0.0213926375 -0.695792544
vt 0.638888836 0.200000018
vn -0.53133114 -0.847164222 3.70307206e-08
v -0.0478151409 -0.00857533628 -0.695792545
vt 0.694444299 0.200000018
vn -0.822464773 -0.568816049 2.48637367e-08
v -0.0478151409 -0.00857533841 -0.74458509
vt 0.694444299 0.400000036
vn -0.822464777 -0.568816043 2.48637365e-08
v -0.0478151409 -0.00857533628 -0.695792545
vt 0.694444299 0.200000018
vn -0.822464773 -0.568816049 2.48637367e-08
v -0.0526985886 0.00599999573 -0.744585091
vt 0.75 0.400000036
vn -1 -6.0842368e-07 2.65954962e-14
v -0.0478151409 -0.00857533841 -0.74458509
vt 0.694444299 0.400000036
vn -0.822464777 -0.568816043 2.48637365e-08
v -0.0478151409 -0.00857533628 -0.695792545
vt 0.694444299 0.200000018
vn -0.822464773 -0.568816049 2.48637367e-08
v -0.0526985886 0.00599999787 -0.695792545
vt 0.75 0.200000018
vn -1 -6.17081807e-07 2.69748941e-14
v -0.0526985886 0.00599999573 -0.744585091
vt 0.75 0.400000036
vn -1 -6.0842368e-07 2.65954962e-14
v -0.0526985886 0.00599999787 -0.695792545
vt 0.75 0.200000018
vn -1 -6.17081807e-07 2.69748941e-14
v -0.0478151589 0.0205753015 -0.744585092
vt 0.805555522 0.400000036
vn -0.822465091 0.568815589 -2.48637167e-08
v -0.0526985886 0.00599999573 -0.744585091
vt 0.75 0.400000036
vn -1 -6.0842368e-07 2.65954962e-14
v -0.0526985886 0.00599999787 -0.695792545
vt 0.75 0.200000018
vn -1 -6.17081807e-07 2.69748941e-14
v -0.0478151589 0.0205753036 -0.695792546
vt 0.805555522 0.200000018
vn -0.822465094 0.568815584 -2.48637164e-08
v -0.0478151589 0.0205753015 -0.744585092
vt 0.805555522 0.400000036
vn -0.822465091 0.568815589 -2.48637167e-08
v -0.0478151589 0.0205753036 -0.695792546
vt 0.805555522 0.200000018
vn -0.822465094 0.568815584 -2.48637164e-08
v -0.0337538976 0.0333926122 -0.744585092
vt 0.861111045 0.400000036
vn -0.531331685 0.847163881 -3.70307057e-08
v -0.0478151589 0.0205753015 -0.744585092
vt 0.805555522 0.400000036
vn -0.822465091 0.568815589 -2.48637167e-08
v -0.0478151589 0.0205753036 -0.695792546
vt 0.805555522 0.200000018
vn -0.822465094 0.568815584 -2.48637164e-08
v -0.0337538976 0.0333926143 -0.695792547
vt 0.861111045 0.200000018
vn -0.531331688 0.847163879 -3.70307056e-08
v -0.0337538976 0.0333926122 -0.744585092
vt 0.861111045 0.400000036
vn -0.531331685 0.847163881 -3.70307057e-08
v -0.0337538976 0.0333926143 -0.695792547
vt 0.861111045 0.200000018
vn -0.531331688 0.847163879 -3.70307056e-08
v -0.0122107833 0.0429059667 -0.744585093
vt 0.916666687 0.400000036
vn -0.290720645 0.956807978 -4.18234009e-08
v -0.0337538976 0.0333926122 -0.744585092
vt 0.861111045 0.400000036
vn -0.531331685 0.847163881 -3.70307057e-08
v -0.0337538976 0.0333926143 -0.695792547
vt 0.861111045 0.200000018
vn -0.531331688 0.847163879 -3.70307056e-08
v -0.0122107833 0.0429059689 -0.695792547
vt 0.916666687 0.200000018
vn -0.290720648 0.956807977 -4.18234009e-08
v -0.0122107833 0.0429059667 -0.744585093
vt 0.916666687 0.400000036
vn -0.290720645 0.956807978 -4.18234009e-08
v -0.0122107833 0.0429059689 -0.695792547
vt 0.916666687 0.200000018
vn -0.290720648 0.956807977 -4.18234009e-08
v 0.0142157562 0.0479679179 -0.744585093
vt 0.972222209 0.400000036
vn -0.188127839 0.982144549 -4.29308975e-08
v -0.0122107833 0.0429059667 -0.744585093
vt 0.916666687 0.400000036
vn -0.290720645 0.956807978 -4.18234009e-08
v -0.0122107833 0.0429059689 -0.695792547
vt 0.916666687 0.200000018
vn -0.290720648 0.956807977 -4.18234009e-08
v 0.0142157562 0.0479679201 -0.695792547
vt 0.972222209 0.200000018
vn -0.188127839 0.982144549 -4.29308976e-08
v 0.0142157562 0.0479679179 -0.744585093
vt 0.972222209 0.400000036
vn -0.188127839 0.982144549 -4.29308975e-08
v -0.0526985886 0.00599999573 -0.744585091
vt 0.75 0.400000036
vn -1 -6.0842368e-07 2.65954962e-14
v -0.0478151589 0.0205753015 -0.744585092
vt 0.805555522 0.400000036
vn -0.822465091 0.568815589 -2.48637167e-08
v -0.0478151589 0.0205752994 -0.793377645
vt 0.805555522 0.600000083
vn -0.822465102 0.568815573 -2.48637159e-08
v -0.0526985886 0.00599999573 -0.744585091
vt 0.75 0.400000036
vn -1 -6.0842368e-07 2.65954962e-14
v -0.0478151589 0.0205752994 -0.793377645
vt 0.805555522 0.600000083
vn -0.822465102 0.568815573 -2.48637159e-08
v -0.0526985886 0.0059999936 -0.793377644
vt 0.75 0.600000083
vn -1 -6.34398061e-07 2.77256998e-14
v -0.0478151409 -0.00857533841 -0.74458509
vt 0.694444299 0.400000036
vn -0.822464777 -0.568816043 2.48637365e-08
v -0.0526985886 0.00599999573 -0.744585091
vt 0.75 0.400000036
vn -1 -6.0842368e-07 2.65954962e-14
v -0.0526985886 0.0059999936 -0.793377644
vt 0.75 0.600000083
vn -1 -6.34398061e-07 2.77256998e-14
v -0.0478151589 0.0205753015 -0.744585092
vt 0.805555522 0.400000036
vn -0.822465091 0.568815589 -2.48637167e-08
v -0.0337538976 0.0333926101 -0.793377645
vt 0.861111045 0.600000083
vn -0.531331695 0.847163874 -3.70307054e-08
v -0.0478151589 0.0205752994 -0.793377645
vt 0.805555522 0.600000083
vn -0.822465102 0.568815573 -2.48637159e-08
v -0.0478151589 0.0205753015 -0.744585092
vt 0.805555522 0.400000036
vn -0.822465091 0.568815589 -2.48637167e-08
v -0.0337538976 0.0333926122 -0.744585092
vt 0.861111045 0.400000036
vn -0.531331685 0.847163881 -3.70307057e-08
v -0.0337538976 0.0333926101 -0.793377645
vt 0.861111045 0.600000083
vn -0.531331695 0.847163874 -3.70307054e-08
v -0.0337538976 0.0333926122 -0.744585092
vt 0.861111045 0.400000036
vn -0.531331685 0.847163881 -3.70307057e-08
v -0.0122107833 0.0429059646 -0.793377646
vt 0.916666687 0.600000083
vn -0.290720653 0.956807975 -4.18234008e-08
v -0.0337538976 0.0333926101 -0.793377645
vt 0.861111045 0.600000083
vn -0.531331695 0.847163874 -3.70307054e-08
v -0.0337538976 0.0333926122 -0.744585092
vt 0.861111045 0.400000036
vn -0.531331685 0.847163881 -3.70307057e-08
v -0.0122107833 0.0429059667 -0.744585093
vt 0.916666687 0.400000036
vn -0.290720645 0.956807978 -4.18234009e-08
v -0.0122107833 0.0429059646 -0.793377646
vt 0.916666687 0.600000083
vn -0.290720653 0.956807975 -4.18234008e-08
v -0.0122107833 0.0429059667 -0.744585093
vt 0.916666687 0.400000036
vn -0.290720645 0.956807978 -4.18234009e-08
v 0.0142157562 0.0479679158 -0.793377646
vt 0.972222209 0.600000083
vn -0.188127839 0.982144549 -4.29308976e-08
v -0.0122107833 0.0429059646 -0.793377646
vt 0.916666687 0.600000083
vn -0.290720653 0.956807975 -4.18234008e-08
v -0.0122107833 0.0429059667 -0.744585093
vt 0.916666687 0.400000036
vn -0.290720645 0.956807978 -4.18234009e-08
v 0.0142157562 0.0479679179 -0.744585093
vt 0.972222209 0.400000036
vn -0.188127839 0.982144549 -4.29308975e-08
v 0.0142157562 0.0479679158 -0.793377646
vt 0.972222209 0.600000083
vn -0.188127839 0.982144549 -4.29308976e-08
v -0.0526985886 0.0059999936 -0.793377644
vt 0.75 0.600000083
vn -1 -6.34398061e-07 2.77256998e-14
v -0.0478151589 0.0205752994 -0.793377645
vt 0.805555522 0.600000083
vn -0.822465102 0.568815573 -2.48637159e-08
v -0.0478151589 0.0205752972 -0.842170183
vt 0.805555522 0.800000072
vn -0.822465094 0.568815584 -2.48637164e-08
v -0.0526985886 0.0059999936 -0.793377644
vt 0.75 0.600000083
vn -1 -6.34398061e-07 2.77256998e-14
v -0.0478151589 0.0205752972 -0.842170183
vt 0.805555522 0.800000072
vn -0.822465094 0.568815584 -2.48637164e-08
v -0.0526985886 0.00599999147 -0.842170182
vt 0.75 0.800000072
vn -1 -6.17081807e-07 2.69697836e-14
v -0.0478151589 0.0205752994 -0.793377645
vt 0.805555522 0.600000083
vn -0.822465102 0.568815573 -2.48637159e-08
v -0.0337538976 0.0333926079 -0.842170183
vt 0.861111045 0.800000072
vn -0.531331688 0.847163879 -3.70307056e-08
v -0.0478151589 0.0205752972 -0.842170183
vt 0.805555522 0.800000072
vn -0.822465094 0.568815584 -2.48637164e-08
v -0.0478151589 0.0205752994 -0.793377645
vt 0.805555522 0.600000083
vn -0.822465102 0.568815573 -2.48637159e-08
v -0.0337538976 0.0333926101 -0.793377645
vt 0.861111045 0.600000083
vn -0.531331695 0.847163874 -3.70307054e-08
v -0.0337538976 0.0333926079 -0.842170183
vt 0.861111045 0.800000072
vn -0.531331688 0.847163879 -3.70307056e-08
v -0.0337538976 0.0333926101 -0.793377645
vt 0.861111045 0.600000083
vn -0.531331695 0.847163874 -3.70307054e-08
v -0.0122107833 0.0429059625 -0.842170184
vt 0.916666687 0.800000072
vn -0.290720648 0.956807977 -4.18234009e-08
v -0.0337538976 0.0333926079 -0.842170183
vt 0.861111045 0.800000072
vn -0.531331688 0.847163879 -3.70307056e-08
v -0.0337538976 0.0333926101 -0.793377645
vt 0.861111045 0.600000083
vn -0.531331695 0.847163874 -3.70307054e-08
v -0.0122107833 0.0429059646 -0.793377646
vt 0.916666687 0.600000083
vn -0.290720653 0.956807975 -4.18234008e-08
v -0.0122107833 0.0429059625 -0.842170184
vt 0.916666687 0.800000072
vn -0.290720648 0.956807977 -4.18234009e-08
v -0.0122107833 0.0429059646 -0.793377646
vt 0.916666687 0.600000083
vn -0.290720653 0.956807975 -4.18234008e-08
v 0.0142157562 0.0479679137 -0.842170184
vt 0.972222209 0.800000072
vn -0.188127839 0.982144549 -4.29308975e-08
v -0.0122107833 0.0429059625 -0.842170184
vt 0.916666687 0.800000072
vn -0.290720648 0.956807977 -4.18234009e-08
v -0.0122107833 0.0429059646 -0.793377646
vt 0.916666687 0.600000083
vn -0.290720653 0.956807975 -4.18234008e-08
v 0.0142157562 0.0479679158 -0.793377646
vt 0.972222209 0.600000083
vn -0.188127839 0.982144549 -4.29308976e-08
v 0.0142157562 0.0479679137 -0.842170184
vt 0.972222209 0.800000072
vn -0.188127839 0.982144549 -4.29308975e-08
v -0.0478151409 -0.00857534055 -0.793377643
vt 0.694444299 0.600000083
vn -0.822464765 -0.56881606 2.48637372e-08
v -0.0526985886 0.0059999936 -0.793377644
vt 0.75 0.600000083
vn -1 -6.34398061e-07 2.77256998e-14
v -0.0526985886 0.00599999147 -0.842170182
vt 0.75 0.800000072
vn -1 -6.17081807e-07 2.69697836e-14
v -0.0478151409 -0.00857533841 -0.74458509
vt 0.694444299 0.400000036
vn -0.822464777 -0.568816043 2.48637365e-08
v -0.0526985886 0.0059999936 -0.793377644
vt 0.75 0.600000083
vn -1 -6.34398061e-07 2.77256998e-14
v -0.0478151409 -0.00857534055 -0.793377643
vt 0.694444299 0.600000083
vn -0.822464765 -0.56881606 2.48637372e-08
v -0.0337538616 -0.0213926396 -0.74458509
vt 0.638888836 0.400000036
vn -0.531331144 -0.84716422 3.70307205e-08
v -0.0478151409 -0.00857533841 -0.74458509
vt 0.694444299 0.400000036
vn -0.822464777 -0.568816043 2.48637365e-08
v -0.0478151409 -0.00857534055 -0.793377643
vt 0.694444299 0.600000083
vn -0.822464765 -0.56881606 2.48637372e-08
v -0.0337538616 -0.0213926396 -0.74458509
vt 0.638888836 0.400000036
vn -0.531331144 -0.84716422 3.70307205e-08
v -0.0478151409 -0.00857534055 -0.793377643
vt 0.694444299 0.600000083
vn -0.822464765 -0.56881606 2.48637372e-08
v -0.0337538616 -0.0213926418 -0.793377643
vt 0.638888836 0.600000083
vn -0.531331133 -0.847164227 3.70307208e-08
v -0.0122107443 -0.0309059847 -0.744585089
vt 0.583333254 0.400000036
vn -0.290720379 -0.956808059 4.18234044e-08
v -0.0337538616 -0.0213926396 -0.74458509
vt 0.638888836 0.400000036
vn -0.531331144 -0.84716422 3.70307205e-08
v -0.0337538616 -0.0213926418 -0.793377643
vt 0.638888836 0.600000083
vn -0.531331133 -0.847164227 3.70307208e-08
v -0.0122107443 -0.0309059847 -0.744585089
vt 0.583333254 0.400000036
vn -0.290720379 -0.956808059 4.18234044e-08
v -0.0337538616 -0.0213926418 -0.793377643
vt 0.638888836 0.600000083
vn -0.531331133 -0.847164227 3.70307208e-08
v -0.0122107443 -0.0309059869 -0.793377642
vt 0.583333254 0.600000083
vn -0.290720371 -0.956808061 4.18234046e-08
v 0.0142157891 -0.0359679296 -0.744585089
vt 0.527777672 0.400000036
vn -0.0923990409 -0.995722058 4.35243892e-08
v -0.0122107443 -0.0309059847 -0.744585089
vt 0.583333254 0.400000036
vn -0.290720379 -0.956808059 4.18234044e-08
v -0.0122107443 -0.0309059869 -0.793377642
vt 0.583333254 0.600000083
vn -0.290720371 -0.956808061 4.18234046e-08
v 0.0142157891 -0.0359679296 -0.744585089
vt 0.527777672 0.400000036
vn -0.0923990409 -0.995722058 4.35243892e-08
v -0.0122107443 -0.0309059869 -0.793377642
vt 0.583333254 0.600000083
vn -0.290720371 -0.956808061 4.18234046e-08
v 0.0142157891 -0.0359679318 -0.793377642
vt 0.527777672 0.600000083
vn -0.0923990336 -0.995722059 4.35243893e-08
v 0.0423383163 -0.0359679202 -0.744585089
vt 0.472222149 0.400000036
vn 0.0923995626 -0.99572201 4.35243871e-08
v 0.0142157891 -0.0359679296 -0.744585089
vt 0.527777672 0.400000036
vn -0.0923990409 -0.995722058 4.35243892e-08
v 0.0142157891 -0.0359679318 -0.793377642
vt 0.527777672 0.600000083
vn -0.0923990336 -0.995722059 4.35243893e-08
v 0.0423383163 -0.0359679202 -0.744585089
vt 0.472222149 0.400000036
vn 0.0923995626 -0.99572201 4.35243871e-08
v 0.0142157891 -0.0359679318 -0.793377642
vt 0.527777672 0.600000083
vn -0.0923990336 -0.995722059 4.35243893e-08
v 0.0423383163 -0.0359679223 -0.793377642
vt 0.472222149 0.600000083
vn 0.0923995699 -0.995722009 4.35243871e-08
v 0.0687648423 -0.0309059658 -0.744585089
vt 0.416666597 0.400000036
vn 0.290720861 -0.956807912 4.18233981e-08
v 0.0423383163 -0.0359679202 -0.744585089
vt 0.472222149 0.400000036
vn 0.0923995626 -0.99572201 4.35243871e-08
v 0.0423383163 -0.0359679223 -0.793377642
vt 0.472222149 0.600000083
vn 0.0923995699 -0.995722009 4.35243871e-08
v 0.0687648423 -0.0309059658 -0.744585089
vt 0.416666597 0.400000036
vn 0.290720861 -0.956807912 4.18233981e-08
v 0.0423383163 -0.0359679223 -0.793377642
vt 0.472222149 0.600000083
vn 0.0923995699 -0.995722009 4.35243871e-08
v 0.0687648423 -0.0309059679 -0.793377642
vt 0.416666597 0.600000083
vn 0.290720869 -0.95680791 4.18233979e-08
v 0.0903079416 -0.0213926112 -0.74458509
vt 0.361111104 0.400000036
vn 0.531331882 -0.847163757 3.70307003e-08
v 0.0687648423 -0.0309059658 -0.744585089
vt 0.416666597 0.400000036
vn 0.290720861 -0.956807912 4.18233981e-08
v 0.0687648423 -0.0309059679 -0.793377642
vt 0.416666597 0.600000083
vn 0.290720869 -0.95680791 4.18233979e-08
v 0.0903079416 -0.0213926112 -0.74458509
vt 0.361111104 0.400000036
vn 0.531331882 -0.847163757 3.70307003e-08
v 0.0687648423 -0.0309059679 -0.793377642
vt 0.416666597 0.600000083
vn 0.290720869 -0.95680791 4.18233979e-08
v 0.0903079416 -0.0213926134 -0.793377643
vt 0.361111104 0.600000083
vn 0.531331893 -0.84716375 3.70307e-08
v 0.104369197 -0.00857530213 -0.74458509
vt 0.305555552 0.400000036
vn 0.82246523 -0.568815388 2.48637079e-08
v 0.0903079416 -0.0213926112 -0.74458509
vt 0.361111104 0.400000036
vn 0.531331882 -0.847163757 3.70307003e-08
v 0.0903079416 -0.0213926134 -0.793377643
vt 0.361111104 0.600000083
vn 0.531331893 -0.84716375 3.70307e-08
v 0.104369197 -0.00857530213 -0.74458509
vt 0.305555552 0.400000036
vn 0.82246523 -0.568815388 2.48637079e-08
v 0.0903079416 -0.0213926134 -0.793377643
vt 0.361111104 0.600000083
vn 0.531331893 -0.84716375 3.70307e-08
v 0.104369197 -0.00857530426 -0.793377643
vt 0.305555552 0.600000083
vn 0.822465241 -0.568815372 2.48637072e-08
v 0.109252621 0.00600000217 -0.744585091
vt 0.249999985 0.400000036
vn 1 1.97036054e-07 -8.61548412e-15
v 0.104369197 -0.00857530213 -0.74458509
vt 0.305555552 0.400000036
vn 0.82246523 -0.568815388 2.48637079e-08
v 0.104369197 -0.00857530426 -0.793377643
vt 0.305555552 0.600000083
vn 0.822465241 -0.568815372 2.48637072e-08
v 0.109252621 0.00600000217 -0.744585091
vt 0.249999985 0.400000036
vn 1 1.97036054e-07 -8.61548412e-15
v 0.104369197 -0.00857530426 -0.793377643
vt 0.305555552 0.600000083
vn 0.822465241 -0.568815372 2.48637072e-08
v 0.109252621 0.00600000004 -0.793377644
vt 0.249999985 0.600000083
vn 1 2.23010401e-07 -9.75124346e-15
v 0.104369191 0.0205753046 -0.744585092
vt 0.194444433 0.400000036
vn 0.822465036 0.568815669 -2.48637201e-08
v 0.109252621 0.00600000217 -0.744585091
vt 0.249999985 0.400000036
vn 1 1.97036054e-07 -8.61548412e-15
v 0.109252621 0.00600000004 -0.793377644
vt 0.249999985 0.600000083
vn 1 2.23010401e-07 -9.75124346e-15
v 0.104369191 0.0205753046 -0.744585092
vt 0.194444433 0.400000036
vn 0.822465036 0.568815669 -2.48637201e-08
v 0.109252621 0.00600000004 -0.793377644
vt 0.249999985 0.600000083
vn 1 2.23010401e-07 -9.75124346e-15
v 0.104369191 0.0205753025 -0.793377645
vt 0.194444433 0.600000083
vn 0.822465024 0.568815685 -2.48637208e-08
v 0.0903079296 0.0333926122 -0.744585092
vt 0.138888896 0.400000036
vn 0.53133168 0.847163884 -3.70307058e-08
v 0.104369191 0.0205753046 -0.744585092
vt 0.194444433 0.400000036
vn 0.822465036 0.568815669 -2.48637201e-08
v 0.104369191 0.0205753025 -0.793377645
vt 0.194444433 0.600000083
vn 0.822465024 0.568815685 -2.48637208e-08
v 0.0903079296 0.0333926122 -0.744585092
vt 0.138888896 0.400000036
vn 0.53133168 0.847163884 -3.70307058e-08
v 0.104369191 0.0205753025 -0.793377645
vt 0.194444433 0.600000083
vn 0.822465024 0.568815685 -2.48637208e-08
v 0.0903079296 0.0333926101 -0.793377645
vt 0.138888896 0.600000083
vn 0.53133167 0.84716389 -3.70307062e-08
v 0.0687648243 0.0429059636 -0.744585093
vt 0.083333388 0.400000036
vn 0.290720684 0.956807966 -4.18234004e-08
v 0.0903079296 0.0333926122 -0.744585092
vt 0.138888896 0.400000036
vn 0.53133168 0.847163884 -3.70307058e-08
v 0.0903079296 0.0333926101 -0.793377645
vt 0.138888896 0.600000083
vn 0.53133167 0.84716389 -3.70307062e-08
v 0.0687648243 0.0429059636 -0.744585093
vt 0.083333388 0.400000036
vn 0.290720684 0.956807966 -4.18234004e-08
v 0.0903079296 0.0333926101 -0.793377645
vt 0.138888896 0.600000083
vn 0.53133167 0.84716389 -3.70307062e-08
v 0.0687648243 0.0429059615 -0.793377646
vt 0.083333388 0.600000083
vn 0.290720676 0.956807968 -4.18234005e-08
v 0.0423382923 0.0479679148 -0.744585093
vt 0.0277778096 0.400000036
vn 0.0923993709 0.995722028 -4.35243879e-08
v 0.0687648243 0.0429059636 -0.744585093
vt 0.083333388 0.400000036
vn 0.290720684 0.956807966 -4.18234004e-08
v 0.0687648243 0.0429059615 -0.793377646
vt 0.083333388 0.600000083
vn 0.290720676 0.956807968 -4.18234005e-08
v 0.0423382923 0.0479679148 -0.744585093
vt 0.0277778096 0.400000036
vn 0.0923993709 0.995722028 -4.35243879e-08
v 0.0687648243 0.0429059615 -0.793377646
vt 0.083333388 0.600000083
vn 0.290720676 0.956807968 -4.18234005e-08
v 0.0423382923 0.0479679126 -0.793377646
vt 0.0277778096 0.600000083
vn 0.0923993636 0.995722028 -4.35243879e-08
v 0.0142157562 0.0479679179 -0.744585093
vt -0.027777791 0.400000036
vn 1.12208792e-07 1 -4.3711384e-08
v 0.0423382923 0.0479679148 -0.744585093
vt 0.0277778096 0.400000036
vn 0.0923993709 0.995722028 -4.35243879e-08
v 0.0423382923 0.0479679126 -0.793377646
vt 0.0277778096 0.600000083
vn 0.0923993636 0.995722028 -4.35243879e-08
v 0.0142157562 0.0479679179 -0.744585093
vt -0.027777791 0.400000036
vn 1.12208792e-07 1 -4.3711384e-08
v 0.0423382923 0.0479679126 -0.793377646
vt 0.0277778096 0.600000083
vn 0.0923993636 0.995722028 -4.35243879e-08
v 0.0142157562 0.0479679158 -0.793377646
vt -0.027777791 0.600000083
vn 1.12208792e-07 1 -4.37113839e-08
v 0.0142157562 0.0479679158 -0.793377646
vt -0.027777791 0.600000083
vn 1.12208792e-07 1 -4.37113839e-08
v 0.0423382923 0.0479679126 -0.793377646
vt 0.0277778096 0.600000083
vn 0.0923993636 0.995722028 -4.35243879e-08
v 0.0423382923 0.0479679105 -0.842170184
vt 0.0277778096 0.800000072
vn 0.0923993685 0.995722028 -4.35243878e-08
v 0.0142157562 0.0479679158 -0.793377646
vt -0.027777791 0.600000083
vn 1.12208792e-07 1 -4.37113839e-08
v 0.0423382923 0.0479679105 -0.842170184
vt 0.0277778096 0.800000072
vn 0.0923993685 0.995722028 -4.35243878e-08
v 0.0142157562 0.0479679137 -0.842170184
vt -0.027777791 0.800000072
vn 1.12208792e-07 1 -4.3711384e-08
v 0.0423382923 0.0479679126 -0.793377646
vt 0.0277778096 0.600000083
vn 0.0923993636 0.995722028 -4.35243879e-08
v 0.0687648243 0.0429059593 -0.842170184
vt 0.083333388 0.800000072
vn 0.290720682 0.956807967 -4.18234004e-08
v 0.0423382923 0.0479679105 -0.842170184
vt 0.0277778096 0.800000072
vn 0.0923993685 0.995722028 -4.35243878e-08
v 0.0423382923 0.0479679126 -0.793377646
vt 0.0277778096 0.600000083
vn 0.0923993636 0.995722028 -4.35243879e-08
v 0.0687648243 0.0429059615 -0.793377646
vt 0.083333388 0.600000083
vn 0.290720676 0.956807968 -4.18234005e-08
v 0.0687648243 0.0429059593 -0.842170184
vt 0.083333388 0.800000072
vn 0.290720682 0.956807967 -4.18234004e-08
v 0.0687648243 0.0429059615 -0.793377646
vt 0.083333388 0.600000083
vn 0.290720676 0.956807968 -4.18234005e-08
v 0.0903079296 0.0333926079 -0.842170183
vt 0.138888896 0.800000072
vn 0.531331677 0.847163886 -3.70307059e-08
v 0.0687648243 0.0429059593 -0.842170184
vt 0.083333388 0.800000072
vn 0.290720682 0.956807967 -4.18234004e-08
v 0.0687648243 0.0429059615 -0.793377646
vt 0.083333388 0.600000083
vn 0.290720676 0.956807968 -4.18234005e-08
v 0.0903079296 0.0333926101 -0.793377645
vt 0.138888896 0.600000083
vn 0.53133167 0.84716389 -3.70307062e-08
v 0.0903079296 0.0333926079 -0.842170183
vt 0.138888896 0.800000072
vn 0.531331677 0.847163886 -3.70307059e-08
v 0.0903079296 0.0333926101 -0.793377645
vt 0.138888896 0.600000083
vn 0.53133167 0.84716389 -3.70307062e-08
v 0.104369191 0.0205753004 -0.842170183
vt 0.194444433 0.800000072
vn 0.822465032 0.568815674 -2.48637204e-08
v 0.0903079296 0.0333926079 -0.842170183
vt 0.138888896 0.800000072
vn 0.531331677 0.847163886 -3.70307059e-08
v 0.0903079296 0.0333926101 -0.793377645
vt 0.138888896 0.600000083
vn 0.53133167 0.84716389 -3.70307062e-08
v 0.104369191 0.0205753025 -0.793377645
vt 0.194444433 0.600000083
vn 0.822465024 0.568815685 -2.48637208e-08
v 0.104369191 0.0205753004 -0.842170183
vt 0.194444433 0.800000072
vn 0.822465032 0.568815674 -2.48637204e-08
v 0.104369191 0.0205753025 -0.793377645
vt 0.194444433 0.600000083
vn 0.822465024 0.568815685 -2.48637208e-08
v 0.109252621 0.0059999979 -0.842170182
vt 0.249999985 0.800000072
vn 1 2.05694169e-07 -8.9951274e-15
v 0.104369191 0.0205753004 -0.842170183
vt 0.194444433 0.800000072
vn 0.822465032 0.568815674 -2.48637204e-08
v 0.104369191 0.0205753025 -0.793377645
vt 0.194444433 0.600000083
vn 0.822465024 0.568815685 -2.48637208e-08
v 0.109252621 0.00600000004 -0.793377644
vt 0.249999985 0.600000083
vn 1 2.23010401e-07 -9.75124346e-15
v 0.109252621 0.0059999979 -0.842170182
vt 0.249999985 0.800000072
vn 1 2.05694169e-07 -8.9951274e-15
v 0.109252621 0.00600000004 -0.793377644
vt 0.249999985 0.600000083
vn 1 2.23010401e-07 -9.75124346e-15
v 0.104369197 -0.00857530639 -0.842170181
vt 0.305555552 0.800000072
vn 0.822465233 -0.568815383 2.48637076e-08
v 0.109252621 0.0059999979 -0.842170182
vt 0.249999985 0.800000072
vn 1 2.05694169e-07 -8.9951274e-15
v 0.109252621 0.00600000004 -0.793377644
vt 0.249999985 0.600000083
vn 1 2.23010401e-07 -9.75124346e-15
v 0.104369197 -0.00857530426 -0.793377643
vt 0.305555552 0.600000083
vn 0.822465241 -0.568815372 2.48637072e-08
v 0.104369197 -0.00857530639 -0.842170181
vt 0.305555552 0.800000072
vn 0.822465233 -0.568815383 2.48637076e-08
v 0.104369197 -0.00857530426 -0.793377643
vt 0.305555552 0.600000083
vn 0.822465241 -0.568815372 2.48637072e-08
v 0.0903079416 -0.0213926155 -0.842170181
vt 0.361111104 0.800000072
vn 0.531331886 -0.847163754 3.70307002e-08
v 0.104369197 -0.00857530639 -0.842170181
vt 0.305555552 0.800000072
vn 0.822465233 -0.568815383 2.48637076e-08
v 0.104369197 -0.00857530426 -0.793377643
vt 0.305555552 0.600000083
vn 0.822465241 -0.568815372 2.48637072e-08
v 0.0903079416 -0.0213926134 -0.793377643
vt 0.361111104 0.600000083
vn 0.531331893 -0.84716375 3.70307e-08
v 0.0903079416 -0.0213926155 -0.842170181
vt 0.361111104 0.800000072
vn 0.531331886 -0.847163754 3.70307002e-08
v 0.0903079416 -0.0213926134 -0.793377643
vt 0.361111104 0.600000083
vn 0.531331893 -0.84716375 3.70307e-08
v 0.0687648423 -0.0309059701 -0.84217018
vt 0.416666597 0.800000072
vn 0.290720863 -0.956807912 4.1823398e-08
v 0.0903079416 -0.0213926155 -0.842170181
vt 0.361111104 0.800000072
vn 0.531331886 -0.847163754 3.70307002e-08
v 0.0903079416 -0.0213926134 -0.793377643
vt 0.361111104 0.600000083
vn 0.531331893 -0.84716375 3.70307e-08
v 0.0687648423 -0.0309059679 -0.793377642
vt 0.416666597 0.600000083
vn 0.290720869 -0.95680791 4.18233979e-08
v 0.0687648423 -0.0309059701 -0.84217018
vt 0.416666597 0.800000072
vn 0.290720863 -0.956807912 4.1823398e-08
v 0.0687648423 -0.0309059679 -0.793377642
vt 0.416666597 0.600000083
vn 0.290720869 -0.95680791 4.18233979e-08
v 0.0423383163 -0.0359679244 -0.84217018
vt 0.472222149 0.800000072
vn 0.092399565 -0.99572201 4.35243871e-08
v 0.0687648423 -0.0309059701 -0.84217018
vt 0.416666597 0.800000072
vn 0.290720863 -0.956807912 4.1823398e-08
v 0.0687648423 -0.0309059679 -0.793377642
vt 0.416666597 0.600000083
vn 0.290720869 -0.95680791 4.18233979e-08
v 0.0423383163 -0.0359679223 -0.793377642
vt 0.472222149 0.600000083
vn 0.0923995699 -0.995722009 4.35243871e-08
v 0.0423383163 -0.0359679244 -0.84217018
vt 0.472222149 0.800000072
vn 0.092399565 -0.99572201 4.35243871e-08
v 0.0423383163 -0.0359679223 -0.793377642
vt 0.472222149 0.600000083
vn 0.0923995699 -0.995722009 4.35243871e-08
v 0.0142157891 -0.0359679339 -0.84217018
vt 0.527777672 0.800000072
vn -0.0923990384 -0.995722058 4.35243892e-08
v 0.0423383163 -0.0359679244 -0.84217018
vt 0.472222149 0.800000072
vn 0.092399565 -0.99572201 4.35243871e-08
v 0.0423383163 -0.0359679223 -0.793377642
vt 0.472222149 0.600000083
vn 0.0923995699 -0.995722009 4.35243871e-08
v 0.0142157891 -0.0359679318 -0.793377642
vt 0.527777672 0.600000083
vn -0.0923990336 -0.995722059 4.35243893e-08
v 0.0142157891 -0.0359679339 -0.84217018
vt 0.527777672 0.800000072
vn -0.0923990384 -0.995722058 4.35243892e-08
v 0.0142157891 -0.0359679318 -0.793377642
vt 0.527777672 0.600000083
vn -0.0923990336 -0.995722059 4.35243893e-08
v -0.0122107443 -0.030905989 -0.84217018
vt 0.583333254 0.800000072
vn -0.290720376 -0.95680806 4.18234044e-08
v 0.0142157891 -0.0359679339 -0.84217018
vt 0.527777672 0.800000072
vn -0.0923990384 -0.995722058 4.35243892e-08
v 0.0142157891 -0.0359679318 -0.793377642
vt 0.527777672 0.600000083
vn -0.0923990336 -0.995722059 4.35243893e-08
v -0.0122107443 -0.0309059869 -0.793377642
vt 0.583333254 0.600000083
vn -0.290720371 -0.956808061 4.18234046e-08
v -0.0122107443 -0.030905989 -0.84217018
vt 0.583333254 0.800000072
vn -0.290720376 -0.95680806 4.18234044e-08
v -0.0122107443 -0.0309059869 -0.793377642
vt 0.583333254 0.600000083
vn -0.290720371 -0.956808061 4.18234046e-08
v -0.0337538616 -0.0213926439 -0.842170181
vt 0.638888836 0.800000072
vn -0.53133114 -0.847164222 3.70307206e-08
v -0.0122107443 -0.030905989 -0.84217018
vt 0.583333254 0.800000072
vn -0.290720376 -0.95680806 4.18234044e-08
v -0.0122107443 -0.0309059869 -0.793377642
vt 0.583333254 0.600000083
vn -0.290720371 -0.956808061 4.18234046e-08
v -0.0337538616 -0.0213926418 -0.793377643
vt 0.638888836 0.600000083
vn -0.531331133 -0.847164227 3.70307208e-08
v -0.0337538616 -0.0213926439 -0.842170181
vt 0.638888836 0.800000072
vn -0.53133114 -0.847164222 3.70307206e-08
v -0.0337538616 -0.0213926418 -0.793377643
vt 0.638888836 0.600000083
vn -0.531331133 -0.847164227 3.70307208e-08
v -0.0478151409 -0.00857534268 -0.842170181
vt 0.694444299 0.800000072
vn -0.822464773 -0.568816049 2.48637367e-08
v -0.0337538616 -0.0213926439 -0.842170181
vt 0.638888836 0.800000072
vn -0.53133114 -0.847164222 3.70307206e-08
v -0.0337538616 -0.0213926418 -0.793377643
vt 0.638888836 0.600000083
vn -0.531331133 -0.847164227 3.70307208e-08
v -0.0478151409 -0.00857534055 -0.793377643
vt 0.694444299 0.600000083
vn -0.822464765 -0.56881606 2.48637372e-08
v -0.0478151409 -0.00857534268 -0.842170181
vt 0.694444299 0.800000072
vn -0.822464773 -0.568816049 2.48637367e-08
v -0.0478151409 -0.00857534055 -0.793377643
vt 0.694444299 0.600000083
vn -0.822464765 -0.56881606 2.48637372e-08
v -0.0526985886 0.00599999147 -0.842170182
vt 0.75 0.800000072
vn -1 -6.17081807e-07 2.69697836e-14
v -0.0478151409 -0.00857534268 -0.842170181
vt 0.694444299 0.800000072
vn -0.822464773 -0.568816049 2.48637367e-08
v 0.0903079416 -0.0213926155 -0.842170181
vt 0.361111104 0.800000072
vn 0.531331886 -0.847163754 3.70307002e-08
v 0.0687648423 -0.0309059701 -0.84217018
vt 0.416666597 0.800000072
vn 0.290720863 -0.956807912 4.1823398e-08
v 0.0687648423 -0.0309059722 -0.890962718
vt 0.416666597 1
vn 0.327433019 -0.944874393 4.13017674e-08
v 0.0903079416 -0.0213926155 -0.842170181
vt 0.361111104 0.800000072
vn 0.531331886 -0.847163754 3.70307002e-08
v 0.0687648423 -0.0309059722 -0.890962718
vt 0.416666597 1
vn 0.327433019 -0.944874393 4.13017674e-08
v 0.0903079416 -0.0213926176 -0.890962719
vt 0.361111104 1
vn 0.577668887 -0.816271191 3.56803435e-08
v 0.0687648423 -0.0309059701 -0.84217018
vt 0.416666597 0.800000072
vn 0.290720863 -0.956807912 4.1823398e-08
v 0.0423383163 -0.0359679266 -0.890962718
vt 0.472222149 1
vn 0.124058513 -0.992274904 4.33737094e-08
v 0.0687648423 -0.0309059722 -0.890962718
vt 0.416666597 1
vn 0.327433019 -0.944874393 4.13017674e-08
v 0.0687648423 -0.0309059701 -0.84217018
vt 0.416666597 0.800000072
vn 0.290720863 -0.956807912 4.1823398e-08
v 0.0423383163 -0.0359679244 -0.84217018
vt 0.472222149 0.800000072
vn 0.092399565 -0.99572201 4.35243871e-08
v 0.0423383163 -0.0359679266 -0.890962718
vt 0.472222149 1
vn 0.124058513 -0.992274904 4.33737094e-08
v 0.0423383163 -0.0359679244 -0.84217018
vt 0.472222149 0.800000072
vn 0.092399565 -0.99572201 4.35243871e-08
v 0.0142157891 -0.035967936 -0.890962718
vt 0.527777672 1
vn -0.0611148766 -0.998130739 4.3629676e-08
v 0.0423383163 -0.0359679266 -0.890962718
vt 0.472222149 1
vn 0.124058513 -0.992274904 4.33737094e-08
v 0.0423383163 -0.0359679244 -0.84217018
vt 0.472222149 0.800000072
vn 0.092399565 -0.99572201 4.35243871e-08
v 0.0142157891 -0.0359679339 -0.84217018
vt 0.527777672 0.800000072
vn -0.0923990384 -0.995722058 4.35243892e-08
v 0.0142157891 -0.035967936 -0.890962718
vt 0.527777672 1
vn -0.0611148766 -0.998130739 4.3629676e-08
v 0.0142157891 -0.0359679339 -0.84217018
vt 0.527777672 0.800000072
vn -0.0923990384 -0.995722058 4.35243892e-08
v -0.0122107443 -0.0309059911 -0.890962718
vt 0.583333254 1
vn -0.2552139 -0.966884618 4.22638648e-08
v 0.0142157891 -0.035967936 -0.890962718
vt 0.527777672 1
vn -0.0611148766 -0.998130739 4.3629676e-08
v 0.0142157891 -0.0359679339 -0.84217018
vt 0.527777672 0.800000072
vn -0.0923990384 -0.995722058 4.35243892e-08
v -0.0122107443 -0.030905989 -0.84217018
vt 0.583333254 0.800000072
vn -0.290720376 -0.95680806 4.18234044e-08
v -0.0122107443 -0.0309059911 -0.890962718
vt 0.583333254 1
vn -0.2552139 -0.966884618 4.22638648e-08
v -0.0122107443 -0.030905989 -0.84217018
vt 0.583333254 0.800000072
vn -0.290720376 -0.95680806 4.18234044e-08
v -0.0337538616 -0.021392646 -0.890962719
vt 0.638888836 1
vn -0.486756542 -0.873537675 3.81835407e-08
v -0.0122107443 -0.0309059911 -0.890962718
vt 0.583333254 1
vn -0.2552139 -0.966884618 4.22638648e-08
v -0.0122107443 -0.030905989 -0.84217018
vt 0.583333254 0.800000072
vn -0.290720376 -0.95680806 4.18234044e-08
v -0.0337538616 -0.0213926439 -0.842170181
vt 0.638888836 0.800000072
vn -0.53133114 -0.847164222 3.70307206e-08
v -0.0337538616 -0.021392646 -0.890962719
vt 0.638888836 1
vn -0.486756542 -0.873537675 3.81835407e-08
v -0.0337538616 -0.0213926439 -0.842170181
vt 0.638888836 0.800000072
vn -0.53133114 -0.847164222 3.70307206e-08
v -0.0478151409 -0.00857534481 -0.890962719
vt 0.694444299 1
vn -0.772948571 -0.634468681 2.77335041e-08
v -0.0337538616 -0.021392646 -0.890962719
vt 0.638888836 1
vn -0.486756542 -0.873537675 3.81835407e-08
v -0.0337538616 -0.0213926439 -0.842170181
vt 0.638888836 0.800000072
vn -0.53133114 -0.847164222 3.70307206e-08
v -0.0478151409 -0.00857534268 -0.842170181
vt 0.694444299 0.800000072
vn -0.822464773 -0.568816049 2.48637367e-08
v -0.0478151409 -0.00857534481 -0.890962719
vt 0.694444299 1
vn -0.772948571 -0.634468681 2.77335041e-08
v -0.0478151409 -0.00857534268 -0.842170181
vt 0.694444299 0.800000072
vn -0.822464773 -0.568816049 2.48637367e-08
v -0.0526985886 0.00599998934 -0.89096272
vt 0.75 1
vn -0.993821151 -0.110993331 4.85167211e-09
v -0.0478151409 -0.00857534481 -0.890962719
vt 0.694444299 1
vn -0.772948571 -0.634468681 2.77335041e-08
v -0.0478151409 -0.00857534268 -0.842170181
vt 0.694444299 0.800000072
vn -0.822464773 -0.568816049 2.48637367e-08
v -0.0526985886 0.00599999147 -0.842170182
vt 0.75 0.800000072
vn -1 -6.17081807e-07 2.69697836e-14
v -0.0526985886 0.00599998934 -0.89096272
vt 0.75 1
vn -0.993821151 -0.110993331 4.85167211e-09
v -0.0526985886 0.00599999147 -0.842170182
vt 0.75 0.800000072
vn -1 -6.17081807e-07 2.69697836e-14
v -0.0478151589 0.0205752951 -0.890962721
vt 0.805555522 1
vn -0.869610392 0.49373856 -2.15819958e-08
v -0.0526985886 0.00599998934 -0.89096272
vt 0.75 1
vn -0.993821151 -0.110993331 4.85167211e-09
v -0.0526985886 0.00599999147 -0.842170182
vt 0.75 0.800000072
vn -1 -6.17081807e-07 2.69697836e-14
v -0.0478151589 0.0205752972 -0.842170183
vt 0.805555522 0.800000072
vn -0.822465094 0.568815584 -2.48637164e-08
v -0.0478151589 0.0205752951 -0.890962721
vt 0.805555522 1
vn -0.869610392 0.49373856 -2.15819958e-08
v -0.0478151589 0.0205752972 -0.842170183
vt 0.805555522 0.800000072
vn -0.822465094 0.568815584 -2.48637164e-08
v -0.0337538976 0.0333926058 -0.890962721
vt 0.861111045 1
vn -0.577668712 0.816271314 -3.56803489e-08
v -0.0478151589 0.0205752951 -0.890962721
vt 0.805555522 1
vn -0.869610392 0.49373856 -2.15819958e-08
v -0.0478151589 0.0205752972 -0.842170183
vt 0.805555522 0.800000072
vn -0.822465094 0.568815584 -2.48637164e-08
v -0.0337538976 0.0333926079 -0.842170183
vt 0.861111045 0.800000072
vn -0.531331688 0.847163879 -3.70307056e-08
v -0.0337538976 0.0333926058 -0.890962721
vt 0.861111045 1
vn -0.577668712 0.816271314 -3.56803489e-08
v -0.0337538976 0.0333926079 -0.842170183
vt 0.861111045 0.800000072
vn -0.531331688 0.847163879 -3.70307056e-08
v -0.0122107833 0.0429059603 -0.890962721
vt 0.916666687 1
vn -0.327432798 0.944874469 -4.13017708e-08
v -0.0337538976 0.0333926058 -0.890962721
vt 0.861111045 1
vn -0.577668712 0.816271314 -3.56803489e-08
v -0.0337538976 0.0333926079 -0.842170183
vt 0.861111045 0.800000072
vn -0.531331688 0.847163879 -3.70307056e-08
v -0.0122107833 0.0429059625 -0.842170184
vt 0.916666687 0.800000072
vn -0.290720648 0.956807977 -4.18234009e-08
v -0.0122107833 0.0429059603 -0.890962721
vt 0.916666687 1
vn -0.327432798 0.944874469 -4.13017708e-08
v -0.0122107833 0.0429059625 -0.842170184
vt 0.916666687 0.800000072
vn -0.290720648 0.956807977 -4.18234009e-08
v 0.0142157562 0.0479679115 -0.890962722
vt 0.972222209 1
vn -0.188127839 0.982144549 -4.29308976e-08
v -0.0122107833 0.0429059603 -0.890962721
vt 0.916666687 1
vn -0.327432798 0.944874469 -4.13017708e-08
v -0.0122107833 0.0429059625 -0.842170184
vt 0.916666687 0.800000072
vn -0.290720648 0.956807977 -4.18234009e-08
v 0.0142157562 0.0479679137 -0.842170184
vt 0.972222209 0.800000072
vn -0.188127839 0.982144549 -4.29308975e-08
v 0.0142157562 0.0479679115 -0.890962722
vt 0.972222209 1
vn -0.188127839 0.982144549 -4.29308976e-08
v 0.104369197 -0.00857530639 -0.842170181
vt 0.305555552 0.800000072
vn 0.822465233 -0.568815383 2.48637076e-08
v 0.0903079416 -0.0213926176 -0.890962719
vt 0.361111104 1
vn 0.577668887 -0.816271191 3.56803435e-08
v 0.104369197 -0.00857530852 -0.890962719
vt 0.305555552 1
vn 0.86961053 -0.493738318 2.15819852e-08
v 0.109252621 0.0059999979 -0.842170182
vt 0.249999985 0.800000072
vn 1 2.05694169e-07 -8.9951274e-15
v 0.104369197 -0.00857530639 -0.842170181
vt 0.305555552 0.800000072
vn 0.822465233 -0.568815383 2.48637076e-08
v 0.104369197 -0.00857530852 -0.890962719
vt 0.305555552 1
vn 0.86961053 -0.493738318 2.15819852e-08
v 0.109252621 0.0059999979 -0.842170182
vt 0.249999985 0.800000072
vn 1 2.05694169e-07 -8.9951274e-15
v 0.104369197 -0.00857530852 -0.890962719
vt 0.305555552 1
vn 0.86961053 -0.493738318 2.15819852e-08
v 0.109252621 0.00599999577 -0.89096272
vt 0.249999985 1
vn 0.993821208 0.11099282 -4.85164979e-09
v 0.104369191 0.0205753004 -0.842170183
vt 0.194444433 0.800000072
vn 0.822465032 0.568815674 -2.48637204e-08
v 0.109252621 0.0059999979 -0.842170182
vt 0.249999985 0.800000072
vn 1 2.05694169e-07 -8.9951274e-15
v 0.109252621 0.00599999577 -0.89096272
vt 0.249999985 1
vn 0.993821208 0.11099282 -4.85164979e-09
v 0.104369191 0.0205753004 -0.842170183
vt 0.194444433 0.800000072
vn 0.822465032 0.568815674 -2.48637204e-08
v 0.109252621 0.00599999577 -0.89096272
vt 0.249999985 1
vn 0.993821208 0.11099282 -4.85164979e-09
v 0.104369191 0.0205752982 -0.890962721
vt 0.194444433 1
vn 0.772948932 0.634468241 -2.77334849e-08
v 0.0903079296 0.0333926079 -0.842170183
vt 0.138888896 0.800000072
vn 0.531331677 0.847163886 -3.70307059e-08
v 0.104369191 0.0205753004 -0.842170183
vt 0.194444433 0.800000072
vn 0.822465032 0.568815674 -2.48637204e-08
v 0.104369191 0.0205752982 -0.890962721
vt 0.194444433 1
vn 0.772948932 0.634468241 -2.77334849e-08
v 0.0903079296 0.0333926079 -0.842170183
vt 0.138888896 0.800000072
vn 0.531331677 0.847163886 -3.70307059e-08
v 0.104369191 0.0205752982 -0.890962721
vt 0.194444433 1
vn 0.772948932 0.634468241 -2.77334849e-08
v 0.0903079296 0.0333926058 -0.890962721
vt 0.138888896 1
vn 0.486757035 0.8735374 -3.81835287e-08
v 0.0687648243 0.0429059593 -0.842170184
vt 0.083333388 0.800000072
vn 0.290720682 0.956807967 -4.18234004e-08
v 0.0903079296 0.0333926079 -0.842170183
vt 0.138888896 0.800000072
vn 0.531331677 0.847163886 -3.70307059e-08
v 0.0903079296 0.0333926058 -0.890962721
vt 0.138888896 1
vn 0.486757035 0.8735374 -3.81835287e-08
v 0.0687648243 0.0429059593 -0.842170184
vt 0.083333388 0.800000072
vn 0.290720682 0.956807967 -4.18234004e-08
v 0.0903079296 0.0333926058 -0.890962721
vt 0.138888896 1
vn 0.486757035 0.8735374 -3.81835287e-08
v 0.0687648243 0.0429059572 -0.890962721
vt 0.083333388 1
vn 0.255214178 0.966884545 -4.22638616e-08
v 0.0423382923 0.0479679105 -0.842170184
vt 0.0277778096 0.800000072
vn 0.0923993685 0.995722028 -4.35243878e-08
v 0.0687648243 0.0429059593 -0.842170184
vt 0.083333388 0.800000072
vn 0.290720682 0.956807967 -4.18234004e-08
v 0.0687648243 0.0429059572 -0.890962721
vt 0.083333388 1
vn 0.255214178 0.966884545 -4.22638616e-08
v 0.0423382923 0.0479679105 -0.842170184
vt 0.0277778096 0.800000072
vn 0.0923993685 0.995722028 -4.35243878e-08
v 0.0687648243 0.0429059572 -0.890962721
vt 0.083333388 1
vn 0.255214178 0.966884545 -4.22638616e-08
v 0.0423382923 0.0479679084 -0.890962722
vt 0.0277778096 1
vn 0.061115244 0.998130716 -4.3629675e-08
v 0.0142157562 0.0479679137 -0.842170184
vt -0.027777791 0.800000072
vn 1.12208792e-07 1 -4.3711384e-08
v 0.0423382923 0.0479679105 -0.842170184
vt 0.0277778096 0.800000072
vn 0.0923993685 0.995722028 -4.35243878e-08
v 0.0423382923 0.0479679084 -0.890962722
vt 0.0277778096 1
vn 0.061115244 0.998130716 -4.3629675e-08
v 0.0142157562 0.0479679137 -0.842170184
vt -0.027777791 0.800000072
vn 1.12208792e-07 1 -4.3711384e-08
v 0.0423382923 0.0479679084 -0.890962722
vt 0.0277778096 1
vn 0.061115244 0.998130716 -4.3629675e-08
v 0.0142157562 0.0479679115 -0.890962722
vt -0.027777791 1
vn 1.12208792e-07 1 -4.3711384e-08
v 0.104369197 -0.00857530639 -0.842170181
vt 0.305555552 0.800000072
vn 0.822465233 -0.568815383 2.48637076e-08
v 0.0903079416 -0.0213926155 -0.842170181
vt 0.361111104 0.800000072
vn 0.531331886 -0.847163754 3.70307002e-08
v 0.0903079416 -0.0213926176 -0.890962719
vt 0.361111104 1
vn 0.577668887 -0.816271191 3.56803435e-08
usemtl _HotWing-Material_25_
f 1/1/1 2/2/2 3/3/3
f 4/4/4 5/5/5 6/6/6
f 7/7/7 8/8/8 9/9/9
f 10/10/10 11/11/11 12/12/12
f 13/13/13 14/14/14 15/15/15
f 16/16/16 17/17/17 18/18/18
f 19/19/19 20/20/20 21/21/21
f 22/22/22 23/23/23 24/24/24
f 25/25/25 26/26/26 27/27/27
f 28/28/28 29/29/29 30/30/30
f 31/31/31 32/32/32 33/33/33
f 34/34/34 35/35/35 36/36/36
f 37/37/37 38/38/38 39/39/39
f 40/40/40 41/41/41 42/42/42
f 43/43/43 44/44/44 45/45/45
f 46/46/46 47/47/47 48/48/48
f 49/49/49 50/50/50 51/51/51
f 52/52/52 53/53/53 54/54/54
f 55/55/55 56/56/56 57/57/57
f 58/58/58 59/59/59 60/60/60
f 61/61/61 62/62/62 63/63/63
f 64/64/64 65/65/65 66/66/66
f 67/67/67 68/68/68 69/69/69
f 70/70/70 71/71/71 72/72/72
f 73/73/73 74/74/74 75/75/75
f 76/76/76 77/77/77 78/78/78
f 79/79/79 80/80/80 81/81/81
f 82/82/82 83/83/83 84/84/84
f 85/85/85 86/86/86 87/87/87
f 88/88/88 89/89/89 90/90/90
f 91/91/91 92/92/92 93/93/93
f 94/94/94 95/95/95 96/96/96
f 97/97/97 98/98/98 99/99/99
f 100/100/100 101/101/101 102/102/102
f 103/103/103 104/104/104 105/105/105
f 106/106/106 107/107/107 108/108/108
f 109/109/109 110/110/110 111/111/111
f 112/112/112 113/113/113 114/114/114
f 115/115/115 116/116/116 117/117/117
f 118/118/118 119/119/119 120/120/120
f 121/121/121 122/122/122 123/123/123
f 124/124/124 125/125/125 126/126/126
f 127/127/127 128/128/128 129/129/129
f 130/130/130 131/131/131 132/132/132
f 133/133/133 134/134/134 135/135/135
f 136/136/136 137/137/137 138/138/138
f 139/139/139 140/140/140 141/141/141
f 142/142/142 143/143/143 144/144/144
f 145/145/145 146/146/146 147/147/147
f 148/148/148 149/149/149 150/150/150
f 151/151/151 152/152/152 153/153/153
f 154/154/154 155/155/155 156/156/156
f 157/157/157 158/158/158 159/159/159
f 160/160/160 161/161/161 162/162/162
f 163/163/163 164/164/164 165/165/165
f 166/166/166 167/167/167 168/168/168
f 169/169/169 170/170/170 171/171/171
f 172/172/172 173/173/173 174/174/174
f 175/175/175 176/176/176 177/177/177
f 178/178/178 179/179/179 180/180/180
f 181/181/181 182/182/182 183/183/183
f 184/184/184 185/185/185 186/186/186
f 187/187/187 188/188/188 189/189/189
f 190/190/190 191/191/191 192/192/192
f 193/193/193 194/194/194 195/195/195
f 196/196/196 197/197/197 198/198/198
f 199/199/199 200/200/200 201/201/201
f 202/202/202 203/203/203 204/204/204
f 205/205/205 206/206/206 207/207/207
f 208/208/208 209/209/209 210/210/210
f 211/211/211 212/212/212 213/213/213
f 214/214/214 215/215/215 216/216/216
f 217/217/217 218/218/218 219/219/219
f 220/220/220 221/221/221 222/222/222
f 223/223/223 224/224/224 225/225/225
f 226/226/226 227/227/227 228/228/228
f 229/229/229 230/230/230 231/231/231
f 232/232/232 233/233/233 234/234/234
f 235/235/235 236/236/236 237/237/237
f 238/238/238 239/239/239 240/240/240
f 241/241/241 242/242/242 243/243/243
f 244/244/244 245/245/245 246/246/246
f 247/247/247 248/248/248 249/249/249
f 250/250/250 251/251/251 252/252/252
f 253/253/253 254/254/254 255/255/255
f 256/256/256 257/257/257 258/258/258
f 259/259/259 260/260/260 261/261/261
f 262/262/262 263/263/263 264/264/264
f 265/265/265 266/266/266 267/267/267
f 268/268/268 269/269/269 270/270/270
f 271/271/271 272/272/272 273/273/273
f 274/274/274 275/275/275 276/276/276
f 277/277/277 278/278/278 279/279/279
f 280/280/280 281/281/281 282/282/282
f 283/283/283 284/284/284 285/285/285
f 286/286/286 287/287/287 288/288/288
f 289/289/289 290/290/290 291/291/291
f 292/292/292 293/293/293 294/294/294
f 295/295/295 296/296/296 297/297/297
f 298/298/298 299/299/299 300/300/300
f 301/301/301 302/302/302 303/303/303
f 304/304/304 305/305/305 306/306/306
f 307/307/307 308/308/308 309/309/309
f 310/310/310 311/311/311 312/312/312
f 313/313/313 314/314/314 315/315/315
f 316/316/316 317/317/317 318/318/318
f 319/319/319 320/320/320 321/321/321
f 322/322/322 323/323/323 324/324/324
f 325/325/325 326/326/326 327/327/327
f 328/328/328 329/329/329 330/330/330
f 331/331/331 332/332/332 333/333/333
f 334/334/334 335/335/335 336/336/336
f 337/337/337 338/338/338 339/339/339
f 340/340/340 341/341/341 342/342/342
f 343/343/343 344/344/344 345/345/345
f 346/346/346 347/347/347 348/348/348
f 349/349/349 350/350/350 351/351/351
f 352/352/352 353/353/353 354/354/354
f 355/355/355 356/356/356 357/357/357
f 358/358/358 359/359/359 360/360/360
f 361/361/361 362/362/362 363/363/363
f 364/364/364 365/365/365 366/366/366
f 367/367/367 368/368/368 369/369/369
f 370/370/370 371/371/371 372/372/372
f 373/373/373 374/374/374 375/375/375
f 376/376/376 377/377/377 378/378/378
f 379/379/379 380/380/380 381/381/381
f 382/382/382 383/383/383 384/384/384
f 385/385/385 386/386/386 387/387/387
f 388/388/388 389/389/389 390/390/390
f 391/391/391 392/392/392 393/393/393
f 394/394/394 395/395/395 396/396/396
f 397/397/397 398/398/398 399/399/399
f 400/400/400 401/401/401 402/402/402
f 403/403/403 404/404/404 405/405/405
f 406/406/406 407/407/407 408/408/408
f 409/409/409 410/410/410 411/411/411
f 412/412/412 413/413/413 414/414/414
f 415/415/415 416/416/416 417/417/417
f 418/418/418 419/419/419 420/420/420
f 421/421/421 422/422/422 423/423/423
f 424/424/424 425/425/425 426/426/426
f 427/427/427 428/428/428 429/429/429
f 430/430/430 431/431/431 432/432/432
f 433/433/433 434/434/434 435/435/435
f 436/436/436 437/437/437 438/438/438
f 439/439/439 440/440/440 441/441/441
f 442/442/442 443/443/443 444/444/444
f 445/445/445 446/446/446 447/447/447
f 448/448/448 449/449/449 450/450/450
f 451/451/451 452/452/452 453/453/453
f 454/454/454 455/455/455 456/456/456
f 457/457/457 458/458/458 459/459/459
f 460/460/460 461/461/461 462/462/462
f 463/463/463 464/464/464 465/465/465
f 466/466/466 467/467/467 468/468/468
f 469/469/469 470/470/470 471/471/471
f 472/472/472 473/473/473 474/474/474
f 475/475/475 476/476/476 477/477/477
f 478/478/478 479/479/479 480/480/480
f 481/481/481 482/482/482 483/483/483
f 484/484/484 485/485/485 486/486/486
f 487/487/487 488/488/488 489/489/489
f 490/490/490 491/491/491 492/492/492
f 493/493/493 494/494/494 495/495/495
f 496/496/496 497/497/497 498/498/498
f 499/499/499 500/500/500 501/501/501
f 502/502/502 503/503/503 504/504/504
f 505/505/505 506/506/506 507/507/507
f 508/508/508 509/509/509 510/510/510
f 511/511/511 512/512/512 513/513/513
f 514/514/514 515/515/515 516/516/516
f 517/517/517 518/518/518 519/519/519
f 520/520/520 521/521/521 522/522/522
f 523/523/523 524/524/524 525/525/525
f 526/526/526 527/527/527 528/528/528
f 529/529/529 530/530/530 531/531/531
f 532/532/532 533/533/533 534/534/534
f 535/535/535 536/536/536 537/537/537
f 538/538/538 539/539/539 540/540/540
f 541/541/541 542/542/542 543/543/543
f 544/544/544 545/545/545 546/546/546
f 547/547/547 548/548/548 549/549/549
f 550/550/550 551/551/551 552/552/552
f 553/553/553 554/554/554 555/555/555
f 556/556/556 557/557/557 558/558/558
f 559/559/559 560/560/560 561/561/561
f 562/562/562 563/563/563 564/564/564
f 565/565/565 566/566/566 567/567/567
f 568/568/568 569/569/569 570/570/570
f 571/571/571 572/572/572 573/573/573
f 574/574/574 575/575/575 576/576/576
f 577/577/577 578/578/578 579/579/579
f 580/580/580 581/581/581 582/582/582
f 583/583/583 584/584/584 585/585/585
f 586/586/586 587/587/587 588/588/588
f 589/589/589 590/590/590 591/591/591
f 592/592/592 593/593/593 594/594/594
f 595/595/595 596/596/596 597/597/597
f 598/598/598 599/599/599 600/600/600
f 601/601/601 602/602/602 603/603/603
f 604/604/604 605/605/605 606/606/606
f 607/607/607 608/608/608 609/609/609
f 610/610/610 611/611/611 612/612/612
f 613/613/613 614/614/614 615/615/615
f 616/616/616 617/617/617 618/618/618
f 619/619/619 620/620/620 621/621/621
f 622/622/622 623/623/623 624/624/624
f 625/625/625 626/626/626 627/627/627
f 628/628/628 629/629/629 630/630/630
f 631/631/631 632/632/632 633/633/633
f 634/634/634 635/635/635 636/636/636
f 637/637/637 638/638/638 639/639/639
f 640/640/640 641/641/641 642/642/642
f 643/643/643 644/644/644 645/645/645
f 646/646/646 647/647/647 648/648/648
f 649/649/649 650/650/650 651/651/651
f 652/652/652 653/653/653 654/654/654
f 655/655/655 656/656/656 657/657/657
f 658/658/658 659/659/659 660/660/660
f 661/661/661 662/662/662 663/663/663
f 664/664/664 665/665/665 666/666/666
f 667/667/667 668/668/668 669/669/669
f 670/670/670 671/671/671 672/672/672
f 673/673/673 674/674/674 675/675/675
f 676/676/676 677/677/677 678/678/678
f 679/679/679 680/680/680 681/681/681
f 682/682/682 683/683/683 684/684/684
f 685/685/685 686/686/686 687/687/687
f 688/688/688 689/689/689 690/690/690
f 691/691/691 692/692/692 693/693/693
f 694/694/694 695/695/695 696/696/696
f 697/697/697 698/698/698 699/699/699
f 700/700/700 701/701/701 702/702/702
f 703/703/703 704/704/704 705/705/705
f 706/706/706 707/707/707 708/708/708
f 709/709/709 710/710/710 711/711/711
f 712/712/712 713/713/713 714/714/714
f 715/715/715 716/716/716 717/717/717
f 718/718/718 719/719/719 720/720/720
f 721/721/721 722/722/722 723/723/723
f 724/724/724 725/725/725 726/726/726
f 727/727/727 728/728/728 729/729/729
f 730/730/730 731/731/731 732/732/732
f 733/733/733 734/734/734 735/735/735
f 736/736/736 737/737/737 738/738/738
f 739/739/739 740/740/740 741/741/741
f 742/742/742 743/743/743 744/744/744
f 745/745/745 746/746/746 747/747/747
f 748/748/748 749/749/749 750/750/750
f 751/751/751 752/752/752 753/753/753
f 754/754/754 755/755/755 756/756/756
f 757/757/757 758/758/758 759/759/759
f 760/760/760 761/761/761 762/762/762
f 763/763/763 764/764/764 765/765/765
f 766/766/766 767/767/767 768/768/768
f 769/769/769 770/770/770 771/771/771
f 772/772/772 773/773/773 774/774/774
f 775/775/775 776/776/776 777/777/777
f 778/778/778 779/779/779 780/780/780
f 781/781/781 782/782/782 783/783/783
f 784/784/784 785/785/785 786/786/786
f 787/787/787 788/788/788 789/789/789
f 790/790/790 791/791/791 792/792/792
f 793/793/793 794/794/794 795/795/795
f 796/796/796 797/797/797 798/798/798
f 799/799/799 800/800/800 801/801/801
f 802/802/802 803/803/803 804/804/804
f 805/805/805 806/806/806 807/807/807
f 808/808/808 809/809/809 810/810/810
f 811/811/811 812/812/812 813/813/813
f 814/814/814 815/815/815 816/816/816
f 817/817/817 818/818/818 819/819/819
f 820/820/820 821/821/821 822/822/822
f 823/823/823 824/824/824 825/825/825
f 826/826/826 827/827/827 828/828/828
f 829/829/829 830/830/830 831/831/831
f 832/832/832 833/833/833 834/834/834
f 835/835/835 836/836/836 837/837/837
f 838/838/838 839/839/839 840/840/840
f 841/841/841 842/842/842 843/843/843
f 844/844/844 845/845/845 846/846/846
f 847/847/847 848/848/848 849/849/849
f 850/850/850 851/851/851 852/852/852
f 853/853/853 854/854/854 855/855/855
f 856/856/856 857/857/857 858/858/858
f 859/859/859 860/860/860 861/861/861
f 862/862/862 863/863/863 864/864/864
f 865/865/865 866/866/866 867/867/867
f 868/868/868 869/869/869 870/870/870
f 871/871/871 872/872/872 873/873/873
f 874/874/874 875/875/875 876/876/876
f 877/877/877 878/878/878 879/879/879
f 880/880/880 881/881/881 882/882/882
f 883/883/883 884/884/884 885/885/885
f 886/886/886 887/887/887 888/888/888
f 889/889/889 890/890/890 891/891/891
f 892/892/892 893/893/893 894/894/894
f 895/895/895 896/896/896 897/897/897
f 898/898/898 899/899/899 900/900/900
f 901/901/901 902/902/902 903/903/903
f 904/904/904 905/905/905 906/906/906
f 907/907/907 908/908/908 909/909/909
f 910/910/910 911/911/911 912/912/912
f 913/913/913 914/914/914 915/915/915
f 916/916/916 917/917/917 918/918/918
f 919/919/919 920/920/920 921/921/921
f 922/922/922 923/923/923 924/924/924
f 925/925/925 926/926/926 927/927/927
f 928/928/928 929/929/929 930/930/930
f 931/931/931 932/932/932 933/933/933
f 934/934/934 935/935/935 936/936/936
f 937/937/937 938/938/938 939/939/939
f 940/940/940 941/941/941 942/942/942
f 943/943/943 944/944/944 945/945/945
f 946/946/946 947/947/947 948/948/948
f 949/949/949 950/950/950 951/951/951
f 952/952/952 953/953/953 954/954/954
f 955/955/955 956/956/956 957/957/957
f 958/958/958 959/959/959 960/960/960
f 961/961/961 962/962/962 963/963/963
f 964/964/964 965/965/965 966/966/966
f 967/967/967 968/968/968 969/969/969
f 970/970/970 971/971/971 972/972/972
f 973/973/973 974/974/974 975/975/975
f 976/976/976 977/977/977 978/978/978
f 979/979/979 980/980/980 981/981/981
f 982/982/982 983/983/983 984/984/984
f 985/985/985 986/986/986 987/987/987
f 988/988/988 989/989/989 990/990/990
f 991/991/991 992/992/992 993/993/993
f 994/994/994 995/995/995 996/996/996
f 997/997/997 998/998/998 999/999/999
f 1000/1000/1000 1001/1001/1001 1002/1002/1002
f 1003/1003/1003 1004/1004/1004 1005/1005/1005
f 1006/1006/1006 1007/1007/1007 1008/1008/1008
f 1009/1009/1009 1010/1010/1010 1011/1011/1011
f 1012/1012/1012 1013/1013/1013 1014/1014/1014
f 1015/1015/1015 1016/1016/1016 1017/1017/1017
f 1018/1018/1018 1019/1019/1019 1020/1020/1020
f 1021/1021/1021 1022/1022/1022 1023/1023/1023
f 1024/1024/1024 1025/1025/1025 1026/1026/1026
f 1027/1027/1027 1028/1028/1028 1029/1029/1029
f 1030/1030/1030 1031/1031/1031 1032/1032/1032
f 1033/1033/1033 1034/1034/1034 1035/1035/1035
f 1036/1036/1036 1037/1037/1037 1038/1038/1038
f 1039/1039/1039 1040/1040/1040 1041/1041/1041
f 1042/1042/1042 1043/1043/1043 1044/1044/1044
f 1045/1045/1045 1046/1046/1046 1047/1047/1047
f 1048/1048/1048 1049/1049/1049 1050/1050/1050
f 1051/1051/1051 1052/1052/1052 1053/1053/1053
f 1054/1054/1054 1055/1055/1055 1056/1056/1056
f 1057/1057/1057 1058/1058/1058 1059/1059/1059
f 1060/1060/1060 1061/1061/1061 1062/1062/1062
f 1063/1063/1063 1064/1064/1064 1065/1065/1065
f 1066/1066/1066 1067/1067/1067 1068/1068/1068
f 1069/1069/1069 1070/1070/1070 1071/1071/1071
f 1072/1072/1072 1073/1073/1073 1074/1074/1074
f 1075/1075/1075 1076/1076/1076 1077/1077/1077
f 1078/1078/1078 1079/1079/1079 1080/1080/1080
f 1081/1081/1081 1082/1082/1082 1083/1083/1083
f 1084/1084/1084 1085/1085/1085 1086/1086/1086
f 1087/1087/1087 1088/1088/1088 1089/1089/1089
f 1090/1090/1090 1091/1091/1091 1092/1092/1092
f 1093/1093/1093 1094/1094/1094 1095/1095/1095
f 1096/1096/1096 1097/1097/1097 1098/1098/1098
f 1099/1099/1099 1100/1100/1100 1101/1101/1101
f 1102/1102/1102 1103/1103/1103 1104/1104/1104
f 1105/1105/1105 1106/1106/1106 1107/1107/1107
f 1108/1108/1108 1109/1109/1109 1110/1110/1110
f 1111/1111/1111 1112/1112/1112 1113/1113/1113
f 1114/1114/1114 1115/1115/1115 1116/1116/1116
f 1117/1117/1117 1118/1118/1118 1119/1119/1119
f 1120/1120/1120 1121/1121/1121 1122/1122/1122
f 1123/1123/1123 1124/1124/1124 1125/1125/1125
f 1126/1126/1126 1127/1127/1127 1128/1128/1128
f 1129/1129/1129 1130/1130/1130 1131/1131/1131
f 1132/1132/1132 1133/1133/1133 1134/1134/1134
f 1135/1135/1135 1136/1136/1136 1137/1137/1137
f 1138/1138/1138 1139/1139/1139 1140/1140/1140
f 1141/1141/1141 1142/1142/1142 1143/1143/1143
f 1144/1144/1144 1145/1145/1145 1146/1146/1146
usemtl _HotWing-Material_25__2
f 1147/1147/1147 1148/1148/1148 1149/1149/1149
f 1150/1150/1150 1151/1151/1151 1152/1152/1152
f 1153/1153/1153 1154/1154/1154 1155/1155/1155
f 1156/1156/1156 1157/1157/1157 1158/1158/1158
f 1159/1159/1159 1160/1160/1160 1161/1161/1161
f 1162/1162/1162 1163/1163/1163 1164/1164/1164
f 1165/1165/1165 1166/1166/1166 1167/1167/1167
f 1168/1168/1168 1169/1169/1169 1170/1170/1170
f 1171/1171/1171 1172/1172/1172 1173/1173/1173
f 1174/1174/1174 1175/1175/1175 1176/1176/1176
f 1177/1177/1177 1178/1178/1178 1179/1179/1179
f 1180/1180/1180 1181/1181/1181 1182/1182/1182
f 1183/1183/1183 1184/1184/1184 1185/1185/1185
f 1186/1186/1186 1187/1187/1187 1188/1188/1188
f 1189/1189/1189 1190/1190/1190 1191/1191/1191
f 1192/1192/1192 1193/1193/1193 1194/1194/1194
f 1195/1195/1195 1196/1196/1196 1197/1197/1197
f 1198/1198/1198 1199/1199/1199 1200/1200/1200
f 1201/1201/1201 1202/1202/1202 1203/1203/1203
f 1204/1204/1204 1205/1205/1205 1206/1206/1206
f 1207/1207/1207 1208/1208/1208 1209/1209/1209
f 1210/1210/1210 1211/1211/1211 1212/1212/1212
f 1213/1213/1213 1214/1214/1214 1215/1215/1215
f 1216/1216/1216 1217/1217/1217 1218/1218/1218
f 1219/1219/1219 1220/1220/1220 1221/1221/1221
f 1222/1222/1222 1223/1223/1223 1224/1224/1224
f 1225/1225/1225 1226/1226/1226 1227/1227/1227
f 1228/1228/1228 1229/1229/1229 1230/1230/1230
f 1231/1231/1231 1232/1232/1232 1233/1233/1233
f 1234/1234/1234 1235/1235/1235 1236/1236/1236
f 1237/1237/1237 1238/1238/1238 1239/1239/1239
f 1240/1240/1240 1241/1241/1241 1242/1242/1242
f 1243/1243/1243 1244/1244/1244 1245/1245/1245
f 1246/1246/1246 1247/1247/1247 1248/1248/1248
f 1249/1249/1249 1250/1250/1250 1251/1251/1251
f 1252/1252/1252 1253/1253/1253 1254/1254/1254
f 1255/1255/1255 1256/1256/1256 1257/1257/1257
f 1258/1258/1258 1259/1259/1259 1260/1260/1260
f 1261/1261/1261 1262/1262/1262 1263/1263/1263
f 1264/1264/1264 1265/1265/1265 1266/1266/1266
f 1267/1267/1267 1268/1268/1268 1269/1269/1269
f 1270/1270/1270 1271/1271/1271 1272/1272/1272
f 1273/1273/1273 1274/1274/1274 1275/1275/1275
f 1276/1276/1276 1277/1277/1277 1278/1278/1278
f 1279/1279/1279 1280/1280/1280 1281/1281/1281
f 1282/1282/1282 1283/1283/1283 1284/1284/1284
f 1285/1285/1285 1286/1286/1286 1287/1287/1287
f 1288/1288/1288 1289/1289/1289 1290/1290/1290
f 1291/1291/1291 1292/1292/1292 1293/1293/1293
f 1294/1294/1294 1295/1295/1295 1296/1296/1296
f 1297/1297/1297 1298/1298/1298 1299/1299/1299
f 1300/1300/1300 1301/1301/1301 1302/1302/1302
f 1303/1303/1303 1304/1304/1304 1305/1305/1305
f 1306/1306/1306 1307/1307/1307 1308/1308/1308
f 1309/1309/1309 1310/1310/1310 1311/1311/1311
f 1312/1312/1312 1313/1313/1313 1314/1314/1314
f 1315/1315/1315 1316/1316/1316 1317/1317/1317
f 1318/1318/1318 1319/1319/1319 1320/1320/1320
f 1321/1321/1321 1322/1322/1322 1323/1323/1323
f 1324/1324/1324 1325/1325/1325 1326/1326/1326
f 1327/1327/1327 1328/1328/1328 1329/1329/1329
f 1330/1330/1330 1331/1331/1331 1332/1332/1332
f 1333/1333/1333 1334/1334/1334 1335/1335/1335
f 1336/1336/1336 1337/1337/1337 1338/1338/1338
f 1339/1339/1339 1340/1340/1340 1341/1341/1341
f 1342/1342/1342 1343/1343/1343 1344/1344/1344
f 1345/1345/1345 1346/1346/1346 1347/1347/1347
f 1348/1348/1348 1349/1349/1349 1350/1350/1350
f 1351/1351/1351 1352/1352/1352 1353/1353/1353
f 1354/1354/1354 1355/1355/1355 1356/1356/1356
f 1357/1357/1357 1358/1358/1358 1359/1359/1359
f 1360/1360/1360 1361/1361/1361 1362/1362/1362
f 1363/1363/1363 1364/1364/1364 1365/1365/1365
f 1366/1366/1366 1367/1367/1367 1368/1368/1368
f 1369/1369/1369 1370/1370/1370 1371/1371/1371
f 1372/1372/1372 1373/1373/1373 1374/1374/1374
f 1375/1375/1375 1376/1376/1376 1377/1377/1377
f 1378/1378/1378 1379/1379/1379 1380/1380/1380
f 1381/1381/1381 1382/1382/1382 1383/1383/1383
f 1384/1384/1384 1385/1385/1385 1386/1386/1386
f 1387/1387/1387 1388/1388/1388 1389/1389/1389
f 1390/1390/1390 1391/1391/1391 1392/1392/1392
f 1393/1393/1393 1394/1394/1394 1395/1395/1395
f 1396/1396/1396 1397/1397/1397 1398/1398/1398
f 1399/1399/1399 1400/1400/1400 1401/1401/1401
f 1402/1402/1402 1403/1403/1403 1404/1404/1404
f 1405/1405/1405 1406/1406/1406 1407/1407/1407
f 1408/1408/1408 1409/1409/1409 1410/1410/1410
f 1411/1411/1411 1412/1412/1412 1413/1413/1413
f 1414/1414/1414 1415/1415/1415 1416/1416/1416
f 1417/1417/1417 1418/1418/1418 1419/1419/1419
f 1420/1420/1420 1421/1421/1421 1422/1422/1422
f 1423/1423/1423 1424/1424/1424 1425/1425/1425
f 1426/1426/1426 1427/1427/1427 1428/1428/1428
f 1429/1429/1429 1430/1430/1430 1431/1431/1431
f 1432/1432/1432 1433/1433/1433 1434/1434/1434
f 1435/1435/1435 1436/1436/1436 1437/1437/1437
f 1438/1438/1438 1439/1439/1439 1440/1440/1440
f 1441/1441/1441 1442/1442/1442 1443/1443/1443
f 1444/1444/1444 1445/1445/1445 1446/1446/1446
f 1447/1447/1447 1448/1448/1448 1449/1449/1449
f 1450/1450/1450 1451/1451/1451 1452/1452/1452
f 1453/1453/1453 1454/1454/1454 1455/1455/1455
f 1456/1456/1456 1457/1457/1457 1458/1458/1458
f 1459/1459/1459 1460/1460/1460 1461/1461/1461
f 1462/1462/1462 1463/1463/1463 1464/1464/1464
f 1465/1465/1465 1466/1466/1466 1467/1467/1467
f 1468/1468/1468 1469/1469/1469 1470/1470/1470
f 1471/1471/1471 1472/1472/1472 1473/1473/1473
f 1474/1474/1474 1475/1475/1475 1476/1476/1476
f 1477/1477/1477 1478/1478/1478 1479/1479/1479
f 1480/1480/1480 1481/1481/1481 1482/1482/1482
f 1483/1483/1483 1484/1484/1484 1485/1485/1485
f 1486/1486/1486 1487/1487/1487 1488/1488/1488
f 1489/1489/1489 1490/1490/1490 1491/1491/1491
f 1492/1492/1492 1493/1493/1493 1494/1494/1494
f 1495/1495/1495 1496/1496/1496 1497/1497/1497
f 1498/1498/1498 1499/1499/1499 1500/1500/1500
f 1501/1501/1501 1502/1502/1502 1503/1503/1503
f 1504/1504/1504 1505/1505/1505 1506/1506/1506
f 1507/1507/1507 1508/1508/1508 1509/1509/1509
f 1510/1510/1510 1511/1511/1511 1512/1512/1512
f 1513/1513/1513 1514/1514/1514 1515/1515/1515
f 1516/1516/1516 1517/1517/1517 1518/1518/1518
f 1519/1519/1519 1520/1520/1520 1521/1521/1521
f 1522/1522/1522 1523/1523/1523 1524/1524/1524
f 1525/1525/1525 1526/1526/1526 1527/1527/1527
f 1528/1528/1528 1529/1529/1529 1530/1530/1530
f 1531/1531/1531 1532/1532/1532 1533/1533/1533
f 1534/1534/1534 1535/1535/1535 1536/1536/1536
f 1537/1537/1537 1538/1538/1538 1539/1539/1539
f 1540/1540/1540 1541/1541/1541 1542/1542/1542
f 1543/1543/1543 1544/1544/1544 1545/1545/1545
f 1546/1546/1546 1547/1547/1547 1548/1548/1548
f 1549/1549/1549 1550/1550/1550 1551/1551/1551
f 1552/1552/1552 1553/1553/1553 1554/1554/1554
f 1555/1555/1555 1556/1556/1556 1557/1557/1557
f 1558/1558/1558 1559/1559/1559 1560/1560/1560
f 1561/1561/1561 1562/1562/1562 1563/1563/1563
f 1564/1564/1564 1565/1565/1565 1566/1566/1566
usemtl _HotWing-Material_25__3
f 1567/1567/1567 1568/1568/1568 1569/1569/1569
f 1570/1570/1570 1571/1571/1571 1572/1572/1572
f 1573/1573/1573 1574/1574/1574 1575/1575/1575
f 1576/1576/1576 1577/1577/1577 1578/1578/1578
f 1579/1579/1579 1580/1580/1580 1581/1581/1581
f 1582/1582/1582 1583/1583/1583 1584/1584/1584
f 1585/1585/1585 1586/1586/1586 1587/1587/1587
f 1588/1588/1588 1589/1589/1589 1590/1590/1590
f 1591/1591/1591 1592/1592/1592 1593/1593/1593
f 1594/1594/1594 1595/1595/1595 1596/1596/1596
f 1597/1597/1597 1598/1598/1598 1599/1599/1599
f 1600/1600/1600 1601/1601/1601 1602/1602/1602
f 1603/1603/1603 1604/1604/1604 1605/1605/1605
f 1606/1606/1606 1607/1607/1607 1608/1608/1608
f 1609/1609/1609 1610/1610/1610 1611/1611/1611
f 1612/1612/1612 1613/1613/1613 1614/1614/1614
f 1615/1615/1615 1616/1616/1616 1617/1617/1617
f 1618/1618/1618 1619/1619/1619 1620/1620/1620
f 1621/1621/1621 1622/1622/1622 1623/1623/1623
f 1624/1624/1624 1625/1625/1625 1626/1626/1626
f 1627/1627/1627 1628/1628/1628 1629/1629/1629
f 1630/1630/1630 1631/1631/1631 1632/1632/1632
f 1633/1633/1633 1634/1634/1634 1635/1635/1635
f 1636/1636/1636 1637/1637/1637 1638/1638/1638
f 1639/1639/1639 1640/1640/1640 1641/1641/1641
f 1642/1642/1642 1643/1643/1643 1644/1644/1644
f 1645/1645/1645 1646/1646/1646 1647/1647/1647
f 1648/1648/1648 1649/1649/1649 1650/1650/1650
f 1651/1651/1651 1652/1652/1652 1653/1653/1653
f 1654/1654/1654 1655/1655/1655 1656/1656/1656
f 1657/1657/1657 1658/1658/1658 1659/1659/1659
f 1660/1660/1660 1661/1661/1661 1662/1662/1662
f 1663/1663/1663 1664/1664/1664 1665/1665/1665
f 1666/1666/1666 1667/1667/1667 1668/1668/1668
f 1669/1669/1669 1670/1670/1670 1671/1671/1671
f 1672/1672/1672 1673/1673/1673 1674/1674/1674
f 1675/1675/1675 1676/1676/1676 1677/1677/1677
f 1678/1678/1678 1679/1679/1679 1680/1680/1680
f 1681/1681/1681 1682/1682/1682 1683/1683/1683
f 1684/1684/1684 1685/1685/1685 1686/1686/1686
f 1687/1687/1687 1688/1688/1688 1689/1689/1689
f 1690/1690/1690 1691/1691/1691 1692/1692/1692
f 1693/1693/1693 1694/1694/1694 1695/1695/1695
f 1696/1696/1696 1697/1697/1697 1698/1698/1698
f 1699/1699/1699 1700/1700/1700 1701/1701/1701
f 1702/1702/1702 1703/1703/1703 1704/1704/1704
f 1705/1705/1705 1706/1706/1706 1707/1707/1707
f 1708/1708/1708 1709/1709/1709 1710/1710/1710
f 1711/1711/1711 1712/1712/1712 1713/1713/1713
f 1714/1714/1714 1715/1715/1715 1716/1716/1716
f 1717/1717/1717 1718/1718/1718 1719/1719/1719
f 1720/1720/1720 1721/1721/1721 1722/1722/1722
f 1723/1723/1723 1724/1724/1724 1725/1725/1725
f 1726/1726/1726 1727/1727/1727 1728/1728/1728
f 1729/1729/1729 1730/1730/1730 1731/1731/1731
f 1732/1732/1732 1733/1733/1733 1734/1734/1734
f 1735/1735/1735 1736/1736/1736 1737/1737/1737
f 1738/1738/1738 1739/1739/1739 1740/1740/1740
f 1741/1741/1741 1742/1742/1742 1743/1743/1743
f 1744/1744/1744 1745/1745/1745 1746/1746/1746
f 1747/1747/1747 1748/1748/1748 1749/1749/1749
f 1750/1750/1750 1751/1751/1751 1752/1752/1752
f 1753/1753/1753 1754/1754/1754 1755/1755/1755
f 1756/1756/1756 1757/1757/1757 1758/1758/1758
f 1759/1759/1759 1760/1760/1760 1761/1761/1761
f 1762/1762/1762 1763/1763/1763 1764/1764/1764
f 1765/1765/1765 1766/1766/1766 1767/1767/1767
f 1768/1768/1768 1769/1769/1769 1770/1770/1770
f 1771/1771/1771 1772/1772/1772 1773/1773/1773
f 1774/1774/1774 1775/1775/1775 1776/1776/1776
f 1777/1777/1777 1778/1778/1778 1779/1779/1779
f 1780/1780/1780 1781/1781/1781 1782/1782/1782
f 1783/1783/1783 1784/1784/1784 1785/1785/1785
f 1786/1786/1786 1787/1787/1787 1788/1788/1788
f 1789/1789/1789 1790/1790/1790 1791/1791/1791
f 1792/1792/1792 1793/1793/1793 1794/1794/1794
f 1795/1795/1795 1796/1796/1796 1797/1797/1797
f 1798/1798/1798 1799/1799/1799 1800/1800/1800
f 1801/1801/1801 1802/1802/1802 1803/1803/1803
f 1804/1804/1804 1805/1805/1805 1806/1806/1806
f 1807/1807/1807 1808/1808/1808 1809/1809/1809
f 1810/1810/1810 1811/1811/1811 1812/1812/1812
f 1813/1813/1813 1814/1814/1814 1815/1815/1815
f 1816/1816/1816 1817/1817/1817 1818/1818/1818
f 1819/1819/1819 1820/1820/1820 1821/1821/1821
f 1822/1822/1822 1823/1823/1823 1824/1824/1824
f 1825/1825/1825 1826/1826/1826 1827/1827/1827
f 1828/1828/1828 1829/1829/1829 1830/1830/1830
f 1831/1831/1831 1832/1832/1832 1833/1833/1833
f 1834/1834/1834 1835/1835/1835 1836/1836/1836
f 1837/1837/1837 1838/1838/1838 1839/1839/1839
f 1840/1840/1840 1841/1841/1841 1842/1842/1842
f 1843/1843/1843 1844/1844/1844 1845/1845/1845
f 1846/1846/1846 1847/1847/1847 1848/1848/1848
f 1849/1849/1849 1850/1850/1850 1851/1851/1851
f 1852/1852/1852 1853/1853/1853 1854/1854/1854
f 1855/1855/1855 1856/1856/1856 1857/1857/1857
f 1858/1858/1858 1859/1859/1859 1860/1860/1860
f 1861/1861/1861 1862/1862/1862 1863/1863/1863
f 1864/1864/1864 1865/1865/1865 1866/1866/1866
f 1867/1867/1867 1868/1868/1868 1869/1869/1869
f 1870/1870/1870 1871/1871/1871 1872/1872/1872
f 1873/1873/1873 1874/1874/1874 1875/1875/1875
f 1876/1876/1876 1877/1877/1877 1878/1878/1878
f 1879/1879/1879 1880/1880/1880 1881/1881/1881
f 1882/1882/1882 1883/1883/1883 1884/1884/1884
f 1885/1885/1885 1886/1886/1886 1887/1887/1887
f 1888/1888/1888 1889/1889/1889 1890/1890/1890
f 1891/1891/1891 1892/1892/1892 1893/1893/1893
f 1894/1894/1894 1895/1895/1895 1896/1896/1896
f 1897/1897/1897 1898/1898/1898 1899/1899/1899
f 1900/1900/1900 1901/1901/1901 1902/1902/1902
f 1903/1903/1903 1904/1904/1904 1905/1905/1905
f 1906/1906/1906 1907/1907/1907 1908/1908/1908
f 1909/1909/1909 1910/1910/1910 1911/1911/1911
f 1912/1912/1912 1913/1913/1913 1914/1914/1914
f 1915/1915/1915 1916/1916/1916 1917/1917/1917
f 1918/1918/1918 1919/1919/1919 1920/1920/1920
f 1921/1921/1921 1922/1922/1922 1923/1923/1923
f 1924/1924/1924 1925/1925/1925 1926/1926/1926
usemtl _HotWing-Material_25__4
f 1927/1927/1927 1928/1928/1928 1929/1929/1929
f 1930/1930/1930 1931/1931/1931 1932/1932/1932
f 1933/1933/1933 1934/1934/1934 1935/1935/1935
f 1936/1936/1936 1937/1937/1937 1938/1938/1938
f 1939/1939/1939 1940/1940/1940 1941/1941/1941
f 1942/1942/1942 1943/1943/1943 1944/1944/1944
f 1945/1945/1945 1946/1946/1946 1947/1947/1947
f 1948/1948/1948 1949/1949/1949 1950/1950/1950
f 1951/1951/1951 1952/1952/1952 1953/1953/1953
f 1954/1954/1954 1955/1955/1955 1956/1956/1956
f 1957/1957/1957 1958/1958/1958 1959/1959/1959
f 1960/1960/1960 1961/1961/1961 1962/1962/1962
f 1963/1963/1963 1964/1964/1964 1965/1965/1965
f 1966/1966/1966 1967/1967/1967 1968/1968/1968
f 1969/1969/1969 1970/1970/1970 1971/1971/1971
f 1972/1972/1972 1973/1973/1973 1974/1974/1974
f 1975/1975/1975 1976/1976/1976 1977/1977/1977
f 1978/1978/1978 1979/1979/1979 1980/1980/1980
f 1981/1981/1981 1982/1982/1982 1983/1983/1983
f 1984/1984/1984 1985/1985/1985 1986/1986/1986
f 1987/1987/1987 1988/1988/1988 1989/1989/1989
f 1990/1990/1990 1991/1991/1991 1992/1992/1992
f 1993/1993/1993 1994/1994/1994 1995/1995/1995
f 1996/1996/1996 1997/1997/1997 1998/1998/1998
f 1999/1999/1999 2000/2000/2000 2001/2001/2001
f 2002/2002/2002 2003/2003/2003 2004/2004/2004
f 2005/2005/2005 2006/2006/2006 2007/2007/2007
f 2008/2008/2008 2009/2009/2009 2010/2010/2010
f 2011/2011/2011 2012/2012/2012 2013/2013/2013
f 2014/2014/2014 2015/2015/2015 2016/2016/2016
f 2017/2017/2017 2018/2018/2018 2019/2019/2019
f 2020/2020/2020 2021/2021/2021 2022/2022/2022
f 2023/2023/2023 2024/2024/2024 2025/2025/2025
f 2026/2026/2026 2027/2027/2027 2028/2028/2028
f 2029/2029/2029 2030/2030/2030 2031/2031/2031
f 2032/2032/2032 2033/2033/2033 2034/2034/2034
f 2035/2035/2035 2036/2036/2036 2037/2037/2037
f 2038/2038/2038 2039/2039/2039 2040/2040/2040
f 2041/2041/2041 2042/2042/2042 2043/2043/2043
f 2044/2044/2044 2045/2045/2045 2046/2046/2046
f 2047/2047/2047 2048/2048/2048 2049/2049/2049
f 2050/2050/2050 2051/2051/2051 2052/2052/2052
f 2053/2053/2053 2054/2054/2054 2055/2055/2055
f 2056/2056/2056 2057/2057/2057 2058/2058/2058
f 2059/2059/2059 2060/2060/2060 2061/2061/2061
f 2062/2062/2062 2063/2063/2063 2064/2064/2064
f 2065/2065/2065 2066/2066/2066 2067/2067/2067
f 2068/2068/2068 2069/2069/2069 2070/2070/2070
f 2071/2071/2071 2072/2072/2072 2073/2073/2073
f 2074/2074/2074 2075/2075/2075 2076/2076/2076
f 2077/2077/2077 2078/2078/2078 2079/2079/2079
f 2080/2080/2080 2081/2081/2081 2082/2082/2082
f 2083/2083/2083 2084/2084/2084 2085/2085/2085
f 2086/2086/2086 2087/2087/2087 2088/2088/2088
usemtl _HotWing-Material_25__5
f 2089/2089/2089 2090/2090/2090 2091/2091/2091
f 2092/2092/2092 2093/2093/2093 2094/2094/2094
f 2095/2095/2095 2096/2096/2096 2097/2097/2097
f 2098/2098/2098 2099/2099/2099 2100/2100/2100
f 2101/2101/2101 2102/2102/2102 2103/2103/2103
f 2104/2104/2104 2105/2105/2105 2106/2106/2106
f 2107/2107/2107 2108/2108/2108 2109/2109/2109
f 2110/2110/2110 2111/2111/2111 2112/2112/2112
f 2113/2113/2113 2114/2114/2114 2115/2115/2115
f 2116/2116/2116 2117/2117/2117 2118/2118/2118
f 2119/2119/2119 2120/2120/2120 2121/2121/2121
f 2122/2122/2122 2123/2123/2123 2124/2124/2124
f 2125/2125/2125 2126/2126/2126 2127/2127/2127
f 2128/2128/2128 2129/2129/2129 2130/2130/2130
f 2131/2131/2131 2132/2132/2132 2133/2133/2133
f 2134/2134/2134 2135/2135/2135 2136/2136/2136
f 2137/2137/2137 2138/2138/2138 2139/2139/2139
f 2140/2140/2140 2141/2141/2141 2142/2142/2142
f 2143/2143/2143 2144/2144/2144 2145/2145/2145
f 2146/2146/2146 2147/2147/2147 2148/2148/2148
f 2149/2149/2149 2150/2150/2150 2151/2151/2151
f 2152/2152/2152 2153/2153/2153 2154/2154/2154
f 2155/2155/2155 2156/2156/2156 2157/2157/2157
f 2158/2158/2158 2159/2159/2159 2160/2160/2160
f 2161/2161/2161 2162/2162/2162 2163/2163/2163
f 2164/2164/2164 2165/2165/2165 2166/2166/2166
f 2167/2167/2167 2168/2168/2168 2169/2169/2169
f 2170/2170/2170 2171/2171/2171 2172/2172/2172
f 2173/2173/2173 2174/2174/2174 2175/2175/2175
f 2176/2176/2176 2177/2177/2177 2178/2178/2178
f 2179/2179/2179 2180/2180/2180 2181/2181/2181
f 2182/2182/2182 2183/2183/2183 2184/2184/2184
f 2185/2185/2185 2186/2186/2186 2187/2187/2187
f 2188/2188/2188 2189/2189/2189 2190/2190/2190
f 2191/2191/2191 2192/2192/2192 2193/2193/2193
f 2194/2194/2194 2195/2195/2195 2196/2196/2196
f 2197/2197/2197 2198/2198/2198 2199/2199/2199
f 2200/2200/2200 2201/2201/2201 2202/2202/2202
f 2203/2203/2203 2204/2204/2204 2205/2205/2205
f 2206/2206/2206 2207/2207/2207 2208/2208/2208
f 2209/2209/2209 2210/2210/2210 2211/2211/2211
f 2212/2212/2212 2213/2213/2213 2214/2214/2214
f 2215/2215/2215 2216/2216/2216 2217/2217/2217
f 2218/2218/2218 2219/2219/2219 2220/2220/2220
f 2221/2221/2221 2222/2222/2222 2223/2223/2223
f 2224/2224/2224 2225/2225/2225 2226/2226/2226
f 2227/2227/2227 2228/2228/2228 2229/2229/2229
f 2230/2230/2230 2231/2231/2231 2232/2232/2232
f 2233/2233/2233 2234/2234/2234 2235/2235/2235
f 2236/2236/2236 2237/2237/2237 2238/2238/2238
f 2239/2239/2239 2240/2240/2240 2241/2241/2241
f 2242/2242/2242 2243/2243/2243 2244/2244/2244
f 2245/2245/2245 2246/2246/2246 2247/2247/2247
f 2248/2248/2248 2249/2249/2249 2250/2250/2250
f 2251/2251/2251 2252/2252/2252 2253/2253/2253
f 2254/2254/2254 2255/2255/2255 2256/2256/2256
f 2257/2257/2257 2258/2258/2258 2259/2259/2259
f 2260/2260/2260 2261/2261/2261 2262/2262/2262
f 2263/2263/2263 2264/2264/2264 2265/2265/2265
f 2266/2266/2266 2267/2267/2267 2268/2268/2268
f 2269/2269/2269 2270/2270/2270 2271/2271/2271
f 2272/2272/2272 2273/2273/2273 2274/2274/2274
f 2275/2275/2275 2276/2276/2276 2277/2277/2277
f 2278/2278/2278 2279/2279/2279 2280/2280/2280
f 2281/2281/2281 2282/2282/2282 2283/2283/2283
f 2284/2284/2284 2285/2285/2285 2286/2286/2286
f 2287/2287/2287 2288/2288/2288 2289/2289/2289
f 2290/2290/2290 2291/2291/2291 2292/2292/2292
f 2293/2293/2293 2294/2294/2294 2295/2295/2295
f 2296/2296/2296 2297/2297/2297 2298/2298/2298
f 2299/2299/2299 2300/2300/2300 2301/2301/2301
f 2302/2302/2302 2303/2303/2303 2304/2304/2304
f 2305/2305/2305 2306/2306/2306 2307/2307/2307
f 2308/2308/2308 2309/2309/2309 2310/2310/2310
f 2311/2311/2311 2312/2312/2312 2313/2313/2313
f 2314/2314/2314 2315/2315/2315 2316/2316/2316
f 2317/2317/2317 2318/2318/2318 2319/2319/2319
f 2320/2320/2320 2321/2321/2321 2322/2322/2322
f 2323/2323/2323 2324/2324/2324 2325/2325/2325
f 2326/2326/2326 2327/2327/2327 2328/2328/2328
f 2329/2329/2329 2330/2330/2330 2331/2331/2331
f 2332/2332/2332 2333/2333/2333 2334/2334/2334
f 2335/2335/2335 2336/2336/2336 2337/2337/2337
f 2338/2338/2338 2339/2339/2339 2340/2340/2340
f 2341/2341/2341 2342/2342/2342 2343/2343/2343
f 2344/2344/2344 2345/2345/2345 2346/2346/2346
f 2347/2347/2347 2348/2348/2348 2349/2349/2349
f 2350/2350/2350 2351/2351/2351 2352/2352/2352
f 2353/2353/2353 2354/2354/2354 2355/2355/2355
f 2356/2356/2356 2357/2357/2357 2358/2358/2358
f 2359/2359/2359 2360/2360/2360 2361/2361/2361
f 2362/2362/2362 2363/2363/2363 2364/2364/2364
f 2365/2365/2365 2366/2366/2366 2367/2367/2367
f 2368/2368/2368 2369/2369/2369 2370/2370/2370
f 2371/2371/2371 2372/2372/2372 2373/2373/2373
f 2374/2374/2374 2375/2375/2375 2376/2376/2376
usemtl _HotWing-Material_25__6
f 2377/2377/2377 2378/2378/2378 2379/2379/2379
f 2380/2380/2380 2381/2381/2381 2382/2382/2382
f 2383/2383/2383 2384/2384/2384 2385/2385/2385
f 2386/2386/2386 2387/2387/2387 2388/2388/2388
f 2389/2389/2389 2390/2390/2390 2391/2391/2391
f 2392/2392/2392 2393/2393/2393 2394/2394/2394
f 2395/2395/2395 2396/2396/2396 2397/2397/2397
f 2398/2398/2398 2399/2399/2399 2400/2400/2400
f 2401/2401/2401 2402/2402/2402 2403/2403/2403
f 2404/2404/2404 2405/2405/2405 2406/2406/2406
f 2407/2407/2407 2408/2408/2408 2409/2409/2409
f 2410/2410/2410 2411/2411/2411 2412/2412/2412
f 2413/2413/2413 2414/2414/2414 2415/2415/2415
f 2416/2416/2416 2417/2417/2417 2418/2418/2418
f 2419/2419/2419 2420/2420/2420 2421/2421/2421
f 2422/2422/2422 2423/2423/2423 2424/2424/2424
f 2425/2425/2425 2426/2426/2426 2427/2427/2427
f 2428/2428/2428 2429/2429/2429 2430/2430/2430
f 2431/2431/2431 2432/2432/2432 2433/2433/2433
f 2434/2434/2434 2435/2435/2435 2436/2436/2436
f 2437/2437/2437 2438/2438/2438 2439/2439/2439
f 2440/2440/2440 2441/2441/2441 2442/2442/2442
f 2443/2443/2443 2444/2444/2444 2445/2445/2445
f 2446/2446/2446 2447/2447/2447 2448/2448/2448
f 2449/2449/2449 2450/2450/2450 2451/2451/2451
f 2452/2452/2452 2453/2453/2453 2454/2454/2454
f 2455/2455/2455 2456/2456/2456 2457/2457/2457
f 2458/2458/2458 2459/2459/2459 2460/2460/2460
f 2461/2461/2461 2462/2462/2462 2463/2463/2463
f 2464/2464/2464 2465/2465/2465 2466/2466/2466
f 2467/2467/2467 2468/2468/2468 2469/2469/2469
f 2470/2470/2470 2471/2471/2471 2472/2472/2472
f 2473/2473/2473 2474/2474/2474 2475/2475/2475
f 2476/2476/2476 2477/2477/2477 2478/2478/2478
f 2479/2479/2479 2480/2480/2480 2481/2481/2481
f 2482/2482/2482 2483/2483/2483 2484/2484/2484
f 2485/2485/2485 2486/2486/2486 2487/2487/2487
f 2488/2488/2488 2489/2489/2489 2490/2490/2490
f 2491/2491/2491 2492/2492/2492 2493/2493/2493
f 2494/2494/2494 2495/2495/2495 2496/2496/2496
f 2497/2497/2497 2498/2498/2498 2499/2499/2499
f 2500/2500/2500 2501/2501/2501 2502/2502/2502
f 2503/2503/2503 2504/2504/2504 2505/2505/2505
f 2506/2506/2506 2507/2507/2507 2508/2508/2508
f 2509/2509/2509 2510/2510/2510 2511/2511/2511
f 2512/2512/2512 2513/2513/2513 2514/2514/2514
f 2515/2515/2515 2516/2516/2516 2517/2517/2517
f 2518/2518/2518 2519/2519/2519 2520/2520/2520
f 2521/2521/2521 2522/2522/2522 2523/2523/2523
f 2524/2524/2524 2525/2525/2525 2526/2526/2526
f 2527/2527/2527 2528/2528/2528 2529/2529/2529
f 2530/2530/2530 2531/2531/2531 2532/2532/2532
f 2533/2533/2533 2534/2534/2534 2535/2535/2535
f 2536/2536/2536 2537/2537/2537 2538/2538/2538
f 2539/2539/2539 2540/2540/2540 2541/2541/2541
f 2542/2542/2542 2543/2543/2543 2544/2544/2544
f 2545/2545/2545 2546/2546/2546 2547/2547/2547
f 2548/2548/2548 2549/2549/2549 2550/2550/2550
f 2551/2551/2551 2552/2552/2552 2553/2553/2553
f 2554/2554/2554 2555/2555/2555 2556/2556/2556
f 2557/2557/2557 2558/2558/2558 2559/2559/2559
f 2560/2560/2560 2561/2561/2561 2562/2562/2562
f 2563/2563/2563 2564/2564/2564 2565/2565/2565
f 2566/2566/2566 2567/2567/2567 2568/2568/2568
f 2569/2569/2569 2570/2570/2570 2571/2571/2571
f 2572/2572/2572 2573/2573/2573 2574/2574/2574
f 2575/2575/2575 2576/2576/2576 2577/2577/2577
f 2578/2578/2578 2579/2579/2579 2580/2580/2580
f 2581/2581/2581 2582/2582/2582 2583/2583/2583
f 2584/2584/2584 2585/2585/2585 2586/2586/2586
f 2587/2587/2587 2588/2588/2588 2589/2589/2589
f 2590/2590/2590 2591/2591/2591 2592/2592/2592
f 2593/2593/2593 2594/2594/2594 2595/2595/2595
f 2596/2596/2596 2597/2597/2597 2598/2598/2598
f 2599/2599/2599 2600/2600/2600 2601/2601/2601
f 2602/2602/2602 2603/2603/2603 2604/2604/2604
f 2605/2605/2605 2606/2606/2606 2607/2607/2607
f 2608/2608/2608 2609/2609/2609 2610/2610/2610
f 2611/2611/2611 2612/2612/2612 2613/2613/2613
f 2614/2614/2614 2615/2615/2615 2616/2616/2616
f 2617/2617/2617 2618/2618/2618 2619/2619/2619
f 2620/2620/2620 2621/2621/2621 2622/2622/2622
f 2623/2623/2623 2624/2624/2624 2625/2625/2625
f 2626/2626/2626 2627/2627/2627 2628/2628/2628
f 2629/2629/2629 2630/2630/2630 2631/2631/2631
f 2632/2632/2632 2633/2633/2633 2634/2634/2634
f 2635/2635/2635 2636/2636/2636 2637/2637/2637
f 2638/2638/2638 2639/2639/2639 2640/2640/2640
f 2641/2641/2641 2642/2642/2642 2643/2643/2643
f 2644/2644/2644 2645/2645/2645 2646/2646/2646
f 2647/2647/2647 2648/2648/2648 2649/2649/2649
f 2650/2650/2650 2651/2651/2651 2652/2652/2652
f 2653/2653/2653 2654/2654/2654 2655/2655/2655
f 2656/2656/2656 2657/2657/2657 2658/2658/2658
f 2659/2659/2659 2660/2660/2660 2661/2661/2661
f 2662/2662/2662 2663/2663/2663 2664/2664/2664
f 2665/2665/2665 2666/2666/2666 2667/2667/2667
f 2668/2668/2668 2669/2669/2669 2670/2670/2670
f 2671/2671/2671 2672/2672/2672 2673/2673/2673
f 2674/2674/2674 2675/2675/2675 2676/2676/2676
f 2677/2677/2677 2678/2678/2678 2679/2679/2679
f 2680/2680/2680 2681/2681/2681 2682/2682/2682
f 2683/2683/2683 2684/2684/2684 2685/2685/2685
f 2686/2686/2686 2687/2687/2687 2688/2688/2688
usemtl guiji-0657
f 2689/2689/2689 2690/2690/2690 2691/2691/2691
f 2692/2692/2692 2693/2693/2693 2694/2694/2694
f 2695/2695/2695 2696/2696/2696 2697/2697/2697
f 2698/2698/2698 2699/2699/2699 2700/2700/2700
f 2701/2701/2701 2702/2702/2702 2703/2703/2703
f 2704/2704/2704 2705/2705/2705 2706/2706/2706
f 2707/2707/2707 2708/2708/2708 2709/2709/2709
f 2710/2710/2710 2711/2711/2711 2712/2712/2712
f 2713/2713/2713 2714/2714/2714 2715/2715/2715
f 2716/2716/2716 2717/2717/2717 2718/2718/2718
f 2719/2719/2719 2720/2720/2720 2721/2721/2721
f 2722/2722/2722 2723/2723/2723 2724/2724/2724
f 2725/2725/2725 2726/2726/2726 2727/2727/2727
f 2728/2728/2728 2729/2729/2729 2730/2730/2730
f 2731/2731/2731 2732/2732/2732 2733/2733/2733
f 2734/2734/2734 2735/2735/2735 2736/2736/2736
f 2737/2737/2737 2738/2738/2738 2739/2739/2739
f 2740/2740/2740 2741/2741/2741 2742/2742/2742
f 2743/2743/2743 2744/2744/2744 2745/2745/2745
f 2746/2746/2746 2747/2747/2747 2748/2748/2748
f 2749/2749/2749 2750/2750/2750 2751/2751/2751
f 2752/2752/2752 2753/2753/2753 2754/2754/2754
f 2755/2755/2755 2756/2756/2756 2757/2757/2757
f 2758/2758/2758 2759/2759/2759 2760/2760/2760
f 2761/2761/2761 2762/2762/2762 2763/2763/2763
f 2764/2764/2764 2765/2765/2765 2766/2766/2766
f 2767/2767/2767 2768/2768/2768 2769/2769/2769
f 2770/2770/2770 2771/2771/2771 2772/2772/2772
f 2773/2773/2773 2774/2774/2774 2775/2775/2775
f 2776/2776/2776 2777/2777/2777 2778/2778/2778
f 2779/2779/2779 2780/2780/2780 2781/2781/2781
f 2782/2782/2782 2783/2783/2783 2784/2784/2784
f 2785/2785/2785 2786/2786/2786 2787/2787/2787
f 2788/2788/2788 2789/2789/2789 2790/2790/2790
f 2791/2791/2791 2792/2792/2792 2793/2793/2793
f 2794/2794/2794 2795/2795/2795 2796/2796/2796
f 2797/2797/2797 2798/2798/2798 2799/2799/2799
f 2800/2800/2800 2801/2801/2801 2802/2802/2802
f 2803/2803/2803 2804/2804/2804 2805/2805/2805
f 2806/2806/2806 2807/2807/2807 2808/2808/2808
f 2809/2809/2809 2810/2810/2810 2811/2811/2811
f 2812/2812/2812 2813/2813/2813 2814/2814/2814
f 2815/2815/2815 2816/2816/2816 2817/2817/2817
f 2818/2818/2818 2819/2819/2819 2820/2820/2820
f 2821/2821/2821 2822/2822/2822 2823/2823/2823
f 2824/2824/2824 2825/2825/2825 2826/2826/2826
f 2827/2827/2827 2828/2828/2828 2829/2829/2829
f 2830/2830/2830 2831/2831/2831 2832/2832/2832
f 2833/2833/2833 2834/2834/2834 2835/2835/2835
f 2836/2836/2836 2837/2837/2837 2838/2838/2838
f 2839/2839/2839 2840/2840/2840 2841/2841/2841
f 2842/2842/2842 2843/2843/2843 2844/2844/2844
f 2845/2845/2845 2846/2846/2846 2847/2847/2847
f 2848/2848/2848 2849/2849/2849 2850/2850/2850
f 2851/2851/2851 2852/2852/2852 2853/2853/2853
f 2854/2854/2854 2855/2855/2855 2856/2856/2856
f 2857/2857/2857 2858/2858/2858 2859/2859/2859
f 2860/2860/2860 2861/2861/2861 2862/2862/2862
f 2863/2863/2863 2864/2864/2864 2865/2865/2865
f 2866/2866/2866 2867/2867/2867 2868/2868/2868
f 2869/2869/2869 2870/2870/2870 2871/2871/2871
f 2872/2872/2872 2873/2873/2873 2874/2874/2874
f 2875/2875/2875 2876/2876/2876 2877/2877/2877
f 2878/2878/2878 2879/2879/2879 2880/2880/2880
f 2881/2881/2881 2882/2882/2882 2883/2883/2883
f 2884/2884/2884 2885/2885/2885 2886/2886/2886
f 2887/2887/2887 2888/2888/2888 2889/2889/2889
f 2890/2890/2890 2891/2891/2891 2892/2892/2892
f 2893/2893/2893 2894/2894/2894 2895/2895/2895
f 2896/2896/2896 2897/2897/2897 2898/2898/2898
usemtl guiji-0657_2
f 2899/2899/2899 2900/2900/2900 2901/2901/2901
f 2902/2902/2902 2903/2903/2903 2904/2904/2904
f 2905/2905/2905 2906/2906/2906 2907/2907/2907
f 2908/2908/2908 2909/2909/2909 2910/2910/2910
f 2911/2911/2911 2912/2912/2912 2913/2913/2913
f 2914/2914/2914 2915/2915/2915 2916/2916/2916
f 2917/2917/2917 2918/2918/2918 2919/2919/2919
f 2920/2920/2920 2921/2921/2921 2922/2922/2922
f 2923/2923/2923 2924/2924/2924 2925/2925/2925
f 2926/2926/2926 2927/2927/2927 2928/2928/2928
f 2929/2929/2929 2930/2930/2930 2931/2931/2931
f 2932/2932/2932 2933/2933/2933 2934/2934/2934
f 2935/2935/2935 2936/2936/2936 2937/2937/2937
f 2938/2938/2938 2939/2939/2939 2940/2940/2940
f 2941/2941/2941 2942/2942/2942 2943/2943/2943
f 2944/2944/2944 2945/2945/2945 2946/2946/2946
f 2947/2947/2947 2948/2948/2948 2949/2949/2949
f 2950/2950/2950 2951/2951/2951 2952/2952/2952
f 2953/2953/2953 2954/2954/2954 2955/2955/2955
f 2956/2956/2956 2957/2957/2957 2958/2958/2958
f 2959/2959/2959 2960/2960/2960 2961/2961/2961
f 2962/2962/2962 2963/2963/2963 2964/2964/2964
f 2965/2965/2965 2966/2966/2966 2967/2967/2967
f 2968/2968/2968 2969/2969/2969 2970/2970/2970
f 2971/2971/2971 2972/2972/2972 2973/2973/2973
f 2974/2974/2974 2975/2975/2975 2976/2976/2976
f 2977/2977/2977 2978/2978/2978 2979/2979/2979
f 2980/2980/2980 2981/2981/2981 2982/2982/2982
f 2983/2983/2983 2984/2984/2984 2985/2985/2985
f 2986/2986/2986 2987/2987/2987 2988/2988/2988
f 2989/2989/2989 2990/2990/2990 2991/2991/2991
f 2992/2992/2992 2993/2993/2993 2994/2994/2994
f 2995/2995/2995 2996/2996/2996 2997/2997/2997
f 2998/2998/2998 2999/2999/2999 3000/3000/3000
f 3001/3001/3001 3002/3002/3002 3003/3003/3003
f 3004/3004/3004 3005/3005/3005 3006/3006/3006
f 3007/3007/3007 3008/3008/3008 3009/3009/3009
f 3010/3010/3010 3011/3011/3011 3012/3012/3012
f 3013/3013/3013 3014/3014/3014 3015/3015/3015
f 3016/3016/3016 3017/3017/3017 3018/3018/3018
f 3019/3019/3019 3020/3020/3020 3021/3021/3021
f 3022/3022/3022 3023/3023/3023 3024/3024/3024
f 3025/3025/3025 3026/3026/3026 3027/3027/3027
f 3028/3028/3028 3029/3029/3029 3030/3030/3030
f 3031/3031/3031 3032/3032/3032 3033/3033/3033
f 3034/3034/3034 3035/3035/3035 3036/3036/3036
f 3037/3037/3037 3038/3038/3038 3039/3039/3039
f 3040/3040/3040 3041/3041/3041 3042/3042/3042
f 3043/3043/3043 3044/3044/3044 3045/3045/3045
f 3046/3046/3046 3047/3047/3047 3048/3048/3048
f 3049/3049/3049 3050/3050/3050 3051/3051/3051
f 3052/3052/3052 3053/3053/3053 3054/3054/3054
f 3055/3055/3055 3056/3056/3056 3057/3057/3057
f 3058/3058/3058 3059/3059/3059 3060/3060/3060
f 3061/3061/3061 3062/3062/3062 3063/3063/3063
f 3064/3064/3064 3065/3065/3065 3066/3066/3066
f 3067/3067/3067 3068/3068/3068 3069/3069/3069
f 3070/3070/3070 3071/3071/3071 3072/3072/3072
f 3073/3073/3073 3074/3074/3074 3075/3075/3075
f 3076/3076/3076 3077/3077/3077 3078/3078/3078
f 3079/3079/3079 3080/3080/3080 3081/3081/3081
f 3082/3082/3082 3083/3083/3083 3084/3084/3084
f 3085/3085/3085 3086/3086/3086 3087/3087/3087
f 3088/3088/3088 3089/3089/3089 3090/3090/3090
f 3091/3091/3091 3092/3092/3092 3093/3093/3093
f 3094/3094/3094 3095/3095/3095 3096/3096/3096
f 3097/3097/3097 3098/3098/3098 3099/3099/3099
f 3100/3100/3100 3101/3101/3101 3102/3102/3102
f 3103/3103/3103 3104/3104/3104 3105/3105/3105
f 3106/3106/3106 3107/3107/3107 3108/3108/3108
usemtl HotWing_qiangkou
f 3109/3109/3109 3110/3110/3110 3111/3111/3111
f 3112/3112/3112 3113/3113/3113 3114/3114/3114
f 3115/3115/3115 3116/3116/3116 3117/3117/3117
f 3118/3118/3118 3119/3119/3119 3120/3120/3120
f 3121/3121/3121 3122/3122/3122 3123/3123/3123
f 3124/3124/3124 3125/3125/3125 3126/3126/3126
f 3127/3127/3127 3128/3128/3128 3129/3129/3129
f 3130/3130/3130 3131/3131/3131 3132/3132/3132
f 3133/3133/3133 3134/3134/3134 3135/3135/3135
f 3136/3136/3136 3137/3137/3137 3138/3138/3138
f 3139/3139/3139 3140/3140/3140 3141/3141/3141
f 3142/3142/3142 3143/3143/3143 3144/3144/3144
f 3145/3145/3145 3146/3146/3146 3147/3147/3147
f 3148/3148/3148 3149/3149/3149 3150/3150/3150
f 3151/3151/3151 3152/3152/3152 3153/3153/3153
f 3154/3154/3154 3155/3155/3155 3156/3156/3156
f 3157/3157/3157 3158/3158/3158 3159/3159/3159
f 3160/3160/3160 3161/3161/3161 3162/3162/3162
f 3163/3163/3163 3164/3164/3164 3165/3165/3165
f 3166/3166/3166 3167/3167/3167 3168/3168/3168
f 3169/3169/3169 3170/3170/3170 3171/3171/3171
f 3172/3172/3172 3173/3173/3173 3174/3174/3174
f 3175/3175/3175 3176/3176/3176 3177/3177/3177
f 3178/3178/3178 3179/3179/3179 3180/3180/3180
f 3181/3181/3181 3182/3182/3182 3183/3183/3183
f 3184/3184/3184 3185/3185/3185 3186/3186/3186
f 3187/3187/3187 3188/3188/3188 3189/3189/3189
f 3190/3190/3190 3191/3191/3191 3192/3192/3192
f 3193/3193/3193 3194/3194/3194 3195/3195/3195
f 3196/3196/3196 3197/3197/3197 3198/3198/3198
f 3199/3199/3199 3200/3200/3200 3201/3201/3201
f 3202/3202/3202 3203/3203/3203 3204/3204/3204
f 3205/3205/3205 3206/3206/3206 3207/3207/3207
f 3208/3208/3208 3209/3209/3209 3210/3210/3210
f 3211/3211/3211 3212/3212/3212 3213/3213/3213
f 3214/3214/3214 3215/3215/3215 3216/3216/3216
f 3217/3217/3217 3218/3218/3218 3219/3219/3219
f 3220/3220/3220 3221/3221/3221 3222/3222/3222
f 3223/3223/3223 3224/3224/3224 3225/3225/3225
f 3226/3226/3226 3227/3227/3227 3228/3228/3228
f 3229/3229/3229 3230/3230/3230 3231/3231/3231
f 3232/3232/3232 3233/3233/3233 3234/3234/3234
f 3235/3235/3235 3236/3236/3236 3237/3237/3237
f 3238/3238/3238 3239/3239/3239 3240/3240/3240
f 3241/3241/3241 3242/3242/3242 3243/3243/3243
f 3244/3244/3244 3245/3245/3245 3246/3246/3246
f 3247/3247/3247 3248/3248/3248 3249/3249/3249
f 3250/3250/3250 3251/3251/3251 3252/3252/3252
f 3253/3253/3253 3254/3254/3254 3255/3255/3255
f 3256/3256/3256 3257/3257/3257 3258/3258/3258
f 3259/3259/3259 3260/3260/3260 3261/3261/3261
f 3262/3262/3262 3263/3263/3263 3264/3264/3264
f 3265/3265/3265 3266/3266/3266 3267/3267/3267
f 3268/3268/3268 3269/3269/3269 3270/3270/3270
f 3271/3271/3271 3272/3272/3272 3273/3273/3273
f 3274/3274/3274 3275/3275/3275 3276/3276/3276
f 3277/3277/3277 3278/3278/3278 3279/3279/3279
f 3280/3280/3280 3281/3281/3281 3282/3282/3282
f 3283/3283/3283 3284/3284/3284 3285/3285/3285
f 3286/3286/3286 3287/3287/3287 3288/3288/3288
f 3289/3289/3289 3290/3290/3290 3291/3291/3291
f 3292/3292/3292 3293/3293/3293 3294/3294/3294
f 3295/3295/3295 3296/3296/3296 3297/3297/3297
f 3298/3298/3298 3299/3299/3299 3300/3300/3300
f 3301/3301/3301 3302/3302/3302 3303/3303/3303
f 3304/3304/3304 3305/3305/3305 3306/3306/3306
f 3307/3307/3307 3308/3308/3308 3309/3309/3309
f 3310/3310/3310 3311/3311/3311 3312/3312/3312
f 3313/3313/3313 3314/3314/3314 3315/3315/3315
f 3316/3316/3316 3317/3317/3317 3318/3318/3318
f 3319/3319/3319 3320/3320/3320 3321/3321/3321
f 3322/3322/3322 3323/3323/3323 3324/3324/3324
f 3325/3325/3325 3326/3326/3326 3327/3327/3327
f 3328/3328/3328 3329/3329/3329 3330/3330/3330
f 3331/3331/3331 3332/3332/3332 3333/3333/3333
f 3334/3334/3334 3335/3335/3335 3336/3336/3336
f 3337/3337/3337 3338/3338/3338 3339/3339/3339
f 3340/3340/3340 3341/3341/3341 3342/3342/3342
f 3343/3343/3343 3344/3344/3344 3345/3345/3345
f 3346/3346/3346 3347/3347/3347 3348/3348/3348
f 3349/3349/3349 3350/3350/3350 3351/3351/3351
f 3352/3352/3352 3353/3353/3353 3354/3354/3354
f 3355/3355/3355 3356/3356/3356 3357/3357/3357
f 3358/3358/3358 3359/3359/3359 3360/3360/3360
f 3361/3361/3361 3362/3362/3362 3363/3363/3363
f 3364/3364/3364 3365/3365/3365 3366/3366/3366
f 3367/3367/3367 3368/3368/3368 3369/3369/3369
f 3370/3370/3370 3371/3371/3371 3372/3372/3372
f 3373/3373/3373 3374/3374/3374 3375/3375/3375
f 3376/3376/3376 3377/3377/3377 3378/3378/3378
f 3379/3379/3379 3380/3380/3380 3381/3381/3381
f 3382/3382/3382 3383/3383/3383 3384/3384/3384
f 3385/3385/3385 3386/3386/3386 3387/3387/3387
f 3388/3388/3388 3389/3389/3389 3390/3390/3390
f 3391/3391/3391 3392/3392/3392 3393/3393/3393
f 3394/3394/3394 3395/3395/3395 3396/3396/3396
f 3397/3397/3397 3398/3398/3398 3399/3399/3399
f 3400/3400/3400 3401/3401/3401 3402/3402/3402
f 3403/3403/3403 3404/3404/3404 3405/3405/3405
f 3406/3406/3406 3407/3407/3407 3408/3408/3408
f 3409/3409/3409 3410/3410/3410 3411/3411/3411
f 3412/3412/3412 3413/3413/3413 3414/3414/3414
f 3415/3415/3415 3416/3416/3416 3417/3417/3417
f 3418/3418/3418 3419/3419/3419 3420/3420/3420
f 3421/3421/3421 3422/3422/3422 3423/3423/3423
f 3424/3424/3424 3425/3425/3425 3426/3426/3426
f 3427/3427/3427 3428/3428/3428 3429/3429/3429
f 3430/3430/3430 3431/3431/3431 3432/3432/3432
f 3433/3433/3433 3434/3434/3434 3435/3435/3435
f 3436/3436/3436 3437/3437/3437 3438/3438/3438
f 3439/3439/3439 3440/3440/3440 3441/3441/3441
f 3442/3442/3442 3443/3443/3443 3444/3444/3444
f 3445/3445/3445 3446/3446/3446 3447/3447/3447
f 3448/3448/3448 3449/3449/3449 3450/3450/3450
f 3451/3451/3451 3452/3452/3452 3453/3453/3453
f 3454/3454/3454 3455/3455/3455 3456/3456/3456
f 3457/3457/3457 3458/3458/3458 3459/3459/3459
f 3460/3460/3460 3461/3461/3461 3462/3462/3462
f 3463/3463/3463 3464/3464/3464 3465/3465/3465
f 3466/3466/3466 3467/3467/3467 3468/3468/3468
f 3469/3469/3469 3470/3470/3470 3471/3471/3471
f 3472/3472/3472 3473/3473/3473 3474/3474/3474
f 3475/3475/3475 3476/3476/3476 3477/3477/3477
f 3478/3478/3478 3479/3479/3479 3480/3480/3480
f 3481/3481/3481 3482/3482/3482 3483/3483/3483
f 3484/3484/3484 3485/3485/3485 3486/3486/3486
f 3487/3487/3487 3488/3488/3488 3489/3489/3489
f 3490/3490/3490 3491/3491/3491 3492/3492/3492
f 3493/3493/3493 3494/3494/3494 3495/3495/3495
f 3496/3496/3496 3497/3497/3497 3498/3498/3498
f 3499/3499/3499 3500/3500/3500 3501/3501/3501
f 3502/3502/3502 3503/3503/3503 3504/3504/3504
f 3505/3505/3505 3506/3506/3506 3507/3507/3507
f 3508/3508/3508 3509/3509/3509 3510/3510/3510
f 3511/3511/3511 3512/3512/3512 3513/3513/3513
f 3514/3514/3514 3515/3515/3515 3516/3516/3516
f 3517/3517/3517 3518/3518/3518 3519/3519/3519
f 3520/3520/3520 3521/3521/3521 3522/3522/3522
f 3523/3523/3523 3524/3524/3524 3525/3525/3525
f 3526/3526/3526 3527/3527/3527 3528/3528/3528
f 3529/3529/3529 3530/3530/3530 3531/3531/3531
f 3532/3532/3532 3533/3533/3533 3534/3534/3534
f 3535/3535/3535 3536/3536/3536 3537/3537/3537
f 3538/3538/3538 3539/3539/3539 3540/3540/3540
f 3541/3541/3541 3542/3542/3542 3543/3543/3543
f 3544/3544/3544 3545/3545/3545 3546/3546/3546
f 3547/3547/3547 3548/3548/3548 3549/3549/3549
f 3550/3550/3550 3551/3551/3551 3552/3552/3552
f 3553/3553/3553 3554/3554/3554 3555/3555/3555
f 3556/3556/3556 3557/3557/3557 3558/3558/3558
f 3559/3559/3559 3560/3560/3560 3561/3561/3561
f 3562/3562/3562 3563/3563/3563 3564/3564/3564
f 3565/3565/3565 3566/3566/3566 3567/3567/3567
f 3568/3568/3568 3569/3569/3569 3570/3570/3570
f 3571/3571/3571 3572/3572/3572 3573/3573/3573
f 3574/3574/3574 3575/3575/3575 3576/3576/3576
f 3577/3577/3577 3578/3578/3578 3579/3579/3579
f 3580/3580/3580 3581/3581/3581 3582/3582/3582
f 3583/3583/3583 3584/3584/3584 3585/3585/3585
f 3586/3586/3586 3587/3587/3587 3588/3588/3588
f 3589/3589/3589 3590/3590/3590 3591/3591/3591
f 3592/3592/3592 3593/3593/3593 3594/3594/3594
f 3595/3595/3595 3596/3596/3596 3597/3597/3597
f 3598/3598/3598 3599/3599/3599 3600/3600/3600
f 3601/3601/3601 3602/3602/3602 3603/3603/3603
f 3604/3604/3604 3605/3605/3605 3606/3606/3606
f 3607/3607/3607 3608/3608/3608 3609/3609/3609
f 3610/3610/3610 3611/3611/3611 3612/3612/3612
f 3613/3613/3613 3614/3614/3614 3615/3615/3615
f 3616/3616/3616 3617/3617/3617 3618/3618/3618
f 3619/3619/3619 3620/3620/3620 3621/3621/3621
f 3622/3622/3622 3623/3623/3623 3624/3624/3624
f 3625/3625/3625 3626/3626/3626 3627/3627/3627
f 3628/3628/3628 3629/3629/3629 3630/3630/3630
f 3631/3631/3631 3632/3632/3632 3633/3633/3633
f 3634/3634/3634 3635/3635/3635 3636/3636/3636
f 3637/3637/3637 3638/3638/3638 3639/3639/3639
f 3640/3640/3640 3641/3641/3641 3642/3642/3642
f 3643/3643/3643 3644/3644/3644 3645/3645/3645
f 3646/3646/3646 3647/3647/3647 3648/3648/3648
usemtl HotWing_qiangkou_01
f 3649/3649/3649 3650/3650/3650 3651/3651/3651
f 3652/3652/3652 3653/3653/3653 3654/3654/3654
f 3655/3655/3655 3656/3656/3656 3657/3657/3657
f 3658/3658/3658 3659/3659/3659 3660/3660/3660
f 3661/3661/3661 3662/3662/3662 3663/3663/3663
f 3664/3664/3664 3665/3665/3665 3666/3666/3666
f 3667/3667/3667 3668/3668/3668 3669/3669/3669
f 3670/3670/3670 3671/3671/3671 3672/3672/3672
f 3673/3673/3673 3674/3674/3674 3675/3675/3675
f 3676/3676/3676 3677/3677/3677 3678/3678/3678
f 3679/3679/3679 3680/3680/3680 3681/3681/3681
f 3682/3682/3682 3683/3683/3683 3684/3684/3684
f 3685/3685/3685 3686/3686/3686 3687/3687/3687
f 3688/3688/3688 3689/3689/3689 3690/3690/3690
f 3691/3691/3691 3692/3692/3692 3693/3693/3693
f 3694/3694/3694 3695/3695/3695 3696/3696/3696
f 3697/3697/3697 3698/3698/3698 3699/3699/3699
f 3700/3700/3700 3701/3701/3701 3702/3702/3702
f 3703/3703/3703 3704/3704/3704 3705/3705/3705
f 3706/3706/3706 3707/3707/3707 3708/3708/3708
f 3709/3709/3709 3710/3710/3710 3711/3711/3711
f 3712/3712/3712 3713/3713/3713 3714/3714/3714
f 3715/3715/3715 3716/3716/3716 3717/3717/3717
f 3718/3718/3718 3719/3719/3719 3720/3720/3720
f 3721/3721/3721 3722/3722/3722 3723/3723/3723
f 3724/3724/3724 3725/3725/3725 3726/3726/3726
f 3727/3727/3727 3728/3728/3728 3729/3729/3729
f 3730/3730/3730 3731/3731/3731 3732/3732/3732
f 3733/3733/3733 3734/3734/3734 3735/3735/3735
f 3736/3736/3736 3737/3737/3737 3738/3738/3738
f 3739/3739/3739 3740/3740/3740 3741/3741/3741
f 3742/3742/3742 3743/3743/3743 3744/3744/3744
f 3745/3745/3745 3746/3746/3746 3747/3747/3747
f 3748/3748/3748 3749/3749/3749 3750/3750/3750
f 3751/3751/3751 3752/3752/3752 3753/3753/3753
f 3754/3754/3754 3755/3755/3755 3756/3756/3756
f 3757/3757/3757 3758/3758/3758 3759/3759/3759
f 3760/3760/3760 3761/3761/3761 3762/3762/3762
f 3763/3763/3763 3764/3764/3764 3765/3765/3765
f 3766/3766/3766 3767/3767/3767 3768/3768/3768
f 3769/3769/3769 3770/3770/3770 3771/3771/3771
f 3772/3772/3772 3773/3773/3773 3774/3774/3774
f 3775/3775/3775 3776/3776/3776 3777/3777/3777
f 3778/3778/3778 3779/3779/3779 3780/3780/3780
f 3781/3781/3781 3782/3782/3782 3783/3783/3783
f 3784/3784/3784 3785/3785/3785 3786/3786/3786
f 3787/3787/3787 3788/3788/3788 3789/3789/3789
f 3790/3790/3790 3791/3791/3791 3792/3792/3792
f 3793/3793/3793 3794/3794/3794 3795/3795/3795
f 3796/3796/3796 3797/3797/3797 3798/3798/3798
f 3799/3799/3799 3800/3800/3800 3801/3801/3801
f 3802/3802/3802 3803/3803/3803 3804/3804/3804
f 3805/3805/3805 3806/3806/3806 3807/3807/3807
f 3808/3808/3808 3809/3809/3809 3810/3810/3810
f 3811/3811/3811 3812/3812/3812 3813/3813/3813
f 3814/3814/3814 3815/3815/3815 3816/3816/3816
f 3817/3817/3817 3818/3818/3818 3819/3819/3819
f 3820/3820/3820 3821/3821/3821 3822/3822/3822
f 3823/3823/3823 3824/3824/3824 3825/3825/3825
f 3826/3826/3826 3827/3827/3827 3828/3828/3828
f 3829/3829/3829 3830/3830/3830 3831/3831/3831
f 3832/3832/3832 3833/3833/3833 3834/3834/3834
f 3835/3835/3835 3836/3836/3836 3837/3837/3837
f 3838/3838/3838 3839/3839/3839 3840/3840/3840
f 3841/3841/3841 3842/3842/3842 3843/3843/3843
f 3844/3844/3844 3845/3845/3845 3846/3846/3846
f 3847/3847/3847 3848/3848/3848 3849/3849/3849
f 3850/3850/3850 3851/3851/3851 3852/3852/3852
f 3853/3853/3853 3854/3854/3854 3855/3855/3855
f 3856/3856/3856 3857/3857/3857 3858/3858/3858
f 3859/3859/3859 3860/3860/3860 3861/3861/3861
f 3862/3862/3862 3863/3863/3863 3864/3864/3864
f 3865/3865/3865 3866/3866/3866 3867/3867/3867
f 3868/3868/3868 3869/3869/3869 3870/3870/3870
f 3871/3871/3871 3872/3872/3872 3873/3873/3873
f 3874/3874/3874 3875/3875/3875 3876/3876/3876
f 3877/3877/3877 3878/3878/3878 3879/3879/3879
f 3880/3880/3880 3881/3881/3881 3882/3882/3882
f 3883/3883/3883 3884/3884/3884 3885/3885/3885
f 3886/3886/3886 3887/3887/3887 3888/3888/3888
f 3889/3889/3889 3890/3890/3890 3891/3891/3891
f 3892/3892/3892 3893/3893/3893 3894/3894/3894
f 3895/3895/3895 3896/3896/3896 3897/3897/3897
f 3898/3898/3898 3899/3899/3899 3900/3900/3900
f 3901/3901/3901 3902/3902/3902 3903/3903/3903
f 3904/3904/3904 3905/3905/3905 3906/3906/3906
f 3907/3907/3907 3908/3908/3908 3909/3909/3909
f 3910/3910/3910 3911/3911/3911 3912/3912/3912
f 3913/3913/3913 3914/3914/3914 3915/3915/3915
f 3916/3916/3916 3917/3917/3917 3918/3918/3918
f 3919/3919/3919 3920/3920/3920 3921/3921/3921
f 3922/3922/3922 3923/3923/3923 3924/3924/3924
f 3925/3925/3925 3926/3926/3926 3927/3927/3927
f 3928/3928/3928 3929/3929/3929 3930/3930/3930
f 3931/3931/3931 3932/3932/3932 3933/3933/3933
f 3934/3934/3934 3935/3935/3935 3936/3936/3936
f 3937/3937/3937 3938/3938/3938 3939/3939/3939
f 3940/3940/3940 3941/3941/3941 3942/3942/3942
f 3943/3943/3943 3944/3944/3944 3945/3945/3945
f 3946/3946/3946 3947/3947/3947 3948/3948/3948
f 3949/3949/3949 3950/3950/3950 3951/3951/3951
f 3952/3952/3952 3953/3953/3953 3954/3954/3954
f 3955/3955/3955 3956/3956/3956 3957/3957/3957
f 3958/3958/3958 3959/3959/3959 3960/3960/3960
f 3961/3961/3961 3962/3962/3962 3963/3963/3963
f 3964/3964/3964 3965/3965/3965 3966/3966/3966
f 3967/3967/3967 3968/3968/3968 3969/3969/3969
f 3970/3970/3970 3971/3971/3971 3972/3972/3972
f 3973/3973/3973 3974/3974/3974 3975/3975/3975
f 3976/3976/3976 3977/3977/3977 3978/3978/3978
f 3979/3979/3979 3980/3980/3980 3981/3981/3981
f 3982/3982/3982 3983/3983/3983 3984/3984/3984
f 3985/3985/3985 3986/3986/3986 3987/3987/3987
f 3988/3988/3988 3989/3989/3989 3990/3990/3990
f 3991/3991/3991 3992/3992/3992 3993/3993/3993
f 3994/3994/3994 3995/3995/3995 3996/3996/3996
f 3997/3997/3997 3998/3998/3998 3999/3999/3999
f 4000/4000/4000 4001/4001/4001 4002/4002/4002
f 4003/4003/4003 4004/4004/4004 4005/4005/4005
f 4006/4006/4006 4007/4007/4007 4008/4008/4008
f 4009/4009/4009 4010/4010/4010 4011/4011/4011
f 4012/4012/4012 4013/4013/4013 4014/4014/4014
f 4015/4015/4015 4016/4016/4016 4017/4017/4017
f 4018/4018/4018 4019/4019/4019 4020/4020/4020
f 4021/4021/4021 4022/4022/4022 4023/4023/4023
f 4024/4024/4024 4025/4025/4025 4026/4026/4026
f 4027/4027/4027 4028/4028/4028 4029/4029/4029
f 4030/4030/4030 4031/4031/4031 4032/4032/4032
f 4033/4033/4033 4034/4034/4034 4035/4035/4035
f 4036/4036/4036 4037/4037/4037 4038/4038/4038
f 4039/4039/4039 4040/4040/4040 4041/4041/4041
f 4042/4042/4042 4043/4043/4043 4044/4044/4044
f 4045/4045/4045 4046/4046/4046 4047/4047/4047
f 4048/4048/4048 4049/4049/4049 4050/4050/4050
f 4051/4051/4051 4052/4052/4052 4053/4053/4053
f 4054/4054/4054 4055/4055/4055 4056/4056/4056
f 4057/4057/4057 4058/4058/4058 4059/4059/4059
f 4060/4060/4060 4061/4061/4061 4062/4062/4062
f 4063/4063/4063 4064/4064/4064 4065/4065/4065
f 4066/4066/4066 4067/4067/4067 4068/4068/4068
f 4069/4069/4069 4070/4070/4070 4071/4071/4071
f 4072/4072/4072 4073/4073/4073 4074/4074/4074
f 4075/4075/4075 4076/4076/4076 4077/4077/4077
f 4078/4078/4078 4079/4079/4079 4080/4080/4080
f 4081/4081/4081 4082/4082/4082 4083/4083/4083
f 4084/4084/4084 4085/4085/4085 4086/4086/4086
f 4087/4087/4087 4088/4088/4088 4089/4089/4089
f 4090/4090/4090 4091/4091/4091 4092/4092/4092
f 4093/4093/4093 4094/4094/4094 4095/4095/4095
f 4096/4096/4096 4097/4097/4097 4098/4098/4098
f 4099/4099/4099 4100/4100/4100 4101/4101/4101
f 4102/4102/4102 4103/4103/4103 4104/4104/4104
f 4105/4105/4105 4106/4106/4106 4107/4107/4107
f 4108/4108/4108 4109/4109/4109 4110/4110/4110
f 4111/4111/4111 4112/4112/4112 4113/4113/4113
f 4114/4114/4114 4115/4115/4115 4116/4116/4116
f 4117/4117/4117 4118/4118/4118 4119/4119/4119
f 4120/4120/4120 4121/4121/4121 4122/4122/4122
f 4123/4123/4123 4124/4124/4124 4125/4125/4125
f 4126/4126/4126 4127/4127/4127 4128/4128/4128
f 4129/4129/4129 4130/4130/4130 4131/4131/4131
f 4132/4132/4132 4133/4133/4133 4134/4134/4134
f 4135/4135/4135 4136/4136/4136 4137/4137/4137
f 4138/4138/4138 4139/4139/4139 4140/4140/4140
f 4141/4141/4141 4142/4142/4142 4143/4143/4143
f 4144/4144/4144 4145/4145/4145 4146/4146/4146
f 4147/4147/4147 4148/4148/4148 4149/4149/4149
f 4150/4150/4150 4151/4151/4151 4152/4152/4152
f 4153/4153/4153 4154/4154/4154 4155/4155/4155
f 4156/4156/4156 4157/4157/4157 4158/4158/4158
f 4159/4159/4159 4160/4160/4160 4161/4161/4161
f 4162/4162/4162 4163/4163/4163 4164/4164/4164
f 4165/4165/4165 4166/4166/4166 4167/4167/4167
f 4168/4168/4168 4169/4169/4169 4170/4170/4170
f 4171/4171/4171 4172/4172/4172 4173/4173/4173
f 4174/4174/4174 4175/4175/4175 4176/4176/4176
f 4177/4177/4177 4178/4178/4178 4179/4179/4179
f 4180/4180/4180 4181/4181/4181 4182/4182/4182
f 4183/4183/4183 4184/4184/4184 4185/4185/4185
f 4186/4186/4186 4187/4187/4187 4188/4188/4188
