# Generated from legacy Unity YAML Mesh assets without Unity.
mtllib gun41.mtl

o Gun
v -1.92073046e-05 0.0214866665 0.445593148
v 0.07656201 0.0938605187 0.445593137
v 0.07656201 0.0214866665 0.445593137
v -1.92073046e-05 0.0938605187 0.445593148
v 0.0765620145 0.190754991 0.47540887
v -1.92028025e-05 0.190754991 0.475408882
v 0.0765620105 0.273189676 0.4487315
v -1.92068307e-05 0.273189676 0.448731512
v -1.92068307e-05 0.273189676 0.448731512
v 0.10365236 0.304341864 0.308084561
v 0.0765620105 0.273189676 0.4487315
v -1.92280678e-05 0.304341864 0.308084577
v 0.0540473222 0.258176487 0.260437838
v -1.92352623e-05 0.258176487 0.260437846
v 0.0540473055 0.258176487 0.150188229
v -1.92519095e-05 0.258176487 0.150188237
v 0.0765619821 0.240700853 0.260438013
v 0.0540472822 0.313405496 -0.00407648933
v -1.92752028e-05 0.313405496 -0.00407648117
v 0.07656201 0.0214866665 0.445593137
v 0.07656201 0.0938605187 0.445593137
v 0.10365236 -0.0325609255 0.308084502
v 0.10365236 0.304341864 0.308084561
v 0.0765620145 0.190754991 0.47540887
v 0.0765620105 0.273189676 0.4487315
v 0.0765619821 0.0583232348 0.260437834
v 0.0765619821 0.0214866665 0.260437834
v 0.0765619821 0.240700853 0.260438013
v -1.92352623e-05 0.0214866665 0.260437846
v 0.10365236 -0.0325609255 0.308084502
v 0.0765619821 0.0214866665 0.260437834
v -1.92280678e-05 -0.0325609255 0.308084517
v 0.07656201 0.0214866665 0.445593137
v -1.92073046e-05 0.0214866665 0.445593148
v 0.0765619821 0.0583232348 0.260437834
v -1.92352623e-05 0.0583232348 0.260437846
v 0.0765619421 0.0583232348 -0.00407649273
v 0.0765619821 0.0583232348 0.260437834
v -1.92752028e-05 0.0583232348 -0.00407648117
v 0.0540473222 0.258176487 0.260437838
v 0.0765619654 0.240700853 0.150188226
v 0.0765619821 0.240700853 0.260438013
v 0.0540473055 0.258176487 0.150188229
v 0.0765619821 0.0583232348 0.260437834
v 0.0765619421 0.240700853 -0.00407649273
v 0.0540472822 0.313405496 -0.00407648933
v 0.0765619421 0.0583232348 -0.00407649273
v 0.0892075301 0.236140471 -0.542356445
v 0.0892075158 0.273717713 -0.637434347
v 0.0892075158 0.0214866665 -0.637434347
v 0.0892075256 0.26434977 -0.572163447
v 0.0892075654 0.209083271 -0.309163048
v 0.0892075654 0.0214866665 -0.309163048
v -1.93708372e-05 0.273717713 -0.637434334
v 0.0892075158 0.273717713 -0.637434347
v -1.93708372e-05 0.0214866665 -0.637434334
v 0.0892075654 0.209083271 -0.309163048
v -1.93564808e-05 0.236140471 -0.542356432
v 0.0892075301 0.236140471 -0.542356445
v -1.93212696e-05 0.209083271 -0.309163034
v -1.93609816e-05 0.26434977 -0.572163433
v 0.0892075256 0.26434977 -0.572163447
v -1.93708372e-05 0.273717713 -0.637434334
v 0.0892075158 0.273717713 -0.637434347
v -1.9334434e-05 0.149117318 -0.396347136
v 0.107894424 0.303239119 -0.369632842
v -1.9334434e-05 0.314304602 -0.396347136
v 0.107894424 0.160182756 -0.369632812
v 0.107894477 0.160182741 -0.0242642032
v 0.186892844 0.132011619 -0.15565171
v 0.107894461 0.0590266367 -0.125420334
v 0.186892852 0.190414113 -0.0972492086
v 0.186892831 0.132011634 -0.238245322
v 0.10789444 0.0590266292 -0.268476697
v 0.186892822 0.190414142 -0.296647831
v 0.107894424 0.160182756 -0.369632812
v 0.186892822 0.273007732 -0.296647831
v 0.107894424 0.303239119 -0.369632842
v 0.107894484 0.303239119 -0.0242641585
v 0.186892852 0.273007762 -0.0972491863
v 0.215808243 0.231710952 -0.196948539
v -1.9267702e-05 0.298083347 0.0363474783
v 0.109292042 0.235797566 0.0247640144
v -1.9269451e-05 0.235797566 0.0247640309
v 0.109292043 0.298083347 0.0363474618
v 0.109292041 0.341676604 0.0223566722
v -1.92698145e-05 0.341676604 0.0223566887
v -1.92734411e-05 0.0414756206 -0.00166070492
v 0.109292038 0.0414756206 -0.00166072142
v 0.109292033 0.34909935 -0.0334167798
v -1.92782361e-05 0.34909935 -0.0334167633
v 0.109292029 0.324460011 -0.0594992508
v -1.92821744e-05 0.324460011 -0.0594992343
v 0.109292043 0.298083347 0.0363474618
v 0.109292041 0.341676604 0.0223566722
v 0.109292042 0.235797566 0.0247640144
v 0.109292029 0.235797536 -0.0594992508
v 0.109292038 0.0414756206 -0.00166072142
v 0.109292029 0.0414756206 -0.0594992508
v 0.109292033 0.34909935 -0.0334167798
v 0.109292029 0.324460011 -0.0594992508
v 0.109292013 -0.00547167984 -0.166205702
v 0.109291997 -0.00547167984 -0.272912161
v 0.109291983 0.260810387 -0.361667069
v 0.109291981 0.0414756206 -0.379618617
v 0.10929197 0.23979963 -0.449496137
v 0.10929197 0.183002796 -0.449496137
v -1.92734411e-05 0.0414756206 -0.00166070492
v 0.109292029 0.0414756206 -0.0594992508
v -1.92821744e-05 0.0414756206 -0.0594992343
v 0.109292038 0.0414756206 -0.00166072142
v -1.92982867e-05 -0.00547167984 -0.166205705
v 0.109292013 -0.00547167984 -0.166205702
v -1.93143989e-05 -0.00547167984 -0.272912167
v 0.109291997 -0.00547167984 -0.272912161
v -1.93305111e-05 0.0414756206 -0.3796186
v 0.109291981 0.0414756206 -0.379618617
v -1.93410623e-05 0.183002796 -0.449496121
v 0.10929197 0.183002796 -0.449496137
v -1.93410623e-05 0.183002796 -0.449496121
v 0.10929197 0.23979963 -0.449496137
v -1.93410623e-05 0.23979963 -0.449496121
v 0.10929197 0.183002796 -0.449496137
v 0.109291983 0.260810387 -0.361667069
v -1.93278005e-05 0.260810387 -0.361667097
v -0.0457343533 -0.0212866622 -0.369989821
v 0.0343625223 -0.130084533 -0.337119361
v -0.0344011733 -0.130084533 -0.337119351
v 0.0456956924 -0.0212866622 -0.369989834
v 0.0456956924 -0.0212866622 -0.369989834
v 0.0343625128 -0.161445844 -0.400247386
v 0.0343625223 -0.130084533 -0.337119361
v 0.0456956726 -0.0212866622 -0.501185156
v 0.0456956726 -0.0212866622 -0.501185156
v -0.0344011829 -0.161445844 -0.400247375
v 0.0343625128 -0.161445844 -0.400247386
v -0.0457343731 -0.0212866622 -0.501185142
v -0.0457343731 -0.0212866622 -0.501185142
v -0.0344011733 -0.130084533 -0.337119351
v -0.0344011829 -0.161445844 -0.400247375
v -0.0457343533 -0.0212866622 -0.369989821
v -0.0344011733 -0.130084533 -0.337119351
v 0.0343625128 -0.161445844 -0.400247386
v -0.0344011829 -0.161445844 -0.400247375
v 0.0343625223 -0.130084533 -0.337119361
v 0.117586754 -0.0135908532 -0.493738401
v -0.117625469 -0.0541269737 -0.554974777
v -0.11762546 -0.0135908532 -0.493738366
v 0.117586745 -0.0541269737 -0.554974812
v 0.117586731 -0.0541269737 -0.648418534
v -0.117625483 -0.0541269737 -0.648418498
v -0.117625486 -0.00423381803 -0.667814327
v 0.117586728 -0.00423381803 -0.667814362
v -0.117625462 0.00864296826 -0.507573319
v 0.117586752 0.00864296826 -0.507573354
v 0.11758673 0.00864296081 -0.654602397
v -0.117625484 0.00864296081 -0.654602361
v -0.117625486 -0.00423381803 -0.667814327
v 0.117586728 -0.00423381803 -0.667814362
v 0.117586728 -0.00423381803 -0.667814362
v 0.117586745 -0.0541269737 -0.554974812
v 0.117586754 -0.0135908532 -0.493738401
v 0.117586731 -0.0541269737 -0.648418534
v 0.117586752 0.00864296826 -0.507573354
v 0.11758673 0.00864296081 -0.654602397
v -0.117625484 0.00864296081 -0.654602361
v -0.11762546 -0.0135908532 -0.493738366
v -0.117625486 -0.00423381803 -0.667814327
v -0.117625462 0.00864296826 -0.507573319
v -0.117625483 -0.0541269737 -0.648418498
v -0.117625469 -0.0541269737 -0.554974777
v 0.0412371173 0.146716889 -0.75538174
v -1.93864525e-05 0.182564866 -0.740849763
v -1.93886468e-05 0.163805914 -0.755381733
v 0.054501716 0.159981486 -0.740849772
v 0.0583261453 0.105460387 -0.755381742
v 0.0770850926 0.105460387 -0.740849775
v 0.0412371248 0.06420387 -0.75538174
v 0.0545017235 0.0509392773 -0.740849772
v -1.93886468e-05 0.0471148607 -0.755381733
v -1.93864525e-05 0.0283558932 -0.740849763
v -1.9370829e-05 0.20562188 -0.637379855
v 0.0708054907 0.176285279 -0.637379866
v 0.070805513 0.0346354959 -0.637379866
v -1.9370829e-05 0.00529887947 -0.637379855
v 0.100142144 0.105460395 -0.63737987
v -1.93886468e-05 0.163805914 -0.755381733
v -1.93886468e-05 0.105460387 -0.755381733
v 0.0412371173 0.146716889 -0.75538174
v 0.0583261453 0.105460387 -0.755381742
v 0.0412371248 0.06420387 -0.75538174
v -1.93886468e-05 0.0471148607 -0.755381733
v -0.107262327 0.0364268241 -0.287888034
v 0.107223673 -0.0198076027 -0.356111603
v -0.107262337 -0.0198076027 -0.35611157
v 0.107223683 0.0364268241 -0.287888067
v 0.107223644 -0.0198076027 -0.549829678
v -0.107262367 -0.0198076027 -0.549829646
v -0.107262383 -0.0198076027 -0.656123533
v 0.107223628 -0.0198076027 -0.656123565
v 0.107223683 0.0364268241 -0.287888067
v 0.107223644 -0.0198076027 -0.549829678
v 0.107223673 -0.0198076027 -0.356111603
v 0.107223644 0.0364268241 -0.549829678
v 0.107223628 -0.0198076027 -0.656123565
v 0.107223625 0.0364268241 -0.674936162
v 0.107223631 0.0607095254 -0.635299371
v 0.107223638 0.0607095254 -0.589466439
v 0.107223625 0.0364268241 -0.674936162
v -0.107262383 -0.0198076027 -0.656123533
v 0.107223628 -0.0198076027 -0.656123565
v -0.107262385 0.0364268241 -0.67493613
v -0.107262379 0.0607095254 -0.635299339
v 0.107223631 0.0607095254 -0.635299371
v 0.107223638 0.0607095254 -0.589466439
v -0.107262373 0.0607095254 -0.589466407
v -0.107262367 0.0364268241 -0.549829676
v 0.107223644 0.0364268241 -0.549829678
v -0.107262327 0.0364268241 -0.287888034
v 0.107223683 0.0364268241 -0.287888067
v -0.107262385 0.0364268241 -0.67493613
v -0.107262367 -0.0198076027 -0.549829646
v -0.107262383 -0.0198076027 -0.656123533
v -0.107262367 0.0364268241 -0.549829676
v -0.107262337 -0.0198076027 -0.35611157
v -0.107262327 0.0364268241 -0.287888034
v -0.107262373 0.0607095254 -0.589466407
v -0.107262379 0.0607095254 -0.635299339
v 0.0974024493 0.215605598 -0.373087555
v 0.0974024209 0.120092612 -0.561545327
v 0.0974024493 0.120092612 -0.373087555
v 0.0974024169 0.215605598 -0.587387636
v 0.0974024021 0.126672831 -0.685875818
v 0.0974024021 0.145097498 -0.685875818
v 0.0974024168 0.0820887317 -0.588379964
v 0.0974024123 0.0818727804 -0.618405923
v 0.0974024021 0.145097498 -0.685875818
v -0.0974411658 0.126672831 -0.685875789
v 0.0974024021 0.126672831 -0.685875818
v -0.0974411658 0.145097498 -0.685875789
v 0.0974024169 0.215605598 -0.587387636
v -0.097441151 0.215605598 -0.587387607
v -0.0974411186 0.215605598 -0.373087526
v 0.0974024493 0.215605598 -0.373087555
v -0.0974411658 0.145097498 -0.685875789
v -0.0974411471 0.120092612 -0.561545298
v -0.0974411658 0.126672831 -0.685875789
v -0.097441151 0.215605598 -0.587387607
v -0.0974411186 0.120092612 -0.373087526
v -0.0974411186 0.215605598 -0.373087526
v -0.0974411556 0.0818727804 -0.618405894
v -0.0974411511 0.0820887317 -0.588379935
v -0.0974411186 0.120092612 -0.373087526
v 0.0974024209 0.120092612 -0.561545327
v -0.0974411471 0.120092612 -0.561545298
v 0.0974024493 0.120092612 -0.373087555
v -0.0974411511 0.0820887317 -0.588379935
v 0.0974024168 0.0820887317 -0.588379964
v -0.0974411556 0.0818727804 -0.618405894
v 0.0974024123 0.0818727804 -0.618405923
v -0.0974411658 0.126672831 -0.685875789
v 0.0974024021 0.126672831 -0.685875818
v -0.028557376 0.0583232348 0.0919247012
v 0.0285188695 -0.0204195785 0.177904601
v -0.028557363 -0.0204195785 0.17790461
v 0.0285188565 0.0583232348 0.0919246925
v -0.0285573593 -0.0145604121 0.202772174
v 0.0285188732 -0.0145604121 0.202772166
v 0.0285188565 0.0583232348 0.0919246925
v 0.0285188586 -0.0896243262 0.106307115
v 0.0285188695 -0.0204195785 0.177904601
v 0.0285188378 0.0583232348 -0.0320808338
v 0.0285188742 -0.0562877315 0.208963598
v 0.0285188614 -0.114265669 0.124626185
v 0.0285188549 -0.114265669 0.0815368547
v 0.0285188732 -0.0145604121 0.202772166
v 0.0285188378 0.0583232348 -0.0320808338
v -0.0285573739 -0.0896243262 0.106307123
v 0.0285188586 -0.0896243262 0.106307115
v -0.0285573948 0.0583232348 -0.0320808251
v 0.0285188549 -0.114265669 0.0815368547
v -0.0285573776 -0.114265669 0.0815368633
v -0.0285573948 0.0583232348 -0.0320808251
v -0.028557363 -0.0204195785 0.17790461
v -0.0285573739 -0.0896243262 0.106307123
v -0.028557376 0.0583232348 0.0919247012
v -0.0285573711 -0.114265669 0.124626193
v -0.0285573584 -0.0562877315 0.208963607
v -0.0285573776 -0.114265669 0.0815368633
v -0.0285573593 -0.0145604121 0.202772174
v -0.0285573584 -0.0562877315 0.208963607
v 0.0285188614 -0.114265669 0.124626185
v -0.0285573711 -0.114265669 0.124626193
v 0.0285188742 -0.0562877315 0.208963598
v -0.0285573776 -0.114265669 0.0815368633
v 0.0285188549 -0.114265669 0.0815368547
v 0.0285188732 -0.0145604121 0.202772166
v -0.0285573593 -0.0145604121 0.202772174
v 0.0184636796 -0.015418652 0.0428432195
v 0.0123947556 -0.0395797896 -0.000268029366
v 0.0123947651 -0.0395797896 0.0624126472
v 0.0184636731 -0.015418652 -0.000268030283
v 0.0123947533 -0.0326750982 -0.0155479483
v 0.0123947515 -0.015418652 -0.0276397488
v 0.0123947455 0.041475628 -0.0675062857
v 0.0184636668 0.041475628 -0.0420628072
v -0.0185022205 -0.015418652 -0.0002680098
v -0.0124332959 -0.0395797896 0.062412651
v -0.0124333054 -0.0395797896 -0.000268010716
v -0.018502214 -0.015418652 0.0428432549
v -0.0124333077 -0.0326750982 -0.0155479445
v -0.0124333095 -0.015418652 -0.0276397451
v -0.0185022361 0.041475628 -0.0420627718
v -0.0124333155 0.041475628 -0.067506282
v -0.0124332959 -0.0395797896 0.062412651
v 0.0123947556 -0.0395797896 -0.000268029366
v -0.0124333054 -0.0395797896 -0.000268010716
v 0.0123947651 -0.0395797896 0.0624126472
v -0.0124333077 -0.0326750982 -0.0155479445
v 0.0123947533 -0.0326750982 -0.0155479483
v 0.0123947515 -0.015418652 -0.0276397488
v -0.0124333095 -0.015418652 -0.0276397451
v -0.0124333155 0.041475628 -0.067506282
v 0.0123947455 0.041475628 -0.0675062857
v -0.0185022205 -0.015418652 -0.0002680098
v 0.0184636796 -0.015418652 0.0428432195
v -0.018502214 -0.015418652 0.0428432549
v 0.0184636731 -0.015418652 -0.000268030283
v 0.0184636668 0.041475628 -0.0420628072
v -0.0185022361 0.041475628 -0.0420627718
v -1.92073046e-05 0.0214866665 0.445593148
v -0.0766004321 0.0938605187 0.44559316
v -1.92073046e-05 0.0938605187 0.445593148
v -0.0766004321 0.0214866665 0.44559316
v -0.0766004276 0.190754991 0.475408893
v -1.92028025e-05 0.190754991 0.475408882
v -0.0766004316 0.273189676 0.448731523
v -1.92068307e-05 0.273189676 0.448731512
v -1.92068307e-05 0.273189676 0.448731512
v -0.103690824 0.304341864 0.308084593
v -1.92280678e-05 0.304341864 0.308084577
v -0.0766004316 0.273189676 0.448731523
v -0.0540857927 0.258176487 0.260437854
v -1.92352623e-05 0.258176487 0.260437846
v -0.0540858093 0.258176487 0.150188245
v -1.92519095e-05 0.258176487 0.150188237
v -0.0766004601 0.240700853 0.260438036
v -0.0540858326 0.313405496 -0.00407647301
v -1.92752028e-05 0.313405496 -0.00407648117
v -0.0766004321 0.0214866665 0.44559316
v -0.103690824 -0.0325609255 0.308084533
v -0.0766004321 0.0938605187 0.44559316
v -0.103690824 0.304341864 0.308084593
v -0.0766004276 0.190754991 0.475408893
v -0.0766004316 0.273189676 0.448731523
v -0.0766004601 0.0583232348 0.260437857
v -0.0766004601 0.0214866665 0.260437857
v -0.0766004601 0.240700853 0.260438036
v -1.92352623e-05 0.0214866665 0.260437846
v -0.103690824 -0.0325609255 0.308084533
v -1.92280678e-05 -0.0325609255 0.308084517
v -0.0766004601 0.0214866665 0.260437857
v -0.0766004321 0.0214866665 0.44559316
v -1.92073046e-05 0.0214866665 0.445593148
v -0.0766004601 0.0583232348 0.260437857
v -1.92352623e-05 0.0583232348 0.260437846
v -0.0766005 0.0583232348 -0.00407646961
v -1.92752028e-05 0.0583232348 -0.00407648117
v -0.0766004601 0.0583232348 0.260437857
v -0.0540857927 0.258176487 0.260437854
v -0.0766004767 0.240700853 0.150188249
v -0.0540858093 0.258176487 0.150188245
v -0.0766004601 0.240700853 0.260438036
v -0.0766004601 0.0583232348 0.260437857
v -0.0766005 0.240700853 -0.00407646961
v -0.0540858326 0.313405496 -0.00407647301
v -0.0766005 0.0583232348 -0.00407646961
v -0.0892462431 0.236140471 -0.542356418
v -0.0892462575 0.273717713 -0.63743432
v -0.0892462476 0.26434977 -0.57216342
v -0.0892462575 0.0214866665 -0.63743432
v -0.0892462079 0.209083271 -0.309163021
v -0.0892462079 0.0214866665 -0.309163021
v -1.93708372e-05 0.273717713 -0.637434334
v -1.93708372e-05 0.0214866665 -0.637434334
v -0.0892462575 0.273717713 -0.63743432
v -0.0892462079 0.209083271 -0.309163021
v -1.93564808e-05 0.236140471 -0.542356432
v -1.93212696e-05 0.209083271 -0.309163034
v -0.0892462431 0.236140471 -0.542356418
v -1.93609816e-05 0.26434977 -0.572163433
v -0.0892462476 0.26434977 -0.57216342
v -1.93708372e-05 0.273717713 -0.637434334
v -0.0892462575 0.273717713 -0.63743432
v -1.9334434e-05 0.149117318 -0.396347136
v -0.107933085 0.303239119 -0.369632809
v -0.107933085 0.160182756 -0.369632779
v -1.9334434e-05 0.314304602 -0.396347136
v -0.107933033 0.160182741 -0.0242641706
v -0.18693144 0.132011619 -0.155651653
v -0.186931431 0.190414113 -0.0972491522
v -0.107933048 0.0590266367 -0.125420301
v -0.186931452 0.132011634 -0.238245266
v -0.10793307 0.0590266292 -0.268476664
v -0.186931461 0.190414142 -0.296647774
v -0.107933085 0.160182756 -0.369632779
v -0.186931461 0.273007732 -0.296647774
v -0.107933085 0.303239119 -0.369632809
v -0.107933033 0.303239119 -0.0242641408
v -0.186931431 0.273007762 -0.0972491298
v -0.215846851 0.231710952 -0.196948474
v -1.9267702e-05 0.298083347 0.0363474783
v -0.109330583 0.235797566 0.0247640474
v -0.109330582 0.298083347 0.0363474948
v -1.9269451e-05 0.235797566 0.0247640309
v -0.109330584 0.341676604 0.0223567052
v -1.92698145e-05 0.341676604 0.0223566887
v -1.92734411e-05 0.0414756206 -0.00166070492
v -0.109330587 0.0414756206 -0.00166068841
v -0.109330592 0.34909935 -0.0334167467
v -1.92782361e-05 0.34909935 -0.0334167633
v -0.109330596 0.324460011 -0.0594992178
v -1.92821744e-05 0.324460011 -0.0594992343
v -0.109330582 0.298083347 0.0363474948
v -0.109330583 0.235797566 0.0247640474
v -0.109330584 0.341676604 0.0223567052
v -0.109330596 0.235797536 -0.0594992178
v -0.109330587 0.0414756206 -0.00166068841
v -0.109330596 0.0414756206 -0.0594992178
v -0.109330592 0.34909935 -0.0334167467
v -0.109330596 0.324460011 -0.0594992178
v -0.109330612 -0.00547167984 -0.166205669
v -0.109330628 -0.00547167984 -0.272912128
v -0.109330642 0.260810387 -0.361667036
v -0.109330644 0.0414756206 -0.379618584
v -0.109330655 0.23979963 -0.449496104
v -0.109330655 0.183002796 -0.449496104
v -1.92734411e-05 0.0414756206 -0.00166070492
v -0.109330596 0.0414756206 -0.0594992178
v -0.109330587 0.0414756206 -0.00166068841
v -1.92821744e-05 0.0414756206 -0.0594992343
v -1.92982867e-05 -0.00547167984 -0.166205705
v -0.109330612 -0.00547167984 -0.166205669
v -1.93143989e-05 -0.00547167984 -0.272912167
v -0.109330628 -0.00547167984 -0.272912128
v -1.93305111e-05 0.0414756206 -0.3796186
v -0.109330644 0.0414756206 -0.379618584
v -1.93410623e-05 0.183002796 -0.449496121
v -0.109330655 0.183002796 -0.449496104
v -1.93410623e-05 0.183002796 -0.449496121
v -0.109330655 0.23979963 -0.449496104
v -0.109330655 0.183002796 -0.449496104
v -1.93410623e-05 0.23979963 -0.449496121
v -0.109330642 0.260810387 -0.361667036
v -1.93278005e-05 0.260810387 -0.361667097
v -0.0412758946 0.146716889 -0.755381727
v -1.93864525e-05 0.182564866 -0.740849763
v -0.0545404852 0.159981486 -0.740849755
v -1.93886468e-05 0.163805914 -0.755381733
v -0.0583649226 0.105460387 -0.755381725
v -0.077123873 0.105460387 -0.740849752
v -0.0412759021 0.06420387 -0.755381727
v -0.0545404964 0.0509392773 -0.740849755
v -1.93886468e-05 0.0471148607 -0.755381733
v -1.93864525e-05 0.0283558932 -0.740849763
v -1.9370829e-05 0.20562188 -0.637379855
v -0.0708442398 0.176285279 -0.637379845
v -0.0708442547 0.0346354959 -0.637379845
v -1.9370829e-05 0.00529887947 -0.637379855
v -0.100180893 0.105460395 -0.63737984
v -1.93886468e-05 0.163805914 -0.755381733
v -0.0412758946 0.146716889 -0.755381727
v -1.93886468e-05 0.105460387 -0.755381733
v -0.0583649226 0.105460387 -0.755381725
v -0.0412759021 0.06420387 -0.755381727
v -1.93886468e-05 0.0471148607 -0.755381733
v 0.0660062477 0.0747331795 -0.686336498
v 0.153976026 0.142864582 -0.671252006
v 0.153976026 0.0680561815 -0.671252006
v 0.0660062477 0.136187602 -0.686336498
v 0.247675022 0.0680561815 -0.655094572
v 0.247675022 0.142864597 -0.655094572
v 0.336728708 0.0680561815 -0.587382368
v 0.336728708 0.142864597 -0.587382368
v 0.0660062477 0.136187602 -0.686336498
v 0.120582896 0.129510593 -0.776283312
v 0.153976026 0.142864582 -0.671252006
v 0.247675022 0.142864597 -0.655094572
v 0.239355176 0.129510601 -0.698396213
v 0.336728708 0.142864597 -0.587382368
v 0.333408724 0.129510601 -0.623737982
v 0.0660062477 0.136187602 -0.686336498
v 0.120582896 0.0814101738 -0.776283312
v 0.120582896 0.129510593 -0.776283312
v 0.0660062477 0.0747331795 -0.686336498
v 0.239355176 0.129510601 -0.698396213
v 0.239355176 0.0814101738 -0.698396213
v 0.333408724 0.129510601 -0.623737982
v 0.333408724 0.0814101738 -0.623737982
v 0.336728708 0.0680561815 -0.587382368
v 0.336728708 0.142864597 -0.587382368
v 0.0660062477 0.0747331795 -0.686336498
v 0.153976026 0.0680561815 -0.671252006
v 0.120582896 0.0814101738 -0.776283312
v 0.239355176 0.0814101738 -0.698396213
v 0.247675022 0.0680561815 -0.655094572
v 0.333408724 0.0814101738 -0.623737982
v 0.336728708 0.0680561815 -0.587382368
v 0.0307078388 0.171486017 -0.686336492
v -0.0374235779 0.259455812 -0.671251977
v 0.0373848297 0.259455812 -0.671251988
v -0.0307465859 0.171486017 -0.686336483
v 0.0373848321 0.35315479 -0.65509454
v -0.0374235754 0.35315479 -0.655094529
v 0.0373848424 0.442208451 -0.587382323
v -0.0374235652 0.442208451 -0.587382311
v -0.0307465859 0.171486017 -0.686336483
v -0.0240696015 0.226062667 -0.776283291
v -0.0374235779 0.259455812 -0.671251977
v -0.0374235754 0.35315479 -0.655094529
v -0.0240695897 0.344834935 -0.698396173
v -0.0374235652 0.442208451 -0.587382311
v -0.0240695784 0.438888472 -0.623737928
v -0.0307465859 0.171486017 -0.686336483
v 0.0240308272 0.226062667 -0.776283298
v -0.0240696015 0.226062667 -0.776283291
v 0.0307078388 0.171486017 -0.686336492
v -0.0240695897 0.344834935 -0.698396173
v 0.0240308389 0.344834935 -0.69839618
v -0.0240695784 0.438888472 -0.623737928
v 0.0240308502 0.438888472 -0.623737935
v 0.0373848424 0.442208451 -0.587382323
v -0.0374235652 0.442208451 -0.587382311
v 0.0307078388 0.171486017 -0.686336492
v 0.0373848297 0.259455812 -0.671251988
v 0.0240308272 0.226062667 -0.776283298
v 0.0240308389 0.344834935 -0.69839618
v 0.0373848321 0.35315479 -0.65509454
v 0.0240308502 0.438888472 -0.623737935
v 0.0373848424 0.442208451 -0.587382323
v -0.0660450079 0.136187602 -0.686336478
v -0.154014793 0.068056189 -0.67125196
v -0.154014793 0.142864597 -0.67125196
v -0.0660450079 0.0747331795 -0.686336478
v -0.247713769 0.142864597 -0.655094497
v -0.247713769 0.0680561815 -0.655094497
v -0.336767449 0.142864597 -0.587382266
v -0.336767449 0.0680561815 -0.587382266
v -0.0660450079 0.0747331795 -0.686336478
v -0.120621679 0.0814101813 -0.776283276
v -0.154014793 0.068056189 -0.67125196
v -0.247713769 0.0680561815 -0.655094497
v -0.239393936 0.0814101738 -0.69839614
v -0.336767449 0.0680561815 -0.587382266
v -0.333447476 0.0814101738 -0.623737881
v -0.0660450079 0.0747331795 -0.686336478
v -0.120621679 0.129510601 -0.776283276
v -0.120621679 0.0814101813 -0.776283276
v -0.0660450079 0.136187602 -0.686336478
v -0.239393936 0.0814101738 -0.69839614
v -0.239393936 0.129510601 -0.69839614
v -0.333447476 0.0814101738 -0.623737881
v -0.333447476 0.129510601 -0.623737881
v -0.336767449 0.142864597 -0.587382266
v -0.336767449 0.0680561815 -0.587382266
v -0.0660450079 0.136187602 -0.686336478
v -0.154014793 0.142864597 -0.67125196
v -0.120621679 0.129510601 -0.776283276
v -0.239393936 0.129510601 -0.69839614
v -0.247713769 0.142864597 -0.655094497
v -0.333447476 0.129510601 -0.623737881
v -0.336767449 0.142864597 -0.587382266
v -0.0307465859 0.0394347576 -0.686336483
v 0.0373848297 -0.0485350299 -0.671251988
v -0.0374235779 -0.0485350299 -0.671251977
v 0.0307078294 0.0394347576 -0.686336492
v -0.0374235754 -0.142234016 -0.655094529
v 0.0373848321 -0.142234016 -0.65509454
v -0.0374235652 -0.231287676 -0.587382311
v 0.0373848424 -0.231287676 -0.587382323
v 0.0307078294 0.0394347576 -0.686336492
v 0.0240308179 -0.0151419002 -0.776283298
v 0.0373848297 -0.0485350299 -0.671251988
v 0.0373848321 -0.142234016 -0.65509454
v 0.0240308296 -0.133914161 -0.69839618
v 0.0373848424 -0.231287676 -0.587382323
v 0.0240308409 -0.227967698 -0.623737935
v 0.0307078294 0.0394347576 -0.686336492
v -0.0240696015 -0.0151419002 -0.776283291
v 0.0240308179 -0.0151419002 -0.776283298
v -0.0307465859 0.0394347576 -0.686336483
v 0.0240308296 -0.133914161 -0.69839618
v -0.0240695897 -0.133914161 -0.698396173
v 0.0240308409 -0.227967698 -0.623737935
v -0.0240695784 -0.227967698 -0.623737928
v -0.0374235652 -0.231287676 -0.587382311
v 0.0373848424 -0.231287676 -0.587382323
v -0.0307465859 0.0394347576 -0.686336483
v -0.0374235779 -0.0485350299 -0.671251977
v -0.0240696015 -0.0151419002 -0.776283291
v -0.0240695897 -0.133914161 -0.698396173
v -0.0374235754 -0.142234016 -0.655094529
v -0.0240695784 -0.227967698 -0.623737928
v -0.0374235652 -0.231287676 -0.587382311
v 0.128132493 0.386265886 -0.392983203
v 0.19056171 0.403786283 -0.311228677
v 0.114772244 0.407969188 -0.355392101
v 0.218603784 0.376771074 -0.333852235
v 0.128132493 0.342859369 -0.392983203
v 0.218689391 0.33346529 -0.334052894
v 0.162648068 0.365842771 -0.288906003
v 0.10141201 0.364562613 -0.31780097
v 0.00509963986 0.386265886 -0.392983184
v 0.00509964554 0.407969188 -0.355392085
v 0.00509963986 0.342859369 -0.392983184
v 0.00509965121 0.364562613 -0.317800955
v 0.200793669 0.398720276 -0.29574363
v 0.230043662 0.371520441 -0.315694591
v 0.228612435 0.328694921 -0.315418472
v 0.169396776 0.361681801 -0.27537841
v 0.208075277 0.384046387 -0.252138319
v 0.239529558 0.35631175 -0.241649292
v 0.202274347 0.377039683 -0.233308607
v 0.228903066 0.347399634 -0.221947019
v 0.234222614 0.314877373 -0.241054638
v 0.22210164 0.306971115 -0.224331502
v 0.165443398 0.346036982 -0.248246896
v 0.168660497 0.349629473 -0.261735346
v 0.156560617 0.362108749 -0.18509061
v 0.162635346 0.324545634 -0.164579521
v 0.157666507 0.287374299 -0.182989539
v 0.143032635 0.343914818 -0.233216702
v 0.114772244 0.321156126 -0.355392101
v 0.218689391 0.33346529 -0.334052894
v 0.128132493 0.342859369 -0.392983203
v 0.190732939 0.317174685 -0.311629935
v 0.10141201 0.364562613 -0.31780097
v 0.162648068 0.365842771 -0.288906003
v 0.00509964554 0.321156126 -0.355392085
v 0.00509963986 0.342859369 -0.392983184
v 0.00509965121 0.364562613 -0.317800955
v 0.228612435 0.328694921 -0.315418472
v 0.197931171 0.313069236 -0.295191333
v 0.169396776 0.361681801 -0.27537841
v 0.234222614 0.314877373 -0.241054638
v 0.197461359 0.301177662 -0.250949003
v 0.22210164 0.306971115 -0.224331502
v 0.188671419 0.296182674 -0.238077572
v 0.168660497 0.349629473 -0.261735346
v 0.165443398 0.346036982 -0.248246896
v 0.157666507 0.287374299 -0.182989539
v 0.146622922 0.287766111 -0.221910611
v 0.143032635 0.343914818 -0.233216702
v -0.117933221 0.386265886 -0.392983166
v -0.180362421 0.403786283 -0.311228621
v -0.208404502 0.376771074 -0.333852171
v -0.104572961 0.407969188 -0.355392068
v -0.117933221 0.342859369 -0.392983166
v -0.208490094 0.33346529 -0.33405283
v -0.152448757 0.365842771 -0.288905955
v -0.0912127154 0.364562613 -0.317800941
v 0.00509963986 0.386265886 -0.392983184
v 0.00509964554 0.407969188 -0.355392085
v 0.00509963986 0.342859369 -0.392983184
v 0.00509965121 0.364562613 -0.317800955
v -0.19059436 0.398720276 -0.295743571
v -0.219844374 0.371520441 -0.315694523
v -0.218413147 0.328694921 -0.315418404
v -0.159197461 0.361681801 -0.27537836
v -0.197875955 0.384046387 -0.252138257
v -0.229330233 0.35631175 -0.241649221
v -0.192075034 0.377039683 -0.233308547
v -0.21870375 0.347399634 -0.221946952
v -0.224023304 0.314877373 -0.241054568
v -0.211902309 0.306971115 -0.224331437
v -0.15524409 0.346036982 -0.248246848
v -0.158461193 0.349629473 -0.261735296
v -0.146361289 0.362108749 -0.185090565
v -0.152436013 0.324545634 -0.164579473
v -0.147467164 0.287374299 -0.182989493
v -0.132833307 0.343914818 -0.233216661
v -0.104572961 0.321156126 -0.355392068
v -0.208490094 0.33346529 -0.33405283
v -0.18053365 0.317174685 -0.311629879
v -0.117933221 0.342859369 -0.392983166
v -0.0912127154 0.364562613 -0.317800941
v -0.152448757 0.365842771 -0.288905955
v 0.00509964554 0.321156126 -0.355392085
v 0.00509963986 0.342859369 -0.392983184
v 0.00509965121 0.364562613 -0.317800955
v -0.218413147 0.328694921 -0.315418404
v -0.187731862 0.313069236 -0.295191275
v -0.159197461 0.361681801 -0.27537836
v -0.224023304 0.314877373 -0.241054568
v -0.187262036 0.301177662 -0.250948945
v -0.211902309 0.306971115 -0.224331437
v -0.178472093 0.296182674 -0.238077517
v -0.158461193 0.349629473 -0.261735296
v -0.15524409 0.346036982 -0.248246848
v -0.147467164 0.287374299 -0.182989493
v -0.136423606 0.287766111 -0.221910568
v -0.132833307 0.343914818 -0.233216661
v 0.315908108 0.120817397 0.321986538
v 0.240879273 0.179122743 0.332027846
v 0.276491791 0.158826668 0.293628919
v 0.272894364 0.142422285 0.36978935
v 0.305350129 0.0605133888 0.321880682
v 0.262393843 0.0821084161 0.369642188
v 0.255760312 0.0381500539 0.293661824
v 0.220174512 0.058480144 0.332027908
v 0.316441565 0.0950806555 0.290287357
v 0.284524318 0.121806007 0.273951368
v 0.26981115 0.0368040023 0.27422275
v 0.308948993 0.0518036638 0.290421826
v 0.195271144 0.194194105 0.36037159
v 0.203852194 0.161548432 0.408940433
v 0.193381356 0.101229471 0.408761502
v 0.17445595 0.0736035262 0.360339883
v 0.159577575 0.206612763 0.369688576
v 0.159465392 0.175479334 0.421671396
v 0.148991187 0.115160954 0.421488709
v 0.138691109 0.0860547242 0.369652339
v 0.129465478 0.221089643 0.409558723
v 0.132433292 0.231511366 0.372083137
v 0.0860025527 0.224019003 0.405689018
v 0.125570825 0.193968993 0.437506209
v 0.0804204775 0.200851482 0.432350176
v 0.0924684372 0.235580873 0.372471944
v 0.0782409899 0.165937853 0.438813942
v 0.121764869 0.156248939 0.446951162
v 0.11900746 0.118463163 0.437275838
v 0.118167455 0.0912427609 0.409397256
v 0.0827525349 0.107706208 0.405515926
v 0.0784901885 0.130979162 0.432128745
v 0.0885455799 0.0959787225 0.372381644
v 0.11929882 0.0806322848 0.372031998
v 0.276491791 0.158826668 0.293628919
v 0.198885217 0.155122903 0.294698536
v 0.227176319 0.136045594 0.265623624
v 0.240879273 0.179122743 0.332027846
v 0.188664675 0.0947583658 0.294835688
v 0.21697254 0.0756772985 0.265743193
v 0.220174512 0.058480144 0.332027908
v 0.255760312 0.0381500539 0.293661824
v 0.259769196 0.104791929 0.257874092
v 0.252279038 0.0615077471 0.258010111
v 0.176399427 0.166258287 0.314318004
v 0.195271144 0.194194105 0.36037159
v 0.166035879 0.10591903 0.31447113
v 0.17445595 0.0736035262 0.360339883
v 0.138691109 0.0860547242 0.369652339
v 0.138836522 0.116900217 0.320409724
v 0.149268914 0.177227226 0.320246465
v 0.159577575 0.206612763 0.369688576
v 0.133537254 0.220742207 0.334896514
v 0.132669868 0.193363261 0.307334552
v 0.0982248253 0.223716107 0.339517608
v 0.102432276 0.20030601 0.313178315
v 0.0924684372 0.235580873 0.372471944
v 0.132433292 0.231511366 0.372083137
v 0.129895389 0.15555447 0.297880421
v 0.126083763 0.117858094 0.307546328
v 0.102644743 0.165332687 0.306689813
v 0.100428539 0.130434771 0.313350334
v 0.122226192 0.0908957091 0.334988724
v 0.11929882 0.0806322848 0.372031998
v 0.0949340231 0.107403923 0.339563027
v 0.0885455799 0.0959787225 0.372381644
v 0.284524318 0.121806007 0.273951368
v 0.227176319 0.136045594 0.265623624
v 0.259769196 0.104791929 0.257874092
v 0.276491791 0.158826668 0.293628919
v 0.252279038 0.0615077471 0.258010111
v 0.255760312 0.0381500539 0.293661824
v 0.26981115 0.0368040023 0.27422275
v 0.21697254 0.0756772985 0.265743193
v 0.33620537 0.0129452017 0.141160765
v 0.349261959 0.0366029856 0.225108839
v 0.37666697 0.0266037029 0.141160759
v 0.310367305 0.0227382896 0.22062431
v 0.356331517 0.0775992838 0.225020206
v 0.383755512 0.0678434935 0.141160758
v 0.324235368 0.103215244 0.220447521
v 0.350084401 0.0938127083 0.141160763
v 0.302884853 0.0393183795 0.14116077
v 0.310367305 0.0227382896 0.22062431
v 0.33620537 0.0129452017 0.141160765
v 0.278609532 0.0487327618 0.216086643
v 0.309945292 0.0804456663 0.141160769
v 0.285667884 0.0896950928 0.215997951
v 0.350084401 0.0938127083 0.141160763
v 0.324235368 0.103215244 0.220447521
v 0.346886002 0.121767868 -0.142932863
v 0.325038103 0.14509542 -0.116763917
v 0.305499814 0.174748462 -0.148274736
v 0.323127346 0.146014635 -0.188419328
v 0.339953297 0.0815056455 -0.142909578
v 0.314416604 0.0956325163 -0.188231777
v 0.311544803 0.0664805961 -0.116762581
v 0.288190328 0.0738931676 -0.148273489
v 0.248969933 0.206197929 -0.162792393
v 0.254179521 0.181216579 -0.206362323
v 0.235648384 0.10949852 -0.162791247
v 0.245861797 0.132904727 -0.206177499
v 0.207214833 0.2299187 -0.191396108
v 0.194212378 0.154132475 -0.191296521
v 0.203896758 0.191612509 -0.214066835
v 0.204979692 0.235843581 -0.168627044
v 0.206716357 0.213425916 -0.207725579
v 0.199282123 0.170066964 -0.207555581
v 0.190087055 0.149067905 -0.168626039
v 0.325038103 0.14509542 -0.116763917
v 0.296812089 0.130173427 -0.0907836114
v 0.279400466 0.153494683 -0.10824727
v 0.305499814 0.174748462 -0.148274736
v 0.270669876 0.103044037 -0.108192232
v 0.289965363 0.0903174621 -0.0907770091
v 0.288190328 0.0738931676 -0.148273489
v 0.311544803 0.0664805961 -0.116762581
v 0.248969933 0.206197929 -0.162792393
v 0.242106688 0.183265161 -0.11936824
v 0.233792302 0.134883758 -0.119289717
v 0.235648384 0.10949852 -0.162791247
v 0.191279944 0.193717357 -0.12319532
v 0.187887408 0.155169707 -0.145891002
v 0.200922974 0.230986279 -0.14593012
v 0.204979692 0.235843581 -0.168627044
v 0.195912446 0.215259117 -0.129654676
v 0.190087055 0.149067905 -0.168626039
v 0.188421409 0.171848011 -0.129588499
v 0.138871684 0.328920465 -0.300547763
v 0.160023472 0.375524533 -0.25464149
v 0.130936002 0.375943047 -0.263247573
v 0.160506087 0.341411096 -0.283335599
v 0.160023496 0.375524533 -0.197253268
v 0.130936013 0.375943047 -0.188647186
v 0.203899388 0.341411096 -0.168559169
v 0.182264991 0.328920465 -0.151347002
v 0.212931976 0.298369926 -0.197253286
v 0.198750661 0.272970167 -0.1886472
v 0.203862882 0.298369926 -0.254641497
v 0.18968158 0.272970167 -0.263247571
v 0.160506087 0.341411096 -0.283335599
v 0.212931976 0.298369926 -0.197253286
v 0.203899388 0.341411096 -0.168559169
v 0.203862882 0.298369926 -0.254641497
v 0.160023496 0.375524533 -0.197253268
v 0.160023472 0.375524533 -0.25464149
v -0.128672377 0.328920465 -0.300547722
v -0.149824151 0.375524533 -0.254641444
v -0.150306774 0.341411096 -0.283335552
v -0.120736683 0.375943047 -0.263247535
v -0.149824157 0.375524533 -0.197253222
v -0.120736672 0.375943047 -0.188647148
v -0.193700041 0.341411096 -0.168559109
v -0.172065638 0.328920465 -0.151346948
v -0.202732637 0.298369926 -0.197253223
v -0.18855132 0.272970167 -0.188647141
v -0.193663561 0.298369926 -0.254641437
v -0.179482246 0.272970167 -0.263247515
v -0.150306774 0.341411096 -0.283335552
v -0.202732637 0.298369926 -0.197253223
v -0.193663561 0.298369926 -0.254641437
v -0.193700041 0.341411096 -0.168559109
v -0.149824157 0.375524533 -0.197253222
v -0.149824151 0.375524533 -0.254641444
v 0.107894424 0.303239119 -0.369632842
v 0.132364365 0.312449616 -0.182587826
v -1.9334434e-05 0.314304602 -0.396347136
v -1.9334434e-05 0.314304602 -0.396347136
v 0.132364365 0.312449616 -0.182587826
v 0.00509969121 0.316346359 -0.0513787429
v 0.00509969121 0.316346359 -0.0513787429
v 0.132364365 0.312449616 -0.182587826
v 0.107894484 0.303239119 -0.0242641585
v 0.186892822 0.273007732 -0.296647831
v 0.132364365 0.312449616 -0.182587826
v 0.107894424 0.303239119 -0.369632842
v 0.107894484 0.303239119 -0.0242641585
v 0.132364365 0.312449616 -0.182587826
v 0.186892852 0.273007762 -0.0972491863
v 0.215808243 0.231710952 -0.196948539
v 0.132364365 0.312449616 -0.182587826
v 0.186892822 0.273007732 -0.296647831
v 0.186892852 0.273007762 -0.0972491863
v 0.132364365 0.312449616 -0.182587826
v 0.215808243 0.231710952 -0.196948539
v -0.0976951382 0.303239119 -0.369632811
v -1.9334434e-05 0.314304602 -0.396347136
v -0.122165022 0.312449616 -0.182587788
v -1.9334434e-05 0.314304602 -0.396347136
v 0.00509969121 0.316346359 -0.0513787429
v -0.122165022 0.312449616 -0.182587788
v 0.00509969121 0.316346359 -0.0513787429
v -0.097695086 0.303239119 -0.0242641424
v -0.122165022 0.312449616 -0.182587788
v -0.176693514 0.273007732 -0.296647776
v -0.0976951382 0.303239119 -0.369632811
v -0.122165022 0.312449616 -0.182587788
v -0.097695086 0.303239119 -0.0242641424
v -0.176693484 0.273007762 -0.0972491314
v -0.122165022 0.312449616 -0.182587788
v -0.205608904 0.231710952 -0.196948475
v -0.176693514 0.273007732 -0.296647776
v -0.122165022 0.312449616 -0.182587788
v -0.176693484 0.273007762 -0.0972491314
v -0.205608904 0.231710952 -0.196948475
v -0.122165022 0.312449616 -0.182587788
v -1.92821744e-05 0.324460011 -0.0594992343
v 0.109292029 0.29534046 -0.0594992508
v 0.109292029 0.324460011 -0.0594992508
v -1.92821744e-05 0.29534046 -0.0594992343
v -0.109330596 0.324460011 -0.0594992178
v -0.109330596 0.29534046 -0.0594992178
v -0.00972630616 0.437945437 -0.282373613
v -1.93351389e-05 0.320380312 -0.401015207
v -1.93172245e-05 0.437945437 -0.282373615
v -0.00972632314 0.320380312 -0.401015206
v -0.00972627943 0.437945407 -0.111523381
v -1.92914268e-05 0.437945407 -0.111523383
v -0.00972626151 0.320380282 0.00711825606
v -1.92735125e-05 0.320380282 0.00711825459
v 0.00968765286 0.320380312 -0.401015209
v 0.00968767228 0.428706628 -0.278546782
v 0.00968767171 0.437945407 -0.282373616
v 0.00968765393 0.313309234 -0.393944146
v 0.00968769599 0.428706628 -0.115350218
v 0.00968769657 0.437945437 -0.111523384
v 0.00968771342 0.313309204 4.71902062e-05
v 0.00968771449 0.320380282 0.00711825313
v -0.00972632314 0.320380312 -0.401015206
v -1.93340712e-05 0.313309234 -0.393944145
v -1.93351389e-05 0.320380312 -0.401015207
v -0.00972632207 0.313309234 -0.393944143
v 0.00968765393 0.313309234 -0.393944146
v 0.00968765286 0.320380312 -0.401015209
v -0.00972630616 0.437945437 -0.282373613
v -0.00972632207 0.313309234 -0.393944143
v -0.00972632314 0.320380312 -0.401015206
v -0.00972630558 0.428706628 -0.278546779
v -0.00972627943 0.437945407 -0.111523381
v -0.00972628 0.428706628 -0.115350215
v -0.00972626151 0.320380282 0.00711825606
v -0.00972626258 0.313309204 4.71931376e-05
v -1.93172245e-05 0.437945437 -0.282373615
v 0.00968765286 0.320380312 -0.401015209
v 0.00968767171 0.437945407 -0.282373616
v -1.93351389e-05 0.320380312 -0.401015207
v -1.92914268e-05 0.437945407 -0.111523383
v 0.00968769657 0.437945437 -0.111523384
v -1.92735125e-05 0.320380282 0.00711825459
v 0.00968771449 0.320380282 0.00711825313
vt 0.00234399992 0.783079028
vt 0.0453849994 0.823755026
vt 0.0453849994 0.783079028
vt 0.00234299991 0.823755026
vt 0.0453849994 0.875739992
vt 0.00234399992 0.875739992
vt 0.0453849994 0.921263993
vt 0.00234399992 0.921263993
vt 0.00193699996 0.998670995
vt 0.0955599993 0.931293011
vt 0.00193699996 0.948899984
vt 0.0955609977 0.998670995
vt 0.138677999 0.963531971
vt 0.138677999 0.998669982
vt 0.210329995 0.963531017
vt 0.210329995 0.998669982
vt 0.147725001 0.947368979
vt 0.316821009 0.963531017
vt 0.316821009 0.998669982
vt 0.0661849976 0.78233701
vt 0.0661849976 0.822245002
vt 0.143468007 0.752533019
vt 0.143468007 0.938310027
vt 0.0499560013 0.875739992
vt 0.0644569993 0.921263993
vt 0.173691005 0.802649021
vt 0.173691005 0.78233701
vt 0.173691005 0.903216004
vt 0.120972 0.00172900001
vt 0.0821349993 0.0595440008
vt 0.120972 0.0449410006
vt 0.0821349993 0.00172900001
vt 0.00249499991 0.0449410006
vt 0.00249499991 0.00172900001
vt 0.140827999 0.0449410006
vt 0.140827999 0.00172900001
vt 0.283408999 0.044941999
vt 0.140827999 0.0449410006
vt 0.283408999 0.00172900001
vt 0.181006998 0.901988983
vt 0.252166986 0.883593023
vt 0.181006998 0.883593023
vt 0.252166986 0.901988029
vt 0.181006998 0.765878975
vt 0.353370011 0.883593023
vt 0.353370011 0.932690024
vt 0.353370011 0.765878975
vt 0.875005007 0.908667982
vt 0.936765015 0.931286991
vt 0.936765015 0.769235015
vt 0.894546986 0.926321983
vt 0.719816029 0.892419994
vt 0.719816029 0.769235015
vt 0.998363972 0.931286991
vt 0.936765015 0.931286991
vt 0.998363972 0.769235015
vt 0.775550008 0.935827971
vt 0.928933024 0.99901998
vt 0.928933024 0.935827971
vt 0.775550008 0.99901998
vt 0.955747008 0.99901998
vt 0.955747008 0.935827971
vt 0.99883002 0.99901998
vt 0.99883002 0.935827971
vt 0.470014006 0.648926973
vt 0.352189988 0.570662975
vt 0.355051994 0.648926973
vt 0.460036993 0.570662975
vt 0.0440640002 0.368423015
vt 0.153560996 0.345073014
vt 0.128452003 0.284296989
vt 0.104902998 0.393642992
vt 0.222313002 0.345135987
vt 0.247532994 0.284296989
vt 0.270882994 0.393795013
vt 0.331658989 0.368685991
vt 0.270819992 0.462545991
vt 0.331658989 0.487765998
vt 0.0440640002 0.487504005
vt 0.104840003 0.462395012
vt 0.187860996 0.428095013
vt 0.119323 0.65347898
vt 0.173527002 0.750572026
vt 0.173527002 0.65347898
vt 0.119323 0.750572026
vt 0.0801519975 0.750572026
vt 0.0801519975 0.65347898
vt 0.341313004 0.65347898
vt 0.341313004 0.750572026
vt 0.0320140012 0.750572026
vt 0.0320140012 0.65347898
vt 0.00452899979 0.750572026
vt 0.00452899979 0.65347898
vt 0.354795009 0.951375008
vt 0.364367992 0.98120302
vt 0.362720013 0.908756971
vt 0.420376003 0.908756971
vt 0.380800992 0.775797009
vt 0.420376003 0.775797009
vt 0.402529001 0.986281991
vt 0.420376003 0.973448992
vt 0.493387014 0.74367398
vt 0.566398978 0.74367398
vt 0.639410019 0.925872028
vt 0.639410019 0.775797009
vt 0.687223017 0.911495984
vt 0.687223017 0.872633994
vt 0.586003006 0.0535629988
vt 0.553238988 0.00172900001
vt 0.553238988 0.0535629988
vt 0.586003006 0.00172900001
vt 0.492792994 0.0535629988
vt 0.492792994 0.00172900001
vt 0.432345986 0.0535629988
vt 0.432345986 0.00172900001
vt 0.371899992 0.0535629988
vt 0.371899992 0.00172900001
vt 0.291729003 0.0535629988
vt 0.291729003 0.00172900001
vt 0.461932003 0.750572026
vt 0.429758012 0.65347898
vt 0.429758012 0.750572026
vt 0.461932003 0.65347898
vt 0.352494001 0.65347898
vt 0.352494001 0.750572026
vt 0.594576001 0.168092996
vt 0.661181986 0.0707639977
vt 0.594576001 0.0707639977
vt 0.661181986 0.168092996
vt 0.690880001 0.178911
vt 0.713455975 0.0751670003
vt 0.666267991 0.0983920023
vt 0.78877002 0.178911
vt 0.594576001 0.179866999
vt 0.661181986 0.0707639977
vt 0.594576001 0.0707639977
vt 0.661181986 0.179866999
vt 0.78877002 0.178911
vt 0.666267991 0.0983920023
vt 0.713455975 0.0751670003
vt 0.690880001 0.178911
vt 0.661181986 0.00321800006
vt 0.594576001 0.0507999994
vt 0.661181986 0.0507999994
vt 0.594576001 0.00321800006
vt 0.135409996 0.0667949989
vt 0.0923340023 0.113674
vt 0.135408998 0.113674
vt 0.092335999 0.0667949989
vt 0.0375269987 0.0667949989
vt 0.0375249982 0.113674
vt 0.00612699986 0.113674
vt 0.00612899987 0.0667949989
vt 0.150767997 0.113674
vt 0.150769994 0.0667949989
vt 0.237009004 0.0667949989
vt 0.237008005 0.113674
vt 0.247829005 0.113674
vt 0.247830003 0.0667949989
vt 0.997219026 0.492915988
vt 0.882063985 0.441998988
vt 0.819571018 0.483366996
vt 0.977424979 0.441998988
vt 0.833689988 0.506057024
vt 0.983735979 0.506057024
vt 0.983735979 0.506057024
vt 0.819571018 0.483366996
vt 0.997219026 0.492915988
vt 0.833689988 0.506057024
vt 0.977424979 0.441998988
vt 0.882063985 0.441998988
vt 0.995616019 0.700058997
vt 0.972061992 0.764374018
vt 0.995616019 0.764374018
vt 0.972061992 0.700058997
vt 0.995616019 0.634992003
vt 0.972061992 0.634992003
vt 0.995616019 0.571730018
vt 0.972061992 0.571730018
vt 0.995616019 0.510401011
vt 0.972061992 0.510401011
vt 0.862770975 0.764374018
vt 0.862770975 0.700058997
vt 0.862770975 0.571730018
vt 0.862770975 0.510401011
vt 0.862770975 0.634992003
vt 0.857535005 0.762670994
vt 0.857535005 0.706807971
vt 0.818033993 0.746308982
vt 0.801671982 0.706807971
vt 0.818033993 0.667307019
vt 0.857535005 0.650945008
vt 0.383621991 0.113674
vt 0.328581989 0.0667949989
vt 0.328583002 0.113674
vt 0.383621007 0.0667949989
vt 0.285921991 0.0667949989
vt 0.285921991 0.113674
vt 0.262515008 0.113674
vt 0.262515008 0.0667949989
vt 0.426598012 0.978173971
vt 0.658394992 0.929319024
vt 0.486990988 0.929319024
vt 0.658394992 0.978173971
vt 0.752475977 0.929319024
vt 0.769102991 0.978173971
vt 0.734018981 0.999270976
vt 0.693461001 0.999270976
vt 0.504085004 0.0667949989
vt 0.559123993 0.113674
vt 0.559123993 0.0667949989
vt 0.504085004 0.113674
vt 0.480318993 0.113674
vt 0.48031801 0.0667949989
vt 0.470225006 0.0667949989
vt 0.470225006 0.113674
vt 0.446458995 0.113674
vt 0.446458995 0.0667949989
vt 0.388774991 0.113674
vt 0.388774991 0.0667949989
vt 0.769102991 0.978173971
vt 0.658394992 0.929319024
vt 0.752475977 0.929319024
vt 0.658394992 0.978173971
vt 0.486990988 0.929319024
vt 0.426598012 0.978173971
vt 0.693461001 0.999270976
vt 0.734018981 0.999270976
vt 0.593517005 0.331479013
vt 0.738774002 0.257860988
vt 0.593517005 0.257860988
vt 0.75869298 0.331479013
vt 0.834604025 0.262093008
vt 0.834604025 0.276293993
vt 0.759456992 0.228568003
vt 0.782599986 0.228568003
vt 0.982190013 0.00216499995
vt 0.998166025 0.0708120018
vt 0.998166025 0.00216499995
vt 0.982190013 0.0708120018
vt 0.880999029 0.00216499995
vt 0.880999029 0.0708120018
vt 0.681721985 0.0708110034
vt 0.681721985 0.00216499995
vt 0.834604025 0.276293993
vt 0.738774002 0.257860988
vt 0.834604025 0.262093008
vt 0.75869298 0.331479013
vt 0.593517005 0.257860988
vt 0.593517005 0.331479013
vt 0.782599986 0.228568003
vt 0.759456992 0.228568003
vt 0.681721985 0.0708120018
vt 0.845129013 0.00216499995
vt 0.845129013 0.0708120018
vt 0.681721985 0.00216499995
vt 0.880999029 0.0708120018
vt 0.880999029 0.00216499995
vt 0.911503971 0.0708120018
vt 0.911503017 0.00216499995
vt 0.982190013 0.0708120018
vt 0.982190013 0.00216499995
vt 0.962562978 0.389541
vt 0.998736978 0.305294007
vt 0.962562978 0.305294007
vt 0.998736978 0.389541
vt 0.962562978 0.283277988
vt 0.998736978 0.283277988
vt 0.980234027 0.227051005
vt 0.894447029 0.115708999
vt 0.980234027 0.115708001
vt 0.894447029 0.295213014
vt 0.977863014 0.0756660029
vt 0.891256988 0.0906559974
vt 0.869642973 0.115708001
vt 0.998099029 0.105692998
vt 0.916444004 0.436141998
vt 0.954343975 0.305294007
vt 0.916444004 0.305294007
vt 0.954343975 0.436141998
vt 0.916444004 0.283277988
vt 0.954343975 0.283277988
vt 0.894447029 0.295213014
vt 0.980234027 0.115708001
vt 0.894447029 0.115708999
vt 0.980234027 0.227051005
vt 0.891256988 0.0906559974
vt 0.977863014 0.0756660029
vt 0.869642973 0.115708001
vt 0.998099029 0.105692998
vt 0.83980602 0.255935997
vt 0.889688015 0.166492
vt 0.83980602 0.166492
vt 0.889688015 0.255935997
vt 0.83980602 0.128833994
vt 0.889688015 0.128833994
vt 0.889688015 0.292802989
vt 0.83980602 0.292802989
vt 0.109258004 0.297307998
vt 0.0671890005 0.273730993
vt 0.128354996 0.273730993
vt 0.0671890005 0.297307998
vt 0.0522789992 0.280469
vt 0.040479999 0.297307998
vt 0.00157700002 0.352827013
vt 0.0264049992 0.352827013
vt 0.0671259984 0.297307998
vt 0.128290996 0.273730993
vt 0.0671259984 0.273730993
vt 0.109195001 0.297307998
vt 0.0522160009 0.280656993
vt 0.0404159985 0.297307998
vt 0.0263420008 0.352827013
vt 0.001514 0.352827013
vt 0.00444999989 0.505129993
vt 0.0254050009 0.455650002
vt 0.00444999989 0.455760986
vt 0.0254050009 0.505129993
vt 0.00444999989 0.442553997
vt 0.0254050009 0.442553997
vt 0.0254050009 0.425846994
vt 0.00444999989 0.425846994
vt 0.00444999989 0.371129006
vt 0.0254050009 0.371129006
vt 0.00444999989 0.532966018
vt 0.0254050009 0.511862993
vt 0.00444999989 0.511862993
vt 0.0254050009 0.532966018
vt 0.0254050009 0.567520976
vt 0.00444999989 0.567520976
vt 0.00234399992 0.783079028
vt 0.0453849994 0.823755026
vt 0.00234299991 0.823755026
vt 0.0453849994 0.783079028
vt 0.0453849994 0.875739992
vt 0.00234399992 0.875739992
vt 0.0453849994 0.921263993
vt 0.00234399992 0.921263993
vt 0.00193699996 0.998670995
vt 0.0955599993 0.931293011
vt 0.0955609977 0.998670995
vt 0.00193699996 0.948899984
vt 0.138677999 0.963531971
vt 0.138677999 0.998669982
vt 0.210329995 0.963531017
vt 0.210329995 0.998669982
vt 0.147725001 0.947368979
vt 0.316821009 0.963531017
vt 0.316821009 0.998669982
vt 0.0661849976 0.78233701
vt 0.143468007 0.752533019
vt 0.0661849976 0.822245002
vt 0.143468007 0.938310027
vt 0.0499560013 0.875739992
vt 0.0644569993 0.921263993
vt 0.173691005 0.802649021
vt 0.173691005 0.78233701
vt 0.173691005 0.903216004
vt 0.120972 0.00172900001
vt 0.0821349993 0.0595440008
vt 0.0821349993 0.00172900001
vt 0.120972 0.0449410006
vt 0.00249499991 0.0449410006
vt 0.00249499991 0.00172900001
vt 0.140827999 0.0449410006
vt 0.140827999 0.00172900001
vt 0.283408999 0.044941999
vt 0.283408999 0.00172900001
vt 0.140827999 0.0449410006
vt 0.181006998 0.901988983
vt 0.252166986 0.883593023
vt 0.252166986 0.901988029
vt 0.181006998 0.883593023
vt 0.181006998 0.765878975
vt 0.353370011 0.883593023
vt 0.353370011 0.932690024
vt 0.353370011 0.765878975
vt 0.875005007 0.908667982
vt 0.936765015 0.931286991
vt 0.894546986 0.926321983
vt 0.936765015 0.769235015
vt 0.719816029 0.892419994
vt 0.719816029 0.769235015
vt 0.998363972 0.931286991
vt 0.998363972 0.769235015
vt 0.936765015 0.931286991
vt 0.775550008 0.935827971
vt 0.928933024 0.99901998
vt 0.775550008 0.99901998
vt 0.928933024 0.935827971
vt 0.955747008 0.99901998
vt 0.955747008 0.935827971
vt 0.99883002 0.99901998
vt 0.99883002 0.935827971
vt 0.470014006 0.648926973
vt 0.352189988 0.570662975
vt 0.460036993 0.570662975
vt 0.355051994 0.648926973
vt 0.0440640002 0.368423015
vt 0.153560996 0.345073014
vt 0.104902998 0.393642992
vt 0.128452003 0.284296989
vt 0.222313002 0.345135987
vt 0.247532994 0.284296989
vt 0.270882994 0.393795013
vt 0.331658989 0.368685991
vt 0.270819992 0.462545991
vt 0.331658989 0.487765998
vt 0.0440640002 0.487504005
vt 0.104840003 0.462395012
vt 0.187860996 0.428095013
vt 0.119323 0.65347898
vt 0.173527002 0.750572026
vt 0.119323 0.750572026
vt 0.173527002 0.65347898
vt 0.0801519975 0.750572026
vt 0.0801519975 0.65347898
vt 0.341313004 0.65347898
vt 0.341313004 0.750572026
vt 0.0320140012 0.750572026
vt 0.0320140012 0.65347898
vt 0.00452899979 0.750572026
vt 0.00452899979 0.65347898
vt 0.354795009 0.951375008
vt 0.362720013 0.908756971
vt 0.364367992 0.98120302
vt 0.420376003 0.908756971
vt 0.380800992 0.775797009
vt 0.420376003 0.775797009
vt 0.402529001 0.986281991
vt 0.420376003 0.973448992
vt 0.493387014 0.74367398
vt 0.566398978 0.74367398
vt 0.639410019 0.925872028
vt 0.639410019 0.775797009
vt 0.687223017 0.911495984
vt 0.687223017 0.872633994
vt 0.586003006 0.0535629988
vt 0.553238988 0.00172900001
vt 0.586003006 0.00172900001
vt 0.553238988 0.0535629988
vt 0.492792994 0.0535629988
vt 0.492792994 0.00172900001
vt 0.432345986 0.0535629988
vt 0.432345986 0.00172900001
vt 0.371899992 0.0535629988
vt 0.371899992 0.00172900001
vt 0.291729003 0.0535629988
vt 0.291729003 0.00172900001
vt 0.461932003 0.750572026
vt 0.429758012 0.65347898
vt 0.461932003 0.65347898
vt 0.429758012 0.750572026
vt 0.352494001 0.65347898
vt 0.352494001 0.750572026
vt 0.995616019 0.700058997
vt 0.972061992 0.764374018
vt 0.972061992 0.700058997
vt 0.995616019 0.764374018
vt 0.995616019 0.634992003
vt 0.972061992 0.634992003
vt 0.995616019 0.571730018
vt 0.972061992 0.571730018
vt 0.995616019 0.510401011
vt 0.972061992 0.510401011
vt 0.862770975 0.764374018
vt 0.862770975 0.700058997
vt 0.862770975 0.571730018
vt 0.862770975 0.510401011
vt 0.862770975 0.634992003
vt 0.857535005 0.762670994
vt 0.818033993 0.746308982
vt 0.857535005 0.706807971
vt 0.801671982 0.706807971
vt 0.818033993 0.667307019
vt 0.857535005 0.650945008
vt 0.336831987 0.559354007
vt 0.40982601 0.473518014
vt 0.336831987 0.473518014
vt 0.40982601 0.559354007
vt 0.336831987 0.382090986
vt 0.40982601 0.382090986
vt 0.336831987 0.295197994
vt 0.40982601 0.295197994
vt 0.495855004 0.300228
vt 0.48466 0.185839996
vt 0.588804007 0.261543989
vt 0.680993021 0.221301004
vt 0.647554994 0.185839996
vt 0.799264014 0.221301004
vt 0.775291979 0.185839996
vt 0.424854994 0.56042397
vt 0.473015994 0.469998986
vt 0.424854994 0.469998986
vt 0.473015994 0.56042397
vt 0.424854994 0.329174995
vt 0.473015994 0.329239011
vt 0.424854994 0.210115001
vt 0.473015994 0.210179001
vt 0.486304998 0.174000993
vt 0.412133008 0.173901007
vt 0.495855004 0.300226986
vt 0.588804007 0.261543989
vt 0.48466 0.185839996
vt 0.647554994 0.185839996
vt 0.680993021 0.221301004
vt 0.775291979 0.185839996
vt 0.799264014 0.221301004
vt 0.336831987 0.559354007
vt 0.40982601 0.473518014
vt 0.336831987 0.473518014
vt 0.40982601 0.559354007
vt 0.336831987 0.382090986
vt 0.40982601 0.382090986
vt 0.336831987 0.295197994
vt 0.40982601 0.295197994
vt 0.495855004 0.300228
vt 0.48466 0.185839996
vt 0.588804007 0.261543989
vt 0.680993021 0.221301004
vt 0.647554994 0.185839996
vt 0.799264014 0.221301004
vt 0.775291979 0.185839996
vt 0.424854994 0.56042397
vt 0.473015994 0.469998986
vt 0.424854994 0.469998986
vt 0.473015994 0.56042397
vt 0.424854994 0.329174995
vt 0.473015994 0.329239011
vt 0.424854994 0.210115001
vt 0.473015994 0.210179001
vt 0.486304998 0.174000993
vt 0.412133008 0.173901007
vt 0.495855004 0.300226986
vt 0.588804007 0.261543989
vt 0.48466 0.185839996
vt 0.647554994 0.185839996
vt 0.680993021 0.221301004
vt 0.775291979 0.185839996
vt 0.799264014 0.221301004
vt 0.336831987 0.559354007
vt 0.40982601 0.473518014
vt 0.336831987 0.473518014
vt 0.40982601 0.559354007
vt 0.336831987 0.382090986
vt 0.40982601 0.382090986
vt 0.336831987 0.295197994
vt 0.40982601 0.295197994
vt 0.495855004 0.300228
vt 0.48466 0.185839996
vt 0.588804007 0.261543989
vt 0.680993021 0.221301004
vt 0.647554994 0.185839996
vt 0.799264014 0.221301004
vt 0.775291979 0.185839996
vt 0.424854994 0.56042397
vt 0.473015994 0.469998986
vt 0.424854994 0.469998986
vt 0.473015994 0.56042397
vt 0.424854994 0.329174995
vt 0.473015994 0.329239011
vt 0.424854994 0.210115001
vt 0.473015994 0.210179001
vt 0.486304998 0.174000993
vt 0.412133008 0.173901007
vt 0.495855004 0.300226986
vt 0.588804007 0.261543989
vt 0.48466 0.185839996
vt 0.647554994 0.185839996
vt 0.680993021 0.221301004
vt 0.775291979 0.185839996
vt 0.799264014 0.221301004
vt 0.336831987 0.559354007
vt 0.40982601 0.473518014
vt 0.336831987 0.473518014
vt 0.40982601 0.559354007
vt 0.336831987 0.382090986
vt 0.40982601 0.382090986
vt 0.336831987 0.295197994
vt 0.40982601 0.295197994
vt 0.495855004 0.300228
vt 0.48466 0.185839996
vt 0.588804007 0.261543989
vt 0.680993021 0.221301004
vt 0.647554994 0.185839996
vt 0.799264014 0.221301004
vt 0.775291979 0.185839996
vt 0.424854994 0.56042397
vt 0.473015994 0.469998986
vt 0.424854994 0.469998986
vt 0.473015994 0.56042397
vt 0.424854994 0.329174995
vt 0.473015994 0.329239011
vt 0.424854994 0.210115001
vt 0.473015994 0.210179001
vt 0.486304998 0.174000993
vt 0.412133008 0.173901007
vt 0.495855004 0.300226986
vt 0.588804007 0.261543989
vt 0.48466 0.185839996
vt 0.647554994 0.185839996
vt 0.680993021 0.221301004
vt 0.775291979 0.185839996
vt 0.799264014 0.221301004
vt 0.292416006 0.164442003
vt 0.186698005 0.202962995
vt 0.292416006 0.202962995
vt 0.186698005 0.164442003
vt 0.292416006 0.123539001
vt 0.186698005 0.123539001
vt 0.186698005 0.270139992
vt 0.292416006 0.270139992
vt 0.404529989 0.164442003
vt 0.404529989 0.202962995
vt 0.404529989 0.123539001
vt 0.404529989 0.270139992
vt 0.160278007 0.202962995
vt 0.160278007 0.164442003
vt 0.160278007 0.123539001
vt 0.160278007 0.270139992
vt 0.0837510005 0.202962995
vt 0.0837510005 0.164442003
vt 0.0693560019 0.202962995
vt 0.0693560019 0.164442003
vt 0.0837510005 0.123539001
vt 0.0693560019 0.123539001
vt 0.0693560019 0.270139992
vt 0.0837510005 0.270139992
vt 0.00582499988 0.202962995
vt 0.00582499988 0.164442003
vt 0.00582499988 0.123539001
vt 0.00582499988 0.270139992
vt 0.292416006 0.202962995
vt 0.186698005 0.164442003
vt 0.292416006 0.164442003
vt 0.186698005 0.202962995
vt 0.292416006 0.270139992
vt 0.186698005 0.270139992
vt 0.404529989 0.202962995
vt 0.404529989 0.164442003
vt 0.404529989 0.270139992
vt 0.160278007 0.164442003
vt 0.160278007 0.202962995
vt 0.160278007 0.270139992
vt 0.0837510005 0.164442003
vt 0.0837510005 0.202962995
vt 0.0693560019 0.164442003
vt 0.0693560019 0.202962995
vt 0.0837510005 0.270139992
vt 0.0693560019 0.270139992
vt 0.00582499988 0.164442003
vt 0.00582499988 0.202962995
vt 0.00582499988 0.270139992
vt 0.292416006 0.164442003
vt 0.186698005 0.202962995
vt 0.186698005 0.164442003
vt 0.292416006 0.202962995
vt 0.292416006 0.123539001
vt 0.186698005 0.123539001
vt 0.186698005 0.270139992
vt 0.292416006 0.270139992
vt 0.404529989 0.164442003
vt 0.404529989 0.202962995
vt 0.404529989 0.123539001
vt 0.404529989 0.270139992
vt 0.160278007 0.202962995
vt 0.160278007 0.164442003
vt 0.160278007 0.123539001
vt 0.160278007 0.270139992
vt 0.0837510005 0.202962995
vt 0.0837510005 0.164442003
vt 0.0693560019 0.202962995
vt 0.0693560019 0.164442003
vt 0.0837510005 0.123539001
vt 0.0693560019 0.123539001
vt 0.0693560019 0.270139992
vt 0.0837510005 0.270139992
vt 0.00582499988 0.202962995
vt 0.00582499988 0.164442003
vt 0.00582499988 0.123539001
vt 0.00582499988 0.270139992
vt 0.292416006 0.202962995
vt 0.186698005 0.164442003
vt 0.186698005 0.202962995
vt 0.292416006 0.164442003
vt 0.292416006 0.270139992
vt 0.186698005 0.270139992
vt 0.404529989 0.202962995
vt 0.404529989 0.164442003
vt 0.404529989 0.270139992
vt 0.160278007 0.164442003
vt 0.160278007 0.202962995
vt 0.160278007 0.270139992
vt 0.0837510005 0.164442003
vt 0.0837510005 0.202962995
vt 0.0693560019 0.164442003
vt 0.0693560019 0.202962995
vt 0.0837510005 0.270139992
vt 0.0693560019 0.270139992
vt 0.00582499988 0.164442003
vt 0.00582499988 0.202962995
vt 0.00582499988 0.270139992
vt 0.611841977 0.525711
vt 0.573032022 0.568646014
vt 0.611841977 0.568646014
vt 0.573032022 0.525711
vt 0.611841977 0.482609004
vt 0.573086977 0.482574999
vt 0.611841977 0.439799011
vt 0.573141992 0.439799011
vt 0.629631996 0.525711
vt 0.629631996 0.568646014
vt 0.629631996 0.439799011
vt 0.629631996 0.482641995
vt 0.539820015 0.568646014
vt 0.539820015 0.525711
vt 0.539867997 0.482546002
vt 0.539915979 0.439799011
vt 0.519411027 0.568646014
vt 0.519411027 0.525711
vt 0.519454002 0.482528001
vt 0.519497991 0.439799011
vt 0.500985026 0.547178984
vt 0.500985026 0.568646014
vt 0.48347199 0.547178984
vt 0.500985026 0.525711
vt 0.48347199 0.525711
vt 0.48347199 0.568646014
vt 0.48347199 0.504104018
vt 0.501004994 0.504112005
vt 0.501024008 0.482511997
vt 0.501043975 0.461154997
vt 0.48347199 0.461147994
vt 0.48347199 0.482497007
vt 0.48347199 0.439799011
vt 0.501064003 0.439799011
vt 0.611841977 0.568646014
vt 0.573086977 0.525711
vt 0.611841977 0.525711
vt 0.573032022 0.568646014
vt 0.573141992 0.482574999
vt 0.611841977 0.482609004
vt 0.573141992 0.439799011
vt 0.611841977 0.439799011
vt 0.629631996 0.525802016
vt 0.629631996 0.482733011
vt 0.539867997 0.525711
vt 0.539820015 0.568646014
vt 0.539915979 0.482546002
vt 0.539915979 0.439799011
vt 0.519497991 0.439799011
vt 0.519497991 0.482528001
vt 0.519454002 0.525711
vt 0.519411027 0.568646014
vt 0.501004994 0.547178984
vt 0.501024008 0.525711
vt 0.48347199 0.547178984
vt 0.48347199 0.525711
vt 0.48347199 0.568646014
vt 0.500985026 0.568646014
vt 0.501043975 0.504112005
vt 0.501064003 0.482511997
vt 0.48347199 0.504104018
vt 0.48347199 0.482497007
vt 0.501064003 0.461156011
vt 0.501064003 0.439799011
vt 0.48347199 0.461147994
vt 0.48347199 0.439799011
vt 0.629631996 0.482733011
vt 0.611841977 0.439799011
vt 0.629631996 0.439799011
vt 0.611841977 0.482733011
vt 0.629631996 0.568646014
vt 0.611841977 0.525835991
vt 0.629631996 0.525802016
vt 0.611841977 0.568646014
vt 0.588612974 0.33614701
vt 0.519418001 0.368840009
vt 0.588612974 0.368840009
vt 0.519418001 0.33614701
vt 0.519418001 0.400793999
vt 0.588612974 0.400793999
vt 0.519418001 0.433331013
vt 0.588612974 0.433331013
vt 0.588612974 0.368840009
vt 0.519418001 0.33614701
vt 0.588612974 0.33614701
vt 0.519418001 0.368840009
vt 0.588612974 0.400793999
vt 0.519418001 0.400793999
vt 0.588612974 0.433331013
vt 0.519418001 0.433331013
vt 0.638458014 0.554113984
vt 0.638458014 0.611701012
vt 0.667943001 0.611701012
vt 0.667943001 0.554113984
vt 0.638458014 0.497945011
vt 0.667943001 0.497945011
vt 0.638458014 0.44026199
vt 0.667943001 0.44026199
vt 0.763673007 0.611701012
vt 0.763673007 0.554113984
vt 0.763673007 0.44026199
vt 0.763713002 0.497945011
vt 0.800333023 0.582907975
vt 0.800333023 0.469103992
vt 0.800333023 0.526028991
vt 0.800333023 0.611701012
vt 0.800333023 0.554113984
vt 0.800333023 0.497945011
vt 0.800333023 0.44026199
vt 0.638458014 0.611701012
vt 0.638457 0.554113984
vt 0.667943001 0.554113984
vt 0.667943001 0.611701012
vt 0.667943001 0.497945011
vt 0.638457 0.497945011
vt 0.667943001 0.44026199
vt 0.638457 0.44026199
vt 0.763674021 0.611701012
vt 0.763713002 0.554113984
vt 0.763674021 0.497945011
vt 0.763674021 0.44026199
vt 0.800333023 0.526028991
vt 0.800333023 0.469103992
vt 0.800333023 0.582907975
vt 0.800333023 0.611701012
vt 0.800333023 0.554113984
vt 0.800333023 0.44026199
vt 0.800333023 0.497945011
vt 0.624586642 0.649887621
vt 0.580692768 0.685308337
vt 0.591366589 0.704532266
vt 0.602912068 0.649887621
vt 0.538300335 0.685308337
vt 0.527626574 0.704532266
vt 0.516080976 0.649887681
vt 0.494406372 0.649887681
vt 0.538300335 0.614467144
vt 0.527626574 0.595243216
vt 0.580692768 0.614467144
vt 0.591366529 0.595243156
vt 0.602912068 0.649887621
vt 0.538300335 0.614467144
vt 0.516080976 0.649887681
vt 0.580692768 0.614467144
vt 0.538300335 0.685308337
vt 0.580692768 0.685308337
vt 0.624586642 0.649887621
vt 0.580692768 0.685308337
vt 0.602912068 0.649887621
vt 0.591366589 0.704532266
vt 0.538300335 0.685308337
vt 0.527626574 0.704532266
vt 0.516080976 0.649887681
vt 0.494406372 0.649887681
vt 0.538300335 0.614467144
vt 0.527626574 0.595243216
vt 0.580692768 0.614467144
vt 0.591366529 0.595243156
vt 0.602912068 0.649887621
vt 0.538300335 0.614467144
vt 0.580692768 0.614467144
vt 0.516080976 0.649887681
vt 0.538300335 0.685308337
vt 0.580692768 0.685308337
vt 0.293457031 0.514160156
vt 0.197753906 0.512207031
vt 0.240722656 0.561523438
vt 0.240722656 0.561523438
vt 0.197753906 0.512207031
vt 0.169921875 0.561523438
vt 0.169921875 0.561523438
vt 0.197753906 0.512207031
vt 0.116210938 0.516113281
vt 0.254394531 0.476074219
vt 0.197753906 0.512207031
vt 0.293457031 0.514160156
vt 0.116210938 0.516113281
vt 0.197753906 0.512207031
vt 0.154785156 0.477050781
vt 0.204101562 0.452636719
vt 0.197753906 0.512207031
vt 0.254394531 0.476074219
vt 0.154785156 0.477050781
vt 0.197753906 0.512207031
vt 0.204101562 0.452636719
vt 0.293457031 0.514160156
vt 0.240722656 0.561523438
vt 0.197753906 0.512207031
vt 0.240722656 0.561523438
vt 0.169921875 0.561523438
vt 0.197753906 0.512207031
vt 0.169921875 0.561523438
vt 0.116210938 0.516113281
vt 0.197753906 0.512207031
vt 0.254394531 0.476074219
vt 0.293457031 0.514160156
vt 0.197753906 0.512207031
vt 0.116210938 0.516113281
vt 0.154785156 0.477050781
vt 0.197753906 0.512207031
vt 0.204101562 0.452636719
vt 0.254394531 0.476074219
vt 0.197753906 0.512207031
vt 0.154785156 0.477050781
vt 0.204101562 0.452636719
vt 0.197753906 0.512207031
vt 0.00452899979 0.65347898
vt 0.00452899979 0.750572026
vt 0.00452899979 0.750572026
vt 0.00452899979 0.65347898
vt 0.00452899979 0.750572026
vt 0.00452899979 0.750572026
vt 0.247070312 0.588378906
vt 0.472460926 0.601231039
vt 0.247043371 0.601231039
vt 0.47265625 0.588378906
vt 0.126953125 0.588378906
vt 0.127059802 0.601231039
vt 0.00251171878 0.588378906
vt 0.00251171878 0.601231039
vt 0.47265625 0.588378906
vt 0.247070312 0.580566406
vt 0.247070312 0.588378906
vt 0.47265625 0.580566406
vt 0.126953125 0.580566406
vt 0.126953125 0.588378906
vt 0.00244140625 0.580566406
vt 0.00251171878 0.588378906
vt 0.0454101562 0.603515625
vt 0.0747070312 0.633789062
vt 0.0747070312 0.603515625
vt 0.0454101562 0.633789062
vt 0.103515625 0.633789062
vt 0.103515625 0.603515625
vt 0.247070312 0.588378906
vt 0.47265625 0.580566406
vt 0.47265625 0.588378906
vt 0.247070312 0.580566406
vt 0.126953125 0.588378906
vt 0.126953125 0.580566406
vt 0.00251171878 0.588378906
vt 0.00244140625 0.580566406
vt 0.247043371 0.601231039
vt 0.47265625 0.588378906
vt 0.247070312 0.588378906
vt 0.472460926 0.601231039
vt 0.127059802 0.601231039
vt 0.126953125 0.588378906
vt 0.00251171878 0.601231039
vt 0.00251171878 0.588378906
vn 1.50995813e-07 0 1
vn 1.49859349e-07 -0.122459278 0.992473539
vn 1.50995813e-07 0 1
vn 1.47343178e-07 -0.2186217 0.975809691
vn 1.49932586e-07 -0.118462178 0.992958565
vn 1.50388983e-07 0.0895631982 0.995981141
vn 1.436604e-07 0.307896818 0.951419755
vn 1.436604e-07 0.307896818 0.951419755
vn 3.26530153e-08 0.976337774 0.216251131
vn 0.0265231539 0.999059317 -0.0343074979
vn 3.26530154e-08 0.976337774 0.216251131
vn -2.72376255e-08 0.983595783 -0.180386628
vn 0.0483323572 0.844518901 -0.533340238
vn -2.56192949e-08 0.985501122 -0.16966891
vn 2.20145009e-08 0.989314758 0.14579544
vn 3.85099106e-08 0.966930611 0.255039593
vn 0.355761807 0.458336038 -0.814470143
vn 5.08952696e-08 0.941481696 0.337064112
vn 5.08952696e-08 0.941481696 0.337064112
vn 0.981141081 0 0.19329299
vn 0.984006516 -0.0104746691 0.177824232
vn 0.999915584 1.67455411e-17 0.0129932669
vn 0.999999317 -0.000838146405 -0.000814334015
vn 0.987436492 -0.00276495666 0.157992183
vn 0.977036664 0.0656040027 0.202720181
vn 0.869312045 2.11900758e-07 -0.494263663
vn 0.869312267 0 -0.494263273
vn 0.869311457 4.84606568e-07 -0.494264696
vn -1.31842226e-07 -0.487448865 -0.873151536
vn -2.69199246e-08 -0.983979328 -0.17828259
vn -1.33732239e-07 -0.464318064 -0.885668525
vn 2.0823728e-08 -0.990444861 0.137909307
vn 5.52352999e-08 -0.930690798 0.365806832
vn 5.52353001e-08 -0.930690798 0.365806832
vn -1.50995813e-07 0 -1
vn -1.04885294e-08 -0.997584571 -0.0694623852
vn -3.56490911e-23 -1 -2.36093242e-16
vn -3.56490911e-23 -1 -2.36093242e-16
vn -3.5649091e-23 -1 -2.36093242e-16
vn 0.613158382 0.789959998 -9.25843482e-08
vn 0.996663489 0.0816203995 -1.50492014e-07
vn 0.993714087 0.111947814 -1.50046666e-07
vn 0.857318113 0.510367834 0.0673077018
vn 1 3.53727703e-17 -1.50995813e-07
vn 0.986206252 0.162931242 0.0291657259
vn 0.949933291 0.294168622 0.105316493
vn 1 2.03117521e-17 -1.50995813e-07
vn 1 2.85679139e-17 -1.50995813e-07
vn 1 1.39260671e-17 -1.50995813e-07
vn 0.9508336 -5.52413609e-17 -0.309702222
vn 1 2.27733733e-16 -1.50995813e-07
vn 1 1.643878e-17 -1.50995813e-07
vn 1 0 -1.50995813e-07
vn -1.50995813e-07 -2.20080565e-16 -1
vn -1.50995814e-07 -4.4016113e-16 -1
vn -1.50995813e-07 0 -1
vn 1.74031405e-08 0.993335847 0.115255782
vn 2.47139404e-08 0.986514644 0.163673017
vn 4.13976182e-08 0.961682949 0.274164013
vn 1.74031404e-08 0.993335847 0.115255782
vn 7.03740443e-08 0.884749852 0.466066197
vn 4.24260459e-08 0.959715093 0.280974983
vn 2.14517106e-08 0.989856865 0.142068248
vn 2.14517107e-08 0.989856865 0.142068248
vn 0.240298844 -9.38513496e-08 -0.970698957
vn 0.240298844 -9.38513496e-08 -0.970698957
vn 0.240298718 -3.26203185e-16 -0.970698988
vn 0.24029899 -2.02221562e-07 -0.970698921
vn 0.705589787 -0.330504008 0.626825457
vn 0.819439503 -0.488022884 0.300587035
vn 0.705589717 -0.67693422 0.209530935
vn 0.819439577 -0.132537093 0.557631329
vn 0.819439442 -0.557631515 -0.132537147
vn 0.705589725 -0.626825544 -0.330503974
vn 0.819439376 -0.300587245 -0.488022968
vn 0.705589663 -0.209531125 -0.676934218
vn 0.773923668 -7.37575539e-08 -0.633278893
vn 0.678598355 -1.53017222e-07 -0.734509545
vn 0.678598532 -2.40676466e-07 0.734509382
vn 0.84802913 -1.43416593e-07 0.529949616
vn 0.990336714 -0.138683785 -1.28808879e-07
vn 1.50956799e-07 0.0227308466 0.999741621
vn 1.49366237e-07 -0.146519328 0.989207808
vn 1.49366237e-07 -0.146519328 0.989207808
vn 1.50956799e-07 0.0227308466 0.999741621
vn 1.13058436e-07 0.662850099 0.748752126
vn 6.37236126e-08 0.906585412 0.422022383
vn 1.49618794e-07 -0.134744191 0.990880418
vn 1.49618794e-07 -0.134744191 0.990880418
vn -1.07179143e-08 0.99747763 -0.0709815335
vn -5.4591764e-08 0.932354704 -0.361544887
vn -1.03690386e-07 0.726931155 -0.686710343
vn -1.03690386e-07 0.726931155 -0.686710343
vn 1 -3.6912253e-18 -1.50995813e-07
vn 1 -1.82665963e-17 -1.50995813e-07
vn 1 -1.54137833e-17 -1.50995813e-07
vn 1 1.63620732e-19 -1.50995813e-07
vn 1 -1.7220193e-17 -1.50995813e-07
vn 1 -4.10318321e-23 -1.50995813e-07
vn 1 -4.20907699e-17 -1.50995813e-07
vn 1 0 -1.50995813e-07
vn 1 2.97804883e-17 -1.50995813e-07
vn 1 4.02312993e-18 -1.50995813e-07
vn 1 -8.62826604e-18 -1.50995813e-07
vn 1 -9.94403322e-18 -1.50995813e-07
vn 1 -7.82987766e-18 -1.50995813e-07
vn 1 -1.47577793e-22 -1.50995813e-07
vn -3.62299642e-23 -1 -2.39940191e-16
vn 1.80524401e-08 -0.96162508 0.274366916
vn 4.14282533e-08 -0.961625085 0.274366902
vn -3.62299642e-23 -1 -2.39940191e-16
vn 1.85187477e-08 -0.959574718 0.281454012
vn -2.81535492e-09 -0.989416486 0.145103473
vn 7.76042971e-09 -0.989416484 -0.145103482
vn -1.37228232e-08 -0.959574709 -0.281454042
vn -7.04451841e-08 -0.769093188 -0.639136658
vn -1.20979366e-07 -0.598383167 -0.801210076
vn -1.35392121e-07 -0.442716932 -0.896661429
vn -1.35392121e-07 -0.442716932 -0.896661429
vn -1.50995813e-07 -4.88681746e-16 -1
vn -1.26456958e-07 0.546457976 -0.837486525
vn -3.14006967e-08 0.871552914 -0.490301456
vn -1.50995812e-07 -9.77363493e-16 -1
vn 1.24430594e-08 0.972558453 -0.232658668
vn 6.00166179e-08 0.972558439 -0.232658724
vn 1.44542978e-07 0.28921288 0.957264807
vn 1.44542978e-07 0.28921288 0.957264807
vn 1.44542978e-07 0.28921288 0.957264807
vn 1.44542978e-07 0.28921288 0.957264807
vn 0.996418539 -0.083478117 0.0134721538
vn 0.996418539 -0.083478117 0.0134721538
vn 0.994924869 -0.090113301 0.0447671516
vn 0.99674683 -0.0805962626 -1.50504598e-07
vn -1.22528687e-07 -0.584393022 -0.811470761
vn -1.22528687e-07 -0.584393022 -0.811470761
vn -1.22528687e-07 -0.584393022 -0.811470761
vn -1.22528687e-07 -0.584393022 -0.811470761
vn -0.996418535 -0.083478117 0.0134724547
vn -0.996418535 -0.083478117 0.0134724547
vn -0.997796375 -0.0594217846 0.029520243
vn -0.994618349 -0.103606658 1.50183206e-07
vn 6.71797896e-08 -0.895574488 0.444911605
vn 6.71797896e-08 -0.895574488 0.444911605
vn 6.71797894e-08 -0.895574488 0.444911605
vn 6.71797897e-08 -0.895574488 0.444911605
vn 1.20497446e-07 -0.602633002 0.798018461
vn 3.82779959e-08 -0.967334419 0.253503691
vn 1.20497446e-07 -0.602633002 0.798018461
vn 3.82779958e-08 -0.967334419 0.253503691
vn -6.1061676e-08 -0.91458524 -0.404393175
vn -6.1061676e-08 -0.91458524 -0.404393175
vn -1.40735534e-07 -0.362331605 -0.932049252
vn -1.40735534e-07 -0.362331605 -0.932049252
vn 2.0673352e-08 0.990583019 0.136913413
vn 2.0673352e-08 0.990583019 0.136913413
vn -1.20948641e-08 0.99678678 -0.0801006591
vn -1.20948641e-08 0.99678678 -0.0801006591
vn -1.05389688e-07 0.716132546 -0.697964309
vn -1.05389688e-07 0.716132546 -0.697964309
vn 1 -7.82269837e-17 -1.50995813e-07
vn 1 2.29629536e-17 -1.50995813e-07
vn 1 -3.78309939e-17 -1.50995813e-07
vn 1 -9.98989524e-17 -1.50995813e-07
vn 1 -2.98983496e-16 -1.50995813e-07
vn 1 -2.67463723e-16 -1.50995813e-07
vn -1 2.98983321e-16 1.50995813e-07
vn -1 7.82269e-17 1.50995813e-07
vn -1 1.13826578e-16 1.50995813e-07
vn -1 3.17309736e-16 1.50995813e-07
vn -1 -2.29629956e-17 1.50995813e-07
vn -1 -2.30258297e-16 1.50995813e-07
vn 0.359844375 0.501853284 -0.786546443
vn 0.355171838 0.85746071 -0.372309141
vn 0.245880289 0.593607117 -0.766272454
vn 0.575984672 0.754278108 -0.315128851
vn 0.609312397 0.10041542 -0.786546341
vn 0.94063781 0.126072562 -0.315128893
vn 0.501853227 -0.359844522 -0.786546412
vn 0.75427806 -0.575984682 -0.315128948
vn 0.245879917 -0.593606867 -0.766272767
vn 0.370126432 -0.893564507 -0.254064747
vn 0.374822365 0.904901596 -0.201646464
vn 0.764819172 0.606905109 -0.216143062
vn 0.606905007 -0.764819274 -0.216142987
vn 0.37482235 -0.904901616 -0.201646403
vn 0.969955531 -0.111662044 -0.216143137
vn -1.5099581e-07 0 -1
vn -1.5099581e-07 -8.95824588e-17 -1
vn -1.50995811e-07 7.27361149e-16 -1
vn -1.50995811e-07 -1.79164906e-16 -1
vn -1.5099581e-07 -9.06525845e-16 -1
vn -1.5099581e-07 0 -1
vn 9.6040352e-08 -0.771650765 0.636046458
vn 4.86884959e-08 -0.946586732 0.322449312
vn 1.84945672e-08 -0.992470491 0.122483974
vn 9.6040352e-08 -0.771650765 0.636046458
vn -3.49234049e-23 -1 -2.31287241e-16
vn -3.49234049e-23 -1 -2.31287241e-16
vn -2.95711434e-23 -1 -1.95840818e-16
vn -2.95711433e-23 -1 -1.95840818e-16
vn 1 -2.22218247e-17 -1.50995813e-07
vn 1 -1.8018552e-17 -1.50995813e-07
vn 1 -5.22697205e-17 -1.50995813e-07
vn 1 2.42844562e-17 -1.50995813e-07
vn 1 3.57263059e-17 -1.50995813e-07
vn 1 5.73575279e-17 -1.50995813e-07
vn 1 7.4593025e-17 -1.50995813e-07
vn 1 1.767791e-16 -1.50995813e-07
vn -1.46185778e-07 0.250391824 -0.968144583
vn -1.43195337e-07 -0.31725644 -0.948339787
vn -1.43195337e-07 -0.31725644 -0.948339787
vn -1.46185778e-07 0.250391824 -0.968144583
vn -4.12661023e-08 0.961930831 -0.273293025
vn -4.12661023e-08 0.961930831 -0.273293025
vn 2.22794044e-08 0.961930793 0.273293157
vn 4.1266129e-08 0.96193078 0.273293201
vn 1.14873146e-08 0.990022323 0.14091061
vn 5.18688286e-10 0.999072869 0.0430511561
vn 1.94358284e-23 1 2.38412069e-16
vn 3.59992262e-23 1 2.38412082e-16
vn -1 -3.67599777e-17 1.50995813e-07
vn -1 2.88665606e-17 1.50995813e-07
vn -1 -7.77757595e-17 1.50995813e-07
vn -1 3.70222147e-17 1.50995813e-07
vn -1 5.92546711e-17 1.50995813e-07
vn -1 5.54343959e-17 1.50995813e-07
vn -1 -1.49186126e-16 1.50995813e-07
vn -1 2.7593686e-17 1.50995813e-07
vn 1 6.98293045e-17 -1.50995813e-07
vn 1 7.44046826e-17 -1.50995813e-07
vn 1 0 -1.50995813e-07
vn 1 1.17200054e-16 -1.50995813e-07
vn 1 6.68610893e-17 -1.50995813e-07
vn 1 0 -1.50995813e-07
vn 1 4.05739497e-18 -1.50995813e-07
vn 1 -6.54853365e-17 -1.50995813e-07
vn -1.11267325e-07 0.676012518 -0.736890138
vn -1.50995813e-07 0 -1
vn -1.50995813e-07 0 -1
vn -9.50004708e-08 0.77727611 -0.629159637
vn -3.32040221e-08 0.975522355 -0.219900284
vn -3.32040222e-08 0.975522355 -0.219900284
vn 3.91131509e-23 1 2.59034672e-16
vn 3.91131509e-23 1 2.59034672e-16
vn -1 -9.59471915e-17 1.50995813e-07
vn -1 -1.06106109e-16 1.50995813e-07
vn -1 4.63145372e-18 1.50995813e-07
vn -1 -8.01531174e-17 1.50995813e-07
vn -1 -6.98293126e-17 1.50995813e-07
vn -1 0 1.50995813e-07
vn -1 -4.05741974e-18 1.50995813e-07
vn -1 -5.26337141e-17 1.50995813e-07
vn -4.44765494e-23 -1 -2.94554852e-16
vn 2.62482943e-08 -0.984774866 0.173834584
vn 2.62482944e-08 -0.984774866 0.173834584
vn -4.44765494e-23 -1 -2.94554852e-16
vn 1.01670885e-07 -0.739336804 0.673335793
vn 6.10856153e-08 -0.914515122 0.404551717
vn -4.96179432e-08 -0.944467528 -0.328604761
vn -7.19339975e-08 -0.879230125 -0.476397299
vn -8.35250872e-08 -0.833073965 -0.553161611
vn -8.3525087e-08 -0.833073965 -0.553161611
vn 1.01980835e-07 0.737462116 0.675388502
vn 8.29561675e-08 0.835563535 0.549393829
vn 8.29561675e-08 0.835563535 0.549393829
vn 1.01980835e-07 0.737462116 0.675388502
vn -3.46286383e-08 0.973347531 -0.22933509
vn -3.46286383e-08 0.973347531 -0.22933509
vn 1 -5.8790067e-18 -1.50995813e-07
vn 1 -5.03806468e-18 -1.50995813e-07
vn 1 -1.20362979e-17 -1.50995813e-07
vn 1 -6.47624549e-18 -1.50995813e-07
vn 1 -6.67254015e-18 -1.50995813e-07
vn 1 2.57183934e-17 -1.50995813e-07
vn 1 1.4741714e-17 -1.50995813e-07
vn 1 -2.25158297e-17 -1.50995813e-07
vn -1.10273357e-07 -0.68311867 -0.730307389
vn -1.26120197e-07 -0.549860875 -0.835256259
vn -1.26120197e-07 -0.549860875 -0.835256259
vn -1.10273357e-07 -0.68311867 -0.730307389
vn -1.06491232e-07 0.708949246 -0.705259503
vn -1.06491232e-07 0.708949246 -0.705259503
vn -1 -2.17925796e-17 1.50995813e-07
vn -1 -3.0838038e-17 1.50995813e-07
vn -1 -1.62373662e-17 1.50995813e-07
vn -1 -3.88367786e-17 1.50995813e-07
vn -1 -5.8438208e-17 1.50995813e-07
vn -1 -7.47504258e-17 1.50995813e-07
vn -1 -1.47417261e-17 1.50995813e-07
vn -1 -3.78192374e-17 1.50995813e-07
vn 1.18842947e-07 -0.616874903 0.787061213
vn 6.25331818e-08 -0.91021387 0.414138517
vn 6.25331818e-08 -0.91021387 0.414138517
vn 1.18842947e-07 -0.616874903 0.787061213
vn -9.72624933e-23 -1 -6.44140336e-16
vn -9.72624933e-23 -1 -6.44140336e-16
vn 1.49360591e-07 0.146771515 0.989170421
vn 1.49360591e-07 0.146771515 0.989170421
vn 0.969871454 -0.243617245 -1.46446529e-07
vn 0.96977786 -0.243593737 -0.013892225
vn 0.969871454 -0.243617245 -1.46446529e-07
vn 0.968994326 -0.18304391 -0.165966632
vn 0.967039674 -0.190894659 -0.168503704
vn 0.965249789 -0.149964588 -0.214017445
vn 0.962242465 -0.158702805 -0.221139909
vn 0.958883774 -0.168017346 -0.22871834
vn -0.97322543 -0.208558257 -0.0966215091
vn -0.969871476 -0.243617158 1.46446532e-07
vn -0.969645803 -0.243560471 -0.0215711345
vn -0.969871476 -0.243617158 1.46446532e-07
vn -0.967039776 -0.19089456 -0.168503233
vn -0.962657645 -0.157520232 -0.220176371
vn -0.962242557 -0.158702785 -0.221139522
vn -0.960106228 -0.160470016 -0.229009615
vn -9.98718251e-23 -1 -2.21404589e-16
vn -3.979503e-08 -0.996100917 -0.0882211001
vn -6.62690432e-08 -0.996100917 -0.0882211001
vn -3.34311622e-23 -1 -2.21404563e-16
vn -1.56676438e-07 -0.749707204 -0.661769679
vn -9.99244658e-08 -0.749707115 -0.66176978
vn -1.23659185e-07 -0.57385387 -0.818957713
vn -1.23659185e-07 -0.57385387 -0.818957713
vn -1.23659179e-07 -0.57385393 -0.818957671
vn -1.23659179e-07 -0.57385393 -0.818957671
vn 4.20646125e-07 0.830737194 0.556664814
vn 1.21624964e-22 1 1.60953179e-16
vn 1.54065506e-22 1 1.60953151e-16
vn 3.08448784e-07 0.83073721 0.556664789
vn 6.08994103e-07 0.592029426 0.805916347
vn 7.71428772e-07 0.592029357 0.805916398
vn 1.50995813e-07 0 1
vn 1.49859349e-07 -0.122459278 0.992473539
vn 1.47343178e-07 -0.2186217 0.975809691
vn 1.50995813e-07 0 1
vn 1.49932586e-07 -0.118462178 0.992958565
vn 1.50388982e-07 0.0895631982 0.995981141
vn 1.436604e-07 0.307896818 0.951419755
vn 1.436604e-07 0.307896818 0.951419755
vn 3.26530153e-08 0.976337774 0.216251131
vn -0.0265231619 0.999059316 -0.034307498
vn -2.72376245e-08 0.983595784 -0.180386621
vn 3.26530154e-08 0.976337774 0.216251131
vn -0.0483325153 0.844518891 -0.533340239
vn -2.56192949e-08 0.985501122 -0.16966891
vn 2.20145009e-08 0.989314758 0.14579544
vn 3.85099106e-08 0.966930611 0.255039593
vn -0.355761969 0.458336082 -0.814470047
vn 5.08952696e-08 0.941481696 0.337064112
vn 5.08952696e-08 0.941481696 0.337064112
vn -0.981141022 0 0.193293286
vn -0.99991558 -2.18389374e-17 0.0129935689
vn -0.984006462 -0.0104746691 0.17782453
vn -0.999999317 -0.000838146405 -0.000814032023
vn -0.987436444 -0.00276495666 0.157992481
vn -0.977036603 0.0656040027 0.202720476
vn -0.869312194 2.11900758e-07 -0.494263401
vn -0.869312416 0 -0.49426301
vn -0.869311607 4.84606568e-07 -0.494264434
vn -1.31842226e-07 -0.487448863 -0.873151537
vn -2.6919925e-08 -0.983979327 -0.178282593
vn 2.08237283e-08 -0.990444861 0.137909309
vn -1.33732238e-07 -0.464318064 -0.885668525
vn 5.52352999e-08 -0.930690798 0.365806832
vn 5.52353e-08 -0.930690798 0.365806832
vn -1.50995812e-07 0 -1
vn -1.04885293e-08 -0.997584571 -0.0694623852
vn -3.56490909e-23 -1 -2.36093242e-16
vn -3.5649091e-23 -1 -2.36093242e-16
vn -3.56490909e-23 -1 -2.36093242e-16
vn -0.613158255 0.789960096 9.25843292e-08
vn -0.996663487 0.0816204264 1.50492013e-07
vn -0.857318017 0.510367959 0.0673079771
vn -0.993714083 0.11194785 1.50046666e-07
vn -1 -3.53727763e-17 1.50995813e-07
vn -0.986206234 0.162931295 0.0291660331
vn -0.949933229 0.29416871 0.105316811
vn -1 -2.03117575e-17 1.50995813e-07
vn -1 -2.85679039e-17 1.50995813e-07
vn -1 -1.39260044e-17 1.50995813e-07
vn -1 -2.27732707e-16 1.50995813e-07
vn -0.950833693 -8.10774614e-17 -0.309701934
vn -1 -1.64387872e-17 1.50995813e-07
vn -1 0 1.50995813e-07
vn -1.50995813e-07 -2.20080565e-16 -1
vn -1.50995814e-07 0 -1
vn -1.50995813e-07 -4.4016113e-16 -1
vn 1.74031405e-08 0.993335847 0.115255782
vn 2.47139403e-08 0.986514644 0.163673017
vn 1.74031405e-08 0.993335847 0.115255782
vn 4.13976179e-08 0.961682949 0.274164013
vn 7.03740441e-08 0.884749852 0.466066197
vn 4.24260458e-08 0.959715093 0.280974983
vn 2.14517105e-08 0.989856865 0.142068248
vn 2.14517105e-08 0.989856865 0.142068248
vn -0.240299137 -9.38513496e-08 -0.970698885
vn -0.240299137 -9.38513496e-08 -0.970698885
vn -0.240299283 -2.02221562e-07 -0.970698848
vn -0.240299011 -3.26203161e-16 -0.970698916
vn -0.7055896 -0.330503969 0.626825688
vn -0.819439412 -0.488022884 0.300587283
vn -0.819439393 -0.13253706 0.557631608
vn -0.705589654 -0.67693422 0.209531148
vn -0.819439482 -0.557631515 -0.1325369
vn -0.705589825 -0.626825544 -0.330503761
vn -0.819439523 -0.300587245 -0.48802272
vn -0.705589867 -0.209531125 -0.676934005
vn -0.773923859 -7.37575541e-08 -0.633278659
vn -0.678598577 -1.53017222e-07 -0.73450934
vn -0.678598256 -1.697658e-07 0.734509637
vn -0.848028932 -1.43416609e-07 0.529949931
vn -0.990336714 -0.138683785 1.70264515e-07
vn 1.50956799e-07 0.0227308466 0.999741621
vn 1.49366237e-07 -0.146519328 0.989207808
vn 1.50956798e-07 0.0227308466 0.999741621
vn 1.49366237e-07 -0.146519328 0.989207808
vn 1.13058436e-07 0.662850099 0.748752126
vn 6.37236128e-08 0.906585412 0.422022383
vn 1.49618794e-07 -0.134744191 0.990880418
vn 1.49618794e-07 -0.134744191 0.990880418
vn -1.07179144e-08 0.99747763 -0.0709815335
vn -5.45917641e-08 0.932354704 -0.361544887
vn -1.03690387e-07 0.726931155 -0.686710343
vn -1.03690387e-07 0.726931155 -0.686710343
vn -1 3.69123234e-18 1.50995813e-07
vn -1 1.54137837e-17 1.50995813e-07
vn -1 1.82665969e-17 1.50995813e-07
vn -1 -1.63630459e-19 1.50995813e-07
vn -1 1.7220193e-17 1.50995813e-07
vn -1 4.10318321e-23 1.50995813e-07
vn -1 4.20907699e-17 1.50995813e-07
vn -1 0 1.50995813e-07
vn -1 -2.97804794e-17 1.50995813e-07
vn -1 -4.02315009e-18 1.50995813e-07
vn -1 8.62823538e-18 1.50995813e-07
vn -1 9.94398566e-18 1.50995813e-07
vn -1 7.82982037e-18 1.50995813e-07
vn -1 0 1.50995813e-07
vn -3.62299643e-23 -1 -2.39940191e-16
vn 6.48040704e-08 -0.96162508 0.274366916
vn -3.62299643e-23 -1 -2.39940191e-16
vn 4.14282534e-08 -0.961625085 0.274366902
vn 6.64780063e-08 -0.959574718 0.281454012
vn 4.66353881e-08 -0.989416486 0.145103473
vn -5.15804652e-08 -0.989416484 -0.145103482
vn -7.12739397e-08 -0.959574709 -0.281454042
vn -1.22568733e-07 -0.769093188 -0.639136658
vn -1.20979367e-07 -0.598383167 -0.801210076
vn -1.35392121e-07 -0.442716932 -0.896661429
vn -1.35392121e-07 -0.442716932 -0.896661429
vn -1.50995813e-07 0 -1
vn -1.26456959e-07 0.546457976 -0.837486525
vn -1.50995813e-07 0 -1
vn -1.16666236e-07 0.871552914 -0.490301456
vn -8.27040275e-08 0.972558453 -0.232658668
vn -1.30277602e-07 0.972558439 -0.232658724
vn -0.359844641 0.501853307 -0.786546307
vn -0.35517197 0.857460704 -0.372309028
vn -0.575984725 0.754278127 -0.315128711
vn -0.24588052 0.593607117 -0.76627238
vn -0.609312549 0.100415456 -0.786546218
vn -0.940637881 0.126072579 -0.315128674
vn -0.501853409 -0.359844515 -0.786546299
vn -0.754278121 -0.57598473 -0.315128716
vn -0.245880148 -0.593606867 -0.766272693
vn -0.370126509 -0.893564507 -0.254064635
vn -0.374822414 0.904901596 -0.20164637
vn -0.764819185 0.606905159 -0.216142875
vn -0.606905054 -0.764819288 -0.216142803
vn -0.374822411 -0.904901616 -0.20164629
vn -0.969955587 -0.111662117 -0.216142847
vn -1.50995815e-07 0 -1
vn -1.50995815e-07 6.08227758e-17 -1
vn -1.50995815e-07 8.95826306e-17 -1
vn -1.50995815e-07 1.7916525e-16 -1
vn -1.50995815e-07 1.18342478e-16 -1
vn -1.50995815e-07 0 -1
vn -0.169006898 0 0.985614868
vn -0.16950553 0 0.985529236
vn -0.169483982 0 0.985532942
vn -0.169006898 0 0.985614868
vn -0.340238097 0 0.94033932
vn -0.487062242 0 0.873367261
vn -0.605261183 0 0.796026947
vn -0.605261183 0 0.796026947
vn -0.0567901826 0.992512776 -0.108135399
vn 0.0330692715 0.985614509 -0.165742155
vn -0.0156317086 0.992502596 -0.121219825
vn 0.122108688 0.966063791 -0.227618586
vn 0.244254647 0.910092919 -0.334769392
vn 0.265233857 0.901822679 -0.341125866
vn 0.280535455 0.892411084 -0.353415218
vn -0.854930499 0 -0.518742559
vn -0.134435597 0 -0.990922333
vn -0.0694012752 0 -0.997588825
vn -0.854930499 0 -0.518742559
vn 0.570656362 0 -0.821188966
vn 0.595033915 0 -0.803700591
vn 0.776441206 0 -0.630189696
vn 0.751782725 0 -0.6594109
vn 0.995856254 0 -0.090941306
vn 0.995856254 0 -0.090941306
vn -0.056790398 -0.992512767 -0.108135365
vn 0.0330692609 -0.985614509 -0.165742163
vn 0.028752208 -0.990419323 -0.135066188
vn 0.12606936 -0.965213514 -0.229061975
vn 0.188565786 -0.925220899 -0.329255573
vn 0.265233797 -0.901822726 -0.341125788
vn 0.268886646 -0.895903381 -0.353634137
vn 1.48823715e-07 -0.169007012 0.985614849
vn 1.48810783e-07 -0.169505677 0.985529211
vn 1.48811343e-07 -0.169484127 0.985532917
vn 1.48823716e-07 -0.169007012 0.985614849
vn 1.41987289e-07 -0.340238277 0.940339255
vn 1.31874782e-07 -0.487062435 0.873367154
vn 1.20196714e-07 -0.605261367 0.796026807
vn 1.20196714e-07 -0.605261367 0.796026807
vn -0.992512787 -0.0567903276 -0.108135225
vn -0.985614531 0.0330693055 -0.16574202
vn -0.992502611 -0.0156316843 -0.12121971
vn -0.966063801 0.122108833 -0.227618466
vn -0.910092971 0.244254719 -0.334769199
vn -0.901822743 0.265233906 -0.341125659
vn -0.892411188 0.280535446 -0.353414962
vn -7.83279613e-08 -0.854930468 -0.51874261
vn -1.49625124e-07 -0.13443545 -0.990922353
vn -1.50631733e-07 -0.069401129 -0.997588835
vn -7.83279624e-08 -0.854930468 -0.51874261
vn -1.23996081e-07 0.570656484 -0.82118888
vn -1.21355411e-07 0.595034036 -0.803700501
vn -9.51559896e-08 0.776441293 -0.63018959
vn -9.9568268e-08 0.751782824 -0.659410786
vn -1.37317337e-08 0.995856268 -0.0909411556
vn -1.37317336e-08 0.995856268 -0.0909411556
vn 0.992512761 -0.0567902708 -0.108135491
vn 0.985614492 0.0330693048 -0.165742254
vn 0.990419307 0.0287522542 -0.135066298
vn 0.965213493 0.126069376 -0.229062055
vn 0.925220883 0.18856581 -0.329255603
vn 0.901822711 0.265233816 -0.341125815
vn 0.895903389 0.268886653 -0.353634112
vn 0.169007175 0 0.985614821
vn 0.169505832 0 0.985529184
vn 0.169484283 0 0.98553289
vn 0.169007175 0 0.985614821
vn 0.340238392 0 0.940339214
vn 0.487062485 0 0.873367125
vn 0.605261359 0 0.796026813
vn 0.605261359 0 0.796026813
vn 0.0567902704 -0.99251277 -0.108135404
vn -0.0330692981 -0.985614509 -0.16574215
vn 0.0156316878 -0.992502593 -0.121219857
vn -0.122108781 -0.966063786 -0.227618554
vn -0.244254667 -0.91009297 -0.33476924
vn -0.265233855 -0.90182274 -0.341125706
vn -0.280535456 -0.892411148 -0.353415056
vn 0.854930358 0 -0.518742791
vn 0.134435301 0 -0.990922373
vn 0.0694009754 0 -0.997588845
vn 0.854930358 0 -0.518742791
vn -0.570656592 0 -0.821188805
vn -0.59503412 0 -0.803700439
vn -0.77644135 0 -0.630189519
vn -0.751782874 0 -0.65941073
vn -0.995856282 0 -0.0909410053
vn -0.995856282 0 -0.0909410053
vn 0.0567903082 0.992512766 -0.108135427
vn -0.0330693468 0.985614499 -0.165742205
vn -0.0287522882 0.990419315 -0.13506623
vn -0.12606947 0.965213491 -0.229062011
vn -0.188565921 0.925220864 -0.329255595
vn -0.265233915 0.901822693 -0.341125784
vn -0.268886768 0.895903345 -0.353634136
vn 1.48823714e-07 0.169007026 0.985614846
vn 1.48810784e-07 0.169505676 0.985529211
vn 1.48811343e-07 0.169484127 0.985532917
vn 1.48823715e-07 0.169007026 0.985614846
vn 1.41987291e-07 0.340238261 0.940339261
vn 1.31874784e-07 0.487062424 0.873367159
vn 1.20196714e-07 0.605261367 0.796026807
vn 1.20196714e-07 0.605261367 0.796026807
vn 0.992512749 0.0567903689 -0.108135554
vn 0.985614474 -0.0330693057 -0.165742359
vn 0.99250257 0.015631699 -0.121220042
vn 0.966063716 -0.12210886 -0.227618808
vn 0.910092824 -0.244254782 -0.334769552
vn 0.901822593 -0.265233966 -0.341126008
vn 0.89241103 -0.280535508 -0.35341531
vn -7.83279693e-08 0.854930436 -0.518742662
vn -1.49625125e-07 0.134435461 -0.990922352
vn -1.50631734e-07 0.069401129 -0.997588835
vn -7.83279699e-08 0.854930436 -0.518742662
vn -1.23996081e-07 -0.570656502 -0.821188868
vn -1.21355411e-07 -0.595034046 -0.803700494
vn -9.51559882e-08 -0.776441305 -0.630189575
vn -9.95682689e-08 -0.751782824 -0.659410786
vn -1.37317337e-08 -0.995856268 -0.0909411556
vn -1.37317336e-08 -0.995856268 -0.0909411556
vn -0.992512786 0.0567903311 -0.108135232
vn -0.985614531 -0.0330693053 -0.165742019
vn -0.990419341 -0.0287522507 -0.135066045
vn -0.965213537 -0.12606942 -0.229061844
vn -0.925220929 -0.188565872 -0.329255441
vn -0.901822743 -0.265233906 -0.341125659
vn -0.895903422 -0.268886744 -0.35363396
vn 0.222182329 0.475890279 -0.85097794
vn 0.0823317812 0.996604968 0.000127382397
vn -0.0792852266 0.982546287 0.16827551
vn 0.594277311 0.34622703 -0.725921016
vn 0.361941746 0.00164098884 -0.932199271
vn 0.649246299 -0.000367795758 -0.760578141
vn -0.359120237 0.667239558 0.652551935
vn -0.0832638501 0.666901071 0.740479637
vn -1.15512526e-07 0.64402454 -0.765004831
vn 7.30632526e-08 0.87513656 0.483876018
vn -1.50995813e-07 -6.39433385e-16 -1
vn 1.14142194e-07 0.654652995 0.755929531
vn 0.040799444 0.95812292 0.283435839
vn 0.892573853 0.437509912 -0.109073342
vn 0.983782824 -0.0749364434 -0.162959765
vn -0.486577885 0.691894157 0.533408321
vn 0.131148236 0.963536617 0.233232349
vn 0.95594325 0.282940157 0.0782136217
vn -0.0758136864 0.977920269 0.194741451
vn 0.632740281 0.291546942 0.717384218
vn 0.984118711 -0.137304717 0.112506787
vn 0.659859708 -0.276701702 0.698585238
vn -0.592947316 0.785180432 -0.178620184
vn -0.638823876 0.69858234 0.322314707
vn 0.179765281 0.847444283 0.499522403
vn 0.624372328 -0.0243309825 0.780747846
vn 0.576939946 -0.423139035 0.698636999
vn -0.468960264 0.837930986 -0.279191572
vn -0.0214341283 -0.961774356 0.273003051
vn 0.196696966 -0.885614452 -0.420710526
vn 0.0625232806 -0.87379238 -0.482263119
vn -0.276700748 -0.880980801 0.383809229
vn -0.2384019 -0.644545492 0.726447275
vn -0.530145242 -0.589567888 0.609389636
vn -3.40097183e-09 -0.999746311 -0.0225236165
vn -7.54979368e-08 -0.866025287 -0.500000202
vn 1.14142093e-07 -0.654653766 0.755928864
vn 0.303748718 -0.918448496 -0.253355631
vn -0.298574555 -0.943082786 -0.146451678
vn -0.852904896 -0.506904835 -0.124902866
vn 0.365138009 -0.908421544 -0.203579305
vn -0.384528087 -0.861292026 -0.332135809
vn 0.326862592 -0.94415421 -0.0416374017
vn -0.0963869641 -0.883224771 -0.458937423
vn -0.713940708 -0.498407759 -0.491811316
vn -0.471436738 -0.315517004 -0.823526819
vn 0.246056032 -0.969115636 -0.0164715931
vn -0.251513727 -0.603586834 -0.756586928
vn -0.532672134 -0.199665087 -0.822431913
vn -0.222182571 0.475890277 -0.850977878
vn -0.0823317754 0.996604968 0.000127398475
vn -0.594277546 0.346226969 -0.725920852
vn 0.0792852716 0.98254629 0.168275467
vn -0.361942016 0.00164092661 -0.932199166
vn -0.649246487 -0.000367976844 -0.76057798
vn 0.359120412 0.667239599 0.652551796
vn 0.0832640712 0.666901071 0.740479612
vn -1.15512526e-07 0.644024541 -0.765004831
vn 7.30632529e-08 0.87513656 0.483876019
vn -1.50995813e-07 0 -1
vn 1.14142194e-07 0.654652995 0.755929531
vn -0.0407993579 0.958122897 0.28343593
vn -0.89257386 0.437509982 -0.109073005
vn -0.983782889 -0.0749362897 -0.162959442
vn 0.486578011 0.691894192 0.533408161
vn -0.131148171 0.9635366 0.233232452
vn -0.955943195 0.282940267 0.0782138999
vn 0.0758137427 0.977920286 0.194741341
vn -0.632740112 0.291546875 0.717384395
vn -0.984118704 -0.137304483 0.112507132
vn -0.659859463 -0.276701921 0.698585382
vn 0.592947293 0.785180402 -0.178620391
vn 0.638824023 0.698582248 0.322314613
vn -0.179765113 0.847444298 0.499522439
vn -0.624372122 -0.0243311378 0.780748006
vn -0.576939725 -0.423139215 0.698637072
vn 0.46896009 0.837931036 -0.279191714
vn 0.0214342101 -0.961774347 0.273003077
vn -0.196697107 -0.885614431 -0.420710503
vn 0.276700872 -0.880980825 0.383809085
vn -0.0625234247 -0.87379238 -0.482263101
vn 0.238402107 -0.644545515 0.726447186
vn 0.530145481 -0.589567978 0.60938934
vn -3.4009715e-09 -0.999746311 -0.0225236149
vn -7.54979369e-08 -0.866025287 -0.500000202
vn 1.14142093e-07 -0.654653766 0.755928864
vn -0.303748716 -0.918448527 -0.253355523
vn 0.298574445 -0.943082791 -0.146451868
vn 0.852904918 -0.506904785 -0.124902922
vn -0.365137929 -0.908421605 -0.203579173
vn 0.384527977 -0.861292092 -0.332135766
vn -0.326862573 -0.944154222 -0.0416372759
vn 0.0963868519 -0.883224785 -0.458937418
vn 0.713940819 -0.498407629 -0.491811287
vn 0.471436501 -0.315516968 -0.823526969
vn -0.246056084 -0.969115624 -0.0164714908
vn 0.251513529 -0.603586738 -0.75658707
vn 0.532671611 -0.199665239 -0.822432214
vn 0.876128839 0.404760481 0.261853413
vn 0.580610238 0.77616451 0.245886978
vn 0.73107324 0.651790961 -0.201743552
vn 0.664907529 0.368382904 0.649763044
vn 0.606756645 -0.520273633 0.600967321
vn 0.364218869 -0.526406533 0.768271291
vn 0.111289555 -0.881525155 0.458833343
vn 0.0345864164 -0.867816078 0.495680376
vn 0.871615754 0.350641374 -0.34254431
vn 0.676928405 0.45457855 -0.578900921
vn 0.254780871 -0.928043846 0.271700806
vn 0.86657051 -0.447324191 0.221261429
vn 0.456053088 0.785152131 0.418988917
vn 0.48598309 0.341373667 0.804539903
vn 0.202315587 -0.534668907 0.820486175
vn -0.0782955233 -0.857272833 0.508874347
vn 0.544850545 0.732025928 0.408993796
vn 0.514273076 0.290515411 0.806922548
vn 0.259918714 -0.568711136 0.780390867
vn 0.158570816 -0.886554053 0.434600054
vn 0.467790333 0.750301982 0.467139316
vn 0.268658553 0.915062839 0.300803229
vn 0.0395818094 0.859041801 0.510372868
vn 0.154469686 0.477507571 0.864942562
vn -0.0231650357 0.497614885 0.867088696
vn 0.0984279305 0.93373571 0.344165029
vn -0.144040814 0.0930116012 0.985190888
vn 0.207750002 -0.0601086291 0.97633339
vn -0.0660363767 -0.558671512 0.826755913
vn -0.0378927028 -0.888034672 0.458212356
vn -0.377752259 -0.77033632 0.513697562
vn -0.24880584 -0.394243194 0.884685231
vn -0.431379583 -0.871368995 0.233725756
vn -0.173386125 -0.948763915 0.264167155
vn -0.0476023003 0.842442782 -0.536678843
vn -0.35347978 0.593868465 -0.722753272
vn -0.448454222 0.314673371 -0.836582023
vn -0.0376589421 0.860611171 -0.507868307
vn -0.713846576 -0.386307118 -0.58411461
vn -0.625772676 -0.397761521 -0.670965224
vn -0.588534868 -0.773109015 -0.23649347
vn -0.619865504 -0.766321331 -0.168873842
vn -0.201784502 0.032031711 -0.978906014
vn -0.201645439 0.0318176656 -0.978941649
vn -0.109947343 0.625115956 -0.772749392
vn 0.0406646289 0.846812569 -0.530334669
vn -0.556404578 -0.386789212 -0.735396527
vn -0.501956082 -0.767197764 -0.399309007
vn -0.111178669 -0.865818347 -0.487850278
vn 0.208266174 -0.386030062 -0.898669011
vn 0.584555788 0.351611443 -0.731207169
vn 0.473955403 0.740579862 -0.476348344
vn 0.458965677 0.770114436 -0.443028513
vn 0.261672898 0.533168333 -0.804523973
vn 0.0126213117 0.815227539 -0.579003248
vn -0.114933031 0.405596563 -0.906797567
vn 0.0690331267 0.951360939 -0.300244553
vn 0.375304867 0.893236501 -0.247537491
vn 0.297188514 -0.00732410681 -0.954790733
vn -0.106118023 -0.416348318 -0.902991165
vn -0.309082413 -0.0687182586 -0.948549347
vn -0.424093968 -0.489312822 -0.762048075
vn -0.0718229437 -0.833197715 -0.548291012
vn -0.324878176 -0.891591485 -0.315465997
vn -0.483797433 -0.765053296 -0.425009998
vn -0.418156732 -0.829524231 -0.370181709
vn 0.24200206 0.482228683 -0.841956353
vn 0.24200206 0.482228683 -0.841956353
vn 0.238542141 0.460736194 -0.854879995
vn 0.244150053 0.495918542 -0.833339998
vn -0.482654909 -0.753446336 -0.446500681
vn -0.482654909 -0.753446336 -0.446500681
vn -0.608805249 -0.689529929 -0.392306826
vn -0.415488787 -0.778914898 -0.469745302
vn 0.309389302 -0.926760974 0.213054822
vn 0.591948876 -0.754162111 0.284316794
vn 0.822079202 -0.46808915 0.324157885
vn 0.30603728 -0.927692918 0.213838803
vn 0.942434208 0.169082737 0.288494006
vn 0.825855379 0.524019464 0.208246235
vn 0.609048306 0.785939107 0.106582738
vn 0.60736848 0.78750055 0.104625104
vn -0.823908815 -0.529731268 -0.20139277
vn -0.619095528 -0.7783835 -0.10411462
vn -0.617218685 -0.779809128 -0.104588805
vn -0.943986732 -0.166399783 -0.28495642
vn -0.822519594 0.467055053 -0.324532115
vn -0.580853019 0.763887277 -0.28122233
vn -0.305213524 0.928470755 -0.211628829
vn -0.301993735 0.930170651 -0.208763848
vn 0.889096581 0.417397618 -0.187847007
vn 0.779313503 0.618754639 0.0990614004
vn 0.699048832 0.700263546 -0.144781545
vn 0.637315791 0.341654493 -0.69072483
vn 0.720239281 -0.434879806 -0.540495081
vn 0.10706194 -0.674773861 -0.730217761
vn 0.1724207 -0.914470757 -0.366079686
vn -0.140301767 -0.828160207 -0.542647294
vn 0.546531138 0.768601563 -0.33249865
vn 0.429801018 0.441685477 -0.787518269
vn -0.38732804 -0.766085808 -0.512922533
vn -0.0671492564 -0.398535627 -0.914691386
vn 0.580540992 0.725617149 -0.369393977
vn -0.494398929 -0.7109752 -0.500083957
vn 0.0810986641 -0.0177706004 -0.996547647
vn 0.566155795 0.809577237 -0.155088079
vn 0.334666612 0.458310051 -0.823377287
vn -0.318616616 -0.430671227 -0.844396676
vn -0.609625497 -0.742766297 -0.27686636
vn 0.252310731 0.745883362 0.616439214
vn -0.367880669 0.364764726 0.855342334
vn 0.12687477 0.641844579 0.756266044
vn 0.265736621 0.768894314 0.581537258
vn -0.583846102 -0.252309305 0.771662973
vn -0.694217771 -0.587161681 0.416296584
vn -0.625564602 -0.725121091 0.287868603
vn -0.573909586 -0.78257196 0.241265237
vn 0.425887736 0.762235018 0.487460166
vn 0.127459815 0.410524974 0.902897138
vn -0.516854357 -0.506981651 0.689805175
vn -0.592639206 -0.726635551 0.347533519
vn -0.136698283 0.0250766625 0.990295279
vn -0.599263398 -0.7023032 0.384257199
vn 0.477276389 0.734546518 0.482336669
vn 0.51411795 0.815308842 0.266372343
vn 0.145881608 0.487418373 0.860895979
vn -0.65951648 -0.739528044 0.13467102
vn -0.503295559 -0.405098588 0.763274993
vn 0.429833959 0.382661941 -0.81780964
vn 0.164150428 0.841797337 -0.514229405
vn 0.0914942892 0.960577316 -0.262526219
vn 0.535181339 0.128679858 -0.834878691
vn 0.0699675363 0.979510602 0.188847887
vn 0.118198898 0.881382363 0.45737747
vn 0.368466823 0.513698426 0.774820061
vn 0.582865742 0.17010278 0.79456439
vn 0.83050052 -0.363446858 0.422108123
vn 0.895184035 -0.422907931 0.140692662
vn 0.838783028 -0.359041334 -0.409307163
vn 0.749768499 -0.160376973 -0.641970735
vn 0.82414151 0.516715472 -0.231939414
vn 0.826687692 0.503119021 -0.251910126
vn 0.787332394 0.539910284 -0.297665226
vn 0.737502325 0.665211919 -0.116547939
vn 0.820268279 0.533307123 -0.206744925
vn 0.999899936 0.0141462722 -4.10610113e-07
vn -0.429834228 0.382661907 -0.817809514
vn -0.164150583 0.841797337 -0.514229355
vn -0.535181561 0.128679718 -0.83487857
vn -0.0914943685 0.960577316 -0.262526192
vn -0.0699674793 0.979510602 0.188847908
vn -0.118198759 0.881382363 0.457377506
vn -0.368466589 0.513698426 0.774820173
vn -0.582865502 0.17010278 0.794564566
vn -0.830500393 -0.363446858 0.422108373
vn -0.895183932 -0.422908086 0.140692852
vn -0.838783005 -0.359041537 -0.40930703
vn -0.749768591 -0.160377234 -0.641970562
vn -0.82414158 0.516715472 -0.231939165
vn -0.826687768 0.503119021 -0.251909876
vn -0.737502361 0.665211919 -0.116547717
vn -0.787332484 0.539910284 -0.297664988
vn -0.820268341 0.533307123 -0.206744677
vn -0.999899936 0.0141462722 -1.08648705e-07
vn 0.117502563 0.990997092 -0.0641709513
vn 0.117502563 0.990997092 -0.0641709513
vn 0.117502563 0.990997092 -0.0641709513
vn 0.0241401353 0.99968889 -0.00627505567
vn 0.0241401353 0.99968889 -0.00627505567
vn 0.0241401353 0.99968889 -0.00627505567
vn 0.106854379 0.991502462 0.0741957577
vn 0.106854379 0.991502462 0.0741957577
vn 0.106854379 0.991502462 0.0741957577
vn 0.435630459 0.894437289 -0.101034841
vn 0.435630459 0.894437289 -0.101034841
vn 0.435630459 0.894437289 -0.101034841
vn 0.450372798 0.884594027 0.121069197
vn 0.450372798 0.884594027 0.121069197
vn 0.450372798 0.884594027 0.121069197
vn 0.700497905 0.707946755 0.0900781735
vn 0.700497905 0.707946755 0.0900781735
vn 0.700497905 0.707946755 0.0900781735
vn 0.682653555 0.723623907 -0.101747551
vn 0.682653555 0.723623907 -0.101747551
vn 0.682653555 0.723623907 -0.101747551
vn -0.13005596 0.989325477 -0.0657308786
vn -0.13005596 0.989325477 -0.0657308786
vn -0.13005596 0.989325477 -0.0657308786
vn -0.0248898961 0.999674807 -0.00554741004
vn -0.0248898961 0.999674807 -0.00554741004
vn -0.0248898961 0.999674807 -0.00554741004
vn -0.106854371 0.991502459 0.074195804
vn -0.106854371 0.991502459 0.074195804
vn -0.106854371 0.991502459 0.074195804
vn -0.43563049 0.894437289 -0.10103471
vn -0.43563049 0.894437289 -0.10103471
vn -0.43563049 0.894437289 -0.10103471
vn -0.450372727 0.88459404 0.121069361
vn -0.450372727 0.88459404 0.121069361
vn -0.450372727 0.88459404 0.121069361
vn -0.700497878 0.707946755 0.090078385
vn -0.700497878 0.707946755 0.090078385
vn -0.700497878 0.707946755 0.090078385
vn -0.682653586 0.723623907 -0.101747345
vn -0.682653586 0.723623907 -0.101747345
vn -0.682653586 0.723623907 -0.101747345
vn -1.50995813e-07 0 -1
vn -1.50995813e-07 0 -1
vn -1.50995813e-07 0 -1
vn -1.50995813e-07 0 -1
vn -1.50995813e-07 0 -1
vn -1.50995813e-07 0 -1
vn -7.53762827e-08 0.866489945 -0.499194526
vn -1.06282474e-07 0.71032191 -0.703876967
vn -3.7363061e-08 0.968902106 -0.247444356
vn -1.06282475e-07 0.71032191 -0.703876967
vn 3.73630914e-08 0.968902056 0.247444552
vn 7.53762866e-08 0.866489933 0.499194547
vn 1.06282455e-07 0.710322043 0.703876833
vn 1.06282455e-07 0.710322043 0.703876833
vn 1 -3.19369043e-09 -1.55775509e-07
vn 1 -1.40543099e-09 -1.52401247e-07
vn 1 -7.69401274e-10 -1.49138311e-07
vn 1 -4.03528057e-09 -1.55031102e-07
vn 1 -2.95810152e-17 -1.47249872e-07
vn 1 -7.49305306e-10 -1.49186827e-07
vn 1 -3.057004e-17 -1.50995813e-07
vn 1 2.31951916e-17 -1.50995813e-07
vn -1.06770276e-07 -0.707106036 -0.707107526
vn -1.06770276e-07 -0.707106036 -0.707107526
vn -1.06770276e-07 -0.707106036 -0.707107526
vn -1.06770276e-07 -0.707106036 -0.707107526
vn -1.06770276e-07 -0.707106036 -0.707107526
vn -1.06770276e-07 -0.707106036 -0.707107526
vn -1 -1.38453489e-09 1.49611275e-07
vn -1 -3.19368676e-09 1.46216113e-07
vn -1 -3.94282428e-09 1.4705298e-07
vn -1 -7.75809947e-10 1.52868781e-07
vn -1 -1.29477835e-17 1.5471081e-07
vn -1 -7.60614188e-10 1.52832095e-07
vn -1 -3.03317267e-17 1.50995813e-07
vn -1 -2.23145516e-17 1.50995813e-07
vn 1.81158625e-06 0.866489973 -0.499194479
vn 9.8413007e-07 0.710321955 -0.703876922
vn 7.29295148e-07 0.968902091 -0.247444415
vn -1.06282476e-07 0.71032191 -0.703876967
vn -7.29295376e-07 0.968902086 0.247444434
vn -1.81158623e-06 0.866489961 0.499194499
vn -9.84130197e-07 0.710321998 0.703876878
vn 1.06282469e-07 0.710321953 0.703876923

g Gun_submesh_0
usemtl _gundefault
f 1/1/1 3/3/3 2/2/2
f 1/1/1 2/2/2 4/4/4
f 4/4/4 2/2/2 5/5/5
f 4/4/4 5/5/5 6/6/6
f 6/6/6 5/5/5 7/7/7
f 6/6/6 7/7/7 8/8/8
f 9/9/9 11/11/11 10/10/10
f 9/9/9 10/10/10 12/12/12
f 12/12/12 10/10/10 13/13/13
f 12/12/12 13/13/13 14/14/14
f 14/14/14 13/13/13 15/15/15
f 14/14/14 15/15/15 16/16/16
f 10/10/10 17/17/17 13/13/13
f 16/16/16 15/15/15 18/18/18
f 16/16/16 18/18/18 19/19/19
f 20/20/20 22/22/22 21/21/21
f 21/21/21 22/22/22 23/23/23
f 21/21/21 23/23/23 24/24/24
f 24/24/24 23/23/23 25/25/25
f 23/23/23 22/22/22 26/26/26
f 22/22/22 27/27/27 26/26/26
f 23/23/23 26/26/26 28/28/28
f 29/29/29 31/31/31 30/30/30
f 29/29/29 30/30/30 32/32/32
f 32/32/32 30/30/30 33/33/33
f 32/32/32 33/33/33 34/34/34
f 35/35/35 31/31/31 29/29/29
f 35/35/35 29/29/29 36/36/36
f 37/37/37 38/38/38 36/36/36
f 37/37/37 36/36/36 39/39/39
f 40/40/40 42/42/42 41/41/41
f 40/40/40 41/41/41 43/43/43
f 42/42/42 44/44/44 41/41/41
f 43/43/43 41/41/41 45/45/45
f 43/43/43 45/45/45 46/46/46
f 41/41/41 44/44/44 47/47/47
f 41/41/41 47/47/47 45/45/45
f 48/48/48 50/50/50 49/49/49
f 48/48/48 49/49/49 51/51/51
f 50/50/50 48/48/48 52/52/52
f 50/50/50 52/52/52 53/53/53
f 54/54/54 55/55/55 50/50/50
f 54/54/54 50/50/50 56/56/56
f 57/57/57 59/59/59 58/58/58
f 57/57/57 58/58/58 60/60/60
f 61/61/61 58/58/58 59/59/59
f 61/61/61 59/59/59 62/62/62
f 62/62/62 63/63/63 61/61/61
f 62/62/62 64/64/64 63/63/63
f 65/65/65 67/67/67 66/66/66
f 65/65/65 66/66/66 68/68/68
f 69/69/69 71/71/71 70/70/70
f 69/69/69 70/70/70 72/72/72
f 71/71/71 73/73/73 70/70/70
f 71/71/71 74/74/74 73/73/73
f 74/74/74 75/75/75 73/73/73
f 74/74/74 76/76/76 75/75/75
f 76/76/76 77/77/77 75/75/75
f 76/76/76 78/78/78 77/77/77
f 79/79/79 69/69/69 72/72/72
f 79/79/79 72/72/72 80/80/80
f 72/72/72 70/70/70 81/81/81
f 70/70/70 73/73/73 81/81/81
f 73/73/73 75/75/75 81/81/81
f 75/75/75 77/77/77 81/81/81
f 80/80/80 72/72/72 81/81/81
f 82/82/82 84/84/84 83/83/83
f 82/82/82 83/83/83 85/85/85
f 86/86/86 82/82/82 85/85/85
f 86/86/86 87/87/87 82/82/82
f 83/83/83 84/84/84 88/88/88
f 83/83/83 88/88/88 89/89/89
f 90/90/90 87/87/87 86/86/86
f 90/90/90 91/91/91 87/87/87
f 92/92/92 91/91/91 90/90/90
f 92/92/92 93/93/93 91/91/91
f 94/94/94 96/96/96 95/95/95
f 95/95/95 96/96/96 97/97/97
f 97/97/97 96/96/96 98/98/98
f 97/97/97 98/98/98 99/99/99
f 95/95/95 97/97/97 100/100/100
f 100/100/100 97/97/97 101/101/101
f 102/102/102 97/97/97 99/99/99
f 103/103/103 97/97/97 102/102/102
f 103/103/103 104/104/104 97/97/97
f 105/105/105 104/104/104 103/103/103
f 106/106/106 104/104/104 105/105/105
f 106/106/106 105/105/105 107/107/107
f 108/108/108 110/110/110 109/109/109
f 108/108/108 109/109/109 111/111/111
f 109/109/109 110/110/110 112/112/112
f 109/109/109 112/112/112 113/113/113
f 113/113/113 112/112/112 114/114/114
f 113/113/113 114/114/114 115/115/115
f 115/115/115 114/114/114 116/116/116
f 115/115/115 116/116/116 117/117/117
f 117/117/117 116/116/116 118/118/118
f 117/117/117 118/118/118 119/119/119
f 120/120/120 122/122/122 121/121/121
f 120/120/120 121/121/121 123/123/123
f 124/124/124 121/121/121 122/122/122
f 124/124/124 122/122/122 125/125/125
f 126/126/126 128/128/128 127/127/127
f 126/126/126 127/127/127 129/129/129
f 130/130/130 132/132/132 131/131/131
f 130/130/130 131/131/131 133/133/133
f 134/134/134 136/136/136 135/135/135
f 134/134/134 135/135/135 137/137/137
f 138/138/138 140/140/140 139/139/139
f 138/138/138 139/139/139 141/141/141
f 142/142/142 144/144/144 143/143/143
f 142/142/142 143/143/143 145/145/145
f 146/146/146 148/148/148 147/147/147
f 146/146/146 147/147/147 149/149/149
f 147/147/147 150/150/150 149/149/149
f 147/147/147 151/151/151 150/150/150
f 152/152/152 150/150/150 151/151/151
f 152/152/152 153/153/153 150/150/150
f 154/154/154 148/148/148 146/146/146
f 154/154/154 146/146/146 155/155/155
f 156/156/156 154/154/154 155/155/155
f 156/156/156 157/157/157 154/154/154
f 156/156/156 158/158/158 157/157/157
f 156/156/156 159/159/159 158/158/158
f 160/160/160 162/162/162 161/161/161
f 160/160/160 161/161/161 163/163/163
f 164/164/164 162/162/162 160/160/160
f 164/164/164 160/160/160 165/165/165
f 166/166/166 168/168/168 167/167/167
f 166/166/166 167/167/167 169/169/169
f 167/167/167 168/168/168 170/170/170
f 167/167/167 170/170/170 171/171/171
f 172/172/172 174/174/174 173/173/173
f 172/172/172 173/173/173 175/175/175
f 176/176/176 172/172/172 175/175/175
f 176/176/176 175/175/175 177/177/177
f 178/178/178 176/176/176 177/177/177
f 178/178/178 177/177/177 179/179/179
f 180/180/180 178/178/178 179/179/179
f 180/180/180 179/179/179 181/181/181
f 175/175/175 173/173/173 182/182/182
f 175/175/175 182/182/182 183/183/183
f 177/177/177 175/175/175 183/183/183
f 181/181/181 179/179/179 184/184/184
f 181/181/181 184/184/184 185/185/185
f 179/179/179 177/177/177 186/186/186
f 179/179/179 186/186/186 184/184/184
f 177/177/177 183/183/183 186/186/186
f 187/187/187 189/189/189 188/188/188
f 189/189/189 190/190/190 188/188/188
f 190/190/190 191/191/191 188/188/188
f 191/191/191 192/192/192 188/188/188
f 193/193/193 195/195/195 194/194/194
f 193/193/193 194/194/194 196/196/196
f 195/195/195 197/197/197 194/194/194
f 195/195/195 198/198/198 197/197/197
f 197/197/197 198/198/198 199/199/199
f 197/197/197 199/199/199 200/200/200
f 201/201/201 203/203/203 202/202/202
f 201/201/201 202/202/202 204/204/204
f 204/204/204 202/202/202 205/205/205
f 204/204/204 205/205/205 206/206/206
f 204/204/204 206/206/206 207/207/207
f 204/204/204 207/207/207 208/208/208
f 209/209/209 211/211/211 210/210/210
f 209/209/209 210/210/210 212/212/212
f 209/209/209 212/212/212 213/213/213
f 209/209/209 213/213/213 214/214/214
f 213/213/213 215/215/215 214/214/214
f 213/213/213 216/216/216 215/215/215
f 217/217/217 215/215/215 216/216/216
f 217/217/217 218/218/218 215/215/215
f 218/218/218 217/217/217 219/219/219
f 218/218/218 219/219/219 220/220/220
f 221/221/221 223/223/223 222/222/222
f 221/221/221 222/222/222 224/224/224
f 224/224/224 222/222/222 225/225/225
f 224/224/224 225/225/225 226/226/226
f 221/221/221 224/224/224 227/227/227
f 221/221/221 227/227/227 228/228/228
f 229/229/229 231/231/231 230/230/230
f 229/229/229 230/230/230 232/232/232
f 232/232/232 230/230/230 233/233/233
f 232/232/232 233/233/233 234/234/234
f 233/233/233 230/230/230 235/235/235
f 233/233/233 235/235/235 236/236/236
f 237/237/237 239/239/239 238/238/238
f 237/237/237 238/238/238 240/240/240
f 240/240/240 241/241/241 237/237/237
f 240/240/240 242/242/242 241/241/241
f 241/241/241 242/242/242 243/243/243
f 241/241/241 243/243/243 244/244/244
f 245/245/245 247/247/247 246/246/246
f 245/245/245 246/246/246 248/248/248
f 248/248/248 246/246/246 249/249/249
f 248/248/248 249/249/249 250/250/250
f 246/246/246 247/247/247 251/251/251
f 246/246/246 251/251/251 252/252/252
f 253/253/253 255/255/255 254/254/254
f 253/253/253 254/254/254 256/256/256
f 254/254/254 255/255/255 257/257/257
f 254/254/254 257/257/257 258/258/258
f 258/258/258 257/257/257 259/259/259
f 258/258/258 259/259/259 260/260/260
f 261/261/261 260/260/260 259/259/259
f 261/261/261 262/262/262 260/260/260
f 263/263/263 265/265/265 264/264/264
f 263/263/263 264/264/264 266/266/266
f 264/264/264 265/265/265 267/267/267
f 264/264/264 267/267/267 268/268/268
f 269/269/269 271/271/271 270/270/270
f 269/269/269 270/270/270 272/272/272
f 270/270/270 271/271/271 273/273/273
f 270/270/270 273/273/273 274/274/274
f 270/270/270 274/274/274 275/275/275
f 273/273/273 271/271/271 276/276/276
f 277/277/277 279/279/279 278/278/278
f 277/277/277 278/278/278 280/280/280
f 278/278/278 279/279/279 281/281/281
f 278/278/278 281/281/281 282/282/282
f 283/283/283 285/285/285 284/284/284
f 283/283/283 284/284/284 286/286/286
f 284/284/284 285/285/285 287/287/287
f 284/284/284 287/287/287 288/288/288
f 287/287/287 285/285/285 289/289/289
f 284/284/284 288/288/288 290/290/290
f 291/291/291 293/293/293 292/292/292
f 291/291/291 292/292/292 294/294/294
f 295/295/295 292/292/292 293/293/293
f 295/295/295 296/296/296 292/292/292
f 297/297/297 291/291/291 294/294/294
f 297/297/297 298/298/298 291/291/291
f 299/299/299 301/301/301 300/300/300
f 299/299/299 300/300/300 302/302/302
f 302/302/302 300/300/300 303/303/303
f 304/304/304 302/302/302 303/303/303
f 302/302/302 304/304/304 305/305/305
f 302/302/302 305/305/305 306/306/306
f 307/307/307 309/309/309 308/308/308
f 307/307/307 308/308/308 310/310/310
f 309/309/309 307/307/307 311/311/311
f 312/312/312 311/311/311 307/307/307
f 312/312/312 307/307/307 313/313/313
f 312/312/312 313/313/313 314/314/314
f 315/315/315 317/317/317 316/316/316
f 315/315/315 316/316/316 318/318/318
f 316/316/316 317/317/317 319/319/319
f 316/316/316 319/319/319 320/320/320
f 321/321/321 320/320/320 319/319/319
f 321/321/321 319/319/319 322/322/322
f 321/321/321 322/322/322 323/323/323
f 321/321/321 323/323/323 324/324/324
f 325/325/325 327/327/327 326/326/326
f 325/325/325 326/326/326 328/328/328
f 325/325/325 328/328/328 329/329/329
f 325/325/325 329/329/329 330/330/330
f 331/331/331 333/333/333 332/332/332
f 331/331/331 332/332/332 334/334/334
f 333/333/333 335/335/335 332/332/332
f 333/333/333 336/336/336 335/335/335
f 336/336/336 337/337/337 335/335/335
f 336/336/336 338/338/338 337/337/337
f 339/339/339 341/341/341 340/340/340
f 339/339/339 340/340/340 342/342/342
f 341/341/341 343/343/343 340/340/340
f 341/341/341 344/344/344 343/343/343
f 344/344/344 345/345/345 343/343/343
f 344/344/344 346/346/346 345/345/345
f 340/340/340 343/343/343 347/347/347
f 346/346/346 348/348/348 345/345/345
f 346/346/346 349/349/349 348/348/348
f 350/350/350 352/352/352 351/351/351
f 352/352/352 353/353/353 351/351/351
f 352/352/352 354/354/354 353/353/353
f 354/354/354 355/355/355 353/353/353
f 353/353/353 356/356/356 351/351/351
f 351/351/351 356/356/356 357/357/357
f 353/353/353 358/358/358 356/356/356
f 359/359/359 361/361/361 360/360/360
f 359/359/359 360/360/360 362/362/362
f 361/361/361 363/363/363 360/360/360
f 361/361/361 364/364/364 363/363/363
f 365/365/365 359/359/359 362/362/362
f 365/365/365 366/366/366 359/359/359
f 367/367/367 368/368/368 366/366/366
f 367/367/367 366/366/366 369/369/369
f 370/370/370 372/372/372 371/371/371
f 370/370/370 371/371/371 373/373/373
f 373/373/373 371/371/371 374/374/374
f 372/372/372 375/375/375 371/371/371
f 372/372/372 376/376/376 375/375/375
f 371/371/371 375/375/375 377/377/377
f 371/371/371 377/377/377 374/374/374
f 378/378/378 380/380/380 379/379/379
f 378/378/378 379/379/379 381/381/381
f 381/381/381 382/382/382 378/378/378
f 381/381/381 383/383/383 382/382/382
f 384/384/384 385/385/385 381/381/381
f 384/384/384 381/381/381 386/386/386
f 387/387/387 389/389/389 388/388/388
f 387/387/387 388/388/388 390/390/390
f 391/391/391 390/390/390 388/388/388
f 391/391/391 392/392/392 390/390/390
f 392/392/392 391/391/391 393/393/393
f 392/392/392 393/393/393 394/394/394
f 395/395/395 397/397/397 396/396/396
f 395/395/395 396/396/396 398/398/398
f 399/399/399 401/401/401 400/400/400
f 399/399/399 400/400/400 402/402/402
f 402/402/402 400/400/400 403/403/403
f 402/402/402 403/403/403 404/404/404
f 404/404/404 403/403/403 405/405/405
f 404/404/404 405/405/405 406/406/406
f 406/406/406 405/405/405 407/407/407
f 406/406/406 407/407/407 408/408/408
f 409/409/409 401/401/401 399/399/399
f 409/409/409 410/410/410 401/401/401
f 401/401/401 411/411/411 400/400/400
f 400/400/400 411/411/411 403/403/403
f 403/403/403 411/411/411 405/405/405
f 405/405/405 411/411/411 407/407/407
f 410/410/410 411/411/411 401/401/401
f 412/412/412 414/414/414 413/413/413
f 412/412/412 413/413/413 415/415/415
f 416/416/416 414/414/414 412/412/412
f 416/416/416 412/412/412 417/417/417
f 413/413/413 418/418/418 415/415/415
f 413/413/413 419/419/419 418/418/418
f 420/420/420 416/416/416 417/417/417
f 420/420/420 417/417/417 421/421/421
f 422/422/422 420/420/420 421/421/421
f 422/422/422 421/421/421 423/423/423
f 424/424/424 426/426/426 425/425/425
f 426/426/426 427/427/427 425/425/425
f 427/427/427 428/428/428 425/425/425
f 427/427/427 429/429/429 428/428/428
f 426/426/426 430/430/430 427/427/427
f 430/430/430 431/431/431 427/427/427
f 432/432/432 429/429/429 427/427/427
f 433/433/433 432/432/432 427/427/427
f 433/433/433 427/427/427 434/434/434
f 435/435/435 433/433/433 434/434/434
f 436/436/436 435/435/435 434/434/434
f 436/436/436 437/437/437 435/435/435
f 438/438/438 440/440/440 439/439/439
f 438/438/438 439/439/439 441/441/441
f 439/439/439 442/442/442 441/441/441
f 439/439/439 443/443/443 442/442/442
f 443/443/443 444/444/444 442/442/442
f 443/443/443 445/445/445 444/444/444
f 445/445/445 446/446/446 444/444/444
f 445/445/445 447/447/447 446/446/446
f 447/447/447 448/448/448 446/446/446
f 447/447/447 449/449/449 448/448/448
f 450/450/450 452/452/452 451/451/451
f 450/450/450 451/451/451 453/453/453
f 454/454/454 453/453/453 451/451/451
f 454/454/454 455/455/455 453/453/453
f 456/456/456 458/458/458 457/457/457
f 456/456/456 457/457/457 459/459/459
f 460/460/460 458/458/458 456/456/456
f 460/460/460 461/461/461 458/458/458
f 462/462/462 461/461/461 460/460/460
f 462/462/462 463/463/463 461/461/461
f 464/464/464 463/463/463 462/462/462
f 464/464/464 465/465/465 463/463/463
f 458/458/458 466/466/466 457/457/457
f 458/458/458 467/467/467 466/466/466
f 461/461/461 467/467/467 458/458/458
f 465/465/465 468/468/468 463/463/463
f 465/465/465 469/469/469 468/468/468
f 463/463/463 468/468/468 470/470/470
f 463/463/463 470/470/470 461/461/461
f 461/461/461 470/470/470 467/467/467
f 471/471/471 473/473/473 472/472/472
f 472/472/472 473/473/473 474/474/474
f 474/474/474 473/473/473 475/475/475
f 475/475/475 473/473/473 476/476/476
f 477/477/477 479/479/479 478/478/478
f 477/477/477 478/478/478 480/480/480
f 478/478/478 479/479/479 481/481/481
f 478/478/478 481/481/481 482/482/482
f 482/482/482 481/481/481 483/483/483
f 482/482/482 483/483/483 484/484/484
f 485/485/485 487/487/487 486/486/486
f 486/486/486 487/487/487 488/488/488
f 486/486/486 488/488/488 489/489/489
f 489/489/489 488/488/488 490/490/490
f 489/489/489 490/490/490 491/491/491
f 492/492/492 494/494/494 493/493/493
f 492/492/492 493/493/493 495/495/495
f 493/493/493 494/494/494 496/496/496
f 493/493/493 496/496/496 497/497/497
f 497/497/497 496/496/496 498/498/498
f 497/497/497 498/498/498 499/499/499
f 500/500/500 499/499/499 498/498/498
f 500/500/500 498/498/498 501/501/501
f 502/502/502 504/504/504 503/503/503
f 503/503/503 504/504/504 505/505/505
f 503/503/503 505/505/505 506/506/506
f 506/506/506 505/505/505 507/507/507
f 506/506/506 507/507/507 508/508/508
f 509/509/509 511/511/511 510/510/510
f 509/509/509 510/510/510 512/512/512
f 510/510/510 511/511/511 513/513/513
f 510/510/510 513/513/513 514/514/514
f 514/514/514 513/513/513 515/515/515
f 514/514/514 515/515/515 516/516/516
f 517/517/517 519/519/519 518/518/518
f 518/518/518 519/519/519 520/520/520
f 518/518/518 520/520/520 521/521/521
f 521/521/521 520/520/520 522/522/522
f 521/521/521 522/522/522 523/523/523
f 524/524/524 526/526/526 525/525/525
f 524/524/524 525/525/525 527/527/527
f 525/525/525 526/526/526 528/528/528
f 525/525/525 528/528/528 529/529/529
f 529/529/529 528/528/528 530/530/530
f 529/529/529 530/530/530 531/531/531
f 532/532/532 531/531/531 530/530/530
f 532/532/532 530/530/530 533/533/533
f 534/534/534 536/536/536 535/535/535
f 535/535/535 536/536/536 537/537/537
f 535/535/535 537/537/537 538/538/538
f 538/538/538 537/537/537 539/539/539
f 538/538/538 539/539/539 540/540/540
f 541/541/541 543/543/543 542/542/542
f 541/541/541 542/542/542 544/544/544
f 542/542/542 543/543/543 545/545/545
f 542/542/542 545/545/545 546/546/546
f 546/546/546 545/545/545 547/547/547
f 546/546/546 547/547/547 548/548/548
f 549/549/549 551/551/551 550/550/550
f 550/550/550 551/551/551 552/552/552
f 550/550/550 552/552/552 553/553/553
f 553/553/553 552/552/552 554/554/554
f 553/553/553 554/554/554 555/555/555
f 556/556/556 558/558/558 557/557/557
f 556/556/556 557/557/557 559/559/559
f 557/557/557 558/558/558 560/560/560
f 557/557/557 560/560/560 561/561/561
f 561/561/561 560/560/560 562/562/562
f 561/561/561 562/562/562 563/563/563
f 564/564/564 563/563/563 562/562/562
f 564/564/564 562/562/562 565/565/565
f 566/566/566 568/568/568 567/567/567
f 567/567/567 568/568/568 569/569/569
f 567/567/567 569/569/569 570/570/570
f 570/570/570 569/569/569 571/571/571
f 570/570/570 571/571/571 572/572/572
f 573/573/573 575/575/575 574/574/574
f 573/573/573 574/574/574 576/576/576
f 574/574/574 575/575/575 577/577/577
f 574/574/574 577/577/577 578/578/578
f 578/578/578 577/577/577 579/579/579
f 578/578/578 579/579/579 580/580/580
f 581/581/581 583/583/583 582/582/582
f 582/582/582 583/583/583 584/584/584
f 582/582/582 584/584/584 585/585/585
f 585/585/585 584/584/584 586/586/586
f 585/585/585 586/586/586 587/587/587
f 588/588/588 590/590/590 589/589/589
f 588/588/588 589/589/589 591/591/591
f 589/589/589 590/590/590 592/592/592
f 589/589/589 592/592/592 593/593/593
f 593/593/593 592/592/592 594/594/594
f 593/593/593 594/594/594 595/595/595
f 596/596/596 595/595/595 594/594/594
f 596/596/596 594/594/594 597/597/597
f 598/598/598 600/600/600 599/599/599
f 599/599/599 600/600/600 601/601/601
f 599/599/599 601/601/601 602/602/602
f 602/602/602 601/601/601 603/603/603
f 602/602/602 603/603/603 604/604/604
f 605/605/605 607/607/607 606/606/606
f 605/605/605 606/606/606 608/608/608
f 609/609/609 605/605/605 608/608/608
f 609/609/609 608/608/608 610/610/610
f 607/607/607 611/611/611 606/606/606
f 607/607/607 612/612/612 611/611/611
f 613/613/613 607/607/607 605/605/605
f 613/613/613 614/614/614 607/607/607
f 614/614/614 612/612/612 607/607/607
f 615/615/615 613/613/613 605/605/605
f 615/615/615 605/605/605 609/609/609
f 614/614/614 616/616/616 612/612/612
f 608/608/608 606/606/606 617/617/617
f 608/608/608 617/617/617 618/618/618
f 610/610/610 608/608/608 618/618/618
f 610/610/610 618/618/618 619/619/619
f 606/606/606 611/611/611 620/620/620
f 606/606/606 620/620/620 617/617/617
f 618/618/618 617/617/617 621/621/621
f 618/618/618 621/621/621 622/622/622
f 619/619/619 618/618/618 622/622/622
f 622/622/622 621/621/621 623/623/623
f 622/622/622 623/623/623 624/624/624
f 625/625/625 622/622/622 624/624/624
f 619/619/619 622/622/622 625/625/625
f 625/625/625 624/624/624 626/626/626
f 621/621/621 627/627/627 623/623/623
f 621/621/621 628/628/628 627/627/627
f 617/617/617 620/620/620 628/628/628
f 617/617/617 628/628/628 621/621/621
f 624/624/624 623/623/623 629/629/629
f 624/624/624 629/629/629 630/630/630
f 626/626/626 624/624/624 630/630/630
f 626/626/626 630/630/630 631/631/631
f 623/623/623 627/627/627 632/632/632
f 623/623/623 632/632/632 629/629/629
f 633/633/633 635/635/635 634/634/634
f 633/633/633 634/634/634 636/636/636
f 637/637/637 633/633/633 636/636/636
f 637/637/637 636/636/636 638/638/638
f 639/639/639 635/635/635 633/633/633
f 639/639/639 640/640/640 635/635/635
f 641/641/641 639/639/639 633/633/633
f 641/641/641 633/633/633 637/637/637
f 636/636/636 634/634/634 642/642/642
f 636/636/636 642/642/642 643/643/643
f 638/638/638 636/636/636 643/643/643
f 638/638/638 643/643/643 644/644/644
f 643/643/643 642/642/642 645/645/645
f 643/643/643 645/645/645 646/646/646
f 644/644/644 643/643/643 646/646/646
f 646/646/646 645/645/645 647/647/647
f 646/646/646 647/647/647 648/648/648
f 649/649/649 646/646/646 648/648/648
f 644/644/644 646/646/646 649/649/649
f 649/649/649 648/648/648 650/650/650
f 648/648/648 647/647/647 651/651/651
f 648/648/648 651/651/651 652/652/652
f 650/650/650 648/648/648 652/652/652
f 650/650/650 652/652/652 653/653/653
f 654/654/654 656/656/656 655/655/655
f 654/654/654 655/655/655 657/657/657
f 658/658/658 656/656/656 654/654/654
f 658/658/658 659/659/659 656/656/656
f 657/657/657 655/655/655 660/660/660
f 657/657/657 660/660/660 661/661/661
f 662/662/662 654/654/654 657/657/657
f 662/662/662 657/657/657 663/663/663
f 663/663/663 657/657/657 661/661/661
f 664/664/664 658/658/658 654/654/654
f 664/664/664 654/654/654 662/662/662
f 663/663/663 661/661/661 665/665/665
f 656/656/656 666/666/666 655/655/655
f 656/656/656 667/667/667 666/666/666
f 659/659/659 667/667/667 656/656/656
f 659/659/659 668/668/668 667/667/667
f 655/655/655 666/666/666 669/669/669
f 655/655/655 669/669/669 660/660/660
f 667/667/667 670/670/670 666/666/666
f 667/667/667 671/671/671 670/670/670
f 668/668/668 671/671/671 667/667/667
f 671/671/671 672/672/672 670/670/670
f 671/671/671 673/673/673 672/672/672
f 674/674/674 673/673/673 671/671/671
f 668/668/668 674/674/674 671/671/671
f 674/674/674 675/675/675 673/673/673
f 670/670/670 672/672/672 676/676/676
f 670/670/670 676/676/676 677/677/677
f 666/666/666 670/670/670 677/677/677
f 666/666/666 677/677/677 669/669/669
f 673/673/673 678/678/678 672/672/672
f 673/673/673 679/679/679 678/678/678
f 675/675/675 679/679/679 673/673/673
f 675/675/675 680/680/680 679/679/679
f 672/672/672 678/678/678 681/681/681
f 672/672/672 681/681/681 676/676/676
f 682/682/682 684/684/684 683/683/683
f 682/682/682 683/683/683 685/685/685
f 686/686/686 684/684/684 682/682/682
f 686/686/686 687/687/687 684/684/684
f 688/688/688 682/682/682 685/685/685
f 688/688/688 685/685/685 689/689/689
f 690/690/690 686/686/686 682/682/682
f 690/690/690 682/682/682 688/688/688
f 684/684/684 691/691/691 683/683/683
f 684/684/684 692/692/692 691/691/691
f 687/687/687 692/692/692 684/684/684
f 687/687/687 693/693/693 692/692/692
f 692/692/692 694/694/694 691/691/691
f 692/692/692 695/695/695 694/694/694
f 693/693/693 695/695/695 692/692/692
f 695/695/695 696/696/696 694/694/694
f 695/695/695 697/697/697 696/696/696
f 698/698/698 697/697/697 695/695/695
f 693/693/693 698/698/698 695/695/695
f 698/698/698 699/699/699 697/697/697
f 697/697/697 700/700/700 696/696/696
f 697/697/697 701/701/701 700/700/700
f 699/699/699 701/701/701 697/697/697
f 699/699/699 702/702/702 701/701/701
f 703/703/703 705/705/705 704/704/704
f 703/703/703 704/704/704 706/706/706
f 707/707/707 703/703/703 706/706/706
f 707/707/707 706/706/706 708/708/708
f 709/709/709 707/707/707 708/708/708
f 709/709/709 708/708/708 710/710/710
f 711/711/711 705/705/705 703/703/703
f 711/711/711 712/712/712 705/705/705
f 713/713/713 707/707/707 709/709/709
f 713/713/713 714/714/714 707/707/707
f 714/714/714 711/711/711 703/703/703
f 714/714/714 703/703/703 707/707/707
f 706/706/706 704/704/704 715/715/715
f 706/706/706 715/715/715 716/716/716
f 708/708/708 706/706/706 716/716/716
f 710/710/710 708/708/708 717/717/717
f 708/708/708 716/716/716 717/717/717
f 710/710/710 717/717/717 718/718/718
f 716/716/716 715/715/715 719/719/719
f 716/716/716 719/719/719 720/720/720
f 717/717/717 716/716/716 720/720/720
f 717/717/717 720/720/720 721/721/721
f 718/718/718 717/717/717 721/721/721
f 718/718/718 721/721/721 722/722/722
f 720/720/720 719/719/719 723/723/723
f 723/723/723 719/719/719 724/724/724
f 724/724/724 725/725/725 723/723/723
f 725/725/725 726/726/726 723/723/723
f 720/720/720 723/723/723 726/726/726
f 725/725/725 727/727/727 726/726/726
f 724/724/724 728/728/728 725/725/725
f 726/726/726 727/727/727 729/729/729
f 726/726/726 729/729/729 730/730/730
f 730/730/730 720/720/720 726/726/726
f 730/730/730 721/721/721 720/720/720
f 731/731/731 721/721/721 730/730/730
f 732/732/732 721/721/721 731/731/731
f 732/732/732 722/722/722 721/721/721
f 731/731/731 733/733/733 732/732/732
f 731/731/731 734/734/734 733/733/733
f 730/730/730 729/729/729 734/734/734
f 730/730/730 734/734/734 731/731/731
f 732/732/732 733/733/733 735/735/735
f 732/732/732 735/735/735 736/736/736
f 736/736/736 722/722/722 732/732/732
f 737/737/737 739/739/739 738/738/738
f 737/737/737 738/738/738 740/740/740
f 739/739/739 741/741/741 738/738/738
f 739/739/739 742/742/742 741/741/741
f 742/742/742 743/743/743 741/741/741
f 742/742/742 744/744/744 743/743/743
f 745/745/745 742/742/742 739/739/739
f 745/745/745 746/746/746 742/742/742
f 747/747/747 740/740/740 738/738/738
f 747/747/747 748/748/748 740/740/740
f 738/738/738 741/741/741 749/749/749
f 738/738/738 749/749/749 747/747/747
f 741/741/741 743/743/743 750/750/750
f 741/741/741 750/750/750 749/749/749
f 749/749/749 750/750/750 751/751/751
f 749/749/749 751/751/751 752/752/752
f 747/747/747 749/749/749 752/752/752
f 747/747/747 752/752/752 753/753/753
f 754/754/754 748/748/748 747/747/747
f 754/754/754 747/747/747 753/753/753
f 755/755/755 754/754/754 753/753/753
f 755/755/755 753/753/753 756/756/756
f 756/756/756 757/757/757 755/755/755
f 756/756/756 758/758/758 757/757/757
f 755/755/755 757/757/757 759/759/759
f 755/755/755 759/759/759 760/760/760
f 760/760/760 754/754/754 755/755/755
f 761/761/761 758/758/758 756/756/756
f 756/756/756 753/753/753 761/761/761
f 761/761/761 753/753/753 752/752/752
f 761/761/761 752/752/752 762/762/762
f 762/762/762 763/763/763 761/761/761
f 761/761/761 763/763/763 758/758/758
f 762/762/762 764/764/764 763/763/763
f 765/765/765 764/764/764 762/762/762
f 762/762/762 752/752/752 765/765/765
f 765/765/765 752/752/752 751/751/751
f 765/765/765 751/751/751 766/766/766
f 766/766/766 767/767/767 765/765/765
f 765/765/765 767/767/767 764/764/764
f 766/766/766 768/768/768 767/767/767
f 769/769/769 771/771/771 770/770/770
f 769/769/769 770/770/770 772/772/772
f 773/773/773 775/775/775 774/774/774
f 773/773/773 774/774/774 776/776/776
f 777/777/777 779/779/779 778/778/778
f 777/777/777 778/778/778 780/780/780
f 779/779/779 781/781/781 778/778/778
f 779/779/779 782/782/782 781/781/781
f 782/782/782 783/783/783 781/781/781
f 782/782/782 784/784/784 783/783/783
f 785/785/785 787/787/787 786/786/786
f 785/785/785 786/786/786 788/788/788
f 789/789/789 785/785/785 788/788/788
f 789/789/789 788/788/788 790/790/790
f 791/791/791 789/789/789 790/790/790
f 791/791/791 790/790/790 792/792/792
f 793/793/793 795/795/795 794/794/794
f 793/793/793 796/796/796 795/795/795
f 797/797/797 796/796/796 793/793/793
f 797/797/797 798/798/798 796/796/796
f 799/799/799 798/798/798 797/797/797
f 799/799/799 800/800/800 798/798/798
f 796/796/796 801/801/801 795/795/795
f 796/796/796 802/802/802 801/801/801
f 803/803/803 798/798/798 800/800/800
f 803/803/803 804/804/804 798/798/798
f 804/804/804 802/802/802 796/796/796
f 804/804/804 796/796/796 798/798/798
f 802/802/802 805/805/805 801/801/801
f 803/803/803 806/806/806 804/804/804
f 804/804/804 807/807/807 802/802/802
f 805/805/805 808/808/808 801/801/801
f 802/802/802 809/809/809 805/805/805
f 807/807/807 809/809/809 802/802/802
f 804/804/804 810/810/810 807/807/807
f 806/806/806 810/810/810 804/804/804
f 803/803/803 811/811/811 806/806/806
f 812/812/812 814/814/814 813/813/813
f 812/812/812 815/815/815 814/814/814
f 813/813/813 814/814/814 816/816/816
f 813/813/813 816/816/816 817/817/817
f 817/817/817 816/816/816 818/818/818
f 817/817/817 818/818/818 819/819/819
f 820/820/820 814/814/814 815/815/815
f 820/820/820 821/821/821 814/814/814
f 821/821/821 816/816/816 814/814/814
f 821/821/821 822/822/822 816/816/816
f 822/822/822 818/818/818 816/816/816
f 822/822/822 823/823/823 818/818/818
f 821/821/821 824/824/824 822/822/822
f 822/822/822 825/825/825 823/823/823
f 820/820/820 826/826/826 821/821/821
f 820/820/820 827/827/827 826/826/826
f 826/826/826 828/828/828 821/821/821
f 821/821/821 828/828/828 824/824/824
f 825/825/825 829/829/829 823/823/823
f 822/822/822 830/830/830 825/825/825
f 824/824/824 830/830/830 822/822/822
f 831/831/831 833/833/833 832/832/832
f 831/831/831 832/832/832 834/834/834
f 833/833/833 835/835/835 832/832/832
f 833/833/833 836/836/836 835/835/835
f 836/836/836 837/837/837 835/835/835
f 836/836/836 838/838/838 837/837/837
f 838/838/838 839/839/839 837/837/837
f 838/838/838 840/840/840 839/839/839
f 840/840/840 841/841/841 839/839/839
f 840/840/840 842/842/842 841/841/841
f 842/842/842 831/831/831 834/834/834
f 842/842/842 834/834/834 841/841/841
f 843/843/843 845/845/845 844/844/844
f 843/843/843 844/844/844 846/846/846
f 843/843/843 847/847/847 845/845/845
f 843/843/843 848/848/848 847/847/847
f 849/849/849 851/851/851 850/850/850
f 849/849/849 850/850/850 852/852/852
f 852/852/852 850/850/850 853/853/853
f 852/852/852 853/853/853 854/854/854
f 854/854/854 853/853/853 855/855/855
f 854/854/854 855/855/855 856/856/856
f 856/856/856 855/855/855 857/857/857
f 856/856/856 857/857/857 858/858/858
f 858/858/858 857/857/857 859/859/859
f 858/858/858 859/859/859 860/860/860
f 860/860/860 859/859/859 851/851/851
f 860/860/860 851/851/851 849/849/849
f 861/861/861 863/863/863 862/862/862
f 861/861/861 862/862/862 864/864/864
f 861/861/861 864/864/864 865/865/865
f 861/861/861 865/865/865 866/866/866
f 867/867/867 869/869/869 868/868/868
f 870/870/870 872/872/872 871/871/871
f 873/873/873 875/875/875 874/874/874
f 876/876/876 878/878/878 877/877/877
f 879/879/879 881/881/881 880/880/880
f 882/882/882 884/884/884 883/883/883
f 885/885/885 887/887/887 886/886/886
f 888/888/888 890/890/890 889/889/889
f 891/891/891 893/893/893 892/892/892
f 894/894/894 896/896/896 895/895/895
f 897/897/897 899/899/899 898/898/898
f 900/900/900 902/902/902 901/901/901
f 903/903/903 905/905/905 904/904/904
f 906/906/906 908/908/908 907/907/907
f 909/909/909 911/911/911 910/910/910
f 909/909/909 910/910/910 912/912/912
f 913/913/913 909/909/909 912/912/912
f 913/913/913 912/912/912 914/914/914
f 915/915/915 917/917/917 916/916/916
f 915/915/915 916/916/916 918/918/918
f 919/919/919 917/917/917 915/915/915
f 919/919/919 920/920/920 917/917/917
f 921/921/921 920/920/920 919/919/919
f 921/921/921 922/922/922 920/920/920
f 923/923/923 925/925/925 924/924/924
f 923/923/923 924/924/924 926/926/926
f 925/925/925 927/927/927 924/924/924
f 925/925/925 928/928/928 927/927/927
f 928/928/928 929/929/929 927/927/927
f 928/928/928 930/930/930 929/929/929
f 931/931/931 933/933/933 932/932/932
f 931/931/931 932/932/932 934/934/934
f 933/933/933 935/935/935 932/932/932
f 933/933/933 936/936/936 935/935/935
f 937/937/937 939/939/939 938/938/938
f 937/937/937 938/938/938 940/940/940
f 941/941/941 937/937/937 940/940/940
f 941/941/941 940/940/940 942/942/942
f 943/943/943 941/941/941 942/942/942
f 943/943/943 942/942/942 944/944/944
f 945/945/945 947/947/947 946/946/946
f 945/945/945 946/946/946 948/948/948
f 949/949/949 947/947/947 945/945/945
f 949/949/949 950/950/950 947/947/947
f 951/951/951 950/950/950 949/949/949
f 951/951/951 952/952/952 950/950/950

o Gun01
v 0.107894424 0.303239119 -0.369632842
v 0.186892831 0.331410241 -0.238245322
v 0.10789444 0.404395264 -0.268476697
v 0.186892822 0.273007732 -0.296647831
v 0.186892844 0.331410271 -0.155651717
v 0.107894461 0.404395234 -0.125420341
v 0.186892852 0.273007762 -0.0972491863
v 0.107894477 0.303239119 -0.0242641734
v 0.215808243 0.231710952 -0.196948539
v -1.9334434e-05 0.314304602 -0.396347136
v -1.9316797e-05 0.431109619 -0.279542134
v -1.92918544e-05 0.431109619 -0.114354864
v -1.92742173e-05 0.314304542 0.00245018273
v -0.10793307 0.404395264 -0.268476664
v -0.107933085 0.303239119 -0.369632809
v -0.186931452 0.331410241 -0.238245266
v -0.186931461 0.273007732 -0.296647774
v -0.18693144 0.331410271 -0.155651661
v -0.107933048 0.404395234 -0.125420309
v -0.186931431 0.273007762 -0.0972491298
v -0.107933033 0.303239119 -0.0242641408
v -0.215846851 0.231710952 -0.196948474
v 0.349042967 0.0321348501 -0.00171320971
v 0.37666697 0.0266037029 0.141160759
v 0.388481214 0.0455286247 -0.00575809117
v 0.33620537 0.0129452017 0.141160765
v 0.383755512 0.0678434935 0.141160758
v 0.395447328 0.0860170019 -0.00575998467
v 0.350084401 0.0938127083 0.141160763
v 0.36265184 0.111425814 -0.00171334588
v 0.309945292 0.0804456663 0.141160769
v 0.323509857 0.098261286 0.00230356606
v 0.302884853 0.0393183795 0.14116077
v 0.316591159 0.0579726738 0.00230402904
v 0.33620537 0.0129452017 0.141160765
v 0.349042967 0.0321348501 -0.00171320971
v 0.311544803 0.0664805961 -0.116762581
v 0.339953297 0.0815056455 -0.142909578
v 0.289965363 0.0903174621 -0.0907770091
v 0.311544803 0.0664805961 -0.116762581
v 0.296812089 0.130173427 -0.0907836114
v 0.325038103 0.14509542 -0.116763917
v 0.346886002 0.121767868 -0.142932863
v 0.356331517 0.0775992838 0.225020206
v 0.284524318 0.121806007 0.273951368
v 0.324235368 0.103215244 0.220447521
v 0.316441565 0.0950806555 0.290287357
v 0.349261959 0.0366029856 0.225108839
v 0.308948993 0.0518036638 0.290421826
v 0.310367305 0.0227382896 0.22062431
v 0.26981115 0.0368040023 0.27422275
v 0.259769196 0.104791929 0.257874092
v 0.285667884 0.0896950928 0.215997951
v 0.252279038 0.0615077471 0.258010111
v 0.278609532 0.0487327618 0.216086643
v 0.26981115 0.0368040023 0.27422275
v 0.310367305 0.0227382896 0.22062431
vt 0.719789028 0.819873929
vt 0.811911464 0.567249835
vt 0.65325129 0.609756708
vt 0.880018711 0.678543329
vt 0.811911464 0.432751596
vt 0.65325129 0.390245765
vt 0.880018115 0.321457565
vt 0.719788194 0.180128127
vt 0.975135684 0.500000298
vt 0.499995947 0.876765251
vt 0.499995708 0.624368548
vt 0.499995708 0.375634491
vt 0.499995708 0.123237751
vt 0.34673968 0.609756827
vt 0.280202508 0.819874048
vt 0.188078225 0.567249894
vt 0.119971305 0.678543687
vt 0.188078284 0.432751715
vt 0.34673965 0.390245944
vt 0.119971722 0.321457505
vt 0.280202985 0.180128276
vt 0.0248532966 0.500000417
vt 0.703056931 0.657617569
vt 0.594953775 0.273741722
vt 0.594953775 0.657617569
vt 0.703056931 0.273741722
vt 0.484707475 0.273741722
vt 0.484707475 0.657617569
vt 0.376270801 0.273741722
vt 0.376270801 0.657617569
vt 0.274551272 0.273741722
vt 0.274551272 0.657617569
vt 0.170760721 0.273741722
vt 0.170760721 0.657617569
vt 0.0636305287 0.273741722
vt 0.0636305287 0.657617569
vt 0.703056931 0.990656495
vt 0.594953775 0.990656495
vt 0.170760721 0.990656495
vt 0.0636305287 0.990656495
vt 0.274551272 0.990656495
vt 0.376270801 0.990656495
vt 0.484707475 0.990656495
vt 0.570649862 0.253309637
vt 0.42579186 0.0150698144
vt 0.42579186 0.253309637
vt 0.570649862 0.0150698144
vt 0.722584844 0.253309637
vt 0.722584844 0.0150698144
vt 0.874261975 0.253309637
vt 0.874261975 0.0150698144
vt 0.294812262 0.0150698144
vt 0.294812262 0.253309637
vt 0.144799054 0.0150698144
vt 0.144799054 0.253309637
vt 0.0202639475 0.0150698144
vt 0.0202639475 0.253309637
vn 0.520756278 0.603660833 -0.603660912
vn 0.819439427 0.488022782 -0.300587408
vn 0.475788905 0.790932795 -0.384772961
vn 0.848028921 0.374731139 -0.374731267
vn 0.819439464 0.557631549 0.132536863
vn 0.475788956 0.831349486 0.287198368
vn 0.773923792 0.447795853 0.447795532
vn 0.386497401 0.652157961 0.652157767
vn 0.973827914 0.227286591 -1.8101442e-07
vn -1.06770167e-07 0.707106757 -0.707106805
vn -4.0010963e-08 0.96425374 -0.264980613
vn 7.46614945e-08 0.869199989 0.494460695
vn 1.06770177e-07 0.707106691 0.707106871
vn -0.475789021 0.790932795 -0.384772818
vn -0.520756461 0.603660833 -0.603660755
vn -0.819439517 0.488022782 -0.300587161
vn -0.848029035 0.374731139 -0.37473101
vn -0.819439424 0.557631549 0.132537111
vn -0.475788869 0.831349486 0.287198511
vn -0.773923656 0.447795853 0.447795766
vn -0.386497204 0.652157961 0.652157884
vn -0.973827914 0.227286591 1.13073454e-07
vn 0.302927075 -0.936633742 -0.175933
vn 0.617987189 -0.784454151 -0.0521873539
vn 0.748337336 -0.634156383 -0.19451713
vn 0.318294684 -0.942908196 -0.0980440128
vn 0.978887565 0.178302167 0.0999373415
vn 0.924896541 0.372507 -0.0761900558
vn 0.340253781 0.9294439 0.142693381
vn 0.198965715 0.97248133 0.121213475
vn -0.612171978 0.789668967 0.0408459412
vn -0.751664675 0.639025858 0.163236546
vn -0.97716535 -0.175339974 -0.120015719
vn -0.915764251 -0.401675684 -0.00569920447
vn -0.619603372 -0.768109161 -0.161554875
vn -0.662730297 -0.744828499 -0.0775826084
vn 0.233680019 -0.913038459 -0.334296907
vn 0.792475123 -0.459610657 -0.400925458
vn -0.853054334 -0.513521408 0.0927041907
vn -0.724270996 -0.688844002 0.0304214716
vn -0.799820612 0.459016609 0.386769623
vn 0.135893585 0.959102814 0.248303696
vn 0.857490291 0.48824672 -0.162251477
vn 0.778660436 0.527611792 0.339578741
vn 0.39925195 0.916389295 -0.0287843934
vn 0.0590984894 0.957550066 -0.282144005
vn 0.858651952 0.204299118 0.470083712
vn 0.725789344 -0.419110191 0.545505707
vn 0.503861183 -0.707881359 0.495002919
vn 0.23139602 -0.896423955 0.377994676
vn 0.18928822 -0.9050962 0.380750362
vn -0.491010439 0.672020563 -0.554343857
vn -0.703718437 0.407357859 -0.582099594
vn -0.856039337 -0.100050948 -0.507135545
vn -0.781529514 -0.487232993 -0.389635251
vn -0.642655661 -0.725543052 -0.246132038
vn -0.592393087 -0.766851266 -0.247001144

g Gun01_submesh_0
usemtl gunChristmas_02
f 953/953/953 955/955/955 954/954/954
f 953/953/953 954/954/954 956/956/956
f 955/955/955 957/957/957 954/954/954
f 955/955/955 958/958/958 957/957/957
f 958/958/958 959/959/959 957/957/957
f 958/958/958 960/960/960 959/959/959
f 956/956/956 954/954/954 961/961/961
f 954/954/954 957/957/957 961/961/961
f 957/957/957 959/959/959 961/961/961
f 962/962/962 955/955/955 953/953/953
f 962/962/962 963/963/963 955/955/955
f 963/963/963 958/958/958 955/955/955
f 963/963/963 964/964/964 958/958/958
f 964/964/964 960/960/960 958/958/958
f 964/964/964 965/965/965 960/960/960
f 962/962/962 966/966/966 963/963/963
f 962/962/962 967/967/967 966/966/966
f 967/967/967 968/968/968 966/966/966
f 967/967/967 969/969/969 968/968/968
f 966/966/966 968/968/968 970/970/970
f 966/966/966 970/970/970 971/971/971
f 963/963/963 966/966/966 971/971/971
f 963/963/963 971/971/971 964/964/964
f 971/971/971 970/970/970 972/972/972
f 971/971/971 972/972/972 973/973/973
f 964/964/964 971/971/971 973/973/973
f 964/964/964 973/973/973 965/965/965
f 969/969/969 974/974/974 968/968/968
f 968/968/968 974/974/974 970/970/970
f 970/970/970 974/974/974 972/972/972
f 975/975/975 977/977/977 976/976/976
f 975/975/975 976/976/976 978/978/978
f 977/977/977 979/979/979 976/976/976
f 977/977/977 980/980/980 979/979/979
f 980/980/980 981/981/981 979/979/979
f 980/980/980 982/982/982 981/981/981
f 982/982/982 983/983/983 981/981/981
f 982/982/982 984/984/984 983/983/983
f 984/984/984 985/985/985 983/983/983
f 984/984/984 986/986/986 985/985/985
f 986/986/986 987/987/987 985/985/985
f 986/986/986 988/988/988 987/987/987
f 989/989/989 977/977/977 975/975/975
f 989/989/989 990/990/990 977/977/977
f 990/990/990 980/980/980 977/977/977
f 991/991/991 988/988/988 986/986/986
f 991/991/991 992/992/992 988/988/988
f 993/993/993 991/991/991 986/986/986
f 993/993/993 986/986/986 984/984/984
f 994/994/994 993/993/993 984/984/984
f 994/994/994 984/984/984 982/982/982
f 995/995/995 994/994/994 982/982/982
f 995/995/995 982/982/982 980/980/980
f 990/990/990 995/995/995 980/980/980
f 996/996/996 998/998/998 997/997/997
f 996/996/996 997/997/997 999/999/999
f 1000/1000/1000 996/996/996 999/999/999
f 1000/1000/1000 999/999/999 1001/1001/1001
f 1002/1002/1002 1000/1000/1000 1001/1001/1001
f 1002/1002/1002 1001/1001/1001 1003/1003/1003
f 998/998/998 1004/1004/1004 997/997/997
f 998/998/998 1005/1005/1005 1004/1004/1004
f 1005/1005/1005 1006/1006/1006 1004/1004/1004
f 1005/1005/1005 1007/1007/1007 1006/1006/1006
f 1007/1007/1007 1008/1008/1008 1006/1006/1006
f 1007/1007/1007 1009/1009/1009 1008/1008/1008

o halo
v 0.126687601 0.296733719 -0.399705832
v 0.219443567 0.32981084 -0.245437166
v 0.126687618 0.415506226 -0.280933333
v 0.219443557 0.261237544 -0.314010467
v 0.219443582 0.329810899 -0.148459885
v 0.126687644 0.415506166 -0.112963718
v 0.219443592 0.261237573 -0.0798865593
v 0.126687662 0.296733719 0.00580879592
v 0.253394604 0.212748927 -0.196948548
v -1.93392117e-05 0.30972625 -0.431072414
v -1.93185032e-05 0.446872872 -0.293925815
v -1.92892168e-05 0.446872872 -0.0999711829
v -1.92685083e-05 0.30972619 0.0371754464
v -0.126726252 0.415506226 -0.280933294
v -0.12672627 0.296733719 -0.399705794
v -0.219482206 0.32981084 -0.245437099
v -0.219482216 0.261237544 -0.314010401
v -0.219482191 0.329810899 -0.148459819
v -0.126726227 0.415506166 -0.11296368
v -0.219482181 0.261237573 -0.079886493
v -0.126726209 0.296733719 0.00580883419
v -0.253433213 0.212748927 -0.196948472
vt 0.728642106 0.917241871
vt 0.824475825 0.589798391
vt 0.659423709 0.644894481
vt 0.895326793 0.734053671
vt 0.824475825 0.415465951
vt 0.659423828 0.360371083
vt 0.895326197 0.271210045
vt 0.72864145 0.0880230442
vt 0.994276047 0.502631664
vt 0.49999392 0.99098295
vt 0.499993771 0.663833797
vt 0.499993771 0.341432363
vt 0.499993861 0.0142834075
vt 0.340563357 0.644894361
vt 0.271345437 0.917241871
vt 0.175509691 0.58979845
vt 0.104658857 0.734054029
vt 0.175509751 0.415465891
vt 0.340563238 0.360371172
vt 0.1046592 0.271209776
vt 0.271346003 0.0880230069
vt 0.00570873916 0.502631903
vn 0.520756313 0.603660808 -0.603660908
vn 0.819439459 0.488022722 -0.300587417
vn 0.475788896 0.790932792 -0.38477298
vn 0.848028933 0.374731141 -0.374731238
vn 0.819439486 0.557631511 0.132536891
vn 0.475788937 0.831349479 0.287198417
vn 0.773923804 0.447795811 0.447795553
vn 0.38649743 0.652157945 0.652157765
vn 0.973827908 0.227286616 -1.7597592e-07
vn -1.06770169e-07 0.70710674 -0.707106822
vn -4.00109594e-08 0.964253746 -0.264980589
vn 7.46614956e-08 0.869199985 0.494460702
vn 1.06770183e-07 0.707106647 0.707106916
vn -0.475788988 0.790932807 -0.384772835
vn -0.520756461 0.603660823 -0.603660765
vn -0.819439533 0.488022739 -0.30058719
vn -0.848029046 0.374731141 -0.374730982
vn -0.819439428 0.557631537 0.132537135
vn -0.475788826 0.831349489 0.287198573
vn -0.773923641 0.447795835 0.447795811
vn -0.386497218 0.65215795 0.652157886
vn -0.97382793 0.227286522 1.18111968e-07

g halo_submesh_0
usemtl orig_Standard_7
f 1010/1010/1010 1012/1012/1012 1011/1011/1011
f 1010/1010/1010 1011/1011/1011 1013/1013/1013
f 1012/1012/1012 1014/1014/1014 1011/1011/1011
f 1012/1012/1012 1015/1015/1015 1014/1014/1014
f 1015/1015/1015 1016/1016/1016 1014/1014/1014
f 1015/1015/1015 1017/1017/1017 1016/1016/1016
f 1013/1013/1013 1011/1011/1011 1018/1018/1018
f 1011/1011/1011 1014/1014/1014 1018/1018/1018
f 1014/1014/1014 1016/1016/1016 1018/1018/1018
f 1019/1019/1019 1012/1012/1012 1010/1010/1010
f 1019/1019/1019 1020/1020/1020 1012/1012/1012
f 1020/1020/1020 1015/1015/1015 1012/1012/1012
f 1020/1020/1020 1021/1021/1021 1015/1015/1015
f 1021/1021/1021 1017/1017/1017 1015/1015/1015
f 1021/1021/1021 1022/1022/1022 1017/1017/1017
f 1019/1019/1019 1023/1023/1023 1020/1020/1020
f 1019/1019/1019 1024/1024/1024 1023/1023/1023
f 1024/1024/1024 1025/1025/1025 1023/1023/1023
f 1024/1024/1024 1026/1026/1026 1025/1025/1025
f 1023/1023/1023 1025/1025/1025 1027/1027/1027
f 1023/1023/1023 1027/1027/1027 1028/1028/1028
f 1020/1020/1020 1023/1023/1023 1028/1028/1028
f 1020/1020/1020 1028/1028/1028 1021/1021/1021
f 1028/1028/1028 1027/1027/1027 1029/1029/1029
f 1028/1028/1028 1029/1029/1029 1030/1030/1030
f 1021/1021/1021 1028/1028/1028 1030/1030/1030
f 1021/1021/1021 1030/1030/1030 1022/1022/1022
f 1026/1026/1026 1031/1031/1031 1025/1025/1025
f 1025/1025/1025 1031/1031/1031 1027/1027/1027
f 1027/1027/1027 1031/1031/1031 1029/1029/1029
