# Generated from legacy Unity YAML Mesh assets without Unity.
mtllib gun43.mtl

o gun43
v -0.0379595621 0.0857709005 0.256204092
v 0.0511460628 0.0647673333 0.095097381
v -0.0378802045 0.0725264901 0.0944185336
v 0.0510667126 0.078011743 0.25688294
v 0.0538571705 0.0924478334 0.0559401339
v -0.0351690924 0.100206997 0.0552612859
v 0.0538536734 0.0572360858 -0.346059106
v -0.0351725933 0.0649952501 -0.346737954
v -0.0214779445 0.223014322 -0.336555555
v 0.0681780641 0.233950339 -0.20478351
v -0.0208481958 0.241709495 -0.205462357
v 0.0675483042 0.215255167 -0.335876708
v 0.0689957369 0.244035164 -0.196748258
v -0.0200305118 0.251794319 -0.197427105
v -0.0483296609 -0.0770620898 -0.244973159
v 0.0426476305 -0.0772279105 -0.413380174
v -0.046378492 -0.0694687662 -0.414059021
v 0.0406964839 -0.0848212359 -0.244294312
v -0.0202184509 0.263512036 -0.0388512722
v 0.0640247411 0.210984308 0.0773905723
v -0.0250015076 0.218743463 0.0767117251
v 0.0688078015 0.25575288 -0.0381724249
v 0.064024707 0.220945009 0.191241908
v -0.0250015417 0.228704164 0.190563061
v 0.0670330109 0.257780778 0.217753184
v -0.021993249 0.265539934 0.217074337
v 0.0623095389 0.148463935 -0.412262922
v 0.0616599594 0.110158291 -0.764896714
v 0.0590797993 0.0749657686 -0.828771575
v 0.0538536734 0.0572360858 -0.346059106
v 0.0538571705 0.0924478334 0.0559401339
v 0.0640247411 0.210984308 0.0773905723
v 0.0537542515 0.114200093 0.318057501
v 0.0591465585 0.175499465 0.311538333
v 0.0511460628 0.0647673333 0.095097381
v 0.0510667126 0.078011743 0.25688294
v 0.0493989121 -0.00372093132 -0.45858114
v 0.0514471751 0.0340096694 -0.295941584
v 0.0475027929 -0.0231915173 -0.432466156
v 0.0436381563 -0.067196043 -0.42861626
v 0.0414053874 -0.0737050779 -0.210205182
v 0.0406964839 -0.0848212359 -0.244294312
v 0.0426476305 -0.0772279105 -0.413380174
v 0.0498422805 -0.0134964323 -0.62845498
v 0.0491558613 -0.0218782403 -0.63423992
v 0.0484732851 -0.0434504549 -0.791292859
v 0.0522443321 -0.059070429 -1.46435392
v 0.0461609062 -0.0559800863 -0.631256277
v 0.0455645481 -0.063144063 -0.634931933
v 0.0473934895 -0.0538642052 -0.768714515
v 0.0600875912 0.0228268468 -1.55686359
v 0.0537770452 0.0409076849 -1.67957779
v 0.045087591 -0.0525940653 -1.60873135
v 0.0627930448 0.0507178343 -1.59287398
v 0.0675483042 0.215255167 -0.335876708
v -0.0267167209 0.156223092 -0.412941769
v 0.0623095389 0.148463935 -0.412262922
v -0.0214779445 0.223014322 -0.336555555
v 0.0623095389 0.148463935 -0.412262922
v -0.0273663005 0.117917442 -0.76557562
v 0.0616599594 0.110158291 -0.764896714
v -0.0267167209 0.156223092 -0.412941769
v -0.0352720077 0.121959256 0.317378653
v 0.0510667126 0.078011743 0.25688294
v -0.0379595621 0.0857709005 0.256204092
v 0.0537542515 0.114200093 0.318057501
v -0.0264284253 -0.0463610211 -1.60927668
v 0.0522443321 -0.059070429 -1.46435392
v 0.045087591 -0.0525940653 -1.60873135
v -0.0367819129 -0.0513112741 -1.46503277
v 0.0538536734 0.0572360858 -0.346059106
v -0.0375790662 0.041768824 -0.296620431
v -0.0351725933 0.0649952501 -0.346737954
v 0.0514471751 0.0340096694 -0.295941584
v -0.0367819129 -0.0513112741 -1.46503277
v 0.0484732851 -0.0434504549 -0.791292859
v 0.0522443321 -0.059070429 -1.46435392
v -0.0405528635 -0.0356913136 -0.791971765
v 0.0514471751 0.0340096694 -0.295941584
v -0.0476207685 -0.0659459307 -0.210884029
v -0.0375790662 0.041768824 -0.296620431
v 0.0414053874 -0.0737050779 -0.210205182
v -0.0405528635 -0.0356913136 -0.791971765
v 0.0473934895 -0.0538642052 -0.768714515
v 0.0484732851 -0.0434504549 -0.791292859
v -0.0416326479 -0.0461050649 -0.769393421
v 0.0414053874 -0.0737050779 -0.210205182
v -0.0483296609 -0.0770620898 -0.244973159
v -0.0476207685 -0.0659459307 -0.210884029
v 0.0406964839 -0.0848212359 -0.244294312
v -0.0434615856 -0.0553849178 -0.635610779
v 0.0473934895 -0.0538642052 -0.768714515
v -0.0416326479 -0.0461050649 -0.769393421
v 0.0455645481 -0.063144063 -0.634931933
v 0.0436381563 -0.067196043 -0.42861626
v -0.046378492 -0.0694687662 -0.414059021
v 0.0426476305 -0.0772279105 -0.413380174
v -0.0453879885 -0.0594368969 -0.429295107
v 0.0455645481 -0.063144063 -0.634931933
v -0.0428652423 -0.0482209398 -0.631935123
v 0.0461609062 -0.0559800863 -0.631256277
v -0.0434615856 -0.0553849178 -0.635610779
v 0.0475027929 -0.0231915173 -0.432466156
v -0.0453879885 -0.0594368969 -0.429295107
v 0.0436381563 -0.067196043 -0.42861626
v -0.0415234113 -0.015432366 -0.433145003
v 0.0493989121 -0.00372093132 -0.45858114
v -0.0415234113 -0.015432366 -0.433145003
v 0.0475027929 -0.0231915173 -0.432466156
v -0.0396272958 0.00403821515 -0.459260046
v 0.0498422805 -0.0134964323 -0.62845498
v -0.0396272958 0.00403821515 -0.459260046
v 0.0493989121 -0.00372093132 -0.45858114
v -0.0391839348 -0.00573728518 -0.629133886
v 0.0461609062 -0.0559800863 -0.631256277
v -0.0398703391 -0.0141190892 -0.634918767
v 0.0491558613 -0.0218782403 -0.63423992
v -0.0428652423 -0.0482209398 -0.631935123
v 0.0491558613 -0.0218782403 -0.63423992
v -0.0398703391 -0.0141190892 -0.634918767
v -0.0391839348 -0.00573728518 -0.629133886
v 0.0498422805 -0.0134964323 -0.62845498
v 0.0590797993 0.0749657686 -0.828771575
v -0.028938671 0.0305860181 -1.55754244
v 0.0600875912 0.0228268468 -1.55686359
v -0.0299464643 0.0827249252 -0.829450423
v 0.0616599594 0.110158291 -0.764896714
v -0.0299464643 0.0827249252 -0.829450423
v 0.0590797993 0.0749657686 -0.828771575
v -0.0273663005 0.117917442 -0.76557562
v 0.0670330109 0.257780778 0.217753184
v 0.064024707 0.220945009 0.191241908
v 0.0681780641 0.233950339 -0.20478351
v 0.0675483042 0.215255167 -0.335876708
v 0.0688078015 0.25575288 -0.0381724249
v 0.0689957369 0.244035164 -0.196748258
v 0.0447901046 0.01187185 0.324043124
v 0.0475019145 0.035942261 0.243531328
v 0.039914074 -0.0467915441 0.292985564
v 0.0454391179 0.0104291024 0.222441382
v 0.0454799457 0.00534886527 0.159021974
v 0.0399933315 -0.0586762144 0.146754337
v 0.0432084556 -0.0239867202 0.121610833
v 0.0356523823 0.091256474 0.360581909
v 0.0405573575 0.140861159 0.284305898
v 0.0262847905 -0.021930339 0.295365973
v 0.0359868655 0.0808334293 0.197585771
v 0.075003526 0.236913738 0.229763996
v 0.0785273582 0.27017777 0.213112635
v 0.0756945455 0.233926784 0.199202295
v 0.0736045828 0.276184111 0.278201668
v 0.0636210576 0.179666653 0.297352006
v 0.0561575424 0.224359221 0.352331669
v 0.0561575424 0.224359221 0.352331669
v 0.0558293828 0.109987133 0.314104638
v 0.0379638774 0.0903164849 0.389063531
v 0.0636210576 0.179666653 0.297352006
v 0.0463134125 0.0729089605 0.3503115
v 0.0423030392 0.0679403567 0.366508992
v 0.0246565056 -0.0537062586 0.145711729
v 0.0276761726 -0.0259686741 0.0667424666
v 0.0246257622 -0.065934969 0.00997378962
v 0.0276790505 -0.0205848142 0.127900795
v 0.0301620818 -0.00865768768 -0.0614027618
v 0.0346751109 0.0481011513 -0.00450864076
v 0.0385720211 0.0941965294 0.0113028138
v 0.0382965619 0.0592122122 -0.352431911
v 0.0265933031 -0.0634616219 -0.219781186
v 0.0304572789 -0.0373674643 -0.428257373
v 0.0344404938 -0.0103420063 -0.6417263
v 0.0322669286 -0.0349152736 -0.637547803
v 0.0338774917 0.0012217964 -0.435723931
v 0.0600875912 0.0228268468 -1.55686359
v -0.026233215 0.0584769905 -1.59355282
v 0.0627930448 0.0507178343 -1.59287398
v -0.028938671 0.0305860181 -1.55754244
v 0.0627930448 0.0507178343 -1.59287398
v -0.0177389607 0.0471407206 -1.68012312
v 0.0537770452 0.0409076849 -1.67957779
v -0.026233215 0.0584769905 -1.59355282
v -0.0200305118 0.251794319 -0.197427105
v 0.0688078015 0.25575288 -0.0381724249
v -0.0202184509 0.263512036 -0.0388512722
v 0.0689957369 0.244035164 -0.196748258
v 0.0192135431 0.171007377 -0.385123984
v 0.042288103 0.111815542 -0.743713098
v 0.0428099819 0.147602634 -0.403117797
v 0.0193413026 0.141109438 -0.726730857
v 0.0165833804 0.106800475 -0.774065968
v 0.0406306194 0.0216043092 -1.5574331
v 0.0396069222 0.0738500707 -0.826033805
v 0.0167180789 0.0381523336 -1.57635477
v 0.021396957 0.235926357 0.0199316368
v 0.0431608983 0.253612192 0.0155731188
v 0.0457683095 0.238178832 0.00893651216
v 0.0227401512 0.251757609 0.024730324
v 0.0439291133 0.260803564 -0.00297573135
v 0.0463106123 0.24688174 -0.0133220737
v -0.00128206652 0.242279546 0.00857774136
v 0.00308904057 0.257104688 0.0152675609
v -0.000739770726 0.250982395 -0.0136808393
v 0.00385725561 0.264296051 -0.00328138385
v 0.0236304162 0.253230137 -0.0245769443
v 0.0242764742 0.26613924 -0.0123673257
v 0.0463106123 0.24688174 -0.0133220737
v 0.0439291133 0.260803564 -0.00297573135
v 0.0227401512 0.251757609 0.024730324
v 0.00385725561 0.264296051 -0.00328138385
v 0.0242764742 0.26613924 -0.0123673257
v 0.00308904057 0.257104688 0.0152675609
v 0.0227401512 0.251757609 0.024730324
v 0.0439291133 0.260803564 -0.00297573135
v 0.0431608983 0.253612192 0.0155731188
v 0.0242764742 0.26613924 -0.0123673257
v 0.0229065342 0.252963983 0.0166987209
v 0.0349314612 0.285355346 0.0262941735
v 0.0369693999 0.254178063 0.0105625052
v 0.0255578716 0.284575462 0.0303089885
v 0.0352689718 0.288514309 0.0181389337
v 0.0371022931 0.259041421 -0.00189153089
v 0.0371022931 0.259041421 -0.00189153089
v 0.0262328742 0.290893225 0.0139983364
v 0.0243213274 0.262590251 -0.00820046876
v 0.0352689718 0.288514309 0.0181389337
v 0.0243213274 0.262590251 -0.00820046876
v 0.016859884 0.290118768 0.0179985599
v 0.0102591252 0.261380929 -0.0020962141
v 0.0262328742 0.290893225 0.0139983364
v 0.0102591252 0.261380929 -0.0020962141
v 0.0165223744 0.286959805 0.0261537996
v 0.0101262281 0.256517601 0.0103578194
v 0.016859884 0.290118768 0.0179985599
v 0.0101262281 0.256517601 0.0103578194
v 0.0255578716 0.284575462 0.0303089885
v 0.0229065342 0.252963983 0.0166987209
v 0.0165223744 0.286959805 0.0261537996
v 0.0255578716 0.284575462 0.0303089885
v 0.016859884 0.290118768 0.0179985599
v 0.0262328742 0.290893225 0.0139983364
v 0.0165223744 0.286959805 0.0261537996
v 0.0255578716 0.284575462 0.0303089885
v 0.0352689718 0.288514309 0.0181389337
v 0.0349314612 0.285355346 0.0262941735
v 0.0262328742 0.290893225 0.0139983364
v 0.0191511256 0.214796079 0.0729382761
v 0.0410117289 0.233599428 0.0686756543
v 0.0435286615 0.217119962 0.0619492988
v 0.0205849014 0.231674518 0.0778268065
v 0.0417923976 0.240934662 0.0501391558
v 0.0440836823 0.225969963 0.0397033568
v -0.00352171085 0.221220675 0.061590528
v 0.000939875653 0.237091953 0.0683700939
v -0.00296670316 0.230070633 0.0393445899
v 0.00172053172 0.24442712 0.049833504
v 0.0214100463 0.232394133 0.0284549714
v 0.0221461095 0.246343816 0.0407538632
v 0.0440836823 0.225969963 0.0397033568
v 0.0417923976 0.240934662 0.0501391558
v 0.0205849014 0.231674518 0.0778268065
v 0.00172053172 0.24442712 0.049833504
v 0.0221461095 0.246343816 0.0407538632
v 0.000939875653 0.237091953 0.0683700939
v 0.0205849014 0.231674518 0.0778268065
v 0.0417923976 0.240934662 0.0501391558
v 0.0410117289 0.233599428 0.0686756543
v 0.0221461095 0.246343816 0.0407538632
v 0.0207463986 0.232824411 0.0697903735
v 0.0329606763 0.267404781 0.0795736498
v 0.0348133289 0.234085391 0.063658147
v 0.0235835403 0.266583874 0.0835848815
v 0.0333053368 0.270646376 0.071425447
v 0.0349544469 0.239043905 0.0512122537
v 0.0349544469 0.239043905 0.0512122537
v 0.024272846 0.27306697 0.0672884317
v 0.0221776666 0.242641043 0.0449075613
v 0.0333053368 0.270646376 0.071425447
v 0.0221776666 0.242641043 0.0449075613
v 0.0148962463 0.272250835 0.0712850731
v 0.00811127623 0.241383422 0.0510076669
v 0.024272846 0.27306697 0.0672884317
v 0.00811127623 0.241383422 0.0510076669
v 0.0145515913 0.26900924 0.0794332759
v 0.00797015712 0.236424929 0.0634534611
v 0.0148962463 0.272250835 0.0712850731
v 0.00797015712 0.236424929 0.0634534611
v 0.0235835403 0.266583874 0.0835848815
v 0.0207463986 0.232824411 0.0697903735
v 0.0145515913 0.26900924 0.0794332759
v 0.0235835403 0.266583874 0.0835848815
v 0.0148962463 0.272250835 0.0712850731
v 0.024272846 0.27306697 0.0672884317
v 0.0145515913 0.26900924 0.0794332759
v 0.0235835403 0.266583874 0.0835848815
v 0.0333053368 0.270646376 0.071425447
v 0.0329606763 0.267404781 0.0795736498
v 0.024272846 0.27306697 0.0672884317
v -0.0491121895 -0.0390323876 0.292306716
v 0.0447901046 0.01187185 0.324043124
v 0.039914074 -0.0467915441 0.292985564
v -0.044236159 0.0196310065 0.323364277
v -0.0490329358 -0.0509170576 0.14607549
v 0.039914074 -0.0467915441 0.292985564
v 0.0399933315 -0.0586762144 0.146754337
v -0.0491121895 -0.0390323876 0.292306716
v -0.0458178154 -0.0162275631 0.120931986
v 0.0399933315 -0.0586762144 0.146754337
v 0.0432084556 -0.0239867202 0.121610833
v -0.0490329358 -0.0509170576 0.14607549
v -0.0435463216 0.0131080221 0.158343126
v 0.0432084556 -0.0239867202 0.121610833
v 0.0454799457 0.00534886527 0.159021974
v -0.0458178154 -0.0162275631 0.120931986
v -0.044236159 0.0196310065 0.323364277
v 0.0475019145 0.035942261 0.243531328
v 0.0447901046 0.01187185 0.324043124
v -0.0415243454 0.0437014172 0.24285248
v -0.0415243454 0.0437014172 0.24285248
v 0.0454391179 0.0104291024 0.222441382
v 0.0475019145 0.035942261 0.243531328
v -0.0435871493 0.0181882592 0.221762535
v -0.0435871493 0.0181882592 0.221762535
v 0.0454799457 0.00534886527 0.159021974
v 0.0454391179 0.0104291024 0.222441382
v -0.0435463216 0.0131080221 0.158343126
v -0.0314253083 -0.0169005683 0.294925919
v 0.0356523823 0.091256474 0.360581909
v 0.0262847905 -0.021930339 0.295365973
v -0.0220577165 0.0962862447 0.360141855
v -0.0217232314 0.0858631998 0.197145718
v 0.0262847905 -0.021930339 0.295365973
v 0.0359868655 0.0808334293 0.197585771
v -0.0314253083 -0.0169005683 0.294925919
v -0.0191013707 0.230918473 0.351757801
v 0.0736045828 0.276184111 0.278201668
v 0.0561575424 0.224359221 0.352331669
v -0.0261963219 0.284882341 0.277440662
v -0.0310982055 0.279732276 0.212276713
v 0.0756945455 0.233926784 0.199202295
v 0.0785273582 0.27017777 0.213112635
v -0.0343688703 0.24351945 0.198363034
v -0.0261963219 0.284882341 0.277440662
v 0.0785273582 0.27017777 0.213112635
v 0.0736045828 0.276184111 0.278201668
v -0.0310982055 0.279732276 0.212276713
v -0.0249277718 0.0957978578 0.388583966
v 0.0561575424 0.224359221 0.352331669
v 0.0379638774 0.0903164849 0.389063531
v -0.0191013707 0.230918473 0.351757801
v -0.0355752354 0.0800460323 0.349687079
v 0.0423030392 0.0679403567 0.366508992
v 0.0463134125 0.0729089605 0.3503115
v -0.0327304386 0.0744799606 0.365936843
v -0.0327304386 0.0744799606 0.365936843
v 0.0379638774 0.0903164849 0.389063531
v 0.0423030392 0.0679403567 0.366508992
v -0.0249277718 0.0957978578 0.388583966
v -0.0336341911 0.246382147 0.228935607
v 0.0636210576 0.179666653 0.297352006
v 0.075003526 0.236913738 0.229763996
v -0.0333506371 0.188118315 0.296612571
v -0.0343688703 0.24351945 0.198363034
v 0.075003526 0.236913738 0.229763996
v 0.0756945455 0.233926784 0.199202295
v -0.0336341911 0.246382147 0.228935607
v -0.0379845811 0.118163573 0.313389282
v 0.0463134125 0.0729089605 0.3503115
v 0.0558293828 0.109987133 0.314104638
v -0.0355752354 0.0800460323 0.349687079
v -0.0333506371 0.188118315 0.296612571
v 0.0558293828 0.109987133 0.314104638
v 0.0636210576 0.179666653 0.297352006
v -0.0379845811 0.118163573 0.313389282
v -0.0330843366 -0.0609051983 0.00953373578
v 0.0246565056 -0.0537062586 0.145711729
v 0.0246257622 -0.065934969 0.00997378962
v -0.0330535932 -0.0486764879 0.145271676
v -0.0300310464 -0.0155550437 0.127460741
v 0.0276761726 -0.0259686741 0.0667424666
v 0.0276790505 -0.0205848142 0.127900795
v -0.0300339262 -0.0209389034 0.0663024128
v -0.0275480096 -0.00362791766 -0.0618428155
v 0.0246257622 -0.065934969 0.00997378962
v 0.0301620818 -0.00865768768 -0.0614027618
v -0.0330843366 -0.0609051983 0.00953373578
v -0.0311167883 -0.0584318518 -0.220221239
v 0.0301620818 -0.00865768768 -0.0614027618
v 0.0265933031 -0.0634616219 -0.219781186
v -0.0275480096 -0.00362791766 -0.0618428155
v -0.0300339262 -0.0209389034 0.0663024128
v 0.0346751109 0.0481011513 -0.00450864076
v 0.0276761726 -0.0259686741 0.0667424666
v -0.0230349879 0.0531309219 -0.0049486946
v -0.0230349879 0.0531309219 -0.0049486946
v 0.0385720211 0.0941965294 0.0113028138
v 0.0346751109 0.0481011513 -0.00450864076
v -0.0191380702 0.0992262994 0.01086276
v 0.0165833804 0.106800475 -0.774065968
v -0.00998015877 0.0260153328 -1.55781902
v 0.0167180789 0.0381523336 -1.57635477
v -0.0110038671 0.0782610953 -0.826419725
v 0.0193413026 0.141109438 -0.726730857
v -0.00832267517 0.116226565 -0.744099018
v 0.042288103 0.111815542 -0.743713098
v 0.0221629683 0.235859595 0.0199374778
v 0.00385506835 0.257037924 0.015273402
v 0.0235061625 0.251690847 0.024736165
v -0.00128206652 0.242279546 0.00857774136
v 0.00462327783 0.264229296 -0.00327544811
v 2.62511162e-05 0.250915691 -0.0136750034
v 0.0457683095 0.238178832 0.00893651216
v 0.0439269261 0.253545429 0.0155789599
v 0.0470766238 0.246814918 -0.0133162274
v 0.0446951356 0.260736792 -0.00296998488
v 0.0236304162 0.253230137 -0.0245769443
v 0.0250424957 0.266072477 -0.0123614846
v 2.62511162e-05 0.250915691 -0.0136750034
v 0.00462327783 0.264229296 -0.00327544811
v 0.0235061625 0.251690847 0.024736165
v 0.0446951356 0.260736792 -0.00296998488
v 0.0439269261 0.253545429 0.0155789599
v 0.0250424957 0.266072477 -0.0123614846
v 0.0235061625 0.251690847 0.024736165
v 0.00462327783 0.264229296 -0.00327544811
v 0.0250424957 0.266072477 -0.0123614846
v 0.00385506835 0.257037924 0.015273402
v 0.023672553 0.25289722 0.016704562
v 0.0172883883 0.286893043 0.0261596406
v 0.026323898 0.284508699 0.0303148296
v 0.0101262281 0.256517601 0.0103578194
v 0.0176258988 0.290052006 0.0180044009
v 0.0110251453 0.261314196 -0.00209037561
v 0.0369693999 0.254178063 0.0105625052
v 0.0356974751 0.285288584 0.0263000145
v 0.0110251453 0.261314196 -0.00209037561
v 0.0269989062 0.290826461 0.0140041776
v 0.0176258988 0.290052006 0.0180044009
v 0.0243213274 0.262590251 -0.00820046876
v 0.0243213274 0.262590251 -0.00820046876
v 0.0360349856 0.288447547 0.0181447748
v 0.0269989062 0.290826461 0.0140041776
v 0.0378683071 0.258974628 -0.00188568723
v 0.0378683071 0.258974628 -0.00188568723
v 0.0356974751 0.285288584 0.0263000145
v 0.0360349856 0.288447547 0.0181447748
v 0.0369693999 0.254178063 0.0105625052
v 0.026323898 0.284508699 0.0303148296
v 0.0360349856 0.288447547 0.0181447748
v 0.0356974751 0.285288584 0.0263000145
v 0.0269989062 0.290826461 0.0140041776
v 0.026323898 0.284508699 0.0303148296
v 0.0176258988 0.290052006 0.0180044009
v 0.0269989062 0.290826461 0.0140041776
v 0.0172883883 0.286893043 0.0261596406
v 0.01991715 0.214729316 0.0729441172
v 0.00170591939 0.237025158 0.0683759378
v 0.0213509291 0.231607754 0.0778326477
v -0.00352171085 0.221220675 0.061590528
v 0.00248656766 0.244360394 0.0498394391
v -0.00220066777 0.230003913 0.0393504272
v 0.0435286615 0.217119962 0.0619492988
v 0.0417777797 0.233532692 0.068681493
v 0.0448497062 0.225903155 0.0397092018
v 0.0425584284 0.24086786 0.0501449031
v 0.0214100463 0.232394133 0.0284549714
v 0.0229121443 0.246277052 0.0407597044
v -0.00220066777 0.230003913 0.0393504272
v 0.00248656766 0.244360394 0.0498394391
v 0.0213509291 0.231607754 0.0778326477
v 0.0425584284 0.24086786 0.0501449031
v 0.0417777797 0.233532692 0.068681493
v 0.0229121443 0.246277052 0.0407597044
v 0.0213509291 0.231607754 0.0778326477
v 0.00248656766 0.244360394 0.0498394391
v 0.0229121443 0.246277052 0.0407597044
v 0.00170591939 0.237025158 0.0683759378
v 0.0215124339 0.232757646 0.0697962147
v 0.0153176247 0.268942476 0.0794391171
v 0.0243495834 0.266517109 0.0835907228
v 0.00797015712 0.236424929 0.0634534611
v 0.0156622769 0.272184071 0.0712909143
v 0.00887731403 0.241316679 0.0510134091
v 0.0348133289 0.234085391 0.063658147
v 0.0337267096 0.267338017 0.079579491
v 0.00887731403 0.241316679 0.0510134091
v 0.0250388915 0.273000205 0.067294273
v 0.0156622769 0.272184071 0.0712909143
v 0.0221776666 0.242641043 0.0449075613
v 0.0221776666 0.242641043 0.0449075613
v 0.0340713674 0.270579612 0.0714312882
v 0.0250388915 0.273000205 0.067294273
v 0.0357204805 0.238977119 0.051218194
v 0.0357204805 0.238977119 0.051218194
v 0.0337267096 0.267338017 0.079579491
v 0.0340713674 0.270579612 0.0714312882
v 0.0348133289 0.234085391 0.063658147
v 0.0243495834 0.266517109 0.0835907228
v 0.0340713674 0.270579612 0.0714312882
v 0.0337267096 0.267338017 0.079579491
v 0.0250388915 0.273000205 0.067294273
v 0.0243495834 0.266517109 0.0835907228
v 0.0156622769 0.272184071 0.0712909143
v 0.0250388915 0.273000205 0.067294273
v 0.0153176247 0.268942476 0.0794391171
v -0.0267167209 0.156223092 -0.412941769
v -0.0299464643 0.0827249252 -0.829450423
v -0.0273663005 0.117917442 -0.76557562
v -0.0351725933 0.0649952501 -0.346737954
v -0.0351690924 0.100206997 0.0552612859
v -0.0250015076 0.218743463 0.0767117251
v -0.0352720077 0.121959256 0.317378653
v -0.0298797001 0.183258636 0.310859484
v -0.0378802045 0.0725264901 0.0944185336
v -0.0379595621 0.0857709005 0.256204092
v -0.0396272958 0.00403821515 -0.459260046
v -0.0375790662 0.041768824 -0.296620431
v -0.0415234113 -0.015432366 -0.433145003
v -0.0453879885 -0.0594368969 -0.429295107
v -0.0476207685 -0.0659459307 -0.210884029
v -0.0483296609 -0.0770620898 -0.244973159
v -0.046378492 -0.0694687662 -0.414059021
v -0.0391839348 -0.00573728518 -0.629133886
v -0.021993249 0.265539934 0.217074337
v -0.0250015417 0.228704164 0.190563061
v -0.0398703391 -0.0141190892 -0.634918767
v -0.0405528635 -0.0356913136 -0.791971765
v -0.0367819129 -0.0513112741 -1.46503277
v -0.0428652423 -0.0482209398 -0.631935123
v -0.0434615856 -0.0553849178 -0.635610779
v -0.0416326479 -0.0461050649 -0.769393421
v -0.028938671 0.0305860181 -1.55754244
v -0.0177389607 0.0471407206 -1.68012312
v -0.0264284253 -0.0463610211 -1.60927668
v -0.026233215 0.0584769905 -1.59355282
v -0.044236159 0.0196310065 0.323364277
v -0.0491121895 -0.0390323876 0.292306716
v -0.0415243454 0.0437014172 0.24285248
v -0.0435871493 0.0181882592 0.221762535
v -0.0435463216 0.0131080221 0.158343126
v -0.0490329358 -0.0509170576 0.14607549
v -0.0458178154 -0.0162275631 0.120931986
v -0.0220577165 0.0962862447 0.360141855
v -0.0314253083 -0.0169005683 0.294925919
v -0.0171527413 0.14589093 0.283865845
v -0.0217232314 0.0858631998 0.197145718
v -0.0336341911 0.246382147 0.228935607
v -0.0310982055 0.279732276 0.212276713
v -0.0261963219 0.284882341 0.277440662
v -0.0343688703 0.24351945 0.198363034
v -0.0333506371 0.188118315 0.296612571
v -0.0191013707 0.230918473 0.351757801
v -0.0191013707 0.230918473 0.351757801
v -0.0379845811 0.118163573 0.313389282
v -0.0333506371 0.188118315 0.296612571
v -0.0249277718 0.0957978578 0.388583966
v -0.0355752354 0.0800460323 0.349687079
v -0.0327304386 0.0744799606 0.365936843
v -0.0208481958 0.241709495 -0.205462357
v -0.0214779445 0.223014322 -0.336555555
v -0.0202184509 0.263512036 -0.0388512722
v -0.0200305118 0.251794319 -0.197427105
v -0.0330535932 -0.0486764879 0.145271676
v -0.0300339262 -0.0209389034 0.0663024128
v -0.0300310464 -0.0155550437 0.127460741
v -0.0330843366 -0.0609051983 0.00953373578
v -0.0275480096 -0.00362791766 -0.0618428155
v -0.0230349879 0.0531309219 -0.0049486946
v -0.0191380702 0.0992262994 0.01086276
v -0.0194135294 0.0642419822 -0.352871965
v -0.0311167883 -0.0584318518 -0.220221239
v -0.027252818 -0.0323376938 -0.428697427
v -0.0232695976 -0.00531223624 -0.642166353
v -0.0238325997 0.00625156642 -0.436163985
v -0.0254431628 -0.0298855036 -0.637987857
v 0.0192135431 0.171007377 -0.385123984
v -0.00832267517 0.116226565 -0.744099018
v 0.0193413026 0.141109438 -0.726730857
v -0.00780080743 0.152013658 -0.403503717
v -0.0254431628 -0.0298855036 -0.637987857
v 0.0304572789 -0.0373674643 -0.428257373
v 0.0322669286 -0.0349152736 -0.637547803
v -0.027252818 -0.0323376938 -0.428697427
v -0.0264284253 -0.0463610211 -1.60927668
v 0.0537770452 0.0409076849 -1.67957779
v -0.0177389607 0.0471407206 -1.68012312
v 0.045087591 -0.0525940653 -1.60873135
vt 0.989426553 0.531918585
vt 0.975410581 0.507078469
vt 0.975410581 0.531918585
vt 0.989426553 0.507078469
vt 0.97225064 0.507078469
vt 0.97225064 0.531918585
vt 0.937406957 0.507078469
vt 0.937406957 0.531918585
vt 0.584093809 0.986040533
vt 0.562409759 0.966201723
vt 0.562409759 0.986040533
vt 0.584093809 0.966201723
vt 0.560873508 0.966201723
vt 0.560873508 0.986040652
vt 0.919081271 0.531918526
vt 0.904465795 0.507078409
vt 0.904465795 0.531918526
vt 0.919081271 0.507078409
vt 0.53483808 0.986040533
vt 0.516625643 0.966201723
vt 0.516625643 0.986040533
vt 0.53483808 0.966201723
vt 0.497911096 0.966201723
vt 0.497911096 0.986040533
vt 0.490463138 0.966201723
vt 0.490463138 0.986040533
vt 0.505169094 0.746100366
vt 0.751104176 0.750576079
vt 0.798126459 0.731875837
vt 0.467616439 0.677295744
vt 0.187993392 0.666353762
vt 0.162856176 0.746328413
vt 0.0057752342 0.658385694
vt 0.00489123212 0.701287925
vt 0.163480818 0.64380461
vt 0.051027067 0.638760865
vt 0.550359964 0.645070493
vt 0.435174227 0.656861126
vt 0.534100533 0.629334509
vt 0.535305917 0.598609149
vt 0.385628879 0.574958384
vt 0.410052687 0.570271909
vt 0.52570343 0.590345323
vt 0.668074191 0.653218806
vt 0.672787726 0.647938073
vt 0.782715201 0.646815717
vt 0.858694196 0.663355172
vt 0.67372179 0.624127209
vt 0.676877677 0.619502485
vt 0.768095434 0.637644351
vt 0.91516006 0.72802335
vt 0.998013854 0.750739276
vt 0.957466543 0.679957449
vt 0.937489331 0.750442088
vt 0.584093809 0.966201723
vt 0.598024845 0.986040533
vt 0.598024845 0.966201723
vt 0.584093809 0.986040533
vt 0.598024845 0.966201723
vt 0.656075597 0.986040533
vt 0.656075835 0.966201723
vt 0.598024845 0.986040533
vt 0.994960964 0.531918585
vt 0.989426553 0.507078469
vt 0.989426553 0.531918585
vt 0.994960964 0.507078469
vt 0.796942234 0.531918406
vt 0.809413373 0.507078409
vt 0.796942234 0.507408977
vt 0.809413373 0.531918406
vt 0.937406957 0.507078469
vt 0.932632923 0.531918585
vt 0.937406957 0.531918585
vt 0.932632923 0.507078469
vt 0.809413373 0.531918406
vt 0.86743021 0.507078409
vt 0.809413373 0.507078409
vt 0.86743021 0.531918406
vt 0.932632923 0.507078469
vt 0.921977878 0.531918526
vt 0.932632923 0.531918585
vt 0.921977878 0.507078409
vt 0.86743021 0.531918406
vt 0.869414747 0.507078409
vt 0.86743021 0.507078409
vt 0.869414747 0.531918406
vt 0.921977878 0.507078409
vt 0.919081271 0.531918526
vt 0.921977878 0.531918526
vt 0.919081271 0.507078409
vt 0.88098985 0.531918406
vt 0.869414747 0.507078409
vt 0.869414747 0.531918406
vt 0.88098985 0.507078409
vt 0.903111815 0.507078409
vt 0.904465795 0.531918526
vt 0.904465795 0.507078409
vt 0.903111815 0.531918526
vt 0.88098985 0.507078409
vt 0.881580651 0.531918406
vt 0.881580651 0.507078409
vt 0.88098985 0.531918406
vt 0.899283111 0.507078409
vt 0.903111815 0.531918526
vt 0.903111815 0.507078409
vt 0.899283111 0.531918406
vt 0.896465719 0.507078409
vt 0.899283111 0.531918406
vt 0.899283111 0.507078409
vt 0.896465719 0.531918406
vt 0.885227859 0.507078409
vt 0.896465719 0.531918406
vt 0.896465719 0.507078409
vt 0.885227859 0.531918228
vt 0.881580651 0.507078409
vt 0.88454777 0.531918287
vt 0.88454777 0.507078409
vt 0.881580651 0.531918406
vt 0.88454777 0.507078409
vt 0.88454777 0.531918287
vt 0.885227859 0.531918228
vt 0.885227859 0.507078409
vt 0.667246222 0.966201723
vt 0.78648138 0.986040652
vt 0.786479712 0.966201723
vt 0.667245507 0.986040533
vt 0.656075835 0.966201723
vt 0.667245507 0.986040533
vt 0.667246222 0.966201723
vt 0.656075597 0.986040533
vt 0.0622009598 0.766333401
vt 0.0836642534 0.743221462
vt 0.354955137 0.786935985
vt 0.446772784 0.785523593
vt 0.238432288 0.787379205
vt 0.348544419 0.793195426
vt 0.564164042 0.600178421
vt 0.626446366 0.624988735
vt 0.59291172 0.555567443
vt 0.644972324 0.606116056
vt 0.695703149 0.60648936
vt 0.709897637 0.556292117
vt 0.727459788 0.585707247
vt 0.549101472 0.507369697
vt 0.505129814 0.515218854
vt 0.563998222 0.569817126
vt 0.494414091 0.565846801
vt 0.110923752 0.962071598
vt 0.116442308 0.995582521
vt 0.138244137 0.967728555
vt 0.0582253784 0.98294872
vt 0.0674937814 0.893544614
vt 0.00742898881 0.916868865
vt 0.00742898881 0.916868865
vt 0.0716268867 0.828169286
vt 0.011357531 0.789641082
vt 0.0674937814 0.893544614
vt 0.0499776453 0.785638869
vt 0.0371439308 0.77668041
vt 0.75932622 0.573212206
vt 0.79670465 0.590195954
vt 0.826134264 0.573038995
vt 0.766608834 0.590212166
vt 0.85854286 0.604177535
vt 0.82833451 0.629560769
vt 0.818643808 0.651478708
vt 0.997763038 0.649928749
vt 0.938226104 0.584104955
vt 0.185574919 0.803775907
vt 0.0721487105 0.818974674
vt 0.0720571354 0.804052055
vt 0.18632713 0.819401801
vt 0.786479712 0.966201723
vt 0.793952346 0.986040652
vt 0.793950438 0.966201723
vt 0.78648138 0.986040652
vt 0.185418129 0.955646813
vt 0.143167704 0.998087764
vt 0.185418129 0.998087764
vt 0.143167704 0.955646813
vt 0.916303277 0.771427929
vt 0.832987785 0.73432374
vt 0.832987785 0.771427929
vt 0.916303277 0.73432374
vt 0.792798042 0.567774236
vt 0.984662652 0.536055684
vt 0.803452492 0.537892818
vt 0.974234164 0.569611371
vt 0.989884198 0.993460357
vt 0.810211897 0.955449045
vt 0.989884198 0.955449045
vt 0.810211897 0.993608534
vt 0.299245924 0.525292814
vt 0.316021889 0.572527826
vt 0.316021889 0.525292814
vt 0.299245924 0.572527826
vt 0.332797855 0.572527826
vt 0.332797855 0.525292814
vt 0.282469839 0.525292814
vt 0.282469839 0.572527826
vt 0.265693754 0.525292814
vt 0.265693754 0.572527826
vt 0.248917669 0.525292814
vt 0.248917669 0.572527826
vt 0.232141703 0.525292814
vt 0.232141703 0.572527826
vt 0.110897362 0.522081137
vt 0.0377028584 0.563809872
vt 0.0133045316 0.522081137
vt 0.0864990354 0.563809872
vt 0.110897362 0.522081137
vt 0.0377028584 0.564339876
vt 0.0864990354 0.564339876
vt 0.0133045316 0.522081137
vt 0.189000219 0.519144118
vt 0.153572291 0.606821358
vt 0.153572291 0.519144118
vt 0.189000249 0.606821358
vt 0.118144363 0.606821358
vt 0.118144363 0.519144118
vt 0.118053526 0.519144118
vt 0.153511852 0.606821358
vt 0.153511852 0.519144118
vt 0.118053526 0.606821358
vt 0.118147865 0.519144118
vt 0.153605983 0.606821358
vt 0.153605953 0.519144118
vt 0.118147865 0.606821358
vt 0.18896994 0.518928885
vt 0.224428296 0.606606126
vt 0.224428266 0.518928885
vt 0.18896997 0.606606126
vt 0.189064279 0.519144118
vt 0.153636262 0.606821358
vt 0.153636232 0.519144118
vt 0.189064309 0.606821358
vt 0.110897362 0.569246411
vt 0.0377028584 0.610975266
vt 0.0133045316 0.569246411
vt 0.0864990354 0.610975266
vt 0.110897362 0.569246411
vt 0.0377027392 0.611505508
vt 0.0864990354 0.611505508
vt 0.0133045316 0.569246411
vt 0.299245924 0.525292814
vt 0.316021889 0.572527826
vt 0.316021889 0.525292814
vt 0.299245924 0.572527826
vt 0.332797855 0.572527826
vt 0.332797855 0.525292814
vt 0.282469839 0.525292814
vt 0.282469839 0.572527826
vt 0.265693754 0.525292814
vt 0.265693754 0.572527826
vt 0.248917669 0.525292814
vt 0.248917669 0.572527826
vt 0.232141703 0.525292814
vt 0.232141703 0.572527826
vt 0.110897362 0.522081137
vt 0.0377028584 0.563809872
vt 0.0133045316 0.522081137
vt 0.0864990354 0.563809872
vt 0.110897362 0.522081137
vt 0.0377028584 0.564339876
vt 0.0864990354 0.564339876
vt 0.0133045316 0.522081137
vt 0.189000219 0.519144118
vt 0.153572291 0.606821358
vt 0.153572291 0.519144118
vt 0.189000249 0.606821358
vt 0.118144363 0.606821358
vt 0.118144363 0.519144118
vt 0.118053526 0.519144118
vt 0.153511852 0.606821358
vt 0.153511852 0.519144118
vt 0.118053526 0.606821358
vt 0.118147865 0.519144118
vt 0.153605983 0.606821358
vt 0.153605953 0.519144118
vt 0.118147865 0.606821358
vt 0.18896994 0.518928885
vt 0.224428296 0.606606126
vt 0.224428266 0.518928885
vt 0.18896997 0.606606126
vt 0.189064279 0.519144118
vt 0.153636262 0.606821358
vt 0.153636232 0.519144118
vt 0.189064309 0.606821358
vt 0.110897362 0.569246411
vt 0.0377028584 0.610975266
vt 0.0133045316 0.569246411
vt 0.0864990354 0.610975266
vt 0.110897362 0.569246411
vt 0.0377027392 0.611505508
vt 0.0864990354 0.611505508
vt 0.0133045316 0.569246411
vt 0.314111829 0.576693237
vt 0.328089744 0.623620808
vt 0.314111829 0.623620808
vt 0.328089744 0.576693237
vt 0.283299565 0.576693237
vt 0.314111829 0.623620808
vt 0.283299565 0.623620808
vt 0.314111829 0.576693237
vt 0.373674154 0.576693237
vt 0.382697284 0.623620808
vt 0.373674154 0.623620808
vt 0.382697284 0.576693237
vt 0.363678306 0.576693237
vt 0.373674154 0.623620808
vt 0.363678306 0.623620808
vt 0.373674154 0.576693237
vt 0.328089744 0.576693237
vt 0.345747262 0.623620808
vt 0.328089744 0.623620808
vt 0.345747262 0.576693237
vt 0.345747262 0.576693237
vt 0.352551997 0.623620808
vt 0.345747262 0.623620808
vt 0.352551937 0.576693237
vt 0.352551937 0.576693237
vt 0.363678306 0.623620808
vt 0.352551997 0.623620808
vt 0.363678306 0.576693237
vt 0.268459946 0.917167008
vt 0.332248658 0.943656623
vt 0.268459946 0.943656623
vt 0.332248658 0.917167127
vt 0.199208871 0.917167008
vt 0.268459946 0.943656623
vt 0.199208871 0.943656623
vt 0.268459946 0.917167008
vt 0.550078988 0.816532373
vt 0.591712952 0.76376909
vt 0.550078988 0.771166086
vt 0.591712952 0.823929429
vt 0.632628977 0.755947232
vt 0.658644319 0.811199307
vt 0.632628977 0.811199307
vt 0.658644319 0.755733371
vt 0.591712952 0.823929429
vt 0.630965114 0.760807931
vt 0.591712952 0.76376909
vt 0.630965114 0.826890528
vt 0.467329234 0.812804878
vt 0.550078988 0.771166086
vt 0.467329234 0.774893582
vt 0.550078988 0.816532373
vt 0.808574557 0.769493937
vt 0.819979608 0.811199307
vt 0.808574557 0.811199188
vt 0.819979608 0.772841752
vt 0.819979608 0.772841752
vt 0.841016769 0.811199307
vt 0.819979608 0.811199307
vt 0.841016769 0.778771937
vt 0.679163933 0.756429672
vt 0.738711417 0.811199307
vt 0.679163933 0.811199307
vt 0.738711417 0.762127399
vt 0.658644319 0.755733371
vt 0.679163933 0.811199307
vt 0.658644319 0.811199307
vt 0.679163933 0.756429672
vt 0.777711272 0.76366967
vt 0.808574557 0.811199188
vt 0.777711272 0.811199307
vt 0.808574557 0.769493937
vt 0.738711417 0.762127399
vt 0.777711272 0.811199307
vt 0.738711417 0.811199307
vt 0.777711272 0.76366967
vt 0.947604239 0.778576374
vt 0.991681278 0.805938482
vt 0.947604239 0.805938482
vt 0.991681278 0.778576374
vt 0.48339811 0.561997771
vt 0.448491007 0.529921174
vt 0.48339811 0.529921174
vt 0.448491007 0.561997771
vt 0.926275849 0.778576374
vt 0.947604239 0.805938482
vt 0.926275849 0.805938482
vt 0.947604239 0.778576374
vt 0.873670399 0.778576374
vt 0.926275849 0.805938482
vt 0.873670399 0.805938482
vt 0.926275849 0.778576374
vt 0.448491007 0.561997771
vt 0.389920324 0.529921174
vt 0.448491007 0.529921174
vt 0.389920324 0.561997771
vt 0.389920324 0.561997771
vt 0.362124592 0.529921174
vt 0.389920324 0.529921174
vt 0.362124592 0.561997652
vt 0.989884198 0.993460357
vt 0.810211897 0.955449045
vt 0.810211897 0.993608534
vt 0.989884198 0.955449045
vt 0.974234164 0.569611371
vt 0.984662652 0.536055684
vt 0.989945173 0.558103085
vt 0.299245924 0.525292814
vt 0.316021889 0.572527826
vt 0.299245924 0.572527826
vt 0.316021889 0.525292814
vt 0.332797855 0.572527826
vt 0.332797855 0.525292814
vt 0.282469839 0.525292814
vt 0.282469839 0.572527826
vt 0.265693754 0.525292814
vt 0.265693754 0.572527826
vt 0.248917669 0.525292814
vt 0.248917669 0.572527826
vt 0.232141703 0.525292814
vt 0.232141703 0.572527826
vt 0.110897362 0.522081137
vt 0.0377028584 0.563809872
vt 0.0864990354 0.563809872
vt 0.0133045316 0.522081137
vt 0.110897362 0.522081137
vt 0.0377028584 0.564339876
vt 0.0133045316 0.522081137
vt 0.0864990354 0.564339876
vt 0.189000219 0.519144118
vt 0.153572291 0.606821358
vt 0.189000249 0.606821358
vt 0.153572291 0.519144118
vt 0.118144363 0.606821358
vt 0.118144363 0.519144118
vt 0.224428266 0.518928885
vt 0.224428296 0.606606126
vt 0.118053526 0.519144118
vt 0.153511852 0.606821358
vt 0.118053526 0.606821358
vt 0.153511852 0.519144118
vt 0.224503949 0.518928885
vt 0.188969985 0.606606126
vt 0.224503949 0.606606126
vt 0.188970014 0.518928885
vt 0.153605953 0.519144118
vt 0.189064309 0.606821358
vt 0.153605983 0.606821358
vt 0.189064279 0.519144118
vt 0.110897362 0.569246411
vt 0.0377028584 0.610975266
vt 0.0864990354 0.610975266
vt 0.0133045316 0.569246411
vt 0.110897362 0.569246411
vt 0.0377027392 0.611505508
vt 0.0133045316 0.569246411
vt 0.0864990354 0.611505508
vt 0.299245924 0.525292814
vt 0.316021889 0.572527826
vt 0.299245924 0.572527826
vt 0.316021889 0.525292814
vt 0.332797855 0.572527826
vt 0.332797855 0.525292814
vt 0.282469839 0.525292814
vt 0.282469839 0.572527826
vt 0.265693754 0.525292814
vt 0.265693754 0.572527826
vt 0.248917669 0.525292814
vt 0.248917669 0.572527826
vt 0.232141703 0.525292814
vt 0.232141703 0.572527826
vt 0.110897362 0.522081137
vt 0.0377028584 0.563809872
vt 0.0864990354 0.563809872
vt 0.0133045316 0.522081137
vt 0.110897362 0.522081137
vt 0.0377028584 0.564339876
vt 0.0133045316 0.522081137
vt 0.0864990354 0.564339876
vt 0.189000219 0.519144118
vt 0.153572291 0.606821358
vt 0.189000249 0.606821358
vt 0.153572291 0.519144118
vt 0.118144363 0.606821358
vt 0.118144363 0.519144118
vt 0.224428266 0.518928885
vt 0.224428296 0.606606126
vt 0.118053526 0.519144118
vt 0.153511852 0.606821358
vt 0.118053526 0.606821358
vt 0.153511852 0.519144118
vt 0.224503949 0.518928885
vt 0.188969985 0.606606126
vt 0.224503949 0.606606126
vt 0.188970014 0.518928885
vt 0.153605953 0.519144118
vt 0.189064309 0.606821358
vt 0.153605983 0.606821358
vt 0.189064279 0.519144118
vt 0.110897362 0.569246411
vt 0.0377028584 0.610975266
vt 0.0864990354 0.610975266
vt 0.0133045316 0.569246411
vt 0.110897362 0.569246411
vt 0.0377027392 0.611505508
vt 0.0133045316 0.569246411
vt 0.0864990354 0.611505508
vt 0.505169094 0.746100366
vt 0.798126459 0.731875837
vt 0.751104176 0.750576079
vt 0.467616439 0.677295744
vt 0.187993392 0.666353762
vt 0.162856176 0.746328413
vt 0.0057752342 0.658385694
vt 0.00489123212 0.701287925
vt 0.163480818 0.64380461
vt 0.051027067 0.638760865
vt 0.550359964 0.645070493
vt 0.435174227 0.656861126
vt 0.534100533 0.629334509
vt 0.535305917 0.598609149
vt 0.385628879 0.574958384
vt 0.410052687 0.570271909
vt 0.52570343 0.590345323
vt 0.668074191 0.653218806
vt 0.0622009598 0.766333401
vt 0.0836642534 0.743221462
vt 0.672787726 0.647938073
vt 0.782715201 0.646815717
vt 0.858694196 0.663355172
vt 0.67372179 0.624127209
vt 0.676877677 0.619502485
vt 0.768095434 0.637644351
vt 0.91516006 0.72802335
vt 0.998013854 0.750739276
vt 0.957466543 0.679957449
vt 0.937489331 0.750442088
vt 0.564164042 0.600178421
vt 0.59291172 0.555567443
vt 0.626446366 0.624988735
vt 0.644972324 0.606116056
vt 0.695703149 0.60648936
vt 0.709897637 0.556292117
vt 0.727459788 0.585707247
vt 0.549101472 0.507369697
vt 0.563998222 0.569817126
vt 0.505129814 0.515218854
vt 0.494414091 0.565846801
vt 0.110923752 0.962071598
vt 0.116442308 0.995582521
vt 0.0582253784 0.98294872
vt 0.138244137 0.967728555
vt 0.0674937814 0.893544614
vt 0.00742898881 0.916868865
vt 0.00742898881 0.916868865
vt 0.0716268867 0.828169286
vt 0.0674937814 0.893544614
vt 0.011357531 0.789641082
vt 0.0499776453 0.785638869
vt 0.0371439308 0.77668041
vt 0.354955137 0.786935985
vt 0.446772784 0.785523593
vt 0.238432288 0.787379205
vt 0.348544419 0.793195426
vt 0.75932622 0.573212206
vt 0.79670465 0.590195954
vt 0.766608834 0.590212166
vt 0.826134264 0.573038995
vt 0.85854286 0.604177535
vt 0.82833451 0.629560769
vt 0.818643808 0.651478708
vt 0.997763038 0.649928749
vt 0.938226104 0.584104955
vt 0.185761154 0.782916367
vt 0.0721082911 0.768679917
vt 0.186028272 0.769253731
vt 0.0720725283 0.783739209
vt 0.792798042 0.567774236
vt 0.984662652 0.536055684
vt 0.974234164 0.569611371
vt 0.803452492 0.537892818
vt 0.0720725283 0.783739209
vt 0.185574919 0.803775907
vt 0.0720571354 0.804052055
vt 0.185761154 0.782916367
vt 0.996477604 0.661192596
vt 0.974019408 0.706577837
vt 0.996477604 0.706577837
vt 0.974019408 0.661192596
vn -0.0871544527 -0.992876866 0.0812381053
vn -0.0867960188 -0.996218235 -0.00395960461
vn -0.0841845811 -0.981134878 -0.174032487
vn -0.0871544527 -0.992876866 0.0812381053
vn -0.0864240655 -0.995341673 -0.0427297943
vn -0.0870970363 -0.994936319 0.050158031
vn -0.0871559054 -0.992394924 0.0869261952
vn -0.0871559054 -0.992394924 0.0869261952
vn 0.0870259693 0.986169276 -0.141055452
vn 0.0868263675 0.981081361 -0.173033361
vn 0.0858761941 0.962952953 -0.255630378
vn 0.0870259693 0.986169276 -0.141055452
vn 0.059925294 0.619055485 -0.783057639
vn 0.059925294 0.619055485 -0.783057639
vn -0.0863902122 -0.995213119 -0.0456900241
vn -0.0863902122 -0.995213119 -0.0456900241
vn -0.0863902122 -0.995213119 -0.0456900241
vn -0.0863902122 -0.995213119 -0.0456900241
vn 0.0781590771 0.92852787 0.362942357
vn 0.0828648654 0.970555132 0.226177252
vn 0.0860408655 0.99360472 0.0731206539
vn 0.0781590771 0.92852787 0.362942357
vn 0.0863873224 0.972104554 -0.218059546
vn 0.0809829544 0.889899285 -0.44891093
vn 0.0567594433 0.580153151 -0.812527345
vn 0.0567594433 0.580153151 -0.812527345
vn 0.996194691 -0.086824141 0.00759639523
vn 0.996194691 -0.0868241463 0.00759639953
vn 0.996194665 -0.0868244418 0.00759641448
vn 0.99619468 -0.0868242785 0.00759639208
vn 0.996194692 -0.0868241291 0.00759639687
vn 0.99619469 -0.0868241587 0.00759639616
vn 0.996194693 -0.086824124 0.00759639493
vn 0.996194686 -0.086824209 0.00759638347
vn 0.996194695 -0.0868240961 0.0075963849
vn 0.996194708 -0.0868239543 0.00759635331
vn 0.996194656 -0.0868245508 0.00759639539
vn 0.996194647 -0.0868246463 0.0075963923
vn 0.996194643 -0.0868246945 0.00759645741
vn 0.996194644 -0.0868246914 0.00759638038
vn 0.996194649 -0.0868246359 0.00759635379
vn 0.996194621 -0.0868249523 0.00759633695
vn 0.996194606 -0.0868251324 0.00759631948
vn 0.996194663 -0.0868244697 0.00759639129
vn 0.996194636 -0.0868247859 0.00759630297
vn 0.996194644 -0.086824677 0.00759644001
vn 0.995438331 -0.0953923937 -0.00167969576
vn 0.99619462 -0.086824968 0.00759635387
vn 0.996194628 -0.0868248681 0.007596356
vn 0.996194618 -0.0868249901 0.00759634043
vn 0.994809586 -0.101623179 -0.0051592472
vn 0.985338018 -0.157522604 -0.0655409721
vn 0.989496696 -0.133665077 -0.0550448585
vn 0.977156243 -0.197172351 -0.0793015837
vn 0.0702682235 0.748550921 -0.659343533
vn 0.0702682235 0.748550921 -0.659343533
vn 0.0702682235 0.748550921 -0.659343533
vn 0.0702682235 0.748550921 -0.659343533
vn 0.0871365846 0.990353138 -0.107739864
vn 0.0871365846 0.990353138 -0.107739864
vn 0.0871365916 0.990353137 -0.107739865
vn 0.0871365776 0.990353139 -0.107739862
vn -0.078539434 -0.856507036 0.510124744
vn -0.078539434 -0.856507036 0.510124744
vn -0.0785393948 -0.856507016 0.510124784
vn -0.0785394732 -0.856507057 0.510124703
vn -0.0864504452 -0.995437997 -0.0403672456
vn -0.0864504452 -0.995437997 -0.0403672456
vn -0.0864505024 -0.995437993 -0.0403672143
vn -0.0864503992 -0.995438 -0.0403672709
vn 0.0755100979 0.903323655 0.422261293
vn 0.0755100979 0.903323655 0.422261293
vn 0.0755101314 0.903323627 0.422261346
vn 0.0755100645 0.903323683 0.42226124
vn -0.0869756435 -0.99595346 0.0226261435
vn -0.0869756435 -0.99595346 0.0226261435
vn -0.0869756649 -0.995953458 0.0226261462
vn -0.0869756221 -0.995953462 0.0226261408
vn 0.0480001438 0.619303724 0.783682897
vn 0.0480001438 0.619303724 0.783682897
vn 0.0480001438 0.619303724 0.783682897
vn 0.0480001438 0.619303724 0.783682897
vn -0.0755890693 -0.904089138 -0.420605661
vn -0.0755890693 -0.904089138 -0.420605661
vn -0.0755890693 -0.904089138 -0.420605661
vn -0.0755890693 -0.904089138 -0.420605661
vn -0.0848846473 -0.946775684 0.310500244
vn -0.0848846473 -0.946775684 0.310500244
vn -0.0848846473 -0.946775684 0.310500244
vn -0.0848846473 -0.946775684 0.310500244
vn -0.0860823238 -0.993817878 -0.0701131884
vn -0.0860823238 -0.993817878 -0.0701131884
vn -0.0860822723 -0.993817885 -0.0701131534
vn -0.0860823753 -0.993817871 -0.0701132235
vn -0.0682387239 -0.831222237 -0.551736413
vn -0.0682387239 -0.831222237 -0.551736413
vn -0.0682387239 -0.831222237 -0.551736413
vn -0.0682387239 -0.831222237 -0.551736413
vn -0.0462667016 -0.45295544 0.890331827
vn -0.0462667016 -0.45295544 0.890331827
vn -0.0462667016 -0.45295544 0.890331827
vn -0.0462667016 -0.45295544 0.890331827
vn 1.03895377e-07 -0.0871557242 -0.9961947
vn 1.03895377e-07 -0.0871557242 -0.9961947
vn 1.03895377e-07 -0.0871557242 -0.9961947
vn 1.03895377e-07 -0.0871557242 -0.9961947
vn -0.0649564135 -0.79774245 -0.599489489
vn -0.0649564135 -0.79774245 -0.599489489
vn -0.0649565997 -0.797742067 -0.599489978
vn -0.0649562274 -0.797742833 -0.599489
vn -0.0871168491 -0.994565745 0.057005561
vn -0.0871168491 -0.994565745 0.057005561
vn -0.0871168491 -0.994565745 0.057005561
vn -0.0871168491 -0.994565745 0.057005561
vn 1.98459447e-07 0.087159167 0.996194399
vn 1.98459447e-07 0.087159167 0.996194399
vn 1.98459447e-07 0.087159167 0.996194399
vn 1.98459448e-07 0.087159167 0.996194399
vn -0.0554443568 -0.564069449 0.823863811
vn -0.055443949 -0.564067622 0.82386509
vn -0.0554443568 -0.564069449 0.823863811
vn -0.0554447646 -0.564071277 0.823862533
vn 0.0871449727 0.993659743 -0.0710356868
vn 0.0871449727 0.993659743 -0.0710356868
vn 0.0871450557 0.993659735 -0.0710356964
vn 0.0871448896 0.993659751 -0.0710356773
vn 0.0796618074 0.871713297 -0.483497596
vn 0.0796618074 0.871713297 -0.483497596
vn 0.0796616785 0.871713388 -0.483497452
vn 0.0796619364 0.871713205 -0.48349774
vn 0.996194688 -0.0868241843 0.0075963464
vn -0.996194658 0.0868245234 -0.00759646011
vn 0.996194688 -0.0868241778 0.00759639587
vn 0.9961947 -0.0868240492 0.00759632983
vn 0.996194695 -0.0868240972 0.00759640264
vn 0.996194748 -0.086823499 0.00759632416
vn 0.996194689 -0.0868241682 0.00759636818
vn 0.996194691 -0.0868241404 0.00759641501
vn 0.996194688 -0.0868241739 0.0075964135
vn 0.99619469 -0.0868241518 0.00759644953
vn 0.996194686 -0.0868241966 0.00759641971
vn 0.996194686 -0.0868241959 0.0075964227
vn 0.996194685 -0.0868242041 0.00759646628
vn 0.996194688 -0.0868241814 0.00759641297
vn 0.996194688 -0.0868241828 0.00759639341
vn 0.996194688 -0.0868241828 0.00759639341
vn 0.996194688 -0.0868241838 0.00759637771
vn 0.993249429 -0.0794236854 0.0845425963
vn 0.995212349 -0.0727645555 0.065251054
vn 0.995468822 -0.0897948536 0.0312843049
vn 0.988356352 -0.0720611358 0.134010874
vn 0.986816833 -0.0734610597 0.144208217
vn 0.980498171 -0.0645927935 0.185610098
vn 0.976394251 -0.0709847526 0.203998609
vn 0.976205403 -0.0658473819 0.206608649
vn 0.974346657 -0.0652065501 0.215398928
vn 0.98042333 -0.064941631 0.185883506
vn 0.973854228 -0.0331899524 0.22473622
vn 0.972745083 -0.0413463024 0.228161099
vn 0.996194686 -0.0868242011 0.00759640594
vn 0.996194687 -0.0868241951 0.00759637369
vn 0.996194691 -0.0868241476 0.00759638748
vn 0.996194683 -0.0868242419 0.00759639147
vn 0.996194687 -0.0868241981 0.00759639265
vn 0.996194686 -0.0868242126 0.00759631788
vn 0.996194685 -0.0868242171 0.00759639067
vn 0.996194686 -0.0868242035 0.0075964072
vn 0.996194688 -0.0868241753 0.00759641384
vn 0.996194693 -0.0868241285 0.00759640172
vn 0.996194693 -0.0868241285 0.00759640172
vn 0.996194692 -0.086824131 0.0075964014
vn 0.996194693 -0.086824127 0.00759640192
vn 0.0638788921 0.786652738 0.614082207
vn 0.0638788921 0.786652738 0.614082207
vn 0.0638788241 0.78665267 0.614082301
vn 0.0638789601 0.786652806 0.614082113
vn 0.0871045513 0.988830847 -0.12093946
vn 0.0871045513 0.988830847 -0.12093946
vn 0.0871045513 0.988830847 -0.12093946
vn 0.0871045513 0.988830847 -0.12093946
vn 0.0871478103 0.99349433 -0.0733094477
vn 0.0871478103 0.99349433 -0.0733094477
vn 0.0871478103 0.99349433 -0.0733094477
vn 0.0871478103 0.99349433 -0.0733094477
vn 0.725608318 0.684900275 -0.0663640104
vn 0.725608318 0.684900275 -0.0663640104
vn 0.671242487 0.737072119 -0.0784742911
vn 0.770202936 0.635395027 -0.0553226612
vn 0.705899069 0.706163664 -0.0551306171
vn 0.705899069 0.706163664 -0.0551306171
vn 0.785880322 0.616884161 -0.0429656956
vn 0.603500726 0.794468061 -0.0678776334
vn 0.113573461 -0.298324707 0.947683195
vn 0.662579445 -0.197146778 0.722579841
vn 0.90075137 -0.0415878926 0.43233947
vn -0.21705661 -0.274537484 0.936758025
vn 0.989324635 0.122215123 0.0793739885
vn 0.990611228 0.117404843 0.0700392578
vn -0.733789507 -0.0784064009 0.674837311
vn -0.918290147 0.107874463 0.380928217
vn -0.842290231 0.477253282 -0.250552334
vn -0.593024869 0.613722573 -0.52121599
vn -0.0707972624 0.686417357 -0.723753383
vn 0.235141041 0.656157634 -0.71705359
vn 0.480535288 0.58233074 -0.655726121
vn 0.474493035 0.575912681 -0.665718367
vn 0.0777735407 0.928471459 0.363169418
vn 0.0777735407 0.928471459 0.363169418
vn 0.0777854806 0.928473287 0.363162188
vn 0.0777496614 0.928467803 0.363183879
vn 0.0785244943 0.928405753 0.363175801
vn 0.0785244943 0.928405753 0.363175801
vn 0.0785491908 0.928397348 0.363191944
vn 0.0785121459 0.928409954 0.363167729
vn 0.393484766 -0.392365269 0.831395955
vn 0.620623742 -0.319539151 0.716045321
vn 0.889445331 -0.161059776 0.427722751
vn 0.389614227 -0.391577529 0.833587303
vn 0.998412983 0.0409026554 0.0387103068
vn 0.998678022 0.0433689964 0.0275923756
vn 0.479930449 0.51726929 -0.708589617
vn 0.479930449 0.51726929 -0.708589617
vn 0.489988237 0.517255678 -0.70168233
vn 0.465319464 0.517153575 -0.718352265
vn -0.361373676 0.58954948 -0.722385269
vn -0.361373676 0.58954948 -0.722385269
vn -0.364003868 0.588440351 -0.721968931
vn -0.357412795 0.591208126 -0.723000031
vn -0.981410278 0.185360704 0.0497521429
vn -0.981410278 0.185360704 0.0497521429
vn -0.982625909 0.176196376 0.0583194667
vn -0.979255357 0.199284966 0.0366667052
vn -0.479912361 -0.317579522 0.817818667
vn -0.479912361 -0.317579522 0.817818667
vn -0.490303909 -0.309641467 0.814692726
vn -0.464828396 -0.328885541 0.822051618
vn 0.0781495437 0.928544902 0.362900832
vn 0.0781495437 0.928544902 0.362900832
vn 0.0781555291 0.928545879 0.362897043
vn 0.0781375728 0.928542947 0.362908411
vn 0.0781720405 0.928542941 0.362901004
vn 0.0781720405 0.928542941 0.362901004
vn 0.0781833768 0.928538955 0.36290876
vn 0.0781663724 0.928544934 0.362897126
vn 0.114702925 -0.286531161 0.951179864
vn 0.662849661 -0.192616218 0.72355326
vn 0.901067494 -0.0458743085 0.431245776
vn -0.216141999 -0.262420142 0.940435168
vn 0.991013446 0.109997166 0.0761115888
vn 0.992190103 0.105410294 0.0666893518
vn -0.733257323 -0.0735591229 0.675960616
vn -0.919096905 0.104386932 0.379952954
vn -0.850316204 0.458194786 -0.258882002
vn -0.603137068 0.590339866 -0.53639959
vn -0.0751884525 0.66090719 -0.746691625
vn 0.235887562 0.630235169 -0.739703109
vn 0.484630905 0.55661886 -0.67476539
vn 0.478409553 0.550408188 -0.68423324
vn 0.0774155809 0.925940087 0.369650894
vn 0.0774155809 0.925940087 0.369650894
vn 0.0774267803 0.925941844 0.369644147
vn 0.0773931824 0.925936572 0.369664387
vn 0.0783409553 0.925858836 0.369659453
vn 0.0783409553 0.925858836 0.369659453
vn 0.0783668725 0.925849908 0.369676319
vn 0.0783279965 0.925863299 0.36965102
vn 0.395811367 -0.376745143 0.837494154
vn 0.622306945 -0.308048252 0.719611243
vn 0.889663529 -0.158305846 0.428296702
vn 0.392063814 -0.37601257 0.839583536
vn 0.998763765 0.0333672708 0.0368451839
vn 0.999032573 0.0357717848 0.0255792305
vn 0.482599709 0.493429181 -0.723619488
vn 0.482599709 0.493429181 -0.723619488
vn 0.492637322 0.493384076 -0.716854673
vn 0.468021123 0.493367117 -0.733174684
vn -0.367728888 0.566518661 -0.737449708
vn -0.367728888 0.566518661 -0.737449708
vn -0.370170901 0.565515525 -0.736997758
vn -0.364052851 0.568019026 -0.738119169
vn -0.982589828 0.179410702 0.0482600263
vn -0.982589828 0.179410702 0.0482600263
vn -0.983664938 0.170783643 0.0568879371
vn -0.980668638 0.192501581 0.0351021974
vn -0.479644094 -0.301693851 0.823967453
vn -0.479644094 -0.301693851 0.823967453
vn -0.489925754 -0.294149428 0.820639305
vn -0.464726284 -0.312441406 0.828498551
vn 0.0777547736 0.925224945 0.371366391
vn 0.0777547736 0.925224945 0.371366391
vn 0.0777576371 0.925225427 0.371364591
vn 0.0777490466 0.925223981 0.371369992
vn 0.0778583787 0.925215915 0.371367181
vn 0.0778583787 0.925215915 0.371367181
vn 0.0778637975 0.92521398 0.371370867
vn 0.0778556693 0.925216883 0.371365338
vn -0.0472106646 -0.464303689 0.884416891
vn -0.0472106646 -0.464303689 0.884416891
vn -0.0472106646 -0.464303689 0.884416891
vn -0.0472106646 -0.464303689 0.884416891
vn -0.0871541497 -0.992924766 0.0806508718
vn -0.0871541497 -0.992924766 0.0806508718
vn -0.0871541497 -0.992924766 0.0806508718
vn -0.0871541497 -0.992924766 0.0806508718
vn -0.0446783384 -0.583565915 -0.810835784
vn -0.0446783384 -0.583565915 -0.810835784
vn -0.0446783384 -0.583565915 -0.810835784
vn -0.0446783384 -0.583565915 -0.810835784
vn 0.0729277397 0.782669385 -0.618150611
vn 0.0729277397 0.782669385 -0.618150611
vn 0.0729277397 0.782669385 -0.618150611
vn 0.0729277397 0.782669385 -0.618150611
vn 0.0809680487 0.954200672 0.288002175
vn 0.0809680487 0.954200672 0.288002175
vn 0.0809680487 0.954200672 0.288002175
vn 0.0809680487 0.954200672 0.288002175
vn 0.0610547043 0.633004463 -0.77173679
vn 0.0610547043 0.633004463 -0.77173679
vn 0.0610547043 0.633004463 -0.77173679
vn 0.0610547043 0.633004463 -0.77173679
vn 0.0871534616 0.993018433 -0.0794900319
vn 0.0871534616 0.993018433 -0.0794900319
vn 0.0871534616 0.993018433 -0.0794900319
vn 0.0871534616 0.993018433 -0.0794900319
vn -0.0497999951 -0.495522132 0.867166522
vn -0.0497999951 -0.495522132 0.867166522
vn -0.0497999951 -0.495522132 0.867166522
vn -0.0497999951 -0.495522132 0.867166522
vn -0.0542200169 -0.685616841 -0.725940588
vn -0.0542200169 -0.685616841 -0.725940588
vn -0.0542200169 -0.685616841 -0.725940588
vn -0.0542200169 -0.685616841 -0.725940588
vn 0.0661917433 0.810395145 0.582132598
vn 0.0661917433 0.810395145 0.582132598
vn 0.0661917433 0.810395145 0.582132598
vn 0.0661917433 0.810395145 0.582132598
vn 0.0380964179 0.355396854 -0.93393883
vn 0.0380964179 0.355396854 -0.93393883
vn 0.0380964179 0.355396854 -0.93393883
vn 0.0380964179 0.355396854 -0.93393883
vn 0.0871556767 0.992561716 -0.0850007469
vn 0.0871556767 0.992561716 -0.0850007469
vn 0.0871556767 0.992561716 -0.0850007469
vn 0.0871556767 0.992561716 -0.0850007469
vn 0.0155034713 0.262297896 0.964862403
vn 0.0155034713 0.262297896 0.964862403
vn 0.0155034713 0.262297896 0.964862403
vn 0.0155034713 0.262297896 0.964862403
vn -0.0801881943 -0.947213581 -0.310413089
vn -0.0801881943 -0.947213581 -0.310413089
vn -0.0801881943 -0.947213581 -0.310413089
vn -0.0801881943 -0.947213581 -0.310413089
vn -0.0676031709 -0.714757293 0.696097567
vn -0.0676031709 -0.714757293 0.696097567
vn -0.0676031709 -0.714757293 0.696097567
vn -0.0676031709 -0.714757293 0.696097567
vn -0.0609740451 -0.756560029 -0.651075333
vn -0.0609740451 -0.756560029 -0.651075333
vn -0.0609739911 -0.756559995 -0.651075377
vn -0.0609741055 -0.756560066 -0.651075284
vn -0.0871529224 -0.9916597 0.0949495023
vn -0.0871529224 -0.9916597 0.0949495023
vn -0.0871529224 -0.9916597 0.0949495023
vn -0.0871529224 -0.9916597 0.0949495023
vn -0.0546707156 -0.690387899 -0.721370683
vn -0.0546707156 -0.690387899 -0.721370683
vn -0.0546707413 -0.690387925 -0.721370656
vn -0.0546706862 -0.690387869 -0.721370713
vn -0.0128379718 -0.23238616 -0.972538873
vn -0.0128379718 -0.23238616 -0.972538873
vn -0.0128379777 -0.232386166 -0.972538871
vn -0.0128379656 -0.232386153 -0.972538875
vn -0.0871555304 -0.992174682 0.0894053373
vn -0.0871555304 -0.992174682 0.0894053373
vn -0.0871555304 -0.992174682 0.0894053373
vn -0.0871555304 -0.992174682 0.0894053373
vn 0.0871558101 0.992356597 -0.0873627488
vn 0.0871558101 0.992356597 -0.0873627488
vn 0.0871558101 0.992356597 -0.0873627488
vn 0.0871558101 0.992356597 -0.0873627488
vn -0.062847603 -0.776002596 -0.62759075
vn -0.062847603 -0.776002596 -0.62759075
vn -0.062847603 -0.776002596 -0.62759075
vn -0.062847603 -0.776002596 -0.62759075
vn -0.0845155868 -0.941050595 0.327537622
vn -0.0845155868 -0.941050595 0.327537622
vn -0.0845155868 -0.941050595 0.327537622
vn -0.0845155868 -0.941050595 0.327537622
vn 0.0545908662 0.689543208 0.722184188
vn 0.0545908662 0.689543208 0.722184188
vn 0.0545908662 0.689543208 0.722184188
vn 0.0545908662 0.689543208 0.722184188
vn -0.0352436333 -0.321590122 0.946222849
vn -0.0352436333 -0.321590122 0.946222849
vn -0.0352436333 -0.321590122 0.946222849
vn -0.0352436333 -0.321590122 0.946222849
vn -0.572182869 0.817555993 -0.0648765264
vn -0.572182869 0.817555993 -0.0648765264
vn -0.455871764 0.886798541 -0.0759557863
vn -0.666577328 0.743474413 -0.0540412998
vn 0.0527659148 0.531452814 -0.845442881
vn 0.0527659148 0.531452814 -0.845442881
vn 0.0527659148 0.531452814 -0.845442881
vn -0.177797342 -0.272930039 0.945461421
vn -0.697553392 -0.0786032372 0.712208394
vn 0.152089946 -0.30671076 0.939572859
vn -0.900804523 0.115428238 0.41860188
vn -0.954354161 0.291618074 0.0645525707
vn -0.956312067 0.287090515 0.0551929874
vn 0.698864658 -0.203270623 0.685761798
vn 0.917234814 -0.0521022755 0.394924864
vn 0.915844876 0.324021635 -0.237145826
vn 0.698070289 0.501196238 -0.511370904
vn 0.199417098 0.662866638 -0.721692899
vn -0.107209271 0.685995414 -0.719664133
vn -0.362574712 0.655812604 -0.662155123
vn -0.357583253 0.648432871 -0.672063263
vn 0.0785255615 0.928405916 0.363175153
vn 0.0785255615 0.928405916 0.363175153
vn 0.0785482267 0.928398203 0.363189968
vn 0.0785142287 0.928409772 0.363167745
vn 0.0777745537 0.928471114 0.363170082
vn 0.0777745537 0.928471114 0.363170082
vn 0.0777875636 0.928473106 0.363162204
vn 0.0777485342 0.92846713 0.363185839
vn -0.160704054 -0.379749555 0.911023865
vn -0.677308604 -0.206416804 0.706148113
vn 0.166025554 -0.405382445 0.898944152
vn -0.910267552 -0.00420426259 0.413999164
vn -0.976755026 0.213050125 0.023648748
vn -0.976421126 0.215510432 0.0125314811
vn 0.405306634 -0.394731474 0.824568733
vn 0.388432008 -0.403252092 0.82855798
vn -0.372433815 0.591557748 -0.715089144
vn -0.372433815 0.591557748 -0.715089144
vn -0.3579171 0.588903389 -0.724629663
vn -0.382445673 0.59329332 -0.708334909
vn 0.468801384 0.517194933 -0.716054931
vn 0.468801384 0.517194933 -0.716054931
vn 0.46519688 0.51951296 -0.716727386
vn 0.471193469 0.515648073 -0.715600293
vn 0.997812512 0.0128598789 0.0648445477
vn 0.997812512 0.0128598789 0.0648445477
vn 0.998297098 0.0269295635 0.0517465201
vn 0.9972947 0.00363483559 0.0734170962
vn 0.0781720405 0.928542941 0.362901004
vn 0.0781720405 0.928542941 0.362901004
vn 0.0781833768 0.928538955 0.36290876
vn 0.0781663724 0.928544934 0.362897126
vn 0.0781495437 0.928544902 0.362900832
vn 0.0781495437 0.928544902 0.362900832
vn 0.0781555291 0.928545879 0.362897043
vn 0.0781375728 0.928542947 0.362908411
vn -0.176922432 -0.261114355 0.948956135
vn -0.697050578 -0.0740930778 0.713183502
vn 0.153229713 -0.294613011 0.943251732
vn -0.901840841 0.111259591 0.417497785
vn -0.958081522 0.279872075 0.0612488331
vn -0.959891151 0.275545518 0.0518039159
vn 0.699162102 -0.198402753 0.686883325
vn 0.91744081 -0.0556780289 0.393957254
vn 0.920578111 0.303851022 -0.245378273
vn 0.704213795 0.47639662 -0.526430614
vn 0.199675801 0.636951172 -0.744595715
vn -0.11208592 0.660563054 -0.742356517
vn -0.3707678 0.631171769 -0.681288072
vn -0.365572036 0.623966024 -0.690668869
vn 0.0783420924 0.925859336 0.369657959
vn 0.0783420924 0.925859336 0.369657959
vn 0.0783633384 0.925852018 0.369671785
vn 0.0783314692 0.925862995 0.369651046
vn 0.0774165916 0.925939399 0.369652404
vn 0.0774165916 0.925939399 0.369652404
vn 0.0774302532 0.925941543 0.369644174
vn 0.0773892687 0.925935112 0.369668864
vn -0.159693075 -0.362638321 0.918145723
vn -0.677032338 -0.194803289 0.709703383
vn 0.168011297 -0.388443923 0.906026226
vn -0.910014679 -0.00145341184 0.414573481
vn -0.978375792 0.205686495 0.0217686958
vn -0.978054051 0.208086422 0.0105030247
vn 0.407697413 -0.379030808 0.830733691
vn 0.391078462 -0.387029756 0.835024314
vn -0.378959041 0.568518988 -0.730189158
vn -0.378959041 0.568518988 -0.730189158
vn -0.364468014 0.565923334 -0.739522716
vn -0.388954377 0.570219873 -0.723577079
vn 0.471304006 0.49339212 -0.731051811
vn 0.471304006 0.49339212 -0.731051811
vn 0.467953554 0.495504851 -0.731774838
vn 0.473528508 0.491982293 -0.730564285
vn 0.997967447 0.00679359398 0.0633626165
vn 0.997967447 0.00679359398 0.0633626165
vn 0.998539153 0.0200022648 0.0501943219
vn 0.997403258 -0.00187811163 0.0719945382
vn 0.0778583788 0.925215915 0.371367181
vn 0.0778583788 0.925215915 0.371367181
vn 0.0778637975 0.92521398 0.371370867
vn 0.0778556694 0.925216883 0.371365338
vn 0.0777547737 0.925224945 0.371366391
vn 0.0777547737 0.925224945 0.371366391
vn 0.0777576372 0.925225427 0.371364591
vn 0.0777490466 0.925223981 0.371369992
vn -0.996194684 0.0868242214 -0.00759639452
vn -0.996194711 0.0868239172 -0.00759638065
vn -0.996194679 0.0868242771 -0.00759641376
vn -0.9961947 0.0868240475 -0.0075964024
vn -0.996194683 0.0868242417 -0.00759639225
vn -0.996194685 0.0868242171 -0.00759639503
vn -0.996194681 0.0868242567 -0.00759641233
vn -0.996194688 0.086824172 -0.00759643687
vn -0.996194669 0.0868243971 -0.00759641852
vn -0.996194658 0.0868245182 -0.0075964455
vn -0.996194719 0.0868238266 -0.00759640375
vn -0.996194726 0.0868237469 -0.00759640055
vn -0.996194725 0.0868237611 -0.00759633685
vn -0.996194732 0.0868236779 -0.00759639847
vn -0.996194721 0.0868237939 -0.00759643079
vn -0.996194747 0.0868235024 -0.0075964776
vn -0.996194829 0.0868225452 -0.00759657044
vn -0.996194708 0.0868239522 -0.00759638015
vn -0.996194686 0.0868242028 -0.00759643223
vn 0.996194686 -0.0868242021 0.00759643199
vn -0.996194736 0.0868236212 -0.00759649807
vn -0.996194731 0.0868236952 -0.00759635988
vn -0.996791621 0.0782420835 -0.0168712714
vn -0.996194759 0.0868233573 -0.00759648198
vn -0.996194766 0.0868232826 -0.00759646294
vn -0.996194721 0.086823807 -0.00759639606
vn -0.997197615 0.071991867 -0.0203491251
vn -0.996625974 0.0152171717 -0.0806542365
vn -0.996753272 0.0394482995 -0.0701907868
vn -0.99521914 -0.0252684483 -0.0943417628
vn -0.996194687 0.0868241891 -0.00759640811
vn -0.996194688 0.0868241868 -0.00759638766
vn -0.996194686 0.0868242063 -0.00759637925
vn -0.996194688 0.0868241818 -0.00759637226
vn -0.996194689 0.0868241752 -0.00759638719
vn -0.996194688 0.0868241878 -0.00759638031
vn -0.996194688 0.0868241819 -0.00759634912
vn -0.996194688 0.0868241814 -0.00759641297
vn -0.996194688 0.086824182 -0.00759640479
vn -0.996194688 0.086824182 -0.00759640479
vn -0.996194688 0.0868241824 -0.00759639823
vn -0.993178562 0.093705144 0.0693951695
vn -0.993667735 0.100577955 0.0500849966
vn -0.987834899 0.100175514 0.118941497
vn -0.99635225 0.0838040314 0.0160959217
vn -0.986715275 0.0985438434 0.129159114
vn -0.979585123 0.106239972 0.170663572
vn -0.976927582 0.0992586509 0.189103726
vn -0.975892403 0.10428935 0.191723106
vn -0.979575902 0.105883765 0.170937654
vn -0.974084076 0.104610556 0.20054138
vn -0.968201966 0.136071571 0.209927324
vn -0.968572467 0.1278505 0.213357978
vn -0.996194685 0.0868242203 -0.00759639068
vn -0.996194672 0.0868243632 -0.00759645999
vn -0.99619468 0.0868242737 -0.00759638108
vn -0.996194644 0.0868246873 -0.00759643533
vn -0.996194684 0.0868242224 -0.00759639839
vn -0.996194686 0.086824197 -0.0075964113
vn -0.996194677 0.0868243107 -0.00759636708
vn -0.996194687 0.0868241863 -0.00759641494
vn -0.996194686 0.0868242037 -0.00759641345
vn -0.996194685 0.0868242136 -0.00759644991
vn -0.996194683 0.0868242317 -0.0075964116
vn -0.996194686 0.0868242035 -0.0075964072
vn -0.996194688 0.0868241753 -0.00759641384
vn -0.996194685 0.0868242135 -0.007596417
vn -0.996194685 0.0868242135 -0.007596417
vn -0.99619468 0.0868242691 -0.00759640987
vn -0.996194692 0.0868241265 -0.00759642816
vn -0.592970571 0.801550047 -0.0768337423
vn -0.592970571 0.801550047 -0.0768337423
vn -0.643678093 0.762361053 -0.0669637012
vn -0.532352769 0.841972458 -0.0876522037
vn -0.0867259626 -0.996154764 -0.0124215188
vn -0.0867259626 -0.996154764 -0.0124215188
vn -0.0867259626 -0.996154764 -0.0124215188
vn -0.0867259626 -0.996154764 -0.0124215188
vn -0.0462537607 -0.600540849 -0.798255146
vn -0.0462537607 -0.600540849 -0.798255146
vn -0.0462537345 -0.600540865 -0.798255136
vn -0.0462537869 -0.600540833 -0.798255157

g gun43_submesh_0
usemtl gun_2
f 1/1/1 3/3/3 2/2/2
f 1/1/1 2/2/2 4/4/4
f 3/3/3 5/5/5 2/2/2
f 3/3/3 6/6/6 5/5/5
f 7/7/7 5/5/5 6/6/6
f 7/7/7 6/6/6 8/8/8
f 9/9/9 11/11/11 10/10/10
f 9/9/9 10/10/10 12/12/12
f 11/11/11 13/13/13 10/10/10
f 11/11/11 14/14/14 13/13/13
f 15/15/15 17/17/17 16/16/16
f 15/15/15 16/16/16 18/18/18
f 19/19/19 21/21/21 20/20/20
f 19/19/19 20/20/20 22/22/22
f 21/21/21 23/23/23 20/20/20
f 21/21/21 24/24/24 23/23/23
f 24/24/24 25/25/25 23/23/23
f 24/24/24 26/26/26 25/25/25
f 27/27/27 29/29/29 28/28/28
f 29/29/29 27/27/27 30/30/30
f 27/27/27 31/31/31 30/30/30
f 27/27/27 32/32/32 31/31/31
f 32/32/32 33/33/33 31/31/31
f 32/32/32 34/34/34 33/33/33
f 33/33/33 35/35/35 31/31/31
f 33/33/33 36/36/36 35/35/35
f 29/29/29 30/30/30 37/37/37
f 30/30/30 38/38/38 37/37/37
f 38/38/38 39/39/39 37/37/37
f 38/38/38 40/40/40 39/39/39
f 38/38/38 41/41/41 40/40/40
f 40/40/40 41/41/41 42/42/42
f 40/40/40 42/42/42 43/43/43
f 29/29/29 37/37/37 44/44/44
f 45/45/45 29/29/29 44/44/44
f 45/45/45 46/46/46 29/29/29
f 46/46/46 47/47/47 29/29/29
f 45/45/45 48/48/48 46/46/46
f 46/46/46 48/48/48 49/49/49
f 46/46/46 49/49/49 50/50/50
f 47/47/47 51/51/51 29/29/29
f 47/47/47 52/52/52 51/51/51
f 47/47/47 53/53/53 52/52/52
f 52/52/52 54/54/54 51/51/51
f 55/55/55 57/57/57 56/56/56
f 55/55/55 56/56/56 58/58/58
f 59/59/59 61/61/61 60/60/60
f 59/59/59 60/60/60 62/62/62
f 63/63/63 65/65/65 64/64/64
f 63/63/63 64/64/64 66/66/66
f 67/67/67 69/69/69 68/68/68
f 67/67/67 68/68/68 70/70/70
f 71/71/71 73/73/73 72/72/72
f 71/71/71 72/72/72 74/74/74
f 75/75/75 77/77/77 76/76/76
f 75/75/75 76/76/76 78/78/78
f 79/79/79 81/81/81 80/80/80
f 79/79/79 80/80/80 82/82/82
f 83/83/83 85/85/85 84/84/84
f 83/83/83 84/84/84 86/86/86
f 87/87/87 89/89/89 88/88/88
f 87/87/87 88/88/88 90/90/90
f 91/91/91 93/93/93 92/92/92
f 91/91/91 92/92/92 94/94/94
f 95/95/95 97/97/97 96/96/96
f 95/95/95 96/96/96 98/98/98
f 99/99/99 101/101/101 100/100/100
f 99/99/99 100/100/100 102/102/102
f 103/103/103 105/105/105 104/104/104
f 103/103/103 104/104/104 106/106/106
f 107/107/107 109/109/109 108/108/108
f 107/107/107 108/108/108 110/110/110
f 111/111/111 113/113/113 112/112/112
f 111/111/111 112/112/112 114/114/114
f 115/115/115 117/117/117 116/116/116
f 115/115/115 116/116/116 118/118/118
f 119/119/119 121/121/121 120/120/120
f 119/119/119 122/122/122 121/121/121
f 123/123/123 125/125/125 124/124/124
f 123/123/123 124/124/124 126/126/126
f 127/127/127 129/129/129 128/128/128
f 127/127/127 128/128/128 130/130/130
f 32/32/32 132/132/132 131/131/131
f 32/32/32 131/131/131 34/34/34
f 27/27/27 133/133/133 32/32/32
f 27/27/27 134/134/134 133/133/133
f 133/133/133 135/135/135 32/32/32
f 133/133/133 136/136/136 135/135/135
f 137/137/137 139/139/139 138/138/138
f 139/139/139 140/140/140 138/138/138
f 139/139/139 141/141/141 140/140/140
f 139/139/139 142/142/142 141/141/141
f 142/142/142 143/143/143 141/141/141
f 144/144/144 146/146/146 145/145/145
f 146/146/146 147/147/147 145/145/145
f 148/148/148 150/150/150 149/149/149
f 148/148/148 149/149/149 151/151/151
f 151/151/151 152/152/152 148/148/148
f 151/151/151 153/153/153 152/152/152
f 154/154/154 156/156/156 155/155/155
f 154/154/154 155/155/155 157/157/157
f 156/156/156 158/158/158 155/155/155
f 156/156/156 159/159/159 158/158/158
f 160/160/160 162/162/162 161/161/161
f 160/160/160 161/161/161 163/163/163
f 161/161/161 162/162/162 164/164/164
f 161/161/161 164/164/164 165/165/165
f 164/164/164 166/166/166 165/165/165
f 164/164/164 167/167/167 166/166/166
f 164/164/164 168/168/168 167/167/167
f 169/169/169 171/171/171 170/170/170
f 169/169/169 170/170/170 172/172/172
f 173/173/173 175/175/175 174/174/174
f 173/173/173 174/174/174 176/176/176
f 177/177/177 179/179/179 178/178/178
f 177/177/177 178/178/178 180/180/180
f 181/181/181 183/183/183 182/182/182
f 181/181/181 182/182/182 184/184/184
f 185/185/185 187/187/187 186/186/186
f 185/185/185 186/186/186 188/188/188
f 189/189/189 191/191/191 190/190/190
f 189/189/189 190/190/190 192/192/192
f 193/193/193 195/195/195 194/194/194
f 193/193/193 194/194/194 196/196/196
f 195/195/195 197/197/197 194/194/194
f 195/195/195 198/198/198 197/197/197
f 199/199/199 193/193/193 196/196/196
f 199/199/199 196/196/196 200/200/200
f 201/201/201 199/199/199 200/200/200
f 201/201/201 200/200/200 202/202/202
f 203/203/203 201/201/201 202/202/202
f 203/203/203 202/202/202 204/204/204
f 205/205/205 203/203/203 204/204/204
f 205/205/205 204/204/204 206/206/206
f 207/207/207 209/209/209 208/208/208
f 207/207/207 208/208/208 210/210/210
f 211/211/211 213/213/213 212/212/212
f 211/211/211 212/212/212 214/214/214
f 215/215/215 217/217/217 216/216/216
f 215/215/215 216/216/216 218/218/218
f 217/217/217 219/219/219 216/216/216
f 217/217/217 220/220/220 219/219/219
f 221/221/221 223/223/223 222/222/222
f 221/221/221 222/222/222 224/224/224
f 225/225/225 227/227/227 226/226/226
f 225/225/225 226/226/226 228/228/228
f 229/229/229 231/231/231 230/230/230
f 229/229/229 230/230/230 232/232/232
f 233/233/233 235/235/235 234/234/234
f 233/233/233 234/234/234 236/236/236
f 237/237/237 239/239/239 238/238/238
f 237/237/237 238/238/238 240/240/240
f 241/241/241 243/243/243 242/242/242
f 241/241/241 242/242/242 244/244/244
f 245/245/245 247/247/247 246/246/246
f 245/245/245 246/246/246 248/248/248
f 247/247/247 249/249/249 246/246/246
f 247/247/247 250/250/250 249/249/249
f 251/251/251 245/245/245 248/248/248
f 251/251/251 248/248/248 252/252/252
f 253/253/253 251/251/251 252/252/252
f 253/253/253 252/252/252 254/254/254
f 255/255/255 253/253/253 254/254/254
f 255/255/255 254/254/254 256/256/256
f 257/257/257 255/255/255 256/256/256
f 257/257/257 256/256/256 258/258/258
f 259/259/259 261/261/261 260/260/260
f 259/259/259 260/260/260 262/262/262
f 263/263/263 265/265/265 264/264/264
f 263/263/263 264/264/264 266/266/266
f 267/267/267 269/269/269 268/268/268
f 267/267/267 268/268/268 270/270/270
f 269/269/269 271/271/271 268/268/268
f 269/269/269 272/272/272 271/271/271
f 273/273/273 275/275/275 274/274/274
f 273/273/273 274/274/274 276/276/276
f 277/277/277 279/279/279 278/278/278
f 277/277/277 278/278/278 280/280/280
f 281/281/281 283/283/283 282/282/282
f 281/281/281 282/282/282 284/284/284
f 285/285/285 287/287/287 286/286/286
f 285/285/285 286/286/286 288/288/288
f 289/289/289 291/291/291 290/290/290
f 289/289/289 290/290/290 292/292/292
f 293/293/293 295/295/295 294/294/294
f 293/293/293 294/294/294 296/296/296
f 297/297/297 299/299/299 298/298/298
f 297/297/297 298/298/298 300/300/300
f 301/301/301 303/303/303 302/302/302
f 301/301/301 302/302/302 304/304/304
f 305/305/305 307/307/307 306/306/306
f 305/305/305 306/306/306 308/308/308
f 309/309/309 311/311/311 310/310/310
f 309/309/309 310/310/310 312/312/312
f 313/313/313 315/315/315 314/314/314
f 313/313/313 314/314/314 316/316/316
f 317/317/317 319/319/319 318/318/318
f 317/317/317 318/318/318 320/320/320
f 321/321/321 323/323/323 322/322/322
f 321/321/321 322/322/322 324/324/324
f 325/325/325 327/327/327 326/326/326
f 325/325/325 326/326/326 328/328/328
f 329/329/329 331/331/331 330/330/330
f 329/329/329 330/330/330 332/332/332
f 333/333/333 335/335/335 334/334/334
f 333/333/333 334/334/334 336/336/336
f 337/337/337 339/339/339 338/338/338
f 337/337/337 338/338/338 340/340/340
f 341/341/341 343/343/343 342/342/342
f 341/341/341 342/342/342 344/344/344
f 345/345/345 347/347/347 346/346/346
f 345/345/345 346/346/346 348/348/348
f 349/349/349 351/351/351 350/350/350
f 349/349/349 350/350/350 352/352/352
f 353/353/353 355/355/355 354/354/354
f 353/353/353 354/354/354 356/356/356
f 357/357/357 359/359/359 358/358/358
f 357/357/357 358/358/358 360/360/360
f 361/361/361 363/363/363 362/362/362
f 361/361/361 362/362/362 364/364/364
f 365/365/365 367/367/367 366/366/366
f 365/365/365 366/366/366 368/368/368
f 369/369/369 371/371/371 370/370/370
f 369/369/369 370/370/370 372/372/372
f 373/373/373 375/375/375 374/374/374
f 373/373/373 374/374/374 376/376/376
f 377/377/377 379/379/379 378/378/378
f 377/377/377 378/378/378 380/380/380
f 381/381/381 383/383/383 382/382/382
f 381/381/381 382/382/382 384/384/384
f 385/385/385 387/387/387 386/386/386
f 385/385/385 386/386/386 388/388/388
f 389/389/389 391/391/391 390/390/390
f 389/389/389 390/390/390 392/392/392
f 393/393/393 395/395/395 394/394/394
f 393/393/393 394/394/394 396/396/396
f 397/397/397 399/399/399 398/398/398
f 397/397/397 398/398/398 400/400/400
f 401/401/401 403/403/403 402/402/402
f 404/404/404 406/406/406 405/405/405
f 404/404/404 405/405/405 407/407/407
f 407/407/407 405/405/405 408/408/408
f 407/407/407 408/408/408 409/409/409
f 410/410/410 406/406/406 404/404/404
f 410/410/410 411/411/411 406/406/406
f 412/412/412 411/411/411 410/410/410
f 412/412/412 413/413/413 411/411/411
f 414/414/414 413/413/413 412/412/412
f 414/414/414 415/415/415 413/413/413
f 416/416/416 415/415/415 414/414/414
f 416/416/416 417/417/417 415/415/415
f 418/418/418 420/420/420 419/419/419
f 418/418/418 419/419/419 421/421/421
f 422/422/422 424/424/424 423/423/423
f 422/422/422 423/423/423 425/425/425
f 426/426/426 428/428/428 427/427/427
f 426/426/426 427/427/427 429/429/429
f 429/429/429 427/427/427 430/430/430
f 429/429/429 430/430/430 431/431/431
f 432/432/432 428/428/428 426/426/426
f 432/432/432 433/433/433 428/428/428
f 434/434/434 436/436/436 435/435/435
f 434/434/434 435/435/435 437/437/437
f 438/438/438 440/440/440 439/439/439
f 438/438/438 439/439/439 441/441/441
f 442/442/442 444/444/444 443/443/443
f 442/442/442 443/443/443 445/445/445
f 446/446/446 448/448/448 447/447/447
f 446/446/446 447/447/447 449/449/449
f 450/450/450 452/452/452 451/451/451
f 450/450/450 451/451/451 453/453/453
f 454/454/454 456/456/456 455/455/455
f 454/454/454 455/455/455 457/457/457
f 457/457/457 455/455/455 458/458/458
f 457/457/457 458/458/458 459/459/459
f 460/460/460 456/456/456 454/454/454
f 460/460/460 461/461/461 456/456/456
f 462/462/462 461/461/461 460/460/460
f 462/462/462 463/463/463 461/461/461
f 464/464/464 463/463/463 462/462/462
f 464/464/464 465/465/465 463/463/463
f 466/466/466 465/465/465 464/464/464
f 466/466/466 467/467/467 465/465/465
f 468/468/468 470/470/470 469/469/469
f 468/468/468 469/469/469 471/471/471
f 472/472/472 474/474/474 473/473/473
f 472/472/472 473/473/473 475/475/475
f 476/476/476 478/478/478 477/477/477
f 476/476/476 477/477/477 479/479/479
f 479/479/479 477/477/477 480/480/480
f 479/479/479 480/480/480 481/481/481
f 482/482/482 478/478/478 476/476/476
f 482/482/482 483/483/483 478/478/478
f 484/484/484 486/486/486 485/485/485
f 484/484/484 485/485/485 487/487/487
f 488/488/488 490/490/490 489/489/489
f 488/488/488 489/489/489 491/491/491
f 492/492/492 494/494/494 493/493/493
f 492/492/492 493/493/493 495/495/495
f 496/496/496 498/498/498 497/497/497
f 496/496/496 497/497/497 499/499/499
f 500/500/500 502/502/502 501/501/501
f 500/500/500 501/501/501 503/503/503
f 504/504/504 506/506/506 505/505/505
f 505/505/505 507/507/507 504/504/504
f 504/504/504 507/507/507 508/508/508
f 504/504/504 508/508/508 509/509/509
f 509/509/509 508/508/508 510/510/510
f 509/509/509 510/510/510 511/511/511
f 510/510/510 508/508/508 512/512/512
f 510/510/510 512/512/512 513/513/513
f 505/505/505 514/514/514 507/507/507
f 507/507/507 514/514/514 515/515/515
f 515/515/515 514/514/514 516/516/516
f 515/515/515 516/516/516 517/517/517
f 515/515/515 517/517/517 518/518/518
f 517/517/517 519/519/519 518/518/518
f 517/517/517 520/520/520 519/519/519
f 505/505/505 521/521/521 514/514/514
f 509/509/509 511/511/511 522/522/522
f 509/509/509 522/522/522 523/523/523
f 524/524/524 521/521/521 505/505/505
f 524/524/524 505/505/505 525/525/525
f 525/525/525 505/505/505 526/526/526
f 524/524/524 525/525/525 527/527/527
f 525/525/525 528/528/528 527/527/527
f 525/525/525 529/529/529 528/528/528
f 526/526/526 505/505/505 530/530/530
f 526/526/526 530/530/530 531/531/531
f 526/526/526 531/531/531 532/532/532
f 531/531/531 530/530/530 533/533/533
f 534/534/534 536/536/536 535/535/535
f 535/535/535 536/536/536 537/537/537
f 535/535/535 537/537/537 538/538/538
f 535/535/535 538/538/538 539/539/539
f 539/539/539 538/538/538 540/540/540
f 541/541/541 543/543/543 542/542/542
f 542/542/542 543/543/543 544/544/544
f 545/545/545 547/547/547 546/546/546
f 545/545/545 546/546/546 548/548/548
f 547/547/547 545/545/545 549/549/549
f 547/547/547 549/549/549 550/550/550
f 551/551/551 553/553/553 552/552/552
f 551/551/551 552/552/552 554/554/554
f 554/554/554 552/552/552 555/555/555
f 554/554/554 555/555/555 556/556/556
f 504/504/504 509/509/509 557/557/557
f 504/504/504 557/557/557 558/558/558
f 557/557/557 509/509/509 559/559/559
f 557/557/557 559/559/559 560/560/560
f 561/561/561 563/563/563 562/562/562
f 561/561/561 562/562/562 564/564/564
f 562/562/562 565/565/565 564/564/564
f 562/562/562 566/566/566 565/565/565
f 565/565/565 566/566/566 567/567/567
f 565/565/565 567/567/567 568/568/568
f 565/565/565 568/568/568 569/569/569
f 570/570/570 572/572/572 571/571/571
f 570/570/570 571/571/571 573/573/573
f 574/574/574 576/576/576 575/575/575
f 574/574/574 575/575/575 577/577/577
f 578/578/578 580/580/580 579/579/579
f 578/578/578 579/579/579 581/581/581
f 582/582/582 584/584/584 583/583/583
f 582/582/582 583/583/583 585/585/585

o Object01
v 0.0494508443 0.225856397 -0.3475375
v 0.0497983235 0.215483829 -0.511657352
v 0.0450716706 0.17089398 -0.401455397
v 0.0397960279 0.16832626 -0.924273617
v 0.0362238621 0.122451067 -0.980155934
v 0.0373455087 0.13472926 -0.986913845
v 0.0494508443 0.225856397 -0.3475375
v 0.0345766794 0.242016657 -0.478310917
v 0.0497983235 0.215483829 -0.511657352
v 0.0349874142 0.264772811 -0.272080006
v 0.0499787687 0.24385443 -0.211054553
v 0.0450716706 0.17089398 -0.401455397
v -0.00164506688 0.230309702 -0.347927119
v 0.0494508443 0.225856397 -0.3475375
v -0.00602419232 0.175347282 -0.401845015
v 0.0362238621 0.122451067 -0.980155934
v -0.00602419232 0.175347282 -0.401845015
v 0.0450716706 0.17089398 -0.401455397
v 0.00306780321 0.12534081 -0.980408757
v 0.0397960279 0.16832626 -0.924273617
v 0.00418944987 0.137619003 -0.987166669
v 0.0373455087 0.13472926 -0.986913845
v 0.00663996903 0.171216003 -0.924526441
v 0.0497983235 0.215483829 -0.511657352
v 0.00663996903 0.171216003 -0.924526441
v 0.0397960279 0.16832626 -0.924273617
v -0.00129764145 0.21993714 -0.512046971
v 0.0373455087 0.13472926 -0.986913845
v 0.00306780321 0.12534081 -0.980408757
v 0.0362238621 0.122451067 -0.980155934
v 0.00418944987 0.137619003 -0.987166669
v 0.0345766794 0.242016657 -0.478310917
v -0.00129764145 0.21993714 -0.512046971
v 0.0497983235 0.215483829 -0.511657352
v 0.0177779074 0.243480768 -0.478439011
v 0.0349874142 0.264772811 -0.272080006
v 0.0177779074 0.243480768 -0.478439011
v 0.0345766794 0.242016657 -0.478310917
v 0.0181886431 0.266236922 -0.2722081
v 0.0494508443 0.225856397 -0.3475375
v -0.00111719808 0.248307741 -0.211444172
v 0.0499787687 0.24385443 -0.211054553
v -0.00164506688 0.230309702 -0.347927119
v 0.0499787687 0.24385443 -0.211054553
v 0.0181886431 0.266236922 -0.2722081
v 0.0349874142 0.264772811 -0.272080006
v -0.00111719808 0.248307741 -0.211444172
v -0.00164506688 0.230309702 -0.347927119
v -0.00602419232 0.175347282 -0.401845015
v -0.00129764145 0.21993714 -0.512046971
v 0.00663996903 0.171216003 -0.924526441
v 0.00306780321 0.12534081 -0.980408757
v 0.00418944987 0.137619003 -0.987166669
v -0.00164506688 0.230309702 -0.347927119
v 0.0177779074 0.243480768 -0.478439011
v 0.0181886431 0.266236922 -0.2722081
v -0.00129764145 0.21993714 -0.512046971
v -0.00111719808 0.248307741 -0.211444172
vt 0.331544518 0.951801598
vt 0.500334203 0.954808772
vt 0.391269028 0.899836719
vt 0.926432252 0.939908922
vt 0.987413764 0.897441208
vt 0.993311048 0.910614908
vt 0.331544518 0.951801598
vt 0.464004934 0.977739513
vt 0.500334203 0.954808772
vt 0.251100451 0.983946621
vt 0.190401644 0.958927095
vt 0.742407858 0.50673306
vt 0.753460586 0.537413836
vt 0.753460586 0.50673306
vt 0.742407858 0.537413836
vt 0.679399014 0.506774187
vt 0.742407858 0.537413836
vt 0.742407858 0.50673306
vt 0.679399014 0.537413597
vt 0.667190313 0.506774187
vt 0.67738384 0.537413716
vt 0.67738384 0.506774187
vt 0.667190313 0.537413836
vt 0.611865044 0.50673306
vt 0.667190313 0.537413836
vt 0.667190313 0.506774187
vt 0.611865044 0.537413836
vt 0.67738384 0.506774187
vt 0.679399014 0.537413597
vt 0.679399014 0.506774187
vt 0.67738384 0.537413716
vt 0.605934739 0.506811619
vt 0.611865044 0.537413836
vt 0.611865044 0.50673306
vt 0.605934739 0.537413836
vt 0.5783602 0.506811619
vt 0.605934739 0.537413836
vt 0.605934739 0.506811619
vt 0.5783602 0.537413836
vt 0.753460586 0.50673306
vt 0.76897949 0.537413836
vt 0.76897949 0.50673306
vt 0.753460586 0.537413836
vt 0.76897949 0.50673306
vt 0.778145432 0.537413836
vt 0.778145432 0.506811619
vt 0.76897949 0.537413836
vt 0.331544518 0.951801598
vt 0.391269028 0.899836719
vt 0.500334203 0.954808772
vt 0.926432252 0.939908922
vt 0.987413764 0.897441208
vt 0.993311048 0.910614908
vt 0.331544518 0.951801598
vt 0.464004934 0.977739513
vt 0.251100451 0.983946621
vt 0.500334203 0.954808772
vt 0.190401644 0.958927095
vn 0.99619463 -0.0868248238 0.00759660247
vn 0.993071388 -0.117409898 -0.00491267033
vn 0.995405118 -0.095499027 -0.00697048517
vn 0.995258067 -0.0968322868 -0.00921346169
vn 0.997734177 -0.0666680792 -0.00904867512
vn 0.996194695 -0.0868241095 0.00759632336
vn 0.883813499 0.465373041 -0.0479753182
vn 0.881644618 0.47002375 -0.0421952818
vn 0.849366288 0.526863033 -0.031500059
vn 0.896671112 0.439305389 -0.0546963677
vn 0.889270298 0.452997843 -0.0631766698
vn -0.0661179508 -0.696069216 0.714923816
vn -0.0661179508 -0.696069216 0.714923816
vn -0.0661179508 -0.696069216 0.714923816
vn -0.0661179508 -0.696069216 0.714923816
vn -0.0871555696 -0.992610965 0.0844238078
vn -0.0871555696 -0.992610965 0.0844238078
vn -0.0871555696 -0.992610965 0.0844238078
vn -0.0871555696 -0.992610965 0.0844238078
vn 0.0800563875 0.877110801 -0.47356902
vn 0.0800563875 0.877110801 -0.47356902
vn 0.0800563875 0.877110801 -0.47356902
vn 0.0800563875 0.877110801 -0.47356902
vn 0.0871203666 0.989514219 -0.115202656
vn 0.0871203666 0.989514219 -0.115202656
vn 0.0871203666 0.989514219 -0.115202656
vn 0.0871203666 0.989514219 -0.115202656
vn -0.0350984821 -0.479427612 -0.876879274
vn -0.0350984821 -0.479427612 -0.876879274
vn -0.0350984821 -0.479427612 -0.876879274
vn -0.0350984821 -0.479427612 -0.876879274
vn 0.0739997833 0.796556054 -0.600018738
vn 0.0739997833 0.796556054 -0.600018738
vn 0.0739997833 0.796556054 -0.600018738
vn 0.0739997833 0.796556054 -0.600018738
vn 0.0871333343 0.990167906 -0.109431716
vn 0.0871333343 0.990167906 -0.109431716
vn 0.0871333343 0.990167906 -0.109431716
vn 0.0871333343 0.990167906 -0.109431716
vn -0.0870714185 -0.987607867 0.130572847
vn -0.0870714185 -0.987607867 0.130572847
vn -0.0870714185 -0.987607867 0.130572847
vn -0.0870714185 -0.987607867 0.130572847
vn 0.0803638784 0.948798462 0.305488341
vn 0.0803638784 0.948798462 0.305488341
vn 0.0803638784 0.948798462 0.305488341
vn 0.0803638784 0.948798462 0.305488341
vn -0.996194745 0.0868235502 -0.00759619308
vn -0.996697283 0.0781243396 -0.0221611037
vn -0.998220463 0.0561427968 -0.0200971065
vn -0.996749156 0.076782782 -0.0244033531
vn -0.993972106 0.106920793 -0.0242362688
vn -0.996194695 0.0868241095 -0.00759632336
vn -0.789156446 0.611182198 -0.060732408
vn -0.786303469 0.615395237 -0.0549140854
vn -0.806226388 0.587722897 -0.0676816657
vn -0.744844892 0.665807922 -0.0436565851
vn -0.796441057 0.599917449 -0.0760308987

g Object01_submesh_0
usemtl gun_2_2
f 586/586/586 588/588/588 587/587/587
f 589/589/589 587/587/587 588/588/588
f 589/589/589 588/588/588 590/590/590
f 590/590/590 591/591/591 589/589/589
f 592/592/592 594/594/594 593/593/593
f 592/592/592 593/593/593 595/595/595
f 592/592/592 595/595/595 596/596/596
f 597/597/597 599/599/599 598/598/598
f 597/597/597 598/598/598 600/600/600
f 601/601/601 603/603/603 602/602/602
f 601/601/601 602/602/602 604/604/604
f 605/605/605 607/607/607 606/606/606
f 605/605/605 606/606/606 608/608/608
f 609/609/609 611/611/611 610/610/610
f 609/609/609 610/610/610 612/612/612
f 613/613/613 615/615/615 614/614/614
f 613/613/613 614/614/614 616/616/616
f 617/617/617 619/619/619 618/618/618
f 617/617/617 618/618/618 620/620/620
f 621/621/621 623/623/623 622/622/622
f 621/621/621 622/622/622 624/624/624
f 625/625/625 627/627/627 626/626/626
f 625/625/625 626/626/626 628/628/628
f 629/629/629 631/631/631 630/630/630
f 629/629/629 630/630/630 632/632/632
f 633/633/633 635/635/635 634/634/634
f 636/636/636 634/634/634 635/635/635
f 636/636/636 637/637/637 634/634/634
f 637/637/637 636/636/636 638/638/638
f 639/639/639 641/641/641 640/640/640
f 639/639/639 640/640/640 642/642/642
f 639/639/639 643/643/643 641/641/641

o Object02
v 0.0634885055 0.33486335 -0.493956406
v 0.000915575318 0.269779824 -0.681173136
v 0.0588005813 0.264734809 -0.680731749
v 0.00560339753 0.339908374 -0.494397795
v 0.0614575303 0.328745227 -0.297541122
v 0.00560339753 0.339908374 -0.494397795
v 0.0634885055 0.33486335 -0.493956406
v 0.00357242234 0.33379025 -0.297982511
v 0.0828059786 0.248127916 -0.341961933
v -0.0146837089 0.287469522 -0.213707612
v 0.0701478907 0.280075955 -0.21306075
v -0.030725174 0.258022816 -0.342827636
v 0.104381892 0.141975713 -0.729027096
v -0.0632639946 0.198188429 -0.415252486
v 0.105595993 0.1834713 -0.413964886
v -0.0644780964 0.156692843 -0.730314696
v 0.0701478907 0.280075955 -0.21306075
v 0.00357242234 0.33379025 -0.297982511
v 0.0614575303 0.328745227 -0.297541122
v -0.0146837089 0.287469522 -0.213707612
v 0.0845330153 0.154841875 -0.768434956
v -0.0644780964 0.156692843 -0.730314696
v 0.104381892 0.141975713 -0.729027096
v -0.042108645 0.165879432 -0.76940063
v 0.0588005813 0.264734809 -0.680731749
v -0.00192696135 0.159320649 -1.57091142
v 0.0559580446 0.154275634 -1.57047003
v 0.000915575318 0.269779824 -0.681173136
v 0.0545291562 0.0918038871 -1.51908245
v -0.042108645 0.165879432 -0.76940063
v 0.0845330153 0.154841875 -0.768434956
v -0.0121043699 0.0976113863 -1.51959054
v 0.0559580446 0.154275634 -1.57047003
v -0.0121043699 0.0976113863 -1.51959054
v 0.0545291562 0.0918038871 -1.51908245
v -0.00192696135 0.159320649 -1.57091142
v 0.105595993 0.1834713 -0.413964886
v -0.030725174 0.258022816 -0.342827636
v 0.0828059786 0.248127916 -0.341961933
v -0.0632639946 0.198188429 -0.415252486
v 0.0871082955 0.170430314 -0.618681102
v 0.0507627199 0.0764570286 -1.49864524
v 0.0490934316 0.129267684 -0.676130421
v 0.052511834 0.094916836 -1.51703557
v 0.052511834 0.094916836 -1.51703557
v -0.0113592869 0.0818713227 -1.49911894
v 0.0507627199 0.0764570286 -1.49864524
v -0.00961017277 0.10033113 -1.51750927
v 0.0490934316 0.129267684 -0.676130421
v -0.0442147269 0.181875879 -0.619682472
v 0.0871082955 0.170430314 -0.618681102
v -0.0130285213 0.134681974 -0.676604116
v 0.0507627199 0.0764570286 -1.49864524
v -0.0130285213 0.134681974 -0.676604116
v 0.0490934316 0.129267684 -0.676130421
v -0.0113592869 0.0818713227 -1.49911894
v 0.0271730774 0.167000269 -1.47474336
v 0.00822642951 0.186292469 -1.46780841
v 0.00330997618 0.170823334 -1.46095549
v 0.0282102248 0.182930529 -1.47928677
v 0.00833524931 0.189568535 -1.4446343
v 0.00378935359 0.174329879 -1.43313426
v 0.0503603336 0.166722472 -1.46059671
v 0.0482982861 0.182799974 -1.46750285
v 0.0508397277 0.170229166 -1.43277549
v 0.0484071015 0.18607601 -1.44432874
v 0.0269829194 0.174113684 -1.41910956
v 0.0284278675 0.189482659 -1.4329389
v 0.00378935359 0.174329879 -1.43313426
v 0.00833524931 0.189568535 -1.4446343
v 0.0282102248 0.182930529 -1.47928677
v 0.0484071015 0.18607601 -1.44432874
v 0.0284278675 0.189482659 -1.4329389
v 0.0482982861 0.182799974 -1.46750285
v 0.0282102248 0.182930529 -1.47928677
v 0.00833524931 0.189568535 -1.4446343
v 0.00822642951 0.186292469 -1.46780841
v 0.0284278675 0.189482659 -1.4329389
v 0.0284817007 0.182482009 -1.46940583
v 0.0218604475 0.216575877 -1.47834687
v 0.0147117167 0.184764147 -1.46171313
v 0.0310285186 0.214908895 -1.48337688
v 0.0147117167 0.184764147 -1.46171313
v 0.0219343694 0.218314856 -1.46816525
v 0.0151658918 0.186908743 -1.44615348
v 0.0218604475 0.216575877 -1.47834687
v 0.0151658918 0.186908743 -1.44615348
v 0.0311763626 0.218386803 -1.46301352
v 0.0282411293 0.186871404 -1.43829591
v 0.0219343694 0.218314856 -1.46816525
v 0.0282411293 0.186871404 -1.43829591
v 0.0403434577 0.216710397 -1.46802488
v 0.0420090585 0.184569205 -1.4459488
v 0.0311763626 0.218386803 -1.46301352
v 0.0402695358 0.214971418 -1.4782065
v 0.0415548882 0.182424589 -1.46150832
v 0.0415548882 0.182424589 -1.46150832
v 0.0310285186 0.214908895 -1.48337688
v 0.0284817007 0.182482009 -1.46940583
v 0.0402695358 0.214971418 -1.4782065
v 0.0310285186 0.214908895 -1.48337688
v 0.0403434577 0.216710397 -1.46802488
v 0.0311763626 0.218386803 -1.46301352
v 0.0402695358 0.214971418 -1.4782065
v 0.0310285186 0.214908895 -1.48337688
v 0.0219343694 0.218314856 -1.46816525
v 0.0218604475 0.216575877 -1.47834687
v 0.0311763626 0.218386803 -1.46301352
v 0.0269310843 0.158422817 -1.54104558
v 0.00798443531 0.177714968 -1.53411051
v 0.00306797567 0.162245793 -1.52725771
v 0.0279682316 0.174353077 -1.54558899
v 0.00809325659 0.180991062 -1.51093676
v 0.00354736087 0.165752438 -1.49943636
v 0.0501183357 0.158144961 -1.52689893
v 0.0480562901 0.174222473 -1.53380495
v 0.050597735 0.161651724 -1.49907759
v 0.0481651062 0.177498508 -1.51063119
v 0.0267409237 0.165536202 -1.48541177
v 0.0281858744 0.180905186 -1.49924135
v 0.00354736087 0.165752438 -1.49943636
v 0.00809325659 0.180991062 -1.51093676
v 0.0279682316 0.174353077 -1.54558899
v 0.0481651062 0.177498508 -1.51063119
v 0.0281858744 0.180905186 -1.49924135
v 0.0480562901 0.174222473 -1.53380495
v 0.0279682316 0.174353077 -1.54558899
v 0.00809325659 0.180991062 -1.51093676
v 0.00798443531 0.177714968 -1.53411051
v 0.0281858744 0.180905186 -1.49924135
v 0.0282397023 0.173904498 -1.53570804
v 0.0216184494 0.207998386 -1.54464921
v 0.0144697221 0.176186695 -1.52801535
v 0.0307865177 0.206331365 -1.54967898
v 0.0144697221 0.176186695 -1.52801535
v 0.021692368 0.209737315 -1.53446746
v 0.0149238955 0.178331262 -1.5124557
v 0.0216184494 0.207998386 -1.54464921
v 0.0149238955 0.178331262 -1.5124557
v 0.0309343695 0.20980934 -1.52931586
v 0.0279991361 0.178293952 -1.50459813
v 0.021692368 0.209737315 -1.53446746
v 0.0279991361 0.178293952 -1.50459813
v 0.0401014572 0.208132856 -1.53432709
v 0.0417670632 0.175991723 -1.51225102
v 0.0309343695 0.20980934 -1.52931586
v 0.0400275377 0.206393927 -1.54450883
v 0.0413128875 0.173847078 -1.52781054
v 0.0413128875 0.173847078 -1.52781054
v 0.0307865177 0.206331365 -1.54967898
v 0.0282397023 0.173904498 -1.53570804
v 0.0400275377 0.206393927 -1.54450883
v 0.0307865177 0.206331365 -1.54967898
v 0.0401014572 0.208132856 -1.53432709
v 0.0309343695 0.20980934 -1.52931586
v 0.0400275377 0.206393927 -1.54450883
v 0.0307865177 0.206331365 -1.54967898
v 0.021692368 0.209737315 -1.53446746
v 0.0216184494 0.207998386 -1.54464921
v 0.0309343695 0.20980934 -1.52931586
v 0.0271730774 0.167000269 -1.47474336
v 0.0490642303 0.182733217 -1.46749701
v 0.0289761885 0.182863771 -1.47928093
v 0.0511263093 0.166655862 -1.46059088
v 0.0491730446 0.186009283 -1.4443229
v 0.0508397277 0.170229166 -1.43277549
v 0.00407592408 0.170756428 -1.46094964
v 0.0089923737 0.186225712 -1.46780257
v 0.00378935359 0.174329879 -1.43313426
v 0.00910118719 0.189501749 -1.44462845
v 0.0277488625 0.174046928 -1.41910371
v 0.0291938152 0.189415902 -1.43293305
v 0.0508397277 0.170229166 -1.43277549
v 0.0491730446 0.186009283 -1.4443229
v 0.0289761885 0.182863771 -1.47928093
v 0.00910118719 0.189501749 -1.44462845
v 0.0089923737 0.186225712 -1.46780257
v 0.0291938152 0.189415902 -1.43293305
v 0.0289761885 0.182863771 -1.47928093
v 0.0491730446 0.186009283 -1.4443229
v 0.0291938152 0.189415902 -1.43293305
v 0.0490642303 0.182733217 -1.46749701
v 0.0284817007 0.182482009 -1.46940583
v 0.0410355023 0.21490466 -1.47820066
v 0.0317944754 0.214842137 -1.48337104
v 0.0423208387 0.182357851 -1.4615026
v 0.0154776648 0.18469737 -1.46170716
v 0.022626414 0.216509119 -1.47834103
v 0.0423208387 0.182357851 -1.4615026
v 0.0411094242 0.216643638 -1.46801904
v 0.0410355023 0.21490466 -1.47820066
v 0.0420090585 0.184569205 -1.4459488
v 0.0420090585 0.184569205 -1.4459488
v 0.0319423131 0.218320045 -1.46300768
v 0.0411094242 0.216643638 -1.46801904
v 0.0290070801 0.186804647 -1.43829007
v 0.0227003368 0.218248097 -1.46815941
v 0.0151658918 0.186908743 -1.44615348
v 0.022626414 0.216509119 -1.47834103
v 0.0154776648 0.18469737 -1.46170716
v 0.0317944754 0.214842137 -1.48337104
v 0.0227003368 0.218248097 -1.46815941
v 0.022626414 0.216509119 -1.47834103
v 0.0319423131 0.218320045 -1.46300768
v 0.0317944754 0.214842137 -1.48337104
v 0.0411094242 0.216643638 -1.46801904
v 0.0319423131 0.218320045 -1.46300768
v 0.0410355023 0.21490466 -1.47820066
v 0.0269310843 0.158422817 -1.54104558
v 0.0488222324 0.174155716 -1.53379911
v 0.0287341954 0.174286319 -1.54558315
v 0.0508843051 0.158078322 -1.5268931
v 0.04893105 0.177431811 -1.51062536
v 0.050597735 0.161651724 -1.49907759
v 0.00383392432 0.162178917 -1.52725186
v 0.00875037578 0.177648212 -1.53410467
v 0.00354736087 0.165752438 -1.49943636
v 0.00885919188 0.180924247 -1.51093091
v 0.0275068668 0.165469446 -1.48540593
v 0.0289518221 0.180838429 -1.49923551
v 0.050597735 0.161651724 -1.49907759
v 0.04893105 0.177431811 -1.51062536
v 0.0287341954 0.174286319 -1.54558315
v 0.00885919188 0.180924247 -1.51093091
v 0.00875037578 0.177648212 -1.53410467
v 0.0289518221 0.180838429 -1.49923551
v 0.0287341954 0.174286319 -1.54558315
v 0.04893105 0.177431811 -1.51062536
v 0.0289518221 0.180838429 -1.49923551
v 0.0488222324 0.174155716 -1.53379911
v 0.0282397023 0.173904498 -1.53570804
v 0.040793507 0.206327168 -1.54450299
v 0.0315524744 0.206264607 -1.54967314
v 0.0420788488 0.173780399 -1.52780482
v 0.0152356659 0.176119859 -1.52800938
v 0.0223844187 0.207931627 -1.54464337
v 0.0420788488 0.173780399 -1.52780482
v 0.0408674237 0.208066098 -1.53432125
v 0.040793507 0.206327168 -1.54450299
v 0.0417670632 0.175991723 -1.51225102
v 0.0417670632 0.175991723 -1.51225102
v 0.03170032 0.209742583 -1.52931002
v 0.0408674237 0.208066098 -1.53432125
v 0.0287650869 0.178227195 -1.50459229
v 0.0224583354 0.209670557 -1.53446162
v 0.0149238955 0.178331262 -1.5124557
v 0.0223844187 0.207931627 -1.54464337
v 0.0152356659 0.176119859 -1.52800938
v 0.0315524744 0.206264607 -1.54967314
v 0.0224583354 0.209670557 -1.53446162
v 0.0223844187 0.207931627 -1.54464337
v 0.03170032 0.209742583 -1.52931002
v 0.0315524744 0.206264607 -1.54967314
v 0.0408674237 0.208066098 -1.53432125
v 0.03170032 0.209742583 -1.52931002
v 0.040793507 0.206327168 -1.54450299
v 0.0845330153 0.154841875 -0.768434956
v 0.104381892 0.141975713 -0.729027096
v 0.0588005813 0.264734809 -0.680731749
v 0.105595993 0.1834713 -0.413964886
v 0.0634885055 0.33486335 -0.493956406
v 0.0828059786 0.248127916 -0.341961933
v 0.0614575303 0.328745227 -0.297541122
v 0.0701478907 0.280075955 -0.21306075
v 0.0588005813 0.264734809 -0.680731749
v 0.0545291562 0.0918038871 -1.51908245
v 0.0845330153 0.154841875 -0.768434956
v 0.0559580446 0.154275634 -1.57047003
v -0.042108645 0.165879432 -0.76940063
v 0.000915575318 0.269779824 -0.681173136
v -0.0644780964 0.156692843 -0.730314696
v -0.0632639946 0.198188429 -0.415252486
v 0.00560339753 0.339908374 -0.494397795
v -0.030725174 0.258022816 -0.342827636
v 0.00357242234 0.33379025 -0.297982511
v -0.0146837089 0.287469522 -0.213707612
v 0.000915575318 0.269779824 -0.681173136
v -0.0121043699 0.0976113863 -1.51959054
v -0.00192696135 0.159320649 -1.57091142
v -0.042108645 0.165879432 -0.76940063
v -0.0442147269 0.181875879 -0.619682472
v -0.0113592869 0.0818713227 -1.49911894
v -0.00961017277 0.10033113 -1.51750927
v -0.0130285213 0.134681974 -0.676604116
vt 0.187607586 0.608076453
vt 0.281267792 0.629370987
vt 0.281267792 0.608076453
vt 0.187607586 0.629370987
vt 0.0925057605 0.608076453
vt 0.187607586 0.629370987
vt 0.187607586 0.608076453
vt 0.0925057605 0.629370987
vt 0.294884264 0.631502688
vt 0.304061472 0.658466935
vt 0.304061472 0.631552696
vt 0.294884264 0.658466935
vt 0.26714915 0.631406307
vt 0.289022267 0.658466935
vt 0.289022267 0.631406307
vt 0.26714915 0.658466935
vt 0.304061472 0.631552696
vt 0.310769618 0.658466816
vt 0.310769618 0.631599665
vt 0.304061472 0.658466935
vt 0.264685214 0.631479859
vt 0.26714915 0.658466935
vt 0.26714915 0.631406307
vt 0.264685214 0.658466935
vt 0.337147057 0.631599665
vt 0.397459567 0.658466816
vt 0.397459567 0.631599665
vt 0.337147057 0.658466935
vt 0.213121697 0.631584406
vt 0.264685214 0.658466935
vt 0.264685214 0.631479859
vt 0.213121697 0.658466935
vt 0.397459567 0.631599665
vt 0.403049648 0.658466816
vt 0.403049648 0.631584406
vt 0.397459567 0.658466816
vt 0.19412078 0.90708369
vt 0.108982943 0.953555048
vt 0.177439749 0.953555048
vt 0.0923018977 0.90708369
vt 0.989220023 0.814007998
vt 0.860965729 0.826438248
vt 0.977586985 0.826438248
vt 0.852911234 0.813980818
vt 0.852911234 0.813980818
vt 0.860890508 0.834813297
vt 0.860965729 0.826438248
vt 0.852949023 0.834813297
vt 0.977586985 0.826438248
vt 0.989349008 0.834813297
vt 0.989220023 0.814007998
vt 0.977589607 0.834813297
vt 0.860965729 0.826438248
vt 0.977589607 0.834813297
vt 0.977586985 0.826438248
vt 0.860890508 0.834813297
vt 0.299245924 0.525292814
vt 0.316021889 0.572527826
vt 0.316021889 0.525292814
vt 0.299245924 0.572527826
vt 0.332797855 0.572527826
vt 0.332797855 0.525292814
vt 0.282469839 0.525292814
vt 0.282469839 0.572527826
vt 0.265693754 0.525292814
vt 0.265693754 0.572527826
vt 0.248917669 0.525292814
vt 0.248917669 0.572527826
vt 0.232141703 0.525292814
vt 0.232141703 0.572527826
vt 0.110897362 0.522081137
vt 0.0377028584 0.563809872
vt 0.0133045316 0.522081137
vt 0.0864990354 0.563809872
vt 0.110897362 0.522081137
vt 0.0377028584 0.564339876
vt 0.0864990354 0.564339876
vt 0.0133045316 0.522081137
vt 0.224538833 0.518921256
vt 0.189110905 0.606598496
vt 0.189110905 0.518921256
vt 0.224538863 0.606598496
vt 0.153572291 0.519144118
vt 0.118144363 0.606821358
vt 0.118144363 0.519144118
vt 0.153572291 0.606821358
vt 0.224967182 0.518921256
vt 0.18917194 0.606598496
vt 0.18917194 0.518921256
vt 0.224967182 0.606598496
vt 0.153511852 0.519144118
vt 0.18896997 0.606821358
vt 0.18896994 0.519144118
vt 0.153511852 0.606821358
vt 0.224428296 0.606821358
vt 0.224428266 0.519144118
vt 0.224428266 0.519144118
vt 0.189000249 0.606821358
vt 0.189000219 0.519144118
vt 0.224428296 0.606821358
vt 0.110897362 0.569246411
vt 0.0377028584 0.610975266
vt 0.0133045316 0.569246411
vt 0.0864990354 0.610975266
vt 0.110897362 0.569246411
vt 0.0377027392 0.611505508
vt 0.0864990354 0.611505508
vt 0.0133045316 0.569246411
vt 0.299245924 0.525292814
vt 0.316021889 0.572527826
vt 0.316021889 0.525292814
vt 0.299245924 0.572527826
vt 0.332797855 0.572527826
vt 0.332797855 0.525292814
vt 0.282469839 0.525292814
vt 0.282469839 0.572527826
vt 0.265693754 0.525292814
vt 0.265693754 0.572527826
vt 0.248917669 0.525292814
vt 0.248917669 0.572527826
vt 0.232141703 0.525292814
vt 0.232141703 0.572527826
vt 0.110897362 0.522081137
vt 0.0377028584 0.563809872
vt 0.0133045316 0.522081137
vt 0.0864990354 0.563809872
vt 0.110897362 0.522081137
vt 0.0377028584 0.564339876
vt 0.0864990354 0.564339876
vt 0.0133045316 0.522081137
vt 0.224538833 0.518921256
vt 0.189110905 0.606598496
vt 0.189110905 0.518921256
vt 0.224538863 0.606598496
vt 0.153572291 0.519144118
vt 0.118144363 0.606821358
vt 0.118144363 0.519144118
vt 0.153572291 0.606821358
vt 0.224967182 0.518921256
vt 0.18917194 0.606598496
vt 0.18917194 0.518921256
vt 0.224967182 0.606598496
vt 0.153511852 0.519144118
vt 0.18896997 0.606821358
vt 0.18896994 0.519144118
vt 0.153511852 0.606821358
vt 0.224428296 0.606821358
vt 0.224428266 0.519144118
vt 0.224428266 0.519144118
vt 0.189000249 0.606821358
vt 0.189000219 0.519144118
vt 0.224428296 0.606821358
vt 0.110897362 0.569246411
vt 0.0377028584 0.610975266
vt 0.0133045316 0.569246411
vt 0.0864990354 0.610975266
vt 0.110897362 0.569246411
vt 0.0377027392 0.611505508
vt 0.0864990354 0.611505508
vt 0.0133045316 0.569246411
vt 0.299245924 0.525292814
vt 0.316021889 0.572527826
vt 0.299245924 0.572527826
vt 0.316021889 0.525292814
vt 0.332797855 0.572527826
vt 0.332797855 0.525292814
vt 0.282469839 0.525292814
vt 0.282469839 0.572527826
vt 0.265693754 0.525292814
vt 0.265693754 0.572527826
vt 0.248917669 0.525292814
vt 0.248917669 0.572527826
vt 0.232141703 0.525292814
vt 0.232141703 0.572527826
vt 0.110897362 0.522081137
vt 0.0377028584 0.563809872
vt 0.0864990354 0.563809872
vt 0.0133045316 0.522081137
vt 0.110897362 0.522081137
vt 0.0377028584 0.564339876
vt 0.0133045316 0.522081137
vt 0.0864990354 0.564339876
vt 0.189000219 0.519144118
vt 0.153572291 0.606821358
vt 0.189000249 0.606821358
vt 0.153572291 0.519144118
vt 0.224428266 0.519144118
vt 0.224428296 0.606821358
vt 0.18911092 0.518921256
vt 0.22487548 0.606598496
vt 0.18911092 0.606598496
vt 0.22487548 0.518921256
vt 0.118053526 0.519144118
vt 0.153511852 0.606821358
vt 0.118053526 0.606821358
vt 0.153511852 0.519144118
vt 0.18896997 0.606821358
vt 0.18896994 0.519144118
vt 0.224428296 0.606821358
vt 0.224428266 0.519144118
vt 0.110897362 0.569246411
vt 0.0377028584 0.610975266
vt 0.0864990354 0.610975266
vt 0.0133045316 0.569246411
vt 0.110897362 0.569246411
vt 0.0377027392 0.611505508
vt 0.0133045316 0.569246411
vt 0.0864990354 0.611505508
vt 0.299245924 0.525292814
vt 0.316021889 0.572527826
vt 0.299245924 0.572527826
vt 0.316021889 0.525292814
vt 0.332797855 0.572527826
vt 0.332797855 0.525292814
vt 0.282469839 0.525292814
vt 0.282469839 0.572527826
vt 0.265693754 0.525292814
vt 0.265693754 0.572527826
vt 0.248917669 0.525292814
vt 0.248917669 0.572527826
vt 0.232141703 0.525292814
vt 0.232141703 0.572527826
vt 0.110897362 0.522081137
vt 0.0377028584 0.563809872
vt 0.0864990354 0.563809872
vt 0.0133045316 0.522081137
vt 0.110897362 0.522081137
vt 0.0377028584 0.564339876
vt 0.0133045316 0.522081137
vt 0.0864990354 0.564339876
vt 0.189000219 0.519144118
vt 0.153572291 0.606821358
vt 0.189000249 0.606821358
vt 0.153572291 0.519144118
vt 0.224428266 0.519144118
vt 0.224428296 0.606821358
vt 0.18911092 0.518921256
vt 0.22487548 0.606598496
vt 0.18911092 0.606598496
vt 0.22487548 0.518921256
vt 0.118053526 0.519144118
vt 0.153511852 0.606821358
vt 0.118053526 0.606821358
vt 0.153511852 0.519144118
vt 0.18896997 0.606821358
vt 0.18896994 0.519144118
vt 0.224428296 0.606821358
vt 0.224428266 0.519144118
vt 0.110897362 0.569246411
vt 0.0377028584 0.610975266
vt 0.0864990354 0.610975266
vt 0.0133045316 0.569246411
vt 0.110897362 0.569246411
vt 0.0377027392 0.611505508
vt 0.0133045316 0.569246411
vt 0.0864990354 0.611505508
vt 0.459155917 0.818494499
vt 0.432636857 0.801235139
vt 0.387734711 0.886179626
vt 0.219608754 0.801629722
vt 0.253577828 0.912426651
vt 0.165312096 0.84240669
vt 0.12630108 0.894396722
vt 0.077603966 0.855874956
vt 0.387734711 0.886179626
vt 0.964767456 0.847962558
vt 0.459155917 0.818494499
vt 0.988166094 0.888907611
vt 0.459155917 0.818494499
vt 0.387734711 0.886179626
vt 0.432636857 0.801235139
vt 0.219608754 0.801629722
vt 0.253577828 0.912426651
vt 0.165312096 0.84240669
vt 0.12630108 0.894396722
vt 0.077603966 0.855874956
vt 0.387734711 0.886179626
vt 0.964767456 0.847962558
vt 0.988166094 0.888907611
vt 0.459155917 0.818494499
vt 0.989220023 0.814007998
vt 0.860965729 0.826438248
vt 0.852911234 0.813980818
vt 0.977586985 0.826438248
vn 0.0839304047 0.932186159 -0.352114545
vn 0.0839304047 0.932186159 -0.352114545
vn 0.0839304047 0.932186159 -0.352114545
vn 0.0839304047 0.932186159 -0.352114545
vn 0.086540948 0.99573709 0.0319109843
vn 0.086540948 0.99573709 0.0319109843
vn 0.086540948 0.99573709 0.0319109843
vn 0.086540948 0.99573709 0.0319109843
vn -0.0862173234 -0.968961539 0.231689684
vn -0.0862173234 -0.968961539 0.231689684
vn -0.0862173234 -0.968961539 0.231689684
vn -0.0862173234 -0.968961539 0.231689684
vn -0.0870720386 -0.987629037 0.130412214
vn -0.0870720386 -0.987629037 0.130412214
vn -0.0870720386 -0.987629037 0.130412214
vn -0.0870720386 -0.987629037 0.130412214
vn 0.0718476466 0.867433254 0.492338771
vn 0.0718476466 0.867433254 0.492338771
vn 0.0718476466 0.867433254 0.492338771
vn 0.0718476466 0.867433254 0.492338771
vn -0.0814943738 -0.958839714 -0.272001967
vn -0.0814943738 -0.958839714 -0.272001967
vn -0.0814943738 -0.958839714 -0.272001967
vn -0.0814943738 -0.958839714 -0.272001967
vn 0.0870981325 0.988576227 -0.123007963
vn 0.0870981325 0.988576227 -0.123007963
vn 0.0870981325 0.988576227 -0.123007963
vn 0.0870981325 0.988576227 -0.123007963
vn -0.0871558228 -0.992403885 0.086823917
vn -0.0871558228 -0.992403885 0.086823917
vn -0.0871558228 -0.992403885 0.086823917
vn -0.0871558228 -0.992403885 0.086823917
vn -0.0493550759 -0.633819351 -0.771904856
vn -0.0493550759 -0.633819351 -0.771904856
vn -0.0493550759 -0.633819351 -0.771904856
vn -0.0493550759 -0.633819351 -0.771904856
vn -0.0706322882 -0.753196235 0.653992746
vn -0.0706322882 -0.753196235 0.653992746
vn -0.0706322882 -0.753196235 0.653992746
vn -0.0706322882 -0.753196235 0.653992746
vn 0.823558638 -0.566612075 0.0264939039
vn 0.823558638 -0.566612075 0.0264939039
vn 0.700151525 -0.712434853 0.047163778
vn 0.992152233 -0.121868451 -0.0279647363
vn -0.0557711133 -0.702016686 -0.709973349
vn -0.0557711133 -0.702016686 -0.709973349
vn -0.0557711133 -0.702016686 -0.709973349
vn -0.0557711133 -0.702016686 -0.709973349
vn -0.0732710302 -0.787107028 0.612449086
vn -0.0732710302 -0.787107028 0.612449086
vn -0.0732710302 -0.787107028 0.612449086
vn -0.0732710302 -0.787107028 0.612449086
vn -0.0871322921 -0.994160981 0.0636545908
vn -0.0871322921 -0.994160981 0.0636545908
vn -0.0871322921 -0.994160981 0.0636545908
vn -0.0871322921 -0.994160981 0.0636545908
vn -0.187438872 -0.258669066 -0.947605922
vn -0.747829101 -0.0547743317 -0.661627848
vn -0.927308148 0.129021705 -0.351358788
vn 0.198090565 -0.289339646 -0.936505578
vn -0.959627111 0.280054322 -0.0261798333
vn -0.961734316 0.273399233 -0.0178875339
vn 0.771155703 -0.157338205 -0.616898348
vn 0.950720355 -0.00469254054 -0.310014171
vn 0.903032221 0.331715791 0.272942193
vn 0.696282443 0.488764645 0.525642351
vn 0.1927617 0.646973803 0.737745095
vn -0.126255756 0.666640358 0.734608819
vn -0.393165515 0.630662872 0.669092833
vn -0.390316427 0.62595205 0.675157106
vn 0.0884401379 0.986217332 -0.139834603
vn 0.0884401379 0.986217332 -0.139834603
vn 0.0884414775 0.986217105 -0.139835357
vn 0.0884374586 0.986217786 -0.139833096
vn 0.0856238546 0.986462729 -0.139856498
vn 0.0856238546 0.986462729 -0.139856498
vn 0.0856250689 0.986462722 -0.1398558
vn 0.0856232475 0.986462732 -0.139856847
vn -0.50142657 -0.309284753 -0.808031148
vn -0.50142657 -0.309284753 -0.808031148
vn -0.502349397 -0.309310967 -0.807447713
vn -0.500032389 -0.309244482 -0.808910044
vn -0.977988122 0.208350572 -0.0113697764
vn -0.977988122 0.208350572 -0.0113697764
vn -0.977621757 0.210369886 -0.000459329282
vn -0.978314128 0.20523223 -0.0279499311
vn -0.409556915 0.583792725 0.70103437
vn -0.409556915 0.583792725 0.70103437
vn -0.416631929 0.584730292 0.69606632
vn -0.399263804 0.582357804 0.708129792
vn 0.481436532 0.512874026 0.710759523
vn 0.688366274 0.434434053 0.580877721
vn 0.912519597 0.26090336 0.315019717
vn 0.482166422 0.512414933 0.710595861
vn 0.999218377 0.0305338601 -0.0251061353
vn 0.999215665 0.0228796727 -0.0323199026
vn 0.466468648 -0.384964454 -0.796372632
vn 0.466468648 -0.384964454 -0.796372632
vn 0.477264992 -0.379060577 -0.7927996
vn 0.450956028 -0.393265894 -0.801236917
vn 0.0875341439 0.98183696 -0.168326935
vn 0.0875341439 0.98183696 -0.168326935
vn 0.0875322861 0.981837312 -0.168325849
vn 0.0875378596 0.981836257 -0.168329107
vn 0.0861888237 0.981954213 -0.168337194
vn 0.0861888237 0.981954213 -0.168337194
vn 0.0861850753 0.98195416 -0.168339423
vn 0.086190698 0.981954239 -0.168336079
vn -0.187440221 -0.258666424 -0.947606377
vn -0.747827406 -0.0547732194 -0.661629855
vn -0.927307388 0.129023533 -0.351360122
vn 0.19809058 -0.2893373 -0.9365063
vn -0.959627215 0.280053912 -0.0261804314
vn -0.961734387 0.273398946 -0.0178881297
vn 0.77115723 -0.157335349 -0.616897167
vn 0.950720115 -0.00469077764 -0.310014933
vn 0.903029915 0.331722564 0.272941594
vn 0.696276947 0.488773804 0.525641115
vn 0.192761392 0.646981543 0.737738387
vn -0.126251749 0.666647926 0.73460264
vn -0.393160218 0.630671339 0.669087965
vn -0.390312209 0.625962432 0.675149919
vn 0.0884425037 0.986216999 -0.139835453
vn 0.0884425037 0.986216999 -0.139835453
vn 0.0884427932 0.98621695 -0.139835616
vn 0.0884419249 0.986217097 -0.139835127
vn 0.0856222141 0.986462687 -0.139857798
vn 0.0856222141 0.986462687 -0.139857798
vn 0.0856198358 0.9864627 -0.139859165
vn 0.0856234032 0.986462681 -0.139857115
vn -0.501421094 -0.309287047 -0.808033668
vn -0.501421094 -0.309287047 -0.808033668
vn -0.502350173 -0.309313438 -0.807446284
vn -0.500017443 -0.3092465 -0.808918512
vn -0.977988038 0.208350992 -0.0113693399
vn -0.977988038 0.208350992 -0.0113693399
vn -0.977621674 0.210370271 -0.000459088678
vn -0.978314048 0.205232739 -0.0279490131
vn -0.40955532 0.58379416 0.701034107
vn -0.40955532 0.58379416 0.701034107
vn -0.416632107 0.584731949 0.696064821
vn -0.399259544 0.58235887 0.708131318
vn 0.481435253 0.512875679 0.710759196
vn 0.688366406 0.43443509 0.580876789
vn 0.912520235 0.260902844 0.315018295
vn 0.482162207 0.512418435 0.710596196
vn 0.999218377 0.0305338874 -0.025106113
vn 0.999215663 0.0228792843 -0.032320243
vn 0.466462414 -0.384965759 -0.796375653
vn 0.466462414 -0.384965759 -0.796375653
vn 0.477265573 -0.379058185 -0.792800395
vn 0.450939849 -0.393272366 -0.801242846
vn 0.0875352094 0.981836651 -0.168328183
vn 0.0875352094 0.981836651 -0.168328183
vn 0.0875399857 0.981835747 -0.168330975
vn 0.087525657 0.98183846 -0.168322599
vn 0.08618774 0.981954091 -0.168338458
vn 0.08618774 0.981954091 -0.168338458
vn 0.0861973756 0.981954228 -0.168332728
vn 0.0861829222 0.981954023 -0.168341323
vn 0.154186427 -0.288443665 -0.945000951
vn 0.737006228 -0.184186265 -0.650305497
vn -0.230959571 -0.251945442 -0.939777192
vn 0.940857156 -0.0337996304 -0.33711333
vn 0.993890312 0.109794038 -0.0112834723
vn 0.994688761 0.102885638 -0.00296893501
vn -0.777320959 -0.0223795284 -0.628706039
vn -0.932396461 0.159431952 -0.324373692
vn -0.836061364 0.483287911 0.259680942
vn -0.609109587 0.602537229 0.515688276
vn -0.0890803234 0.671537996 0.73559596
vn 0.228540058 0.635717812 0.737314252
vn 0.486162731 0.554024234 0.675798008
vn 0.48245024 0.5498853 0.681812234
vn 0.0856231213 0.986462851 -0.139856084
vn 0.0856231213 0.986462851 -0.139856084
vn 0.0856258157 0.986462837 -0.139854536
vn 0.0856217741 0.986462858 -0.139856858
vn 0.0884394008 0.986217338 -0.139835029
vn 0.0884394008 0.986217338 -0.139835029
vn 0.0884400045 0.986217235 -0.139835368
vn 0.0884381934 0.986217542 -0.139834349
vn 0.110530328 -0.403643375 -0.908215323
vn 0.452535659 -0.392428198 -0.800756884
vn -0.260076433 -0.363545093 -0.894536312
vn 0.453431138 -0.392612893 -0.800159559
vn -0.513923148 -0.299517521 -0.803848402
vn -0.500008641 -0.310383699 -0.808488292
vn 0.999344388 0.0360144816 0.00370824325
vn 0.999344388 0.0360144816 0.00370824325
vn 0.999376949 0.0328649239 -0.0128689966
vn 0.999167778 0.0380810965 0.014614431
vn 0.493713724 0.505067362 0.707922113
vn 0.255511324 0.579768184 0.77368134
vn 0.483221396 0.505444016 0.714859028
vn -0.0763662942 0.619840527 0.781003144
vn -0.61154822 0.547729239 0.570965372
vn -0.858291124 0.415239858 0.301516511
vn -0.97837601 0.202892708 -0.0401862133
vn -0.979588235 0.19534395 -0.0474091903
vn 0.0861888228 0.981954213 -0.168337194
vn 0.0861888228 0.981954213 -0.168337194
vn 0.0861850746 0.98195416 -0.168339423
vn 0.0861906968 0.981954239 -0.168336079
vn 0.0875341429 0.98183696 -0.168326935
vn 0.0875341429 0.98183696 -0.168326935
vn 0.087532285 0.981837312 -0.168325849
vn 0.0875378588 0.981836257 -0.168329107
vn 0.154188203 -0.288441378 -0.94500136
vn 0.737004787 -0.184185102 -0.650307459
vn -0.230959158 -0.251943086 -0.939777925
vn 0.940856765 -0.0337978802 -0.337114595
vn 0.993890368 0.109793476 -0.0112840147
vn 0.994688787 0.102885359 -0.0029696639
vn -0.777322 -0.0223763005 -0.628704867
vn -0.932395893 0.159433784 -0.324374425
vn -0.836057886 0.483294238 0.259680361
vn -0.609102598 0.602545289 0.515687114
vn -0.0890785815 0.671545558 0.735589267
vn 0.228537516 0.635725962 0.737308013
vn 0.486159051 0.554033499 0.67579306
vn 0.482448001 0.549896276 0.681804967
vn 0.0856207466 0.986462932 -0.13985697
vn 0.0856207466 0.986462932 -0.13985697
vn 0.0856213287 0.986462929 -0.139856636
vn 0.0856204555 0.986462933 -0.139857137
vn 0.0884410287 0.986217011 -0.139836303
vn 0.0884410287 0.986217011 -0.139836303
vn 0.0884398464 0.986217211 -0.139835638
vn 0.0884433934 0.98621661 -0.139837634
vn 0.11052546 -0.403642661 -0.908216232
vn 0.452529915 -0.39242949 -0.800759496
vn -0.260076687 -0.36354459 -0.894536443
vn 0.453431414 -0.392615425 -0.80015816
vn -0.513917109 -0.299519914 -0.80385137
vn -0.49999366 -0.310392904 -0.808494023
vn 0.999344369 0.0360149626 0.00370867097
vn 0.999344369 0.0360149626 0.00370867097
vn 0.999376941 0.0328654589 -0.0128682639
vn 0.999167755 0.038081565 0.014614779
vn 0.493712409 0.505069049 0.707921827
vn 0.255511455 0.579769605 0.773680232
vn 0.483217368 0.505445802 0.714860488
vn -0.0763643399 0.619841987 0.781002176
vn -0.611548123 0.547730293 0.570964464
vn -0.858291762 0.415239511 0.301515173
vn -0.978375989 0.202892845 -0.0401860281
vn -0.979588281 0.195343677 -0.0474093682
vn 0.086187739 0.981954091 -0.168338458
vn 0.086187739 0.981954091 -0.168338458
vn 0.0861973746 0.981954228 -0.168332728
vn 0.086182921 0.981954023 -0.168341323
vn 0.0875352084 0.981836651 -0.168328183
vn 0.0875352084 0.981836651 -0.168328183
vn 0.0875399846 0.981835747 -0.168330975
vn 0.087525656 0.98183846 -0.168322599
vn 0.85450415 0.431219445 -0.289607404
vn 0.922650859 0.376106431 -0.0852017928
vn 0.946967209 0.307245281 -0.0940927366
vn 0.954007453 0.294733384 -0.0547906117
vn 0.969650603 0.241403429 -0.0387568451
vn 0.964722316 0.261330533 0.0318936721
vn 0.969644221 0.243293114 0.024465176
vn 0.970840364 0.23691378 0.0366176004
vn 0.98853145 0.146825909 -0.0353231386
vn 0.98853145 0.146825909 -0.0353231386
vn 0.959850127 0.273721771 -0.0613524701
vn 0.99973238 -0.023131482 -0.000322220066
vn -0.762543512 0.572154522 -0.301938066
vn -0.878006919 0.466302395 -0.108008916
vn -0.842282439 0.529930627 -0.0986601428
vn -0.88769944 0.455248871 -0.0688343686
vn -0.912573023 0.405450186 -0.0531095466
vn -0.905341758 0.424317516 0.0176336821
vn -0.913196723 0.407393641 0.0101077127
vn -0.915662149 0.401333479 0.0222321324
vn -0.94757973 0.315569278 -0.0500867862
vn -0.94757973 0.315569278 -0.0500867862
vn -0.988540735 0.150158159 -0.0154836352
vn -0.896988802 0.435556062 -0.0755116258
vn -0.909464713 -0.415569017 0.0132788804
vn -0.909464713 -0.415569017 0.0132788804
vn -0.997737652 0.0515620862 -0.0431384808
vn -0.813470781 -0.580513891 0.0356217812

g Object02_submesh_0
usemtl gun_2_3
f 644/644/644 646/646/646 645/645/645
f 644/644/644 645/645/645 647/647/647
f 648/648/648 650/650/650 649/649/649
f 648/648/648 649/649/649 651/651/651
f 652/652/652 654/654/654 653/653/653
f 652/652/652 653/653/653 655/655/655
f 656/656/656 658/658/658 657/657/657
f 656/656/656 657/657/657 659/659/659
f 660/660/660 662/662/662 661/661/661
f 660/660/660 661/661/661 663/663/663
f 664/664/664 666/666/666 665/665/665
f 664/664/664 665/665/665 667/667/667
f 668/668/668 670/670/670 669/669/669
f 668/668/668 669/669/669 671/671/671
f 672/672/672 674/674/674 673/673/673
f 672/672/672 673/673/673 675/675/675
f 676/676/676 678/678/678 677/677/677
f 676/676/676 677/677/677 679/679/679
f 680/680/680 682/682/682 681/681/681
f 680/680/680 681/681/681 683/683/683
f 684/684/684 686/686/686 685/685/685
f 684/684/684 685/685/685 687/687/687
f 688/688/688 690/690/690 689/689/689
f 688/688/688 689/689/689 691/691/691
f 692/692/692 694/694/694 693/693/693
f 692/692/692 693/693/693 695/695/695
f 696/696/696 698/698/698 697/697/697
f 696/696/696 697/697/697 699/699/699
f 700/700/700 702/702/702 701/701/701
f 700/700/700 701/701/701 703/703/703
f 702/702/702 704/704/704 701/701/701
f 702/702/702 705/705/705 704/704/704
f 706/706/706 700/700/700 703/703/703
f 706/706/706 703/703/703 707/707/707
f 708/708/708 706/706/706 707/707/707
f 708/708/708 707/707/707 709/709/709
f 710/710/710 708/708/708 709/709/709
f 710/710/710 709/709/709 711/711/711
f 712/712/712 710/710/710 711/711/711
f 712/712/712 711/711/711 713/713/713
f 714/714/714 716/716/716 715/715/715
f 714/714/714 715/715/715 717/717/717
f 718/718/718 720/720/720 719/719/719
f 718/718/718 719/719/719 721/721/721
f 722/722/722 724/724/724 723/723/723
f 722/722/722 723/723/723 725/725/725
f 726/726/726 728/728/728 727/727/727
f 726/726/726 727/727/727 729/729/729
f 730/730/730 732/732/732 731/731/731
f 730/730/730 731/731/731 733/733/733
f 734/734/734 736/736/736 735/735/735
f 734/734/734 735/735/735 737/737/737
f 736/736/736 738/738/738 735/735/735
f 736/736/736 739/739/739 738/738/738
f 740/740/740 742/742/742 741/741/741
f 740/740/740 741/741/741 743/743/743
f 744/744/744 746/746/746 745/745/745
f 744/744/744 745/745/745 747/747/747
f 748/748/748 750/750/750 749/749/749
f 748/748/748 749/749/749 751/751/751
f 752/752/752 754/754/754 753/753/753
f 752/752/752 753/753/753 755/755/755
f 754/754/754 756/756/756 753/753/753
f 754/754/754 757/757/757 756/756/756
f 758/758/758 752/752/752 755/755/755
f 758/758/758 755/755/755 759/759/759
f 760/760/760 758/758/758 759/759/759
f 760/760/760 759/759/759 761/761/761
f 762/762/762 760/760/760 761/761/761
f 762/762/762 761/761/761 763/763/763
f 764/764/764 762/762/762 763/763/763
f 764/764/764 763/763/763 765/765/765
f 766/766/766 768/768/768 767/767/767
f 766/766/766 767/767/767 769/769/769
f 770/770/770 772/772/772 771/771/771
f 770/770/770 771/771/771 773/773/773
f 774/774/774 776/776/776 775/775/775
f 774/774/774 775/775/775 777/777/777
f 778/778/778 780/780/780 779/779/779
f 778/778/778 779/779/779 781/781/781
f 782/782/782 784/784/784 783/783/783
f 782/782/782 783/783/783 785/785/785
f 786/786/786 788/788/788 787/787/787
f 786/786/786 787/787/787 789/789/789
f 788/788/788 790/790/790 787/787/787
f 788/788/788 791/791/791 790/790/790
f 792/792/792 794/794/794 793/793/793
f 792/792/792 793/793/793 795/795/795
f 796/796/796 798/798/798 797/797/797
f 796/796/796 797/797/797 799/799/799
f 800/800/800 802/802/802 801/801/801
f 800/800/800 801/801/801 803/803/803
f 804/804/804 806/806/806 805/805/805
f 804/804/804 805/805/805 807/807/807
f 807/807/807 805/805/805 808/808/808
f 807/807/807 808/808/808 809/809/809
f 810/810/810 806/806/806 804/804/804
f 810/810/810 811/811/811 806/806/806
f 812/812/812 811/811/811 810/810/810
f 812/812/812 813/813/813 811/811/811
f 814/814/814 813/813/813 812/812/812
f 814/814/814 815/815/815 813/813/813
f 816/816/816 815/815/815 814/814/814
f 816/816/816 817/817/817 815/815/815
f 818/818/818 820/820/820 819/819/819
f 818/818/818 819/819/819 821/821/821
f 822/822/822 824/824/824 823/823/823
f 822/822/822 823/823/823 825/825/825
f 826/826/826 828/828/828 827/827/827
f 826/826/826 827/827/827 829/829/829
f 830/830/830 828/828/828 826/826/826
f 830/830/830 831/831/831 828/828/828
f 832/832/832 834/834/834 833/833/833
f 832/832/832 833/833/833 835/835/835
f 836/836/836 838/838/838 837/837/837
f 836/836/836 837/837/837 839/839/839
f 839/839/839 837/837/837 840/840/840
f 839/839/839 840/840/840 841/841/841
f 841/841/841 840/840/840 842/842/842
f 841/841/841 842/842/842 843/843/843
f 844/844/844 846/846/846 845/845/845
f 844/844/844 845/845/845 847/847/847
f 848/848/848 850/850/850 849/849/849
f 848/848/848 849/849/849 851/851/851
f 852/852/852 854/854/854 853/853/853
f 852/852/852 853/853/853 855/855/855
f 855/855/855 853/853/853 856/856/856
f 855/855/855 856/856/856 857/857/857
f 858/858/858 854/854/854 852/852/852
f 858/858/858 859/859/859 854/854/854
f 860/860/860 859/859/859 858/858/858
f 860/860/860 861/861/861 859/859/859
f 862/862/862 861/861/861 860/860/860
f 862/862/862 863/863/863 861/861/861
f 864/864/864 863/863/863 862/862/862
f 864/864/864 865/865/865 863/863/863
f 866/866/866 868/868/868 867/867/867
f 866/866/866 867/867/867 869/869/869
f 870/870/870 872/872/872 871/871/871
f 870/870/870 871/871/871 873/873/873
f 874/874/874 876/876/876 875/875/875
f 874/874/874 875/875/875 877/877/877
f 878/878/878 876/876/876 874/874/874
f 878/878/878 879/879/879 876/876/876
f 880/880/880 882/882/882 881/881/881
f 880/880/880 881/881/881 883/883/883
f 884/884/884 886/886/886 885/885/885
f 884/884/884 885/885/885 887/887/887
f 887/887/887 885/885/885 888/888/888
f 887/887/887 888/888/888 889/889/889
f 889/889/889 888/888/888 890/890/890
f 889/889/889 890/890/890 891/891/891
f 892/892/892 894/894/894 893/893/893
f 892/892/892 893/893/893 895/895/895
f 896/896/896 898/898/898 897/897/897
f 896/896/896 897/897/897 899/899/899
f 900/900/900 902/902/902 901/901/901
f 902/902/902 903/903/903 901/901/901
f 902/902/902 904/904/904 903/903/903
f 904/904/904 905/905/905 903/903/903
f 904/904/904 906/906/906 905/905/905
f 906/906/906 907/907/907 905/905/905
f 908/908/908 910/910/910 909/909/909
f 908/908/908 909/909/909 911/911/911
f 912/912/912 914/914/914 913/913/913
f 913/913/913 914/914/914 915/915/915
f 913/913/913 915/915/915 916/916/916
f 916/916/916 915/915/915 917/917/917
f 916/916/916 917/917/917 918/918/918
f 918/918/918 917/917/917 919/919/919
f 920/920/920 922/922/922 921/921/921
f 920/920/920 921/921/921 923/923/923
f 924/924/924 926/926/926 925/925/925
f 924/924/924 925/925/925 927/927/927

o Rect
v -1.04632497e-08 0.263722246 -0.955727397
v 7.38819435e-09 -0.016824339 -1.54206645
v -3.64177782e-09 0.014053532 -0.942861616
v 5.66722483e-10 0.232844375 -1.55493223
vt 0 1
vt 1 0
vt 0 0
vt 1 1
vn 1 2.81957935e-08 1.69547131e-08
vn 1 2.81957935e-08 1.69547131e-08
vn 1 2.81957935e-08 1.69547131e-08
vn 1 2.81957935e-08 1.69547131e-08

g Rect_submesh_0
usemtl sniper_effect
f 928/928/928 930/930/930 929/929/929
f 928/928/928 929/929/929 931/931/931
